[INFO] [1791342515.127113012] [front_tof_monitor]: FRONT TOF READY | RGB=/uav/camera/front/image | depth=/camera/front/depth/image_raw | ROS RGB=/camera/front/image_raw | RGB clip=0.1-60.0 m | ToF range=0.1-25.0 m
[INFO] [1791342515.127465569] [front_tof_monitor]: Image diagnostics only; target truth is not subscribed; ToF output is diagnostic only.
[WARN] [1791342515.198394923] [front_tof_monitor]: USV RGB=False | TOF=False | active=none | range=nan m | depth ratio=0.00 | window rates RGB/ToF=0.00/0.00 | frame change=0.0000 | truth angle FOV=False | RGB render volume=False | H/V angles=nan/nan deg | truth distance=inf m
[WARN] [1791342515.498393591] [front_tof_monitor]: USV RGB=True | TOF=False | active=front_rgb_only | range=nan m | depth ratio=0.00 | window rates RGB/ToF=0.25/0.00 | frame change=0.0029 | truth angle FOV=False | RGB render volume=False | H/V angles=nan/nan deg | truth distance=inf m
[INFO] [1791342515.799370268] [front_tof_monitor]: USV RGB=True | TOF=True | active=front_tof | range=6.72 m | depth ratio=0.99 | window rates RGB/ToF=0.57/0.14 | frame change=0.0010 | truth angle FOV=False | RGB render volume=False | H/V angles=nan/nan deg | truth distance=inf m
[WARN] [1791342515.899160926] [front_tof_monitor]: USV RGB=True | TOF=False | active=front_rgb_only | range=nan m | depth ratio=0.00 | window rates RGB/ToF=0.62/0.12 | frame change=0.0000 | truth angle FOV=False | RGB render volume=False | H/V angles=nan/nan deg | truth distance=inf m
[INFO] [1791342515.998967442] [front_tof_monitor]: USV RGB=True | TOF=True | active=front_tof | range=6.72 m | depth ratio=0.98 | window rates RGB/ToF=0.67/0.22 | frame change=0.0000 | truth angle FOV=False | RGB render volume=False | H/V angles=nan/nan deg | truth distance=inf m
[WARN] [1791342516.399170012] [front_tof_monitor]: USV RGB=True | TOF=False | active=front_rgb_only | range=nan m | depth ratio=0.00 | window rates RGB/ToF=0.77/0.38 | frame change=0.0000 | truth angle FOV=False | RGB render volume=False | H/V angles=nan/nan deg | truth distance=inf m
[INFO] [1791342516.599428924] [front_tof_monitor]: USV RGB=True | TOF=True | active=front_tof | range=6.72 m | depth ratio=0.99 | window rates RGB/ToF=0.80/0.40 | frame change=0.0000 | truth angle FOV=False | RGB render volume=False | H/V angles=nan/nan deg | truth distance=inf m
[WARN] [1791342516.798384758] [front_tof_monitor]: USV RGB=True | TOF=False | active=front_rgb_only | range=nan m | depth ratio=0.00 | window rates RGB/ToF=0.82/0.41 | frame change=0.0000 | truth angle FOV=False | RGB render volume=False | H/V angles=nan/nan deg | truth distance=inf m
[INFO] [1791342516.899466886] [front_tof_monitor]: USV RGB=True | TOF=True | active=front_tof | range=6.72 m | depth ratio=0.99 | window rates RGB/ToF=0.83/0.44 | frame change=0.0000 | truth angle FOV=False | RGB render volume=False | H/V angles=nan/nan deg | truth distance=inf m
[WARN] [1791342516.999126626] [front_tof_monitor]: USV RGB=True | TOF=False | active=front_rgb_only | range=nan m | depth ratio=0.00 | window rates RGB/ToF=0.84/0.42 | frame change=0.0000 | truth angle FOV=False | RGB render volume=False | H/V angles=nan/nan deg | truth distance=inf m
[INFO] [1791342517.099292279] [front_tof_monitor]: USV RGB=True | TOF=True | active=front_tof | range=6.72 m | depth ratio=1.00 | window rates RGB/ToF=0.85/0.45 | frame change=0.0000 | truth angle FOV=False | RGB render volume=False | H/V angles=nan/nan deg | truth distance=inf m
[WARN] [1791342517.199172429] [front_tof_monitor]: USV RGB=True | TOF=False | active=front_rgb_only | range=nan m | depth ratio=0.00 | window rates RGB/ToF=0.86/0.43 | frame change=0.0000 | truth angle FOV=False | RGB render volume=False | H/V angles=nan/nan deg | truth distance=inf m
[INFO] [1791342517.299406082] [front_tof_monitor]: USV RGB=True | TOF=True | active=front_tof | range=6.72 m | depth ratio=0.99 | window rates RGB/ToF=0.86/0.45 | frame change=0.0000 | truth angle FOV=False | RGB render volume=False | H/V angles=nan/nan deg | truth distance=inf m
[WARN] [1791342517.499084265] [front_tof_monitor]: USV RGB=True | TOF=False | active=front_rgb_only | range=nan m | depth ratio=0.00 | window rates RGB/ToF=0.88/0.46 | frame change=0.0000 | truth angle FOV=False | RGB render volume=False | H/V angles=nan/nan deg | truth distance=inf m
[INFO] [1791342517.799266206] [front_tof_monitor]: USV RGB=True | TOF=True | active=front_tof | range=6.72 m | depth ratio=0.99 | window rates RGB/ToF=0.89/0.44 | frame change=0.0000 | truth angle FOV=False | RGB render volume=False | H/V angles=nan/nan deg | truth distance=inf m
[WARN] [1791342517.999129156] [front_tof_monitor]: USV RGB=True | TOF=False | active=front_rgb_only | range=nan m | depth ratio=0.00 | window rates RGB/ToF=0.90/0.45 | frame change=0.0000 | truth angle FOV=False | RGB render volume=False | H/V angles=nan/nan deg | truth distance=inf m
[INFO] [1791342518.099363398] [front_tof_monitor]: USV RGB=True | TOF=True | active=front_tof | range=6.71 m | depth ratio=0.99 | window rates RGB/ToF=0.90/0.47 | frame change=0.0000 | truth angle FOV=False | RGB render volume=False | H/V angles=nan/nan deg | truth distance=inf m
[WARN] [1791342518.198967832] [front_tof_monitor]: USV RGB=True | TOF=False | active=front_rgb_only | range=nan m | depth ratio=0.00 | window rates RGB/ToF=0.90/0.45 | frame change=0.0000 | truth angle FOV=False | RGB render volume=False | H/V angles=nan/nan deg | truth distance=inf m
[INFO] [1791342518.299233305] [front_tof_monitor]: USV RGB=True | TOF=True | active=front_tof | range=6.72 m | depth ratio=0.99 | window rates RGB/ToF=0.91/0.47 | frame change=0.0000 | truth angle FOV=False | RGB render volume=False | H/V angles=nan/nan deg | truth distance=inf m
[WARN] [1791342518.399025970] [front_tof_monitor]: USV RGB=True | TOF=False | active=front_rgb_only | range=nan m | depth ratio=0.00 | window rates RGB/ToF=0.91/0.45 | frame change=0.0000 | truth angle FOV=False | RGB render volume=False | H/V angles=nan/nan deg | truth distance=inf m
[INFO] [1791342518.498553147] [front_tof_monitor]: USV RGB=True | TOF=True | active=front_tof | range=6.72 m | depth ratio=0.99 | window rates RGB/ToF=0.91/0.47 | frame change=0.0000 | truth angle FOV=False | RGB render volume=False | H/V angles=nan/nan deg | truth distance=inf m
[WARN] [1791342519.398918877] [front_tof_monitor]: USV RGB=True | TOF=False | active=front_rgb_only | range=nan m | depth ratio=0.00 | window rates RGB/ToF=0.93/0.56 | frame change=0.0000 | truth angle FOV=False | RGB render volume=False | H/V angles=nan/nan deg | truth distance=inf m
[INFO] [1791342519.599157068] [front_tof_monitor]: USV RGB=True | TOF=True | active=front_tof | range=6.72 m | depth ratio=0.99 | window rates RGB/ToF=0.93/0.56 | frame change=0.0000 | truth angle FOV=False | RGB render volume=False | H/V angles=nan/nan deg | truth distance=inf m
[WARN] [1791342519.798966471] [front_tof_monitor]: USV RGB=True | TOF=False | active=front_rgb_only | range=nan m | depth ratio=0.00 | window rates RGB/ToF=0.94/0.55 | frame change=0.0000 | truth angle FOV=False | RGB render volume=False | H/V angles=nan/nan deg | truth distance=inf m
[INFO] [1791342520.199436375] [front_tof_monitor]: USV RGB=True | TOF=True | active=front_tof | range=6.72 m | depth ratio=1.00 | window rates RGB/ToF=0.96/0.54 | frame change=0.0000 | truth angle FOV=False | RGB render volume=False | H/V angles=nan/nan deg | truth distance=inf m
[WARN] [1791342520.401548343] [front_tof_monitor]: USV RGB=True | TOF=False | active=front_rgb_only | range=nan m | depth ratio=0.00 | window rates RGB/ToF=0.98/0.55 | frame change=0.0000 | truth angle FOV=False | RGB render volume=False | H/V angles=nan/nan deg | truth distance=inf m
[INFO] [1791342520.499129709] [front_tof_monitor]: USV RGB=True | TOF=True | active=front_tof | range=6.71 m | depth ratio=0.99 | window rates RGB/ToF=1.00/0.57 | frame change=0.0000 | truth angle FOV=False | RGB render volume=False | H/V angles=nan/nan deg | truth distance=inf m
[WARN] [1791342520.599151311] [front_tof_monitor]: USV RGB=True | TOF=False | active=front_rgb_only | range=nan m | depth ratio=0.00 | window rates RGB/ToF=1.00/0.58 | frame change=0.0000 | truth angle FOV=False | RGB render volume=False | H/V angles=nan/nan deg | truth distance=inf m
[INFO] [1791342520.799435230] [front_tof_monitor]: USV RGB=True | TOF=True | active=front_tof | range=6.72 m | depth ratio=0.98 | window rates RGB/ToF=1.00/0.58 | frame change=0.0000 | truth angle FOV=False | RGB render volume=False | H/V angles=nan/nan deg | truth distance=inf m
[WARN] [1791342521.098322626] [front_tof_monitor]: USV RGB=True | TOF=False | active=front_rgb_only | range=nan m | depth ratio=0.00 | window rates RGB/ToF=1.00/0.59 | frame change=0.0000 | truth angle FOV=False | RGB render volume=False | H/V angles=nan/nan deg | truth distance=inf m
[INFO] [1791342521.298600968] [front_tof_monitor]: USV RGB=True | TOF=True | active=front_tof | range=6.72 m | depth ratio=0.99 | window rates RGB/ToF=1.00/0.56 | frame change=0.0000 | truth angle FOV=False | RGB render volume=False | H/V angles=nan/nan deg | truth distance=inf m
[WARN] [1791342521.800148502] [front_tof_monitor]: USV RGB=True | TOF=False | active=front_rgb_only | range=nan m | depth ratio=0.00 | window rates RGB/ToF=1.00/0.60 | frame change=0.0000 | truth angle FOV=False | RGB render volume=False | H/V angles=nan/nan deg | truth distance=inf m
[INFO] [1791342521.999231926] [front_tof_monitor]: USV RGB=True | TOF=True | active=front_tof | range=6.72 m | depth ratio=0.99 | window rates RGB/ToF=1.00/0.59 | frame change=0.0000 | truth angle FOV=False | RGB render volume=False | H/V angles=nan/nan deg | truth distance=inf m
[WARN] [1791342522.199644630] [front_tof_monitor]: USV RGB=True | TOF=False | active=front_rgb_only | range=nan m | depth ratio=0.00 | window rates RGB/ToF=1.00/0.60 | frame change=0.0000 | truth angle FOV=False | RGB render volume=False | H/V angles=nan/nan deg | truth distance=inf m
[INFO] [1791342522.301526470] [front_tof_monitor]: USV RGB=True | TOF=True | active=front_tof | range=6.72 m | depth ratio=0.99 | window rates RGB/ToF=1.00/0.60 | frame change=0.0000 | truth angle FOV=False | RGB render volume=False | H/V angles=nan/nan deg | truth distance=inf m
[WARN] [1791342522.398337595] [front_tof_monitor]: USV RGB=True | TOF=False | active=front_rgb_only | range=nan m | depth ratio=0.00 | window rates RGB/ToF=1.00/0.59 | frame change=0.0000 | truth angle FOV=False | RGB render volume=False | H/V angles=nan/nan deg | truth distance=inf m
[INFO] [1791342522.498488752] [front_tof_monitor]: USV RGB=True | TOF=True | active=front_tof | range=6.71 m | depth ratio=0.99 | window rates RGB/ToF=1.00/0.59 | frame change=0.0000 | truth angle FOV=False | RGB render volume=False | H/V angles=nan/nan deg | truth distance=inf m
[WARN] [1791342522.698324738] [front_tof_monitor]: USV RGB=True | TOF=False | active=front_rgb_only | range=nan m | depth ratio=0.00 | window rates RGB/ToF=1.00/0.61 | frame change=0.0000 | truth angle FOV=False | RGB render volume=False | H/V angles=nan/nan deg | truth distance=inf m
[INFO] [1791342522.899230108] [front_tof_monitor]: USV RGB=True | TOF=True | active=front_tof | range=6.71 m | depth ratio=1.00 | window rates RGB/ToF=1.00/0.61 | frame change=0.0000 | truth angle FOV=False | RGB render volume=False | H/V angles=nan/nan deg | truth distance=inf m
[WARN] [1791342523.098721130] [front_tof_monitor]: USV RGB=True | TOF=False | active=front_rgb_only | range=nan m | depth ratio=0.00 | window rates RGB/ToF=1.00/0.60 | frame change=0.0000 | truth angle FOV=False | RGB render volume=False | H/V angles=nan/nan deg | truth distance=inf m
[INFO] [1791342523.199116255] [front_tof_monitor]: USV RGB=True | TOF=True | active=front_tof | range=6.72 m | depth ratio=0.99 | window rates RGB/ToF=1.00/0.62 | frame change=0.0000 | truth angle FOV=False | RGB render volume=False | H/V angles=nan/nan deg | truth distance=inf m
[WARN] [1791342523.298224904] [front_tof_monitor]: USV RGB=True | TOF=False | active=front_rgb_only | range=nan m | depth ratio=0.00 | window rates RGB/ToF=1.00/0.61 | frame change=0.0000 | truth angle FOV=False | RGB render volume=False | H/V angles=nan/nan deg | truth distance=inf m
[INFO] [1791342523.498847450] [front_tof_monitor]: USV RGB=True | TOF=True | active=front_tof | range=6.72 m | depth ratio=0.99 | window rates RGB/ToF=1.00/0.60 | frame change=0.0000 | truth angle FOV=False | RGB render volume=False | H/V angles=nan/nan deg | truth distance=inf m
[WARN] [1791342523.698387937] [front_tof_monitor]: USV RGB=True | TOF=False | active=front_rgb_only | range=nan m | depth ratio=0.00 | window rates RGB/ToF=1.00/0.59 | frame change=0.0000 | truth angle FOV=False | RGB render volume=False | H/V angles=nan/nan deg | truth distance=inf m
[INFO] [1791342523.799152966] [front_tof_monitor]: USV RGB=True | TOF=True | active=front_tof | range=6.72 m | depth ratio=0.99 | window rates RGB/ToF=1.00/0.59 | frame change=0.0000 | truth angle FOV=False | RGB render volume=False | H/V angles=nan/nan deg | truth distance=inf m
[WARN] [1791342523.998863057] [front_tof_monitor]: USV RGB=True | TOF=False | active=front_rgb_only | range=nan m | depth ratio=0.00 | window rates RGB/ToF=1.00/0.57 | frame change=0.0000 | truth angle FOV=False | RGB render volume=False | H/V angles=nan/nan deg | truth distance=inf m
[INFO] [1791342524.399211595] [front_tof_monitor]: USV RGB=True | TOF=True | active=front_tof | range=6.72 m | depth ratio=0.99 | window rates RGB/ToF=1.00/0.51 | frame change=0.0000 | truth angle FOV=False | RGB render volume=False | H/V angles=nan/nan deg | truth distance=inf m
[WARN] [1791342524.498483519] [front_tof_monitor]: USV RGB=True | TOF=False | active=front_rgb_only | range=nan m | depth ratio=0.00 | window rates RGB/ToF=1.00/0.52 | frame change=0.0000 | truth angle FOV=False | RGB render volume=False | H/V angles=nan/nan deg | truth distance=inf m
[INFO] [1791342524.599104807] [front_tof_monitor]: USV RGB=True | TOF=True | active=front_tof | range=6.72 m | depth ratio=0.99 | window rates RGB/ToF=1.00/0.53 | frame change=0.0000 | truth angle FOV=False | RGB render volume=False | H/V angles=nan/nan deg | truth distance=inf m
[WARN] [1791342524.999224000] [front_tof_monitor]: USV RGB=True | TOF=False | active=front_rgb_only | range=nan m | depth ratio=0.00 | window rates RGB/ToF=1.00/0.56 | frame change=0.0000 | truth angle FOV=False | RGB render volume=False | H/V angles=nan/nan deg | truth distance=inf m
[INFO] [1791342525.098490582] [front_tof_monitor]: USV RGB=True | TOF=True | active=front_tof | range=6.72 m | depth ratio=0.99 | window rates RGB/ToF=1.00/0.57 | frame change=0.0000 | truth angle FOV=False | RGB render volume=False | H/V angles=nan/nan deg | truth distance=inf m
[WARN] [1791342525.198764974] [front_tof_monitor]: USV RGB=True | TOF=False | active=front_rgb_only | range=nan m | depth ratio=0.00 | window rates RGB/ToF=1.00/0.57 | frame change=0.0000 | truth angle FOV=False | RGB render volume=False | H/V angles=nan/nan deg | truth distance=inf m
[INFO] [1791342525.299106689] [front_tof_monitor]: USV RGB=True | TOF=True | active=front_tof | range=6.72 m | depth ratio=0.99 | window rates RGB/ToF=1.00/0.57 | frame change=0.0000 | truth angle FOV=False | RGB render volume=False | H/V angles=nan/nan deg | truth distance=inf m
[WARN] [1791342525.698957327] [front_tof_monitor]: USV RGB=True | TOF=False | active=front_rgb_only | range=nan m | depth ratio=0.00 | window rates RGB/ToF=1.00/0.60 | frame change=0.0000 | truth angle FOV=False | RGB render volume=False | H/V angles=nan/nan deg | truth distance=inf m
[INFO] [1791342525.801231615] [front_tof_monitor]: USV RGB=True | TOF=True | active=front_tof | range=6.72 m | depth ratio=0.99 | window rates RGB/ToF=1.00/0.60 | frame change=0.0000 | truth angle FOV=False | RGB render volume=False | H/V angles=nan/nan deg | truth distance=inf m
[WARN] [1791342526.198284860] [front_tof_monitor]: USV RGB=True | TOF=False | active=front_rgb_only | range=nan m | depth ratio=0.00 | window rates RGB/ToF=1.00/0.61 | frame change=0.0000 | truth angle FOV=False | RGB render volume=False | H/V angles=nan/nan deg | truth distance=inf m
[INFO] [1791342526.298365489] [front_tof_monitor]: USV RGB=True | TOF=True | active=front_tof | range=6.72 m | depth ratio=0.99 | window rates RGB/ToF=1.00/0.63 | frame change=0.0000 | truth angle FOV=False | RGB render volume=False | H/V angles=nan/nan deg | truth distance=inf m
[WARN] [1791342526.400772198] [front_tof_monitor]: USV RGB=True | TOF=False | active=front_rgb_only | range=nan m | depth ratio=0.00 | window rates RGB/ToF=1.00/0.60 | frame change=0.0000 | truth angle FOV=False | RGB render volume=False | H/V angles=nan/nan deg | truth distance=inf m
[INFO] [1791342526.498407791] [front_tof_monitor]: USV RGB=True | TOF=True | active=front_tof | range=6.72 m | depth ratio=0.99 | window rates RGB/ToF=1.00/0.61 | frame change=0.0000 | truth angle FOV=False | RGB render volume=False | H/V angles=nan/nan deg | truth distance=inf m
[WARN] [1791342526.898207239] [front_tof_monitor]: USV RGB=True | TOF=False | active=front_rgb_only | range=nan m | depth ratio=0.00 | window rates RGB/ToF=1.00/0.61 | frame change=0.0000 | truth angle FOV=False | RGB render volume=False | H/V angles=nan/nan deg | truth distance=inf m
[INFO] [1791342526.999314299] [front_tof_monitor]: USV RGB=True | TOF=True | active=front_tof | range=6.72 m | depth ratio=0.99 | window rates RGB/ToF=1.00/0.63 | frame change=0.0000 | truth angle FOV=False | RGB render volume=False | H/V angles=nan/nan deg | truth distance=inf m
[WARN] [1791342527.398663562] [front_tof_monitor]: USV RGB=True | TOF=False | active=front_rgb_only | range=nan m | depth ratio=0.00 | window rates RGB/ToF=1.00/0.63 | frame change=0.0000 | truth angle FOV=False | RGB render volume=False | H/V angles=nan/nan deg | truth distance=inf m
[INFO] [1791342527.699083461] [front_tof_monitor]: USV RGB=True | TOF=True | active=front_tof | range=6.73 m | depth ratio=0.98 | window rates RGB/ToF=1.00/0.62 | frame change=0.0011 | truth angle FOV=False | RGB render volume=False | H/V angles=nan/nan deg | truth distance=inf m
[WARN] [1791342528.298843755] [front_tof_monitor]: USV RGB=True | TOF=False | active=front_rgb_only | range=nan m | depth ratio=0.00 | window rates RGB/ToF=1.00/0.66 | frame change=0.0027 | truth angle FOV=False | RGB render volume=False | H/V angles=nan/nan deg | truth distance=inf m
[INFO] [1791342528.398626295] [front_tof_monitor]: USV RGB=True | TOF=True | active=front_tof | range=6.78 m | depth ratio=0.94 | window rates RGB/ToF=1.00/0.67 | frame change=0.0062 | truth angle FOV=False | RGB render volume=False | H/V angles=nan/nan deg | truth distance=inf m
[WARN] [1791342529.498765907] [front_tof_monitor]: USV RGB=True | TOF=False | active=front_rgb_only | range=nan m | depth ratio=0.00 | window rates RGB/ToF=1.00/0.76 | frame change=0.0058 | truth angle FOV=False | RGB render volume=False | H/V angles=nan/nan deg | truth distance=inf m
[INFO] [1791342529.599157785] [front_tof_monitor]: USV RGB=True | TOF=True | active=front_tof | range=6.75 m | depth ratio=0.75 | window rates RGB/ToF=1.00/0.78 | frame change=0.0109 | truth angle FOV=False | RGB render volume=False | H/V angles=nan/nan deg | truth distance=inf m
[WARN] [1791342529.799251808] [front_tof_monitor]: USV RGB=True | TOF=False | active=front_rgb_only | range=nan m | depth ratio=0.00 | window rates RGB/ToF=1.00/0.76 | frame change=0.0121 | truth angle FOV=False | RGB render volume=False | H/V angles=nan/nan deg | truth distance=inf m
[INFO] [1791342529.898410784] [front_tof_monitor]: USV RGB=True | TOF=True | active=front_tof | range=6.79 m | depth ratio=0.71 | window rates RGB/ToF=1.00/0.76 | frame change=0.0121 | truth angle FOV=False | RGB render volume=False | H/V angles=nan/nan deg | truth distance=inf m
[WARN] [1791342530.498503382] [front_tof_monitor]: USV RGB=True | TOF=False | active=front_rgb_only | range=nan m | depth ratio=0.00 | window rates RGB/ToF=1.00/0.78 | frame change=0.0111 | truth angle FOV=False | RGB render volume=False | H/V angles=nan/nan deg | truth distance=inf m
[INFO] [1791342531.599287752] [front_tof_monitor]: USV RGB=True | TOF=True | active=front_tof | range=7.66 m | depth ratio=0.85 | window rates RGB/ToF=1.00/0.64 | frame change=0.0358 | truth angle FOV=False | RGB render volume=False | H/V angles=nan/nan deg | truth distance=inf m
[WARN] [1791342532.098846680] [front_tof_monitor]: USV RGB=False | TOF=False | active=none | range=nan m | depth ratio=0.00 | window rates RGB/ToF=0.98/0.65 | frame change=0.0127 | truth angle FOV=False | RGB render volume=False | H/V angles=nan/nan deg | truth distance=inf m
[INFO] [1791342533.598370560] [front_tof_monitor]: USV RGB=True | TOF=True | active=front_tof | range=14.58 m | depth ratio=0.92 | window rates RGB/ToF=0.71/0.45 | frame change=0.0097 | truth angle FOV=False | RGB render volume=False | H/V angles=nan/nan deg | truth distance=inf m
[WARN] [1791342533.698132258] [front_tof_monitor]: USV RGB=True | TOF=False | active=front_rgb_only | range=nan m | depth ratio=0.00 | window rates RGB/ToF=0.71/0.43 | frame change=0.0097 | truth angle FOV=False | RGB render volume=False | H/V angles=nan/nan deg | truth distance=inf m
[INFO] [1791342534.098469352] [front_tof_monitor]: USV RGB=True | TOF=True | active=front_tof | range=17.07 m | depth ratio=0.98 | window rates RGB/ToF=0.71/0.37 | frame change=0.0041 | truth angle FOV=False | RGB render volume=False | H/V angles=nan/nan deg | truth distance=inf m
[WARN] [1791342534.898965340] [front_tof_monitor]: USV RGB=True | TOF=False | active=front_rgb_only | range=nan m | depth ratio=0.00 | window rates RGB/ToF=0.70/0.38 | frame change=0.0068 | truth angle FOV=False | RGB render volume=False | H/V angles=nan/nan deg | truth distance=inf m
[INFO] [1791342540.899468913] [front_tof_monitor]: USV RGB=True | TOF=True | active=front_tof | range=23.01 m | depth ratio=0.71 | window rates RGB/ToF=1.00/0.02 | frame change=0.0041 | truth angle FOV=False | RGB render volume=False | H/V angles=nan/nan deg | truth distance=inf m
[WARN] [1791342541.000602053] [front_tof_monitor]: USV RGB=True | TOF=False | active=front_rgb_only | range=nan m | depth ratio=0.00 | window rates RGB/ToF=1.00/0.02 | frame change=0.0041 | truth angle FOV=False | RGB render volume=False | H/V angles=nan/nan deg | truth distance=inf m
[INFO] [1791342541.100786269] [front_tof_monitor]: USV RGB=True | TOF=True | active=front_tof | range=22.43 m | depth ratio=0.85 | window rates RGB/ToF=1.00/0.04 | frame change=0.0026 | truth angle FOV=False | RGB render volume=False | H/V angles=nan/nan deg | truth distance=inf m
[WARN] [1791342541.298979094] [front_tof_monitor]: USV RGB=True | TOF=False | active=front_rgb_only | range=nan m | depth ratio=0.00 | window rates RGB/ToF=1.00/0.06 | frame change=0.0026 | truth angle FOV=False | RGB render volume=False | H/V angles=nan/nan deg | truth distance=inf m
[INFO] [1791342541.401533643] [front_tof_monitor]: USV RGB=True | TOF=True | active=front_tof | range=21.48 m | depth ratio=0.71 | window rates RGB/ToF=1.00/0.08 | frame change=0.0137 | truth angle FOV=False | RGB render volume=False | H/V angles=nan/nan deg | truth distance=inf m
[WARN] [1791342541.499277414] [front_tof_monitor]: USV RGB=True | TOF=False | active=front_rgb_only | range=nan m | depth ratio=0.00 | window rates RGB/ToF=1.00/0.08 | frame change=0.0137 | truth angle FOV=False | RGB render volume=False | H/V angles=nan/nan deg | truth distance=inf m
[INFO] [1791342542.198731814] [front_tof_monitor]: USV RGB=True | TOF=True | active=front_tof | range=19.23 m | depth ratio=1.00 | window rates RGB/ToF=1.00/0.10 | frame change=0.0141 | truth angle FOV=False | RGB render volume=False | H/V angles=nan/nan deg | truth distance=inf m
[WARN] [1791342542.398434533] [front_tof_monitor]: USV RGB=True | TOF=False | active=front_rgb_only | range=nan m | depth ratio=0.00 | window rates RGB/ToF=1.00/0.12 | frame change=0.0131 | truth angle FOV=False | RGB render volume=False | H/V angles=nan/nan deg | truth distance=inf m
[INFO] [1791342543.200296644] [front_tof_monitor]: USV RGB=True | TOF=True | active=front_tof | range=14.85 m | depth ratio=0.96 | window rates RGB/ToF=1.00/0.14 | frame change=0.0018 | truth angle FOV=False | RGB render volume=False | H/V angles=nan/nan deg | truth distance=inf m
[WARN] [1791342543.599863836] [front_tof_monitor]: USV RGB=True | TOF=False | active=front_rgb_only | range=nan m | depth ratio=0.00 | window rates RGB/ToF=1.00/0.20 | frame change=0.0028 | truth angle FOV=False | RGB render volume=False | H/V angles=nan/nan deg | truth distance=inf m
[INFO] [1791342543.800032497] [front_tof_monitor]: USV RGB=True | TOF=True | active=front_tof | range=13.41 m | depth ratio=0.99 | window rates RGB/ToF=1.00/0.22 | frame change=0.0043 | truth angle FOV=False | RGB render volume=False | H/V angles=nan/nan deg | truth distance=inf m
[WARN] [1791342543.999592148] [front_tof_monitor]: USV RGB=True | TOF=False | active=front_rgb_only | range=nan m | depth ratio=0.00 | window rates RGB/ToF=1.00/0.24 | frame change=0.0050 | truth angle FOV=False | RGB render volume=False | H/V angles=nan/nan deg | truth distance=inf m
[INFO] [1791342544.099329600] [front_tof_monitor]: USV RGB=True | TOF=True | active=front_tof | range=12.54 m | depth ratio=0.98 | window rates RGB/ToF=1.00/0.25 | frame change=0.0050 | truth angle FOV=False | RGB render volume=False | H/V angles=nan/nan deg | truth distance=inf m
[WARN] [1791342544.702478964] [front_tof_monitor]: USV RGB=True | TOF=False | active=front_rgb_only | range=nan m | depth ratio=0.00 | window rates RGB/ToF=1.00/0.36 | frame change=0.0032 | truth angle FOV=False | RGB render volume=False | H/V angles=nan/nan deg | truth distance=inf m
[INFO] [1791342544.998629245] [front_tof_monitor]: USV RGB=True | TOF=True | active=front_tof | range=10.61 m | depth ratio=0.98 | window rates RGB/ToF=1.00/0.37 | frame change=0.0037 | truth angle FOV=False | RGB render volume=False | H/V angles=nan/nan deg | truth distance=inf m
[WARN] [1791342545.099006035] [front_tof_monitor]: USV RGB=True | TOF=False | active=front_rgb_only | range=nan m | depth ratio=0.00 | window rates RGB/ToF=1.00/0.38 | frame change=0.0037 | truth angle FOV=False | RGB render volume=False | H/V angles=nan/nan deg | truth distance=inf m
[INFO] [1791342545.198943446] [front_tof_monitor]: USV RGB=True | TOF=True | active=front_tof | range=10.13 m | depth ratio=0.99 | window rates RGB/ToF=1.00/0.39 | frame change=0.0022 | truth angle FOV=False | RGB render volume=False | H/V angles=nan/nan deg | truth distance=inf m
[WARN] [1791342545.299556959] [front_tof_monitor]: USV RGB=True | TOF=False | active=front_rgb_only | range=nan m | depth ratio=0.00 | window rates RGB/ToF=1.00/0.39 | frame change=0.0022 | truth angle FOV=False | RGB render volume=False | H/V angles=nan/nan deg | truth distance=inf m
[INFO] [1791342545.398964219] [front_tof_monitor]: USV RGB=True | TOF=True | active=front_tof | range=9.53 m | depth ratio=1.00 | window rates RGB/ToF=1.00/0.41 | frame change=0.0024 | truth angle FOV=False | RGB render volume=False | H/V angles=nan/nan deg | truth distance=inf m
[WARN] [1791342545.600851622] [front_tof_monitor]: USV RGB=True | TOF=False | active=front_rgb_only | range=nan m | depth ratio=0.00 | window rates RGB/ToF=1.00/0.43 | frame change=0.0022 | truth angle FOV=False | RGB render volume=False | H/V angles=nan/nan deg | truth distance=inf m
[INFO] [1791342546.000044919] [front_tof_monitor]: USV RGB=True | TOF=True | active=front_tof | range=8.18 m | depth ratio=0.99 | window rates RGB/ToF=1.00/0.43 | frame change=0.0058 | truth angle FOV=False | RGB render volume=False | H/V angles=nan/nan deg | truth distance=inf m
[WARN] [1791342546.199971976] [front_tof_monitor]: USV RGB=True | TOF=False | active=front_rgb_only | range=nan m | depth ratio=0.00 | window rates RGB/ToF=1.00/0.42 | frame change=0.0058 | truth angle FOV=False | RGB render volume=False | H/V angles=nan/nan deg | truth distance=inf m
[INFO] [1791342546.298642417] [front_tof_monitor]: USV RGB=True | TOF=True | active=front_tof | range=7.64 m | depth ratio=0.99 | window rates RGB/ToF=1.00/0.44 | frame change=0.0075 | truth angle FOV=False | RGB render volume=False | H/V angles=nan/nan deg | truth distance=inf m
[WARN] [1791342547.200362302] [front_tof_monitor]: USV RGB=True | TOF=False | active=front_rgb_only | range=nan m | depth ratio=0.00 | window rates RGB/ToF=1.00/0.56 | frame change=0.0086 | truth angle FOV=False | RGB render volume=False | H/V angles=nan/nan deg | truth distance=inf m
[INFO] [1791342547.300231174] [front_tof_monitor]: USV RGB=True | TOF=True | active=front_tof | range=5.46 m | depth ratio=0.99 | window rates RGB/ToF=1.00/0.57 | frame change=0.0086 | truth angle FOV=False | RGB render volume=False | H/V angles=nan/nan deg | truth distance=inf m
[WARN] [1791342547.499626190] [front_tof_monitor]: USV RGB=True | TOF=False | active=front_rgb_only | range=nan m | depth ratio=0.00 | window rates RGB/ToF=1.00/0.58 | frame change=0.0085 | truth angle FOV=False | RGB render volume=False | H/V angles=nan/nan deg | truth distance=inf m
[INFO] [1791342547.701720550] [front_tof_monitor]: USV RGB=True | TOF=True | active=front_tof | range=4.73 m | depth ratio=0.99 | window rates RGB/ToF=1.00/0.60 | frame change=0.0048 | truth angle FOV=False | RGB render volume=False | H/V angles=nan/nan deg | truth distance=inf m
[WARN] [1791342548.099274624] [front_tof_monitor]: USV RGB=True | TOF=False | active=front_rgb_only | range=nan m | depth ratio=0.00 | window rates RGB/ToF=1.00/0.66 | frame change=0.0049 | truth angle FOV=False | RGB render volume=False | H/V angles=nan/nan deg | truth distance=inf m
[INFO] [1791342548.200487788] [front_tof_monitor]: USV RGB=True | TOF=True | active=front_tof | range=3.87 m | depth ratio=0.99 | window rates RGB/ToF=1.00/0.67 | frame change=0.0084 | truth angle FOV=False | RGB render volume=False | H/V angles=nan/nan deg | truth distance=inf m
[WARN] [1791342548.399641231] [front_tof_monitor]: USV RGB=True | TOF=False | active=front_rgb_only | range=nan m | depth ratio=0.00 | window rates RGB/ToF=1.00/0.64 | frame change=0.0323 | truth angle FOV=False | RGB render volume=False | H/V angles=nan/nan deg | truth distance=inf m
[INFO] [1791342548.498677801] [front_tof_monitor]: USV RGB=True | TOF=True | active=front_tof | range=5.11 m | depth ratio=0.99 | window rates RGB/ToF=1.00/0.65 | frame change=0.0323 | truth angle FOV=False | RGB render volume=False | H/V angles=nan/nan deg | truth distance=inf m
[WARN] [1791342548.600124966] [front_tof_monitor]: USV RGB=True | TOF=False | active=front_rgb_only | range=nan m | depth ratio=0.00 | window rates RGB/ToF=1.00/0.63 | frame change=0.1101 | truth angle FOV=False | RGB render volume=False | H/V angles=nan/nan deg | truth distance=inf m
[INFO] [1791342548.699344779] [front_tof_monitor]: USV RGB=True | TOF=True | active=front_tof | range=4.52 m | depth ratio=0.99 | window rates RGB/ToF=1.00/0.65 | frame change=0.1101 | truth angle FOV=False | RGB render volume=False | H/V angles=nan/nan deg | truth distance=inf m
[WARN] [1791342548.901803353] [front_tof_monitor]: USV RGB=True | TOF=False | active=front_rgb_only | range=nan m | depth ratio=0.00 | window rates RGB/ToF=1.00/0.64 | frame change=0.0710 | truth angle FOV=False | RGB render volume=False | H/V angles=nan/nan deg | truth distance=inf m
[INFO] [1791342549.100015541] [front_tof_monitor]: USV RGB=True | TOF=True | active=front_tof | range=4.75 m | depth ratio=0.99 | window rates RGB/ToF=1.00/0.65 | frame change=0.1305 | truth angle FOV=False | RGB render volume=False | H/V angles=nan/nan deg | truth distance=inf m
[WARN] [1791342549.300104268] [front_tof_monitor]: USV RGB=True | TOF=False | active=front_rgb_only | range=nan m | depth ratio=0.00 | window rates RGB/ToF=1.00/0.63 | frame change=0.0924 | truth angle FOV=False | RGB render volume=False | H/V angles=nan/nan deg | truth distance=inf m
[INFO] [1791342549.500874006] [front_tof_monitor]: USV RGB=True | TOF=True | active=front_tof | range=2.92 m | depth ratio=0.99 | window rates RGB/ToF=1.00/0.60 | frame change=0.0292 | truth angle FOV=False | RGB render volume=False | H/V angles=nan/nan deg | truth distance=inf m
[WARN] [1791342549.900408722] [front_tof_monitor]: USV RGB=True | TOF=False | active=front_rgb_only | range=nan m | depth ratio=0.00 | window rates RGB/ToF=1.00/0.64 | frame change=0.0213 | truth angle FOV=False | RGB render volume=False | H/V angles=nan/nan deg | truth distance=inf m
[INFO] [1791342549.998679143] [front_tof_monitor]: USV RGB=True | TOF=True | active=front_tof | range=2.68 m | depth ratio=0.99 | window rates RGB/ToF=1.00/0.65 | frame change=0.0180 | truth angle FOV=False | RGB render volume=False | H/V angles=nan/nan deg | truth distance=inf m
[WARN] [1791342550.198614267] [front_tof_monitor]: USV RGB=True | TOF=False | active=front_rgb_only | range=nan m | depth ratio=0.00 | window rates RGB/ToF=1.00/0.65 | frame change=0.0300 | truth angle FOV=False | RGB render volume=False | H/V angles=nan/nan deg | truth distance=inf m
[INFO] [1791342550.399441905] [front_tof_monitor]: USV RGB=True | TOF=True | active=front_tof | range=2.42 m | depth ratio=0.99 | window rates RGB/ToF=1.00/0.65 | frame change=0.0323 | truth angle FOV=False | RGB render volume=False | H/V angles=nan/nan deg | truth distance=inf m
[WARN] [1791342550.798374101] [front_tof_monitor]: USV RGB=True | TOF=False | active=front_rgb_only | range=nan m | depth ratio=0.00 | window rates RGB/ToF=1.00/0.67 | frame change=0.0203 | truth angle FOV=False | RGB render volume=False | H/V angles=nan/nan deg | truth distance=inf m
[INFO] [1791342550.900668384] [front_tof_monitor]: USV RGB=True | TOF=True | active=front_tof | range=2.06 m | depth ratio=0.99 | window rates RGB/ToF=1.00/0.69 | frame change=0.0203 | truth angle FOV=False | RGB render volume=False | H/V angles=nan/nan deg | truth distance=inf m
[WARN] [1791342550.998569431] [front_tof_monitor]: USV RGB=True | TOF=False | active=front_rgb_only | range=nan m | depth ratio=0.00 | window rates RGB/ToF=1.00/0.68 | frame change=0.0155 | truth angle FOV=False | RGB render volume=False | H/V angles=nan/nan deg | truth distance=inf m
[INFO] [1791342551.200055282] [front_tof_monitor]: USV RGB=True | TOF=True | active=front_tof | range=2.04 m | depth ratio=0.99 | window rates RGB/ToF=1.00/0.67 | frame change=0.0328 | truth angle FOV=False | RGB render volume=False | H/V angles=nan/nan deg | truth distance=inf m
[WARN] [1791342551.299800684] [front_tof_monitor]: USV RGB=True | TOF=False | active=front_rgb_only | range=nan m | depth ratio=0.00 | window rates RGB/ToF=1.00/0.67 | frame change=0.0328 | truth angle FOV=False | RGB render volume=False | H/V angles=nan/nan deg | truth distance=inf m
[INFO] [1791342551.399382219] [front_tof_monitor]: USV RGB=True | TOF=True | active=front_tof | range=1.82 m | depth ratio=0.99 | window rates RGB/ToF=1.00/0.66 | frame change=0.0432 | truth angle FOV=False | RGB render volume=False | H/V angles=nan/nan deg | truth distance=inf m
[WARN] [1791342551.998397544] [front_tof_monitor]: USV RGB=True | TOF=False | active=front_rgb_only | range=nan m | depth ratio=0.00 | window rates RGB/ToF=1.00/0.65 | frame change=0.0595 | truth angle FOV=False | RGB render volume=False | H/V angles=nan/nan deg | truth distance=inf m
[INFO] [1791342552.099335813] [front_tof_monitor]: USV RGB=True | TOF=True | active=front_tof | range=1.77 m | depth ratio=0.99 | window rates RGB/ToF=1.00/0.65 | frame change=0.0371 | truth angle FOV=False | RGB render volume=False | H/V angles=nan/nan deg | truth distance=inf m
[WARN] [1791342552.199284629] [front_tof_monitor]: USV RGB=True | TOF=False | active=front_rgb_only | range=nan m | depth ratio=0.00 | window rates RGB/ToF=1.00/0.64 | frame change=0.0371 | truth angle FOV=False | RGB render volume=False | H/V angles=nan/nan deg | truth distance=inf m
[INFO] [1791342552.299137192] [front_tof_monitor]: USV RGB=True | TOF=True | active=front_tof | range=1.71 m | depth ratio=0.99 | window rates RGB/ToF=1.00/0.65 | frame change=0.0487 | truth angle FOV=False | RGB render volume=False | H/V angles=nan/nan deg | truth distance=inf m
[WARN] [1791342552.498278339] [front_tof_monitor]: USV RGB=True | TOF=False | active=front_rgb_only | range=nan m | depth ratio=0.00 | window rates RGB/ToF=1.00/0.63 | frame change=0.0642 | truth angle FOV=False | RGB render volume=False | H/V angles=nan/nan deg | truth distance=inf m
[INFO] [1791342552.599465069] [front_tof_monitor]: USV RGB=True | TOF=True | active=front_tof | range=1.49 m | depth ratio=0.99 | window rates RGB/ToF=1.00/0.66 | frame change=0.0642 | truth angle FOV=False | RGB render volume=False | H/V angles=nan/nan deg | truth distance=inf m
[WARN] [1791342552.698122769] [front_tof_monitor]: USV RGB=True | TOF=False | active=front_rgb_only | range=nan m | depth ratio=0.00 | window rates RGB/ToF=1.00/0.65 | frame change=0.0408 | truth angle FOV=False | RGB render volume=False | H/V angles=nan/nan deg | truth distance=inf m
[INFO] [1791342552.899138187] [front_tof_monitor]: USV RGB=True | TOF=True | active=front_tof | range=1.67 m | depth ratio=0.99 | window rates RGB/ToF=1.00/0.63 | frame change=0.1189 | truth angle FOV=False | RGB render volume=False | H/V angles=nan/nan deg | truth distance=inf m
[WARN] [1791342553.398929247] [front_tof_monitor]: USV RGB=True | TOF=False | active=front_rgb_only | range=nan m | depth ratio=0.00 | window rates RGB/ToF=1.00/0.63 | frame change=0.0511 | truth angle FOV=False | RGB render volume=False | H/V angles=nan/nan deg | truth distance=inf m
[INFO] [1791342553.699140749] [front_tof_monitor]: USV RGB=True | TOF=True | active=front_tof | range=1.51 m | depth ratio=0.99 | window rates RGB/ToF=1.00/0.63 | frame change=0.0340 | truth angle FOV=False | RGB render volume=False | H/V angles=nan/nan deg | truth distance=inf m
[WARN] [1791342553.899138095] [front_tof_monitor]: USV RGB=True | TOF=False | active=front_rgb_only | range=nan m | depth ratio=0.00 | window rates RGB/ToF=1.00/0.61 | frame change=0.0115 | truth angle FOV=False | RGB render volume=False | H/V angles=nan/nan deg | truth distance=inf m
[INFO] [1791342554.101934300] [front_tof_monitor]: USV RGB=True | TOF=True | active=front_tof | range=4.17 m | depth ratio=0.99 | window rates RGB/ToF=1.00/0.62 | frame change=0.0405 | truth angle FOV=False | RGB render volume=False | H/V angles=nan/nan deg | truth distance=inf m
[WARN] [1791342554.298232099] [front_tof_monitor]: USV RGB=True | TOF=False | active=front_rgb_only | range=nan m | depth ratio=0.00 | window rates RGB/ToF=1.00/0.61 | frame change=0.0955 | truth angle FOV=False | RGB render volume=False | H/V angles=nan/nan deg | truth distance=inf m
[INFO] [1791342554.398463666] [front_tof_monitor]: USV RGB=True | TOF=True | active=front_tof | range=3.91 m | depth ratio=0.99 | window rates RGB/ToF=1.00/0.63 | frame change=0.0955 | truth angle FOV=False | RGB render volume=False | H/V angles=nan/nan deg | truth distance=inf m
[WARN] [1791342554.498252778] [front_tof_monitor]: USV RGB=True | TOF=False | active=front_rgb_only | range=nan m | depth ratio=0.00 | window rates RGB/ToF=1.00/0.63 | frame change=0.0690 | truth angle FOV=False | RGB render volume=False | H/V angles=nan/nan deg | truth distance=inf m
[INFO] [1791342554.599151786] [front_tof_monitor]: USV RGB=True | TOF=True | active=front_tof | range=4.46 m | depth ratio=0.99 | window rates RGB/ToF=1.00/0.62 | frame change=0.0690 | truth angle FOV=False | RGB render volume=False | H/V angles=nan/nan deg | truth distance=inf m
[WARN] [1791342554.998281607] [front_tof_monitor]: USV RGB=True | TOF=False | active=front_rgb_only | range=nan m | depth ratio=0.00 | window rates RGB/ToF=1.00/0.63 | frame change=0.0195 | truth angle FOV=False | RGB render volume=False | H/V angles=nan/nan deg | truth distance=inf m
[INFO] [1791342555.298605794] [front_tof_monitor]: USV RGB=True | TOF=True | active=front_tof | range=5.11 m | depth ratio=0.99 | window rates RGB/ToF=1.00/0.61 | frame change=0.0091 | truth angle FOV=False | RGB render volume=False | H/V angles=nan/nan deg | truth distance=inf m
[WARN] [1791342555.398203060] [front_tof_monitor]: USV RGB=True | TOF=False | active=front_rgb_only | range=nan m | depth ratio=0.00 | window rates RGB/ToF=1.00/0.61 | frame change=0.0060 | truth angle FOV=False | RGB render volume=False | H/V angles=nan/nan deg | truth distance=inf m
[INFO] [1791342555.598400871] [front_tof_monitor]: USV RGB=True | TOF=True | active=front_tof | range=5.43 m | depth ratio=0.99 | window rates RGB/ToF=1.00/0.59 | frame change=0.0024 | truth angle FOV=False | RGB render volume=False | H/V angles=nan/nan deg | truth distance=inf m
[WARN] [1791342555.998213459] [front_tof_monitor]: USV RGB=True | TOF=False | active=front_rgb_only | range=nan m | depth ratio=0.00 | window rates RGB/ToF=1.00/0.59 | frame change=0.0061 | truth angle FOV=False | RGB render volume=False | H/V angles=nan/nan deg | truth distance=inf m
[INFO] [1791342556.098369712] [front_tof_monitor]: USV RGB=True | TOF=True | active=front_tof | range=5.61 m | depth ratio=0.99 | window rates RGB/ToF=1.00/0.61 | frame change=0.0080 | truth angle FOV=False | RGB render volume=False | H/V angles=nan/nan deg | truth distance=inf m
[WARN] [1791342556.198275672] [front_tof_monitor]: USV RGB=True | TOF=False | active=front_rgb_only | range=nan m | depth ratio=0.00 | window rates RGB/ToF=1.00/0.61 | frame change=0.0080 | truth angle FOV=False | RGB render volume=False | H/V angles=nan/nan deg | truth distance=inf m
[INFO] [1791342556.298969898] [front_tof_monitor]: USV RGB=True | TOF=True | active=front_tof | range=5.63 m | depth ratio=0.99 | window rates RGB/ToF=1.00/0.62 | frame change=0.0095 | truth angle FOV=False | RGB render volume=False | H/V angles=nan/nan deg | truth distance=inf m
[WARN] [1791342556.398833439] [front_tof_monitor]: USV RGB=True | TOF=False | active=front_rgb_only | range=nan m | depth ratio=0.00 | window rates RGB/ToF=1.00/0.61 | frame change=0.0095 | truth angle FOV=False | RGB render volume=False | H/V angles=nan/nan deg | truth distance=inf m
[INFO] [1791342556.498418556] [front_tof_monitor]: USV RGB=True | TOF=True | active=front_tof | range=5.59 m | depth ratio=0.99 | window rates RGB/ToF=1.00/0.61 | frame change=0.0131 | truth angle FOV=False | RGB render volume=False | H/V angles=nan/nan deg | truth distance=inf m
[WARN] [1791342557.599292091] [front_tof_monitor]: USV RGB=True | TOF=False | active=front_rgb_only | range=nan m | depth ratio=0.00 | window rates RGB/ToF=1.00/0.64 | frame change=0.0062 | truth angle FOV=False | RGB render volume=False | H/V angles=nan/nan deg | truth distance=inf m
[INFO] [1791342557.699243158] [front_tof_monitor]: USV RGB=True | TOF=True | active=front_tof | range=4.21 m | depth ratio=0.99 | window rates RGB/ToF=1.00/0.66 | frame change=0.0062 | truth angle FOV=False | RGB render volume=False | H/V angles=nan/nan deg | truth distance=inf m
[WARN] [1791342557.898228407] [front_tof_monitor]: USV RGB=True | TOF=False | active=front_rgb_only | range=nan m | depth ratio=0.00 | window rates RGB/ToF=1.00/0.67 | frame change=0.0083 | truth angle FOV=False | RGB render volume=False | H/V angles=nan/nan deg | truth distance=inf m
[INFO] [1791342558.098479880] [front_tof_monitor]: USV RGB=True | TOF=True | active=front_tof | range=3.69 m | depth ratio=0.99 | window rates RGB/ToF=1.00/0.65 | frame change=0.0215 | truth angle FOV=False | RGB render volume=False | H/V angles=nan/nan deg | truth distance=inf m
[WARN] [1791342558.198930571] [front_tof_monitor]: USV RGB=True | TOF=False | active=front_rgb_only | range=nan m | depth ratio=0.00 | window rates RGB/ToF=1.00/0.63 | frame change=0.0215 | truth angle FOV=False | RGB render volume=False | H/V angles=nan/nan deg | truth distance=inf m
[INFO] [1791342558.298699713] [front_tof_monitor]: USV RGB=True | TOF=True | active=front_tof | range=3.28 m | depth ratio=0.99 | window rates RGB/ToF=1.00/0.62 | frame change=0.0274 | truth angle FOV=False | RGB render volume=False | H/V angles=nan/nan deg | truth distance=inf m
[WARN] [1791342558.398296550] [front_tof_monitor]: USV RGB=True | TOF=False | active=front_rgb_only | range=nan m | depth ratio=0.00 | window rates RGB/ToF=1.00/0.61 | frame change=0.0274 | truth angle FOV=False | RGB render volume=False | H/V angles=nan/nan deg | truth distance=inf m
[INFO] [1791342558.499142896] [front_tof_monitor]: USV RGB=True | TOF=True | active=front_tof | range=2.92 m | depth ratio=0.99 | window rates RGB/ToF=1.00/0.64 | frame change=0.0187 | truth angle FOV=False | RGB render volume=False | H/V angles=nan/nan deg | truth distance=inf m
[WARN] [1791342558.598882315] [front_tof_monitor]: USV RGB=True | TOF=False | active=front_rgb_only | range=nan m | depth ratio=0.00 | window rates RGB/ToF=1.00/0.64 | frame change=0.0187 | truth angle FOV=False | RGB render volume=False | H/V angles=nan/nan deg | truth distance=inf m
[INFO] [1791342558.798669392] [front_tof_monitor]: USV RGB=True | TOF=True | active=front_tof | range=2.30 m | depth ratio=0.99 | window rates RGB/ToF=1.00/0.62 | frame change=0.0149 | truth angle FOV=False | RGB render volume=False | H/V angles=nan/nan deg | truth distance=inf m
[WARN] [1791342559.198735769] [front_tof_monitor]: USV RGB=True | TOF=False | active=front_rgb_only | range=nan m | depth ratio=0.00 | window rates RGB/ToF=1.00/0.65 | frame change=0.0138 | truth angle FOV=False | RGB render volume=False | H/V angles=nan/nan deg | truth distance=inf m
[INFO] [1791342559.399253670] [front_tof_monitor]: USV RGB=True | TOF=True | active=front_tof | range=1.86 m | depth ratio=0.99 | window rates RGB/ToF=1.00/0.64 | frame change=0.0126 | truth angle FOV=False | RGB render volume=False | H/V angles=nan/nan deg | truth distance=inf m
[WARN] [1791342559.598239668] [front_tof_monitor]: USV RGB=True | TOF=False | active=front_rgb_only | range=nan m | depth ratio=0.00 | window rates RGB/ToF=1.00/0.65 | frame change=0.0126 | truth angle FOV=False | RGB render volume=False | H/V angles=nan/nan deg | truth distance=inf m
[INFO] [1791342559.698778806] [front_tof_monitor]: USV RGB=True | TOF=True | active=front_tof | range=1.77 m | depth ratio=0.99 | window rates RGB/ToF=1.00/0.64 | frame change=0.0143 | truth angle FOV=False | RGB render volume=False | H/V angles=nan/nan deg | truth distance=inf m
[WARN] [1791342559.798206272] [front_tof_monitor]: USV RGB=True | TOF=False | active=front_rgb_only | range=nan m | depth ratio=0.00 | window rates RGB/ToF=1.00/0.62 | frame change=0.0143 | truth angle FOV=False | RGB render volume=False | H/V angles=nan/nan deg | truth distance=inf m
[INFO] [1791342559.998594690] [front_tof_monitor]: USV RGB=True | TOF=True | active=front_tof | range=1.67 m | depth ratio=0.99 | window rates RGB/ToF=1.00/0.62 | frame change=0.0092 | truth angle FOV=False | RGB render volume=False | H/V angles=nan/nan deg | truth distance=inf m
[WARN] [1791342560.198249122] [front_tof_monitor]: USV RGB=True | TOF=False | active=front_rgb_only | range=nan m | depth ratio=0.00 | window rates RGB/ToF=1.00/0.63 | frame change=0.0067 | truth angle FOV=False | RGB render volume=False | H/V angles=nan/nan deg | truth distance=inf m
[INFO] [1791342560.598535694] [front_tof_monitor]: USV RGB=True | TOF=True | active=front_tof | range=1.60 m | depth ratio=0.99 | window rates RGB/ToF=1.00/0.62 | frame change=0.0046 | truth angle FOV=False | RGB render volume=False | H/V angles=nan/nan deg | truth distance=inf m
[WARN] [1791342560.798800161] [front_tof_monitor]: USV RGB=True | TOF=False | active=front_rgb_only | range=nan m | depth ratio=0.00 | window rates RGB/ToF=1.00/0.60 | frame change=0.0046 | truth angle FOV=False | RGB render volume=False | H/V angles=nan/nan deg | truth distance=inf m
[INFO] [1791342560.899170068] [front_tof_monitor]: USV RGB=True | TOF=True | active=front_tof | range=1.59 m | depth ratio=0.99 | window rates RGB/ToF=1.00/0.61 | frame change=0.0037 | truth angle FOV=False | RGB render volume=False | H/V angles=nan/nan deg | truth distance=inf m
[WARN] [1791342561.298385172] [front_tof_monitor]: USV RGB=True | TOF=False | active=front_rgb_only | range=nan m | depth ratio=0.00 | window rates RGB/ToF=1.00/0.63 | frame change=0.0146 | truth angle FOV=False | RGB render volume=False | H/V angles=nan/nan deg | truth distance=inf m
[INFO] [1791342561.398449360] [front_tof_monitor]: USV RGB=True | TOF=True | active=front_tof | range=1.56 m | depth ratio=0.99 | window rates RGB/ToF=1.00/0.63 | frame change=0.0515 | truth angle FOV=False | RGB render volume=False | H/V angles=nan/nan deg | truth distance=inf m
[WARN] [1791342561.998853095] [front_tof_monitor]: USV RGB=True | TOF=False | active=front_rgb_only | range=nan m | depth ratio=0.00 | window rates RGB/ToF=1.00/0.63 | frame change=0.0712 | truth angle FOV=False | RGB render volume=False | H/V angles=nan/nan deg | truth distance=inf m
[INFO] [1791342562.099267038] [front_tof_monitor]: USV RGB=True | TOF=True | active=front_tof | range=1.38 m | depth ratio=0.84 | window rates RGB/ToF=1.00/0.62 | frame change=0.0482 | truth angle FOV=False | RGB render volume=False | H/V angles=nan/nan deg | truth distance=inf m
[WARN] [1791342562.299021995] [front_tof_monitor]: USV RGB=True | TOF=False | active=front_rgb_only | range=nan m | depth ratio=0.00 | window rates RGB/ToF=1.00/0.60 | frame change=0.0532 | truth angle FOV=False | RGB render volume=False | H/V angles=nan/nan deg | truth distance=inf m
[INFO] [1791342562.799279577] [front_tof_monitor]: USV RGB=True | TOF=True | active=front_tof | range=1.80 m | depth ratio=0.99 | window rates RGB/ToF=1.00/0.54 | frame change=0.1324 | truth angle FOV=False | RGB render volume=False | H/V angles=nan/nan deg | truth distance=inf m
[WARN] [1791342562.998223369] [front_tof_monitor]: USV RGB=True | TOF=False | active=front_rgb_only | range=nan m | depth ratio=0.00 | window rates RGB/ToF=1.00/0.55 | frame change=0.1324 | truth angle FOV=False | RGB render volume=False | H/V angles=nan/nan deg | truth distance=inf m
[INFO] [1791342563.099340863] [front_tof_monitor]: USV RGB=True | TOF=True | active=front_tof | range=1.46 m | depth ratio=0.99 | window rates RGB/ToF=1.00/0.56 | frame change=0.1048 | truth angle FOV=False | RGB render volume=False | H/V angles=nan/nan deg | truth distance=inf m
[WARN] [1791342563.898860574] [front_tof_monitor]: USV RGB=True | TOF=False | active=front_rgb_only | range=nan m | depth ratio=0.00 | window rates RGB/ToF=1.00/0.62 | frame change=0.0055 | truth angle FOV=False | RGB render volume=False | H/V angles=nan/nan deg | truth distance=inf m
[INFO] [1791342563.998429893] [front_tof_monitor]: USV RGB=True | TOF=True | active=front_tof | range=1.73 m | depth ratio=0.99 | window rates RGB/ToF=1.00/0.63 | frame change=0.0097 | truth angle FOV=False | RGB render volume=False | H/V angles=nan/nan deg | truth distance=inf m
[WARN] [1791342564.098253478] [front_tof_monitor]: USV RGB=True | TOF=False | active=front_rgb_only | range=nan m | depth ratio=0.00 | window rates RGB/ToF=1.00/0.61 | frame change=0.0097 | truth angle FOV=False | RGB render volume=False | H/V angles=nan/nan deg | truth distance=inf m
[INFO] [1791342564.198491334] [front_tof_monitor]: USV RGB=True | TOF=True | active=front_tof | range=4.87 m | depth ratio=0.99 | window rates RGB/ToF=1.00/0.61 | frame change=0.1033 | truth angle FOV=False | RGB render volume=False | H/V angles=nan/nan deg | truth distance=inf m
[WARN] [1791342564.299066508] [front_tof_monitor]: USV RGB=True | TOF=False | active=front_rgb_only | range=nan m | depth ratio=0.00 | window rates RGB/ToF=1.00/0.61 | frame change=0.1033 | truth angle FOV=False | RGB render volume=False | H/V angles=nan/nan deg | truth distance=inf m
[INFO] [1791342564.399341688] [front_tof_monitor]: USV RGB=True | TOF=True | active=front_tof | range=5.11 m | depth ratio=0.99 | window rates RGB/ToF=1.00/0.62 | frame change=0.0838 | truth angle FOV=False | RGB render volume=False | H/V angles=nan/nan deg | truth distance=inf m
[WARN] [1791342565.498362096] [front_tof_monitor]: USV RGB=True | TOF=False | active=front_rgb_only | range=nan m | depth ratio=0.00 | window rates RGB/ToF=1.00/0.73 | frame change=0.0030 | truth angle FOV=False | RGB render volume=False | H/V angles=nan/nan deg | truth distance=inf m
[INFO] [1791342565.699132852] [front_tof_monitor]: USV RGB=True | TOF=True | active=front_tof | range=4.63 m | depth ratio=0.99 | window rates RGB/ToF=1.00/0.72 | frame change=0.0085 | truth angle FOV=False | RGB render volume=False | H/V angles=nan/nan deg | truth distance=inf m
[WARN] [1791342565.798895422] [front_tof_monitor]: USV RGB=True | TOF=False | active=front_rgb_only | range=nan m | depth ratio=0.00 | window rates RGB/ToF=1.00/0.72 | frame change=0.0085 | truth angle FOV=False | RGB render volume=False | H/V angles=nan/nan deg | truth distance=inf m
[INFO] [1791342566.199371008] [front_tof_monitor]: USV RGB=True | TOF=True | active=front_tof | range=4.54 m | depth ratio=0.99 | window rates RGB/ToF=1.00/0.66 | frame change=0.0140 | truth angle FOV=False | RGB render volume=False | H/V angles=nan/nan deg | truth distance=inf m
[WARN] [1791342566.298861556] [front_tof_monitor]: USV RGB=True | TOF=False | active=front_rgb_only | range=nan m | depth ratio=0.00 | window rates RGB/ToF=1.00/0.66 | frame change=0.0140 | truth angle FOV=False | RGB render volume=False | H/V angles=nan/nan deg | truth distance=inf m
[INFO] [1791342567.199129990] [front_tof_monitor]: USV RGB=True | TOF=True | active=front_tof | range=3.79 m | depth ratio=1.00 | window rates RGB/ToF=1.00/0.52 | frame change=0.0074 | truth angle FOV=False | RGB render volume=False | H/V angles=nan/nan deg | truth distance=inf m
[WARN] [1791342567.298281184] [front_tof_monitor]: USV RGB=True | TOF=False | active=front_rgb_only | range=nan m | depth ratio=0.00 | window rates RGB/ToF=1.00/0.52 | frame change=0.0074 | truth angle FOV=False | RGB render volume=False | H/V angles=nan/nan deg | truth distance=inf m
[INFO] [1791342567.398488205] [front_tof_monitor]: USV RGB=True | TOF=True | active=front_tof | range=3.54 m | depth ratio=0.99 | window rates RGB/ToF=1.00/0.54 | frame change=0.0071 | truth angle FOV=False | RGB render volume=False | H/V angles=nan/nan deg | truth distance=inf m
[WARN] [1791342568.798548373] [front_tof_monitor]: USV RGB=True | TOF=False | active=front_rgb_only | range=nan m | depth ratio=0.00 | window rates RGB/ToF=1.00/0.60 | frame change=0.0094 | truth angle FOV=False | RGB render volume=False | H/V angles=nan/nan deg | truth distance=inf m
[INFO] [1791342568.998585558] [front_tof_monitor]: USV RGB=True | TOF=True | active=front_tof | range=2.49 m | depth ratio=0.99 | window rates RGB/ToF=1.00/0.61 | frame change=0.0156 | truth angle FOV=False | RGB render volume=False | H/V angles=nan/nan deg | truth distance=inf m
[WARN] [1791342569.398369834] [front_tof_monitor]: USV RGB=True | TOF=False | active=front_rgb_only | range=nan m | depth ratio=0.00 | window rates RGB/ToF=1.00/0.63 | frame change=0.0240 | truth angle FOV=False | RGB render volume=False | H/V angles=nan/nan deg | truth distance=inf m
[INFO] [1791342569.498588994] [front_tof_monitor]: USV RGB=True | TOF=True | active=front_tof | range=2.03 m | depth ratio=0.99 | window rates RGB/ToF=1.00/0.63 | frame change=0.0211 | truth angle FOV=False | RGB render volume=False | H/V angles=nan/nan deg | truth distance=inf m
[WARN] [1791342569.598221955] [front_tof_monitor]: USV RGB=True | TOF=False | active=front_rgb_only | range=nan m | depth ratio=0.00 | window rates RGB/ToF=1.00/0.60 | frame change=0.0211 | truth angle FOV=False | RGB render volume=False | H/V angles=nan/nan deg | truth distance=inf m
[INFO] [1791342569.698422702] [front_tof_monitor]: USV RGB=True | TOF=True | active=front_tof | range=1.84 m | depth ratio=0.99 | window rates RGB/ToF=1.00/0.61 | frame change=0.0174 | truth angle FOV=False | RGB render volume=False | H/V angles=nan/nan deg | truth distance=inf m
[WARN] [1791342569.898389883] [front_tof_monitor]: USV RGB=True | TOF=False | active=front_rgb_only | range=nan m | depth ratio=0.00 | window rates RGB/ToF=1.00/0.59 | frame change=0.0220 | truth angle FOV=False | RGB render volume=False | H/V angles=nan/nan deg | truth distance=inf m
[INFO] [1791342569.998603632] [front_tof_monitor]: USV RGB=True | TOF=True | active=front_tof | range=1.58 m | depth ratio=0.99 | window rates RGB/ToF=1.00/0.59 | frame change=0.0220 | truth angle FOV=False | RGB render volume=False | H/V angles=nan/nan deg | truth distance=inf m
[WARN] [1791342570.098482571] [front_tof_monitor]: USV RGB=True | TOF=False | active=front_rgb_only | range=nan m | depth ratio=0.00 | window rates RGB/ToF=1.00/0.56 | frame change=0.0106 | truth angle FOV=False | RGB render volume=False | H/V angles=nan/nan deg | truth distance=inf m
[INFO] [1791342570.298479688] [front_tof_monitor]: USV RGB=True | TOF=True | active=front_tof | range=1.46 m | depth ratio=0.99 | window rates RGB/ToF=1.00/0.54 | frame change=0.0126 | truth angle FOV=False | RGB render volume=False | H/V angles=nan/nan deg | truth distance=inf m
[WARN] [1791342570.599047902] [front_tof_monitor]: USV RGB=True | TOF=False | active=front_rgb_only | range=nan m | depth ratio=0.00 | window rates RGB/ToF=1.00/0.56 | frame change=0.0106 | truth angle FOV=False | RGB render volume=False | H/V angles=nan/nan deg | truth distance=inf m
[INFO] [1791342570.798967640] [front_tof_monitor]: USV RGB=True | TOF=True | active=front_tof | range=1.82 m | depth ratio=0.99 | window rates RGB/ToF=1.00/0.55 | frame change=0.0639 | truth angle FOV=False | RGB render volume=False | H/V angles=nan/nan deg | truth distance=inf m
[WARN] [1791342570.898293328] [front_tof_monitor]: USV RGB=True | TOF=False | active=front_rgb_only | range=nan m | depth ratio=0.00 | window rates RGB/ToF=1.00/0.55 | frame change=0.0639 | truth angle FOV=False | RGB render volume=False | H/V angles=nan/nan deg | truth distance=inf m
[INFO] [1791342570.999775685] [front_tof_monitor]: USV RGB=True | TOF=True | active=front_tof | range=1.55 m | depth ratio=0.99 | window rates RGB/ToF=1.00/0.58 | frame change=0.0433 | truth angle FOV=False | RGB render volume=False | H/V angles=nan/nan deg | truth distance=inf m
[WARN] [1791342571.098697174] [front_tof_monitor]: USV RGB=True | TOF=False | active=front_rgb_only | range=nan m | depth ratio=0.00 | window rates RGB/ToF=1.00/0.58 | frame change=0.0433 | truth angle FOV=False | RGB render volume=False | H/V angles=nan/nan deg | truth distance=inf m
[INFO] [1791342571.299970182] [front_tof_monitor]: USV RGB=True | TOF=True | active=front_tof | range=1.48 m | depth ratio=0.99 | window rates RGB/ToF=1.00/0.58 | frame change=0.0781 | truth angle FOV=False | RGB render volume=False | H/V angles=nan/nan deg | truth distance=inf m
[WARN] [1791342571.498835591] [front_tof_monitor]: USV RGB=True | TOF=False | active=front_rgb_only | range=nan m | depth ratio=0.00 | window rates RGB/ToF=1.00/0.59 | frame change=0.0677 | truth angle FOV=False | RGB render volume=False | H/V angles=nan/nan deg | truth distance=inf m
[INFO] [1791342571.698708620] [front_tof_monitor]: USV RGB=True | TOF=True | active=front_tof | range=1.37 m | depth ratio=0.99 | window rates RGB/ToF=1.00/0.62 | frame change=0.0570 | truth angle FOV=False | RGB render volume=False | H/V angles=nan/nan deg | truth distance=inf m
[WARN] [1791342571.798788765] [front_tof_monitor]: USV RGB=True | TOF=False | active=front_rgb_only | range=nan m | depth ratio=0.00 | window rates RGB/ToF=1.00/0.61 | frame change=0.0570 | truth angle FOV=False | RGB render volume=False | H/V angles=nan/nan deg | truth distance=inf m
[INFO] [1791342572.198548084] [front_tof_monitor]: USV RGB=True | TOF=True | active=front_tof | range=1.22 m | depth ratio=0.99 | window rates RGB/ToF=1.00/0.63 | frame change=0.0155 | truth angle FOV=False | RGB render volume=False | H/V angles=nan/nan deg | truth distance=inf m
[WARN] [1791342572.298506076] [front_tof_monitor]: USV RGB=True | TOF=False | active=front_rgb_only | range=nan m | depth ratio=0.00 | window rates RGB/ToF=1.00/0.61 | frame change=0.1408 | truth angle FOV=False | RGB render volume=False | H/V angles=nan/nan deg | truth distance=inf m
[INFO] [1791342572.499360621] [front_tof_monitor]: USV RGB=True | TOF=True | active=front_tof | range=1.12 m | depth ratio=0.99 | window rates RGB/ToF=1.00/0.60 | frame change=0.1004 | truth angle FOV=False | RGB render volume=False | H/V angles=nan/nan deg | truth distance=inf m
[WARN] [1791342572.701391431] [front_tof_monitor]: USV RGB=True | TOF=False | active=front_rgb_only | range=nan m | depth ratio=0.00 | window rates RGB/ToF=1.00/0.58 | frame change=0.1004 | truth angle FOV=False | RGB render volume=False | H/V angles=nan/nan deg | truth distance=inf m
[INFO] [1791342572.798989289] [front_tof_monitor]: USV RGB=True | TOF=True | active=front_tof | range=0.96 m | depth ratio=0.99 | window rates RGB/ToF=1.00/0.58 | frame change=0.0657 | truth angle FOV=False | RGB render volume=False | H/V angles=nan/nan deg | truth distance=inf m
[WARN] [1791342573.000596214] [front_tof_monitor]: USV RGB=False | TOF=False | active=none | range=nan m | depth ratio=0.00 | window rates RGB/ToF=0.98/0.56 | frame change=0.0270 | truth angle FOV=False | RGB render volume=False | H/V angles=nan/nan deg | truth distance=inf m
[INFO] [1791342573.298474337] [front_tof_monitor]: USV RGB=True | TOF=True | active=front_tof | range=2.02 m | depth ratio=0.99 | window rates RGB/ToF=0.94/0.53 | frame change=0.0042 | truth angle FOV=False | RGB render volume=False | H/V angles=nan/nan deg | truth distance=inf m
[WARN] [1791342573.698397627] [front_tof_monitor]: USV RGB=True | TOF=False | active=front_rgb_only | range=nan m | depth ratio=0.00 | window rates RGB/ToF=0.94/0.50 | frame change=0.0137 | truth angle FOV=False | RGB render volume=False | H/V angles=nan/nan deg | truth distance=inf m
[INFO] [1791342573.798715324] [front_tof_monitor]: USV RGB=True | TOF=True | active=front_tof | range=5.97 m | depth ratio=0.99 | window rates RGB/ToF=0.94/0.51 | frame change=0.1258 | truth angle FOV=False | RGB render volume=False | H/V angles=nan/nan deg | truth distance=inf m
[WARN] [1791342574.598854487] [front_tof_monitor]: USV RGB=True | TOF=False | active=front_rgb_only | range=nan m | depth ratio=0.00 | window rates RGB/ToF=0.94/0.56 | frame change=0.0039 | truth angle FOV=False | RGB render volume=False | H/V angles=nan/nan deg | truth distance=inf m
[INFO] [1791342574.698323937] [front_tof_monitor]: USV RGB=True | TOF=True | active=front_tof | range=4.21 m | depth ratio=0.99 | window rates RGB/ToF=0.94/0.56 | frame change=0.0039 | truth angle FOV=False | RGB render volume=False | H/V angles=nan/nan deg | truth distance=inf m
[WARN] [1791342574.898763677] [front_tof_monitor]: USV RGB=True | TOF=False | active=front_rgb_only | range=nan m | depth ratio=0.00 | window rates RGB/ToF=0.94/0.56 | frame change=0.0014 | truth angle FOV=False | RGB render volume=False | H/V angles=nan/nan deg | truth distance=inf m
[INFO] [1791342575.099217159] [front_tof_monitor]: USV RGB=True | TOF=True | active=front_tof | range=4.34 m | depth ratio=0.99 | window rates RGB/ToF=0.94/0.56 | frame change=0.0011 | truth angle FOV=False | RGB render volume=False | H/V angles=nan/nan deg | truth distance=inf m
[WARN] [1791342575.498876797] [front_tof_monitor]: USV RGB=True | TOF=False | active=front_rgb_only | range=nan m | depth ratio=0.00 | window rates RGB/ToF=0.94/0.57 | frame change=0.0032 | truth angle FOV=False | RGB render volume=False | H/V angles=nan/nan deg | truth distance=inf m
[INFO] [1791342575.599041472] [front_tof_monitor]: USV RGB=True | TOF=True | active=front_tof | range=4.52 m | depth ratio=0.99 | window rates RGB/ToF=0.94/0.57 | frame change=0.0086 | truth angle FOV=False | RGB render volume=False | H/V angles=nan/nan deg | truth distance=inf m
[WARN] [1791342576.198883247] [front_tof_monitor]: USV RGB=True | TOF=False | active=front_rgb_only | range=nan m | depth ratio=0.00 | window rates RGB/ToF=0.94/0.64 | frame change=0.0326 | truth angle FOV=False | RGB render volume=False | H/V angles=nan/nan deg | truth distance=inf m
[INFO] [1791342576.299312274] [front_tof_monitor]: USV RGB=True | TOF=True | active=front_tof | range=3.69 m | depth ratio=0.99 | window rates RGB/ToF=0.94/0.65 | frame change=0.0326 | truth angle FOV=False | RGB render volume=False | H/V angles=nan/nan deg | truth distance=inf m
[WARN] [1791342576.698366577] [front_tof_monitor]: USV RGB=True | TOF=False | active=front_rgb_only | range=nan m | depth ratio=0.00 | window rates RGB/ToF=0.94/0.66 | frame change=0.0316 | truth angle FOV=False | RGB render volume=False | H/V angles=nan/nan deg | truth distance=inf m
[INFO] [1791342576.798461241] [front_tof_monitor]: USV RGB=True | TOF=True | active=front_tof | range=2.80 m | depth ratio=0.99 | window rates RGB/ToF=0.94/0.68 | frame change=0.0316 | truth angle FOV=False | RGB render volume=False | H/V angles=nan/nan deg | truth distance=inf m
[WARN] [1791342576.898795652] [front_tof_monitor]: USV RGB=True | TOF=False | active=front_rgb_only | range=nan m | depth ratio=0.00 | window rates RGB/ToF=0.94/0.67 | frame change=0.0305 | truth angle FOV=False | RGB render volume=False | H/V angles=nan/nan deg | truth distance=inf m
[INFO] [1791342577.098590201] [front_tof_monitor]: USV RGB=True | TOF=True | active=front_tof | range=2.35 m | depth ratio=0.99 | window rates RGB/ToF=0.94/0.69 | frame change=0.0122 | truth angle FOV=False | RGB render volume=False | H/V angles=nan/nan deg | truth distance=inf m
[WARN] [1791342577.198191080] [front_tof_monitor]: USV RGB=True | TOF=False | active=front_rgb_only | range=nan m | depth ratio=0.00 | window rates RGB/ToF=0.94/0.69 | frame change=0.0122 | truth angle FOV=False | RGB render volume=False | H/V angles=nan/nan deg | truth distance=inf m
[INFO] [1791342577.298745095] [front_tof_monitor]: USV RGB=True | TOF=True | active=front_tof | range=2.02 m | depth ratio=0.99 | window rates RGB/ToF=0.94/0.70 | frame change=0.0222 | truth angle FOV=False | RGB render volume=False | H/V angles=nan/nan deg | truth distance=inf m
[WARN] [1791342577.498274767] [front_tof_monitor]: USV RGB=True | TOF=False | active=front_rgb_only | range=nan m | depth ratio=0.00 | window rates RGB/ToF=0.94/0.71 | frame change=0.0222 | truth angle FOV=False | RGB render volume=False | H/V angles=nan/nan deg | truth distance=inf m
[INFO] [1791342577.600536722] [front_tof_monitor]: USV RGB=True | TOF=True | active=front_tof | range=1.72 m | depth ratio=0.99 | window rates RGB/ToF=0.94/0.71 | frame change=0.0180 | truth angle FOV=False | RGB render volume=False | H/V angles=nan/nan deg | truth distance=inf m
[WARN] [1791342577.698563912] [front_tof_monitor]: USV RGB=True | TOF=False | active=front_rgb_only | range=nan m | depth ratio=0.00 | window rates RGB/ToF=0.94/0.69 | frame change=0.0180 | truth angle FOV=False | RGB render volume=False | H/V angles=nan/nan deg | truth distance=inf m
[INFO] [1791342577.801253211] [front_tof_monitor]: USV RGB=True | TOF=True | active=front_tof | range=1.50 m | depth ratio=0.99 | window rates RGB/ToF=0.94/0.70 | frame change=0.0122 | truth angle FOV=False | RGB render volume=False | H/V angles=nan/nan deg | truth distance=inf m
[WARN] [1791342578.198715024] [front_tof_monitor]: USV RGB=True | TOF=False | active=front_rgb_only | range=nan m | depth ratio=0.00 | window rates RGB/ToF=0.98/0.73 | frame change=0.0686 | truth angle FOV=False | RGB render volume=False | H/V angles=nan/nan deg | truth distance=inf m
[INFO] [1791342578.398457168] [front_tof_monitor]: USV RGB=True | TOF=True | active=front_tof | range=4.26 m | depth ratio=0.99 | window rates RGB/ToF=1.00/0.73 | frame change=0.0784 | truth angle FOV=False | RGB render volume=False | H/V angles=nan/nan deg | truth distance=inf m
[WARN] [1791342578.898274921] [front_tof_monitor]: USV RGB=True | TOF=False | active=front_rgb_only | range=nan m | depth ratio=0.00 | window rates RGB/ToF=1.00/0.73 | frame change=0.0702 | truth angle FOV=False | RGB render volume=False | H/V angles=nan/nan deg | truth distance=inf m
[INFO] [1791342579.099362420] [front_tof_monitor]: USV RGB=True | TOF=True | active=front_tof | range=0.89 m | depth ratio=0.99 | window rates RGB/ToF=1.00/0.71 | frame change=0.0144 | truth angle FOV=False | RGB render volume=False | H/V angles=nan/nan deg | truth distance=inf m
[WARN] [1791342579.498981924] [front_tof_monitor]: USV RGB=True | TOF=False | active=front_rgb_only | range=nan m | depth ratio=0.00 | window rates RGB/ToF=1.00/0.69 | frame change=0.2070 | truth angle FOV=False | RGB render volume=False | H/V angles=nan/nan deg | truth distance=inf m
[INFO] [1791342579.599069585] [front_tof_monitor]: USV RGB=True | TOF=True | active=front_tof | range=0.62 m | depth ratio=0.99 | window rates RGB/ToF=1.00/0.69 | frame change=0.2070 | truth angle FOV=False | RGB render volume=False | H/V angles=nan/nan deg | truth distance=inf m
[WARN] [1791342579.698352454] [front_tof_monitor]: USV RGB=True | TOF=False | active=front_rgb_only | range=nan m | depth ratio=0.00 | window rates RGB/ToF=1.00/0.68 | frame change=0.0935 | truth angle FOV=False | RGB render volume=False | H/V angles=nan/nan deg | truth distance=inf m
[WARN] [1791342579.999204374] [front_tof_monitor]: USV RGB=False | TOF=False | active=none | range=nan m | depth ratio=0.00 | window rates RGB/ToF=0.98/0.66 | frame change=0.0462 | truth angle FOV=False | RGB render volume=False | H/V angles=nan/nan deg | truth distance=inf m
[WARN] [1791342580.899058102] [front_tof_monitor]: USV RGB=True | TOF=False | active=front_rgb_only | range=nan m | depth ratio=0.00 | window rates RGB/ToF=0.82/0.51 | frame change=0.0994 | truth angle FOV=False | RGB render volume=False | H/V angles=nan/nan deg | truth distance=inf m
[INFO] [1791342581.198412399] [front_tof_monitor]: USV RGB=True | TOF=True | active=front_tof | range=2.73 m | depth ratio=0.98 | window rates RGB/ToF=0.82/0.47 | frame change=0.0435 | truth angle FOV=False | RGB render volume=False | H/V angles=nan/nan deg | truth distance=inf m
[WARN] [1791342581.398375507] [front_tof_monitor]: USV RGB=True | TOF=False | active=front_rgb_only | range=nan m | depth ratio=0.00 | window rates RGB/ToF=0.82/0.46 | frame change=0.0334 | truth angle FOV=False | RGB render volume=False | H/V angles=nan/nan deg | truth distance=inf m
[INFO] [1791342581.498894268] [front_tof_monitor]: USV RGB=True | TOF=True | active=front_tof | range=4.13 m | depth ratio=0.99 | window rates RGB/ToF=0.82/0.47 | frame change=0.0334 | truth angle FOV=False | RGB render volume=False | H/V angles=nan/nan deg | truth distance=inf m
[WARN] [1791342581.598230626] [front_tof_monitor]: USV RGB=True | TOF=False | active=front_rgb_only | range=nan m | depth ratio=0.00 | window rates RGB/ToF=0.82/0.45 | frame change=0.0304 | truth angle FOV=False | RGB render volume=False | H/V angles=nan/nan deg | truth distance=inf m
[INFO] [1791342581.798393531] [front_tof_monitor]: USV RGB=True | TOF=True | active=front_tof | range=4.81 m | depth ratio=0.99 | window rates RGB/ToF=0.82/0.45 | frame change=0.0418 | truth angle FOV=False | RGB render volume=False | H/V angles=nan/nan deg | truth distance=inf m
[WARN] [1791342581.998185096] [front_tof_monitor]: USV RGB=True | TOF=False | active=front_rgb_only | range=nan m | depth ratio=0.00 | window rates RGB/ToF=0.82/0.45 | frame change=0.0418 | truth angle FOV=False | RGB render volume=False | H/V angles=nan/nan deg | truth distance=inf m
[INFO] [1791342582.098545583] [front_tof_monitor]: USV RGB=True | TOF=True | active=front_tof | range=7.67 m | depth ratio=0.99 | window rates RGB/ToF=0.82/0.47 | frame change=0.0394 | truth angle FOV=False | RGB render volume=False | H/V angles=nan/nan deg | truth distance=inf m
[WARN] [1791342582.498811598] [front_tof_monitor]: USV RGB=True | TOF=False | active=front_rgb_only | range=nan m | depth ratio=0.00 | window rates RGB/ToF=0.82/0.47 | frame change=0.0021 | truth angle FOV=False | RGB render volume=False | H/V angles=nan/nan deg | truth distance=inf m
[INFO] [1791342582.599343380] [front_tof_monitor]: USV RGB=True | TOF=True | active=front_tof | range=5.20 m | depth ratio=0.99 | window rates RGB/ToF=0.82/0.49 | frame change=0.0021 | truth angle FOV=False | RGB render volume=False | H/V angles=nan/nan deg | truth distance=inf m
[WARN] [1791342582.698827612] [front_tof_monitor]: USV RGB=True | TOF=False | active=front_rgb_only | range=nan m | depth ratio=0.00 | window rates RGB/ToF=0.82/0.47 | frame change=0.0005 | truth angle FOV=False | RGB render volume=False | H/V angles=nan/nan deg | truth distance=inf m
[INFO] [1791342582.998506224] [front_tof_monitor]: USV RGB=True | TOF=True | active=front_tof | range=5.14 m | depth ratio=0.99 | window rates RGB/ToF=0.82/0.45 | frame change=0.0025 | truth angle FOV=False | RGB render volume=False | H/V angles=nan/nan deg | truth distance=inf m
[WARN] [1791342583.898868478] [front_tof_monitor]: USV RGB=True | TOF=False | active=front_rgb_only | range=nan m | depth ratio=0.00 | window rates RGB/ToF=0.82/0.48 | frame change=0.0219 | truth angle FOV=False | RGB render volume=False | H/V angles=nan/nan deg | truth distance=inf m
[INFO] [1791342584.099207228] [front_tof_monitor]: USV RGB=True | TOF=True | active=front_tof | range=4.46 m | depth ratio=0.99 | window rates RGB/ToF=0.82/0.49 | frame change=0.0227 | truth angle FOV=False | RGB render volume=False | H/V angles=nan/nan deg | truth distance=inf m
[WARN] [1791342584.298865121] [front_tof_monitor]: USV RGB=True | TOF=False | active=front_rgb_only | range=nan m | depth ratio=0.00 | window rates RGB/ToF=0.82/0.47 | frame change=0.0198 | truth angle FOV=False | RGB render volume=False | H/V angles=nan/nan deg | truth distance=inf m
[INFO] [1791342584.398632868] [front_tof_monitor]: USV RGB=True | TOF=True | active=front_tof | range=3.79 m | depth ratio=0.98 | window rates RGB/ToF=0.82/0.46 | frame change=0.0198 | truth angle FOV=False | RGB render volume=False | H/V angles=nan/nan deg | truth distance=inf m
[WARN] [1791342584.998930589] [front_tof_monitor]: USV RGB=True | TOF=False | active=front_rgb_only | range=nan m | depth ratio=0.00 | window rates RGB/ToF=0.82/0.53 | frame change=0.0184 | truth angle FOV=False | RGB render volume=False | H/V angles=nan/nan deg | truth distance=inf m
[INFO] [1791342585.099013778] [front_tof_monitor]: USV RGB=True | TOF=True | active=front_tof | range=2.64 m | depth ratio=0.99 | window rates RGB/ToF=0.84/0.55 | frame change=0.0184 | truth angle FOV=False | RGB render volume=False | H/V angles=nan/nan deg | truth distance=inf m
[WARN] [1791342585.498831707] [front_tof_monitor]: USV RGB=True | TOF=False | active=front_rgb_only | range=nan m | depth ratio=0.00 | window rates RGB/ToF=0.94/0.62 | frame change=0.0306 | truth angle FOV=False | RGB render volume=False | H/V angles=nan/nan deg | truth distance=inf m
[INFO] [1791342585.598655484] [front_tof_monitor]: USV RGB=True | TOF=True | active=front_tof | range=2.43 m | depth ratio=0.99 | window rates RGB/ToF=0.94/0.63 | frame change=0.0306 | truth angle FOV=False | RGB render volume=False | H/V angles=nan/nan deg | truth distance=inf m
[WARN] [1791342585.699548619] [front_tof_monitor]: USV RGB=True | TOF=False | active=front_rgb_only | range=nan m | depth ratio=0.00 | window rates RGB/ToF=0.98/0.64 | frame change=0.0297 | truth angle FOV=False | RGB render volume=False | H/V angles=nan/nan deg | truth distance=inf m
[INFO] [1791342586.198494430] [front_tof_monitor]: USV RGB=True | TOF=True | active=front_tof | range=2.72 m | depth ratio=0.99 | window rates RGB/ToF=1.00/0.64 | frame change=0.0345 | truth angle FOV=False | RGB render volume=False | H/V angles=nan/nan deg | truth distance=inf m
[WARN] [1791342586.298294867] [front_tof_monitor]: USV RGB=True | TOF=False | active=front_rgb_only | range=nan m | depth ratio=0.00 | window rates RGB/ToF=1.00/0.63 | frame change=0.0345 | truth angle FOV=False | RGB render volume=False | H/V angles=nan/nan deg | truth distance=inf m
[INFO] [1791342586.398676378] [front_tof_monitor]: USV RGB=True | TOF=True | active=front_tof | range=2.74 m | depth ratio=0.99 | window rates RGB/ToF=1.00/0.63 | frame change=0.0279 | truth angle FOV=False | RGB render volume=False | H/V angles=nan/nan deg | truth distance=inf m
[WARN] [1791342586.999645218] [front_tof_monitor]: USV RGB=True | TOF=False | active=front_rgb_only | range=nan m | depth ratio=0.00 | window rates RGB/ToF=1.00/0.68 | frame change=0.0071 | truth angle FOV=False | RGB render volume=False | H/V angles=nan/nan deg | truth distance=inf m
[INFO] [1791342587.100400648] [front_tof_monitor]: USV RGB=True | TOF=True | active=front_tof | range=2.80 m | depth ratio=0.99 | window rates RGB/ToF=1.00/0.68 | frame change=0.0139 | truth angle FOV=False | RGB render volume=False | H/V angles=nan/nan deg | truth distance=inf m
[WARN] [1791342587.498903107] [front_tof_monitor]: USV RGB=True | TOF=False | active=front_rgb_only | range=nan m | depth ratio=0.00 | window rates RGB/ToF=1.00/0.68 | frame change=0.0405 | truth angle FOV=False | RGB render volume=False | H/V angles=nan/nan deg | truth distance=inf m
[INFO] [1791342587.598503955] [front_tof_monitor]: USV RGB=True | TOF=True | active=front_tof | range=2.59 m | depth ratio=0.99 | window rates RGB/ToF=1.00/0.69 | frame change=0.0405 | truth angle FOV=False | RGB render volume=False | H/V angles=nan/nan deg | truth distance=inf m
[WARN] [1791342587.999131354] [front_tof_monitor]: USV RGB=True | TOF=False | active=front_rgb_only | range=nan m | depth ratio=0.00 | window rates RGB/ToF=1.00/0.72 | frame change=0.0203 | truth angle FOV=False | RGB render volume=False | H/V angles=nan/nan deg | truth distance=inf m
[INFO] [1791342588.399338954] [front_tof_monitor]: USV RGB=True | TOF=True | active=front_tof | range=1.95 m | depth ratio=0.99 | window rates RGB/ToF=1.00/0.66 | frame change=0.0122 | truth angle FOV=False | RGB render volume=False | H/V angles=nan/nan deg | truth distance=inf m
[WARN] [1791342588.498238455] [front_tof_monitor]: USV RGB=True | TOF=False | active=front_rgb_only | range=nan m | depth ratio=0.00 | window rates RGB/ToF=1.00/0.65 | frame change=0.0122 | truth angle FOV=False | RGB render volume=False | H/V angles=nan/nan deg | truth distance=inf m
[INFO] [1791342588.600139651] [front_tof_monitor]: USV RGB=True | TOF=True | active=front_tof | range=1.79 m | depth ratio=0.99 | window rates RGB/ToF=1.00/0.64 | frame change=0.0098 | truth angle FOV=False | RGB render volume=False | H/V angles=nan/nan deg | truth distance=inf m
[WARN] [1791342589.498208973] [front_tof_monitor]: USV RGB=True | TOF=False | active=front_rgb_only | range=nan m | depth ratio=0.00 | window rates RGB/ToF=1.00/0.69 | frame change=0.0417 | truth angle FOV=False | RGB render volume=False | H/V angles=nan/nan deg | truth distance=inf m
[INFO] [1791342589.698763958] [front_tof_monitor]: USV RGB=True | TOF=True | active=front_tof | range=3.44 m | depth ratio=0.99 | window rates RGB/ToF=1.00/0.66 | frame change=0.0774 | truth angle FOV=False | RGB render volume=False | H/V angles=nan/nan deg | truth distance=inf m
[WARN] [1791342590.598800810] [front_tof_monitor]: USV RGB=True | TOF=False | active=front_rgb_only | range=nan m | depth ratio=0.00 | window rates RGB/ToF=1.00/0.68 | frame change=0.0436 | truth angle FOV=False | RGB render volume=False | H/V angles=nan/nan deg | truth distance=inf m
[INFO] [1791342590.699314012] [front_tof_monitor]: USV RGB=True | TOF=True | active=front_tof | range=1.22 m | depth ratio=0.99 | window rates RGB/ToF=1.00/0.69 | frame change=0.0436 | truth angle FOV=False | RGB render volume=False | H/V angles=nan/nan deg | truth distance=inf m
[WARN] [1791342591.799517909] [front_tof_monitor]: USV RGB=True | TOF=False | active=front_rgb_only | range=nan m | depth ratio=0.00 | window rates RGB/ToF=1.00/0.78 | frame change=0.0133 | truth angle FOV=False | RGB render volume=False | H/V angles=nan/nan deg | truth distance=inf m
[INFO] [1791342592.298434642] [front_tof_monitor]: USV RGB=True | TOF=True | active=front_tof | range=5.69 m | depth ratio=0.99 | window rates RGB/ToF=1.00/0.73 | frame change=0.0912 | truth angle FOV=False | RGB render volume=False | H/V angles=nan/nan deg | truth distance=inf m
[WARN] [1791342592.398201130] [front_tof_monitor]: USV RGB=True | TOF=False | active=front_rgb_only | range=nan m | depth ratio=0.00 | window rates RGB/ToF=1.00/0.70 | frame change=0.0912 | truth angle FOV=False | RGB render volume=False | H/V angles=nan/nan deg | truth distance=inf m
[INFO] [1791342592.499138260] [front_tof_monitor]: USV RGB=True | TOF=True | active=front_tof | range=5.87 m | depth ratio=1.00 | window rates RGB/ToF=1.00/0.71 | frame change=0.0465 | truth angle FOV=False | RGB render volume=False | H/V angles=nan/nan deg | truth distance=inf m
[WARN] [1791342592.599926292] [front_tof_monitor]: USV RGB=True | TOF=False | active=front_rgb_only | range=nan m | depth ratio=0.00 | window rates RGB/ToF=1.00/0.70 | frame change=0.0465 | truth angle FOV=False | RGB render volume=False | H/V angles=nan/nan deg | truth distance=inf m
[INFO] [1791342592.699098204] [front_tof_monitor]: USV RGB=True | TOF=True | active=front_tof | range=7.18 m | depth ratio=0.99 | window rates RGB/ToF=1.00/0.70 | frame change=0.0429 | truth angle FOV=False | RGB render volume=False | H/V angles=nan/nan deg | truth distance=inf m
[WARN] [1791342593.098207620] [front_tof_monitor]: USV RGB=True | TOF=False | active=front_rgb_only | range=nan m | depth ratio=0.00 | window rates RGB/ToF=1.00/0.72 | frame change=0.0158 | truth angle FOV=False | RGB render volume=False | H/V angles=nan/nan deg | truth distance=inf m
[INFO] [1791342593.198488239] [front_tof_monitor]: USV RGB=True | TOF=True | active=front_tof | range=5.45 m | depth ratio=0.99 | window rates RGB/ToF=1.00/0.74 | frame change=0.0072 | truth angle FOV=False | RGB render volume=False | H/V angles=nan/nan deg | truth distance=inf m
[WARN] [1791342593.298700277] [front_tof_monitor]: USV RGB=True | TOF=False | active=front_rgb_only | range=nan m | depth ratio=0.00 | window rates RGB/ToF=1.00/0.74 | frame change=0.0072 | truth angle FOV=False | RGB render volume=False | H/V angles=nan/nan deg | truth distance=inf m
[INFO] [1791342593.398486273] [front_tof_monitor]: USV RGB=True | TOF=True | active=front_tof | range=5.57 m | depth ratio=0.99 | window rates RGB/ToF=1.00/0.75 | frame change=0.0025 | truth angle FOV=False | RGB render volume=False | H/V angles=nan/nan deg | truth distance=inf m
[WARN] [1791342593.798389773] [front_tof_monitor]: USV RGB=True | TOF=False | active=front_rgb_only | range=nan m | depth ratio=0.00 | window rates RGB/ToF=1.00/0.74 | frame change=0.0057 | truth angle FOV=False | RGB render volume=False | H/V angles=nan/nan deg | truth distance=inf m
[INFO] [1791342593.899112895] [front_tof_monitor]: USV RGB=True | TOF=True | active=front_tof | range=5.57 m | depth ratio=0.98 | window rates RGB/ToF=1.00/0.75 | frame change=0.0068 | truth angle FOV=False | RGB render volume=False | H/V angles=nan/nan deg | truth distance=inf m
[WARN] [1791342594.298788937] [front_tof_monitor]: USV RGB=True | TOF=False | active=front_rgb_only | range=nan m | depth ratio=0.00 | window rates RGB/ToF=1.00/0.73 | frame change=0.0164 | truth angle FOV=False | RGB render volume=False | H/V angles=nan/nan deg | truth distance=inf m
[INFO] [1791342594.598491427] [front_tof_monitor]: USV RGB=True | TOF=True | active=front_tof | range=6.50 m | depth ratio=1.00 | window rates RGB/ToF=1.00/0.71 | frame change=0.0318 | truth angle FOV=False | RGB render volume=False | H/V angles=nan/nan deg | truth distance=inf m
[WARN] [1791342594.698151851] [front_tof_monitor]: USV RGB=True | TOF=False | active=front_rgb_only | range=nan m | depth ratio=0.00 | window rates RGB/ToF=1.00/0.71 | frame change=0.0318 | truth angle FOV=False | RGB render volume=False | H/V angles=nan/nan deg | truth distance=inf m
[INFO] [1791342594.798406249] [front_tof_monitor]: USV RGB=True | TOF=True | active=front_tof | range=5.48 m | depth ratio=0.99 | window rates RGB/ToF=1.00/0.71 | frame change=0.0231 | truth angle FOV=False | RGB render volume=False | H/V angles=nan/nan deg | truth distance=inf m
[WARN] [1791342594.898535727] [front_tof_monitor]: USV RGB=True | TOF=False | active=front_rgb_only | range=nan m | depth ratio=0.00 | window rates RGB/ToF=1.00/0.69 | frame change=0.0231 | truth angle FOV=False | RGB render volume=False | H/V angles=nan/nan deg | truth distance=inf m
[INFO] [1791342594.999472356] [front_tof_monitor]: USV RGB=True | TOF=True | active=front_tof | range=5.07 m | depth ratio=0.99 | window rates RGB/ToF=1.00/0.68 | frame change=0.0153 | truth angle FOV=False | RGB render volume=False | H/V angles=nan/nan deg | truth distance=inf m
[WARN] [1791342595.101080897] [front_tof_monitor]: USV RGB=True | TOF=False | active=front_rgb_only | range=nan m | depth ratio=0.00 | window rates RGB/ToF=1.00/0.66 | frame change=0.0153 | truth angle FOV=False | RGB render volume=False | H/V angles=nan/nan deg | truth distance=inf m
[INFO] [1791342595.498398326] [front_tof_monitor]: USV RGB=True | TOF=True | active=front_tof | range=4.10 m | depth ratio=1.00 | window rates RGB/ToF=1.00/0.61 | frame change=0.0128 | truth angle FOV=False | RGB render volume=False | H/V angles=nan/nan deg | truth distance=inf m
[WARN] [1791342595.598869075] [front_tof_monitor]: USV RGB=True | TOF=False | active=front_rgb_only | range=nan m | depth ratio=0.00 | window rates RGB/ToF=1.00/0.59 | frame change=0.0128 | truth angle FOV=False | RGB render volume=False | H/V angles=nan/nan deg | truth distance=inf m
[INFO] [1791342595.698486049] [front_tof_monitor]: USV RGB=True | TOF=True | active=front_tof | range=3.71 m | depth ratio=0.99 | window rates RGB/ToF=1.00/0.61 | frame change=0.0110 | truth angle FOV=False | RGB render volume=False | H/V angles=nan/nan deg | truth distance=inf m
[WARN] [1791342596.098876750] [front_tof_monitor]: USV RGB=True | TOF=False | active=front_rgb_only | range=nan m | depth ratio=0.00 | window rates RGB/ToF=1.00/0.59 | frame change=0.0187 | truth angle FOV=False | RGB render volume=False | H/V angles=nan/nan deg | truth distance=inf m
[INFO] [1791342596.699450723] [front_tof_monitor]: USV RGB=True | TOF=True | active=front_tof | range=2.48 m | depth ratio=0.99 | window rates RGB/ToF=1.00/0.48 | frame change=0.0194 | truth angle FOV=False | RGB render volume=False | H/V angles=nan/nan deg | truth distance=inf m
[WARN] [1791342596.798227483] [front_tof_monitor]: USV RGB=True | TOF=False | active=front_rgb_only | range=nan m | depth ratio=0.00 | window rates RGB/ToF=1.00/0.47 | frame change=0.0238 | truth angle FOV=False | RGB render volume=False | H/V angles=nan/nan deg | truth distance=inf m
[INFO] [1791342597.099588046] [front_tof_monitor]: USV RGB=True | TOF=True | active=front_tof | range=2.58 m | depth ratio=0.99 | window rates RGB/ToF=1.00/0.50 | frame change=0.0291 | truth angle FOV=False | RGB render volume=False | H/V angles=nan/nan deg | truth distance=inf m
[WARN] [1791342597.198256496] [front_tof_monitor]: USV RGB=True | TOF=False | active=front_rgb_only | range=nan m | depth ratio=0.00 | window rates RGB/ToF=1.00/0.49 | frame change=0.0291 | truth angle FOV=False | RGB render volume=False | H/V angles=nan/nan deg | truth distance=inf m
[INFO] [1791342597.298844229] [front_tof_monitor]: USV RGB=True | TOF=True | active=front_tof | range=2.67 m | depth ratio=0.99 | window rates RGB/ToF=1.00/0.50 | frame change=0.0257 | truth angle FOV=False | RGB render volume=False | H/V angles=nan/nan deg | truth distance=inf m
[WARN] [1791342597.898275369] [front_tof_monitor]: USV RGB=True | TOF=False | active=front_rgb_only | range=nan m | depth ratio=0.00 | window rates RGB/ToF=1.00/0.52 | frame change=0.0079 | truth angle FOV=False | RGB render volume=False | H/V angles=nan/nan deg | truth distance=inf m
[INFO] [1791342598.098497992] [front_tof_monitor]: USV RGB=True | TOF=True | active=front_tof | range=2.76 m | depth ratio=0.99 | window rates RGB/ToF=1.00/0.52 | frame change=0.0037 | truth angle FOV=False | RGB render volume=False | H/V angles=nan/nan deg | truth distance=inf m
[WARN] [1791342598.298227060] [front_tof_monitor]: USV RGB=True | TOF=False | active=front_rgb_only | range=nan m | depth ratio=0.00 | window rates RGB/ToF=1.00/0.51 | frame change=0.0135 | truth angle FOV=False | RGB render volume=False | H/V angles=nan/nan deg | truth distance=inf m
[INFO] [1791342598.799347971] [front_tof_monitor]: USV RGB=True | TOF=True | active=front_tof | range=2.62 m | depth ratio=0.99 | window rates RGB/ToF=1.00/0.46 | frame change=0.0326 | truth angle FOV=False | RGB render volume=False | H/V angles=nan/nan deg | truth distance=inf m
[WARN] [1791342599.199080515] [front_tof_monitor]: USV RGB=True | TOF=False | active=front_rgb_only | range=nan m | depth ratio=0.00 | window rates RGB/ToF=1.00/0.44 | frame change=0.0245 | truth angle FOV=False | RGB render volume=False | H/V angles=nan/nan deg | truth distance=inf m
[INFO] [1791342599.299965259] [front_tof_monitor]: USV RGB=True | TOF=True | active=front_tof | range=2.21 m | depth ratio=0.99 | window rates RGB/ToF=1.00/0.46 | frame change=0.0263 | truth angle FOV=False | RGB render volume=False | H/V angles=nan/nan deg | truth distance=inf m
[WARN] [1791342599.898256854] [front_tof_monitor]: USV RGB=True | TOF=False | active=front_rgb_only | range=nan m | depth ratio=0.00 | window rates RGB/ToF=1.00/0.52 | frame change=0.0071 | truth angle FOV=False | RGB render volume=False | H/V angles=nan/nan deg | truth distance=inf m
[INFO] [1791342600.199215619] [front_tof_monitor]: USV RGB=True | TOF=True | active=front_tof | range=1.60 m | depth ratio=0.99 | window rates RGB/ToF=1.00/0.52 | frame change=0.0127 | truth angle FOV=False | RGB render volume=False | H/V angles=nan/nan deg | truth distance=inf m
[WARN] [1791342600.898205565] [front_tof_monitor]: USV RGB=True | TOF=False | active=front_rgb_only | range=nan m | depth ratio=0.00 | window rates RGB/ToF=1.00/0.57 | frame change=0.0046 | truth angle FOV=False | RGB render volume=False | H/V angles=nan/nan deg | truth distance=inf m
[INFO] [1791342601.398393798] [front_tof_monitor]: USV RGB=True | TOF=True | active=front_tof | range=1.40 m | depth ratio=0.99 | window rates RGB/ToF=1.00/0.55 | frame change=0.0502 | truth angle FOV=False | RGB render volume=False | H/V angles=nan/nan deg | truth distance=inf m
[WARN] [1791342601.498327381] [front_tof_monitor]: USV RGB=True | TOF=False | active=front_rgb_only | range=nan m | depth ratio=0.00 | window rates RGB/ToF=1.00/0.56 | frame change=0.0502 | truth angle FOV=False | RGB render volume=False | H/V angles=nan/nan deg | truth distance=inf m
[INFO] [1791342601.598543187] [front_tof_monitor]: USV RGB=True | TOF=True | active=front_tof | range=1.43 m | depth ratio=0.99 | window rates RGB/ToF=1.00/0.57 | frame change=0.0700 | truth angle FOV=False | RGB render volume=False | H/V angles=nan/nan deg | truth distance=inf m
[WARN] [1791342601.698257239] [front_tof_monitor]: USV RGB=True | TOF=False | active=front_rgb_only | range=nan m | depth ratio=0.00 | window rates RGB/ToF=1.00/0.57 | frame change=0.0700 | truth angle FOV=False | RGB render volume=False | H/V angles=nan/nan deg | truth distance=inf m
[INFO] [1791342601.799611436] [front_tof_monitor]: USV RGB=True | TOF=True | active=front_tof | range=4.25 m | depth ratio=0.99 | window rates RGB/ToF=1.00/0.58 | frame change=0.0735 | truth angle FOV=False | RGB render volume=False | H/V angles=nan/nan deg | truth distance=inf m
[WARN] [1791342602.198984430] [front_tof_monitor]: USV RGB=True | TOF=False | active=front_rgb_only | range=nan m | depth ratio=0.00 | window rates RGB/ToF=1.00/0.62 | frame change=0.0652 | truth angle FOV=False | RGB render volume=False | H/V angles=nan/nan deg | truth distance=inf m
[INFO] [1791342602.300615158] [front_tof_monitor]: USV RGB=True | TOF=True | active=front_tof | range=1.08 m | depth ratio=0.98 | window rates RGB/ToF=1.00/0.62 | frame change=0.0460 | truth angle FOV=False | RGB render volume=False | H/V angles=nan/nan deg | truth distance=inf m
[WARN] [1791342602.398843812] [front_tof_monitor]: USV RGB=True | TOF=False | active=front_rgb_only | range=nan m | depth ratio=0.00 | window rates RGB/ToF=1.00/0.60 | frame change=0.0460 | truth angle FOV=False | RGB render volume=False | H/V angles=nan/nan deg | truth distance=inf m
[INFO] [1791342602.500048048] [front_tof_monitor]: USV RGB=True | TOF=True | active=front_tof | range=1.00 m | depth ratio=0.99 | window rates RGB/ToF=1.00/0.60 | frame change=0.0241 | truth angle FOV=False | RGB render volume=False | H/V angles=nan/nan deg | truth distance=inf m
[WARN] [1791342603.098354962] [front_tof_monitor]: USV RGB=True | TOF=False | active=front_rgb_only | range=nan m | depth ratio=0.00 | window rates RGB/ToF=1.00/0.62 | frame change=0.1009 | truth angle FOV=False | RGB render volume=False | H/V angles=nan/nan deg | truth distance=inf m
[INFO] [1791342603.199056888] [front_tof_monitor]: USV RGB=True | TOF=True | active=front_tof | range=1.48 m | depth ratio=0.99 | window rates RGB/ToF=1.00/0.63 | frame change=0.1009 | truth angle FOV=False | RGB render volume=False | H/V angles=nan/nan deg | truth distance=inf m
[WARN] [1791342603.298996107] [front_tof_monitor]: USV RGB=False | TOF=False | active=none | range=nan m | depth ratio=0.00 | window rates RGB/ToF=0.98/0.62 | frame change=0.0324 | truth angle FOV=False | RGB render volume=False | H/V angles=nan/nan deg | truth distance=inf m
[WARN] [1791342604.098741459] [front_tof_monitor]: USV RGB=True | TOF=False | active=front_rgb_only | range=nan m | depth ratio=0.00 | window rates RGB/ToF=0.84/0.55 | frame change=0.0305 | truth angle FOV=False | RGB render volume=False | H/V angles=nan/nan deg | truth distance=inf m
[INFO] [1791342604.199038574] [front_tof_monitor]: USV RGB=True | TOF=True | active=front_tof | range=1.91 m | depth ratio=0.99 | window rates RGB/ToF=0.84/0.56 | frame change=0.0305 | truth angle FOV=False | RGB render volume=False | H/V angles=nan/nan deg | truth distance=inf m
[WARN] [1791342604.298164679] [front_tof_monitor]: USV RGB=True | TOF=False | active=front_rgb_only | range=nan m | depth ratio=0.00 | window rates RGB/ToF=0.84/0.55 | frame change=0.0743 | truth angle FOV=False | RGB render volume=False | H/V angles=nan/nan deg | truth distance=inf m
[INFO] [1791342604.498504081] [front_tof_monitor]: USV RGB=True | TOF=True | active=front_tof | range=3.27 m | depth ratio=0.99 | window rates RGB/ToF=0.84/0.53 | frame change=0.0442 | truth angle FOV=False | RGB render volume=False | H/V angles=nan/nan deg | truth distance=inf m
[WARN] [1791342605.798956494] [front_tof_monitor]: USV RGB=True | TOF=False | active=front_rgb_only | range=nan m | depth ratio=0.00 | window rates RGB/ToF=0.84/0.56 | frame change=0.0045 | truth angle FOV=False | RGB render volume=False | H/V angles=nan/nan deg | truth distance=inf m
[INFO] [1791342605.899085757] [front_tof_monitor]: USV RGB=True | TOF=True | active=front_tof | range=5.08 m | depth ratio=0.99 | window rates RGB/ToF=0.84/0.58 | frame change=0.0023 | truth angle FOV=False | RGB render volume=False | H/V angles=nan/nan deg | truth distance=inf m
[WARN] [1791342606.598833091] [front_tof_monitor]: USV RGB=True | TOF=False | active=front_rgb_only | range=nan m | depth ratio=0.00 | window rates RGB/ToF=0.84/0.66 | frame change=0.0065 | truth angle FOV=False | RGB render volume=False | H/V angles=nan/nan deg | truth distance=inf m
[INFO] [1791342606.798440350] [front_tof_monitor]: USV RGB=True | TOF=True | active=front_tof | range=5.12 m | depth ratio=0.99 | window rates RGB/ToF=0.84/0.67 | frame change=0.0526 | truth angle FOV=False | RGB render volume=False | H/V angles=nan/nan deg | truth distance=inf m
[WARN] [1791342607.698268028] [front_tof_monitor]: USV RGB=True | TOF=False | active=front_rgb_only | range=nan m | depth ratio=0.00 | window rates RGB/ToF=0.84/0.68 | frame change=0.0230 | truth angle FOV=False | RGB render volume=False | H/V angles=nan/nan deg | truth distance=inf m
[INFO] [1791342607.798602429] [front_tof_monitor]: USV RGB=True | TOF=True | active=front_tof | range=3.33 m | depth ratio=0.99 | window rates RGB/ToF=0.84/0.68 | frame change=0.0230 | truth angle FOV=False | RGB render volume=False | H/V angles=nan/nan deg | truth distance=inf m
[WARN] [1791342607.898299399] [front_tof_monitor]: USV RGB=True | TOF=False | active=front_rgb_only | range=nan m | depth ratio=0.00 | window rates RGB/ToF=0.84/0.67 | frame change=0.0297 | truth angle FOV=False | RGB render volume=False | H/V angles=nan/nan deg | truth distance=inf m
[INFO] [1791342608.098637286] [front_tof_monitor]: USV RGB=True | TOF=True | active=front_tof | range=2.96 m | depth ratio=0.99 | window rates RGB/ToF=0.84/0.66 | frame change=0.0264 | truth angle FOV=False | RGB render volume=False | H/V angles=nan/nan deg | truth distance=inf m
[WARN] [1791342608.998263129] [front_tof_monitor]: USV RGB=True | TOF=False | active=front_rgb_only | range=nan m | depth ratio=0.00 | window rates RGB/ToF=1.00/0.80 | frame change=0.0075 | truth angle FOV=False | RGB render volume=False | H/V angles=nan/nan deg | truth distance=inf m
[INFO] [1791342609.098446995] [front_tof_monitor]: USV RGB=True | TOF=True | active=front_tof | range=1.53 m | depth ratio=0.99 | window rates RGB/ToF=1.00/0.80 | frame change=0.0100 | truth angle FOV=False | RGB render volume=False | H/V angles=nan/nan deg | truth distance=inf m
[WARN] [1791342609.298410504] [front_tof_monitor]: USV RGB=True | TOF=False | active=front_rgb_only | range=nan m | depth ratio=0.00 | window rates RGB/ToF=1.00/0.82 | frame change=0.0362 | truth angle FOV=False | RGB render volume=False | H/V angles=nan/nan deg | truth distance=inf m
[INFO] [1791342609.598589687] [front_tof_monitor]: USV RGB=True | TOF=True | active=front_tof | range=1.53 m | depth ratio=0.99 | window rates RGB/ToF=1.00/0.80 | frame change=0.0535 | truth angle FOV=False | RGB render volume=False | H/V angles=nan/nan deg | truth distance=inf m
[WARN] [1791342609.698516321] [front_tof_monitor]: USV RGB=True | TOF=False | active=front_rgb_only | range=nan m | depth ratio=0.00 | window rates RGB/ToF=1.00/0.78 | frame change=0.0535 | truth angle FOV=False | RGB render volume=False | H/V angles=nan/nan deg | truth distance=inf m
[INFO] [1791342609.799248107] [front_tof_monitor]: USV RGB=True | TOF=True | active=front_tof | range=1.26 m | depth ratio=0.99 | window rates RGB/ToF=1.00/0.78 | frame change=0.0788 | truth angle FOV=False | RGB render volume=False | H/V angles=nan/nan deg | truth distance=inf m
[WARN] [1791342610.198241590] [front_tof_monitor]: USV RGB=True | TOF=False | active=front_rgb_only | range=nan m | depth ratio=0.00 | window rates RGB/ToF=1.00/0.76 | frame change=0.0518 | truth angle FOV=False | RGB render volume=False | H/V angles=nan/nan deg | truth distance=inf m
[INFO] [1791342610.298580824] [front_tof_monitor]: USV RGB=True | TOF=True | active=front_tof | range=0.86 m | depth ratio=0.99 | window rates RGB/ToF=1.00/0.76 | frame change=0.0518 | truth angle FOV=False | RGB render volume=False | H/V angles=nan/nan deg | truth distance=inf m
[WARN] [1791342610.699057968] [front_tof_monitor]: USV RGB=True | TOF=False | active=front_rgb_only | range=nan m | depth ratio=0.00 | window rates RGB/ToF=1.00/0.74 | frame change=0.1048 | truth angle FOV=False | RGB render volume=False | H/V angles=nan/nan deg | truth distance=inf m
[INFO] [1791342610.799547223] [front_tof_monitor]: USV RGB=True | TOF=True | active=front_tof | range=0.48 m | depth ratio=0.99 | window rates RGB/ToF=1.00/0.75 | frame change=0.1048 | truth angle FOV=False | RGB render volume=False | H/V angles=nan/nan deg | truth distance=inf m
[WARN] [1791342611.198513844] [front_tof_monitor]: USV RGB=False | TOF=False | active=none | range=nan m | depth ratio=0.00 | window rates RGB/ToF=0.98/0.74 | frame change=0.0721 | truth angle FOV=False | RGB render volume=False | H/V angles=nan/nan deg | truth distance=inf m
[WARN] [1791342612.098177639] [front_tof_monitor]: USV RGB=True | TOF=False | active=front_rgb_only | range=nan m | depth ratio=0.00 | window rates RGB/ToF=0.82/0.61 | frame change=0.0122 | truth angle FOV=False | RGB render volume=False | H/V angles=nan/nan deg | truth distance=inf m
[INFO] [1791342612.199460642] [front_tof_monitor]: USV RGB=True | TOF=True | active=front_tof | range=1.66 m | depth ratio=0.99 | window rates RGB/ToF=0.82/0.60 | frame change=0.0122 | truth angle FOV=False | RGB render volume=False | H/V angles=nan/nan deg | truth distance=inf m
[WARN] [1791342612.398531039] [front_tof_monitor]: USV RGB=True | TOF=False | active=front_rgb_only | range=nan m | depth ratio=0.00 | window rates RGB/ToF=0.82/0.59 | frame change=0.0193 | truth angle FOV=False | RGB render volume=False | H/V angles=nan/nan deg | truth distance=inf m
[INFO] [1791342612.599085741] [front_tof_monitor]: USV RGB=True | TOF=True | active=front_tof | range=3.40 m | depth ratio=0.99 | window rates RGB/ToF=0.82/0.57 | frame change=0.0763 | truth angle FOV=False | RGB render volume=False | H/V angles=nan/nan deg | truth distance=inf m
[WARN] [1791342612.800748765] [front_tof_monitor]: USV RGB=True | TOF=False | active=front_rgb_only | range=nan m | depth ratio=0.00 | window rates RGB/ToF=0.82/0.56 | frame change=0.0414 | truth angle FOV=False | RGB render volume=False | H/V angles=nan/nan deg | truth distance=inf m
[INFO] [1791342612.899160505] [front_tof_monitor]: USV RGB=True | TOF=True | active=front_tof | range=4.36 m | depth ratio=0.99 | window rates RGB/ToF=0.82/0.58 | frame change=0.0414 | truth angle FOV=False | RGB render volume=False | H/V angles=nan/nan deg | truth distance=inf m
[WARN] [1791342612.998259862] [front_tof_monitor]: USV RGB=True | TOF=False | active=front_rgb_only | range=nan m | depth ratio=0.00 | window rates RGB/ToF=0.82/0.57 | frame change=0.0171 | truth angle FOV=False | RGB render volume=False | H/V angles=nan/nan deg | truth distance=inf m
[INFO] [1791342613.098522578] [front_tof_monitor]: USV RGB=True | TOF=True | active=front_tof | range=5.19 m | depth ratio=0.99 | window rates RGB/ToF=0.82/0.59 | frame change=0.0171 | truth angle FOV=False | RGB render volume=False | H/V angles=nan/nan deg | truth distance=inf m
[WARN] [1791342613.198241052] [front_tof_monitor]: USV RGB=True | TOF=False | active=front_rgb_only | range=nan m | depth ratio=0.00 | window rates RGB/ToF=0.82/0.57 | frame change=0.0072 | truth angle FOV=False | RGB render volume=False | H/V angles=nan/nan deg | truth distance=inf m
[INFO] [1791342613.898632854] [front_tof_monitor]: USV RGB=True | TOF=True | active=front_tof | range=13.56 m | depth ratio=0.99 | window rates RGB/ToF=0.82/0.44 | frame change=0.0403 | truth angle FOV=False | RGB render volume=False | H/V angles=nan/nan deg | truth distance=inf m
[WARN] [1791342613.998851957] [front_tof_monitor]: USV RGB=True | TOF=False | active=front_rgb_only | range=nan m | depth ratio=0.00 | window rates RGB/ToF=0.82/0.43 | frame change=0.0403 | truth angle FOV=False | RGB render volume=False | H/V angles=nan/nan deg | truth distance=inf m
[INFO] [1791342614.098566606] [front_tof_monitor]: USV RGB=True | TOF=True | active=front_tof | range=13.91 m | depth ratio=0.99 | window rates RGB/ToF=0.82/0.44 | frame change=0.0125 | truth angle FOV=False | RGB render volume=False | H/V angles=nan/nan deg | truth distance=inf m
[WARN] [1791342614.198203316] [front_tof_monitor]: USV RGB=True | TOF=False | active=front_rgb_only | range=nan m | depth ratio=0.00 | window rates RGB/ToF=0.82/0.43 | frame change=0.0125 | truth angle FOV=False | RGB render volume=False | H/V angles=nan/nan deg | truth distance=inf m
[INFO] [1791342614.298558667] [front_tof_monitor]: USV RGB=True | TOF=True | active=front_tof | range=7.26 m | depth ratio=0.98 | window rates RGB/ToF=0.82/0.43 | frame change=0.0262 | truth angle FOV=False | RGB render volume=False | H/V angles=nan/nan deg | truth distance=inf m
[WARN] [1791342614.398287395] [front_tof_monitor]: USV RGB=True | TOF=False | active=front_rgb_only | range=nan m | depth ratio=0.00 | window rates RGB/ToF=0.82/0.43 | frame change=0.0262 | truth angle FOV=False | RGB render volume=False | H/V angles=nan/nan deg | truth distance=inf m
[INFO] [1791342614.599055119] [front_tof_monitor]: USV RGB=True | TOF=True | active=front_tof | range=7.52 m | depth ratio=0.98 | window rates RGB/ToF=0.82/0.45 | frame change=0.0073 | truth angle FOV=False | RGB render volume=False | H/V angles=nan/nan deg | truth distance=inf m
[WARN] [1791342614.798356208] [front_tof_monitor]: USV RGB=True | TOF=False | active=front_rgb_only | range=nan m | depth ratio=0.00 | window rates RGB/ToF=0.82/0.45 | frame change=0.0031 | truth angle FOV=False | RGB render volume=False | H/V angles=nan/nan deg | truth distance=inf m
[INFO] [1791342614.898469521] [front_tof_monitor]: USV RGB=True | TOF=True | active=front_tof | range=7.58 m | depth ratio=0.99 | window rates RGB/ToF=0.82/0.45 | frame change=0.0031 | truth angle FOV=False | RGB render volume=False | H/V angles=nan/nan deg | truth distance=inf m
[WARN] [1791342615.298884775] [front_tof_monitor]: USV RGB=True | TOF=False | active=front_rgb_only | range=nan m | depth ratio=0.00 | window rates RGB/ToF=0.82/0.44 | frame change=0.0011 | truth angle FOV=False | RGB render volume=False | H/V angles=nan/nan deg | truth distance=inf m
[INFO] [1791342615.399805773] [front_tof_monitor]: USV RGB=True | TOF=True | active=front_tof | range=7.35 m | depth ratio=1.00 | window rates RGB/ToF=0.82/0.44 | frame change=0.0011 | truth angle FOV=False | RGB render volume=False | H/V angles=nan/nan deg | truth distance=inf m
[WARN] [1791342615.498825381] [front_tof_monitor]: USV RGB=True | TOF=False | active=front_rgb_only | range=nan m | depth ratio=0.00 | window rates RGB/ToF=0.82/0.43 | frame change=0.0118 | truth angle FOV=False | RGB render volume=False | H/V angles=nan/nan deg | truth distance=inf m
[INFO] [1791342615.799125519] [front_tof_monitor]: USV RGB=True | TOF=True | active=front_tof | range=7.60 m | depth ratio=0.99 | window rates RGB/ToF=0.82/0.40 | frame change=0.0237 | truth angle FOV=False | RGB render volume=False | H/V angles=nan/nan deg | truth distance=inf m
[WARN] [1791342615.998974581] [front_tof_monitor]: USV RGB=True | TOF=False | active=front_rgb_only | range=nan m | depth ratio=0.00 | window rates RGB/ToF=0.82/0.38 | frame change=0.0228 | truth angle FOV=False | RGB render volume=False | H/V angles=nan/nan deg | truth distance=inf m
[INFO] [1791342616.198396641] [front_tof_monitor]: USV RGB=True | TOF=True | active=front_tof | range=7.08 m | depth ratio=0.99 | window rates RGB/ToF=0.82/0.37 | frame change=0.0209 | truth angle FOV=False | RGB render volume=False | H/V angles=nan/nan deg | truth distance=inf m
[WARN] [1791342616.299535593] [front_tof_monitor]: USV RGB=True | TOF=False | active=front_rgb_only | range=nan m | depth ratio=0.00 | window rates RGB/ToF=0.86/0.38 | frame change=0.0209 | truth angle FOV=False | RGB render volume=False | H/V angles=nan/nan deg | truth distance=inf m
[INFO] [1791342616.699046567] [front_tof_monitor]: USV RGB=True | TOF=True | active=front_tof | range=6.12 m | depth ratio=1.00 | window rates RGB/ToF=0.92/0.39 | frame change=0.0133 | truth angle FOV=False | RGB render volume=False | H/V angles=nan/nan deg | truth distance=inf m
[WARN] [1791342616.798296463] [front_tof_monitor]: USV RGB=True | TOF=False | active=front_rgb_only | range=nan m | depth ratio=0.00 | window rates RGB/ToF=0.94/0.39 | frame change=0.0133 | truth angle FOV=False | RGB render volume=False | H/V angles=nan/nan deg | truth distance=inf m
[INFO] [1791342617.099121544] [front_tof_monitor]: USV RGB=True | TOF=True | active=front_tof | range=4.98 m | depth ratio=0.99 | window rates RGB/ToF=1.00/0.42 | frame change=0.0084 | truth angle FOV=False | RGB render volume=False | H/V angles=nan/nan deg | truth distance=inf m
[WARN] [1791342617.298835339] [front_tof_monitor]: USV RGB=True | TOF=False | active=front_rgb_only | range=nan m | depth ratio=0.00 | window rates RGB/ToF=1.00/0.40 | frame change=0.0084 | truth angle FOV=False | RGB render volume=False | H/V angles=nan/nan deg | truth distance=inf m
[INFO] [1791342617.399120300] [front_tof_monitor]: USV RGB=True | TOF=True | active=front_tof | range=4.43 m | depth ratio=0.99 | window rates RGB/ToF=1.00/0.42 | frame change=0.0073 | truth angle FOV=False | RGB render volume=False | H/V angles=nan/nan deg | truth distance=inf m
[WARN] [1791342617.598266672] [front_tof_monitor]: USV RGB=True | TOF=False | active=front_rgb_only | range=nan m | depth ratio=0.00 | window rates RGB/ToF=1.00/0.42 | frame change=0.0079 | truth angle FOV=False | RGB render volume=False | H/V angles=nan/nan deg | truth distance=inf m
[INFO] [1791342617.898633441] [front_tof_monitor]: USV RGB=True | TOF=True | active=front_tof | range=3.43 m | depth ratio=0.99 | window rates RGB/ToF=1.00/0.41 | frame change=0.0059 | truth angle FOV=False | RGB render volume=False | H/V angles=nan/nan deg | truth distance=inf m
[WARN] [1791342617.998391428] [front_tof_monitor]: USV RGB=True | TOF=False | active=front_rgb_only | range=nan m | depth ratio=0.00 | window rates RGB/ToF=1.00/0.40 | frame change=0.0146 | truth angle FOV=False | RGB render volume=False | H/V angles=nan/nan deg | truth distance=inf m
[INFO] [1791342618.099975405] [front_tof_monitor]: USV RGB=True | TOF=True | active=front_tof | range=3.16 m | depth ratio=0.99 | window rates RGB/ToF=1.00/0.40 | frame change=0.0146 | truth angle FOV=False | RGB render volume=False | H/V angles=nan/nan deg | truth distance=inf m
[WARN] [1791342618.498214353] [front_tof_monitor]: USV RGB=True | TOF=False | active=front_rgb_only | range=nan m | depth ratio=0.00 | window rates RGB/ToF=1.00/0.45 | frame change=0.0151 | truth angle FOV=False | RGB render volume=False | H/V angles=nan/nan deg | truth distance=inf m
[INFO] [1791342618.600723942] [front_tof_monitor]: USV RGB=True | TOF=True | active=front_tof | range=2.60 m | depth ratio=0.99 | window rates RGB/ToF=1.00/0.48 | frame change=0.0151 | truth angle FOV=False | RGB render volume=False | H/V angles=nan/nan deg | truth distance=inf m
[WARN] [1791342618.698428817] [front_tof_monitor]: USV RGB=True | TOF=False | active=front_rgb_only | range=nan m | depth ratio=0.00 | window rates RGB/ToF=1.00/0.48 | frame change=0.0074 | truth angle FOV=False | RGB render volume=False | H/V angles=nan/nan deg | truth distance=inf m
[INFO] [1791342618.798450454] [front_tof_monitor]: USV RGB=True | TOF=True | active=front_tof | range=2.43 m | depth ratio=0.99 | window rates RGB/ToF=1.00/0.49 | frame change=0.0074 | truth angle FOV=False | RGB render volume=False | H/V angles=nan/nan deg | truth distance=inf m
[WARN] [1791342619.199287767] [front_tof_monitor]: USV RGB=True | TOF=False | active=front_rgb_only | range=nan m | depth ratio=0.00 | window rates RGB/ToF=1.00/0.52 | frame change=0.0136 | truth angle FOV=False | RGB render volume=False | H/V angles=nan/nan deg | truth distance=inf m
[INFO] [1791342619.398488077] [front_tof_monitor]: USV RGB=True | TOF=True | active=front_tof | range=2.11 m | depth ratio=0.99 | window rates RGB/ToF=1.00/0.52 | frame change=0.0180 | truth angle FOV=False | RGB render volume=False | H/V angles=nan/nan deg | truth distance=inf m
[WARN] [1791342620.198769714] [front_tof_monitor]: USV RGB=True | TOF=False | active=front_rgb_only | range=nan m | depth ratio=0.00 | window rates RGB/ToF=1.00/0.54 | frame change=0.0132 | truth angle FOV=False | RGB render volume=False | H/V angles=nan/nan deg | truth distance=inf m
[INFO] [1791342620.398438758] [front_tof_monitor]: USV RGB=True | TOF=True | active=front_tof | range=1.69 m | depth ratio=0.99 | window rates RGB/ToF=1.00/0.55 | frame change=0.0123 | truth angle FOV=False | RGB render volume=False | H/V angles=nan/nan deg | truth distance=inf m
[WARN] [1791342620.798164674] [front_tof_monitor]: USV RGB=True | TOF=False | active=front_rgb_only | range=nan m | depth ratio=0.00 | window rates RGB/ToF=1.00/0.59 | frame change=0.0126 | truth angle FOV=False | RGB render volume=False | H/V angles=nan/nan deg | truth distance=inf m
[INFO] [1791342620.898589307] [front_tof_monitor]: USV RGB=True | TOF=True | active=front_tof | range=1.56 m | depth ratio=0.99 | window rates RGB/ToF=1.00/0.59 | frame change=0.0063 | truth angle FOV=False | RGB render volume=False | H/V angles=nan/nan deg | truth distance=inf m
[WARN] [1791342620.998763634] [front_tof_monitor]: USV RGB=True | TOF=False | active=front_rgb_only | range=nan m | depth ratio=0.00 | window rates RGB/ToF=1.00/0.57 | frame change=0.0063 | truth angle FOV=False | RGB render volume=False | H/V angles=nan/nan deg | truth distance=inf m
[INFO] [1791342621.098609376] [front_tof_monitor]: USV RGB=True | TOF=True | active=front_tof | range=1.50 m | depth ratio=0.99 | window rates RGB/ToF=1.00/0.60 | frame change=0.0029 | truth angle FOV=False | RGB render volume=False | H/V angles=nan/nan deg | truth distance=inf m
[WARN] [1791342621.998878920] [front_tof_monitor]: USV RGB=True | TOF=False | active=front_rgb_only | range=nan m | depth ratio=0.00 | window rates RGB/ToF=1.00/0.72 | frame change=0.0445 | truth angle FOV=False | RGB render volume=False | H/V angles=nan/nan deg | truth distance=inf m
[INFO] [1791342622.099154504] [front_tof_monitor]: USV RGB=True | TOF=True | active=front_tof | range=1.21 m | depth ratio=0.99 | window rates RGB/ToF=1.00/0.72 | frame change=0.0445 | truth angle FOV=False | RGB render volume=False | H/V angles=nan/nan deg | truth distance=inf m
[WARN] [1791342622.498246373] [front_tof_monitor]: USV RGB=True | TOF=False | active=front_rgb_only | range=nan m | depth ratio=0.00 | window rates RGB/ToF=1.00/0.72 | frame change=0.0198 | truth angle FOV=False | RGB render volume=False | H/V angles=nan/nan deg | truth distance=inf m
[INFO] [1791342622.999270828] [front_tof_monitor]: USV RGB=True | TOF=True | active=front_tof | range=0.85 m | depth ratio=0.99 | window rates RGB/ToF=1.00/0.72 | frame change=0.1285 | truth angle FOV=False | RGB render volume=False | H/V angles=nan/nan deg | truth distance=inf m
[WARN] [1791342623.198339300] [front_tof_monitor]: USV RGB=True | TOF=False | active=front_rgb_only | range=nan m | depth ratio=0.00 | window rates RGB/ToF=1.00/0.71 | frame change=0.0787 | truth angle FOV=False | RGB render volume=False | H/V angles=nan/nan deg | truth distance=inf m
[INFO] [1791342623.299256729] [front_tof_monitor]: USV RGB=True | TOF=True | active=front_tof | range=1.59 m | depth ratio=0.99 | window rates RGB/ToF=1.00/0.70 | frame change=0.0787 | truth angle FOV=False | RGB render volume=False | H/V angles=nan/nan deg | truth distance=inf m
[WARN] [1791342623.498233774] [front_tof_monitor]: USV RGB=False | TOF=False | active=none | range=nan m | depth ratio=0.00 | window rates RGB/ToF=0.98/0.70 | frame change=0.0209 | truth angle FOV=False | RGB render volume=False | H/V angles=nan/nan deg | truth distance=inf m
[WARN] [1791342624.199083373] [front_tof_monitor]: USV RGB=True | TOF=False | active=front_rgb_only | range=nan m | depth ratio=0.00 | window rates RGB/ToF=0.86/0.59 | frame change=0.0851 | truth angle FOV=False | RGB render volume=False | H/V angles=nan/nan deg | truth distance=inf m
[INFO] [1791342624.698591410] [front_tof_monitor]: USV RGB=True | TOF=True | active=front_tof | range=4.18 m | depth ratio=0.99 | window rates RGB/ToF=0.86/0.55 | frame change=0.0265 | truth angle FOV=False | RGB render volume=False | H/V angles=nan/nan deg | truth distance=inf m
[WARN] [1791342624.898528893] [front_tof_monitor]: USV RGB=True | TOF=False | active=front_rgb_only | range=nan m | depth ratio=0.00 | window rates RGB/ToF=0.86/0.52 | frame change=0.0047 | truth angle FOV=False | RGB render volume=False | H/V angles=nan/nan deg | truth distance=inf m
[INFO] [1791342625.098468878] [front_tof_monitor]: USV RGB=True | TOF=True | active=front_tof | range=5.79 m | depth ratio=0.99 | window rates RGB/ToF=0.86/0.50 | frame change=0.0050 | truth angle FOV=False | RGB render volume=False | H/V angles=nan/nan deg | truth distance=inf m
[WARN] [1791342625.300712202] [front_tof_monitor]: USV RGB=True | TOF=False | active=front_rgb_only | range=nan m | depth ratio=0.00 | window rates RGB/ToF=0.86/0.51 | frame change=0.0060 | truth angle FOV=False | RGB render volume=False | H/V angles=nan/nan deg | truth distance=inf m
[INFO] [1791342625.400037495] [front_tof_monitor]: USV RGB=True | TOF=True | active=front_tof | range=7.50 m | depth ratio=1.00 | window rates RGB/ToF=0.86/0.52 | frame change=0.0060 | truth angle FOV=False | RGB render volume=False | H/V angles=nan/nan deg | truth distance=inf m
[WARN] [1791342625.598226012] [front_tof_monitor]: USV RGB=True | TOF=False | active=front_rgb_only | range=nan m | depth ratio=0.00 | window rates RGB/ToF=0.86/0.51 | frame change=0.0261 | truth angle FOV=False | RGB render volume=False | H/V angles=nan/nan deg | truth distance=inf m
[INFO] [1791342626.298517017] [front_tof_monitor]: USV RGB=True | TOF=True | active=front_tof | range=11.93 m | depth ratio=0.99 | window rates RGB/ToF=0.86/0.42 | frame change=0.0265 | truth angle FOV=False | RGB render volume=False | H/V angles=nan/nan deg | truth distance=inf m
[WARN] [1791342626.398467412] [front_tof_monitor]: USV RGB=True | TOF=False | active=front_rgb_only | range=nan m | depth ratio=0.00 | window rates RGB/ToF=0.86/0.40 | frame change=0.0265 | truth angle FOV=False | RGB render volume=False | H/V angles=nan/nan deg | truth distance=inf m
[INFO] [1791342626.798491147] [front_tof_monitor]: USV RGB=True | TOF=True | active=front_tof | range=11.68 m | depth ratio=1.00 | window rates RGB/ToF=0.86/0.35 | frame change=0.0077 | truth angle FOV=False | RGB render volume=False | H/V angles=nan/nan deg | truth distance=inf m
[WARN] [1791342627.698775968] [front_tof_monitor]: USV RGB=True | TOF=False | active=front_rgb_only | range=nan m | depth ratio=0.00 | window rates RGB/ToF=0.86/0.40 | frame change=0.0227 | truth angle FOV=False | RGB render volume=False | H/V angles=nan/nan deg | truth distance=inf m
[INFO] [1791342627.798590900] [front_tof_monitor]: USV RGB=True | TOF=True | active=front_tof | range=8.06 m | depth ratio=0.99 | window rates RGB/ToF=0.86/0.41 | frame change=0.0227 | truth angle FOV=False | RGB render volume=False | H/V angles=nan/nan deg | truth distance=inf m
[WARN] [1791342627.898778092] [front_tof_monitor]: USV RGB=True | TOF=False | active=front_rgb_only | range=nan m | depth ratio=0.00 | window rates RGB/ToF=0.86/0.42 | frame change=0.0289 | truth angle FOV=False | RGB render volume=False | H/V angles=nan/nan deg | truth distance=inf m
[INFO] [1791342628.198652116] [front_tof_monitor]: USV RGB=True | TOF=True | active=front_tof | range=7.77 m | depth ratio=0.99 | window rates RGB/ToF=0.86/0.40 | frame change=0.0215 | truth angle FOV=False | RGB render volume=False | H/V angles=nan/nan deg | truth distance=inf m
[WARN] [1791342628.399124527] [front_tof_monitor]: USV RGB=True | TOF=False | active=front_rgb_only | range=nan m | depth ratio=0.00 | window rates RGB/ToF=0.86/0.39 | frame change=0.0101 | truth angle FOV=False | RGB render volume=False | H/V angles=nan/nan deg | truth distance=inf m
[INFO] [1791342628.501627834] [front_tof_monitor]: USV RGB=True | TOF=True | active=front_tof | range=7.00 m | depth ratio=0.99 | window rates RGB/ToF=0.88/0.40 | frame change=0.0101 | truth angle FOV=False | RGB render volume=False | H/V angles=nan/nan deg | truth distance=inf m
[WARN] [1791342628.598501297] [front_tof_monitor]: USV RGB=True | TOF=False | active=front_rgb_only | range=nan m | depth ratio=0.00 | window rates RGB/ToF=0.90/0.40 | frame change=0.0110 | truth angle FOV=False | RGB render volume=False | H/V angles=nan/nan deg | truth distance=inf m
[INFO] [1791342628.699178195] [front_tof_monitor]: USV RGB=True | TOF=True | active=front_tof | range=6.56 m | depth ratio=0.99 | window rates RGB/ToF=0.90/0.41 | frame change=0.0110 | truth angle FOV=False | RGB render volume=False | H/V angles=nan/nan deg | truth distance=inf m
[WARN] [1791342628.799031174] [front_tof_monitor]: USV RGB=True | TOF=False | active=front_rgb_only | range=nan m | depth ratio=0.00 | window rates RGB/ToF=0.92/0.41 | frame change=0.0082 | truth angle FOV=False | RGB render volume=False | H/V angles=nan/nan deg | truth distance=inf m
[INFO] [1791342629.598499767] [front_tof_monitor]: USV RGB=True | TOF=True | active=front_tof | range=4.43 m | depth ratio=0.99 | window rates RGB/ToF=1.00/0.44 | frame change=0.0065 | truth angle FOV=False | RGB render volume=False | H/V angles=nan/nan deg | truth distance=inf m
[WARN] [1791342629.698933829] [front_tof_monitor]: USV RGB=True | TOF=False | active=front_rgb_only | range=nan m | depth ratio=0.00 | window rates RGB/ToF=1.00/0.42 | frame change=0.0066 | truth angle FOV=False | RGB render volume=False | H/V angles=nan/nan deg | truth distance=inf m
[INFO] [1791342630.200236904] [front_tof_monitor]: USV RGB=True | TOF=True | active=front_tof | range=3.40 m | depth ratio=1.00 | window rates RGB/ToF=1.00/0.38 | frame change=0.0195 | truth angle FOV=False | RGB render volume=False | H/V angles=nan/nan deg | truth distance=inf m
[WARN] [1791342630.598797947] [front_tof_monitor]: USV RGB=True | TOF=False | active=front_rgb_only | range=nan m | depth ratio=0.00 | window rates RGB/ToF=1.00/0.40 | frame change=0.0218 | truth angle FOV=False | RGB render volume=False | H/V angles=nan/nan deg | truth distance=inf m
[INFO] [1791342630.698475709] [front_tof_monitor]: USV RGB=True | TOF=True | active=front_tof | range=2.71 m | depth ratio=0.99 | window rates RGB/ToF=1.00/0.41 | frame change=0.0193 | truth angle FOV=False | RGB render volume=False | H/V angles=nan/nan deg | truth distance=inf m
[WARN] [1791342630.798237066] [front_tof_monitor]: USV RGB=True | TOF=False | active=front_rgb_only | range=nan m | depth ratio=0.00 | window rates RGB/ToF=1.00/0.42 | frame change=0.0193 | truth angle FOV=False | RGB render volume=False | H/V angles=nan/nan deg | truth distance=inf m
[INFO] [1791342631.199044203] [front_tof_monitor]: USV RGB=True | TOF=True | active=front_tof | range=2.16 m | depth ratio=0.99 | window rates RGB/ToF=1.00/0.44 | frame change=0.0091 | truth angle FOV=False | RGB render volume=False | H/V angles=nan/nan deg | truth distance=inf m
[WARN] [1791342631.798200335] [front_tof_monitor]: USV RGB=True | TOF=False | active=front_rgb_only | range=nan m | depth ratio=0.00 | window rates RGB/ToF=1.00/0.51 | frame change=0.0662 | truth angle FOV=False | RGB render volume=False | H/V angles=nan/nan deg | truth distance=inf m
[INFO] [1791342632.098862553] [front_tof_monitor]: USV RGB=True | TOF=True | active=front_tof | range=1.64 m | depth ratio=0.99 | window rates RGB/ToF=1.00/0.47 | frame change=0.0095 | truth angle FOV=False | RGB render volume=False | H/V angles=nan/nan deg | truth distance=inf m
[WARN] [1791342632.200388166] [front_tof_monitor]: USV RGB=True | TOF=False | active=front_rgb_only | range=nan m | depth ratio=0.00 | window rates RGB/ToF=1.00/0.44 | frame change=0.0095 | truth angle FOV=False | RGB render volume=False | H/V angles=nan/nan deg | truth distance=inf m
[INFO] [1791342632.298555608] [front_tof_monitor]: USV RGB=True | TOF=True | active=front_tof | range=1.62 m | depth ratio=0.99 | window rates RGB/ToF=1.00/0.45 | frame change=0.0587 | truth angle FOV=False | RGB render volume=False | H/V angles=nan/nan deg | truth distance=inf m
[WARN] [1791342632.698570654] [front_tof_monitor]: USV RGB=True | TOF=False | active=front_rgb_only | range=nan m | depth ratio=0.00 | window rates RGB/ToF=1.00/0.44 | frame change=0.0541 | truth angle FOV=False | RGB render volume=False | H/V angles=nan/nan deg | truth distance=inf m
[INFO] [1791342633.198907122] [front_tof_monitor]: USV RGB=True | TOF=True | active=front_tof | range=3.07 m | depth ratio=0.99 | window rates RGB/ToF=1.00/0.42 | frame change=0.0255 | truth angle FOV=False | RGB render volume=False | H/V angles=nan/nan deg | truth distance=inf m
[WARN] [1791342633.298568931] [front_tof_monitor]: USV RGB=True | TOF=False | active=front_rgb_only | range=nan m | depth ratio=0.00 | window rates RGB/ToF=1.00/0.40 | frame change=0.0255 | truth angle FOV=False | RGB render volume=False | H/V angles=nan/nan deg | truth distance=inf m
[INFO] [1791342633.398814211] [front_tof_monitor]: USV RGB=True | TOF=True | active=front_tof | range=5.84 m | depth ratio=0.99 | window rates RGB/ToF=1.00/0.41 | frame change=0.0300 | truth angle FOV=False | RGB render volume=False | H/V angles=nan/nan deg | truth distance=inf m
[WARN] [1791342633.499044167] [front_tof_monitor]: USV RGB=True | TOF=False | active=front_rgb_only | range=nan m | depth ratio=0.00 | window rates RGB/ToF=1.00/0.41 | frame change=0.0300 | truth angle FOV=False | RGB render volume=False | H/V angles=nan/nan deg | truth distance=inf m
[INFO] [1791342633.599543953] [front_tof_monitor]: USV RGB=True | TOF=True | active=front_tof | range=10.56 m | depth ratio=1.00 | window rates RGB/ToF=1.00/0.41 | frame change=0.0477 | truth angle FOV=False | RGB render volume=False | H/V angles=nan/nan deg | truth distance=inf m
[WARN] [1791342633.799734436] [front_tof_monitor]: USV RGB=True | TOF=False | active=front_rgb_only | range=nan m | depth ratio=0.00 | window rates RGB/ToF=1.00/0.41 | frame change=0.0477 | truth angle FOV=False | RGB render volume=False | H/V angles=nan/nan deg | truth distance=inf m
[INFO] [1791342633.900112532] [front_tof_monitor]: USV RGB=True | TOF=True | active=front_tof | range=11.88 m | depth ratio=0.97 | window rates RGB/ToF=1.00/0.44 | frame change=0.0791 | truth angle FOV=False | RGB render volume=False | H/V angles=nan/nan deg | truth distance=inf m
[WARN] [1791342633.998300004] [front_tof_monitor]: USV RGB=True | TOF=False | active=front_rgb_only | range=nan m | depth ratio=0.00 | window rates RGB/ToF=1.00/0.43 | frame change=0.0791 | truth angle FOV=False | RGB render volume=False | H/V angles=nan/nan deg | truth distance=inf m
[INFO] [1791342634.098516173] [front_tof_monitor]: USV RGB=True | TOF=True | active=front_tof | range=11.77 m | depth ratio=0.99 | window rates RGB/ToF=1.00/0.45 | frame change=0.0491 | truth angle FOV=False | RGB render volume=False | H/V angles=nan/nan deg | truth distance=inf m
[WARN] [1791342634.198265208] [front_tof_monitor]: USV RGB=True | TOF=False | active=front_rgb_only | range=nan m | depth ratio=0.00 | window rates RGB/ToF=1.00/0.45 | frame change=0.0491 | truth angle FOV=False | RGB render volume=False | H/V angles=nan/nan deg | truth distance=inf m
[INFO] [1791342634.698580855] [front_tof_monitor]: USV RGB=True | TOF=True | active=front_tof | range=7.16 m | depth ratio=0.99 | window rates RGB/ToF=1.00/0.45 | frame change=0.0030 | truth angle FOV=False | RGB render volume=False | H/V angles=nan/nan deg | truth distance=inf m
[WARN] [1791342634.801877410] [front_tof_monitor]: USV RGB=True | TOF=False | active=front_rgb_only | range=nan m | depth ratio=0.00 | window rates RGB/ToF=1.00/0.46 | frame change=0.0035 | truth angle FOV=False | RGB render volume=False | H/V angles=nan/nan deg | truth distance=inf m
[INFO] [1791342635.298538508] [front_tof_monitor]: USV RGB=True | TOF=True | active=front_tof | range=20.36 m | depth ratio=0.86 | window rates RGB/ToF=1.00/0.45 | frame change=0.1011 | truth angle FOV=False | RGB render volume=False | H/V angles=nan/nan deg | truth distance=inf m
[WARN] [1791342635.498420214] [front_tof_monitor]: USV RGB=True | TOF=False | active=front_rgb_only | range=nan m | depth ratio=0.00 | window rates RGB/ToF=1.00/0.42 | frame change=0.0211 | truth angle FOV=False | RGB render volume=False | H/V angles=nan/nan deg | truth distance=inf m
[INFO] [1791342636.398557445] [front_tof_monitor]: USV RGB=True | TOF=True | active=front_tof | range=11.47 m | depth ratio=1.00 | window rates RGB/ToF=1.00/0.37 | frame change=0.0281 | truth angle FOV=False | RGB render volume=False | H/V angles=nan/nan deg | truth distance=inf m
[WARN] [1791342636.598485321] [front_tof_monitor]: USV RGB=True | TOF=False | active=front_rgb_only | range=nan m | depth ratio=0.00 | window rates RGB/ToF=1.00/0.35 | frame change=0.0025 | truth angle FOV=False | RGB render volume=False | H/V angles=nan/nan deg | truth distance=inf m
[INFO] [1791342636.698646968] [front_tof_monitor]: USV RGB=True | TOF=True | active=front_tof | range=11.86 m | depth ratio=1.00 | window rates RGB/ToF=1.00/0.35 | frame change=0.0025 | truth angle FOV=False | RGB render volume=False | H/V angles=nan/nan deg | truth distance=inf m
[WARN] [1791342636.799196933] [front_tof_monitor]: USV RGB=False | TOF=False | active=none | range=nan m | depth ratio=0.00 | window rates RGB/ToF=0.98/0.34 | frame change=0.0074 | truth angle FOV=False | RGB render volume=False | H/V angles=nan/nan deg | truth distance=inf m
[WARN] [1791342637.099708485] [front_tof_monitor]: USV RGB=True | TOF=False | active=front_rgb_only | range=nan m | depth ratio=0.00 | window rates RGB/ToF=0.94/0.32 | frame change=0.1184 | truth angle FOV=False | RGB render volume=False | H/V angles=nan/nan deg | truth distance=inf m
[INFO] [1791342637.299527474] [front_tof_monitor]: USV RGB=True | TOF=True | active=front_tof | range=6.15 m | depth ratio=1.00 | window rates RGB/ToF=0.94/0.32 | frame change=0.1314 | truth angle FOV=False | RGB render volume=False | H/V angles=nan/nan deg | truth distance=inf m
[WARN] [1791342637.500213255] [front_tof_monitor]: USV RGB=True | TOF=False | active=front_rgb_only | range=nan m | depth ratio=0.00 | window rates RGB/ToF=0.94/0.30 | frame change=0.0237 | truth angle FOV=False | RGB render volume=False | H/V angles=nan/nan deg | truth distance=inf m
[INFO] [1791342637.598434138] [front_tof_monitor]: USV RGB=True | TOF=True | active=front_tof | range=9.25 m | depth ratio=1.00 | window rates RGB/ToF=0.94/0.31 | frame change=0.0237 | truth angle FOV=False | RGB render volume=False | H/V angles=nan/nan deg | truth distance=inf m
[WARN] [1791342637.998344474] [front_tof_monitor]: USV RGB=True | TOF=False | active=front_rgb_only | range=nan m | depth ratio=0.00 | window rates RGB/ToF=0.94/0.35 | frame change=0.0798 | truth angle FOV=False | RGB render volume=False | H/V angles=nan/nan deg | truth distance=inf m
[WARN] [1791342638.201944424] [front_tof_monitor]: USV RGB=False | TOF=False | active=none | range=nan m | depth ratio=0.00 | window rates RGB/ToF=0.92/0.34 | frame change=0.0191 | truth angle FOV=False | RGB render volume=False | H/V angles=nan/nan deg | truth distance=inf m
[INFO] [1791342638.599239080] [front_tof_monitor]: USV RGB=True | TOF=True | active=front_tof | range=21.53 m | depth ratio=1.00 | window rates RGB/ToF=0.86/0.33 | frame change=0.1957 | truth angle FOV=False | RGB render volume=False | H/V angles=nan/nan deg | truth distance=inf m
[WARN] [1791342639.298797965] [front_tof_monitor]: USV RGB=True | TOF=False | active=front_rgb_only | range=nan m | depth ratio=0.00 | window rates RGB/ToF=0.86/0.37 | frame change=0.0697 | truth angle FOV=False | RGB render volume=False | H/V angles=nan/nan deg | truth distance=inf m
[WARN] [1791342639.498768436] [front_tof_monitor]: USV RGB=False | TOF=False | active=none | range=nan m | depth ratio=0.00 | window rates RGB/ToF=0.84/0.38 | frame change=0.0087 | truth angle FOV=False | RGB render volume=False | H/V angles=nan/nan deg | truth distance=inf m
[WARN] [1791342639.699875159] [front_tof_monitor]: USV RGB=True | TOF=False | active=front_rgb_only | range=nan m | depth ratio=0.00 | window rates RGB/ToF=0.82/0.36 | frame change=0.0513 | truth angle FOV=False | RGB render volume=False | H/V angles=nan/nan deg | truth distance=inf m
[INFO] [1791342639.902408349] [front_tof_monitor]: USV RGB=True | TOF=True | active=front_tof | range=5.62 m | depth ratio=1.00 | window rates RGB/ToF=0.82/0.38 | frame change=0.1652 | truth angle FOV=False | RGB render volume=False | H/V angles=nan/nan deg | truth distance=inf m
[WARN] [1791342640.099457436] [front_tof_monitor]: USV RGB=True | TOF=False | active=front_rgb_only | range=nan m | depth ratio=0.00 | window rates RGB/ToF=0.82/0.40 | frame change=0.1652 | truth angle FOV=False | RGB render volume=False | H/V angles=nan/nan deg | truth distance=inf m
