time,run_elapsed_time,intercept_elapsed_time,intercept_started,sample_kind,truth_available,uav_available,mission_id,phase,uav_x,uav_y,uav_z,uav_vx,uav_vy,uav_vz,target_x,target_y,target_z,target_vx,target_vy,target_vz,distance,horizontal_distance,vertical_error,relative_speed,closing_speed,approach_phase,first_terminal_approach,controller_status,plan_id,bearing_approach_active,bearing_age_at_control,prediction_age,trajectory_age,target_visible,target_locked,search_state,search_direction,last_valid_observation_age,last_valid_image_bearing,search_yaw_rate_command,consecutive_valid_frames,consecutive_lost_frames,kf_state_age,prediction_sample_age,planner_source_age,yaw_owner,tracker_rejection_reason,planner_event_id,planner_result,planner_failure_reason,planner_source_age_at_publish,planner_completion_to_publish_delay,terminal_admission,terminal_admission_reason,selected_t_go,contact_stamp,remaining_t_go,terminal_mode,planned_capture_margin,target_yaw,body_clearance,sea_safety_state,sea_safety_margin,gazebo_real_time_factor,front_rgb_hz,front_depth_hz,down_rgb_hz,down_depth_hz,rgbd_localizer_compute_time,front_monitor_compute_time,down_monitor_compute_time,tracker_hz,tracker_callback_time,planner_compute_time,prediction_0p5_error,prediction_1p0_error,prediction_2p0_error,kf_prediction_0p5_error,kf_prediction_1p0_error,kf_prediction_2p0_error,shadow_bctra_prediction_0p5_error,shadow_bctra_prediction_1p0_error,shadow_bctra_prediction_2p0_error
0.0,0.0,,False,PHASE_TRANSITION,False,True,1,TAKEOFF,0.022921299561858177,-0.01597338728606701,0.024047166109085083,0.0004850486002396792,-0.008660153485834599,0.002608983777463436,8.0,-4.898587196589413e-15,0.0,0.0,0.0,0.0,nan,nan,nan,nan,nan,PREPARATION,False,,0,False,inf,0.0,0.0,False,False,,0,inf,nan,0.0,0,0,inf,inf,inf,,,,0,,0.0,0.0,False,,0.0,0.0,0.0,False,0.0,nan,-0.25404716610908507,,0.0,0.9999744892120361,19.995553970336914,19.99471092224121,,,0.005389831960201263,0.002534434897825122,,0.0,0.0,0.0,,,,,,,,,
0.04497575759887695,0.04497575759887695,,False,PERIODIC,True,True,1,TAKEOFF,0.02266109207372454,-0.015953717266118175,0.0242432515110058,0.00015068828854763883,-0.008549550040467126,0.0027269922970395905,8.000000000207088,0.00012871333612583796,0.0026730059260635587,3.6506931347793414e-08,0.011345189999941266,0.23558203512212578,7.977384281535337,7.977355119323225,-0.021570245584942242,0.23370343246582292,0.0007401655472601407,PREPARATION,False,TAKEOFF,0,False,inf,0.03556561470031738,0.0,False,False,TARGET_ACQUIRE,0,0.03556561470031738,0.0,0.0,0,0,0.03556561470031738,0.003952503204345703,inf,HOLD,,,0,,0.0,0.0,False,,0.0,0.0,0.0,False,0.0,0.015860389918088913,-0.2542432515110058,UNRECOVERABLE,-0.2246407641625261,0.9999744892120361,19.995553970336914,19.99471092224121,,,0.0032638150732964277,0.002534434897825122,,0.0,0.00047211099990818184,0.0,,,,,,,,,
0.09514355659484863,0.09514355659484863,,False,PERIODIC,True,True,1,TAKEOFF,0.022168236436835256,-0.015759605688005728,0.024628444159649262,-0.0005165028464489607,-0.008276028411412503,0.0029487891008842166,8.00000012631196,0.0031788294028569945,0.014395601826996717,4.862894605887082e-06,0.06119100980677109,0.23453186767576997,7.977860931258103,7.9778543686527765,-0.010232842332652545,0.2417781286702009,-0.0003892286574452119,PREPARATION,False,TAKEOFF,0,False,inf,0.03198099136352539,0.0,True,False,TARGET_ACQUIRE,0,0.03198099136352539,-0.001852067976589872,0.0,2,0,0.03198099136352539,0.013527870178222656,inf,HOLD,,,0,,0.0,0.0,False,,0.0,0.0,0.0,False,0.0,0.01588492840528488,-0.25462844415964925,UNRECOVERABLE,-0.22509799218897475,0.9999709725379944,20.028858184814453,20.046064376831055,,,1.9039000108023174e-05,0.002534434897825122,,21.692357023904343,0.0003453150002314942,0.0,,,,,,,,,
0.1449286937713623,0.1449286937713623,,False,PERIODIC,True,True,1,TAKEOFF,0.02176024146257828,-0.015453905653859066,0.024951663851013158,-0.0009111127897816853,-0.007809461513763021,0.003115444023726574,8.00000095407254,0.008736463739337176,0.026063007738518884,2.428281151486486e-05,0.11117911934817594,0.2320354878416845,7.97827746304951,7.978277385646509,0.001111343887505726,0.25799911589399854,-0.0013280558283138009,PREPARATION,False,TAKEOFF,0,False,inf,0.03409123420715332,0.0,True,True,TARGET_LOCK,0,0.03409123420715332,-0.0014598659783500458,0.0,3,0,0.03409123420715332,0.006226539611816406,inf,HOLD,,,0,,0.0,0.0,False,,0.0,0.0,0.0,False,0.0,0.01589255966246128,-0.25495166385101314,UNRECOVERABLE,-0.22536995135899474,0.9999709725379944,20.028858184814453,20.046064376831055,,,0.005233461037278175,0.002534434897825122,,20.736523349145806,0.0005490330004249699,0.0,,,,,,,,,
0.1952972412109375,0.1952972412109375,,False,PERIODIC,True,True,1,TAKEOFF,0.021471060088937843,-0.01506592759878315,0.025309421977340464,-0.0014025042871560634,-0.007396786277767504,0.00308690640855728,8.000003527305367,0.016798344178224685,0.03757665343614103,6.769620274993461e-05,0.16119725178519295,0.22810642768911377,7.9786055264820686,7.978596095945862,0.012267231458800563,0.28117591667350583,-0.002489474517222907,PREPARATION,False,TAKEOFF,0,False,inf,0.08401894569396973,0.0,True,True,TRACKING,0,0.08401894569396973,-0.00025431409700735354,0.0,3,0,0.08401894569396973,0.05615425109863281,inf,HOLD,,,0,,0.0,0.0,False,,0.0,0.0,0.0,False,0.0,0.015923015773296356,-0.25530942197734047,UNRECOVERABLE,-0.22580571075387668,1.0002881288528442,20.019136428833008,20.020898818969727,,,0.0033959851134568453,0.0012673269957304,,20.457957084001286,0.0005700149995391257,0.0,,,,,,,,,
0.2449510097503662,0.2449510097503662,,False,PERIODIC,True,True,1,TAKEOFF,0.021427395092340044,-0.014749890085994524,0.025693980961027492,-0.0015655076387241385,-0.007165146921415066,0.003193614695399583,8.000009362379949,0.027367680890832972,0.04886440863072246,0.00014453030858627906,0.21124207055670585,0.222766775044986,7.978726776073384,7.9786931322436505,0.023170427669694967,0.30970471359380636,-0.003500566472286995,PREPARATION,False,TAKEOFF,0,False,inf,0.03567051887512207,0.0,True,True,TRACKING,0,0.03567051887512207,0.0006191670491501107,0.0,3,0,0.03567051887512207,0.00570988655090332,inf,HOLD,,,0,,0.0,0.0,False,,0.0,0.0,0.0,False,0.0,0.015931257978081703,-0.2556939809610275,UNRECOVERABLE,-0.22611252573758794,1.0002881288528442,20.019136428833008,20.020898818969727,,,0.005707572214305401,0.0012673269957304,,19.848093119329548,0.0005110719994263491,0.0,,,,,,,,,
0.2948317527770996,0.2948317527770996,,False,PERIODIC,True,True,1,TAKEOFF,0.021606662204979647,-0.014512680839553064,0.026219009621944022,-0.0016089255906923583,-0.006826237310939067,0.0032983022183242852,8.000020420847719,0.040418631004139095,0.059832925224919495,0.00026394055325425626,0.2612061546482458,0.2160631407210042,7.978673664741702,7.9786028572125725,0.03361391560297547,0.34221885872936153,-0.004614517749396166,PREPARATION,False,TAKEOFF,0,False,inf,0.03198862075805664,0.0,True,True,TRACKING,0,0.03198862075805664,0.0020154853146168838,0.0,3,0,0.03198862075805664,0.012424230575561523,inf,HOLD,,,0,,0.0,0.0,False,,0.0,0.0,0.0,False,0.0,0.01593710668385029,-0.25621900962194405,UNRECOVERABLE,-0.22674872836241333,0.9997090697288513,19.989299774169922,19.985952377319336,,,1.5575000361423008e-05,0.0012673269957304,,20.317913054935772,0.00035149800078215776,0.0,,,,,,,,,
0.3448798656463623,0.3448798656463623,,False,PERIODIC,True,True,1,TAKEOFF,0.02209784836088327,-0.01429105919760915,0.026809220523051895,-0.001577172437166032,-0.006627159566914779,0.0034474798434636104,8.000039156065782,0.055968541136783435,0.07043454825888117,0.00043540549080282794,0.31117720838603163,0.208028086470913,7.978369951928987,7.9782506804827396,0.04362532773582927,0.3779641403201408,-0.005929774222176167,PREPARATION,False,TAKEOFF,0,False,inf,0.03407430648803711,0.0,True,True,TRACKING,0,0.03407430648803711,0.003704123247503522,0.0,3,0,0.03407430648803711,0.008651256561279297,inf,HOLD,,,0,,0.0,0.0,False,,0.0,0.0,0.0,False,0.0,0.015952760353684425,-0.2568092205230519,UNRECOVERABLE,-0.22724079206771042,0.9997090697288513,19.989299774169922,19.985952377319336,,,0.0034459889866411686,0.0012673269957304,,20.249213673907008,0.00034207799944852013,0.0,,,,,,,,,
0.39493751525878906,0.39493751525878906,,False,PERIODIC,True,True,1,TAKEOFF,0.022847148458265975,-0.01407976438980822,0.02742292930502822,-0.0010937787878814921,-0.006302083178725735,0.003440723705531663,8.000068562561253,0.07406066024521119,0.08062643317807465,0.0006689012100023468,0.36126897875440805,0.19868790490220542,7.9778857372678935,7.977708331599878,0.053203503873046426,0.4162127513383911,-0.007125571127586473,PREPARATION,False,TAKEOFF,0,False,inf,0.08398103713989258,0.0,True,True,TRACKING,0,0.08398103713989258,0.003704123247503522,0.0,3,0,0.08398103713989258,0.058557987213134766,inf,HOLD,,,0,,0.0,0.0,False,,0.0,0.0,0.0,False,0.0,0.01595917157828808,-0.25742292930502825,UNRECOVERABLE,-0.2279942984627289,1.0000450611114502,19.895170211791992,19.887666702270508,,,0.004700631834566593,0.0021317319478839636,,20.20929747529431,0.00039432799985661404,0.0,,,,,,,,,
0.4449138641357422,0.4449138641357422,,False,PERIODIC,True,True,1,TAKEOFF,0.02378740547102981,-0.013928944677852988,0.027953267545261153,-0.0004650033591323257,-0.00608871046013798,0.0035893955548163144,8.000111877087654,0.0946049915708891,0.09029428146249265,0.0009726168462235738,0.4112270308054168,0.18814797976674644,7.977306443521153,7.977062848682332,0.06234101391723149,0.4563073149382841,-0.008557451695406029,PREPARATION,False,TAKEOFF,0,False,inf,0.0341184139251709,0.0,True,True,TRACKING,0,0.0341184139251709,0.00882595649108511,0.0,3,0,0.0341184139251709,0.006611824035644531,inf,HOLD,,,0,,0.0,0.0,False,,0.0,0.0,0.0,False,0.0,0.015982728451490402,-0.25795326754526116,UNRECOVERABLE,-0.2284609374798221,1.0000450611114502,19.895170211791992,19.887666702270508,,,0.005284278187900782,0.0021317319478839636,,20.09248628292592,0.000321872999847983,0.0,,,,,,,,,
0.49560976028442383,0.49560976028442383,,False,PERIODIC,True,True,1,TAKEOFF,0.024790051101054582,-0.01379455205838414,0.028318647410779392,0.00013380651267378451,-0.005915293642974549,0.0036685205972975103,8.00017297743939,0.11763522238627167,0.09940293053299215,0.001356261542661892,0.4611653516595882,0.17645474240366926,7.9767825332427496,7.976465796788677,0.07108428312221277,0.49801696964930775,-0.010457880128587758,PREPARATION,False,TAKEOFF,0,False,inf,0.03350019454956055,0.0,True,True,TRACKING,0,0.03350019454956055,0.011477894421080801,0.0,3,0,0.03350019454956055,0.003609180450439453,inf,HOLD,,,0,,0.0,0.0,False,,0.0,0.0,0.0,False,0.0,0.015977712348103523,-0.2583186474107794,UNRECOVERABLE,-0.228896778007584,0.9999884963035583,19.968835830688477,19.970932006835938,,,0.0032606949098408222,0.0021317319478839636,,20.046028284167143,0.0004967969998688204,0.0,,,,,,,,,
0.5450375080108643,0.5450375080108643,,False,PERIODIC,True,True,1,TAKEOFF,0.02597348533974755,-0.013658554013542913,0.02872734056396018,0.0008555854365516777,-0.00582463638842837,0.003655546781552312,8.000256539973805,0.14325804983347212,0.10793084856215193,0.0018312203862335932,0.5112904066920909,0.16362640795342515,7.976220047846346,7.975826794507686,0.07920350799819176,0.5412943709921552,-0.012737133426364114,PREPARATION,False,TAKEOFF,0,False,inf,0.03412938117980957,0.0,True,True,TRACKING,0,0.03412938117980957,0.015025515463812531,0.0,3,0,0.03412938117980957,0.007752180099487305,inf,HOLD,,,0,,0.0,0.0,False,,0.0,0.0,0.0,False,0.0,0.015975072979927063,-0.2587273405639602,UNRECOVERABLE,-0.22922406670893494,0.9999884963035583,19.968835830688477,19.970932006835938,,,0.004508709069341421,0.0021317319478839636,,20.141673001501633,0.0005402390006565838,0.0,,,,,,,,,
0.5951430797576904,0.5951430797576904,,False,PERIODIC,True,True,1,TAKEOFF,0.02725229084609085,-0.013648869994014606,0.029054187918012894,0.0015969769612550143,-0.0057960536063503204,0.0037848377193695814,8.000366546136249,0.1712396540658363,0.11575072983013032,0.0024024010390360003,0.5611529594589073,0.14985897944193063,7.975728868549863,7.9752576569186875,0.08669654191211743,0.5854651885497527,-0.015535661935257027,PREPARATION,False,TAKEOFF,0,False,inf,0.08398580551147461,0.0,True,True,TRACKING,0,0.08398580551147461,0.018661849167561716,0.0,3,0,0.08398580551147461,0.057608604431152344,inf,HOLD,,,0,,0.0,0.0,False,,0.0,0.0,0.0,False,0.0,0.015996407717466354,-0.2590541879180129,UNRECOVERABLE,-0.22965400996413865,1.0001517534255981,20.015146255493164,20.0211124420166,,,0.0032786899246275425,0.0021722130477428436,,20.139792348271715,0.0003761849993679789,0.0,0.14011037767379753,,,0.13905963218530762,,,0.14011037767379753,,
0.6447463035583496,0.6447463035583496,,False,PERIODIC,True,True,1,TAKEOFF,0.028515330082276063,-0.013733440959906942,0.02927447601400987,0.002403757404569105,-0.005833579944980996,0.0037778576056720723,8.00050917156458,0.20182276606289115,0.12288480340417668,0.0030840083303197282,0.6111921082656672,0.13511884721997638,7.975456926121032,7.974907540969855,0.09361032739016681,0.6308499173385147,-0.018898170676713122,PREPARATION,False,TAKEOFF,0,False,inf,0.03399991989135742,0.0,True,True,TRACKING,0,0.03399991989135742,0.02255877718578595,0.0,3,0,0.03399991989135742,0.0067975521087646484,inf,HOLD,,,0,,0.0,0.0,False,,0.0,0.0,0.0,False,0.0,0.01597091369330883,-0.2592744760140099,UNRECOVERABLE,-0.2298337039830995,1.0001517534255981,20.015146255493164,20.0211124420166,,,0.004758111201226711,0.0021722130477428436,,20.132804156189923,0.000310587000058149,0.0,0.14011037767379753,,,0.16345679488215537,,,0.14011037767379753,,
0.6949002742767334,0.6949002742767334,,False,PERIODIC,True,True,1,TAKEOFF,0.029629427559953587,-0.01387341606758853,0.029338129327393415,0.002885299231148122,-0.005851955531787477,0.003718103829031479,8.000689840651702,0.23491460739710274,0.12926083645514555,0.003883692948035931,0.6612373929123567,0.11954199860671011,7.975567950759219,7.974941980339285,0.09992270712775214,0.6770704322292604,-0.023257971766855675,PREPARATION,False,TAKEOFF,0,False,inf,0.0319819450378418,0.0,True,True,TRACKING,0,0.0319819450378418,0.027123670555494465,0.0,3,0,0.0319819450378418,0.008968114852905273,inf,HOLD,,,0,,0.0,0.0,False,,0.0,0.0,0.0,False,0.0,0.015949783846735954,-0.2593381293273934,UNRECOVERABLE,-0.2298981477545599,1.000304102897644,19.987098693847656,19.99854278564453,,,2.068799949483946e-05,0.0021722130477428436,,20.114651326307992,0.0005014530006519635,0.0,0.1874531685887589,,,0.18603625616729988,,,0.1874531685887589,,
0.7449302673339844,0.7449302673339844,,False,PERIODIC,True,True,1,TAKEOFF,0.030817954169458258,-0.014043277524972333,0.029367685022474693,0.003528326892609435,-0.005868292848754536,0.0036714574525091243,8.000914260893808,0.2704379637111457,0.13482812019371118,0.004808815713729684,0.7111821282487606,0.10325973486458376,7.97586901964061,7.9751717671205276,0.10546043517123649,0.7239342311602962,-0.028171931555951057,PREPARATION,False,TAKEOFF,0,False,inf,0.08210396766662598,0.0,True,True,TRACKING,0,0.08210396766662598,0.027123670555494465,0.0,3,0,0.08210396766662598,0.05909013748168945,inf,HOLD,,,0,,0.0,0.0,False,,0.0,0.0,0.0,False,0.0,0.01595066487789154,-0.2593676850224747,UNRECOVERABLE,-0.22992113364801028,1.000304102897644,19.987098693847656,19.99854278564453,,,0.0052718170918524265,0.0021722130477428436,,20.099771379789207,0.0004671910000979551,0.0,0.21024732026965856,,,0.20831656057609416,,,0.21024732026965856,,
0.7952146530151367,0.7952146530151367,,False,PERIODIC,True,True,1,TAKEOFF,0.03198049102522554,-0.014202568332231965,0.029304410007920827,0.003971593739719273,-0.005841765122959885,0.00365034900978371,8.001189584324344,0.3084796112575352,0.1395683321289786,0.005870888678419619,0.7611544498518997,0.08633209600533054,7.9765014570466715,7.975739298757587,0.11026392212105776,0.7714422028857773,-0.034068658302947655,PREPARATION,False,TAKEOFF,0,False,inf,0.08399367332458496,0.0,True,True,TRACKING,0,0.08399367332458496,0.03684674072845606,0.0,3,0,0.08399367332458496,0.04695606231689453,inf,HOLD,,,0,,0.0,0.0,False,,0.0,0.0,0.0,False,0.0,0.015916666015982628,-0.2593044100079208,UNRECOVERABLE,-0.22984409663815225,0.9999902248382568,20.00127410888672,19.99822235107422,,,0.0003128010139334947,0.0021722130477428436,,20.103497870129505,0.00035350800044398056,0.0,0.21789392971646476,,,0.21483062115940307,,,0.21789392971646476,,
0.8448395729064941,0.8448395729064941,,False,PERIODIC,True,True,1,TAKEOFF,0.03296606019074969,-0.014348662744252698,0.029075755610788866,0.004485830346743727,-0.0057083376200844195,0.0034928760538703463,8.001523121052898,0.34905312646740705,0.1434516189266744,0.0070798482336494745,0.8111659601667672,0.06885811096682533,7.977659075864767,7.976839129167533,0.11437586331588553,0.8194894515787163,-0.04073881360544989,PREPARATION,False,TAKEOFF,0,False,inf,0.034416913986206055,0.0,True,True,TRACKING,0,0.034416913986206055,0.04256073807774958,0.0,3,0,0.034416913986206055,0.007944822311401367,inf,HOLD,,,0,,0.0,0.0,False,,0.0,0.0,0.0,False,0.0,0.015922782942652702,-0.2590757556107889,UNRECOVERABLE,-0.22964376995605798,0.9999902248382568,20.00127410888672,19.99822235107422,,,0.004785813856869936,0.0021722130477428436,,20.032670133562352,0.0005734050000683055,0.0,0.23715204357330993,,,0.23400274878679944,,,0.23715204357330993,,
0.8949706554412842,0.8949706554412842,,False,PERIODIC,True,True,1,TAKEOFF,0.033815139188434776,-0.014518156457330143,0.028696636515711353,0.004737846060225533,-0.005649047280068404,0.00327594318093752,8.001921939915597,0.3920927501149369,0.14644774494853074,0.00844315104369814,0.8611353058224532,0.05097368405944801,7.979343565775015,7.978474692391897,0.11775110843281938,0.8681036335330541,-0.048573506845332765,PREPARATION,False,TAKEOFF,0,False,inf,0.03197360038757324,0.0,True,True,TRACKING,0,0.03197360038757324,0.048350407960146086,0.0,3,0,0.03197360038757324,0.013661384582519531,inf,HOLD,,,0,,0.0,0.0,False,,0.0,0.0,0.0,False,0.0,0.015944810584187508,-0.25869663651571134,UNRECOVERABLE,-0.22915851307678692,0.9999759793281555,19.97612190246582,20.000507354736328,,,1.9224000425310805e-05,0.002729502972215414,,20.08804200439889,0.0005262380000203848,0.0,0.23715204357330993,,,0.2751761677055351,,,0.23715204357330993,,
0.9449117183685303,0.9449117183685303,,False,PERIODIC,True,True,1,TAKEOFF,0.03458472817870879,-0.014734230311258477,0.028231081201162037,0.0049163038374003465,-0.005769001860470912,0.0029591247999160896,8.002395289496604,0.4377150603347181,0.14854473013392366,0.009974074626948574,0.9111944637582788,0.03274133248594999,7.9815531618711,7.980646308517565,0.12031364893276163,0.9174609300779852,-0.057477789830770294,PREPARATION,False,TAKEOFF,0,False,inf,0.08203887939453125,0.0,True,True,TRACKING,0,0.03403759002685547,0.048350407960146086,0.0,3,0,0.03403759002685547,0.06372666358947754,inf,HOLD,,,0,,0.0,0.0,False,,0.0,0.0,0.0,False,0.0,0.01596125215291977,-0.25823108120116206,UNRECOVERABLE,-0.2287512473884848,0.9999759793281555,19.97612190246582,20.000507354736328,,,0.0032251609954982996,0.002729502972215414,,20.054750505237255,0.0005769270001110272,0.0,0.2997328955150313,,,0.29717226786189144,,,0.2997328955150313,,
0.9949119091033936,0.9949119091033936,,False,PERIODIC,True,True,1,TAKEOFF,0.03522515069867268,-0.014990248768106132,0.02769406032428722,0.005075245107984187,-0.005917824017343657,0.0027245981827637923,8.00294937223454,0.48570185025964563,0.14972117233656196,0.011674583692426695,0.9611064878904815,0.014359738065102672,7.984373016370428,7.983440476917088,0.12202711201227473,0.9671168220906078,-0.06740453431216636,PREPARATION,False,TAKEOFF,0,False,inf,0.08395242691040039,0.0,True,True,TRACKING,0,0.08395242691040039,0.06119109623646927,0.0,3,0,0.08395242691040039,0.05343151092529297,inf,HOLD,,,0,,0.0,0.0,False,,0.0,0.0,0.0,False,0.0,0.01594935543835163,-0.2576940603242872,UNRECOVERABLE,-0.22804601406344055,1.0007894039154053,20.06402587890625,20.0272159576416,,,0.0036028020549565554,0.002729502972215414,,20.071968328857604,0.0005121689991938183,0.0,0.32172314101130406,,,0.31877037369126027,,,0.32172314101130406,,
1.0449168682098389,1.0449168682098389,,False,PERIODIC,True,True,1,TAKEOFF,0.035755736487252374,-0.015199748141264612,0.027047659348834983,0.005049344554995487,-0.005967562106016972,0.0025821325237955716,8.003595831086322,0.5362852240639764,0.14997676360678208,0.013562242922518638,1.0111147598311174,-0.004147133761270775,7.987848459525405,7.9869024939377296,0.12292910425794709,1.0171402076706946,-0.07860787663697251,PREPARATION,False,TAKEOFF,0,False,inf,0.08210492134094238,0.0,True,True,TRACKING,0,0.034123897552490234,0.06119109623646927,0.0,3,0,0.034123897552490234,0.048104286193847656,inf,HOLD,,,0,,0.0,0.0,False,,0.0,0.0,0.0,False,0.0,0.01594887115061283,-0.257047659348835,UNRECOVERABLE,-0.22750732207702892,1.0007894039154053,20.06402587890625,20.0272159576416,,,0.004174436908215284,0.002729502972215414,,19.985293118205522,0.0005465160002131597,0.0,0.30961593271102694,,,0.30870071080098693,,,0.30961593271102694,,
1.0949640274047852,1.0949640274047852,,False,PERIODIC,True,True,1,TAKEOFF,0.03625150275969072,-0.015334297474732063,0.02634809721801175,0.00523386866464449,-0.006004601944183073,0.0022802795548928297,8.004342238987434,0.5893087917081341,0.1493079319581008,0.015640819412820382,1.0610621267939506,-0.02260754414983165,7.991944842590837,7.990998889128629,0.12295983474008905,1.067407659693584,-0.09072358013829533,PREPARATION,False,TAKEOFF,0,False,inf,0.08397412300109863,0.0,True,True,TRACKING,0,0.03194832801818848,0.07514239886414142,0.0,3,0,0.03194832801818848,0.051805973052978516,inf,HOLD,,,0,,0.0,0.0,False,,0.0,0.0,0.0,False,0.0,0.015963148325681686,-0.2563480972180118,UNRECOVERABLE,-0.22660960913935235,1.0019181966781616,19.929107666015625,19.982192993164062,,,1.6776000848039985e-05,0.0015992219559848309,,20.005325932188754,0.0003330149993416853,0.0,0.30961593271102694,0.5228477176320434,,0.3602632715075393,0.5216697875614608,,0.30961593271102694,0.5228477176320434,
1.1448955535888672,1.1448955535888672,,False,PERIODIC,True,True,1,TAKEOFF,0.03687164131588318,-0.015432404338572242,0.02545730094235943,0.005450211819961012,-0.005989227264377933,0.00202603248110198,8.005200883888982,0.6449306003130517,0.14771588624511664,0.017926137839544706,1.111095406477121,-0.04096186729943494,7.996580355229248,7.995645703503757,0.12225858530275721,1.1179810764046798,-0.10402421717196265,PREPARATION,False,TAKEOFF,0,False,inf,0.08199000358581543,0.0,True,True,TRACKING,0,0.03401994705200195,0.07514239886414142,0.0,3,0,0.03401994705200195,0.05349254608154297,inf,HOLD,,,0,,0.0,0.0,False,,0.0,0.0,0.0,False,0.0,0.015972383320331573,-0.2554573009423594,UNRECOVERABLE,-0.22588549032276234,1.0019181966781616,19.929107666015625,19.982192993164062,,,0.003358379937708378,0.0015992219559848309,,19.993320488118176,0.0004990359993826132,0.0,0.3799569613592503,0.5228477176320434,,0.3798895754109585,0.575119861821138,,0.3799569613592503,0.5228477176320434,
1.1948575973510742,1.1948575973510742,,False,PERIODIC,True,True,1,TAKEOFF,0.0375407444430768,-0.015481878515235404,0.02461974685105293,0.0057701700107451485,-0.005943800309410063,0.0017538890267982676,8.006179486712583,0.7029708602227664,0.14521519639844074,0.020420366298263288,1.161049309669568,-0.05903659346568054,8.001869844295781,8.000961051186206,0.12059544954738781,1.1686672023083982,-0.11845237182689744,PREPARATION,False,TAKEOFF,0,False,inf,0.08408927917480469,0.0,True,True,TRACKING,0,0.08408927917480469,0.09080050345953979,0.0,3,0,0.08408927917480469,0.05529332160949707,inf,HOLD,,,0,,0.0,0.0,False,,0.0,0.0,0.0,False,0.0,0.015994535759091377,-0.25461974685105293,UNRECOVERABLE,-0.22480588394815082,0.9981818199157715,19.97896957397461,19.952669143676758,,,0.004637578967958689,0.0015992219559848309,,20.09363440082642,0.0006656030000158353,0.0,0.3564063920178575,0.6283654307989576,,0.3585846749290256,0.6269504292318404,,0.3564063920178575,0.6283654307989576,
1.244971752166748,1.244971752166748,,False,PERIODIC,True,True,1,TAKEOFF,0.038202433258151744,-0.015453768918183248,0.023804648283703597,0.00603836194695133,-0.005739995014889825,0.0014756946788828291,8.007289836265478,0.7634927841257744,0.14182053528930538,0.02313552797120982,1.210984637216936,-0.07674325993731511,8.007936033639057,8.007066364734909,0.11801588700560178,1.2193561205107324,-0.13421450731464013,PREPARATION,False,TAKEOFF,0,False,inf,0.08208751678466797,0.0,True,True,TRACKING,0,0.03408193588256836,0.09080050345953979,0.0,3,0,0.03408193588256836,0.046909332275390625,inf,HOLD,,,0,,0.0,0.0,False,,0.0,0.0,0.0,False,0.0,0.015996087342500687,-0.2538046482837036,UNRECOVERABLE,-0.22410917455201504,0.9981818199157715,19.97896957397461,19.952669143676758,,,0.0059156338684260845,0.0015992219559848309,,19.97627065451222,0.0005686949998562341,0.0,0.3564063920178575,0.679160151930728,,0.41647664401749995,0.6772332350008959,,0.3564063920178575,0.679160151930728,
1.2949020862579346,1.2949020862579346,,False,PERIODIC,True,True,1,TAKEOFF,0.03878871614306498,-0.015377445975857697,0.02304019580063751,0.006364189989647006,-0.005553640674385929,0.0011859376475340804,8.008543682155697,0.8265165831929759,0.13755185114945734,0.02608207981526474,1.2609175839424134,-0.09397889781757966,8.014916886271738,8.014098812382658,0.11451165534881982,1.2701946716431511,-0.15127840336219983,PREPARATION,False,TAKEOFF,0,False,inf,0.031934261322021484,0.0,True,True,TRACKING,0,0.031934261322021484,0.10750243143820704,0.0,3,0,0.031934261322021484,0.0115814208984375,inf,HOLD,,,0,,0.0,0.0,False,,0.0,0.0,0.0,False,0.0,0.01599620282649994,-0.2530401958006375,UNRECOVERABLE,-0.22316613030969115,0.9989558458328247,20.050365447998047,20.051467895507812,,,2.6231999072479084e-05,0.0019325950415804982,,20.006229935220322,0.0003439919992160867,0.0,0.4303012166452044,0.7108892863412796,,0.4332586347982417,0.7084357927071819,,0.4303012166452044,0.7108892863412796,
1.3448574542999268,1.3448574542999268,,False,PERIODIC,True,True,1,TAKEOFF,0.03934377990296986,-0.015238833579209436,0.022229284261162073,0.006464984918171297,-0.005326216314340786,0.001110320940315639,8.00995516914412,0.8921424231707332,0.13242681828081412,0.029274663468946947,1.310922754490688,-0.11066187992517193,8.022850500907134,8.0220936583539,0.11019753401965204,1.321183052974569,-0.1699931599005983,PREPARATION,False,TAKEOFF,0,False,inf,0.034687042236328125,0.0,True,True,TRACKING,0,0.034687042236328125,0.11650740719390248,0.0,3,0,0.034687042236328125,0.007291078567504883,inf,HOLD,,,0,,0.0,0.0,False,,0.0,0.0,0.0,False,0.0,0.016012126579880714,-0.2522292842611621,UNRECOVERABLE,-0.22252613596555004,0.9989558458328247,20.050365447998047,20.051467895507812,,,0.004542960785329342,0.0019325950415804982,,19.985513646849874,0.0003222979994461639,0.0,0.3529327402594762,0.7528940609747458,,0.3990864495180084,0.7509695863299762,,0.3529327402594762,0.7528940609747458,
1.3948512077331543,1.3948512077331543,,False,PERIODIC,True,True,1,TAKEOFF,0.039822053788309886,-0.015059312581297467,0.02131277497834217,0.006608038349629902,-0.005209877037436111,0.000772616898601476,8.011530951204868,0.9601101163504202,0.12649804924356425,0.03271013217672362,1.3608022897073828,-0.1266245365418753,8.031821842035317,8.031133055819293,0.10518527426522209,1.37218825009609,-0.19009028383139895,PREPARATION,False,TAKEOFF,0,False,inf,0.084014892578125,0.0,True,True,TRACKING,0,0.084014892578125,0.12564035219413827,0.0,3,0,0.084014892578125,0.05661892890930176,inf,HOLD,,,0,,0.0,0.0,False,,0.0,0.0,0.0,False,0.0,0.01602962054312229,-0.2513127749783422,UNRECOVERABLE,-0.22133649744785125,1.0001815557479858,19.984657287597656,19.982276916503906,,,0.00532892718911171,0.0019325950415804982,,20.038304519116554,0.00041317700015497394,0.0,0.3561603189172602,0.7528940609747458,,0.41199416673271644,0.8183105471317306,,0.3561603189172602,0.7528940609747458,
1.4448976516723633,1.4448976516723633,,False,PERIODIC,True,True,1,TAKEOFF,0.04022606679274093,-0.014833778947877498,0.020353669108366897,0.006729347710319105,-0.0047300303008704055,0.0004424965938870523,8.013291335770433,1.03073944252952,0.11977418209303535,0.03641440631528269,1.410790328710935,-0.14184338932334126,8.041944888100831,8.041330309398374,0.09942051298466845,1.4229632331204276,-0.21171059731588426,PREPARATION,False,TAKEOFF,0,False,inf,0.034955501556396484,0.0,True,True,TRACKING,0,0.034955501556396484,0.12564035219413827,0.0,3,0,0.034955501556396484,0.005830049514770508,inf,HOLD,,,0,,0.0,0.0,False,,0.0,0.0,0.0,False,0.0,0.01603926159441471,-0.2503536691083669,UNRECOVERABLE,-0.22053956901352767,1.0001815557479858,19.984657287597656,19.982276916503906,,,0.005370589904487133,0.0019325950415804982,,20.00841997011232,0.000529660999745829,0.0,0.3561603189172602,0.8619373407085086,,0.4762244414739521,0.8614324779056747,,0.3561603189172602,0.8619373407085086,
1.4948303699493408,1.4948303699493408,,False,PERIODIC,True,True,1,TAKEOFF,0.04058916855894199,-0.014482866891346972,0.019292803725696462,0.006756558989007619,-0.004346475995224199,9.873500401837192e-05,8.015244082971563,1.1037957608216766,0.11231800333861713,0.04038520361981424,1.4607153176227485,-0.15617117555804666,8.053218100916435,8.052680801643954,0.09302519961292068,1.4737561636193053,-0.23493553321412625,PREPARATION,False,TAKEOFF,0,False,inf,0.08402323722839355,0.0,True,True,TRACKING,0,0.03202462196350098,0.14546022432016956,0.0,3,0,0.03202462196350098,0.05489778518676758,inf,HOLD,,,0,,0.0,0.0,False,,0.0,0.0,0.0,False,0.0,0.01603798195719719,-0.24929280372569648,UNRECOVERABLE,-0.21922886284105778,0.9992535710334778,19.966819763183594,19.967796325683594,,,0.003592832013964653,0.0020828049164265394,,19.944164591124956,0.0006751820001227316,0.0,0.4249027824351859,0.9019919886953934,,0.4877561678647848,0.9022704626482995,,0.4249027824351859,0.9019919886953934,
1.5448968410491943,1.5448968410491943,,False,PERIODIC,True,True,1,TAKEOFF,0.04101915571275319,-0.013984675261687089,0.018193330639286673,0.006618696281100725,-0.003762217799730365,-0.0002630333210987658,8.017403345104569,1.1793022315378539,0.10417408946344726,0.044633317089496964,1.5105973840287472,-0.1695278548814557,8.065607916927709,8.065149619115504,0.08598075882416059,1.5242639846375596,-0.2598354902959627,PREPARATION,False,TAKEOFF,0,False,inf,0.08207559585571289,0.0,True,True,TRACKING,0,0.03407454490661621,0.14546022432016956,0.0,3,0,0.03407454490661621,0.053942203521728516,inf,HOLD,,,0,,0.0,0.0,False,,0.0,0.0,0.0,False,0.0,0.016039378941059113,-0.24819333063928667,UNRECOVERABLE,-0.21834022998809816,0.9992535710334778,19.966819763183594,19.967796325683594,,,0.00526923593133688,0.0020828049164265394,,19.955556367994394,0.0005539509993468528,0.0,0.4266660431128475,0.8945115727220356,,0.4980160360332639,0.8990591964955994,,0.4266660431128475,0.8945115727220356,
1.594923973083496,1.594923973083496,,False,PERIODIC,True,True,1,TAKEOFF,0.041478259497405384,-0.013337981426908731,0.01725373972577893,0.006544153806941235,-0.0031219457205281104,-0.0006350700640696989,8.019782242537772,1.2572284961294549,0.09539658876500291,0.049166618699734536,1.5604200109863215,-0.181829366361202,8.079219016993148,8.078841106228527,0.07814284903922399,1.5745829599950694,-0.2862256778111333,PREPARATION,False,TAKEOFF,0,False,inf,0.0839838981628418,0.0,True,True,TRACKING,0,0.0839838981628418,0.16640807902995763,0.0,0,0,0.0839838981628418,0.05423116683959961,inf,HOLD,,,0,,0.0,0.0,False,,0.0,0.0,0.0,False,0.0,0.01606592908501625,-0.24725373972577894,UNRECOVERABLE,-0.21717747747898103,0.9999974966049194,19.98411750793457,20.002666473388672,,,0.0036112279631197453,0.0020828049164265394,,19.9923775271518,0.00040179400002671173,0.0,0.43031574355252483,0.8945115727220356,,0.5068080295890547,0.9763471179611686,,0.43031574355252483,0.8945115727220356,
1.644876480102539,1.644876480102539,,False,PERIODIC,True,True,1,TAKEOFF,0.04191809199497729,-0.012591853203993256,0.01653676942210111,0.006559528799213185,-0.0023436491382783564,-0.0008302755390974441,8.022401070604175,1.3377509979286297,0.0860197451533591,0.05400537681858366,1.610292385558786,-0.1930265410555965,8.094217829499808,8.093919593588518,0.06948297573125799,1.6247416697359116,-0.3141622833198358,PREPARATION,False,TAKEOFF,0,False,inf,0.03461909294128418,0.0,True,True,TRACKING,0,0.03461909294128418,0.1775470348018771,0.0,0,0,0.03461909294128418,0.007116079330444336,inf,HOLD,,,0,,0.0,0.0,False,,0.0,0.0,0.0,False,0.0,0.01605655997991562,-0.24653676942210112,UNRECOVERABLE,-0.216597718000412,0.9999974966049194,19.98411750793457,20.002666473388672,,,0.0034141649957746267,0.0020828049164265394,,19.99354119395586,0.0003347370002302341,0.0,0.43498671620175644,1.002735761628514,,0.5145589598301588,1.0094507976557157,,0.43498671620175644,1.002735761628514,
1.6948988437652588,1.6948988437652588,,False,PERIODIC,True,True,1,TAKEOFF,0.04225298092976365,-0.011772073161644997,0.016018825765422132,0.006588703039406403,-0.0016572936660026881,-0.0010464404405356607,8.025271651814116,1.4207534891518643,0.0761140875929801,0.05915295137563481,1.660139689712688,-0.20303200710169356,8.110753850713504,8.110531214807684,0.06009526182755798,1.6748523467186887,-0.34374729029600753,PREPARATION,False,TAKEOFF,0,False,inf,0.03197002410888672,0.0,True,True,TRACKING,0,0.03197002410888672,0.18881381153556262,0.0,0,0,0.03197002410888672,0.012375354766845703,inf,HOLD,,,0,,0.0,0.0,False,,0.0,0.0,0.0,False,0.0,0.016095075756311417,-0.24601882576542214,UNRECOVERABLE,-0.2159735679626465,0.9993107318878174,20.121923446655273,20.12043571472168,,,1.6132999007822946e-05,0.0020828049164265394,,20.0067472625962,0.00036858600014966214,0.0,0.43750199910056753,0.9731035086884636,,0.5208492015018189,0.9845507671174729,,0.43750199910056753,0.9731035086884636,
1.74497389793396,1.74497389793396,,False,PERIODIC,True,True,1,TAKEOFF,0.042551826903908116,-0.010800468439596473,0.015605399702905708,0.006454408207916646,-0.0007330632173733406,-0.001090935795163331,8.028411107469438,1.5062718663405046,0.06573626402659927,0.06462175080505002,1.7099821318357897,-0.21178822427141297,8.128835711312389,8.128681130291048,0.050130864323693555,1.724622644436121,-0.37511306402500577,PREPARATION,False,TAKEOFF,0,False,inf,0.03405594825744629,0.0,True,True,TRACKING,0,0.03405594825744629,0.2002256708809439,0.0,0,0,0.03405594825744629,0.00840616226196289,inf,HOLD,,,0,,0.0,0.0,False,,0.0,0.0,0.0,False,0.0,0.016139261424541473,-0.2456053997029057,UNRECOVERABLE,-0.21563693583011628,0.9993107318878174,20.121923446655273,20.12043571472168,,,0.0035801210906356573,0.0020828049164265394,,19.99125411531202,0.0005739039997934015,0.0,0.43587295688531896,0.9731035086884636,,0.526153666113117,1.0681753581769016,,0.43587295688531896,0.9731035086884636,
1.7949671745300293,1.7949671745300293,,False,PERIODIC,True,True,1,TAKEOFF,0.04284000540837417,-0.009799986919041914,0.015435650794297902,0.006439913061499526,0.00017759070531362937,-0.0010703230532532722,8.031832774409942,1.5942266307575703,0.05495979282527123,0.07041685346289006,1.7597730245967074,-0.2192339965287081,8.148525572836947,8.148429717029805,0.039524142030973326,1.7742222319368197,-0.40804026014482336,PREPARATION,False,TAKEOFF,0,False,inf,0.08403778076171875,0.0,True,True,TRACKING,0,0.08403778076171875,0.21223084813898072,0.0,0,0,0.08403778076171875,0.05838799476623535,inf,HOLD,,,0,,0.0,0.0,False,,0.0,0.0,0.0,False,0.0,0.01616799831390381,-0.2454356507942979,UNRECOVERABLE,-0.21542322337627412,0.9997363090515137,19.891712188720703,19.888336181640625,,,0.004029119852930307,0.0027942101005464792,,20.03472272677335,0.0006329210000330932,0.0,0.3608556155386424,1.080337010075725,,0.45521677386658316,1.0935703298867112,,0.3608556155386424,1.080337010075725,
1.844970464706421,1.844970464706421,,False,PERIODIC,True,True,1,TAKEOFF,0.043137519569297546,-0.00883211393642873,0.015377516792471983,0.006458671168150831,0.0009158594031570424,-0.001096987937079504,8.035560907009291,1.6848009277542522,0.043828497497612175,0.07656091060943467,1.8096132399521863,-0.22533708574670208,8.169946997521299,8.169897458597887,0.02845098070514019,1.823892584514031,-0.4427417429441071,PREPARATION,False,TAKEOFF,0,False,inf,0.08209824562072754,0.0,True,True,TRACKING,0,0.034104347229003906,0.2241676416897482,0.0,0,0,0.034104347229003906,0.04801201820373535,inf,HOLD,,,0,,0.0,0.0,False,,0.0,0.0,0.0,False,0.0,0.016196537762880325,-0.245377516792472,UNRECOVERABLE,-0.21537501811981202,0.9997363090515137,19.891712188720703,19.888336181640625,,,0.005303414072841406,0.0027942101005464792,,19.929087141111246,0.0005517850004252978,0.0,0.3608556155386424,0.8855615864083042,,0.5334866397936224,1.046559124506429,,0.3608556155386424,0.8855615864083042,
1.894874095916748,1.894874095916748,,False,PERIODIC,True,True,1,TAKEOFF,0.04345852529369978,-0.007947046660433284,0.015438835673843352,0.0063215631581790355,0.0015639932726001517,-0.001009559011128199,8.039603873886463,1.777772141468639,0.03243841563533274,0.08304936151986476,1.8593769887971618,-0.23004390874876435,8.1931326390089,8.193115003139773,0.01699957996148939,1.8734494961810735,-0.47932404213757274,PREPARATION,False,TAKEOFF,0,False,inf,0.03193807601928711,0.0,True,True,TRACKING,0,0.03193807601928711,0.23679564832361827,0.0,0,0,0.03193807601928711,0.013221979141235352,inf,HOLD,,,0,,0.0,0.0,False,,0.0,0.0,0.0,False,0.0,0.016221674159169197,-0.24543883567384336,UNRECOVERABLE,-0.21544478535652162,0.9997363090515137,20.03184700012207,20.036672592163086,,,2.733899964368902e-05,0.0027942101005464792,,20.030568243170556,0.0003459629997450975,0.0,0.4452109640485545,0.8698480971183925,,0.5356058381744131,1.0637342738877125,,0.4452109640485545,0.8698480971183925,
1.9449164867401123,1.9449164867401123,,False,PERIODIC,True,True,1,TAKEOFF,0.043773432006987016,-0.007057929682449814,0.015537182691352425,0.006359303547416311,0.002138479998767862,-0.0008747241071641588,8.043985473360436,1.8732786143891094,0.020842500732440438,0.08990237597258036,1.9091389286495177,-0.23333379833809575,8.218216739170805,8.21821502673103,0.005305318041088013,1.9229319741729554,-0.5175005469927654,PREPARATION,False,TAKEOFF,0,False,inf,0.03403759002685547,0.0,True,True,TRACKING,0,0.03403759002685547,0.24957171563898015,0.0,0,0,0.03403759002685547,0.0068798065185546875,inf,HOLD,,,0,,0.0,0.0,False,,0.0,0.0,0.0,False,0.0,0.016247255727648735,-0.24553718269135244,UNRECOVERABLE,-0.2155307799577713,0.9997363090515137,20.03184700012207,20.036672592163086,,,0.004427697975188494,0.0027942101005464792,,20.005913524866,0.0004359619997558184,0.0,0.4387269099817535,0.8698480971183925,,0.5365207911107204,1.1533475136634774,,0.4387269099817535,0.8698480971183925,
1.9950189590454102,1.9950189590454102,,False,PERIODIC,True,True,1,TAKEOFF,0.04405899637148834,-0.006187342304421924,0.015602748902654085,0.006351173362894135,0.0026037082906374583,-0.0010842564463098042,8.048718200412573,1.9711926027947095,0.009127573547866004,0.09712142293238722,1.958831202068123,-0.2351828207118986,8.245280004221554,8.245277461681923,-0.0064751753547880805,1.9722746724046984,-0.5574468974755638,PREPARATION,False,TAKEOFF,0,False,inf,0.08399772644042969,0.0,True,True,TRACKING,0,0.08399772644042969,0.26263223718971895,0.0,0,0,0.08399772644042969,0.056839942932128906,inf,HOLD,,,0,,0.0,0.0,False,,0.0,0.0,0.0,False,0.0,0.01625652238726616,-0.2456027489026541,UNRECOVERABLE,-0.21560913026332856,1.0005707740783691,20.007434844970703,20.0080623626709,,,0.004431356210261583,0.0018253630260005593,,20.00748563053181,0.00044614800026465673,0.0,0.4447134821970838,0.9438927761014891,,0.5378803921550923,1.167678501030541,,0.4447134821970838,0.9438927761014891,
2.0449516773223877,2.0449516773223877,,False,PERIODIC,True,True,1,TAKEOFF,0.04421329251831261,-0.005429221123304259,0.015670896271273257,0.006087729582099995,0.002952779568117483,-0.0011107423986811977,8.05382874482062,2.071672635485113,-0.0026532495222993334,0.10472910222034224,2.0085327840631453,-0.23558258617968722,8.274577185017074,8.274556895477005,-0.01832414579357259,2.0216474273107803,-0.5994469323054131,PREPARATION,False,TAKEOFF,0,False,inf,0.03404998779296875,0.0,True,True,TRACKING,0,0.03404998779296875,0.2757276900849382,0.0,0,0,0.03404998779296875,0.008058309555053711,inf,HOLD,,,0,,0.0,0.0,False,,0.0,0.0,0.0,False,0.0,0.016277574002742767,-0.24567089627127325,UNRECOVERABLE,-0.21566842198371888,1.0005707740783691,20.007434844970703,20.0080623626709,,,0.0038776888977736235,0.0018253630260005593,,19.99506118693598,0.00046195000049920054,0.0,0.4448809757428984,0.9320875612896379,,0.5382537583657497,1.1796820846318563,,0.4448809757428984,0.9320875612896379,
2.094933271408081,2.094933271408081,,False,PERIODIC,True,True,1,TAKEOFF,0.04416158624969651,-0.004816760650012941,0.015685665266225175,0.0056828881691620235,0.0031793868318575596,-0.001061576086682928,8.05932786199098,2.1745461268241257,-0.014407353236158386,0.1127233762687606,2.058156548645292,-0.2345300871980662,8.3062277005174,8.306173187640624,-0.03009301850238356,2.0709650763226226,-0.6433141777836977,PREPARATION,False,TAKEOFF,0,False,inf,0.03195929527282715,0.0,True,True,TRACKING,0,0.03195929527282715,0.28922547684734967,0.0,0,0,0.03195929527282715,0.0131683349609375,inf,HOLD,,,0,,0.0,0.0,False,,0.0,0.0,0.0,False,0.0,0.0162754338234663,-0.24568566526622518,UNRECOVERABLE,-0.21568613946437837,0.999883234500885,19.986814498901367,19.964628219604492,,,2.4353999833692797e-05,0.0018253630260005593,,20.015329758332022,0.00036803100010729395,0.0,0.44327683072928825,0.9198077745803849,2.0991571035590377,0.5375596829965502,1.1891861275459041,2.099303173791856,0.44327683072928825,0.9198077745803849,2.0991571035590377
2.144773006439209,2.144773006439209,,False,PERIODIC,True,True,1,TAKEOFF,0.0438483270239826,-0.004291283996553891,0.015696398314914702,0.005170088455117226,0.003343784637793503,-0.0010036171734198807,8.06523761776635,2.2798590835643378,-0.026068440367768897,0.12111867789075946,2.1077254113514,-0.23203398204404327,8.340370097124893,8.340265526664298,-0.0417648386826836,2.1201983717883977,-0.6889912220589063,PREPARATION,False,TAKEOFF,0,False,inf,0.03394293785095215,0.0,True,True,TRACKING,0,0.03394293785095215,0.3029508668494082,0.0,0,0,0.03394293785095215,0.006148338317871094,inf,HOLD,,,0,,0.0,0.0,False,,0.0,0.0,0.0,False,0.0,0.016277361661195755,-0.24569639831491472,UNRECOVERABLE,-0.21569183170795442,0.999883234500885,19.986814498901367,19.964628219604492,,,0.005212265998125076,0.0018253630260005593,,20.020161906216586,0.00029137000001355773,0.0,0.43702943678150447,0.9141794465052324,2.0991571035590377,0.5369636459706506,1.1965459305491315,2.205134721598358,0.43702943678150447,0.9141794465052324,2.0991571035590377
2.194932460784912,2.194932460784912,,False,PERIODIC,True,True,1,TAKEOFF,0.04332916160041591,-0.00383252147542548,0.01570453857206898,0.004536574689214513,0.00339169997150594,-0.0011157943469425988,8.07158560353038,2.387731655125021,-0.03757776226039074,0.12993609287608807,2.1572925729991805,-0.22810597698670187,8.377071069996394,8.376901617435204,-0.05328230083245972,2.1694558195560725,-0.7365374085074078,PREPARATION,False,TAKEOFF,0,False,inf,0.08401775360107422,0.0,True,True,TRACKING,0,0.08401775360107422,0.3165955493760217,0.0,0,0,0.08401775360107422,0.056223154067993164,inf,HOLD,,,0,,0.0,0.0,False,,0.0,0.0,0.0,False,0.0,0.01629936881363392,-0.24570453857206898,UNRECOVERABLE,-0.21570367813110353,0.999626636505127,19.952226638793945,19.959274291992188,,,0.00537317106500268,0.002435221103951335,,20.001284029221452,0.0005906189999222988,0.0,0.3424480278163792,0.9029956883326311,2.309435849679251,0.4433019874123483,1.2016571971374337,2.3100624651803523,0.3424480278163792,0.9029956883326311,2.309435849679251
2.244964838027954,2.244964838027954,,False,PERIODIC,True,True,1,TAKEOFF,0.042617754489981195,-0.0033803540959655006,0.015642468828778677,0.003884685860055855,0.0033420456135106877,-0.0013056049014953713,8.078386680824387,2.498051290141077,-0.04885244588107633,0.1391782462236419,2.2068039433806104,-0.22277324875919574,8.416347313547337,8.416100195947767,-0.06449491470985501,2.2186925428420956,-0.785766128306592,PREPARATION,False,TAKEOFF,0,False,inf,0.03408932685852051,0.0,True,True,TRACKING,0,0.03408932685852051,0.3304755504619974,0.0,0,0,0.03408932685852051,0.0061931610107421875,inf,HOLD,,,0,,0.0,0.0,False,,0.0,0.0,0.0,False,0.0,0.016308560967445374,-0.2456424688287787,UNRECOVERABLE,-0.21566281914711,0.999626636505127,19.952226638793945,19.959274291992188,,,0.005242064129561186,0.002435221103951335,,19.99103345996464,0.0005229680000411463,0.0,0.3321090782597027,0.892893274702432,2.4104790622479775,0.43450306036365505,1.2050320908051857,2.4117152950035683,0.3321090782597027,0.892893274702432,2.4104790622479775
2.294956922531128,2.294956922531128,,False,PERIODIC,True,True,1,TAKEOFF,0.04173840568713378,-0.002982345745081235,0.015464068130766175,0.002957394637461473,0.003425783394441491,-0.0015321825733443642,8.085670343037137,2.6109372355307707,-0.059834921858099355,0.1488671798717409,2.2563098704184643,-0.21606177643254149,8.458314638743941,8.457979462619704,-0.07529898998886553,2.267774089638245,-0.8368924986723205,PREPARATION,False,TAKEOFF,0,False,inf,0.031987667083740234,0.0,True,True,TRACKING,0,0.031987667083740234,0.34480047032800865,0.0,0,0,0.031987667083740234,0.012589693069458008,inf,HOLD,,,0,,0.0,0.0,False,,0.0,0.0,0.0,False,0.0,0.01632099784910679,-0.24546406813076618,UNRECOVERABLE,-0.21545520126819612,0.9996203780174255,19.971553802490234,19.97101402282715,,,1.978799991775304e-05,0.002435221103951335,,20.01561127630648,0.00037784999949508347,0.0,0.3321090782597027,0.7749834247319725,2.482068008439392,0.5322347449574404,1.1041017544845202,2.486163992952324,0.3321090782597027,0.7749834247319725,2.482068008439392
2.344991445541382,2.344991445541382,,False,PERIODIC,True,True,1,TAKEOFF,0.04067658310375542,-0.0026356013531690778,0.015268916015786362,0.0019780660467367877,0.0032715573375713793,-0.0018050075902368398,8.093441695640522,2.7261255360662284,-0.07043271427651739,0.1589921041073355,2.3056934438090866,-0.20802961858609095,8.502970544004867,8.502538638711364,-0.08570163029230375,2.316965373420919,-0.8896691197316521,PREPARATION,False,TAKEOFF,0,False,inf,0.034425973892211914,0.0,True,True,TRACKING,0,0.034425973892211914,0.3589890545733258,0.0,0,0,0.034425973892211914,0.007754087448120117,inf,HOLD,,,0,,0.0,0.0,False,,0.0,0.0,0.0,False,0.0,0.01632491871714592,-0.24526891601578638,UNRECOVERABLE,-0.21530492305755616,0.9996203780174255,19.971553802490234,19.97101402282715,,,0.004391919821500778,0.002435221103951335,,19.992252140106714,0.0005010770000808407,0.0,0.428984494169639,0.7749834247319725,2.5643645852274655,0.5308460137438105,1.206860206767086,2.5708705908409777,0.428984494169639,0.7749834247319725,2.5643645852274655
2.3949203491210938,2.3949203491210938,,False,PERIODIC,True,True,1,TAKEOFF,0.03933846103966938,-0.0023919755736955687,0.015021003455580306,0.0008560801093521959,0.0031493346708459306,-0.002037319685221438,8.101744933516187,2.843930340833159,-0.0806096387697187,0.16959288479561238,2.35508666758348,-0.1987047179664128,8.550619514166172,8.550084728019186,-0.095630642225299,2.366169772596763,-0.9442127368588542,PREPARATION,False,TAKEOFF,0,False,inf,0.08399152755737305,0.0,True,True,TRACKING,0,0.08399152755737305,0.37357697554833597,0.0,0,0,0.08399152755737305,0.05731964111328125,inf,HOLD,,,0,,0.0,0.0,False,,0.0,0.0,0.0,False,0.0,0.0163470059633255,-0.2450210034555803,UNRECOVERABLE,-0.2150003731250763,1.0004926919937134,19.925813674926758,19.93427085876465,,,0.005296188872307539,0.0036001040134578943,,20.031962950366633,0.0006290789997365209,0.0,0.32750113085825683,0.8727939193449852,2.5643645852274655,0.4310266919083121,1.2056789751616854,2.689110526902082,0.32750113085825683,0.8727939193449852,2.5643645852274655
2.4448907375335693,2.4448907375335693,,False,PERIODIC,True,True,1,TAKEOFF,0.037881001511359834,-0.002186766697137895,0.014838313286388422,-0.000427363079467404,0.0030891185070273633,-0.0023294346534280357,8.110589932934055,2.9641489719427545,-0.09028497595539252,0.1806642325229151,2.40440081395702,-0.18815899783327683,8.601094588001287,8.60045215124205,-0.10512328924178094,2.4152897654845367,-1.000399585184837,PREPARATION,False,TAKEOFF,0,False,inf,0.034071922302246094,0.0,True,True,TRACKING,0,0.034071922302246094,0.38767554828607004,0.0,0,0,0.034071922302246094,0.007633686065673828,inf,HOLD,,,0,,0.0,0.0,False,,0.0,0.0,0.0,False,0.0,0.016340473666787148,-0.24483831328638844,UNRECOVERABLE,-0.21485103368759156,1.0004926919937134,19.925813674926758,19.93427085876465,,,0.004112593829631805,0.0036001040134578943,,20.059317268449554,0.0005227629999353667,0.0,0.32750113085825683,0.8610102192774785,2.760543958033619,0.5276906378104367,1.2030933191362996,2.7700384573987877,0.32750113085825683,0.8610102192774785,2.760543958033619
2.49493670463562,2.49493670463562,,False,PERIODIC,True,True,1,TAKEOFF,0.03641378846905055,-0.002051536678886009,0.014692761115009242,-0.0015146160442914647,0.0029606732305681237,-0.00253606529218835,8.120008980248627,3.086888458034582,-0.0994079121055337,0.19222897287405083,2.453677178268271,-0.1764478178550351,8.654425485214585,8.653673296092379,-0.11410067322054293,2.464506697899329,-1.0579679073584587,PREPARATION,False,TAKEOFF,0,False,inf,0.03197050094604492,0.0,True,True,TRACKING,0,0.03197050094604492,0.4026884797760668,0.0,0,0,0.03197050094604492,0.010109424591064453,inf,HOLD,,,0,,0.0,0.0,False,,0.0,0.0,0.0,False,0.0,0.01634865254163742,-0.24469276111500926,UNRECOVERABLE,-0.21467861235141755,1.0005160570144653,19.949087142944336,19.954792022705078,,,2.2518001060234383e-05,0.0036001040134578943,,20.044614811908282,0.0003548580007191049,0.0,0.43457793029568165,0.8576137158825393,2.832358723861184,0.5261653638333593,1.2008345251591985,2.844628911533978,0.43457793029568165,0.8576137158825393,2.832358723861184
2.5450074672698975,2.5450074672698975,,False,PERIODIC,True,True,1,TAKEOFF,0.03490691606364426,-0.0019923431360867726,0.014496264442214423,-0.0027307552289786026,0.0027874666090027334,-0.002930580373027511,8.130024883437763,3.2121142524817397,-0.10791909409934074,0.20429737805503692,2.502897875724176,-0.16364553666421158,8.710706150118034,8.709845929389182,-0.12241535854155516,2.5138102559486826,-1.1171554095042837,PREPARATION,False,TAKEOFF,0,False,inf,0.03399229049682617,0.0,True,True,TRACKING,0,0.03399229049682617,0.4026884797760668,0.0,0,0,0.03399229049682617,0.006136894226074219,inf,HOLD,,,0,,0.0,0.0,False,,0.0,0.0,0.0,False,0.0,0.016347728669643402,-0.24449626444221442,UNRECOVERABLE,-0.2145162492990494,1.0005160570144653,19.949087142944336,19.954792022705078,,,0.0032653789967298508,0.0036001040134578943,,19.9935010652593,0.00030146500012051547,0.0,0.3087101994299825,0.8536764550258092,2.826714662228375,0.415429386055354,1.1977031997808227,2.847306263060863,0.3087101994299825,0.8536764550258092,2.826714662228375
2.5949206352233887,2.5949206352233887,,False,PERIODIC,True,True,1,TAKEOFF,0.03339072058316822,-0.002129628731474966,0.014347955950510608,-0.00389230021465526,0.0023851519993359823,-0.003199516248642538,8.140662334714492,3.339810680776507,-0.11576482804808073,0.2168816684781009,2.5520531160793736,-0.14983210680222225,8.770025507042364,8.769060272207838,-0.13011278399859133,2.5634057402059565,-1.1778519276630512,PREPARATION,False,TAKEOFF,0,False,inf,0.08394551277160645,0.0,True,True,TRACKING,0,0.08394551277160645,0.43183166490302216,0.0,0,0,0.08394551277160645,0.05609011650085449,inf,HOLD,,,0,,0.0,0.0,False,,0.0,0.0,0.0,False,0.0,0.016341615468263626,-0.24434795595051062,UNRECOVERABLE,-0.2143357664346695,0.9999427795410156,19.96762466430664,19.96340560913086,,,0.003045623889192939,0.0023062999825924635,,19.97310145101887,0.00038757500078645535,0.0,0.3167578099258149,0.8434760648988758,2.826714662228375,0.4229497388953547,1.1934868576858673,2.9739806287688824,0.3167578099258149,0.8434760648988758,2.826714662228375
2.644909620285034,2.644909620285034,,False,PERIODIC,True,True,1,TAKEOFF,0.03211305835754893,-0.002440514479318447,0.014278914587750645,-0.0047513676450760866,0.0017285469855079815,-0.0032837290101945006,8.151936581598939,3.469849177144129,-0.1228900301147928,0.2299828097177813,2.60109107728995,-0.13510711774579187,8.832165367028036,8.831100143874412,-0.13716894470254345,2.613266749451855,-1.2397664031320688,PREPARATION,False,TAKEOFF,0,False,inf,0.03399085998535156,0.0,True,True,TRACKING,0,0.03399085998535156,0.43183166490302216,0.0,0,0,0.03399085998535156,0.005613565444946289,inf,HOLD,,,0,,0.0,0.0,False,,0.0,0.0,0.0,False,0.0,0.016310129314661026,-0.24427891458775067,UNRECOVERABLE,-0.2142701268196106,0.9999427795410156,19.96762466430664,19.96340560913086,,,0.003962599206715822,0.0023062999825924635,,19.968121875743872,0.0005077679998066742,0.0,0.3167578099258149,0.8342447586139426,3.004718509063072,0.526277786462634,1.1897163837332674,3.0283780272436074,0.3167578099258149,0.8342447586139426,3.004718509063072
2.694838523864746,2.694838523864746,,False,PERIODIC,True,True,1,TAKEOFF,0.031123740009978328,-0.002841022451442093,0.014370897031380416,-0.0052881912452744165,0.0011684400483575883,-0.0033317370657276715,8.16388447260227,3.602347417784777,-0.12925846695054066,0.24362669607257886,2.6500539052980088,-0.11954832022540919,8.897179902497523,8.896020504877896,-0.14362936398192108,2.663092023070294,-1.3027485923751847,PREPARATION,False,TAKEOFF,0,False,inf,0.03325653076171875,0.0,True,True,TRACKING,0,0.03325653076171875,0.46128579076189014,0.0,0,0,0.03325653076171875,0.005426645278930664,inf,HOLD,,,0,,0.0,0.0,False,,0.0,0.0,0.0,False,0.0,0.01628756709396839,-0.24437089703138043,UNRECOVERABLE,-0.21437945663928987,1.0009313821792603,19.941612243652344,19.95734214782715,,,0.004183731973171234,0.0023062999825924635,,19.93296529830372,0.0004967989998476696,0.0,0.4346774729405978,0.7057738367094993,2.9559378977594486,0.5269218084951292,1.0655525710386655,2.987165020164722,0.4346774729405978,0.7057738367094993,2.9559378977594486
2.7447845935821533,2.7447845935821533,,False,PERIODIC,True,True,1,TAKEOFF,0.03024430562875933,-0.003307201536887846,0.014365710519768149,-0.0057305734338085525,0.00069145266146126,-0.0034558370901196147,8.176525375746564,3.7372146694865114,-0.13482742659056732,0.25781856957084814,2.698905306089758,-0.10326196943716093,8.965247220970815,8.964005753063978,-0.14919313711033547,2.7128909697341212,-1.3668963514440793,PREPARATION,False,TAKEOFF,0,False,inf,0.03400373458862305,0.0,True,True,TRACKING,0,0.03400373458862305,0.46128579076189014,0.0,0,0,0.03400373458862305,0.006583690643310547,inf,HOLD,,,0,,0.0,0.0,False,,0.0,0.0,0.0,False,0.0,0.0162635650485754,-0.24436571051976816,UNRECOVERABLE,-0.21440033316612245,1.0009313821792603,19.941612243652344,19.95734214782715,,,0.0033688279800117016,0.0023062999825924635,,20.013826787441772,0.00040270199951919494,0.0,0.42122010495970036,0.6878369618961663,2.9559378977594486,0.5277239839648312,1.0539583599225077,3.118907106016744,0.42122010495970036,0.6878369618961663,2.9559378977594486
2.794908285140991,2.794908285140991,,False,PERIODIC,True,True,1,TAKEOFF,0.029581353083745508,-0.0037502782870270585,0.014088021391911244,-0.006185047587313711,0.0002701351426731511,-0.0036711441770858797,8.189912506304694,3.874706549403882,-0.13957217183994183,0.27260089660668435,2.7477323951442103,-0.0863167781700378,9.036428683361287,9.03512212947288,-0.15366019323185306,2.762806684086129,-1.4323798908007257,PREPARATION,False,TAKEOFF,0,False,inf,0.08402776718139648,0.0,True,True,TRACKING,0,0.08402776718139648,0.4908476090303598,0.0,0,0,0.08402776718139648,0.056607723236083984,inf,HOLD,,,0,,0.0,0.0,False,,0.0,0.0,0.0,False,0.0,0.016242455691099167,-0.24408802139191124,UNRECOVERABLE,-0.2140613615512848,1.000325083732605,19.98418617248535,19.98410987854004,,,0.0029873501043766737,0.0023062999825924635,,20.02115778953657,0.0005606149998129695,0.0,0.3173821608355204,0.6878369618961663,3.122625589898148,0.42496113486070175,1.1764868386698808,3.155410154382651,0.3173821608355204,0.6878369618961663,3.122625589898148
2.8448526859283447,2.8448526859283447,,False,PERIODIC,True,True,1,TAKEOFF,0.02917481599945639,-0.0040755508256064225,0.013754544957672733,-0.0064619784333657705,-7.801266168156175e-05,-0.0037250369800840306,8.204035778415665,4.014418713694158,-0.14345002841647392,0.2879458248035393,2.796387867458375,-0.06886628616660992,9.110508283663677,9.109151876481954,-0.15720457337414664,2.8126750177772055,-1.498770983466596,PREPARATION,False,TAKEOFF,0,False,inf,0.03394341468811035,0.0,True,True,TRACKING,0,0.03394341468811035,0.4908476090303598,0.0,0,0,0.03394341468811035,0.0066776275634765625,inf,HOLD,,,0,,0.0,0.0,False,,0.0,0.0,0.0,False,0.0,0.01622925139963627,-0.24375454495767274,UNRECOVERABLE,-0.213792023062706,1.000325083732605,19.98418617248535,19.98410987854004,,,0.004908971954137087,0.0023062999825924635,,19.999401712747837,0.0003089339998041396,0.0,0.30843683611624173,0.8076999286787925,2.5864211138632025,0.4173859620201187,1.1732581964716544,3.0737008790601688,0.30843683611624173,0.8076999286787925,2.5864211138632025
2.894904375076294,2.894904375076294,,False,PERIODIC,True,True,1,TAKEOFF,0.029051101527039245,-0.004284609826977716,0.013371067513382386,-0.006385354066041363,-0.0003512578189644157,-0.003980028712020974,8.21896831592538,4.156774965089057,-0.1464489969570896,0.30391608333082887,2.8450145279977805,-0.0509648079348923,9.187747450692472,9.186357317495258,-0.15982006447047198,2.86262135229683,-1.5660627176207926,PREPARATION,False,TAKEOFF,0,False,inf,0.03196430206298828,0.0,True,True,TRACKING,0,0.03196430206298828,0.5198770643161277,0.0,0,0,0.03196430206298828,0.013025283813476562,inf,HOLD,,,0,,0.0,0.0,False,,0.0,0.0,0.0,False,0.0,0.01621810905635357,-0.2433710675133824,UNRECOVERABLE,-0.21334245502948762,0.9999022483825684,19.946533203125,19.96058464050293,,,1.4711999938299414e-05,0.002205966040492058,,20.001454710100823,0.00034653799957595766,0.0,0.30843683611624173,0.6758848615406163,2.5200263576046567,0.5393566597129801,1.0461462888376245,3.0938249312587667,0.30843683611624173,0.6758848615406163,2.5200263576046567
2.944931745529175,2.944931745529175,,False,PERIODIC,True,True,1,TAKEOFF,0.02906275991844189,-0.004471207771911397,0.012913654548469006,-0.006040596358017844,-0.0005459471535712716,-0.004164615279804915,8.234713053722615,4.301497919604031,-0.14854335532982457,0.3204978700761713,2.8935113142196336,-0.03275671890044871,9.268232584272045,9.266826148694236,-0.1614570098782936,2.9125611256345536,-1.6341624944354558,PREPARATION,False,TAKEOFF,0,False,inf,0.08204293251037598,0.0,True,True,TRACKING,0,0.034029483795166016,0.5198770643161277,0.0,0,0,0.034029483795166016,0.06310391426086426,inf,HOLD,,,0,,0.0,0.0,False,,0.0,0.0,0.0,False,0.0,0.016193894669413567,-0.24291365454846903,UNRECOVERABLE,-0.21297286152839662,0.9999022483825684,19.946533203125,19.96058464050293,,,0.005359016824513674,0.002205966040492058,,19.998111903115838,0.0005708260005121701,0.0,0.31733576911592554,0.6758848615406163,2.5200263576046567,0.4260358196700874,1.16773941901171,3.2308283732683405,0.31733576911592554,0.6758848615406163,2.5200263576046567
2.9948668479919434,2.9948668479919434,,False,PERIODIC,True,True,1,TAKEOFF,0.029131883614890428,-0.0046212248213166225,0.012568956790861618,-0.005796439383299272,-0.0005764520917641093,-0.004301679698516698,8.251308016014242,4.448645563260051,-0.1497216962496122,0.3377150126882276,2.9418933172875597,-0.014346253392895884,9.352117604804294,9.350709354804378,-0.16229065304047383,2.962470144132461,-1.703319544824785,PREPARATION,False,TAKEOFF,0,False,inf,0.08397412300109863,0.0,True,True,TRACKING,0,0.08397412300109863,0.5489880219439689,0.0,0,0,0.08397412300109863,0.05265331268310547,inf,HOLD,,,0,,0.0,0.0,False,,0.0,0.0,0.0,False,0.0,0.016175905242562294,-0.24256895679086163,UNRECOVERABLE,-0.212544184923172,1.0000191926956177,19.996681213378906,19.981229782104492,,,0.0028940909542143345,0.002205966040492058,,19.965655528589537,0.0005648840005960665,0.0,0.3297744527788179,0.8020329440315119,2.5861983864084777,0.4368666191352937,1.1655845854572453,3.245820908404083,0.3297744527788179,0.8020329440315119,2.5861983864084777
3.044926643371582,3.044926643371582,,False,PERIODIC,True,True,1,TAKEOFF,0.029308279818501162,-0.004759747814586214,0.012411795367426157,-0.0053939916673480665,-0.0005025528636733532,-0.004294735964479144,8.268791565362115,4.598262653233632,-0.149976626795275,0.35559096767857257,2.9901694415244537,0.00415932366603738,9.439452846270104,9.43805594586641,-0.16238842216270113,3.012391174800456,-1.7733111393664573,PREPARATION,False,TAKEOFF,0,False,inf,0.03449225425720215,0.0,True,True,TRACKING,0,0.03449225425720215,0.5630504039258345,0.0,0,0,0.03449225425720215,0.007827997207641602,inf,HOLD,,,0,,0.0,0.0,False,,0.0,0.0,0.0,False,0.0,0.01615665666759014,-0.24241179536742616,UNRECOVERABLE,-0.2124099999666214,1.0000191926956177,19.996681213378906,19.981229782104492,,,0.0033045560121536255,0.002205966040492058,,19.97748753534337,0.0003915880006388761,0.0,0.3297744527788179,0.6499109174002116,2.5401002622962268,0.5580453465673897,1.030862555297975,3.2567681593010787,0.3297744527788179,0.6499109174002116,2.5401002622962268
3.094853401184082,3.094853401184082,,False,PERIODIC,True,True,1,TAKEOFF,0.02965472520210924,-0.004944478228768959,0.01245032023684968,-0.004967095966945835,-0.0006158559235766797,-0.004128368363132509,8.287198615420749,4.750351424855567,-0.14930553491548115,0.3741451035107433,3.038333606566306,0.02264657129817311,9.530269418093798,9.52889659009782,-0.16175585515233082,3.0626225351411205,-1.8443663847036333,PREPARATION,False,TAKEOFF,0,False,inf,0.031992197036743164,0.0,True,True,TRACKING,0,0.031992197036743164,0.5771852941740709,0.0,0,0,0.031992197036743164,0.014432907104492188,inf,HOLD,,,0,,0.0,0.0,False,,0.0,0.0,0.0,False,0.0,0.016125107184052467,-0.2424503202368497,UNRECOVERABLE,-0.21245473325252534,0.9983091354370117,19.976116180419922,19.975261688232422,,,1.9694000002346e-05,0.0023856470361351967,,19.99342080834943,0.0005377710003813263,0.0,0.475326890483388,0.6620899229615874,2.485045712808923,0.5648452627102886,1.0399459833417926,3.2640290089622876,0.475326890483388,0.6620899229615874,2.485045712808923
3.14495587348938,3.14495587348938,,False,PERIODIC,True,True,1,TAKEOFF,0.03025330208337086,-0.005051745118864428,0.012601349272819307,-0.004244520568459613,-0.0008153844423706748,-0.004021349437245494,8.306508384231734,4.904468150621053,-0.14771725134265756,0.3933414713797871,3.0862419631705675,0.04094971894906399,9.624213518265062,9.622878144892653,-0.16031860061547687,3.112879709438883,-1.9159262021880648,PREPARATION,False,TAKEOFF,0,False,inf,0.034032583236694336,0.0,True,True,TRACKING,0,0.034032583236694336,0.5910941449863427,0.0,0,0,0.034032583236694336,0.007464170455932617,inf,HOLD,,,0,,0.0,0.0,False,,0.0,0.0,0.0,False,0.0,0.01609581895172596,-0.24260134927281932,UNRECOVERABLE,-0.21255598664283754,0.9983091354370117,19.976116180419922,19.975261688232422,,,0.004279468208551407,0.0023856470361351967,,20.01335935422254,0.00040920999981608475,0.0,0.4714412070058733,0.6620899229615874,2.4461346954275913,0.5736443767385825,1.1682173276152878,3.2678089205787137,0.4714412070058733,0.6620899229615874,2.4461346954275913
3.1949551105499268,3.1949551105499268,,False,PERIODIC,True,True,1,TAKEOFF,0.031098082088034808,-0.005065497974697431,0.012937117359342552,-0.003272685886453018,-0.0006235421426551911,-0.003839259126002802,8.326824196879521,5.061160863186532,-0.14521753561922857,0.41326759595256357,3.1340592406964003,0.05902239447503716,9.721663140040247,9.720376603514826,-0.15815465297857112,3.1628616066650133,-1.987990583586612,PREPARATION,False,TAKEOFF,0,False,inf,0.08401060104370117,0.0,True,True,TRACKING,0,0.08401060104370117,0.6050824903802948,0.0,0,0,0.08401060104370117,0.05744218826293945,inf,HOLD,,,0,,0.0,0.0,False,,0.0,0.0,0.0,False,0.0,0.016064150258898735,-0.24293711735934256,UNRECOVERABLE,-0.212970969080925,0.998539388179779,20.02705192565918,20.00864601135254,,,0.0037505431100726128,0.0023856470361351967,,19.999928725647198,0.00045980899994901847,0.0,0.4918335881019434,0.8027455420993689,2.390033590377857,0.5814868026272605,1.1706119454386104,3.268554133097623,0.4918335881019434,0.8027455420993689,2.390033590377857
3.2448766231536865,3.2448766231536865,,False,PERIODIC,True,True,1,TAKEOFF,0.03211272396835193,-0.005057305851036602,0.013243485809882202,-0.0021304064528327575,-0.0004904599710410482,-0.0036199621254050483,8.348176820202575,5.220366058728375,-0.14182008564453927,0.43393757971775665,3.1817569539611856,0.0767453101630654,9.822729564788014,9.821505556266226,-0.15506357145442146,3.212991202762811,-2.06078131870458,PREPARATION,False,TAKEOFF,0,False,inf,0.034317970275878906,0.0,True,True,TRACKING,0,0.034317970275878906,0.6184252320875326,0.0,0,0,0.034317970275878906,0.008093595504760742,inf,HOLD,,,0,,0.0,0.0,False,,0.0,0.0,0.0,False,0.0,0.01605137623846531,-0.2432434858098822,UNRECOVERABLE,-0.2132182687520981,0.998539388179779,20.02705192565918,20.00864601135254,,,0.003662161063402891,0.0023856470361351967,,19.96782668242542,0.0006364709997797036,0.0,0.501033523746666,0.7962712394269827,2.345294013269149,0.5917102114628188,1.1744782236946916,3.2673286162846873,0.501033523746666,0.7962712394269827,2.345294013269149
3.2948877811431885,3.2948877811431885,,False,PERIODIC,True,True,1,TAKEOFF,0.03316583645507149,-0.004970569870169291,0.013437297653463704,-0.0009635243283151148,-0.00030254415684237033,-0.0034128180264156,8.370605150603133,5.382076696207791,-0.1375438692377186,0.45537334309759914,3.2293237171337807,0.0940077184547974,9.927535841124701,9.926387689590797,-0.15098116689118232,3.263161026538291,-2.134278025596501,PREPARATION,False,TAKEOFF,0,False,inf,0.08399724960327148,0.0,True,True,TRACKING,0,0.08399724960327148,0.6316218523022772,0.0,0,0,0.08399724960327148,0.05777287483215332,inf,HOLD,,,0,,0.0,0.0,False,,0.0,0.0,0.0,False,0.0,0.01602661982178688,-0.24343729765346372,UNRECOVERABLE,-0.2134139657020569,0.9996691346168518,19.909698486328125,19.92506980895996,,,0.005752516910433769,0.0019028360256925225,,19.95641589856587,0.0004839060002268525,0.0,0.5142237949308729,0.6755481794390137,2.1093726276749365,0.6008693195917331,1.0530897976304672,3.1083735120409566,0.5142237949308729,0.6755481794390137,2.1093726276749365
3.3450896739959717,3.3450896739959717,,False,PERIODIC,True,True,1,TAKEOFF,0.03432810126082948,-0.004790536702519382,0.013457048976123072,0.00041310331327756974,8.717579417385658e-06,-0.0033535514304401347,8.394090447614616,5.5458817911157325,-0.13242705653508435,0.47754240339949316,3.276631320255915,0.11066117643162282,10.035779588580185,10.034719217712166,-0.14588410551120742,3.313141622016893,-2.208050987410027,PREPARATION,False,TAKEOFF,0,False,inf,0.03418278694152832,0.0,True,True,TRACKING,0,0.03418278694152832,0.6447791083074423,0.0,0,0,0.03418278694152832,0.007512569427490234,inf,HOLD,,,0,,0.0,0.0,False,,0.0,0.0,0.0,False,0.0,0.015972508117556572,-0.24345704897612308,UNRECOVERABLE,-0.21346881687641145,0.9996691346168518,19.909698486328125,19.92506980895996,,,0.004296035040169954,0.0019028360256925225,,20.007475584343855,0.0005651100000250153,0.0,0.5111810079212782,0.6679666426014893,2.1093726276749365,0.6118338971946903,1.0493362291985318,3.2595974092549014,0.5111810079212782,0.6679666426014893,2.1093726276749365
3.39511775970459,3.39511775970459,,False,PERIODIC,True,True,1,TAKEOFF,0.035315724092423055,-0.004499423237310341,0.013331253742960044,0.0014221576163231868,0.00031829625779747556,-0.0032503687592394,8.418720510226834,5.712121197330754,-0.12649175726494116,0.5005135720094219,3.3237711218661454,0.12664004453347985,10.147944501330931,10.146981182976806,-0.1398230110079012,3.3632279796990225,-2.282712783339896,PREPARATION,False,TAKEOFF,0,False,inf,0.08407211303710938,0.0,True,True,TRACKING,0,0.08407211303710938,0.6578927763218999,0.0,0,0,0.08407211303710938,0.05740189552307129,inf,HOLD,,,0,,0.0,0.0,False,,0.0,0.0,0.0,False,0.0,0.015971023589372635,-0.24333125374296005,UNRECOVERABLE,-0.21331578195095063,0.9999350309371948,19.86646270751953,19.876752853393555,,,0.004296259954571724,0.0019028360256925225,,19.98179538285134,0.0006382569999914267,0.0,0.40272904494854594,0.6679666426014893,2.222613399366984,0.5067636738067969,1.1964440163905539,3.253716188997171,0.40272904494854594,0.6679666426014893,2.222613399366984
3.444941759109497,3.444941759109497,,False,PERIODIC,True,True,1,TAKEOFF,0.03592919000455145,-0.00413667865519904,0.01309854602542049,0.001979243009577347,0.0007382975277437104,-0.003334811969780919,8.444526750255541,5.880721000454665,-0.1197762785060503,0.5243016910953959,3.370712546725536,0.14183902133769324,10.264195952564014,10.263335853105325,-0.1328748245314708,3.413300839643024,-2.358151409585983,PREPARATION,False,TAKEOFF,0,False,inf,0.034052133560180664,0.0,True,True,TRACKING,0,0.034052133560180664,0.6704903159531792,0.0,0,0,0.034052133560180664,0.007749319076538086,inf,HOLD,,,0,,0.0,0.0,False,,0.0,0.0,0.0,False,0.0,0.015960127115249634,-0.2430985460254205,UNRECOVERABLE,-0.21312905550003053,0.9999350309371948,19.86646270751953,19.876752853393555,,,0.00404767319560051,0.0019028360256925225,,19.98833584070286,0.0006488250000984408,0.0,0.40272904494854594,0.6880826471274861,2.194800407745629,0.6319043189652535,1.0664213521572894,3.247316725605041,0.40272904494854594,0.6880826471274861,2.194800407745629
3.4949986934661865,3.4949986934661865,,False,PERIODIC,True,True,1,TAKEOFF,0.03632129629601566,-0.0037968985487075264,0.012759718259672226,0.0025248781186876196,0.0010790236022480012,-0.003346336674954122,8.47151620608905,6.051455282335967,-0.11233162525200076,0.5488998527638572,3.4173848554646438,0.15614699945405008,10.384326650511744,10.383573187506645,-0.12509134351167298,3.463395627704852,-2.4339971534866844,PREPARATION,False,TAKEOFF,0,False,inf,0.0319674015045166,0.0,True,True,TRACKING,0,0.0319674015045166,0.6830051948162082,0.0,0,0,0.0319674015045166,0.009979009628295898,inf,HOLD,,,0,,0.0,0.0,False,,0.0,0.0,0.0,False,0.0,0.01594478450715542,-0.24275971825967224,UNRECOVERABLE,-0.21271960139274598,1.0012038946151733,19.9244327545166,19.926177978515625,,,7.495999852835666e-06,0.0019028360256925225,,19.99531203307571,0.0005648019996442599,0.0,0.547412243197075,0.7100207935215006,2.1668988656291805,0.6409609101135763,1.0817742358218858,3.241317133925272,0.547412243197075,0.7100207935215006,2.1668988656291805
3.544973134994507,3.544973134994507,,False,PERIODIC,True,True,1,TAKEOFF,0.036703172297793026,-0.0033881809300077806,0.012265104901196953,0.0031323686547338344,0.0015212066326383152,-0.003451413203798683,8.499805388207626,6.224777131293946,-0.10418330546542018,0.5744004007874545,3.463900330151939,0.1695138803237977,10.508458617019174,10.507813391630423,-0.11644841036661713,3.513450348629415,-2.510247100111328,PREPARATION,False,TAKEOFF,0,False,inf,0.03400397300720215,0.0,True,True,TRACKING,0,0.03400397300720215,0.6953936254860225,0.0,0,0,0.03400397300720215,0.008107185363769531,inf,HOLD,,,0,,0.0,0.0,False,,0.0,0.0,0.0,False,0.0,0.015929613262414932,-0.24226510490119696,UNRECOVERABLE,-0.2123465955257416,1.0012038946151733,19.9244327545166,19.926177978515625,,,0.003782792016863823,0.0019028360256925225,,20.030175544778974,0.0004819959995074896,0.0,0.41424704658207345,0.7100207935215006,2.15051840757598,0.5190271603782445,1.2285649830303234,3.2359198455068583,0.41424704658207345,0.7100207935215006,2.15051840757598
3.5950310230255127,3.5950310230255127,,False,PERIODIC,True,True,1,TAKEOFF,0.03698694282068563,-0.002937298031159501,0.011646720470113019,0.003573250572866301,0.0018404437798205003,-0.003570108728306648,8.529415796543958,6.400519332082109,-0.09538702494208808,0.6008086947451905,3.5102007218003313,0.1818417458737967,10.636590660166918,10.636052117646527,-0.10703374541220109,3.5636581727201135,-2.5870852753111433,PREPARATION,False,TAKEOFF,0,False,inf,0.08400487899780273,0.0,True,True,TRACKING,0,0.08400487899780273,0.706934971185878,0.0,0,0,0.08400487899780273,0.05810809135437012,inf,HOLD,,,0,,0.0,0.0,False,,0.0,0.0,0.0,False,0.0,0.015920216217637062,-0.24164672047011304,UNRECOVERABLE,-0.211586993932724,1.0016008615493774,19.914867401123047,19.930036544799805,,,0.0038702820893377066,0.0026394110172986984,,20.007746834959978,0.0005638149996229913,0.0,0.4390378599165059,0.8817369011780807,2.119659179112223,0.5425611441968025,1.2398225704510748,3.2299998437313153,0.4390378599165059,0.8817369011780807,2.119659179112223
3.644822120666504,3.644822120666504,,False,PERIODIC,True,True,1,TAKEOFF,0.03713772896204017,-0.0025244905912661067,0.010999566331066173,0.0038650345338262426,0.0022874474417557684,-0.0037386133335221604,8.560354544144175,6.5784428865079825,-0.08600856161148313,0.6281181985157989,3.556210773346813,0.19303883689496235,10.768647411533864,10.768210459358977,-0.0970081279425493,3.613694008085354,-2.6641980579546667,PREPARATION,False,TAKEOFF,0,False,inf,0.03396725654602051,0.0,True,True,TRACKING,0,0.03396725654602051,0.7189033840280342,0.0,0,0,0.03396725654602051,0.007725715637207031,inf,HOLD,,,0,,0.0,0.0,False,,0.0,0.0,0.0,False,0.0,0.01592014916241169,-0.24099956633106617,UNRECOVERABLE,-0.21106426119804383,1.0016008615493774,19.914867401123047,19.930036544799805,,,0.003720650915056467,0.0026394110172986984,,20.073697467984562,0.00035206299980927724,0.0,0.42916643662842247,0.8879690348274831,2.1066118636004907,0.5337987123008118,1.2539353812577463,3.2259721126814727,0.42916643662842247,0.8879690348274831,2.1066118636004907
3.6949284076690674,3.6949284076690674,,False,PERIODIC,True,True,1,TAKEOFF,0.03719475146799848,-0.002204782612749638,0.010356641250713007,0.004592866718945788,0.0025357679694645655,-0.004240629447846955,8.592654149909222,6.75846702306386,-0.07611036578170517,0.6563460097159752,3.601899473825853,0.20303544965234602,10.904588269428244,10.904245447643174,-0.08646700703241818,3.6637637231963924,-2.7412535894539216,PREPARATION,False,TAKEOFF,0,False,inf,0.08401298522949219,0.0,True,True,TRACKING,0,0.08401298522949219,0.7303354581229309,0.0,0,0,0.08401298522949219,0.05777144432067871,inf,HOLD,,,0,,0.0,0.0,False,,0.0,0.0,0.0,False,0.0,0.01594015583395958,-0.24035664125071302,UNRECOVERABLE,-0.2103120356798172,1.0000234842300415,19.957868576049805,19.95645523071289,,,0.00557579705491662,0.0026394110172986984,,19.98636573506881,0.0004578770003718091,0.0,0.42916643662842247,0.9081801397434177,1.908314282315189,0.677488361406561,1.2660386299897153,3.0526767710396645,0.42916643662842247,0.9081801397434177,1.908314282315189
3.7447798252105713,3.7447798252105713,,False,PERIODIC,True,True,1,TAKEOFF,0.03735155709432008,-0.001944778177741059,0.00947610240561651,0.008950062663337574,0.0026942704251109568,-0.01518093890408629,8.626439031453131,6.940999931882996,-0.06573024663410715,0.6855887199859662,3.6473558733821467,0.21179283242240257,11.044571557289295,11.044315501159309,-0.07520634903972366,3.7138814151131543,-2.81580164359516,PREPARATION,False,TAKEOFF,0,False,inf,0.034024715423583984,0.0,True,True,TRACKING,0,0.034024715423583984,0.7418109954669739,0.0,0,0,0.034024715423583984,0.005902767181396484,inf,HOLD,,,0,,0.0,0.0,False,,0.0,0.0,0.0,False,0.0,0.015953429043293,-0.2394761024056165,UNRECOVERABLE,-0.20966793298721315,1.0000234842300415,19.957868576049805,19.95645523071289,,,0.005192073993384838,0.0026394110172986984,,20.00430149417682,0.0006259159999899566,0.0,0.4423745331136126,0.9268570603761108,1.8773027508915134,0.5469326611526899,1.2812017631915245,3.042836192127738,0.4423745331136126,0.9268570603761108,1.8773027508915134
3.794954538345337,3.794954538345337,,False,PERIODIC,True,True,1,TAKEOFF,0.03753985947545732,-0.0018214879308348863,0.007232671037567249,0.010934603769418566,0.002816330273882092,-0.05792778198140516,8.661687311752893,7.125635782170685,-0.05495409861494084,0.7158157696117481,3.692463684631749,0.2192375184890229,11.188406214026474,11.188233391190336,-0.06218676965250809,3.766586738847801,-2.892240980240986,PREPARATION,False,TAKEOFF,0,False,inf,0.08407139778137207,0.0,True,True,TRACKING,0,0.08407139778137207,0.7542069163342587,0.0,0,0,0.08407139778137207,0.05594944953918457,inf,HOLD,,,0,,0.0,0.0,False,,0.0,0.0,0.0,False,0.0,0.015969255939126015,-0.23723267103756726,UNRECOVERABLE,-0.20695185363292695,1.0002740621566772,19.89405059814453,19.89186668395996,,,0.003815422998741269,0.001718061976134777,,19.982075958279538,0.0007193490000645397,0.0,0.4423745331136126,0.9389964413849936,1.8773027508915134,0.6932575284780902,1.2941678018288174,3.2160426222560545,0.4423745331136126,0.9389964413849936,1.8773027508915134
3.844775438308716,3.844775438308716,,False,PERIODIC,True,True,1,TAKEOFF,0.03781572604416141,-0.0017867151028206451,0.0022846075231976576,0.01606928802115008,0.0029045503530720105,-0.12639289290892025,8.698548557704889,7.312863490956184,-0.0438186096021859,0.7471440582931539,3.737325274451462,0.22534183050357662,11.336424759377818,11.33633101221048,-0.04610321712538356,3.8215292462518025,-2.9666679924096857,PREPARATION,False,TAKEOFF,0,False,inf,0.0820920467376709,0.0,True,True,TRACKING,0,0.03409123420715332,0.7662734190378029,0.0,0,0,0.03409123420715332,0.047766685485839844,inf,HOLD,,,0,,0.0,0.0,False,,0.0,0.0,0.0,False,0.0,0.015972109511494637,-0.23228460752319766,UNRECOVERABLE,-0.20297942757606507,1.0002740621566772,19.89405059814453,19.89186668395996,,,0.0058330208994448185,0.001718061976134777,,19.964705172043622,0.0005900670003029518,0.0,0.45179687394329116,0.945427983471902,2.0555576936472075,0.5563486984128421,1.309973851180242,3.2164733214576198,0.45179687394329116,0.945427983471902,2.0555576936472075
3.894890546798706,3.894890546798706,,False,PERIODIC,True,True,1,TAKEOFF,0.03835834045391988,-0.0017031452899741672,-0.0060112722543635075,0.02335286839209352,0.002826857738490231,-0.20585944514427967,8.736904386241036,7.501802596995444,-0.032443928384578914,0.7794628542930089,3.781713324037203,0.23004199054119356,11.487732605718982,11.48770219561723,-0.026432656130215407,3.8783624505179133,-3.0398019342141454,PREPARATION,False,TAKEOFF,0,False,inf,0.0320742130279541,0.0,True,True,TRACKING,0,0.0320742130279541,0.7777656290020558,0.0,0,0,0.0320742130279541,0.009768962860107422,inf,HOLD,,,0,,0.0,0.0,False,,0.0,0.0,0.0,False,0.0,0.01597125642001629,-0.2239887277456365,UNRECOVERABLE,-0.19324369430541993,0.9993933439254761,19.91530990600586,19.922786712646484,,,2.4551998649258167e-05,0.001718061976134777,,19.984010138982196,0.0005677359995388542,0.0,0.45179687394329116,0.8167299799770485,1.8679834988292907,0.7069935879536755,1.1852203473581304,3.0460208016233894,0.45179687394329116,0.8167299799770485,1.8679834988292907
3.945127487182617,3.945127487182617,,False,PERIODIC,True,True,1,TAKEOFF,0.03922462748031234,-0.0015635057943649722,-0.0191013562386591,0.03291487825933277,0.002709561313946314,-0.2837306783855784,8.776988443777277,7.69332178917269,-0.02084713986485418,0.8129594273735948,3.8258140907269653,0.23333277575648367,11.643014182755648,11.643014051871994,-0.0017457836261950792,3.935981752629264,-3.1120200157108187,PREPARATION,False,TAKEOFF,0,False,inf,0.03448820114135742,0.0,True,True,TRACKING,0,0.03448820114135742,0.7883299797878781,0.0,0,0,0.03448820114135742,0.008441925048828125,inf,HOLD,,,0,,0.0,0.0,False,,0.0,0.0,0.0,False,0.0,0.015977514907717705,-0.2108986437613409,UNRECOVERABLE,-0.18311322927474977,0.9993933439254761,19.91530990600586,19.922786712646484,,,0.003928006161004305,0.001718061976134777,,20.01820563607065,0.0006789939998270711,0.0,0.46169215330828894,0.8167299799770485,1.8679834988292907,0.5658938335536896,1.337255089453947,3.218869896946113,0.46169215330828894,0.8167299799770485,1.8679834988292907
3.9950385093688965,3.9950385093688965,,False,PERIODIC,True,True,1,TAKEOFF,0.040483357320120164,-0.0013681450169900661,-0.03614112730304383,0.043301271889152955,0.0027263519186582663,-0.3506921442915949,8.818766552570473,7.886953680029631,-0.009126668564205385,0.847595375460312,3.8694979682362387,0.23518290736989192,11.801889969513466,11.801859051502081,0.027014458738838443,3.9927510959184467,-3.1841075913576593,PREPARATION,False,TAKEOFF,0,False,inf,0.08414769172668457,0.0,True,True,TRACKING,0,0.08414769172668457,0.7981337443221245,0.0,0,0,0.08414769172668457,0.05810141563415527,inf,HOLD,,,0,,0.0,0.0,False,,0.0,0.0,0.0,False,0.0,0.016002409160137177,-0.19385887269695617,UNRECOVERABLE,-0.16223360300064088,1.0009887218475342,19.89801025390625,19.910490036010742,,,0.003863865975290537,0.0019342340528964996,,20.004683135290797,0.0007915799997135764,0.0,0.4744986327898666,0.9844992790339068,2.03767423952371,0.5765865489903806,1.3492769025597748,3.221406288607357,0.4744986327898666,0.9844992790339068,2.03767423952371
4.044930934906006,4.044930934906006,,False,PERIODIC,True,True,1,TAKEOFF,0.04218088818285706,-0.0011657629330219374,-0.05521740006295604,0.053119090844871014,0.002671934342983725,-0.4038531530027941,8.862163922553243,8.082092690862844,0.002643032534970234,0.8808619242964757,3.901805001576157,0.23558286955386473,11.96388380865947,11.963743893842086,0.057860432597926274,4.036988394987623,-3.247722624388298,PREPARATION,False,TAKEOFF,0,False,inf,0.03400921821594238,0.0,True,True,TRACKING,0,0.03400921821594238,0.7981337443221245,0.0,0,0,0.03400921821594238,0.007403135299682617,inf,HOLD,,,0,,0.0,0.0,False,,0.0,0.0,0.0,False,0.0,0.015994824469089508,-0.17478259993704398,UNRECOVERABLE,-0.14680029153823854,1.0009887218475342,19.89801025390625,19.910490036010742,,,0.0042849997989833355,0.0019342340528964996,,20.00258428934804,0.00045413499992719153,0.0,0.47110464256138224,0.8270458065047005,1.8396643674870456,0.574753583212552,1.2042555224082527,3.047118229524557,0.47110464256138224,0.8270458065047005,1.8396643674870456
4.094943284988403,4.094943284988403,,False,PERIODIC,True,True,1,TAKEOFF,0.04429107477080097,-0.0009832238527897968,-0.07587028150492944,0.061926421202544185,0.0025255810100314247,-0.44787425256015,8.906849985187215,8.277093021980619,0.014405163192654113,0.9061343017564064,3.8960134274897498,0.2345304191267764,12.127639771544507,12.127303771755399,0.09027544469758356,4.041981035607993,-3.2796188264063244,PREPARATION,False,TAKEOFF,0,False,inf,0.031970977783203125,0.0,True,True,TRACKING,0,0.031970977783203125,0.815652699106619,0.0,0,0,0.031970977783203125,0.011014461517333984,inf,HOLD,,,0,,0.0,0.0,False,,0.0,0.0,0.0,False,0.0,0.015995075926184654,-0.15412971849507057,UNRECOVERABLE,-0.12261782288551332,0.9999487400054932,19.916940689086914,19.927547454833984,,,1.62090000230819e-05,0.0019342340528964996,,19.990371523147576,0.0005969949997961521,0.0,0.47110464256138224,0.8567464013845897,1.8677918548336367,0.7278912354158416,1.2274350313314888,3.0601387295961895,0.47110464256138224,0.8567464013845897,1.8677918548336367
4.14494776725769,4.14494776725769,,False,PERIODIC,True,True,1,TAKEOFF,0.04703476285339055,-0.0007255687086256366,-0.10003885330766658,0.07023915579230759,0.0026557634169255984,-0.4889737049777117,8.952850003516133,8.47197620913899,0.026089081624200223,0.9317208656460684,3.8899738082048496,0.23202825782029315,12.292930032060424,12.29228296603861,0.1261279349318668,4.0463855659223755,-3.310782851021361,PREPARATION,False,TAKEOFF,0,False,inf,0.03420519828796387,0.0,True,True,TRACKING,0,0.03420519828796387,0.823661699209199,0.0,0,0,0.03420519828796387,0.005651950836181641,inf,HOLD,,,0,,0.0,0.0,False,,0.0,0.0,0.0,False,0.0,0.015982715412974358,-0.12996114669233344,UNRECOVERABLE,-0.10374642610549928,0.9999487400054932,19.916940689086914,19.927547454833984,,,0.005714117083698511,0.0019342340528964996,,19.963809918903998,0.0005821329996251734,0.0,0.4727301207428727,0.8355278457102149,1.8677918548336367,0.5754316773881462,1.2144751263537592,3.234368562266281,0.4727301207428727,0.8355278457102149,1.8677918548336367
4.194854974746704,4.194854974746704,,False,PERIODIC,True,True,1,TAKEOFF,0.05018355108092741,-0.0004638978661927989,-0.12673143597081477,0.07729872779265523,0.0023597192640387897,-0.5264525743952209,8.999999966517734,8.66598942108056,0.037578797860570355,0.9575335459702394,3.883700491585526,0.2281055560347714,12.459278665012956,12.458195174241947,0.16431023383138513,4.050799612201928,-3.342037800566419,PREPARATION,False,TAKEOFF,0,False,inf,0.0839853286743164,0.0,True,True,TRACKING,0,0.0839853286743164,0.8309157567348053,0.0,0,0,0.0839853286743164,0.05543208122253418,inf,HOLD,,,0,,0.0,0.0,False,,0.0,0.0,0.0,False,0.0,0.016015730798244476,-0.10326856402918524,UNRECOVERABLE,-0.07096145749092103,1.0004544258117676,19.986774444580078,19.98529815673828,,,1.6415000573033467e-05,0.0019342340528964996,,20.021887160877267,0.0005626949996440089,0.0,0.4727301207428727,0.8355278457102149,2.0444234491871724,0.7273736607647294,1.3779822726879571,3.2353031511496018,0.4727301207428727,0.8355278457102149,2.0444234491871724
4.244864463806152,4.244864463806152,,False,PERIODIC,True,True,1,TAKEOFF,0.05341095444249722,-0.00040420551945105203,-0.1538722765467153,0.08250915086668854,0.002051631880992315,-0.5588581525673348,9.048502086817827,8.859903849430768,0.04885030101465017,0.9836861098918074,3.8771589646551665,0.22277440927915496,12.62766089787836,12.62603355406412,0.20272257756136547,4.054568560739433,-3.3734884472550437,PREPARATION,False,TAKEOFF,0,False,inf,0.03414130210876465,0.0,True,True,TRACKING,0,0.03414130210876465,0.8379905431940731,0.0,0,0,0.03414130210876465,0.006922006607055664,inf,HOLD,,,0,,0.0,0.0,False,,0.0,0.0,0.0,False,0.0,0.015975719317793846,-0.07612772345328472,UNRECOVERABLE,-0.0490012288093567,1.0004544258117676,19.986774444580078,19.98529815673828,,,2.3336000595008954e-05,0.0019342340528964996,,20.039397951344753,0.0003127009995296248,0.0,0.6172049540544373,0.8319419491497171,2.0540290925991775,0.7211597202682722,1.2124288661399416,3.236770046491421,0.6172049540544373,0.8319419491497171,2.0540290925991775
4.2948901653289795,4.2948901653289795,,False,PERIODIC,True,True,1,TAKEOFF,0.05673634372203198,-0.0004200238571150997,-0.18156448979336215,0.08633536622004877,0.001728874546725994,-0.5877409506442003,9.09833890363214,9.053560566915783,0.05982520000902763,1.010170330861181,3.8703431246657978,0.21606841880853858,12.797789276738708,12.795512548915944,0.24138968980238978,4.057801961719896,-3.4047550922369614,PREPARATION,False,TAKEOFF,0,False,inf,0.031976938247680664,0.0,True,True,TRACKING,0,0.031976938247680664,0.8446659821755934,0.0,0,0,0.031976938247680664,0.014125585556030273,inf,HOLD,,,0,,0.0,0.0,False,,0.0,0.0,0.0,False,0.0,0.015889639034867287,-0.04843551020663786,UNRECOVERABLE,-0.016572874784469616,1.0001708269119263,20.012075424194336,19.994962692260742,,,1.9039000108023174e-05,0.002516786102205515,,19.998648885355514,0.0003148810001221136,0.0,0.6383530585854751,0.8319419491497171,1.8984893669731187,0.7184441626799858,1.3739992650786281,3.067818256769452,0.6383530585854751,0.8319419491497171,1.8984893669731187
4.344909191131592,4.344909191131592,,False,PERIODIC,True,True,1,TAKEOFF,0.060393084033726466,-0.0003948342354331184,-0.21236646872329404,0.08898785693679193,0.001420891049466867,-0.6162557749597588,9.14950366241522,9.246853468276154,0.07043051372948907,1.0369846048077658,3.863245129342905,0.20803145686310823,12.969329450963691,12.966245882072027,0.2827969824527831,4.061013878576487,-3.435860042866377,PREPARATION,False,TAKEOFF,0,False,inf,0.033965349197387695,0.0,True,True,TRACKING,0,0.033965349197387695,0.8506590221061315,0.0,0,0,0.033965349197387695,0.007565021514892578,inf,HOLD,,,0,,0.0,0.0,False,,0.0,0.0,0.0,False,0.0,0.015856774523854256,-0.01763353127670597,WARNING,0.00770055055618285,1.0001708269119263,20.012075424194336,19.994962692260742,,,0.004252564162015915,0.002516786102205515,,19.975684801797946,0.000302512999951432,0.0,0.6119029170261745,0.8149793526065333,1.876497851858455,0.7124276550699938,1.196843036692883,3.0569172950482804,0.6119029170261745,0.8149793526065333,1.876497851858455
4.3949196338653564,4.3949196338653564,,False,PERIODIC,True,True,1,TAKEOFF,0.06416989103493283,-0.0002950008089642843,-0.24543679403346952,0.0905241846246129,0.0012189409501611587,-0.64375503940891,9.20202820013563,9.439823617068718,0.08060384405816239,1.0641477840110574,3.855851331908993,0.19871051797216943,13.142396908269387,13.138352027434852,0.3260406380916319,4.063973670938904,-3.466620268924211,PREPARATION,False,TAKEOFF,0,False,inf,0.08405447006225586,0.0,True,True,TRACKING,0,0.08405447006225586,0.8544614865835894,0.0,0,0,0.08405447006225586,0.05765414237976074,inf,HOLD,,,0,,0.0,0.0,False,,0.0,0.0,0.0,False,0.0,0.015872156247496605,0.015436794033469509,WARNING,0.048436272144317616,0.9999087452888489,19.993452072143555,19.995498657226562,,,0.005974548868834972,0.002516786102205515,,19.99665165801143,0.0003741810005521984,0.0,0.453645645211628,0.8149793526065333,1.876497851858455,0.5522625058767755,1.3579420588769442,3.236344317420379,0.453645645211628,0.8149793526065333,1.876497851858455
4.444768190383911,4.444768190383911,,False,PERIODIC,True,True,1,TAKEOFF,0.06770084258974,-0.0001745180023826387,-0.27814863440201937,0.09084226762036296,0.0011512030876362003,-0.6683931360191768,9.255974335375349,9.632609215053733,0.09028969265515426,1.0916935029915062,3.8481430970698236,0.1881534133078715,13.317305997344276,13.312208390273087,0.3684383270571736,4.066290916655211,-3.496872445575715,PREPARATION,False,TAKEOFF,0,False,inf,0.034035682678222656,0.0,True,True,TRACKING,0,0.034035682678222656,0.8576691672498962,0.0,0,0,0.034035682678222656,0.007729768753051758,inf,HOLD,,,0,,0.0,0.0,False,,0.0,0.0,0.0,False,0.0,0.01592034101486206,0.04814863440201936,WARNING,0.07479869127273558,0.9999087452888489,19.993452072143555,19.995498657226562,,,0.0037689281161874533,0.002516786102205515,,20.01016832372311,0.0006426439995266264,0.0,0.4368307694505884,0.7927004377907227,1.8904718040780422,0.5368507506581092,1.1729238618364919,3.0532285055560786,0.4368307694505884,0.7927004377907227,1.8904718040780422
4.494890213012695,4.494890213012695,,False,PERIODIC,True,True,1,TAKEOFF,0.07103473149088654,-0.000115220800816955,-0.3107210291787843,0.08996049331707227,0.0010513616056286518,-0.6912762530492101,9.311238357386912,9.824761477700527,0.09940680030296412,1.1195712980223553,3.840125012111525,0.17644936335057965,13.49361960429047,13.487385409662494,0.4101278294817484,4.068357487799091,-3.5267125176771588,PREPARATION,False,TAKEOFF,0,False,inf,0.03199028968811035,0.0,True,True,TRACKING,0,0.03199028968811035,0.8605002148453417,0.0,0,0,0.03199028968811035,0.01420903205871582,inf,HOLD,,,0,,0.0,0.0,False,,0.0,0.0,0.0,False,0.0,0.015998193994164467,0.08072102917878429,WARNING,0.11272614002227782,0.9998997449874878,19.97561264038086,19.99205207824707,,,2.9482998797902837e-05,0.002149231033399701,,19.99783087717731,0.0005094509997434216,0.0,0.4368307694505884,0.7956530563800297,1.9185971798612895,0.6785497826941301,1.1640126618903623,3.0550733340507525,0.4368307694505884,0.7956530563800297,1.9185971798612895
4.544929265975952,4.544929265975952,,False,PERIODIC,True,True,1,TAKEOFF,0.07462265044971318,-0.00010332244276035371,-0.3457341048011422,0.08843592513122928,0.0009030681415502118,-0.7143289488133133,9.368006871000048,10.016843884623974,0.10792587370539257,1.1478774690882414,3.831759036781877,0.16363450435006754,13.6715774143306,13.664048507669166,0.4536599785065348,4.070466025238363,-3.55610583408486,PREPARATION,False,TAKEOFF,0,False,inf,0.03506827354431152,0.0,True,True,TRACKING,0,0.03506827354431152,0.863024912820327,0.0,0,0,0.03506827354431152,0.007181406021118164,inf,HOLD,,,0,,0.0,0.0,False,,0.0,0.0,0.0,False,0.0,0.016056714579463005,0.11573410480114218,WARNING,0.14045612812042235,0.9998997449874878,19.97561264038086,19.99205207824707,,,0.004303566180169582,0.002149231033399701,,19.978353964721155,0.000627215000349679,0.0,0.4163072881041469,0.7640690569437898,1.9185971798612895,0.5129571204712426,1.1407731104865613,3.227112481619877,0.4163072881041469,0.7640690569437898,1.9185971798612895
4.595051288604736,4.595051288604736,,False,PERIODIC,True,True,1,TAKEOFF,0.07835942091450371,-0.00015362557151454235,-0.3824395008918608,0.08647563829766058,0.0006960863330785413,-0.7370846868129193,9.426038273159747,10.207964950411125,0.11575665952634613,1.1764945070918487,3.823069535698077,0.14984767782282402,13.850378485813671,13.841415562941341,0.4981961604182069,4.072508924505407,-3.584757924893396,PREPARATION,False,TAKEOFF,0,False,inf,0.08399462699890137,0.0,True,True,TRACKING,0,0.08399462699890137,0.8653540292487641,0.0,0,0,0.08399462699890137,0.05610775947570801,inf,HOLD,,,0,,0.0,0.0,False,,0.0,0.0,0.0,False,0.0,0.01610829122364521,0.15243950089186079,SAFE,0.1860003352165222,1.0001277923583984,19.990222930908203,20.015928268432617,,,1.6968999261735007e-05,0.002149231033399701,,19.984962334364116,0.0006291849995250232,0.0,0.4177745099018158,0.7640690569437898,2.081517499639976,0.5106628651467369,1.2960209826938343,3.2183767668344867,0.4177745099018158,0.7640690569437898,2.081517499639976
4.644993782043457,4.644993782043457,,False,PERIODIC,True,True,1,TAKEOFF,0.08206267767972364,-0.00027657845731035677,-0.41841179863785344,0.08429964847968131,0.0006028315690219842,-0.7581684579571264,9.48560328468269,10.398942640367991,0.12288624848290666,1.2055589925204335,3.814004131559524,0.1351156044116795,14.030799687991983,14.0203543574597,0.5412980471207601,4.073967158366654,-3.6123198895416113,PREPARATION,False,TAKEOFF,0,False,inf,0.03501105308532715,0.0,True,True,TRACKING,0,0.03501105308532715,0.8674251942787703,0.0,0,0,0.03501105308532715,0.00602412223815918,inf,HOLD,,,0,,0.0,0.0,False,,0.0,0.0,0.0,False,0.0,0.016086580231785774,0.18841179863785343,SAFE,0.2152073860168457,1.0001277923583984,19.990222930908203,20.015928268432617,,,0.00610378896817565,0.002149231033399701,,19.963964956995387,0.0006445569997595157,0.0,0.4177745099018158,0.7284217167844312,2.0804669179035997,0.6359125235382294,1.0999212431477519,3.211622245269007,0.4177745099018158,0.7284217167844312,2.0804669179035997
4.694955825805664,4.694955825805664,,False,PERIODIC,True,True,1,TAKEOFF,0.08581865843383764,-0.0004590787551281138,-0.4547627418709148,0.08166730392204291,0.0003958438235343153,-0.7784391726269138,9.546581135895849,10.589300157542798,0.1292528657617269,1.235014194774133,3.8045682985992513,0.11956326188852959,14.212322173651598,14.200317860446306,0.5840156076326417,4.075333788624945,-3.639184236284627,PREPARATION,False,TAKEOFF,0,False,inf,0.08402037620544434,0.0,False,True,TRACKING,0,0.08402037620544434,0.8674251942787703,0.0,0,1,0.08402037620544434,0.05503344535827637,inf,HOLD,,,0,,0.0,0.0,False,,0.0,0.0,0.0,False,0.0,0.01600346714258194,0.2247627418709148,SAFE,0.25716577768325805,1.0001847743988037,19.991544723510742,20.01100730895996,,,0.002407203894108534,0.002563654910773039,,20.014098210298805,0.0004431930001373985,0.0,0.5405414805224086,0.7284217167844312,2.049557976336772,0.6200666322889113,1.2537207666457668,3.1991794772557562,0.5405414805224086,0.7284217167844312,2.049557976336772
4.745010852813721,4.745010852813721,,False,PERIODIC,True,True,1,TAKEOFF,0.0897429640293841,-0.0006045232164444515,-0.493776024158201,0.0787887246628729,0.00023693442163091473,-0.7990955162997773,9.609072308413559,10.779268696241926,0.13482601517489495,1.2649113515317207,3.7947330963805865,0.10326651639258287,14.395083824636215,14.381352432732099,0.628602039333096,4.0766831183127525,-3.6653142657840787,PREPARATION,False,TAKEOFF,0,False,inf,0.13408565521240234,0.0,False,False,REACQUIRE,0,0.13408565521240234,0.8674251942787703,0.0,0,2,0.13408565521240234,0.10509872436523438,inf,HOLD,,,0,,0.0,0.0,False,,0.0,0.0,0.0,False,0.0,0.015951136127114296,0.263776024158201,SAFE,0.2879213571548462,1.0001847743988037,19.991544723510742,20.01100730895996,,,0.001134076970629394,0.002563654910773039,,20.00720434108247,0.0005480339996211114,0.0,0.5122012505241909,0.8622856017140124,2.055340037321518,0.6073837879835519,1.228304408440647,3.188518188979728,0.5122012505241909,0.8622856017140124,2.055340037321518
4.794912576675415,4.794912576675415,,False,PERIODIC,True,True,1,TAKEOFF,0.09367657769898291,-0.0007511471908895367,-0.5348197949092458,0.07555794915483464,0.00012785174876268294,-0.8199779052988072,9.673097811991951,10.968818946298995,0.1395699630534817,1.2952626744907576,3.7844807575242148,0.08632559010932343,14.579148835431228,14.5635428114182,0.6743897579627275,4.078037831880288,-3.690749865177151,PREPARATION,False,TAKEOFF,0,False,inf,inf,0.0,False,False,REACQUIRE,0,0.1839747428894043,0.8674251942787703,0.0,0,3,inf,inf,inf,HOLD,,,0,,0.0,0.0,False,,0.0,0.0,0.0,False,0.0,0.015884585678577423,0.3048197949092458,SAFE,0.33857356309890746,1.0000669956207275,19.949445724487305,19.961977005004883,,,0.0014308809768408537,0.002563654910773039,,20.024508306128684,0.0005391179993239348,0.0,0.403459139084633,0.8525727270960184,2.0064358987093405,0.4846368576591181,1.206327129746536,3.1721148248906506,0.403459139084633,0.8525727270960184,2.0064358987093405
4.844923257827759,4.844923257827759,,False,PERIODIC,True,True,1,TAKEOFF,0.0973146650593065,-0.0009081329979712452,-0.5751325703471527,0.07222732444931189,-2.6274952280602968e-06,-0.8395051853189154,9.738602692428387,11.157703278920723,0.1434501985839864,1.3260447740664045,3.7738051429785266,0.06886541155871057,14.764328791540008,14.746831641708415,0.718582768931139,4.079071024966863,-3.7151441052738976,PREPARATION,False,TAKEOFF,0,False,inf,inf,0.0,False,False,REACQUIRE,0,0.23409414291381836,0.8674251942787703,0.0,0,3,inf,inf,inf,HOLD,,,0,,0.0,0.0,False,,0.0,0.0,0.0,False,0.0,0.01584186777472496,0.3451325703471527,SAFE,0.3710410475730896,1.0000669956207275,19.949445724487305,19.961977005004883,,,2.1665000531356782e-05,0.002563654910773039,,20.01834140597015,0.0005075379995105322,0.0,0.3939008728922725,0.8202442720981314,1.9937778844604017,0.47105979899524264,1.1827850826990784,3.156828303206765,0.3939008728922725,0.8202442720981314,1.9937778844604017
4.894864082336426,4.894864082336426,,False,PERIODIC,True,True,1,TAKEOFF,0.10071520367677968,-0.0009796198711249523,-0.6150045398985786,0.06902078066433827,0.00014404318493716433,-0.8578050778440383,9.805719342127375,11.3462138070092,0.14644902993124462,1.3573223011465516,3.7626687564560117,0.050964574142441196,14.950776419082247,14.931373144971603,0.7614535698298233,4.079482235042088,-3.7382040645782895,PREPARATION,False,TAKEOFF,0,False,inf,inf,0.0,False,False,REACQUIRE,0,0.2840120792388916,0.8674251942787703,0.0,0,5,inf,inf,inf,HOLD,,,0,,0.0,0.0,False,,0.0,0.0,0.0,False,0.0,0.015797097235918045,0.38500453989857863,SAFE,0.41761438846588134,0.9996228814125061,19.9700984954834,19.98065757751465,,,2.457799928379245e-05,0.002563654910773039,,20.007947766084207,0.000496356000439846,0.0,0.3939008728922725,0.6396113805592154,1.7692283332927285,0.5781040637565061,0.9905870753398722,2.9558698957588514,0.3939008728922725,0.6396113805592154,1.7692283332927285
4.9449238777160645,4.9449238777160645,,False,PERIODIC,True,True,1,TAKEOFF,0.10421759404365312,-0.0008583437857119322,-0.6581578167494652,0.06535904322655356,0.00015795186516176637,-0.87663557195422,9.874352812885306,11.533993928198385,0.1485426161139165,1.38905342342031,3.751070592095584,0.03276498894776246,15.138002666115787,15.11649295077885,0.8067004328633817,4.080260019528869,-3.7608997273233746,PREPARATION,False,TAKEOFF,0,False,inf,inf,0.0,False,False,REACQUIRE,0,0.33409547805786133,0.8674251942787703,0.0,0,6,inf,inf,inf,HOLD,,,0,,0.0,0.0,False,,0.0,0.0,0.0,False,0.0,0.015834614634513855,0.4281578167494652,SAFE,0.4516926288604736,0.9996228814125061,19.9700984954834,19.98065757751465,,,0.0012300510425120592,0.002563654910773039,,20.012027540596968,0.0005493930002558045,0.0,0.40661725948153055,0.600008990396803,1.7692283332927285,0.47689814836069094,0.9617129411254357,3.1138598410647926,0.40661725948153055,0.600008990396803,1.7692283332927285
4.99502420425415,4.99502420425415,,False,PERIODIC,True,True,1,TAKEOFF,0.10768923412321121,-0.000520167490275873,-0.7037001290705037,0.06157053260698124,0.0004627809879503188,-0.8953548032974424,9.944617508583889,11.721268756142997,0.1497213573741855,1.4212935258131276,3.7389737513763968,0.014354976949036334,15.326246170560522,15.302466907237395,0.8534214864446892,4.080794380784743,-3.782654882911591,PREPARATION,False,TAKEOFF,0,False,inf,inf,0.0,False,False,REACQUIRE,0,0.3840038776397705,0.8674251942787703,0.0,0,7,inf,inf,inf,HOLD,,,0,,0.0,0.0,False,,0.0,0.0,0.0,False,0.0,0.016010720282793045,0.47370012907050374,SAFE,0.5076905369758606,1.0003514289855957,20.05869483947754,20.070314407348633,,,0.0011601269943639636,0.0020651270169764757,,19.993812066871023,0.0005141880001247046,0.0,0.42290783764750517,0.600008990396803,1.8668982356832056,0.49074384446066865,1.1027736952819165,3.086226125452016,0.42290783764750517,0.600008990396803,1.8668982356832056
5.04501748085022,5.04501748085022,,False,PERIODIC,True,True,1,TAKEOFF,0.11079377883369275,-0.00012006602370862428,-0.7479000994049262,0.057851173565485775,0.00087814679497749,-0.9125695041985582,10.016563418876096,11.908070337261362,0.1499766427227705,1.454067328140015,3.7263505209837358,-0.004157906364909466,15.515651887256633,15.489650442875606,0.8978767421276967,4.080903771496847,-3.8032479746068173,PREPARATION,False,TAKEOFF,0,False,inf,inf,0.0,False,False,REACQUIRE,0,0.43410491943359375,0.8674251942787703,0.0,0,7,inf,inf,inf,HOLD,,,0,,0.0,0.0,False,,0.0,0.0,0.0,False,0.0,0.016155585646629333,0.5179000994049262,SAFE,0.5434889078140259,1.0003514289855957,20.05869483947754,20.070314407348633,,,0.0015282330568879843,0.0020651270169764757,,20.009495070929304,0.000445834999482031,0.0,0.42290783764750517,0.5754113905737621,1.6084029249370109,0.5733177595142113,0.9179109714687824,2.8582096902089185,0.42290783764750517,0.5754113905737621,1.6084029249370109
5.094899415969849,5.094899415969849,,False,PERIODIC,True,True,1,TAKEOFF,0.11360426810437231,0.00017526112052915167,-0.7915550696023266,0.054244384192774026,0.0011342456032055962,-0.9286790325846682,10.090055571917489,12.093959796341885,0.14930725186959967,1.487315644871993,3.71320510779017,-0.022618623831458982,15.705872370221247,15.677665802080158,0.9408623214719263,4.080944595114253,-3.822928616638845,PREPARATION,False,TAKEOFF,0,False,inf,inf,0.0,False,False,REACQUIRE,0,0.4840421676635742,0.8674251942787703,0.0,0,9,inf,inf,inf,HOLD,,,0,,0.0,0.0,False,,0.0,0.0,0.0,False,0.0,0.016322148963809013,0.5615550696023266,SAFE,0.5945294380187989,0.9994887709617615,20.03826141357422,20.049468994140625,,,0.0025504110381007195,0.0020651270169764757,,20.02731132614839,0.0006061800004317774,0.0,0.5094570844797935,0.5925517712816989,1.618091739366305,0.5758541327833463,0.9085285544420747,2.840767357842391,0.5094570844797935,0.5925517712816989,1.618091739366305
5.14495062828064,5.14495062828064,,False,PERIODIC,True,True,1,TAKEOFF,0.11642851488675954,0.00039528795623128656,-0.8384277515754172,0.050620042112255965,0.0012977685860137277,-0.9451473306356418,10.165218529927358,12.279168565988169,0.14771844638685835,1.5210972013751194,3.699495006614927,-0.04093908089515278,15.89713616672658,15.866519907644864,0.9861461979622755,4.081244717751831,-3.8420456682023376,PREPARATION,False,TAKEOFF,0,False,inf,inf,0.0,False,False,REACQUIRE,0,0.5341718196868896,0.8674251942787703,0.0,0,9,inf,inf,inf,HOLD,,,0,,0.0,0.0,False,,0.0,0.0,0.0,False,0.0,0.016427574679255486,0.6084277515754172,SAFE,0.6315691947937012,0.9994887709617615,20.03826141357422,20.049468994140625,,,0.0013202859554439783,0.0020651270169764757,,19.997113293204496,0.0006416039996111067,0.0,0.5078868742348565,0.5925517712816989,1.5147635577682186,0.5819230868381507,1.032065787010215,2.787260666292096,0.5078868742348565,0.5925517712816989,1.5147635577682186
5.194901943206787,5.194901943206787,,False,PERIODIC,True,True,1,TAKEOFF,0.11922047351224752,0.0006614548323161717,-0.8873231803767492,0.04677408756085539,0.0013881749760817454,-0.9614150963122924,10.242210761785344,12.463979763206074,0.1452151589691686,1.5554843340104467,3.685168718884941,-0.059036820630472435,16.089604440586324,16.05643907073782,1.0325383393459178,4.081756026007181,-3.8606622720383292,PREPARATION,False,TAKEOFF,0,False,inf,inf,0.0,False,False,REACQUIRE,0,0.5841019153594971,0.8674251942787703,0.0,0,11,inf,inf,inf,HOLD,,,0,,0.0,0.0,False,,0.0,0.0,0.0,False,0.0,0.016550105065107346,0.6573231803767492,SAFE,0.6918168544769288,1.0004149675369263,19.935209274291992,19.936277389526367,,,0.0026626470498740673,0.0016550510190427303,,19.965475454086068,0.0006989060002524639,0.0,0.5216322337286071,0.673839970247607,1.5147635577682186,0.5887971516401538,1.0122130890610326,2.9530663201977534,0.5216322337286071,0.673839970247607,1.5147635577682186
5.244996547698975,5.244996547698975,,False,PERIODIC,True,True,1,TAKEOFF,0.12169895183701095,0.0009534966940270779,-0.9350880547453374,0.04317158837508304,0.0014913360392103854,-0.9768237840259898,10.320842679282123,12.647837993247606,0.14181931940192233,1.5903935646016216,3.6702381815999017,-0.07674880382514807,16.28268865190092,16.247037275831254,1.0769073741472597,4.082123740225598,-3.8782203388006833,PREPARATION,False,TAKEOFF,0,False,inf,inf,0.0,False,False,REACQUIRE,0,0.6340832710266113,0.8674251942787703,0.0,0,11,inf,inf,inf,HOLD,,,0,,0.0,0.0,False,,0.0,0.0,0.0,False,0.0,0.01659705676138401,0.7050880547453374,SAFE,0.7301774501800538,1.0004149675369263,19.935209274291992,19.936277389526367,,,0.0018064239993691444,0.0016550510190427303,,20.004291451186248,0.0005670049995387672,0.0,0.5216322337286071,0.677873792413515,1.4118805467372646,0.626402827548959,0.9985691790272941,2.7075077844423654,0.5216322337286071,0.677873792413515,1.4118805467372646
5.294923782348633,5.294923782348633,,False,PERIODIC,True,True,1,TAKEOFF,0.1238378313144617,0.0013852211627041358,-0.9816940722112264,0.03982321583041028,0.0016487449694018899,-0.9910142535393932,10.401273189049242,12.831021459076322,0.1375471401248368,1.6258966483512207,3.6546491061222652,-0.09399590939076408,16.47658776631238,16.438529238639426,1.119241212336063,4.082239885365685,-3.8947028228810403,PREPARATION,False,TAKEOFF,0,False,inf,inf,0.0,False,False,REACQUIRE,0,0.6839711666107178,0.8674251942787703,0.0,0,13,inf,inf,inf,HOLD,,,0,,0.0,0.0,False,,0.0,0.0,0.0,False,0.0,0.01663692109286785,0.7516940722112264,SAFE,0.7847720861434937,0.9998487830162048,19.9311580657959,19.950719833374023,,,2.9054999686195515e-05,0.0016550510190427303,,20.027235830587784,0.0006196019994604285,0.0,0.5216322337286071,0.6187442973232158,1.4118805467372646,0.6659799391579255,0.8839452973166211,2.871179180070988,0.5216322337286071,0.6187442973232158,1.4118805467372646
5.344756364822388,5.344756364822388,,False,PERIODIC,True,True,1,TAKEOFF,0.1257423787693599,0.0019423572674280604,-1.031838476184131,0.03609165849625304,0.0019115654249757556,-1.0055489618338371,10.483525032669085,13.013475914944957,0.13242433804469908,1.6620039346195343,3.6383709158508273,-0.11066920297932285,16.67150787807121,16.630804761886736,1.16426281422883,4.0826752405445506,-3.9107820685966646,PREPARATION,False,TAKEOFF,0,False,inf,inf,0.0,False,False,REACQUIRE,0,0.7339718341827393,0.8674251942787703,0.0,0,13,inf,inf,inf,HOLD,,,0,,0.0,0.0,False,,0.0,0.0,0.0,False,0.0,0.01667466014623642,0.8018384761841311,SAFE,0.8243176221847535,0.9998487830162048,19.9311580657959,19.950719833374023,,,2.2166999769979157e-05,0.0016550510190427303,,20.01225871062552,0.00036428299972612876,0.0,0.5216322337286071,0.6140015423072945,1.3002082388981728,0.7080608846690414,0.8803541577131523,2.618069377958007,0.5216322337286071,0.6140015423072945,1.3002082388981728
5.3949127197265625,5.3949127197265625,,False,PERIODIC,True,True,1,TAKEOFF,0.12731277874019453,0.002435675330414723,-1.0841194374899192,0.032226328271024555,0.002097535554458731,-1.0201674534407765,10.567463547852192,13.194810300800503,0.1264940326828797,1.698656739102342,3.621403772392992,-0.1266344365642094,16.867159847309825,16.82365882739355,1.2106134701727989,4.083475137968919,-3.9263724421763895,PREPARATION,False,TAKEOFF,0,False,inf,inf,0.0,False,False,REACQUIRE,0,0.784005880355835,0.8674251942787703,0.0,0,15,inf,inf,inf,HOLD,,,0,,0.0,0.0,False,,0.0,0.0,0.0,False,0.0,0.01672033779323101,0.8541194374899193,SAFE,0.8887064933776856,1.0003103017807007,19.976512908935547,19.980314254760742,,,0.0011678730370476842,0.002108074026182294,,19.99741938916008,0.00048731700007920153,0.0,0.5216322337286071,0.6140015423072945,1.3002082388981728,0.7521454079164878,0.9827754820445208,2.7812181361499455,0.5216322337286071,0.6140015423072945,1.3002082388981728
5.44493842124939,5.44493842124939,,False,PERIODIC,True,True,1,TAKEOFF,0.1283856202444755,0.002740143896893566,-1.1348383644513214,0.028365674769378662,0.0020089088290801745,-1.0337547723026552,10.653312903994888,13.375412500784812,0.11977997685806249,1.7359526897950988,3.603674272016432,-0.1418313151143557,17.06389543671837,17.017710195349668,1.2546183413093839,4.0845286454804866,-3.941371053445986,PREPARATION,False,TAKEOFF,0,False,inf,inf,0.0,False,False,REACQUIRE,0,0.8340604305267334,0.8674251942787703,0.0,0,15,inf,inf,inf,HOLD,,,0,,0.0,0.0,False,,0.0,0.0,0.0,False,0.0,0.016759229823946953,0.9048383644513214,SAFE,0.9297017335891724,1.0003103017807007,19.976512908935547,19.980314254760742,,,0.0014010700397193432,0.002108074026182294,,20.002192687427588,0.0004905779996988713,0.0,0.5216322337286071,0.6568035344695496,1.2105246400224992,0.7986250774044135,0.9050576307484836,2.526645277291549,0.5216322337286071,0.6568035344695496,1.2105246400224992
5.4948835372924805,5.4948835372924805,,False,PERIODIC,True,True,1,TAKEOFF,0.12910444443735536,0.0027766472846704367,-1.1848225962700332,0.02482803362299825,0.0016453443603449104,-1.046585901021969,10.741138051181437,13.555302121008804,0.11231924801408476,1.7739183215393302,3.5851379036945126,-0.15616896679129447,17.261772242466883,17.21296615887591,1.2971418442841178,4.08577753614307,-3.955664297790932,PREPARATION,False,TAKEOFF,0,False,inf,inf,0.0,False,False,REACQUIRE,0,0.8840987682342529,0.8674251942787703,0.0,0,17,inf,inf,inf,HOLD,,,0,,0.0,0.0,False,,0.0,0.0,0.0,False,0.0,0.01679050922393799,0.9548225962700332,SAFE,0.9879949569702149,0.9995085000991821,19.908933639526367,19.91194725036621,,,0.002164575969800353,0.002108074026182294,,19.994845464289586,0.0006545139995068894,0.0,0.5216322337286071,0.6976058422370115,1.2510375680036334,0.8475512777508789,0.9273997552306846,2.48810868316632,0.5216322337286071,0.6976058422370115,1.2510375680036334
5.544900894165039,5.544900894165039,,False,PERIODIC,True,True,1,TAKEOFF,0.1296390832791849,0.002558992974901772,-1.2382505038906388,0.02122388532485154,0.0010864093240303754,-1.059520621162699,10.83069404197282,13.73387919831426,0.1041820771610951,1.8124460773890378,3.5658153649000237,-0.16951574298408748,17.46035100005758,17.408668295149475,1.342432581051734,4.087527143793282,-3.969632305805468,PREPARATION,False,TAKEOFF,0,False,inf,inf,0.0,False,False,REACQUIRE,0,0.934135913848877,0.8674251942787703,0.0,0,17,inf,inf,inf,HOLD,,,0,,0.0,0.0,False,,0.0,0.0,0.0,False,0.0,0.016839543357491493,1.0082505038906389,SAFE,1.0301915884017945,0.9995085000991821,19.908933639526367,19.91194725036621,,,0.002289853058755398,0.002108074026182294,,20.004612831886174,0.0006042909999450785,0.0,0.5216322337286071,0.6976058422370115,1.1442642768438627,0.8985893436066278,1.009840669559688,2.4375281322815696,0.5216322337286071,0.6976058422370115,1.1442642768438627
5.595219135284424,5.595219135284424,,False,PERIODIC,True,True,1,TAKEOFF,0.12988937147881283,0.0020479419915916362,-1.2938094188832217,0.01772559297409481,0.0002765890050832515,-1.0722525752799337,10.922223822751263,13.91153374729746,0.09540074968659008,1.8516381166553426,3.545622129464596,-0.18182397977009518,17.660073135991976,17.605348002130707,1.3892101685698117,4.089691092181988,-3.983172815732939,PREPARATION,False,TAKEOFF,0,False,inf,inf,0.0,False,False,REACQUIRE,0,0.9841270446777344,0.8674251942787703,0.0,0,19,inf,inf,inf,HOLD,,,0,,0.0,0.0,False,,0.0,0.0,0.0,False,0.0,0.016921622678637505,1.0638094188832217,SAFE,1.0986704111099244,0.9998592734336853,19.971878051757812,19.960830688476562,,,0.0022911399137228727,0.0022763670422136784,,20.013796629800982,0.0007323590007217717,0.0,0.5216322337286071,0.7450766123673178,1.1442642768438627,0.9520317287476538,1.025711238565341,2.5958385919404074,0.5216322337286071,0.7450766123673178,1.1442642768438627
5.645020484924316,5.645020484924316,,False,PERIODIC,True,True,1,TAKEOFF,0.12992772606993866,0.0013079504686509546,-1.3473002299124306,0.014418239984871902,-0.0006298765387910843,-1.084098840601243,11.015772729659517,14.088239959857784,0.08602759189292465,1.891509795108048,3.524512830876107,-0.1930179124696273,17.86050681039286,17.802900743399327,1.4333278218053553,4.091959070474078,-3.995932770150029,PREPARATION,False,TAKEOFF,0,False,inf,inf,0.0,False,False,REACQUIRE,0,1.0340986251831055,0.8674251942787703,0.0,0,20,inf,inf,inf,HOLD,,,0,,0.0,0.0,False,,0.0,0.0,0.0,False,0.0,0.016993697732686996,1.1173002299124306,SAFE,1.1419430255889893,0.9998592734336853,19.971878051757812,19.960830688476562,,,0.0021385340951383114,0.0022763670422136784,,20.02514231379847,0.0005143150001458707,0.0,0.5216322337286071,0.7855695500195244,1.1038572659538797,1.00790899017027,1.0452400052454431,2.3536452570887327,0.5216322337286071,0.7855695500195244,1.1038572659538797
5.694693565368652,5.694693565368652,,False,PERIODIC,True,True,1,TAKEOFF,0.12983892871159958,0.0004614924720264368,-1.3996630914488548,0.011441105391698037,-0.0015720292891299229,-1.0950566312448782,11.11140297922578,14.26399725464348,0.07611682627463844,1.9320823095141417,3.5024360021651364,-0.20302947376818445,18.061592615266388,18.001199999841383,1.4757799177234932,4.094221216439687,-4.007820659878816,PREPARATION,False,TAKEOFF,0,False,inf,inf,0.0,False,False,REACQUIRE,0,1.0839831829071045,0.8674251942787703,0.0,0,21,inf,inf,inf,HOLD,,,0,,0.0,0.0,False,,0.0,0.0,0.0,False,0.0,0.01714174449443817,1.1696630914488548,SAFE,1.2030063152313233,0.9977552890777588,19.97535514831543,19.97994613647461,,,0.00021449799533002079,0.0022763670422136784,,20.000480864190248,0.0005094529997222708,0.0,0.5216322337286071,0.7836807457418862,1.1038572659538797,1.00790899017027,1.0662466321027761,2.5106325506339515,0.5216322337286071,0.7836807457418862,1.1038572659538797
5.744809150695801,5.744809150695801,,False,PERIODIC,True,True,1,TAKEOFF,0.1297061669982828,-0.0004968315699717642,-1.4553103968028607,0.00855462114960829,-0.002378191449989475,-1.1060050948188118,11.208988472529867,14.438464513080527,0.06574614546500927,1.973295916729122,3.479382592504045,-0.21178065588091874,18.263288699540194,18.199837942080052,1.52105654226787,4.096645440165584,-4.019051551040963,PREPARATION,False,TAKEOFF,0,False,inf,inf,0.0,False,False,REACQUIRE,0,1.1340992450714111,0.8674251942787703,0.0,0,22,inf,inf,inf,HOLD,,,0,,0.0,0.0,False,,0.0,0.0,0.0,False,0.0,0.017262937501072884,1.2253103968028607,SAFE,1.2470010995864869,0.9977552890777588,19.97535514831543,19.97994613647461,,,0.0012826280435547233,0.0022763670422136784,,20.005602146669503,0.0004923110000163433,0.0,0.5216322337286071,0.7836807457418862,1.3113087619116768,1.00790899017027,1.1269821298712597,2.470536640798463,0.5216322337286071,0.7836807457418862,1.3113087619116768
5.794873476028442,5.794873476028442,,False,PERIODIC,True,True,1,TAKEOFF,0.12957828656035464,-0.0014339358026388394,-1.5128439530170432,0.0058058849361275556,-0.0033001729948148794,-1.1168477053867758,11.308693513678534,14.611827047018464,0.054965849770370744,2.0152123724966065,3.4552740982064787,-0.21923024974848754,18.46559074037285,18.398913386752685,1.5678098027874139,4.099410630606826,-4.029750773123249,PREPARATION,False,TAKEOFF,0,False,inf,inf,0.0,False,False,REACQUIRE,1,1.1840646266937256,0.8674251942787703,0.35,0,23,inf,inf,inf,SEARCH,,,0,,0.0,0.0,False,,0.0,0.0,0.0,False,0.0,0.034931402653455734,1.2828439530170432,SAFE,1.3179787874221802,0.9999642372131348,19.96078872680664,19.974287033081055,,,0.0018492500530555844,0.0022763670422136784,,19.98622538612883,0.000349621000168554,0.0,0.5216322337286071,0.7836807457418862,1.2151380318282443,1.00790899017027,1.1900614279884625,2.4361951478166204,0.5216322337286071,0.7836807457418862,1.2151380318282443
5.844882965087891,5.844882965087891,,False,PERIODIC,True,True,1,TAKEOFF,0.12936545252095166,-0.0021831123334931936,-1.5682779324328444,0.003467508098567035,-0.003929765528615264,-1.1272874651752496,11.410563934663365,14.784044400059248,0.043840964782354934,2.0578412325381503,3.4300567723677498,-0.22533110158840727,18.668071421025008,18.59833227044114,1.6121188972151994,4.101980036998721,-4.039279857211525,PREPARATION,False,TAKEOFF,0,False,inf,inf,0.0,False,False,REACQUIRE,1,1.2340619564056396,0.8674251942787703,0.35,0,23,inf,inf,inf,SEARCH,,,0,,0.0,0.0,False,,0.0,0.0,0.0,False,0.0,0.03501749262213716,1.3382779324328444,SAFE,1.3627409219741822,0.9999642372131348,19.96078872680664,19.974287033081055,,,0.0014496620278805494,0.0022763670422136784,,20.006847717615752,0.0004044269999212702,0.0,0.5216322337286071,0.7836807457418862,1.2662267132370835,1.00790899017027,1.2557394125439758,2.405846195778088,0.5216322337286071,0.7836807457418862,1.2662267132370835
5.894909381866455,5.894909381866455,,False,PERIODIC,True,True,1,TAKEOFF,0.12899306385372467,-0.002730515885803875,-1.6226352207420587,0.0012124578784186144,-0.004143051178427281,-1.139867934652338,11.514502467221583,14.954839480677016,0.03245447825611396,2.101130562835103,3.4037112624193373,-0.23003831867105587,18.8705603119776,18.797838295300185,1.6550896989981727,4.104986845331958,-4.047982949440183,PREPARATION,False,TAKEOFF,0,False,inf,inf,0.0,False,False,REACQUIRE,1,1.2840211391448975,0.8674251942787703,0.35,0,25,inf,inf,inf,SEARCH,,,0,,0.0,0.0,False,,0.0,0.0,0.0,False,0.0,0.03564215302467355,1.3926352207420587,SAFE,1.4261345148086548,1.0006285905838013,19.903379440307617,19.91059112548828,,,0.0021708300337195396,0.003003183053806424,,19.992307310212784,0.0005090349995953147,0.0,0.5216322337286071,0.7836807457418862,1.1230511199846611,1.00790899017027,1.3237775393819375,2.2089791300500172,0.5216322337286071,0.7836807457418862,1.1230511199846611
5.944759368896484,5.944759368896484,,False,PERIODIC,True,True,1,TAKEOFF,0.12845996271725002,-0.0032131724189703274,-1.680494196359391,-0.0009344968734689189,-0.004146831855288568,-1.1534289980266144,11.620681163984806,15.124380804604993,0.020861604998086546,2.14513868417462,3.376148697207748,-0.23332958578692578,19.073800335417374,18.997769544674323,1.7013558013574774,4.1083586613903655,-4.056050766449123,PREPARATION,False,TAKEOFF,0,False,inf,inf,0.0,False,False,REACQUIRE,1,1.3340692520141602,0.8674251942787703,0.35,0,26,inf,inf,inf,SEARCH,,,0,,0.0,0.0,False,,0.0,0.0,0.0,False,0.0,0.03724173754453641,1.450494196359391,SAFE,1.4718995571136475,1.0006285905838013,19.903379440307617,19.91059112548828,,,0.0022632048930972815,0.003003183053806424,,20.00710890538774,0.0003431729992371402,0.0,0.5216322337286071,0.7836807457418862,1.022629179638259,1.00790899017027,1.3943753413294282,2.1885424788233974,0.5216322337286071,0.7836807457418862,1.022629179638259
5.994820594787598,5.994820594787598,,False,PERIODIC,True,True,1,TAKEOFF,0.12781663076816005,-0.0035744026734173973,-1.7406398432367145,-0.002761241084561026,-0.003700108579720318,-1.1659814780195503,11.729115617319131,15.292569713138821,0.009136028120531325,2.1898560293036584,3.3473169211956035,-0.2351820107156656,19.277548562694115,19.197972887444287,1.7497758713572458,4.111359054690081,-4.06294079006319,PREPARATION,False,TAKEOFF,0,False,inf,inf,0.0,False,False,REACQUIRE,1,1.3840198516845703,0.8674251942787703,0.35,0,27,inf,inf,inf,SEARCH,,,0,,0.0,0.0,False,,0.0,0.0,0.0,False,0.0,0.04268524684011954,1.5106398432367145,SAFE,1.5458609342575074,1.0002540349960327,20.05562400817871,20.03021240234375,,,0.00023424500250257552,0.003003183053806424,,19.989619375426734,0.0005243810001047677,0.0,0.5216322337286071,0.7836807457418862,1.022629179638259,1.00790899017027,1.4675375507068706,2.3322876429724233,0.5216322337286071,0.7836807457418862,1.022629179638259
6.044955015182495,6.044955015182495,,False,PERIODIC,True,True,1,TAKEOFF,0.12716893201911744,-0.003838819260150439,-1.7983311472569776,-0.00436224831758578,-0.0025146051146308548,-1.1763827464806351,11.83988670436851,15.459405443169029,-0.002654602472983285,2.235297221897601,3.317144303429815,-0.23558254857280078,19.481379185975147,19.398445317454136,1.7956765447839944,4.113552579460544,-4.068221656367087,PREPARATION,False,TAKEOFF,0,False,inf,inf,0.0,False,False,REACQUIRE,1,1.4341042041778564,0.8674251942787703,0.35,0,27,inf,inf,inf,SEARCH,,,0,,0.0,0.0,False,,0.0,0.0,0.0,False,0.0,0.04825262948870668,1.5683311472569776,SAFE,1.5925337553024292,1.0002540349960327,20.05562400817871,20.03021240234375,,,0.0022725730668753386,0.003003183053806424,,20.006149576086944,0.0005407779999586637,0.0,0.5216322337286071,0.7836807457418862,1.133781746664323,1.00790899017027,1.5433059558743023,2.17627680419529,0.5216322337286071,0.7836807457418862,1.133781746664323
6.094892501831055,6.094892501831055,,False,PERIODIC,True,True,1,TAKEOFF,0.1265697189755369,-0.003961746997162604,-1.8549104586523417,-0.005824746288555719,-0.0007439804186349783,-1.1855718429043827,11.952724853324234,15.624372021738662,-0.014405678924959527,2.2813309321143715,3.2856550607417954,-0.23453034096562655,19.684771258332923,19.598539783583128,1.8405047797273821,4.1153347000457785,-4.072162910087793,PREPARATION,False,TAKEOFF,0,False,inf,inf,0.0,False,False,REACQUIRE,1,1.4839458465576172,0.8674251942787703,0.35,0,29,inf,inf,inf,SEARCH,,,0,,0.0,0.0,False,,0.0,0.0,0.0,False,0.0,0.0586628481745719,1.6249104586523417,SAFE,1.6584152460098267,1.0010135173797607,19.98651885986328,19.992008209228516,,,0.0011731750564649701,0.0018921359442174435,,20.020584390070372,0.0002939949999927194,0.0,0.5216322337286071,0.7836807457418862,1.3113845659242536,1.00790899017027,1.621478877542427,2.186812782308803,0.5216322337286071,0.7836807457418862,1.3113845659242536
6.144782543182373,6.144782543182373,,False,PERIODIC,True,True,1,TAKEOFF,0.12595901759615893,-0.0039972829812932355,-1.9149534776625292,-0.007146448177225157,0.001608986312553774,-1.194681705535099,12.067905800058192,15.787765638610601,-0.02607063076569276,2.3280460004869226,3.2527222167927037,-0.23203337482547642,19.88863362667785,19.79873402838979,1.8888828468968364,4.116983461020842,-4.074984976670653,PREPARATION,False,TAKEOFF,0,False,inf,inf,0.0,False,False,REACQUIRE,1,1.5340790748596191,0.8674251942787703,0.35,0,30,inf,inf,inf,SEARCH,,,0,,0.0,0.0,False,,0.0,0.0,0.0,False,0.0,0.06820081397891053,1.6849534776625292,SAFE,1.7059077501296998,1.0010135173797607,19.98651885986328,19.992008209228516,,,0.002064475091174245,0.0018921359442174435,,20.04357626374334,0.0005078859994682716,0.0,0.5216322337286071,0.7836807457418862,1.3113845659242536,1.00790899017027,1.7022868467336036,2.316180495617746,0.5216322337286071,0.7836807457418862,1.3113845659242536
6.1948561668396,6.1948561668396,,False,PERIODIC,True,True,1,TAKEOFF,0.12548421533099213,-0.004014593517031241,-1.9772421640522553,-0.008405503287575482,0.004150854178839751,-1.203732761468201,12.18544322978319,15.94948327411107,-0.03757549625104006,2.375420120187632,3.218288248837847,-0.22810689803356907,20.09276019925735,19.998917611777923,1.9396666678012153,4.118877228115075,-4.07698900220015,PREPARATION,False,TAKEOFF,0,False,inf,inf,0.0,False,False,REACQUIRE,1,1.583991289138794,0.8674251942787703,0.35,0,30,inf,inf,inf,SEARCH,,,0,,0.0,0.0,False,,0.0,0.0,0.0,False,0.0,0.08614402562379819,1.7472421640522553,SAFE,1.7825981855392456,0.9994980096817017,20.038095474243164,20.04591941833496,,,1.8091999663738534e-05,0.0018921359442174435,,19.997329064788747,0.0005451160004668054,0.0,0.5216322337286071,0.7836807457418862,1.3099254676991081,1.00790899017027,1.7022868467336036,2.3248449786240246,0.5216322337286071,0.7836807457418862,1.3099254676991081
6.244877099990845,6.244877099990845,,False,PERIODIC,True,True,1,TAKEOFF,0.12519130902480574,-0.004026056180055644,-2.0311752394697202,-0.009239758442951558,0.006360496640247043,-1.211046210068352,12.305446291787682,16.10954852501274,-0.048856400755565556,2.4234654080281746,3.182265767671021,-0.2227711087511887,20.29619386010844,20.199155854361404,1.9823188387141546,4.120815015675881,-4.077869604256509,PREPARATION,False,TAKEOFF,0,False,inf,inf,0.0,False,False,REACQUIRE,1,1.6340339183807373,0.8674251942787703,0.35,0,31,inf,inf,inf,SEARCH,,,0,,0.0,0.0,False,,0.0,0.0,0.0,False,0.0,0.0990272894501687,1.8011752394697202,SAFE,1.8309028625488282,0.9994980096817017,20.038095474243164,20.04591941833496,,,0.0022127029951661825,0.0018921359442174435,,20.016083842138432,0.000486165000438632,0.0,0.5216322337286071,0.7836807457418862,1.50254131663742,1.00790899017027,1.7022868467336036,2.3439180801150896,0.5216322337286071,0.7836807457418862,1.50254131663742
6.294886827468872,6.294886827468872,,False,PERIODIC,True,True,1,TAKEOFF,0.12487894620063546,-0.004163732138994732,-2.0904662154039695,-0.009955318660830478,0.008280806594220046,-1.2183383531361607,12.427814975854261,16.267704437420768,-0.05983130345082624,2.4721060457739887,3.144629023978456,-0.21606424883046893,20.50022943342158,20.399410008068408,2.0306349119531433,4.123331436796112,-4.078302634343829,PREPARATION,False,TAKEOFF,0,False,inf,0.026896953582763672,0.0,True,False,REACQUIRE,0,0.026896953582763672,0.8658328868853421,0.6,0,0,0.026896953582763672,0.00624847412109375,inf,SEARCH,,,0,,0.0,0.0,False,,0.0,0.0,0.0,False,0.0,0.1253531739115714,1.8604662154039695,SAFE,1.8795578956604004,0.9993191957473755,19.835540771484375,19.839942932128906,,,0.003734357887879014,0.0028061699122190475,,20.00120370981558,0.0003923329995814129,0.0,0.5216322337286071,0.7836807457418862,1.5455909199189979,1.00790899017027,1.7022868467336036,2.2900163291375093,0.5216322337286071,0.7836807457418862,1.5455909199189979
6.344865322113037,6.344865322113037,,False,PERIODIC,True,True,1,TAKEOFF,0.12447419263587459,-0.0042881081499169535,-2.149413356182483,-0.010741019751773714,0.00963375760091485,-1.2249758618686362,12.552822055541348,16.424173051398952,-0.07045326800262577,2.521409683803734,3.105236417154216,-0.20801244500514235,20.704594700704423,20.599955501704194,2.078960088179857,4.126591523592903,-4.078353883202631,PREPARATION,False,TAKEOFF,0,False,inf,0.07690310478210449,0.0,True,False,REACQUIRE,0,0.028900861740112305,0.8658328868853421,0.6,0,0,0.028900861740112305,0.05625462532043457,inf,SEARCH,,,0,,0.0,0.0,False,,0.0,0.0,0.0,False,0.0,0.14614086002111426,1.919413356182483,SAFE,1.948179054260254,0.9993191957473755,19.835540771484375,19.839942932128906,,,0.004842459224164486,0.0028061699122190475,,20.00418097895554,0.000504761999764014,0.0,0.5216322337286071,0.7836807457418862,1.479620586605948,1.00790899017027,1.7022868467336036,2.3302317019703747,0.5216322337286071,0.7836807457418862,1.479620586605948
6.3948974609375,6.3948974609375,,False,PERIODIC,True,True,1,TAKEOFF,0.12381627724982044,-0.004314812652999985,-2.213912671424439,-0.011830109703559338,0.010550306632124206,-1.2329213761594682,12.680076303726935,16.57834480054319,-0.08062147565423573,2.5711772950281686,3.0641552371790226,-0.19869286844540224,20.90921320914744,20.800102540603856,2.133291195770203,4.131108680599886,-4.078399005141823,PREPARATION,False,TAKEOFF,0,False,inf,0.07892155647277832,0.0,True,False,REACQUIRE,0,0.07892155647277832,0.8348950686125813,0.6,0,0,0.07892155647277832,0.05132555961608887,inf,SEARCH,,,0,,0.0,0.0,False,,0.0,0.0,0.0,False,0.0,0.16192123591899854,1.9839126714244388,SAFE,1.997575569152832,0.9988727569580078,19.782894134521484,19.768150329589844,,,2.1292000383255072e-05,0.0028061699122190475,,19.990622251632903,0.0006202710001161904,0.0,0.5216322337286071,0.7836807457418862,1.479620586605948,1.00790899017027,1.7022868467336036,2.4434453611049896,0.5216322337286071,0.7836807457418862,1.479620586605948
6.444864511489868,6.444864511489868,,False,PERIODIC,True,True,1,TAKEOFF,0.1230643871381373,-0.004230548390595488,-2.2783038167268432,-0.012980277556469261,0.011073549390432052,-1.2409045193998134,12.809771858208734,16.730350167091622,-0.0902888472796194,2.6214363028807752,3.0212698836646115,-0.18815441425771112,21.113648374594877,20.999969956633457,2.1880149694472237,4.136389183096421,-4.077925212160094,PREPARATION,False,TAKEOFF,0,False,inf,0.07706093788146973,0.0,True,False,REACQUIRE,0,0.02906012535095215,0.8348950686125813,0.6,0,0,0.07706093788146973,0.042021989822387695,inf,SEARCH,,,0,,0.0,0.0,False,,0.0,0.0,0.0,False,0.0,0.18939385414123544,2.0483038167268433,SAFE,2.0771787643432615,0.9988727569580078,19.782894134521484,19.768150329589844,,,0.002959752921015024,0.0028061699122190475,,20.04668718834184,0.0005099540003357106,0.0,0.5216322337286071,0.7836807457418862,1.591095274519595,1.00790899017027,1.7022868467336036,2.432302775087397,0.5216322337286071,0.7836807457418862,1.591095274519595
6.494894504547119,6.494894504547119,,False,PERIODIC,True,True,1,TAKEOFF,0.12223952206754318,-0.00414516099622983,-2.3381527301635074,-0.013832216058775139,0.011144964798021828,-1.2475421397313582,12.942203903910396,16.880404653172416,-0.09941469281404738,2.6722448621100736,2.976425271517212,-0.17643839145421442,21.317867087932065,21.1999884240266,2.23873803734946,4.141878873995967,-4.076428278004993,PREPARATION,False,TAKEOFF,0,False,inf,0.026894569396972656,0.0,True,False,REACQUIRE,0,0.026894807815551758,0.7890750130187894,0.6,0,0,0.026894807815551758,0.005640745162963867,inf,SEARCH,,,0,,0.0,0.0,False,,0.0,0.0,0.0,False,0.0,0.2079083949327467,2.1081527301635075,SAFE,2.127216625213623,0.9988727569580078,19.850784301757812,19.853025436401367,,,1.8872000509873033e-05,0.0012376670492812991,,20.014017787944038,0.0003505910008243518,0.0,0.5216322337286071,0.7836807457418862,1.7590635041038756,1.00790899017027,1.7022868467336036,2.4890198354366286,0.5216322337286071,0.7836807457418862,1.7590635041038756
6.544891357421875,6.544891357421875,,False,PERIODIC,True,True,1,TAKEOFF,0.12223952206754318,-0.00414516099622983,-2.3381527301635074,-0.013832216058775139,0.011144964798021828,-1.2475421397313582,12.942203903910396,16.880404653172416,-0.09941469281404738,2.6722448621100736,2.976425271517212,-0.17643839145421442,21.317867087932065,21.1999884240266,2.23873803734946,4.141878873995967,-4.076428278004993,PREPARATION,False,TAKEOFF,0,False,inf,0.07692551612854004,0.0,True,False,REACQUIRE,0,0.02892303466796875,0.7890750130187894,0.6,0,0,0.02892303466796875,0.05567169189453125,inf,SEARCH,,,0,,0.0,0.0,False,,0.0,0.0,0.0,False,0.0,0.23625873029232025,2.1081527301635075,SAFE,2.1975071907043455,0.9988727569580078,19.850784301757812,19.853025436401367,,,0.004821621812880039,0.0012376670492812991,,20.034833536593492,0.0005214989996602526,0.0,0.5216322337286071,0.7836807457418862,1.7590635041038756,1.00790899017027,1.7022868467336036,2.4890198354366286,0.5216322337286071,0.7836807457418862,1.7590635041038756
6.595406532287598,6.595406532287598,,False,PERIODIC,True,True,1,TAKEOFF,0.1202931871441919,-0.004248237360892848,-2.4583205699949207,-0.01574982485441454,0.010760193246183733,-1.2595392044926006,13.21822255767534,17.177144581468937,-0.11595993100392636,2.776347249346313,2.879565236463164,-0.14945938768612027,21.731145076904117,21.604536861278923,2.342360638990994,4.154290029286418,-4.0706996155826625,PREPARATION,False,TAKEOFF,0,False,inf,0.07896590232849121,0.0,True,False,REACQUIRE,0,0.07896590232849121,0.7359346379184188,0.6,0,0,0.07896590232849121,0.05169367790222168,inf,SEARCH,,,0,,0.0,0.0,False,,0.0,0.0,0.0,False,0.0,0.2578490972518921,2.2283205699949207,SAFE,2.2478492736816404,1.0015345811843872,19.80370330810547,19.80721092224121,,,2.6144000003114343e-05,0.0012376670492812991,,19.995392305169705,0.0006414320005205809,0.0,0.5216322337286071,0.7836807457418862,1.7104065113447249,1.00790899017027,1.7022868467336036,2.6558581063690543,0.5216322337286071,0.7836807457418862,1.7104065113447249
6.644745111465454,6.644745111465454,,False,PERIODIC,True,True,1,TAKEOFF,0.11945383006686777,-0.004483890640730263,-2.5066859085872317,-0.016532497288917074,0.010410387223957995,-1.2642526082233994,13.354778990824933,17.31630092034038,-0.12289810560103552,2.8268818333407335,2.829971572353357,-0.13508899223479973,21.928653922869394,21.798702222364284,2.383787802986196,4.160521698536232,-4.0660139263744774,PREPARATION,False,TAKEOFF,0,False,inf,0.07706928253173828,0.0,True,False,REACQUIRE,0,0.07706928253173828,0.7359346379184188,0.6,0,0,0.07706928253173828,0.025676965713500977,inf,SEARCH,,,0,,0.0,0.0,False,,0.0,0.0,0.0,False,0.0,0.2805075109004975,2.2766859085872317,SAFE,2.2983420372009276,1.0015345811843872,19.80370330810547,19.80721092224121,,,0.003922787960618734,0.0012376670492812991,,19.990842897902727,0.0007020689999990282,0.0,0.5216322337286071,0.7836807457418862,1.8795246282783113,1.00790899017027,1.7022868467336036,2.713410907579219,0.5216322337286071,0.7836807457418862,1.8795246282783113
6.694797039031982,6.694797039031982,,False,PERIODIC,True,True,1,TAKEOFF,0.1182324437851073,-0.005131338160672707,-2.572113448215411,-0.017595101073802126,0.009437634596472353,-1.2704180766075583,13.49729761189483,17.456362759536244,-0.12926152907613178,2.878885136343689,2.7770524611068073,-0.11954015067307527,22.1330225318476,21.99779900118262,2.442851919139279,4.168190206081433,-4.061366315110308,PREPARATION,False,TAKEOFF,0,False,inf,0.06313323974609375,0.0,True,False,REACQUIRE,0,0.06313323974609375,0.7070374086373084,0.6,0,0,0.06313323974609375,0.036882638931274414,inf,SEARCH,,,0,,0.0,0.0,False,,0.0,0.0,0.0,False,0.0,0.3184989094734192,2.342113448215411,SAFE,2.3793495178222654,1.0008124113082886,19.434419631958008,19.43157958984375,,,0.0035289509687572718,0.0012376670492812991,,19.99526186334425,0.0005704189998141374,0.0,0.5216322337286071,0.7836807457418862,1.764111074159412,1.00790899017027,1.7022868467336036,2.775882360365004,0.5216322337286071,0.7836807457418862,1.764111074159412
6.744828224182129,6.744828224182129,,False,PERIODIC,True,True,1,TAKEOFF,0.11695728223945565,-0.00609568941099403,-2.6356983114860584,-0.018619857688991204,0.008333833351839546,-1.2758507418015335,13.642630952441287,17.593925125993422,-0.13483691568333056,2.9310950487563656,2.721889383343107,-0.10323139335245561,22.337387686488235,22.196949811527254,2.500861395802728,4.176031356270148,-4.055446193630609,PREPARATION,False,TAKEOFF,0,False,inf,0.061243295669555664,0.0,True,False,REACQUIRE,0,0.061243295669555664,0.674185128920597,0.6,0,0,0.061243295669555664,0.03935980796813965,inf,SEARCH,,,0,,0.0,0.0,False,,0.0,0.0,0.0,False,0.0,0.343479299545288,2.4056983114860584,SAFE,2.4301050186157225,1.0008124113082886,19.434419631958008,19.43157958984375,,,0.005055305082350969,0.0012376670492812991,,20.007751858188897,0.0005020419994252734,0.0,0.5216322337286071,0.7836807457418862,1.764111074159412,1.00790899017027,1.7022868467336036,2.891572467950648,0.5216322337286071,0.7836807457418862,1.764111074159412
6.795507192611694,6.795507192611694,,False,PERIODIC,True,True,1,TAKEOFF,0.11574114818925818,-0.007223116324712939,-2.6965918654083216,-0.019490941931203026,0.006944437956974387,-1.280902177905697,13.790332323780099,17.72845348792714,-0.1395729263217434,2.9832588711091264,2.664613763371476,-0.08631376793168642,22.540785573821534,22.395282280653518,2.557018939086578,4.184107330388065,-4.04828503702173,PREPARATION,False,TAKEOFF,0,False,inf,0.06318354606628418,0.0,True,False,REACQUIRE,0,0.06318354606628418,0.6429191715554843,0.6,0,0,0.06318354606628418,0.03545570373535156,inf,SEARCH,,,0,,0.0,0.0,False,,0.0,0.0,0.0,False,0.0,0.379067677259445,2.4665918654083216,SAFE,2.501292514801025,0.9993157386779785,19.437400817871094,19.446916580200195,,,0.0049897111020982265,0.002358271973207593,,19.992056539456904,0.0006051600003047497,0.0,0.5216322337286071,0.7836807457418862,1.764111074159412,1.00790899017027,1.7022868467336036,3.0104157620694325,0.5216322337286071,0.7836807457418862,1.764111074159412
6.8447959423065186,6.8447959423065186,,False,PERIODIC,True,True,1,TAKEOFF,0.11444356230020099,-0.008524946008252376,-2.7606928303008993,-0.020009478996408425,0.005267873747947877,-1.2860961516369374,13.940961822413293,17.860343308112007,-0.1434575981939839,3.035474682479266,2.604974750746617,-0.0688273681198136,22.74464728547201,22.593562354802476,2.6172352321069154,4.192398191807183,-4.039913428000537,PREPARATION,False,TAKEOFF,0,False,inf,0.061226844787597656,0.0,True,False,REACQUIRE,0,0.061226844787597656,0.6083757458325129,0.6,0,0,0.061226844787597656,0.02559494972229004,inf,SEARCH,,,0,,0.0,0.0,False,,0.0,0.0,0.0,False,0.0,0.40506911277770996,2.5306928303008993,SAFE,2.552307891845703,0.9993157386779785,19.437400817871094,19.446916580200195,,,0.004667478147894144,0.002358271973207593,,20.003899782419452,0.0005090779995953199,0.0,0.5150582107998799,0.7836807457418862,1.764111074159412,0.5874078989758604,1.7022868467336036,3.1327572766758527,0.5150582107998799,0.7836807457418862,1.764111074159412
6.894803762435913,6.894803762435913,,False,PERIODIC,True,True,1,TAKEOFF,0.11307053644415876,-0.009863723797235966,-2.82672251900323,-0.020385044675253775,0.0034171181332899865,-1.2914354932334058,14.09387584237102,17.988923341734715,-0.14645054973799876,3.087414420618801,2.543201170838649,-0.05095379722892788,22.947834552781266,22.790771220662826,2.680271969265231,4.200918398276812,-4.030332348643994,PREPARATION,False,TAKEOFF,0,False,inf,0.06308698654174805,0.0,True,False,REACQUIRE,0,0.06308698654174805,0.5747999835518178,0.5747999835518178,0,0,0.06308698654174805,0.02991318702697754,inf,SEARCH,,,0,,0.0,0.0,False,,0.0,0.0,0.0,False,0.0,0.44572462910655153,2.59672251900323,SAFE,2.634266185760498,0.9999464750289917,19.437408447265625,19.459484100341797,,,0.003276999108493328,0.002358271973207593,,19.995868934002306,0.00045905499973741826,0.0,0.5534522595813611,0.7836807457418862,1.764111074159412,0.6095956865068739,1.7022868467336036,3.258292418132335,0.5534522595813611,0.7836807457418862,1.764111074159412
6.94475793838501,6.94475793838501,,False,PERIODIC,True,True,1,TAKEOFF,0.11185453353874551,-0.011194760983812349,-2.891255168290089,-0.02048459210905602,0.0014772602761011437,-1.2964564906281086,14.24952792803515,18.1144799050833,-0.14854402863225175,3.1391232314639725,2.4790936524631704,-0.03274918441317247,23.15029925303692,22.987254971169538,2.742711139657837,4.209353957723082,-4.01912542146883,PREPARATION,False,TAKEOFF,0,False,inf,0.061269283294677734,0.0,True,False,REACQUIRE,0,0.061269283294677734,0.5376920220729633,0.5376920220729633,0,0,0.061269283294677734,0.040242671966552734,inf,SEARCH,,,0,,0.0,0.0,False,,0.0,0.0,0.0,False,0.0,0.47041680186683577,2.661255168290089,SAFE,2.685709285736084,0.9999464750289917,19.437408447265625,19.459484100341797,,,1.3691999811271671e-05,0.002358271973207593,,20.005777923492218,0.0005362029996831552,0.0,0.6110827381314929,0.7836807457418862,1.764111074159412,0.6462368820628194,1.7022868467336036,3.3873728445866442,0.6110827381314929,0.7836807457418862,1.764111074159412
6.994747638702393,6.994747638702393,,False,PERIODIC,True,True,1,TAKEOFF,0.11084182050378774,-0.012468779274538397,-2.95310243766483,-0.020270550953593557,-0.0004073994040566591,-1.3013941389306107,14.407642742724867,18.236688962537777,-0.14972132636657348,3.190393431938984,2.4127556340086724,-0.014355774901860262,23.35142866186893,23.18254245968655,2.8033811112982567,4.217604389621572,-4.006113588973321,PREPARATION,False,TAKEOFF,0,False,inf,0.06313776969909668,0.0,True,False,REACQUIRE,0,0.06313800811767578,0.5032020206394339,0.5032020206394339,0,0,0.06313800811767578,0.037284135818481445,inf,SEARCH,,,0,,0.0,0.0,False,,0.0,0.0,0.0,False,0.0,0.5054205344302667,2.72310243766483,SAFE,2.7580006599426268,1.000548005104065,19.388076782226562,19.39357566833496,,,0.003106303047388792,0.001819667057134211,,19.99696777546282,0.0006404180003301008,0.0,0.6634103523433286,0.7836807457418862,1.764111074159412,0.6924697934650084,1.7022868467336036,3.5198715782487855,0.6634103523433286,0.7836807457418862,1.764111074159412
7.0447516441345215,7.0447516441345215,,False,PERIODIC,True,True,1,TAKEOFF,0.10990642023236614,-0.013798591353905643,-3.0180565278563187,-0.019670833592949386,-0.002212565178172434,-1.3069549700992602,14.568614416465053,18.35574988233063,-0.1499766059815475,3.2412299166023293,2.3440197583898605,0.004161175038535286,23.552503698877327,23.377222847193995,2.868079921874771,4.225790501766572,-3.9914238945931997,PREPARATION,False,TAKEOFF,0,False,inf,0.06126523017883301,0.0,True,False,REACQUIRE,0,0.06126523017883301,0.4659146569034498,0.4659146569034498,0,0,0.06126523017883301,0.028103113174438477,inf,SEARCH,,,0,,0.0,0.0,False,,0.0,0.0,0.0,False,0.0,0.5298275676220023,2.7880565278563187,SAFE,2.809829521179199,1.000548005104065,19.388076782226562,19.39357566833496,,,0.004956488963216543,0.001819667057134211,,19.9879247433406,0.0005097909997857641,0.0,0.714811439295152,0.7836807457418862,1.764111074159412,0.7399110889730527,1.7022868467336036,3.6561664312346394,0.714811439295152,0.7836807457418862,1.764111074159412
7.094756841659546,7.094756841659546,,False,PERIODIC,True,True,1,TAKEOFF,0.10903396350719943,-0.015221067338392142,-3.0846132601467113,-0.019046513243507836,-0.004128387273329321,-1.3126101635670546,14.731860051620465,18.471137915473548,-0.1493069268698102,3.29132370667847,2.2731450147001833,0.02262391664110616,23.752653210005256,23.57058572128825,2.935306333276901,4.234073120439895,-3.9753362220751,PREPARATION,False,TAKEOFF,0,False,inf,0.06314778327941895,0.0,True,False,REACQUIRE,0,0.06314778327941895,0.4305718906066114,0.4305718906066114,0,0,0.06314778327941895,0.028023481369018555,inf,SEARCH,,,0,,0.0,0.0,False,,0.0,0.0,0.0,False,0.0,0.5690434975884995,2.8546132601467114,SAFE,2.893165874481201,0.9988675117492676,19.396726608276367,19.399858474731445,,,0.006704419851303101,0.001819667057134211,,19.989047781011806,0.0007358499997280887,0.0,0.7596449546660254,0.7836807457418862,1.764111074159412,0.7893252747326298,1.7022868467336036,3.7959038434234103,0.7596449546660254,0.7836807457418862,1.764111074159412
7.1450395584106445,7.1450395584106445,,False,PERIODIC,True,True,1,TAKEOFF,0.10823588146670911,-0.01670381218683374,-3.1512794597663434,-0.018151435510966447,-0.006063389627680341,-1.3181209730196777,14.897740934479806,18.583027967135695,-0.14771567110836292,3.340660091300051,2.1999977623613924,0.0409637815172753,23.952053720054526,23.762985544241705,3.0035637886579805,4.242102314769021,-3.957464550889406,PREPARATION,False,TAKEOFF,0,False,inf,0.06125211715698242,0.0,True,False,REACQUIRE,0,0.06125211715698242,0.3936589714909314,0.3936589714909314,0,0,0.06125211715698242,0.034798383712768555,inf,SEARCH,,,0,,0.0,0.0,False,,0.0,0.0,0.0,False,0.0,0.5922551528850741,2.9212794597663434,SAFE,2.9455264091491697,0.9988675117492676,19.396726608276367,19.399858474731445,,,0.003219804959371686,0.001819667057134211,,19.994890615155985,0.0006410630003301776,0.0,0.8215305997982205,0.7836807457418862,1.764111074159412,0.8450777990484437,1.7022868467336036,3.9394101873322263,0.8215305997982205,0.7836807457418862,1.764111074159412
7.194786310195923,7.194786310195923,,False,PERIODIC,True,True,1,TAKEOFF,0.10759856333231194,-0.018009830497372183,-3.213478703071185,-0.017197769951508644,-0.007719050535083741,-1.323045309608469,15.065970068874073,18.691144143880273,-0.14521453097423728,3.389024615792568,2.1247381376423875,0.05904063190233695,24.14952516229974,23.95381640855533,3.068264172096948,4.249692477141805,-3.937494169838769,PREPARATION,False,TAKEOFF,0,False,inf,0.06321597099304199,0.0,True,False,REACQUIRE,0,0.06321597099304199,0.3604540258883379,0.3604540258883379,0,0,0.06321597099304199,0.02797222137451172,inf,SEARCH,,,0,,0.0,0.0,False,,0.0,0.0,0.0,False,0.0,0.6242787454919001,2.983478703071185,SAFE,3.0192330360412596,1.0008301734924316,20.427183151245117,20.463516235351562,,,0.002891253912821412,0.003948552999645472,,19.989193183508444,0.0006892019991937559,0.0,0.8689916155725353,0.7836807457418862,1.764111074159412,0.8990019079021225,1.7022868467336036,3.9394101873322263,0.8689916155725353,0.7836807457418862,1.764111074159412
7.2447943687438965,7.2447943687438965,,False,PERIODIC,True,True,1,TAKEOFF,0.10700978660261798,-0.019268596288280832,-3.2803104835914256,-0.015870453352224492,-0.009154219589181537,-1.3283667704549975,15.236742859924938,18.795536008620317,-0.14181487728594336,3.4363440455939775,2.047324986491108,0.07676905402606597,24.346577785423396,24.143440003257055,3.138495606305482,4.256911833361724,-3.91567766808857,PREPARATION,False,TAKEOFF,0,False,inf,0.061350345611572266,0.0,True,False,REACQUIRE,0,0.061350345611572266,0.3244154231423421,0.3244154231423421,0,0,0.061350345611572266,0.028261184692382812,inf,SEARCH,,,0,,0.0,0.0,False,,0.0,0.0,0.0,False,0.0,0.6455742904064721,3.0503104835914256,SAFE,3.0721285820007322,1.0008301734924316,20.427183151245117,20.463516235351562,,,0.0037276509683579206,0.003948552999645472,,19.961329636891744,0.0008820100001685205,0.0,0.9137720223800231,0.7836807457418862,1.764111074159412,0.952495195417764,1.7022868467336036,3.9394101873322263,0.9137720223800231,0.7836807457418862,1.764111074159412
7.294824600219727,7.294824600219727,,False,PERIODIC,True,True,1,TAKEOFF,0.10640342408556826,-0.020558789239026584,-3.3495669146756804,-0.01448691598470277,-0.010387289803018628,-1.3338011744129386,15.409693225025954,18.89591327264227,-0.13754383765110617,3.482389894168112,1.9679838985611153,0.09400783248508432,24.542629978199976,24.331534970065118,3.212023077024574,4.2638877265370105,-3.892153290061684,PREPARATION,False,TAKEOFF,0,False,inf,0.06312417984008789,0.0,True,False,REACQUIRE,0,0.06312417984008789,0.2927630777990189,0.2927630777990189,0,0,0.06312417984008789,0.030794143676757812,inf,SEARCH,,,0,,0.0,0.0,False,,0.0,0.0,0.0,False,0.0,0.6785973309820812,3.1195669146756804,SAFE,3.157138156890869,0.9997742772102356,19.510141372680664,19.560575485229492,,,0.0035946890711784363,0.003948552999645472,,19.998638848039832,0.00045943799977976596,0.0,0.9573034191642704,0.7836807457418862,1.764111074159412,1.0045237176479223,1.7022868467336036,3.9394101873322263,0.9573034191642704,0.7836807457418862,1.764111074159412
7.344891786575317,7.344891786575317,,False,PERIODIC,True,True,1,TAKEOFF,0.10581580774796406,-0.021761025189092134,-3.4163033297644056,-0.013165765802334133,-0.011567536239415588,-1.3387840237630453,15.58503994467182,18.99234467387352,-0.13242100553620456,3.5270966346159436,1.8866873959617387,0.11067904144282992,24.73714774454868,24.518209465951045,3.283882324228201,4.270570550738789,-3.866816103920823,PREPARATION,False,TAKEOFF,0,False,inf,0.06127572059631348,0.0,True,False,REACQUIRE,0,0.06127572059631348,0.25944261028407556,0.25944261028407556,0,0,0.06127572059631348,0.03896665573120117,inf,SEARCH,,,0,,0.0,0.0,False,,0.0,0.0,0.0,False,0.0,0.6972726535072091,3.1863033297644057,SAFE,3.2104681015014647,0.9997742772102356,19.510141372680664,19.560575485229492,,,0.004238830879330635,0.003948552999645472,,19.99730899281704,0.0006876959996588994,0.0,1.0055736670117148,0.9815843517018694,1.764111074159412,1.0566980001640154,1.2425266361384195,3.9394101873322263,1.0055736670117148,0.9815843517018694,1.764111074159412
7.394766092300415,7.394766092300415,,False,PERIODIC,True,True,1,TAKEOFF,0.10521000364711945,-0.02273506856272385,-3.479764349817839,-0.011961656080083717,-0.012301860659252015,-1.3432263829377984,15.762150937918882,19.084443962959405,-0.1264962254379906,3.570188885521917,1.8038157671158574,0.12662903199436482,24.92926988653891,24.702714222569018,3.3532681243798486,4.276746506565522,-3.839471587002113,PREPARATION,False,TAKEOFF,0,False,inf,0.06315374374389648,0.0,True,False,REACQUIRE,0,0.06315374374389648,0.23148165263531206,0.23148165263531206,0,0,0.06315374374389648,0.022554874420166016,inf,SEARCH,,,0,,0.0,0.0,False,,0.0,0.0,0.0,False,0.0,0.72211302621914,3.249764349817839,SAFE,3.285366344451904,1.0005099773406982,19.44228172302246,19.498701095581055,,,0.0030211370903998613,0.003179420018568635,,19.991219010726383,0.000571061999835365,0.0,1.0511577439934452,1.1632505821738626,1.764111074159412,1.1120083784437793,1.3089666249551128,3.9394101873322263,1.0511577439934452,1.1632505821738626,1.764111074159412
7.444915056228638,7.444915056228638,,False,PERIODIC,True,True,1,TAKEOFF,0.10443943670968535,-0.023569740331097017,-3.5477592921013454,-0.010832121568393612,-0.013113585285398098,-1.3478461202508385,15.942324255340182,19.172818991067206,-0.11975704482978267,3.6118598989238984,1.718856617215482,0.14187908779459374,25.121527327423006,24.886541259386814,3.4280022472715626,4.282861129335793,-3.8106812673300614,PREPARATION,False,TAKEOFF,0,False,inf,0.06134963035583496,0.0,True,False,REACQUIRE,0,0.06134963035583496,0.20231064817939703,0.20231064817939703,0,0,0.06134963035583496,0.02843165397644043,inf,SEARCH,,,0,,0.0,0.0,False,,0.0,0.0,0.0,False,0.0,0.7380071867515876,3.3177592921013455,SAFE,3.3390501022338865,1.0005099773406982,19.44228172302246,19.498701095581055,,,0.004049751907587051,0.003179420018568635,,19.981755301290523,0.0006022379993737559,0.0,1.1081470972773653,1.35926269980002,1.764111074159412,1.1700936946060159,1.3933040341111513,3.9394101873322263,1.1081470972773653,1.35926269980002,1.764111074159412
7.49476432800293,7.49476432800293,,False,PERIODIC,True,True,1,TAKEOFF,0.10354447226709183,-0.0241800003368842,-3.6178941090125862,-0.009773933252864473,-0.013308851527147256,-1.3505144891375418,16.123778531727822,19.25655085577883,-0.11230721156115824,3.651588740153143,1.6327583020112881,0.15619032401318195,25.311728924778357,25.067797702747608,3.505586897451428,4.28780516046852,-3.7798741326062992,PREPARATION,False,TAKEOFF,0,False,inf,0.0631253719329834,0.0,True,False,REACQUIRE,0,0.0631253719329834,0.17695027913503186,0.17695027913503186,0,0,0.0631253719329834,0.02456068992614746,inf,SEARCH,,,0,,0.0,0.0,False,,0.0,0.0,0.0,False,0.0,0.7616669796517828,3.3878941090125863,SAFE,3.425516891479492,0.9995314478874207,19.438383102416992,19.45417594909668,,,0.0035972849000245333,0.003179420018568635,,19.99724375918726,0.0005468240005939151,0.0,1.1482336341691124,1.4407383608818483,1.764111074159412,1.222880504281534,1.4785734926007037,3.9394101873322263,1.1482336341691124,1.4407383608818483,1.764111074159412
7.544776678085327,7.544776678085327,,False,PERIODIC,True,True,1,TAKEOFF,0.1027152421118977,-0.024546563458572906,-3.6855487008859096,-0.00850690916422353,-0.01320367231706212,-1.3441861052463142,16.307023322725104,19.33588528725812,-0.10417282613473615,3.689407886375422,1.5454026814881756,0.1695297703264282,25.499650487289458,25.246899251545162,3.5813758747511732,4.288958306297,-3.745879899935835,PREPARATION,False,TAKEOFF,0,False,inf,0.06131172180175781,0.0,True,False,REACQUIRE,0,0.06131172180175781,0.1524654741421384,0.1524654741421384,0,0,0.06131172180175781,0.026309967041015625,inf,SEARCH,,,0,,0.0,0.0,False,,0.0,0.0,0.0,False,0.0,0.7745561832881647,3.4555487008859096,SAFE,3.4796917915344237,0.9995314478874207,19.438383102416992,19.45417594909668,,,1.2896999578515533e-05,0.003179420018568635,,19.998357807291296,0.0007127609997041873,0.0,1.193912533692478,1.506763779040056,1.764111074159412,1.2733001746240087,1.5674898933524206,3.9394101873322263,1.193912533692478,1.506763779040056,1.764111074159412
7.594892978668213,7.594892978668213,,False,PERIODIC,True,True,1,TAKEOFF,0.10189769912407365,-0.024647762026808104,-3.75002083385436,-0.007499006758656903,-0.012622355229595992,-1.3288570719406119,16.492365354431605,19.41093032692866,-0.09538558674835927,3.72529388349574,1.4567722819951066,0.18184360730658308,25.685511176555504,25.42418387306795,3.654635247106001,4.286616370019182,-3.708776307481234,PREPARATION,False,TAKEOFF,0,False,inf,0.06308889389038086,0.0,True,False,REACQUIRE,0,0.06308889389038086,0.1302612980704786,0.1302612980704786,1,0,0.06308889389038086,0.037351369857788086,inf,SEARCH,,,0,,0.0,0.0,False,,0.0,0.0,0.0,False,0.0,0.7910138854530224,3.52002083385436,SAFE,3.5549428939819334,0.999393105506897,19.956750869750977,19.965259552001953,,,0.004308744799345732,0.003179420018568635,,20.003262098139555,0.0004917090000162716,0.0,1.2305517850733338,1.5662461592565593,1.764111074159412,1.3243216477667756,1.6587124009257268,3.9394101873322263,1.2305517850733338,1.5662461592565593,1.764111074159412
7.644723653793335,7.644723653793335,,False,PERIODIC,True,True,1,TAKEOFF,0.10100776258303844,-0.024466445424105945,-3.8163335989967964,-0.006718925986929534,-0.011583223654258918,-1.303852216912537,16.67944018079018,19.48151618036908,-0.08601096994749648,3.759098901574069,1.3671779138739162,0.19303618923087215,25.869733020647978,25.599370688413558,3.7303226290493,4.280542148511189,-3.668739981432717,PREPARATION,False,TAKEOFF,0,False,inf,0.06126976013183594,0.0,True,False,REACQUIRE,0,0.06126976013183594,0.10890809272509974,0.10890809272509974,2,0,0.06126976013183594,0.026515960693359375,inf,SEARCH,,,0,,0.0,0.0,False,,0.0,0.0,0.0,False,0.0,0.8012046949785208,3.5863335989967964,SAFE,3.6079762458801268,0.999393105506897,19.956750869750977,19.965259552001953,,,0.0034914410207420588,0.003179420018568635,,19.999045367384237,0.0005276669999147998,0.0,1.2784827068149094,1.679171730438824,1.764111074159412,1.374590438609969,1.7543520573078433,3.9394101873322263,1.2784827068149094,1.679171730438824,1.764111074159412
7.694785833358765,7.694785833358765,,False,PERIODIC,True,True,1,TAKEOFF,0.10015312737273253,-0.02393812717325686,-3.8837332859924234,-0.006202509836991635,-0.00977165467166632,-1.2685876430250507,16.86814515294272,19.54760113872314,-0.07610664086174322,3.7907454352120977,1.2768120634684834,0.20303889485144377,26.052038816085247,25.772285614708355,3.8076266451306804,4.270573266925436,-3.6254752154566,PREPARATION,False,TAKEOFF,0,False,inf,0.06317567825317383,0.0,True,True,TARGET_LOCK,0,0.06317567825317383,0.0915531013662593,0.0915531013662593,3,0,0.06317567825317383,0.03575539588928223,inf,VISION,,,0,,0.0,0.0,False,,0.0,0.0,0.0,False,0.0,0.816019985221355,3.6537332859924234,SAFE,3.6908801078796385,0.998906672000885,19.961851119995117,19.97705841064453,,,0.003116108011454344,0.003895614994689822,,19.99927121860581,0.0006633749999309657,0.0,1.3070623159712234,1.7054253305307268,1.764111074159412,1.4199107040383168,1.8341854188093087,3.9394101873322263,1.3070623159712234,1.7054253305307268,1.764111074159412
7.7450501918792725,7.7450501918792725,,False,PERIODIC,True,True,1,TAKEOFF,0.09930348056167201,-0.023063103910528623,-3.946538036174613,-0.005959152292061369,-0.007487287177072013,-1.2282249558609115,17.058688431471698,19.609250556380204,-0.06571605911559375,3.8202173528117944,1.185723145289679,0.21180369523253795,26.231836702503614,25.94317786180389,3.880821977059019,4.2587627663825405,-3.5797560656855585,PREPARATION,False,TAKEOFF,0,False,inf,0.0613253116607666,0.0,True,True,TRACKING,0,0.0613253116607666,0.07424242701483168,0.07424242701483168,3,0,0.0613253116607666,0.030990123748779297,inf,VISION,,,0,,0.0,0.0,False,,0.0,0.0,0.0,False,0.0,0.8237017502874431,3.716538036174613,SAFE,3.741113471984863,0.998906672000885,19.961851119995117,19.97705841064453,,,0.0052240281365811825,0.003895614994689822,,20.000290121974206,0.0006567720001839916,0.0,1.3499412700082847,1.732000504684506,1.764111074159412,1.464398774943169,1.919309328308869,3.9394101873322263,1.3499412700082847,1.732000504684506,1.764111074159412
7.794737100601196,7.794737100601196,,False,PERIODIC,True,True,1,TAKEOFF,0.098381547771598,-0.02207735288655875,-4.004512662674164,-0.006146751785236252,-0.005262702495693234,-1.1868251490428006,17.250137643759846,19.666183267799152,-0.05494843588384819,3.8473439397804077,1.094506559612583,0.2192410205609263,26.408510011468945,26.11149829949085,3.9495642267903155,4.246870025461733,-3.5329530109176805,PREPARATION,False,TAKEOFF,0,False,inf,0.06316685676574707,0.0,True,True,TRACKING,0,0.06316685676574707,0.05919699824227743,0.05919699824227743,3,0,0.06316685676574707,0.023731231689453125,inf,VISION,,,0,,0.0,0.0,False,,0.0,0.0,0.0,False,0.0,0.8332046272460327,3.7745126626741636,SAFE,3.8092363357543944,1.000739336013794,19.932353973388672,19.934316635131836,,,0.0030079889111220837,0.003895614994689822,,19.996872437401073,0.0006698910001432523,0.0,1.3758747927717798,1.7760951879156783,1.764111074159412,1.5065266759844724,2.0083319538929434,3.9394101873322263,1.3758747927717798,1.7760951879156783,1.764111074159412
7.844789743423462,7.844789743423462,,False,PERIODIC,True,True,1,TAKEOFF,0.09729147112647178,-0.020970393984901428,-4.063290541761627,-0.007024884537656808,-0.0030351974547503475,-1.1410478193951326,17.44357207101799,19.718734271398976,-0.04380288814094971,3.8722594385803517,1.0027995015582014,0.22534937211678832,26.58393635119449,26.27830646991451,4.019487653620677,4.234098674605882,-3.4847454385113212,PREPARATION,False,TAKEOFF,0,False,inf,0.06133222579956055,0.0,True,True,TRACKING,0,0.06133222579956055,0.045036565130611966,0.045036565130611966,3,0,0.06133222579956055,0.027757644653320312,inf,VISION,,,0,,0.0,0.0,False,,0.0,0.0,0.0,False,0.0,0.8387411320697944,3.833290541761627,SAFE,3.8560832023620604,1.000739336013794,19.932353973388672,19.934316635131836,,,0.003061149036511779,0.003895614994689822,,19.990466799231104,0.0007628760004081414,0.0,1.417424329803848,1.8582850233452797,1.764111074159412,1.5476710756443006,2.1002814494966278,3.9394101873322263,1.417424329803848,1.8582850233452797,1.764111074159412
7.894827842712402,7.894827842712402,,False,PERIODIC,True,True,1,TAKEOFF,0.09608055722573046,-0.019816736137134253,-4.121539543537269,-0.008338557870757955,-0.0009750728522956851,-1.0903973109607892,17.637498693139133,19.766526368233492,-0.03242729913009223,3.8947712887000607,0.9114585063060575,0.23004777579046184,26.756710608932995,26.44240389342139,4.089112244407176,4.220234204152575,-3.435371979091081,PREPARATION,False,TAKEOFF,0,False,inf,0.06319665908813477,0.0,True,True,TRACKING,0,0.06319665908813477,0.033324919880357816,0.033324919880357816,3,0,0.06319665908813477,0.03138327598571777,inf,VISION,,,0,,0.0,0.0,False,,0.0,0.0,0.0,False,0.0,0.8463714775909663,3.891539543537269,SAFE,3.927653121948242,1.0001312494277954,19.844125747680664,19.88985824584961,,,0.003137469058856368,0.003956318832933903,,19.982907710311718,0.0007399930000246968,0.0,1.4327276310784187,1.8858127163322345,1.764111074159412,1.5813600647436679,2.18343672905674,3.9394101873322263,1.4327276310784187,1.8858127163322345,1.764111074159412
7.944771766662598,7.944771766662598,,False,PERIODIC,True,True,1,TAKEOFF,0.09492976787724268,-0.018705309344411027,-4.174571009706767,-0.009785628725076491,0.0006984237083464807,-1.0407339426351427,17.832442035920646,19.809752200234055,-0.020855277780785803,3.914968715283115,0.8203779362918517,0.23333098139427774,26.926574662399936,26.60426786566676,4.153715731925981,4.206995673256914,-3.3855201923758913,PREPARATION,False,TAKEOFF,0,False,inf,0.0613250732421875,0.0,True,True,TRACKING,0,0.0613250732421875,0.02189924052337008,0.0,3,0,0.0613250732421875,0.027676820755004883,inf,VISION,,,0,,0.0,0.0,False,,0.0,0.0,0.0,False,0.0,0.8488669991493225,3.944571009706767,SAFE,3.970237064361572,1.0001312494277954,19.844125747680664,19.88985824584961,,,0.0037922461051493883,0.003956318832933903,,19.9927888076997,0.0006782159998692805,0.0,1.4697067208393806,1.961863232565589,1.764111074159412,1.6160668605860282,2.2621337601671723,3.9394101873322263,1.4697067208393806,1.961863232565589,1.764111074159412
7.994752407073975,7.994752407073975,,False,PERIODIC,True,True,1,TAKEOFF,0.0938535712752551,-0.017774185474383836,-4.223265782650447,-0.011063564594597996,0.0015356478065105443,-0.9929001868327118,18.02889582602795,19.848544970689865,-0.00912162741341394,3.932921745695574,0.7294700420407128,0.23518338993460622,27.094194737165775,26.764461091050258,4.214144155237033,4.194412698056712,-3.3354835711723387,PREPARATION,False,TAKEOFF,0,False,inf,0.06311273574829102,0.0,True,True,TRACKING,0,0.06311273574829102,0.01157492112982596,0.0,3,0,0.06311273574829102,0.03729104995727539,inf,VISION,,,0,,0.0,0.0,False,,0.0,0.0,0.0,False,0.0,0.8535279035568237,3.993265782650447,SAFE,4.026968765258789,0.9985027313232422,19.991287231445312,20.00614356994629,,,0.0014971490018069744,0.003956318832933903,,19.99839293695289,0.0005131970001457375,0.0,1.4841401521292976,1.9785273050181558,1.764111074159412,1.6475417083799182,2.345464775216604,3.9394101873322263,1.4841401521292976,1.9785273050181558,1.764111074159412
8.044715881347656,8.044715881347656,,False,PERIODIC,True,True,1,TAKEOFF,0.09275980997498816,-0.01698999236376546,-4.271620781710385,-0.01221165768267542,0.00197041467611804,-0.9427803181116499,18.227019353411638,19.88293536559479,0.0027178045571099644,3.9486616045874356,0.638804768655478,0.2355807704219986,27.260380936280043,26.92319443233,4.274338586267495,4.181221095462997,-3.284516615699635,PREPARATION,False,TAKEOFF,0,False,inf,0.11327028274536133,0.0,True,True,TRACKING,0,0.11327028274536133,0.003059932344524028,0.0,3,0,0.11327028274536133,0.0874485969543457,inf,VISION,,,0,,0.0,0.0,False,,0.0,0.0,0.0,False,0.0,0.8561075925827026,4.041620781710384,SAFE,4.065512943267822,0.9985027313232422,19.991287231445312,20.00614356994629,,,0.0016084050294011831,0.003956318832933903,,20.009324252799335,0.0004446379998626071,0.0,1.5178113420304566,2.0523947384834775,1.764111074159412,1.6777729024282024,2.428872659175639,3.9394101873322263,1.5178113420304566,2.0523947384834775,1.764111074159412
8.094896793365479,8.094896793365479,,False,PERIODIC,True,True,1,TAKEOFF,0.09161674231491924,-0.016348269936442724,-4.318699897587712,-0.013335315270974346,0.0020005592162595275,-0.8902114904496244,18.423518780031845,19.912460139392955,0.01440068482782094,3.9620068395809827,0.5500016391916632,0.23453109772088715,27.422468845702753,27.07796220058312,4.3331005824155335,4.167576792506853,-3.2334876463120605,PREPARATION,False,TAKEOFF,0,False,inf,0.1632554531097412,0.0,True,False,REACQUIRE,0,0.1632554531097412,-0.005556153107587707,0.0,3,0,0.1632554531097412,0.13743376731872559,inf,SEARCH,,,0,,0.0,0.0,False,,0.0,0.0,0.0,False,0.0,0.8590965270996094,4.088699897587712,SAFE,4.123775291442871,0.996867835521698,19.883590698242188,19.886594772338867,,,0.0020692930556833744,0.0019784190226346254,,19.99573848595813,0.0008757680006965529,0.0,1.5314216462663137,2.0499055481376627,1.764111074159412,1.7065891018763353,2.50295271456742,3.9394101873322263,1.5314216462663137,2.0499055481376627,1.764111074159412
8.144872665405273,8.144872665405273,,False,PERIODIC,True,True,1,TAKEOFF,0.09056834484792674,-0.01583881486097084,-4.3614302033466545,-0.014155173853139037,0.0019033302129140553,-0.8392087932337492,18.62228019199197,19.93778831134588,0.02609242375254719,3.9732980787316334,0.46141345618383744,0.23202733054332064,27.583000820805996,27.231811902208722,4.387522627099202,4.154332657636316,-3.1817894542147154,PREPARATION,False,TAKEOFF,0,False,inf,inf,0.0,True,False,REACQUIRE,0,0.21327686309814453,-0.013272389615194198,0.0,3,0,inf,inf,inf,SEARCH,,,0,,0.0,0.0,False,,0.0,0.0,0.0,False,0.0,0.8603529930114746,4.131430203346654,SAFE,4.158098030090332,0.996867835521698,19.883590698242188,19.886594772338867,,,0.0018368139863014221,0.0019784190226346254,,19.99550769743399,0.0005871670000487939,0.0,1.5595496038560182,2.115557705992107,1.764111074159412,1.7301069558406812,2.5696629269580886,3.9394101873322263,1.5595496038560182,2.115557705992107,1.764111074159412
8.194799423217773,8.194799423217773,,False,PERIODIC,True,True,1,TAKEOFF,0.08956919200085407,-0.015467440245971398,-4.400564828023702,-0.014646241286113262,0.001786584441946636,-0.7905339337259533,18.821614746809427,19.95871182059605,0.037626164716458986,3.9824852099894343,0.3739138299333313,0.2280862890704067,27.740852674345017,27.383523655871517,4.438190992740161,4.141633214554722,-3.12997645963771,PREPARATION,False,TAKEOFF,0,False,inf,inf,0.0,True,False,REACQUIRE,0,0.263106107711792,-0.019162553372696563,0.0,3,0,inf,inf,inf,SEARCH,,,0,,0.0,0.0,False,,0.0,0.0,0.0,False,0.0,0.8614548444747925,4.170564828023702,SAFE,4.203488159179687,0.9990336894989014,19.916345596313477,19.91864585876465,,,0.0028911971021443605,0.0019784190226346254,,20.03434497523479,0.0005154520003998186,0.0,1.5701671273905025,2.099722240746574,1.764111074159412,1.755838685227607,2.639331240986768,3.9394101873322263,1.5701671273905025,2.099722240746574,1.764111074159412
8.244937181472778,8.244937181472778,,False,PERIODIC,True,True,1,TAKEOFF,0.08853981150118286,-0.015093846113061138,-4.438137672755881,-0.014952729948876527,0.001985720782004173,-0.7407163381957285,19.02009443191958,19.975190528065504,0.04885634729049561,3.9896033275944878,0.2882104932978532,0.2227711376827739,27.895310448932896,27.53207637840657,4.486994020046376,4.128765185207767,-3.0778416691676123,PREPARATION,False,TAKEOFF,0,False,inf,inf,0.0,True,False,REACQUIRE,0,0.31337738037109375,-0.02558665617448168,0.0,3,0,inf,inf,inf,SEARCH,,,0,,0.0,0.0,False,,0.0,0.0,0.0,False,0.0,0.8618761301040649,4.20813767275588,SAFE,4.2339332580566404,0.9990336894989014,19.916345596313477,19.91864585876465,,,0.0016865560319274664,0.0019784190226346254,,19.97548952519603,0.0007358060001934064,0.0,1.5972792668593325,2.169159418515724,1.764111074159412,1.776215965862246,2.6995463440571634,3.9394101873322263,1.5972792668593325,2.169159418515724,1.764111074159412
8.294842958450317,8.294842958450317,,False,PERIODIC,True,True,1,TAKEOFF,0.08749828449360483,-0.014534919812340254,-4.475164566326193,-0.015189204866101029,0.0026883258844583313,-0.687171752214245,19.219613834702514,19.987472769716142,0.05982749183844134,3.994816993649666,0.20356126165812818,0.2160668530499572,28.04789314736703,27.678839517553875,4.534992058164635,4.115378430533555,-3.0246102054365998,PREPARATION,False,TAKEOFF,0,False,inf,inf,0.0,True,False,REACQUIRE,0,0.3631908893585205,-0.031072563574313056,-0.031072563574313056,3,0,inf,inf,inf,SEARCH,,,0,,0.0,0.0,False,,0.0,0.0,0.0,False,0.0,0.860570112723047,4.245164566326193,SAFE,4.279207515716553,0.9997700452804565,19.76852035522461,19.809223175048828,,,0.0018824839498847723,0.004091503098607063,,20.007440422765445,0.0006028110001352616,0.0,1.6011150682596627,2.138300803886876,1.764111074159412,1.7953957122736242,2.7548312774576655,3.9394101873322263,1.6011150682596627,2.138300803886876,1.764111074159412
8.344735145568848,8.344735145568848,,False,PERIODIC,True,True,1,TAKEOFF,0.08651486328467971,-0.01390475904215665,-4.508178892774669,-0.015401174196869883,0.0034969451702549833,-0.6351144037262113,19.41988898022118,19.9955775613679,0.0704583257738365,3.9981944497532576,0.12017130257364489,0.20800821801963018,28.19791936039449,27.823708190610265,4.578637218548506,4.102854919877949,-2.9715416512982324,PREPARATION,False,TAKEOFF,0,False,inf,inf,0.0,True,False,REACQUIRE,0,0.41328001022338867,-0.0367028131087021,-0.0367028131087021,3,0,inf,inf,inf,SEARCH,,,0,,0.0,0.0,False,,0.0,0.0,0.0,False,0.0,0.8601971608869565,4.278178892774669,SAFE,4.30536584854126,0.9997700452804565,19.76852035522461,19.809223175048828,,,0.001532393041998148,0.004091503098607063,,19.998889783954567,0.0005323089999365038,0.0,1.6284857097271477,2.2048944254239835,3.0835423334945506,1.814857226044772,2.802545515133149,3.9737945387966076,1.6284857097271477,2.2048944254239835,3.0835423334945506
8.394797563552856,8.394797563552856,,False,PERIODIC,True,True,1,TAKEOFF,0.08554706045227052,-0.013225752734576275,-4.537283350804867,-0.015642304347449777,0.004741011710946957,-0.5864727655209636,19.619737625293602,19.99953771493177,0.08062545086264063,3.9998138352631494,0.038591232650636284,0.1986888884444504,28.344671180608447,27.965966863963363,4.617908801667508,4.091639362095813,-2.919135180163779,PREPARATION,False,TAKEOFF,0,False,inf,inf,0.0,True,False,REACQUIRE,0,0.46320676803588867,-0.04105919320584794,-0.04105919320584794,3,0,inf,inf,inf,SEARCH,,,0,,0.0,0.0,False,,0.0,0.0,0.0,False,0.0,0.8596047464535594,4.307283350804867,SAFE,4.339368152618408,1.0007243156433105,20.0216121673584,20.014354705810547,,,0.0017044260166585445,0.004091503098607063,,20.000832240954335,0.0007338519999393611,0.0,1.6299280133643794,2.1695219403320047,3.871579862494358,1.8320966929453335,2.858090629308294,4.118125216734065,1.6299280133643794,2.1695219403320047,3.871579862494358
8.44478964805603,8.44478964805603,,False,PERIODIC,True,True,1,TAKEOFF,0.08445924973078041,-0.012481510567636531,-4.565341398770161,-0.01606413736413341,0.005956319112936692,-0.5359046810625866,19.820116399604053,19.9994571625509,0.09031911655962595,3.9997844734510974,-0.04152307719238858,0.1881185653680569,28.489454670597016,28.10647349978295,4.655660515329787,4.080870497753158,-2.866887554244008,PREPARATION,False,TAKEOFF,0,False,inf,inf,0.0,True,False,REACQUIRE,0,0.5133316516876221,-0.04670872353960205,-0.04670872353960205,3,0,inf,inf,inf,SEARCH,,,0,,0.0,0.0,False,,0.0,0.0,0.0,False,0.0,0.8588109027556792,4.335341398770161,SAFE,4.361781406402588,1.0007243156433105,20.0216121673584,20.014354705810547,,,0.0013144559925422072,0.004091503098607063,,19.990717530106444,0.0007612119998157141,0.0,1.6503607008945005,2.2410454336317267,4.607749881744125,1.8452924063573812,2.897651591623399,4.280544443629658,1.6503607008945005,2.2410454336317267,4.607749881744125
8.494866847991943,8.494866847991943,,False,PERIODIC,True,True,1,TAKEOFF,0.08332481421305124,-0.011677248807259857,-4.591738919628472,-0.01654306874247264,0.007405557379396121,-0.48289852072187606,20.01979102317209,19.995426345253545,0.0994245378708206,3.998210248532394,-0.119644508986136,0.17642470301868793,28.63134460184193,28.24441323738991,4.691163457499293,4.070515081816635,-2.8147851294576234,PREPARATION,False,TAKEOFF,0,False,inf,inf,0.0,True,False,REACQUIRE,0,0.563147783279419,-0.05181155118988894,-0.05181155118988894,3,0,inf,inf,inf,SEARCH,,,0,,0.0,0.0,False,,0.0,0.0,0.0,False,0.0,0.8572827666397522,4.361738919628472,SAFE,4.394418048858642,0.9990426898002625,20.00908851623535,20.01185417175293,,,0.0028682139236479998,0.004091503098607063,,20.007691579608327,0.00047195500064844964,0.0,1.6484267388484082,2.191795092555861,4.694749115322543,1.8591794779946325,2.9380672360037217,4.437208677203516,1.6484267388484082,2.191795092555861,4.694749115322543
8.544751405715942,8.544751405715942,,False,PERIODIC,True,True,1,TAKEOFF,0.0822011293017794,-0.010974358552336992,-4.6144415814388,-0.017170613209640594,0.008580226933124052,-0.43153389297005673,20.2199305596788,19.987510706194563,0.10794244753264194,3.9951849947355536,-0.1962061615746919,0.1636075280493192,28.770965614887906,28.380760234637435,4.722384028971441,4.061419493297914,-2.7637167791015855,PREPARATION,False,TAKEOFF,0,False,inf,inf,0.0,True,False,REACQUIRE,0,0.613318920135498,-0.055505032368945224,-0.055505032368945224,3,0,inf,inf,inf,SEARCH,,,0,,0.0,0.0,False,,0.0,0.0,0.0,False,0.0,0.856009223347546,4.384441581438799,SAFE,4.412655639648437,0.9990426898002625,20.00908851623535,20.01185417175293,,,1.664400042500347e-05,0.004091503098607063,,19.99135441480747,0.0005070360002719099,0.0,1.6484267388484082,2.265163560569429,4.676819417535875,1.9727944327846112,2.9713519284778807,4.5958580401615725,1.6484267388484082,2.265163560569429,4.676819417535875
8.594926834106445,8.594926834106445,,False,PERIODIC,True,True,1,TAKEOFF,0.08101416042737745,-0.01045480301921247,-4.633910843436881,-0.017668294919076337,0.009338727493871452,-0.38403718317787255,20.419041457118972,19.975864168755603,0.11576121970845787,3.9908347770545927,-0.2706247997719685,0.1498389854356969,28.907571414249272,28.514703231184054,4.749672063145339,4.053578692715238,-2.7143525873930643,PREPARATION,False,TAKEOFF,0,False,inf,inf,0.0,True,False,REACQUIRE,0,0.6633949279785156,-0.05919699824227743,-0.05919699824227743,3,0,inf,inf,inf,SEARCH,,,0,,0.0,0.0,False,,0.0,0.0,0.0,False,0.0,0.8538925332239105,4.403910843436881,SAFE,4.435382652282715,0.9999527335166931,19.997060775756836,19.9885196685791,,,0.002263433998450637,0.0030191359110176563,,20.005104966095754,0.00040092099970934214,0.0,1.6484267388484082,2.20475133559401,4.597489799524419,2.086479210903902,2.9965651693583077,4.754892343908473,1.6484267388484082,2.20475133559401,4.597489799524419
8.644728422164917,8.644728422164917,,False,PERIODIC,True,True,1,TAKEOFF,0.0795580294375056,-0.010151478346426662,-4.651905613634553,-0.01858999423120664,0.009829240492054175,-0.342052860600075,20.618333993076778,19.960515768893483,0.12288474665423343,3.985236429502768,-0.34335200736857086,0.13511897456651012,29.04251179511259,28.6473186945052,4.774790360288787,4.04759879255677,-2.667084195767512,PREPARATION,False,TAKEOFF,0,False,inf,inf,0.0,True,False,REACQUIRE,0,0.7132537364959717,-0.0628873491593502,-0.0628873491593502,3,0,inf,inf,inf,SEARCH,,,0,,0.0,0.0,False,,0.0,0.0,0.0,False,0.0,0.8520322582439777,4.421905613634553,SAFE,4.44980411529541,0.9999527335166931,19.997060775756836,19.9885196685791,,,0.002914801938459277,0.0030191359110176563,,20.002805199760044,0.0004957569999533007,0.0,1.6484267388484082,2.287912710748798,4.761094532303682,2.2041084339177037,3.0285665865553106,4.8921292710164135,1.6484267388484082,2.287912710748798,4.761094532303682
8.69483995437622,8.69483995437622,,False,PERIODIC,True,True,1,TAKEOFF,0.07771358145191068,-0.010224180544431553,-4.668539601969792,-0.01992857401145997,0.0094970141570162,-0.30510148659870573,20.817414973562414,19.941569738857087,0.12925443440427384,3.9784928877459427,-0.4142394744045352,0.11955907765027932,29.175813991243572,28.778625652316645,4.797794036374066,4.0431749148916305,-2.6223500741519343,PREPARATION,False,TAKEOFF,0,False,inf,inf,0.0,True,False,REACQUIRE,0,0.7631361484527588,-0.06657598573272737,-0.06657598573272737,3,0,inf,inf,inf,SEARCH,,,0,,0.0,0.0,False,,0.0,0.0,0.0,False,0.0,0.8485889051230018,4.438539601969792,SAFE,4.4702637672424315,0.9990938305854797,19.949615478515625,19.953432083129883,,,0.0024433399084955454,0.0030191359110176563,,20.007038584932115,0.00044304599941824563,0.0,1.6484267388484082,2.221067033886425,4.539670682339177,2.325332382339978,3.048344406918343,5.015713934144447,1.6484267388484082,2.221067033886425,4.539670682339177
8.744969606399536,8.744969606399536,,False,PERIODIC,True,True,1,TAKEOFF,0.07563922869657534,-0.01063899155280089,-4.682877053988246,-0.02136157818882395,0.008696364335120313,-0.2755985503705401,21.017230110803553,19.918993080203272,0.13485589874685164,3.970656591389701,-0.48361785869994584,0.10317019180515118,29.30786607709582,28.909176107061825,4.817732952735098,4.040055460076886,-2.5799345617389333,PREPARATION,False,TAKEOFF,0,False,inf,inf,0.0,True,False,REACQUIRE,0,0.8133182525634766,-0.06956070124281805,-0.06956070124281805,3,0,inf,inf,inf,SEARCH,,,0,,0.0,0.0,False,,0.0,0.0,0.0,False,0.0,0.8460564453990731,4.452877053988246,SAFE,4.481633949279785,0.9990938305854797,19.949615478515625,19.953432083129883,,,0.0024919449351727962,0.0030191359110176563,,20.004477248144124,0.0005532670002139639,0.0,1.6484267388484082,2.304536575817319,4.317946612059264,2.4506907630707673,3.0717559986050036,5.147074928901586,1.6484267388484082,2.304536575817319,4.317946612059264
8.794834613800049,8.794834613800049,,False,PERIODIC,True,True,1,TAKEOFF,0.07339593226126245,-0.011426123408178678,-4.695122918828846,-0.022979481662064254,0.007588104505803739,-0.2520208226336875,21.214508237677364,19.893271043175258,0.13957074929267205,3.9619540898528833,-0.5503814948724299,0.08632245353225815,29.43667545203067,29.03693507937108,4.834693668121519,4.03800715895154,-2.540215469577065,PREPARATION,False,TAKEOFF,0,False,inf,inf,0.0,True,False,REACQUIRE,0,0.8632779121398926,-0.07210550947859942,-0.07210550947859942,3,0,inf,inf,inf,SEARCH,,,0,,0.0,0.0,False,,0.0,0.0,0.0,False,0.0,0.842245716788959,4.465122918828846,SAFE,4.496057319641113,1.0010769367218018,20.024911880493164,20.01400375366211,,,0.0019396940479055047,0.00269716395996511,,19.98389989064143,0.0007048959996609483,0.0,1.6484267388484082,2.24156957632325,4.21191576361161,2.5780542223430967,3.0928251008238057,5.286064394833954,1.6484267388484082,2.24156957632325,4.21191576361161
8.844797372817993,8.844797372817993,,False,PERIODIC,True,True,1,TAKEOFF,0.07072134315349957,-0.012728945366209604,-4.70687600190395,-0.024842672385930905,0.005808758688429995,-0.23150391998771094,21.412401817232535,19.86410802523529,0.14345275641436847,3.952340478181415,-0.615633612247336,0.06885226364533081,29.56487210317891,29.16429278096002,4.850328758318319,4.036631054554983,-2.5024390184946554,PREPARATION,False,TAKEOFF,0,False,inf,inf,0.0,True,False,REACQUIRE,0,0.9132888317108154,-0.07394771970891242,-0.07394771970891242,3,0,inf,inf,inf,SEARCH,,,0,,0.0,0.0,False,,0.0,0.0,0.0,False,0.0,0.8392228251376483,4.47687600190395,SAFE,4.5054443359375,1.0010769367218018,20.024911880493164,20.01400375366211,,,2.1595998987322673e-05,0.00269716395996511,,20.01621455577628,0.00066960599997401,0.0,1.6484267388484082,2.316171301372535,4.333007888171671,2.709291531286804,3.1056276471153517,5.4283203624568745,1.6484267388484082,2.316171301372535,4.333007888171671
8.895036458969116,8.895036458969116,,False,PERIODIC,True,True,1,TAKEOFF,0.06780452784959519,-0.014680233627690003,-4.718204580036162,-0.026678091227118277,0.0033585334652630468,-0.21308747280034324,21.610587855124944,19.83159194311879,0.14646028183512613,3.9419019013021668,-0.6792712275007399,0.05088473040126168,29.69227167156059,29.291057215461414,4.864664861871288,4.035503917941766,-2.466323222938381,PREPARATION,False,TAKEOFF,0,False,inf,inf,0.0,True,False,REACQUIRE,0,0.9632160663604736,-0.07726242307091367,-0.07726242307091367,3,0,inf,inf,inf,SEARCH,,,0,,0.0,0.0,False,,0.0,0.0,0.0,False,0.0,0.8339927735292245,4.488204580036162,SAFE,4.519268321990967,1.0005707740783691,20.020320892333984,19.992021560668945,,,0.0014551340136677027,0.00269716395996511,,19.97700176678091,0.0007082229994921363,0.0,1.6484267388484082,2.2343551141842894,4.142086954230813,2.844198851976637,3.116245215625681,5.549014677162891,1.6484267388484082,2.2343551141842894,4.142086954230813
8.944726943969727,8.944726943969727,,False,PERIODIC,True,True,1,TAKEOFF,0.06502171380209998,-0.01711434727766572,-4.728077217753205,-0.02814418213846073,0.0003631420851426034,-0.19860226379642953,21.80658508542684,19.796237766494034,0.14854356398268775,3.9308522239091657,-0.7405408792148936,0.032754384191646245,29.816873244448928,29.41537862796731,4.876620781735893,4.034367014841965,-2.4322878202752274,PREPARATION,False,TAKEOFF,0,False,inf,inf,0.0,True,False,REACQUIRE,0,1.0132572650909424,-0.0785510191199802,-0.0785510191199802,3,0,inf,inf,inf,SEARCH,,,0,,0.0,0.0,False,,0.0,0.0,0.0,False,0.0,0.8305410346267093,4.498077217753204,SAFE,4.527254390716553,1.0005707740783691,20.020320892333984,19.992021560668945,,,2.4200000552809797e-05,0.00269716395996511,,19.997489642013015,0.000540854000064428,0.0,1.6484267388484082,2.3024389396113465,4.259068868306371,2.9810772467240847,3.12436593315473,5.6541876652485055,1.6484267388484082,2.3024389396113465,4.259068868306371
8.994779586791992,8.994779586791992,,False,PERIODIC,True,True,1,TAKEOFF,0.06219032803663275,-0.019904175543339533,-4.7369472945454625,-0.029281873933989077,-0.0026913484267433695,-0.18594388332577294,22.002746772895517,19.757728853048885,0.14972135885274612,3.9191374798174228,-0.8002258520507434,0.014354938898504947,29.94031255434394,29.538835205940345,4.886668653398209,4.033137277075246,-2.3993058457265066,PREPARATION,False,TAKEOFF,0,False,inf,inf,0.0,True,False,REACQUIRE,0,1.0631532669067383,-0.08053668764788388,-0.08053668764788388,3,0,inf,inf,inf,SEARCH,,,0,,0.0,0.0,False,,0.0,0.0,0.0,False,0.0,0.8255181580890985,4.506947294545462,SAFE,4.537629890441894,1.0007951259613037,20.025609970092773,20.016904830932617,,,0.0021382630802690983,0.00269716395996511,,19.99690756184437,0.0005016160002924153,0.0,1.6484267388484082,2.207445954621254,4.014303027089451,2.9810772467240847,3.1243763493575876,5.7729405358458745,1.6484267388484082,2.207445954621254,4.014303027089451
9.044738054275513,9.044738054275513,,False,PERIODIC,True,True,1,TAKEOFF,0.059079349956868615,-0.02330774308559194,-4.745652153861304,-0.030432164038803444,-0.006067555033612379,-0.17479915227437912,22.199273350228793,19.716069981534314,0.14997589096193095,3.906806949533077,-0.858405183511876,-0.004224282891935551,30.063239966413423,29.661949081692146,4.895628044823235,4.032049981885775,-2.367731974208891,PREPARATION,False,TAKEOFF,0,False,inf,inf,0.0,True,False,REACQUIRE,0,1.1132371425628662,-0.08167937028318203,-0.08167937028318203,3,0,inf,inf,inf,SEARCH,,,0,,0.0,0.0,False,,0.0,0.0,0.0,False,0.0,0.8218298816019827,4.5156521538613035,SAFE,4.544529724121094,1.0007951259613037,20.025609970092773,20.016904830932617,,,0.0025995199102908373,0.00269716395996511,,20.014882362130447,0.0004275880000932375,0.0,1.6484267388484082,2.207445954621254,4.132255214621625,2.9810772467240847,3.265170968188062,5.891285902148616,1.6484267388484082,2.207445954621254,4.132255214621625
9.09489393234253,9.09489393234253,,False,PERIODIC,True,True,1,TAKEOFF,0.05593203336664363,-0.02709850425613048,-4.754041351049918,-0.031190639330748355,-0.009416145301553835,-0.1645699887726619,22.393905385148432,19.671830302486637,0.14930484579101427,3.89406872559406,-0.9144554447048021,-0.022657778634926296,30.184029776093645,29.783096709342253,4.903346196840932,4.030743888016256,-2.337324723884761,PREPARATION,False,TAKEOFF,0,False,inf,inf,0.0,True,False,REACQUIRE,0,1.1633012294769287,-0.08347555759572577,-0.08347555759572577,3,0,inf,inf,inf,SEARCH,,,0,,0.0,0.0,False,,0.0,0.0,0.0,False,0.0,0.8157802745136782,4.524041351049918,SAFE,4.554947185516357,1.00051748752594,19.964418411254883,19.973737716674805,,,0.0024995231069624424,0.0025241270195692778,,19.998563568493367,0.0006558000004588393,0.0,1.6484267388484082,2.207445954621254,3.8152597227057585,2.9810772467240847,3.410931437859343,5.99033758174191,1.6484267388484082,2.207445954621254,3.8152597227057585
9.144898414611816,9.144898414611816,,False,PERIODIC,True,True,1,TAKEOFF,0.05298879819806017,-0.031106861826640592,-4.7616839846962105,-0.031617179255405366,-0.012545903613490032,-0.15577285985234088,22.590368412120043,19.62421790340963,0.1476907617269977,3.8807357723969043,-0.9694791719469816,-0.04118479694573856,30.30457443835426,29.90426844931901,4.909374746423208,4.029312264209198,-2.3075032903631585,PREPARATION,False,TAKEOFF,0,False,inf,inf,0.0,True,False,REACQUIRE,0,1.21336030960083,-0.0845813757000609,-0.0845813757000609,3,0,inf,inf,inf,SEARCH,,,0,,0.0,0.0,False,,0.0,0.0,0.0,False,0.0,0.8119584418806762,4.53168398469621,SAFE,4.560988712310791,1.00051748752594,19.964418411254883,19.973737716674805,,,0.001807057997211814,0.0025241270195692778,,19.981635057572856,0.0008171379995474126,0.0,1.6484267388484082,2.207445954621254,3.944221775525515,2.9810772467240847,3.560974006774108,6.071718658800463,1.6484267388484082,2.207445954621254,3.944221775525515
9.194772005081177,9.194772005081177,,False,PERIODIC,True,True,1,TAKEOFF,0.05041362521374552,-0.03497987368440796,-4.768386942802298,-0.03156704638354416,-0.01513913213418348,-0.1483656487976756,22.78150796220083,19.57509461936931,0.1452175009730214,3.867356993047204,-1.0215428959808248,-0.059022604802926655,30.420407295268266,30.020953871922895,4.913604443775319,4.027708949346503,-2.2790672419005302,PREPARATION,False,TAKEOFF,0,False,inf,inf,0.0,True,False,REACQUIRE,0,1.2631683349609375,-0.08557061624886303,-0.08557061624886303,3,0,inf,inf,inf,SEARCH,,,0,,0.0,0.0,False,,0.0,0.0,0.0,False,0.0,0.8065823775671603,4.538386942802298,SAFE,4.568911361694336,1.0005420446395874,20.119728088378906,20.113195419311523,,,0.002339133992791176,0.0025241270195692778,,20.019709264731077,0.0005289789996822947,0.0,1.6484267388484082,2.207445954621254,3.5785850532707637,2.9810772467240847,3.7106043025079445,6.160492141116026,1.6484267388484082,2.207445954621254,3.5785850532707637
9.244733810424805,9.244733810424805,,False,PERIODIC,True,True,1,TAKEOFF,0.04798372847694577,-0.03916074329325538,-4.775184001751239,-0.03100063929154052,-0.01771074572286971,-0.1416568516444437,22.97448965893017,19.52274362981089,0.14182255512743563,3.853489515050413,-1.0726688945786271,-0.0767340494130242,30.536367340631166,30.137896026125944,4.9170065568786745,4.0257192432242865,-2.2510870796200835,PREPARATION,False,TAKEOFF,0,False,inf,inf,0.0,True,False,REACQUIRE,0,1.3132541179656982,-0.08715279827961768,-0.08715279827961768,3,0,inf,inf,inf,SEARCH,,,0,,0.0,0.0,False,,0.0,0.0,0.0,False,0.0,0.8026556672814866,4.545184001751238,SAFE,4.574318218231201,1.0005420446395874,20.119728088378906,20.113195419311523,,,0.0024786139838397503,0.0025241270195692778,,19.9980366275364,0.00044869900011690333,0.0,1.6484267388484082,2.207445954621254,3.770857582356474,2.9810772467240847,3.864446038483896,6.231289062844389,1.6484267388484082,2.207445954621254,3.770857582356474
9.294804096221924,9.294804096221924,,False,PERIODIC,True,True,1,TAKEOFF,0.045773992360961975,-0.04344738878008609,-4.781981601821522,-0.02994166775165981,-0.01962231046550336,-0.1351775588729123,23.166899891026727,19.46783928940604,0.13755044687887935,3.8393475067558764,-1.1222347002153494,-0.09398396904058116,30.650914606884193,30.25354145650251,4.919532048700402,4.023536965138304,-2.2234765184096155,PREPARATION,False,TAKEOFF,0,False,inf,inf,0.0,True,False,REACQUIRE,0,1.363067626953125,-0.08808596725406416,-0.08808596725406416,3,0,inf,inf,inf,SEARCH,,,0,,0.0,0.0,False,,0.0,0.0,0.0,False,0.0,0.7965373240956559,4.551981601821522,SAFE,4.582710075378418,1.000048279762268,20.08928680419922,20.094099044799805,,,0.0015375639777630568,0.0036999189760535955,,20.014791879937032,0.0004564810005831532,0.0,1.6484267388484082,2.207445954621254,3.3754537831727194,2.9810772467240847,4.020967290718559,6.292452301026267,1.6484267388484082,2.207445954621254,3.3754537831727194
9.344781875610352,9.344781875610352,,False,PERIODIC,True,True,1,TAKEOFF,0.04382703260334164,-0.04744312683437081,-4.788332917574897,-0.028579855782548517,-0.02069743588005571,-0.12992698016223947,23.35889219986547,19.41040418192653,0.13242097554217244,3.824963409078478,-1.1703225705807567,-0.11067912998820367,30.76384086100694,30.36774745753681,4.92075389311707,4.021418173260238,-2.1964453739943477,PREPARATION,False,TAKEOFF,0,False,inf,inf,0.0,True,False,REACQUIRE,0,1.413356065750122,-0.08866627536992934,-0.08866627536992934,3,0,inf,inf,inf,SEARCH,,,0,,0.0,0.0,False,,0.0,0.0,0.0,False,0.0,0.7926756896656983,4.558332917574897,SAFE,4.587808418273926,1.000048279762268,20.08928680419922,20.094099044799805,,,0.003090196056291461,0.0036999189760535955,,19.99785596845784,0.0006339330002447241,0.0,1.6484267388484082,2.207445954621254,3.593685510202193,2.9810772467240847,4.179772516183376,6.336485875027013,1.6484267388484082,2.207445954621254,3.593685510202193
9.394869565963745,9.394869565963745,,False,PERIODIC,True,True,1,TAKEOFF,0.042135030669382414,-0.051186471909028405,-4.794281833479579,-0.027245735071053455,-0.02142901434940378,-0.12476316674617352,23.54991380480386,19.350676271801667,0.12647997256436228,3.8104196892153737,-1.216840906626589,-0.12666908338642358,30.874938665060657,30.480287741742803,4.9207618060439415,4.01953842293857,-2.1704462156918862,PREPARATION,False,TAKEOFF,0,False,inf,inf,0.0,True,False,REACQUIRE,0,1.4631545543670654,-0.08924652361692124,-0.08924652361692124,3,0,inf,inf,inf,SEARCH,,,0,,0.0,0.0,False,,0.0,0.0,0.0,False,0.0,0.7873496004610381,4.564281833479579,SAFE,4.594719696044922,1.0010114908218384,19.897741317749023,19.873428344726562,,,0.0029786271043121815,0.0036999189760535955,,20.004256300798673,0.0006658530001004692,0.0,1.6484267388484082,2.207445954621254,3.195974211396431,2.9810772467240847,4.340928140686091,6.404840673782204,1.6484267388484082,2.207445954621254,3.195974211396431
9.444806337356567,9.444806337356567,,False,PERIODIC,True,True,1,TAKEOFF,0.04053212475686884,-0.05498394279023034,-4.800305431860181,-0.026018382682271995,-0.021833184070822586,-0.12009225999038879,23.740206194830193,19.288656826456936,0.11975798463037746,3.7957361573150217,-1.2618981829178593,-0.1418771304700023,30.984802940468665,30.59168170005348,4.920063416490558,4.017965100139278,-2.1455609154266133,PREPARATION,False,TAKEOFF,0,False,inf,inf,0.0,True,False,REACQUIRE,0,1.5133097171783447,-0.08989117321089644,-0.08989117321089644,3,0,inf,inf,inf,SEARCH,,,0,,0.0,0.0,False,,0.0,0.0,0.0,False,0.0,0.7834703215256491,4.570305431860181,SAFE,4.5995786666870115,1.0010114908218384,19.897741317749023,19.873428344726562,,,0.0024213490542024374,0.0036999189760535955,,19.981068929515963,0.000663785000142525,0.0,1.6484267388484082,2.207445954621254,3.475926233270873,2.9810772467240847,4.5042985687177275,6.435504130239346,1.6484267388484082,2.207445954621254,3.475926233270873
9.46661114692688,9.46661114692688,,False,PHASE_TRANSITION,False,True,1,FOLLOW,0.038721054792404175,-0.05910944193601608,-4.807219982147217,-0.024535754695534706,-0.021599747240543365,-0.11504512280225754,23.929007781394034,19.22467860996042,0.11232769572499895,3.7810070460987837,-1.3053680390416145,-0.1561539742440317,nan,nan,nan,nan,nan,PREPARATION,False,TAKEOFF,0,False,inf,inf,0.0,True,False,REACQUIRE,0,1.5133097171783447,-0.08989117321089644,-0.08989117321089644,3,0,inf,inf,inf,SEARCH,,,0,,0.0,0.0,False,,0.0,0.0,0.0,False,0.0,0.7834703215256491,4.577219982147216,SAFE,4.5995786666870115,0.9996113777160645,19.973012924194336,19.990110397338867,,,5.066300218459219e-05,0.005049258936196566,,19.997407401619395,0.000663785000142525,0.0,1.6484267388484082,2.207445954621254,3.0500167369186126,2.9810772467240847,4.5042985687177275,6.4719574851940225,1.6484267388484082,2.207445954621254,3.0500167369186126
9.494803190231323,9.494803190231323,,False,PERIODIC,True,True,1,FOLLOW,0.038899678766178336,-0.05871030267374459,-4.80653371712002,-0.024687116905933556,-0.02165515365898003,-0.11556227705873495,23.929007781394034,19.22467860996042,0.11232769572499895,3.7810070460987837,-1.3053680390416145,-0.1561539742440317,31.093110984749067,30.701569228805674,4.918861412845019,4.01657497381861,-2.121513194293033,PREPARATION,False,TAKEOFF,0,False,inf,inf,0.0,True,False,REACQUIRE,0,1.5632469654083252,-0.09082767752829572,-0.09082767752829572,3,0,inf,inf,inf,SEARCH,,,0,,0.0,0.0,False,,0.0,0.0,0.0,False,0.0,0.7772518900123462,4.57653371712002,SAFE,4.607219982147217,0.9996113777160645,19.973012924194336,19.990110397338867,,,0.0018103689653798938,0.005049258936196566,,19.965085303805008,0.000947106000239728,0.0,1.6484267388484082,2.207445954621254,3.0500167369186126,2.9810772467240847,4.5042985687177275,6.4719574851940225,1.6484267388484082,2.207445954621254,3.0500167369186126
9.544745922088623,9.544745922088623,,False,PERIODIC,True,True,1,FOLLOW,0.037477161995027555,-0.06187099474794086,-4.8122758623297655,-0.02348032687386389,-0.02084186988439372,-0.11153049210829089,24.117532436421158,19.158403828517127,0.10418871520048567,3.7661694075291368,-1.347578566834466,-0.1695056762340527,31.19999439492521,30.810193545339093,4.916464577530251,4.015599145142495,-2.0983881398762683,PREPARATION,False,FOLLOW,0,False,inf,inf,0.0,True,False,REACQUIRE,0,1.6132493019104004,-0.09193206693223668,-0.09193206693223668,3,0,inf,inf,inf,VISION,,,0,,0.0,0.0,False,,0.0,0.0,0.0,False,0.0,0.773327838721904,4.582275862329765,SAFE,4.611799049377441,0.9996113777160645,19.973012924194336,19.990110397338867,,,0.002078406047075987,0.005049258936196566,,20.000244946719068,0.0004623260001608287,0.0,1.6484267388484082,2.207445954621254,3.362042404833761,2.9810772467240847,4.5042985687177275,6.493053038951618,1.6484267388484082,2.207445954621254,3.362042404833761
9.59494137763977,9.59494137763977,,False,PERIODIC,True,True,1,FOLLOW,0.03639996235753726,-0.06440199576362185,-4.817572911444637,-0.02218770860382175,-0.019386799499508677,-0.10754273853670276,24.306057274800494,19.089778585434424,0.09537243138416053,3.751229005787561,-1.3886255600910085,-0.1818606319125297,31.30552557843716,30.917614717189295,4.912945342828798,4.0148488929510435,-2.0759199255479364,PREPARATION,False,FOLLOW,0,False,inf,inf,0.0,True,False,REACQUIRE,0,1.6632270812988281,-0.09234015408059569,-0.09234015408059569,3,0,inf,inf,inf,VISION,,,0,,0.0,0.0,False,,0.0,0.0,0.0,False,0.0,0.7678814464143078,4.587572911444637,SAFE,4.6179612159729,1.0004199743270874,20.189998626708984,20.210371017456055,,,0.0014411680167540908,0.005049258936196566,,19.99503108582216,0.0007434169992848183,0.0,1.6484267388484082,2.207445954621254,2.925143629615567,2.9810772467240847,4.5042985687177275,6.498702973298518,1.6484267388484082,2.207445954621254,2.925143629615567
9.645013093948364,9.645013093948364,,False,PERIODIC,True,True,1,FOLLOW,0.03556402519691987,-0.06648615459975912,-4.822923843076864,-0.020706883779873023,-0.01743224205194602,-0.10455985735059097,24.493177879549492,19.019377202502238,0.08599826191533744,3.7363232357658567,-1.4282467146386706,-0.19305015887588658,31.409275250592277,31.0232985920999,4.908922104992201,4.014162842822647,-2.0543927596214644,PREPARATION,False,FOLLOW,0,False,inf,inf,0.0,True,False,REACQUIRE,0,1.713287591934204,-0.09274821038781571,-0.09274821038781571,3,0,inf,inf,inf,VISION,,,0,,0.0,0.0,False,,0.0,0.0,0.0,False,0.0,0.7640033962757782,4.592923843076863,SAFE,4.622228908538818,1.0004199743270874,20.189998626708984,20.210371017456055,,,0.0015437649562954903,0.005049258936196566,,19.98271229246677,0.0007805019995430484,0.0,1.6484267388484082,2.207445954621254,3.299093176916887,2.9810772467240847,4.5042985687177275,6.522916187018535,1.6484267388484082,2.207445954621254,3.299093176916887
9.69486951828003,9.69486951828003,,False,PERIODIC,True,True,1,FOLLOW,0.034862332967435114,-0.06806471832570839,-4.828413040047588,-0.01814771758060804,-0.014126048442119923,-0.10220714257661001,24.6797139448045,18.946963357746082,0.07608551791253355,3.721410856007079,-1.4666633017815163,-0.20305842728971496,31.511809053246996,31.127801138263308,4.904498557960121,4.013020530630291,-2.032450894754632,PREPARATION,False,FOLLOW,0,False,inf,inf,0.0,True,False,REACQUIRE,0,1.7632603645324707,-0.09417616267844461,-0.09417616267844461,3,0,inf,inf,inf,VISION,,,0,,0.0,0.0,False,,0.0,0.0,0.0,False,0.0,0.7577088671032035,4.598413040047587,SAFE,4.629007148742676,0.9982936382293701,20.08477210998535,20.079301834106445,,,0.0022137309424579144,0.005049258936196566,,19.98824058493082,0.00047458100016228855,0.0,1.6484267388484082,2.207445954621254,2.8454546698398864,2.9810772467240847,4.5042985687177275,6.5189416867918135,1.6484267388484082,2.207445954621254,2.8454546698398864
9.74482536315918,9.74482536315918,,False,PERIODIC,True,True,1,FOLLOW,0.034428298460840646,-0.06896460130051697,-4.8336575853281305,-0.01295083142457475,-0.008308766880592828,-0.10115609897072556,24.86515540105568,18.87279953217839,0.06572317075686132,3.706554150357891,-1.5038139281389478,-0.2117982504986928,31.612645709035203,31.230681019341954,4.899380756084992,4.010423254788663,-2.008323811008097,PREPARATION,False,FOLLOW,0,False,inf,inf,0.0,True,False,REACQUIRE,0,1.8132944107055664,-0.09417616267844461,-0.09417616267844461,3,0,inf,inf,inf,VISION,,,0,,0.0,0.0,False,,0.0,0.0,0.0,False,0.0,0.7537954756862226,4.60365758532813,SAFE,4.633205223083496,0.9982936382293701,20.08477210998535,20.079301834106445,,,0.002692359033972025,0.005049258936196566,,20.01869843930983,0.0006645949997619027,0.0,1.6484267388484082,2.207445954621254,3.2389876361668555,2.9810772467240847,4.5042985687177275,6.524442595107072,1.6484267388484082,2.207445954621254,3.2389876361668555
9.794783353805542,9.794783353805542,,False,PERIODIC,True,True,1,FOLLOW,0.03445280457009047,-0.0691047268588141,-4.8387295743774486,-0.0036968170569746848,0.001133466105625066,-0.10100954695279271,25.05021736100038,18.79665899689398,0.05493528907155963,3.6917152307320267,-1.5398826757844832,-0.21924914949735808,31.71203987476959,31.332180218159426,4.8936648634490085,4.005593783213654,-1.980083481183293,PREPARATION,False,FOLLOW,0,False,inf,inf,0.0,True,False,REACQUIRE,0,1.8632304668426514,-0.09560372987436336,-0.09560372987436336,3,0,inf,inf,inf,VISION,,,0,,0.0,0.0,False,,0.0,0.0,0.0,False,0.0,0.7482261861774933,4.608729574377448,SAFE,4.63911657333374,1.0001530647277832,20.05791473388672,20.03798484802246,,,0.0023895748890936375,0.00307781295850873,,19.990857942143947,0.0007315040002140449,0.0,1.6484267388484082,2.207445954621254,2.8097292036638417,2.9810772467240847,4.5042985687177275,6.52993396519977,1.6484267388484082,2.207445954621254,2.8097292036638417
9.844759941101074,9.844759941101074,,False,PERIODIC,True,True,1,FOLLOW,0.035310339743106677,-0.06839820384659652,-4.84401583812192,0.011805668558036515,0.01573231892835039,-0.10193794240460959,25.23430204428064,18.718843333539258,0.04382281761667715,3.676959490894257,-1.5747917012489767,-0.22533981140950207,31.809441903842956,31.431665999584364,4.887838655738597,3.997292486348823,-1.9451285435420196,PREPARATION,False,FOLLOW,0,False,inf,inf,0.0,True,False,REACQUIRE,0,1.9132635593414307,-0.09601153469200033,-0.09601153469200033,3,0,inf,inf,inf,VISION,,,0,,0.0,0.0,False,,0.0,0.0,0.0,False,0.0,0.7442565191742765,4.61401583812192,SAFE,4.643375205993652,1.0001530647277832,20.05791473388672,20.03798484802246,,,0.001787596964277327,0.00307781295850873,,20.014374667072854,0.0005541999998968095,0.0,1.6484267388484082,2.207445954621254,3.182695003004573,2.9810772467240847,4.5042985687177275,6.515187310151577,1.6484267388484082,2.207445954621254,3.182695003004573
9.894870519638062,9.894870519638062,,False,PERIODIC,True,True,1,FOLLOW,0.03735151721626747,-0.06659506002502716,-4.849503602044495,0.03526588685170351,0.03646994844805412,-0.10352079630551218,25.417814178500258,18.639238945400585,0.03243032517161224,3.6622702230720567,-1.6086568351266688,-0.23004672327464123,31.90469228199939,31.52897256079506,4.881933927216107,3.9846720566680967,-1.9014096059785774,PREPARATION,False,FOLLOW,0,False,inf,inf,0.0,True,False,REACQUIRE,0,1.9631381034851074,-0.09752253103705324,-0.09752253103705324,3,0,inf,inf,inf,VISION,,,0,,0.0,0.0,False,,0.0,0.0,0.0,False,0.0,0.7378896139275763,4.619503602044494,SAFE,4.65014533996582,0.9998965263366699,19.8662052154541,19.910459518432617,,,0.001697584055364132,0.00307781295850873,,20.00313657452728,0.0005051189991718275,0.0,1.6484267388484082,2.207445954621254,2.6817043213382514,2.9810772467240847,4.5042985687177275,6.496920071058294,1.6484267388484082,2.207445954621254,2.6817043213382514
9.94477391242981,9.94477391242981,,False,PERIODIC,True,True,1,FOLLOW,0.040700372184869514,-0.06372672130488972,-4.854801747373846,0.0651536599514224,0.06169767017568639,-0.10531910687769008,25.600830332338276,18.55786075081079,0.020822702174586226,3.6476555222337086,-1.6415264820032387,-0.23333815983036316,31.997741753671022,31.62410099214818,4.8756244495484315,3.968838744990853,-1.8510150897329407,PREPARATION,False,FOLLOW,0,False,inf,inf,0.0,True,False,REACQUIRE,0,2.013282060623169,-0.09910121525399677,-0.09910121525399677,3,0,inf,inf,inf,VISION,,,0,,0.0,0.0,False,,0.0,0.0,0.0,False,0.0,0.7337965086719977,4.624801747373845,SAFE,4.654438781738281,0.9998965263366699,19.8662052154541,19.910459518432617,,,0.001697584055364132,0.00307781295850873,,20.002137462749392,0.0004174799996690126,0.0,1.6484267388484082,2.207445954621254,3.0346879849711956,2.9810772467240847,4.5042985687177275,6.4790009080406,1.6484267388484082,2.207445954621254,3.0346879849711956
9.994858026504517,9.994858026504517,,False,PERIODIC,True,True,1,FOLLOW,0.04581830477341791,-0.05949053881827807,-4.860174442554435,0.10247784214590155,0.09218641730808014,-0.10656258017148167,25.78245898013796,18.475165118789203,0.009128936667117192,3.633199058862732,-1.6732795936958542,-0.23518269016820398,32.08766505992307,31.716054823998988,4.869303379221551,3.9496082943603517,-1.792598752408387,PREPARATION,False,FOLLOW,0,False,inf,inf,0.0,True,False,REACQUIRE,0,2.063058614730835,-0.10069895479300787,-0.10069895479300787,3,0,inf,inf,inf,VISION,,,0,,0.0,0.0,False,,0.0,0.0,0.0,False,0.0,0.728155439762169,4.630174442554434,SAFE,4.660595226287842,1.0000300407409668,19.768117904663086,19.7858943939209,,,0.0022965269163250923,0.0032810319680720568,,19.996380708150685,0.0006050960000720806,0.0,1.6484267388484082,2.207445954621254,2.5126217333422156,2.9810772467240847,4.5042985687177275,6.441557038870965,1.6484267388484082,2.207445954621254,2.5126217333422156
10.044826745986938,10.044826745986938,,False,PERIODIC,True,True,1,FOLLOW,0.053337105234559194,-0.05336074773950877,-4.865835675518452,0.1484495250356753,0.12916629270170266,-0.10769077212172634,25.96391845431782,18.39065071303404,-0.0026566247133388383,3.6188150933630396,-1.7041646986274113,-0.23558249232645065,32.1743732665113,31.80471324525042,4.863179050805114,3.9269448676670806,-1.7244547627915081,PREPARATION,False,FOLLOW,0,False,inf,inf,0.0,True,False,REACQUIRE,0,2.1132729053497314,-0.10183717980781355,-0.10183717980781355,3,0,inf,inf,inf,VISION,,,0,,0.0,0.0,False,,0.0,0.0,0.0,False,0.0,0.7240133677034275,4.635835675518452,SAFE,4.665122318267822,1.0000300407409668,19.768117904663086,19.7858943939209,,,0.0022965269163250923,0.0032810319680720568,,20.008791720878428,0.0006038250003257417,0.0,1.6484267388484082,2.207445954621254,2.5126217333422156,2.9810772467240847,4.5042985687177275,6.6180830360968015,1.6484267388484082,2.207445954621254,2.5126217333422156
10.094895839691162,10.094895839691162,,False,PERIODIC,True,True,1,FOLLOW,0.06397501648846901,-0.044854468478878154,-4.871813894637658,0.20448700098842346,0.1732654413804347,-0.10864382094870537,26.14420895158139,18.30483171666946,-0.014396351859727256,3.6045929179113796,-1.7340443754826822,-0.23453175408073426,32.256535622839024,31.888706232812208,4.85741754277793,3.9005639022460796,-1.6451094279250837,PREPARATION,False,FOLLOW,0,False,inf,inf,0.0,True,False,REACQUIRE,0,2.1632184982299805,-0.10334641674144442,-0.10334641674144442,3,0,inf,inf,inf,VISION,,,0,,0.0,0.0,False,,0.0,0.0,0.0,False,0.0,0.7174347088804449,4.641813894637657,SAFE,4.672457027435303,0.9992647767066956,19.87578010559082,19.885835647583008,,,0.0015592609997838736,0.0032810319680720568,,20.004778547844595,0.00068512699999701,0.0,1.6484267388484082,2.207445954621254,2.5126217333422156,2.9810772467240847,4.5042985687177275,6.80530830696665,1.6484267388484082,2.207445954621254,2.5126217333422156
10.14501142501831,10.14501142501831,,False,PERIODIC,True,True,1,FOLLOW,0.07710089106822779,-0.0343986719722856,-4.877583855845702,0.265311497445728,0.2202604812610871,-0.10911516581632708,26.324269786321384,18.217309394463566,-0.026078434243739727,3.5904673390451904,-1.76310643106131,-0.23203121113035524,32.335364961821256,31.96934034912739,4.851505421601963,3.8736951395294326,-1.5611317609843358,PREPARATION,False,FOLLOW,0,False,inf,inf,0.0,True,False,REACQUIRE,0,2.213268518447876,-0.1042188896664887,-0.1042188896664887,3,0,inf,inf,inf,VISION,,,0,,0.0,0.0,False,,0.0,0.0,0.0,False,0.0,0.7132284878699213,4.647583855845702,SAFE,4.677096652984619,0.9992647767066956,19.87578010559082,19.885835647583008,,,0.002693186979740858,0.0032810319680720568,,19.998638848039832,0.0006354309998641838,0.0,1.6484267388484082,2.207445954621254,2.5126217333422156,2.9810772467240847,4.5042985687177275,6.99430078456171,1.6484267388484082,2.207445954621254,2.5126217333422156
10.194799900054932,10.194799900054932,,False,PERIODIC,True,True,1,FOLLOW,0.09291128883418884,-0.021716020704380053,-4.8832199644253045,0.33085616758980196,0.2704218235122258,-0.10818713847915297,26.503940402873926,18.128197379574754,-0.037619382529613665,3.5764593535029907,-1.7913510244340636,-0.22808904938452268,32.410517741923755,32.04624494851599,4.845600581895691,3.846975927293691,-1.4722913470624348,PREPARATION,False,FOLLOW,0,False,inf,inf,0.0,True,False,REACQUIRE,0,2.263125419616699,-0.10591103195166529,-0.10591103195166529,3,0,inf,inf,inf,VISION,,,0,,0.0,0.0,False,,0.0,0.0,0.0,False,0.0,0.7072633897193499,4.653219964425304,SAFE,4.68364315032959,1.0005260705947876,20.032297134399414,20.03953742980957,,,0.0015424409648403525,0.0032810319680720568,,20.002483877137436,0.00044899499971506884,0.0,1.6484267388484082,2.207445954621254,2.5126217333422156,2.9810772467240847,4.5042985687177275,7.185043387675827,1.6484267388484082,2.207445954621254,2.5126217333422156
10.244801044464111,10.244801044464111,,False,PERIODIC,True,True,1,FOLLOW,0.11258542801076887,-0.005889522162370753,-4.889122692168782,0.40437314833821525,0.32614229358245395,-0.10671702168095686,26.681793028553138,18.038261751732215,-0.04885711763236912,3.562686547116911,-1.8185886195047476,-0.22277072082379437,32.47987620893824,32.11719458040989,4.840265574536413,3.819461045166142,-1.3747683122368408,PREPARATION,False,FOLLOW,0,False,inf,inf,0.0,True,False,REACQUIRE,0,2.313321590423584,-0.10621359683245805,-0.10621359683245805,3,0,inf,inf,inf,VISION,,,0,,0.0,0.0,False,,0.0,0.0,0.0,False,0.0,0.7029215697646349,4.659122692168782,SAFE,4.68841962814331,1.0005260705947876,20.032297134399414,20.03953742980957,,,2.1684998500859365e-05,0.0032810319680720568,,19.98040264290032,0.0007016089994067443,0.0,1.6484267388484082,2.207445954621254,2.5126217333422156,2.9810772467240847,4.5042985687177275,7.376388714086899,1.6484267388484082,2.207445954621254,2.5126217333422156
10.294783115386963,10.294783115386963,,False,PERIODIC,True,True,1,FOLLOW,0.13770167319112597,0.013995850088691406,-4.895411651544912,0.4887751557672716,0.38931774425169413,-0.10475332267080811,26.859885878167795,17.946509322407284,-0.05985191228359276,3.548995405509782,-1.8451643860833813,-0.21605016477762473,32.5427842403129,32.18151904617916,4.83555973926132,3.7908106461262134,-1.2650333014756117,PREPARATION,False,FOLLOW,0,False,inf,inf,0.0,True,False,REACQUIRE,0,2.3630895614624023,-0.107328140712917,-0.107328140712917,3,0,inf,inf,inf,VISION,,,0,,0.0,0.0,False,,0.0,0.0,0.0,False,0.0,0.695914532959772,4.665411651544912,SAFE,4.696073818206787,0.9979945421218872,19.98693084716797,19.99458122253418,,,0.002683754079043865,0.003443819936364889,,20.009138365795256,0.0005037589999119518,0.0,1.6484267388484082,2.207445954621254,2.5126217333422156,2.9810772467240847,4.5042985687177275,7.570056462973662,1.6484267388484082,2.207445954621254,2.5126217333422156
10.344799041748047,10.344799041748047,,False,PERIODIC,True,True,1,FOLLOW,0.1659899543713921,0.036131938591614454,-4.901232426848987,0.5746447712599372,0.4528680175699388,-0.10244657449067018,27.036981864077397,17.853612179735837,-0.07045791017307047,3.535486776822207,-1.8709177563204973,-0.20800856536880843,32.601367928140924,32.24147652256407,4.830774516675916,3.7653298711740697,-1.1547616153393625,PREPARATION,False,FOLLOW,0,False,inf,inf,0.0,True,False,REACQUIRE,0,2.413381814956665,-0.10796490294932078,-0.10796490294932078,3,0,inf,inf,inf,VISION,,,0,,0.0,0.0,False,,0.0,0.0,0.0,False,0.0,0.6913669765965862,4.671232426848986,SAFE,4.700733470916748,0.9979945421218872,19.98693084716797,19.99458122253418,,,1.3051999303570483e-05,0.003443819936364889,,19.98946393862175,0.0007866229998398921,0.0,1.6484267388484082,2.207445954621254,2.5126217333422156,2.9810772467240847,4.5042985687177275,7.764204690338219,1.6484267388484082,2.207445954621254,2.5126217333422156
10.3948233127594,10.3948233127594,,False,PERIODIC,True,True,1,FOLLOW,0.1976656855956947,0.06075398454209263,-4.906649922102042,0.6623550800133261,0.5169582996085085,-0.09909023411546504,27.213794880597312,17.75923720076601,-0.08065149408755579,3.5221108053540693,-1.8959787643346935,-0.19866280699439337,32.6557469010154,32.297175493160054,4.825998428014486,3.743044587022673,-1.0434202297391384,PREPARATION,False,FOLLOW,0,False,inf,inf,0.0,True,False,REACQUIRE,0,2.464069128036499,-0.10844241698138736,-0.10844241698138736,3,0,inf,inf,inf,VISION,,,0,,0.0,0.0,False,,0.0,0.0,0.0,False,0.0,0.6850372812830425,4.676649922102041,SAFE,4.707036781311035,0.9979945421218872,19.99616813659668,20.011497497558594,,,0.0012907700147479773,0.003443819936364889,,19.98800495613221,0.0007264189998750226,0.0,1.6484267388484082,2.207445954621254,2.5126217333422156,2.9810772467240847,4.5042985687177275,7.960315026064863,1.6484267388484082,2.207445954621254,2.5126217333422156
10.444737672805786,10.444737672805786,,False,PERIODIC,True,True,1,FOLLOW,0.1976656855956947,0.06075398454209263,-4.906649922102042,0.6623550800133261,0.5169582996085085,-0.09909023411546504,27.213794880597312,17.75923720076601,-0.08065149408755579,3.5221108053540693,-1.8959787643346935,-0.19866280699439337,32.6557469010154,32.297175493160054,4.825998428014486,3.743044587022673,-1.0434202297391384,PREPARATION,False,FOLLOW,0,False,inf,inf,0.0,True,False,REACQUIRE,0,2.5133490562438965,-0.10884030742815075,-0.10884030742815075,3,0,inf,inf,inf,VISION,,,0,,0.0,0.0,False,,0.0,0.0,0.0,False,0.0,0.6806014782562588,4.676649922102041,SAFE,4.711294460296631,0.9979945421218872,19.99616813659668,20.011497497558594,,,0.0017448209691792727,0.003443819936364889,,20.036475680323633,0.0008638939998490969,0.0,1.6484267388484082,2.207445954621254,2.5126217333422156,2.9810772467240847,4.5042985687177275,7.960315026064863,1.6484267388484082,2.207445954621254,2.5126217333422156
10.494848728179932,10.494848728179932,,False,PERIODIC,True,True,1,FOLLOW,0.2815895333543091,0.12515379729170967,-4.917450124572331,0.866772552852597,0.6634152444082095,-0.09153033044381755,27.571181722305575,17.563611792502698,-0.09977036032031057,3.4954338871772213,-1.9447215585715962,-0.17594233792978095,32.74189514064345,32.38551619304543,4.81767976425202,3.7039658989573385,-0.7894027392338441,PREPARATION,False,FOLLOW,0,False,inf,inf,0.0,True,False,REACQUIRE,0,2.5632121562957764,-0.10971554446137104,-0.10971554446137104,3,0,inf,inf,inf,VISION,,,0,,0.0,0.0,False,,0.0,0.0,0.0,False,0.0,0.673105712250663,4.68745012457233,SAFE,4.7177684783935545,0.9978033304214478,19.98888397216797,20.003923416137695,,,0.0015552740078419447,0.005266581196337938,,19.990466799231104,0.0006978599994909018,0.0,1.6484267388484082,2.207445954621254,2.5126217333422156,2.9810772467240847,4.5042985687177275,8.300268340538107,1.6484267388484082,2.207445954621254,2.5126217333422156
10.544829368591309,10.544829368591309,,False,PERIODIC,True,True,1,FOLLOW,0.3113897613263356,0.1477248196839054,-4.920511900279976,0.9322768037890073,0.7095258756663448,-0.08926930073183431,27.738353169489375,17.46991152079047,-0.10790943543966748,3.4831288283614543,-1.9666757651014457,-0.16366125152207317,32.79417046344204,32.43911949946711,4.8126024648403085,3.6978960823224796,-0.7088589664610291,PREPARATION,False,FOLLOW,0,False,inf,inf,0.0,True,False,REACQUIRE,0,2.613309144973755,-0.10288830515392369,-0.10288830515392369,3,0,inf,inf,inf,VISION,,,0,,0.0,0.0,False,,0.0,0.0,0.0,False,0.0,0.6715338596211549,4.690511900279976,SAFE,4.719344902038574,0.9978033304214478,19.98888397216797,20.003923416137695,,,0.0015552740078419447,0.005266581196337938,,19.992317341173873,0.0006888640000397572,0.0,1.6484267388484082,2.207445954621254,2.5126217333422156,2.9810772467240847,4.5042985687177275,8.300268340538107,1.6484267388484082,2.207445954621254,2.5126217333422156
10.59497857093811,10.59497857093811,,False,PERIODIC,True,True,1,FOLLOW,0.3654654627904976,0.1884521548202133,-4.9252953052385635,1.0443446531482241,0.7878523205825781,-0.08596867656287203,27.912349724233795,17.370927739301717,-0.11575824729630606,3.4704435699043477,-1.9889749692013643,-0.1498446513925849,32.820724343566454,32.46641803039959,4.809537057942258,3.6879270452836397,-0.5731587424057294,PREPARATION,False,FOLLOW,0,False,inf,inf,0.0,True,False,REACQUIRE,0,2.663184642791748,-0.11652061471818509,-0.11652061471818509,3,0,inf,inf,inf,VISION,,,0,,0.0,0.0,False,,0.0,0.0,0.0,False,0.0,0.6632470972645899,4.695295305238563,SAFE,4.725204277038574,0.9991719126701355,19.715286254882812,19.710100173950195,,,1.671700010774657e-05,0.005266581196337938,,20.022727261306724,0.00037745299960079137,0.0,1.6484267388484082,2.207445954621254,2.5126217333422156,2.9810772467240847,4.5042985687177275,8.300268340538107,1.6484267388484082,2.207445954621254,2.5126217333422156
10.644899845123291,10.644899845123291,,False,PERIODIC,True,True,1,FOLLOW,0.4192598175179546,0.2286723520904523,-4.929235809478672,1.1482574992024155,0.8596234613695846,-0.0839334800575548,28.085426560673657,17.2710118717887,-0.12288077375508757,3.4579521197146645,-2.0106136221961846,-0.13512788928401048,32.84751386778288,32.49397049553599,4.806355035723584,3.684504176064318,-0.44870315511380976,PREPARATION,False,FOLLOW,0,False,inf,inf,0.0,True,False,REACQUIRE,0,2.713263511657715,-0.11578973711332892,-0.11578973711332892,3,0,inf,inf,inf,VISION,,,0,,0.0,0.0,False,,0.0,0.0,0.0,False,0.0,0.658470351428579,4.6992358094786715,SAFE,4.728586959838867,0.9991719126701355,19.715286254882812,19.710100173950195,,,0.001497562974691391,0.005266581196337938,,20.003673826645887,0.0006060539999452885,0.0,1.6484267388484082,2.207445954621254,2.5126217333422156,2.9810772467240847,4.5042985687177275,8.300268340538107,1.6484267388484082,2.207445954621254,2.5126217333422156
10.69478154182434,10.69478154182434,,False,PERIODIC,True,True,1,FOLLOW,0.48029366953203,0.2739007926199683,-4.93299075650465,1.2593004125543363,0.9352725661632094,-0.0811290885909335,28.25804869352174,17.169932671854255,-0.12925258418936078,3.4456221933483016,-2.0316711595889823,-0.11956401294116333,32.86571873343174,32.51276007103806,4.803738172315289,3.685679753364934,-0.31695347445595184,PREPARATION,False,FOLLOW,0,False,inf,inf,0.0,True,False,REACQUIRE,0,2.763143539428711,-0.11652061471818509,-0.11652061471818509,3,0,inf,inf,inf,VISION,,,0,,0.0,0.0,False,,0.0,0.0,0.0,False,0.0,0.6516942355998943,4.70299075650465,SAFE,4.732915687561035,0.9998567700386047,19.670074462890625,19.666595458984375,,,0.00016575699555687606,0.003636308014392853,,20.012836659063346,0.0003151830005663214,0.0,1.6484267388484082,2.207445954621254,2.5126217333422156,2.9810772467240847,4.5042985687177275,8.300268340538107,1.6484267388484082,2.207445954621254,2.5126217333422156
10.74489426612854,10.74489426612854,,False,PERIODIC,True,True,1,FOLLOW,0.5501107893249164,0.3252436615485979,-4.936651977883497,1.37869891360361,1.015624261654697,-0.07759871033087494,28.43021893755236,17.067719153305354,-0.13483202327726415,3.4334550145925693,-2.0521663340892085,-0.10324715923291453,32.873521119974185,32.52093042870905,4.801819954606233,3.6924273339928,-0.17647194518054674,PREPARATION,False,FOLLOW,0,False,inf,inf,0.0,True,False,REACQUIRE,0,2.8133010864257812,-0.11559294110770538,-0.11559294110770538,3,0,inf,inf,inf,VISION,,,0,,0.0,0.0,False,,0.0,0.0,0.0,False,0.0,0.6468027876428426,4.706651977883497,SAFE,4.735811996459961,0.9998567700386047,19.670074462890625,19.666595458984375,,,0.0014963280409574509,0.003636308014392853,,19.995623091030122,0.0007910460008133668,0.0,1.6484267388484082,2.207445954621254,2.5126217333422156,2.9810772467240847,4.5042985687177275,8.300268340538107,1.6484267388484082,2.207445954621254,2.5126217333422156
10.794772148132324,10.794772148132324,,False,PERIODIC,True,True,1,FOLLOW,0.6279580335861309,0.38183202129771304,-4.9401680297710096,1.5047806951005265,1.0988407222581966,-0.07374904937877544,28.601808189672532,16.964479526761885,-0.13957889953167993,3.4214606541388575,-2.072102070888329,-0.08628993168312629,32.87196597167599,32.51954013890191,4.80058913023933,3.7052257065550056,-0.02963278041041726,PREPARATION,False,FOLLOW,0,False,inf,inf,0.0,True,False,REACQUIRE,0,2.863144636154175,-0.11595216512570079,-0.11595216512570079,3,0,inf,inf,inf,VISION,,,0,,0.0,0.0,False,,0.0,0.0,0.0,False,0.0,0.6388095989968745,4.710168029771009,SAFE,4.740108299255371,0.9993801116943359,19.61964988708496,19.655170440673828,,,0.00020855499315075576,0.003636308014392853,,20.025162441683573,0.00043819200072903186,0.0,1.6484267388484082,2.207445954621254,2.5126217333422156,2.9810772467240847,4.5042985687177275,8.300268340538107,1.6484267388484082,2.207445954621254,2.5126217333422156
10.844821214675903,10.844821214675903,,False,PERIODIC,True,True,1,FOLLOW,0.70505224301213,0.43714538883718057,-4.943209453438239,1.6226444629906898,1.1749233558646421,-0.07082244226088126,28.772124327143494,16.86067078815262,-0.14344937761426532,3.409687177529683,-2.0914189803551233,-0.06886963097478573,32.87142252326874,32.519113178526034,4.799760075823974,3.723240219813974,0.10581916883177313,PREPARATION,False,FOLLOW,0,False,inf,inf,0.0,True,False,REACQUIRE,0,2.913196563720703,-0.11550257258088728,-0.11550257258088728,3,0,inf,inf,inf,VISION,,,0,,0.0,0.0,False,,0.0,0.0,0.0,False,0.0,0.633696305377573,4.713209453438239,SAFE,4.74265604019165,0.9993801116943359,19.61964988708496,19.655170440673828,,,0.001446380978450179,0.003636308014392853,,20.004708243769347,0.0003362850002304185,0.0,1.6484267388484082,2.207445954621254,2.5126217333422156,2.9810772467240847,4.5042985687177275,8.300268340538107,1.6484267388484082,2.207445954621254,2.5126217333422156
10.894721508026123,10.894721508026123,,False,PERIODIC,True,True,1,FOLLOW,0.7882026977008284,0.4960525930737466,-4.946107338385679,1.7432452015794382,1.2513440273005585,-0.06816461467710966,28.942530921706542,16.755493773814013,-0.14645031967792108,3.398040508360525,-2.110289246416458,-0.05095542873304449,32.86445393966295,32.512084295766044,4.799657018707758,3.7468949718916535,0.24299901952186376,PREPARATION,False,FOLLOW,0,False,inf,inf,0.0,True,False,REACQUIRE,0,2.9632012844085693,-0.11559294110770538,-0.11559294110770538,3,0,inf,inf,inf,VISION,,,0,,0.0,0.0,False,,0.0,0.0,0.0,False,0.0,0.6263461982004106,4.716107338385679,SAFE,4.746024417877197,0.999499499797821,19.807666778564453,19.80881690979004,,,0.00325884111225605,0.003636308014392853,,20.001399489497555,0.00039561499943374656,0.0,1.6484267388484082,2.207445954621254,2.5126217333422156,2.9810772467240847,4.5042985687177275,8.300268340538107,1.6484267388484082,2.207445954621254,2.5126217333422156
10.944824934005737,10.944824934005737,,False,PERIODIC,True,True,1,FOLLOW,0.883904161086966,0.5627566123572868,-4.94916383533708,1.8746660990833752,1.3320182243760863,-0.0650490886136539,29.112163514330604,16.64950755544917,-0.14854418690477947,3.386580243771037,-2.1286320143462323,-0.03274741303218622,32.843022562303375,32.490278269338575,4.8006196484323,3.776642404824798,0.39085458144332863,PREPARATION,False,FOLLOW,0,False,inf,inf,0.0,True,False,REACQUIRE,0,3.013533592224121,-0.11470579350346399,-0.11470579350346399,3,0,inf,inf,inf,VISION,,,0,,0.0,0.0,False,,0.0,0.0,0.0,False,0.0,0.6208979069326586,4.7191638353370795,SAFE,4.748396682739258,0.999499499797821,19.807666778564453,19.80881690979004,,,0.00325884111225605,0.003636308014392853,,19.942183221262713,0.0008022000001801644,0.0,1.6484267388484082,2.207445954621254,2.5126217333422156,2.9810772467240847,4.5042985687177275,8.300268340538107,1.6484267388484082,2.207445954621254,2.5126217333422156
10.994896173477173,10.994896173477173,,False,PERIODIC,True,True,1,FOLLOW,0.9857444551976992,0.6328459623720375,-4.952145910697821,2.0077728011986093,1.4119047841644128,-0.06219504851033673,29.281106024346357,16.542693532610528,-0.1497215222167313,3.375300082918096,-2.146473701272181,-0.014350734127658934,32.814844446441555,32.46152701332885,4.802424388481089,3.812410968177993,0.5390490799130108,PREPARATION,False,FOLLOW,0,False,inf,inf,0.0,True,False,REACQUIRE,0,3.063143253326416,-0.11459841135456067,-0.11459841135456067,3,0,inf,inf,inf,VISION,,,0,,0.0,0.0,False,,0.0,0.0,0.0,False,0.0,0.6119829635053078,4.7221459106978205,SAFE,4.75211124420166,0.9994775056838989,19.576908111572266,19.56963348388672,,,1.7467998986830935e-05,0.0020629880018532276,,20.00772171885321,0.0003281500003140536,0.0,1.6484267388484082,2.207445954621254,2.5126217333422156,2.9810772467240847,4.5042985687177275,8.300268340538107,1.6484267388484082,2.207445954621254,2.5126217333422156
11.04488205909729,11.04488205909729,,False,PERIODIC,True,True,1,FOLLOW,1.0873931005422364,0.7018116797362702,-4.954947794687916,2.134209550505596,1.485713410030363,-0.060230925954208446,29.449961111202693,16.434696243913233,-0.14997632340941042,3.3641597637418994,-2.1638921146905736,0.004186228675478523,32.78790435067264,32.433916212339476,4.804971471278506,3.8518239293773795,0.6778339055958448,PREPARATION,False,FOLLOW,0,False,inf,inf,0.0,True,False,REACQUIRE,0,3.1132898330688477,-0.1140664637893089,-0.1140664637893089,3,0,inf,inf,inf,VISION,,,0,,0.0,0.0,False,,0.0,0.0,0.0,False,0.0,0.6061919094732273,4.724947794687916,SAFE,4.7544358253479,0.9994775056838989,19.576908111572266,19.56963348388672,,,0.0023793529253453016,0.0020629880018532276,,20.00254914495965,0.0006282280000959872,0.0,1.6484267388484082,2.207445954621254,2.5126217333422156,2.9810772467240847,4.5042985687177275,8.300268340538107,1.6484267388484082,2.207445954621254,2.5126217333422156
11.09482455253601,11.09482455253601,,False,PERIODIC,True,True,1,FOLLOW,1.1930234232957762,0.772729517265243,-4.957675220258394,2.2599521745982405,1.5573799482031798,-0.05844483959587715,29.618104810990044,16.32594005988856,-0.14930348005924513,3.353200219410125,-2.18083660289988,0.022679973223430135,32.75680156657786,32.40196923151758,4.808371740199148,3.895643144036788,0.8143507573809551,PREPARATION,False,FOLLOW,0,False,inf,inf,0.0,True,False,REACQUIRE,0,3.163147211074829,-0.11458874016112237,-0.11458874016112237,3,0,inf,inf,inf,VISION,,,0,,0.0,0.0,False,,0.0,0.0,0.0,False,0.0,0.5980423203524889,4.727675220258393,SAFE,4.757666873931885,0.9994118213653564,19.79139518737793,19.793659210205078,,,3.575799928512424e-05,0.0020629880018532276,,20.007224432923692,0.0003479689994492219,0.0,1.6484267388484082,2.207445954621254,2.5126217333422156,2.9810772467240847,4.5042985687177275,8.300268340538107,1.6484267388484082,2.207445954621254,2.5126217333422156
11.144983053207397,11.144983053207397,,False,PERIODIC,True,True,1,FOLLOW,1.3163949668900887,0.8546245629845634,-4.960502195404417,2.3997728944068286,1.6352173042507558,-0.05627906944607935,29.78471076492517,16.21699971960364,-0.1477200025863558,3.3424731820074403,-2.197242141312845,0.04092522363205199,32.70489943823199,32.348841939540286,4.812782192818061,3.9478953771249765,0.9653222525205378,PREPARATION,False,FOLLOW,0,False,inf,inf,0.0,True,False,REACQUIRE,0,3.2132179737091064,-0.1143276098057223,-0.1143276098057223,3,0,inf,inf,inf,VISION,,,0,,0.0,0.0,False,,0.0,0.0,0.0,False,0.0,0.5922245574020102,4.730502195404417,SAFE,4.759868431091308,0.9994118213653564,19.79139518737793,19.793659210205078,,,0.0035303279291838408,0.0020629880018532276,,19.999045367384237,0.0004328109998823493,0.0,1.6484267388484082,2.207445954621254,2.5126217333422156,2.9810772467240847,4.5042985687177275,8.300268340538107,1.6484267388484082,2.207445954621254,2.5126217333422156
11.194833517074585,11.194833517074585,,False,PERIODIC,True,True,1,FOLLOW,1.4467619659649158,0.9401643732177691,-4.9631988025909655,2.5412062502360824,1.711807546573396,-0.05359510093214619,29.952507849107658,16.106110396838375,-0.14520382279233976,3.331802941216665,-2.2133886149747806,0.05910557900107063,32.64653952214611,32.28906110659898,4.817994979798626,4.005609751046574,1.1164973063730754,PREPARATION,False,FOLLOW,0,False,inf,inf,0.0,True,True,TARGET_LOCK,0,0.04937410354614258,-0.1143276098057223,-0.1143276098057223,3,0,0.04937410354614258,inf,inf,VISION,,,0,,0.0,0.0,False,,0.0,0.0,0.0,False,0.0,0.5829001422082127,4.733198802590965,SAFE,4.763178157806396,0.9983522295951843,19.61858367919922,19.664987564086914,,,2.300200139870867e-05,0.0030855860095471144,,19.931664103045083,0.0013829509998686262,0.0,1.6484267388484082,2.207445954621254,2.5126217333422156,2.9810772467240847,4.5042985687177275,8.300268340538107,1.6484267388484082,2.207445954621254,2.5126217333422156
11.244812726974487,11.244812726974487,,False,PERIODIC,True,True,1,FOLLOW,1.5749529026663664,1.0234884381479383,-4.965597680043746,2.673820837530631,1.7821786543992981,-0.051433739139441124,30.118126594063455,15.995524446584966,-0.141820370443976,3.321402852689619,-2.2289645780373593,0.07674401158253229,32.5905424033999,32.231578096878806,4.82377730959977,4.065102954816756,1.2565803152491182,PREPARATION,False,FOLLOW,0,False,inf,0.04715108871459961,0.0,True,True,TRACKING,0,0.04715108871459961,-0.11394939325896102,-0.11394939325896102,3,0,0.04715108871459961,0.012915611267089844,inf,VISION,,,0,,0.0,0.0,False,,0.0,0.0,0.0,False,0.0,0.577234618736969,4.735597680043745,SAFE,4.765176582336426,0.9983522295951843,19.61858367919922,19.664987564086914,,,0.0032642469741404057,0.0030855860095471144,,20.00293574002436,0.00036039899987372337,0.0,1.6484267388484082,2.207445954621254,2.5126217333422156,2.9810772467240847,4.5042985687177275,8.300268340538107,1.6484267388484082,2.207445954621254,2.5126217333422156
11.294809341430664,11.294809341430664,,False,PERIODIC,True,True,1,FOLLOW,1.7099580677715185,1.1105944840910826,-4.967870924062082,2.807902081412628,1.851836072204436,-0.048801642699501685,30.284064977630266,15.883608111035326,-0.13754635346118593,3.311113987133895,-2.244220168389519,0.09399874968704384,32.52773513135011,32.16708748578145,4.830324570600896,4.129320876395302,1.3970382948303641,PREPARATION,False,FOLLOW,0,False,inf,0.0491480827331543,0.0,True,True,TRACKING,0,0.0491480827331543,-0.1143276098057223,-0.1143276098057223,3,0,0.0491480827331543,0.024069786071777344,inf,VISION,,,0,,0.0,0.0,False,,0.0,0.0,0.0,False,0.0,0.5694921224282279,4.737870924062082,SAFE,4.767795848846435,0.9727846384048462,19.809293746948242,19.782772064208984,,,0.0038652329239994287,0.0030855860095471144,,20.022063223990365,0.0003657650004242896,0.0,1.6484267388484082,2.207445954621254,2.5126217333422156,2.9810772467240847,4.5042985687177275,8.300268340538107,1.6484267388484082,2.207445954621254,2.5126217333422156
11.34649658203125,11.34649658203125,,False,PERIODIC,True,True,1,FOLLOW,1.8591047872890112,1.205967620902294,-4.969985069104511,2.9495784696715157,1.9233595776968682,-0.045108892755247695,30.44913430615622,15.771183360328427,-0.13243503800763753,3.3010094320766754,-2.2590566016239664,0.11063760621560283,32.448993631992515,32.0863724566322,4.837550031096874,4.200043546241322,1.5444836737406649,PREPARATION,False,FOLLOW,0,False,inf,0.04714775085449219,0.0,True,True,TRACKING,0,0.04714775085449219,-0.11394939325896102,-0.11394939325896102,3,0,0.04714775085449219,0.02465200424194336,inf,VISION,,,0,,0.0,0.0,False,,0.0,0.0,0.0,False,0.0,0.5641948887198533,4.7399850691045105,SAFE,4.769485759735107,0.9727846384048462,19.809293746948242,19.782772064208984,,,0.0033553859684616327,0.0030855860095471144,,20.033302454898422,0.00037841899938939605,0.0,1.6484267388484082,2.207445954621254,2.5126217333422156,2.9810772467240847,4.5042985687177275,8.300268340538107,1.6484267388484082,2.207445954621254,2.5126217333422156
11.394784212112427,11.394784212112427,,False,PERIODIC,True,True,1,FOLLOW,2.0163477224140824,1.3056732224949839,-4.971699194276002,3.093160708329096,1.9926220135290766,-0.04108186342834256,30.613934882343433,15.657867101438052,-0.12650060053799297,3.291051030074187,-2.2735397769662256,0.12661824754384438,32.36175844915242,31.996991429016056,4.845198593738009,4.274040281670558,1.6920296576621212,PREPARATION,False,FOLLOW,0,False,inf,0.049152374267578125,0.0,True,True,TRACKING,0,0.049152374267578125,-0.11347447501838637,-0.11347447501838637,3,0,0.049152374267578125,0.024033546447753906,inf,VISION,,,0,,0.0,0.0,False,,0.0,0.0,0.0,False,0.0,0.5560578644998895,4.741699194276001,SAFE,4.771677780151367,0.9998382925987244,19.857755661010742,19.855382919311523,,,0.0001836159935919568,0.0030855860095471144,,20.01605367769522,0.00051583899949037,0.0,1.6484267388484082,2.207445954621254,2.5126217333422156,2.9810772467240847,4.5042985687177275,8.300268340538107,1.6484267388484082,2.207445954621254,2.5126217333422156
11.446235418319702,11.446235418319702,,False,PERIODIC,True,True,1,FOLLOW,2.169543897502163,1.4019561192378922,-4.972876106079809,3.2278634793558605,2.054041172952323,-0.03812739038967846,30.778331118934176,15.543773327831378,-0.11978237447421412,3.2812460274116257,-2.287667918994237,0.14182631887195563,32.28012111207441,31.913221401833482,4.853093731605595,4.345764705204985,1.8277228257382812,PREPARATION,False,FOLLOW,0,False,inf,0.04718613624572754,0.0,True,True,TRACKING,0,0.04718613624572754,-0.11213349985733051,-0.11213349985733051,3,0,0.04718613624572754,0.014302492141723633,inf,VISION,,,0,,0.0,0.0,False,,0.0,0.0,0.0,False,0.0,0.5512353716820337,4.742876106079809,SAFE,4.772683429718017,0.9998382925987244,19.857755661010742,19.855382919311523,,,1.4709000424772967e-05,0.0030855860095471144,,20.009439805921044,0.0005162489997019293,0.0,1.6484267388484082,2.207445954621254,2.5126217333422156,2.9810772467240847,4.5042985687177275,8.300268340538107,1.6484267388484082,2.207445954621254,2.5126217333422156
11.495226860046387,11.495226860046387,,False,PERIODIC,True,True,1,FOLLOW,2.3300503652492317,1.5019634670130937,-4.973682314476368,3.3644331658621995,2.1121176901517718,-0.035445749105486715,30.94207680127516,15.42909695389004,-0.11233267252369267,3.271607636852042,-2.3014307442309447,0.15614514048513572,32.190772346721495,31.82158236067364,4.861349641952675,4.418680055226026,1.9630661142041448,PREPARATION,False,FOLLOW,0,False,inf,0.04909086227416992,0.0,True,True,TRACKING,0,0.04909086227416992,-0.11126027163110938,-0.11126027163110938,3,0,0.04909086227416992,0.024109601974487305,inf,VISION,,,0,,0.0,0.0,False,,0.0,0.0,0.0,False,0.0,0.5447579756363714,4.743682314476367,SAFE,4.773668575286865,0.9998915195465088,19.715303421020508,19.699201583862305,,,0.0037833440583199263,0.0025464058853685856,,20.02029770265358,0.0003319079996799701,0.0,1.6484267388484082,2.207445954621254,2.5126217333422156,2.9810772467240847,4.5042985687177275,8.300268340538107,1.6484267388484082,2.207445954621254,2.5126217333422156
11.544827699661255,11.544827699661255,,False,PERIODIC,True,True,1,FOLLOW,2.5058208362813437,1.6100210478420325,-4.974108579331792,3.5090762841221634,2.167539310505134,-0.03283296760717463,31.105222556742927,15.313827943978492,-0.10419738050322186,3.262131113037151,-2.3148435371218934,0.16949253322437544,32.08482721317685,31.713090392059524,4.86991119882857,4.493737143904829,2.103888091976155,PREPARATION,False,FOLLOW,0,False,inf,0.0472111701965332,0.0,True,True,TRACKING,0,0.0472111701965332,-0.1102916272874755,-0.1102916272874755,3,0,0.0472111701965332,0.026768922805786133,inf,VISION,,,0,,0.0,0.0,False,,0.0,0.0,0.0,False,0.0,0.5403031412231076,4.744108579331791,SAFE,4.774039554595947,0.9998915195465088,19.715303421020508,19.699201583862305,,,0.0037833440583199263,0.0025464058853685856,,19.987413401927917,0.0006537650006066542,0.0,1.6484267388484082,2.207445954621254,2.5126217333422156,2.9810772467240847,4.5042985687177275,8.300268340538107,1.6484267388484082,2.207445954621254,2.5126217333422156
11.59480595588684,11.59480595588684,,False,PERIODIC,True,True,1,FOLLOW,2.694208831206457,1.7240006246174513,-4.974263048938111,3.659609267809206,2.218344133044346,-0.030696594401104862,31.268934568972075,15.197156135495263,-0.09536332878292932,3.25274830551475,-2.3280095491580184,0.1818724094539994,31.966303084469313,31.591784856332858,4.878899720155181,4.569469687799025,2.2474468672673615,PREPARATION,False,FOLLOW,0,False,inf,0.09732627868652344,0.0,True,True,TRACKING,0,0.049327850341796875,-0.1102916272874755,-0.1102916272874755,3,0,0.049327850341796875,0.07688403129577637,inf,VISION,,,0,,0.0,0.0,False,,0.0,0.0,0.0,False,0.0,0.5332230736082622,4.744263048938111,SAFE,4.774262714385986,0.99988853931427,19.954010009765625,19.950658798217773,,,3.077700239373371e-05,0.0025464058853685856,,20.009650819413224,0.0005144739998286241,0.0,1.6484267388484082,2.207445954621254,2.5126217333422156,2.9810772467240847,4.5042985687177275,8.300268340538107,1.6484267388484082,2.207445954621254,2.5126217333422156
11.644819259643555,11.644819259643555,,False,PERIODIC,True,True,1,FOLLOW,2.8745117334889807,1.8310487644797986,-4.974264318028584,3.7990838590787193,2.258541921350714,-0.029545552455680264,31.430952645226483,15.080715727716292,-0.08600824174583951,3.2435870220458694,-2.3407569780768807,0.19303918853890356,31.85779401731311,31.48053354348106,4.888256076282744,4.6380676007528185,2.3766284643368585,PREPARATION,False,FOLLOW,0,False,inf,0.04709315299987793,0.0,True,True,TRACKING,0,0.04709315299987793,-0.10762000094843938,-0.10762000094843938,3,0,0.04709315299987793,0.012144804000854492,inf,VISION,,,0,,0.0,0.0,False,,0.0,0.0,0.0,False,0.0,0.52898098152209,4.744264318028583,SAFE,4.774262714385986,0.99988853931427,19.954010009765625,19.950658798217773,,,0.003297165036201477,0.0025464058853685856,,19.996445936149804,0.0004373560004751198,0.0,1.6484267388484082,2.207445954621254,2.5126217333422156,2.9810772467240847,4.5042985687177275,8.300268340538107,1.6484267388484082,2.207445954621254,2.5126217333422156
11.694733381271362,11.694733381271362,,False,PERIODIC,True,True,1,FOLLOW,3.063203439295476,1.9412673927418582,-4.974268433224687,3.940883321111418,2.293678033816942,-0.02910676944382042,31.59275894292357,14.963471537796746,-0.07611026852770408,3.23456078724904,-2.353214081546953,0.2030355396059971,31.74122384906525,31.361016214881825,4.898158164696983,4.705994890065638,2.505472893273539,PREPARATION,False,FOLLOW,0,False,inf,0.04913973808288574,0.0,True,True,TRACKING,0,0.04913973808288574,-0.10700972679471413,-0.10700972679471413,3,0,0.04913973808288574,0.0235750675201416,inf,VISION,,,0,,0.0,0.0,False,,0.0,0.0,0.0,False,0.0,0.5229196244156942,4.744268433224686,SAFE,4.774265575408935,1.000908613204956,20.008724212646484,20.02614974975586,,,0.003971952013671398,0.002013320103287697,,20.026989215722985,0.00033050899946829304,0.0,1.6484267388484082,2.207445954621254,2.5126217333422156,2.9810772467240847,4.5042985687177275,8.300268340538107,1.6484267388484082,2.207445954621254,2.5126217333422156
11.744811296463013,11.744811296463013,,False,PERIODIC,True,True,1,FOLLOW,3.2721121623418163,2.060889421511523,-4.974334200066553,4.092482639537503,2.3241635266743814,-0.028627878204138067,31.754324542662744,14.845461151756636,-0.06573034003473137,3.2256701765729967,-2.3653862077824694,0.2117927608996997,31.603418933055465,31.219892639205042,4.908603860031822,4.775043731904662,2.6409323664138755,PREPARATION,False,FOLLOW,0,False,inf,0.04723525047302246,0.0,True,True,TRACKING,0,0.04723525047302246,-0.10511933986571394,-0.10511933986571394,3,0,0.04723525047302246,0.022839069366455078,inf,VISION,,,0,,0.0,0.0,False,,0.0,0.0,0.0,False,0.0,0.5187740970567405,4.744334200066553,SAFE,4.774311828613281,1.000908613204956,20.008724212646484,20.02614974975586,,,0.003971952013671398,0.002013320103287697,,19.99403779990702,0.0004865459995926358,0.0,1.233891188205121,2.207445954621254,2.5126217333422156,1.185516995152455,4.5042985687177275,8.300268340538107,1.233891188205121,2.207445954621254,2.5126217333422156
11.79513669013977,11.79513669013977,,False,PERIODIC,True,True,1,FOLLOW,3.4825863784602373,2.1788463273765686,-4.974356605399862,4.240223522980256,2.3469025944174744,-0.0272173771408079,31.91519174629166,14.727039446773633,-0.054962397096348925,3.2169387516001215,-2.377247372162487,0.21923238560485234,31.46538793565416,31.0784523193244,4.919394208303513,4.839983689604061,2.7700854930489407,PREPARATION,False,FOLLOW,0,False,inf,0.049135684967041016,0.0,True,True,TRACKING,0,0.049135684967041016,-0.10407930466419309,-0.10407930466419309,3,0,0.049135684967041016,0.015958547592163086,inf,VISION,,,0,,0.0,0.0,False,,0.0,0.0,0.0,False,0.0,0.5121011022409876,4.744356605399862,SAFE,4.774356651306152,0.9993384480476379,20.017986297607422,20.037267684936523,,,0.00014834600733593106,0.002013320103287697,,19.997213651501678,0.0004523289999269764,0.0,1.2085318205786755,2.207445954621254,2.5126217333422156,1.1872555360356876,4.5042985687177275,8.300268340538107,1.2085318205786755,2.207445954621254,2.5126217333422156
11.844826698303223,11.844826698303223,,False,PERIODIC,True,True,1,FOLLOW,3.6936210159394403,2.2942923997768063,-4.974293639660474,4.3824516615761295,2.361767588853822,-0.023461297511983687,32.07583175318045,14.607879671293862,-0.043842006486882454,3.2083392991625694,-2.388840501466984,0.22533060149755518,31.328639790669015,30.938233915762318,4.9304516331735915,4.89986882236725,2.8917398263282603,PREPARATION,False,FOLLOW,0,False,inf,0.04715704917907715,0.0,True,True,TRACKING,0,0.04715704917907715,-0.10310209596651598,-0.10310209596651598,3,0,0.04715704917907715,0.01398611068725586,inf,VISION,,,0,,0.0,0.0,False,,0.0,0.0,0.0,False,0.0,0.5079149424540907,4.744293639660474,SAFE,4.774313259124756,0.9993384480476379,20.017986297607422,20.037267684936523,,,0.0030813890043646097,0.002013320103287697,,20.00409561488569,0.0003578309997465112,0.0,1.2368262891779782,2.207445954621254,2.5126217333422156,1.2388286190804227,4.5042985687177275,8.300268340538107,1.2368262891779782,2.207445954621254,2.5126217333422156
11.894830703735352,11.894830703735352,,False,PERIODIC,True,True,1,FOLLOW,3.9087775035376384,2.4092029370860044,-4.9740398753806305,4.52112163842284,2.3699442347499873,-0.01675924078460899,32.236103228953304,14.48810367320953,-0.03244712204982007,3.1998780921240075,-2.400162535234816,0.23004087912201499,31.1890455879415,30.795084441302016,4.94159275333081,4.955856475411399,3.0082791897354872,PREPARATION,False,FOLLOW,0,False,inf,0.04913663864135742,0.0,True,True,TRACKING,0,0.04913663864135742,-0.10261341738500306,-0.10261341738500306,3,0,0.04913663864135742,0.018962860107421875,inf,VISION,,,0,,0.0,0.0,False,,0.0,0.0,0.0,False,0.0,0.5018462574467866,4.74403987538063,SAFE,4.774052429199219,0.9998510479927063,20.129552841186523,20.113258361816406,,,2.546600080677308e-05,0.002013320103287697,,20.059504088961628,0.0004926660003548022,0.0,1.2707319990307069,2.207445954621254,2.5126217333422156,1.2937162336408712,4.5042985687177275,8.300268340538107,1.2707319990307069,2.207445954621254,2.5126217333422156
11.944802522659302,11.944802522659302,,False,PERIODIC,True,True,1,FOLLOW,4.14840825108203,2.5336192430647384,-4.973449282663613,4.667449433073315,2.371491357354795,-0.007132478888400417,32.39602514903066,14.367715032639012,-0.02084689276541692,3.1915526771277247,-2.411221994989025,0.2333328302292735,31.02421560656317,30.626356028265796,4.952602389898196,5.011032010453299,3.1297721191514625,PREPARATION,False,FOLLOW,0,False,inf,0.04720950126647949,0.0,True,True,TRACKING,0,0.04720950126647949,-0.10114708742145094,-0.10114708742145094,3,0,0.04720950126647949,0.01721501350402832,inf,VISION,,,0,,0.0,0.0,False,,0.0,0.0,0.0,False,0.0,0.49728438666844577,4.7434492826636125,SAFE,4.773644733428955,0.9998510479927063,20.129552841186523,20.113258361816406,,,0.0036680949851870537,0.002013320103287697,,19.99337064810796,0.0005762029995821649,0.0,1.3489404548092663,2.207445954621254,2.5126217333422156,1.3901530334864562,4.5042985687177275,8.300268340538107,1.3489404548092663,2.207445954621254,2.5126217333422156
11.994808912277222,11.994808912277222,,False,PERIODIC,True,True,1,FOLLOW,4.391790754845431,2.656523380656383,-4.972436593362458,4.80736401680984,2.36711341251299,0.002753347637821861,32.55533909930761,14.246927686760351,-0.00913230659757259,3.1833747770444285,-2.422008470025927,0.23518236735151182,30.85704646872138,30.455261078011,4.9633042867648856,5.062316930605195,3.2437175251494295,PREPARATION,False,FOLLOW,0,False,inf,0.049100399017333984,0.0,True,True,TRACKING,0,0.049100399017333984,-0.10133631594886608,-0.10133631594886608,3,0,0.049100399017333984,0.02364492416381836,inf,VISION,,,0,,0.0,0.0,False,,0.0,0.0,0.0,False,0.0,0.4893783293871654,4.7424365933624575,SAFE,4.772070900171284,0.998807430267334,19.972949981689453,19.981006622314453,,,0.00013584700354840606,0.001301501994021237,,20.01335432817754,0.0003618949995143339,0.0,1.3032752337761748,2.207445954621254,2.5126217333422156,1.3625989297928562,4.5042985687177275,8.300268340538107,1.3032752337761748,2.207445954621254,2.5126217333422156
12.04481315612793,12.04481315612793,,False,PERIODIC,True,True,1,FOLLOW,4.621615036704255,2.7692513070993807,-4.971053602910009,4.930227272623613,2.358494288992473,0.011149248316738733,32.71459429399031,14.125342018843066,0.002664256640316993,3.1753147730765052,-2.4325657425611547,0.23558227966698228,30.706907189589536,30.30142372568747,4.973717859550327,5.107283455280154,3.3410126771198643,PREPARATION,False,FOLLOW,0,False,inf,0.0472109317779541,0.0,True,True,TRACKING,0,0.047210693359375,-0.10139150623161132,-0.10139150623161132,3,0,0.047210693359375,0.013578653335571289,inf,VISION,,,0,,0.0,0.0,False,,0.0,0.0,0.0,False,0.0,0.4841608352173692,4.741053602910009,SAFE,4.7698300568177885,0.998807430267334,19.972949981689453,19.981006622314453,,,1.544599945191294e-05,0.001301501994021237,,19.91762101578353,0.0007447380003213766,0.0,1.288314762377642,2.207445954621254,2.5126217333422156,1.3641696323925114,4.5042985687177275,8.300268340538107,1.288314762377642,2.207445954621254,2.5126217333422156
12.094715118408203,12.094715118408203,,False,PERIODIC,True,True,1,FOLLOW,4.8666872772926615,2.886355872433459,-4.969256479294902,5.051619384326217,2.3463184619057813,0.018151037171744953,32.87296238596724,14.003609111812654,0.014408294405110617,3.167412853418195,-2.4428458436833895,0.23452994453639658,30.54147474546491,30.132121814622558,4.983664773700013,5.151033763100196,3.435773805702636,PREPARATION,False,FOLLOW,0,False,inf,0.04912757873535156,0.0,True,True,TRACKING,0,0.04912757873535156,-0.10269195833738771,-0.10269195833738771,3,0,0.04912757873535156,0.022948503494262695,inf,VISION,,,0,,0.0,0.0,False,,0.0,0.0,0.0,False,0.0,0.4767345180149736,4.739256479294902,SAFE,4.766547686855334,0.9993536472320557,20.01996421813965,20.026559829711914,,,1.6378999134758487e-05,0.001301501994021237,,20.00519033878031,0.0005098289993838989,0.0,1.3716904574744258,2.207445954621254,2.5126217333422156,1.466611888690206,4.5042985687177275,8.300268340538107,1.3716904574744258,2.207445954621254,2.5126217333422156
12.145683765411377,12.145683765411377,,False,PERIODIC,True,True,1,FOLLOW,5.130761445502104,3.008800892163638,-4.967157846444117,5.1711203168668165,2.3306339854298646,0.02342845708749928,33.030816857500064,13.881463755467875,0.026054741665497535,3.159648159182469,-2.452880655509932,0.23203777838281173,30.357207738553427,29.94374541922957,4.993212588109614,5.193414138132641,3.5276003275694148,PREPARATION,False,FOLLOW,0,False,inf,0.047235965728759766,0.0,True,True,TRACKING,0,0.047235965728759766,-0.10308464400955542,-0.10308464400955542,3,0,0.047235965728759766,0.02640819549560547,inf,VISION,,,0,,0.0,0.0,False,,0.0,0.0,0.0,False,0.0,0.4714116393858947,4.737157846444116,SAFE,4.764243168216099,0.9993536472320557,20.01996421813965,20.026559829711914,,,1.656499989621807e-05,0.001301501994021237,,20.0548951828556,0.0007303940001293086,0.0,1.3425333674642423,2.207445954621254,2.5126217333422156,1.4530949594445801,4.5042985687177275,8.300268340538107,1.3425333674642423,2.207445954621254,2.5126217333422156
12.194894790649414,12.194894790649414,,False,PERIODIC,True,True,1,FOLLOW,5.401740753567283,3.130863049314371,-4.964998992214418,5.282818025612732,2.3128492803296608,0.026749936831186493,33.1889600242627,13.758297704927873,0.03758990352586987,3.151980245887421,-2.4627262392591405,0.22810104101328937,30.167827528955836,29.75015835515908,5.0025888957402875,5.23327177337045,3.6116255467975744,PREPARATION,False,FOLLOW,0,False,inf,0.04909658432006836,0.0,True,True,TRACKING,0,0.04909658432006836,-0.10416072974389202,-0.10416072974389202,3,0,0.04909658432006836,0.020253658294677734,inf,VISION,,,0,,0.0,0.0,False,,0.0,0.0,0.0,False,0.0,0.4630118936128449,4.734998992214417,SAFE,4.760899458701223,0.8929340839385986,19.97123146057129,19.992080688476562,,,3.517799996188842e-05,0.002070843009278178,,20.004914135670912,0.00036509500023385044,0.0,1.2465095962971737,2.207445954621254,2.5126217333422156,1.375337205950703,4.5042985687177275,8.300268340538107,1.2465095962971737,2.207445954621254,2.5126217333422156
12.244776010513306,12.244776010513306,,False,PERIODIC,True,True,1,FOLLOW,5.656949353738636,3.242608947216369,-4.963054877674617,5.377930273765634,2.2955761135732917,0.028006699808084755,33.34617402471024,13.63507494379502,0.048853441899065424,3.1444667434113427,-2.47231245994111,0.2227727098257171,29.996928799018704,29.575268593363372,5.011908319573682,5.268686229937216,3.680938295915155,PREPARATION,False,FOLLOW,0,False,inf,0.047054290771484375,0.0,True,True,TRACKING,0,0.047054290771484375,-0.10570172755878669,-0.10570172755878669,3,0,0.047054290771484375,0.01395559310913086,inf,VISION,,,0,,0.0,0.0,False,,0.0,0.0,0.0,False,0.0,0.4577820758878248,4.733054877674617,SAFE,4.759070312744719,0.8929340839385986,19.97123146057129,19.992080688476562,,,0.0020418220665305853,0.002070843009278178,,20.003563361236623,0.00031272599971998716,0.0,1.2109979398777555,2.632748756306398,2.5126217333422156,1.354060331364618,2.410296401885269,8.300268340538107,1.2109979398777555,2.632748756306398,2.5126217333422156
12.294900894165039,12.294900894165039,,False,PERIODIC,True,True,1,FOLLOW,5.656949353738636,3.242608947216369,-4.963054877674617,5.377930273765634,2.2955761135732917,0.028006699808084755,33.34617402471024,13.63507494379502,0.048853441899065424,3.1444667434113427,-2.47231245994111,0.2227727098257171,29.996928799018704,29.575268593363372,5.011908319573682,5.268686229937216,3.680938295915155,PREPARATION,False,FOLLOW,0,False,inf,0.09711265563964844,0.0,True,True,TRACKING,0,0.09711265563964844,-0.10728096965756523,-0.10728096965756523,3,0,0.09711265563964844,0.06401395797729492,inf,VISION,,,0,,0.0,0.0,False,,0.0,0.0,0.0,False,0.0,0.4506673306490656,4.733054877674617,SAFE,4.7570676049327885,1.0012240409851074,19.95168685913086,19.955549240112305,,,2.6688998332247138e-05,0.002070843009278178,,20.004170936085977,0.0003143859994452214,0.0,1.2109979398777555,2.632748756306398,2.5126217333422156,1.354060331364618,2.410296401885269,8.300268340538107,1.2109979398777555,2.632748756306398,2.5126217333422156
12.344873189926147,12.344873189926147,,False,PERIODIC,True,True,1,FOLLOW,6.1789422821234,3.462897697786903,-4.959792672838632,5.544926529228707,2.2605619382637503,0.026093325523345447,33.665685512390894,13.382290936933812,0.07082313028249594,3.129529625406346,-2.4911933533357096,0.20770230772490694,29.651686478143215,29.221831147953225,5.030615803121128,5.333507511633822,3.7978385774204515,PREPARATION,False,FOLLOW,0,False,inf,0.14718103408813477,0.0,True,False,REACQUIRE,0,0.14718103408813477,-0.10151371108016653,-0.10151371108016653,3,0,0.14718103408813477,0.11408233642578125,inf,VISION,,,0,,0.0,0.0,False,,0.0,0.0,0.0,False,0.0,0.4460444254030569,4.729792672838632,SAFE,4.755945589893236,1.0012240409851074,19.95168685913086,19.955549240112305,,,0.0020071780309081078,0.002070843009278178,,19.99590405492039,0.0004617280001184554,0.0,1.143021295270767,2.4224495997232265,2.5126217333422156,1.3147329723138814,2.4210133720824567,8.300268340538107,1.143021295270767,2.4224495997232265,2.5126217333422156
12.394850254058838,12.394850254058838,,False,PERIODIC,True,True,1,FOLLOW,6.39279016177367,3.5504149892079866,-4.958770143597574,5.6036224625581275,2.246813061683256,0.02462051659267138,33.81609207921014,13.262222961771782,0.08060472851670643,3.1226511155806835,-2.4998099948521517,0.1987096327434719,29.525446673209284,29.09221033456943,5.039374872114281,5.358727114317239,3.835925629711656,PREPARATION,False,FOLLOW,0,False,inf,inf,0.0,True,False,REACQUIRE,0,0.19704604148864746,-0.10993830517875611,-0.10993830517875611,3,0,inf,inf,inf,VISION,,,0,,0.0,0.0,False,,0.0,0.0,0.0,False,0.0,0.44084745965246386,4.728770143597574,SAFE,4.755095332881106,1.0005065202713013,19.710851669311523,19.702960968017578,,,2.3738999516353942e-05,0.002039664890617132,,20.010846646606883,0.0003018079996763845,0.0,1.05956363926292,2.3800114048095105,2.5126217333422156,1.2422938233270704,2.461304292238713,8.300268340538107,1.05956363926292,2.3800114048095105,2.5126217333422156
12.444915771484375,12.444915771484375,,False,PERIODIC,True,True,1,FOLLOW,6.6854176319200995,3.667793724325604,-4.957736001773705,5.6756050138150425,2.228214876047761,0.023899773202070308,33.97215671235186,13.136925507359452,0.09028806323823994,3.11561636609396,-2.508572235222153,0.18815534257294608,29.320865153145867,28.883050156935013,5.048024065011945,5.386805538166654,3.883849845570094,PREPARATION,False,FOLLOW,0,False,inf,inf,0.0,True,False,REACQUIRE,0,0.24701499938964844,-0.10993830517875611,-0.10993830517875611,3,0,inf,inf,inf,VISION,,,0,,0.0,0.0,False,,0.0,0.0,0.0,False,0.0,0.43326966889121765,4.727736001773705,SAFE,4.753965266157134,1.0005065202713013,19.710851669311523,19.702960968017578,,,0.001462668995372951,0.002039664890617132,,19.999717917154477,0.00038880699958099285,0.0,0.9971682518465522,2.3846849466655193,2.5126217333422156,1.1869666332522746,2.531207696588767,8.300268340538107,0.9971682518465522,2.3846849466655193,2.5126217333422156
12.494951248168945,12.494951248168945,,False,PERIODIC,True,True,1,FOLLOW,6.967048591026984,3.778345891380657,-4.95707440276993,5.736160664530792,2.2111255763266486,0.024409574054712613,34.12770226828074,13.011332305225933,0.09940431445999252,3.1087081496239626,-2.5171280540452363,0.17645281876198152,29.129317247607585,28.687090237491315,5.056478717229922,5.41137748262642,3.922180013322304,PREPARATION,False,FOLLOW,0,False,inf,inf,0.0,True,False,REACQUIRE,0,0.2971320152282715,-0.11123303723492356,-0.11123303723492356,3,0,inf,inf,inf,VISION,,,0,,0.0,0.0,False,,0.0,0.0,0.0,False,0.0,0.42827293829321755,4.727074402769929,SAFE,4.753335354382883,0.9993731379508972,19.669803619384766,19.68829917907715,,,2.2823000108473934e-05,0.002039664890617132,,20.006787444482967,0.000517563000357768,0.0,0.8885255230383899,2.25908035077075,2.5126217333422156,1.085506227729236,2.474155654763701,8.300268340538107,0.8885255230383899,2.25908035077075,2.5126217333422156
12.544874668121338,12.544874668121338,0.039443016052246094,True,PERIODIC,True,True,1,FOLLOW,7.243152265781493,3.8848565858748443,-4.956692308375689,5.786368335446589,2.1960103293164943,0.0234856699095055,34.282953684312176,12.885277049336658,0.10791073670186145,3.101914902880144,-2.525494790192621,0.16365913450896927,28.944924136657967,28.49839345073115,5.0646030450775505,5.4330975902652785,3.9513904245946816,PREPARATION,False,FOLLOW,0,False,inf,inf,0.0,True,False,REACQUIRE,0,0.347118616104126,-0.11123303723492356,-0.11123303723492356,3,0,inf,inf,inf,VISION,,,0,,0.0,0.0,False,,0.0,0.0,0.0,False,0.0,0.4212097210040957,4.726692308375688,SAFE,4.753058774320254,0.9993731379508972,19.669803619384766,19.68829917907715,,,0.0016032879939302802,0.002039664890617132,,20.00364369959509,0.0005801099996460835,0.0,0.8586319449336995,2.1682044724666305,2.5126217333422156,1.059380863937147,2.44070132077616,8.300268340538107,0.8586319449336995,2.1682044724666305,2.5126217333422156
12.594796419143677,12.594796419143677,0.08936476707458496,True,PERIODIC,True,True,1,FOLLOW,7.537023351734388,3.9966784306237977,-4.956497771234053,5.829484288405595,2.182233201346638,0.02129207926630739,34.43790421610179,12.758778834818486,0.11575370642269676,3.095235572076543,-2.5336765289499747,0.1498533064271042,28.742990968663445,28.291903343042815,5.07225147765675,5.452746887228714,3.9739385081945287,PREPARATION,False,FOLLOW,0,False,inf,inf,0.0,True,False,REACQUIRE,0,0.39704060554504395,-0.11227980782600123,-0.11227980782600123,3,0,inf,inf,inf,VISION,,,0,,0.0,0.0,False,,0.0,0.0,0.0,False,0.0,0.41623293294881103,4.726497771234053,SAFE,4.753173613602521,1.0002540349960327,19.704484939575195,19.699413299560547,,,0.0016956640174612403,0.002039664890617132,,20.00596877039715,0.00035183799991500564,0.0,0.7289738227840853,2.1643523837190286,2.5126217333422156,0.9342843105114811,2.504909769159818,8.300268340538107,0.7289738227840853,2.1643523837190286,2.5126217333422156
12.645090579986572,12.645090579986572,0.13965892791748047,True,PERIODIC,True,True,1,FOLLOW,7.843924768944111,4.112224363619677,-4.956374515379841,5.864594011599274,2.1702318108123766,0.01860422947732251,34.593240259738735,12.631286290771142,0.12291415621998887,3.088639884570833,-2.541712742116675,0.13505295569742662,28.52892337180198,28.073124075255798,5.07928867159983,5.470091689458439,3.989100534797485,PREPARATION,False,FOLLOW,0,False,inf,inf,0.0,True,False,REACQUIRE,0,0.44744205474853516,-0.11227980782600123,-0.11227980782600123,3,0,inf,inf,inf,VISION,,,0,,0.0,0.0,False,,0.0,0.0,0.0,False,0.0,0.40869567654261374,4.726374515379841,SAFE,4.753540216458384,1.0002540349960327,19.704484939575195,19.699413299560547,,,0.0019046550150960684,0.002039664890617132,,19.977833096432448,0.0004879630005234503,0.0,0.6252737778131333,2.0531660394431555,2.5126217333422156,0.8325362678626514,2.4463519252062285,8.300268340538107,0.6252737778131333,2.0531660394431555,2.5126217333422156
12.695002555847168,12.695002555847168,0.18957090377807617,True,PERIODIC,True,True,1,FOLLOW,8.129510468696182,4.2187952128011466,-4.956331623558184,5.889503545621578,2.1602793698298433,0.01609528144628569,34.74678385537324,12.504605480469468,0.12925278194780151,3.0822182076430757,-2.549496209150644,0.11956348545044118,28.33720280970636,27.87712134229258,5.085584405505986,5.483934959719153,3.9954681710003936,PREPARATION,False,FOLLOW,0,False,inf,inf,0.0,True,False,REACQUIRE,0,0.49706077575683594,-0.11371824479831684,-0.11371824479831684,3,0,inf,inf,inf,VISION,,,0,,0.0,0.0,False,,0.0,0.0,0.0,False,0.0,0.4042940828241237,4.726331623558184,SAFE,4.753823666404256,0.9994188547134399,19.697120666503906,19.691913604736328,,,6.885900074848905e-05,0.005279072094708681,,20.00236338381544,0.00046882700007699896,0.0,0.569360366172346,1.8658679683621953,2.5126217333422156,0.7791098562038854,2.323775103969435,8.300268340538107,0.569360366172346,1.8658679683621953,2.5126217333422156
12.74512505531311,12.74512505531311,0.23969340324401855,True,PERIODIC,True,True,1,FOLLOW,8.412587872217157,4.323478562641817,-4.956347309268931,5.908731591373392,2.1507106576505843,0.013418132611756261,34.90077026893631,12.37691008246954,0.1348275272708289,3.0758750155399017,-2.5571454571020027,0.10326164508053427,28.14962925408846,27.685403481372944,5.091174836539761,5.495184931664184,3.9962945324950896,PREPARATION,False,FOLLOW,0,False,inf,inf,0.0,True,False,REACQUIRE,0,0.5470738410949707,-0.11371824479831684,-0.11371824479831684,3,0,inf,inf,inf,VISION,,,0,,0.0,0.0,False,,0.0,0.0,0.0,False,0.0,0.3982762572261471,4.726347309268931,SAFE,4.75432643710244,0.9994188547134399,19.697120666503906,19.691913604736328,,,0.001483662985265255,0.005279072094708681,,19.995317050062702,0.0005396710002969485,0.0,0.5128024795116518,1.7465598145232906,2.5126217333422156,0.7219327569021935,2.2513392676312622,8.300268340538107,0.5128024795116518,1.7465598145232906,2.5126217333422156
12.795305728912354,12.795305728912354,0.2898740768432617,True,PERIODIC,True,True,1,FOLLOW,8.699490475220866,4.428696839472035,-4.956412402950195,5.923571362968358,2.1404871483298575,0.010931669720318355,35.05452244712279,12.248769322998498,0.13957290016865567,3.0696376491280923,-2.564629544993849,0.08631387227954233,27.959082783546098,27.490748332622385,5.095985303118851,5.503520983629497,3.992467210996059,PREPARATION,False,FOLLOW,0,False,inf,inf,0.0,True,False,REACQUIRE,0,0.5972874164581299,-0.11465995480825282,-0.11465995480825282,3,0,inf,inf,inf,VISION,,,0,,0.0,0.0,False,,0.0,0.0,0.0,False,0.0,0.39404674822279917,4.726412402950195,SAFE,4.754684834735422,0.9991517066955566,19.538543701171875,19.575456619262695,,,2.4171000404749066e-05,0.005279072094708681,,19.998407992559926,0.0004221050003252458,0.0,0.5128024795116518,1.6400475635418266,2.5126217333422156,0.6068075343517366,2.20342572440709,8.300268340538107,0.5128024795116518,1.6400475635418266,2.5126217333422156
12.844879865646362,12.844879865646362,0.3394482135772705,True,PERIODIC,True,True,1,FOLLOW,9.019683575763514,4.5450666413664385,-4.9566281518741,5.93648703987184,2.1273466254074735,0.008413581011850855,35.2075372956408,12.120617487905454,0.14344685537105437,3.0635248700919453,-2.5719283369347847,0.06888259240555202,27.734516728468787,27.261559989886646,5.100075007245154,5.508244121498444,3.985211426339823,PREPARATION,False,FOLLOW,0,False,inf,inf,0.0,True,False,REACQUIRE,0,0.6470975875854492,-0.11465995480825282,-0.11465995480825282,3,0,inf,inf,inf,VISION,,,0,,0.0,0.0,False,,0.0,0.0,0.0,False,0.0,0.38746466801200263,4.7266281518741,SAFE,4.755396612712365,0.9991517066955566,19.538543701171875,19.575456619262695,,,0.001565834041684866,0.005279072094708681,,20.002579268713564,0.00036866699974780204,0.0,0.5128024795116518,1.5096955193945065,2.5126217333422156,0.6406762861679093,2.1111498465880314,8.300268340538107,0.5128024795116518,1.5096955193945065,2.5126217333422156
12.866142272949219,12.866142272949219,0.36071062088012695,True,PHASE_TRANSITION,False,True,1,FAR_GUIDANCE,9.283594131469727,4.639991283416748,-4.956796169281006,5.944962978363037,2.114548444747925,0.006714596413075924,35.36083079346166,11.991615365888986,0.14644971761430922,3.057494931084663,-2.5790937839465222,0.05095969809436778,nan,nan,nan,nan,nan,PREPARATION,False,FOLLOW,0,False,inf,0.03412032127380371,0.0,True,True,TARGET_LOCK,0,0.03412032127380371,-0.11798199408525151,-0.11798199408525151,3,0,0.03412032127380371,0.006753683090209961,inf,VISION,,,0,,0.0,0.0,False,,0.0,0.0,0.0,False,0.0,0.38310001761948786,4.726796169281005,SAFE,4.755779962658046,1.0003300905227661,19.719587326049805,19.702505111694336,,,1.6834001144161448e-05,0.0015192650025710464,,20.00757981403458,0.000464422999357339,0.0,0.5128024795116518,1.3359162192707585,2.5126217333422156,0.6744459390282465,1.974685130014627,8.300268340538107,0.5128024795116518,1.3359162192707585,2.5126217333422156
12.894956350326538,12.894956350326538,0.3895246982574463,True,PERIODIC,True,True,1,FAR_GUIDANCE,9.314349590883348,4.650960850952238,-4.956823786831272,5.945820819589194,2.1128846802043517,0.006535833736936665,35.36083079346166,11.991615365888986,0.14644971761430922,3.057494931084663,-2.5790937839465222,0.05095969809436778,27.53811526239773,27.061123253551887,5.103273504445581,5.509905791026334,3.9743537524593426,PREPARATION,False,FOLLOW,0,False,inf,0.03412032127380371,0.0,True,True,TARGET_LOCK,0,0.03412032127380371,-0.11798199408525151,-0.11798199408525151,3,0,0.03412032127380371,0.006753683090209961,inf,VISION,,,0,,0.0,0.0,False,,0.0,0.0,0.0,False,0.0,0.38310001761948786,4.726823786831272,SAFE,4.755779962658046,1.0003300905227661,19.719587326049805,19.702505111694336,,,1.6834001144161448e-05,0.0015192650025710464,,20.009997494098073,0.000464422999357339,0.0,0.5128024795116518,1.3359162192707585,2.5126217333422156,0.6744459390282465,1.974685130014627,8.300268340538107,0.5128024795116518,1.3359162192707585,2.5126217333422156
12.944915771484375,12.944915771484375,0.4394841194152832,True,PERIODIC,True,True,1,FAR_GUIDANCE,9.58404299550922,4.746755160141958,-4.957109246857775,5.952913216295269,2.097578430013266,0.004735026300297895,35.51408076152146,11.862041468496368,0.1485492419729132,3.0515599906285997,-2.586113227141221,0.032690785389966455,27.368995348774597,26.888550682338327,5.105658488830688,5.509591600459259,3.961244170437901,PREPARATION,False,FAR_GUIDANCE,0,False,inf,0.08454728126525879,0.0,True,True,TRACKING,0,0.032547950744628906,-0.11798199408525151,-0.23015699624594588,3,0,0.032547950744628906,0.05718064308166504,inf,VISION,,1:1,2,CAPTURE_GEOMETRY,0.04789233207702637,0.004540205001831055,False,CAPTURE_GEOMETRY,0.0,0.0,0.0,False,0.0,0.3730936442260755,4.727109246857775,SAFE,4.756220593255103,1.0003300905227661,19.719587326049805,19.702505111694336,,,0.004127617925405502,0.0015192650025710464,,19.77883540523744,0.005731692999688676,0.00017239400040125474,0.5128024795116518,1.1994017113671547,2.5126217333422156,0.7084188997351796,1.8598014153676106,8.300268340538107,0.5128024795116518,1.1994017113671547,2.5126217333422156
12.99475383758545,12.99475383758545,0.4893221855163574,True,PERIODIC,True,True,1,FAR_GUIDANCE,9.898603111588798,4.857259371542822,-4.957642657845156,5.960217025076839,2.077206340063005,0.0044890032665679674,35.665976513459384,11.733020897672672,0.1497216519035781,3.0457688197118014,-2.5929312171500776,0.014347395280699305,27.153614838325492,26.668963770563625,5.107364309748734,5.504933272342252,3.946365062043284,PREPARATION,False,FAR_GUIDANCE,0,False,inf,0.08212900161743164,0.0,True,True,TRACKING,0,0.03412771224975586,-0.12224143801363918,-0.23028066080670367,3,0,0.03412771224975586,0.059165000915527344,inf,VISION,,1:1,2,CAPTURE_GEOMETRY,0.04789233207702637,0.004540205001831055,False,CAPTURE_GEOMETRY,0.0,0.0,0.0,False,0.0,0.36713878377436604,4.727642657845156,SAFE,4.757283398685522,0.9999542236328125,19.770694732666016,19.748701095581055,,,0.0031872540712356567,0.0015192650025710464,,20.045900542452266,0.002218407999862393,0.00017239400040125474,0.5128024795116518,1.0187128851611251,2.5126217333422156,0.7430591614355323,1.7009460250662,8.300268340538107,0.5128024795116518,1.0187128851611251,2.5126217333422156
13.044908285140991,13.044908285140991,0.5394766330718994,True,PERIODIC,True,True,1,FAR_GUIDANCE,10.211153510083001,4.965749863996304,-4.957524369870444,5.965913182623211,2.0560980655484893,0.044052882151095984,35.81893152390687,11.602513965011358,0.1499756242336665,3.0400284207532278,-2.599659054763265,-0.0042475842223498135,26.942373479847255,26.45382642526036,5.10749999410411,5.499018906871339,3.936968059112722,PREPARATION,False,FAR_GUIDANCE,0,False,inf,0.08415579795837402,0.0,True,True,TRACKING,0,0.08415579795837402,-0.12224143801363918,-0.2311405173575149,3,0,0.08415579795837402,0.052614450454711914,inf,VISION,,1:1,2,CAPTURE_GEOMETRY,0.04789233207702637,0.004540205001831055,False,CAPTURE_GEOMETRY,0.0,0.0,0.0,False,0.0,0.3597435276082326,4.727524369870443,SAFE,4.749674612325177,0.9999542236328125,19.770694732666016,19.748701095581055,,,0.00715691177174449,0.0015192650025710464,,19.94334604300199,0.003152401000079408,0.00017239400040125474,0.5128024795116518,0.9228277340142721,2.5126217333422156,0.776059854861316,1.615419510590525,8.300268340538107,0.5128024795116518,0.9228277340142721,2.5126217333422156
13.09491229057312,13.09491229057312,0.5894806385040283,True,PERIODIC,True,True,1,FAR_GUIDANCE,10.502864776639314,5.066030557534896,-4.954664032210874,5.9709779315904745,2.03654271363387,0.11852055507904312,35.969856532546835,11.473170467941964,0.14930812675363136,3.034453173291285,-2.6061646032249093,-0.02260436962293787,26.75200259282429,26.260599972715642,5.103972158964505,5.495254783036933,3.9343306907294884,PREPARATION,False,FAR_GUIDANCE,0,False,inf,0.03426504135131836,0.0,True,True,TRACKING,0,0.03426504135131836,-0.1242600835421034,-0.23582489345882338,3,0,0.03426504135131836,0.007373809814453125,inf,VISION,,1:1,2,CAPTURE_GEOMETRY,0.04789233207702637,0.004540205001831055,False,CAPTURE_GEOMETRY,0.0,0.0,0.0,False,0.0,0.3546296297710132,4.724664032210874,SAFE,4.736403211886217,0.9993958473205566,19.736343383789062,19.73465347290039,,,2.1350999304559082e-05,0.0013700720155611634,,20.001715757080323,0.0018071490003421786,0.00017239400040125474,0.5128024795116518,0.7332052331689849,2.5126217333422156,0.811510166293171,1.4351505817458643,8.300268340538107,0.5128024795116518,0.7332052331689849,2.5126217333422156
13.144893407821655,13.144893407821655,0.6394617557525635,True,PERIODIC,True,True,1,FAR_GUIDANCE,10.781650290598488,5.1610258881661375,-4.948082360060079,5.9764518304873375,2.017743971501953,0.2132332377961027,36.12152438236693,11.342629643087339,0.14771767568502425,3.0289388192201026,-2.6125714591990645,-0.040945941861144086,26.576091171837763,26.08297229936675,5.095800035745103,5.494748492401524,3.9361556008614986,PREPARATION,False,FAR_GUIDANCE,0,False,inf,0.032080888748168945,0.0,True,True,TRACKING,0,0.032080888748168945,-0.12630201414342104,-0.23907578181958006,3,0,0.032080888748168945,0.01037454605102539,inf,VISION,,1:1,2,CAPTURE_GEOMETRY,0.04789233207702637,0.004540205001831055,False,CAPTURE_GEOMETRY,0.0,0.0,0.0,False,0.0,0.34695321613245866,4.7180823600600785,SAFE,4.704004655543467,0.9993958473205566,19.736343383789062,19.73465347290039,,,0.003752096090465784,0.0013700720155611634,,19.97848919458324,0.0012987150003027637,0.00017239400040125474,0.5128024795116518,0.5732048382249373,2.5126217333422156,0.8463918694836636,1.278350928812664,8.300268340538107,0.5128024795116518,0.5732048382249373,2.5126217333422156
13.194850206375122,13.194850206375122,0.6894185543060303,True,PERIODIC,True,True,1,FAR_GUIDANCE,11.091118785915432,5.2653428353295615,-4.9350356544198455,5.983449183478067,1.9963280980298832,0.33917191795982937,36.273265460983,11.211471556542955,0.14520872259523257,3.0235097327430114,-2.6188525915003855,-0.059075870247885943,26.368652617531456,25.874639281231637,5.080244377015078,5.497248006943399,3.9442016793413175,PREPARATION,False,FAR_GUIDANCE,0,False,inf,0.0824434757232666,0.0,True,True,TRACKING,0,0.03445100784301758,-0.12792072461524312,-0.2422743558700568,3,0,0.03445100784301758,0.06073713302612305,inf,VISION,,1:2,2,CAPTURE_GEOMETRY,0.03980875015258789,0.0025811195373535156,False,CAPTURE_GEOMETRY,0.0,0.0,0.0,False,0.0,0.34054417828641714,4.705035654419845,SAFE,4.669389527377052,1.0008695125579834,19.766239166259766,19.762826919555664,,,4.542700116871856e-05,0.0013700720155611634,,19.942038501865536,0.002181168999413785,0.0001933350004037493,0.5128024795116518,0.47177877366649734,2.5126217333422156,0.8800191355808705,1.1723952205847816,8.300268340538107,0.5128024795116518,0.47177877366649734,2.5126217333422156
13.244964361190796,13.244964361190796,0.7395327091217041,True,PERIODIC,True,True,1,FAR_GUIDANCE,11.3997532043883,5.368081935582332,-4.915489304090702,5.991458725742471,1.9739094845446536,0.4757097607938979,36.423895262012124,11.080733830810505,0.14182082276710217,3.0182067220472115,-2.6249625107778263,-0.07674194910515492,26.161392606576012,25.66791922607268,5.0573101268578045,5.504094294124114,3.9550170939539253,PREPARATION,False,FAR_GUIDANCE,0,False,inf,0.08424687385559082,0.0,True,True,TRACKING,0,0.08424687385559082,-0.12792072461524312,-0.2432239207994063,3,0,0.08424687385559082,0.0580902099609375,inf,VISION,,1:2,2,CAPTURE_GEOMETRY,0.03980875015258789,0.0025811195373535156,False,CAPTURE_GEOMETRY,0.0,0.0,0.0,False,0.0,0.3295926440061945,4.6854893040907015,SAFE,4.59269448716509,1.0008695125579834,19.766239166259766,19.762826919555664,,,0.00634818896651268,0.0013700720155611634,,19.960359694246865,0.002154255999812449,0.0001933350004037493,0.5128024795116518,0.3736230163956691,5.778949631212792,0.8800191355808705,1.066900839794389,4.79421378110988,0.5128024795116518,0.3736230163956691,5.778949631212792
13.294841527938843,13.294841527938843,0.789409875869751,True,PERIODIC,True,True,1,FAR_GUIDANCE,11.696217667997432,5.465420730385642,-4.890125694261404,5.999988348907557,1.9514535425856137,0.6134505262743839,36.574688452748674,10.949323258961986,0.13755005167328904,3.0129834348283935,-2.6309562560882105,-0.09398539618241204,25.967075671644412,25.47570402423939,5.027675745934693,5.515536556319543,3.9664983035559382,PREPARATION,False,FAR_GUIDANCE,0,False,inf,0.03529524803161621,0.0,True,True,TRACKING,0,0.03529524803161621,-0.1252811801196094,-0.24614712586970078,3,0,0.03529524803161621,0.006871938705444336,inf,VISION,,1:2,2,CAPTURE_GEOMETRY,0.03980875015258789,0.0025811195373535156,False,CAPTURE_GEOMETRY,0.0,0.0,0.0,False,0.0,0.3214578313399019,4.660125694261404,SAFE,4.531458184534356,0.9998962879180908,19.71518898010254,19.70047950744629,,,2.363599924137816e-05,0.0016480330377817154,,19.953757590158602,0.0016237219997492502,0.0001933350004037493,0.5128024795116518,0.3736230163956691,5.135396129426307,0.8800191355808705,0.9510887744715457,4.749624976519529,0.5128024795116518,0.3736230163956691,5.135396129426307
13.345095157623291,13.345095157623291,0.8396635055541992,True,PERIODIC,True,True,1,FAR_GUIDANCE,11.982119591089756,5.558112211522642,-4.85910556866159,6.008254849567681,1.9287983812310585,0.7542051064752244,36.72525706039978,10.817586220067106,0.13242982296238537,3.007852604398753,-2.6368205684520207,-0.11065300757967161,25.78372246665642,25.295946684631677,4.991535391623976,5.531299086468437,3.978055900651981,PREPARATION,False,FAR_GUIDANCE,0,False,inf,0.03217458724975586,0.0,True,True,TRACKING,0,0.03217482566833496,-0.1252811801196094,-0.2465009602194127,3,0,0.03217482566833496,0.009259700775146484,inf,VISION,,1:2,2,CAPTURE_GEOMETRY,0.03980875015258789,0.0025811195373535156,False,CAPTURE_GEOMETRY,0.0,0.0,0.0,False,0.0,0.31035186127543923,4.62910556866159,SAFE,4.4252691630267575,0.9998962879180908,19.71518898010254,19.70047950744629,,,0.004019645974040031,0.0016480330377817154,,19.964630147748498,0.0018790690000969335,0.0001933350004037493,0.5128024795116518,0.3736230163956691,4.772157479628519,0.8800191355808705,0.9854935232965832,4.74235656336055,0.5128024795116518,0.3736230163956691,4.772157479628519
13.39487099647522,13.39487099647522,0.8894393444061279,True,PERIODIC,True,True,1,FAR_GUIDANCE,12.282127801893116,5.654178080645503,-4.819030690538758,6.016928506768081,1.9040548615561723,0.9081076560467612,36.875587984513366,10.6855444550737,0.12649189770855912,3.0028136431182086,-2.6425575158741865,-0.12663969840784223,25.585369354744888,25.102847076534054,4.945522588247317,5.552231498184206,3.9913652023954453,PREPARATION,False,FAR_GUIDANCE,0,False,inf,0.08215451240539551,0.0,True,True,TRACKING,0,0.034126996994018555,-0.12314311817931747,-0.24677364330011364,3,0,0.034126996994018555,0.05923962593078613,inf,VISION,,1:3,2,CAPTURE_GEOMETRY,0.03995943069458008,0.00010156631469726562,False,CAPTURE_GEOMETRY,0.0,0.0,0.0,False,0.0,0.30116914972814435,4.589030690538758,SAFE,4.334661013577596,0.998898983001709,20.005735397338867,20.010557174682617,,,2.244200004497543e-05,0.0016480330377817154,,19.957750316552065,0.0022726580000380636,7.98640003267792e-05,0.5128024795116518,0.3736230163956691,4.453900793180826,0.8800191355808705,1.0207488543249799,4.733448933019663,0.5128024795116518,0.3736230163956691,4.453900793180826
13.44486689567566,13.44486689567566,0.9394352436065674,True,PERIODIC,True,True,1,FAR_GUIDANCE,12.597596850385822,5.7538678805929715,-4.768815428161621,6.026273741850305,1.8768246207237245,1.0719894685338756,37.025337643334524,10.553511690064104,0.11978911996692117,2.9978767523085454,-2.6481569020675435,-0.14181226088062837,25.370249414880963,24.894800680971212,4.888604548128542,5.578526754098937,4.005833416357351,PREPARATION,False,FAR_GUIDANCE,0,False,inf,0.08410334587097168,0.0,True,True,TRACKING,0,0.08410334587097168,-0.12029480731575148,-0.24772596613683562,3,0,0.08410334587097168,0.05295848846435547,inf,VISION,,1:3,2,CAPTURE_GEOMETRY,0.03995943069458008,0.00010156631469726562,False,CAPTURE_GEOMETRY,0.0,0.0,0.0,False,0.0,0.2861507055478718,4.53881542816162,SAFE,4.164556943271134,0.998898983001709,20.005735397338867,20.010557174682617,,,0.00419221818447113,0.0016480330377817154,,19.942782082476544,0.0014547929995387676,7.98640003267792e-05,0.6242356054080316,0.3736230163956691,4.261558708054964,0.4185163615728704,1.0571887021223174,4.752583488042927,0.6242356054080316,0.3736230163956691,4.261558708054964
13.494891166687012,13.494891166687012,0.9894595146179199,True,PERIODIC,True,True,1,FAR_GUIDANCE,12.894093802419484,5.84606413291389,-4.713902805705961,6.035220966742023,1.8493830726061669,1.2251967403902895,37.175228461347594,10.42086088289935,0.11233032953465746,2.993017128020777,-2.6536481438529593,-0.15614929937400887,25.175281366935543,24.708344048694915,4.826233135240618,5.6071749762521375,4.017246528303385,PREPARATION,False,FAR_GUIDANCE,0,False,inf,0.08218216896057129,0.0,True,True,TRACKING,0,0.08218216896057129,-0.11566791207592343,-0.2464658523910574,3,0,0.08218216896057129,0.04781484603881836,inf,VISION,,1:3,2,CAPTURE_GEOMETRY,0.03995943069458008,0.00010156631469726562,False,CAPTURE_GEOMETRY,0.0,0.0,0.0,False,0.0,0.27642790894746483,4.48390280570596,SAFE,4.044391168495667,0.9996428489685059,20.003313064575195,20.01378059387207,,,0.00479901721701026,0.0014367960393428802,,19.949012371917004,0.0009943599998223362,7.98640003267792e-05,0.6242356054080316,0.3736230163956691,3.9159693921378724,0.5661228873909843,1.092598392593916,4.637726273528421,0.6242356054080316,0.3736230163956691,3.9159693921378724
13.544862508773804,13.544862508773804,1.039430856704712,True,PERIODIC,True,True,1,FAR_GUIDANCE,13.187863984533076,5.935847743824981,-4.651781666698879,6.043960321360862,1.8203477279737,1.3794179217482336,37.32472856781594,10.288071580673536,0.10418638226951654,2.9882511968668513,-2.6590138744323677,-0.1695092143224897,24.98298053316649,24.526110254946,4.755968048968396,5.639256501657116,4.027424570876423,PREPARATION,False,FAR_GUIDANCE,0,False,inf,0.08420085906982422,0.0,True,True,TRACKING,0,0.08420085906982422,-0.11243620066135208,-0.2457973770514057,3,0,0.08420085906982422,0.04912137985229492,inf,VISION,,1:3,2,CAPTURE_GEOMETRY,0.03995943069458008,0.00010156631469726562,False,CAPTURE_GEOMETRY,0.0,0.0,0.0,False,0.0,0.2623787079528572,4.4217816666988785,SAFE,3.8543387048947553,0.9996428489685059,20.003313064575195,20.01378059387207,,,0.005233401898294687,0.0014367960393428802,,19.96533539838462,0.0018081859998346772,7.98640003267792e-05,0.926238646942898,0.3736230163956691,3.6433990065464714,0.705525409753457,1.1285034330593309,4.535505566157472,0.926238646942898,0.3736230163956691,3.6433990065464714
13.594767570495605,13.594767570495605,1.0893359184265137,True,PERIODIC,True,True,1,FAR_GUIDANCE,13.491947635185724,6.0270224892019115,-4.578966669070284,6.05256131084811,1.7883045006839107,1.541437923811147,37.47409851589017,10.154922434494917,0.0953939060289136,2.9835696262981233,-2.6642658060019606,-0.18183283913320578,24.779684534094955,24.334812898874382,4.674360575099198,5.675716203109215,4.037015690525571,PREPARATION,False,FAR_GUIDANCE,0,False,inf,0.08222126960754395,0.0,True,True,TRACKING,0,0.08222126960754395,-0.10728096965756523,-0.24349796827571535,3,0,0.08222126960754395,0.04625964164733887,inf,VISION,,1:4,2,HORIZON_INSUFFICIENT,0.04987764358520508,0.002763509750366211,False,HORIZON_INSUFFICIENT,0.0,0.0,0.0,False,0.0,0.25217926342304375,4.3489666690702835,SAFE,3.7034141745668165,0.9988999366760254,20.04802131652832,20.02508544921875,,,0.004513503983616829,0.0014367960393428802,,19.993385696153975,0.0012319919997025863,0.006172062000587175,0.7785904220891786,0.3736230163956691,3.432155559933731,0.6577834600018926,1.1646006475790855,4.5265895759155255,0.7785904220891786,0.3736230163956691,3.432155559933731
13.6449453830719,13.6449453830719,1.1395137310028076,True,PERIODIC,True,True,1,FAR_GUIDANCE,13.80338476754375,6.118497700552564,-4.495913481641766,6.0611891512931955,1.7536925224676945,1.7093331978348614,37.62330937475083,10.021448097910664,0.08600797940538638,2.9789724967491895,-2.669404964334168,-0.19303947694113607,24.568594472872714,24.137560566413235,4.581921461047153,5.7168936212803345,4.045726780308845,PREPARATION,False,FAR_GUIDANCE,0,False,inf,0.0841515064239502,0.0,True,True,TRACKING,0,0.0841515064239502,-0.09735706261814357,-0.24199888941169134,3,0,0.0841515064239502,0.048812150955200195,inf,VISION,,1:4,2,HORIZON_INSUFFICIENT,0.04987764358520508,0.002763509750366211,False,HORIZON_INSUFFICIENT,0.0,0.0,0.0,False,0.0,0.23543598284203826,4.265913481641766,SAFE,3.4338466115643316,0.9988999366760254,20.04802131652832,20.02508544921875,,,0.0030462569557130337,0.0014367960393428802,,19.97133454359914,0.002060243999949307,0.006172062000587175,0.7684517108052319,0.3736230163956691,3.1408992907941693,0.6856638644940043,1.2015105547081768,4.383990508571511,0.7684517108052319,0.3736230163956691,3.1408992907941693
13.694791078567505,13.694791078567505,1.189359426498413,True,PERIODIC,True,True,1,FAR_GUIDANCE,14.101210517465665,6.203989606872567,-4.408391617639491,6.069475246181928,1.7182017239660847,1.866320840203141,37.77186705303656,9.888101736554534,0.07611976206119395,2.97447380293805,-2.6744168702046527,-0.2030267579724986,24.37177681917549,23.95563948236479,4.484511379700685,5.758153482637597,4.0507357821721515,PREPARATION,False,FAR_GUIDANCE,0,False,inf,0.08227920532226562,0.0,True,True,TRACKING,0,0.03428483009338379,-0.09735706261814357,-0.23592765513163663,3,0,0.03428483009338379,0.04886198043823242,inf,VISION,,1:4,2,HORIZON_INSUFFICIENT,0.04987764358520508,0.002763509750366211,False,HORIZON_INSUFFICIENT,0.0,0.0,0.0,False,0.0,0.2250438238402781,4.17839161763949,SAFE,3.2530255913045236,0.998135507106781,20.059030532836914,20.05843734741211,,,0.0046224030666053295,0.0014367960393428802,,19.98266218594269,0.0015257959994414705,0.006172062000587175,0.7246436285976116,0.3736230163956691,2.757217196140336,0.6808832797295227,1.2383042501989396,4.171664895055758,0.7246436285976116,0.3736230163956691,2.757217196140336
13.74508023262024,13.74508023262024,1.2396485805511475,True,PERIODIC,True,True,1,FAR_GUIDANCE,14.394891321504122,6.286359649446655,-4.314597034101765,6.0774914952609675,1.6815506187193296,2.0199628354341557,37.92057335755862,9.75417328945924,0.06573753602374938,2.970048294142023,-2.67933072435339,-0.21178725010242003,24.17996645261592,23.779895851399232,4.380334570125514,5.801223817508904,4.053076613742015,PREPARATION,False,FAR_GUIDANCE,0,False,inf,0.03214621543884277,0.0,True,True,TRACKING,0,0.03214621543884277,-0.09132691570980551,-0.23235791768391773,3,0,0.03214621543884277,0.009377479553222656,inf,VISION,,1:4,2,HORIZON_INSUFFICIENT,0.04987764358520508,0.002763509750366211,False,HORIZON_INSUFFICIENT,0.0,0.0,0.0,False,0.0,0.21029080301099867,4.084597034101765,SAFE,2.9803547596583373,0.998135507106781,20.059030532836914,20.05843734741211,,,0.0032959000673145056,0.0014367960393428802,,19.98616523718653,0.0009908809997796197,0.006172062000587175,0.7246436285976116,0.3736230163956691,2.4547760161739123,0.8378291647372075,1.2383042501989396,4.001231507368452,0.7246436285976116,0.3736230163956691,2.4547760161739123
13.794987916946411,13.794987916946411,1.2895562648773193,True,PERIODIC,True,True,1,FAR_GUIDANCE,14.691535359113065,6.367553696170908,-4.2121721808061015,6.085605303609169,1.642721166483217,2.176121100588124,38.06951397423984,9.619591153173605,0.05491596918733985,2.9656931560698623,-2.6841505367695713,-0.21926109129119176,23.98569725963554,23.603085216790483,4.267088149993441,5.847523098709877,4.053653067912617,PREPARATION,False,FAR_GUIDANCE,0,False,inf,0.08240413665771484,0.0,True,True,TRACKING,0,0.03440046310424805,-0.08008472092632302,-0.22774982568502022,3,0,0.08240413665771484,0.05963540077209473,inf,VISION,,1:5,2,HORIZON_INSUFFICIENT,0.04980897903442383,0.0023517608642578125,False,HORIZON_INSUFFICIENT,0.0,0.0,0.0,False,0.0,0.19970787048222416,3.9821721808061015,SAFE,2.7713689894880074,0.9989501237869263,19.90178871154785,19.958833694458008,,,0.0060187531635165215,0.0018589909886941314,,19.977086899770104,0.0007655780000277446,0.005508674000338942,0.8476123196542411,0.3736230163956691,2.180297210676148,0.8307565881249467,1.2383042501989396,3.8533605418204235,0.8476123196542411,0.3736230163956691,2.180297210676148
13.844947338104248,13.844947338104248,1.3395156860351562,True,PERIODIC,True,True,1,FAR_GUIDANCE,15.010120329471265,6.452485393471502,-4.093767370904926,6.093990539385252,1.5990511069589348,2.3456313233309714,38.21706055835471,9.485839001737753,0.04384293259474017,2.9614545541065183,-2.6888263097421823,-0.22533015689025987,23.767270098254393,23.404343804083695,4.137610303499666,5.899874352264038,4.05350972665909,PREPARATION,False,FAR_GUIDANCE,0,False,inf,0.08413338661193848,0.0,True,True,TRACKING,0,0.08413338661193848,-0.08008472092632302,-0.23014267289455495,3,0,0.08413338661193848,0.04973745346069336,inf,VISION,,1:5,2,HORIZON_INSUFFICIENT,0.04980897903442383,0.0023517608642578125,False,HORIZON_INSUFFICIENT,0.0,0.0,0.0,False,0.0,0.1826532516831305,3.863767370904926,SAFE,2.40864613283843,0.9989501237869263,19.90178871154785,19.958833694458008,,,0.003037255024537444,0.0018589909886941314,,19.93630630930381,0.0009126939994530403,0.005508674000338942,0.6178940784941943,0.3736230163956691,1.8738942397500817,0.6509894872348706,1.2383042501989396,3.654387823456887,0.6178940784941943,0.3736230163956691,1.8738942397500817
13.894829273223877,13.894829273223877,1.3893976211547852,True,PERIODIC,True,True,1,FAR_GUIDANCE,15.315988399790458,6.531733991431491,-3.97187758320324,6.102187165735293,1.5546269046086367,2.5051276402606435,38.36511635092815,9.351202506157954,0.03244602199341978,2.957276592800694,-2.6934207160547934,-0.23004126196275462,23.563665027932004,23.2209324105095,4.00432360519666,5.9512620529489375,4.049335448973726,PREPARATION,False,FAR_GUIDANCE,0,False,inf,0.08209943771362305,0.0,True,True,TRACKING,0,0.0341029167175293,-0.06963091510659788,-0.22288476060134793,3,0,0.0341029167175293,0.048655033111572266,inf,VISION,,1:5,2,HORIZON_INSUFFICIENT,0.04980897903442383,0.0023517608642578125,False,HORIZON_INSUFFICIENT,0.0,0.0,0.0,False,0.0,0.1724000307573168,3.74187758320324,SAFE,2.170426292711227,0.9987964630126953,20.027841567993164,20.024219512939453,,,1.2601999515027273e-05,0.0018589909886941314,,20.222012396839965,0.0009343179999632412,0.005508674000338942,0.6178940784941943,0.3736230163956691,1.6190781618754184,0.8019604306499094,1.2383042501989396,3.4111576142766706,0.6178940784941943,0.3736230163956691,1.6190781618754184
13.94493842124939,13.94493842124939,1.4395067691802979,True,PERIODIC,True,True,1,FAR_GUIDANCE,15.609908462640309,6.6056008063714655,-3.8473610974751167,6.110143953529182,1.5091786910728775,2.650591234544865,38.51308583379253,9.216228464010854,0.02083929728787733,2.9531758690928003,-2.697916285989612,-0.23333450432250144,23.373786273416112,23.051483910180075,3.868200394762994,5.998593443422885,4.04056750049589,PREPARATION,False,FAR_GUIDANCE,0,False,inf,0.08407068252563477,0.0,True,True,TRACKING,0,0.0320742130279541,-0.0644684091102065,-0.21876341310564612,3,0,0.0320742130279541,0.05091142654418945,inf,VISION,,1:5,2,HORIZON_INSUFFICIENT,0.04980897903442383,0.0023517608642578125,False,HORIZON_INSUFFICIENT,0.0,0.0,0.0,False,0.0,0.15792448851616836,3.6173610974751167,SAFE,1.8272717334812,0.9987964630126953,20.027841567993164,20.024219512939453,,,0.0034575769677758217,0.0018589909886941314,,20.016601679257246,0.001674959000411036,0.005508674000338942,0.7505437284335604,1.6272282183491262,1.344203175294016,0.7800228147557376,0.8876525482206294,3.1857382345499796,0.7505437284335604,1.6272282183491262,1.344203175294016
13.994876146316528,13.994876146316528,1.4894444942474365,True,PERIODIC,True,True,1,FAR_GUIDANCE,15.915494743998986,6.679600329330313,-3.711709220668494,6.1223096075882495,1.4532504927476957,2.75013899459761,38.660486445931596,9.081366803723654,0.00913287950175169,2.949164741208119,-2.70230037731094,-0.23518231245924787,23.172134033206838,22.87144791478019,3.7208421001702456,6.02076362956123,4.0247361544419125,PREPARATION,False,FAR_GUIDANCE,0,False,inf,0.08220911026000977,0.0,True,True,TRACKING,0,0.034208059310913086,-0.05919699824227743,-0.21527238404500715,3,0,0.034208059310913086,0.05125284194946289,inf,VISION,,1:5,2,HORIZON_INSUFFICIENT,0.04980897903442383,0.0023517608642578125,False,HORIZON_INSUFFICIENT,0.0,0.0,0.0,False,0.0,0.14772674329534352,3.481709220668494,SAFE,1.6153933570239587,1.0002446174621582,19.996490478515625,19.999731063842773,,,0.003549546003341675,0.002361370949074626,,20.055379699847947,0.0007273410001289449,0.005508674000338942,0.7011857093648942,1.6272282183491262,1.2031910142365942,0.7578040440162146,1.033628171400586,2.9187919904089106,0.7011857093648942,1.6272282183491262,1.2031910142365942
14.0449059009552,14.0449059009552,1.5394742488861084,True,PERIODIC,True,True,1,FAR_GUIDANCE,16.224842695132523,6.7512112212078526,-3.5715950888304397,6.140250174291534,1.3846607983089025,2.7786101083714465,38.80803580277854,8.945969638730658,-0.0026574911857011048,2.945222855505753,-2.7065960783623653,-0.23558246821338072,22.968563103172126,22.689591786731594,3.5689375976447386,6.002661017201993,4.000716291786254,PREPARATION,False,FAR_GUIDANCE,0,False,inf,0.08420157432556152,0.0,True,True,TRACKING,0,0.08420157432556152,-0.05919699824227743,-0.2144427252459741,3,0,0.08420157432556152,0.05327248573303223,inf,VISION,,1:6,2,HORIZON_INSUFFICIENT,0.048551082611083984,0.0004093647003173828,False,HORIZON_INSUFFICIENT,0.0,0.0,0.0,False,0.0,0.13163086684432557,3.3415950888304398,SAFE,1.3929037198844412,1.0002446174621582,19.996490478515625,19.999731063842773,,,0.004091401118785143,0.002361370949074626,,20.000154596821027,0.001684949999798846,0.004647075999855588,0.6689497579057172,1.9241914397346458,0.9893637911207551,0.7324704646470234,1.2148322869653698,2.726586209936776,0.6689497579057172,1.9241914397346458,0.9893637911207551
14.094845294952393,14.094845294952393,1.5894136428833008,True,PERIODIC,True,True,1,FAR_GUIDANCE,16.540650101383275,6.820346958391201,-3.4288668726037637,6.162536742336746,1.3055145962888897,2.7593230702689957,38.95503067742445,8.810690787439372,-0.014402803580308078,2.9413681990738296,-2.7107845944444158,-0.23453077669878572,22.760151362504036,22.502575967329655,3.4144640690234556,5.955648313206155,3.972588709383082,PREPARATION,False,FAR_GUIDANCE,0,False,inf,0.08260178565979004,0.0,True,True,TRACKING,0,0.034601688385009766,-0.048311156511975095,-0.2057009386854648,3,0,0.034601688385009766,0.04749488830566406,inf,VISION,,1:6,2,HORIZON_INSUFFICIENT,0.048551082611083984,0.0004093647003173828,False,HORIZON_INSUFFICIENT,0.0,0.0,0.0,False,0.0,0.12208835562728737,3.1988668726037637,SAFE,1.2996092094528648,1.0003896951675415,20.036848068237305,20.029281616210938,,,0.004295708145946264,0.002361370949074626,,19.952223888556457,0.0021617319998767925,0.004647075999855588,0.6309829174907595,1.5724194021084492,1.005334155955268,0.7054429714017765,1.1741547819376035,2.4439674283120816,0.6309829174907595,1.5724194021084492,1.005334155955268
14.144984006881714,14.144984006881714,1.639552354812622,True,PERIODIC,True,True,1,FAR_GUIDANCE,16.83555514583441,6.8808226771735,-3.2981214750709396,6.186838149661165,1.2233217500301747,2.6975717320612564,39.10193114443044,8.675116234423871,-0.026067119861334625,2.937587740244584,-2.714880893955519,-0.2320343480872817,22.576920276775784,22.338553880688952,3.272054355209605,5.8863961872297565,3.9421299363874285,PREPARATION,False,FAR_GUIDANCE,0,False,inf,0.0841212272644043,0.0,True,True,TRACKING,0,0.0841212272644043,-0.048311156511975095,-0.20402720891248255,3,0,0.0841212272644043,0.05149412155151367,inf,VISION,,1:6,2,HORIZON_INSUFFICIENT,0.048551082611083984,0.0004093647003173828,False,HORIZON_INSUFFICIENT,0.0,0.0,0.0,False,0.0,0.10867884426328578,3.0681214750709396,SAFE,1.236117472702506,1.0003896951675415,20.036848068237305,20.029281616210938,,,0.0029997059609740973,0.002361370949074626,,19.998232345221673,0.0007905570000730222,0.004647075999855588,0.6073315900171447,1.455416243871401,0.8715476337727931,0.6808369388977427,1.1877577503167527,2.1886975884380075,0.6073315900171447,1.455416243871401,0.8715476337727931
14.19488787651062,14.19488787651062,1.6894562244415283,True,PERIODIC,True,True,1,FAR_GUIDANCE,17.148403602744366,6.940133667371359,-3.1643006146819976,6.214626887620596,1.1296894414686747,2.597991572704612,39.24875424515909,8.539237680616395,-0.037579409639337716,2.933880436222275,-2.718886828456123,-0.2281053073524313,22.377645489571076,22.158127902935693,3.12672120504266,5.793242629068724,3.9099885547133764,PREPARATION,False,FAR_GUIDANCE,0,False,inf,0.08228230476379395,0.0,True,True,TRACKING,0,0.034281015396118164,-0.03757932300513846,-0.19335004541682205,3,0,0.08228230476379395,0.049135446548461914,inf,VISION,,1:6,2,HORIZON_INSUFFICIENT,0.048551082611083984,0.0004093647003173828,False,HORIZON_INSUFFICIENT,0.0,0.0,0.0,False,0.0,0.0994168054329223,2.9343006146819977,SAFE,1.2228619525298088,1.0007050037384033,20.074569702148438,20.050552368164062,,,1.5698999050073326e-05,0.001375381019897759,,19.994504331000652,0.0016804290007712552,0.004647075999855588,0.5821928101174357,1.298668125436196,1.0403822122701412,0.6562632054336432,1.1630007706986993,1.9949799054104265,0.5821928101174357,1.298668125436196,1.0403822122701412
14.244857549667358,14.244857549667358,1.7394258975982666,True,PERIODIC,True,True,1,FAR_GUIDANCE,17.472959754219,6.996250226271136,-3.031933936368892,6.2442997637409645,1.02879169796788,2.4720625989954526,39.39547956840942,8.403081403219323,-0.048866413081283075,2.9302462057084204,-2.722803183105861,-0.2227656901510107,22.16922959447392,21.967613638354187,2.983067523287609,5.685025474453999,3.877857812652603,PREPARATION,False,FAR_GUIDANCE,0,False,inf,0.08412933349609375,0.0,True,True,TRACKING,0,0.08412933349609375,-0.03757932300513846,-0.1918662731193339,3,0,0.08412933349609375,0.05012106895446777,inf,VISION,,1:7,2,HORIZON_INSUFFICIENT,0.05480384826660156,0.00016736984252929688,False,HORIZON_INSUFFICIENT,0.0,0.0,0.0,False,0.0,0.08431476598560383,2.801933936368892,SAFE,1.2405812528722777,1.0007050037384033,20.074569702148438,20.050552368164062,,,0.003630002960562706,0.001375381019897759,,19.95905991892329,0.0007174899992605788,0.008226310000281956,0.38198647504889405,1.298668125436196,0.987121297938412,0.4620450840707167,1.3178105682619201,1.8064724052760133,0.38198647504889405,1.298668125436196,0.987121297938412
14.294854164123535,14.294854164123535,1.7894225120544434,True,PERIODIC,True,True,1,FAR_GUIDANCE,17.782324345790872,7.044424604667012,-2.9126044360019514,6.271346988892917,0.9331693620797576,2.3507678433329695,39.54181868291972,8.2669235276961,-0.05983641246478065,2.926691385225942,-2.7266238346431764,-0.2160607578739028,21.9797266320686,21.793808694772686,2.8527680235371706,5.582957676527201,3.847849242181622,PREPARATION,False,FAR_GUIDANCE,0,False,inf,0.08211421966552734,0.0,True,True,TRACKING,0,0.0341033935546875,-0.028591614389861138,-0.1540983440978443,3,0,0.0341033935546875,0.0474247932434082,inf,VISION,,1:7,2,HORIZON_INSUFFICIENT,0.05480384826660156,0.00016736984252929688,False,HORIZON_INSUFFICIENT,0.0,0.0,0.0,False,0.0,0.07677274502396214,2.6826044360019514,SAFE,1.2518216532975999,0.9988852143287659,20.011816024780273,20.026756286621094,,,0.0032235688995569944,0.001375381019897759,,20.027603247671518,0.0006412210004782537,0.008226310000281956,0.38198647504889405,1.3287020439580892,0.987121297938412,0.6040341821224726,1.286895346699913,1.6973043925761286,0.38198647504889405,1.3287020439580892,0.987121297938412
14.344973087310791,14.344973087310791,1.8395414352416992,True,PERIODIC,True,True,1,FAR_GUIDANCE,18.08246687255755,7.086267481316298,-2.803502832514619,6.296587647010519,0.8409101722612675,2.2243503736268857,39.68792628333681,8.130628987205116,-0.07043395870658577,2.9232113271355997,-2.730354470926097,-0.20802857899051094,21.802665726346184,21.630685779831676,2.7330688738080333,5.481794078247479,3.8188401696734093,PREPARATION,False,FAR_GUIDANCE,0,False,inf,0.08427548408508301,0.0,True,True,TRACKING,0,0.08427548408508301,-0.028591614389861138,-0.15242174208589787,3,0,0.08427548408508301,0.051886558532714844,inf,VISION,,1:7,2,HORIZON_INSUFFICIENT,0.05480384826660156,0.00016736984252929688,False,HORIZON_INSUFFICIENT,0.0,0.0,0.0,False,0.0,0.06756913235441919,2.573502832514619,SAFE,1.2724692927642425,0.9988852143287659,20.011816024780273,20.026756286621094,,,0.005944367963820696,0.001375381019897759,,19.982010823995733,0.0007738149997749133,0.008226310000281956,0.5075611672171383,0.9326911205994868,0.987121297938412,0.5774573344430579,1.0584965503860164,1.7357733832090736,0.5075611672171383,0.9326911205994868,0.987121297938412
14.394800424575806,14.394800424575806,1.8893687725067139,True,PERIODIC,True,True,1,FAR_GUIDANCE,18.39990352714958,7.125399561741649,-2.695354028245127,6.320937505566614,0.7462332386482537,2.092381155245378,39.834097637927485,7.993929503248001,-0.08061413043905012,2.919798440266696,-2.73400385299951,-0.1987002217900312,21.61055034400971,21.451783642340775,2.614739897806077,5.378554734479194,3.7904609379550664,PREPARATION,False,FAR_GUIDANCE,0,False,inf,0.0821080207824707,0.0,True,True,TRACKING,0,0.03410911560058594,-0.019023515802603804,-0.15178775797243613,3,0,0.03410911560058594,0.048516035079956055,inf,VISION,,1:7,2,HORIZON_INSUFFICIENT,0.05480384826660156,0.00016736984252929688,False,HORIZON_INSUFFICIENT,0.0,0.0,0.0,False,0.0,0.055068027056524915,2.465354028245127,SAFE,1.3025847946481008,0.99906986951828,20.035648345947266,20.053268432617188,,,0.00296609103679657,0.0014863810501992702,,20.063609969496138,0.0006230469998627086,0.008226310000281956,0.48296129585824354,0.9326911205994868,0.987121297938412,0.553004369458918,1.206506115419186,1.7745853601347432,0.48296129585824354,0.9326911205994868,0.987121297938412
14.444901943206787,14.444901943206787,1.9394702911376953,True,PERIODIC,True,True,1,FAR_GUIDANCE,18.735099561747948,7.161420322242425,-2.5883995915459286,6.343569869365846,0.6502470290532371,1.9583620987177237,39.980036046507564,7.857109655677883,-0.09029250477118635,2.916459103128843,-2.7375657617264477,-0.1881500835728822,21.402613132678923,21.256323997580722,2.498107086774742,5.275403137026591,3.7625234158270096,PREPARATION,False,FAR_GUIDANCE,0,False,inf,0.08412814140319824,0.0,True,True,TRACKING,0,0.08412814140319824,-0.019023515802603804,-0.14935343564386933,3,0,0.08412814140319824,0.051313161849975586,inf,VISION,,1:7,2,HORIZON_INSUFFICIENT,0.05480384826660156,0.00016736984252929688,False,HORIZON_INSUFFICIENT,0.0,0.0,0.0,False,0.0,0.0415447516069638,2.3583995915459286,SAFE,1.329497704703951,0.99906986951828,20.035648345947266,20.053268432617188,,,0.00569230318069458,0.0014863810501992702,,20.03895451744009,0.0008385599994653603,0.008226310000281956,0.4661409290471236,0.9940763830884161,0.987121297938412,0.5268475179739394,1.1569549500003475,1.8139654936001701,0.4661409290471236,0.9940763830884161,0.987121297938412
14.494847297668457,14.494847297668457,1.9894156455993652,True,PERIODIC,True,True,1,FAR_GUIDANCE,19.04580890640788,7.189986542713335,-2.495898629431618,6.362095066659681,0.5644268152955841,1.8362331406432009,40.1256718685711,7.720243042327418,-0.09940562955603913,2.913194115096735,-2.7410399573457056,-0.17645099075023216,21.222275400093558,21.08653111488382,2.3964929998755786,5.183813824925656,3.735626204387498,PREPARATION,False,FAR_GUIDANCE,0,False,inf,0.08212566375732422,0.0,True,True,TRACKING,0,0.034120798110961914,-0.01143402140345225,-0.14934133634833513,3,0,0.034120798110961914,0.04538679122924805,inf,VISION,,1:8,2,HORIZON_INSUFFICIENT,0.04984426498413086,0.0024852752685546875,False,HORIZON_INSUFFICIENT,0.0,0.0,0.0,False,0.0,0.033516001602491574,2.265898629431618,SAFE,1.3438398259194602,0.99906986951828,20.11470603942871,20.102148056030273,,,0.004966244101524353,0.0014863810501992702,,20.0214646220389,0.0009614089995011454,0.0069719309994979994,0.4477248750862152,0.8935206198443536,0.987121297938412,0.5031801895814489,1.1084947919241117,1.8527365754658964,0.4477248750862152,0.8935206198443536,0.987121297938412
14.544934034347534,14.544934034347534,2.0395023822784424,True,PERIODIC,True,True,1,FAR_GUIDANCE,19.354261365995235,7.214080959330628,-2.410303273605677,6.3783088537784005,0.48220106721984385,1.7145261357009627,40.27114315305134,7.58320791179425,-0.107906591457901,2.9099996473865786,-2.744431098098473,-0.1636658781891784,21.04645406909866,20.920138584644093,2.302396682147776,5.095873734939842,3.70901403979456,PREPARATION,False,FAR_GUIDANCE,0,False,inf,0.0842292308807373,0.0,True,True,TRACKING,0,0.03223371505737305,-0.01143402140345225,-0.14744526248673734,3,0,0.0842292308807373,0.051901817321777344,inf,VISION,,1:8,2,HORIZON_INSUFFICIENT,0.04984426498413086,0.0024852752685546875,False,HORIZON_INSUFFICIENT,0.0,0.0,0.0,False,0.0,0.02303001645103997,2.180303273605677,SAFE,1.366267185553963,0.99906986951828,20.11470603942871,20.102148056030273,,,0.00402725487947464,0.0014863810501992702,,20.011937084213496,0.0009028399999806425,0.0069719309994979994,0.4317322550943359,0.8089580325758133,0.987121297938412,0.47779910555148447,1.0562725151561483,1.8914902428295277,0.4317322550943359,0.8089580325758133,0.987121297938412
14.594749450683594,14.594749450683594,2.089317798614502,True,PERIODIC,True,True,1,FAR_GUIDANCE,19.67807887812827,7.235043732893142,-2.327029599344789,6.392397410565721,0.3999564853054816,1.5956090160919936,40.416737861747805,7.445739510867856,-0.11575776314674655,2.90686894653302,-2.7477468820257087,-0.14984557423542347,20.857279119848837,20.7397292448508,2.2112718361980424,5.010344987042841,3.6825545718926502,PREPARATION,False,FAR_GUIDANCE,0,False,inf,0.08215832710266113,0.0,True,True,TRACKING,0,0.034160614013671875,-0.007408144852735086,-0.14740048552760282,3,0,0.034160614013671875,0.05044078826904297,inf,VISION,,1:8,2,HORIZON_INSUFFICIENT,0.04984426498413086,0.0024852752685546875,False,HORIZON_INSUFFICIENT,0.0,0.0,0.0,False,0.0,0.015940903077961366,2.097029599344789,SAFE,1.3764075658959853,0.9995569586753845,19.96661376953125,19.976299285888672,,,1.5870999050093815e-05,0.0031674550846219063,,19.982471783442875,0.001298361999943154,0.0069719309994979994,0.3926196441287781,0.738343381598055,0.987121297938412,0.4550520015705958,1.0048011507468102,1.9298636452458209,0.3926196441287781,0.738343381598055,0.987121297938412
14.644927978515625,14.644927978515625,2.139496326446533,True,PERIODIC,True,True,1,FAR_GUIDANCE,20.012682820756734,7.252421061936767,-2.2473865114254883,6.404548042059415,0.3187813651808633,1.479060880332288,40.56198682435655,7.30828787232497,-0.12288467287922848,2.9038115568251137,-2.750977724818743,-0.13511914011691328,20.65890907562287,20.54937994521651,2.12450183854626,4.927895488756149,3.656462403956978,PREPARATION,False,FAR_GUIDANCE,0,False,inf,0.08414983749389648,0.0,True,True,TRACKING,0,0.08414959907531738,-0.007408144852735086,-0.14560793753660298,3,0,0.08414959907531738,0.0552515983581543,inf,VISION,,1:8,2,HORIZON_INSUFFICIENT,0.04984426498413086,0.0024852752685546875,False,HORIZON_INSUFFICIENT,0.0,0.0,0.0,False,0.0,0.005341785505625918,2.0173865114254883,SAFE,1.388572027816096,0.9995569586753845,19.96661376953125,19.976299285888672,,,0.003019393887370825,0.0031674550846219063,,19.999983938129674,0.0013036519994784612,0.0069719309994979994,0.3878013466996608,0.6771349059325985,0.987121297938412,0.4326869111996767,0.9554016858587605,1.9690083869411863,0.3878013466996608,0.6771349059325985,0.987121297938412
14.694752931594849,14.694752931594849,2.189321279525757,True,PERIODIC,True,True,1,FAR_GUIDANCE,20.32868473999569,7.264998266496722,-2.177644258468169,6.413370223653477,0.24593135140809036,1.380514698140825,40.707276708581865,7.170494353709895,-0.129262058038176,2.9008187482592813,-2.754133364553623,-0.11953873936051468,20.481499243236453,20.378811094164863,2.048382200429993,4.856806201879169,3.6310827302875386,PREPARATION,False,FAR_GUIDANCE,0,False,inf,0.03577303886413574,0.0,True,True,TRACKING,0,0.03577303886413574,-0.004838022906929884,-0.14561250001547135,3,0,0.03577303886413574,0.00596165657043457,inf,VISION,,1:8,2,HORIZON_INSUFFICIENT,0.04984426498413086,0.0024852752685546875,False,HORIZON_INSUFFICIENT,0.0,0.0,0.0,False,0.0,-0.0012083620824454577,1.947644258468169,SAFE,1.3891012869651604,0.9994413256645203,19.965412139892578,19.959720611572266,,,1.409800006513251e-05,0.0031674550846219063,,19.956745738093897,0.0015902949999144766,0.0069719309994979994,0.36417903988527667,0.630767101435804,0.987121297938412,0.41383613655719653,0.9078136355245275,2.006863874185756,0.36417903988527667,0.630767101435804,0.987121297938412
14.744963884353638,14.744963884353638,2.239532232284546,True,PERIODIC,True,True,1,FAR_GUIDANCE,20.63947783664883,7.273932261442015,-2.11373366690431,6.419816381744065,0.17682844952763063,1.2865646920029405,40.85195651523366,7.032984364040679,-0.1348241250321234,2.897903174110877,-2.7572009708177063,-0.10327260520631784,20.310549800446594,20.2139147673455,1.9789095418721865,4.789994675807795,3.605515872586241,PREPARATION,False,FAR_GUIDANCE,0,False,inf,0.032161712646484375,0.0,True,True,TRACKING,0,0.032161712646484375,-0.003704123247503522,-0.14471895047668096,3,0,0.032161712646484375,0.010406255722045898,inf,VISION,,1:9,2,HORIZON_INSUFFICIENT,0.04787707328796387,0.004556179046630859,False,HORIZON_INSUFFICIENT,0.0,0.0,0.0,False,0.0,-0.009269894123900446,1.8837336669043099,SAFE,1.3896342511393869,0.9994413256645203,19.965412139892578,19.959720611572266,,,0.0033165079075843096,0.0031674550846219063,,19.98788463718622,0.002176291000068886,0.01520206999975926,0.3502980072617747,0.4004534862007705,0.987121297938412,0.39284980255292473,0.6740318652386207,2.006863874185756,0.3502980072617747,0.4004534862007705,0.987121297938412
14.796440839767456,14.796440839767456,2.2910091876983643,True,PERIODIC,True,True,1,FAR_GUIDANCE,20.9629083432738,7.279587256113838,-2.0518972707751493,6.424195155705838,0.1076961001784627,1.1964568428543296,40.996780656545305,6.895048490077858,-0.13956684889274829,2.8950489552871064,-2.7601977368462274,-0.08633801226864089,20.128609429603127,20.03756247468866,1.9123304218824009,4.724960381284073,3.5796201359723545,PREPARATION,False,FAR_GUIDANCE,0,False,inf,0.034122467041015625,0.0,True,True,TRACKING,0,0.034122467041015625,-0.003930904034699682,-0.14433897593712963,3,0,0.034122467041015625,0.00796055793762207,inf,VISION,,1:9,2,HORIZON_INSUFFICIENT,0.04787707328796387,0.004556179046630859,False,HORIZON_INSUFFICIENT,0.0,0.0,0.0,False,0.0,-0.015423733042777776,1.8218972707751493,SAFE,1.3865261870836434,1.0002102851867676,20.151159286499023,20.013973236083984,,,1.665600029809866e-05,0.0031674550846219063,,20.04242188747672,0.0012525980000646086,0.01520206999975926,0.3287461333227484,0.4004534862007705,0.987121297938412,0.37713396181488434,0.8109788320144268,2.006863874185756,0.3287461333227484,0.4004534862007705,0.987121297938412
14.845038414001465,14.845038414001465,2.339606761932373,True,PERIODIC,True,True,1,FAR_GUIDANCE,21.300350627096098,7.281783541107794,-1.9920830462874186,6.4269615010582575,0.03787098836657021,1.1075289794492125,41.141649764379416,6.756786975550602,-0.14345351796760444,2.8922578199268263,-2.763122274361401,-0.06884834853327304,19.934146683065784,19.84824357088069,1.8486295283198142,4.660853675995717,3.5535650583446063,PREPARATION,False,FAR_GUIDANCE,0,False,inf,0.08408379554748535,0.0,True,True,TRACKING,0,0.08408379554748535,-0.003930904034699682,-0.14312130732472608,3,0,0.08408379554748535,0.0579218864440918,inf,VISION,,1:9,2,HORIZON_INSUFFICIENT,0.04787707328796387,0.004556179046630859,False,HORIZON_INSUFFICIENT,0.0,0.0,0.0,False,0.0,-0.024652913049177716,1.7620830462874186,SAFE,1.3800501130868696,1.0002102851867676,20.151159286499023,20.013973236083984,,,4.3159001506865025e-05,0.0031674550846219063,,19.944109686404698,0.00215520599977026,0.01520206999975926,0.3307129418629004,0.4916693033181516,0.987121297938412,0.36039170710030477,0.7637581195761499,2.006863874185756,0.3307129418629004,0.4916693033181516,0.987121297938412
14.894806385040283,14.894806385040283,2.3893747329711914,True,PERIODIC,True,True,1,FAR_GUIDANCE,21.618910135511165,7.280521364114178,-1.9397149726973835,6.427671347750605,-0.025891750691767378,1.0327194750045214,41.28628185153246,6.61847564122965,-0.14645172107030233,2.8895347262183178,-2.7659698237649724,-0.05094548970753261,19.760050805728717,19.678511497451833,1.7932632516270812,4.604429210543784,3.5280824119732506,PREPARATION,False,FAR_GUIDANCE,0,False,inf,0.034110069274902344,0.0,True,True,TRACKING,0,0.034110069274902344,-0.003704123247503522,-0.14320760804828317,3,0,0.034110069274902344,0.006575584411621094,inf,VISION,,1:9,2,HORIZON_INSUFFICIENT,0.04787707328796387,0.004556179046630859,False,HORIZON_INSUFFICIENT,0.0,0.0,0.0,False,0.0,-0.03038361918162691,1.7097149726973835,SAFE,1.3722939497994957,0.9998010396957397,19.91393280029297,19.918560028076172,,,0.003892759094014764,0.002911648014560342,,20.00150491091384,0.0007087250005497481,0.01520206999975926,0.3105986956068359,0.45753761325630005,0.987121297938412,0.34823200182266406,0.7198811036102877,2.006863874185756,0.3105986956068359,0.45753761325630005,0.987121297938412
14.944873809814453,14.944873809814453,2.4394421577453613,True,PERIODIC,True,True,1,FAR_GUIDANCE,21.927773614668403,7.276433462591764,-1.8925022992788125,6.426891677149359,-0.08620708673354228,0.9626700276082901,41.43071276887008,6.480087546801087,-0.14854515223746015,2.886878372390236,-2.7687421806707646,-0.03273660694421826,19.596943358616056,19.51919062026111,1.7439571470413524,4.551760439235301,3.5026066810628955,PREPARATION,False,FAR_GUIDANCE,0,False,inf,0.03254580497741699,0.0,True,True,TRACKING,0,0.03254580497741699,-0.003704123247503522,-0.1426331435256909,3,0,0.03254580497741699,0.0056722164154052734,inf,VISION,,1:10,2,HORIZON_INSUFFICIENT,0.04781651496887207,0.0017368793487548828,False,HORIZON_INSUFFICIENT,0.0,0.0,0.0,False,0.0,-0.03836719622281848,1.6625022992788125,SAFE,1.3622006161421154,0.9998010396957397,19.91393280029297,19.918560028076172,,,1.6977999621303752e-05,0.002911648014560342,,19.952993207770902,0.0011433199997554766,0.013300231000357599,0.3105270697103073,0.4217497493160484,4.363226580131878,0.33504619003447067,0.6748900723909989,1.8468253569268192,0.3105270697103073,0.4217497493160484,4.363226580131878
14.994886636734009,14.994886636734009,2.489454984664917,True,PERIODIC,True,True,1,FAR_GUIDANCE,22.24857878045916,7.2691548070588,-1.847037877696737,6.42461948450514,-0.14700907163468452,0.8954473813374354,41.57498111368146,6.3415927743981335,-0.14972233287345882,2.8842874813390904,-2.771441091741011,-0.014329850586167746,19.422952363858403,19.34864849207856,1.6973155448232782,4.499920969586875,3.4769037662343982,PREPARATION,False,FAR_GUIDANCE,0,False,inf,0.034247636795043945,0.0,True,True,TRACKING,0,0.034247636795043945,-0.003704123247503522,-0.1424342744151523,3,0,0.034247636795043945,0.007077693939208984,inf,VISION,,1:10,2,HORIZON_INSUFFICIENT,0.04781651496887207,0.0017368793487548828,False,HORIZON_INSUFFICIENT,0.0,0.0,0.0,False,0.0,-0.043941448274789074,1.6170378776967371,SAFE,1.353689393772833,0.9999292492866516,20.065637588500977,20.053009033203125,,,1.4428000213229097e-05,0.002911648014560342,,19.98979487149901,0.0013627309999719728,0.013300231000357599,0.28303640713566364,0.3973646772207833,4.363226580131878,0.3228881286387923,0.6344541914749328,1.9876094370289985,0.28303640713566364,0.3973646772207833,4.363226580131878
15.044968128204346,15.044968128204346,2.539536476135254,True,PERIODIC,True,True,1,FAR_GUIDANCE,22.585754966434582,7.258377515590032,-1.8028130287754072,6.420937679920205,-0.20927929091343922,0.8288324901543445,41.719113412999754,6.202972684238293,-0.14997657197239714,2.8817610619168743,-2.774067984390385,0.004164198366649307,19.233594389913826,19.162444645785342,1.65283645680301,4.447919734784869,3.4508623261656326,PREPARATION,False,FAR_GUIDANCE,0,False,inf,0.08427596092224121,0.0,True,True,TRACKING,0,0.08427596092224121,-0.004321469985013684,-0.1415702467447479,3,0,0.08427596092224121,0.05710601806640625,inf,VISION,,1:10,2,HORIZON_INSUFFICIENT,0.04781651496887207,0.0017368793487548828,False,HORIZON_INSUFFICIENT,0.0,0.0,0.0,False,0.0,-0.053077549017772174,1.5728130287754072,SAFE,1.3400790430377014,0.9999292492866516,20.065637588500977,20.053009033203125,,,0.01171067263931036,0.002911648014560342,,20.011379287918132,0.002139419000741327,0.013300231000357599,0.30016825271934694,0.3660831280702513,4.411930729478681,0.3176401494585078,0.5929669969694792,2.245806026207504,0.30016825271934694,0.3660831280702513,4.411930729478681
15.09497880935669,15.09497880935669,2.5895471572875977,True,PERIODIC,True,True,1,FAR_GUIDANCE,22.902366523885547,7.24534192891089,-1.7642905544495964,6.416294423822999,-0.2663170216465332,0.7730757648632862,41.8630807921833,6.064261821682778,-0.1493067107719793,2.8792991138219715,-2.776623239322182,0.02262743522768297,19.06598564457289,18.997463930317643,1.6149838436776172,4.40172077998175,3.42552689642657,PREPARATION,False,FAR_GUIDANCE,0,False,inf,0.08225488662719727,0.0,True,True,TRACKING,0,0.03425312042236328,-0.00422399439127034,-0.14177744402223005,3,0,0.03425312042236328,0.038153648376464844,inf,VISION,,1:10,2,HORIZON_INSUFFICIENT,0.04781651496887207,0.0017368793487548828,False,HORIZON_INSUFFICIENT,0.0,0.0,0.0,False,0.0,-0.05884369450708116,1.5342905544495964,SAFE,1.3299011663972777,1.0003410577774048,20.04429817199707,20.032119750976562,,,0.0034772870130836964,0.004704455845057964,,20.03813824724887,0.0013068199996268959,0.013300231000357599,0.2929255257253024,0.3245417436847773,3.4740459903238863,0.31277515270395956,0.5560579251236999,2.2112018288174915,0.2929255257253024,0.3245417436847773,3.4740459903238863
15.145053386688232,15.145053386688232,2.6396217346191406,True,PERIODIC,True,True,1,FAR_GUIDANCE,23.20754273080065,7.23013069727315,-1.7296952758506374,6.411124897205503,-0.32036336795452247,0.7214156310394036,42.00692517337057,5.925426482696942,-0.14771709773769776,2.8769004316841107,-2.779108473265442,0.04095108610423694,18.910888087701345,18.844602232722742,1.5819781781129396,4.358807412870428,3.400674893034074,PREPARATION,False,FAR_GUIDANCE,0,False,inf,0.03208494186401367,0.0,True,True,TRACKING,0,0.03208494186401367,-0.00422399439127034,-0.14143707917242956,3,0,0.03208494186401367,0.010129928588867188,inf,VISION,,1:10,2,HORIZON_INSUFFICIENT,0.04781651496887207,0.0017368793487548828,False,HORIZON_INSUFFICIENT,0.0,0.0,0.0,False,0.0,-0.06692109138834779,1.4996952758506374,SAFE,1.3165398608267587,1.0003410577774048,20.04429817199707,20.032119750976562,,,0.003378459019586444,0.004704455845057964,,20.03249671641791,0.0007547969998995541,0.013300231000357599,0.30722000207879985,0.30735344071887627,3.095724268019221,0.3072705067607645,0.5207783966333779,2.192080559297451,0.30722000207879985,0.30735344071887627,3.095724268019221
15.194782733917236,15.194782733917236,2.6893510818481445,True,PERIODIC,True,True,1,FAR_GUIDANCE,23.534797844104496,7.210932746318045,-1.695272949068853,6.404983700569144,-0.3771383758586897,0.6704080576025583,42.151061615834145,5.786071571349708,-0.145209093171117,2.8745579049612195,-2.781531385950006,0.05907362270337974,18.734946067280433,18.670712524875583,1.550063855897736,4.3149440131435455,3.3757780125115024,PREPARATION,False,FAR_GUIDANCE,0,False,inf,0.08219671249389648,0.0,True,True,TRACKING,0,0.03419995307922363,-0.003704123247503522,-0.1414024999648836,3,0,0.03419995307922363,0.06024169921875,inf,VISION,,1:11,2,HORIZON_INSUFFICIENT,0.046380043029785156,0.00011610984802246094,False,HORIZON_INSUFFICIENT,0.0,0.0,0.0,False,0.0,-0.07277510596576198,1.465272949068853,SAFE,1.3065512166949353,1.0004851818084717,19.9582576751709,19.959997177124023,,,4.297299892641604e-05,0.004704455845057964,,20.034526294195523,0.0014091670000198064,0.0089391080000496,0.2832410622376957,0.2857674034363474,2.723865514759569,0.306717919091373,0.4921452999999265,2.121626022000565,0.2832410622376957,0.2857674034363474,2.723865514759569
15.244871854782104,15.244871854782104,2.7394402027130127,True,PERIODIC,True,True,1,FAR_GUIDANCE,23.86872085975865,7.188434739491797,-1.6626328362038796,6.398183048658288,-0.4341444692553865,0.621286924473653,42.29437732195371,5.647280144089825,-0.1418203062858598,2.872288996795283,-2.7838742642024528,0.07674430412205624,18.55243499654196,18.489996580577273,1.5208125299180197,4.271965079398973,3.351245424225064,PREPARATION,False,FAR_GUIDANCE,0,False,inf,0.08418989181518555,0.0,True,True,TRACKING,0,0.08418989181518555,-0.0026546275659354735,-0.14075608158379282,3,0,0.08418989181518555,0.05493760108947754,inf,VISION,,1:11,2,HORIZON_INSUFFICIENT,0.046380043029785156,0.00011610984802246094,False,HORIZON_INSUFFICIENT,0.0,0.0,0.0,False,0.0,-0.08203233030889479,1.4326328362038796,SAFE,1.2911924325258013,1.0004851818084717,19.9582576751709,19.959997177124023,,,0.0031952781137079,0.004704455845057964,,19.921340332103266,0.0018109150005329866,0.0089391080000496,0.1508935422120978,0.2646940118829139,2.723865514759569,0.18357158486642433,0.46265334526556484,2.2711056434621377,0.1508935422120978,0.2646940118829139,2.723865514759569
15.294803857803345,15.294803857803345,2.789372205734253,True,PERIODIC,True,True,1,FAR_GUIDANCE,24.183988257582694,7.164425050909251,-1.6338826799230612,6.391301146460828,-0.48702989817493214,0.5800857796723569,42.43783337807595,5.508128931384783,-0.13755321690893765,2.8700777837753915,-2.7861538929281955,0.09397396535699912,18.389811863648617,18.328834619759853,1.4963294630141235,4.2333544393529,3.327669670038969,PREPARATION,False,FAR_GUIDANCE,0,False,inf,0.0341339111328125,0.0,True,True,TRACKING,0,0.0341339111328125,-0.0031066882277779482,-0.14106865333881383,3,0,0.0341339111328125,0.008637428283691406,inf,VISION,,1:11,2,HORIZON_INSUFFICIENT,0.046380043029785156,0.00011610984802246094,False,HORIZON_INSUFFICIENT,0.0,0.0,0.0,False,0.0,-0.08786083435582848,1.4038826799230613,SAFE,1.2807916418275653,1.0001344680786133,20.02566146850586,20.015451431274414,,,1.3597000361187384e-05,0.004704455845057964,,20.04282010706033,0.0013089390004097368,0.0089391080000496,0.1489993080724199,0.24931925457430276,2.4727114164750517,0.1818252886441917,0.4414336256147135,2.189572123235101,0.1489993080724199,0.24931925457430276,2.4727114164750517
15.344873428344727,15.344873428344727,2.8394417762756348,True,PERIODIC,True,True,1,FAR_GUIDANCE,24.490825458271235,7.138438674686582,-1.607768115355557,6.384180783601676,-0.537917535009611,0.5414930296763723,42.58147620325285,5.368577972873916,-0.13242787187776303,2.8679234835345175,-2.78837136920304,0.11065876892531175,18.236794677649627,18.177019867974085,1.475340243477794,4.196930547477335,3.304529174725912,PREPARATION,False,FAR_GUIDANCE,0,False,inf,0.032695770263671875,0.0,True,True,TRACKING,0,0.032695770263671875,-0.0031066882277779482,-0.14084409869397604,3,0,0.032695770263671875,0.008751392364501953,inf,VISION,,1:11,2,HORIZON_INSUFFICIENT,0.046380043029785156,0.00011610984802246094,False,HORIZON_INSUFFICIENT,0.0,0.0,0.0,False,0.0,-0.09609956911412176,1.377768115355557,SAFE,1.2672213886105965,1.0001344680786133,20.02566146850586,20.015451431274414,,,0.004306726157665253,0.004704455845057964,,19.96636085167196,0.0015373919995909091,0.0089391080000496,0.1489993080724199,0.24848567488005832,1.6353423635600335,0.3068563501876547,0.42109496861526874,1.8538971271516804,0.1489993080724199,0.24848567488005832,1.6353423635600335
15.394795656204224,15.394795656204224,2.889364004135132,True,PERIODIC,True,True,1,FAR_GUIDANCE,24.812148669437885,7.10845690434567,-1.5824849290319791,6.376513794862856,-0.5904620375569231,0.5038750912054497,42.72465847702985,5.229262564707452,-0.12649952009312315,2.86583537011841,-2.790517448678341,0.12662091091831384,18.06956757878421,18.010812834883566,1.455985408938856,4.160219649311187,3.2817612464977306,PREPARATION,False,FAR_GUIDANCE,0,False,inf,0.08217906951904297,0.0,True,True,TRACKING,0,0.034172773361206055,-0.0024308372107380953,-0.14084163872641,3,0,0.034172773361206055,0.05823469161987305,inf,VISION,,1:12,2,HORIZON_INSUFFICIENT,0.05022931098937988,0.0003459453582763672,False,HORIZON_INSUFFICIENT,0.0,0.0,0.0,False,0.0,-0.10178308050260299,1.3524849290319791,SAFE,1.2577652951018081,1.0004655122756958,20.061609268188477,20.03672981262207,,,0.00512862391769886,0.0016222799895331264,,19.9943086862785,0.0013459929996315623,0.008632275999843841,0.2908770990905002,0.2399444488501718,1.6353423635600335,0.3102085688012624,0.40818506516579506,1.997099075233526,0.2908770990905002,0.2399444488501718,1.6353423635600335
15.44514536857605,15.44514536857605,2.939713716506958,True,PERIODIC,True,True,1,FAR_GUIDANCE,25.14381325377617,7.074802901261503,-1.5583700878172408,6.368088834285479,-0.6440007792507216,0.4670993019576321,42.86781020856188,5.089771161867013,-0.11978943464759967,2.8638066121718757,-2.7925994499893187,0.14181160501480597,17.892734093908917,17.83480919605412,1.4385806531696412,4.123382376872594,3.2590214082598647,PREPARATION,False,FAR_GUIDANCE,0,False,inf,0.0842134952545166,0.0,True,True,TRACKING,0,0.0842134952545166,-0.0024308372107380953,-0.14034172187234648,3,0,0.0842134952545166,0.05164003372192383,inf,VISION,,1:12,2,HORIZON_INSUFFICIENT,0.05022931098937988,0.0003459453582763672,False,HORIZON_INSUFFICIENT,0.0,0.0,0.0,False,0.0,-0.11120543185160159,1.3283700878172409,SAFE,1.2437206879711418,1.0004655122756958,20.061609268188477,20.03672981262207,,,0.00532039999961853,0.0016222799895331264,,19.97808351048895,0.0016239739998127334,0.008632275999843841,0.3211458030171979,0.24236368558877622,1.5383837647478105,0.3116679355749175,0.3964028837532671,1.8895179497265144,0.3211458030171979,0.24236368558877622,1.5383837647478105
15.494791746139526,15.494791746139526,2.9893600940704346,True,PERIODIC,True,True,1,FAR_GUIDANCE,25.458693040179554,7.040333804601748,-1.5372195266095787,6.359482423165065,-0.6940217093126664,0.43604906997428555,43.01123040739432,4.949817647567493,-0.1123216278407897,2.861832870266269,-2.7946220894180893,0.15616474346135545,17.733926802944904,17.676589768116813,1.424897898768789,4.089548824506169,3.2367389731083227,PREPARATION,False,FAR_GUIDANCE,0,False,inf,0.03410458564758301,0.0,True,True,TRACKING,0,0.03410458564758301,-0.001852067976589872,-0.14059501931523585,3,0,0.03410458564758301,0.007950305938720703,inf,VISION,,1:12,2,HORIZON_INSUFFICIENT,0.05022931098937988,0.0003459453582763672,False,HORIZON_INSUFFICIENT,0.0,0.0,0.0,False,0.0,-0.1170440405851938,1.3072195266095787,SAFE,1.2348410897447188,0.9996421337127686,20.052968978881836,20.04762840270996,,,3.0716000765096396e-05,0.0016222799895331264,,20.005903480256755,0.000979733999884047,0.008632275999843841,0.32201983643461113,0.23273947602196837,1.2151919336690424,0.31653209218896744,0.3894647791264387,1.786657666905538,0.32201983643461113,0.23273947602196837,1.2151919336690424
15.544859170913696,15.544859170913696,3.0394275188446045,True,PERIODIC,True,True,1,FAR_GUIDANCE,25.761603489909053,7.004882398254861,-1.51837867779962,6.350792306685727,-0.7417666691386253,0.40743137290253034,43.15404595303414,4.810260453007351,-0.10418868553698762,2.859925713567469,-2.7965737810534517,0.16950572122223376,17.587306605898885,17.530357107477265,1.4141899922626324,4.057707536756723,3.21491203449767,PREPARATION,False,FAR_GUIDANCE,0,False,inf,0.08414745330810547,0.0,True,True,TRACKING,0,0.03214597702026367,-0.001852067976589872,-0.14032060423874887,3,0,0.08414745330810547,0.057993173599243164,inf,VISION,,1:12,2,HORIZON_INSUFFICIENT,0.05022931098937988,0.0003459453582763672,False,HORIZON_INSUFFICIENT,0.0,0.0,0.0,False,0.0,-0.1229337303582887,1.28837867779962,SAFE,1.2265969237729293,0.9996421337127686,20.052968978881836,20.04762840270996,,,0.004147874191403389,0.0016222799895331264,,20.009163485458842,0.0015655699999115313,0.008632275999843841,0.32955867683081497,0.2546430876264396,1.019210278460202,0.3188501833622162,0.3892839138252964,1.6798798873547351,0.32955867683081497,0.2546430876264396,1.019210278460202
15.594830751419067,15.594830751419067,3.0893990993499756,True,PERIODIC,True,True,1,FAR_GUIDANCE,26.080515760712277,6.965067563945266,-1.5000107921443273,6.341200101189541,-0.7915183195242647,0.38015216162079113,43.29698144239998,4.670398189261066,-0.09540183935347334,2.8580749366917613,-2.798465232275431,0.18182256905829403,17.425416047202553,17.36871319666037,1.404608952790854,4.024839307282358,3.1930601032932477,PREPARATION,False,FAR_GUIDANCE,0,False,inf,0.0823814868927002,0.0,True,True,TRACKING,0,0.03439211845397949,-0.0015252330125043023,-0.14043291541244307,3,0,0.03439211845397949,0.05045509338378906,inf,VISION,,1:12,2,HORIZON_INSUFFICIENT,0.05022931098937988,0.0003459453582763672,False,HORIZON_INSUFFICIENT,0.0,0.0,0.0,False,0.0,-0.1312238676133508,1.2700107921443273,SAFE,1.2154981948534866,1.0000407695770264,20.011795043945312,20.009082794189453,,,0.0030296400655061007,0.0017955240327864885,,20.001268969283714,0.0013196569998399355,0.008632275999843841,0.2751875429146135,0.2648345979700359,0.7745533924897551,0.2993064392802487,0.39224432810051474,1.5781015594918781,0.2751875429146135,0.2648345979700359,0.7745533924897551
15.644878387451172,15.644878387451172,3.13944673538208,True,PERIODIC,True,True,1,FAR_GUIDANCE,26.41089281333973,6.921271652002815,-1.482173158253057,6.331135096594831,-0.8424756302229212,0.35447180993991334,43.43989629210446,4.530373893695124,-0.08602216800578232,2.856282195068366,-2.8002949884137984,0.1930238769161535,17.252611082326943,17.19602720312055,1.3961509902472748,3.991706998469637,3.17156293989816,PREPARATION,False,FAR_GUIDANCE,0,False,inf,0.08412551879882812,0.0,True,True,TRACKING,0,0.08412551879882812,-0.001288395874386045,-0.1400555939334946,3,0,0.08412551879882812,0.05076313018798828,inf,VISION,,1:13,2,HORIZON_INSUFFICIENT,0.050089120864868164,0.00018835067749023438,False,HORIZON_INSUFFICIENT,0.0,0.0,0.0,False,0.0,-0.14052931707566874,1.252173158253057,SAFE,1.2030077576435978,1.0000407695770264,20.011795043945312,20.009082794189453,,,0.0029397800099104643,0.0017955240327864885,,20.01954330131467,0.0009094319993891986,0.008395397000640514,0.2060817583716324,0.286543998237725,0.6531346812962221,0.2316727834041502,0.3955838670152727,1.480292123655189,0.2060817583716324,0.286543998237725,0.6531346812962221
15.694945335388184,15.694945335388184,3.189513683319092,True,PERIODIC,True,True,1,FAR_GUIDANCE,26.72283753592907,6.877555457682889,-1.4663326102424226,6.321355688713032,-0.8897322478693914,0.33173407543976285,43.582695649894106,4.390286413279812,-0.07611366528599901,2.8545483780422796,-2.80206237571832,0.20303239773289555,17.09894826114151,17.042339127076378,1.3902189449564235,3.961353754594941,3.1506220455507052,PREPARATION,False,FAR_GUIDANCE,0,False,inf,0.08209729194641113,0.0,True,True,TRACKING,0,0.03409910202026367,-0.00036012472497463205,-0.1402980779986507,3,0,0.03409910202026367,0.0492405891418457,inf,VISION,,1:13,2,HORIZON_INSUFFICIENT,0.050089120864868164,0.00018835067749023438,False,HORIZON_INSUFFICIENT,0.0,0.0,0.0,False,0.0,-0.14646161610219322,1.2363326102424226,SAFE,1.195431727676486,0.9983783960342407,20.023035049438477,20.003883361816406,,,1.898099981190171e-05,0.0017955240327864885,,19.99523176162622,0.0016308530002788757,0.008395397000640514,0.2060817583716324,0.28426959454580625,0.49319792801332,0.33016131385924846,0.4038908173714784,1.388684279943126,0.2060817583716324,0.28426959454580625,0.49319792801332
15.745068550109863,15.745068550109863,3.2396368980407715,True,PERIODIC,True,True,1,FAR_GUIDANCE,27.026588076745405,6.832813905481938,-1.4517843057755828,6.311872615963452,-0.9355256764774268,0.310331839402792,43.72525657734786,4.250262626786886,-0.06574707835722385,2.8528745545919696,-2.803766533747357,0.21177994128744768,16.95394349394534,16.897192098100263,1.386037227418359,3.932518781387636,3.1303885597348,PREPARATION,False,FAR_GUIDANCE,0,False,inf,0.08425378799438477,0.0,True,True,TRACKING,0,0.08425378799438477,-0.00036012472497463205,-0.14010495333354328,3,0,0.08425378799438477,0.051076650619506836,inf,VISION,,1:13,2,HORIZON_INSUFFICIENT,0.050089120864868164,0.00018835067749023438,False,HORIZON_INSUFFICIENT,0.0,0.0,0.0,False,0.0,-0.1523422541387216,1.2217843057755828,SAFE,1.1882254540231656,0.9983783960342407,20.023035049438477,20.003883361816406,,,0.004237729124724865,0.0017955240327864885,,19.97731726326128,0.002422179999484797,0.008395397000640514,0.3371558129123017,0.22328866232257488,0.18726966711067297,0.332286404810242,0.3352439006505502,1.0795521540674324,0.3371558129123017,0.22328866232257488,0.18726966711067297
15.795016527175903,15.795016527175903,3.2895848751068115,True,PERIODIC,True,True,1,FAR_GUIDANCE,27.343148497615548,6.78393846216226,-1.437577520942353,6.301688866179692,-0.9827313388310767,0.29012533515784833,43.867987852393824,4.109906764888163,-0.05495642888286526,2.8512556809944414,-2.805412811262707,0.21923607723192992,16.796797382342362,16.739795734095907,1.3826210920594877,3.9029068913135063,3.1102333291460655,PREPARATION,False,FAR_GUIDANCE,0,False,inf,0.08225846290588379,0.0,True,True,TRACKING,0,0.08225846290588379,0.0,-0.14002212150928592,3,0,0.08225846290588379,0.04950904846191406,inf,VISION,,1:13,2,HORIZON_INSUFFICIENT,0.050089120864868164,0.00018835067749023438,False,HORIZON_INSUFFICIENT,0.0,0.0,0.0,False,0.0,-0.16049899089333985,1.207577520942353,SAFE,1.178473822541968,1.0003489255905151,20.046348571777344,20.03007698059082,,,0.005625429097563028,0.003680186113342643,,20.049284566697043,0.0008724039998924127,0.008395397000640514,0.21992125098153376,0.23610273933295128,0.18726966711067297,0.2417132209590921,0.34626982011442436,1.2139919247182105,0.21992125098153376,0.23610273933295128,0.18726966711067297
15.844873666763306,15.844873666763306,3.339442014694214,True,PERIODIC,True,True,1,FAR_GUIDANCE,27.672396294196936,6.730924189712155,-1.4236108049928915,6.290877448284729,-1.0313532507804057,0.2709974023537725,44.010478689351515,3.969628484094849,-0.043839065462656396,2.8496961786398343,-2.806996916536519,0.22533201336093672,16.627130250825815,16.5697824465115,1.3797717395302351,3.872560430264004,3.0902647016803755,PREPARATION,False,FAR_GUIDANCE,0,False,inf,0.08408880233764648,0.0,True,True,TRACKING,0,0.08408880233764648,-0.00019242286455700545,-0.1400096476425689,3,0,0.08408880233764648,0.04698467254638672,inf,VISION,,1:13,2,HORIZON_INSUFFICIENT,0.050089120864868164,0.00018835067749023438,False,HORIZON_INSUFFICIENT,0.0,0.0,0.0,False,0.0,-0.16980730686319712,1.1936108049928915,SAFE,1.1675489554104628,1.0003489255905151,20.046348571777344,20.03007698059082,,,0.0030113530810922384,0.003680186113342643,,20.00399016615819,0.0007717819999015774,0.008395397000640514,0.22455037616527487,0.23610273933295128,0.24730880221344956,0.24411626017546623,0.43160548685867495,1.1324415100250689,0.22455037616527487,0.23610273933295128,0.24730880221344956
15.894864082336426,15.894864082336426,3.389432430267334,True,PERIODIC,True,True,1,FAR_GUIDANCE,27.982741592353165,6.678711464084118,-1.4112219294906458,6.280575090064829,-1.0767307767768062,0.25411185230945427,44.15305658600371,3.829111204661859,-0.03243833120921281,2.848192182770398,-2.808522973024361,0.23004393812288587,16.477267760258947,16.419479548158,1.378783598281433,3.844598275212144,3.0709570591217106,PREPARATION,False,FAR_GUIDANCE,0,False,inf,0.03412508964538574,0.0,True,True,TRACKING,0,0.03412508964538574,0.00019242286455700545,-0.1402193861793734,3,0,0.03412508964538574,0.008031129837036133,inf,VISION,,1:14,2,HORIZON_INSUFFICIENT,0.06792497634887695,0.008010625839233398,False,HORIZON_INSUFFICIENT,0.0,0.0,0.0,False,0.0,-0.17568582974791758,1.1812219294906459,SAFE,1.1609702705087528,0.9996828436851501,20.119646072387695,20.105960845947266,,,1.603399869054556e-05,0.003680186113342643,,20.047796665684718,0.0007897639998191153,0.018444655000166676,0.22455037616527487,0.3420742768354054,0.14890527519976698,0.3384047252100194,0.442783618740748,1.0599982480162633,0.22455037616527487,0.3420742768354054,0.14890527519976698
15.944943904876709,15.944943904876709,3.439512252807617,True,PERIODIC,True,True,1,FAR_GUIDANCE,28.283235097340928,6.625991329346467,-1.3998880296181173,6.270626288833456,-1.1206250876464536,0.23782389749886734,44.29531725944395,3.6887592808217464,-0.020857185026507838,2.8467476400115976,-2.8099871661785927,0.23333056075461164,16.337558977495796,16.279253891773372,1.3790308445916095,3.817971899361717,3.052327114352553,PREPARATION,False,FAR_GUIDANCE,0,False,inf,0.03216409683227539,0.0,True,True,TRACKING,0,0.03216409683227539,0.00019242286455700545,-0.14013507798191452,3,0,0.03216409683227539,0.012141227722167969,inf,VISION,,1:14,2,HORIZON_INSUFFICIENT,0.06792497634887695,0.008010625839233398,False,HORIZON_INSUFFICIENT,0.0,0.0,0.0,False,0.0,-0.1838302565504355,1.1698880296181173,SAFE,1.1524539734353423,0.9996828436851501,20.119646072387695,20.105960845947266,,,0.003289903048425913,0.003680186113342643,,20.034823462922827,0.0007405859996651998,0.018444655000166676,0.33738916750833897,0.3708573903582646,0.1507687275763013,0.3377760962125404,0.45089807690277867,0.9897307734775788,0.33738916750833897,0.3708573903582646,0.1507687275763013
15.994816303253174,15.994816303253174,3.489384651184082,True,PERIODIC,True,True,1,FAR_GUIDANCE,28.600850457984976,6.567958401257288,-1.388563698171126,6.260073597834953,-1.1666804900271812,0.22181189378348404,44.43760420333979,3.5482398058147195,-0.009139630871107566,2.845358716064129,-2.811393564927879,0.23518166532291307,16.180985147515518,16.12208018794942,1.3794240673000184,3.79018964872834,3.0339923684844283,PREPARATION,False,FAR_GUIDANCE,0,False,inf,0.03415083885192871,0.0,True,True,TRACKING,0,0.03415083885192871,0.0006564298125269842,-0.14014601988882516,3,0,0.03415083885192871,0.008262157440185547,inf,VISION,,1:14,2,HORIZON_INSUFFICIENT,0.06792497634887695,0.008010625839233398,False,HORIZON_INSUFFICIENT,0.0,0.0,0.0,False,0.0,-0.18960893048096406,1.158563698171126,SAFE,1.1465170744642559,0.9995884299278259,20.117177963256836,20.08603858947754,,,1.259600048797438e-05,0.003680186113342643,,20.051201510461667,0.0007204909998108633,0.018444655000166676,0.23126005261722518,0.3826159870136409,0.058737961184286716,0.2450585680274381,0.46054131142456173,0.9303764698242172,0.23126005261722518,0.3826159870136409,0.058737961184286716
16.044857263565063,16.044857263565063,3.5394256114959717,True,PERIODIC,True,True,1,FAR_GUIDANCE,28.92193065195198,6.506949212157909,-1.3778631423274328,6.2491451835683876,-1.2131327485316457,0.20619922064493934,44.579858415459185,3.40761657031341,0.0026371837170590102,2.8440258156862694,-2.8127419290987303,0.23558303128204955,16.021309116992327,15.96172185799554,1.3805003260444917,3.7622401369939125,3.015910087489639,PREPARATION,False,FAR_GUIDANCE,0,False,inf,0.0841526985168457,0.0,True,True,TRACKING,0,0.0841526985168457,0.0006564298125269842,-0.13995411488313186,3,0,0.0841526985168457,0.05826401710510254,inf,VISION,,1:15,2,HORIZON_INSUFFICIENT,0.05795598030090332,0.004277229309082031,False,HORIZON_INSUFFICIENT,0.0,0.0,0.0,False,0.0,-0.19884923919096842,1.1478631423274328,SAFE,1.137767211350901,0.9995884299278259,20.117177963256836,20.08603858947754,,,0.0043274289928376675,0.003680186113342643,,19.997549859136974,0.0009530059996905038,0.011804449000010209,0.23126005261722518,0.39419048357814773,0.10476844705897792,0.33615647112728847,0.4672724171520541,0.8740052274732361,0.23126005261722518,0.39419048357814773,0.10476844705897792
16.09478259086609,16.09478259086609,3.589350938796997,True,PERIODIC,True,True,1,FAR_GUIDANCE,29.234851898832485,6.4451057196001,-1.3681141439926043,6.237962063618716,-1.2586725096856133,0.19255701624325622,44.72210560247906,3.266869721124566,0.014402538325976407,2.8427485140556463,-2.8140328508804613,0.23453081689132071,15.870335967458583,15.810003521287411,1.3825166823185808,3.7347533570557583,2.998121905616989,PREPARATION,False,FAR_GUIDANCE,0,False,inf,0.08215785026550293,0.0,True,True,TRACKING,0,0.034154653549194336,0.0009603323462288285,-0.1399169026729741,3,0,0.034154653549194336,0.04678821563720703,inf,VISION,,1:15,2,HORIZON_INSUFFICIENT,0.05795598030090332,0.004277229309082031,False,HORIZON_INSUFFICIENT,0.0,0.0,0.0,False,0.0,-0.20460626228604495,1.1381141439926044,SAFE,1.1324704718790808,0.9981808066368103,20.053016662597656,20.053512573242188,,,0.004500546958297491,0.0038314559496939182,,19.99437390076047,0.0013140999999450287,0.011804449000010209,0.3365898400674828,0.36723699854063235,0.06460223812241175,0.3348355927986473,0.45999750280059604,0.8288851425785918,0.3365898400674828,0.36723699854063235,0.06460223812241175
16.144896984100342,16.144896984100342,3.63946533203125,True,PERIODIC,True,True,1,FAR_GUIDANCE,29.533040080915594,6.38388790828419,-1.3593846390207736,6.227009149323357,-1.3023863783341736,0.18021050834003977,44.86405674067673,3.12629112219059,0.026059927925823772,2.8415290758083978,-2.815264199206794,0.2320363413499297,15.73440387465387,15.673289656056282,1.3854445669465973,3.708498422006178,2.9809012172430336,PREPARATION,False,FAR_GUIDANCE,0,False,inf,0.08415007591247559,0.0,True,True,TRACKING,0,0.032149314880371094,0.0009603323462288285,-0.13967841307693443,3,0,0.032149314880371094,0.052068471908569336,inf,VISION,,1:15,2,HORIZON_INSUFFICIENT,0.05795598030090332,0.004277229309082031,False,HORIZON_INSUFFICIENT,0.0,0.0,0.0,False,0.0,-0.21265934515203977,1.1293846390207736,SAFE,1.1255011677272158,0.9981808066368103,20.053016662597656,20.053512573242188,,,0.003339261980727315,0.0038314559496939182,,20.01731563455913,0.001749113000187208,0.011804449000010209,0.3356924619339149,0.330295481000452,0.11788247095381993,0.33125682467659806,0.4177529851069773,0.7892159013262661,0.3356924619339149,0.330295481000452,0.11788247095381993
16.19496750831604,16.19496750831604,3.6895358562469482,True,PERIODIC,True,True,1,FAR_GUIDANCE,29.846262609291763,6.317132363557962,-1.3508659687042122,6.215312075089418,-1.3484082993194426,0.16805012782478992,45.006111308987464,2.985490872326038,0.037570087354210725,2.8403638102912963,-2.816439849382108,0.2281090963054587,15.58360042819138,15.521625160522447,1.3884360560584228,3.6808965622166303,2.963972441190617,PREPARATION,False,FAR_GUIDANCE,0,False,inf,0.08228302001953125,0.0,True,True,TRACKING,0,0.034282684326171875,0.0014050177676292889,-0.1395417054047351,3,0,0.034282684326171875,0.05201840400695801,inf,VISION,,1:15,2,HORIZON_INSUFFICIENT,0.05795598030090332,0.004277229309082031,False,HORIZON_INSUFFICIENT,0.0,0.0,0.0,False,0.0,-0.2184298835148062,1.1208659687042122,SAFE,1.120815584208674,1.0002695322036743,20.02125358581543,20.00813865661621,,,0.0030746550764888525,0.0038314559496939182,,20.06082202981089,0.0012975569998161518,0.011804449000010209,0.3310087983722463,0.330295481000452,0.1436237813840179,0.3284771663769411,0.4825028710096747,0.7616916854165243,0.3310087983722463,0.330295481000452,0.1436237813840179
16.244829177856445,16.244829177856445,3.7393975257873535,True,PERIODIC,True,True,1,FAR_GUIDANCE,30.170633504262184,6.2455389550776355,-1.3428185678792854,6.202885838662012,-1.3962720053457076,0.15594819652153946,45.148196252281195,2.8445466685399428,0.04885543660107849,2.83925325462346,-2.817559397086438,0.22277163047924273,15.421766790438834,15.358845477572059,1.391674004480364,3.6521976098854423,2.9472780138722894,PREPARATION,False,FAR_GUIDANCE,0,False,inf,0.08416604995727539,0.0,True,True,TRACKING,0,0.08416581153869629,0.0014050177676292889,-0.13925690660911635,3,0,0.08416581153869629,0.05246543884277344,inf,VISION,,1:15,2,HORIZON_INSUFFICIENT,0.05795598030090332,0.004277229309082031,False,HORIZON_INSUFFICIENT,0.0,0.0,0.0,False,0.0,-0.22760734588749232,1.1128185678792855,SAFE,1.114127875904394,1.0002695322036743,20.02125358581543,20.00813865661621,,,0.003372838022187352,0.0038314559496939182,,19.963779911809606,0.001673214999755146,0.011804449000010209,0.33183735242003565,0.4194101201944599,0.16854327240225017,0.32280754229641023,0.4833545715075673,0.7382382491189498,0.33183735242003565,0.4194101201944599,0.16854327240225017
16.294931173324585,16.294931173324585,3.789499521255493,True,PERIODIC,True,True,1,FAR_GUIDANCE,30.47746990619517,6.175424445763326,-1.335887545599451,6.190594693861931,-1.4415372898534946,0.1460359161263,45.29018887059912,2.7035857440691977,0.05983627029677123,2.8381981986725493,-2.8186221784857755,0.21606085502118944,15.278034954118064,15.214148253812747,1.3957238158962222,3.624890142269786,2.930962992831039,PREPARATION,False,FAR_GUIDANCE,0,False,inf,0.03574562072753906,0.0,True,True,TRACKING,0,0.03574562072753906,0.0016051260364911939,-0.138968286786,3,0,0.03574562072753906,0.005481243133544922,inf,VISION,,1:16,2,HORIZON_INSUFFICIENT,0.045061349868774414,0.00011515617370605469,False,HORIZON_INSUFFICIENT,0.0,0.0,0.0,False,0.0,-0.23360579133902304,1.105887545599451,SAFE,1.110178337246349,1.0003803968429565,20.058446884155273,20.058837890625,,,0.003421412082388997,0.002005391987040639,,19.978724599080632,0.001393027000631264,0.009003034999295778,0.32503281606825624,0.3460111435590803,0.22236888451817582,0.31850314002887,0.41904974526053906,0.7263033656947514,0.32503281606825624,0.3460111435590803,0.22236888451817582
16.34507155418396,16.34507155418396,3.839639902114868,True,PERIODIC,True,True,1,FAR_GUIDANCE,30.77370413607043,6.105402479215252,-1.3297644076168174,6.178180896800876,-1.4854252451559857,0.13699723709597988,45.43207355996172,2.562629245441941,0.07044375478769731,2.8371985161394413,-2.8196284471568505,0.20802039453172924,15.145283729639267,15.08041897140831,1.4002081624045146,3.598236476527307,2.914909232821221,PREPARATION,False,FAR_GUIDANCE,0,False,inf,0.03213143348693848,0.0,True,True,TRACKING,0,0.03213143348693848,0.0020352390516546037,-0.1385783018262179,3,0,0.03213143348693848,0.012541532516479492,inf,VISION,,1:16,2,HORIZON_INSUFFICIENT,0.045061349868774414,0.00011515617370605469,False,HORIZON_INSUFFICIENT,0.0,0.0,0.0,False,0.0,-0.24123336615201918,1.0997644076168174,SAFE,1.1052140310972742,1.0003803968429565,20.058446884155273,20.058837890625,,,0.003336487105116248,0.002005391987040639,,20.01290199446512,0.0007686529997954494,0.009003034999295778,0.31227810775050174,0.34987782909426746,0.23115359797383947,0.3113124378671679,0.41557878632452105,0.717125471837309,0.31227810775050174,0.34987782909426746,0.23115359797383947
16.394898653030396,16.394898653030396,3.8894670009613037,True,PERIODIC,True,True,1,FAR_GUIDANCE,31.077823065088374,6.031022579042328,-1.323888765466498,6.1651152976751,-1.5308631709928928,0.1284295986297855,45.57381346860816,2.421719463249766,0.08061019295640372,2.836254201430366,-2.820578328086033,0.19870416324269333,15.00444681035654,14.938567761355422,1.4044989584229017,3.570660989082975,2.8992381770452416,PREPARATION,False,FAR_GUIDANCE,0,False,inf,0.08217000961303711,0.0,True,True,TRACKING,0,0.034165382385253906,0.0020352390516546037,-0.13820820607366358,3,0,0.034165382385253906,0.06258010864257812,inf,VISION,,1:16,2,HORIZON_INSUFFICIENT,0.045061349868774414,0.00011515617370605469,False,HORIZON_INSUFFICIENT,0.0,0.0,0.0,False,0.0,-0.24724226562169127,1.093888765466498,SAFE,1.1018252619079298,1.0011115074157715,19.886310577392578,19.89789581298828,,,0.006152621004730463,0.002005391987040639,,19.950340805511168,0.0032694060000721947,0.009003034999295778,0.20477850810737333,0.34987782909426746,0.290586013871652,0.20060750418116385,0.47647346233225807,0.7170155053073106,0.20477850810737333,0.34987782909426746,0.290586013871652
16.44488835334778,16.44488835334778,3.9394567012786865,True,PERIODIC,True,True,1,FAR_GUIDANCE,31.405217556787115,5.94836380005973,-1.3180853691932994,6.150789950900304,-1.5794955693403152,0.12000578993399268,45.715561744995746,2.2807096802162183,0.09028391210085802,2.8353640428992493,-2.821473151428882,0.18816025736319006,14.839849782268507,14.772868290477705,1.4083692812941575,3.541073608001638,2.883705404560157,PREPARATION,False,FAR_GUIDANCE,0,False,inf,0.08420133590698242,0.0,True,True,TRACKING,0,0.08420133590698242,0.002031299890142857,-0.13782931916848257,3,0,0.08420133590698242,0.05141401290893555,inf,VISION,,1:16,2,HORIZON_INSUFFICIENT,0.045061349868774414,0.00011515617370605469,False,HORIZON_INSUFFICIENT,0.0,0.0,0.0,False,0.0,-0.2564811558476956,1.0880853691932995,SAFE,1.0968643075537683,1.0011115074157715,19.886310577392578,19.89789581298828,,,0.003728647017851472,0.002005391987040639,,19.98730311603363,0.0011975710003753193,0.009003034999295778,0.20356857645175847,0.4219539422035727,0.2952931835970174,0.1970359499629149,0.4692668406108597,0.7188463566803909,0.20356857645175847,0.4219539422035727,0.2952931835970174
16.494847297668457,16.494847297668457,3.9894156455993652,True,PERIODIC,True,True,1,FAR_GUIDANCE,31.709104002746056,5.869243207776601,-1.3131103599505731,6.137000409210261,-1.6243806301275683,0.11329207246112863,45.85751622497597,2.139408283962974,0.09941685116653652,2.8345268146913796,-2.8223142519562807,0.17643539071662107,14.699811906660264,14.631788577239782,1.4125272111171097,3.513597000716279,2.8685721777728084,PREPARATION,False,FAR_GUIDANCE,0,False,inf,0.08214926719665527,0.0,True,True,TRACKING,0,0.0341486930847168,0.002222480453802532,-0.13741044552248274,3,0,0.08214926719665527,0.04756927490234375,inf,VISION,,1:17,2,HORIZON_INSUFFICIENT,0.05190634727478027,0.00013327598571777344,False,HORIZON_INSUFFICIENT,0.0,0.0,0.0,False,0.0,-0.26224719037788446,1.0831103599505731,SAFE,1.0938953939016112,1.0001198053359985,20.03128433227539,20.038148880004883,,,0.0056792618706822395,0.0021996470168232918,,20.02475989166919,0.0009799709996514139,0.00949006099926919,0.1875691866805397,0.3455182933116982,0.34915508189974154,0.17887910978988836,0.39156925650070895,0.725710998641259,0.1875691866805397,0.3455182933116982,0.34915508189974154
16.54487133026123,16.54487133026123,4.039439678192139,True,PERIODIC,True,True,1,FAR_GUIDANCE,32.001973419264985,5.790787584494958,-1.308647136092769,6.123415420169779,-1.6675159279325769,0.1069484589075326,45.99905844212262,1.9984364572287672,0.10791359365880274,2.8337459467308443,-2.8230982819212143,0.16365448636284416,14.570757032860609,14.50173493791631,1.4165607297515717,3.4871924803308003,2.8538724273977625,PREPARATION,False,FAR_GUIDANCE,0,False,inf,0.03210759162902832,0.0,True,True,TRACKING,0,0.03210759162902832,0.0033707548052639867,-0.13680500402504714,3,0,0.03210759162902832,0.011698722839355469,inf,VISION,,1:17,2,HORIZON_INSUFFICIENT,0.05190634727478027,0.00013327598571777344,False,HORIZON_INSUFFICIENT,0.0,0.0,0.0,False,0.0,-0.2703023216100702,1.078647136092769,SAFE,1.0901170248277794,1.0001198053359985,20.03128433227539,20.038148880004883,,,1.8198999896412715e-05,0.0021996470168232918,,20.0141786332999,0.0010913709993474185,0.00949006099926919,0.1875691866805397,0.3455182933116982,0.3534005133654143,0.27880228485024394,0.4506716692536097,0.7359616560360629,0.1875691866805397,0.3455182933116982,0.3534005133654143
16.594888925552368,16.594888925552368,4.089457273483276,True,PERIODIC,True,True,1,FAR_GUIDANCE,32.31212627102304,5.705322511162234,-1.304185562484895,6.1086914622315875,-1.712993705917631,0.10090282732285229,46.140776819535354,1.8572137205111936,0.11575786459213555,2.833017964546682,-2.8238288213976026,0.14984538087003405,14.424137984422327,14.35407667729122,1.4199434270770306,3.459246578485897,2.83927081983553,PREPARATION,False,FAR_GUIDANCE,0,False,inf,0.03435063362121582,0.0,True,True,TRACKING,0,0.03435063362121582,0.00306157569212258,-0.13637704097194212,3,0,0.03435063362121582,0.008062124252319336,inf,VISION,,1:17,2,HORIZON_INSUFFICIENT,0.05190634727478027,0.00013327598571777344,False,HORIZON_INSUFFICIENT,0.0,0.0,0.0,False,0.0,-0.27609125204746476,1.074185562484895,SAFE,1.0875029295116576,1.0005565881729126,20.00141716003418,19.99365234375,,,0.0037197431083768606,0.0021996470168232918,,20.020785579125185,0.0013142779998815968,0.00949006099926919,0.28007504915641007,0.41212848927847684,0.3962658964568576,0.2703629071319376,0.43933122526399937,0.7481750853097994,0.28007504915641007,0.41212848927847684,0.3962658964568576
16.644880533218384,16.644880533218384,4.139448881149292,True,PERIODIC,True,True,1,FAR_GUIDANCE,32.62660276957395,5.616353816504424,-1.2998685135375598,6.093592177113597,-1.7584429635389478,0.09497084184961051,46.28312993893613,1.7152878571118828,0.12291989448134358,2.832340887957035,-2.8245079384570246,0.13504006878883765,14.27387042119451,14.202783176091177,1.4227884080189035,3.431305880378478,2.8248516927021896,PREPARATION,False,FAR_GUIDANCE,0,False,inf,0.08416628837585449,0.0,True,True,TRACKING,0,0.08416628837585449,0.00306157569212258,-0.1359851412607709,3,0,0.08416628837585449,0.05787777900695801,inf,VISION,,1:17,2,HORIZON_INSUFFICIENT,0.05190634727478027,0.00013327598571777344,False,HORIZON_INSUFFICIENT,0.0,0.0,0.0,False,0.0,-0.2852211910212774,1.0698685135375599,SAFE,1.0835389793150825,1.0005565881729126,20.00141716003418,19.99365234375,,,0.0044704098254442215,0.0021996470168232918,,20.010535114831395,0.0016112359999169712,0.00949006099926919,0.28931260207419035,0.4051134501855691,0.4036033429312772,0.26176375279140013,0.42562569619382107,0.7593409171569038,0.28931260207419035,0.4051134501855691,0.4036033429312772
16.69481110572815,16.69481110572815,4.189379453659058,True,PERIODIC,True,True,1,FAR_GUIDANCE,32.92903446306185,5.5285925085794405,-1.2960127252432414,6.07921169047077,-1.801620557072484,0.09009590529207588,46.42394848756211,1.5748276576238396,0.12925299859631453,2.8317244429573325,-2.825125958104875,0.11956290756971136,14.13422595718837,14.062181943969634,1.4252657238395559,3.4050851726393145,2.811322199992868,PREPARATION,False,FAR_GUIDANCE,0,False,inf,0.03413248062133789,0.0,True,True,TRACKING,0,0.03413248062133789,0.0038839332891983666,-0.1353775766443336,3,0,0.03413248062133789,0.008063793182373047,inf,VISION,,1:17,2,HORIZON_INSUFFICIENT,0.05190634727478027,0.00013327598571777344,False,HORIZON_INSUFFICIENT,0.0,0.0,0.0,False,0.0,-0.2909578296293853,1.0660127252432414,SAFE,1.081159947906638,1.0000542402267456,20.008913040161133,20.011674880981445,,,1.236099978996208e-05,0.0012958720326423645,,20.037805711791417,0.0006898279998495127,0.00949006099926919,0.2821059772702177,0.3956074569192468,0.4416948300156814,0.2536702958458726,0.4107700071569206,0.7711174695345172,0.2821059772702177,0.3956074569192468,0.4416948300156814
16.744908571243286,16.744908571243286,4.239476919174194,True,PERIODIC,True,True,1,FAR_GUIDANCE,33.220566644219026,5.441828998021403,-1.2924891968203547,6.065226088683211,-1.8429977161071849,0.08565929393790402,46.565513161988534,1.4335640978391442,0.13482629461287088,2.83115812409647,-2.825693485918556,0.10326561618701206,14.006820288139878,13.93390774593264,1.4273154914332256,3.380117831992626,2.798238892037716,PREPARATION,False,FAR_GUIDANCE,0,False,inf,0.08421730995178223,0.0,True,True,TRACKING,0,0.08421730995178223,0.0038839332891983666,-0.13506392961845415,3,0,0.08421730995178223,0.05814862251281738,inf,VISION,,1:18,2,CAPTURE_GEOMETRY,0.0478520393371582,0.008563041687011719,False,CAPTURE_GEOMETRY,0.0,0.0,0.0,False,0.0,-0.2989475166222757,1.0624891968203547,SAFE,1.0780097944883074,1.0000542402267456,20.008913040161133,20.011674880981445,,,0.0033562660682946444,0.0012958720326423645,,19.996701834717356,0.0007471089993487112,0.00011207900024601258,0.27513999784670307,0.38742477078619925,0.47156146614692246,0.24406962140802102,0.39284026742937495,0.7455981279970793,0.27513999784670307,0.38742477078619925,0.47156146614692246
16.795058965682983,16.795058965682983,4.289627313613892,True,PERIODIC,True,True,1,FAR_GUIDANCE,33.52453608060514,5.348993311361758,-1.2888704072576975,6.0503359738970595,-1.8860933007461176,0.0814138381061353,46.70712514586726,1.292199342302153,0.13957069128390645,2.830645108915396,-2.8262073999219064,0.08632268495356388,13.866458659043756,13.792687619567364,1.428441098541604,3.3541389181566186,2.78535430952978,PREPARATION,False,FAR_GUIDANCE,0,False,inf,0.08210229873657227,0.0,True,True,TRACKING,0,0.034107208251953125,0.004361857045069957,-0.13428720958926546,3,0,0.034107208251953125,0.0478975772857666,inf,VISION,,1:18,2,CAPTURE_GEOMETRY,0.0478520393371582,0.008563041687011719,False,CAPTURE_GEOMETRY,0.0,0.0,0.0,False,0.0,-0.3045775066208387,1.0588704072576975,SAFE,1.075739244790851,0.9999222755432129,20.07806396484375,20.07221221923828,,,0.005145718809217215,0.0012958720326423645,,19.999717917154477,0.0012573399999382673,0.00011207900024601258,0.2545888234066173,0.37507431488771403,0.46977909735497986,0.23824574032987775,0.37584182470449656,0.7536268806604145,0.2545888234066173,0.37507431488771403,0.46977909735497986
16.84486746788025,16.84486746788025,4.339435815811157,True,PERIODIC,True,True,1,FAR_GUIDANCE,33.840035733475226,5.250216934013645,-1.2852066866033736,6.034712722921208,-1.9306035235609298,0.07737017811897051,46.84856507568909,1.1509577707046674,0.14345017813094382,2.8301860604651443,-2.8266670945034873,0.06886551668160744,13.713745723629417,13.639126120657863,1.4286568647343174,3.327460500566204,2.7727750916220057,PREPARATION,False,FAR_GUIDANCE,0,False,inf,0.08415532112121582,0.0,True,True,TRACKING,0,0.08415532112121582,0.004361857045069957,-0.13396923712544084,3,0,0.08415532112121582,0.05100083351135254,inf,VISION,,1:18,2,CAPTURE_GEOMETRY,0.0478520393371582,0.008563041687011719,False,CAPTURE_GEOMETRY,0.0,0.0,0.0,False,0.0,-0.31365935095540554,1.0552066866033736,SAFE,1.072157701956289,0.9999222755432129,20.07806396484375,20.07221221923828,,,0.003169843927025795,0.0012958720326423645,,19.965850612967266,0.0010203890005868743,0.00011207900024601258,0.11893366813535539,0.3545603192648106,0.46977909735497986,0.10258243128244568,0.3554337828232767,0.7956652186950898,0.11893366813535539,0.3545603192648106,0.46977909735497986
16.89485764503479,16.89485764503479,4.389425992965698,True,PERIODIC,True,True,1,FAR_GUIDANCE,34.13810786181523,5.154590659712361,-1.2818134270094903,6.019676747973626,-1.9724018731803388,0.07364410526338772,46.990043163572786,1.0096348573179164,0.14644733057151427,2.829780166155354,-2.827073435769538,0.050976621431454434,13.579132092884706,13.503810558666968,1.4282607575810045,3.3024865627914113,2.760569928736675,PREPARATION,False,FAR_GUIDANCE,0,False,inf,0.08217430114746094,0.0,True,True,TRACKING,0,0.034172773361206055,0.005372620110613771,-0.13339884057046192,3,0,0.08217430114746094,0.04871344566345215,inf,VISION,,1:18,2,CAPTURE_GEOMETRY,0.0478520393371582,0.008563041687011719,False,CAPTURE_GEOMETRY,0.0,0.0,0.0,False,0.0,-0.3192916397456367,1.0518134270094903,SAFE,1.0699625075318193,0.9994203448295593,19.96257209777832,19.980104446411133,,,0.0036378740333020687,0.0013567799469456077,,19.970924145258984,0.0007542129997091251,0.00011207900024601258,0.11893366813535539,0.25588788563533277,0.4959445199247879,0.2253966990036594,0.24152542590774623,0.7996411154440358,0.11893366813535539,0.25588788563533277,0.4959445199247879
16.94498896598816,16.94498896598816,4.439557313919067,True,PERIODIC,True,True,1,FAR_GUIDANCE,34.42756977360486,5.059433838161441,-1.278457568110871,6.004826132316178,-2.0127649688948375,0.07043442547345755,47.13158710394462,0.8682082138922288,0.14854283461547746,2.8294273570055695,-2.827426538644015,0.03276254466266715,13.453429254747094,13.377534472506651,1.4270004027263483,3.278452382767535,2.748715417824458,PREPARATION,False,FAR_GUIDANCE,0,False,inf,0.08406686782836914,0.0,True,True,TRACKING,0,0.032070159912109375,0.005372620110613771,-0.13244112848448938,3,0,0.032070159912109375,0.04978680610656738,inf,VISION,,1:18,2,CAPTURE_GEOMETRY,0.0478520393371582,0.008563041687011719,False,CAPTURE_GEOMETRY,0.0,0.0,0.0,False,0.0,-0.32709472475029866,1.048457568110871,SAFE,1.0667343041161181,0.9994203448295593,19.96257209777832,19.980104446411133,,,0.0030468329787254333,0.0013567799469456077,,19.9976401855029,0.0007924109995656181,0.00011207900024601258,0.2465929527990256,0.2427664527010104,0.4935372289221019,0.21923794071131272,0.22057510469373956,0.7986839265155974,0.2465929527990256,0.2427664527010104,0.4935372289221019
16.994823217391968,16.994823217391968,4.489391565322876,True,PERIODIC,True,True,1,FAR_GUIDANCE,34.730910936210314,4.957244335677563,-1.274972227437881,5.988951463176031,-2.055001837810857,0.06718773101315353,47.273027285962634,0.7268526424588486,0.14972125110852588,2.8291279924697177,-2.8277260833086832,0.014357711414460343,13.312800153107949,13.236347547899245,1.424693478546407,3.253364126035921,2.737006005521786,PREPARATION,False,FAR_GUIDANCE,0,False,inf,0.034116506576538086,0.0,True,True,TRACKING,0,0.034116506576538086,0.005913558384703042,-0.13194574761752925,3,0,0.034116506576538086,0.006590843200683594,inf,VISION,,1:19,2,CAPTURE_GEOMETRY,0.03990626335144043,0.005242824554443359,False,CAPTURE_GEOMETRY,0.0,0.0,0.0,False,0.0,-0.332714689097374,1.044972227437881,SAFE,1.064416878021043,1.0000747442245483,20.06433868408203,20.06808853149414,,,2.1613999706460163e-05,0.0013567799469456077,,19.986882035631986,0.0006927860003997921,0.00012444399999367306,0.22956303161843225,0.21749906182212234,0.5063482331354912,0.21885246720384963,0.18812238351778884,0.7960079897612043,0.22956303161843225,0.21749906182212234,0.5063482331354912
17.04505729675293,17.04505729675293,4.539625644683838,True,PERIODIC,True,True,1,FAR_GUIDANCE,35.039755348083744,4.850784249168496,-1.271597564892897,5.972551283866911,-2.0977408458881324,0.06355843236501603,47.414466710939095,0.5854705514377314,0.14997687371101423,2.828881760021121,-2.827972416382417,-0.004137297383343687,13.166140517954494,13.089170418862725,1.4215744386039113,3.228076661656214,2.725443399888585,PREPARATION,False,FAR_GUIDANCE,0,False,inf,0.08417153358459473,0.0,True,True,TRACKING,0,0.08417153358459473,0.007123226035460065,-0.1315598641490524,3,0,0.08417153358459473,0.056645870208740234,inf,VISION,,1:19,2,CAPTURE_GEOMETRY,0.03990626335144043,0.005242824554443359,False,CAPTURE_GEOMETRY,0.0,0.0,0.0,False,0.0,-0.3416274111839859,1.041597564892897,SAFE,1.061022936216514,1.0000747442245483,20.06433868408203,20.06808853149414,,,0.005705701187252998,0.0013567799469456077,,19.99934650347992,0.0010479869997652713,0.00012444399999367306,0.08424015304437107,0.21749906182212234,0.5017599402114948,0.07815785610483038,0.2724067383920567,0.7885581864519929,0.08424015304437107,0.21749906182212234,0.5017599402114948
17.09485411643982,17.09485411643982,4.5894224643707275,True,PERIODIC,True,True,1,FAR_GUIDANCE,35.335882295661854,4.746321245921067,-1.2684470937754584,5.9566330179385325,-2.138460741401254,0.0603235380212144,47.55606448975501,0.44390816869996597,0.14930662349522134,2.828688442185952,-2.8281657831611664,-0.02262885614430358,13.032790827244538,12.955447161093073,1.4177537172706798,3.204155335389785,2.7142507811039938,PREPARATION,False,FAR_GUIDANCE,0,False,inf,0.0821382999420166,0.0,True,True,TRACKING,0,0.03413748741149902,0.007037750162649128,-0.1305949445863358,3,0,0.03413748741149902,0.044972896575927734,inf,VISION,,1:19,2,CAPTURE_GEOMETRY,0.03990626335144043,0.005242824554443359,False,CAPTURE_GEOMETRY,0.0,0.0,0.0,False,0.0,-0.34711311843553183,1.0384470937754584,SAFE,1.0589460042611762,0.99964839220047,20.05184555053711,20.05898094177246,,,0.004126632120460272,0.0013567799469456077,,20.038667303678746,0.0007275810003193328,0.00012444399999367306,0.06380008750103869,0.2821852815254686,0.49115760443155154,0.06326605239069777,0.25423437358089873,0.7720311669666754,0.06380008750103869,0.2821852815254686,0.49115760443155154
17.1449236869812,17.1449236869812,4.639492034912109,True,PERIODIC,True,True,1,FAR_GUIDANCE,35.61988912647026,4.643765260646272,-1.2655182303557793,5.941119580387882,-2.1775054116049564,0.05752480153385656,47.697438588989655,0.30255275541699966,0.1477169006358986,2.8285485008016034,-2.8283057434819523,-0.04095284033245523,12.911644379033623,12.834068997600157,1.4132351309916777,3.181404979469865,2.7034620586316174,PREPARATION,False,FAR_GUIDANCE,0,False,inf,0.08413505554199219,0.0,True,True,TRACKING,0,0.032138824462890625,0.007037750162649128,-0.1302495455823942,3,0,0.08413505554199219,0.053022146224975586,inf,VISION,,1:19,2,CAPTURE_GEOMETRY,0.03990626335144043,0.005242824554443359,False,CAPTURE_GEOMETRY,0.0,0.0,0.0,False,0.0,-0.35486766241940426,1.0355182303557793,SAFE,1.0560827192395972,0.99964839220047,20.05184555053711,20.05898094177246,,,0.003975281026214361,0.0013567799469456077,,20.009962323654996,0.0007664680006200797,0.00012444399999367306,0.06380008750103869,0.2812226908403669,0.46352549537900795,0.21581613506623162,0.23595880507072373,0.7197241808472523,0.06380008750103869,0.2812226908403669,0.46352549537900795
17.194786310195923,17.194786310195923,4.689354658126831,True,PERIODIC,True,True,1,FAR_GUIDANCE,35.919960264070376,4.532853094864555,-1.2625023037732825,5.924617778785953,-2.218805212685399,0.054399913749735504,47.83886607433851,0.16113261824864478,0.1452159499713641,2.828461549102572,-2.828392699970829,-0.05903201970152617,12.77317213231045,12.695363548938108,1.4077182537446467,3.1576331494948335,2.692951149643008,PREPARATION,False,FAR_GUIDANCE,0,False,inf,0.03415274620056152,0.0,True,True,TRACKING,0,0.03415274620056152,0.007971140854895758,-0.12929603233955897,3,0,0.03415274620056152,0.008344650268554688,inf,VISION,,1:19,2,CAPTURE_GEOMETRY,0.03990626335144043,0.005242824554443359,False,CAPTURE_GEOMETRY,0.0,0.0,0.0,False,0.0,-0.3603227142659233,1.0325023037732826,SAFE,1.0541219628886203,1.000496745109558,20.13385581970215,20.114761352539062,,,1.1376999282219913e-05,0.0025112670846283436,,20.036329589144973,0.0013453319998006918,0.00012444399999367306,0.0648502263843527,0.2709470221627961,0.46352549537900795,0.07450815632460675,0.2240980888249287,0.7477243248491457,0.0648502263843527,0.2709470221627961,0.46352549537900795
17.24491024017334,17.24491024017334,4.739478588104248,True,PERIODIC,True,True,1,FAR_GUIDANCE,36.22714802078909,4.416893823693496,-1.2595135383273788,5.907599074984662,-2.260885085030859,0.05136929346927197,47.98020809232082,0.019791905256400403,0.14182190057326297,2.828427644098026,-2.828426605394259,-0.07673703433572496,12.626664933325648,12.548662332143484,1.4013354389006418,3.1336578162506092,2.682709092681306,PREPARATION,False,FAR_GUIDANCE,0,False,inf,0.08420848846435547,0.0,True,True,TRACKING,0,0.08420848846435547,0.008391995605136694,-0.1288230315079049,3,0,0.08420848846435547,0.05840039253234863,inf,VISION,,1:20,2,CAPTURE_GEOMETRY,0.047885894775390625,0.005136251449584961,False,CAPTURE_GEOMETRY,0.0,0.0,0.0,False,0.0,-0.3690608481507427,1.0295135383273788,SAFE,1.051082467882314,1.000496745109558,20.13385581970215,20.114761352539062,,,0.0035620389971882105,0.0025112670846283436,,20.000566197412155,0.0018105290000676177,8.552199960831786e-05,0.0648502263843527,0.2575108489595478,0.4869504615040609,0.22019891938257347,0.21177794305811823,0.7258223052935244,0.0648502263843527,0.2575108489595478,0.4869504615040609
17.294984340667725,17.294984340667725,4.789552688598633,True,PERIODIC,True,True,1,FAR_GUIDANCE,36.51792677894762,4.305016457742598,-1.2568365409707094,5.891536170870947,-2.300018256151775,0.04876051600991925,48.12167031347412,-0.12166975060825798,0.1375504542096273,2.828446751962521,-2.8284074973936595,-0.09398394256799701,12.497468939533208,12.419436976057701,1.3943869951803367,3.11160536683938,2.6728077382532396,PREPARATION,False,FAR_GUIDANCE,0,False,inf,0.03415322303771973,0.0,True,True,TRACKING,0,0.03415322303771973,0.008397738738360283,-0.12789138274653458,3,0,0.03415322303771973,0.007797956466674805,inf,VISION,,1:20,2,CAPTURE_GEOMETRY,0.047885894775390625,0.005136251449584961,False,CAPTURE_GEOMETRY,0.0,0.0,0.0,False,0.0,-0.3744698972416374,1.0268365409707094,SAFE,1.049250039252185,0.9998077750205994,19.966266632080078,19.97561264038086,,,0.00375128211453557,0.0025112670846283436,,19.99578865808139,0.0009065629992619506,8.552199960831786e-05,0.22759577040192008,0.2354414118380503,0.4394138788690945,0.22539433757410846,0.20879777338150945,0.6472958778940475,0.22759577040192008,0.2354414118380503,0.4394138788690945
17.344876527786255,17.344876527786255,4.839444875717163,True,PERIODIC,True,True,1,FAR_GUIDANCE,36.79975610590502,4.194571108426319,-1.2544959402304368,5.876003577531207,-2.3375240032994573,0.046011581099487574,48.26301200587999,-0.26300632021277964,0.13243528107766894,2.828518842262565,-2.8283354042555913,-0.11063688830046876,12.377391105288021,12.299440327129679,1.3869312213081058,3.090727711392457,2.663204864547665,PREPARATION,False,FAR_GUIDANCE,0,False,inf,0.08410120010375977,0.0,True,True,TRACKING,0,0.03210186958312988,0.008397738738360283,-0.12710646411201398,3,0,0.03210186958312988,0.057745933532714844,inf,VISION,,1:20,2,CAPTURE_GEOMETRY,0.047885894775390625,0.005136251449584961,False,CAPTURE_GEOMETRY,0.0,0.0,0.0,False,0.0,-0.38203481982042176,1.0244959402304368,SAFE,1.0470582318560377,0.9998077750205994,19.966266632080078,19.97561264038086,,,0.0038817350286990404,0.0025112670846283436,,20.07253961965035,0.0008191309998437646,8.552199960831786e-05,0.23982047108400187,0.08756070714848291,0.4225028083271397,0.22732878222254085,0.08211513955747148,0.6159705284548461,0.23982047108400187,0.08756070714848291,0.4225028083271397
17.394787073135376,17.394787073135376,4.889355421066284,True,PERIODIC,True,True,1,FAR_GUIDANCE,37.09587788761561,4.076337730165702,-1.2520877232578531,5.859574010623759,-2.376607175111471,0.04315286848680046,48.4044618135368,-0.4044411362430475,0.12649993021661582,2.8286440331991516,-2.828210199657521,-0.126619899943623,12.241811695070737,12.163940548163593,1.378587653474469,3.0690885638460816,2.6536953995493575,PREPARATION,False,FAR_GUIDANCE,0,False,inf,0.08215975761413574,0.0,True,True,TRACKING,0,0.03416299819946289,0.009260085780407034,-0.1265289311566526,3,0,0.03416299819946289,0.05133414268493652,inf,VISION,,1:20,2,CAPTURE_GEOMETRY,0.047885894775390625,0.005136251449584961,False,CAPTURE_GEOMETRY,0.0,0.0,0.0,False,0.0,-0.38743156464762407,1.0220877232578531,SAFE,1.0455163926202684,1.0004719495773315,20.028047561645508,20.020282745361328,,,0.0037652330938726664,0.0026026119012385607,,19.9436804417393,0.0013066609999441425,8.552199960831786e-05,0.23586569687935968,0.08756070714848291,0.4225028083271397,0.23298965546563388,0.2120211825190846,0.6412059686452122,0.23586569687935968,0.08756070714848291,0.4225028083271397
17.444883584976196,17.444883584976196,4.9394519329071045,True,PERIODIC,True,True,1,FAR_GUIDANCE,37.39530373526501,3.95448120981462,-1.2497535881480855,5.842980403357163,-2.415761059466519,0.04044102717152886,48.54597587317349,-0.545925011504675,0.11978159329036535,2.8288223978213836,-2.828031796423809,-0.14182794676245325,12.102345718794167,12.024605826554893,1.3695351814384509,3.0476774143182674,2.6444564068846628,PREPARATION,False,FAR_GUIDANCE,0,False,inf,0.08411931991577148,0.0,True,True,TRACKING,0,0.08411931991577148,0.009260085780407034,-0.12622800661812275,3,0,0.08411931991577148,0.05206942558288574,inf,VISION,,1:20,2,CAPTURE_GEOMETRY,0.047885894775390625,0.005136251449584961,False,CAPTURE_GEOMETRY,0.0,0.0,0.0,False,0.0,-0.395989908381154,1.0197535881480855,SAFE,1.0431747910345806,1.0004719495773315,20.028047561645508,20.020282745361328,,,0.005667238030582666,0.0026026119012385607,,20.002463794816293,0.000845558000037272,8.552199960831786e-05,0.24175178266385147,0.22860032459679172,0.43681488844803257,0.2356021434043235,0.21818482331087521,0.6058421085940575,0.24175178266385147,0.22860032459679172,0.43681488844803257
17.494935035705566,17.494935035705566,4.989503383636475,True,PERIODIC,True,True,1,FAR_GUIDANCE,37.68441018813835,3.834464082143216,-1.2474510951371305,5.826857096013004,-2.4535392351462777,0.03828068077324297,48.687560883072194,-0.6874593013464263,0.11232060214477625,2.829054041939864,-2.827800068566326,-0.1561665637250387,11.973558175008064,11.896096683432493,1.3597716972819067,3.0273262218227304,2.6355827851644604,PREPARATION,False,FAR_GUIDANCE,0,False,inf,0.08213353157043457,0.0,True,True,TRACKING,0,0.03413057327270508,0.009598024725538733,-0.1251525007882411,3,0,0.03413057327270508,0.04523491859436035,inf,VISION,,1:21,2,HORIZON_INSUFFICIENT,0.04979681968688965,0.0005500316619873047,False,HORIZON_INSUFFICIENT,0.0,0.0,0.0,False,0.0,-0.4012674075073863,1.0174510951371305,SAFE,1.0415931693309006,0.9999535083770752,19.95864486694336,19.98061752319336,,,0.0034023181069642305,0.0026026119012385607,,19.995226744682025,0.0007491700007449253,0.009066093999535951,0.25534568902785476,0.21902290309916736,0.36761587699260556,0.24150628813568162,0.23306285657837106,0.5022692344330338,0.25534568902785476,0.21902290309916736,0.36761587699260556
17.544891119003296,17.544891119003296,5.039459466934204,True,PERIODIC,True,True,1,FAR_GUIDANCE,37.96667159170992,3.7148460701032158,-1.245008900007849,5.810994459961175,-2.490467708219992,0.03628610325177178,48.828739621461914,-0.8285617317044405,0.10419087925850146,2.829338023411055,-2.8275159326306953,-0.16950239411896922,11.851051277454648,11.774000014289411,1.3491997792663506,3.007694385546723,2.627046039133942,PREPARATION,False,FAR_GUIDANCE,0,False,inf,0.08410120010375977,0.0,True,True,TRACKING,0,0.03209733963012695,0.009946454024145238,-0.12436601130481087,3,0,0.03209733963012695,0.05047464370727539,inf,VISION,,1:21,2,HORIZON_INSUFFICIENT,0.04979681968688965,0.0005500316619873047,False,HORIZON_INSUFFICIENT,0.0,0.0,0.0,False,0.0,-0.40863692666087115,1.015008900007849,SAFE,1.0391681534221084,0.9999535083770752,19.95864486694336,19.98061752319336,,,0.0032687829807400703,0.0026026119012385607,,20.000305180437934,0.001258659999621159,0.009066093999535951,0.27395229575431723,0.09425869243071856,0.36761587699260556,0.243479832542385,0.1626797738826959,0.5283982588592967,0.27395229575431723,0.09425869243071856,0.36761587699260556
17.594884634017944,17.594884634017944,5.0894529819488525,True,PERIODIC,True,True,1,FAR_GUIDANCE,38.25878298871361,3.588580210525043,-1.242297741316769,5.794564555141159,-2.528567085519519,0.03429500106591218,48.970307203054006,-0.9700216796646101,0.09539734317301703,2.8296759656071244,-2.8271777322385288,-0.1818283897588838,11.717808256099321,11.641202780969037,1.3376950844897861,2.987715178316814,2.618777794271223,PREPARATION,False,FAR_GUIDANCE,0,False,inf,0.03414201736450195,0.0,True,True,TRACKING,0,0.03414201736450195,0.010840358969123417,-0.12377828883778531,3,0,0.03414201736450195,0.008238554000854492,inf,VISION,,1:21,2,HORIZON_INSUFFICIENT,0.04979681968688965,0.0005500316619873047,False,HORIZON_INSUFFICIENT,0.0,0.0,0.0,False,0.0,-0.4138990813733914,1.012297741316769,SAFE,1.0372894719447077,0.9996024370193481,19.964914321899414,19.968517303466797,,,6.8010003815288655e-06,0.0031092839781194925,,20.02529327392302,0.0007415780000883387,0.009066093999535951,0.2365991461198789,0.09771152369131028,0.3816665202028029,0.24395819930871626,0.17933705464163593,0.48745360897621076,0.2365991461198789,0.09771152369131028,0.3816665202028029
17.644870042800903,17.644870042800903,5.1394383907318115,True,PERIODIC,True,True,1,FAR_GUIDANCE,38.56022850665867,3.455845023304425,-1.2392895557984056,5.7772558471701005,-2.5676464969534503,0.032233513350023335,49.11201091630643,-1.1115811215531404,0.08600684104789906,2.8300676015661375,-2.8267856959036872,-0.19304072837168776,11.574018496130643,11.497890833073708,1.3252963968463047,2.9671232133907126,2.6104196296557247,PREPARATION,False,FAR_GUIDANCE,0,False,inf,0.08411693572998047,0.0,True,True,TRACKING,0,0.08411693572998047,0.010840358969123417,-0.12332720960376127,3,0,0.08411693572998047,0.05821347236633301,inf,VISION,,1:21,2,HORIZON_INSUFFICIENT,0.04979681968688965,0.0005500316619873047,False,HORIZON_INSUFFICIENT,0.0,0.0,0.0,False,0.0,-0.4222912469875917,1.0092895557984056,SAFE,1.0340227099050803,0.9996024370193481,19.964914321899414,19.968517303466797,,,0.003182440996170044,0.0031092839781194925,,19.952608540747956,0.0010296130003553117,0.009066093999535951,0.26780786369919785,0.09771152369131028,0.36248114952841737,0.2512186473724905,0.27583293435277273,0.4436754261952676,0.26780786369919785,0.09771152369131028,0.36248114952841737
17.69486665725708,17.69486665725708,5.189435005187988,True,PERIODIC,True,True,1,FAR_GUIDANCE,38.8449086215952,3.3280762606269523,-1.236340219550907,5.76043128327743,-2.604445078959546,0.030502599809627162,49.25348661085404,-1.252870986516676,0.07610236136924463,2.830511919524907,-2.8263407921599666,-0.2030428526974566,11.4475359343314,11.372052296731507,1.3124425809201516,2.9475767443809584,2.601984987043378,PREPARATION,False,FAR_GUIDANCE,0,False,inf,0.08210420608520508,0.0,True,True,TRACKING,0,0.03410768508911133,0.011396860960168426,-0.12219168428805263,3,0,0.03410768508911133,0.04827618598937988,inf,VISION,,1:22,2,HORIZON_INSUFFICIENT,0.049889564514160156,0.0007219314575195312,False,HORIZON_INSUFFICIENT,0.0,0.0,0.0,False,0.0,-0.4274650210962898,1.006340219550907,SAFE,1.031849017846791,1.0004016160964966,19.987417221069336,19.995901107788086,,,2.7549998776521534e-05,0.0031092839781194925,,20.000360394998943,0.0012027039992972277,0.008800017999419651,0.12259618334761213,0.13422198602366103,0.3383872251609517,0.1359601255114563,0.2197481865369531,0.40098346137033763,0.12259618334761213,0.13422198602366103,0.3383872251609517
17.74493932723999,17.74493932723999,5.239507675170898,True,PERIODIC,True,True,1,FAR_GUIDANCE,39.120135004347915,3.2023010038164283,-1.2333288831107059,5.744206980940366,-2.639871574045084,0.02842299433772697,49.39482079056495,-1.3939725142544277,0.06574128908013768,2.831009035158196,-2.825842855300461,-0.21178437565877606,11.330599347372836,11.255882828921496,1.2990701721908435,2.928994224876837,2.5938137938948636,PREPARATION,False,FAR_GUIDANCE,0,False,inf,0.08415985107421875,0.0,True,True,TRACKING,0,0.08415985107421875,0.012014726579637591,-0.12181881388342507,3,0,0.08415985107421875,0.05126047134399414,inf,VISION,,1:22,2,HORIZON_INSUFFICIENT,0.049889564514160156,0.0007219314575195312,False,HORIZON_INSUFFICIENT,0.0,0.0,0.0,False,0.0,-0.43472079297871646,1.003328883110706,SAFE,1.0287440529382046,1.0004016160964966,19.987417221069336,19.995901107788086,,,0.0052802469581365585,0.0031092839781194925,,20.006219890293345,0.0007978149997143191,0.008800017999419651,0.12259618334761213,0.13422198602366103,0.32045195699571144,0.2561937080830411,0.30621683324379767,0.35506239256638256,0.12259618334761213,0.13422198602366103,0.32045195699571144
17.79490566253662,17.79490566253662,5.289474010467529,True,PERIODIC,True,True,1,FAR_GUIDANCE,39.4082514876748,3.068145809364771,-1.2300975393919598,5.726746994105321,-2.676686276890044,0.026297547368050216,49.53644906452332,-1.5353151905038782,0.054955319546577626,2.831560626135541,-2.8252901480235453,-0.2192367633587441,11.199267841392938,11.12529726942125,1.2850528589385375,2.909376963120797,2.5853879386966696,PREPARATION,False,FAR_GUIDANCE,0,False,inf,0.08211278915405273,0.0,True,True,TRACKING,0,0.03410005569458008,0.012324060652821493,-0.12068805922354792,3,0,0.03410005569458008,0.04649972915649414,inf,VISION,,1:22,2,HORIZON_INSUFFICIENT,0.049889564514160156,0.0007219314575195312,False,HORIZON_INSUFFICIENT,0.0,0.0,0.0,False,0.0,-0.43982701816982317,1.0000975393919598,SAFE,1.026444418101002,0.9997243285179138,20.038169860839844,20.055564880371094,,,0.005237518809735775,0.0031092839781194925,,20.028786120252473,0.0008203790002880851,0.008800017999419651,0.12746545194818518,0.27032082832922527,0.294518254317196,0.1378075004041019,0.322015253232905,0.31331922776441223,0.12746545194818518,0.27032082832922527,0.294518254317196
17.84491229057312,17.84491229057312,5.339480638504028,True,PERIODIC,True,True,1,FAR_GUIDANCE,39.70412482075558,2.9279330868494573,-1.2268172398151842,5.708690618047689,-2.7142108019292435,0.023755877826774515,49.67785335494031,-1.6763766178446549,0.043850347250310236,2.8321647799044753,-2.824684523883797,-0.22532659688069062,11.058459424674393,10.985214095790353,1.2706675870654944,2.889402606068321,2.576989482335195,PREPARATION,False,FAR_GUIDANCE,0,False,inf,0.08415865898132324,0.0,True,True,TRACKING,0,0.08415865898132324,0.012324060652821493,-0.12023964876587902,3,0,0.08415865898132324,0.051409244537353516,inf,VISION,,1:22,2,HORIZON_INSUFFICIENT,0.049889564514160156,0.0007219314575195312,False,HORIZON_INSUFFICIENT,0.0,0.0,0.0,False,0.0,-0.4480325309978803,0.9968172398151842,SAFE,1.0229002472772475,0.9997243285179138,20.038169860839844,20.055564880371094,,,0.004433854948729277,0.0031092839781194925,,20.020433500932793,0.0008034090005821781,0.008800017999419651,0.12746545194818518,0.28729106413968825,0.26697812502993656,0.2588786438815646,0.33318832592299524,0.27042884991448335,0.12746545194818518,0.28729106413968825,0.26697812502993656
17.894813060760498,17.894813060760498,5.389381408691406,True,PERIODIC,True,True,1,FAR_GUIDANCE,39.98575344631123,2.7922190880820827,-1.223853740126319,5.691335719294979,-2.749534369675258,0.021042793132483216,49.81960902768142,-1.8177253390238288,0.03244976728459366,2.832824099130923,-2.824023304327192,-0.2300399584738062,10.933188085777338,10.860768997462868,1.2563035074109126,2.8704842504624026,2.5685313855714997,PREPARATION,False,FAR_GUIDANCE,0,False,inf,0.034073591232299805,0.0,True,True,TRACKING,0,0.034073591232299805,0.013437467192956541,-0.11921428196628535,3,0,0.034073591232299805,0.007500410079956055,inf,VISION,,1:22,2,HORIZON_INSUFFICIENT,0.049889564514160156,0.0007219314575195312,False,HORIZON_INSUFFICIENT,0.0,0.0,0.0,False,0.0,-0.45306916218174553,0.993853740126319,SAFE,1.0208567180677068,0.9994737505912781,20.012788772583008,19.993188858032227,,,1.349500053038355e-05,0.001569058047607541,,20.0051752729595,0.0007167670000853832,0.008800017999419651,0.27488636676651307,0.2946427804519608,0.15654472448290782,0.2608482865221244,0.34623205638848725,0.11740997986419438,0.27488636676651307,0.2946427804519608,0.15654472448290782
17.944997310638428,17.944997310638428,5.439565658569336,True,PERIODIC,True,True,1,FAR_GUIDANCE,40.24777582612545,2.6639928003514695,-1.2211756936558056,5.675062049071579,-2.781884767387057,0.01857701345686509,49.96125197542116,-1.958893064952302,0.020860863943061154,2.8335366393036145,-2.823308363201579,-0.23332974926527852,10.828912569458401,10.75744823954836,1.2420365575988668,2.8529703093008796,2.5600419220682333,PREPARATION,False,FAR_GUIDANCE,0,False,inf,0.0321497917175293,0.0,True,True,TRACKING,0,0.0321497917175293,0.013437467192956541,-0.11844798214799199,3,0,0.0321497917175293,0.011327505111694336,inf,VISION,,1:23,2,HORIZON_INSUFFICIENT,0.0376589298248291,0.0003707408905029297,False,HORIZON_INSUFFICIENT,0.0,0.0,0.0,False,0.0,-0.4601469018637765,0.9911756936558056,SAFE,1.0180925740437643,0.9994737505912781,20.012788772583008,19.993188858032227,,,1.5756000721012242e-05,0.001569058047607541,,20.02872571486305,0.0007782700004099752,0.009956613999747788,0.2766586947377048,0.3050605763567035,0.12016617725990175,0.25944434238205427,0.3547432464059457,0.09182757447647848,0.2766586947377048,0.3050605763567035,0.12016617725990175
17.99491262435913,17.99491262435913,5.489480972290039,True,PERIODIC,True,True,1,FAR_GUIDANCE,40.54331047687017,2.5171062325381683,-1.2180984963397272,5.656566649249097,-2.8177610496196954,0.015722871826053378,50.10296417004088,-2.1000558241600533,0.009140697184545302,2.834303376152793,-2.8225386395811976,-0.23518156307010135,10.686967775252635,10.61626884508706,1.2272391935242726,2.833398285360648,2.55130556621815,PREPARATION,False,FAR_GUIDANCE,0,False,inf,0.08215117454528809,0.0,True,True,TRACKING,0,0.034147024154663086,0.01425997307341793,-0.11778217035771121,3,0,0.034147024154663086,0.061328887939453125,inf,VISION,,1:23,2,HORIZON_INSUFFICIENT,0.0376589298248291,0.0003707408905029297,False,HORIZON_INSUFFICIENT,0.0,0.0,0.0,False,0.0,-0.465141599070928,0.9880984963397272,SAFE,1.0160779163977816,0.9994520545005798,20.020793914794922,20.025440216064453,,,2.243999915663153e-05,0.001569058047607541,,20.005717656805032,0.0007022609997875406,0.009956613999747788,0.2550317914544126,0.3239668655145389,0.0902264562603213,0.25625350301911715,0.3643810139867371,0.08532822639824748,0.2550317914544126,0.3239668655145389,0.0902264562603213
18.04494619369507,18.04494619369507,5.539514541625977,True,PERIODIC,True,True,1,FAR_GUIDANCE,40.831526967660004,2.3715129087402516,-1.215085363474909,5.6386287689253525,-2.852641567349161,0.01264508099507055,50.24465794867738,-2.241120885294416,-0.0026310093191604295,2.835123955841056,-2.821714399973209,-0.23558320162410726,10.552415408074637,10.482529531733253,1.2124543541557486,2.8146426073234916,2.5428660769382434,PREPARATION,False,FAR_GUIDANCE,0,False,inf,0.08421730995178223,0.0,True,True,TRACKING,0,0.08421730995178223,0.015055691626173939,-0.11734045134743619,3,0,0.08421730995178223,0.056314706802368164,inf,VISION,,1:23,2,HORIZON_INSUFFICIENT,0.0376589298248291,0.0003707408905029297,False,HORIZON_INSUFFICIENT,0.0,0.0,0.0,False,0.0,-0.4731259150952041,0.985085363474909,SAFE,1.0129138891282934,0.9994520545005798,20.020793914794922,20.025440216064453,,,0.005074607208371162,0.001569058047607541,,19.978308888507275,0.0011151710004924098,0.009956613999747788,0.2716664869079011,0.3424020667518637,0.0902264562603213,0.257417776443291,0.3694084287575984,0.19776098803752912,0.2716664869079011,0.3424020667518637,0.0902264562603213
18.094945430755615,18.094945430755615,5.589513778686523,True,PERIODIC,True,True,1,FAR_GUIDANCE,41.11139601950234,2.2277795501851165,-1.212222892357948,5.621240822519288,-2.88641644704374,0.010025346089706889,50.38659901878645,-2.382347193365984,-0.014403450650586562,2.8360001461740083,-2.8208337722916266,-0.23453067864863883,10.42676511121576,10.357734272973701,1.1978194417073613,2.7967256500471716,2.5347220155888617,PREPARATION,False,FAR_GUIDANCE,0,False,inf,0.034156084060668945,0.0,True,True,TRACKING,0,0.034156084060668945,0.015336252989043246,-0.11634482838966698,3,0,0.034156084060668945,0.007778167724609375,inf,VISION,,1:23,2,HORIZON_INSUFFICIENT,0.0376589298248291,0.0003707408905029297,False,HORIZON_INSUFFICIENT,0.0,0.0,0.0,False,0.0,-0.4780188852168856,0.9822228923579479,SAFE,1.0109463468254807,0.9995142221450806,20.01682472229004,20.0052547454834,,,2.3646000045118853e-05,0.0023953989148139954,,19.988315786780667,0.0013938359998064698,0.009956613999747788,0.12724085216750528,0.320804721459358,0.19398568003821606,0.12619291803665672,0.3725081172852269,0.22056611847329327,0.12724085216750528,0.320804721459358,0.19398568003821606
18.144865036010742,18.144865036010742,5.63943338394165,True,PERIODIC,True,True,1,FAR_GUIDANCE,41.37274145132051,2.0915455911138108,-1.2096108685603963,5.604933185096274,-2.9179348902398576,0.007541942567050508,50.52841930407269,-2.523363016357453,-0.026073307498424892,2.8369298522181414,-2.8198987594581393,-0.23203263271453484,10.321074535005245,10.25299070509133,1.1835375610619714,2.7800808461058204,2.526764051071961,PREPARATION,False,FAR_GUIDANCE,0,False,inf,0.03216147422790527,0.0,True,True,TRACKING,0,0.03216147422790527,0.015992923715655524,-0.1155782402562724,3,0,0.03216147422790527,0.010620355606079102,inf,VISION,,1:24,2,HORIZON_INSUFFICIENT,0.04354357719421387,9.250640869140625e-05,False,HORIZON_INSUFFICIENT,0.0,0.0,0.0,False,0.0,-0.4848941064551511,0.9796108685603964,SAFE,1.0082820665071734,0.9995142221450806,20.01682472229004,20.0052547454834,,,0.0036356619093567133,0.0023953989148139954,,20.0091886051855,0.000862142999721982,0.012774306999745022,0.12724085216750528,0.3458939136755383,0.21315462677417227,0.25447955834264063,0.3772289994854207,0.25090500594310755,0.12724085216750528,0.3458939136755383,0.21315462677417227
18.19484281539917,18.19484281539917,5.689411163330078,True,PERIODIC,True,True,1,FAR_GUIDANCE,41.66182935593757,1.9386361974340944,-1.2069869305036496,5.58684159866395,-2.952258750336692,0.004723989365614941,50.670285442328954,-2.664328714505742,-0.037582259351707496,2.8379142346667257,-2.8189080858864433,-0.22810414891411498,10.183667037266254,10.116302043780191,1.1694046711519421,2.761990766497393,2.5187066791671544,PREPARATION,False,FAR_GUIDANCE,0,False,inf,0.03411555290222168,0.0,True,True,TRACKING,0,0.03411555290222168,0.016074959716475688,-0.11494997700828588,3,0,0.03411555290222168,0.008207321166992188,inf,VISION,,1:24,2,HORIZON_INSUFFICIENT,0.04354357719421387,9.250640869140625e-05,False,HORIZON_INSUFFICIENT,0.0,0.0,0.0,False,0.0,-0.4897718464214651,0.9769869305036496,SAFE,1.0065857867246197,0.9985503554344177,20.029569625854492,20.03368377685547,,,1.4862000170978718e-05,0.0023953989148139954,,20.052306441933524,0.0007258550003825803,0.012774306999745022,0.26369514046818127,0.24816798637800985,0.22901716385002513,0.25403851157084545,0.3014713162051607,0.2926290466379522,0.26369514046818127,0.24816798637800985,0.22901716385002513
18.245043992996216,18.245043992996216,5.739612340927124,True,PERIODIC,True,True,1,FAR_GUIDANCE,41.95081399719655,1.7836747411420746,-1.2044779629583946,5.568928151832013,-2.9860485700841646,0.0019061830249914363,50.81224000115139,-2.8052810332164775,-0.04886248815387486,2.838953784067253,-2.817861141349983,-0.22276781444211247,10.045836602702305,9.979147554905968,1.1556154748045198,2.7443624878967183,2.5107821549057783,PREPARATION,False,FAR_GUIDANCE,0,False,inf,0.08423113822937012,0.0,True,True,TRACKING,0,0.08423113822937012,0.016074959716475688,-0.11452032860168396,3,0,0.08423113822937012,0.058322906494140625,inf,VISION,,1:24,2,HORIZON_INSUFFICIENT,0.04354357719421387,9.250640869140625e-05,False,HORIZON_INSUFFICIENT,0.0,0.0,0.0,False,0.0,-0.4975740726165947,0.9744779629583946,SAFE,1.0040209211935223,0.9985503554344177,20.029569625854492,20.03368377685547,,,0.0048272800631821156,0.0023953989148139954,,19.83797794048092,0.0024063110004135524,0.012774306999745022,0.2706722050639948,0.24816798637800985,0.23672013308891182,0.25011199425441893,0.37695122729415687,0.33348246725974345,0.2706722050639948,0.24816798637800985,0.23672013308891182
18.294806003570557,18.294806003570557,5.789374351501465,True,PERIODIC,True,True,1,FAR_GUIDANCE,42.22419182280663,1.635166455670984,-1.2022478811825974,5.551762425445169,-3.0174709185930864,-0.0004990110363762238,50.954164526070194,-2.9460968680574577,-0.0598349782502178,2.840047791165626,-2.8167585171425764,-0.21606173789933117,9.924993918479379,9.8590261710306,1.1424129029323795,2.7276636550488513,2.5026688121183818,PREPARATION,False,FAR_GUIDANCE,0,False,inf,0.034067630767822266,0.0,True,True,TRACKING,0,0.034067630767822266,0.0170726634427214,-0.11360509981597815,3,0,0.034067630767822266,0.00711369514465332,inf,VISION,,1:24,2,HORIZON_INSUFFICIENT,0.04354357719421387,9.250640869140625e-05,False,HORIZON_INSUFFICIENT,0.0,0.0,0.0,False,0.0,-0.5023572002965735,0.9722478811825974,SAFE,1.0024648189544678,0.9994438290596008,20.00230598449707,19.998207092285156,,,1.938299828907475e-05,0.0038062550593167543,,19.9830630451714,0.0016290690000460017,0.012774306999745022,0.2535141081175643,0.2504178685115403,0.2476933658982942,0.24792288123582756,0.2910932143878414,0.3797796026043836,0.2535141081175643,0.2504178685115403,0.2476933658982942
18.34505343437195,18.34505343437195,5.8396217823028564,True,PERIODIC,True,True,1,FAR_GUIDANCE,42.48448556296728,1.492121634615362,-1.2001726524882796,5.5353153829762425,-3.047082283423894,-0.002653399096130841,51.09615407622628,-3.086865060773765,-0.07043948326027302,2.84119714016826,-2.815599192125843,-0.20802396349962216,9.81856663533232,9.753356024405502,1.1297331692280066,2.7118323319318773,2.494541829384672,PREPARATION,False,FAR_GUIDANCE,0,False,inf,0.03219270706176758,0.0,True,True,TRACKING,0,0.03219270706176758,0.017853082866334545,-0.11293641549103378,3,0,0.03219270706176758,0.011505126953125,inf,VISION,,1:24,2,HORIZON_INSUFFICIENT,0.04354357719421387,9.250640869140625e-05,False,HORIZON_INSUFFICIENT,0.0,0.0,0.0,False,0.0,-0.5091014041635615,0.9701726524882797,SAFE,0.999994444847107,0.9994438290596008,20.00230598449707,19.998207092285156,,,2.844900154741481e-05,0.0038062550593167543,,20.06395346495168,0.000979266000285861,0.012774306999745022,0.26751919143764363,0.2504178685115403,0.1994514396753268,0.24488145111071383,0.36882588624041457,0.41693397250873065,0.26751919143764363,0.2504178685115403,0.1994514396753268
18.394884824752808,18.394884824752808,5.889453172683716,True,PERIODIC,True,True,1,FAR_GUIDANCE,42.76723569711476,1.3348889269394146,-1.1980038723392425,5.517574372711107,-3.0787243445036383,-0.004953944017200874,51.23828017170823,-3.227650823500822,-0.08061539039315843,2.842402664946342,-2.814382186254371,-0.19869896050838762,9.686274850760416,9.621609193107354,1.1173884819460842,2.695173013754052,2.4864108172968016,PREPARATION,False,FAR_GUIDANCE,0,False,inf,0.03470468521118164,0.0,True,True,TRACKING,0,0.03470468521118164,0.018049437795560765,-0.11229004956901284,3,0,0.03470468521118164,0.006883144378662109,inf,VISION,,1:25,2,HORIZON_INSUFFICIENT,0.04492330551147461,0.00011110305786132812,False,HORIZON_INSUFFICIENT,0.0,0.0,0.0,False,0.0,-0.5139253545843401,0.9680038723392426,SAFE,0.9983083486557007,0.9991022944450378,19.993186950683594,19.999536514282227,,,7.745999937469605e-06,0.0038062550593167543,,19.982246311490925,0.001232730000083393,0.01100454900006298,0.1039893690773442,0.3542852852671068,0.1994514396753268,0.0950657097023743,0.3634448144222462,0.4654298836302214,0.1039893690773442,0.3542852852671068,0.1994514396753268
18.444976806640625,18.444976806640625,5.939545154571533,True,PERIODIC,True,True,1,FAR_GUIDANCE,43.05503945200777,1.1729353064745758,-1.1958808206958835,5.499415372184555,-3.1102407945779063,-0.007347022728760451,51.38032938433413,-3.368237205473963,-0.09028485421647443,2.8436627346099312,-2.813109001050398,-0.18815914196488362,9.547515000337377,9.483285308402975,1.105595966479409,2.6784328248384544,2.478041938496489,PREPARATION,False,FAR_GUIDANCE,0,False,inf,0.0841829776763916,0.0,True,True,TRACKING,0,0.0841829776763916,0.019149196083640043,-0.11204999195935357,3,0,0.0841829776763916,0.05636143684387207,inf,VISION,,1:25,2,HORIZON_INSUFFICIENT,0.04492330551147461,0.00011110305786132812,False,HORIZON_INSUFFICIENT,0.0,0.0,0.0,False,0.0,-0.5214413758948679,0.9658808206958835,SAFE,0.9957124471664429,0.9991022944450378,19.993186950683594,19.999536514282227,,,0.0039115408435463905,0.0038062550593167543,,20.002980927435903,0.0010011519998442964,0.01100454900006298,0.11366158458671957,0.35088223467308377,0.31484115993690165,0.10494696172971542,0.3537342603578031,0.5036408165516876,0.11366158458671957,0.35088223467308377,0.31484115993690165
18.495941162109375,18.495941162109375,5.990509510040283,True,PERIODIC,True,True,1,FAR_GUIDANCE,43.3244047234491,1.0195141375379382,-1.1940107574363632,5.482499285672148,-3.139430832137545,-0.009296071605550694,51.522547703767415,-3.5088620628030096,-0.09940497862666557,2.8449797367370446,-2.8117770710985632,-0.17645189556143123,9.429416797902212,9.36566812019072,1.0946057788096977,2.663044766356771,2.4698740228601253,PREPARATION,False,FAR_GUIDANCE,0,False,inf,0.03410482406616211,0.0,True,True,TRACKING,0,0.03410482406616211,0.019043019423099876,-0.11100739682805645,3,0,0.03410482406616211,0.007842779159545898,inf,VISION,,1:25,2,HORIZON_INSUFFICIENT,0.04492330551147461,0.00011110305786132812,False,HORIZON_INSUFFICIENT,0.0,0.0,0.0,False,0.0,-0.5261632100017604,0.9640107574363632,SAFE,0.9941819190979004,0.9973925948143005,20.01994514465332,20.02762794494629,,,1.485900065745227e-05,0.0038062550593167543,,20.017974328631595,0.0007109810003385064,0.01100454900006298,0.11366158458671957,0.3317211271385504,0.3341624283090389,0.23966988667736272,0.34263063384555625,0.5413940766645666,0.11366158458671957,0.3317211271385504,0.3341624283090389
18.54490089416504,18.54490089416504,6.039469242095947,True,PERIODIC,True,True,1,FAR_GUIDANCE,43.587741206072245,0.8677152364073881,-1.192351269610148,5.465745279521445,-3.16793123814901,-0.011378879332840222,51.66519444025486,-3.649775463626484,-0.10793298026439417,2.846356581839591,-2.810383285073131,-0.16362293844949152,9.318204548171673,9.254889139006456,1.0844182893457537,2.6480589007475848,2.4616658052606466,PREPARATION,False,FAR_GUIDANCE,0,False,inf,0.08411359786987305,0.0,True,True,TRACKING,0,0.08411359786987305,0.019043019423099876,-0.11075950893155803,3,0,0.08411359786987305,0.057851552963256836,inf,VISION,,1:25,2,HORIZON_INSUFFICIENT,0.04492330551147461,0.00011110305786132812,False,HORIZON_INSUFFICIENT,0.0,0.0,0.0,False,0.0,-0.5327391096395044,0.9623512696101479,SAFE,0.9922491788864136,0.9973925948143005,20.01994514465332,20.02762794494629,,,0.0038218291010707617,0.0038062550593167543,,19.96269471585294,0.0011150520003866404,0.01100454900006298,0.2794050128650609,0.3388404605575643,0.3065996492477112,0.23697881757014333,0.3334885737011329,0.5632859989841533,0.2794050128650609,0.3388404605575643,0.3065996492477112
18.594773054122925,18.594773054122925,6.089341402053833,True,PERIODIC,True,True,1,FAR_GUIDANCE,43.859883670067546,0.7089104517005379,-1.190654642769596,5.44840900214948,-3.197207421870252,-0.013322790028605274,51.807310795261515,-3.7900248942338903,-0.11576052909754063,2.8477841211380217,-2.8089367382328394,-0.14984030189749348,9.19551056292003,9.132470484877956,1.0748941136720556,2.6329908709592975,2.453569395603828,PREPARATION,False,FAR_GUIDANCE,0,False,inf,0.08267545700073242,0.0,True,True,TRACKING,0,0.03467679023742676,0.019903234045538898,-0.1094323584383143,3,0,0.03467679023742676,0.04824328422546387,inf,VISION,,1:26,2,HORIZON_INSUFFICIENT,0.05846142768859863,0.00027441978454589844,False,HORIZON_INSUFFICIENT,0.0,0.0,0.0,False,0.0,-0.5374183118170954,0.9606546427695961,SAFE,0.9908869743347168,1.0005145072937012,19.959169387817383,19.960378646850586,,,0.006466188933700323,0.007029668893665075,,19.964805205314242,0.0031808580006327247,0.010338490999856731,0.09022123187524841,0.21831852412804784,0.3244016252016533,0.0835087922146442,0.2156614219531531,0.588339880309113,0.09022123187524841,0.21831852412804784,0.3244016252016533
18.644895553588867,18.644895553588867,6.139463901519775,True,PERIODIC,True,True,1,FAR_GUIDANCE,44.14426835129228,0.5409825986015219,-1.1890451934319242,5.430278092688632,-3.2275391059078773,-0.015227262147691873,51.94958439037782,-3.9302839754433623,-0.12288075916127428,2.8492692142209344,-2.807430309890669,-0.13512792202919227,9.05824982251432,8.995286723955887,1.0661644342706498,2.617723132697599,2.445488109344569,PREPARATION,False,FAR_GUIDANCE,0,False,inf,0.08417892456054688,0.0,True,True,TRACKING,0,0.08417892456054688,0.019717436604660885,-0.10923807935368803,3,0,0.08417892456054688,0.05328011512756348,inf,VISION,,1:26,2,HORIZON_INSUFFICIENT,0.05846142768859863,0.00027441978454589844,False,HORIZON_INSUFFICIENT,0.0,0.0,0.0,False,0.0,-0.5447160064463539,0.9590451934319242,SAFE,0.9889137029647828,1.0005145072937012,19.959169387817383,19.960378646850586,,,0.005168620031327009,0.007029668893665075,,19.992994454319323,0.001132307999796467,0.010338490999856731,0.10049521491773343,0.21831852412804784,0.3244016252016533,0.09548574367132427,0.309649064260134,0.6256004136914212,0.10049521491773343,0.21831852412804784,0.3244016252016533
18.69478988647461,18.69478988647461,6.189358234405518,True,PERIODIC,True,True,1,FAR_GUIDANCE,44.41145679746596,0.38127896600030525,-1.1876962394285075,5.4131439728539075,-3.2557581333806844,-0.01696043659744674,52.092124573486366,-4.070654310228105,-0.12925301999806937,2.850813432444253,-2.8058622156826263,-0.1195628504832086,8.940507224444616,8.8776329830416,1.0584432194304383,2.6035497672240866,2.4374360986778334,PREPARATION,False,FAR_GUIDANCE,0,False,inf,0.03413701057434082,0.0,True,True,TRACKING,0,0.03413701057434082,0.021231008412469186,-0.10776589842988742,3,0,0.03413701057434082,0.00763249397277832,inf,VISION,,1:26,2,HORIZON_INSUFFICIENT,0.05846142768859863,0.00027441978454589844,False,HORIZON_INSUFFICIENT,0.0,0.0,0.0,False,0.0,-0.5493183996770452,0.9576962394285076,SAFE,0.9878188848495484,1.001253366470337,19.97623634338379,19.981185913085938,,,2.0595998648786917e-05,0.007029668893665075,,20.003141595441523,0.0009781429998838576,0.010338490999856731,0.0888038732481639,0.3161142154063627,0.3597766446164511,0.08637321508726013,0.2994907200959233,0.6252002171571523,0.0888038732481639,0.3161142154063627,0.3597766446164511
18.74488401412964,18.74488401412964,6.239452362060547,True,PERIODIC,True,True,1,FAR_GUIDANCE,44.671847202979016,0.2238756371943625,-1.1866342512964416,5.396149974501841,-3.282950735303329,-0.018881047745040146,52.23468695512999,-4.210889200670125,-0.13482591985975848,2.8524144863598764,-2.804234583269438,-0.10326682344675395,8.830061440893479,8.767193637868061,1.051808331436683,2.5897645350478786,2.4291580791993113,PREPARATION,False,FAR_GUIDANCE,0,False,inf,0.08422446250915527,0.0,True,True,TRACKING,0,0.08422446250915527,0.021231008412469186,-0.10751404971724635,3,0,0.08422446250915527,0.05771994590759277,inf,VISION,,1:26,2,HORIZON_INSUFFICIENT,0.05846142768859863,0.00027441978454589844,False,HORIZON_INSUFFICIENT,0.0,0.0,0.0,False,0.0,-0.555737976215529,0.9566342512964416,SAFE,0.9865819692611695,1.001253366470337,19.97623634338379,19.981185913085938,,,0.0034342280123382807,0.007029668893665075,,19.975774930748095,0.0018445129999236087,0.010338490999856731,0.0888038732481639,0.31346582419597396,0.3597766446164511,0.23458527727636733,0.28531327574105736,0.6601270390475746,0.0888038732481639,0.31346582419597396,0.3597766446164511
18.79492163658142,18.79492163658142,6.289489984512329,True,PERIODIC,True,True,1,FAR_GUIDANCE,44.94263975192387,0.05843347986844526,-1.1858582997119658,5.378374840325119,-3.3109191907514326,-0.020681615909786007,52.377426122085396,-4.351134785113386,-0.13957066633663562,2.854074424942287,-2.8025451248624624,-0.08632278447847457,8.707184301783707,8.644092818420825,1.0462876333753302,2.5758193921510655,2.4207623592808223,PREPARATION,False,FAR_GUIDANCE,0,False,inf,0.03415107727050781,0.0,True,True,TRACKING,0,0.03415107727050781,0.022112690037773528,-0.10580860637780225,3,0,0.03415107727050781,0.008213281631469727,inf,VISION,,1:26,2,HORIZON_INSUFFICIENT,0.05846142768859863,0.00027441978454589844,False,HORIZON_INSUFFICIENT,0.0,0.0,0.0,False,0.0,-0.5601767016080799,0.9558582997119658,SAFE,0.9859562397003174,1.0001252889633179,20.03285026550293,20.02520751953125,,,0.0032465499825775623,0.00307346205227077,,20.01099739127094,0.0007245040005727788,0.010338490999856731,0.08616675215140093,0.2940400542881358,0.43806215988758934,0.0894108493377028,0.27475675816534445,0.671461049294047,0.08616675215140093,0.2940400542881358,0.43806215988758934
18.84486174583435,18.84486174583435,6.339430093765259,True,PERIODIC,True,True,1,FAR_GUIDANCE,45.22099252585226,-0.11338361147336296,-1.1852880254221638,5.360120235152154,-3.339187854034267,-0.02230819790077418,52.52008292914363,-4.491130677557134,-0.14344995927454418,2.855790492276526,-2.8007964339135745,-0.06886664153107733,8.574777935672708,8.511250794684955,1.0418380661476196,2.5619719887196974,2.4122813636444986,PREPARATION,False,FAR_GUIDANCE,0,False,inf,0.08421993255615234,0.0,True,True,TRACKING,0,0.08421993255615234,0.022112690037773528,-0.10556890780451936,3,0,0.08421993255615234,0.05828213691711426,inf,VISION,,1:26,2,HORIZON_INSUFFICIENT,0.05846142768859863,0.00027441978454589844,False,HORIZON_INSUFFICIENT,0.0,0.0,0.0,False,0.0,-0.5673867208754015,0.9552880254221638,SAFE,0.9852440834045411,1.0001252889633179,20.03285026550293,20.02520751953125,,,0.00432553282007575,0.00307346205227077,,19.920359333376496,0.0019402389998504077,0.010338490999856731,0.10495825396821472,0.2982030125011888,0.4483481035112802,0.10955334256176999,0.26290962531373696,0.6762109975994405,0.10495825396821472,0.2982030125011888,0.4483481035112802
18.894922018051147,18.894922018051147,6.389490365982056,True,PERIODIC,True,True,1,FAR_GUIDANCE,45.48308828150456,-0.27687767053819395,-1.184852445656158,5.342664508248772,-3.3655930590971153,-0.02370482019347129,52.66294901518941,-4.631157219952284,-0.14644812229681226,2.857566481568392,-2.798984423575244,-0.0509710090165451,8.460994863981822,8.397032246547312,1.0384043233593458,2.549019614108846,2.4037531981290647,PREPARATION,False,FAR_GUIDANCE,0,False,inf,0.03418469429016113,0.0,True,True,TRACKING,0,0.03418469429016113,0.023601443994334226,-0.10359174071614884,3,0,0.03418469429016113,0.008311748504638672,inf,VISION,,1:27,2,HORIZON_INSUFFICIENT,0.06797385215759277,0.00703740119934082,False,HORIZON_INSUFFICIENT,0.0,0.0,0.0,False,0.0,-0.5717464343191505,0.954852445656158,SAFE,0.9849030256271363,1.0007120370864868,20.02506446838379,20.017314910888672,,,1.1853000614792109e-05,0.00307346205227077,,19.9970480608515,0.0009658740000304533,0.017696961000183364,0.10495825396821472,0.14728948843491893,0.4568790026559815,0.24016700544723413,0.1108804206398722,0.6784846042115491,0.10495825396821472,0.14728948843491893,0.4568790026559815
18.94488835334778,18.94488835334778,6.4394567012786865,True,PERIODIC,True,True,1,FAR_GUIDANCE,45.74160301600635,-0.4398975065276103,-1.184319210247098,5.325216735363675,-3.391354903259723,-0.02468451498116996,52.80613428583936,-4.771315490744177,-0.14854559575210563,2.8594042947778884,-2.797106912330268,-0.03273164095092718,8.351144280691548,8.286663008500051,1.0357736144949925,2.536420001322277,2.3951305181083034,PREPARATION,False,FAR_GUIDANCE,0,False,inf,0.032117366790771484,0.0,True,True,TRACKING,0,0.032117366790771484,0.023601443994334226,-0.10228954489041288,3,0,0.032117366790771484,0.008727312088012695,inf,VISION,,1:27,2,HORIZON_INSUFFICIENT,0.06797385215759277,0.00703740119934082,False,HORIZON_INSUFFICIENT,0.0,0.0,0.0,False,0.0,-0.5778752456511205,0.9543192102470981,SAFE,0.9842862367630005,1.0007120370864868,20.02506446838379,20.017314910888672,,,0.0042944299057126045,0.00307346205227077,,20.003975102145013,0.0009608249993107165,0.017696961000183364,0.27550092327219494,0.14793795565922124,0.4589016445757897,0.24127718820693042,0.11329790795343687,0.6745038446268157,0.27550092327219494,0.14793795565922124,0.4589016445757897
18.994962215423584,18.994962215423584,6.489530563354492,True,PERIODIC,True,True,1,FAR_GUIDANCE,46.009081057821916,-0.6102923246551444,-1.1838170081741908,5.3069287789124555,-3.4176335965122218,-0.025289856919597564,52.94910529702149,-4.911077442017701,-0.14972234746105537,2.861297372486083,-2.795170360855351,-0.014329474511448044,8.22982629426164,8.164599749308282,1.0340946607131354,2.52362706948273,2.3862578729675916,PREPARATION,False,FAR_GUIDANCE,0,False,inf,0.08213686943054199,0.0,True,True,TRACKING,0,0.08213686943054199,0.02396701949673027,-0.10201635323563736,3,0,0.08213686943054199,0.0587468147277832,inf,VISION,,1:27,2,HORIZON_INSUFFICIENT,0.06797385215759277,0.00703740119934082,False,HORIZON_INSUFFICIENT,0.0,0.0,0.0,False,0.0,-0.5822561919354863,0.9538170081741908,SAFE,0.9838949918746949,1.0007120370864868,19.92762565612793,19.934988021850586,,,1.6379999578930438e-05,0.00307346205227077,,20.013766472251074,0.000850886999614886,0.017696961000183364,0.1033657776462607,0.14793795565922124,0.4710531694587573,0.11638806354274332,0.243607883586722,0.6679514533173749,0.1033657776462607,0.14793795565922124,0.4710531694587573
19.044978141784668,19.044978141784668,6.539546489715576,True,PERIODIC,True,True,1,FAR_GUIDANCE,46.28401246023162,-0.7871598541317233,-1.1833940111794274,5.288124217506868,-3.444421131072366,-0.025759577644668036,53.092090153656656,-5.050660758439795,-0.1499767275625179,2.863248843950512,-2.793171326219725,0.004150348779886016,8.09909335190214,8.03289249528134,1.0334172836169095,2.5109841674728663,2.3773567979091768,PREPARATION,False,FAR_GUIDANCE,0,False,inf,0.08434867858886719,0.0,True,True,TRACKING,0,0.08434867858886719,0.02396701949673027,-0.10067148518844854,3,0,0.08434867858886719,0.04635047912597656,inf,VISION,,1:27,2,HORIZON_INSUFFICIENT,0.06797385215759277,0.00703740119934082,False,HORIZON_INSUFFICIENT,0.0,0.0,0.0,False,0.0,-0.5891528174423213,0.9533940111794275,SAFE,0.9833666563034058,1.0007120370864868,19.92762565612793,19.934988021850586,,,0.004911238793283701,0.00307346205227077,,19.98520791525999,0.0016691290002199821,0.017696961000183364,0.1033657776462607,0.2902205167386714,0.4747357593471166,0.2470007337283243,0.23845930269784732,0.6551277567278302,0.1033657776462607,0.2902205167386714,0.4747357593471166
19.09500479698181,19.09500479698181,6.58957314491272,True,PERIODIC,True,True,1,FAR_GUIDANCE,46.544877801844486,-0.9567922351084677,-1.1831908990692885,5.27016818047513,-3.469698055086615,-0.026328898890740873,53.2353282926775,-5.1902929204754225,-0.14930689293352065,2.865262378932698,-2.7911057844289844,0.02262446924115893,7.984583393104085,7.917364196706516,1.033884006135768,2.4992910627496316,2.36857842266711,PREPARATION,False,FAR_GUIDANCE,0,False,inf,0.034157752990722656,0.0,True,True,TRACKING,0,0.034157752990722656,0.025192259805783986,-0.0980377517470381,3,0,0.034157752990722656,0.00817728042602539,inf,VISION,,1:28,2,HORIZON_INSUFFICIENT,0.04172778129577637,0.0006628036499023438,False,HORIZON_INSUFFICIENT,0.0,0.0,0.0,False,0.0,-0.5932649708424695,0.9531908990692886,SAFE,0.9832133531570435,0.9999244809150696,19.96800994873047,19.984148025512695,,,2.2756999896955676e-05,0.004659540951251984,,19.986460972972104,0.0014111480004430632,0.009017411000058928,0.25057168872284225,0.11048267184875675,0.45487667509911306,0.25308348633170985,0.09768736204706985,0.6388695886294996,0.25057168872284225,0.11048267184875675,0.45487667509911306
19.14493751525879,19.14493751525879,6.639505863189697,True,PERIODIC,True,True,1,FAR_GUIDANCE,46.79662286233413,-1.1222892066859302,-1.183066523266825,5.252622879984595,-3.493937026383802,-0.02683033487602399,53.37848074436338,-5.329637406469358,-0.1477188857650197,2.86733356126487,-2.788977993538873,0.040935168918443905,7.880011217246581,7.811698410297941,1.0353476375018051,2.4882050830855134,2.3598294538134748,PREPARATION,False,FAR_GUIDANCE,0,False,inf,0.0842587947845459,0.0,True,True,TRACKING,0,0.0842587947845459,0.026268805897799258,-0.09769082236811913,3,0,0.0842587947845459,0.05827832221984863,inf,VISION,,1:28,2,HORIZON_INSUFFICIENT,0.04172778129577637,0.0006628036499023438,False,HORIZON_INSUFFICIENT,0.0,0.0,0.0,False,0.0,-0.5975441102317847,0.953066523266825,SAFE,0.9830787658691407,0.9999244809150696,19.96800994873047,19.984148025512695,,,0.004813725128769875,0.004659540951251984,,19.932661172321506,0.0023696540001765243,0.009017411000058928,0.27067950230845295,0.1207336873412217,0.4607345388196378,0.2539021812602832,0.11917119094520197,0.6198742485629583,0.27067950230845295,0.1207336873412217,0.4607345388196378
19.19478130340576,19.19478130340576,6.68934965133667,True,PERIODIC,True,True,1,FAR_GUIDANCE,47.058739895975854,-1.2965013138335728,-1.1831010881733106,5.234420530208675,-3.519071730695402,-0.02726108505848827,53.52194514596648,-5.469075017555404,-0.1452179451669971,2.8694685379116667,-2.7867813530908885,0.059019908159088,7.762769791449051,7.6930743800185155,1.0378831430063136,2.4772346543661063,2.3511139203629123,PREPARATION,False,FAR_GUIDANCE,0,False,inf,0.08228826522827148,0.0,True,True,TRACKING,0,0.03428459167480469,0.026951381631628097,-0.0958878447966169,3,0,0.08228826522827148,0.04941225051879883,inf,VISION,,1:28,2,HORIZON_INSUFFICIENT,0.04172778129577637,0.0006628036499023438,False,HORIZON_INSUFFICIENT,0.0,0.0,0.0,False,0.0,-0.6033849191725382,0.9531010881733106,SAFE,0.9830887794494629,0.9999244809150696,20.05746841430664,20.039155960083008,,,0.0053483229130506516,0.004659540951251984,,20.137921344836464,0.0008135509997373447,0.009017411000058928,0.12430244217041413,0.11153505971922396,0.37547895149904786,0.14260310410730082,0.1254538068277153,0.5332765661248569,0.12430244217041413,0.11153505971922396,0.37547895149904786
19.244964122772217,19.244964122772217,6.739532470703125,True,PERIODIC,True,True,1,FAR_GUIDANCE,47.33093563895288,-1.479348384249982,-1.1832800612157939,5.2153455241382725,-3.5447768896162275,-0.027455281668348482,53.66539795118511,-5.608284830415686,-0.1418243350330291,2.871662942052721,-2.784520056893309,0.0767259319633057,7.632703255804255,7.561317938135256,1.0414557261827648,2.4661087207474948,2.3420956393189707,PREPARATION,False,FAR_GUIDANCE,0,False,inf,0.08415508270263672,0.0,True,True,TRACKING,0,0.08415508270263672,0.026951381631628097,-0.09404045819359307,3,0,0.08415508270263672,0.04983806610107422,inf,VISION,,1:28,2,HORIZON_INSUFFICIENT,0.04172778129577637,0.0006628036499023438,False,HORIZON_INSUFFICIENT,0.0,0.0,0.0,False,0.0,-0.6099580241969278,0.9532800612157939,SAFE,0.9833032369613648,0.9999244809150696,20.05746841430664,20.039155960083008,,,0.0032636900432407856,0.004659540951251984,,19.934865049299482,0.0008557040000596317,0.009017411000058928,0.12430244217041413,0.11153505971922396,0.37547895149904786,0.2619415469880152,0.25455453554801083,0.5694684151328503,0.12430244217041413,0.11153505971922396,0.37547895149904786
19.294921398162842,19.294921398162842,6.78948974609375,True,PERIODIC,True,True,1,FAR_GUIDANCE,47.585573773256435,-1.6521917547533005,-1.1837324466489971,5.19766736251749,-3.568388909974002,-0.027376173892294676,53.80907449427713,-5.74748890598311,-0.1375535670535761,2.8739207759668353,-2.7821896724461803,0.09397270075487116,7.5231582616297255,7.450061743463343,1.046178879595421,2.4561418910505313,2.3334090304106874,PREPARATION,False,FAR_GUIDANCE,0,False,inf,0.08220362663269043,0.0,True,True,TRACKING,0,0.03420448303222656,0.02802065824725239,-0.09081405992615645,3,0,0.03420448303222656,0.04783296585083008,inf,VISION,,1:29,2,HORIZON_INSUFFICIENT,0.051434993743896484,0.00012993812561035156,False,HORIZON_INSUFFICIENT,0.0,0.0,0.0,False,0.0,-0.613949386856036,0.9537324466489971,SAFE,0.9836682558059693,0.9993781447410583,20.000234603881836,19.990888595581055,,,0.0037666920106858015,0.002103399019688368,,19.987057483643156,0.0014952490000723628,0.009661751999374246,0.13646202168227062,0.12078290120426716,0.34752772632089673,0.15533169139489267,0.1595042982319203,0.46527649547223393,0.13646202168227062,0.12078290120426716,0.34752772632089673
19.344996452331543,19.344996452331543,6.839564800262451,True,PERIODIC,True,True,1,FAR_GUIDANCE,47.831246550451546,-1.8206550774989703,-1.1844680749558736,5.180597899478599,-3.591125531287501,-0.027214138445303397,53.95293460199569,-5.886641504786068,-0.13243163862359458,2.8762419421414362,-2.779789972330007,0.11064764577925153,7.42388650847196,7.348966609483355,1.052036436332279,2.446901640625082,2.324980596262199,PREPARATION,False,FAR_GUIDANCE,0,False,inf,0.032146453857421875,0.0,True,True,TRACKING,0,0.032146453857421875,0.029329165863577672,-0.08888917732395747,3,0,0.032146453857421875,0.011509418487548828,inf,VISION,,1:29,2,HORIZON_INSUFFICIENT,0.051434993743896484,0.00012993812561035156,False,HORIZON_INSUFFICIENT,0.0,0.0,0.0,False,0.0,-0.6195532704394675,0.9544680749558736,SAFE,0.9845339536666871,0.9993781447410583,20.000234603881836,19.990888595581055,,,2.27979999181116e-05,0.002103399019688368,,20.008646033121366,0.001453568000215455,0.009661751999374246,0.13646202168227062,0.14300342255848428,0.34752772632089673,0.2695453964306162,0.18738681123223166,0.5064263174506676,0.13646202168227062,0.14300342255848428,0.34752772632089673
19.394991397857666,19.394991397857666,6.889559745788574,True,PERIODIC,True,True,1,FAR_GUIDANCE,48.09611873327705,-2.004254997286643,-1.1854456344960298,5.162368477444386,-3.6151681905732462,-0.02721005663477164,54.096952385584906,-6.025710863493381,-0.1264902595979492,2.878626524971082,-2.777320530607318,0.12664373547601698,7.300924482046403,7.223718696524596,1.0589553748980807,2.437444767813997,2.316254426439767,PREPARATION,False,FAR_GUIDANCE,0,False,inf,0.0341794490814209,0.0,True,True,TRACKING,0,0.0341794490814209,0.029329165863577672,-0.08700018837511386,3,0,0.0341794490814209,0.007917642593383789,inf,VISION,,1:29,2,HORIZON_INSUFFICIENT,0.051434993743896484,0.00012993812561035156,False,HORIZON_INSUFFICIENT,0.0,0.0,0.0,False,0.0,-0.6234655200318002,0.9554456344960298,SAFE,0.9852941513061524,0.9998330473899841,19.97457504272461,19.986948013305664,,,1.867299943114631e-05,0.002103399019688368,,20.000872399084933,0.001017121000586485,0.009661751999374246,0.14676160535612645,0.14300342255848428,0.4121002693946722,0.1655286604553626,0.29025110889112876,0.4728016639247046,0.14676160535612645,0.14300342255848428,0.4121002693946722
19.444892644882202,19.444892644882202,6.93946099281311,True,PERIODIC,True,True,1,FAR_GUIDANCE,48.364170327181085,-2.1920921198052654,-1.186548899339282,5.144012855628691,-3.6392240781467358,-0.02693698065964486,54.24077993381939,-6.1643551899138105,-0.1197827591061028,2.8810690373245897,-2.774786694895584,0.1418255173359184,7.172963429777805,7.093194933665772,1.0667661402331794,2.428301360023616,2.3075790249426045,PREPARATION,False,FAR_GUIDANCE,0,False,inf,0.0841970443725586,0.0,True,True,TRACKING,0,0.0841970443725586,0.029672893147441252,-0.08619779332183625,3,0,0.0841970443725586,0.057935237884521484,inf,VISION,,1:29,2,HORIZON_INSUFFICIENT,0.051434993743896484,0.00012993812561035156,False,HORIZON_INSUFFICIENT,0.0,0.0,0.0,False,0.0,-0.6296872732313146,0.9565488993392821,SAFE,0.9866443157196045,0.9998330473899841,19.97457504272461,19.986948013305664,,,0.003447289112955332,0.002103399019688368,,19.93136001676708,0.001226407999638468,0.009661751999374246,0.1536730995707585,0.2969043049468651,0.39060117185967336,0.17109985629994967,0.30129794357072065,0.4342797942741767,0.1536730995707585,0.2969043049468651,0.39060117185967336
19.494796991348267,19.494796991348267,6.989365339279175,True,PERIODIC,True,True,1,FAR_GUIDANCE,48.61697961543969,-2.371049699352626,-1.1876558687221777,5.126791999368134,-3.661761452232126,-0.026314995438719787,54.38503885380833,-6.303167122468421,-0.11232177650949876,2.8835804922078636,-2.772176679967972,0.15616447962151508,7.0631719656522245,6.98083482160269,1.0753340922126788,2.4200532415049834,2.299349685688699,PREPARATION,False,FAR_GUIDANCE,0,False,inf,0.0821075439453125,0.0,True,True,TRACKING,0,0.034116268157958984,0.031166418209060628,-0.051808716775426,3,0,0.034116268157958984,0.04812955856323242,inf,VISION,,1:29,2,HORIZON_INSUFFICIENT,0.051434993743896484,0.00012993812561035156,False,HORIZON_INSUFFICIENT,0.0,0.0,0.0,False,0.0,-0.6318285099166445,0.9576558687221777,SAFE,0.9875473260879517,1.0002583265304565,20.070436477661133,20.07050132751465,,,0.0043666609562933445,0.00409439904615283,,20.023778743809135,0.001317754999945464,0.009661751999374246,0.1536730995707585,0.16830765070768697,0.3643338784795765,0.2813101164857989,0.23624588124057247,0.39653929206535077,0.1536730995707585,0.16830765070768697,0.3643338784795765
19.544881343841553,19.544881343841553,7.039449691772461,True,PERIODIC,True,True,1,FAR_GUIDANCE,48.86194324241737,-2.546048876346563,-1.1886644243973392,5.110405952478211,-3.6831797870054297,-0.025347000451213467,54.52912510894087,-6.441558787908566,-0.10418453850258405,2.8861508500265827,-2.769500545385545,0.16951201044372732,6.961899482342508,6.876914117489805,1.084479885894755,2.4124863836872006,2.291498762286954,PREPARATION,False,FAR_GUIDANCE,0,False,inf,0.03215742111206055,0.0,True,True,TRACKING,0,0.032157182693481445,0.031166418209060628,-0.048708126939453276,3,0,0.032157182693481445,0.007422208786010742,inf,VISION,,1:30,2,HORIZON_INSUFFICIENT,0.04131817817687988,0.0004961490631103516,False,HORIZON_INSUFFICIENT,0.0,0.0,0.0,False,0.0,-0.6369834646215033,0.9586644243973392,SAFE,0.9887218952178956,1.0002583265304565,20.070436477661133,20.07050132751465,,,0.00435191486030817,0.00409439904615283,,20.052139937618072,0.0007820470000297064,0.00978657799987559,0.2703279681152161,0.16830765070768697,0.35344826661615597,0.27995074770480993,0.32828377443061263,0.3598455890799802,0.2703279681152161,0.16830765070768697,0.35344826661615597
19.594937086105347,19.594937086105347,7.089505434036255,True,PERIODIC,True,True,1,FAR_GUIDANCE,49.11966112188215,-2.7318368400589694,-1.1895845910419938,5.093715457646579,-3.7053883544282415,-0.024305710241040748,54.673451701849984,-6.579920674727861,-0.09539941745597054,2.8887878410628565,-2.766749863888567,0.18182570447461377,6.844675317272174,6.756651463911651,1.0941851735860233,2.4052522051603757,2.2838365833509044,PREPARATION,False,FAR_GUIDANCE,0,False,inf,0.03409576416015625,0.0,True,True,TRACKING,0,0.03409576416015625,0.03244516735082185,-0.046365033512402426,3,0,0.03409576416015625,0.008266687393188477,inf,VISION,,1:30,2,HORIZON_INSUFFICIENT,0.04131817817687988,0.0004961490631103516,False,HORIZON_INSUFFICIENT,0.0,0.0,0.0,False,0.0,-0.6405328332052243,0.9595845910419938,SAFE,0.9894626617431641,1.001396894454956,20.030315399169922,20.015918731689453,,,1.9003000488737598e-05,0.00409439904615283,,20.02175637314054,0.0007031569994069287,0.00978657799987559,0.16144453852239618,0.2953379409173003,0.21594223048060993,0.1771400433300639,0.3437603229014769,0.20674526337292906,0.16144453852239618,0.2953379409173003,0.21594223048060993
19.64495611190796,19.64495611190796,7.139524459838867,True,PERIODIC,True,True,1,FAR_GUIDANCE,49.38263626712792,-2.923059521893046,-1.1903884033502923,5.077030045357318,-3.7274440475632575,-0.023107810263739214,54.81801563873779,-6.718242563203561,-0.08601957027122453,2.8914920484358717,-2.763923612155757,0.19302673334956613,6.720594746735549,6.629235493657849,1.1043688330790677,2.39826230975225,2.2761783567538005,PREPARATION,False,FAR_GUIDANCE,0,False,inf,0.08417963981628418,0.0,True,True,TRACKING,0,0.08417963981628418,0.03244516735082185,-0.045404895086509064,3,0,0.08417963981628418,0.058350563049316406,inf,VISION,,1:30,2,HORIZON_INSUFFICIENT,0.04131817817687988,0.0004961490631103516,False,HORIZON_INSUFFICIENT,0.0,0.0,0.0,False,0.0,-0.6460433173408835,0.9603884033502923,SAFE,0.9904551982879639,1.001396894454956,20.030315399169922,20.015918731689453,,,0.0039652870036661625,0.00409439904615283,,19.98947396672977,0.0009335849999843049,0.00978657799987559,0.16144453852239618,0.31578599209871927,0.21594223048060993,0.28731941690098955,0.3537466310460224,0.29468128389434123,0.16144453852239618,0.31578599209871927,0.21594223048060993
19.694904804229736,19.694904804229736,7.1894731521606445,True,PERIODIC,True,True,1,FAR_GUIDANCE,49.633124784712194,-3.1068201211634707,-1.191068067542177,5.061327373036425,-3.7481216225735765,-0.021669129925287692,54.96274510997704,-6.856448527249248,-0.07610695597787993,2.8942627289988727,-2.761022139630176,0.2030386034075764,6.6111802482992585,6.516484174399686,1.114961111564297,2.391867079518493,2.268936420789238,PREPARATION,False,FAR_GUIDANCE,0,False,inf,0.03415060043334961,0.0,True,True,TRACKING,0,0.03415060043334961,0.03344689833132998,-0.041287720597729796,3,0,0.03415060043334961,0.00841832160949707,inf,VISION,,1:30,2,HORIZON_INSUFFICIENT,0.04131817817687988,0.0004961490631103516,False,HORIZON_INSUFFICIENT,0.0,0.0,0.0,False,0.0,-0.6490507596790804,0.961068067542177,SAFE,0.9910076141357422,1.000425934791565,20.084501266479492,20.074176788330078,,,1.211400012834929e-05,0.0020908769220113754,,20.026541298135253,0.0007445290002578986,0.00978657799987559,0.2922992019083149,0.21674397733347395,0.3148743144524024,0.2907867331680469,0.29536872753169285,0.27425801234037767,0.2922992019083149,0.21674397733347395,0.3148743144524024
19.74489402770996,19.74489402770996,7.239462375640869,True,PERIODIC,True,True,1,FAR_GUIDANCE,49.87280219270489,-3.2841469081903396,-1.1916004672412,5.046571339362032,-3.767367121930552,-0.020338273168618085,55.10756287094856,-6.994457948630835,-0.065728360612503,2.897098916537263,-2.7580460235098716,0.21179427664025524,6.514346887891781,6.41631727514318,1.125872106628697,2.3859686286458333,2.262009933384196,PREPARATION,False,FAR_GUIDANCE,0,False,inf,0.0320742130279541,0.0,True,True,TRACKING,0,0.0320742130279541,0.03344689833132998,-0.038795195884521474,3,0,0.0320742130279541,0.008004426956176758,inf,VISION,,1:31,2,HORIZON_INSUFFICIENT,0.04915046691894531,0.000194549560546875,False,HORIZON_INSUFFICIENT,0.0,0.0,0.0,False,0.0,-0.6530875981385762,0.9616004672412,SAFE,0.9916353702545166,1.000425934791565,20.084501266479492,20.074176788330078,,,0.004168821033090353,0.0020908769220113754,,19.963189790617886,0.0008069240002441802,0.016483078000419482,0.29455485515648255,0.21674397733347395,0.30664322364751995,0.2906033138348732,0.37633061584814737,0.2553761283223938,0.29455485515648255,0.21674397733347395,0.30664322364751995
19.794941425323486,19.794941425323486,7.2895097732543945,True,PERIODIC,True,True,1,FAR_GUIDANCE,50.1275194957993,-3.4741315266270325,-1.1920567696989235,5.031367920448342,-3.7870872933662265,-0.018986115513317553,55.252326625020594,-7.132128966171859,-0.054959270609505485,2.8999982005292764,-2.7549973569727726,0.21923431954508082,6.398248518295404,6.296395268678255,1.137097499089418,2.38006207807106,2.2548922846875668,PREPARATION,False,FAR_GUIDANCE,0,False,inf,0.08230280876159668,0.0,True,True,TRACKING,0,0.03430008888244629,0.03308595783462412,-0.037249517678947144,3,0,0.03430008888244629,0.058233022689819336,inf,VISION,,1:31,2,HORIZON_INSUFFICIENT,0.04915046691894531,0.000194549560546875,False,HORIZON_INSUFFICIENT,0.0,0.0,0.0,False,0.0,-0.6557189833849657,0.9620567696989235,SAFE,0.9919994354248047,1.0002878904342651,20.003108978271484,19.98760986328125,,,0.0036398349329829216,0.0020908769220113754,,20.058085350045936,0.001335791000201425,0.016483078000419482,0.292713133502595,0.23866167570904998,0.29495405846931205,0.29298205508300906,0.316599782351571,0.253542624394568,0.292713133502595,0.23866167570904998,0.29495405846931205
19.844862937927246,19.844862937927246,7.339431285858154,True,PERIODIC,True,True,1,FAR_GUIDANCE,50.38816161259713,-3.670201142280194,-1.1924709126263162,5.016165342349017,-3.8068569333033335,-0.0178604308455542,55.3973770973175,-7.269778721894714,-0.043841216702457025,2.9029679224286196,-2.7518679549263374,0.2253309806503731,6.274436126249435,6.168403239415033,1.148629695923859,2.3743940580031238,2.247793865555739,PREPARATION,False,FAR_GUIDANCE,0,False,inf,0.08425045013427734,0.0,True,True,TRACKING,0,0.08425045013427734,0.03308595783462412,-0.03626809983152984,3,0,0.08425045013427734,0.050516605377197266,inf,VISION,,1:31,2,HORIZON_INSUFFICIENT,0.04915046691894531,0.000194549560546875,False,HORIZON_INSUFFICIENT,0.0,0.0,0.0,False,0.0,-0.6595029642084609,0.9624709126263162,SAFE,0.992507028579712,1.0002878904342651,20.003108978271484,19.98760986328125,,,0.003336911089718342,0.0020908769220113754,,19.95169938674114,0.0008873389997461345,0.016483078000419482,0.1800673820701752,0.23866167570904998,0.30315399206557136,0.18580209214683482,0.3937925797851545,0.2583587555888315,0.1800673820701752,0.23866167570904998,0.30315399206557136
19.894996404647827,19.894996404647827,7.389564752578735,True,PERIODIC,True,True,1,FAR_GUIDANCE,50.636548225668584,-3.8586015486121013,-1.1928758139419287,5.002054954658712,-3.8254123141190037,-0.017021117638436122,55.54279708195037,-7.407477531973965,-0.03243559069009668,2.9060105897997537,-2.748654662188702,0.2300448915797598,6.165421323542271,6.055229028290256,1.160440223251832,2.3693565863665307,2.241256287057357,PREPARATION,False,FAR_GUIDANCE,0,False,inf,0.034566402435302734,0.0,True,True,TRACKING,0,0.034566402435302734,0.03233149455567831,-0.03430187615710949,3,0,0.034566402435302734,0.0069561004638671875,inf,VISION,,1:31,2,HORIZON_INSUFFICIENT,0.04915046691894531,0.000194549560546875,False,HORIZON_INSUFFICIENT,0.0,0.0,0.0,False,0.0,-0.6615674972310326,0.9628758139419287,SAFE,0.9928365230560303,1.000889778137207,20.010147094726562,20.029504776000977,,,0.004646669141948223,0.002666051033884287,,19.97287619047619,0.0007334349993470823,0.016483078000419482,0.17108423290235958,0.25588406169265365,0.19209396379020593,0.17625804948012536,0.33123741477675717,0.19541319316223907,0.17108423290235958,0.25588406169265365,0.19209396379020593
19.944974660873413,19.944974660873413,7.439543008804321,True,PERIODIC,True,True,1,FAR_GUIDANCE,50.8763119592968,-4.041889886936782,-1.193259102466868,4.988880157683685,-3.8428617427705922,-0.016073758293041904,55.68821022758193,-7.544861603656291,-0.020842355132138425,2.90911895468381,-2.745364621958143,0.23333383042831304,6.06627866338938,5.9519052237466195,1.1724167473347296,2.3647644146948132,2.235256872133761,PREPARATION,False,FAR_GUIDANCE,0,False,inf,0.032746315002441406,0.0,True,True,TRACKING,0,0.032746315002441406,0.03233149455567831,-0.03290192007711036,3,0,0.032746315002441406,0.007157564163208008,inf,VISION,,1:31,2,HORIZON_INSUFFICIENT,0.04915046691894531,0.000194549560546875,False,HORIZON_INSUFFICIENT,0.0,0.0,0.0,False,0.0,-0.6641853698802724,0.963259102466868,SAFE,0.9932798624038697,1.000889778137207,20.010147094726562,20.029504776000977,,,0.00517266383394599,0.002666051033884287,,19.994489281270706,0.0008296989999507787,0.016483078000419482,0.17108423290235958,0.2663714072679691,0.21280507713805358,0.29455078005867746,0.33673309416233393,0.24633587991863898,0.17108423290235958,0.2663714072679691,0.21280507713805358
19.994993448257446,19.994993448257446,7.4895617961883545,True,PERIODIC,True,True,1,FAR_GUIDANCE,51.127230270940665,-4.23509853793072,-1.1936976450858017,4.975474091880303,-3.860869547904449,-0.015239049280059836,55.83370396986336,-7.682006980963669,-0.00912674311718406,2.9122953267816825,-2.741994881396677,0.23518290023129174,5.952754044565728,5.8337014401924,1.1845709019686177,2.3603597795471374,2.2292727827891436,PREPARATION,False,FAR_GUIDANCE,0,False,inf,0.034299612045288086,0.0,True,True,TRACKING,0,0.034299612045288086,0.031206541770171157,-0.06230318278782461,3,0,0.034299612045288086,0.008698701858520508,inf,VISION,,1:32,2,HORIZON_INSUFFICIENT,0.04986286163330078,0.003936052322387695,False,HORIZON_INSUFFICIENT,0.0,0.0,0.0,False,0.0,-0.6673558131697352,0.9636976450858017,SAFE,0.99362211227417,0.9994847774505615,19.980607986450195,19.96586036682129,,,1.8807000742526725e-05,0.002666051033884287,,20.010097981759554,0.0014776809994145879,0.011867102999531198,0.3033596150469283,0.2663714072679691,0.21280507713805358,0.29703490178342623,0.4122487834030094,0.3389588961790495,0.3033596150469283,0.2663714072679691,0.21280507713805358
20.045148372650146,20.045148372650146,7.539716720581055,True,PERIODIC,True,True,1,FAR_GUIDANCE,51.384842754618994,-4.434729797317263,-1.1943013049799207,4.96228997149147,-3.878774363756001,-0.014550340676341322,55.97943632130243,-7.8190551987233805,0.0026514155116692715,2.9155437740004198,-2.7385405788279615,0.2355826371275934,5.830664137189151,5.706483020706493,1.19695272049159,2.3562405623833187,2.2233302107985815,PREPARATION,False,FAR_GUIDANCE,0,False,inf,0.08440113067626953,0.0,True,True,TRACKING,0,0.08440113067626953,0.029900837048822723,-0.0610704288832808,3,0,0.08440113067626953,0.05880022048950195,inf,VISION,,1:32,2,HORIZON_INSUFFICIENT,0.04986286163330078,0.003936052322387695,False,HORIZON_INSUFFICIENT,0.0,0.0,0.0,False,0.0,-0.6698717834939867,0.9643013049799207,SAFE,0.9943628787994385,0.9994847774505615,19.980607986450195,19.96586036682129,,,0.00792051199823618,0.002666051033884287,,19.936141725822495,0.003199529000085022,0.011867102999531198,0.1724110216661194,0.3547167878711682,0.35251263873994704,0.1711364323809671,0.41170799145194653,0.372604514436001,0.1724110216661194,0.3547167878711682,0.35251263873994704
20.094959497451782,20.094959497451782,7.58952784538269,True,PERIODIC,True,True,1,FAR_GUIDANCE,51.629004272520255,-4.625126137567454,-1.1950032251801042,4.949961364834194,-3.895271884470297,-0.014122852453061045,56.125163383559496,-7.955769711341581,0.0143995975412727,2.9188594289486263,-2.7350063316266193,0.23453126244225136,5.724621258643274,5.595411813915403,1.209402822721377,2.3523222772248102,2.2177651446071103,PREPARATION,False,FAR_GUIDANCE,0,False,inf,0.08214306831359863,0.0,True,True,TRACKING,0,0.08214306831359863,0.02749961969979599,-0.05911654711030881,3,0,0.08214306831359863,0.04224348068237305,inf,VISION,,1:32,2,HORIZON_INSUFFICIENT,0.04986286163330078,0.003936052322387695,False,HORIZON_INSUFFICIENT,0.0,0.0,0.0,False,0.0,-0.671219261153801,0.9650032251801042,SAFE,0.9949393749237061,1.0001749992370605,19.958951950073242,19.97565269470215,,,0.005082482006400824,0.0032578969839960337,,19.961409636369282,0.0018068469998979708,0.011867102999531198,0.17176137106336745,0.27667971886052206,0.2723912692137088,0.1697199175421014,0.33770587497838545,0.37712756498675726,0.17176137106336745,0.27667971886052206,0.2723912692137088
20.144888401031494,20.144888401031494,7.639456748962402,True,PERIODIC,True,True,1,FAR_GUIDANCE,51.86327663649789,-4.808922994287326,-1.195626339581593,4.938515604211575,-3.910905445349618,-0.013395829371967769,56.271158390028845,-8.092399507987032,0.026067144689011567,2.922249108785958,-2.7313842911973545,0.23203434120524757,5.630557213867729,5.496420614284234,1.2216934842706044,2.3487947339642408,2.213023221145163,PREPARATION,False,FAR_GUIDANCE,0,False,inf,0.03213238716125488,0.0,True,True,TRACKING,0,0.03213238716125488,0.02749961969979599,-0.05579828351662063,3,0,0.03213238716125488,0.01078033447265625,inf,VISION,,1:32,2,HORIZON_INSUFFICIENT,0.04986286163330078,0.003936052322387695,False,HORIZON_INSUFFICIENT,0.0,0.0,0.0,False,0.0,-0.6731275454820462,0.9656263395815929,SAFE,0.9956720352172852,1.0001749992370605,19.958951950073242,19.97565269470215,,,0.0032984220888465643,0.0032578969839960337,,20.01760223657621,0.001305068999499781,0.011867102999531198,0.17176137106336745,0.27667971886052206,0.3072502183243892,0.2952502825034082,0.4137657680903021,0.4237139080535019,0.17176137106336745,0.27667971886052206,0.3072502183243892
20.19489336013794,20.19489336013794,7.689461708068848,True,PERIODIC,True,True,1,FAR_GUIDANCE,52.11893139264782,-5.01067401344703,-1.1961422087389249,4.926202648490376,-3.927257304566052,-0.012486022045392635,56.41732285579859,-8.228844404483572,0.03757391044964659,2.925711260338325,-2.7276754977690314,0.22810754256644947,5.509523146242093,5.369617289549756,1.2337161191885715,2.344962167840146,2.207546692432135,PREPARATION,False,FAR_GUIDANCE,0,False,inf,0.08220124244689941,0.0,True,True,TRACKING,0,0.0342099666595459,0.0255295011731719,-0.05383042274098938,3,0,0.0342099666595459,0.06084918975830078,inf,VISION,,1:33,2,HORIZON_INSUFFICIENT,0.053226470947265625,0.000152587890625,False,HORIZON_INSUFFICIENT,0.0,0.0,0.0,False,0.0,-0.6745620022052048,0.9661422087389249,SAFE,0.9960934400558472,0.9999964833259583,20.03097915649414,20.01325035095215,,,0.0032946779392659664,0.0032578969839960337,,20.048295970555902,0.0019780830007221084,0.013791366000077687,0.16874736388829822,0.37875650906806435,0.33147015885371134,0.164204304992907,0.41326102822066413,0.46323558423315436,0.16874736388829822,0.37875650906806435,0.33147015885371134
20.24494171142578,20.24494171142578,7.7395100593566895,True,PERIODIC,True,True,1,FAR_GUIDANCE,52.37701258088336,-5.215558903512722,-1.196445178562272,4.914093033366482,-3.9432079203884816,-0.011346505442984718,56.56374510001441,-8.365178777192842,0.04885543236841963,2.929248714502466,-2.7238762762992095,0.22277163276961465,5.385128424375276,5.239163533946062,1.2453006109306917,2.341193697890959,2.202156576212155,PREPARATION,False,FAR_GUIDANCE,0,False,inf,0.08421874046325684,0.0,True,True,TRACKING,0,0.08421874046325684,0.024838078506696074,-0.052375110857942046,3,0,0.08421874046325684,0.052686452865600586,inf,VISION,,1:33,2,HORIZON_INSUFFICIENT,0.053226470947265625,0.000152587890625,False,HORIZON_INSUFFICIENT,0.0,0.0,0.0,False,0.0,-0.6771412573463143,0.9664451785622721,SAFE,0.9964671611785889,0.9999964833259583,20.03097915649414,20.01325035095215,,,0.0031586280092597008,0.0032578969839960337,,19.971184395908317,0.0017540610006108182,0.013791366000077687,0.16792586412412114,0.37829133367726697,0.33147015885371134,0.16157403880877202,0.4083303649558292,0.526222014677956,0.16792586412412114,0.37829133367726697,0.33147015885371134
20.29485774040222,20.29485774040222,7.78942608833313,True,PERIODIC,True,True,1,FAR_GUIDANCE,52.62005179240219,-5.409490690113643,-1.196713068013535,4.902855462687948,-3.957665067861614,-0.010372517497430941,56.71032863804932,-8.501304665667178,0.05983425617106694,2.9328598856173085,-2.7199876638207066,0.21606223129884314,5.27907089471061,5.12734612967227,1.256547324184602,2.337520187209889,2.197350602713077,PREPARATION,False,FAR_GUIDANCE,0,False,inf,0.03412675857543945,0.0,True,True,TRACKING,0,0.03412675857543945,0.024212528648179833,-0.04912770901755434,3,0,0.03412675857543945,0.008161544799804688,inf,VISION,,1:33,2,HORIZON_INSUFFICIENT,0.053226470947265625,0.000152587890625,False,HORIZON_INSUFFICIENT,0.0,0.0,0.0,False,0.0,-0.6787544992397461,0.966713068013535,SAFE,0.9966818571090699,1.0002868175506592,20.011810302734375,20.005773544311523,,,1.2427000001480337e-05,0.0032578969839960337,,20.01653129205601,0.0009143810002569808,0.013791366000077687,0.16792586412412114,0.3799126821743453,0.374828050318067,0.29545634701278933,0.40541365801329915,0.5395422250505917,0.16792586412412114,0.3799126821743453,0.374828050318067
20.34486746788025,20.34486746788025,7.839435815811157,True,PERIODIC,True,True,1,FAR_GUIDANCE,52.855513250606975,-5.598373987726539,-1.196989012008531,4.892288318555952,-3.9713100351315713,-0.009442853020583047,56.85693106336522,-8.637082508134974,0.07043243718091317,2.9365418512303765,-2.7160121420885575,0.20802985006826194,5.181838584337343,5.024449620034194,1.267421449189444,2.334097560369632,2.193162407775276,PREPARATION,False,FAR_GUIDANCE,0,False,inf,0.08415603637695312,0.0,True,True,TRACKING,0,0.08415603637695312,0.024212528648179833,-0.04768601310597829,3,0,0.08415603637695312,0.05819082260131836,inf,VISION,,1:33,2,HORIZON_INSUFFICIENT,0.053226470947265625,0.000152587890625,False,HORIZON_INSUFFICIENT,0.0,0.0,0.0,False,0.0,-0.6813342780156448,0.9669890120085309,SAFE,0.9970063447952271,1.0002868175506592,20.011810302734375,20.005773544311523,,,0.0044577899388968945,0.0032578969839960337,,19.981514815302354,0.0016541289996894193,0.013791366000077687,0.31283077714611995,0.28747116680553964,0.39281429891628244,0.2929452815359034,0.31260037624846504,0.5759913881865714,0.31283077714611995,0.28747116680553964,0.39281429891628244
20.394877195358276,20.394877195358276,7.889445543289185,True,PERIODIC,True,True,1,FAR_GUIDANCE,53.1046569884689,-5.799447243959513,-1.1970240691640364,4.881251359892784,-3.9854829419043574,-0.008560176508842667,57.0040256119117,-8.77294195913484,0.08061786139805188,2.940307333279296,-2.711935247358239,0.19869648681945998,5.067456500592402,4.90374820751084,1.2776419305620883,2.3306957693410553,2.188581938836339,PREPARATION,False,FAR_GUIDANCE,0,False,inf,0.03414320945739746,0.0,True,True,TRACKING,0,0.03414320945739746,0.02433959662680346,-0.04406660296720807,3,0,0.03414320945739746,0.008044004440307617,inf,VISION,,1:33,2,HORIZON_INSUFFICIENT,0.053226470947265625,0.000152587890625,False,HORIZON_INSUFFICIENT,0.0,0.0,0.0,False,0.0,-0.6831314185246375,0.9670240691640364,SAFE,0.9970711946487427,0.9993309378623962,20.085981369018555,20.060583114624023,,,1.674699888098985e-05,0.0021821679547429085,,20.051130879714012,0.001317313999606995,0.013791366000077687,0.30737215911759563,0.27590153379010207,0.39281429891628244,0.2948264607548908,0.29764109322860677,0.6288511852852388,0.30737215911759563,0.27590153379010207,0.39281429891628244
20.444965362548828,20.444965362548828,7.939533710479736,True,PERIODIC,True,True,1,FAR_GUIDANCE,53.35803089653081,-6.005272305572796,-1.1966423507978872,4.870257985072327,-3.9994890689991927,-0.007553622284380339,57.15093876479425,-8.908252998986603,0.09028131377462682,2.944139792641087,-2.7077741562743554,0.1881633335032338,4.946677624618843,4.77634242946085,1.286923664572514,2.3273942153732987,2.1839991077211085,PREPARATION,False,FAR_GUIDANCE,0,False,inf,0.08413124084472656,0.0,True,True,TRACKING,0,0.08413124084472656,0.02433959662680346,-0.04200450871977458,3,0,0.08413124084472656,0.05803203582763672,inf,VISION,,1:34,2,CAPTURE_GEOMETRY,0.04791450500488281,0.007597923278808594,False,CAPTURE_GEOMETRY,0.0,0.0,0.0,False,0.0,-0.6863046587278205,0.9666423507978872,SAFE,0.9966053247451783,0.9993309378623962,20.085981369018555,20.060583114624023,,,0.0035966450814157724,0.0021821679547429085,,19.983980071132255,0.0012855049999416224,8.53769997775089e-05,0.3354231056293914,0.27590153379010207,0.4878348806756658,0.2917167185081817,0.3857866033304858,0.65587647262096,0.3354231056293914,0.27590153379010207,0.4878348806756658
20.49484133720398,20.49484133720398,7.989409685134888,True,PERIODIC,True,True,1,FAR_GUIDANCE,53.600553539267985,-6.2035424461742315,-1.1962188572190753,4.859977051508225,-4.012501897391813,-0.006829693364368486,57.29830734891507,-9.043594269018463,0.09940533717641356,2.948056530323118,-2.7035093293752874,0.17645139716791902,4.839206509987284,4.662539822157056,1.295624194395489,2.324326478917696,2.1801001223645753,PREPARATION,False,FAR_GUIDANCE,0,False,inf,0.03494906425476074,0.0,True,True,TRACKING,0,0.03494906425476074,0.024803354567074654,-0.0381068050193739,3,0,0.03494906425476074,0.007699728012084961,inf,VISION,,1:34,2,CAPTURE_GEOMETRY,0.04791450500488281,0.007597923278808594,False,CAPTURE_GEOMETRY,0.0,0.0,0.0,False,0.0,-0.6881972054728243,0.9662188572190753,SAFE,0.996265459060669,0.9987984299659729,20.103261947631836,20.092092514038086,,,0.0044919950887560844,0.0021821679547429085,,20.011248637424796,0.0008989850002762978,8.53769997775089e-05,0.15439860219857843,0.3817630766494997,0.4288853250854097,0.150026940368345,0.3809723526548251,0.6559584145589554,0.15439860219857843,0.3817630766494997,0.4288853250854097
20.54491424560547,20.54491424560547,8.039482593536377,True,PERIODIC,True,True,1,FAR_GUIDANCE,53.835259250764366,-6.396523805040335,-1.1958250669434705,4.850143052972252,-4.024516332819691,-0.0062287033562747765,57.445862565116116,-9.178709473238312,0.10791533770954563,2.9520513740805425,-2.6991466586292012,0.16365164874187302,4.740965347759765,4.558180929486461,1.303740404653016,2.321253137589854,2.176603282965557,PREPARATION,False,FAR_GUIDANCE,0,False,inf,0.03212404251098633,0.0,True,True,TRACKING,0,0.03212404251098633,0.025842804792571863,-0.03460961938095645,3,0,0.03212404251098633,0.00931406021118164,inf,VISION,,1:34,2,CAPTURE_GEOMETRY,0.04791450500488281,0.007597923278808594,False,CAPTURE_GEOMETRY,0.0,0.0,0.0,False,0.0,-0.6908943431485701,0.9658250669434705,SAFE,0.9958043575286866,0.9987984299659729,20.103261947631836,20.092092514038086,,,0.0036913780495524406,0.0021821679547429085,,19.984040206922614,0.0012973330003660521,8.53769997775089e-05,0.15439860219857843,0.26646905014238287,0.4288853250854097,0.2920852842052429,0.26511775782225694,0.702934591497617,0.15439860219857843,0.26646905014238287,0.4288853250854097
20.594805002212524,20.594805002212524,8.089373350143433,True,PERIODIC,True,True,1,FAR_GUIDANCE,54.08030168024696,-6.598982142852405,-1.1955489826775183,4.839993553363022,-4.0359524545814836,-0.006497588627993925,57.593658243872774,-9.313639221964987,0.11576148776994849,2.956126608167674,-2.6946828155616167,0.1498384744441734,4.629532649226462,4.439936643731376,1.3113104704474667,2.317843798959076,2.171877609012824,PREPARATION,False,FAR_GUIDANCE,0,False,inf,0.03415203094482422,0.0,True,True,TRACKING,0,0.03415203094482422,0.027747903351528175,-0.03188878893808675,3,0,0.03415203094482422,0.00776362419128418,inf,VISION,,1:34,2,CAPTURE_GEOMETRY,0.04791450500488281,0.007597923278808594,False,CAPTURE_GEOMETRY,0.0,0.0,0.0,False,0.0,-0.6928492395417929,0.9655489826775183,SAFE,0.9955835819244385,0.9987545609474182,20.00586700439453,20.01850700378418,,,0.003699169959872961,0.0026743269991129637,,19.998152050323252,0.001289035999434418,8.53769997775089e-05,0.2824842769407034,0.2575382028679575,0.5024099227405276,0.2788615400908376,0.25355961703085156,0.7225471879898745,0.2824842769407034,0.2575382028679575,0.5024099227405276
20.64483118057251,20.64483118057251,8.139399528503418,True,PERIODIC,True,True,1,FAR_GUIDANCE,54.32921402521492,-6.805552829596804,-1.1954168791911022,4.829578742511597,-4.046417765827502,-0.005932649746156929,57.74193659013624,-9.44859461306627,0.12290567510677841,2.960289975253984,-2.6901084109029445,0.13507199911206766,4.51334903718504,4.31652003056729,1.3183225542978807,2.3138059280438767,2.166519044580287,PREPARATION,False,FAR_GUIDANCE,0,False,inf,0.08513164520263672,0.0,True,True,TRACKING,0,0.08513164520263672,0.027747903351528175,-0.029018077341674237,3,0,0.08513164520263672,0.05874323844909668,inf,VISION,,1:35,2,CAPTURE_GEOMETRY,0.057909250259399414,0.008014202117919922,False,CAPTURE_GEOMETRY,0.0,0.0,0.0,False,0.0,-0.6959472921775594,0.9654168791911022,SAFE,0.9954118013381958,0.9987545609474182,20.00586700439453,20.01850700378418,,,0.011334233917295933,0.0026743269991129637,,19.86617640093433,0.0047787119992790394,0.00018955100040329853,0.16011426123645772,0.2575382028679575,0.5100766582906393,0.16080544103296426,0.3565028905614461,0.735268163857125,0.16011426123645772,0.2575382028679575,0.5100766582906393
20.694873571395874,20.694873571395874,8.189441919326782,True,PERIODIC,True,True,1,FAR_GUIDANCE,54.57348912004013,-7.009076300756835,-1.1954569458090416,4.818987565218202,-4.055241746567635,-0.004955190018923514,57.889518880940344,-9.582496691124359,0.1292517742554214,2.9645087444043297,-2.6854586022410154,0.11956617328470921,4.401522358656162,4.197445161134958,1.324708720064463,2.3088748621888384,2.1605207298936797,PREPARATION,False,FAR_GUIDANCE,0,False,inf,0.0821542739868164,0.0,True,True,TRACKING,0,0.03415036201477051,0.030409229741551136,0.00509025921949505,3,0,0.03415036201477051,0.03833818435668945,inf,VISION,,1:35,2,CAPTURE_GEOMETRY,0.057909250259399414,0.008014202117919922,False,CAPTURE_GEOMETRY,0.0,0.0,0.0,False,0.0,-0.6962005542840144,0.9654569458090416,SAFE,0.9954470872879029,0.999815046787262,20.086036682128906,20.066341400146484,,,0.003655289066955447,0.0026743269991129637,,20.015153813619346,0.0015748360001452966,0.00018955100040329853,0.16011426123645772,0.24126200037758042,0.4521074719671562,0.29610605348362906,0.22912898410646448,0.7101474233540155,0.16011426123645772,0.24126200037758042,0.4521074719671562
20.744905710220337,20.744905710220337,8.239474058151245,True,PERIODIC,True,True,1,FAR_GUIDANCE,54.80499850457417,-7.202751014715668,-1.1955848421932558,4.807964165718865,-4.061536755090896,-0.003711813177993007,58.03777784600878,-9.716583912802395,0.1348229233295701,2.96882267925887,-2.680688698659019,0.10327647608126438,4.305833593216641,4.095145676274471,1.330407765522826,2.302309548303311,2.1539201697624994,PREPARATION,False,FAR_GUIDANCE,0,False,inf,0.08458161354064941,0.0,True,True,TRACKING,0,0.032588958740234375,0.030409229741551136,0.008669643230603121,3,0,0.08458161354064941,0.052709341049194336,inf,VISION,,1:35,2,CAPTURE_GEOMETRY,0.057909250259399414,0.008014202117919922,False,CAPTURE_GEOMETRY,0.0,0.0,0.0,False,0.0,-0.6979240566218592,0.9655848421932558,SAFE,0.9955615282058716,0.999815046787262,20.086036682128906,20.066341400146484,,,0.004896632861346006,0.0026743269991129637,,19.98333363424268,0.001979653000489634,0.00018955100040329853,0.316893715939148,0.2364201419087716,0.4521074719671562,0.29500239723335786,0.2184574338668663,0.7517781158250871,0.316893715939148,0.2364201419087716,0.4521074719671562
20.794923067092896,20.794923067092896,8.289491415023804,True,PERIODIC,True,True,1,FAR_GUIDANCE,55.04532963430746,-7.404426991689451,-1.1958052121417624,4.794360589030455,-4.065356903365361,-0.0028718531768452313,58.186414088548105,-9.850573725899546,0.1395683079559791,2.9732244275692556,-2.675805767111184,0.08633219242921444,4.19919847496367,3.9812115485061805,1.3353735200977415,2.29245428320815,2.14332992190308,PREPARATION,False,FAR_GUIDANCE,0,False,inf,0.08230948448181152,0.0,True,True,TRACKING,0,0.03431057929992676,0.03313696907152557,0.01488782051060546,3,0,0.03431057929992676,0.04992198944091797,inf,VISION,,1:35,2,CAPTURE_GEOMETRY,0.057909250259399414,0.008014202117919922,False,CAPTURE_GEOMETRY,0.0,0.0,0.0,False,0.0,-0.7001332638853208,0.9658052121417624,SAFE,0.9957628726959229,1.000303864479065,20.008975982666016,20.014108657836914,,,0.0034817110281437635,0.004396132193505764,,20.024468053028855,0.0017462749992773752,0.00018955100040329853,0.1440327747249628,0.2364201419087716,0.45538089241882396,0.15594423834882706,0.33664800682980667,0.7133386085069918,0.1440327747249628,0.2364201419087716,0.45538089241882396
20.844890356063843,20.844890356063843,8.339458703994751,True,PERIODIC,True,True,1,FAR_GUIDANCE,55.298977539792226,-7.617986087337146,-1.1961672766321207,4.777232835706504,-4.065675374533339,-0.0024215340564383743,58.335267154324995,-9.984311579158762,0.14345209121613237,2.977710259811922,-2.6708129115703363,0.06885568320137594,4.0759208784369845,3.8494871030520894,1.339619367848253,2.277938373494222,2.1269024178408245,PREPARATION,False,FAR_GUIDANCE,0,False,inf,0.08418107032775879,0.0,True,True,TRACKING,0,0.08418107032775879,0.03313696907152557,0.01875859170254871,3,0,0.08418107032775879,0.05065441131591797,inf,VISION,,1:35,2,CAPTURE_GEOMETRY,0.057909250259399414,0.008014202117919922,False,CAPTURE_GEOMETRY,0.0,0.0,0.0,False,0.0,-0.7023469752922997,0.9661672766321208,SAFE,0.9961995363235474,1.000303864479065,20.008975982666016,20.014108657836914,,,0.0029617499094456434,0.004396132193505764,,19.991289220020946,0.0018134269994334318,0.00018955100040329853,0.1440327747249628,0.35667919295124584,0.45538089241882396,0.2983057144273907,0.32880829958305013,0.7532803825293766,0.1440327747249628,0.35667919295124584,0.45538089241882396
20.894816875457764,20.894816875457764,8.389385223388672,True,PERIODIC,True,True,1,FAR_GUIDANCE,55.53568265768265,-7.818073678984788,-1.1966132535321234,4.757706917355942,-4.061870445174635,-0.002326459717000443,58.48415677546439,-10.117627036037257,0.14644724630666567,2.9822755123165283,-2.665714307392521,0.05097721873341587,3.9730664192015874,3.739177083953113,1.3430604998387892,2.2592587096663457,2.1076312678210276,PREPARATION,False,FAR_GUIDANCE,0,False,inf,0.08209919929504395,0.0,True,True,TRACKING,0,0.0341038703918457,0.03596947808786002,0.024869165550298458,3,0,0.08209919929504395,0.049271345138549805,inf,VISION,,1:36,2,CAPTURE_GEOMETRY,0.0412142276763916,0.00013446807861328125,False,CAPTURE_GEOMETRY,0.0,0.0,0.0,False,0.0,-0.7032380631783637,0.9666132535321235,SAFE,0.9965614557266236,1.0003414154052734,20.08118438720703,20.06285858154297,,,0.005626700818538666,0.004396132193505764,,20.005019594139856,0.0008388759997615125,0.00012412700016284361,0.1447092253049423,0.3505230466174499,0.4475979911311845,0.16316016382591694,0.32778186948142624,0.701424370308296,0.1447092253049423,0.3505230466174499,0.4475979911311845
20.944878339767456,20.944878339767456,8.439446687698364,True,PERIODIC,True,True,1,FAR_GUIDANCE,55.76101795017685,-8.009334848308248,-1.1971253343043278,4.735684471774018,-4.054415741979321,-0.002211652435620656,58.6335010798207,-10.250884816524659,0.14854329581026174,2.9869339757621653,-2.6604934550638584,0.03275738485995213,3.8841382122903374,3.643584168109679,1.3456686301145895,2.236597968529596,2.0855967466696246,PREPARATION,False,FAR_GUIDANCE,0,False,inf,0.032120466232299805,0.0,True,True,TRACKING,0,0.032120466232299805,0.03596947808786002,0.03180828156181643,3,0,0.032120466232299805,0.008519172668457031,inf,VISION,,1:36,2,CAPTURE_GEOMETRY,0.0412142276763916,0.00013446807861328125,False,CAPTURE_GEOMETRY,0.0,0.0,0.0,False,0.0,-0.704019987500323,0.9671253343043278,SAFE,0.9971656084060669,1.0003414154052734,20.08118438720703,20.06285858154297,,,0.00548625597730279,0.004396132193505764,,20.02087108569792,0.000811728999906336,0.00012412700016284361,0.1447092253049423,0.37010522932271767,0.44978395142653466,0.3024776066166504,0.3225087220857673,0.6901483018319455,0.1447092253049423,0.37010522932271767,0.44978395142653466
20.994835376739502,20.994835376739502,8.48940372467041,True,PERIODIC,True,True,1,FAR_GUIDANCE,56.0042582990522,-8.216630373553082,-1.1976799133352298,4.707668796635185,-4.041774346362598,-0.002251468869797004,58.782955576726664,-10.383767413348558,0.14972152244634324,2.9916759467795195,-2.6551600760520753,0.01435072821688424,3.772682353360166,3.5238674081481776,1.3474014357815731,2.20626522166594,2.0544634441345497,PREPARATION,False,FAR_GUIDANCE,0,False,inf,0.03413987159729004,0.0,True,True,TRACKING,0,0.03413987159729004,0.03774891932317284,0.03584769441290943,3,0,0.03413987159729004,0.006787300109863281,inf,VISION,,1:36,2,CAPTURE_GEOMETRY,0.0412142276763916,0.00013446807861328125,False,CAPTURE_GEOMETRY,0.0,0.0,0.0,False,0.0,-0.7042246485522732,0.9676799133352298,SAFE,0.9975964307785035,1.0005780458450317,20.061756134033203,20.063949584960938,,,2.0142000721534714e-05,0.004396132193505764,,20.07250928480843,0.0009743379996507429,0.00012412700016284361,0.3027918461760192,0.1892220423488392,0.44978395142653466,0.30708792049585765,0.1923646625549871,0.730094400085385,0.3027918461760192,0.1892220423488392,0.44978395142653466
21.04498600959778,21.04498600959778,8.539554357528687,True,PERIODIC,True,True,1,FAR_GUIDANCE,56.248642425025345,-8.425606580699116,-1.1983149001891906,4.674585171030473,-4.023942532620722,-0.0022595658024568113,58.93263906701006,-10.516371283767702,0.1499768085482566,2.9965060700026505,-2.6497077900095456,-0.004143121647874505,3.6596482822305254,3.4022250098696722,1.3482917087374473,2.1689799779824095,2.0165051882955396,PREPARATION,False,FAR_GUIDANCE,0,False,inf,0.08449554443359375,0.0,True,True,TRACKING,0,0.08449554443359375,0.03774891932317284,0.041235650464396575,3,0,0.08449554443359375,0.05714297294616699,inf,VISION,,1:36,2,CAPTURE_GEOMETRY,0.0412142276763916,0.00013446807861328125,False,CAPTURE_GEOMETRY,0.0,0.0,0.0,False,0.0,-0.7039827685290256,0.9683149001891906,SAFE,0.9983771324157715,1.0005780458450317,20.061756134033203,20.063949584960938,,,0.005933945067226887,0.004396132193505764,,19.964165009703787,0.003121619000012288,0.00012412700016284361,0.15981090892134883,0.1892220423488392,0.48738020086040407,0.1838669712169508,0.3244357724386019,0.7127259075641945,0.15981090892134883,0.1892220423488392,0.48738020086040407
21.094855546951294,21.094855546951294,8.589423894882202,True,PERIODIC,True,True,1,FAR_GUIDANCE,56.480429421790156,-8.624286796676543,-1.1991131348747477,4.6383168633076615,-4.001730089371899,-0.0020594766770195855,59.08255202074872,-10.648686994729985,0.1493078004890027,3.001425345189726,-2.644134243425007,-0.022609686409753367,3.561948511814418,3.2968527692163776,1.3484209353637504,2.126711695114962,1.9751605112887103,PREPARATION,False,FAR_GUIDANCE,0,False,inf,0.034142255783081055,0.0,True,True,TRACKING,0,0.034142255783081055,0.03883670006243175,0.046427568016792174,3,0,0.034142255783081055,0.009206056594848633,inf,VISION,,1:36,2,CAPTURE_GEOMETRY,0.0412142276763916,0.00013446807861328125,False,CAPTURE_GEOMETRY,0.0,0.0,0.0,False,0.0,-0.7033681882352996,0.9691131348747477,SAFE,0.9990262269973755,1.000177264213562,20.064756393432617,20.05244255065918,,,2.5002998881973326e-05,0.00325672491453588,,20.015284515110462,0.0007179369995355955,0.00012412700016284361,0.15628738028797032,0.31319954934727556,0.4151915524619506,0.18411266142896734,0.3166307854286362,0.6322325094061402,0.15628738028797032,0.31319954934727556,0.4151915524619506
21.144935607910156,21.144935607910156,8.639503955841064,True,PERIODIC,True,True,1,FAR_GUIDANCE,56.6966550370961,-8.809782830692939,-1.1999944098958064,4.600492208359378,-3.9766421285728257,-0.0021324575102380358,59.23291297991077,-10.780896369510094,0.14771596726697667,3.0064421230411966,-2.638428653726218,-0.040961146368996434,3.483420186556748,3.2121477138199603,1.347710377162783,2.0816624716419385,1.9328769871407037,PREPARATION,False,FAR_GUIDANCE,0,False,inf,0.03218555450439453,0.0,True,True,TRACKING,0,0.03218555450439453,0.03883670006243175,0.05253994138558865,3,0,0.03218555450439453,0.011606454849243164,inf,VISION,,1:37,2,CAPTURE_GEOMETRY,0.03787875175476074,0.0065631866455078125,False,CAPTURE_GEOMETRY,0.0,0.0,0.0,False,0.0,-0.7019691425184349,0.9699944098958064,SAFE,1.0000813484191895,1.000177264213562,20.064756393432617,20.05244255065918,,,0.003648272017017007,0.00325672491453588,,20.026425547409854,0.0012060130002282676,0.00016003699965949636,0.15628738028797032,0.189257635204494,0.4151915524619506,0.3144131996783955,0.2230999323952182,0.6738704110836272,0.15628738028797032,0.189257635204494,0.4151915524619506
21.194902896881104,21.194902896881104,8.689471244812012,True,PERIODIC,True,True,1,FAR_GUIDANCE,56.932478442747595,-9.01217010259774,-1.2011337487071039,4.554957163242621,-3.944563276298458,-0.0019368660666079906,59.383227089853456,-10.912554490959348,0.14521730590135482,3.0115408576284866,-2.63260738866134,-0.0590237890160969,3.380871325126859,3.1012303614565195,1.3463510546084587,2.0264799679032413,1.8789845391908464,PREPARATION,False,FAR_GUIDANCE,0,False,inf,0.08230400085449219,0.0,True,True,TRACKING,0,0.0343012809753418,0.039299487739233745,0.0554395103227651,3,0,0.0343012809753418,0.06172490119934082,inf,VISION,,1:37,2,CAPTURE_GEOMETRY,0.03787875175476074,0.0065631866455078125,False,CAPTURE_GEOMETRY,0.0,0.0,0.0,False,0.0,-0.7007006882801132,0.9711337487071039,SAFE,1.0009660005569458,0.9991714358329773,19.83177375793457,19.8868408203125,,,0.00579850422218442,0.00325672491453588,,20.033413249008344,0.0013786130002699792,0.00016003699965949636,0.2731628010694906,0.189257635204494,0.4799511942048308,0.2929843243434345,0.3446357980349773,0.6514648797614644,0.2731628010694906,0.189257635204494,0.4799511942048308
21.244930744171143,21.244930744171143,8.73949909210205,True,PERIODIC,True,True,1,FAR_GUIDANCE,57.171191362080826,-9.217045641442953,-1.2024170950111577,4.504607496096213,-3.9070844716518893,-0.0016819871943468167,59.5338338580942,-11.043949606117444,0.14182403150250372,3.016733913339388,-2.6266550013482974,-0.07672731631465605,3.275155243087324,2.986579592127367,1.3442411265136613,1.9644081113939493,1.8183608430246614,PREPARATION,False,FAR_GUIDANCE,0,False,inf,0.08427715301513672,0.0,True,True,TRACKING,0,0.08427691459655762,0.039299487739233745,0.06295558252729463,3,0,0.08427691459655762,0.05103874206542969,inf,VISION,,1:37,2,CAPTURE_GEOMETRY,0.03787875175476074,0.0065631866455078125,False,CAPTURE_GEOMETRY,0.0,0.0,0.0,False,0.0,-0.6980324248027099,0.9724170950111577,SAFE,1.002530026435852,0.9991714358329773,19.83177375793457,19.8868408203125,,,0.003919876180589199,0.00325672491453588,,19.939428922861975,0.001624615999389789,0.00016003699965949636,0.322581727476233,0.3380872802328476,0.4626651364344528,0.3217989009443332,0.35048274800431933,0.6243166366043185,0.322581727476233,0.3380872802328476,0.4626651364344528
21.294753789901733,21.294753789901733,8.789322137832642,True,PERIODIC,True,True,1,FAR_GUIDANCE,57.392640616391425,-9.407259099852137,-1.2036351317959841,4.453622342126712,-3.8679427146040193,-0.0005393328564992083,59.68490418615201,-11.175218925180342,0.13755124817386244,3.0220284740741574,-2.6205617531142096,-0.09398107537490821,3.190444345705266,2.8948496018318606,1.3411863799698467,1.9010922190619248,1.7590755648704128,PREPARATION,False,FAR_GUIDANCE,0,False,inf,0.08216738700866699,0.0,True,True,TRACKING,0,0.08216738700866699,0.03967389324230631,0.06740481665318619,3,0,0.08216738700866699,0.04802989959716797,inf,VISION,,1:37,2,CAPTURE_GEOMETRY,0.03787875175476074,0.0065631866455078125,False,CAPTURE_GEOMETRY,0.0,0.0,0.0,False,0.0,-0.6960628649946621,0.9736351317959842,SAFE,1.0035163640975953,1.0014225244522095,20.084583282470703,20.09246063232422,,,3.0416998924920335e-05,0.0025262609124183655,,19.994082947125875,0.001529160999780288,0.00016003699965949636,0.32137385347696173,0.1720171869780723,0.46127144113651974,0.32876693590386347,0.2549965576629303,0.5995294161980229,0.32137385347696173,0.1720171869780723,0.46127144113651974
21.344876766204834,21.344876766204834,8.839445114135742,True,PERIODIC,True,True,1,FAR_GUIDANCE,57.60667923381073,-9.591281320136924,-1.2047964683920447,4.400863167949841,-3.8263043784678765,0.00021959285726245214,59.836081615813114,-11.306041647177214,0.13243512861972573,3.0274131960958037,-2.614339178474169,-0.11063733859059266,3.1142938692608757,2.8125856360419013,1.3372315970117703,1.8350786714557163,1.6981197327566646,PREPARATION,False,FAR_GUIDANCE,0,False,inf,0.08444595336914062,0.0,True,True,TRACKING,0,0.03245854377746582,0.03967389324230631,0.073210703204875,3,0,0.03245854377746582,0.04955625534057617,inf,VISION,,1:38,2,CAPTURE_GEOMETRY,0.04790306091308594,0.005563020706176758,False,CAPTURE_GEOMETRY,0.0,0.0,0.0,False,0.0,-0.6928971533675936,0.9747964683920447,SAFE,1.0048305998499842,1.0014225244522095,20.084583282470703,20.09246063232422,,,0.0043236310593783855,0.0025262609124183655,,19.98133946458525,0.0020226429996910156,8.314300066558644e-05,0.32646105191497327,0.1720171869780723,0.3630842451362322,0.33170025016949656,0.37134590899931763,0.4922401935068669,0.32646105191497327,0.1720171869780723,0.3630842451362322
21.39502239227295,21.39502239227295,8.889590740203857,True,PERIODIC,True,True,1,FAR_GUIDANCE,57.829291575268314,-9.782917799376728,-1.2059576237985217,4.342673007315381,-3.779375092170226,0.0009834195893720543,59.987578977699755,-11.43659150744802,0.12650111080699467,3.032896700614331,-2.6079757674109447,-0.12661698966659524,3.027918017993064,2.7189779778917873,1.3324587346055163,1.7618093586095611,1.6295052304241737,PREPARATION,False,FAR_GUIDANCE,0,False,inf,0.08214855194091797,0.0,True,True,TRACKING,0,0.03415036201477051,0.040609674089948186,0.07801853064256592,3,0,0.03415036201477051,0.050676822662353516,inf,VISION,,1:38,2,CAPTURE_GEOMETRY,0.04790306091308594,0.005563020706176758,False,CAPTURE_GEOMETRY,0.0,0.0,0.0,False,0.0,-0.6904087295424128,0.9759576237985217,SAFE,1.0056672337307981,0.9999005198478699,19.981412887573242,19.98885726928711,,,0.006743642967194319,0.0025262609124183655,,19.99520165999882,0.0013187790000301902,8.314300066558644e-05,0.33148267101481016,0.1827803905656842,0.33075727829388735,0.3393687622779268,0.2862265643628154,0.4586380495286956,0.33148267101481016,0.1827803905656842,0.33075727829388735
21.444954872131348,21.444954872131348,8.939523220062256,True,PERIODIC,True,True,1,FAR_GUIDANCE,58.054654079899926,-9.97723773127603,-1.2070875116073265,4.280222069483676,-3.727946302323076,0.0028960859760774997,60.13954015829958,-11.566979961793491,0.11977853612031397,3.038485559942502,-2.6014621853913047,-0.14183431724492002,2.9384696404774533,2.6218372030687425,1.3268660477276404,1.6828021019845332,1.5558222312760124,PREPARATION,False,FAR_GUIDANCE,0,False,inf,0.08422613143920898,0.0,True,True,TRACKING,0,0.08422589302062988,0.040997996970253144,0.08808354263898209,3,0,0.08422589302062988,0.05467557907104492,inf,VISION,,1:38,2,CAPTURE_GEOMETRY,0.04790306091308594,0.005563020706176758,False,CAPTURE_GEOMETRY,0.0,0.0,0.0,False,0.0,-0.685794803469765,0.9770875116073265,SAFE,1.0067114013517908,0.9999005198478699,19.981412887573242,19.98885726928711,,,0.0036778999492526054,0.0025262609124183655,,19.988275679056997,0.0018591099997138372,8.314300066558644e-05,0.2101300693294847,0.1827803905656842,0.33075727829388735,0.23203635260595423,0.39494220544216463,0.5208214553433175,0.2101300693294847,0.1827803905656842,0.33075727829388735
21.494816303253174,21.494816303253174,8.989384651184082,True,PERIODIC,True,True,1,FAR_GUIDANCE,58.26453115552046,-10.158397639201713,-1.20804466964739,4.218818132209012,-3.6769643249867614,0.005423994698709978,60.291641378855054,-11.696917491782152,0.11232306048448193,3.0441690887060733,-2.594809156636849,-0.1561622009397744,2.86698275842485,2.544841683549641,1.320367730131872,1.6052944534912328,1.4856780986328204,PREPARATION,False,FAR_GUIDANCE,0,False,inf,0.03565621376037598,0.0,True,True,TRACKING,0,0.03565645217895508,0.040997996970253144,0.09195861483958608,3,0,0.03565645217895508,0.0074193477630615234,inf,VISION,,1:38,2,CAPTURE_GEOMETRY,0.04790306091308594,0.005563020706176758,False,CAPTURE_GEOMETRY,0.0,0.0,0.0,False,0.0,-0.6826971052054329,0.9780446696473901,SAFE,1.0071532018277451,0.9997463226318359,20.01954460144043,20.03050422668457,,,1.645399970584549e-05,0.0022675630170851946,,19.954876791585736,0.0014474680001512752,8.314300066558644e-05,0.2101300693294847,0.33814542218197513,0.4315734814654264,0.35113652955242497,0.4095672960602819,0.501550395494008,0.2101300693294847,0.33814542218197513,0.4315734814654264
21.544984817504883,21.544984817504883,9.039553165435791,True,PERIODIC,True,True,1,FAR_GUIDANCE,58.46616734556631,-10.332608287504476,-1.2089266084938832,4.157618795650597,-3.6253588663897873,0.006904203255019199,60.444170006896556,-11.826637922846427,0.10416693719356551,3.0499592307907597,-2.588000906204293,-0.1695386984816325,2.8051441565872453,2.4788342178349745,1.3130935456874488,1.5277936204733098,1.4161422429004042,PREPARATION,False,FAR_GUIDANCE,0,False,inf,0.032547712326049805,0.0,True,True,TRACKING,0,0.032547712326049805,0.04158483636982427,0.10085341379238985,3,0,0.032547712326049805,0.007860898971557617,inf,VISION,,1:38,2,CAPTURE_GEOMETRY,0.04790306091308594,0.005563020706176758,False,CAPTURE_GEOMETRY,0.0,0.0,0.0,False,0.0,-0.6783474119006048,0.9789266084938832,SAFE,1.0079194042772974,0.9997463226318359,20.01954460144043,20.03050422668457,,,0.003953489940613508,0.0022675630170851946,,19.97644090875364,0.0021364770000218414,8.314300066558644e-05,0.3771511427922131,0.22459298546979084,0.31059634067235586,0.3553546769992353,0.33763103017989476,0.3869600358615448,0.3771511427922131,0.22459298546979084,0.31059634067235586
21.595010995864868,21.595010995864868,9.089579343795776,True,PERIODIC,True,True,1,FAR_GUIDANCE,58.67510019478721,-10.513071165470432,-1.209744556804691,4.092311902774346,-3.5690649787872375,0.008954035752092119,60.59657676041891,-11.955663826048719,0.0953917612941999,3.0558361173510904,-2.5810590120903107,-0.18183561535046447,2.734323789430736,2.4027371426408948,1.3051363180988909,1.4445894001290884,1.3406826966292105,PREPARATION,False,FAR_GUIDANCE,0,False,inf,0.08226370811462402,0.0,True,True,TRACKING,0,0.08226370811462402,0.042606430302307846,0.10746717034986822,3,0,0.08226370811462402,0.057576894760131836,inf,VISION,,1:39,0,NONE,0.05176234245300293,0.0004563331604003906,False,HORIZONTAL_PREPARATION_NOT_READY,0.0,0.0,0.0,False,0.0,-0.6747498549866591,0.979744556804691,SAFE,1.0083142500508149,0.999195396900177,20.08238983154297,20.073627471923828,,,0.00347849796526134,0.0022675630170851946,,20.111915558588496,0.0014048809998712386,0.011520949999976438,0.2308085837110535,0.22854355050038558,0.27909862891451764,0.24631543134282932,0.3492381146278871,0.3714498873092709,0.2308085837110535,0.22854355050038558,0.27909862891451764
21.64484930038452,21.64484930038452,9.13941764831543,True,PERIODIC,True,True,1,FAR_GUIDANCE,58.88591668444313,-10.694939641844778,-1.2104320728995903,4.024533625365929,-3.5098236031019514,0.010453918997546474,60.74940402028884,-12.084444001611867,0.08602244190644799,3.0618216498457627,-2.573955746421405,-0.19302357573123477,2.661597588973595,2.3245015415501658,1.2964545148060382,1.3579639479157324,1.2617209198291781,PREPARATION,False,FAR_GUIDANCE,0,False,inf,0.08479738235473633,0.0,True,True,TRACKING,0,0.08479738235473633,0.04319850353560784,0.11797805107232101,3,0,0.08479738235473633,0.05009937286376953,inf,VISION,,1:39,0,NONE,0.05176234245300293,0.0004563331604003906,False,HORIZONTAL_PREPARATION_NOT_READY,0.0,0.0,0.0,False,0.0,-0.6686553509908704,0.9804320728995903,SAFE,1.0088881120166888,0.999195396900177,20.08238983154297,20.073627471923828,,,2.8523001674329862e-05,0.0022675630170851946,,19.92786119975104,0.0033825390000856714,0.011520949999976438,0.2454277419061649,0.22854355050038558,0.27909862891451764,0.25675474651361746,0.4437598743240263,0.4563659275005747,0.2454277419061649,0.22854355050038558,0.27909862891451764
21.694988012313843,21.694988012313843,9.189556360244751,True,PERIODIC,True,True,1,FAR_GUIDANCE,59.084333897205305,-10.86609937304488,-1.2110308954225062,3.958965593285157,-3.4517627394431445,0.010979636868034232,60.90307737261644,-12.213320773059678,0.07608752371451646,3.067934379065171,-2.5666668357521596,-0.2030565728338535,2.6037486735263413,2.2633676965991176,1.2871184191370226,1.2740262487517493,1.186161832376453,PREPARATION,False,FAR_GUIDANCE,0,False,inf,0.08224081993103027,0.0,True,True,TRACKING,0,0.08224081993103027,0.04463545365836203,0.1219600690869215,3,0,0.08224081993103027,0.0414576530456543,inf,VISION,,1:39,0,NONE,0.05176234245300293,0.0004563331604003906,False,HORIZONTAL_PREPARATION_NOT_READY,0.0,0.0,0.0,False,0.0,-0.6649366808027408,0.9810308954225062,SAFE,1.0093041728804197,0.9988425970077515,19.886714935302734,19.90330696105957,,,0.00459273299202323,0.0022675630170851946,,20.021102460086187,0.0011172410004292033,0.011520949999976438,0.2454277419061649,0.3384747282193523,0.2563380962728564,0.37261050208076235,0.43957526123521046,0.3625502779666171,0.2454277419061649,0.3384747282193523,0.2563380962728564
21.74500036239624,21.74500036239624,9.239568710327148,True,PERIODIC,True,True,1,FAR_GUIDANCE,59.27366249126654,-11.029444683882337,-1.2115574734934709,3.894519414586969,-3.3940081248170744,0.011389792255663344,61.05635414680975,-12.341240414802089,0.06572949434494041,3.074126022175952,-2.5592477800675457,-0.21179340849270809,2.555437257420444,2.2133227460997817,1.2772869678384113,1.1915036267566694,1.1123781251132103,PREPARATION,False,FAR_GUIDANCE,0,False,inf,0.08404660224914551,0.0,True,True,TRACKING,0,0.032067060470581055,0.045473439181550036,0.13293740725692876,3,0,0.08404660224914551,0.04508805274963379,inf,VISION,,1:39,0,NONE,0.05176234245300293,0.0004563331604003906,False,HORIZONTAL_PREPARATION_NOT_READY,0.0,0.0,0.0,False,0.0,-0.6588439668289747,0.9815574734934709,SAFE,1.0098434827551679,0.9988425970077515,19.886714935302734,19.90330696105957,,,0.0038613430224359035,0.0022675630170851946,,20.0044420971036,0.0018875649993788102,0.011520949999976438,0.383242023280074,0.38063616274244955,0.2750415858174654,0.3738511998621602,0.46598649220266275,0.3714929682610841,0.383242023280074,0.38063616274244955,0.2750415858174654
21.794925928115845,21.794925928115845,9.289494276046753,True,PERIODIC,True,True,1,FAR_GUIDANCE,59.468002751187576,-11.197081058705095,-1.211772729361145,3.826015263681874,-3.3321598553692198,0.012855347902765475,61.21072657603978,-12.469434970848141,0.05491187117387523,3.080458254009428,-2.55162241432881,-0.21926362368652133,2.5020912622615867,2.157769868974265,1.2666846005350203,1.1040711790954871,1.0337118377888315,PREPARATION,False,FAR_GUIDANCE,0,False,inf,0.08241581916809082,0.0,True,True,TRACKING,0,0.08241581916809082,0.04754108889872743,0.13634252489661136,3,0,0.08241581916809082,0.050965309143066406,inf,VISION,,1:40,0,NONE,0.059950828552246094,0.005114555358886719,False,HORIZONTAL_PREPARATION_NOT_READY,0.0,0.0,0.0,False,0.0,-0.6544252534573993,0.9817727293611451,SAFE,1.0098643418667428,0.9999752640724182,19.945655822753906,19.938247680664062,,,0.009707417339086533,0.008012663573026657,,20.00731484670857,0.0016124600006151013,0.009186190999571409,0.38175968559446943,0.3918341263557878,0.2750415858174654,0.37939314218083614,0.4788099229179385,0.46876252833962073,0.38175968559446943,0.3918341263557878,0.2750415858174654
21.84514284133911,21.84514284133911,9.33971118927002,True,PERIODIC,True,True,1,FAR_GUIDANCE,59.666526284703984,-11.368327451941765,-1.2115390319972477,3.754258623488641,-3.2665484976096164,0.015060119737351794,61.364275545290475,-12.596300008584663,0.04383696694092299,3.086853353785683,-2.543882145898681,-0.2253330207106109,2.44258839152242,2.095296912537713,1.2553759989381708,1.0126526116575738,0.9507475911814619,PREPARATION,False,FAR_GUIDANCE,0,False,inf,0.08414554595947266,0.0,True,True,TRACKING,0,0.08414554595947266,0.04829903486100573,0.14561472801043945,3,0,0.08414554595947266,0.04574418067932129,inf,VISION,,1:40,0,NONE,0.059950828552246094,0.005114555358886719,False,HORIZONTAL_PREPARATION_NOT_READY,0.0,0.0,0.0,False,0.0,-0.6468986112248531,0.9815390319972477,SAFE,1.0091719818612597,0.9999752640724182,19.945655822753906,19.938247680664062,,,0.00414522597566247,0.008012663573026657,,19.99737422687242,0.0011473120002847281,0.009186190999571409,0.3857269315340724,0.39900597246084457,0.3942549742680356,0.3787076519281674,0.48555709509010425,0.480810047003614,0.3857269315340724,0.39900597246084457,0.3942549742680356
21.89499521255493,21.89499521255493,9.38956356048584,True,PERIODIC,True,True,1,FAR_GUIDANCE,59.850516133242515,-11.526942645153898,-1.2110258483224285,3.6866879901871292,-3.2041329940581074,0.0176950995192124,61.51893473584771,-12.723422129865043,0.032435333039767235,3.0933928824051615,-2.535925960095264,-0.23004498121480965,2.4002873787128864,2.053091276795484,1.2434611813621959,0.9272943830076493,0.873818607886573,PREPARATION,False,FAR_GUIDANCE,0,False,inf,0.08274412155151367,0.0,True,True,TRACKING,0,0.03473830223083496,0.05006300855331481,0.15013357156930068,3,0,0.08274388313293457,0.0480656623840332,inf,VISION,,1:40,0,NONE,0.059950828552246094,0.005114555358886719,False,HORIZONTAL_PREPARATION_NOT_READY,0.0,0.0,0.0,False,0.0,-0.6417967456456921,0.9810258483224286,SAFE,1.0084157909055078,0.9989186525344849,19.977127075195312,19.96256446838379,,,0.0032952409237623215,0.008012663573026657,,19.950745363664264,0.001694442999905732,0.009186190999571409,0.3965869203016282,0.41482458281063583,0.4148197998317672,0.3820474359412282,0.4961854195845864,0.5062979218021925,0.3965869203016282,0.41482458281063583,0.4148197998317672
21.94670796394348,21.94670796394348,9.44127631187439,True,PERIODIC,True,True,1,FAR_GUIDANCE,60.02376463348778,-11.675989391144258,-1.2101832019726528,3.6224982611783125,-3.1438783644465707,0.019282959057467023,61.673740481770885,-12.849991836878571,0.020847144998172147,3.1000380508403906,-2.527798267928378,-0.2333327746248426,2.36983918392595,2.025019022752059,1.231030346970825,0.8463652081791069,0.8001825254534018,PREPARATION,False,FAR_GUIDANCE,0,False,inf,0.08420133590698242,0.0,True,True,TRACKING,0,0.03220415115356445,0.05103667401721314,0.1491878761797117,3,0,0.03220415115356445,0.049634695053100586,inf,VISION,,1:40,0,NONE,0.059950828552246094,0.005114555358886719,False,HORIZONTAL_PREPARATION_NOT_READY,0.0,0.0,0.0,False,0.0,-0.6349750842199633,0.9801832019726529,SAFE,1.007119701117659,0.9989186525344849,19.977127075195312,19.96256446838379,,,0.005590097978711128,0.008012663573026657,,19.99496085024236,0.0011225429998376057,0.009186190999571409,0.4086096174236136,0.33039410027633453,0.42801319235974417,0.3801625555209762,0.4219436992481287,0.5295903576128779,0.4086096174236136,0.33039410027633453,0.42801319235974417
21.995105504989624,21.995105504989624,9.489673852920532,True,PERIODIC,True,True,1,FAR_GUIDANCE,60.207994394027274,-11.83399233014736,-1.209038730058799,3.5544749828039457,-3.0789227141024056,0.021211815066391186,61.82888753078928,-12.976155681843682,0.009130003925930462,3.1067984536540094,-2.5194847426354974,-0.23518258794492103,2.3271799988867024,1.9828846872070884,1.2181687339847296,0.7610014510934064,0.7205875816501915,PREPARATION,False,FAR_GUIDANCE,0,False,inf,0.08216118812561035,0.0,True,True,TRACKING,0,0.03416562080383301,0.05317420542989781,0.14824695584437828,3,0,0.03416562080383301,0.0558323860168457,inf,VISION,,1:40,0,NONE,0.059950828552246094,0.005114555358886719,False,HORIZONTAL_PREPARATION_NOT_READY,0.0,0.0,0.0,False,0.0,-0.6296695647495145,0.979038730058799,SAFE,1.0060028047750331,0.9989638328552246,20.025005340576172,20.014598846435547,,,2.5056999220396392e-05,0.0015383519930765033,,20.101835257414546,0.000921473999369482,0.009186190999571409,0.39069371204697656,0.33039410027633453,0.28496610980160325,0.3823414986484526,0.5093663725789285,0.5079284807862956,0.39069371204697656,0.33039410027633453,0.28496610980160325
22.044982433319092,22.044982433319092,9.53955078125,True,PERIODIC,True,True,1,FAR_GUIDANCE,60.3916228107275,-11.991169755950132,-1.207710220858678,3.487372865467657,-3.0137474925145082,0.02345183957191864,61.98431897254942,-13.101853623693389,-0.0026391359934195965,3.1136729870379862,-2.5109839764104325,-0.23558297733866385,2.2852781094487655,1.9417259636589799,1.2050710848652584,0.6778803645449416,0.6413911070372063,PREPARATION,False,FAR_GUIDANCE,0,False,inf,0.08419394493103027,0.0,True,True,TRACKING,0,0.08419394493103027,0.05317420542989781,0.15938352935020914,3,0,0.08419394493103027,0.053202152252197266,inf,VISION,,1:40,0,NONE,0.059950828552246094,0.005114555358886719,False,HORIZONTAL_PREPARATION_NOT_READY,0.0,0.0,0.0,False,0.0,-0.6203002730613538,0.9777102208586781,SAFE,1.0039295055178954,0.9989638328552246,20.025005340576172,20.014598846435547,,,0.009154850617051125,0.0015383519930765033,,19.958530059095366,0.0014399609999600216,0.009186190999571409,0.24239303341017573,0.4688663178089272,0.28496610980160325,0.23959991947870615,0.5117971897552717,0.5938897704056658,0.24239303341017573,0.4688663178089272,0.28496610980160325
22.05504536628723,22.05504536628723,9.54961371421814,True,PHASE_TRANSITION,False,True,1,MINCO_READY,60.54635238647461,-12.1234130859375,-1.2064743041992188,3.4321744441986084,-2.9592480659484863,0.024989131838083267,61.98431897254942,-13.101853623693389,-0.0026391359934195965,3.1136729870379862,-2.5109839764104325,-0.23558297733866385,nan,nan,nan,nan,nan,PREPARATION,False,PLAN_ACCEPTED,41,False,inf,0.07108163833618164,0.03084874153137207,True,True,TRACKING,0,0.07108163833618164,0.054148715050931495,0.15938352935020914,3,0,0.07108163833618164,0.03084874153137207,0.07108163833618164,VISION,,1:41,1,NONE,0.06799149513244629,0.00812983512878418,True,ADMITTED,1.5,1791339708.2491994,1.469151258468628,False,0.26953069393661117,-0.6203002730613538,0.9764743041992188,HOLD,0.0,0.9989638328552246,20.025005340576172,20.014598846435547,,,1.517000055173412e-05,0.0015383519930765033,,20.23880932625911,0.0001792900002328679,0.012653122999836341,0.24239303341017573,0.4688663178089272,0.28496610980160325,0.23959991947870615,0.5117971897552717,0.5938897704056658,0.24239303341017573,0.4688663178089272,0.28496610980160325
22.0948224067688,22.0948224067688,9.589390754699707,True,PERIODIC,True,True,1,MINCO_READY,60.56313979263211,-12.137744089312772,-1.206336718598847,3.4263822539989643,-2.9534287584812393,0.024980061321083852,62.140230136940524,-13.2272287131143,-0.01440203385011114,3.120671811718479,-2.502280448619959,-0.2345308933297219,2.2571882935009797,1.916817857703438,1.1919346847487358,0.6036055065966451,0.5683939815465451,TERMINAL_APPROACH,True,TRACKING,41,False,inf,0.08219218254089355,0.041959285736083984,True,True,TRACKING,0,0.0341799259185791,0.054005973796017154,0.15653816469110807,3,0,0.08219218254089355,0.041959285736083984,0.08219218254089355,VISION,,1:41,1,NONE,0.06799149513244629,0.00812983512878418,True,ADMITTED,1.5,1791339708.2491994,1.458040714263916,False,0.26953069393661117,-0.6147699747499109,0.976336718598847,SAFE,1.002601043081502,0.9987620115280151,19.97769546508789,19.95438575744629,,,0.0037517331074923277,0.0015383519930765033,,21.069625443471164,0.0004221179997330182,0.012653122999836341,0.24239303341017573,0.35696704073321683,0.4384591704604789,0.3793096085508073,0.4260847993626245,0.6240617773467239,0.24239303341017573,0.35696704073321683,0.4384591704604789
22.104854345321655,22.104854345321655,9.599422693252563,True,PHASE_TRANSITION,False,True,1,MINCO_TRACKING,60.68346405029297,-12.240399360656738,-1.205350637435913,3.3855807781219482,-2.9119062423706055,0.02463390864431858,62.140230136940524,-13.2272287131143,-0.01440203385011114,3.120671811718479,-2.502280448619959,-0.2345308933297219,nan,nan,nan,nan,nan,TERMINAL_APPROACH,True,TRACKING,41,False,inf,0.08219218254089355,0.041959285736083984,True,True,TRACKING,0,0.0341799259185791,0.054005973796017154,0.15653816469110807,3,0,0.08219218254089355,0.041959285736083984,0.08219218254089355,VISION,,1:41,1,NONE,0.06799149513244629,0.00812983512878418,True,ADMITTED,1.5,1791339708.2491994,1.458040714263916,False,0.26953069393661117,-0.6147699747499109,0.9753506374359131,SAFE,1.002601043081502,0.9987620115280151,19.97769546508789,19.95438575744629,,,0.0037517331074923277,0.0015383519930765033,,21.069625443471164,0.0004221179997330182,0.012653122999836341,0.24239303341017573,0.35696704073321683,0.4384591704604789,0.3793096085508073,0.4260847993626245,0.6240617773467239,0.24239303341017573,0.35696704073321683,0.4384591704604789
22.145251274108887,22.145251274108887,9.639819622039795,True,PERIODIC,True,True,1,MINCO_TRACKING,60.727825113214706,-12.278177959729918,-1.2049846749966069,3.371125213168762,-2.896916654139451,0.025417038800326544,62.296207170475085,-13.351934538329136,-0.026054772758563275,3.1277776606858114,-2.4933926496472214,-0.23203776976828072,2.2366607212566683,1.9007302458848279,1.1789299022380435,0.5369661366939126,0.5000622808392727,TERMINAL_APPROACH,True,TRACKING,41,False,inf,0.03256368637084961,0.09233331680297852,True,True,TRACKING,0,0.03256368637084961,0.054005973796017154,0.15131791666492375,3,0,0.03256368637084961,0.007606029510498047,0.13256621360778809,VISION,,1:41,1,NONE,0.06799149513244629,0.00812983512878418,True,ADMITTED,1.5,1791339708.2491994,1.4076666831970215,False,0.26953069393661117,-0.6068311203230303,0.9749846749966069,SAFE,1.0009316472213612,0.9987620115280151,19.97769546508789,19.95438575744629,,,0.005015767179429531,0.0015383519930765033,,21.05206520146079,0.000545779000276525,0.012653122999836341,0.38719131137995333,0.3730041268121909,0.35106780970370516,0.37421081469141104,0.4285911447708343,0.6269745516795161,0.38719131137995333,0.3730041268121909,0.35106780970370516
22.19483780860901,22.19483780860901,9.689406156539917,True,PERIODIC,True,True,1,MINCO_TRACKING,60.89965482076009,-12.424270875416104,-1.2033378303764213,3.3184666796161433,-2.8416643418089667,0.042431482913493385,62.453787417679806,-13.477178433293757,-0.03763797056649202,3.1350630267414097,-2.484226201125613,-0.22808148288530064,2.2097055499331097,1.8772166774893886,1.1656998598099293,0.48433066077652787,0.442013571203638,TERMINAL_APPROACH,True,TRACKING,41,False,inf,0.08274269104003906,0.14251232147216797,True,True,TRACKING,0,0.034735679626464844,0.05453398784013669,0.1442394219914922,3,0,0.034735679626464844,0.0577850341796875,0.18274521827697754,VISION,,1:41,1,NONE,0.06799149513244629,0.00812983512878418,True,ADMITTED,1.5,1791339708.2491994,1.357487678527832,False,0.26953069393661117,-0.6012500538375707,0.9733378303764213,SAFE,0.9985633159979783,0.9986520409584045,19.957616806030273,19.955007553100586,,,0.00912407971918583,0.005009857006371021,,21.09356738086569,0.0006302500005403999,0.012653122999836341,0.35979155596169876,0.3730041268121909,0.35106780970370516,0.3564744851205525,0.519119370926601,0.703157486311687,0.35979155596169876,0.3730041268121909,0.35106780970370516
22.217216968536377,22.217216968536377,9.711785316467285,True,PHASE_TRANSITION,False,True,1,TERMINAL_MINCO,61.085567474365234,-12.58191967010498,-1.1986497640609741,3.275054454803467,-2.795667886734009,0.13706280291080475,62.60993964514995,-13.600539791027055,-0.04885868994511778,3.142388711758736,-2.474953168084454,-0.2227698699674547,nan,nan,nan,nan,nan,TERMINAL_APPROACH,True,TRACKING,41,False,inf,0.0842127799987793,0.19198942184448242,True,True,TRACKING,0,0.0842127799987793,0.05342898496233539,0.15278786297557134,3,0,0.0842127799987793,0.051110029220581055,0.232222318649292,VISION,,1:41,1,NONE,0.06799149513244629,0.00812983512878418,True,ADMITTED,1.5,1791339708.2491994,1.3080105781555176,False,0.26953069393661117,-0.5913181679486237,0.9686497640609741,SAFE,0.9743331012360001,0.9986520409584045,19.957616806030273,19.955007553100586,,,0.0003051979874726385,0.005009857006371021,,21.05366438052468,0.0006399659996532137,0.012653122999836341,0.36580737878397,0.48723209866770517,0.4657882724580936,0.3638674080751897,0.5139894089257313,0.734368495681736,0.36580737878397,0.48723209866770517,0.4657882724580936
22.24494194984436,22.24494194984436,9.739510297775269,True,PERIODIC,True,True,1,TERMINAL_MINCO,61.07107835911928,-12.569645009747806,-1.199147260357363,3.278072368709374,-2.7988868935138136,0.12777072100241874,62.60993964514995,-13.600539791027055,-0.04885868994511778,3.142388711758736,-2.474953168084454,-0.2227698699674547,2.1803673779741377,1.8522521717392504,1.1502885704122452,0.4962074356068742,0.433854752491759,TERMINAL_APPROACH,True,TRACKING,41,False,inf,0.0842127799987793,0.19198942184448242,True,True,TRACKING,0,0.0842127799987793,0.05342898496233539,0.15278786297557134,3,0,0.0842127799987793,0.051110029220581055,0.232222318649292,VISION,,1:41,1,NONE,0.06799149513244629,0.00812983512878418,True,ADMITTED,1.5,1791339708.2491994,1.3080105781555176,False,0.26953069393661117,-0.5913181679486237,0.969147260357363,SAFE,0.9743331012360001,0.9986520409584045,19.957616806030273,19.955007553100586,,,0.006533118896186352,0.005009857006371021,,21.077375850867018,0.0006399659996532137,0.012653122999836341,0.36580737878397,0.48723209866770517,0.4657882724580936,0.3638674080751897,0.5139894089257313,0.734368495681736,0.36580737878397,0.48723209866770517,0.4657882724580936
22.294902563095093,22.294902563095093,9.789470911026001,True,PERIODIC,True,True,1,TERMINAL_MINCO,61.233358030577904,-12.707010381771216,-1.1898751568625776,3.249036552260942,-2.767854767343518,0.24714709079588956,62.767159592268655,-13.723982522842471,-0.05982921107772188,3.149872196715034,-2.4654218998706097,-0.21606567843331595,2.15957945117674,1.8403205064227373,1.1300459457848557,0.5620189305670319,0.45523490952470413,TERMINAL_APPROACH,True,PLAN_ACCEPTED,42,False,inf,0.04252195358276367,0.020256519317626953,True,True,TRACKING,0,0.04252195358276367,0.045757100397335375,0.13685789949319563,3,0,0.04252195358276367,0.016533374786376953,0.09046745300292969,VISION,,1:42,1,NONE,0.07798910140991211,0.023199081420898438,True,ADMITTED,1.2699580192565918,1791339708.2491994,1.2497014999389648,True,0.3356860892825193,-0.5858250416752688,0.9598751568625776,HOLD,0.0,0.9995354413986206,19.978269577026367,19.97854232788086,,,1.3386999853537418e-05,0.005009857006371021,,23.007575383568934,1.8410000848234631e-06,0.00811063200035278,0.3864511511522319,0.48868153978671014,0.359093841765241,0.36723219021569814,0.5124512094544971,0.7291127259479873,0.3864511511522319,0.48868153978671014,0.359093841765241
22.34495186805725,22.34495186805725,9.83952021598816,True,PERIODIC,True,True,1,TERMINAL_MINCO,61.39000923018542,-12.839510757977946,-1.1748402871030554,3.2281094574345817,-2.7436626449369754,0.37983118924787157,62.92479817461093,-13.846975670207929,-0.07043400239258746,3.157484877014823,-2.4556647269981062,-0.20802854249484262,2.1424929159773924,1.835909217065302,1.104406284710468,0.6584145322676335,0.4890460065481755,TERMINAL_APPROACH,True,TRACKING,42,False,inf,0.0842587947845459,0.06199336051940918,True,True,TRACKING,0,0.0842587947845459,0.045757100397335375,0.1406168793404775,3,0,0.0842587947845459,0.05827021598815918,0.13220429420471191,VISION,,1:42,1,NONE,0.07798910140991211,0.023199081420898438,True,ADMITTED,1.2699580192565918,1791339708.2491994,1.2079646587371826,True,0.3356860892825193,-0.5796631727605215,0.9448402871030555,SAFE,0.9044936260374128,0.9995354413986206,19.978269577026367,19.97854232788086,,,2.2226999135455117e-05,0.005009857006371021,,23.19717273838428,0.0004841640002268832,0.00811063200035278,0.3609825594816258,0.4864439883476166,0.359093841765241,0.35708331375897884,0.5046267503934596,0.7976194600011461,0.3609825594816258,0.4864439883476166,0.359093841765241
22.39486336708069,22.39486336708069,9.889431715011597,True,PERIODIC,True,True,1,TERMINAL_MINCO,61.55481381955266,-12.978611709729446,-1.151864083885606,3.2151434383271984,-2.7235243952362125,0.5226970954469995,63.082957565584984,-13.969581288466449,-0.0806133958429742,3.1652334217209592,-2.44566910803989,-0.1987009571473135,2.1130125534770725,1.8213302870484216,1.0712506880426318,0.7746674903902016,0.5321378592796209,TERMINAL_APPROACH,True,PLAN_ACCEPTED,43,False,inf,0.043601036071777344,0.019015073776245117,True,True,TRACKING,0,0.043601036071777344,0.04443445838651617,0.13888925788536627,3,0,0.043601036071777344,0.008391141891479492,0.09164667129516602,VISION,,1:43,1,NONE,0.0779728889465332,0.023890256881713867,True,ADMITTED,1.1676044464111328,1791339708.2491994,1.1485893726348877,True,0.36336212135833096,-0.5713847159020511,0.921864083885606,HOLD,0.0,0.9986518025398254,20.00251007080078,20.00761604309082,,,0.004455593880265951,0.005009857006371021,,25.064051419212287,1.422000423190184e-06,0.00497253899993666,0.36795570171294995,0.49631968228936507,0.3875406989882751,0.361422850896989,0.5000404195313161,0.7879221663396053,0.36795570171294995,0.49631968228936507,0.3875406989882751
22.444894075393677,22.444894075393677,9.939462423324585,True,PERIODIC,True,True,1,TERMINAL_MINCO,61.72299174953455,-13.120070775584022,-1.12122243642807,3.2140287740241096,-2.7083759567698955,0.6609119242043489,63.24133210275182,-14.09154602769014,-0.09028477951727971,3.1731043765813056,-2.4354483396944726,-0.18815923040411703,2.076524511316757,1.802531995184159,1.0309376569107904,0.8927967943808258,0.5791499256580269,TERMINAL_APPROACH,True,TRACKING,43,False,inf,0.08415460586547852,0.05956864356994629,True,True,TRACKING,0,0.08415460586547852,0.04443445838651617,0.1402150995167551,3,0,0.08415460586547852,0.048944711685180664,0.1322002410888672,VISION,,1:43,1,NONE,0.0779728889465332,0.023890256881713867,True,ADMITTED,1.1676044464111328,1791339708.2491994,1.1080358028411865,True,0.36336212135833096,-0.5626720467686317,0.8912224364280701,SAFE,0.7268764673342503,0.9986518025398254,20.00251007080078,20.00761604309082,,,0.0038868531119078398,0.005009857006371021,,25.32745112938215,0.0006286589996307157,0.00497253899993666,0.369164776970562,0.49815343936962875,0.3875406989882751,0.3544187224947633,0.4889599474823638,0.8515840992307111,0.369164776970562,0.49815343936962875,0.3875406989882751
22.494783401489258,22.494783401489258,9.989351749420166,True,PERIODIC,True,True,1,TERMINAL_MINCO,61.8832848956181,-13.254202709965435,-1.0856884943999436,3.227610279369922,-2.6994484985284113,0.7748442080093031,63.40026892549266,-14.21312022203206,-0.09940930021292922,3.1811165561757906,-2.424973702130453,-0.176445888230158,2.0478061409051165,1.7946485287772975,0.9862791941870144,0.99118662589718,0.6211362143180078,TERMINAL_APPROACH,True,TRACKING,43,False,inf,0.035422563552856445,0.1107950210571289,True,True,TRACKING,0,0.035422563552856445,0.04645020521032643,0.13569500206609536,3,0,0.035422563552856445,0.006231784820556641,0.1834266185760498,VISION,,1:44,1,NONE,0.06002187728881836,0.017386436462402344,True,ADMITTED,1.1676044464111328,1791339708.2491994,1.056809425354004,True,0.36336212135833096,-0.5574657219770147,0.8556884943999437,SAFE,0.6576720790029384,0.999794065952301,19.98811912536621,19.974824905395508,,,1.8041999283013865e-05,0.0014403379755094647,,25.262947401284237,0.0005700669998986996,0.007936545000120532,0.3943336849584825,0.4815296389069234,0.5142844811130102,0.35591720438324365,0.48294520317023887,0.8765876776851951,0.3943336849584825,0.4815296389069234,0.5142844811130102
22.544854640960693,22.544854640960693,10.039422988891602,True,PERIODIC,True,True,1,TERMINAL_MINCO,62.04104075542485,-13.385103395890932,-1.0459475907624685,3.2582186342008344,-2.697089951060339,0.8645733342420773,63.55951679669194,-14.334093678483882,-0.10791551903540922,3.189258954025596,-2.414255024674809,-0.16365135371399608,2.0214490376822676,1.7906289521723944,0.9380320717270593,1.0686426165916008,0.6617178707880412,TERMINAL_APPROACH,True,TRACKING,43,False,inf,0.08539485931396484,0.1607673168182373,True,True,TRACKING,0,0.03338885307312012,0.04810194662262753,0.13531734136858997,3,0,0.03338885307312012,0.05620408058166504,0.2333989143371582,VISION,,1:44,1,NONE,0.06002187728881836,0.017386436462402344,True,ADMITTED,1.1676044464111328,1791339708.2491994,1.0068371295928955,True,0.36336212135833096,-0.5508545328537191,0.8159475907624685,SAFE,0.5617460093915014,0.999794065952301,19.98811912536621,19.974824905395508,,,0.0067405239678919315,0.0014403379755094647,,27.218358306146648,0.0012687879998338758,0.007936545000120532,0.37603968176868036,0.33635564897237435,0.4570962844016531,0.35023250818559687,0.3417376401470041,0.8576496682190222,0.37603968176868036,0.33635564897237435,0.4570962844016531
22.594890832901,22.594890832901,10.08945918083191,True,PERIODIC,True,True,1,TERMINAL_MINCO,62.20618447139519,-13.520606599907728,-1.0003547656640368,3.3103760188926503,-2.702448816853943,0.9435526753620802,63.719501317792606,-14.454769965880397,-0.11577177710378987,3.1975551741552044,-2.403256313469972,-0.14981885821625895,1.9862719188383509,1.7784231982055358,0.884582988560247,1.139168998668717,0.71360129815927,TERMINAL_APPROACH,True,TRACKING,43,False,inf,0.08263969421386719,0.21001815795898438,True,True,TRACKING,0,0.034642934799194336,0.050865122755721505,0.13320702318020772,3,0,0.08263969421386719,0.055274009704589844,0.2826497554779053,VISION,,1:44,1,NONE,0.06002187728881836,0.017386436462402344,True,ADMITTED,1.1676044464111328,1791339708.2491994,0.9575862884521484,True,0.36336212135833096,-0.5463851751328934,0.7703547656640368,SAFE,0.4922188193290566,0.9998642802238464,19.938003540039062,19.951284408569336,,,2.661399958014954e-05,0.0014403379755094647,,27.383951451524975,0.0012560929999381187,0.007936545000120532,0.33152117214826393,0.33635564897237435,0.4581311572634374,0.3320311237535507,0.4623352109084399,0.8730911079061868,0.33152117214826393,0.33635564897237435,0.4581311572634374
22.644954442977905,22.644954442977905,10.139522790908813,True,PERIODIC,True,True,1,TERMINAL_MINCO,62.38320405117369,-13.663964646297972,-0.9486724655864242,3.389231395620322,-2.7171894726456616,1.002990357766581,63.879218377128716,-14.574376342087128,-0.12288251796062584,3.205954345135131,-2.39204028747619,-0.13512397560024314,1.9361914566726528,1.7512590668694197,0.8257899476257983,1.197754860422588,0.7799063903202054,TERMINAL_APPROACH,True,TRACKING,43,False,inf,0.08412837982177734,0.2595036029815674,True,True,TRACKING,0,0.08412837982177734,0.050865122755721505,0.12536764846553403,3,0,0.08412837982177734,0.05116009712219238,0.3321352005004883,VISION,,1:45,1,NONE,0.08006715774536133,0.02965998649597168,True,ADMITTED,1.1676044464111328,1791339708.2491994,0.9081008434295654,True,0.36336212135833096,-0.5392145674198723,0.7186724655864242,SAFE,0.3901918195925845,0.9998642802238464,19.938003540039062,19.951284408569336,,,0.0051062749698758125,0.0014403379755094647,,28.448353017573254,0.00040432900004816474,0.0026441899999554153,0.18052818097962026,0.452082222306505,0.4581311572634374,0.18291660679109598,0.4475797648321043,0.9281729484165868,0.18052818097962026,0.452082222306505,0.4581311572634374
22.694769859313965,22.694769859313965,10.189338207244873,True,PERIODIC,True,True,1,TERMINAL_MINCO,62.5535492821239,-13.79979127101692,-0.897422026290614,3.4862305407076146,-2.7405170602888216,1.0412023196971307,64.03984017235378,-14.69377361704547,-0.1292570839942347,3.214519477285194,-2.3805177021299633,-0.11955200961663752,1.8969297361695345,1.7344350796126733,0.7681649422963792,1.2453019926433864,0.8526017072084535,TERMINAL_APPROACH,True,TRACKING,43,False,inf,0.08235478401184082,0.3097259998321533,True,True,TRACKING,0,0.034334421157836914,0.051255919936386216,0.113830087285101,3,0,0.034334421157836914,0.046439170837402344,0.3823575973510742,VISION,,1:45,1,NONE,0.08006715774536133,0.02965998649597168,True,ADMITTED,1.1676044464111328,1791339708.2491994,0.8578784465789795,True,0.36336212135833096,-0.5347294616159362,0.667422026290614,SAFE,0.33091946929642974,0.9998188018798828,20.03892707824707,20.031356811523438,,,0.007178870961070061,0.004330569878220558,,28.43604500503203,0.000657159999718715,0.0026441899999554153,0.18052818097962026,0.42189017065415874,0.5434819689175557,0.3393614615414446,0.42317400392045723,0.9331157673557108,0.18052818097962026,0.42189017065415874,0.5434819689175557
22.744839906692505,22.744839906692505,10.239408254623413,True,PERIODIC,True,True,1,TERMINAL_MINCO,62.72386359681369,-13.933120446663242,-0.8462464100782264,3.6018644173415963,-2.772185658654498,1.0582166488286078,64.2007438283713,-14.812476937707395,-0.13482882648251746,3.223219310258761,-2.36872482107463,-0.10325745936126077,1.860257518451759,1.71884934089848,0.711417583595709,1.2865359958329463,0.9355115977385944,TERMINAL_APPROACH,True,TRACKING,43,False,inf,0.08415651321411133,0.35954809188842773,True,True,TRACKING,0,0.08415651321411133,0.04842790718363345,0.10706666708509273,3,0,0.08415651321411133,0.053308725357055664,0.43217968940734863,VISION,,1:45,1,NONE,0.08006715774536133,0.02965998649597168,True,ADMITTED,1.1676044464111328,1791339708.2491994,0.8080563545227051,True,0.36336212135833096,-0.5276267255892506,0.6162464100782264,SAFE,0.25983613927894283,0.9998188018798828,20.03892707824707,20.031356811523438,,,2.424700142000802e-05,0.004330569878220558,,28.46464911526646,0.000494247999995423,0.0026441899999554153,0.3404298354476024,0.4148756043320279,0.5578251879367793,0.3297091146049346,0.42161980740563104,0.9469745579821819,0.3404298354476024,0.4148756043320279,0.5578251879367793
22.7949321269989,22.7949321269989,10.28950047492981,True,PERIODIC,True,True,1,TERMINAL_MINCO,62.90757555052693,-14.073867754203713,-0.792161030651794,3.739552878489518,-2.8135713233486843,1.0717703553770754,64.36207474739689,-14.930575373835374,-0.13956940935406428,3.2320631086974796,-2.356643388677375,-0.08632779892670286,1.8098043218586666,1.688050905402532,0.6525916212977297,1.3444405300824511,1.0417492295744193,TERMINAL_APPROACH,True,PLAN_REJECTED,43,False,inf,0.04192662239074707,0.41730809211730957,True,True,TRACKING,0,0.04192662239074707,0.04095283756015113,0.09188149261440239,3,0,0.04192662239074707,0.008247852325439453,0.48993968963623047,VISION,STATE_POSITION_MISMATCH,1:46,1,NONE,0.06794476509094238,0.020354032516479492,True,ADMITTED,1.1676044464111328,1791339708.2491994,0.7502963542938232,True,0.36336212135833096,-0.5225353164043547,0.562161030651794,HOLD,0.0,1.0003483295440674,20.0589656829834,20.068729400634766,,,1.6957999832811765e-05,0.004330569878220558,,30.304947436215258,1.4339993867906742e-06,0.0043830829999933485,0.14068915972519516,0.4309253196842129,0.5818844262582045,0.15758539193607213,0.4191122332569312,0.9528384179676818,0.14068915972519516,0.4309253196842129,0.5818844262582045
22.845006704330444,22.845006704330444,10.339575052261353,True,PERIODIC,True,True,1,TERMINAL_MINCO,63.108080016720024,-14.224096829376709,-0.7353418537702014,3.9035915717816443,-2.8664445596111308,1.064499070835386,64.5238488049991,-15.04806065582268,-0.14344998441084605,3.2410532989769774,-2.3442639597943,-0.06886651233982505,1.741738681367103,1.6380835293588365,0.5918918693593553,1.4128506951840818,1.1707202856003307,TERMINAL_APPROACH,True,TRACKING,43,False,inf,0.08411955833435059,0.4595010280609131,True,True,TRACKING,0,0.08411955833435059,0.04095283756015113,0.08408982894807514,3,0,0.08411955833435059,0.05044078826904297,0.532132625579834,VISION,,1:46,1,NONE,0.06794476509094238,0.020354032516479492,True,ADMITTED,1.1676044464111328,1791339708.2491994,0.7081034183502197,True,0.36336212135833096,-0.5126028594298355,0.5053418537702015,WARNING,0.1448601412875064,1.0003483295440674,20.0589656829834,20.068729400634766,,,0.004719987977296114,0.004330569878220558,,30.60159349419227,0.0005436259998532478,0.0043830829999933485,0.14068915972519516,0.3943132132376844,0.5737195702680224,0.30942050472373583,0.403068268377163,0.9520015359918579,0.14068915972519516,0.3943132132376844,0.5737195702680224
22.894903659820557,22.894903659820557,10.389472007751465,True,PERIODIC,True,True,1,TERMINAL_MINCO,63.30340588974405,-14.367332425638995,-0.6828789733405385,4.0696270442077624,-2.9236974585689675,1.0430547794464595,64.68613733318227,-15.164963577691058,-0.14644768724608961,3.2501954692811976,-2.3315723045756003,-0.050974093102272286,1.6840190688046264,1.596296244246868,0.5364312860944489,1.4896239384316259,1.3017801454099274,TERMINAL_APPROACH,True,TRACKING,43,False,inf,0.08228039741516113,0.5096540451049805,True,True,TRACKING,0,0.08228039741516113,0.03703280671649653,0.07392514456204913,3,0,0.08228039741516113,0.04723548889160156,0.5822856426239014,VISION,,1:46,1,NONE,0.06794476509094238,0.020354032516479492,True,ADMITTED,1.1676044464111328,1791339708.2491994,0.6579504013061523,True,0.36336212135833096,-0.5061421581185725,0.4528789733405385,WARNING,0.11017044438558515,0.9986760020256042,20.009397506713867,20.007343292236328,,,0.003945284057408571,0.0027295569889247417,,30.48949353549568,0.0006964650001464179,0.0043830829999933485,0.2629371892951322,0.3988685096044808,0.5978075932511895,0.2828715969928513,0.4041623685732107,0.9506792257197476,0.2629371892951322,0.3988685096044808,0.5978075932511895
22.945091724395752,22.945091724395752,10.43966007232666,True,PERIODIC,True,True,1,TERMINAL_MINCO,63.502375913961814,-14.51037637296658,-0.633927475834794,4.250295050708257,-2.9900975221240595,0.9760810106580337,64.84980377056473,-15.28187628407765,-0.14855160733517475,3.2595409245591624,-2.3184893705005423,-0.03266425386388956,1.6267647879505167,1.5526667194198276,0.4853758684996193,1.5653173021799822,1.440119655964705,TERMINAL_APPROACH,True,TRACKING,43,False,inf,0.08412742614746094,0.5595059394836426,True,True,TRACKING,0,0.03212857246398926,0.031436495449408665,0.026580947123383578,3,0,0.03212857246398926,0.04811358451843262,0.6321375370025635,VISION,,1:47,1,NONE,0.07007265090942383,0.01858210563659668,True,ADMITTED,1.1676044464111328,1791339708.2491994,0.6080985069274902,True,0.36336212135833096,-0.4985377987485369,0.40392747583479405,WARNING,0.09602405980511358,0.9986760020256042,20.009397506713867,20.007343292236328,,,0.0052521550096571445,0.0027295569889247417,,32.682981417793734,0.0006708649998472538,0.008584584000345785,0.268207836404335,0.3900159245585966,0.5401385929487277,0.2839141512973588,0.39505621670858826,0.8817458735074621,0.268207836404335,0.3900159245585966,0.5401385929487277
22.994898319244385,22.994898319244385,10.489466667175293,True,PERIODIC,True,True,1,TERMINAL_MINCO,63.72236189005558,-14.665463208879402,-0.5855190294730942,4.4430232972864765,-3.064800916012322,0.8951850129963526,65.01235899796595,-15.39700518496051,-0.14972233247222316,3.268948285046174,-2.305206522134986,-0.01432986093006164,1.5456923892879302,1.482985570120546,0.43579669700087104,1.6681286171846355,1.5957846135501648,TERMINAL_APPROACH,True,TRACKING,43,False,inf,0.08216500282287598,0.6095423698425293,True,True,TRACKING,0,0.03416132926940918,0.023569596176498318,0.018935736307809252,3,0,0.03416132926940918,0.05763554573059082,0.6821739673614502,VISION,,1:47,1,NONE,0.07007265090942383,0.01858210563659668,True,ADMITTED,1.1676044464111328,1791339708.2491994,0.5580620765686035,True,0.36336212135833096,-0.49220579740823567,0.3555190294730942,WARNING,0.08513032029150053,1.0005543231964111,19.980894088745117,20.076679229736328,,,0.007039885967969894,0.0027295569889247417,,32.68556121556317,0.0006576440000571893,0.008584584000345785,0.24550027254015708,0.4139561030880417,0.5401385929487277,0.2701448039928594,0.39594102144161997,0.9351176611512797,0.24550027254015708,0.4139561030880417,0.5401385929487277
23.0449538230896,23.0449538230896,10.539522171020508,True,PERIODIC,True,True,1,TERMINAL_MINCO,63.95863377980291,-14.82860498074666,-0.5425713525073925,4.668440470205254,-3.145934608534236,0.728732547620615,65.1758085785759,-15.511759334868229,-0.14997684559367516,3.2785337525225438,-2.2915532796708966,0.004139811523899149,1.4499464849373391,1.3957844970923416,0.39259450691371733,1.785173037039809,1.7655168027484949,TERMINAL_APPROACH,True,TRACKING,43,False,inf,0.08415794372558594,0.659538984298706,True,True,TRACKING,0,0.08415794372558594,0.023569596176498318,0.030245226328046278,3,0,0.08415794372558594,0.05317187309265137,0.732170581817627,VISION,,1:47,1,NONE,0.07007265090942383,0.01858210563659668,True,ADMITTED,1.1676044464111328,1791339708.2491994,0.5080654621124268,True,0.36336212135833096,-0.48317907352299283,0.31257135250739254,WARNING,0.1292972715579907,1.0005543231964111,19.980894088745117,20.076679229736328,,,0.012298336252570152,0.0027295569889247417,,32.19289279271562,0.0007685190003030584,0.008584584000345785,0.2478754988864697,0.38377415995189856,0.6284786418171605,0.24893115730352683,0.3890632710945985,0.9207079199414652,0.2478754988864697,0.38377415995189856,0.6284786418171605
23.094837188720703,23.094837188720703,10.589405536651611,True,PERIODIC,True,True,1,TERMINAL_MINCO,64.19062317013812,-14.985170155647468,-0.5090241351696129,4.868823813631837,-3.2120939527809234,0.6088620113943982,65.34016150368296,-15.626114699019109,-0.149306480269812,3.288300270521366,-2.277516483121276,0.022631187742534028,1.364421151702633,1.3161490371409035,0.3597176548998009,1.927474071348678,1.9251843928453956,TERMINAL_APPROACH,True,PLAN_REJECTED,43,False,inf,0.06194782257080078,0.7373294830322266,True,True,TRACKING,0,0.06194782257080078,0.01822475057035596,0.01480482353316417,3,0,0.06194782257080078,0.027677297592163086,0.8099610805511475,VISION,STATE_POSITION_MISMATCH,1:48,1,NONE,0.07812094688415527,0.012035369873046875,True,ADMITTED,1.1676044464111328,1791339708.2491994,0.43027496337890625,True,0.36336212135833096,-0.4797030482013165,0.2790241351696129,HOLD,0.0,0.9992283582687378,19.88916778564453,19.918073654174805,,,0.006508190184831619,0.0027295569889247417,,32.77456131354422,1.3569997463491745e-06,0.010548221999670204,0.22763846510517904,0.33916659041202196,0.5405320797956734,0.232303047841699,0.37460763375989165,0.8308128502032035,0.22763846510517904,0.33916659041202196,0.5405320797956734
23.145012140274048,23.145012140274048,10.639580488204956,True,PERIODIC,True,True,1,TERMINAL_MINCO,64.43065859889552,-15.143614976028749,-0.48352525130778684,5.090068493876317,-3.289205395469634,0.42618331644914403,65.5049625577795,-15.73972780192273,-0.14771409696990015,3.2982226275061195,-2.2631233946487828,0.04097778489090436,1.273675244576442,1.2286087649325623,0.33581115433788666,2.1004616594405032,2.0931584205800946,TERMINAL_APPROACH,True,TRACKING,43,False,inf,0.03264284133911133,0.7600171566009521,True,True,TRACKING,0,0.03264284133911133,0.01822475057035596,0.0007644485764916873,3,0,0.03264284133911133,0.008302450180053711,0.832648754119873,VISION,,1:48,1,NONE,0.07812094688415527,0.012035369873046875,True,ADMITTED,1.1676044464111328,1791339708.2491994,0.40758728981018066,True,0.36336212135833096,-0.4748269675655026,0.2535252513077868,SAFE,0.18494857142927046,0.9992283582687378,19.88916778564453,19.918073654174805,,,0.00432173116132617,0.0027295569889247417,,33.64799023685357,0.0004172079998170375,0.010548221999670204,0.1854091413666527,0.17602559444045243,0.5633169991047243,0.2099400089930538,0.24641139096164338,0.8124153244112121,0.1854091413666527,0.17602559444045243,0.5633169991047243
23.194870471954346,23.194870471954346,10.689438819885254,True,PERIODIC,True,True,1,TERMINAL_MINCO,64.68699733378185,-15.309781863739717,-0.4641175085623977,5.260008379437104,-3.353371796300036,0.37506013381437975,65.6699871931855,-15.852423168110327,-0.1452144176155624,3.308288272277732,-2.2483835765966664,0.059041319842863246,1.167230838486933,1.122821735138514,0.31890309094683533,2.2649676009067714,2.2436973157371463,TERMINAL_APPROACH,True,TRACKING,43,False,inf,0.08218550682067871,0.8095598220825195,True,True,TRACKING,0,0.08218550682067871,0.02491813617370335,0.028174520024165713,3,0,0.08218550682067871,0.057845115661621094,0.8821914196014404,VISION,,1:49,2,DYNAMIC_LIMIT_HORIZONTAL,0.060016632080078125,0.008862018585205078,False,DYNAMIC_LIMIT_HORIZONTAL,1.1676044464111328,1791339708.2491994,0.3580446243286133,True,0.36336212135833096,-0.4696032212406487,0.23411750856239769,SAFE,0.18721524693354397,0.9979442358016968,20.033348083496094,20.039846420288086,,,0.004151096101850271,0.004271597135812044,,33.58952465588423,0.00044967200028622756,0.008276119999209186,0.14716798634440947,0.17602559444045243,0.5633169991047243,0.18936610039920668,0.3860380777520064,0.8728982842852802,0.14716798634440947,0.17602559444045243,0.5633169991047243
23.24484944343567,23.24484944343567,10.739417791366577,True,PERIODIC,True,True,1,TERMINAL_MINCO,64.96353672510877,-15.487438532164306,-0.4408205660272746,5.365320802506784,-3.3950534842304174,0.4771886223460845,65.83552796476457,-15.964378872459651,-0.14182071824424133,3.3185160135685297,-2.2332602776410164,0.07674242570808588,1.037902557667035,0.9939018111652156,0.29899984778303323,2.3873689399210365,2.3688497790291243,TERMINAL_APPROACH,True,TRACKING,43,False,inf,0.08417367935180664,0.8595528602600098,True,True,TRACKING,0,0.08417367935180664,0.032022374257487496,0.09979553049064248,3,0,0.08417367935180664,0.04920625686645508,0.9321844577789307,VISION,,1:49,2,DYNAMIC_LIMIT_HORIZONTAL,0.060016632080078125,0.008862018585205078,False,DYNAMIC_LIMIT_HORIZONTAL,1.1676044464111328,1791339708.2491994,0.30805158615112305,True,0.36336212135833096,-0.4606164453967905,0.2108205660272746,WARNING,0.12086185803768767,0.9979442358016968,20.033348083496094,20.039846420288086,,,0.006662359926849604,0.004271597135812044,,33.67273272825755,0.0007026929997664411,0.008276119999209186,0.15005995117852708,0.3216562728505135,0.631030390205802,0.1703698299618904,0.3796936425635542,0.8502747836433706,0.15005995117852708,0.3216562728505135,0.631030390205802
23.294857263565063,23.294857263565063,10.789425611495972,True,PERIODIC,True,True,1,TERMINAL_MINCO,65.23152901034777,-15.658287791571787,-0.4185138083051351,5.485005338079718,-3.4425723527496177,0.3861032111542128,66.00182752377248,-16.07573154916645,-0.1375471228295819,3.3289223488587965,-2.217718646552903,0.09399597183741625,0.9200876963019233,0.8761387393210404,0.28096668547555326,2.496855441801334,2.4499919593862503,TERMINAL_APPROACH,True,TRACKING,43,False,inf,0.08217000961303711,0.9095540046691895,True,True,TRACKING,0,0.03417682647705078,0.06376659244033545,0.0736846928244448,3,0,0.03417682647705078,0.04460334777832031,0.9821856021881104,VISION,,1:49,2,DYNAMIC_LIMIT_HORIZONTAL,0.060016632080078125,0.008862018585205078,False,DYNAMIC_LIMIT_HORIZONTAL,1.1676044464111328,1791339708.2491994,0.25805044174194336,True,0.36336212135833096,-0.459516548209395,0.18851380830513512,WARNING,0.12691490498808927,0.9991257786750793,19.951662063598633,19.965124130249023,,,0.0059205410070717335,0.004271597135812044,,31.564853019089057,0.0006775969995942432,0.008276119999209186,0.1054998165585186,0.11476678421988493,0.6386636757715112,0.14914207624720074,0.25165589248718234,0.8315159102195603,0.1054998165585186,0.11476678421988493,0.6386636757715112
23.344828367233276,23.344828367233276,10.839396715164185,True,PERIODIC,True,True,1,TERMINAL_MINCO,65.49509296317025,-15.824836626559174,-0.40418457435966154,5.5854567984165575,-3.4803522144899035,0.21486393610684057,66.16829299348451,-16.18605979177808,-0.13243622922380013,3.3394711643843276,-2.201802067000026,0.11063408786333703,0.8108807674312974,0.7639898270958132,0.27174834513586144,2.5865045542566536,2.469122338663507,TERMINAL_APPROACH,True,TRACKING,43,False,inf,0.08412718772888184,0.9595043659210205,True,True,TRACKING,0,0.08412718772888184,0.06376659244033545,0.34506318763364113,3,0,0.08412718772888184,0.05398154258728027,1.0321359634399414,VISION,,1:49,2,DYNAMIC_LIMIT_HORIZONTAL,0.060016632080078125,0.008862018585205078,False,DYNAMIC_LIMIT_HORIZONTAL,1.1676044464111328,1791339708.2491994,0.2081000804901123,True,0.36336212135833096,-0.4435673884745688,0.17418457435966153,SAFE,0.16408851974749078,0.9991257786750793,19.951662063598633,19.965124130249023,,,0.012671483680605888,0.004271597135812044,,31.521623513997948,0.0005240970003796974,0.008276119999209186,0.10970761612388776,0.11476678421988493,0.6033224288128186,0.13828308028320388,0.3713919352948655,0.8072464139617803,0.10970761612388776,0.11476678421988493,0.6033224288128186
23.394845485687256,23.394845485687256,10.889413833618164,True,PERIODIC,True,True,1,TERMINAL_MINCO,65.77638233411746,-16.001431816548035,-0.39613173185120715,5.646793926012945,-3.4998516290065416,0.11259143410751492,66.33557659185858,-16.295770329282032,-0.12650034844044075,3.3502047310050442,-2.1854354852869537,0.1266188689895243,0.6870476409166354,0.6319283012882951,0.2696313834107664,2.6461686451220525,2.426819403960493,TERMINAL_APPROACH,True,TRACKING,43,False,inf,0.08225107192993164,1.0096230506896973,True,True,TRACKING,0,0.08225107192993164,0.10642732523764575,0.39355456641135084,3,0,0.08225107192993164,0.03855586051940918,1.0822546482086182,VISION,,1:49,2,DYNAMIC_LIMIT_HORIZONTAL,0.060016632080078125,0.008862018585205078,False,DYNAMIC_LIMIT_HORIZONTAL,1.1676044464111328,1791339708.2491994,0.15798139572143555,True,0.36336212135833096,-0.4397523317172456,0.16613173185120714,SAFE,0.1742563850799767,0.999785304069519,19.88361930847168,19.91230583190918,,,2.9573000574600883e-05,0.002089912071824074,,29.47878748934147,0.0005335539999578032,0.008276119999209186,0.0937151765497161,0.22962305381987463,0.6158418610865105,0.12852311306433498,0.35817669778740074,0.7883849041039039,0.0937151765497161,0.22962305381987463,0.6158418610865105
23.44490647315979,23.44490647315979,10.939474821090698,True,PERIODIC,True,True,1,TERMINAL_MINCO,66.06785301192673,-16.18371973442615,-0.39311687903309434,5.6849062176449126,-3.5063465728660645,0.0036286916306815173,66.50341837744176,-16.404662534742066,-0.1197834310720839,3.3611076476658903,-2.168629839507394,0.14182411700609124,0.5596821262305393,0.4883983094234488,0.27333344796101045,2.6848880475988253,2.269058744213928,TERMINAL_APPROACH,True,TRACKING,43,False,inf,0.0841834545135498,1.0595674514770508,True,True,TRACKING,0,0.0841834545135498,0.18040593467954233,1.0,0,0,0.0841834545135498,0.03507661819458008,1.1321990489959717,VISION,,1:49,2,DYNAMIC_LIMIT_HORIZONTAL,0.060016632080078125,0.008862018585205078,False,DYNAMIC_LIMIT_HORIZONTAL,1.1676044464111328,1791339708.2491994,0.10803699493408203,True,0.36336212135833096,-0.4070601165294647,0.16311687903309433,SAFE,0.193030047416687,0.999785304069519,19.88361930847168,19.91230583190918,,,0.016644645482301712,0.002089912071824074,,29.50796289409944,0.0007205490001069847,0.008276119999209186,0.10311026533668217,0.21453808844741368,0.585977766355471,0.10317060102533432,0.3628791074222005,0.7652511133849659,0.10311026533668217,0.21453808844741368,0.585977766355471
23.495031118392944,23.495031118392944,10.989599466323853,True,PERIODIC,True,True,1,TERMINAL_MINCO,66.34693546186382,-16.35748229077909,-0.395181638075632,5.703100187701744,-3.4981224274624676,-0.08325730274787808,66.67179943026245,-16.512696333576915,-0.11232796118635048,3.372179485199817,-2.151372938287897,0.1561535030757664,0.457858274551349,0.36003888268540163,0.28285367688928154,2.7026363132854505,1.962503258140807,TERMINAL_APPROACH,True,TRACKING,43,False,inf,0.03479576110839844,1.1101830005645752,True,True,TRACKING,0,0.03479576110839844,-0.06885015327325111,1.0,2,0,0.03479576110839844,0.007703542709350586,1.182814598083496,VISION,,1:49,2,DYNAMIC_LIMIT_HORIZONTAL,0.060016632080078125,0.008862018585205078,False,DYNAMIC_LIMIT_HORIZONTAL,1.1676044464111328,1791339708.2491994,0.05742144584655762,True,0.36336212135833096,-0.4037683308124542,0.165181638075632,SAFE,0.1947436213493347,0.9996131658554077,20.044832229614258,20.03296661376953,,,1.7639998986851424e-05,0.002089912071824074,,28.830384107221853,0.0006131749996711733,0.008276119999209186,0.10311026533668217,0.19261445970961014,0.5762157769380463,0.11736780451015343,0.3604173495948055,0.7509969283592656,0.10311026533668217,0.19261445970961014,0.5762157769380463
