measurement_stamp,receipt_stamp,processed_stamp,published_stamp,source,valid,observation_valid,truth_available,rejection_reason,rgb_raw_stamp,depth_raw_stamp,rgb_receipt_stamp,depth_receipt_stamp,rgb_mapped_stamp,depth_mapped_stamp,image_measurement_stamp,rgb_depth_acquisition_skew,pose_history_start_stamp,pose_history_end_stamp,position_source_stamp,position_mapped_stamp,attitude_source_stamp,attitude_mapped_stamp,position_history_start_stamp,position_history_end_stamp,attitude_history_start_stamp,attitude_history_end_stamp,image_clock_offset,image_clock_mapping_mode,image_clock_status,image_clock_reset_count,image_clock_anchor_sim_stamp,image_clock_anchor_system_stamp,image_clock_reference_age,image_clock_sync_quality,image_measurement_time_source,px4_clock_offset,px4_clock_reset_count,px4_clock_calibration_count,px4_clock_recalibration_count,px4_clock_status,approach_phase,distance_bin,motion_regime,confidence,red_pixel_count,valid_depth_ratio,target_range,view_angle,image_bearing,px4_heading,geometry_diagnostics_enabled,mask_centroid_u,mask_centroid_v,projection_centroid_u,projection_centroid_v,mask_bbox_left,mask_bbox_top,mask_bbox_right,mask_bbox_bottom,valid_depth_count,depth_min,depth_median,depth_mad,camera_fx,camera_fy,camera_cx,camera_cy,camera_translation_x,camera_translation_y,camera_translation_z,camera_pitch_down,surface_camera_x,surface_camera_y,surface_camera_z,center_camera_x,center_camera_y,center_camera_z,target_body_flu_x,target_body_flu_y,target_body_flu_z,interpolated_uav_x,interpolated_uav_y,interpolated_uav_z,interpolated_attitude_w,interpolated_attitude_x,interpolated_attitude_y,interpolated_attitude_z,target_reference_z_offset,gazebo_entity_available,gazebo_entity_clock_status,gazebo_entity_clock_reset_count,gazebo_entity_raw_stamp,gazebo_entity_mapped_stamp,gazebo_entity_center_x,gazebo_entity_center_y,gazebo_entity_center_z,gazebo_entity_reference_x,gazebo_entity_reference_y,gazebo_entity_reference_z,entity_expected_projection_u,entity_expected_projection_v,projection_error_u,projection_error_v,entity_expected_camera_x,entity_expected_camera_y,entity_expected_camera_z,camera_center_error_x,camera_center_error_y,camera_center_error_z,camera_center_error_3d,entity_expected_body_flu_x,entity_expected_body_flu_y,entity_expected_body_flu_z,body_flu_error_x,body_flu_error_y,body_flu_error_z,body_flu_error_3d,vision_to_entity_x,vision_to_entity_y,vision_to_entity_z,vision_to_entity_3d,entity_to_truth_x,entity_to_truth_y,entity_to_truth_z,entity_to_truth_3d,position_x,position_y,position_z,covariance_xx,covariance_yy,covariance_zz,truth_x,truth_y,truth_z,error_x,error_y,error_z,horizontal_error,position_3d_error,observation_age,gazebo_uav_diagnostics_enabled,heading_diagnostics_status,heading_reference_source,uav_position_reference_status,reference_heading,delta_yaw,predicted_lateral_error,actual_lateral_error,heading_induced_error_x,heading_induced_error_y,uav_reference_position_x,uav_reference_position_y,uav_reference_position_z,uav_reference_attitude_w,uav_reference_attitude_x,uav_reference_attitude_y,uav_reference_attitude_z,attitude_counterfactual_status,attitude_counterfactual_error_x,attitude_counterfactual_error_y,attitude_counterfactual_error_z,uav_pose_query_ros_stamp,uav_pose_status,uav_pose_left_sim_stamp,uav_pose_right_sim_stamp,uav_pose_left_ros_stamp,uav_pose_right_ros_stamp,uav_pose_fraction,uav_pose_interval
1791355947.9384034,1791355947.9582157,1791355947.9622216,1791355947.9622543,front_rgbd_red_sphere,True,True,True,,23.152,23.152,1791355947.9582157,1791355947.9558284,1791355947.9384034,1791355947.9384034,1791355947.9384034,0.0,1791355946.9266858,1791355947.9424229,1791355947.927263,1791355947.9424229,1791355947.927263,1791355947.9424229,1791355946.9266858,1791355947.9424229,1791355946.9266858,1791355947.9424229,1791355924.7864034,GAZEBO_CLOCK_SYSTEM_INTERPOLATION,MAPPED_EXACT,0,23.152,1791355947.9384034,0.004139900207519531,0.0,RGB,0.0,0,1,0,UNCALIBRATED,PREPARATION,MID,UNKNOWN,1.0,340,1.0,7.824758529663086,0.49414339661598206,nan,nan,False,0.0,0.0,0.0,0.0,0,0,0,0,0,0.0,0.0,0.0,0.0,0.0,0.0,0.0,0.0,0.0,0.0,0.0,0.0,0.0,0.0,6.888724331825153,0.010173392068960396,3.711094534535518,0.0,0.0,0.0,0.0,0.0,0.0,0.0,0.0,0.0,0.0,0.0,False,DISABLED,0,nan,nan,nan,nan,nan,nan,nan,nan,nan,nan,nan,nan,nan,nan,nan,nan,nan,nan,nan,nan,nan,nan,nan,nan,nan,nan,nan,nan,nan,nan,nan,nan,nan,nan,8.01874136769514,0.08705888703356056,-0.02840345805090666,0.025042298861867734,0.025042298861867734,0.025042298861867734,8.000000585182132,0.0066277501949124846,0.021553306041928677,0.01874078251300837,0.08043113683864807,-0.04995676409283534,0.0825856204333249,0.0965197543562167,0.019812345504760742,False,DISABLED,none,MODEL_ORIGIN_FRAME_NOT_ESTABLISHED,nan,nan,nan,nan,nan,nan,nan,nan,nan,nan,nan,nan,nan,NOT_EVALUATED,nan,nan,nan,nan,DISABLED,nan,nan,nan,nan,nan,nan
1791355947.986408,1791355948.0058649,1791355948.0118337,1791355948.0118637,front_rgbd_red_sphere,True,True,True,,23.2,23.2,1791355948.0058649,1791355948.0036554,1791355947.986408,1791355947.986408,1791355947.986408,0.0,1791355946.9866877,1791355947.9984193,1791355947.983263,1791355947.9984193,1791355947.987263,1791355948.0024219,1791355946.9826832,1791355947.9984193,1791355946.9866877,1791355948.0024219,1791355924.786408,GAZEBO_CLOCK_SYSTEM_INTERPOLATION,MAPPED_EXACT,0,23.2,1791355947.986408,0.001699209213256836,0.0,RGB,0.0,0,1,0,UNCALIBRATED,PREPARATION,MID,UNKNOWN,1.0,337,1.0,7.824730396270752,0.4926525950431824,nan,nan,False,0.0,0.0,0.0,0.0,0,0,0,0,0,0.0,0.0,0.0,0.0,0.0,0.0,0.0,0.0,0.0,0.0,0.0,0.0,0.0,0.0,6.894224117869981,0.005237879725594752,3.7008175330616853,0.0,0.0,0.0,0.0,0.0,0.0,0.0,0.0,0.0,0.0,0.0,False,DISABLED,0,nan,nan,nan,nan,nan,nan,nan,nan,nan,nan,nan,nan,nan,nan,nan,nan,nan,nan,nan,nan,nan,nan,nan,nan,nan,nan,nan,nan,nan,nan,nan,nan,nan,nan,8.019056084927907,0.09186962299868806,-0.017005515441031738,0.02504220885987089,0.02504220885987089,0.02504220885987089,8.000002352791167,0.013424187553633133,0.03267356793498838,0.01905373213674011,0.07844543544505493,-0.04967908337602012,0.08072627236843606,0.09478788095312861,0.019456863403320312,False,DISABLED,none,MODEL_ORIGIN_FRAME_NOT_ESTABLISHED,nan,nan,nan,nan,nan,nan,nan,nan,nan,nan,nan,nan,nan,NOT_EVALUATED,nan,nan,nan,nan,DISABLED,nan,nan,nan,nan,nan,nan
1791355948.0384092,1791355948.0598378,1791355948.0635455,1791355948.0635705,front_rgbd_red_sphere,True,True,True,,23.252,23.252,1791355948.0598378,1791355948.0573294,1791355948.0384092,1791355948.0384092,1791355948.0384092,0.0,1791355947.0266824,1791355948.0384092,1791355948.023263,1791355948.0384092,1791355948.027263,1791355948.0424213,1791355947.022682,1791355948.0384092,1791355947.0266824,1791355948.0424213,1791355924.7864091,GAZEBO_CLOCK_SYSTEM_INTERPOLATION,MAPPED_EXACT,0,23.252,1791355948.0384092,0.0017206668853759766,0.0,RGB,0.0,0,1,0,UNCALIBRATED,PREPARATION,MID,UNKNOWN,1.0,340,1.0,7.82467794418335,0.49117299914360046,nan,nan,False,0.0,0.0,0.0,0.0,0,0,0,0,0,0.0,0.0,0.0,0.0,0.0,0.0,0.0,0.0,0.0,0.0,0.0,0.0,0.0,0.0,6.899646244131294,-0.002175337994236415,3.690591260464135,0.0,0.0,0.0,0.0,0.0,0.0,0.0,0.0,0.0,0.0,0.0,False,DISABLED,0,nan,nan,nan,nan,nan,nan,nan,nan,nan,nan,nan,nan,nan,nan,nan,nan,nan,nan,nan,nan,nan,nan,nan,nan,nan,nan,nan,nan,nan,nan,nan,nan,nan,nan,8.019192732834838,0.09890101314234706,-0.005663670549338473,0.02504204359765183,0.02504204359765183,0.02504204359765183,8.000006940253318,0.02331373127812897,0.044506962999129054,0.019185792581520644,0.07558728186421809,-0.05017063354846753,0.07798417670657225,0.09272876731228827,0.021428585052490234,False,DISABLED,none,MODEL_ORIGIN_FRAME_NOT_ESTABLISHED,nan,nan,nan,nan,nan,nan,nan,nan,nan,nan,nan,nan,nan,NOT_EVALUATED,nan,nan,nan,nan,DISABLED,nan,nan,nan,nan,nan,nan
1791355948.0864038,1791355948.1060593,1791355948.1123085,1791355948.1123388,front_rgbd_red_sphere,True,True,True,,23.3,23.3,1791355948.1060593,1791355948.103687,1791355948.0864038,1791355948.0864038,1791355948.0864038,0.0,1791355947.086687,1791355948.1024203,1791355948.0872629,1791355948.1024203,1791355948.0872629,1791355948.1024203,1791355947.086687,1791355948.1024203,1791355947.086687,1791355948.1024203,1791355924.786404,GAZEBO_CLOCK_SYSTEM_INTERPOLATION,MAPPED_EXACT,0,23.3,1791355948.0864038,0.002028942108154297,0.0,RGB,0.0,0,1,0,UNCALIBRATED,PREPARATION,MID,UNKNOWN,1.0,339,1.0,7.8247456550598145,0.48972833156585693,nan,nan,False,0.0,0.0,0.0,0.0,0,0,0,0,0,0.0,0.0,0.0,0.0,0.0,0.0,0.0,0.0,0.0,0.0,0.0,0.0,0.0,0.0,6.905030223466906,-0.012104815780095812,3.6806322657508312,0.0,0.0,0.0,0.0,0.0,0.0,0.0,0.0,0.0,0.0,0.0,False,DISABLED,0,nan,nan,nan,nan,nan,nan,nan,nan,nan,nan,nan,nan,nan,nan,nan,nan,nan,nan,nan,nan,nan,nan,nan,nan,nan,nan,nan,nan,nan,nan,nan,nan,nan,nan,8.019288568806598,0.10837473387877822,0.005542131588245569,0.025042257145326142,0.025042257145326142,0.025042257145326142,8.000015501135497,0.03489041495459737,0.05514572358644962,0.01927306767110082,0.07348431892418085,-0.04960359199820405,0.07596970623350834,0.09072988815340757,0.019655466079711914,False,DISABLED,none,MODEL_ORIGIN_FRAME_NOT_ESTABLISHED,nan,nan,nan,nan,nan,nan,nan,nan,nan,nan,nan,nan,nan,NOT_EVALUATED,nan,nan,nan,nan,DISABLED,nan,nan,nan,nan,nan,nan
1791355948.138404,1791355948.1595345,1791355948.165837,1791355948.1658804,front_rgbd_red_sphere,True,True,True,,23.352,23.352,1791355948.1595345,1791355948.1573534,1791355948.138404,1791355948.138404,1791355948.138404,0.0,1791355947.126687,1791355948.1424186,1791355948.1272628,1791355948.1424186,1791355948.1272628,1791355948.1424186,1791355947.126687,1791355948.1424186,1791355947.126687,1791355948.1424186,1791355924.786404,GAZEBO_CLOCK_SYSTEM_INTERPOLATION,MAPPED_EXACT,0,23.352,1791355948.138404,0.0015456676483154297,0.0,RGB,0.0,0,1,0,UNCALIBRATED,PREPARATION,MID,STRAIGHT,1.0,336,1.0,7.824652671813965,0.4883190989494324,nan,nan,False,0.0,0.0,0.0,0.0,0,0,0,0,0,0.0,0.0,0.0,0.0,0.0,0.0,0.0,0.0,0.0,0.0,0.0,0.0,0.0,0.0,6.910128136328447,-0.024564645190184642,3.6707917780902175,0.0,0.0,0.0,0.0,0.0,0.0,0.0,0.0,0.0,0.0,0.0,False,DISABLED,0,nan,nan,nan,nan,nan,nan,nan,nan,nan,nan,nan,nan,nan,nan,nan,nan,nan,nan,nan,nan,nan,nan,nan,nan,nan,nan,nan,nan,nan,nan,nan,nan,nan,nan,8.019111100918106,0.12065038418716222,0.016609958702377692,0.02504196263708215,0.02504196263708215,0.02504196263708215,8.000031559093499,0.04998047097882115,0.0663457802881524,0.019079541824607915,0.07066991320834107,-0.049735821585774706,0.07320017451558038,0.08849812143725672,0.02113056182861328,False,DISABLED,none,MODEL_ORIGIN_FRAME_NOT_ESTABLISHED,nan,nan,nan,nan,nan,nan,nan,nan,nan,nan,nan,nan,nan,NOT_EVALUATED,nan,nan,nan,nan,DISABLED,nan,nan,nan,nan,nan,nan
1791355948.1864133,1791355948.2178195,1791355948.2234843,1791355948.2235916,front_rgbd_red_sphere,True,True,True,,23.4,23.4,1791355948.2178195,1791355948.2059386,1791355948.1864133,1791355948.1864133,1791355948.1864133,0.0,1791355947.1866868,1791355948.1984222,1791355948.1832628,1791355948.1984222,1791355948.187263,1791355948.2024121,1791355947.1827028,1791355948.1984222,1791355947.1866868,1791355948.2024121,1791355924.7864132,GAZEBO_CLOCK_SYSTEM_INTERPOLATION,MAPPED_EXACT,0,23.4,1791355948.1864133,0.003810882568359375,0.0,RGB,0.0,0,1,0,UNCALIBRATED,PREPARATION,MID,STRAIGHT,1.0,339,1.0,7.824921131134033,0.4869702458381653,nan,nan,False,0.0,0.0,0.0,0.0,0,0,0,0,0,0.0,0.0,0.0,0.0,0.0,0.0,0.0,0.0,0.0,0.0,0.0,0.0,0.0,0.0,6.915310851834347,-0.039450445038816895,3.661463112234382,0.0,0.0,0.0,0.0,0.0,0.0,0.0,0.0,0.0,0.0,0.0,False,DISABLED,0,nan,nan,nan,nan,nan,nan,nan,nan,nan,nan,nan,nan,nan,nan,nan,nan,nan,nan,nan,nan,nan,nan,nan,nan,nan,nan,nan,nan,nan,nan,nan,nan,nan,nan,8.019124949993202,0.13550464397342313,0.02747927948757689,0.025042813270756418,0.025042813270756418,0.025042813270756418,8.000055636652291,0.06638037917992151,0.07628465635185286,0.019069313340910554,0.06912426479350162,-0.04880537686427597,0.0717063643935178,0.08673965359280586,0.03140616416931152,False,DISABLED,none,MODEL_ORIGIN_FRAME_NOT_ESTABLISHED,nan,nan,nan,nan,nan,nan,nan,nan,nan,nan,nan,nan,nan,NOT_EVALUATED,nan,nan,nan,nan,DISABLED,nan,nan,nan,nan,nan,nan
1791355948.238418,1791355948.2728906,1791355948.2809548,1791355948.2809942,front_rgbd_red_sphere,True,True,True,,23.452,23.452,1791355948.2728906,1791355948.2602458,1791355948.238418,1791355948.238418,1791355948.238418,0.0,1791355947.2466853,1791355948.262423,1791355948.247263,1791355948.262423,1791355948.247263,1791355948.262423,1791355947.2466853,1791355948.262423,1791355947.2466853,1791355948.262423,1791355924.7864182,GAZEBO_CLOCK_SYSTEM_INTERPOLATION,MAPPED_EXACT,0,23.452,1791355948.238418,0.0032188892364501953,0.0,RGB,0.0,0,1,0,UNCALIBRATED,PREPARATION,MID,STRAIGHT,1.0,336,1.0,7.825011730194092,0.4856797456741333,nan,nan,False,0.0,0.0,0.0,0.0,0,0,0,0,0,0.0,0.0,0.0,0.0,0.0,0.0,0.0,0.0,0.0,0.0,0.0,0.0,0.0,0.0,6.920110529712377,-0.05692179913000395,3.6523470298778653,0.0,0.0,0.0,0.0,0.0,0.0,0.0,0.0,0.0,0.0,0.0,False,DISABLED,0,nan,nan,nan,nan,nan,nan,nan,nan,nan,nan,nan,nan,nan,nan,nan,nan,nan,nan,nan,nan,nan,nan,nan,nan,nan,nan,nan,nan,nan,nan,nan,nan,nan,nan,8.018737129372624,0.15296567495682728,0.038281762461590874,0.02504309964299206,0.02504309964299206,0.02504309964299206,8.000094501122957,0.08667745077787804,0.08657393731338117,0.018642628249667226,0.06628822417894924,-0.0482921748517903,0.06885983047360719,0.08410594749938799,0.03447246551513672,False,DISABLED,none,MODEL_ORIGIN_FRAME_NOT_ESTABLISHED,nan,nan,nan,nan,nan,nan,nan,nan,nan,nan,nan,nan,nan,NOT_EVALUATED,nan,nan,nan,nan,DISABLED,nan,nan,nan,nan,nan,nan
1791355948.2864282,1791355948.3097782,1791355948.315785,1791355948.3158226,front_rgbd_red_sphere,True,True,True,,23.5,23.5,1791355948.3097782,1791355948.3073373,1791355948.2864282,1791355948.2864282,1791355948.2864282,0.0,1791355947.2906797,1791355948.3024158,1791355948.287263,1791355948.3024158,1791355948.287263,1791355948.3024158,1791355947.2866852,1791355948.3024158,1791355947.2906797,1791355948.3024158,1791355924.7864282,GAZEBO_CLOCK_SYSTEM_INTERPOLATION,MAPPED_EXACT,0,23.5,1791355948.2864282,0.0036432743072509766,0.0,RGB,0.0,0,1,0,UNCALIBRATED,PREPARATION,MID,STRAIGHT,1.0,335,1.0,7.8252739906311035,0.4844708740711212,nan,nan,False,0.0,0.0,0.0,0.0,0,0,0,0,0,0.0,0.0,0.0,0.0,0.0,0.0,0.0,0.0,0.0,0.0,0.0,0.0,0.0,0.0,6.924753013549105,-0.07679963260161138,3.643735324393811,0.0,0.0,0.0,0.0,0.0,0.0,0.0,0.0,0.0,0.0,0.0,False,DISABLED,0,nan,nan,nan,nan,nan,nan,nan,nan,nan,nan,nan,nan,nan,nan,nan,nan,nan,nan,nan,nan,nan,nan,nan,nan,nan,nan,nan,nan,nan,nan,nan,nan,nan,nan,8.018218607304396,0.17322522921862457,0.04826266334683865,0.025043928993793995,0.025043928993793995,0.025043928993793995,8.000146403437927,0.1078838095630503,0.09554700658279594,0.018072203866468683,0.06534141965557427,-0.04728434323595729,0.06779458440905935,0.08265539783010481,0.023350000381469727,False,DISABLED,none,MODEL_ORIGIN_FRAME_NOT_ESTABLISHED,nan,nan,nan,nan,nan,nan,nan,nan,nan,nan,nan,nan,nan,NOT_EVALUATED,nan,nan,nan,nan,DISABLED,nan,nan,nan,nan,nan,nan
1791355948.3384063,1791355948.3572094,1791355948.3642561,1791355948.364305,front_rgbd_red_sphere,True,True,True,,23.552,23.552,1791355948.3572094,1791355948.3560946,1791355948.3384063,1791355948.3384063,1791355948.3384063,0.0,1791355947.3266828,1791355948.342415,1791355948.3272629,1791355948.342415,1791355948.3272629,1791355948.342415,1791355947.3266828,1791355948.342415,1791355947.3266828,1791355948.342415,1791355924.7864063,GAZEBO_CLOCK_SYSTEM_INTERPOLATION,MAPPED_EXACT,0,23.552,1791355948.3384063,0.003221750259399414,0.0,RGB,0.0,0,1,0,UNCALIBRATED,PREPARATION,MID,STRAIGHT,1.0,334,1.0,7.825540542602539,0.48335063457489014,nan,nan,False,0.0,0.0,0.0,0.0,0,0,0,0,0,0.0,0.0,0.0,0.0,0.0,0.0,0.0,0.0,0.0,0.0,0.0,0.0,0.0,0.0,6.929067624001763,-0.09922488738108104,3.6355548286992203,0.0,0.0,0.0,0.0,0.0,0.0,0.0,0.0,0.0,0.0,0.0,False,DISABLED,0,nan,nan,nan,nan,nan,nan,nan,nan,nan,nan,nan,nan,nan,nan,nan,nan,nan,nan,nan,nan,nan,nan,nan,nan,nan,nan,nan,nan,nan,nan,nan,nan,nan,nan,8.01739547651499,0.19605401563446428,0.05793442662698878,0.02504477291071649,0.02504477291071649,0.02504477291071649,8.000223212764958,0.13335088215133623,0.10465621147925648,0.017172263750032002,0.06270313348312806,-0.0467217848522677,0.06501207265503568,0.0800593203236527,0.018803119659423828,False,DISABLED,none,MODEL_ORIGIN_FRAME_NOT_ESTABLISHED,nan,nan,nan,nan,nan,nan,nan,nan,nan,nan,nan,nan,nan,NOT_EVALUATED,nan,nan,nan,nan,DISABLED,nan,nan,nan,nan,nan,nan
1791355947.8384025,1791355947.860067,1791355947.8662808,1791355947.8663228,front_rgbd_red_sphere,True,True,False,,23.052,23.052,1791355947.860067,1791355947.8577592,1791355947.8384025,1791355947.8384025,1791355947.8384025,0.0,1791355946.826689,1791355947.8384025,1791355947.823263,1791355947.8384025,1791355947.8272629,1791355947.8424168,1791355946.82268,1791355947.8384025,1791355946.826689,1791355947.8424168,1791355924.7864025,GAZEBO_CLOCK_SYSTEM_INTERPOLATION,MAPPED_EXACT,0,23.052,1791355947.8384025,0.0022003650665283203,0.0,RGB,0.0,0,1,0,UNCALIBRATED,PREPARATION,MID,STRAIGHT,1.0,342,1.0,7.824900150299072,0.4956086575984955,nan,nan,False,0.0,0.0,0.0,0.0,0,0,0,0,0,0.0,0.0,0.0,0.0,0.0,0.0,0.0,0.0,0.0,0.0,0.0,0.0,0.0,0.0,6.883403605619502,0.012528095027021457,3.7212444799706583,0.0,0.0,0.0,0.0,0.0,0.0,0.0,0.0,0.0,0.0,0.0,False,DISABLED,0,nan,nan,nan,nan,nan,nan,nan,nan,nan,nan,nan,nan,nan,nan,nan,nan,nan,nan,nan,nan,nan,nan,nan,nan,nan,nan,nan,nan,nan,nan,nan,nan,nan,nan,8.017629819483696,0.08444962864315253,-0.03960281615899364,0.02504274653101102,0.02504274653101102,0.02504274653101102,nan,nan,nan,nan,nan,nan,nan,nan,0.02166438102722168,False,DISABLED,none,MODEL_ORIGIN_FRAME_NOT_ESTABLISHED,nan,nan,nan,nan,nan,nan,nan,nan,nan,nan,nan,nan,nan,NOT_EVALUATED,nan,nan,nan,nan,DISABLED,nan,nan,nan,nan,nan,nan
1791355947.8864076,1791355947.9065225,1791355947.9121525,1791355947.9121811,front_rgbd_red_sphere,True,True,False,,23.1,23.1,1791355947.9065225,1791355947.9041226,1791355947.8864076,1791355947.8864076,1791355947.8864076,0.0,1791355946.8866825,1791355947.902448,1791355947.8872628,1791355947.902448,1791355947.8872628,1791355947.902448,1791355946.8866825,1791355947.902448,1791355946.8866825,1791355947.902448,1791355924.7864077,GAZEBO_CLOCK_SYSTEM_INTERPOLATION,MAPPED_EXACT,0,23.1,1791355947.8864076,0.0020296573638916016,0.0,RGB,0.0,0,1,0,UNCALIBRATED,PREPARATION,MID,STRAIGHT,1.0,342,1.0,7.824900150299072,0.4956086575984955,nan,nan,False,0.0,0.0,0.0,0.0,0,0,0,0,0,0.0,0.0,0.0,0.0,0.0,0.0,0.0,0.0,0.0,0.0,0.0,0.0,0.0,0.0,6.883403605619502,0.012528095027021457,3.7212444799706583,0.0,0.0,0.0,0.0,0.0,0.0,0.0,0.0,0.0,0.0,0.0,False,DISABLED,0,nan,nan,nan,nan,nan,nan,nan,nan,nan,nan,nan,nan,nan,nan,nan,nan,nan,nan,nan,nan,nan,nan,nan,nan,nan,nan,nan,nan,nan,nan,nan,nan,nan,nan,8.018269336748153,0.08463557336118398,-0.039625722588577994,0.02504274653101102,0.02504274653101102,0.02504274653101102,nan,nan,nan,nan,nan,nan,nan,nan,0.020114898681640625,False,DISABLED,none,MODEL_ORIGIN_FRAME_NOT_ESTABLISHED,nan,nan,nan,nan,nan,nan,nan,nan,nan,nan,nan,nan,nan,NOT_EVALUATED,nan,nan,nan,nan,DISABLED,nan,nan,nan,nan,nan,nan
1791355948.3864124,1791355948.4082458,1791355948.4166787,1791355948.416725,front_rgbd_red_sphere,True,True,True,,23.6,23.6,1791355948.4082458,1791355948.40551,1791355948.3864124,1791355948.3864124,1791355948.3864124,0.0,1791355947.3867075,1791355948.3984342,1791355948.3832629,1791355948.3984342,1791355948.3872628,1791355948.4024136,1791355947.382688,1791355948.3984342,1791355947.3867075,1791355948.4024136,1791355924.7864125,GAZEBO_CLOCK_SYSTEM_INTERPOLATION,MAPPED_EXACT,0,23.6,1791355948.3864124,0.003935813903808594,0.0,RGB,0.0,0,1,0,UNCALIBRATED,PREPARATION,MID,STRAIGHT,1.0,333,1.0,7.826112270355225,0.4823327362537384,nan,nan,False,0.0,0.0,0.0,0.0,0,0,0,0,0,0.0,0.0,0.0,0.0,0.0,0.0,0.0,0.0,0.0,0.0,0.0,0.0,0.0,0.0,6.933272590687776,-0.12419734117397407,3.6279938485242456,0.0,0.0,0.0,0.0,0.0,0.0,0.0,0.0,0.0,0.0,0.0,False,DISABLED,0,nan,nan,nan,nan,nan,nan,nan,nan,nan,nan,nan,nan,nan,nan,nan,nan,nan,nan,nan,nan,nan,nan,nan,nan,nan,nan,nan,nan,nan,nan,nan,nan,nan,nan,8.016744498545611,0.2214627199423526,0.06717788757919502,0.025046582937763663,0.025046582937763663,0.025046582937763663,8.000318827265572,0.15936258734546543,0.11244474456746154,0.016425671280039467,0.06210013259688715,-0.04526685698826652,0.06423573106574626,0.07858318832388422,0.021833419799804688,False,DISABLED,none,MODEL_ORIGIN_FRAME_NOT_ESTABLISHED,nan,nan,nan,nan,nan,nan,nan,nan,nan,nan,nan,nan,nan,NOT_EVALUATED,nan,nan,nan,nan,DISABLED,nan,nan,nan,nan,nan,nan
1791355948.4384081,1791355948.4759183,1791355948.4817965,1791355948.481825,front_rgbd_red_sphere,True,True,True,,23.652,23.652,1791355948.4759183,1791355948.4632218,1791355948.4384081,1791355948.4384081,1791355948.4384081,0.0,1791355947.4466896,1791355948.462416,1791355948.447263,1791355948.462416,1791355948.447263,1791355948.462416,1791355947.4466896,1791355948.462416,1791355947.4466896,1791355948.462416,1791355924.7864082,GAZEBO_CLOCK_SYSTEM_INTERPOLATION,MAPPED_EXACT,0,23.652,1791355948.4384081,0.002628803253173828,0.0,RGB,0.0,0,1,0,UNCALIBRATED,PREPARATION,MID,STRAIGHT,1.0,332,1.0,7.826792240142822,0.4814300239086151,nan,nan,False,0.0,0.0,0.0,0.0,0,0,0,0,0,0.0,0.0,0.0,0.0,0.0,0.0,0.0,0.0,0.0,0.0,0.0,0.0,0.0,0.0,6.937149234288915,-0.1515729366497922,3.621002553594037,0.0,0.0,0.0,0.0,0.0,0.0,0.0,0.0,0.0,0.0,0.0,False,DISABLED,0,nan,nan,nan,nan,nan,nan,nan,nan,nan,nan,nan,nan,nan,nan,nan,nan,nan,nan,nan,nan,nan,nan,nan,nan,nan,nan,nan,nan,nan,nan,nan,nan,nan,nan,8.01602385171417,0.24923870293756578,0.07589415842565134,0.025048734569027602,0.025048734569027602,0.025048734569027602,8.000452419016018,0.18995111115494875,0.12014569542278498,0.015571432698152421,0.05928759178261703,-0.04425153699713365,0.06129835279724349,0.07560215990475415,0.03751015663146973,False,DISABLED,none,MODEL_ORIGIN_FRAME_NOT_ESTABLISHED,nan,nan,nan,nan,nan,nan,nan,nan,nan,nan,nan,nan,nan,NOT_EVALUATED,nan,nan,nan,nan,DISABLED,nan,nan,nan,nan,nan,nan
1791355948.4864194,1791355948.5129495,1791355948.517643,1791355948.5176759,front_rgbd_red_sphere,True,True,True,,23.7,23.7,1791355948.5129495,1791355948.509126,1791355948.4864194,1791355948.4864194,1791355948.4864194,0.0,1791355947.4866812,1791355948.502413,1791355948.487263,1791355948.502413,1791355948.487263,1791355948.502413,1791355947.4866812,1791355948.502413,1791355947.4866812,1791355948.502413,1791355924.7864194,GAZEBO_CLOCK_SYSTEM_INTERPOLATION,MAPPED_EXACT,0,23.7,1791355948.4864194,0.002942800521850586,0.0,RGB,0.0,0,1,0,UNCALIBRATED,PREPARATION,MID,STRAIGHT,1.0,334,1.0,7.82755184173584,0.48064613342285156,nan,nan,False,0.0,0.0,0.0,0.0,0,0,0,0,0,0.0,0.0,0.0,0.0,0.0,0.0,0.0,0.0,0.0,0.0,0.0,0.0,0.0,0.0,6.940661621811631,-0.18165345169308278,3.61452399521022,0.0,0.0,0.0,0.0,0.0,0.0,0.0,0.0,0.0,0.0,0.0,False,DISABLED,0,nan,nan,nan,nan,nan,nan,nan,nan,nan,nan,nan,nan,nan,nan,nan,nan,nan,nan,nan,nan,nan,nan,nan,nan,nan,nan,nan,nan,nan,nan,nan,nan,nan,nan,8.01524584494715,0.2793928253562092,0.08406519722711486,0.025051139245378138,0.025051139245378138,0.025051139245378138,8.000611311588036,0.22079317569844456,0.12656606099991047,0.014634533359114243,0.058599649657764624,-0.042500863772795605,0.06039940816474762,0.07385399060366007,0.026530027389526367,False,DISABLED,none,MODEL_ORIGIN_FRAME_NOT_ESTABLISHED,nan,nan,nan,nan,nan,nan,nan,nan,nan,nan,nan,nan,nan,NOT_EVALUATED,nan,nan,nan,nan,DISABLED,nan,nan,nan,nan,nan,nan
1791355948.5384219,1791355948.5669742,1791355948.5723004,1791355948.572334,front_rgbd_red_sphere,True,True,True,,23.752,23.752,1791355948.5669742,1791355948.5646098,1791355948.5384219,1791355948.5384219,1791355948.5384219,0.0,1791355947.5466845,1791355948.5584261,1791355948.543263,1791355948.5584261,1791355948.547263,1791355948.562417,1791355947.5426805,1791355948.5584261,1791355947.5466845,1791355948.562417,1791355924.7864218,GAZEBO_CLOCK_SYSTEM_INTERPOLATION,MAPPED_EXACT,0,23.752,1791355948.5384219,0.0018985271453857422,0.0,RGB,0.0,0,1,0,UNCALIBRATED,PREPARATION,MID,STRAIGHT,1.0,334,1.0,7.828622817993164,0.4800143539905548,nan,nan,False,0.0,0.0,0.0,0.0,0,0,0,0,0,0.0,0.0,0.0,0.0,0.0,0.0,0.0,0.0,0.0,0.0,0.0,0.0,0.0,0.0,6.943896690305642,-0.21394974860321003,3.6088583148526334,0.0,0.0,0.0,0.0,0.0,0.0,0.0,0.0,0.0,0.0,0.0,False,DISABLED,0,nan,nan,nan,nan,nan,nan,nan,nan,nan,nan,nan,nan,nan,nan,nan,nan,nan,nan,nan,nan,nan,nan,nan,nan,nan,nan,nan,nan,nan,nan,nan,nan,nan,nan,8.014534525777856,0.3116195267381902,0.09130759395175836,0.025054529799082313,0.025054529799082313,0.025054529799082313,8.000825538008641,0.25669437041887044,0.13271477350927227,0.013708987769215142,0.05492515631931977,-0.04140717955751391,0.056610150524073,0.07013746260926752,0.02855229377746582,False,DISABLED,none,MODEL_ORIGIN_FRAME_NOT_ESTABLISHED,nan,nan,nan,nan,nan,nan,nan,nan,nan,nan,nan,nan,nan,NOT_EVALUATED,nan,nan,nan,nan,DISABLED,nan,nan,nan,nan,nan,nan
1791355948.5864172,1791355948.6139345,1791355948.61982,1791355948.619865,front_rgbd_red_sphere,True,True,True,,23.8,23.8,1791355948.6040123,1791355948.6139345,1791355948.5864172,1791355948.5864172,1791355948.5864172,0.0,1791355947.5866861,1791355948.598419,1791355948.583263,1791355948.598419,1791355948.5872629,1791355948.6024175,1791355947.5826864,1791355948.598419,1791355947.5866861,1791355948.6024175,1791355924.7864172,GAZEBO_CLOCK_SYSTEM_INTERPOLATION,MAPPED_EXACT,0,23.8,1791355948.5864172,0.0035278797149658203,0.0,RGB,0.0,0,1,0,UNCALIBRATED,PREPARATION,MID,STRAIGHT,1.0,330,1.0,7.829949378967285,0.47953200340270996,nan,nan,False,0.0,0.0,0.0,0.0,0,0,0,0,0,0.0,0.0,0.0,0.0,0.0,0.0,0.0,0.0,0.0,0.0,0.0,0.0,0.0,0.0,6.946816872097534,-0.24896231685275882,3.6038678950416454,0.0,0.0,0.0,0.0,0.0,0.0,0.0,0.0,0.0,0.0,0.0,False,DISABLED,0,nan,nan,nan,nan,nan,nan,nan,nan,nan,nan,nan,nan,nan,nan,nan,nan,nan,nan,nan,nan,nan,nan,nan,nan,nan,nan,nan,nan,nan,nan,nan,nan,nan,nan,8.01381213581292,0.34638108273729734,0.09767349926401608,0.02505873042496724,0.02505873042496724,0.02505873042496724,8.001070491215351,0.2922799333641728,0.13758301315079396,0.012741644597568325,0.054101149373124546,-0.03990951388677788,0.05558132663533569,0.06842553009822279,0.027517318725585938,False,DISABLED,none,MODEL_ORIGIN_FRAME_NOT_ESTABLISHED,nan,nan,nan,nan,nan,nan,nan,nan,nan,nan,nan,nan,nan,NOT_EVALUATED,nan,nan,nan,nan,DISABLED,nan,nan,nan,nan,nan,nan
1791355948.6384077,1791355948.6607435,1791355948.6647727,1791355948.664805,front_rgbd_red_sphere,True,True,True,,23.852,23.852,1791355948.6607435,1791355948.655833,1791355948.6384077,1791355948.6384077,1791355948.6384077,0.0,1791355947.626685,1791355948.6384077,1791355948.623263,1791355948.6384077,1791355948.6272628,1791355948.6424255,1791355947.6226795,1791355948.6384077,1791355947.626685,1791355948.6424255,1791355924.7864077,GAZEBO_CLOCK_SYSTEM_INTERPOLATION,MAPPED_EXACT,0,23.852,1791355948.6384077,0.002711057662963867,0.0,RGB,0.0,0,1,0,UNCALIBRATED,PREPARATION,MID,STRAIGHT,1.0,329,1.0,7.831553936004639,0.4792151153087616,nan,nan,False,0.0,0.0,0.0,0.0,0,0,0,0,0,0.0,0.0,0.0,0.0,0.0,0.0,0.0,0.0,0.0,0.0,0.0,0.0,0.0,0.0,6.94938502664394,-0.2863420496179616,3.59962425944802,0.0,0.0,0.0,0.0,0.0,0.0,0.0,0.0,0.0,0.0,0.0,False,DISABLED,0,nan,nan,nan,nan,nan,nan,nan,nan,nan,nan,nan,nan,nan,nan,nan,nan,nan,nan,nan,nan,nan,nan,nan,nan,nan,nan,nan,nan,nan,nan,nan,nan,nan,nan,8.012998406910112,0.38342060307222864,0.10323137637045371,0.025063810361595155,0.025063810361595155,0.025063810361595155,8.001391704077216,0.33337211792977206,0.14199898066531758,0.011606702832896332,0.05004848514245658,-0.03876760429486387,0.05137671082996517,0.06436220597888957,0.02233576774597168,False,DISABLED,none,MODEL_ORIGIN_FRAME_NOT_ESTABLISHED,nan,nan,nan,nan,nan,nan,nan,nan,nan,nan,nan,nan,nan,NOT_EVALUATED,nan,nan,nan,nan,DISABLED,nan,nan,nan,nan,nan,nan
1791355948.6864092,1791355948.7074795,1791355948.7155013,1791355948.715533,front_rgbd_red_sphere,True,True,True,,23.9,23.9,1791355948.7074795,1791355948.7036908,1791355948.6864092,1791355948.6864092,1791355948.6864092,0.0,1791355947.6866796,1791355948.7024264,1791355948.687263,1791355948.7024264,1791355948.687263,1791355948.7024264,1791355947.6866796,1791355948.7024264,1791355947.6866796,1791355948.7024264,1791355924.7864091,GAZEBO_CLOCK_SYSTEM_INTERPOLATION,MAPPED_EXACT,0,23.9,1791355948.6864092,0.001435995101928711,0.0,RGB,0.0,0,1,0,UNCALIBRATED,PREPARATION,MID,STRAIGHT,1.0,332,1.0,7.833479881286621,0.47907555103302,nan,nan,False,0.0,0.0,0.0,0.0,0,0,0,0,0,0.0,0.0,0.0,0.0,0.0,0.0,0.0,0.0,0.0,0.0,0.0,0.0,0.0,0.0,6.951597762272045,-0.3262223709529328,3.59614670991522,0.0,0.0,0.0,0.0,0.0,0.0,0.0,0.0,0.0,0.0,0.0,False,DISABLED,0,nan,nan,nan,nan,nan,nan,nan,nan,nan,nan,nan,nan,nan,nan,nan,nan,nan,nan,nan,nan,nan,nan,nan,nan,nan,nan,nan,nan,nan,nan,nan,nan,nan,nan,8.012176164653882,0.42329262602132545,0.10790986988888579,0.02506990782635675,0.02506990782635675,0.02506990782635675,8.001749889616416,0.3737832011931055,0.14521318422097987,0.010426275037465516,0.04950942482821996,-0.03730331433209408,0.050595359055728026,0.06286038194393234,0.021070241928100586,False,DISABLED,none,MODEL_ORIGIN_FRAME_NOT_ESTABLISHED,nan,nan,nan,nan,nan,nan,nan,nan,nan,nan,nan,nan,nan,NOT_EVALUATED,nan,nan,nan,nan,DISABLED,nan,nan,nan,nan,nan,nan
1791355948.7384133,1791355948.770784,1791355948.7780862,1791355948.7781518,front_rgbd_red_sphere,True,True,True,,23.952,23.952,1791355948.770784,1791355948.756109,1791355948.7384133,1791355948.7384133,1791355948.7384133,0.0,1791355947.7466848,1791355948.7584207,1791355948.74331,1791355948.7584207,1791355948.74731,1791355948.7624204,1791355947.7426891,1791355948.7584207,1791355947.7466848,1791355948.7624204,1791355924.7864134,GAZEBO_CLOCK_SYSTEM_INTERPOLATION,MAPPED_EXACT,0,23.952,1791355948.7384133,0.0006902217864990234,0.0,RGB,0.0,0,1,0,UNCALIBRATED,PREPARATION,MID,STRAIGHT,1.0,330,1.0,7.83577299118042,0.4791300296783447,nan,nan,False,0.0,0.0,0.0,0.0,0,0,0,0,0,0.0,0.0,0.0,0.0,0.0,0.0,0.0,0.0,0.0,0.0,0.0,0.0,0.0,0.0,6.953436324198497,-0.3686107848172675,3.5934928005896607,0.0,0.0,0.0,0.0,0.0,0.0,0.0,0.0,0.0,0.0,0.0,False,DISABLED,0,nan,nan,nan,nan,nan,nan,nan,nan,nan,nan,nan,nan,nan,nan,nan,nan,nan,nan,nan,nan,nan,nan,nan,nan,nan,nan,nan,nan,nan,nan,nan,nan,nan,nan,8.011233292669731,0.46586458831079786,0.11174319329345694,0.02507717118140155,0.02507717118140155,0.02507717118140155,8.002208876943017,0.4200519399994489,0.14778501637518268,0.009024415726713642,0.04581264831134896,-0.03604182308172574,0.04669302757915684,0.05898518318664713,0.032370567321777344,False,DISABLED,none,MODEL_ORIGIN_FRAME_NOT_ESTABLISHED,nan,nan,nan,nan,nan,nan,nan,nan,nan,nan,nan,nan,nan,NOT_EVALUATED,nan,nan,nan,nan,DISABLED,nan,nan,nan,nan,nan,nan
1791355948.78643,1791355948.811701,1791355948.8181965,1791355948.818225,front_rgbd_red_sphere,True,True,True,,24.0,24.0,1791355948.811701,1791355948.8077607,1791355948.78643,1791355948.78643,1791355948.78643,0.0,1791355947.786685,1791355948.79842,1791355948.78331,1791355948.79842,1791355948.78731,1791355948.8024144,1791355947.7826931,1791355948.79842,1791355947.786685,1791355948.8024144,1791355924.78643,GAZEBO_CLOCK_SYSTEM_INTERPOLATION,MAPPED_EXACT,0,24.0,1791355948.78643,0.0022602081298828125,0.0,RGB,0.0,0,1,0,UNCALIBRATED,PREPARATION,MID,STRAIGHT,1.0,333,1.0,7.838501930236816,0.47938603162765503,nan,nan,False,0.0,0.0,0.0,0.0,0,0,0,0,0,0.0,0.0,0.0,0.0,0.0,0.0,0.0,0.0,0.0,0.0,0.0,0.0,0.0,0.0,6.954932590287107,-0.4136487357779144,3.591646103731353,0.0,0.0,0.0,0.0,0.0,0.0,0.0,0.0,0.0,0.0,0.0,False,DISABLED,0,nan,nan,nan,nan,nan,nan,nan,nan,nan,nan,nan,nan,nan,nan,nan,nan,nan,nan,nan,nan,nan,nan,nan,nan,nan,nan,nan,nan,nan,nan,nan,nan,nan,nan,8.010192711915376,0.5113202299462037,0.11450086059268683,0.02508581471042877,0.02508581471042877,0.02508581471042877,8.002709539077001,0.46517798441523545,0.14926019695903783,0.007483172838375296,0.046142245530968296,-0.03475933636635101,0.04674510346944545,0.058252177324099166,0.025271177291870117,False,DISABLED,none,MODEL_ORIGIN_FRAME_NOT_ESTABLISHED,nan,nan,nan,nan,nan,nan,nan,nan,nan,nan,nan,nan,nan,NOT_EVALUATED,nan,nan,nan,nan,DISABLED,nan,nan,nan,nan,nan,nan
1791355948.8384058,1791355948.8637002,1791355948.8728654,1791355948.8729672,front_rgbd_red_sphere,True,True,True,,24.052,24.052,1791355948.8637002,1791355948.8604903,1791355948.8384058,1791355948.8384058,1791355948.8384058,0.0,1791355947.8424168,1791355948.8384058,1791355948.82331,1791355948.8384058,1791355948.8273098,1791355948.8424203,1791355947.8384025,1791355948.8384058,1791355947.8424168,1791355948.8424203,1791355924.7864058,GAZEBO_CLOCK_SYSTEM_INTERPOLATION,MAPPED_EXACT,0,24.052,1791355948.8384058,0.002073526382446289,0.0,RGB,0.0,0,1,0,UNCALIBRATED,PREPARATION,MID,STRAIGHT,1.0,330,1.0,7.841670513153076,0.4798579216003418,nan,nan,False,0.0,0.0,0.0,0.0,0,0,0,0,0,0.0,0.0,0.0,0.0,0.0,0.0,0.0,0.0,0.0,0.0,0.0,0.0,0.0,0.0,6.956036212294013,-0.4611474398446438,3.5906401634714964,0.0,0.0,0.0,0.0,0.0,0.0,0.0,0.0,0.0,0.0,0.0,False,DISABLED,0,nan,nan,nan,nan,nan,nan,nan,nan,nan,nan,nan,nan,nan,nan,nan,nan,nan,nan,nan,nan,nan,nan,nan,nan,nan,nan,nan,nan,nan,nan,nan,nan,nan,nan,8.008976337530815,0.5594131389481501,0.11639923318060069,0.025095851877804557,0.025095851877804557,0.025095851877804557,8.003341696149219,0.516702973369265,0.14993236238135177,0.005634641381595529,0.042710165578885184,-0.03353312920075108,0.04308024404846121,0.05459284001835078,0.02529430389404297,False,DISABLED,none,MODEL_ORIGIN_FRAME_NOT_ESTABLISHED,nan,nan,nan,nan,nan,nan,nan,nan,nan,nan,nan,nan,nan,NOT_EVALUATED,nan,nan,nan,nan,DISABLED,nan,nan,nan,nan,nan,nan
1791355948.8864233,1791355948.9068694,1791355948.914185,1791355948.9142325,front_rgbd_red_sphere,True,True,True,,24.1,24.1,1791355948.9068694,1791355948.904518,1791355948.8864233,1791355948.8864233,1791355948.8864233,0.0,1791355947.8824236,1791355948.9024205,1791355948.88731,1791355948.9024205,1791355948.88731,1791355948.9024205,1791355947.8784246,1791355948.9024205,1791355947.8824236,1791355948.9024205,1791355924.7864234,GAZEBO_CLOCK_SYSTEM_INTERPOLATION,MAPPED_EXACT,0,24.1,1791355948.8864233,0.0020673274993896484,0.0,RGB,0.0,0,1,0,UNCALIBRATED,PREPARATION,MID,STRAIGHT,1.0,331,1.0,7.845363140106201,0.48055461049079895,nan,nan,False,0.0,0.0,0.0,0.0,0,0,0,0,0,0.0,0.0,0.0,0.0,0.0,0.0,0.0,0.0,0.0,0.0,0.0,0.0,0.0,0.0,6.956786831496985,-0.5109899700352409,3.590505022129718,0.0,0.0,0.0,0.0,0.0,0.0,0.0,0.0,0.0,0.0,0.0,False,DISABLED,0,nan,nan,nan,nan,nan,nan,nan,nan,nan,nan,nan,nan,nan,nan,nan,nan,nan,nan,nan,nan,nan,nan,nan,nan,nan,nan,nan,nan,nan,nan,nan,nan,nan,nan,8.007882425705613,0.6098558816748634,0.11738176748623774,0.025107552755260245,0.025107552755260245,0.025107552755260245,8.004020861964678,0.5667341745706874,0.14963905993011706,0.003861563740935381,0.043121707104175955,-0.032257292443879315,0.043294264032359364,0.05399005662076675,0.020446062088012695,False,DISABLED,none,MODEL_ORIGIN_FRAME_NOT_ESTABLISHED,nan,nan,nan,nan,nan,nan,nan,nan,nan,nan,nan,nan,nan,NOT_EVALUATED,nan,nan,nan,nan,DISABLED,nan,nan,nan,nan,nan,nan
1791355948.9384172,1791355948.9641163,1791355948.9693587,1791355948.9694045,front_rgbd_red_sphere,True,True,True,,24.152,24.152,1791355948.9641163,1791355948.9618952,1791355948.9384172,1791355948.9384172,1791355948.9384172,0.0,1791355947.9224129,1791355948.9424195,1791355948.92731,1791355948.9424195,1791355948.92731,1791355948.9424195,1791355947.9184089,1791355948.9424195,1791355947.9224129,1791355948.9424195,1791355924.7864172,GAZEBO_CLOCK_SYSTEM_INTERPOLATION,MAPPED_EXACT,0,24.152,1791355948.9384172,0.0021257400512695312,0.0,RGB,0.0,0,1,0,UNCALIBRATED,PREPARATION,MID,STRAIGHT,1.0,331,1.0,7.8496856689453125,0.4814852774143219,nan,nan,False,0.0,0.0,0.0,0.0,0,0,0,0,0,0.0,0.0,0.0,0.0,0.0,0.0,0.0,0.0,0.0,0.0,0.0,0.0,0.0,0.0,6.957239906429294,-0.5633613126230568,3.5912398388912536,0.0,0.0,0.0,0.0,0.0,0.0,0.0,0.0,0.0,0.0,0.0,False,DISABLED,0,nan,nan,nan,nan,nan,nan,nan,nan,nan,nan,nan,nan,nan,nan,nan,nan,nan,nan,nan,nan,nan,nan,nan,nan,nan,nan,nan,nan,nan,nan,nan,nan,nan,nan,8.006822666640824,0.6629760473102958,0.11765149113444173,0.02512125389610413,0.02512125389610413,0.02512125389610413,8.004864294852974,0.6234328581275075,0.14838704334868913,0.0019583717878504103,0.03954318918278832,-0.030735552214247397,0.03959165354977278,0.0501215841800712,0.025699138641357422,False,DISABLED,none,MODEL_ORIGIN_FRAME_NOT_ESTABLISHED,nan,nan,nan,nan,nan,nan,nan,nan,nan,nan,nan,nan,nan,NOT_EVALUATED,nan,nan,nan,nan,DISABLED,nan,nan,nan,nan,nan,nan
1791355948.9864202,1791355949.0068285,1791355949.0150726,1791355949.0150998,front_rgbd_red_sphere,True,True,True,,24.2,24.2,1791355949.0068285,1791355949.0037827,1791355948.9864202,1791355948.9864202,1791355948.9864202,0.0,1791355947.9984193,1791355948.9984243,1791355948.98331,1791355948.9984243,1791355948.98731,1791355949.002415,1791355947.9984193,1791355948.9984243,1791355947.9824243,1791355949.002415,1791355924.78642,GAZEBO_CLOCK_SYSTEM_INTERPOLATION,MAPPED_EXACT,0,24.2,1791355948.9864202,0.00246429443359375,0.0,RGB,0.0,0,1,0,UNCALIBRATED,PREPARATION,MID,STRAIGHT,1.0,333,1.0,7.854639530181885,0.482663094997406,nan,nan,False,0.0,0.0,0.0,0.0,0,0,0,0,0,0.0,0.0,0.0,0.0,0.0,0.0,0.0,0.0,0.0,0.0,0.0,0.0,0.0,0.0,6.957341493951701,-0.6182753002493797,3.592840030429548,0.0,0.0,0.0,0.0,0.0,0.0,0.0,0.0,0.0,0.0,0.0,False,DISABLED,0,nan,nan,nan,nan,nan,nan,nan,nan,nan,nan,nan,nan,nan,nan,nan,nan,nan,nan,nan,nan,nan,nan,nan,nan,nan,nan,nan,nan,nan,nan,nan,nan,nan,nan,8.006009826378955,0.7185595464490968,0.1167873031541859,0.025136959936645633,0.025136959936645633,0.025136959936645633,8.00575742829955,0.6781933915328495,0.1463299022518677,0.00025239807940558023,0.04036615491624729,-0.02954259909768181,0.04036694399521672,0.05002254820537747,0.02040839195251465,False,DISABLED,none,MODEL_ORIGIN_FRAME_NOT_ESTABLISHED,nan,nan,nan,nan,nan,nan,nan,nan,nan,nan,nan,nan,nan,NOT_EVALUATED,nan,nan,nan,nan,DISABLED,nan,nan,nan,nan,nan,nan
1791355949.038415,1791355949.0654035,1791355949.072027,1791355949.072088,front_rgbd_red_sphere,True,True,True,,24.252,24.252,1791355949.0654035,1791355949.0622735,1791355949.038415,1791355949.038415,1791355949.038415,0.0,1791355948.0384092,1791355949.038415,1791355949.02331,1791355949.038415,1791355949.02731,1791355949.0424185,1791355948.0384092,1791355949.038415,1791355948.0224283,1791355949.0424185,1791355924.7864149,GAZEBO_CLOCK_SYSTEM_INTERPOLATION,MAPPED_EXACT,0,24.252,1791355949.038415,0.0034415721893310547,0.0,RGB,0.0,0,1,0,UNCALIBRATED,PREPARATION,MID,STRAIGHT,1.0,330,1.0,7.860321998596191,0.48409420251846313,nan,nan,False,0.0,0.0,0.0,0.0,0,0,0,0,0,0.0,0.0,0.0,0.0,0.0,0.0,0.0,0.0,0.0,0.0,0.0,0.0,0.0,0.0,6.957146372405383,-0.6757046759468395,3.595302192946068,0.0,0.0,0.0,0.0,0.0,0.0,0.0,0.0,0.0,0.0,0.0,False,DISABLED,0,nan,nan,nan,nan,nan,nan,nan,nan,nan,nan,nan,nan,nan,nan,nan,nan,nan,nan,nan,nan,nan,nan,nan,nan,nan,nan,nan,nan,nan,nan,nan,nan,nan,nan,8.005424748339085,0.7768868409653754,0.11514363701708796,0.025154981065691546,0.025154981065691546,0.025154981065691546,8.006854861484742,0.7400883407480722,0.14318803585688855,-0.0014301131456573302,0.03679850021730324,-0.02804439883980059,0.03682627922899962,0.04628890955874914,0.026988506317138672,False,DISABLED,none,MODEL_ORIGIN_FRAME_NOT_ESTABLISHED,nan,nan,nan,nan,nan,nan,nan,nan,nan,nan,nan,nan,nan,NOT_EVALUATED,nan,nan,nan,nan,DISABLED,nan,nan,nan,nan,nan,nan
1791355949.086419,1791355949.1065674,1791355949.1138306,1791355949.1138606,front_rgbd_red_sphere,True,True,True,,24.3,24.3,1791355949.1065674,1791355949.104129,1791355949.086419,1791355949.086419,1791355949.086419,0.0,1791355948.0824175,1791355949.1024125,1791355949.0873098,1791355949.1024125,1791355949.0873098,1791355949.1024125,1791355948.0784216,1791355949.1024125,1791355948.0824175,1791355949.1024125,1791355924.7864192,GAZEBO_CLOCK_SYSTEM_INTERPOLATION,MAPPED_EXACT,0,24.3,1791355949.086419,0.0020825862884521484,0.0,RGB,0.0,0,1,0,UNCALIBRATED,PREPARATION,MID,STRAIGHT,1.0,334,1.0,7.86680269241333,0.4857833683490753,nan,nan,False,0.0,0.0,0.0,0.0,0,0,0,0,0,0.0,0.0,0.0,0.0,0.0,0.0,0.0,0.0,0.0,0.0,0.0,0.0,0.0,0.0,6.9566879255803595,-0.7355725233731629,3.5986119644003494,0.0,0.0,0.0,0.0,0.0,0.0,0.0,0.0,0.0,0.0,0.0,False,DISABLED,0,nan,nan,nan,nan,nan,nan,nan,nan,nan,nan,nan,nan,nan,nan,nan,nan,nan,nan,nan,nan,nan,nan,nan,nan,nan,nan,nan,nan,nan,nan,nan,nan,nan,nan,8.005205626638416,0.8375004956428052,0.1125339180339966,0.025175542223430172,0.025175542223430172,0.025175542223430172,8.008004412673872,0.7996643599142985,0.13941703131651742,-0.0027987860354556915,0.03783613572850664,-0.026883113282520826,0.03793950935552855,0.046498474705081304,0.020148277282714844,False,DISABLED,none,MODEL_ORIGIN_FRAME_NOT_ESTABLISHED,nan,nan,nan,nan,nan,nan,nan,nan,nan,nan,nan,nan,nan,NOT_EVALUATED,nan,nan,nan,nan,DISABLED,nan,nan,nan,nan,nan,nan
1791355949.1384032,1791355949.1664495,1791355949.1699777,1791355949.1700015,front_rgbd_red_sphere,True,True,True,,24.352,24.352,1791355949.1664495,1791355949.1650162,1791355949.1384032,1791355949.1384032,1791355949.1384032,0.0,1791355948.1424186,1791355949.142424,1791355949.12731,1791355949.142424,1791355949.12731,1791355949.142424,1791355948.1424186,1791355949.142424,1791355948.1424186,1791355949.142424,1791355924.7864032,GAZEBO_CLOCK_SYSTEM_INTERPOLATION,MAPPED_EXACT,0,24.352,1791355949.1384032,0.0003800392150878906,0.0,RGB,0.0,0,1,0,UNCALIBRATED,PREPARATION,MID,STRAIGHT,1.0,329,1.0,7.873998641967773,0.4877583384513855,nan,nan,False,0.0,0.0,0.0,0.0,0,0,0,0,0,0.0,0.0,0.0,0.0,0.0,0.0,0.0,0.0,0.0,0.0,0.0,0.0,0.0,0.0,6.955777213850992,-0.7980438107930787,3.602796572456588,0.0,0.0,0.0,0.0,0.0,0.0,0.0,0.0,0.0,0.0,0.0,False,DISABLED,0,nan,nan,nan,nan,nan,nan,nan,nan,nan,nan,nan,nan,nan,nan,nan,nan,nan,nan,nan,nan,nan,nan,nan,nan,nan,nan,nan,nan,nan,nan,nan,nan,nan,nan,8.004977867578322,0.9008526939742201,0.10893088176140064,0.02519838310737531,0.02519838310737531,0.02519838310737531,8.009401161477955,0.8666876205693227,0.13446687942075267,-0.0044232938996326965,0.034165073404897384,-0.025535997659352022,0.0344502216202531,0.042882454992024255,0.028046369552612305,False,DISABLED,none,MODEL_ORIGIN_FRAME_NOT_ESTABLISHED,nan,nan,nan,nan,nan,nan,nan,nan,nan,nan,nan,nan,nan,NOT_EVALUATED,nan,nan,nan,nan,DISABLED,nan,nan,nan,nan,nan,nan
1791355949.1864138,1791355949.2156708,1791355949.2192068,1791355949.219226,front_rgbd_red_sphere,True,True,True,,24.4,24.4,1791355949.2142596,1791355949.2156708,1791355949.1864138,1791355949.1864138,1791355949.1864138,0.0,1791355948.2024121,1791355949.1984184,1791355949.18331,1791355949.1984184,1791355949.18731,1791355949.202413,1791355948.1824203,1791355949.1984184,1791355948.2024121,1791355949.202413,1791355924.7864137,GAZEBO_CLOCK_SYSTEM_INTERPOLATION,MAPPED_EXACT,0,24.4,1791355949.1864138,0.00556182861328125,0.0,RGB,0.0,0,1,0,UNCALIBRATED,PREPARATION,MID,STRAIGHT,1.0,336,1.0,7.882204532623291,0.48999840021133423,nan,nan,False,0.0,0.0,0.0,0.0,0,0,0,0,0,0.0,0.0,0.0,0.0,0.0,0.0,0.0,0.0,0.0,0.0,0.0,0.0,0.0,0.0,6.954733914087458,-0.8629612448492026,3.6077861721861106,0.0,0.0,0.0,0.0,0.0,0.0,0.0,0.0,0.0,0.0,0.0,False,DISABLED,0,nan,nan,nan,nan,nan,nan,nan,nan,nan,nan,nan,nan,nan,nan,nan,nan,nan,nan,nan,nan,nan,nan,nan,nan,nan,nan,nan,nan,nan,nan,nan,nan,nan,nan,8.005083860604048,0.9663113277698395,0.1047477177208545,0.02522444181885521,0.02522444181885521,0.02522444181885521,8.010853232881392,0.9311333767713578,0.1290703649461781,-0.005769372277343976,0.035177950998481755,-0.024322647225323596,0.035647915688384484,0.04315512786417983,0.02925705909729004,False,DISABLED,none,MODEL_ORIGIN_FRAME_NOT_ESTABLISHED,nan,nan,nan,nan,nan,nan,nan,nan,nan,nan,nan,nan,nan,NOT_EVALUATED,nan,nan,nan,nan,DISABLED,nan,nan,nan,nan,nan,nan
1791355949.238415,1791355949.2583954,1791355949.2635813,1791355949.263604,front_rgbd_red_sphere,True,True,True,,24.452,24.452,1791355949.2583954,1791355949.2559803,1791355949.238415,1791355949.238415,1791355949.238415,0.0,1791355948.2424266,1791355949.2384152,1791355949.22331,1791355949.2384152,1791355949.22731,1791355949.2424297,1791355948.2224317,1791355949.2384152,1791355948.2424266,1791355949.2424297,1791355924.786415,GAZEBO_CLOCK_SYSTEM_INTERPOLATION,MAPPED_EXACT,0,24.452,1791355949.238415,0.0005354881286621094,0.0,RGB,0.0,0,1,0,UNCALIBRATED,PREPARATION,MID,STRAIGHT,1.0,334,1.0,7.891272068023682,0.49252209067344666,nan,nan,False,0.0,0.0,0.0,0.0,0,0,0,0,0,0.0,0.0,0.0,0.0,0.0,0.0,0.0,0.0,0.0,0.0,0.0,0.0,0.0,0.0,6.953339725533545,-0.9303328257155012,3.6135467665462944,0.0,0.0,0.0,0.0,0.0,0.0,0.0,0.0,0.0,0.0,0.0,False,DISABLED,0,nan,nan,nan,nan,nan,nan,nan,nan,nan,nan,nan,nan,nan,nan,nan,nan,nan,nan,nan,nan,nan,nan,nan,nan,nan,nan,nan,nan,nan,nan,nan,nan,nan,nan,8.00535816171142,1.0340534182192824,0.099655016940559,0.025253252368631254,0.025253252368631254,0.025253252368631254,8.012602626040502,1.0034126863786466,0.12242434854776908,-0.007244464329081879,0.03064073184063587,-0.022769331607210078,0.03148550001421443,0.03885587694267358,0.019980430603027344,False,DISABLED,none,MODEL_ORIGIN_FRAME_NOT_ESTABLISHED,nan,nan,nan,nan,nan,nan,nan,nan,nan,nan,nan,nan,nan,NOT_EVALUATED,nan,nan,nan,nan,DISABLED,nan,nan,nan,nan,nan,nan
1791355949.2864113,1791355949.3063328,1791355949.3123634,1791355949.3123934,front_rgbd_red_sphere,True,True,True,,24.5,24.5,1791355949.3063328,1791355949.3042343,1791355949.2864113,1791355949.2864113,1791355949.2864113,0.0,1791355948.3024158,1791355949.302422,1791355949.28731,1791355949.302422,1791355949.28731,1791355949.302422,1791355948.3024158,1791355949.302422,1791355948.3024158,1791355949.302422,1791355924.7864113,GAZEBO_CLOCK_SYSTEM_INTERPOLATION,MAPPED_EXACT,0,24.5,1791355949.2864113,0.0021753311157226562,0.0,RGB,0.0,0,1,0,UNCALIBRATED,PREPARATION,MID,STRAIGHT,1.0,333,1.0,7.901479721069336,0.49532920122146606,nan,nan,False,0.0,0.0,0.0,0.0,0,0,0,0,0,0.0,0.0,0.0,0.0,0.0,0.0,0.0,0.0,0.0,0.0,0.0,0.0,0.0,0.0,6.951818914833953,-1.0003066506414129,3.620080359862149,0.0,0.0,0.0,0.0,0.0,0.0,0.0,0.0,0.0,0.0,0.0,False,DISABLED,0,nan,nan,nan,nan,nan,nan,nan,nan,nan,nan,nan,nan,nan,nan,nan,nan,nan,nan,nan,nan,nan,nan,nan,nan,nan,nan,nan,nan,nan,nan,nan,nan,nan,nan,8.005962850725705,1.1047093152810983,0.09393567620440724,0.025285705661390778,0.025285705661390778,0.025285705661390778,8.014402159470766,1.0725532119345187,0.11554819993872179,-0.008439308745060714,0.03215610334657959,-0.021612523734314548,0.03324510361738049,0.03965271865454719,0.019921541213989258,False,DISABLED,none,MODEL_ORIGIN_FRAME_NOT_ESTABLISHED,nan,nan,nan,nan,nan,nan,nan,nan,nan,nan,nan,nan,nan,NOT_EVALUATED,nan,nan,nan,nan,DISABLED,nan,nan,nan,nan,nan,nan
1791355949.3384058,1791355949.3652158,1791355949.3712964,1791355949.3713307,front_rgbd_red_sphere,True,True,True,,24.552,24.552,1791355949.3572192,1791355949.3652158,1791355949.3384058,1791355949.3384058,1791355949.3384058,0.0,1791355948.342415,1791355949.3424218,1791355949.3273098,1791355949.3424218,1791355949.3273098,1791355949.3424218,1791355948.342415,1791355949.3424218,1791355948.342415,1791355949.3424218,1791355924.7864058,GAZEBO_CLOCK_SYSTEM_INTERPOLATION,MAPPED_EXACT,0,24.552,1791355949.3384058,0.003184080123901367,0.0,RGB,0.0,0,1,0,UNCALIBRATED,PREPARATION,MID,STRAIGHT,1.0,334,1.0,7.912930488586426,0.49843165278434753,nan,nan,False,0.0,0.0,0.0,0.0,0,0,0,0,0,0.0,0.0,0.0,0.0,0.0,0.0,0.0,0.0,0.0,0.0,0.0,0.0,0.0,0.0,6.950191238728321,-1.0726862873498808,3.6274864836909853,0.0,0.0,0.0,0.0,0.0,0.0,0.0,0.0,0.0,0.0,0.0,False,DISABLED,0,nan,nan,nan,nan,nan,nan,nan,nan,nan,nan,nan,nan,nan,nan,nan,nan,nan,nan,nan,nan,nan,nan,nan,nan,nan,nan,nan,nan,nan,nan,nan,nan,nan,nan,8.00697266223465,1.1775339351503664,0.08752057539463748,0.025322136356822355,0.025322136356822355,0.025322136356822355,8.016555750118156,1.149963145039376,0.10738157279911976,-0.009583087883505925,0.027570790110990506,-0.019860997404482286,0.02918876565953569,0.035305003308711676,0.0268099308013916,False,DISABLED,none,MODEL_ORIGIN_FRAME_NOT_ESTABLISHED,nan,nan,nan,nan,nan,nan,nan,nan,nan,nan,nan,nan,nan,NOT_EVALUATED,nan,nan,nan,nan,DISABLED,nan,nan,nan,nan,nan,nan
1791355949.3864186,1791355949.4077113,1791355949.4127228,1791355949.4127576,front_rgbd_red_sphere,True,True,True,,24.6,24.6,1791355949.4077113,1791355949.406187,1791355949.3864186,1791355949.3864186,1791355949.3864186,0.0,1791355948.4024136,1791355949.3984199,1791355949.3833098,1791355949.3984199,1791355949.38731,1791355949.4024222,1791355948.38243,1791355949.3984199,1791355948.4024136,1791355949.4024222,1791355924.7864187,GAZEBO_CLOCK_SYSTEM_INTERPOLATION,MAPPED_EXACT,0,24.6,1791355949.3864186,0.002548694610595703,0.0,RGB,0.0,0,1,0,UNCALIBRATED,PREPARATION,MID,STRAIGHT,1.0,338,1.0,7.92537784576416,0.5018242001533508,nan,nan,False,0.0,0.0,0.0,0.0,0,0,0,0,0,0.0,0.0,0.0,0.0,0.0,0.0,0.0,0.0,0.0,0.0,0.0,0.0,0.0,0.0,6.948230305933029,-1.1477162752459127,3.635444086337732,0.0,0.0,0.0,0.0,0.0,0.0,0.0,0.0,0.0,0.0,0.0,False,DISABLED,0,nan,nan,nan,nan,nan,nan,nan,nan,nan,nan,nan,nan,nan,nan,nan,nan,nan,nan,nan,nan,nan,nan,nan,nan,nan,nan,nan,nan,nan,nan,nan,nan,nan,nan,8.008006004134652,1.252729806569446,0.08029863011691013,0.025361765297867475,0.025361765297867475,0.025361765297867475,8.018760144689926,1.2240028634488027,0.09917595541546159,-0.01075414055527446,0.02872694312064339,-0.01887732529855146,0.030673910740876838,0.03601724879230243,0.021292686462402344,False,DISABLED,none,MODEL_ORIGIN_FRAME_NOT_ESTABLISHED,nan,nan,nan,nan,nan,nan,nan,nan,nan,nan,nan,nan,nan,NOT_EVALUATED,nan,nan,nan,nan,DISABLED,nan,nan,nan,nan,nan,nan
1791355949.4384053,1791355949.4740987,1791355949.4800272,1791355949.4800675,front_rgbd_red_sphere,True,True,True,,24.652,24.652,1791355949.464751,1791355949.4740987,1791355949.4384053,1791355949.4384053,1791355949.4384053,0.0,1791355948.462416,1791355949.4624193,1791355949.44731,1791355949.4624193,1791355949.44731,1791355949.4624193,1791355948.462416,1791355949.4624193,1791355948.462416,1791355949.4624193,1791355924.7864053,GAZEBO_CLOCK_SYSTEM_INTERPOLATION,MAPPED_EXACT,0,24.652,1791355949.4384053,0.004238605499267578,0.0,RGB,0.0,0,1,0,UNCALIBRATED,PREPARATION,MID,STRAIGHT,1.0,338,1.0,7.93924617767334,0.5055041909217834,nan,nan,False,0.0,0.0,0.0,0.0,0,0,0,0,0,0.0,0.0,0.0,0.0,0.0,0.0,0.0,0.0,0.0,0.0,0.0,0.0,0.0,0.0,6.946288185778232,-1.2249742029743982,3.644194096681917,0.0,0.0,0.0,0.0,0.0,0.0,0.0,0.0,0.0,0.0,0.0,False,DISABLED,0,nan,nan,nan,nan,nan,nan,nan,nan,nan,nan,nan,nan,nan,nan,nan,nan,nan,nan,nan,nan,nan,nan,nan,nan,nan,nan,nan,nan,nan,nan,nan,nan,nan,nan,8.009659201357804,1.3303389469238158,0.07239578685950143,0.025405957293341382,0.025405957293341382,0.025405957293341382,8.021372648229109,1.306427554033799,0.08970382685785218,-0.011713446871304711,0.02391139289001676,-0.017308039998350747,0.0266262942886843,0.03175732665279197,0.03569340705871582,False,DISABLED,none,MODEL_ORIGIN_FRAME_NOT_ESTABLISHED,nan,nan,nan,nan,nan,nan,nan,nan,nan,nan,nan,nan,nan,NOT_EVALUATED,nan,nan,nan,nan,DISABLED,nan,nan,nan,nan,nan,nan
1791355949.4864106,1791355949.506181,1791355949.5141213,1791355949.5141666,front_rgbd_red_sphere,True,True,True,,24.7,24.7,1791355949.506181,1791355949.5046651,1791355949.4864106,1791355949.4864106,1791355949.4864106,0.0,1791355948.4824266,1791355949.5024126,1791355949.48731,1791355949.5024126,1791355949.48731,1791355949.5024126,1791355948.478554,1791355949.5024126,1791355948.4824266,1791355949.5024126,1791355924.7864106,GAZEBO_CLOCK_SYSTEM_INTERPOLATION,MAPPED_EXACT,0,24.7,1791355949.4864106,0.0023810863494873047,0.0,RGB,0.0,0,1,0,UNCALIBRATED,PREPARATION,MID,STRAIGHT,1.0,339,1.0,7.95446252822876,0.509484589099884,nan,nan,False,0.0,0.0,0.0,0.0,0,0,0,0,0,0.0,0.0,0.0,0.0,0.0,0.0,0.0,0.0,0.0,0.0,0.0,0.0,0.0,0.0,6.944214118071996,-1.3049697110118421,3.653549032237541,0.0,0.0,0.0,0.0,0.0,0.0,0.0,0.0,0.0,0.0,0.0,False,DISABLED,0,nan,nan,nan,nan,nan,nan,nan,nan,nan,nan,nan,nan,nan,nan,nan,nan,nan,nan,nan,nan,nan,nan,nan,nan,nan,nan,nan,nan,nan,nan,nan,nan,nan,nan,8.011673723445696,1.410655158076456,0.06368427483564176,0.02545448787410904,0.02545448787410904,0.02545448787410904,8.024036928726947,1.385305203954176,0.0803755574684547,-0.012363205281250345,0.025349954122279916,-0.016691282632812943,0.02820406032520908,0.03277297567747665,0.019770383834838867,False,DISABLED,none,MODEL_ORIGIN_FRAME_NOT_ESTABLISHED,nan,nan,nan,nan,nan,nan,nan,nan,nan,nan,nan,nan,nan,NOT_EVALUATED,nan,nan,nan,nan,DISABLED,nan,nan,nan,nan,nan,nan
1791355949.538424,1791355949.558617,1791355949.5626912,1791355949.5627217,front_rgbd_red_sphere,True,True,True,,24.752,24.752,1791355949.558617,1791355949.5572872,1791355949.538424,1791355949.538424,1791355949.538424,0.0,1791355948.5224435,1791355949.5424244,1791355949.52731,1791355949.5424244,1791355949.52731,1791355949.5424244,1791355948.5184252,1791355949.5424244,1791355948.5224435,1791355949.5424244,1791355924.786424,GAZEBO_CLOCK_SYSTEM_INTERPOLATION,MAPPED_EXACT,0,24.752,1791355949.538424,0.0007431507110595703,0.0,RGB,0.0,0,1,0,UNCALIBRATED,PREPARATION,MID,STRAIGHT,1.0,337,1.0,7.970959186553955,0.5137461423873901,nan,nan,False,0.0,0.0,0.0,0.0,0,0,0,0,0,0.0,0.0,0.0,0.0,0.0,0.0,0.0,0.0,0.0,0.0,0.0,0.0,0.0,0.0,6.941985051742717,-1.387275142461509,3.663400376447049,0.0,0.0,0.0,0.0,0.0,0.0,0.0,0.0,0.0,0.0,0.0,False,DISABLED,0,nan,nan,nan,nan,nan,nan,nan,nan,nan,nan,nan,nan,nan,nan,nan,nan,nan,nan,nan,nan,nan,nan,nan,nan,nan,nan,nan,nan,nan,nan,nan,nan,nan,nan,8.014042636289052,1.4933186904541753,0.0547184612995526,0.02550715388291915,0.02550715388291915,0.02550715388291915,8.027187133480401,1.4732347121734157,0.06977481133998463,-0.013144497191349913,0.020083978280759585,-0.015056350040432029,0.024002999604120907,0.028334390174052555,0.020193099975585938,False,DISABLED,none,MODEL_ORIGIN_FRAME_NOT_ESTABLISHED,nan,nan,nan,nan,nan,nan,nan,nan,nan,nan,nan,nan,nan,NOT_EVALUATED,nan,nan,nan,nan,DISABLED,nan,nan,nan,nan,nan,nan
1791355949.5864081,1791355949.6158338,1791355949.6199121,1791355949.6199486,front_rgbd_red_sphere,True,True,True,,24.8,24.8,1791355949.6158338,1791355949.6147807,1791355949.5864081,1791355949.5864081,1791355949.5864081,0.0,1791355948.598419,1791355949.598436,1791355949.58331,1791355949.598436,1791355949.5873098,1791355949.6024132,1791355948.598419,1791355949.598436,1791355948.5824246,1791355949.6024132,1791355924.7864082,GAZEBO_CLOCK_SYSTEM_INTERPOLATION,MAPPED_EXACT,0,24.8,1791355949.5864081,0.0017178058624267578,0.0,RGB,0.0,0,1,0,UNCALIBRATED,PREPARATION,MID,STRAIGHT,1.0,342,1.0,7.989330291748047,0.5183044672012329,nan,nan,False,0.0,0.0,0.0,0.0,0,0,0,0,0,0.0,0.0,0.0,0.0,0.0,0.0,0.0,0.0,0.0,0.0,0.0,0.0,0.0,0.0,6.9400148029872835,-1.4721664754327262,3.6740054428366005,0.0,0.0,0.0,0.0,0.0,0.0,0.0,0.0,0.0,0.0,0.0,False,DISABLED,0,nan,nan,nan,nan,nan,nan,nan,nan,nan,nan,nan,nan,nan,nan,nan,nan,nan,nan,nan,nan,nan,nan,nan,nan,nan,nan,nan,nan,nan,nan,nan,nan,nan,nan,8.017118051847095,1.5785867972456937,0.045071823022888924,0.025565867733555393,0.025565867733555393,0.025565867733555393,8.030363990012415,1.5567247341481383,0.05957943130288346,-0.01324593816531916,0.02186206309755545,-0.014507608279994533,0.025561781642932376,0.029391756986725387,0.029425621032714844,False,DISABLED,none,MODEL_ORIGIN_FRAME_NOT_ESTABLISHED,nan,nan,nan,nan,nan,nan,nan,nan,nan,nan,nan,nan,nan,NOT_EVALUATED,nan,nan,nan,nan,DISABLED,nan,nan,nan,nan,nan,nan
1791355949.6384053,1791355949.666183,1791355949.6700282,1791355949.6700537,front_rgbd_red_sphere,True,True,True,,24.852,24.852,1791355949.6571069,1791355949.666183,1791355949.6384053,1791355949.6384053,1791355949.6384053,0.0,1791355948.6424255,1791355949.6384053,1791355949.6233099,1791355949.6384053,1791355949.62731,1791355949.6424425,1791355948.6224387,1791355949.6384053,1791355948.6424255,1791355949.6424425,1791355924.7864053,GAZEBO_CLOCK_SYSTEM_INTERPOLATION,MAPPED_EXACT,0,24.852,1791355949.6384053,0.0041697025299072266,0.0,RGB,0.0,0,1,0,UNCALIBRATED,PREPARATION,MID,STRAIGHT,1.0,341,1.0,8.009099006652832,0.5231420993804932,nan,nan,False,0.0,0.0,0.0,0.0,0,0,0,0,0,0.0,0.0,0.0,0.0,0.0,0.0,0.0,0.0,0.0,0.0,0.0,0.0,0.0,0.0,6.93791079706491,-1.5595430367033973,3.6849529956514697,0.0,0.0,0.0,0.0,0.0,0.0,0.0,0.0,0.0,0.0,0.0,False,DISABLED,0,nan,nan,nan,nan,nan,nan,nan,nan,nan,nan,nan,nan,nan,nan,nan,nan,nan,nan,nan,nan,nan,nan,nan,nan,nan,nan,nan,nan,nan,nan,nan,nan,nan,nan,8.020476576423304,1.6664127361870287,0.03505629672381083,0.025629123579976102,0.025629123579976102,0.025629123579976102,8.034103732695803,1.64970165196189,0.048163614354685455,-0.013627156272498553,0.016711084225138784,-0.013107317630874624,0.02156292475650692,0.02523413361959185,0.027777671813964844,False,DISABLED,none,MODEL_ORIGIN_FRAME_NOT_ESTABLISHED,nan,nan,nan,nan,nan,nan,nan,nan,nan,nan,nan,nan,nan,NOT_EVALUATED,nan,nan,nan,nan,DISABLED,nan,nan,nan,nan,nan,nan
1791355949.6864223,1791355949.7092714,1791355949.7136965,1791355949.713723,front_rgbd_red_sphere,True,True,True,,24.9,24.9,1791355949.7092714,1791355949.706747,1791355949.6864223,1791355949.6864223,1791355949.6864223,0.0,1791355948.6824377,1791355949.70242,1791355949.68731,1791355949.70242,1791355949.68731,1791355949.70242,1791355948.6784246,1791355949.70242,1791355948.6824377,1791355949.70242,1791355924.7864223,GAZEBO_CLOCK_SYSTEM_INTERPOLATION,MAPPED_EXACT,0,24.9,1791355949.6864223,0.0031321048736572266,0.0,RGB,0.0,0,1,0,UNCALIBRATED,PREPARATION,MID,STRAIGHT,1.0,341,1.0,8.030746459960938,0.5282669067382812,nan,nan,False,0.0,0.0,0.0,0.0,0,0,0,0,0,0.0,0.0,0.0,0.0,0.0,0.0,0.0,0.0,0.0,0.0,0.0,0.0,0.0,0.0,6.936010580045441,-1.6494507542576988,3.6964796613644055,0.0,0.0,0.0,0.0,0.0,0.0,0.0,0.0,0.0,0.0,0.0,False,DISABLED,0,nan,nan,nan,nan,nan,nan,nan,nan,nan,nan,nan,nan,nan,nan,nan,nan,nan,nan,nan,nan,nan,nan,nan,nan,nan,nan,nan,nan,nan,nan,nan,nan,nan,nan,8.024241562085107,1.7567548439417489,0.02467106427438065,0.02569848395290897,0.02569848395290897,0.02569848395290897,8.037865471336522,1.738050808937564,0.03732266717098195,-0.013623909251414545,0.018704035004184938,-0.012651602896601298,0.02313983208082017,0.02637261618766414,0.022849082946777344,False,DISABLED,none,MODEL_ORIGIN_FRAME_NOT_ESTABLISHED,nan,nan,nan,nan,nan,nan,nan,nan,nan,nan,nan,nan,nan,NOT_EVALUATED,nan,nan,nan,nan,DISABLED,nan,nan,nan,nan,nan,nan
1791355949.7384062,1791355949.758618,1791355949.7625687,1791355949.7626042,front_rgbd_red_sphere,True,True,True,,24.952,24.952,1791355949.758618,1791355949.755915,1791355949.7384062,1791355949.7384062,1791355949.7384062,0.0,1791355948.7424297,1791355949.7424629,1791355949.727357,1791355949.7424629,1791355949.727357,1791355949.7424629,1791355948.7424297,1791355949.7424629,1791355948.7424297,1791355949.7424629,1791355924.7864063,GAZEBO_CLOCK_SYSTEM_INTERPOLATION,MAPPED_EXACT,0,24.952,1791355949.7384062,0.0007259845733642578,0.0,RGB,0.0,0,1,0,UNCALIBRATED,PREPARATION,MID,STRAIGHT,1.0,345,1.0,8.05404281616211,0.5336557030677795,nan,nan,False,0.0,0.0,0.0,0.0,0,0,0,0,0,0.0,0.0,0.0,0.0,0.0,0.0,0.0,0.0,0.0,0.0,0.0,0.0,0.0,0.0,6.934154542949178,-1.7417619531471011,3.708284866199028,0.0,0.0,0.0,0.0,0.0,0.0,0.0,0.0,0.0,0.0,0.0,False,DISABLED,0,nan,nan,nan,nan,nan,nan,nan,nan,nan,nan,nan,nan,nan,nan,nan,nan,nan,nan,nan,nan,nan,nan,nan,nan,nan,nan,nan,nan,nan,nan,nan,nan,nan,nan,8.028348693445462,1.8497712634617334,0.014276590751607532,0.025773230049282937,0.025773230049282937,0.025773230049282937,8.042272875259949,1.8362536736487587,0.025350918173602056,-0.013924181814486403,0.013517589812974684,-0.011074327421994525,0.01940639259508863,0.0223438761499488,0.02021193504333496,False,DISABLED,none,MODEL_ORIGIN_FRAME_NOT_ESTABLISHED,nan,nan,nan,nan,nan,nan,nan,nan,nan,nan,nan,nan,nan,NOT_EVALUATED,nan,nan,nan,nan,DISABLED,nan,nan,nan,nan,nan,nan
1791355949.7864103,1791355949.816282,1791355949.8217943,1791355949.8218372,front_rgbd_red_sphere,True,True,True,,25.0,25.0,1791355949.80894,1791355949.816282,1791355949.7864103,1791355949.7864103,1791355949.7864103,0.0,1791355948.79842,1791355949.7984216,1791355949.783357,1791355949.7984216,1791355949.7873569,1791355949.8024127,1791355948.79842,1791355949.7984216,1791355948.7824264,1791355949.8024127,1791355924.7864103,GAZEBO_CLOCK_SYSTEM_INTERPOLATION,MAPPED_EXACT,0,25.0,1791355949.7864103,0.0022678375244140625,0.0,RGB,0.0,0,1,0,UNCALIBRATED,PREPARATION,MID,STRAIGHT,1.0,347,1.0,8.079425811767578,0.5393140912055969,nan,nan,False,0.0,0.0,0.0,0.0,0,0,0,0,0,0.0,0.0,0.0,0.0,0.0,0.0,0.0,0.0,0.0,0.0,0.0,0.0,0.0,0.0,6.932641629729162,-1.8365820340219177,3.720560872173518,0.0,0.0,0.0,0.0,0.0,0.0,0.0,0.0,0.0,0.0,0.0,False,DISABLED,0,nan,nan,nan,nan,nan,nan,nan,nan,nan,nan,nan,nan,nan,nan,nan,nan,nan,nan,nan,nan,nan,nan,nan,nan,nan,nan,nan,nan,nan,nan,nan,nan,nan,nan,8.03288256955414,1.9451964767120726,0.003550993906161981,0.02585479449634134,0.02585479449634134,0.02585479449634134,8.046682239650917,1.929326278662327,0.014147323279562021,-0.01379967009677685,0.015870198049745543,-0.01059632937340004,0.021030788880068776,0.02354944324411099,0.029871702194213867,False,DISABLED,none,MODEL_ORIGIN_FRAME_NOT_ESTABLISHED,nan,nan,nan,nan,nan,nan,nan,nan,nan,nan,nan,nan,nan,NOT_EVALUATED,nan,nan,nan,nan,DISABLED,nan,nan,nan,nan,nan,nan
1791355949.8384063,1791355949.8617508,1791355949.8657978,1791355949.8658245,front_rgbd_red_sphere,True,True,True,,25.052,25.052,1791355949.8617508,1791355949.8591645,1791355949.8384063,1791355949.8384063,1791355949.8384063,0.0,1791355948.8424203,1791355949.8384063,1791355949.8233569,1791355949.8384063,1791355949.8273568,1791355949.8424218,1791355948.8384058,1791355949.8384063,1791355948.8424203,1791355949.8424218,1791355924.7864063,GAZEBO_CLOCK_SYSTEM_INTERPOLATION,MAPPED_EXACT,0,25.052,1791355949.8384063,0.0036156177520751953,0.0,RGB,0.0,0,1,0,UNCALIBRATED,PREPARATION,MID,STRAIGHT,1.0,345,1.0,8.106480598449707,0.545235276222229,nan,nan,False,0.0,0.0,0.0,0.0,0,0,0,0,0,0.0,0.0,0.0,0.0,0.0,0.0,0.0,0.0,0.0,0.0,0.0,0.0,0.0,0.0,6.931083519086733,-1.9338759311984273,3.732991466629548,0.0,0.0,0.0,0.0,0.0,0.0,0.0,0.0,0.0,0.0,0.0,False,DISABLED,0,nan,nan,nan,nan,nan,nan,nan,nan,nan,nan,nan,nan,nan,nan,nan,nan,nan,nan,nan,nan,nan,nan,nan,nan,nan,nan,nan,nan,nan,nan,nan,nan,nan,nan,8.037362666163784,2.0432746653698337,-0.007519678995690504,0.025941870229266435,0.025941870229266435,0.025941870229266435,8.05183160194877,2.0327115498520314,0.0019190182165927158,-0.014468935784986314,0.010563115517802313,-0.00943869721228322,0.01791450563628518,0.020248913977239782,0.02334451675415039,False,DISABLED,none,MODEL_ORIGIN_FRAME_NOT_ESTABLISHED,nan,nan,nan,nan,nan,nan,nan,nan,nan,nan,nan,nan,nan,NOT_EVALUATED,nan,nan,nan,nan,DISABLED,nan,nan,nan,nan,nan,nan
1791355949.8864052,1791355949.9065428,1791355949.9140909,1791355949.9141397,front_rgbd_red_sphere,True,True,True,,25.1,25.1,1791355949.9065428,1791355949.904201,1791355949.8864052,1791355949.8864052,1791355949.8864052,0.0,1791355948.9024205,1791355949.9024208,1791355949.887357,1791355949.9024208,1791355949.887357,1791355949.9024208,1791355948.9024205,1791355949.9024208,1791355948.9024205,1791355949.9024208,1791355924.7864053,GAZEBO_CLOCK_SYSTEM_INTERPOLATION,MAPPED_EXACT,0,25.1,1791355949.8864052,0.002248048782348633,0.0,RGB,0.0,0,1,0,UNCALIBRATED,PREPARATION,MID,STRAIGHT,1.0,347,1.0,8.135873794555664,0.5514031052589417,nan,nan,False,0.0,0.0,0.0,0.0,0,0,0,0,0,0.0,0.0,0.0,0.0,0.0,0.0,0.0,0.0,0.0,0.0,0.0,0.0,0.0,0.0,6.930058335616047,-2.0337150989246964,3.74576221006128,0.0,0.0,0.0,0.0,0.0,0.0,0.0,0.0,0.0,0.0,0.0,False,DISABLED,0,nan,nan,nan,nan,nan,nan,nan,nan,nan,nan,nan,nan,nan,nan,nan,nan,nan,nan,nan,nan,nan,nan,nan,nan,nan,nan,nan,nan,nan,nan,nan,nan,nan,nan,8.042176724372421,2.1435359367380915,-0.018681392180282197,0.02603664186950793,0.02603664186950793,0.02603664186950793,8.056958243644772,2.1304707037732458,-0.009368103255005119,-0.014781519272350607,0.013065232964845741,-0.009313288925277078,0.01972799088667075,0.02181584229476948,0.020137548446655273,False,DISABLED,none,MODEL_ORIGIN_FRAME_NOT_ESTABLISHED,nan,nan,nan,nan,nan,nan,nan,nan,nan,nan,nan,nan,nan,NOT_EVALUATED,nan,nan,nan,nan,DISABLED,nan,nan,nan,nan,nan,nan
1791355949.9384043,1791355949.9603953,1791355949.9657738,1791355949.96582,front_rgbd_red_sphere,True,True,True,,25.152,25.152,1791355949.9603953,1791355949.95758,1791355949.9384043,1791355949.9384043,1791355949.9384043,0.0,1791355948.9424195,1791355949.9424365,1791355949.927357,1791355949.9424365,1791355949.927357,1791355949.9424365,1791355948.9424195,1791355949.9424365,1791355948.9424195,1791355949.9424365,1791355924.7864044,GAZEBO_CLOCK_SYSTEM_INTERPOLATION,MAPPED_EXACT,0,25.152,1791355949.9384043,0.002507925033569336,0.0,RGB,0.0,0,1,0,UNCALIBRATED,PREPARATION,MID,STRAIGHT,1.0,348,1.0,8.167269706726074,0.5578140020370483,nan,nan,False,0.0,0.0,0.0,0.0,0,0,0,0,0,0.0,0.0,0.0,0.0,0.0,0.0,0.0,0.0,0.0,0.0,0.0,0.0,0.0,0.0,6.929228133634918,-2.136019633291759,3.7586584835810894,0.0,0.0,0.0,0.0,0.0,0.0,0.0,0.0,0.0,0.0,0.0,False,DISABLED,0,nan,nan,nan,nan,nan,nan,nan,nan,nan,nan,nan,nan,nan,nan,nan,nan,nan,nan,nan,nan,nan,nan,nan,nan,nan,nan,nan,nan,nan,nan,nan,nan,nan,nan,8.04700443576818,2.246136761177823,-0.029982310989267735,0.026138061280968607,0.026138061280968607,0.026138061280968607,8.062929124680615,2.239022656518223,-0.021550924519880034,-0.015924688912434704,0.007114104659599718,-0.008431386469387701,0.017441508021543296,0.019372518676252014,0.02199101448059082,False,DISABLED,none,MODEL_ORIGIN_FRAME_NOT_ESTABLISHED,nan,nan,nan,nan,nan,nan,nan,nan,nan,nan,nan,nan,nan,NOT_EVALUATED,nan,nan,nan,nan,DISABLED,nan,nan,nan,nan,nan,nan
1791355949.9864075,1791355950.0090876,1791355950.0141847,1791355950.0142345,front_rgbd_red_sphere,True,True,True,,25.2,25.2,1791355950.0090876,1791355950.0068383,1791355949.9864075,1791355949.9864075,1791355949.9864075,0.0,1791355948.9824271,1791355949.9984179,1791355949.983357,1791355949.9984179,1791355949.987357,1791355950.0024145,1791355948.9824271,1791355949.9984179,1791355948.9824271,1791355950.0024145,1791355924.7864075,GAZEBO_CLOCK_SYSTEM_INTERPOLATION,MAPPED_EXACT,0,25.2,1791355949.9864075,0.002869129180908203,0.0,RGB,0.0,0,1,0,UNCALIBRATED,PREPARATION,MID,STRAIGHT,1.0,350,1.0,8.201166152954102,0.5644511580467224,nan,nan,False,0.0,0.0,0.0,0.0,0,0,0,0,0,0.0,0.0,0.0,0.0,0.0,0.0,0.0,0.0,0.0,0.0,0.0,0.0,0.0,0.0,6.929020194923478,-2.2408802076854477,3.7717712437909663,0.0,0.0,0.0,0.0,0.0,0.0,0.0,0.0,0.0,0.0,0.0,False,DISABLED,0,nan,nan,nan,nan,nan,nan,nan,nan,nan,nan,nan,nan,nan,nan,nan,nan,nan,nan,nan,nan,nan,nan,nan,nan,nan,nan,nan,nan,nan,nan,nan,nan,nan,nan,8.05219969268157,2.351004175711009,-0.04126373739314637,0.026247777881683393,0.026247777881683393,0.026247777881683393,8.068860724117815,2.3416828156027196,-0.03266910351205202,-0.016661031436244755,0.009321360108289323,-0.008594633881094355,0.019091299662095912,0.020936701133129797,0.022680044174194336,False,DISABLED,none,MODEL_ORIGIN_FRAME_NOT_ESTABLISHED,nan,nan,nan,nan,nan,nan,nan,nan,nan,nan,nan,nan,nan,NOT_EVALUATED,nan,nan,nan,nan,DISABLED,nan,nan,nan,nan,nan,nan
1791355950.0384097,1791355950.0590243,1791355950.0632708,1791355950.0632937,front_rgbd_red_sphere,True,True,True,,25.252,25.252,1791355950.0590243,1791355950.0568871,1791355950.0384097,1791355950.0384097,1791355950.0384097,0.0,1791355949.0424185,1791355950.0384097,1791355950.023357,1791355950.0384097,1791355950.0273569,1791355950.0424247,1791355949.0224445,1791355950.0384097,1791355949.0424185,1791355950.0424247,1791355924.7864096,GAZEBO_CLOCK_SYSTEM_INTERPOLATION,MAPPED_EXACT,0,25.252,1791355950.0384097,0.0010695457458496094,0.0,RGB,0.0,0,1,0,UNCALIBRATED,PREPARATION,MID,STRAIGHT,1.0,349,1.0,8.2371187210083,0.5713097453117371,nan,nan,False,0.0,0.0,0.0,0.0,0,0,0,0,0,0.0,0.0,0.0,0.0,0.0,0.0,0.0,0.0,0.0,0.0,0.0,0.0,0.0,0.0,6.929010025510934,-2.348071094894537,3.7849041970613637,0.0,0.0,0.0,0.0,0.0,0.0,0.0,0.0,0.0,0.0,0.0,False,DISABLED,0,nan,nan,nan,nan,nan,nan,nan,nan,nan,nan,nan,nan,nan,nan,nan,nan,nan,nan,nan,nan,nan,nan,nan,nan,nan,nan,nan,nan,nan,nan,nan,nan,nan,nan,8.057474059752858,2.457993744094466,-0.05250418700612425,0.02636440100831272,0.02636440100831272,0.02636440100831272,8.075739241645397,2.45541259329435,-0.04450801114415849,-0.018265181892539673,0.0025811508001161165,-0.007996175861965757,0.018446658478448046,0.02010517439456776,0.0206146240234375,False,DISABLED,none,MODEL_ORIGIN_FRAME_NOT_ESTABLISHED,nan,nan,nan,nan,nan,nan,nan,nan,nan,nan,nan,nan,nan,NOT_EVALUATED,nan,nan,nan,nan,DISABLED,nan,nan,nan,nan,nan,nan
1791355950.0864055,1791355950.106618,1791355950.1139398,1791355950.1139863,front_rgbd_red_sphere,True,True,True,,25.3,25.3,1791355950.106618,1791355950.1043708,1791355950.0864055,1791355950.0864055,1791355950.0864055,0.0,1791355949.1024125,1791355950.1024132,1791355950.0873568,1791355950.1024132,1791355950.0873568,1791355950.1024132,1791355949.1024125,1791355950.1024132,1791355949.1024125,1791355950.1024132,1791355924.7864056,GAZEBO_CLOCK_SYSTEM_INTERPOLATION,MAPPED_EXACT,0,25.3,1791355950.0864055,0.0019741058349609375,0.0,RGB,0.0,0,1,0,UNCALIBRATED,PREPARATION,MID,STRAIGHT,1.0,356,1.0,8.275680541992188,0.5783656239509583,nan,nan,False,0.0,0.0,0.0,0.0,0,0,0,0,0,0.0,0.0,0.0,0.0,0.0,0.0,0.0,0.0,0.0,0.0,0.0,0.0,0.0,0.0,6.929700399897191,-2.457753255189785,3.798102520046413,0.0,0.0,0.0,0.0,0.0,0.0,0.0,0.0,0.0,0.0,0.0,False,DISABLED,0,nan,nan,nan,nan,nan,nan,nan,nan,nan,nan,nan,nan,nan,nan,nan,nan,nan,nan,nan,nan,nan,nan,nan,nan,nan,nan,nan,nan,nan,nan,nan,nan,nan,nan,8.063114651528192,2.5672531793656868,-0.06374932035780273,0.02648977633684668,0.02648977633684668,0.02648977633684668,8.082542711281606,2.5627186960311326,-0.05515555861093302,-0.019428059753414217,0.004534483334554196,-0.00859376174686971,0.01995021415658446,0.02172242587409482,0.020212411880493164,False,DISABLED,none,MODEL_ORIGIN_FRAME_NOT_ESTABLISHED,nan,nan,nan,nan,nan,nan,nan,nan,nan,nan,nan,nan,nan,NOT_EVALUATED,nan,nan,nan,nan,DISABLED,nan,nan,nan,nan,nan,nan
1791355950.1384082,1791355950.1591167,1791355950.1635098,1791355950.1635332,front_rgbd_red_sphere,True,True,True,,25.352,25.352,1791355950.1591167,1791355950.1565392,1791355950.1384082,1791355950.1384082,1791355950.1384082,0.0,1791355949.142424,1791355950.1424286,1791355950.127357,1791355950.1424286,1791355950.127357,1791355950.1424286,1791355949.142424,1791355950.1424286,1791355949.142424,1791355950.1424286,1791355924.7864082,GAZEBO_CLOCK_SYSTEM_INTERPOLATION,MAPPED_EXACT,0,25.352,1791355950.1384082,0.0012900829315185547,0.0,RGB,0.0,0,1,0,UNCALIBRATED,PREPARATION,MID,STRAIGHT,1.0,358,1.0,8.316637992858887,0.5856285095214844,nan,nan,False,0.0,0.0,0.0,0.0,0,0,0,0,0,0.0,0.0,0.0,0.0,0.0,0.0,0.0,0.0,0.0,0.0,0.0,0.0,0.0,0.0,6.93079392823859,-2.5700787418865123,3.8112020116415026,0.0,0.0,0.0,0.0,0.0,0.0,0.0,0.0,0.0,0.0,0.0,False,DISABLED,0,nan,nan,nan,nan,nan,nan,nan,nan,nan,nan,nan,nan,nan,nan,nan,nan,nan,nan,nan,nan,nan,nan,nan,nan,nan,nan,nan,nan,nan,nan,nan,nan,nan,nan,8.068794562838463,2.6788490582613793,-0.0747380680679014,0.026623268026437923,0.026623268026437923,0.026623268026437923,8.090413540693907,2.6815443419711875,-0.06635216147532062,-0.021618977855444754,-0.002695283709808205,-0.008385906592580775,0.021786343378147884,0.02334455369395735,0.020708560943603516,False,DISABLED,none,MODEL_ORIGIN_FRAME_NOT_ESTABLISHED,nan,nan,nan,nan,nan,nan,nan,nan,nan,nan,nan,nan,nan,NOT_EVALUATED,nan,nan,nan,nan,DISABLED,nan,nan,nan,nan,nan,nan
1791355950.1864078,1791355950.209896,1791355950.2143,1791355950.2143319,front_rgbd_red_sphere,True,True,True,,25.4,25.4,1791355950.209896,1791355950.2077584,1791355950.1864078,1791355950.1864078,1791355950.1864078,0.0,1791355949.1984184,1791355950.19842,1791355950.183357,1791355950.19842,1791355950.187357,1791355950.2024128,1791355949.1984184,1791355950.19842,1791355949.1824381,1791355950.2024128,1791355924.7864077,GAZEBO_CLOCK_SYSTEM_INTERPOLATION,MAPPED_EXACT,0,25.4,1791355950.1864078,0.0037894248962402344,0.0,RGB,0.0,0,1,0,UNCALIBRATED,PREPARATION,MID,STRAIGHT,1.0,358,1.0,8.360300064086914,0.5930625200271606,nan,nan,False,0.0,0.0,0.0,0.0,0,0,0,0,0,0.0,0.0,0.0,0.0,0.0,0.0,0.0,0.0,0.0,0.0,0.0,0.0,0.0,0.0,6.932635739311759,-2.6847430674738426,3.824307708061606,0.0,0.0,0.0,0.0,0.0,0.0,0.0,0.0,0.0,0.0,0.0,False,DISABLED,0,nan,nan,nan,nan,nan,nan,nan,nan,nan,nan,nan,nan,nan,nan,nan,nan,nan,nan,nan,nan,nan,nan,nan,nan,nan,nan,nan,nan,nan,nan,nan,nan,nan,nan,8.074810986596496,2.792434391590974,-0.08552162585958262,0.026765941019633695,0.026765941019633695,0.026765941019633695,8.09818611071843,2.7936949590869182,-0.07628872897399888,-0.023375124121933766,-0.0012605674959442759,-0.009232896885583736,0.023409089220378505,0.025164098295537292,0.023488283157348633,False,DISABLED,none,MODEL_ORIGIN_FRAME_NOT_ESTABLISHED,nan,nan,nan,nan,nan,nan,nan,nan,nan,nan,nan,nan,nan,NOT_EVALUATED,nan,nan,nan,nan,DISABLED,nan,nan,nan,nan,nan,nan
1791355950.2384038,1791355950.2586694,1791355950.263567,1791355950.263594,front_rgbd_red_sphere,True,True,True,,25.452,25.452,1791355950.2586694,1791355950.2564156,1791355950.2384038,1791355950.2384038,1791355950.2384038,0.0,1791355949.2224274,1791355950.238404,1791355950.223357,1791355950.238404,1791355950.227357,1791355950.2424269,1791355949.2224274,1791355950.238404,1791355949.2224274,1791355950.2424269,1791355924.786404,GAZEBO_CLOCK_SYSTEM_INTERPOLATION,MAPPED_EXACT,0,25.452,1791355950.2384038,0.0008409023284912109,0.0,RGB,0.0,0,1,0,UNCALIBRATED,PREPARATION,MID,STRAIGHT,1.0,362,1.0,8.406466484069824,0.6006693243980408,nan,nan,False,0.0,0.0,0.0,0.0,0,0,0,0,0,0.0,0.0,0.0,0.0,0.0,0.0,0.0,0.0,0.0,0.0,0.0,0.0,0.0,0.0,6.934977251088313,-2.801882625389749,3.837214806676292,0.0,0.0,0.0,0.0,0.0,0.0,0.0,0.0,0.0,0.0,0.0,False,DISABLED,0,nan,nan,nan,nan,nan,nan,nan,nan,nan,nan,nan,nan,nan,nan,nan,nan,nan,nan,nan,nan,nan,nan,nan,nan,nan,nan,nan,nan,nan,nan,nan,nan,nan,nan,8.080857600323368,2.9083809565681724,-0.09581444426956426,0.02691721316502504,0.02691721316502504,0.02691721316502504,8.10714909324391,2.9176882289046784,-0.08657494677611458,-0.026291492920542225,-0.009307272336505967,-0.009239497493449683,0.027890283582939976,0.029380882087988343,0.020265579223632812,False,DISABLED,none,MODEL_ORIGIN_FRAME_NOT_ESTABLISHED,nan,nan,nan,nan,nan,nan,nan,nan,nan,nan,nan,nan,nan,NOT_EVALUATED,nan,nan,nan,nan,DISABLED,nan,nan,nan,nan,nan,nan
1791355950.2864125,1791355950.3182068,1791355950.324006,1791355950.3240602,front_rgbd_red_sphere,True,True,True,,25.5,25.5,1791355950.3182068,1791355950.3055167,1791355950.2864125,1791355950.2864125,1791355950.2864125,0.0,1791355949.302422,1791355950.3024268,1791355950.2873569,1791355950.3024268,1791355950.2873569,1791355950.3024268,1791355949.302422,1791355950.3024268,1791355949.302422,1791355950.3024268,1791355924.7864125,GAZEBO_CLOCK_SYSTEM_INTERPOLATION,MAPPED_EXACT,0,25.5,1791355950.2864125,0.0041446685791015625,0.0,RGB,0.0,0,1,0,UNCALIBRATED,PREPARATION,MID,STRAIGHT,1.0,360,1.0,8.455394744873047,0.6084285974502563,nan,nan,False,0.0,0.0,0.0,0.0,0,0,0,0,0,0.0,0.0,0.0,0.0,0.0,0.0,0.0,0.0,0.0,0.0,0.0,0.0,0.0,0.0,6.938050383033683,-2.921442555756658,3.8499776021239938,0.0,0.0,0.0,0.0,0.0,0.0,0.0,0.0,0.0,0.0,0.0,False,DISABLED,0,nan,nan,nan,nan,nan,nan,nan,nan,nan,nan,nan,nan,nan,nan,nan,nan,nan,nan,nan,nan,nan,nan,nan,nan,nan,nan,nan,nan,nan,nan,nan,nan,nan,nan,8.087091952882142,3.0269736600054094,-0.10586381510119475,0.02707800103114818,0.02707800103114818,0.02707800103114818,8.115972290142947,3.034544779034326,-0.0955428682476765,-0.028880337260805078,-0.007571119028916495,-0.010320946853518254,0.02985625099787091,0.03158983487771052,0.03179430961608887,False,DISABLED,none,MODEL_ORIGIN_FRAME_NOT_ESTABLISHED,nan,nan,nan,nan,nan,nan,nan,nan,nan,nan,nan,nan,nan,NOT_EVALUATED,nan,nan,nan,nan,DISABLED,nan,nan,nan,nan,nan,nan
1791355950.3384085,1791355950.3697085,1791355950.3760614,1791355950.376112,front_rgbd_red_sphere,True,True,True,,25.552,25.552,1791355950.3697085,1791355950.3571665,1791355950.3384085,1791355950.3384085,1791355950.3384085,0.0,1791355949.36242,1791355950.3584228,1791355950.3433568,1791355950.3584228,1791355950.347357,1791355950.3624406,1791355949.3584173,1791355950.3584228,1791355949.36242,1791355950.3624406,1791355924.7864084,GAZEBO_CLOCK_SYSTEM_INTERPOLATION,MAPPED_EXACT,0,25.552,1791355950.3384085,0.003613710403442383,0.0,RGB,0.0,0,1,0,UNCALIBRATED,PREPARATION,MID,STRAIGHT,1.0,363,1.0,8.507063865661621,0.6163235902786255,nan,nan,False,0.0,0.0,0.0,0.0,0,0,0,0,0,0.0,0.0,0.0,0.0,0.0,0.0,0.0,0.0,0.0,0.0,0.0,0.0,0.0,0.0,6.941841275142193,-3.0434083766914393,3.8624653704026657,0.0,0.0,0.0,0.0,0.0,0.0,0.0,0.0,0.0,0.0,0.0,False,DISABLED,0,nan,nan,nan,nan,nan,nan,nan,nan,nan,nan,nan,nan,nan,nan,nan,nan,nan,nan,nan,nan,nan,nan,nan,nan,nan,nan,nan,nan,nan,nan,nan,nan,nan,nan,8.093523698030525,3.148047491839458,-0.11522700264047198,0.027248315350603906,0.027248315350603906,0.027248315350603906,8.126119297593135,3.1635904849844505,-0.10465725818928563,-0.032595599562609934,-0.015542993144992412,-0.010569744451186344,0.03611173973587119,0.03762681549792225,0.03130006790161133,False,DISABLED,none,MODEL_ORIGIN_FRAME_NOT_ESTABLISHED,nan,nan,nan,nan,nan,nan,nan,nan,nan,nan,nan,nan,nan,NOT_EVALUATED,nan,nan,nan,nan,DISABLED,nan,nan,nan,nan,nan,nan
1791355950.3864202,1791355950.409451,1791355950.4135385,1791355950.4135711,front_rgbd_red_sphere,True,True,True,,25.6,25.6,1791355950.409451,1791355950.4070048,1791355950.3864202,1791355950.3864202,1791355950.3864202,0.0,1791355949.3824234,1791355950.3984156,1791355950.3833568,1791355950.3984156,1791355950.387357,1791355950.4024148,1791355949.3824234,1791355950.3984156,1791355949.3824234,1791355950.4024148,1791355924.7864203,GAZEBO_CLOCK_SYSTEM_INTERPOLATION,MAPPED_EXACT,0,25.6,1791355950.3864202,0.0032494068145751953,0.0,RGB,0.0,0,1,0,UNCALIBRATED,PREPARATION,MID,STRAIGHT,1.0,363,1.0,8.561844825744629,0.6243652105331421,nan,nan,False,0.0,0.0,0.0,0.0,0,0,0,0,0,0.0,0.0,0.0,0.0,0.0,0.0,0.0,0.0,0.0,0.0,0.0,0.0,0.0,0.0,6.946518809077829,-3.168149296798296,3.87477645786267,0.0,0.0,0.0,0.0,0.0,0.0,0.0,0.0,0.0,0.0,0.0,False,DISABLED,0,nan,nan,nan,nan,nan,nan,nan,nan,nan,nan,nan,nan,nan,nan,nan,nan,nan,nan,nan,nan,nan,nan,nan,nan,nan,nan,nan,nan,nan,nan,nan,nan,nan,nan,8.100567385666768,3.2720778046983963,-0.1242025976179379,0.0274294702697231,0.0274294702697231,0.0274294702697231,8.136093538912755,3.2852247172004776,-0.11244257324963289,-0.0355261532459874,-0.013146912502081332,-0.011760024368305005,0.03788071901105843,0.039664178372152005,0.023030757904052734,False,DISABLED,none,MODEL_ORIGIN_FRAME_NOT_ESTABLISHED,nan,nan,nan,nan,nan,nan,nan,nan,nan,nan,nan,nan,nan,NOT_EVALUATED,nan,nan,nan,nan,DISABLED,nan,nan,nan,nan,nan,nan
1791355950.4384046,1791355950.4586895,1791355950.463282,1791355950.4633071,front_rgbd_red_sphere,True,True,True,,25.652,25.652,1791355950.4586895,1791355950.4558337,1791355950.4384046,1791355950.4384046,1791355950.4384046,0.0,1791355949.4424255,1791355950.4384048,1791355950.423357,1791355950.4384048,1791355950.427357,1791355950.4424303,1791355949.4224188,1791355950.4384048,1791355949.4424255,1791355950.4424303,1791355924.7864046,GAZEBO_CLOCK_SYSTEM_INTERPOLATION,MAPPED_EXACT,0,25.652,1791355950.4384046,0.0007832050323486328,0.0,RGB,0.0,0,1,0,UNCALIBRATED,PREPARATION,MID,STRAIGHT,1.0,363,1.0,8.619388580322266,0.6325002312660217,nan,nan,False,0.0,0.0,0.0,0.0,0,0,0,0,0,0.0,0.0,0.0,0.0,0.0,0.0,0.0,0.0,0.0,0.0,0.0,0.0,0.0,0.0,6.9519846966554475,-3.294980103422014,3.886755339740843,0.0,0.0,0.0,0.0,0.0,0.0,0.0,0.0,0.0,0.0,0.0,False,DISABLED,0,nan,nan,nan,nan,nan,nan,nan,nan,nan,nan,nan,nan,nan,nan,nan,nan,nan,nan,nan,nan,nan,nan,nan,nan,nan,nan,nan,nan,nan,nan,nan,nan,nan,nan,8.108014033044991,3.3982650163469543,-0.13251781472694807,0.027620406266376903,0.027620406266376903,0.027620406266376903,8.147532080975028,3.4193553596481654,-0.12016562670119599,-0.039518047930036104,-0.021090343301211067,-0.012352188025752081,0.04479373497224327,0.04646563506277626,0.02028489112854004,False,DISABLED,none,MODEL_ORIGIN_FRAME_NOT_ESTABLISHED,nan,nan,nan,nan,nan,nan,nan,nan,nan,nan,nan,nan,nan,NOT_EVALUATED,nan,nan,nan,nan,DISABLED,nan,nan,nan,nan,nan,nan
1791355950.4864056,1791355950.505146,1791355950.5155354,1791355950.515561,front_rgbd_red_sphere,True,True,True,,25.7,25.7,1791355950.505146,1791355950.503713,1791355950.4864056,1791355950.4864056,1791355950.4864056,0.0,1791355949.5024126,1791355950.502419,1791355950.487357,1791355950.502419,1791355950.487357,1791355950.502419,1791355949.5024126,1791355950.502419,1791355949.5024126,1791355950.502419,1791355924.7864056,GAZEBO_CLOCK_SYSTEM_INTERPOLATION,MAPPED_EXACT,0,25.7,1791355950.4864056,0.0036084651947021484,0.0,RGB,0.0,0,1,0,UNCALIBRATED,PREPARATION,MID,STRAIGHT,1.0,367,1.0,8.680110931396484,0.6407520771026611,nan,nan,False,0.0,0.0,0.0,0.0,0,0,0,0,0,0.0,0.0,0.0,0.0,0.0,0.0,0.0,0.0,0.0,0.0,0.0,0.0,0.0,0.0,6.958379306970814,-3.4244926485059644,3.898477556477884,0.0,0.0,0.0,0.0,0.0,0.0,0.0,0.0,0.0,0.0,0.0,False,DISABLED,0,nan,nan,nan,nan,nan,nan,nan,nan,nan,nan,nan,nan,nan,nan,nan,nan,nan,nan,nan,nan,nan,nan,nan,nan,nan,nan,nan,nan,nan,nan,nan,nan,nan,nan,8.116106390696704,3.5273925047945944,-0.13975507187117803,0.027822608906995623,0.027822608906995623,0.027822608906995623,8.158750005483759,3.545666393557109,-0.12657027037326027,-0.04264361478705503,-0.018273888762514456,-0.013184801497917759,0.046394104071654306,0.04823123348154166,0.018740415573120117,False,DISABLED,none,MODEL_ORIGIN_FRAME_NOT_ESTABLISHED,nan,nan,nan,nan,nan,nan,nan,nan,nan,nan,nan,nan,nan,NOT_EVALUATED,nan,nan,nan,nan,DISABLED,nan,nan,nan,nan,nan,nan
1791355950.5384057,1791355950.5695934,1791355950.575436,1791355950.5755014,front_rgbd_red_sphere,True,True,True,,25.752,25.752,1791355950.5695934,1791355950.5575595,1791355950.5384057,1791355950.5384057,1791355950.5384057,0.0,1791355949.5584228,1791355950.5584266,1791355950.543357,1791355950.5584266,1791355950.5473568,1791355950.5624216,1791355949.5584228,1791355950.5584266,1791355949.5424244,1791355950.5624216,1791355924.7864056,GAZEBO_CLOCK_SYSTEM_INTERPOLATION,MAPPED_EXACT,0,25.752,1791355950.5384057,0.003337383270263672,0.0,RGB,0.0,0,1,0,UNCALIBRATED,PREPARATION,MID,STRAIGHT,1.0,365,1.0,8.743846893310547,0.6490854620933533,nan,nan,False,0.0,0.0,0.0,0.0,0,0,0,0,0,0.0,0.0,0.0,0.0,0.0,0.0,0.0,0.0,0.0,0.0,0.0,0.0,0.0,0.0,6.965671215010384,-3.55639105345223,3.9097776421692334,0.0,0.0,0.0,0.0,0.0,0.0,0.0,0.0,0.0,0.0,0.0,False,DISABLED,0,nan,nan,nan,nan,nan,nan,nan,nan,nan,nan,nan,nan,nan,nan,nan,nan,nan,nan,nan,nan,nan,nan,nan,nan,nan,nan,nan,nan,nan,nan,nan,nan,nan,nan,8.124479270546429,3.6593420129057286,-0.14620870756035947,0.02803564002043902,0.02803564002043902,0.02803564002043902,8.171596077152097,3.6849299901650614,-0.132715234228864,-0.047116806605668415,-0.025587977259332817,-0.013493473331495476,0.05361658367464391,0.055288442440422136,0.031187772750854492,False,DISABLED,none,MODEL_ORIGIN_FRAME_NOT_ESTABLISHED,nan,nan,nan,nan,nan,nan,nan,nan,nan,nan,nan,nan,nan,NOT_EVALUATED,nan,nan,nan,nan,DISABLED,nan,nan,nan,nan,nan,nan
1791355950.5864127,1791355950.6142342,1791355950.6195495,1791355950.6195872,front_rgbd_red_sphere,True,True,True,,25.8,25.8,1791355950.6142342,1791355950.6131983,1791355950.5864127,1791355950.5864127,1791355950.5864127,0.0,1791355949.582424,1791355950.5984187,1791355950.5833569,1791355950.5984187,1791355950.5873568,1791355950.6024125,1791355949.582424,1791355950.5984187,1791355949.582424,1791355950.6024125,1791355924.7864127,GAZEBO_CLOCK_SYSTEM_INTERPOLATION,MAPPED_EXACT,0,25.8,1791355950.5864127,0.004135847091674805,0.0,RGB,0.0,0,1,0,UNCALIBRATED,PREPARATION,MID,STRAIGHT,1.0,367,1.0,8.810983657836914,0.6574991345405579,nan,nan,False,0.0,0.0,0.0,0.0,0,0,0,0,0,0.0,0.0,0.0,0.0,0.0,0.0,0.0,0.0,0.0,0.0,0.0,0.0,0.0,0.0,6.97409667093977,-3.6908673631483726,3.9208294789875557,0.0,0.0,0.0,0.0,0.0,0.0,0.0,0.0,0.0,0.0,0.0,False,DISABLED,0,nan,nan,nan,nan,nan,nan,nan,nan,nan,nan,nan,nan,nan,nan,nan,nan,nan,nan,nan,nan,nan,nan,nan,nan,nan,nan,nan,nan,nan,nan,nan,nan,nan,nan,8.133841935221644,3.794070200119921,-0.1520436278375737,0.02826091659205371,0.02826091659205371,0.02826091659205371,8.184168646686388,3.8159759020624877,-0.13758591069999054,-0.05032671146474321,-0.02190570194256658,-0.014457717137583148,0.0548875000747172,0.056759697403020455,0.02782154083251953,False,DISABLED,none,MODEL_ORIGIN_FRAME_NOT_ESTABLISHED,nan,nan,nan,nan,nan,nan,nan,nan,nan,nan,nan,nan,nan,NOT_EVALUATED,nan,nan,nan,nan,DISABLED,nan,nan,nan,nan,nan,nan
1791355950.6384077,1791355950.6679585,1791355950.6740975,1791355950.6741471,front_rgbd_red_sphere,True,True,True,,25.852,25.852,1791355950.6679585,1791355950.6558554,1791355950.6384077,1791355950.6384077,1791355950.6384077,0.0,1791355949.6624253,1791355950.6624315,1791355950.647357,1791355950.6624315,1791355950.647357,1791355950.6624315,1791355949.6624253,1791355950.6624315,1791355949.6624253,1791355950.6624315,1791355924.7864077,GAZEBO_CLOCK_SYSTEM_INTERPOLATION,MAPPED_EXACT,0,25.852,1791355950.6384077,0.0023729801177978516,0.0,RGB,0.0,0,1,0,UNCALIBRATED,PREPARATION,MID,STRAIGHT,1.0,370,1.0,8.88128662109375,0.665956974029541,nan,nan,False,0.0,0.0,0.0,0.0,0,0,0,0,0,0.0,0.0,0.0,0.0,0.0,0.0,0.0,0.0,0.0,0.0,0.0,0.0,0.0,0.0,6.983585903813947,-3.8275731466727074,3.931471604882452,0.0,0.0,0.0,0.0,0.0,0.0,0.0,0.0,0.0,0.0,0.0,False,DISABLED,0,nan,nan,nan,nan,nan,nan,nan,nan,nan,nan,nan,nan,nan,nan,nan,nan,nan,nan,nan,nan,nan,nan,nan,nan,nan,nan,nan,nan,nan,nan,nan,nan,nan,nan,8.143921520392665,3.931156855008115,-0.15693104504369432,0.028497784787333544,0.028497784787333544,0.028497784787333544,8.198534435114018,3.9603073390381245,-0.14199891570705483,-0.054612914721353434,-0.029150484030009416,-0.014932129336639482,0.06190574426937824,0.0636811562400667,0.029550790786743164,False,DISABLED,none,MODEL_ORIGIN_FRAME_NOT_ESTABLISHED,nan,nan,nan,nan,nan,nan,nan,nan,nan,nan,nan,nan,nan,NOT_EVALUATED,nan,nan,nan,nan,DISABLED,nan,nan,nan,nan,nan,nan
1791355950.6864166,1791355950.7148163,1791355950.7199984,1791355950.7200239,front_rgbd_red_sphere,True,True,True,,25.9,25.9,1791355950.7057562,1791355950.7148163,1791355950.6864166,1791355950.6864166,1791355950.6864166,0.0,1791355949.6824274,1791355950.7024121,1791355950.687357,1791355950.7024121,1791355950.687357,1791355950.7024121,1791355949.67842,1791355950.7024121,1791355949.6824274,1791355950.7024121,1791355924.7864165,GAZEBO_CLOCK_SYSTEM_INTERPOLATION,MAPPED_EXACT,0,25.9,1791355950.6864166,0.0008823871612548828,0.0,RGB,0.0,0,1,0,UNCALIBRATED,PREPARATION,MID,STRAIGHT,1.0,371,1.0,8.954614639282227,0.6744830012321472,nan,nan,False,0.0,0.0,0.0,0.0,0,0,0,0,0,0.0,0.0,0.0,0.0,0.0,0.0,0.0,0.0,0.0,0.0,0.0,0.0,0.0,0.0,6.993821961101415,-3.9667922155802877,3.941591227730891,0.0,0.0,0.0,0.0,0.0,0.0,0.0,0.0,0.0,0.0,0.0,False,DISABLED,0,nan,nan,nan,nan,nan,nan,nan,nan,nan,nan,nan,nan,nan,nan,nan,nan,nan,nan,nan,nan,nan,nan,nan,nan,nan,nan,nan,nan,nan,nan,nan,nan,nan,nan,8.1545027394088,4.070963064946805,-0.16098710250783693,0.028745896546892816,0.028745896546892816,0.028745896546892816,8.21257726689979,4.096112774405583,-0.14521502262562141,-0.058074527490990846,-0.025149709458777814,-0.015772079882215517,0.06328632260735956,0.06522206017118577,0.02839970588684082,False,DISABLED,none,MODEL_ORIGIN_FRAME_NOT_ESTABLISHED,nan,nan,nan,nan,nan,nan,nan,nan,nan,nan,nan,nan,nan,NOT_EVALUATED,nan,nan,nan,nan,DISABLED,nan,nan,nan,nan,nan,nan
1791355950.7384074,1791355950.767588,1791355950.771552,1791355950.7715795,front_rgbd_red_sphere,True,True,True,,25.952,25.952,1791355950.767588,1791355950.7660916,1791355950.7384074,1791355950.7384074,1791355950.7384074,0.0,1791355949.7424629,1791355950.7584243,1791355950.743403,1791355950.7584243,1791355950.747403,1791355950.7624238,1791355949.7424629,1791355950.7584243,1791355949.7424629,1791355950.7624238,1791355924.7864075,GAZEBO_CLOCK_SYSTEM_INTERPOLATION,MAPPED_EXACT,0,25.952,1791355950.7384074,0.0018239021301269531,0.0,RGB,0.0,0,1,0,UNCALIBRATED,PREPARATION,MID,STRAIGHT,1.0,376,1.0,9.031229972839355,0.6830253601074219,nan,nan,False,0.0,0.0,0.0,0.0,0,0,0,0,0,0.0,0.0,0.0,0.0,0.0,0.0,0.0,0.0,0.0,0.0,0.0,0.0,0.0,0.0,7.00522563675067,-4.108163496745714,3.9513188700304145,0.0,0.0,0.0,0.0,0.0,0.0,0.0,0.0,0.0,0.0,0.0,False,DISABLED,0,nan,nan,nan,nan,nan,nan,nan,nan,nan,nan,nan,nan,nan,nan,nan,nan,nan,nan,nan,nan,nan,nan,nan,nan,nan,nan,nan,nan,nan,nan,nan,nan,nan,nan,8.165833333132122,4.213298759411594,-0.1642398743078271,0.029006279349788073,0.029006279349788073,0.029006279349788073,8.228588484236955,4.2455165730828845,-0.1477870921676185,-0.06275515110483276,-0.03221781367129051,-0.016452782140208594,0.07054216120837514,0.07243542329621297,0.029180526733398438,False,DISABLED,none,MODEL_ORIGIN_FRAME_NOT_ESTABLISHED,nan,nan,nan,nan,nan,nan,nan,nan,nan,nan,nan,nan,nan,NOT_EVALUATED,nan,nan,nan,nan,DISABLED,nan,nan,nan,nan,nan,nan
1791355950.7864122,1791355950.805757,1791355950.8124673,1791355950.8124964,front_rgbd_red_sphere,True,True,True,,26.0,26.0,1791355950.805757,1791355950.8044183,1791355950.7864122,1791355950.7864122,1791355950.7864122,0.0,1791355949.8024127,1791355950.798429,1791355950.783403,1791355950.798429,1791355950.7874029,1791355950.8024178,1791355949.7984216,1791355950.798429,1791355949.8024127,1791355950.8024178,1791355924.7864122,GAZEBO_CLOCK_SYSTEM_INTERPOLATION,MAPPED_EXACT,0,26.0,1791355950.7864122,0.001667022705078125,0.0,RGB,0.0,0,1,0,UNCALIBRATED,PREPARATION,MID,STRAIGHT,1.0,376,1.0,9.111756324768066,0.6916168928146362,nan,nan,False,0.0,0.0,0.0,0.0,0,0,0,0,0,0.0,0.0,0.0,0.0,0.0,0.0,0.0,0.0,0.0,0.0,0.0,0.0,0.0,0.0,7.0180183651383015,-4.25249584378936,3.960782130309161,0.0,0.0,0.0,0.0,0.0,0.0,0.0,0.0,0.0,0.0,0.0,False,DISABLED,0,nan,nan,nan,nan,nan,nan,nan,nan,nan,nan,nan,nan,nan,nan,nan,nan,nan,nan,nan,nan,nan,nan,nan,nan,nan,nan,nan,nan,nan,nan,nan,nan,nan,nan,8.178351512933425,4.358753802317103,-0.1666483655251529,0.02928121940704177,0.02928121940704177,0.02928121940704177,8.24418727346117,4.385768568987838,-0.14926322193332273,-0.06583576052774553,-0.027014766670735213,-0.01738514359183016,0.07116280617387796,0.0732556359623577,0.019344806671142578,False,DISABLED,none,MODEL_ORIGIN_FRAME_NOT_ESTABLISHED,nan,nan,nan,nan,nan,nan,nan,nan,nan,nan,nan,nan,nan,NOT_EVALUATED,nan,nan,nan,nan,DISABLED,nan,nan,nan,nan,nan,nan
1791355950.8384056,1791355950.8558123,1791355950.860992,1791355950.8610408,front_rgbd_red_sphere,True,True,True,,26.052,26.052,1791355950.8558123,1791355950.8542306,1791355950.8384056,1791355950.8384056,1791355950.8384056,0.0,1791355949.8424218,1791355950.8384056,1791355950.823403,1791355950.8384056,1791355950.8274028,1791355950.842426,1791355949.8224213,1791355950.8384056,1791355949.8424218,1791355950.842426,1791355924.7864056,GAZEBO_CLOCK_SYSTEM_INTERPOLATION,MAPPED_EXACT,0,26.052,1791355950.8384056,0.001657247543334961,0.0,RGB,0.0,0,1,0,UNCALIBRATED,PREPARATION,MID,STRAIGHT,1.0,380,1.0,9.195413589477539,0.7002168893814087,nan,nan,False,0.0,0.0,0.0,0.0,0,0,0,0,0,0.0,0.0,0.0,0.0,0.0,0.0,0.0,0.0,0.0,0.0,0.0,0.0,0.0,0.0,7.031755310387194,-4.399020582166017,3.9697185206775636,0.0,0.0,0.0,0.0,0.0,0.0,0.0,0.0,0.0,0.0,0.0,False,DISABLED,0,nan,nan,nan,nan,nan,nan,nan,nan,nan,nan,nan,nan,nan,nan,nan,nan,nan,nan,nan,nan,nan,nan,nan,nan,nan,nan,nan,nan,nan,nan,nan,nan,nan,nan,8.191376325963802,4.506580930736065,-0.16818408919613986,0.02956822464175577,0.02956822464175577,0.02956822464175577,8.261981452553277,4.540302183572963,-0.14993304093341442,-0.07060512658947538,-0.033721252836897975,-0.018251048262725444,0.07824453203646785,0.08034492862834702,0.017406702041625977,False,DISABLED,none,MODEL_ORIGIN_FRAME_NOT_ESTABLISHED,nan,nan,nan,nan,nan,nan,nan,nan,nan,nan,nan,nan,nan,NOT_EVALUATED,nan,nan,nan,nan,DISABLED,nan,nan,nan,nan,nan,nan
1791355950.886409,1791355950.9144382,1791355950.9181316,1791355950.9181573,front_rgbd_red_sphere,True,True,True,,26.1,26.1,1791355950.9144382,1791355950.9131477,1791355950.886409,1791355950.886409,1791355950.886409,0.0,1791355949.9024208,1791355950.902423,1791355950.887403,1791355950.902423,1791355950.887403,1791355950.902423,1791355949.9024208,1791355950.902423,1791355949.9024208,1791355950.902423,1791355924.7864091,GAZEBO_CLOCK_SYSTEM_INTERPOLATION,MAPPED_EXACT,0,26.1,1791355950.886409,0.0004780292510986328,0.0,RGB,0.0,0,1,0,UNCALIBRATED,PREPARATION,MID,STRAIGHT,1.0,378,1.0,9.282529830932617,0.7088098526000977,nan,nan,False,0.0,0.0,0.0,0.0,0,0,0,0,0,0.0,0.0,0.0,0.0,0.0,0.0,0.0,0.0,0.0,0.0,0.0,0.0,0.0,0.0,7.0467126761962415,-4.547847273103007,3.978225641552544,0.0,0.0,0.0,0.0,0.0,0.0,0.0,0.0,0.0,0.0,0.0,False,DISABLED,0,nan,nan,nan,nan,nan,nan,nan,nan,nan,nan,nan,nan,nan,nan,nan,nan,nan,nan,nan,nan,nan,nan,nan,nan,nan,nan,nan,nan,nan,nan,nan,nan,nan,nan,8.205308746424233,4.6568044680309475,-0.16878165834811848,0.029868582535436703,0.029868582535436703,0.029868582535436703,8.27928312583882,4.6852163057739205,-0.1496390920113293,-0.07397437941458662,-0.028411837742972956,-0.01914256633678918,0.079242926079911,0.08152226186548442,0.028029203414916992,False,DISABLED,none,MODEL_ORIGIN_FRAME_NOT_ESTABLISHED,nan,nan,nan,nan,nan,nan,nan,nan,nan,nan,nan,nan,nan,NOT_EVALUATED,nan,nan,nan,nan,DISABLED,nan,nan,nan,nan,nan,nan
1791355950.938419,1791355950.9681513,1791355950.9713836,1791355950.971405,front_rgbd_red_sphere,True,True,True,,26.152,26.152,1791355950.9681513,1791355950.9560158,1791355950.938419,1791355950.938419,1791355950.938419,0.0,1791355949.9624257,1791355950.9584198,1791355950.943403,1791355950.9584198,1791355950.947403,1791355950.9624262,1791355949.9424365,1791355950.9584198,1791355949.9624257,1791355950.9624262,1791355924.7864192,GAZEBO_CLOCK_SYSTEM_INTERPOLATION,MAPPED_EXACT,0,26.152,1791355950.938419,0.0019443035125732422,0.0,RGB,0.0,0,1,0,UNCALIBRATED,PREPARATION,MID,STRAIGHT,1.0,383,1.0,9.373397827148438,0.7173986434936523,nan,nan,False,0.0,0.0,0.0,0.0,0,0,0,0,0,0.0,0.0,0.0,0.0,0.0,0.0,0.0,0.0,0.0,0.0,0.0,0.0,0.0,0.0,7.063028919707208,-4.69921561276561,3.9864257433816483,0.0,0.0,0.0,0.0,0.0,0.0,0.0,0.0,0.0,0.0,0.0,False,DISABLED,0,nan,nan,nan,nan,nan,nan,nan,nan,nan,nan,nan,nan,nan,nan,nan,nan,nan,nan,nan,nan,nan,nan,nan,nan,nan,nan,nan,nan,nan,nan,nan,nan,nan,nan,8.22016884268235,4.8099484393162335,-0.16846046280687293,0.03018349674023274,0.03018349674023274,0.03018349674023274,8.29897819140026,4.844684127214315,-0.14838773606083022,-0.07880934871790934,-0.034735687898081125,-0.020072726746042713,0.08612480164908329,0.08843300186081686,0.029732227325439453,False,DISABLED,none,MODEL_ORIGIN_FRAME_NOT_ESTABLISHED,nan,nan,nan,nan,nan,nan,nan,nan,nan,nan,nan,nan,nan,NOT_EVALUATED,nan,nan,nan,nan,DISABLED,nan,nan,nan,nan,nan,nan
1791355950.9864144,1791355951.004755,1791355951.0137987,1791355951.0138478,front_rgbd_red_sphere,True,True,True,,26.2,26.2,1791355951.004755,1791355951.0034907,1791355950.9864144,1791355950.9864144,1791355950.9864144,0.0,1791355950.0024145,1791355950.998428,1791355950.983403,1791355950.998428,1791355950.987403,1791355951.0024188,1791355949.9984179,1791355950.998428,1791355950.0024145,1791355951.0024188,1791355924.7864144,GAZEBO_CLOCK_SYSTEM_INTERPOLATION,MAPPED_EXACT,0,26.2,1791355950.9864144,0.002139568328857422,0.0,RGB,0.0,0,1,0,UNCALIBRATED,PREPARATION,MID,STRAIGHT,1.0,382,1.0,9.467792510986328,0.7259677052497864,nan,nan,False,0.0,0.0,0.0,0.0,0,0,0,0,0,0.0,0.0,0.0,0.0,0.0,0.0,0.0,0.0,0.0,0.0,0.0,0.0,0.0,0.0,7.080558624136384,-4.8529181584076015,3.994242788175287,0.0,0.0,0.0,0.0,0.0,0.0,0.0,0.0,0.0,0.0,0.0,False,DISABLED,0,nan,nan,nan,nan,nan,nan,nan,nan,nan,nan,nan,nan,nan,nan,nan,nan,nan,nan,nan,nan,nan,nan,nan,nan,nan,nan,nan,nan,nan,nan,nan,nan,nan,nan,8.235967042937567,4.965461913746659,-0.16724832060466682,0.03051237853575917,0.03051237853575917,0.03051237853575917,8.318119770010622,4.994291972241553,-0.14632970876335175,-0.08215272707305488,-0.028830058494893507,-0.020918611841315077,0.08706459003727535,0.08954234283134674,0.018340587615966797,False,DISABLED,none,MODEL_ORIGIN_FRAME_NOT_ESTABLISHED,nan,nan,nan,nan,nan,nan,nan,nan,nan,nan,nan,nan,nan,NOT_EVALUATED,nan,nan,nan,nan,DISABLED,nan,nan,nan,nan,nan,nan
1791355951.038405,1791355951.0642703,1791355951.0682597,1791355951.0683005,front_rgbd_red_sphere,True,True,True,,26.252,26.252,1791355951.055852,1791355951.0642703,1791355951.038405,1791355951.038405,1791355951.038405,0.0,1791355950.02242,1791355951.038405,1791355951.023403,1791355951.038405,1791355951.0274029,1791355951.0424242,1791355950.02242,1791355951.038405,1791355950.02242,1791355951.0424242,1791355924.7864048,GAZEBO_CLOCK_SYSTEM_INTERPOLATION,MAPPED_EXACT,0,26.252,1791355951.038405,0.0021605491638183594,0.0,RGB,0.0,0,1,0,UNCALIBRATED,PREPARATION,MID,STRAIGHT,1.0,379,1.0,9.565802574157715,0.7345117330551147,nan,nan,False,0.0,0.0,0.0,0.0,0,0,0,0,0,0.0,0.0,0.0,0.0,0.0,0.0,0.0,0.0,0.0,0.0,0.0,0.0,0.0,0.0,7.0993378777609335,-5.0090119377875055,4.001721968374586,0.0,0.0,0.0,0.0,0.0,0.0,0.0,0.0,0.0,0.0,0.0,False,DISABLED,0,nan,nan,nan,nan,nan,nan,nan,nan,nan,nan,nan,nan,nan,nan,nan,nan,nan,nan,nan,nan,nan,nan,nan,nan,nan,nan,nan,nan,nan,nan,nan,nan,nan,nan,8.25281136202592,5.123344941421978,-0.16505130885437008,0.03085574177236558,0.03085574177236558,0.03085574177236558,8.339859370584774,5.158670841596366,-0.14318957842480617,-0.0870480085588543,-0.03532590017438775,-0.021861730429563908,0.0939429348976983,0.09645315067206515,0.02586531639099121,False,DISABLED,none,MODEL_ORIGIN_FRAME_NOT_ESTABLISHED,nan,nan,nan,nan,nan,nan,nan,nan,nan,nan,nan,nan,nan,NOT_EVALUATED,nan,nan,nan,nan,DISABLED,nan,nan,nan,nan,nan,nan
1791355951.0864084,1791355951.1043997,1791355951.1127937,1791355951.1128232,front_rgbd_red_sphere,True,True,True,,26.3,26.3,1791355951.1043997,1791355951.1032183,1791355951.0864084,1791355951.0864084,1791355951.0864084,0.0,1791355950.1024132,1791355951.1024215,1791355951.0874028,1791355951.1024215,1791355951.0874028,1791355951.1024215,1791355950.1024132,1791355951.1024215,1791355950.1024132,1791355951.1024215,1791355924.7864084,GAZEBO_CLOCK_SYSTEM_INTERPOLATION,MAPPED_EXACT,0,26.3,1791355951.0864084,0.0022401809692382812,0.0,RGB,0.0,0,1,0,UNCALIBRATED,PREPARATION,MID,STRAIGHT,1.0,381,1.0,9.667725563049316,0.7430203557014465,nan,nan,False,0.0,0.0,0.0,0.0,0,0,0,0,0,0.0,0.0,0.0,0.0,0.0,0.0,0.0,0.0,0.0,0.0,0.0,0.0,0.0,0.0,7.119590048308144,-5.167657875864419,4.008949104228127,0.0,0.0,0.0,0.0,0.0,0.0,0.0,0.0,0.0,0.0,0.0,False,DISABLED,0,nan,nan,nan,nan,nan,nan,nan,nan,nan,nan,nan,nan,nan,nan,nan,nan,nan,nan,nan,nan,nan,nan,nan,nan,nan,nan,nan,nan,nan,nan,nan,nan,nan,nan,8.271159542188968,5.283671869412939,-0.16174387805442786,0.03121485370533866,0.03121485370533866,0.03121485370533866,8.360969818309153,5.312877426795352,-0.1394180569693888,-0.08981027612018444,-0.02920555738241326,-0.022325821085039055,0.09443966475375273,0.09704273577101162,0.017991304397583008,False,DISABLED,none,MODEL_ORIGIN_FRAME_NOT_ESTABLISHED,nan,nan,nan,nan,nan,nan,nan,nan,nan,nan,nan,nan,nan,NOT_EVALUATED,nan,nan,nan,nan,DISABLED,nan,nan,nan,nan,nan,nan
1791355951.1384106,1791355951.1590726,1791355951.1633034,1791355951.1633275,front_rgbd_red_sphere,True,True,True,,26.352,26.352,1791355951.1590726,1791355951.156898,1791355951.1384106,1791355951.1384106,1791355951.1384106,0.0,1791355950.1224256,1791355951.1424217,1791355951.127403,1791355951.1424217,1791355951.127403,1791355951.1424217,1791355950.1184134,1791355951.1424217,1791355950.1224256,1791355951.1424217,1791355924.7864106,GAZEBO_CLOCK_SYSTEM_INTERPOLATION,MAPPED_EXACT,0,26.352,1791355951.1384106,0.0010671615600585938,0.0,RGB,0.0,0,1,0,UNCALIBRATED,PREPARATION,MID,STRAIGHT,1.0,381,1.0,9.773051261901855,0.7514647245407104,nan,nan,False,0.0,0.0,0.0,0.0,0,0,0,0,0,0.0,0.0,0.0,0.0,0.0,0.0,0.0,0.0,0.0,0.0,0.0,0.0,0.0,0.0,7.141067464288931,-5.328367804032617,4.015742037069475,0.0,0.0,0.0,0.0,0.0,0.0,0.0,0.0,0.0,0.0,0.0,False,DISABLED,0,nan,nan,nan,nan,nan,nan,nan,nan,nan,nan,nan,nan,nan,nan,nan,nan,nan,nan,nan,nan,nan,nan,nan,nan,nan,nan,nan,nan,nan,nan,nan,nan,nan,nan,8.29046391690759,5.446412124172044,-0.15754793447834908,0.03158813532042778,0.03158813532042778,0.03158813532042778,8.384923142266068,5.482263719792505,-0.13446425620304742,-0.09445922535847728,-0.035851595620461474,-0.023083678275301667,0.1010340643736393,0.10363753358013844,0.02066206932067871,False,DISABLED,none,MODEL_ORIGIN_FRAME_NOT_ESTABLISHED,nan,nan,nan,nan,nan,nan,nan,nan,nan,nan,nan,nan,nan,NOT_EVALUATED,nan,nan,nan,nan,DISABLED,nan,nan,nan,nan,nan,nan
1791355951.1864073,1791355951.2056787,1791355951.2139645,1791355951.2140126,front_rgbd_red_sphere,True,True,True,,26.4,26.4,1791355951.2056787,1791355951.2039702,1791355951.1864073,1791355951.1864073,1791355951.1864073,0.0,1791355950.2024128,1791355951.1984258,1791355951.183403,1791355951.1984258,1791355951.187403,1791355951.2024202,1791355950.19842,1791355951.1984258,1791355950.2024128,1791355951.2024202,1791355924.7864072,GAZEBO_CLOCK_SYSTEM_INTERPOLATION,MAPPED_EXACT,0,26.4,1791355951.1864073,0.002254486083984375,0.0,RGB,0.0,0,1,0,UNCALIBRATED,PREPARATION,MID,STRAIGHT,1.0,380,1.0,9.882359504699707,0.7598845958709717,nan,nan,False,0.0,0.0,0.0,0.0,0,0,0,0,0,0.0,0.0,0.0,0.0,0.0,0.0,0.0,0.0,0.0,0.0,0.0,0.0,0.0,0.0,7.163875583477341,-5.4918816795779595,4.022331332550289,0.0,0.0,0.0,0.0,0.0,0.0,0.0,0.0,0.0,0.0,0.0,False,DISABLED,0,nan,nan,nan,nan,nan,nan,nan,nan,nan,nan,nan,nan,nan,nan,nan,nan,nan,nan,nan,nan,nan,nan,nan,nan,nan,nan,nan,nan,nan,nan,nan,nan,nan,nan,8.311074105208839,5.611901379051171,-0.15258771230823936,0.03197787773417599,0.03197787773417599,0.03197787773417599,8.408145326955514,5.641019599621331,-0.12907182705491888,-0.09707122174667582,-0.029118220570159892,-0.02351588525332049,0.10134442688458399,0.10403696323813055,0.019271373748779297,False,DISABLED,none,MODEL_ORIGIN_FRAME_NOT_ESTABLISHED,nan,nan,nan,nan,nan,nan,nan,nan,nan,nan,nan,nan,nan,NOT_EVALUATED,nan,nan,nan,nan,DISABLED,nan,nan,nan,nan,nan,nan
1791355951.2384067,1791355951.259446,1791355951.2641072,1791355951.2641342,front_rgbd_red_sphere,True,True,True,,26.452,26.452,1791355951.259446,1791355951.2559323,1791355951.2384067,1791355951.2384067,1791355951.2384067,0.0,1791355950.238404,1791355951.238407,1791355951.223403,1791355951.238407,1791355951.227403,1791355951.2424257,1791355950.238404,1791355951.238407,1791355950.2224205,1791355951.2424257,1791355924.7864068,GAZEBO_CLOCK_SYSTEM_INTERPOLATION,MAPPED_EXACT,0,26.452,1791355951.2384067,0.0056002140045166016,0.0,RGB,0.0,0,1,0,UNCALIBRATED,PREPARATION,MID,STRAIGHT,1.0,386,1.0,9.995179176330566,0.7682138085365295,nan,nan,False,0.0,0.0,0.0,0.0,0,0,0,0,0,0.0,0.0,0.0,0.0,0.0,0.0,0.0,0.0,0.0,0.0,0.0,0.0,0.0,0.0,7.188062115994638,-5.657207230067124,4.028817110286437,0.0,0.0,0.0,0.0,0.0,0.0,0.0,0.0,0.0,0.0,0.0,False,DISABLED,0,nan,nan,nan,nan,nan,nan,nan,nan,nan,nan,nan,nan,nan,nan,nan,nan,nan,nan,nan,nan,nan,nan,nan,nan,nan,nan,nan,nan,nan,nan,nan,nan,nan,nan,8.332888598782773,5.779471121146247,-0.14660298361592755,0.03238264576881436,0.03238264576881436,0.03238264576881436,8.434457394816802,5.81526196660583,-0.12242953257838303,-0.10156879603402835,-0.035790845459582776,-0.02417345103754452,0.10769031965090359,0.11037010773564712,0.021039247512817383,False,DISABLED,none,MODEL_ORIGIN_FRAME_NOT_ESTABLISHED,nan,nan,nan,nan,nan,nan,nan,nan,nan,nan,nan,nan,nan,NOT_EVALUATED,nan,nan,nan,nan,DISABLED,nan,nan,nan,nan,nan,nan
1791355951.2864118,1791355951.3074784,1791355951.3148987,1791355951.314946,front_rgbd_red_sphere,True,True,True,,26.5,26.5,1791355951.3074784,1791355951.3055449,1791355951.2864118,1791355951.2864118,1791355951.2864118,0.0,1791355950.282425,1791355951.3024185,1791355951.2874029,1791355951.3024185,1791355951.2874029,1791355951.3024185,1791355950.278421,1791355951.3024185,1791355950.282425,1791355951.3024185,1791355924.7864118,GAZEBO_CLOCK_SYSTEM_INTERPOLATION,MAPPED_EXACT,0,26.5,1791355951.2864118,0.0026106834411621094,0.0,RGB,0.0,0,1,0,UNCALIBRATED,PREPARATION,FAR,STRAIGHT,1.0,383,1.0,10.112016677856445,0.7764937877655029,nan,nan,False,0.0,0.0,0.0,0.0,0,0,0,0,0,0.0,0.0,0.0,0.0,0.0,0.0,0.0,0.0,0.0,0.0,0.0,0.0,0.0,0.0,7.21365995632181,-5.825289680077753,4.035095289006724,0.0,0.0,0.0,0.0,0.0,0.0,0.0,0.0,0.0,0.0,0.0,False,DISABLED,0,nan,nan,nan,nan,nan,nan,nan,nan,nan,nan,nan,nan,nan,nan,nan,nan,nan,nan,nan,nan,nan,nan,nan,nan,nan,nan,nan,nan,nan,nan,nan,nan,nan,nan,8.355798482203173,5.949634403822669,-0.13955992016029245,0.03280451526532956,0.03280451526532956,0.03280451526532956,8.459940920050336,5.978503902971017,-0.11554975902879275,-0.10414243784716248,-0.0288694991483478,-0.024010161131499702,0.10806986324515523,0.11070493746616333,0.021066665649414062,False,DISABLED,none,MODEL_ORIGIN_FRAME_NOT_ESTABLISHED,nan,nan,nan,nan,nan,nan,nan,nan,nan,nan,nan,nan,nan,NOT_EVALUATED,nan,nan,nan,nan,DISABLED,nan,nan,nan,nan,nan,nan
1791355951.3384058,1791355951.3588412,1791355951.3647192,1791355951.364764,front_rgbd_red_sphere,True,True,True,,26.552,26.552,1791355951.3588412,1791355951.3566575,1791355951.3384058,1791355951.3384058,1791355951.3384058,0.0,1791355950.3424203,1791355951.3424242,1791355951.3274028,1791355951.3424242,1791355951.3274028,1791355951.3424242,1791355950.3424203,1791355951.3424242,1791355950.3424203,1791355951.3424242,1791355924.7864058,GAZEBO_CLOCK_SYSTEM_INTERPOLATION,MAPPED_EXACT,0,26.552,1791355951.3384058,0.0009768009185791016,0.0,RGB,0.0,0,1,0,UNCALIBRATED,PREPARATION,FAR,TURNING,1.0,382,1.0,10.232499122619629,0.7846859097480774,nan,nan,False,0.0,0.0,0.0,0.0,0,0,0,0,0,0.0,0.0,0.0,0.0,0.0,0.0,0.0,0.0,0.0,0.0,0.0,0.0,0.0,0.0,7.240621154345171,-5.995540287768978,4.041155822278664,0.0,0.0,0.0,0.0,0.0,0.0,0.0,0.0,0.0,0.0,0.0,False,DISABLED,0,nan,nan,nan,nan,nan,nan,nan,nan,nan,nan,nan,nan,nan,nan,nan,nan,nan,nan,nan,nan,nan,nan,nan,nan,nan,nan,nan,nan,nan,nan,nan,nan,nan,nan,8.379823645117234,6.1220088953696505,-0.13175693680316897,0.03324240244853557,0.03324240244853557,0.03324240244853557,8.488788914948179,6.157609726456237,-0.10738148411484831,-0.10896526983094468,-0.03560083108658674,-0.024375452688320656,0.11463354309880797,0.1171964670847497,0.020435333251953125,False,DISABLED,none,MODEL_ORIGIN_FRAME_NOT_ESTABLISHED,nan,nan,nan,nan,nan,nan,nan,nan,nan,nan,nan,nan,nan,NOT_EVALUATED,nan,nan,nan,nan,DISABLED,nan,nan,nan,nan,nan,nan
1791355951.3864148,1791355951.4091904,1791355951.413039,1791355951.4130719,front_rgbd_red_sphere,True,True,True,,26.6,26.6,1791355951.4091904,1791355951.4058142,1791355951.3864148,1791355951.3864148,1791355951.3864148,0.0,1791355950.4024148,1791355951.398437,1791355951.3834028,1791355951.398437,1791355951.387403,1791355951.4024205,1791355950.3984156,1791355951.398437,1791355950.4024148,1791355951.4024205,1791355924.7864149,GAZEBO_CLOCK_SYSTEM_INTERPOLATION,MAPPED_EXACT,0,26.6,1791355951.3864148,0.0030393600463867188,0.0,RGB,0.0,0,1,0,UNCALIBRATED,PREPARATION,FAR,TURNING,1.0,386,1.0,10.357152938842773,0.792815089225769,nan,nan,False,0.0,0.0,0.0,0.0,0,0,0,0,0,0.0,0.0,0.0,0.0,0.0,0.0,0.0,0.0,0.0,0.0,0.0,0.0,0.0,0.0,7.269093383131743,-6.16842115387394,4.04740432149225,0.0,0.0,0.0,0.0,0.0,0.0,0.0,0.0,0.0,0.0,0.0,False,DISABLED,0,nan,nan,nan,nan,nan,nan,nan,nan,nan,nan,nan,nan,nan,nan,nan,nan,nan,nan,nan,nan,nan,nan,nan,nan,nan,nan,nan,nan,nan,nan,nan,nan,nan,nan,8.405059543787589,6.297063361499226,-0.12348091668630218,0.03369850691375588,0.03369850691375588,0.03369850691375588,8.51670746136328,6.32537326137717,-0.09918105699898216,-0.11164791757569148,-0.028309899877943856,-0.024299859687320013,0.11518119607855964,0.11771657109732275,0.022775650024414062,False,DISABLED,none,MODEL_ORIGIN_FRAME_NOT_ESTABLISHED,nan,nan,nan,nan,nan,nan,nan,nan,nan,nan,nan,nan,nan,NOT_EVALUATED,nan,nan,nan,nan,DISABLED,nan,nan,nan,nan,nan,nan
1791355951.4384055,1791355951.467933,1791355951.4721715,1791355951.4722023,front_rgbd_red_sphere,True,True,True,,26.652,26.652,1791355951.4595237,1791355951.467933,1791355951.4384055,1791355951.4384055,1791355951.4384055,0.0,1791355950.4424303,1791355951.462423,1791355951.447403,1791355951.462423,1791355951.447403,1791355951.462423,1791355950.4384048,1791355951.462423,1791355950.4424303,1791355951.462423,1791355924.7864056,GAZEBO_CLOCK_SYSTEM_INTERPOLATION,MAPPED_EXACT,0,26.652,1791355951.4384055,0.0022230148315429688,0.0,RGB,0.0,0,1,0,UNCALIBRATED,PREPARATION,FAR,TURNING,1.0,387,1.0,10.485198974609375,0.8008260726928711,nan,nan,False,0.0,0.0,0.0,0.0,0,0,0,0,0,0.0,0.0,0.0,0.0,0.0,0.0,0.0,0.0,0.0,0.0,0.0,0.0,0.0,0.0,7.2988927190630495,-6.343067607519235,4.053524576697923,0.0,0.0,0.0,0.0,0.0,0.0,0.0,0.0,0.0,0.0,0.0,False,DISABLED,0,nan,nan,nan,nan,nan,nan,nan,nan,nan,nan,nan,nan,nan,nan,nan,nan,nan,nan,nan,nan,nan,nan,nan,nan,nan,nan,nan,nan,nan,nan,nan,nan,nan,nan,8.431398502184841,6.473879946340324,-0.11467279132008651,0.03417025909237189,0.03417025909237189,0.03417025909237189,8.548272740811317,6.509295012811042,-0.08968760795541378,-0.11687423862647606,-0.03541506647071824,-0.02498518336467273,0.12212212980309449,0.1246518109592082,0.02952742576599121,False,DISABLED,none,MODEL_ORIGIN_FRAME_NOT_ESTABLISHED,nan,nan,nan,nan,nan,nan,nan,nan,nan,nan,nan,nan,nan,NOT_EVALUATED,nan,nan,nan,nan,DISABLED,nan,nan,nan,nan,nan,nan
1791355951.4864209,1791355951.5152848,1791355951.518666,1791355951.5186903,front_rgbd_red_sphere,True,True,True,,26.7,26.7,1791355951.5152848,1791355951.5036707,1791355951.4864209,1791355951.4864209,1791355951.4864209,0.0,1791355950.4824195,1791355951.5024185,1791355951.487403,1791355951.5024185,1791355951.487403,1791355951.5024185,1791355950.4784245,1791355951.5024185,1791355950.4824195,1791355951.5024185,1791355924.7864208,GAZEBO_CLOCK_SYSTEM_INTERPOLATION,MAPPED_EXACT,0,26.7,1791355951.4864209,0.0011587142944335938,0.0,RGB,0.0,0,1,0,UNCALIBRATED,PREPARATION,FAR,TURNING,1.0,382,1.0,10.617368698120117,0.8090355396270752,nan,nan,False,0.0,0.0,0.0,0.0,0,0,0,0,0,0.0,0.0,0.0,0.0,0.0,0.0,0.0,0.0,0.0,0.0,0.0,0.0,0.0,0.0,7.328072324851737,-6.5203710151539305,4.063573424576944,0.0,0.0,0.0,0.0,0.0,0.0,0.0,0.0,0.0,0.0,0.0,False,DISABLED,0,nan,nan,nan,nan,nan,nan,nan,nan,nan,nan,nan,nan,nan,nan,nan,nan,nan,nan,nan,nan,nan,nan,nan,nan,nan,nan,nan,nan,nan,nan,nan,nan,nan,nan,8.459359495653338,6.653215843154415,-0.10488833981466023,0.0346606405105233,0.0346606405105233,0.0346606405105233,8.578796061891635,6.681508786919928,-0.08036880091829911,-0.11943656623829746,-0.02829294376551328,-0.024519538896361118,0.12274194076074288,0.12516705560731178,0.028863906860351562,False,DISABLED,none,MODEL_ORIGIN_FRAME_NOT_ESTABLISHED,nan,nan,nan,nan,nan,nan,nan,nan,nan,nan,nan,nan,nan,NOT_EVALUATED,nan,nan,nan,nan,DISABLED,nan,nan,nan,nan,nan,nan
1791355951.5384037,1791355951.5685666,1791355951.5736866,1791355951.5737188,front_rgbd_red_sphere,True,True,True,,26.752,26.752,1791355951.5685666,1791355951.5553133,1791355951.5384037,1791355951.5384037,1791355951.5384037,0.0,1791355950.5624216,1791355951.5584219,1791355951.543403,1791355951.5584219,1791355951.5474029,1791355951.5624247,1791355950.5424244,1791355951.5584219,1791355950.5624216,1791355951.5624247,1791355924.7864037,GAZEBO_CLOCK_SYSTEM_INTERPOLATION,MAPPED_EXACT,0,26.752,1791355951.5384037,0.002434968948364258,0.0,RGB,0.0,0,1,0,UNCALIBRATED,PREPARATION,FAR,TURNING,1.0,386,1.0,10.752656936645508,0.819247841835022,nan,nan,False,0.0,0.0,0.0,0.0,0,0,0,0,0,0.0,0.0,0.0,0.0,0.0,0.0,0.0,0.0,0.0,0.0,0.0,0.0,0.0,0.0,7.341601725744518,-6.699019979629123,4.104100277588335,0.0,0.0,0.0,0.0,0.0,0.0,0.0,0.0,0.0,0.0,0.0,False,DISABLED,0,nan,nan,nan,nan,nan,nan,nan,nan,nan,nan,nan,nan,nan,nan,nan,nan,nan,nan,nan,nan,nan,nan,nan,nan,nan,nan,nan,nan,nan,nan,nan,nan,nan,nan,8.489542985568713,6.834768158956763,-0.09679939352349637,0.035166212906554424,0.035166212906554424,0.035166212906554424,8.613270885821485,6.8701925749851736,-0.069784018149231,-0.12372790025277247,-0.03542441602841073,-0.027015375374265363,0.12869919406085625,0.13150404198550858,0.030162811279296875,False,DISABLED,none,MODEL_ORIGIN_FRAME_NOT_ESTABLISHED,nan,nan,nan,nan,nan,nan,nan,nan,nan,nan,nan,nan,nan,NOT_EVALUATED,nan,nan,nan,nan,DISABLED,nan,nan,nan,nan,nan,nan
1791355951.5864286,1791355951.6156442,1791355951.6190689,1791355951.6190913,front_rgbd_red_sphere,True,True,True,,26.8,26.8,1791355951.6156442,1791355951.6035728,1791355951.5864286,1791355951.5864286,1791355951.5864286,0.0,1791355950.6024125,1791355951.5984347,1791355951.5834029,1791355951.5984347,1791355951.5874028,1791355951.6024206,1791355950.5984187,1791355951.5984347,1791355950.6024125,1791355951.6024206,1791355924.7864287,GAZEBO_CLOCK_SYSTEM_INTERPOLATION,MAPPED_EXACT,0,26.8,1791355951.5864286,0.0014913082122802734,0.0,RGB,0.0,0,1,0,UNCALIBRATED,PREPARATION,FAR,TURNING,1.0,386,1.0,10.892081260681152,0.829343318939209,nan,nan,False,0.0,0.0,0.0,0.0,0,0,0,0,0,0.0,0.0,0.0,0.0,0.0,0.0,0.0,0.0,0.0,0.0,0.0,0.0,0.0,0.0,7.356078103127708,-6.88048251070137,4.145420807685291,0.0,0.0,0.0,0.0,0.0,0.0,0.0,0.0,0.0,0.0,0.0,False,DISABLED,0,nan,nan,nan,nan,nan,nan,nan,nan,nan,nan,nan,nan,nan,nan,nan,nan,nan,nan,nan,nan,nan,nan,nan,nan,nan,nan,nan,nan,nan,nan,nan,nan,nan,nan,8.52149688430393,7.01880512667378,-0.08630015408872577,0.035691074151124595,0.035691074151124595,0.035691074151124595,8.64659659683514,7.046877381085904,-0.05957181133302303,-0.12509971253120966,-0.028072254412123243,-0.02672834275570274,0.12821072319884272,0.13096714797855452,0.029215574264526367,False,DISABLED,none,MODEL_ORIGIN_FRAME_NOT_ESTABLISHED,nan,nan,nan,nan,nan,nan,nan,nan,nan,nan,nan,nan,nan,NOT_EVALUATED,nan,nan,nan,nan,DISABLED,nan,nan,nan,nan,nan,nan
1791355951.6384096,1791355951.6661263,1791355951.6697543,1791355951.6697767,front_rgbd_red_sphere,True,True,True,,26.852,26.852,1791355951.6661263,1791355951.6648831,1791355951.6384096,1791355951.6384096,1791355951.6384096,0.0,1791355950.6424243,1791355951.6384096,1791355951.6234028,1791355951.6384096,1791355951.627403,1791355951.6424398,1791355950.6384077,1791355951.6384096,1791355950.6424243,1791355951.6424398,1791355924.7864096,GAZEBO_CLOCK_SYSTEM_INTERPOLATION,MAPPED_EXACT,0,26.852,1791355951.6384096,0.004050016403198242,0.0,RGB,0.0,0,1,0,UNCALIBRATED,PREPARATION,FAR,TURNING,1.0,393,1.0,11.034499168395996,0.8387597799301147,nan,nan,False,0.0,0.0,0.0,0.0,0,0,0,0,0,0.0,0.0,0.0,0.0,0.0,0.0,0.0,0.0,0.0,0.0,0.0,0.0,0.0,0.0,7.375302662327124,-7.063568538787499,4.179841618525019,0.0,0.0,0.0,0.0,0.0,0.0,0.0,0.0,0.0,0.0,0.0,False,DISABLED,0,nan,nan,nan,nan,nan,nan,nan,nan,nan,nan,nan,nan,nan,nan,nan,nan,nan,nan,nan,nan,nan,nan,nan,nan,nan,nan,nan,nan,nan,nan,nan,nan,nan,nan,8.554513832298765,7.204248456006304,-0.07504704636364584,0.036231214810660696,0.036231214810660696,0.036231214810660696,8.684188079194614,7.240269929326872,-0.048155614825697766,-0.12967424689584917,-0.036021473320568376,-0.026891431537948075,0.13458438560319716,0.13724469366190525,0.027716636657714844,False,DISABLED,none,MODEL_ORIGIN_FRAME_NOT_ESTABLISHED,nan,nan,nan,nan,nan,nan,nan,nan,nan,nan,nan,nan,nan,NOT_EVALUATED,nan,nan,nan,nan,DISABLED,nan,nan,nan,nan,nan,nan
1791355951.686432,1791355951.713128,1791355951.7169,1791355951.7169273,front_rgbd_red_sphere,True,True,True,,26.9,26.9,1791355951.7039814,1791355951.713128,1791355951.686432,1791355951.686432,1791355951.686432,0.0,1791355950.7024121,1791355951.7024202,1791355951.687403,1791355951.7024202,1791355951.687403,1791355951.7024202,1791355950.7024121,1791355951.7024202,1791355950.7024121,1791355951.7024202,1791355924.7864318,GAZEBO_CLOCK_SYSTEM_INTERPOLATION,MAPPED_EXACT,0,26.9,1791355951.686432,0.0030248165130615234,0.0,RGB,0.0,0,1,0,UNCALIBRATED,PREPARATION,FAR,TURNING,1.0,393,1.0,11.181452751159668,0.846946120262146,nan,nan,False,0.0,0.0,0.0,0.0,0,0,0,0,0,0.0,0.0,0.0,0.0,0.0,0.0,0.0,0.0,0.0,0.0,0.0,0.0,0.0,0.0,7.405190065889418,-7.249859364525229,4.1985229266458735,0.0,0.0,0.0,0.0,0.0,0.0,0.0,0.0,0.0,0.0,0.0,False,DISABLED,0,nan,nan,nan,nan,nan,nan,nan,nan,nan,nan,nan,nan,nan,nan,nan,nan,nan,nan,nan,nan,nan,nan,nan,nan,nan,nan,nan,nan,nan,nan,nan,nan,nan,nan,8.58870898787653,7.392534677300083,-0.06359053656519736,0.03679281465534998,0.03679281465534998,0.03679281465534998,8.720462291093156,7.421098457199417,-0.03731682722807472,-0.1317533032166267,-0.028563779899333674,-0.02627370933712264,0.13481402905717918,0.1373503921835011,0.026696205139160156,False,DISABLED,none,MODEL_ORIGIN_FRAME_NOT_ESTABLISHED,nan,nan,nan,nan,nan,nan,nan,nan,nan,nan,nan,nan,nan,NOT_EVALUATED,nan,nan,nan,nan,DISABLED,nan,nan,nan,nan,nan,nan
1791355951.7384124,1791355951.7568045,1791355951.7608647,1791355951.760897,front_rgbd_red_sphere,True,True,True,,26.952,26.952,1791355951.7568045,1791355951.7552392,1791355951.7384124,1791355951.7384124,1791355951.7384124,0.0,1791355950.742422,1791355951.742438,1791355951.727449,1791355951.742438,1791355951.727449,1791355951.742438,1791355950.742422,1791355951.742438,1791355950.742422,1791355951.742438,1791355924.7864125,GAZEBO_CLOCK_SYSTEM_INTERPOLATION,MAPPED_EXACT,0,26.952,1791355951.7384124,0.0026540756225585938,0.0,RGB,0.0,0,1,0,UNCALIBRATED,PREPARATION,FAR,TURNING,1.0,387,1.0,11.33189582824707,0.8539986610412598,nan,nan,False,0.0,0.0,0.0,0.0,0,0,0,0,0,0.0,0.0,0.0,0.0,0.0,0.0,0.0,0.0,0.0,0.0,0.0,0.0,0.0,0.0,7.444758326013497,-7.438339817678092,4.202206004501791,0.0,0.0,0.0,0.0,0.0,0.0,0.0,0.0,0.0,0.0,0.0,False,DISABLED,0,nan,nan,nan,nan,nan,nan,nan,nan,nan,nan,nan,nan,nan,nan,nan,nan,nan,nan,nan,nan,nan,nan,nan,nan,nan,nan,nan,nan,nan,nan,nan,nan,nan,nan,8.624057985034293,7.582671551121391,-0.051870707418263495,0.03737221929330117,0.03737221929330117,0.03737221929330117,8.761371806636017,7.619054457766319,-0.025355363983048912,-0.13731382160172423,-0.0363829066449286,-0.026515343435214583,0.14205210839267307,0.1445055879068042,0.018392086029052734,False,DISABLED,none,MODEL_ORIGIN_FRAME_NOT_ESTABLISHED,nan,nan,nan,nan,nan,nan,nan,nan,nan,nan,nan,nan,nan,NOT_EVALUATED,nan,nan,nan,nan,DISABLED,nan,nan,nan,nan,nan,nan
1791355951.7864041,1791355951.8055236,1791355951.8118014,1791355951.811828,front_rgbd_red_sphere,True,True,True,,27.0,27.0,1791355951.8055236,1791355951.8035135,1791355951.7864041,1791355951.7864041,1791355951.7864041,0.0,1791355950.8024178,1791355951.7984273,1791355951.783449,1791355951.7984273,1791355951.787449,1791355951.8024204,1791355950.7824242,1791355951.7984273,1791355950.8024178,1791355951.8024204,1791355924.7864041,GAZEBO_CLOCK_SYSTEM_INTERPOLATION,MAPPED_EXACT,0,27.0,1791355951.7864041,0.0017354488372802734,0.0,RGB,0.0,0,1,0,UNCALIBRATED,PREPARATION,FAR,TURNING,1.0,391,1.0,11.486175537109375,0.860144853591919,nan,nan,False,0.0,0.0,0.0,0.0,0,0,0,0,0,0.0,0.0,0.0,0.0,0.0,0.0,0.0,0.0,0.0,0.0,0.0,0.0,0.0,0.0,7.492750226226177,-7.629170096342513,4.193648294264783,0.0,0.0,0.0,0.0,0.0,0.0,0.0,0.0,0.0,0.0,0.0,False,DISABLED,0,nan,nan,nan,nan,nan,nan,nan,nan,nan,nan,nan,nan,nan,nan,nan,nan,nan,nan,nan,nan,nan,nan,nan,nan,nan,nan,nan,nan,nan,nan,nan,nan,nan,nan,8.6605489194798,7.774921255117267,-0.03993024894117009,0.03797110368225443,0.03797110368225443,0.03797110368225443,8.800822740977848,7.804082491557754,-0.014150114082664677,-0.1402738214980488,-0.02916123644048696,-0.02578013485850541,0.143272895930823,0.1455738234083558,0.0191195011138916,False,DISABLED,none,MODEL_ORIGIN_FRAME_NOT_ESTABLISHED,nan,nan,nan,nan,nan,nan,nan,nan,nan,nan,nan,nan,nan,NOT_EVALUATED,nan,nan,nan,nan,DISABLED,nan,nan,nan,nan,nan,nan
1791355951.8384109,1791355951.857617,1791355951.861725,1791355951.8617551,front_rgbd_red_sphere,True,True,True,,27.052,27.052,1791355951.857617,1791355951.8561218,1791355951.8384109,1791355951.8384109,1791355951.8384109,0.0,1791355950.842426,1791355951.8384109,1791355951.823449,1791355951.8384109,1791355951.8274488,1791355951.8424292,1791355950.8384056,1791355951.8384109,1791355950.842426,1791355951.8424292,1791355924.7864108,GAZEBO_CLOCK_SYSTEM_INTERPOLATION,MAPPED_EXACT,0,27.052,1791355951.8384109,0.0035424232482910156,0.0,RGB,0.0,0,1,0,UNCALIBRATED,PREPARATION,FAR,TURNING,1.0,383,1.0,11.64400577545166,0.8654789924621582,nan,nan,False,0.0,0.0,0.0,0.0,0,0,0,0,0,0.0,0.0,0.0,0.0,0.0,0.0,0.0,0.0,0.0,0.0,0.0,0.0,0.0,0.0,7.548523193842853,-7.822190590351653,4.173247761637877,0.0,0.0,0.0,0.0,0.0,0.0,0.0,0.0,0.0,0.0,0.0,False,DISABLED,0,nan,nan,nan,nan,nan,nan,nan,nan,nan,nan,nan,nan,nan,nan,nan,nan,nan,nan,nan,nan,nan,nan,nan,nan,nan,nan,nan,nan,nan,nan,nan,nan,nan,nan,8.698819432201185,7.968852551816672,-0.027886414432800377,0.03858869534939894,0.03858869534939894,0.03858869534939894,8.845328431902306,8.006738285601415,-0.00192485059009132,-0.14650899970112086,-0.03788573378474247,-0.025961563842709055,0.151328172584722,0.15353898076706926,0.01920604705810547,False,DISABLED,none,MODEL_ORIGIN_FRAME_NOT_ESTABLISHED,nan,nan,nan,nan,nan,nan,nan,nan,nan,nan,nan,nan,nan,NOT_EVALUATED,nan,nan,nan,nan,DISABLED,nan,nan,nan,nan,nan,nan
1791355951.8864105,1791355951.9038942,1791355951.9131217,1791355951.913156,front_rgbd_red_sphere,True,True,True,,27.1,27.1,1791355951.9038942,1791355951.9024854,1791355951.8864105,1791355951.8864105,1791355951.8864105,0.0,1791355950.902423,1791355951.902424,1791355951.887449,1791355951.902424,1791355951.887449,1791355951.902424,1791355950.902423,1791355951.902424,1791355950.902423,1791355951.902424,1791355924.7864106,GAZEBO_CLOCK_SYSTEM_INTERPOLATION,MAPPED_EXACT,0,27.1,1791355951.8864105,0.0022499561309814453,0.0,RGB,0.0,0,1,0,UNCALIBRATED,PREPARATION,FAR,TURNING,1.0,381,1.0,11.805834770202637,0.8705048561096191,nan,nan,False,0.0,0.0,0.0,0.0,0,0,0,0,0,0.0,0.0,0.0,0.0,0.0,0.0,0.0,0.0,0.0,0.0,0.0,0.0,0.0,0.0,7.608159337695366,-8.017676168918701,4.148556985063597,0.0,0.0,0.0,0.0,0.0,0.0,0.0,0.0,0.0,0.0,0.0,False,DISABLED,0,nan,nan,nan,nan,nan,nan,nan,nan,nan,nan,nan,nan,nan,nan,nan,nan,nan,nan,nan,nan,nan,nan,nan,nan,nan,nan,nan,nan,nan,nan,nan,nan,nan,nan,8.73894188739832,8.16456967173732,-0.015901445289452143,0.03922711078792504,0.03922711078792504,0.03922711078792504,8.887748271022891,8.194026264434605,0.009376330750675272,-0.14880638362457077,-0.029456592697284734,-0.025277776040127417,0.1516938715332846,0.153785554010419,0.01748371124267578,False,DISABLED,none,MODEL_ORIGIN_FRAME_NOT_ESTABLISHED,nan,nan,nan,nan,nan,nan,nan,nan,nan,nan,nan,nan,nan,NOT_EVALUATED,nan,nan,nan,nan,DISABLED,nan,nan,nan,nan,nan,nan
1791355951.938403,1791355951.9558024,1791355951.9607549,1791355951.9608033,front_rgbd_red_sphere,True,True,True,,27.152,27.152,1791355951.9558024,1791355951.9540935,1791355951.938403,1791355951.938403,1791355951.938403,0.0,1791355950.9424255,1791355951.9424257,1791355951.927449,1791355951.9424257,1791355951.927449,1791355951.9424257,1791355950.9424255,1791355951.9424257,1791355950.9424255,1791355951.9424257,1791355924.786403,GAZEBO_CLOCK_SYSTEM_INTERPOLATION,MAPPED_EXACT,0,27.152,1791355951.938403,0.0016510486602783203,0.0,RGB,0.0,0,1,0,UNCALIBRATED,PREPARATION,FAR,TURNING,1.0,372,1.0,11.969181060791016,0.874959409236908,nan,nan,False,0.0,0.0,0.0,0.0,0,0,0,0,0,0.0,0.0,0.0,0.0,0.0,0.0,0.0,0.0,0.0,0.0,0.0,0.0,0.0,0.0,7.67258015168608,-8.212814151482226,4.116124811077254,0.0,0.0,0.0,0.0,0.0,0.0,0.0,0.0,0.0,0.0,0.0,False,DISABLED,0,nan,nan,nan,nan,nan,nan,nan,nan,nan,nan,nan,nan,nan,nan,nan,nan,nan,nan,nan,nan,nan,nan,nan,nan,nan,nan,nan,nan,nan,nan,nan,nan,nan,nan,8.780521580206168,8.359435275653126,-0.00412437467024207,0.039876817666463296,0.039876817666463296,0.039876817666463296,8.934962943740391,8.396534742798158,0.021552399227542533,-0.15444136353422344,-0.03709946714503154,-0.025676773897784604,0.15883483633244766,0.16089686743548923,0.01739954948425293,False,DISABLED,none,MODEL_ORIGIN_FRAME_NOT_ESTABLISHED,nan,nan,nan,nan,nan,nan,nan,nan,nan,nan,nan,nan,nan,NOT_EVALUATED,nan,nan,nan,nan,DISABLED,nan,nan,nan,nan,nan,nan
1791355951.986407,1791355952.0148988,1791355952.0189557,1791355952.0189755,front_rgbd_red_sphere,True,True,True,,27.2,27.2,1791355952.0148988,1791355952.0135205,1791355951.986407,1791355951.986407,1791355951.986407,0.0,1791355950.998428,1791355951.9984288,1791355951.983449,1791355951.9984288,1791355951.987449,1791355952.0024118,1791355950.998428,1791355951.9984288,1791355950.9824228,1791355952.0024118,1791355924.786407,GAZEBO_CLOCK_SYSTEM_INTERPOLATION,MAPPED_EXACT,0,27.2,1791355951.986407,0.0009307861328125,0.0,RGB,0.0,0,1,0,UNCALIBRATED,PREPARATION,FAR,TURNING,1.0,378,1.0,12.134635925292969,0.8793753385543823,nan,nan,False,0.0,0.0,0.0,0.0,0,0,0,0,0,0.0,0.0,0.0,0.0,0.0,0.0,0.0,0.0,0.0,0.0,0.0,0.0,0.0,0.0,7.7374378939314,-8.408213751762208,4.084529059786528,0.0,0.0,0.0,0.0,0.0,0.0,0.0,0.0,0.0,0.0,0.0,False,DISABLED,0,nan,nan,nan,nan,nan,nan,nan,nan,nan,nan,nan,nan,nan,nan,nan,nan,nan,nan,nan,nan,nan,nan,nan,nan,nan,nan,nan,nan,nan,nan,nan,nan,nan,nan,8.823317764976183,8.554220866493312,0.007584119739904083,0.040540355099902406,0.040540355099902406,0.040540355099902406,8.979831158869557,8.583276744626565,0.032669528113407495,-0.15651339389337338,-0.029055878133252833,-0.025085408373503412,0.15918758281385106,0.1611519910996514,0.028491735458374023,False,DISABLED,none,MODEL_ORIGIN_FRAME_NOT_ESTABLISHED,nan,nan,nan,nan,nan,nan,nan,nan,nan,nan,nan,nan,nan,NOT_EVALUATED,nan,nan,nan,nan,DISABLED,nan,nan,nan,nan,nan,nan
1791355952.0384088,1791355952.0658348,1791355952.0697334,1791355952.0697563,front_rgbd_red_sphere,True,True,True,,27.252,27.252,1791355952.0568123,1791355952.0658348,1791355952.0384088,1791355952.0384088,1791355952.0384088,0.0,1791355951.0424242,1791355952.0384088,1791355952.023449,1791355952.0384088,1791355952.027449,1791355952.0424318,1791355951.038405,1791355952.0384088,1791355951.0424242,1791355952.0424318,1791355924.7864087,GAZEBO_CLOCK_SYSTEM_INTERPOLATION,MAPPED_EXACT,0,27.252,1791355952.0384088,0.0037851333618164062,0.0,RGB,0.0,0,1,0,UNCALIBRATED,PREPARATION,FAR,TURNING,1.0,366,1.0,12.301214218139648,0.8834198713302612,nan,nan,False,0.0,0.0,0.0,0.0,0,0,0,0,0,0.0,0.0,0.0,0.0,0.0,0.0,0.0,0.0,0.0,0.0,0.0,0.0,0.0,0.0,7.805263001155283,-8.602887990742357,4.048216394344447,0.0,0.0,0.0,0.0,0.0,0.0,0.0,0.0,0.0,0.0,0.0,False,DISABLED,0,nan,nan,nan,nan,nan,nan,nan,nan,nan,nan,nan,nan,nan,nan,nan,nan,nan,nan,nan,nan,nan,nan,nan,nan,nan,nan,nan,nan,nan,nan,nan,nan,nan,nan,8.867483047872533,8.747799528821954,0.018622576300513782,0.04121392938347922,0.04121392938347922,0.04121392938347922,9.029719505008005,8.785137674156658,0.04449966882796562,-0.16223645713547263,-0.037338145334704365,-0.025877092527451837,0.16647764150451422,0.1684767908009286,0.02742600440979004,False,DISABLED,none,MODEL_ORIGIN_FRAME_NOT_ESTABLISHED,nan,nan,nan,nan,nan,nan,nan,nan,nan,nan,nan,nan,nan,NOT_EVALUATED,nan,nan,nan,nan,DISABLED,nan,nan,nan,nan,nan,nan
1791355952.0864046,1791355952.105929,1791355952.1142676,1791355952.114317,front_rgbd_red_sphere,True,True,True,,27.3,27.3,1791355952.105929,1791355952.1036205,1791355952.0864046,1791355952.0864046,1791355952.0864046,0.0,1791355951.0824397,1791355952.102411,1791355952.0874488,1791355952.102411,1791355952.0874488,1791355952.102411,1791355951.0784178,1791355952.102411,1791355951.0824397,1791355952.102411,1791355924.7864046,GAZEBO_CLOCK_SYSTEM_INTERPOLATION,MAPPED_EXACT,0,27.3,1791355952.0864046,0.0022857189178466797,0.0,RGB,0.0,0,1,0,UNCALIBRATED,PREPARATION,FAR,TURNING,1.0,365,1.0,12.470022201538086,0.8875541090965271,nan,nan,False,0.0,0.0,0.0,0.0,0,0,0,0,0,0.0,0.0,0.0,0.0,0.0,0.0,0.0,0.0,0.0,0.0,0.0,0.0,0.0,0.0,7.872459157188839,-8.797713928673511,4.015727938563385,0.0,0.0,0.0,0.0,0.0,0.0,0.0,0.0,0.0,0.0,0.0,False,DISABLED,0,nan,nan,nan,nan,nan,nan,nan,nan,nan,nan,nan,nan,nan,nan,nan,nan,nan,nan,nan,nan,nan,nan,nan,nan,nan,nan,nan,nan,nan,nan,nan,nan,nan,nan,8.913695005819188,8.940760409703518,0.029251452763958463,0.041902181011679765,0.041902181011679765,0.041902181011679765,9.077081333123864,8.971228104245164,0.05515604898600014,-0.16338632730467673,-0.03046769454164533,-0.02590459622204168,0.16620280491253436,0.1682094541523186,0.019524335861206055,False,DISABLED,none,MODEL_ORIGIN_FRAME_NOT_ESTABLISHED,nan,nan,nan,nan,nan,nan,nan,nan,nan,nan,nan,nan,nan,NOT_EVALUATED,nan,nan,nan,nan,DISABLED,nan,nan,nan,nan,nan,nan
1791355952.1384141,1791355952.160084,1791355952.1643379,1791355952.1643932,front_rgbd_red_sphere,True,True,True,,27.352,27.352,1791355952.160084,1791355952.157445,1791355952.1384141,1791355952.1384141,1791355952.1384141,0.0,1791355951.1424217,1791355952.1424265,1791355952.127449,1791355952.1424265,1791355952.127449,1791355952.1424265,1791355951.1424217,1791355952.1424265,1791355951.1424217,1791355952.1424265,1791355924.7864141,GAZEBO_CLOCK_SYSTEM_INTERPOLATION,MAPPED_EXACT,0,27.352,1791355952.1384141,0.0019843578338623047,0.0,RGB,0.0,0,1,0,UNCALIBRATED,PREPARATION,FAR,TURNING,1.0,355,1.0,12.640061378479004,0.8914549946784973,nan,nan,False,0.0,0.0,0.0,0.0,0,0,0,0,0,0.0,0.0,0.0,0.0,0.0,0.0,0.0,0.0,0.0,0.0,0.0,0.0,0.0,0.0,7.9415066000372505,-8.992123340465165,3.980619779525034,0.0,0.0,0.0,0.0,0.0,0.0,0.0,0.0,0.0,0.0,0.0,False,DISABLED,0,nan,nan,nan,nan,nan,nan,nan,nan,nan,nan,nan,nan,nan,nan,nan,nan,nan,nan,nan,nan,nan,nan,nan,nan,nan,nan,nan,nan,nan,nan,nan,nan,nan,nan,8.962185718316235,9.131878519277906,0.03910585685040174,0.04260121197068296,0.04260121197068296,0.04260121197068296,9.129739394378262,9.172508310304002,0.06635590796494581,-0.16755367606202753,-0.04062979102609532,-0.027250051114544066,0.1724094379108146,0.17454964785546917,0.021669864654541016,False,DISABLED,none,MODEL_ORIGIN_FRAME_NOT_ESTABLISHED,nan,nan,nan,nan,nan,nan,nan,nan,nan,nan,nan,nan,nan,NOT_EVALUATED,nan,nan,nan,nan,DISABLED,nan,nan,nan,nan,nan,nan
1791355952.186409,1791355952.2067535,1791355952.2129145,1791355952.2129698,front_rgbd_red_sphere,True,True,True,,27.4,27.4,1791355952.2067535,1791355952.2042174,1791355952.186409,1791355952.186409,1791355952.186409,0.0,1791355951.1984258,1791355952.1984773,1791355952.183449,1791355952.1984773,1791355952.187449,1791355952.20242,1791355951.1984258,1791355952.1984773,1791355951.1824517,1791355952.20242,1791355924.786409,GAZEBO_CLOCK_SYSTEM_INTERPOLATION,MAPPED_EXACT,0,27.4,1791355952.186409,0.0015528202056884766,0.0,RGB,0.0,0,1,0,UNCALIBRATED,PREPARATION,FAR,TURNING,1.0,327,1.0,12.811922073364258,0.8954580426216125,nan,nan,False,0.0,0.0,0.0,0.0,0,0,0,0,0,0.0,0.0,0.0,0.0,0.0,0.0,0.0,0.0,0.0,0.0,0.0,0.0,0.0,0.0,8.009519237186929,-9.186131518011946,3.95068842500601,0.0,0.0,0.0,0.0,0.0,0.0,0.0,0.0,0.0,0.0,0.0,False,DISABLED,0,nan,nan,nan,nan,nan,nan,nan,nan,nan,nan,nan,nan,nan,nan,nan,nan,nan,nan,nan,nan,nan,nan,nan,nan,nan,nan,nan,nan,nan,nan,nan,nan,nan,nan,9.013404582015433,9.321389943421977,0.0484043113618427,0.043313610444005765,0.043313610444005765,0.043313610444005765,9.179654545346553,9.357889962033472,0.07628897691668392,-0.1662499633311203,-0.03650001861149477,-0.027884665554841218,0.17020958159351168,0.1724785674782338,0.02034449577331543,False,DISABLED,none,MODEL_ORIGIN_FRAME_NOT_ESTABLISHED,nan,nan,nan,nan,nan,nan,nan,nan,nan,nan,nan,nan,nan,NOT_EVALUATED,nan,nan,nan,nan,DISABLED,nan,nan,nan,nan,nan,nan
1791355952.2384014,1791355952.2576332,1791355952.2619104,1791355952.2619417,front_rgbd_red_sphere,True,True,True,,27.452,27.452,1791355952.2576332,1791355952.2549613,1791355952.2384014,1791355952.2384014,1791355952.2384014,0.0,1791355951.2424257,1791355952.2384017,1791355952.223449,1791355952.2384017,1791355952.227449,1791355952.2424285,1791355951.222424,1791355952.2384017,1791355951.2424257,1791355952.2424285,1791355924.7864015,GAZEBO_CLOCK_SYSTEM_INTERPOLATION,MAPPED_EXACT,0,27.452,1791355952.2384014,0.0035610198974609375,0.0,RGB,0.0,0,1,0,UNCALIBRATED,PREPARATION,FAR,TURNING,1.0,274,1.0,12.985199928283691,0.8992487788200378,nan,nan,False,0.0,0.0,0.0,0.0,0,0,0,0,0,0.0,0.0,0.0,0.0,0.0,0.0,0.0,0.0,0.0,0.0,0.0,0.0,0.0,0.0,8.079368604611973,-9.379767568414255,3.919077543362277,0.0,0.0,0.0,0.0,0.0,0.0,0.0,0.0,0.0,0.0,0.0,False,DISABLED,0,nan,nan,nan,nan,nan,nan,nan,nan,nan,nan,nan,nan,nan,nan,nan,nan,nan,nan,nan,nan,nan,nan,nan,nan,nan,nan,nan,nan,nan,nan,nan,nan,nan,nan,9.067784475202359,9.508672702142906,0.05705498041959001,0.044037859712191735,0.044037859712191735,0.044037859712191735,9.23509053955192,9.558291216798304,0.08656929261116307,-0.1673060643495603,-0.049618514655398016,-0.029514312191573064,0.17450878535118844,0.17698703565201832,0.019231796264648438,False,DISABLED,none,MODEL_ORIGIN_FRAME_NOT_ESTABLISHED,nan,nan,nan,nan,nan,nan,nan,nan,nan,nan,nan,nan,nan,NOT_EVALUATED,nan,nan,nan,nan,DISABLED,nan,nan,nan,nan,nan,nan
1791355952.2864108,1791355952.3070118,1791355952.3137922,1791355952.3138402,front_rgbd_red_sphere,True,True,True,,27.5,27.5,1791355952.3070118,1791355952.304448,1791355952.2864108,1791355952.2864108,1791355952.2864108,0.0,1791355951.3024185,1791355952.3024385,1791355952.287449,1791355952.3024385,1791355952.287449,1791355952.3024385,1791355951.3024185,1791355952.3024385,1791355951.3024185,1791355952.3024385,1791355924.7864108,GAZEBO_CLOCK_SYSTEM_INTERPOLATION,MAPPED_EXACT,0,27.5,1791355952.2864108,0.0021202564239501953,0.0,RGB,0.0,0,1,0,UNCALIBRATED,PREPARATION,FAR,TURNING,1.0,210,1.0,13.160497665405273,0.9031322598457336,nan,nan,False,0.0,0.0,0.0,0.0,0,0,0,0,0,0.0,0.0,0.0,0.0,0.0,0.0,0.0,0.0,0.0,0.0,0.0,0.0,0.0,0.0,8.148366376629777,-9.573157481623864,3.893261272092901,0.0,0.0,0.0,0.0,0.0,0.0,0.0,0.0,0.0,0.0,0.0,False,DISABLED,0,nan,nan,nan,nan,nan,nan,nan,nan,nan,nan,nan,nan,nan,nan,nan,nan,nan,nan,nan,nan,nan,nan,nan,nan,nan,nan,nan,nan,nan,nan,nan,nan,nan,nan,9.124735603027597,9.69514294413972,0.06507836361734365,0.04477666667655276,0.04477666667655276,0.04477666667655276,9.287655190882372,9.743023073468041,0.095540941077023,-0.16291958785477512,-0.04788012932832153,-0.030462577459679355,0.16980959599288428,0.1725203394291628,0.02060103416442871,False,DISABLED,none,MODEL_ORIGIN_FRAME_NOT_ESTABLISHED,nan,nan,nan,nan,nan,nan,nan,nan,nan,nan,nan,nan,nan,NOT_EVALUATED,nan,nan,nan,nan,DISABLED,nan,nan,nan,nan,nan,nan
1791355952.338416,1791355952.3689127,1791355952.3726764,1791355952.3727036,front_rgbd_red_sphere,True,True,True,,27.552,27.552,1791355952.3689127,1791355952.3561788,1791355952.338416,1791355952.338416,1791355952.338416,0.0,1791355951.3624194,1791355952.3584254,1791355952.3434489,1791355952.3584254,1791355952.3474488,1791355952.3624232,1791355951.3424242,1791355952.3584254,1791355951.3624194,1791355952.3624232,1791355924.786416,GAZEBO_CLOCK_SYSTEM_INTERPOLATION,MAPPED_EXACT,0,27.552,1791355952.338416,0.002670764923095703,0.0,RGB,0.0,0,1,0,UNCALIBRATED,PREPARATION,FAR,TURNING,1.0,143,1.0,13.337087631225586,0.906800389289856,nan,nan,False,0.0,0.0,0.0,0.0,0,0,0,0,0,0.0,0.0,0.0,0.0,0.0,0.0,0.0,0.0,0.0,0.0,0.0,0.0,0.0,0.0,8.21922972996099,-9.765989723662045,3.866212876459824,0.0,0.0,0.0,0.0,0.0,0.0,0.0,0.0,0.0,0.0,0.0,False,DISABLED,0,nan,nan,nan,nan,nan,nan,nan,nan,nan,nan,nan,nan,nan,nan,nan,nan,nan,nan,nan,nan,nan,nan,nan,nan,nan,nan,nan,nan,nan,nan,nan,nan,nan,nan,9.184483108916826,9.879935412313701,0.07209889537590658,0.04552712896400563,0.04552712896400563,0.04552712896400563,9.345991630567863,9.94266347385365,0.10465839222188995,-0.16150852165103657,-0.06272806153994814,-0.032559496845983374,0.17326226441571999,0.17629501724474936,0.030496597290039062,False,DISABLED,none,MODEL_ORIGIN_FRAME_NOT_ESTABLISHED,nan,nan,nan,nan,nan,nan,nan,nan,nan,nan,nan,nan,nan,NOT_EVALUATED,nan,nan,nan,nan,DISABLED,nan,nan,nan,nan,nan,nan
1791355952.3864121,1791355952.4176567,1791355952.423462,1791355952.4235044,front_rgbd_red_sphere,True,True,True,,27.6,27.6,1791355952.4176567,1791355952.4048908,1791355952.3864121,1791355952.3864121,1791355952.3864121,0.0,1791355951.3824198,1791355952.3984294,1791355952.3834488,1791355952.3984294,1791355952.387449,1791355952.4024136,1791355951.3824198,1791355952.3984294,1791355951.3824198,1791355952.4024136,1791355924.7864122,GAZEBO_CLOCK_SYSTEM_INTERPOLATION,MAPPED_EXACT,0,27.6,1791355952.3864121,0.003547191619873047,0.0,RGB,0.0,0,1,0,UNCALIBRATED,PREPARATION,FAR,TURNING,1.0,85,1.0,13.51564884185791,0.9105735421180725,nan,nan,False,0.0,0.0,0.0,0.0,0,0,0,0,0,0.0,0.0,0.0,0.0,0.0,0.0,0.0,0.0,0.0,0.0,0.0,0.0,0.0,0.0,8.28905104172063,-9.959021691575298,3.8447745626340946,0.0,0.0,0.0,0.0,0.0,0.0,0.0,0.0,0.0,0.0,0.0,False,DISABLED,0,nan,nan,nan,nan,nan,nan,nan,nan,nan,nan,nan,nan,nan,nan,nan,nan,nan,nan,nan,nan,nan,nan,nan,nan,nan,nan,nan,nan,nan,nan,nan,nan,nan,nan,9.24490185718032,10.066022646326896,0.07875651729591909,0.04629231578955449,0.04629231578955449,0.04629231578955449,9.40123280833814,10.126524118476315,0.11243942667376379,-0.1563309511578197,-0.06050147214941859,-0.0336829093778447,0.16762993295397896,0.1709805041702462,0.031244516372680664,False,DISABLED,none,MODEL_ORIGIN_FRAME_NOT_ESTABLISHED,nan,nan,nan,nan,nan,nan,nan,nan,nan,nan,nan,nan,nan,NOT_EVALUATED,nan,nan,nan,nan,DISABLED,nan,nan,nan,nan,nan,nan
1791355952.4384096,1791355952.459176,1791355952.4632785,1791355952.4633026,front_rgbd_red_sphere,True,True,True,,27.652,27.652,1791355952.459176,1791355952.4578147,1791355952.4384096,1791355952.4384096,1791355952.4384096,0.0,1791355951.4424257,1791355952.4384096,1791355952.4234488,1791355952.4384096,1791355952.427449,1791355952.4424262,1791355951.4384058,1791355952.4384096,1791355951.4424257,1791355952.4424262,1791355924.7864096,GAZEBO_CLOCK_SYSTEM_INTERPOLATION,MAPPED_EXACT,0,27.652,1791355952.4384096,0.00122833251953125,0.0,RGB,0.0,0,1,0,UNCALIBRATED,PREPARATION,FAR,TURNING,1.0,36,1.0,13.694624900817871,0.913993775844574,nan,nan,False,0.0,0.0,0.0,0.0,0,0,0,0,0,0.0,0.0,0.0,0.0,0.0,0.0,0.0,0.0,0.0,0.0,0.0,0.0,0.0,0.0,8.361770248298004,-10.149612135934953,3.8221606783422715,0.0,0.0,0.0,0.0,0.0,0.0,0.0,0.0,0.0,0.0,0.0,False,DISABLED,0,nan,nan,nan,nan,nan,nan,nan,nan,nan,nan,nan,nan,nan,nan,nan,nan,nan,nan,nan,nan,nan,nan,nan,nan,nan,nan,nan,nan,nan,nan,nan,nan,nan,nan,9.308326676803475,10.249342612365382,0.0851823705483315,0.04706567325925266,0.04706567325925266,0.04706567325925266,9.462527589244893,10.325258603550306,0.12016566279259076,-0.15420091244141787,-0.07591599118492454,-0.034983292244259265,0.17187541742598142,0.1753995149696903,0.020766496658325195,False,DISABLED,none,MODEL_ORIGIN_FRAME_NOT_ESTABLISHED,nan,nan,nan,nan,nan,nan,nan,nan,nan,nan,nan,nan,nan,NOT_EVALUATED,nan,nan,nan,nan,DISABLED,nan,nan,nan,nan,nan,nan
1791355952.4864054,1791355952.5212605,1791355952.526362,1791355952.526362,front_rgbd_red_sphere,False,False,True,TARGET_VECTOR_INVALID,27.7,27.7,1791355952.5212605,1791355952.507304,1791355952.4864054,1791355952.4864054,1791355952.4864054,0.0,1791355951.4824188,1791355952.5024142,1791355952.487449,1791355952.5024142,1791355952.487449,1791355952.5024142,1791355951.4784257,1791355952.5024142,1791355951.4824188,1791355952.5024142,1791355924.7864053,GAZEBO_CLOCK_SYSTEM_INTERPOLATION,MAPPED_EXACT,0,27.7,1791355952.4864054,0.0032126903533935547,0.0,RGB,0.0,0,1,0,UNCALIBRATED,PREPARATION,UNKNOWN,TURNING,0.0,0,0.0,nan,nan,nan,nan,False,0.0,0.0,0.0,0.0,0,0,0,0,0,0.0,0.0,0.0,0.0,0.0,0.0,0.0,0.0,0.0,0.0,0.0,0.0,0.0,0.0,0.0,0.0,0.0,0.0,0.0,0.0,0.0,0.0,0.0,0.0,0.0,0.0,0.0,0.0,False,DISABLED,0,nan,nan,nan,nan,nan,nan,nan,nan,nan,nan,nan,nan,nan,nan,nan,nan,nan,nan,nan,nan,nan,nan,nan,nan,nan,nan,nan,nan,nan,nan,nan,nan,nan,nan,nan,nan,nan,nan,nan,nan,9.520563787469806,10.50833139270482,0.12657155639366688,nan,nan,nan,nan,nan,0.03485512733459473,False,DISABLED,none,MODEL_ORIGIN_FRAME_NOT_ESTABLISHED,nan,nan,nan,nan,nan,nan,nan,nan,nan,nan,nan,nan,nan,NOT_EVALUATED,nan,nan,nan,nan,DISABLED,nan,nan,nan,nan,nan,nan
1791355952.5384026,1791355952.5596354,1791355952.561254,1791355952.561254,front_rgbd_red_sphere,False,False,True,IMAGE_INVALID,27.752,27.752,1791355952.5596354,1791355952.557165,1791355952.5384026,1791355952.5384026,1791355952.5384026,0.0,1791355951.5424194,1791355952.5424201,1791355952.527449,1791355952.5424201,1791355952.527449,1791355952.5424201,1791355951.5424194,1791355952.5424201,1791355951.5424194,1791355952.5424201,1791355924.7864025,GAZEBO_CLOCK_SYSTEM_INTERPOLATION,MAPPED_EXACT,0,27.752,1791355952.5384026,0.0014925003051757812,0.0,RGB,0.0,0,1,0,UNCALIBRATED,PREPARATION,UNKNOWN,TURNING,0.0,0,0.0,nan,nan,nan,nan,False,0.0,0.0,0.0,0.0,0,0,0,0,0,0.0,0.0,0.0,0.0,0.0,0.0,0.0,0.0,0.0,0.0,0.0,0.0,0.0,0.0,0.0,0.0,0.0,0.0,0.0,0.0,0.0,0.0,0.0,0.0,0.0,0.0,0.0,0.0,False,DISABLED,0,nan,nan,nan,nan,nan,nan,nan,nan,nan,nan,nan,nan,nan,nan,nan,nan,nan,nan,nan,nan,nan,nan,nan,nan,nan,nan,nan,nan,nan,nan,nan,nan,nan,nan,nan,nan,nan,nan,nan,nan,9.584894326910442,10.706066005179201,0.1327160190818403,nan,nan,nan,nan,nan,0.02123284339904785,False,DISABLED,none,MODEL_ORIGIN_FRAME_NOT_ESTABLISHED,nan,nan,nan,nan,nan,nan,nan,nan,nan,nan,nan,nan,nan,NOT_EVALUATED,nan,nan,nan,nan,DISABLED,nan,nan,nan,nan,nan,nan
1791355952.5864062,1791355952.6088607,1791355952.6104648,1791355952.6104648,front_rgbd_red_sphere,False,False,True,IMAGE_INVALID,27.8,27.8,1791355952.6088607,1791355952.6049545,1791355952.5864062,1791355952.5864062,1791355952.5864062,0.0,1791355951.5824232,1791355952.598417,1791355952.583449,1791355952.598417,1791355952.5874488,1791355952.6024153,1791355951.5824232,1791355952.598417,1791355951.5824232,1791355952.6024153,1791355924.7864063,GAZEBO_CLOCK_SYSTEM_INTERPOLATION,MAPPED_EXACT,0,27.8,1791355952.5864062,0.002744436264038086,0.0,RGB,0.0,0,1,0,UNCALIBRATED,PREPARATION,UNKNOWN,TURNING,0.0,0,0.0,nan,nan,nan,nan,False,0.0,0.0,0.0,0.0,0,0,0,0,0,0.0,0.0,0.0,0.0,0.0,0.0,0.0,0.0,0.0,0.0,0.0,0.0,0.0,0.0,0.0,0.0,0.0,0.0,0.0,0.0,0.0,0.0,0.0,0.0,0.0,0.0,0.0,0.0,False,DISABLED,0,nan,nan,nan,nan,nan,nan,nan,nan,nan,nan,nan,nan,nan,nan,nan,nan,nan,nan,nan,nan,nan,nan,nan,nan,nan,nan,nan,nan,nan,nan,nan,nan,nan,nan,nan,nan,nan,nan,nan,nan,9.645779107290927,10.888188859610564,0.1375851650296657,nan,nan,nan,nan,nan,0.022454500198364258,False,DISABLED,none,MODEL_ORIGIN_FRAME_NOT_ESTABLISHED,nan,nan,nan,nan,nan,nan,nan,nan,nan,nan,nan,nan,nan,NOT_EVALUATED,nan,nan,nan,nan,DISABLED,nan,nan,nan,nan,nan,nan
1791355952.6384041,1791355952.6596854,1791355952.6614254,1791355952.6614254,front_rgbd_red_sphere,False,False,True,IMAGE_INVALID,27.852,27.852,1791355952.6596854,1791355952.6573017,1791355952.6384041,1791355952.6384041,1791355952.6384041,0.0,1791355951.62243,1791355952.6384041,1791355952.6234488,1791355952.6384041,1791355952.627449,1791355952.6424305,1791355951.62243,1791355952.6384041,1791355951.62243,1791355952.6424305,1791355924.7864041,GAZEBO_CLOCK_SYSTEM_INTERPOLATION,MAPPED_EXACT,0,27.852,1791355952.6384041,0.0015747547149658203,0.0,RGB,0.0,0,1,0,UNCALIBRATED,PREPARATION,UNKNOWN,TURNING,0.0,0,0.0,nan,nan,nan,nan,False,0.0,0.0,0.0,0.0,0,0,0,0,0,0.0,0.0,0.0,0.0,0.0,0.0,0.0,0.0,0.0,0.0,0.0,0.0,0.0,0.0,0.0,0.0,0.0,0.0,0.0,0.0,0.0,0.0,0.0,0.0,0.0,0.0,0.0,0.0,False,DISABLED,0,nan,nan,nan,nan,nan,nan,nan,nan,nan,nan,nan,nan,nan,nan,nan,nan,nan,nan,nan,nan,nan,nan,nan,nan,nan,nan,nan,nan,nan,nan,nan,nan,nan,nan,nan,nan,nan,nan,nan,nan,9.713258288164303,11.084916312101283,0.14199924947561954,nan,nan,nan,nan,nan,0.02128124237060547,False,DISABLED,none,MODEL_ORIGIN_FRAME_NOT_ESTABLISHED,nan,nan,nan,nan,nan,nan,nan,nan,nan,nan,nan,nan,nan,NOT_EVALUATED,nan,nan,nan,nan,DISABLED,nan,nan,nan,nan,nan,nan
1791355952.6864064,1791355952.7160068,1791355952.7183547,1791355952.7183547,front_rgbd_red_sphere,False,False,True,IMAGE_INVALID,27.9,27.9,1791355952.7160068,1791355952.7151697,1791355952.6864064,1791355952.6864064,1791355952.6864064,0.0,1791355951.6824179,1791355952.7024136,1791355952.687449,1791355952.7024136,1791355952.687449,1791355952.7024136,1791355951.6784217,1791355952.7024136,1791355951.6824179,1791355952.7024136,1791355924.7864063,GAZEBO_CLOCK_SYSTEM_INTERPOLATION,MAPPED_EXACT,0,27.9,1791355952.6864064,0.0018641948699951172,0.0,RGB,0.0,0,1,0,UNCALIBRATED,PREPARATION,UNKNOWN,TURNING,0.0,0,0.0,nan,nan,nan,nan,False,0.0,0.0,0.0,0.0,0,0,0,0,0,0.0,0.0,0.0,0.0,0.0,0.0,0.0,0.0,0.0,0.0,0.0,0.0,0.0,0.0,0.0,0.0,0.0,0.0,0.0,0.0,0.0,0.0,0.0,0.0,0.0,0.0,0.0,0.0,False,DISABLED,0,nan,nan,nan,nan,nan,nan,nan,nan,nan,nan,nan,nan,nan,nan,nan,nan,nan,nan,nan,nan,nan,nan,nan,nan,nan,nan,nan,nan,nan,nan,nan,nan,nan,nan,nan,nan,nan,nan,nan,nan,9.77711369977735,11.266117277109444,0.1452140676136034,nan,nan,nan,nan,nan,0.02960038185119629,False,DISABLED,none,MODEL_ORIGIN_FRAME_NOT_ESTABLISHED,nan,nan,nan,nan,nan,nan,nan,nan,nan,nan,nan,nan,nan,NOT_EVALUATED,nan,nan,nan,nan,DISABLED,nan,nan,nan,nan,nan,nan
1791355952.7384107,1791355952.758074,1791355952.7601118,1791355952.7601118,front_rgbd_red_sphere,False,False,True,IMAGE_INVALID,27.952,27.952,1791355952.758074,1791355952.7560055,1791355952.7384107,1791355952.7384107,1791355952.7384107,0.0,1791355951.7224193,1791355952.7424212,1791355952.727495,1791355952.7424212,1791355952.727495,1791355952.7424212,1791355951.7184544,1791355952.7424212,1791355951.7224193,1791355952.7424212,1791355924.7864108,GAZEBO_CLOCK_SYSTEM_INTERPOLATION,MAPPED_EXACT,0,27.952,1791355952.7384107,0.004107236862182617,0.0,RGB,0.0,0,1,0,UNCALIBRATED,PREPARATION,UNKNOWN,TURNING,0.0,0,0.0,nan,nan,nan,nan,False,0.0,0.0,0.0,0.0,0,0,0,0,0,0.0,0.0,0.0,0.0,0.0,0.0,0.0,0.0,0.0,0.0,0.0,0.0,0.0,0.0,0.0,0.0,0.0,0.0,0.0,0.0,0.0,0.0,0.0,0.0,0.0,0.0,0.0,0.0,False,DISABLED,0,nan,nan,nan,nan,nan,nan,nan,nan,nan,nan,nan,nan,nan,nan,nan,nan,nan,nan,nan,nan,nan,nan,nan,nan,nan,nan,nan,nan,nan,nan,nan,nan,nan,nan,nan,nan,nan,nan,nan,nan,9.847802780683272,11.461644568907651,0.14778583172957974,nan,nan,nan,nan,nan,0.019663333892822266,False,DISABLED,none,MODEL_ORIGIN_FRAME_NOT_ESTABLISHED,nan,nan,nan,nan,nan,nan,nan,nan,nan,nan,nan,nan,nan,NOT_EVALUATED,nan,nan,nan,nan,DISABLED,nan,nan,nan,nan,nan,nan
1791355952.786409,1791355952.8061836,1791355952.8109834,1791355952.8109834,front_rgbd_red_sphere,False,False,True,IMAGE_INVALID,28.0,28.0,1791355952.8061836,1791355952.8043666,1791355952.786409,1791355952.786409,1791355952.786409,0.0,1791355951.7984273,1791355952.7984285,1791355952.783495,1791355952.7984285,1791355952.787495,1791355952.8024118,1791355951.7984273,1791355952.7984285,1791355951.7824159,1791355952.8024118,1791355924.786409,GAZEBO_CLOCK_SYSTEM_INTERPOLATION,MAPPED_EXACT,0,28.0,1791355952.786409,0.0022389888763427734,0.0,RGB,0.0,0,1,0,UNCALIBRATED,PREPARATION,UNKNOWN,TURNING,0.0,0,0.0,nan,nan,nan,nan,False,0.0,0.0,0.0,0.0,0,0,0,0,0,0.0,0.0,0.0,0.0,0.0,0.0,0.0,0.0,0.0,0.0,0.0,0.0,0.0,0.0,0.0,0.0,0.0,0.0,0.0,0.0,0.0,0.0,0.0,0.0,0.0,0.0,0.0,0.0,False,DISABLED,0,nan,nan,nan,nan,nan,nan,nan,nan,nan,nan,nan,nan,nan,nan,nan,nan,nan,nan,nan,nan,nan,nan,nan,nan,nan,nan,nan,nan,nan,nan,nan,nan,nan,nan,nan,nan,nan,nan,nan,nan,9.914644293926319,11.641624497745298,0.14926333067211128,nan,nan,nan,nan,nan,0.019774675369262695,False,DISABLED,none,MODEL_ORIGIN_FRAME_NOT_ESTABLISHED,nan,nan,nan,nan,nan,nan,nan,nan,nan,nan,nan,nan,nan,NOT_EVALUATED,nan,nan,nan,nan,DISABLED,nan,nan,nan,nan,nan,nan
1791355952.8384092,1791355952.8580048,1791355952.8604503,1791355952.8604503,front_rgbd_red_sphere,False,False,True,IMAGE_INVALID,28.052,28.052,1791355952.8580048,1791355952.8560698,1791355952.8384092,1791355952.8384092,1791355952.8384092,0.0,1791355951.822422,1791355952.8384092,1791355952.823495,1791355952.8384092,1791355952.8274949,1791355952.8424237,1791355951.822422,1791355952.8384092,1791355951.822422,1791355952.8424237,1791355924.7864091,GAZEBO_CLOCK_SYSTEM_INTERPOLATION,MAPPED_EXACT,0,28.052,1791355952.8384092,0.003836393356323242,0.0,RGB,0.0,0,1,0,UNCALIBRATED,PREPARATION,UNKNOWN,TURNING,0.0,0,0.0,nan,nan,nan,nan,False,0.0,0.0,0.0,0.0,0,0,0,0,0,0.0,0.0,0.0,0.0,0.0,0.0,0.0,0.0,0.0,0.0,0.0,0.0,0.0,0.0,0.0,0.0,0.0,0.0,0.0,0.0,0.0,0.0,0.0,0.0,0.0,0.0,0.0,0.0,False,DISABLED,0,nan,nan,nan,nan,nan,nan,nan,nan,nan,nan,nan,nan,nan,nan,nan,nan,nan,nan,nan,nan,nan,nan,nan,nan,nan,nan,nan,nan,nan,nan,nan,nan,nan,nan,nan,nan,nan,nan,nan,nan,9.988680722734491,11.83596597404175,0.14993268138656896,nan,nan,nan,nan,nan,0.019595623016357422,False,DISABLED,none,MODEL_ORIGIN_FRAME_NOT_ESTABLISHED,nan,nan,nan,nan,nan,nan,nan,nan,nan,nan,nan,nan,nan,NOT_EVALUATED,nan,nan,nan,nan,DISABLED,nan,nan,nan,nan,nan,nan
1791355952.8864136,1791355952.9150894,1791355952.9177363,1791355952.9177363,front_rgbd_red_sphere,False,False,True,IMAGE_INVALID,28.1,28.1,1791355952.9150894,1791355952.9029608,1791355952.8864136,1791355952.8864136,1791355952.8864136,0.0,1791355951.8824236,1791355952.902421,1791355952.8874948,1791355952.902421,1791355952.8874948,1791355952.902421,1791355951.8784215,1791355952.902421,1791355951.8824236,1791355952.902421,1791355924.7864137,GAZEBO_CLOCK_SYSTEM_INTERPOLATION,MAPPED_EXACT,0,28.1,1791355952.8864136,0.001201629638671875,0.0,RGB,0.0,0,1,0,UNCALIBRATED,PREPARATION,UNKNOWN,TURNING,0.0,0,0.0,nan,nan,nan,nan,False,0.0,0.0,0.0,0.0,0,0,0,0,0,0.0,0.0,0.0,0.0,0.0,0.0,0.0,0.0,0.0,0.0,0.0,0.0,0.0,0.0,0.0,0.0,0.0,0.0,0.0,0.0,0.0,0.0,0.0,0.0,0.0,0.0,0.0,0.0,False,DISABLED,0,nan,nan,nan,nan,nan,nan,nan,nan,nan,nan,nan,nan,nan,nan,nan,nan,nan,nan,nan,nan,nan,nan,nan,nan,nan,nan,nan,nan,nan,nan,nan,nan,nan,nan,nan,nan,nan,nan,nan,nan,10.058594556116766,12.014620706679993,0.1496392358302176,nan,nan,nan,nan,nan,0.02867579460144043,False,DISABLED,none,MODEL_ORIGIN_FRAME_NOT_ESTABLISHED,nan,nan,nan,nan,nan,nan,nan,nan,nan,nan,nan,nan,nan,NOT_EVALUATED,nan,nan,nan,nan,DISABLED,nan,nan,nan,nan,nan,nan
1791355952.9384048,1791355952.968544,1791355952.970872,1791355952.970872,front_rgbd_red_sphere,False,False,True,IMAGE_INVALID,28.152,28.152,1791355952.968544,1791355952.9663687,1791355952.9384048,1791355952.9384048,1791355952.9384048,0.0,1791355951.9624257,1791355952.958421,1791355952.943495,1791355952.958421,1791355952.947495,1791355952.9624267,1791355951.9424257,1791355952.958421,1791355951.9624257,1791355952.9624267,1791355924.7864048,GAZEBO_CLOCK_SYSTEM_INTERPOLATION,MAPPED_EXACT,0,28.152,1791355952.9384048,0.0024001598358154297,0.0,RGB,0.0,0,1,0,UNCALIBRATED,PREPARATION,UNKNOWN,TURNING,0.0,0,0.0,nan,nan,nan,nan,False,0.0,0.0,0.0,0.0,0,0,0,0,0,0.0,0.0,0.0,0.0,0.0,0.0,0.0,0.0,0.0,0.0,0.0,0.0,0.0,0.0,0.0,0.0,0.0,0.0,0.0,0.0,0.0,0.0,0.0,0.0,0.0,0.0,0.0,0.0,False,DISABLED,0,nan,nan,nan,nan,nan,nan,nan,nan,nan,nan,nan,nan,nan,nan,nan,nan,nan,nan,nan,nan,nan,nan,nan,nan,nan,nan,nan,nan,nan,nan,nan,nan,nan,nan,nan,nan,nan,nan,nan,nan,10.136124029578289,12.20776395533011,0.14838828900829237,nan,nan,nan,nan,nan,0.03013920783996582,False,DISABLED,none,MODEL_ORIGIN_FRAME_NOT_ESTABLISHED,nan,nan,nan,nan,nan,nan,nan,nan,nan,nan,nan,nan,nan,NOT_EVALUATED,nan,nan,nan,nan,DISABLED,nan,nan,nan,nan,nan,nan
1791355952.986407,1791355953.016461,1791355953.0178943,1791355953.0178943,front_rgbd_red_sphere,False,False,True,IMAGE_INVALID,28.2,28.2,1791355953.016461,1791355953.004083,1791355952.986407,1791355952.986407,1791355952.986407,0.0,1791355951.9824228,1791355952.9984212,1791355952.983495,1791355952.9984212,1791355952.987495,1791355953.0024102,1791355951.9824228,1791355952.9984212,1791355951.9824228,1791355953.0024102,1791355924.786407,GAZEBO_CLOCK_SYSTEM_INTERPOLATION,MAPPED_EXACT,0,28.2,1791355952.986407,0.0023424625396728516,0.0,RGB,0.0,0,1,0,UNCALIBRATED,PREPARATION,UNKNOWN,TURNING,0.0,0,0.0,nan,nan,nan,nan,False,0.0,0.0,0.0,0.0,0,0,0,0,0,0.0,0.0,0.0,0.0,0.0,0.0,0.0,0.0,0.0,0.0,0.0,0.0,0.0,0.0,0.0,0.0,0.0,0.0,0.0,0.0,0.0,0.0,0.0,0.0,0.0,0.0,0.0,0.0,False,DISABLED,0,nan,nan,nan,nan,nan,nan,nan,nan,nan,nan,nan,nan,nan,nan,nan,nan,nan,nan,nan,nan,nan,nan,nan,nan,nan,nan,nan,nan,nan,nan,nan,nan,nan,nan,nan,nan,nan,nan,nan,nan,10.209336552169669,12.38530963572997,0.1463303774890172,nan,nan,nan,nan,nan,0.03005385398864746,False,DISABLED,none,MODEL_ORIGIN_FRAME_NOT_ESTABLISHED,nan,nan,nan,nan,nan,nan,nan,nan,nan,nan,nan,nan,nan,NOT_EVALUATED,nan,nan,nan,nan,DISABLED,nan,nan,nan,nan,nan,nan
1791355953.0384018,1791355953.0586421,1791355953.0617654,1791355953.0617654,front_rgbd_red_sphere,False,False,True,IMAGE_INVALID,28.252,28.252,1791355953.0586421,1791355953.0558214,1791355953.0384018,1791355953.0384018,1791355953.0384018,0.0,1791355952.0224237,1791355953.0384018,1791355953.023495,1791355953.0384018,1791355953.027495,1791355953.0424242,1791355952.0224237,1791355953.0384018,1791355952.0224237,1791355953.0424242,1791355924.7864017,GAZEBO_CLOCK_SYSTEM_INTERPOLATION,MAPPED_EXACT,0,28.252,1791355953.0384018,0.0008683204650878906,0.0,RGB,0.0,0,1,0,UNCALIBRATED,PREPARATION,UNKNOWN,TURNING,0.0,0,0.0,nan,nan,nan,nan,False,0.0,0.0,0.0,0.0,0,0,0,0,0,0.0,0.0,0.0,0.0,0.0,0.0,0.0,0.0,0.0,0.0,0.0,0.0,0.0,0.0,0.0,0.0,0.0,0.0,0.0,0.0,0.0,0.0,0.0,0.0,0.0,0.0,0.0,0.0,False,DISABLED,0,nan,nan,nan,nan,nan,nan,nan,nan,nan,nan,nan,nan,nan,nan,nan,nan,nan,nan,nan,nan,nan,nan,nan,nan,nan,nan,nan,nan,nan,nan,nan,nan,nan,nan,nan,nan,nan,nan,nan,nan,10.290310546436487,12.576732201716887,0.14319150986913864,nan,nan,nan,nan,nan,0.020240306854248047,False,DISABLED,none,MODEL_ORIGIN_FRAME_NOT_ESTABLISHED,nan,nan,nan,nan,nan,nan,nan,nan,nan,nan,nan,nan,nan,NOT_EVALUATED,nan,nan,nan,nan,DISABLED,nan,nan,nan,nan,nan,nan
1791355953.086417,1791355953.1089334,1791355953.1104572,1791355953.1104572,front_rgbd_red_sphere,False,False,True,IMAGE_INVALID,28.3,28.3,1791355953.1089334,1791355953.1051466,1791355953.086417,1791355953.086417,1791355953.086417,0.0,1791355952.102411,1791355953.1024184,1791355953.0874949,1791355953.1024184,1791355953.0874949,1791355953.1024184,1791355952.102411,1791355953.1024184,1791355952.102411,1791355953.1024184,1791355924.786417,GAZEBO_CLOCK_SYSTEM_INTERPOLATION,MAPPED_EXACT,0,28.3,1791355953.086417,0.002747774124145508,0.0,RGB,0.0,0,1,0,UNCALIBRATED,PREPARATION,UNKNOWN,TURNING,0.0,0,0.0,nan,nan,nan,nan,False,0.0,0.0,0.0,0.0,0,0,0,0,0,0.0,0.0,0.0,0.0,0.0,0.0,0.0,0.0,0.0,0.0,0.0,0.0,0.0,0.0,0.0,0.0,0.0,0.0,0.0,0.0,0.0,0.0,0.0,0.0,0.0,0.0,0.0,0.0,False,DISABLED,0,nan,nan,nan,nan,nan,nan,nan,nan,nan,nan,nan,nan,nan,nan,nan,nan,nan,nan,nan,nan,nan,nan,nan,nan,nan,nan,nan,nan,nan,nan,nan,nan,nan,nan,nan,nan,nan,nan,nan,nan,10.366947127664597,12.753084477675053,0.13941614198379984,nan,nan,nan,nan,nan,0.022516489028930664,False,DISABLED,none,MODEL_ORIGIN_FRAME_NOT_ESTABLISHED,nan,nan,nan,nan,nan,nan,nan,nan,nan,nan,nan,nan,nan,NOT_EVALUATED,nan,nan,nan,nan,DISABLED,nan,nan,nan,nan,nan,nan
1791355953.1384056,1791355953.1689186,1791355953.1712615,1791355953.1712615,front_rgbd_red_sphere,False,False,True,IMAGE_INVALID,28.352,28.352,1791355953.1689186,1791355953.1577227,1791355953.1384056,1791355953.1384056,1791355953.1384056,0.0,1791355952.1424265,1791355953.1584198,1791355953.1434948,1791355953.1584198,1791355953.147495,1791355953.1624238,1791355952.1424265,1791355953.1584198,1791355952.1424265,1791355953.1624238,1791355924.7864056,GAZEBO_CLOCK_SYSTEM_INTERPOLATION,MAPPED_EXACT,0,28.352,1791355953.1384056,0.0027723312377929688,0.0,RGB,0.0,0,1,0,UNCALIBRATED,PREPARATION,UNKNOWN,TURNING,0.0,0,0.0,nan,nan,nan,nan,False,0.0,0.0,0.0,0.0,0,0,0,0,0,0.0,0.0,0.0,0.0,0.0,0.0,0.0,0.0,0.0,0.0,0.0,0.0,0.0,0.0,0.0,0.0,0.0,0.0,0.0,0.0,0.0,0.0,0.0,0.0,0.0,0.0,0.0,0.0,False,DISABLED,0,nan,nan,nan,nan,nan,nan,nan,nan,nan,nan,nan,nan,nan,nan,nan,nan,nan,nan,nan,nan,nan,nan,nan,nan,nan,nan,nan,nan,nan,nan,nan,nan,nan,nan,nan,nan,nan,nan,nan,nan,10.451597554660504,12.942938099967046,0.13446426821987315,nan,nan,nan,nan,nan,0.03051304817199707,False,DISABLED,none,MODEL_ORIGIN_FRAME_NOT_ESTABLISHED,nan,nan,nan,nan,nan,nan,nan,nan,nan,nan,nan,nan,nan,NOT_EVALUATED,nan,nan,nan,nan,DISABLED,nan,nan,nan,nan,nan,nan
1791355953.1864119,1791355953.2037926,1791355953.211113,1791355953.211113,front_rgbd_red_sphere,False,False,True,IMAGE_INVALID,28.4,28.4,1791355953.2037926,1791355953.2024574,1791355953.1864119,1791355953.1864119,1791355953.1864119,0.0,1791355952.20242,1791355953.1984205,1791355953.1834948,1791355953.1984205,1791355953.187495,1791355953.2024221,1791355952.1824255,1791355953.1984205,1791355952.20242,1791355953.2024221,1791355924.7864118,GAZEBO_CLOCK_SYSTEM_INTERPOLATION,MAPPED_EXACT,0,28.4,1791355953.1864119,0.0023272037506103516,0.0,RGB,0.0,0,1,0,UNCALIBRATED,PREPARATION,UNKNOWN,TURNING,0.0,0,0.0,nan,nan,nan,nan,False,0.0,0.0,0.0,0.0,0,0,0,0,0,0.0,0.0,0.0,0.0,0.0,0.0,0.0,0.0,0.0,0.0,0.0,0.0,0.0,0.0,0.0,0.0,0.0,0.0,0.0,0.0,0.0,0.0,0.0,0.0,0.0,0.0,0.0,0.0,False,DISABLED,0,nan,nan,nan,nan,nan,nan,nan,nan,nan,nan,nan,nan,nan,nan,nan,nan,nan,nan,nan,nan,nan,nan,nan,nan,nan,nan,nan,nan,nan,nan,nan,nan,nan,nan,nan,nan,nan,nan,nan,nan,10.531572725582842,13.117513212984287,0.12907299710559328,nan,nan,nan,nan,nan,0.017380714416503906,False,DISABLED,none,MODEL_ORIGIN_FRAME_NOT_ESTABLISHED,nan,nan,nan,nan,nan,nan,nan,nan,nan,nan,nan,nan,nan,NOT_EVALUATED,nan,nan,nan,nan,DISABLED,nan,nan,nan,nan,nan,nan
1791355953.2384088,1791355953.258838,1791355953.2615676,1791355953.2615676,front_rgbd_red_sphere,False,False,True,IMAGE_INVALID,28.452,28.452,1791355953.258838,1791355953.2566814,1791355953.2384088,1791355953.2384088,1791355953.2384088,0.0,1791355952.2384017,1791355953.238409,1791355953.223495,1791355953.238409,1791355953.227495,1791355953.242426,1791355952.2384017,1791355953.238409,1791355952.222418,1791355953.242426,1791355924.786409,GAZEBO_CLOCK_SYSTEM_INTERPOLATION,MAPPED_EXACT,0,28.452,1791355953.2384088,0.0009429454803466797,0.0,RGB,0.0,0,1,0,UNCALIBRATED,PREPARATION,UNKNOWN,TURNING,0.0,0,0.0,nan,nan,nan,nan,False,0.0,0.0,0.0,0.0,0,0,0,0,0,0.0,0.0,0.0,0.0,0.0,0.0,0.0,0.0,0.0,0.0,0.0,0.0,0.0,0.0,0.0,0.0,0.0,0.0,0.0,0.0,0.0,0.0,0.0,0.0,0.0,0.0,0.0,0.0,False,DISABLED,0,nan,nan,nan,nan,nan,nan,nan,nan,nan,nan,nan,nan,nan,nan,nan,nan,nan,nan,nan,nan,nan,nan,nan,nan,nan,nan,nan,nan,nan,nan,nan,nan,nan,nan,nan,nan,nan,nan,nan,nan,10.62009114263011,13.305809870920399,0.12242623035338941,nan,nan,nan,nan,nan,0.020429134368896484,False,DISABLED,none,MODEL_ORIGIN_FRAME_NOT_ESTABLISHED,nan,nan,nan,nan,nan,nan,nan,nan,nan,nan,nan,nan,nan,NOT_EVALUATED,nan,nan,nan,nan,DISABLED,nan,nan,nan,nan,nan,nan
1791355953.2864075,1791355953.3163662,1791355953.3185554,1791355953.3185554,front_rgbd_red_sphere,False,False,True,IMAGE_INVALID,28.5,28.5,1791355953.3163662,1791355953.3046265,1791355953.2864075,1791355953.2864075,1791355953.2864075,0.0,1791355952.2824247,1791355953.3024137,1791355953.287495,1791355953.3024137,1791355953.287495,1791355953.3024137,1791355952.2784257,1791355953.3024137,1791355952.2824247,1791355953.3024137,1791355924.7864075,GAZEBO_CLOCK_SYSTEM_INTERPOLATION,MAPPED_EXACT,0,28.5,1791355953.2864075,0.002276897430419922,0.0,RGB,0.0,0,1,0,UNCALIBRATED,PREPARATION,UNKNOWN,TURNING,0.0,0,0.0,nan,nan,nan,nan,False,0.0,0.0,0.0,0.0,0,0,0,0,0,0.0,0.0,0.0,0.0,0.0,0.0,0.0,0.0,0.0,0.0,0.0,0.0,0.0,0.0,0.0,0.0,0.0,0.0,0.0,0.0,0.0,0.0,0.0,0.0,0.0,0.0,0.0,0.0,False,DISABLED,0,nan,nan,nan,nan,nan,nan,nan,nan,nan,nan,nan,nan,nan,nan,nan,nan,nan,nan,nan,nan,nan,nan,nan,nan,nan,nan,nan,nan,nan,nan,nan,nan,nan,nan,nan,nan,nan,nan,nan,nan,10.70363422671324,13.478726286397466,0.11554578444595358,nan,nan,nan,nan,nan,0.029958724975585938,False,DISABLED,none,MODEL_ORIGIN_FRAME_NOT_ESTABLISHED,nan,nan,nan,nan,nan,nan,nan,nan,nan,nan,nan,nan,nan,NOT_EVALUATED,nan,nan,nan,nan,DISABLED,nan,nan,nan,nan,nan,nan
1791355953.3384068,1791355953.3717034,1791355953.3753123,1791355953.3753123,front_rgbd_red_sphere,False,False,True,IMAGE_INVALID,28.552,28.552,1791355953.3717034,1791355953.3672793,1791355953.3384068,1791355953.3384068,1791355953.3384068,0.0,1791355952.3584254,1791355953.3584316,1791355953.343495,1791355953.3584316,1791355953.3474948,1791355953.3624172,1791355952.3584254,1791355953.3584316,1791355952.3424199,1791355953.3624172,1791355924.7864068,GAZEBO_CLOCK_SYSTEM_INTERPOLATION,MAPPED_EXACT,0,28.552,1791355953.3384068,0.001817464828491211,0.0,RGB,0.0,0,1,0,UNCALIBRATED,PREPARATION,UNKNOWN,TURNING,0.0,0,0.0,nan,nan,nan,nan,False,0.0,0.0,0.0,0.0,0,0,0,0,0,0.0,0.0,0.0,0.0,0.0,0.0,0.0,0.0,0.0,0.0,0.0,0.0,0.0,0.0,0.0,0.0,0.0,0.0,0.0,0.0,0.0,0.0,0.0,0.0,0.0,0.0,0.0,0.0,False,DISABLED,0,nan,nan,nan,nan,nan,nan,nan,nan,nan,nan,nan,nan,nan,nan,nan,nan,nan,nan,nan,nan,nan,nan,nan,nan,nan,nan,nan,nan,nan,nan,nan,nan,nan,nan,nan,nan,nan,nan,nan,nan,10.796018092614782,13.665019620606776,0.10737595378103976,nan,nan,nan,nan,nan,0.03329658508300781,False,DISABLED,none,MODEL_ORIGIN_FRAME_NOT_ESTABLISHED,nan,nan,nan,nan,nan,nan,nan,nan,nan,nan,nan,nan,nan,NOT_EVALUATED,nan,nan,nan,nan,DISABLED,nan,nan,nan,nan,nan,nan
1791355953.386409,1791355953.4151056,1791355953.4176774,1791355953.4176774,front_rgbd_red_sphere,False,False,True,IMAGE_INVALID,28.6,28.6,1791355953.4151056,1791355953.4030793,1791355953.386409,1791355953.386409,1791355953.386409,0.0,1791355952.4024136,1791355953.3984218,1791355953.3834949,1791355953.3984218,1791355953.3874948,1791355953.402418,1791355952.3824182,1791355953.3984218,1791355952.4024136,1791355953.402418,1791355924.7864091,GAZEBO_CLOCK_SYSTEM_INTERPOLATION,MAPPED_EXACT,0,28.6,1791355953.386409,0.0012466907501220703,0.0,RGB,0.0,0,1,0,UNCALIBRATED,PREPARATION,UNKNOWN,TURNING,0.0,0,0.0,nan,nan,nan,nan,False,0.0,0.0,0.0,0.0,0,0,0,0,0,0.0,0.0,0.0,0.0,0.0,0.0,0.0,0.0,0.0,0.0,0.0,0.0,0.0,0.0,0.0,0.0,0.0,0.0,0.0,0.0,0.0,0.0,0.0,0.0,0.0,0.0,0.0,0.0,False,DISABLED,0,nan,nan,nan,nan,nan,nan,nan,nan,nan,nan,nan,nan,nan,nan,nan,nan,nan,nan,nan,nan,nan,nan,nan,nan,nan,nan,nan,nan,nan,nan,nan,nan,nan,nan,nan,nan,nan,nan,nan,nan,10.883250575834591,13.836129013589183,0.0991761195793808,nan,nan,nan,nan,nan,0.028696537017822266,False,DISABLED,none,MODEL_ORIGIN_FRAME_NOT_ESTABLISHED,nan,nan,nan,nan,nan,nan,nan,nan,nan,nan,nan,nan,nan,NOT_EVALUATED,nan,nan,nan,nan,DISABLED,nan,nan,nan,nan,nan,nan
1791355953.4384105,1791355953.4613554,1791355953.4640183,1791355953.4640183,front_rgbd_red_sphere,False,False,True,IMAGE_INVALID,28.652,28.652,1791355953.4613554,1791355953.4590154,1791355953.4384105,1791355953.4384105,1791355953.4384105,0.0,1791355952.4424262,1791355953.4384105,1791355953.4234948,1791355953.4384105,1791355953.427495,1791355953.442427,1791355952.4384096,1791355953.4384105,1791355952.4424262,1791355953.442427,1791355924.7864106,GAZEBO_CLOCK_SYSTEM_INTERPOLATION,MAPPED_EXACT,0,28.652,1791355953.4384105,0.0033168792724609375,0.0,RGB,0.0,0,1,0,UNCALIBRATED,PREPARATION,UNKNOWN,TURNING,0.0,0,0.0,nan,nan,nan,nan,False,0.0,0.0,0.0,0.0,0,0,0,0,0,0.0,0.0,0.0,0.0,0.0,0.0,0.0,0.0,0.0,0.0,0.0,0.0,0.0,0.0,0.0,0.0,0.0,0.0,0.0,0.0,0.0,0.0,0.0,0.0,0.0,0.0,0.0,0.0,False,DISABLED,0,nan,nan,nan,nan,nan,nan,nan,nan,nan,nan,nan,nan,nan,nan,nan,nan,nan,nan,nan,nan,nan,nan,nan,nan,nan,nan,nan,nan,nan,nan,nan,nan,nan,nan,nan,nan,nan,nan,nan,nan,10.979691106173997,14.020370399353412,0.08968021690035749,nan,nan,nan,nan,nan,0.022944927215576172,False,DISABLED,none,MODEL_ORIGIN_FRAME_NOT_ESTABLISHED,nan,nan,nan,nan,nan,nan,nan,nan,nan,nan,nan,nan,nan,NOT_EVALUATED,nan,nan,nan,nan,DISABLED,nan,nan,nan,nan,nan,nan
1791355953.486408,1791355953.5080836,1791355953.5104866,1791355953.5104866,front_rgbd_red_sphere,False,False,True,IMAGE_INVALID,28.7,28.7,1791355953.5080836,1791355953.5053856,1791355953.486408,1791355953.486408,1791355953.486408,0.0,1791355952.5024142,1791355953.5024211,1791355953.487495,1791355953.5024211,1791355953.487495,1791355953.5024211,1791355952.5024142,1791355953.5024211,1791355952.5024142,1791355953.5024211,1791355924.786408,GAZEBO_CLOCK_SYSTEM_INTERPOLATION,MAPPED_EXACT,0,28.7,1791355953.486408,0.0025517940521240234,0.0,RGB,0.0,0,1,0,UNCALIBRATED,PREPARATION,UNKNOWN,TURNING,0.0,0,0.0,nan,nan,nan,nan,False,0.0,0.0,0.0,0.0,0,0,0,0,0,0.0,0.0,0.0,0.0,0.0,0.0,0.0,0.0,0.0,0.0,0.0,0.0,0.0,0.0,0.0,0.0,0.0,0.0,0.0,0.0,0.0,0.0,0.0,0.0,0.0,0.0,0.0,0.0,False,DISABLED,0,nan,nan,nan,nan,nan,nan,nan,nan,nan,nan,nan,nan,nan,nan,nan,nan,nan,nan,nan,nan,nan,nan,nan,nan,nan,nan,nan,nan,nan,nan,nan,nan,nan,nan,nan,nan,nan,nan,nan,nan,11.070728088527392,14.189485104978544,0.08036374354374529,nan,nan,nan,nan,nan,0.021675586700439453,False,DISABLED,none,MODEL_ORIGIN_FRAME_NOT_ESTABLISHED,nan,nan,nan,nan,nan,nan,nan,nan,nan,nan,nan,nan,nan,NOT_EVALUATED,nan,nan,nan,nan,DISABLED,nan,nan,nan,nan,nan,nan
1791355953.538426,1791355953.559895,1791355953.5617585,1791355953.5617585,front_rgbd_red_sphere,False,False,True,IMAGE_INVALID,28.752,28.752,1791355953.559895,1791355953.5575097,1791355953.538426,1791355953.538426,1791355953.538426,0.0,1791355952.5224242,1791355953.5424147,1791355953.527495,1791355953.5424147,1791355953.527495,1791355953.5424147,1791355952.5184152,1791355953.5424147,1791355952.5224242,1791355953.5424147,1791355924.7864258,GAZEBO_CLOCK_SYSTEM_INTERPOLATION,MAPPED_EXACT,0,28.752,1791355953.538426,0.0017523765563964844,0.0,RGB,0.0,0,1,0,UNCALIBRATED,PREPARATION,UNKNOWN,TURNING,0.0,0,0.0,nan,nan,nan,nan,False,0.0,0.0,0.0,0.0,0,0,0,0,0,0.0,0.0,0.0,0.0,0.0,0.0,0.0,0.0,0.0,0.0,0.0,0.0,0.0,0.0,0.0,0.0,0.0,0.0,0.0,0.0,0.0,0.0,0.0,0.0,0.0,0.0,0.0,0.0,False,DISABLED,0,nan,nan,nan,nan,nan,nan,nan,nan,nan,nan,nan,nan,nan,nan,nan,nan,nan,nan,nan,nan,nan,nan,nan,nan,nan,nan,nan,nan,nan,nan,nan,nan,nan,nan,nan,nan,nan,nan,nan,nan,11.171384703252881,14.371522781620056,0.06977322222536378,nan,nan,nan,nan,nan,0.0214691162109375,False,DISABLED,none,MODEL_ORIGIN_FRAME_NOT_ESTABLISHED,nan,nan,nan,nan,nan,nan,nan,nan,nan,nan,nan,nan,nan,NOT_EVALUATED,nan,nan,nan,nan,DISABLED,nan,nan,nan,nan,nan,nan
1791355953.5864215,1791355953.606734,1791355953.6102097,1791355953.6102097,front_rgbd_red_sphere,False,False,True,IMAGE_INVALID,28.8,28.8,1791355953.606734,1791355953.6040516,1791355953.5864215,1791355953.5864215,1791355953.5864215,0.0,1791355952.6024153,1791355953.5984273,1791355953.583495,1791355953.5984273,1791355953.5874949,1791355953.602416,1791355952.598417,1791355953.5984273,1791355952.6024153,1791355953.602416,1791355924.7864215,GAZEBO_CLOCK_SYSTEM_INTERPOLATION,MAPPED_EXACT,0,28.8,1791355953.5864215,0.001878499984741211,0.0,RGB,0.0,0,1,0,UNCALIBRATED,PREPARATION,UNKNOWN,TURNING,0.0,0,0.0,nan,nan,nan,nan,False,0.0,0.0,0.0,0.0,0,0,0,0,0,0.0,0.0,0.0,0.0,0.0,0.0,0.0,0.0,0.0,0.0,0.0,0.0,0.0,0.0,0.0,0.0,0.0,0.0,0.0,0.0,0.0,0.0,0.0,0.0,0.0,0.0,0.0,0.0,False,DISABLED,0,nan,nan,nan,nan,nan,nan,nan,nan,nan,nan,nan,nan,nan,nan,nan,nan,nan,nan,nan,nan,nan,nan,nan,nan,nan,nan,nan,nan,nan,nan,nan,nan,nan,nan,nan,nan,nan,nan,nan,nan,11.266286947703861,14.538333510244458,0.05957657780098234,nan,nan,nan,nan,nan,0.02031254768371582,False,DISABLED,none,MODEL_ORIGIN_FRAME_NOT_ESTABLISHED,nan,nan,nan,nan,nan,nan,nan,nan,nan,nan,nan,nan,nan,NOT_EVALUATED,nan,nan,nan,nan,DISABLED,nan,nan,nan,nan,nan,nan
1791355953.6384313,1791355953.6601677,1791355953.6625772,1791355953.6625772,front_rgbd_red_sphere,False,False,True,IMAGE_INVALID,28.852,28.852,1791355953.6601677,1791355953.6578743,1791355953.6384313,1791355953.6384313,1791355953.6384313,0.0,1791355952.6384041,1791355953.6384313,1791355953.6234949,1791355953.6384313,1791355953.6274948,1791355953.6424289,1791355952.6384041,1791355953.6384313,1791355952.6224184,1791355953.6424289,1791355924.7864313,GAZEBO_CLOCK_SYSTEM_INTERPOLATION,MAPPED_EXACT,0,28.852,1791355953.6384313,0.0021305084228515625,0.0,RGB,0.0,0,1,0,UNCALIBRATED,PREPARATION,UNKNOWN,TURNING,0.0,0,0.0,nan,nan,nan,nan,False,0.0,0.0,0.0,0.0,0,0,0,0,0,0.0,0.0,0.0,0.0,0.0,0.0,0.0,0.0,0.0,0.0,0.0,0.0,0.0,0.0,0.0,0.0,0.0,0.0,0.0,0.0,0.0,0.0,0.0,0.0,0.0,0.0,0.0,0.0,False,DISABLED,0,nan,nan,nan,nan,nan,nan,nan,nan,nan,nan,nan,nan,nan,nan,nan,nan,nan,nan,nan,nan,nan,nan,nan,nan,nan,nan,nan,nan,nan,nan,nan,nan,nan,nan,nan,nan,nan,nan,nan,nan,11.371307443218175,14.717969548582992,0.04815143702361922,nan,nan,nan,nan,nan,0.02173638343811035,False,DISABLED,none,MODEL_ORIGIN_FRAME_NOT_ESTABLISHED,nan,nan,nan,nan,nan,nan,nan,nan,nan,nan,nan,nan,nan,NOT_EVALUATED,nan,nan,nan,nan,DISABLED,nan,nan,nan,nan,nan,nan
1791355953.6864085,1791355953.7170928,1791355953.7185798,1791355953.7185798,front_rgbd_red_sphere,False,False,True,IMAGE_INVALID,28.9,28.9,1791355953.7170928,1791355953.7050917,1791355953.6864085,1791355953.6864085,1791355953.6864085,0.0,1791355952.7024136,1791355953.7024179,1791355953.687495,1791355953.7024179,1791355953.687495,1791355953.7024179,1791355952.7024136,1791355953.7024179,1791355952.7024136,1791355953.7024179,1791355924.7864084,GAZEBO_CLOCK_SYSTEM_INTERPOLATION,MAPPED_EXACT,0,28.9,1791355953.6864085,0.00298309326171875,0.0,RGB,0.0,0,1,0,UNCALIBRATED,PREPARATION,UNKNOWN,TURNING,0.0,0,0.0,nan,nan,nan,nan,False,0.0,0.0,0.0,0.0,0,0,0,0,0,0.0,0.0,0.0,0.0,0.0,0.0,0.0,0.0,0.0,0.0,0.0,0.0,0.0,0.0,0.0,0.0,0.0,0.0,0.0,0.0,0.0,0.0,0.0,0.0,0.0,0.0,0.0,0.0,False,DISABLED,0,nan,nan,nan,nan,nan,nan,nan,nan,nan,nan,nan,nan,nan,nan,nan,nan,nan,nan,nan,nan,nan,nan,nan,nan,nan,nan,nan,nan,nan,nan,nan,nan,nan,nan,nan,nan,nan,nan,nan,nan,11.470286695922042,14.882426349465677,0.037317705103174975,nan,nan,nan,nan,nan,0.030684232711791992,False,DISABLED,none,MODEL_ORIGIN_FRAME_NOT_ESTABLISHED,nan,nan,nan,nan,nan,nan,nan,nan,nan,nan,nan,nan,nan,NOT_EVALUATED,nan,nan,nan,nan,DISABLED,nan,nan,nan,nan,nan,nan
1791355953.7384052,1791355953.765417,1791355953.767184,1791355953.767184,front_rgbd_red_sphere,False,False,True,IMAGE_INVALID,28.952,28.952,1791355953.7561107,1791355953.765417,1791355953.7384052,1791355953.7384052,1791355953.7384052,0.0,1791355952.7424212,1791355953.7427754,1791355953.727541,1791355953.7427754,1791355953.727541,1791355953.7427754,1791355952.7424212,1791355953.7427754,1791355952.7424212,1791355953.7427754,1791355924.7864053,GAZEBO_CLOCK_SYSTEM_INTERPOLATION,MAPPED_EXACT,0,28.952,1791355953.7384052,0.0033032894134521484,0.0,RGB,0.0,0,1,0,UNCALIBRATED,PREPARATION,UNKNOWN,TURNING,0.0,0,0.0,nan,nan,nan,nan,False,0.0,0.0,0.0,0.0,0,0,0,0,0,0.0,0.0,0.0,0.0,0.0,0.0,0.0,0.0,0.0,0.0,0.0,0.0,0.0,0.0,0.0,0.0,0.0,0.0,0.0,0.0,0.0,0.0,0.0,0.0,0.0,0.0,0.0,0.0,False,DISABLED,0,nan,nan,nan,nan,nan,nan,nan,nan,nan,nan,nan,nan,nan,nan,nan,nan,nan,nan,nan,nan,nan,nan,nan,nan,nan,nan,nan,nan,nan,nan,nan,nan,nan,nan,nan,nan,nan,nan,nan,nan,11.579714296884802,15.059257635091305,0.02534989827936717,nan,nan,nan,nan,nan,0.027011871337890625,False,DISABLED,none,MODEL_ORIGIN_FRAME_NOT_ESTABLISHED,nan,nan,nan,nan,nan,nan,nan,nan,nan,nan,nan,nan,nan,NOT_EVALUATED,nan,nan,nan,nan,DISABLED,nan,nan,nan,nan,nan,nan
1791355953.7864072,1791355953.806582,1791355953.8096807,1791355953.8096807,front_rgbd_red_sphere,False,False,True,IMAGE_INVALID,29.0,29.0,1791355953.806582,1791355953.8039055,1791355953.7864072,1791355953.7864072,1791355953.7864072,0.0,1791355952.8024118,1791355953.7984302,1791355953.783541,1791355953.7984302,1791355953.787541,1791355953.8024266,1791355952.7984285,1791355953.7984302,1791355952.8024118,1791355953.8024266,1791355924.7864072,GAZEBO_CLOCK_SYSTEM_INTERPOLATION,MAPPED_EXACT,0,29.0,1791355953.7864072,0.001569986343383789,0.0,RGB,0.0,0,1,0,UNCALIBRATED,PREPARATION,UNKNOWN,TURNING,0.0,0,0.0,nan,nan,nan,nan,False,0.0,0.0,0.0,0.0,0,0,0,0,0,0.0,0.0,0.0,0.0,0.0,0.0,0.0,0.0,0.0,0.0,0.0,0.0,0.0,0.0,0.0,0.0,0.0,0.0,0.0,0.0,0.0,0.0,0.0,0.0,0.0,0.0,0.0,0.0,False,DISABLED,0,nan,nan,nan,nan,nan,nan,nan,nan,nan,nan,nan,nan,nan,nan,nan,nan,nan,nan,nan,nan,nan,nan,nan,nan,nan,nan,nan,nan,nan,nan,nan,nan,nan,nan,nan,nan,nan,nan,nan,nan,11.682937785537689,15.221191356499675,0.014142043530253163,nan,nan,nan,nan,nan,0.020174741744995117,False,DISABLED,none,MODEL_ORIGIN_FRAME_NOT_ESTABLISHED,nan,nan,nan,nan,nan,nan,nan,nan,nan,nan,nan,nan,nan,NOT_EVALUATED,nan,nan,nan,nan,DISABLED,nan,nan,nan,nan,nan,nan
1791355953.8384006,1791355953.8565087,1791355953.859033,1791355953.859033,front_rgbd_red_sphere,False,False,True,IMAGE_INVALID,29.052,29.052,1791355953.8565087,1791355953.8541167,1791355953.8384006,1791355953.8384006,1791355953.8384006,0.0,1791355952.8424237,1791355953.8384006,1791355953.823541,1791355953.8384006,1791355953.8275409,1791355953.8424284,1791355952.8224201,1791355953.8384006,1791355952.8424237,1791355953.8424284,1791355924.7864006,GAZEBO_CLOCK_SYSTEM_INTERPOLATION,MAPPED_EXACT,0,29.052,1791355953.8384006,0.0024254322052001953,0.0,RGB,0.0,0,1,0,UNCALIBRATED,PREPARATION,UNKNOWN,TURNING,0.0,0,0.0,nan,nan,nan,nan,False,0.0,0.0,0.0,0.0,0,0,0,0,0,0.0,0.0,0.0,0.0,0.0,0.0,0.0,0.0,0.0,0.0,0.0,0.0,0.0,0.0,0.0,0.0,0.0,0.0,0.0,0.0,0.0,0.0,0.0,0.0,0.0,0.0,0.0,0.0,False,DISABLED,0,nan,nan,nan,nan,nan,nan,nan,nan,nan,nan,nan,nan,nan,nan,nan,nan,nan,nan,nan,nan,nan,nan,nan,nan,nan,nan,nan,nan,nan,nan,nan,nan,nan,nan,nan,nan,nan,nan,nan,nan,11.796981179551823,15.39507844192732,0.0019193298916375078,nan,nan,nan,nan,nan,0.018108129501342773,False,DISABLED,none,MODEL_ORIGIN_FRAME_NOT_ESTABLISHED,nan,nan,nan,nan,nan,nan,nan,nan,nan,nan,nan,nan,nan,NOT_EVALUATED,nan,nan,nan,nan,DISABLED,nan,nan,nan,nan,nan,nan
1791355953.886408,1791355953.9020677,1791355953.9103067,1791355953.9103067,front_rgbd_red_sphere,False,False,True,IMAGE_INVALID,29.1,29.1,1791355953.9020677,1791355953.9007852,1791355953.886408,1791355953.886408,1791355953.886408,0.0,1791355952.902421,1791355953.902478,1791355953.8875408,1791355953.902478,1791355953.8875408,1791355953.902478,1791355952.902421,1791355953.902478,1791355952.902421,1791355953.902478,1791355924.7864082,GAZEBO_CLOCK_SYSTEM_INTERPOLATION,MAPPED_EXACT,0,29.1,1791355953.886408,0.002488851547241211,0.0,RGB,0.0,0,1,0,UNCALIBRATED,PREPARATION,UNKNOWN,TURNING,0.0,0,0.0,nan,nan,nan,nan,False,0.0,0.0,0.0,0.0,0,0,0,0,0,0.0,0.0,0.0,0.0,0.0,0.0,0.0,0.0,0.0,0.0,0.0,0.0,0.0,0.0,0.0,0.0,0.0,0.0,0.0,0.0,0.0,0.0,0.0,0.0,0.0,0.0,0.0,0.0,False,DISABLED,0,nan,nan,nan,nan,nan,nan,nan,nan,nan,nan,nan,nan,nan,nan,nan,nan,nan,nan,nan,nan,nan,nan,nan,nan,nan,nan,nan,nan,nan,nan,nan,nan,nan,nan,nan,nan,nan,nan,nan,nan,11.904481890357488,15.554086404438882,-0.00937592497947844,nan,nan,nan,nan,nan,0.015659570693969727,False,DISABLED,none,MODEL_ORIGIN_FRAME_NOT_ESTABLISHED,nan,nan,nan,nan,nan,nan,nan,nan,nan,nan,nan,nan,nan,NOT_EVALUATED,nan,nan,nan,nan,DISABLED,nan,nan,nan,nan,nan,nan
1791355953.9384055,1791355953.9974601,1791355953.9995408,1791355953.9995408,front_rgbd_red_sphere,False,False,True,IMAGE_INVALID,29.152,29.152,1791355953.9974601,1791355953.9950664,1791355953.9384055,1791355953.9384055,1791355953.9384055,0.0,1791355952.9824185,1791355953.9824204,1791355953.967541,1791355953.9824204,1791355953.967541,1791355953.9824204,1791355952.9824185,1791355953.9824204,1791355952.9824185,1791355953.9824204,1791355924.7864056,GAZEBO_CLOCK_SYSTEM_INTERPOLATION,MAPPED_EXACT,0,29.152,1791355953.9384055,0.0033409595489501953,0.0,RGB,0.0,0,1,0,UNCALIBRATED,PREPARATION,UNKNOWN,TURNING,0.0,0,0.0,nan,nan,nan,nan,False,0.0,0.0,0.0,0.0,0,0,0,0,0,0.0,0.0,0.0,0.0,0.0,0.0,0.0,0.0,0.0,0.0,0.0,0.0,0.0,0.0,0.0,0.0,0.0,0.0,0.0,0.0,0.0,0.0,0.0,0.0,0.0,0.0,0.0,0.0,False,DISABLED,0,nan,nan,nan,nan,nan,nan,nan,nan,nan,nan,nan,nan,nan,nan,nan,nan,nan,nan,nan,nan,nan,nan,nan,nan,nan,nan,nan,nan,nan,nan,nan,nan,nan,nan,nan,nan,nan,nan,nan,nan,12.02337914831431,15.724897547548665,-0.021562717540189347,nan,nan,nan,nan,nan,0.05905461311340332,False,DISABLED,none,MODEL_ORIGIN_FRAME_NOT_ESTABLISHED,nan,nan,nan,nan,nan,nan,nan,nan,nan,nan,nan,nan,nan,NOT_EVALUATED,nan,nan,nan,nan,DISABLED,nan,nan,nan,nan,nan,nan
1791355953.9864187,1791355954.0244122,1791355954.026111,1791355954.026111,front_rgbd_red_sphere,False,False,True,IMAGE_INVALID,29.2,29.2,1791355954.015575,1791355954.0244122,1791355953.9864187,1791355953.9864187,1791355953.9864187,0.0,1791355953.0024102,1791355953.9984212,1791355953.983541,1791355953.9984212,1791355953.987541,1791355954.0024195,1791355952.9824185,1791355953.9984212,1791355953.0024102,1791355954.0024195,1791355924.7864187,GAZEBO_CLOCK_SYSTEM_INTERPOLATION,MAPPED_EXACT,0,29.2,1791355953.9864187,0.0022780895233154297,0.0,RGB,0.0,0,1,0,UNCALIBRATED,PREPARATION,UNKNOWN,TURNING,0.0,0,0.0,nan,nan,nan,nan,False,0.0,0.0,0.0,0.0,0,0,0,0,0,0.0,0.0,0.0,0.0,0.0,0.0,0.0,0.0,0.0,0.0,0.0,0.0,0.0,0.0,0.0,0.0,0.0,0.0,0.0,0.0,0.0,0.0,0.0,0.0,0.0,0.0,0.0,0.0,False,DISABLED,0,nan,nan,nan,nan,nan,nan,nan,nan,nan,nan,nan,nan,nan,nan,nan,nan,nan,nan,nan,nan,nan,nan,nan,nan,nan,nan,nan,nan,nan,nan,nan,nan,nan,nan,nan,nan,nan,nan,nan,nan,12.13531382653601,15.880755982384038,-0.032670002683069674,nan,nan,nan,nan,nan,0.037993431091308594,False,DISABLED,none,MODEL_ORIGIN_FRAME_NOT_ESTABLISHED,nan,nan,nan,nan,nan,nan,nan,nan,nan,nan,nan,nan,nan,NOT_EVALUATED,nan,nan,nan,nan,DISABLED,nan,nan,nan,nan,nan,nan
1791355954.0384018,1791355954.061231,1791355954.0650442,1791355954.0650795,front_rgbd_red_sphere,True,True,True,,29.252,29.252,1791355954.061231,1791355954.0593638,1791355954.0384018,1791355954.0384018,1791355954.0384018,0.0,1791355953.022424,1791355954.0384018,1791355954.023541,1791355954.0384018,1791355954.027541,1791355954.0424223,1791355953.022424,1791355954.0384018,1791355953.022424,1791355954.0424223,1791355924.7864017,GAZEBO_CLOCK_SYSTEM_INTERPOLATION,MAPPED_EXACT,0,29.252,1791355954.0384018,0.0031003952026367188,0.0,RGB,0.0,0,1,0,UNCALIBRATED,PREPARATION,FAR,TURNING,1.0,40,1.0,19.930559158325195,0.8941991925239563,nan,nan,False,0.0,0.0,0.0,0.0,0,0,0,0,0,0.0,0.0,0.0,0.0,0.0,0.0,0.0,0.0,0.0,0.0,0.0,0.0,0.0,0.0,12.479388563731662,-14.904066378522705,4.400101074624619,0.0,0.0,0.0,0.0,0.0,0.0,0.0,0.0,0.0,0.0,0.0,False,DISABLED,0,nan,nan,nan,nan,nan,nan,nan,nan,nan,nan,nan,nan,nan,nan,nan,nan,nan,nan,nan,nan,nan,nan,nan,nan,nan,nan,nan,nan,nan,nan,nan,nan,nan,nan,12.097888079387056,15.943758509989369,-0.08922145124678343,0.07801161834457723,0.07801161834457723,0.07801161834457723,12.25901989601758,16.0479210709579,-0.04450199054752346,-0.16113181663052423,-0.1041625609685326,-0.04471946069925997,0.19186792707009726,0.19701048602399013,0.022829055786132812,False,DISABLED,none,MODEL_ORIGIN_FRAME_NOT_ESTABLISHED,nan,nan,nan,nan,nan,nan,nan,nan,nan,nan,nan,nan,nan,NOT_EVALUATED,nan,nan,nan,nan,DISABLED,nan,nan,nan,nan,nan,nan
1791355954.0864112,1791355954.1105974,1791355954.115261,1791355954.115285,front_rgbd_red_sphere,True,True,True,,29.3,29.3,1791355954.1105974,1791355954.1085224,1791355954.0864112,1791355954.0864112,1791355954.0864112,0.0,1791355953.0824234,1791355954.1024098,1791355954.0875409,1791355954.1024098,1791355954.0875409,1791355954.1024098,1791355953.0784214,1791355954.1024098,1791355953.0824234,1791355954.1024098,1791355924.7864113,GAZEBO_CLOCK_SYSTEM_INTERPOLATION,MAPPED_EXACT,0,29.3,1791355954.0864112,0.0008022785186767578,0.0,RGB,0.0,0,1,0,UNCALIBRATED,PREPARATION,FAR,TURNING,1.0,136,1.0,20.131912231445312,0.878126323223114,nan,nan,False,0.0,0.0,0.0,0.0,0,0,0,0,0,0.0,0.0,0.0,0.0,0.0,0.0,0.0,0.0,0.0,0.0,0.0,0.0,0.0,0.0,12.856120821632548,-14.814306088169474,4.533253236732142,0.0,0.0,0.0,0.0,0.0,0.0,0.0,0.0,0.0,0.0,0.0,False,DISABLED,0,nan,nan,nan,nan,nan,nan,nan,nan,nan,nan,nan,nan,nan,nan,nan,nan,nan,nan,nan,nan,nan,nan,nan,nan,nan,nan,nan,nan,nan,nan,nan,nan,nan,nan,12.222445917046,16.101030806238484,-0.10068582659789443,0.07914044889671576,0.07914044889671576,0.07914044889671576,12.375557405975082,16.200410357739102,-0.05515274797273527,-0.15311148892908122,-0.09937955150061839,-0.045533078625159165,0.1825360876608903,0.18812943562247017,0.024186134338378906,False,DISABLED,none,MODEL_ORIGIN_FRAME_NOT_ESTABLISHED,nan,nan,nan,nan,nan,nan,nan,nan,nan,nan,nan,nan,nan,NOT_EVALUATED,nan,nan,nan,nan,DISABLED,nan,nan,nan,nan,nan,nan
1791355954.138403,1791355954.1646264,1791355954.1688206,1791355954.1688728,front_rgbd_red_sphere,True,True,True,,29.352,29.352,1791355954.1646264,1791355954.1618814,1791355954.138403,1791355954.138403,1791355954.138403,0.0,1791355953.1224132,1791355954.1424189,1791355954.1275408,1791355954.1424189,1791355954.1275408,1791355954.1424189,1791355953.1184132,1791355954.1424189,1791355953.1224132,1791355954.1424189,1791355924.786403,GAZEBO_CLOCK_SYSTEM_INTERPOLATION,MAPPED_EXACT,0,29.352,1791355954.138403,0.002510547637939453,0.0,RGB,0.0,0,1,0,UNCALIBRATED,PREPARATION,FAR,TURNING,1.0,124,1.0,20.333581924438477,0.8595914244651794,nan,nan,False,0.0,0.0,0.0,0.0,0,0,0,0,0,0.0,0.0,0.0,0.0,0.0,0.0,0.0,0.0,0.0,0.0,0.0,0.0,0.0,0.0,13.272684940538255,-14.676845361792093,4.677668737412876,0.0,0.0,0.0,0.0,0.0,0.0,0.0,0.0,0.0,0.0,0.0,False,DISABLED,0,nan,nan,nan,nan,nan,nan,nan,nan,nan,nan,nan,nan,nan,nan,nan,nan,nan,nan,nan,nan,nan,nan,nan,nan,nan,nan,nan,nan,nan,nan,nan,nan,nan,nan,12.350106852192262,16.255942995338053,-0.11188144157387664,0.0802791845500552,0.0802791845500552,0.0802791845500552,12.504309113642362,16.36375283413051,-0.06634940362648063,-0.1542022614501004,-0.10780983879245554,-0.045532037947396006,0.188152328650964,0.1935832256586905,0.026223421096801758,False,DISABLED,none,MODEL_ORIGIN_FRAME_NOT_ESTABLISHED,nan,nan,nan,nan,nan,nan,nan,nan,nan,nan,nan,nan,nan,NOT_EVALUATED,nan,nan,nan,nan,DISABLED,nan,nan,nan,nan,nan,nan
1791355954.186411,1791355954.2204115,1791355954.2258375,1791355954.2258658,front_rgbd_red_sphere,True,True,True,,29.4,29.4,1791355954.2204115,1791355954.2084317,1791355954.186411,1791355954.186411,1791355954.186411,0.0,1791355953.1824236,1791355954.1984203,1791355954.1835408,1791355954.1984203,1791355954.187541,1791355954.2024128,1791355953.1824236,1791355954.1984203,1791355953.1824236,1791355954.2024128,1791355924.7864108,GAZEBO_CLOCK_SYSTEM_INTERPOLATION,MAPPED_EXACT,0,29.4,1791355954.186411,0.0023376941680908203,0.0,RGB,0.0,0,1,0,UNCALIBRATED,PREPARATION,FAR,TURNING,1.0,113,1.0,20.534910202026367,0.8414281010627747,nan,nan,False,0.0,0.0,0.0,0.0,0,0,0,0,0,0.0,0.0,0.0,0.0,0.0,0.0,0.0,0.0,0.0,0.0,0.0,0.0,0.0,0.0,13.684438776180498,-14.529284146465782,4.828933871052959,0.0,0.0,0.0,0.0,0.0,0.0,0.0,0.0,0.0,0.0,0.0,False,DISABLED,0,nan,nan,nan,nan,nan,nan,nan,nan,nan,nan,nan,nan,nan,nan,nan,nan,nan,nan,nan,nan,nan,nan,nan,nan,nan,nan,nan,nan,nan,nan,nan,nan,nan,nan,12.479633123175281,16.409352136577525,-0.12300217869061564,0.08142411388034164,0.08142411388034164,0.08142411388034164,12.625641301425636,16.5126463955584,-0.07628727042488717,-0.14600817825035506,-0.10329425898087408,-0.046714908265728466,0.17885215138318952,0.18485230512133402,0.03400063514709473,False,DISABLED,none,MODEL_ORIGIN_FRAME_NOT_ESTABLISHED,nan,nan,nan,nan,nan,nan,nan,nan,nan,nan,nan,nan,nan,NOT_EVALUATED,nan,nan,nan,nan,DISABLED,nan,nan,nan,nan,nan,nan
1791355954.2384067,1791355954.275484,1791355954.279482,1791355954.2795074,front_rgbd_red_sphere,True,True,True,,29.452,29.452,1791355954.275484,1791355954.2630246,1791355954.2384067,1791355954.2384067,1791355954.2384067,0.0,1791355953.242426,1791355954.262423,1791355954.247541,1791355954.262423,1791355954.247541,1791355954.262423,1791355953.238409,1791355954.262423,1791355953.242426,1791355954.262423,1791355924.7864068,GAZEBO_CLOCK_SYSTEM_INTERPOLATION,MAPPED_EXACT,0,29.452,1791355954.2384067,0.0013959407806396484,0.0,RGB,0.0,0,1,0,UNCALIBRATED,PREPARATION,FAR,TURNING,1.0,106,1.0,20.736637115478516,0.8203024864196777,nan,nan,False,0.0,0.0,0.0,0.0,0,0,0,0,0,0.0,0.0,0.0,0.0,0.0,0.0,0.0,0.0,0.0,0.0,0.0,0.0,0.0,0.0,14.142386618961169,-14.316385779855176,5.004208552259436,0.0,0.0,0.0,0.0,0.0,0.0,0.0,0.0,0.0,0.0,0.0,False,DISABLED,0,nan,nan,nan,nan,nan,nan,nan,nan,nan,nan,nan,nan,nan,nan,nan,nan,nan,nan,nan,nan,nan,nan,nan,nan,nan,nan,nan,nan,nan,nan,nan,nan,nan,nan,12.612062512475177,16.560812289849714,-0.1340758172703435,0.08257942925479847,0.08257942925479847,0.08257942925479847,12.759542720685682,16.671780704431278,-0.0865702189397987,-0.14748020821050467,-0.11096841458156348,-0.04750559833054481,0.184565437849451,0.19058117095165153,0.03707742691040039,False,DISABLED,none,MODEL_ORIGIN_FRAME_NOT_ESTABLISHED,nan,nan,nan,nan,nan,nan,nan,nan,nan,nan,nan,nan,nan,NOT_EVALUATED,nan,nan,nan,nan,DISABLED,nan,nan,nan,nan,nan,nan
1791355954.286413,1791355954.3100913,1791355954.3141017,1791355954.314132,front_rgbd_red_sphere,True,True,True,,29.5,29.5,1791355954.3100913,1791355954.3090405,1791355954.286413,1791355954.286413,1791355954.286413,0.0,1791355953.3024137,1791355954.3024385,1791355954.287541,1791355954.3024385,1791355954.287541,1791355954.3024385,1791355953.3024137,1791355954.3024385,1791355953.3024137,1791355954.3024385,1791355924.786413,GAZEBO_CLOCK_SYSTEM_INTERPOLATION,MAPPED_EXACT,0,29.5,1791355954.286413,0.003915071487426758,0.0,RGB,0.0,0,1,0,UNCALIBRATED,PREPARATION,FAR,TURNING,1.0,94,1.0,20.938098907470703,0.7993784546852112,nan,nan,False,0.0,0.0,0.0,0.0,0,0,0,0,0,0.0,0.0,0.0,0.0,0.0,0.0,0.0,0.0,0.0,0.0,0.0,0.0,0.0,0.0,14.59704680789604,-14.086427089121383,5.186788481374981,0.0,0.0,0.0,0.0,0.0,0.0,0.0,0.0,0.0,0.0,0.0,False,DISABLED,0,nan,nan,nan,nan,nan,nan,nan,nan,nan,nan,nan,nan,nan,nan,nan,nan,nan,nan,nan,nan,nan,nan,nan,nan,nan,nan,nan,nan,nan,nan,nan,nan,nan,nan,12.745419028951892,16.711428150868684,-0.14409585212966952,0.08374135580689956,0.08374135580689956,0.08374135580689956,12.885672559062781,16.816606042249408,-0.09554133060900619,-0.1402535301108898,-0.10517789138072331,-0.048554521520663335,0.17530955919133875,0.18190927162726497,0.023678302764892578,False,DISABLED,none,MODEL_ORIGIN_FRAME_NOT_ESTABLISHED,nan,nan,nan,nan,nan,nan,nan,nan,nan,nan,nan,nan,nan,NOT_EVALUATED,nan,nan,nan,nan,DISABLED,nan,nan,nan,nan,nan,nan
1791355954.3384094,1791355954.361492,1791355954.3673005,1791355954.3673527,front_rgbd_red_sphere,True,True,True,,29.552,29.552,1791355954.361492,1791355954.3599145,1791355954.3384094,1791355954.3384094,1791355954.3384094,0.0,1791355953.342431,1791355954.3424697,1791355954.3275409,1791355954.3424697,1791355954.3275409,1791355954.3424697,1791355953.342431,1791355954.3424697,1791355953.342431,1791355954.3424697,1791355924.7864094,GAZEBO_CLOCK_SYSTEM_INTERPOLATION,MAPPED_EXACT,0,29.552,1791355954.3384094,0.0034439563751220703,0.0,RGB,0.0,0,1,0,UNCALIBRATED,PREPARATION,FAR,TURNING,1.0,89,1.0,21.138965606689453,0.7751738429069519,nan,nan,False,0.0,0.0,0.0,0.0,0,0,0,0,0,0.0,0.0,0.0,0.0,0.0,0.0,0.0,0.0,0.0,0.0,0.0,0.0,0.0,0.0,15.099549342684774,-13.776499862908487,5.3914284178769325,0.0,0.0,0.0,0.0,0.0,0.0,0.0,0.0,0.0,0.0,0.0,False,DISABLED,0,nan,nan,nan,nan,nan,nan,nan,nan,nan,nan,nan,nan,nan,nan,nan,nan,nan,nan,nan,nan,nan,nan,nan,nan,nan,nan,nan,nan,nan,nan,nan,nan,nan,nan,12.880255096556738,16.859700853692225,-0.1538774399443425,0.08490792784299069,0.08490792784299069,0.08490792784299069,13.024886948480503,16.97122136906266,-0.10466183807803557,-0.1446318519237657,-0.11152051537043661,-0.04921560186630693,0.18263405470882443,0.18914907720221294,0.023082494735717773,False,DISABLED,none,MODEL_ORIGIN_FRAME_NOT_ESTABLISHED,nan,nan,nan,nan,nan,nan,nan,nan,nan,nan,nan,nan,nan,NOT_EVALUATED,nan,nan,nan,nan,DISABLED,nan,nan,nan,nan,nan,nan
1791355954.3864105,1791355954.4083006,1791355954.41339,1791355954.4134247,front_rgbd_red_sphere,True,True,True,,29.6,29.6,1791355954.4083006,1791355954.4062417,1791355954.3864105,1791355954.3864105,1791355954.3864105,0.0,1791355953.402418,1791355954.3984206,1791355954.3835409,1791355954.3984206,1791355954.3875408,1791355954.402422,1791355953.3824213,1791355954.3984206,1791355953.402418,1791355954.402422,1791355924.7864106,GAZEBO_CLOCK_SYSTEM_INTERPOLATION,MAPPED_EXACT,0,29.6,1791355954.3864105,0.002820730209350586,0.0,RGB,0.0,0,1,0,UNCALIBRATED,PREPARATION,FAR,TURNING,1.0,81,1.0,21.340709686279297,0.7515345811843872,nan,nan,False,0.0,0.0,0.0,0.0,0,0,0,0,0,0.0,0.0,0.0,0.0,0.0,0.0,0.0,0.0,0.0,0.0,0.0,0.0,0.0,0.0,15.592419038436889,-13.453283462253632,5.5956726223067115,0.0,0.0,0.0,0.0,0.0,0.0,0.0,0.0,0.0,0.0,0.0,False,DISABLED,0,nan,nan,nan,nan,nan,nan,nan,nan,nan,nan,nan,nan,nan,nan,nan,nan,nan,nan,nan,nan,nan,nan,nan,nan,nan,nan,nan,nan,nan,nan,nan,nan,nan,nan,13.015749503984251,17.00853769178787,-0.16268148811467226,0.08608772855466006,0.08608772855466006,0.08608772855466006,13.155849026628298,17.11155299289766,-0.11244156202511214,-0.14009952264404646,-0.10301530110979229,-0.050239926089560114,0.17389660292205497,0.18100850444472305,0.02189016342163086,False,DISABLED,none,MODEL_ORIGIN_FRAME_NOT_ESTABLISHED,nan,nan,nan,nan,nan,nan,nan,nan,nan,nan,nan,nan,nan,NOT_EVALUATED,nan,nan,nan,nan,DISABLED,nan,nan,nan,nan,nan,nan
1791355954.4384084,1791355954.4617934,1791355954.4674833,1791355954.46752,front_rgbd_red_sphere,True,True,True,,29.652,29.652,1791355954.4617934,1791355954.459513,1791355954.4384084,1791355954.4384084,1791355954.4384084,0.0,1791355953.442427,1791355954.4384084,1791355954.4235408,1791355954.4384084,1791355954.427541,1791355954.4424305,1791355953.4224176,1791355954.4384084,1791355953.442427,1791355954.4424305,1791355924.7864084,GAZEBO_CLOCK_SYSTEM_INTERPOLATION,MAPPED_EXACT,0,29.652,1791355954.4384084,0.0037653446197509766,0.0,RGB,0.0,0,1,0,UNCALIBRATED,PREPARATION,FAR,TURNING,1.0,72,1.0,21.541568756103516,0.7247499823570251,nan,nan,False,0.0,0.0,0.0,0.0,0,0,0,0,0,0.0,0.0,0.0,0.0,0.0,0.0,0.0,0.0,0.0,0.0,0.0,0.0,0.0,0.0,16.127422614213067,-13.043424080987325,5.81502396944197,0.0,0.0,0.0,0.0,0.0,0.0,0.0,0.0,0.0,0.0,0.0,False,DISABLED,0,nan,nan,nan,nan,nan,nan,nan,nan,nan,nan,nan,nan,nan,nan,nan,nan,nan,nan,nan,nan,nan,nan,nan,nan,nan,nan,nan,nan,nan,nan,nan,nan,nan,nan,13.151563797915133,17.155318442553682,-0.17119322831450962,0.0872704272537996,0.0872704272537996,0.0872704272537996,13.300392155257434,17.261161733538707,-0.12016993844694428,-0.1488283573423015,-0.10584329098502465,-0.05102328986756534,0.18262716718973765,0.1896208277185235,0.023385047912597656,False,DISABLED,none,MODEL_ORIGIN_FRAME_NOT_ESTABLISHED,nan,nan,nan,nan,nan,nan,nan,nan,nan,nan,nan,nan,nan,NOT_EVALUATED,nan,nan,nan,nan,DISABLED,nan,nan,nan,nan,nan,nan
1791355954.486409,1791355954.5120997,1791355954.516083,1791355954.5161178,front_rgbd_red_sphere,True,True,True,,29.7,29.7,1791355954.5120997,1791355954.5091772,1791355954.486409,1791355954.486409,1791355954.486409,0.0,1791355953.4824157,1791355954.5024192,1791355954.487541,1791355954.5024192,1791355954.487541,1791355954.5024192,1791355953.4784093,1791355954.5024192,1791355953.4824157,1791355954.5024192,1791355924.786409,GAZEBO_CLOCK_SYSTEM_INTERPOLATION,MAPPED_EXACT,0,29.7,1791355954.486409,0.002099275588989258,0.0,RGB,0.0,0,1,0,UNCALIBRATED,PREPARATION,FAR,TURNING,1.0,69,1.0,21.7425537109375,0.6992074251174927,nan,nan,False,0.0,0.0,0.0,0.0,0,0,0,0,0,0.0,0.0,0.0,0.0,0.0,0.0,0.0,0.0,0.0,0.0,0.0,0.0,0.0,0.0,16.640719530067823,-12.62960055619817,6.02646806265255,0.0,0.0,0.0,0.0,0.0,0.0,0.0,0.0,0.0,0.0,0.0,False,DISABLED,0,nan,nan,nan,nan,nan,nan,nan,nan,nan,nan,nan,nan,nan,nan,nan,nan,nan,nan,nan,nan,nan,nan,nan,nan,nan,nan,nan,nan,nan,nan,nan,nan,nan,nan,13.28845465949351,17.301563288643433,-0.17869223288124875,0.08846195451926903,0.08846195451926903,0.08846195451926903,13.436315271677465,17.396689979208684,-0.12657201875563115,-0.14786061218395474,-0.09512669056525169,-0.0521202141256176,0.1758176552377804,0.18338038230359113,0.025690793991088867,False,DISABLED,none,MODEL_ORIGIN_FRAME_NOT_ESTABLISHED,nan,nan,nan,nan,nan,nan,nan,nan,nan,nan,nan,nan,nan,NOT_EVALUATED,nan,nan,nan,nan,DISABLED,nan,nan,nan,nan,nan,nan
1791355954.538413,1791355954.5623608,1791355954.5679564,1791355954.567981,front_rgbd_red_sphere,True,True,True,,29.752,29.752,1791355954.5623608,1791355954.5600893,1791355954.538413,1791355954.538413,1791355954.538413,0.0,1791355953.5424147,1791355954.5424283,1791355954.527541,1791355954.5424283,1791355954.527541,1791355954.5424283,1791355953.5424147,1791355954.5424283,1791355953.5424147,1791355954.5424283,1791355924.786413,GAZEBO_CLOCK_SYSTEM_INTERPOLATION,MAPPED_EXACT,0,29.752,1791355954.538413,0.00045180320739746094,0.0,RGB,0.0,0,1,0,UNCALIBRATED,PREPARATION,FAR,TURNING,1.0,62,1.0,21.943689346313477,0.6709619760513306,nan,nan,False,0.0,0.0,0.0,0.0,0,0,0,0,0,0.0,0.0,0.0,0.0,0.0,0.0,0.0,0.0,0.0,0.0,0.0,0.0,0.0,0.0,17.186823107124304,-12.128767543284223,6.247529280706663,0.0,0.0,0.0,0.0,0.0,0.0,0.0,0.0,0.0,0.0,0.0,False,DISABLED,0,nan,nan,nan,nan,nan,nan,nan,nan,nan,nan,nan,nan,nan,nan,nan,nan,nan,nan,nan,nan,nan,nan,nan,nan,nan,nan,nan,nan,nan,nan,nan,nan,nan,nan,13.42727722066925,17.445740379556984,-0.18532486108110774,0.08966245461607772,0.08966245461607772,0.08966245461607772,13.586209352897745,17.540830216985622,-0.1327170410963099,-0.1589321322284949,-0.09508983742863819,-0.05260781998479783,0.18520664090928443,0.19253332844069757,0.023947715759277344,False,DISABLED,none,MODEL_ORIGIN_FRAME_NOT_ESTABLISHED,nan,nan,nan,nan,nan,nan,nan,nan,nan,nan,nan,nan,nan,NOT_EVALUATED,nan,nan,nan,nan,DISABLED,nan,nan,nan,nan,nan,nan
1791355954.586412,1791355954.610136,1791355954.61592,1791355954.6159594,front_rgbd_red_sphere,True,True,True,,29.8,29.8,1791355954.610136,1791355954.6076832,1791355954.586412,1791355954.586412,1791355954.586412,0.0,1791355953.602416,1791355954.5984285,1791355954.583541,1791355954.5984285,1791355954.5875409,1791355954.6024277,1791355953.5984273,1791355954.5984285,1791355953.602416,1791355954.6024277,1791355924.786412,GAZEBO_CLOCK_SYSTEM_INTERPOLATION,MAPPED_EXACT,0,29.8,1791355954.586412,0.0040476322174072266,0.0,RGB,0.0,0,1,0,UNCALIBRATED,PREPARATION,FAR,TURNING,1.0,57,1.0,22.14459991455078,0.6446221470832825,nan,nan,False,0.0,0.0,0.0,0.0,0,0,0,0,0,0.0,0.0,0.0,0.0,0.0,0.0,0.0,0.0,0.0,0.0,0.0,0.0,0.0,0.0,17.700773907438013,-11.635532189346527,6.456029876043889,0.0,0.0,0.0,0.0,0.0,0.0,0.0,0.0,0.0,0.0,0.0,False,DISABLED,0,nan,nan,nan,nan,nan,nan,nan,nan,nan,nan,nan,nan,nan,nan,nan,nan,nan,nan,nan,nan,nan,nan,nan,nan,nan,nan,nan,nan,nan,nan,nan,nan,nan,nan,13.567604020110192,17.588446788979834,-0.1912740300146582,0.09086969348224123,0.09086969348224123,0.09086969348224123,13.727178781675711,17.67119096289265,-0.13758554261412667,-0.1595747615655192,-0.08274417391281474,-0.05368848740053153,0.17975178120176288,0.18759839158309294,0.023724079132080078,False,DISABLED,none,MODEL_ORIGIN_FRAME_NOT_ESTABLISHED,nan,nan,nan,nan,nan,nan,nan,nan,nan,nan,nan,nan,nan,NOT_EVALUATED,nan,nan,nan,nan,DISABLED,nan,nan,nan,nan,nan,nan
1791355954.638412,1791355954.6623883,1791355954.666241,1791355954.6662686,front_rgbd_red_sphere,True,True,True,,29.852,29.852,1791355954.6623883,1791355954.6602087,1791355954.638412,1791355954.638412,1791355954.638412,0.0,1791355953.6224167,1791355954.638412,1791355954.6235409,1791355954.638412,1791355954.6275408,1791355954.6424289,1791355953.6224167,1791355954.638412,1791355953.6224167,1791355954.6424289,1791355924.786412,GAZEBO_CLOCK_SYSTEM_INTERPOLATION,MAPPED_EXACT,0,29.852,1791355954.638412,0.0004055500030517578,0.0,RGB,0.0,0,1,0,UNCALIBRATED,PREPARATION,FAR,TURNING,1.0,54,1.0,22.3455753326416,0.6161423921585083,nan,nan,False,0.0,0.0,0.0,0.0,0,0,0,0,0,0.0,0.0,0.0,0.0,0.0,0.0,0.0,0.0,0.0,0.0,0.0,0.0,0.0,0.0,18.236532264123884,-11.057719570939359,6.6693670076762235,0.0,0.0,0.0,0.0,0.0,0.0,0.0,0.0,0.0,0.0,0.0,False,DISABLED,0,nan,nan,nan,nan,nan,nan,nan,nan,nan,nan,nan,nan,nan,nan,nan,nan,nan,nan,nan,nan,nan,nan,nan,nan,nan,nan,nan,nan,nan,nan,nan,nan,nan,nan,13.707886696431617,17.72998389778795,-0.1959151231519533,0.09208539293221216,0.09208539293221216,0.09208539293221216,13.882511384199235,17.80947823284015,-0.14199952646768396,-0.17462468776761852,-0.07949433505219972,-0.053915596684269346,0.19186748261060196,0.1992988270139853,0.02397632598876953,False,DISABLED,none,MODEL_ORIGIN_FRAME_NOT_ESTABLISHED,nan,nan,nan,nan,nan,nan,nan,nan,nan,nan,nan,nan,nan,NOT_EVALUATED,nan,nan,nan,nan,DISABLED,nan,nan,nan,nan,nan,nan
1791355954.6864038,1791355954.7099674,1791355954.7160864,1791355954.7161286,front_rgbd_red_sphere,True,True,True,,29.9,29.9,1791355954.7099674,1791355954.7076867,1791355954.6864038,1791355954.6864038,1791355954.6864038,0.0,1791355953.6824217,1791355954.702412,1791355954.687541,1791355954.702412,1791355954.687541,1791355954.702412,1791355953.6784246,1791355954.702412,1791355953.6824217,1791355954.702412,1791355924.7864037,GAZEBO_CLOCK_SYSTEM_INTERPOLATION,MAPPED_EXACT,0,29.9,1791355954.6864038,0.0038802623748779297,0.0,RGB,0.0,0,1,0,UNCALIBRATED,PREPARATION,FAR,TURNING,1.0,48,1.0,22.546226501464844,0.590057909488678,nan,nan,False,0.0,0.0,0.0,0.0,0,0,0,0,0,0.0,0.0,0.0,0.0,0.0,0.0,0.0,0.0,0.0,0.0,0.0,0.0,0.0,0.0,18.733850380542826,-10.498731297230455,6.866718636209448,0.0,0.0,0.0,0.0,0.0,0.0,0.0,0.0,0.0,0.0,0.0,False,DISABLED,0,nan,nan,nan,nan,nan,nan,nan,nan,nan,nan,nan,nan,nan,nan,nan,nan,nan,nan,nan,nan,nan,nan,nan,nan,nan,nan,nan,nan,nan,nan,nan,nan,nan,nan,13.849954862516373,17.86949412637971,-0.19903664288355388,0.0933071959312028,0.0933071959312028,0.0933071959312028,14.028547533327286,17.93425362972118,-0.14521368218736946,-0.17859267081091268,-0.06475950334147029,-0.05382296069618442,0.1899714066390227,0.19744884511820254,0.023563623428344727,False,DISABLED,none,MODEL_ORIGIN_FRAME_NOT_ESTABLISHED,nan,nan,nan,nan,nan,nan,nan,nan,nan,nan,nan,nan,nan,NOT_EVALUATED,nan,nan,nan,nan,DISABLED,nan,nan,nan,nan,nan,nan
1791355954.7384028,1791355954.7640996,1791355954.769722,1791355954.7697654,front_rgbd_red_sphere,True,True,True,,29.952,29.952,1791355954.7640996,1791355954.7628255,1791355954.7384028,1791355954.7384028,1791355954.7384028,0.0,1791355953.7224212,1791355954.742429,1791355954.727587,1791355954.742429,1791355954.727587,1791355954.742429,1791355953.7184117,1791355954.742429,1791355953.7224212,1791355954.742429,1791355924.786403,GAZEBO_CLOCK_SYSTEM_INTERPOLATION,MAPPED_EXACT,0,29.952,1791355954.7384028,0.002075672149658203,0.0,RGB,0.0,0,1,0,UNCALIBRATED,PREPARATION,FAR,TURNING,1.0,46,1.0,22.74697494506836,0.5623963475227356,nan,nan,False,0.0,0.0,0.0,0.0,0,0,0,0,0,0.0,0.0,0.0,0.0,0.0,0.0,0.0,0.0,0.0,0.0,0.0,0.0,0.0,0.0,19.24348129149538,-9.858838851236117,7.065170526537693,0.0,0.0,0.0,0.0,0.0,0.0,0.0,0.0,0.0,0.0,0.0,False,DISABLED,0,nan,nan,nan,nan,nan,nan,nan,nan,nan,nan,nan,nan,nan,nan,nan,nan,nan,nan,nan,nan,nan,nan,nan,nan,nan,nan,nan,nan,nan,nan,nan,nan,nan,nan,13.992268317609271,18.007599465135424,-0.2012099359901493,0.09453765238655357,0.09453765238655357,0.09453765238655357,14.189298119175609,18.066210314918308,-0.14778654195688196,-0.19702980156633743,-0.05861084978288389,-0.053423394033267346,0.20556258029500915,0.21239122733195884,0.025696754455566406,False,DISABLED,none,MODEL_ORIGIN_FRAME_NOT_ESTABLISHED,nan,nan,nan,nan,nan,nan,nan,nan,nan,nan,nan,nan,nan,NOT_EVALUATED,nan,nan,nan,nan,DISABLED,nan,nan,nan,nan,nan,nan
1791355954.7864168,1791355954.8086345,1791355954.815064,1791355954.8151019,front_rgbd_red_sphere,True,True,True,,30.0,30.0,1791355954.8086345,1791355954.8058224,1791355954.7864168,1791355954.7864168,1791355954.7864168,0.0,1791355953.7824092,1791355954.7984219,1791355954.783587,1791355954.7984219,1791355954.787587,1791355954.8024182,1791355953.7824092,1791355954.7984219,1791355953.7824092,1791355954.8024182,1791355924.7864168,GAZEBO_CLOCK_SYSTEM_INTERPOLATION,MAPPED_EXACT,0,30.0,1791355954.7864168,0.0033249855041503906,0.0,RGB,0.0,0,1,0,UNCALIBRATED,PREPARATION,FAR,TURNING,1.0,43,1.0,22.947111129760742,0.5375950932502747,nan,nan,False,0.0,0.0,0.0,0.0,0,0,0,0,0,0.0,0.0,0.0,0.0,0.0,0.0,0.0,0.0,0.0,0.0,0.0,0.0,0.0,0.0,19.71025233838896,-9.249961238587291,7.246659565147674,0.0,0.0,0.0,0.0,0.0,0.0,0.0,0.0,0.0,0.0,0.0,False,DISABLED,0,nan,nan,nan,nan,nan,nan,nan,nan,nan,nan,nan,nan,nan,nan,nan,nan,nan,nan,nan,nan,nan,nan,nan,nan,nan,nan,nan,nan,nan,nan,nan,nan,nan,nan,14.136996622427521,18.14294000101947,-0.2022649399596385,0.0957723681626865,0.0957723681626865,0.0957723681626865,14.340312783348487,18.184912591494363,-0.14926463750913663,-0.20331616092096638,-0.0419725904748951,-0.053000302450501885,0.20760337098133438,0.2142619698001916,0.022217750549316406,False,DISABLED,none,MODEL_ORIGIN_FRAME_NOT_ESTABLISHED,nan,nan,nan,nan,nan,nan,nan,nan,nan,nan,nan,nan,nan,NOT_EVALUATED,nan,nan,nan,nan,DISABLED,nan,nan,nan,nan,nan,nan
1791355954.8384087,1791355954.8615801,1791355954.8677251,1791355954.8677745,front_rgbd_red_sphere,True,True,True,,30.052,30.052,1791355954.8615801,1791355954.859416,1791355954.8384087,1791355954.8384087,1791355954.8384087,0.0,1791355953.8424284,1791355954.8384087,1791355954.823587,1791355954.8384087,1791355954.827587,1791355954.8424351,1791355953.8384006,1791355954.8384087,1791355953.8424284,1791355954.8424351,1791355924.7864087,GAZEBO_CLOCK_SYSTEM_INTERPOLATION,MAPPED_EXACT,0,30.052,1791355954.8384087,0.0034933090209960938,0.0,RGB,0.0,0,1,0,UNCALIBRATED,PREPARATION,FAR,TURNING,1.0,41,1.0,23.146949768066406,0.5118865966796875,nan,nan,False,0.0,0.0,0.0,0.0,0,0,0,0,0,0.0,0.0,0.0,0.0,0.0,0.0,0.0,0.0,0.0,0.0,0.0,0.0,0.0,0.0,20.180019265282848,-8.569845106492169,7.423332228248617,0.0,0.0,0.0,0.0,0.0,0.0,0.0,0.0,0.0,0.0,0.0,False,DISABLED,0,nan,nan,nan,nan,nan,nan,nan,nan,nan,nan,nan,nan,nan,nan,nan,nan,nan,nan,nan,nan,nan,nan,nan,nan,nan,nan,nan,nan,nan,nan,nan,nan,nan,nan,14.282584385036966,18.275714322938775,-0.2020755873732067,0.09701324805299787,0.09701324805299787,0.09701324805299787,14.506389528969118,18.31004337425412,-0.14993301032240416,-0.223805143932152,-0.03432905131534625,-0.052142577050802524,0.22642267160048915,0.2323490360561064,0.023171424865722656,False,DISABLED,none,MODEL_ORIGIN_FRAME_NOT_ESTABLISHED,nan,nan,nan,nan,nan,nan,nan,nan,nan,nan,nan,nan,nan,NOT_EVALUATED,nan,nan,nan,nan,DISABLED,nan,nan,nan,nan,nan,nan
1791355954.886405,1791355954.9049947,1791355954.9145248,1791355954.9145777,front_rgbd_red_sphere,True,True,True,,30.1,30.1,1791355954.9049947,1791355954.902821,1791355954.886405,1791355954.886405,1791355954.886405,0.0,1791355953.882412,1791355954.9024227,1791355954.8875868,1791355954.9024227,1791355954.8875868,1791355954.9024227,1791355953.878404,1791355954.9024227,1791355953.882412,1791355954.9024227,1791355924.786405,GAZEBO_CLOCK_SYSTEM_INTERPOLATION,MAPPED_EXACT,0,30.1,1791355954.886405,0.0022106170654296875,0.0,RGB,0.0,0,1,0,UNCALIBRATED,PREPARATION,FAR,TURNING,1.0,38,1.0,23.34649085998535,0.48940733075141907,nan,nan,False,0.0,0.0,0.0,0.0,0,0,0,0,0,0.0,0.0,0.0,0.0,0.0,0.0,0.0,0.0,0.0,0.0,0.0,0.0,0.0,0.0,20.6058847999541,-7.935016083459011,7.582327027432851,0.0,0.0,0.0,0.0,0.0,0.0,0.0,0.0,0.0,0.0,0.0,False,DISABLED,0,nan,nan,nan,nan,nan,nan,nan,nan,nan,nan,nan,nan,nan,nan,nan,nan,nan,nan,nan,nan,nan,nan,nan,nan,nan,nan,nan,nan,nan,nan,nan,nan,nan,nan,14.431612970982448,18.405342348873056,-0.2007726096936832,0.09826025111330429,0.09826025111330429,0.09826025111330429,14.66220617916444,18.42216929842945,-0.14963932362940188,-0.23059320818199147,-0.016826949556392634,-0.05113328606428133,0.23120634483300115,0.23679313088594497,0.01858973503112793,False,DISABLED,none,MODEL_ORIGIN_FRAME_NOT_ESTABLISHED,nan,nan,nan,nan,nan,nan,nan,nan,nan,nan,nan,nan,nan,NOT_EVALUATED,nan,nan,nan,nan,DISABLED,nan,nan,nan,nan,nan,nan
1791355954.9384139,1791355954.9621577,1791355954.9660664,1791355954.9660923,front_rgbd_red_sphere,True,True,True,,30.152,30.152,1791355954.9621577,1791355954.959895,1791355954.9384139,1791355954.9384139,1791355954.9384139,0.0,1791355953.922416,1791355954.9424284,1791355954.927587,1791355954.9424284,1791355954.927587,1791355954.9424284,1791355953.9184105,1791355954.9424284,1791355953.922416,1791355954.9424284,1791355924.786414,GAZEBO_CLOCK_SYSTEM_INTERPOLATION,MAPPED_EXACT,0,30.152,1791355954.9384139,0.00404047966003418,0.0,RGB,0.0,0,1,0,UNCALIBRATED,PREPARATION,FAR,TURNING,1.0,38,1.0,23.545835494995117,0.4668073058128357,nan,nan,False,0.0,0.0,0.0,0.0,0,0,0,0,0,0.0,0.0,0.0,0.0,0.0,0.0,0.0,0.0,0.0,0.0,0.0,0.0,0.0,0.0,21.026658040615462,-7.2457451127006465,7.732086230004281,0.0,0.0,0.0,0.0,0.0,0.0,0.0,0.0,0.0,0.0,0.0,False,DISABLED,0,nan,nan,nan,nan,nan,nan,nan,nan,nan,nan,nan,nan,nan,nan,nan,nan,nan,nan,nan,nan,nan,nan,nan,nan,nan,nan,nan,nan,nan,nan,nan,nan,nan,nan,14.58151281425329,18.532333797230187,-0.19895039943290088,0.09951396820211515,0.09951396820211515,0.09951396820211515,14.833600819436233,18.540081560352313,-0.14838700840914015,-0.2520880051829426,-0.0077477631221256615,-0.05056339102376073,0.2522070383445154,0.2572256727123745,0.023743867874145508,False,DISABLED,none,MODEL_ORIGIN_FRAME_NOT_ESTABLISHED,nan,nan,nan,nan,nan,nan,nan,nan,nan,nan,nan,nan,nan,NOT_EVALUATED,nan,nan,nan,nan,DISABLED,nan,nan,nan,nan,nan,nan
1791355954.9864109,1791355955.0066068,1791355955.0135217,1791355955.0135624,front_rgbd_red_sphere,True,True,True,,30.2,30.2,1791355955.0066068,1791355955.0038555,1791355954.9864109,1791355954.9864109,1791355954.9864109,0.0,1791355953.9824204,1791355954.9984186,1791355954.983587,1791355954.9984186,1791355954.987587,1791355955.002418,1791355953.9824204,1791355954.9984186,1791355953.9824204,1791355955.002418,1791355924.7864108,GAZEBO_CLOCK_SYSTEM_INTERPOLATION,MAPPED_EXACT,0,30.2,1791355954.9864109,0.0017421245574951172,0.0,RGB,0.0,0,1,0,UNCALIBRATED,PREPARATION,FAR,TURNING,1.0,35,1.0,23.744510650634766,0.447694331407547,nan,nan,False,0.0,0.0,0.0,0.0,0,0,0,0,0,0.0,0.0,0.0,0.0,0.0,0.0,0.0,0.0,0.0,0.0,0.0,0.0,0.0,0.0,21.40443287849628,-6.618690033869701,7.864160846717303,0.0,0.0,0.0,0.0,0.0,0.0,0.0,0.0,0.0,0.0,0.0,False,DISABLED,0,nan,nan,nan,nan,nan,nan,nan,nan,nan,nan,nan,nan,nan,nan,nan,nan,nan,nan,nan,nan,nan,nan,nan,nan,nan,nan,nan,nan,nan,nan,nan,nan,nan,nan,14.735590843962193,18.655157930780746,-0.1964333566956022,0.10077140158067517,0.10077140158067517,0.10077140158067517,14.994111631174885,18.645225322850457,-0.1463299987607515,-0.2585207872126922,0.009932607930288384,-0.050103357934850684,0.2587115268428659,0.26351850143341865,0.020195960998535156,False,DISABLED,none,MODEL_ORIGIN_FRAME_NOT_ESTABLISHED,nan,nan,nan,nan,nan,nan,nan,nan,nan,nan,nan,nan,nan,NOT_EVALUATED,nan,nan,nan,nan,DISABLED,nan,nan,nan,nan,nan,nan
1791355955.0384073,1791355955.071369,1791355955.0764532,1791355955.0764952,front_rgbd_red_sphere,True,True,True,,30.252,30.252,1791355955.0622034,1791355955.071369,1791355955.0384073,1791355955.0384073,1791355955.0384073,0.0,1791355954.0424223,1791355955.0624206,1791355955.047587,1791355955.0624206,1791355955.047587,1791355955.0624206,1791355954.0384018,1791355955.0624206,1791355954.0424223,1791355955.0624206,1791355924.7864072,GAZEBO_CLOCK_SYSTEM_INTERPOLATION,MAPPED_EXACT,0,30.252,1791355955.0384073,0.0014705657958984375,0.0,RGB,0.0,0,1,0,UNCALIBRATED,PREPARATION,FAR,TURNING,1.0,35,1.0,23.94254493713379,0.42912158370018005,nan,nan,False,0.0,0.0,0.0,0.0,0,0,0,0,0,0.0,0.0,0.0,0.0,0.0,0.0,0.0,0.0,0.0,0.0,0.0,0.0,0.0,0.0,21.77171205718147,-5.957323517596016,7.9842533527553226,0.0,0.0,0.0,0.0,0.0,0.0,0.0,0.0,0.0,0.0,0.0,False,DISABLED,0,nan,nan,nan,nan,nan,nan,nan,nan,nan,nan,nan,nan,nan,nan,nan,nan,nan,nan,nan,nan,nan,nan,nan,nan,nan,nan,nan,nan,nan,nan,nan,nan,nan,nan,14.891713544733774,18.773813255929667,-0.19361646837559782,0.10203261676264049,0.10203261676264049,0.10203261676264049,15.17049758891582,18.75535553420004,-0.14318922979106988,-0.2787840441820464,0.018457721729628673,-0.05042723858452794,0.27939440005473554,0.2839086775236123,0.03296160697937012,False,DISABLED,none,MODEL_ORIGIN_FRAME_NOT_ESTABLISHED,nan,nan,nan,nan,nan,nan,nan,nan,nan,nan,nan,nan,nan,NOT_EVALUATED,nan,nan,nan,nan,DISABLED,nan,nan,nan,nan,nan,nan
1791355955.086419,1791355955.1096885,1791355955.113705,1791355955.1137347,front_rgbd_red_sphere,True,True,True,,30.3,30.3,1791355955.1096885,1791355955.1065955,1791355955.086419,1791355955.086419,1791355955.086419,0.0,1791355954.1024098,1791355955.102417,1791355955.0875869,1791355955.102417,1791355955.0875869,1791355955.102417,1791355954.1024098,1791355955.102417,1791355954.1024098,1791355955.102417,1791355924.7864192,GAZEBO_CLOCK_SYSTEM_INTERPOLATION,MAPPED_EXACT,0,30.3,1791355955.086419,0.003530740737915039,0.0,RGB,0.0,0,1,0,UNCALIBRATED,PREPARATION,FAR,TURNING,1.0,33,1.0,24.139102935791016,0.41394364833831787,nan,nan,False,0.0,0.0,0.0,0.0,0,0,0,0,0,0.0,0.0,0.0,0.0,0.0,0.0,0.0,0.0,0.0,0.0,0.0,0.0,0.0,0.0,22.10035555636886,-5.368703649535943,8.089967547827824,0.0,0.0,0.0,0.0,0.0,0.0,0.0,0.0,0.0,0.0,0.0,False,DISABLED,0,nan,nan,nan,nan,nan,nan,nan,nan,nan,nan,nan,nan,nan,nan,nan,nan,nan,nan,nan,nan,nan,nan,nan,nan,nan,nan,nan,nan,nan,nan,nan,nan,nan,nan,15.051172495883753,18.888200083212993,-0.18962118246632226,0.10329219095239672,0.10329219095239672,0.10329219095239672,15.335818435132994,18.853302752347272,-0.13941575501633194,-0.2846459392492413,0.03489733086572144,-0.05020542744999032,0.28677715116904695,0.2911386600540551,0.0232694149017334,False,DISABLED,none,MODEL_ORIGIN_FRAME_NOT_ESTABLISHED,nan,nan,nan,nan,nan,nan,nan,nan,nan,nan,nan,nan,nan,NOT_EVALUATED,nan,nan,nan,nan,DISABLED,nan,nan,nan,nan,nan,nan
1791355955.1384063,1791355955.1737518,1791355955.1778042,1791355955.1778362,front_rgbd_red_sphere,True,True,True,,30.352,30.352,1791355955.1737518,1791355955.1622028,1791355955.1384063,1791355955.1384063,1791355955.1384063,0.0,1791355954.1584237,1791355955.1585128,1791355955.1435869,1791355955.1585128,1791355955.1475868,1791355955.162424,1791355954.1584237,1791355955.1585128,1791355954.1424189,1791355955.162424,1791355924.7864063,GAZEBO_CLOCK_SYSTEM_INTERPOLATION,MAPPED_EXACT,0,30.352,1791355955.1384063,0.003664255142211914,0.0,RGB,0.0,0,1,0,UNCALIBRATED,PREPARATION,FAR,TURNING,1.0,30,1.0,24.335487365722656,0.3996482491493225,nan,nan,False,0.0,0.0,0.0,0.0,0,0,0,0,0,0.0,0.0,0.0,0.0,0.0,0.0,0.0,0.0,0.0,0.0,0.0,0.0,0.0,0.0,22.417800394835016,-4.762310141097068,8.18404473568599,0.0,0.0,0.0,0.0,0.0,0.0,0.0,0.0,0.0,0.0,0.0,False,DISABLED,0,nan,nan,nan,nan,nan,nan,nan,nan,nan,nan,nan,nan,nan,nan,nan,nan,nan,nan,nan,nan,nan,nan,nan,nan,nan,nan,nan,nan,nan,nan,nan,nan,nan,nan,15.213636918689934,18.998316835832092,-0.18478003870549647,0.10455837635498562,0.10455837635498562,0.10455837635498562,15.517042917724739,18.955267196987787,-0.1344625128293823,-0.3034059990348048,0.04304963884430535,-0.05031752587611418,0.3064448917096402,0.31054842628038953,0.03534555435180664,False,DISABLED,none,MODEL_ORIGIN_FRAME_NOT_ESTABLISHED,nan,nan,nan,nan,nan,nan,nan,nan,nan,nan,nan,nan,nan,NOT_EVALUATED,nan,nan,nan,nan,DISABLED,nan,nan,nan,nan,nan,nan
1791355955.1864154,1791355955.2120173,1791355955.2174637,1791355955.2174983,front_rgbd_red_sphere,True,True,True,,30.4,30.4,1791355955.2120173,1791355955.2097692,1791355955.1864154,1791355955.1864154,1791355955.1864154,0.0,1791355954.2024128,1791355955.1984262,1791355955.1835868,1791355955.1984262,1791355955.187587,1791355955.2024195,1791355954.1984203,1791355955.1984262,1791355954.2024128,1791355955.2024195,1791355924.7864153,GAZEBO_CLOCK_SYSTEM_INTERPOLATION,MAPPED_EXACT,0,30.4,1791355955.1864154,0.0019960403442382812,0.0,RGB,0.0,0,1,0,UNCALIBRATED,PREPARATION,FAR,TURNING,1.0,30,1.0,24.529998779296875,0.38823869824409485,nan,nan,False,0.0,0.0,0.0,0.0,0,0,0,0,0,0.0,0.0,0.0,0.0,0.0,0.0,0.0,0.0,0.0,0.0,0.0,0.0,0.0,0.0,22.704408833269092,-4.229549499267968,8.266896402955927,0.0,0.0,0.0,0.0,0.0,0.0,0.0,0.0,0.0,0.0,0.0,False,DISABLED,0,nan,nan,nan,nan,nan,nan,nan,nan,nan,nan,nan,nan,nan,nan,nan,nan,nan,nan,nan,nan,nan,nan,nan,nan,nan,nan,nan,nan,nan,nan,nan,nan,nan,nan,15.380162361407905,19.10312266905452,-0.17915222165528183,0.10582008278215804,0.10582008278215804,0.10582008278215804,15.68658112137029,19.045406398958747,-0.1290701770868553,-0.3064187599623853,0.05771627009577429,-0.05008204456842652,0.3118070305343584,0.3158034760397804,0.025601863861083984,False,DISABLED,none,MODEL_ORIGIN_FRAME_NOT_ESTABLISHED,nan,nan,nan,nan,nan,nan,nan,nan,nan,nan,nan,nan,nan,NOT_EVALUATED,nan,nan,nan,nan,DISABLED,nan,nan,nan,nan,nan,nan
1791355955.2384124,1791355955.2611432,1791355955.2672129,1791355955.2672544,front_rgbd_red_sphere,True,True,True,,30.452,30.452,1791355955.2611432,1791355955.2590075,1791355955.2384124,1791355955.2384124,1791355955.2384124,0.0,1791355954.2424212,1791355955.2384126,1791355955.223587,1791355955.2384126,1791355955.227587,1791355955.2424302,1791355954.238407,1791355955.2384126,1791355954.2424212,1791355955.2424302,1791355924.7864125,GAZEBO_CLOCK_SYSTEM_INTERPOLATION,MAPPED_EXACT,0,30.452,1791355955.2384124,0.0031342506408691406,0.0,RGB,0.0,0,1,0,UNCALIBRATED,PREPARATION,FAR,TURNING,1.0,31,1.0,24.72414207458496,0.3777196407318115,nan,nan,False,0.0,0.0,0.0,0.0,0,0,0,0,0,0.0,0.0,0.0,0.0,0.0,0.0,0.0,0.0,0.0,0.0,0.0,0.0,0.0,0.0,22.98128886306229,-3.690173064039488,8.338235915845534,0.0,0.0,0.0,0.0,0.0,0.0,0.0,0.0,0.0,0.0,0.0,False,DISABLED,0,nan,nan,nan,nan,nan,nan,nan,nan,nan,nan,nan,nan,nan,nan,nan,nan,nan,nan,nan,nan,nan,nan,nan,nan,nan,nan,nan,nan,nan,nan,nan,nan,nan,nan,15.550411921279816,19.202736954582075,-0.1736809766004072,0.10708694638153739,0.10708694638153739,0.10708694638153739,15.872425162931513,19.13885125104257,-0.12242449491882594,-0.32201324165169787,0.06388570353950485,-0.05125648168158127,0.3282893707017823,0.332266666745472,0.02273082733154297,False,DISABLED,none,MODEL_ORIGIN_FRAME_NOT_ESTABLISHED,nan,nan,nan,nan,nan,nan,nan,nan,nan,nan,nan,nan,nan,NOT_EVALUATED,nan,nan,nan,nan,DISABLED,nan,nan,nan,nan,nan,nan
1791355955.286406,1791355955.3109426,1791355955.3166378,1791355955.3166797,front_rgbd_red_sphere,True,True,True,,30.5,30.5,1791355955.3109426,1791355955.3083806,1791355955.286406,1791355955.286406,1791355955.286406,0.0,1791355954.2824235,1791355955.3024197,1791355955.287587,1791355955.3024197,1791355955.287587,1791355955.3024197,1791355954.2784219,1791355955.3024197,1791355954.2824235,1791355955.3024197,1791355924.786406,GAZEBO_CLOCK_SYSTEM_INTERPOLATION,MAPPED_EXACT,0,30.5,1791355955.286406,0.0010747909545898438,0.0,RGB,0.0,0,1,0,UNCALIBRATED,PREPARATION,FAR,TURNING,1.0,30,1.0,24.917049407958984,0.36948370933532715,nan,nan,False,0.0,0.0,0.0,0.0,0,0,0,0,0,0.0,0.0,0.0,0.0,0.0,0.0,0.0,0.0,0.0,0.0,0.0,0.0,0.0,0.0,23.23549582323385,-3.221442654443223,8.40198838362496,0.0,0.0,0.0,0.0,0.0,0.0,0.0,0.0,0.0,0.0,0.0,False,DISABLED,0,nan,nan,nan,nan,nan,nan,nan,nan,nan,nan,nan,nan,nan,nan,nan,nan,nan,nan,nan,nan,nan,nan,nan,nan,nan,nan,nan,nan,nan,nan,nan,nan,nan,nan,15.726045750106751,19.297021439022494,-0.16862342481903875,0.10835321635596339,0.10835321635596339,0.10835321635596339,16.04597077618031,19.220906487980127,-0.11554611494537055,-0.31992502607356066,0.0761149510423671,-0.053077309873668196,0.3288548434801446,0.3331106556443006,0.024536609649658203,False,DISABLED,none,MODEL_ORIGIN_FRAME_NOT_ESTABLISHED,nan,nan,nan,nan,nan,nan,nan,nan,nan,nan,nan,nan,nan,NOT_EVALUATED,nan,nan,nan,nan,DISABLED,nan,nan,nan,nan,nan,nan
1791355955.3384027,1791355955.3711414,1791355955.3773394,1791355955.3774116,front_rgbd_red_sphere,True,True,True,,30.552,30.552,1791355955.3711414,1791355955.3596547,1791355955.3384027,1791355955.3384027,1791355955.3384027,0.0,1791355954.3624203,1791355955.3584213,1791355955.343587,1791355955.3584213,1791355955.3475869,1791355955.3624287,1791355954.3424697,1791355955.3584213,1791355954.3624203,1791355955.3624287,1791355924.7864027,GAZEBO_CLOCK_SYSTEM_INTERPOLATION,MAPPED_EXACT,0,30.552,1791355955.3384027,0.001081228256225586,0.0,RGB,0.0,0,1,0,UNCALIBRATED,PREPARATION,FAR,TURNING,1.0,29,1.0,25.108047485351562,0.36199286580085754,nan,nan,False,0.0,0.0,0.0,0.0,0,0,0,0,0,0.0,0.0,0.0,0.0,0.0,0.0,0.0,0.0,0.0,0.0,0.0,0.0,0.0,0.0,23.480867975651623,-2.75377897383483,8.45455875386013,0.0,0.0,0.0,0.0,0.0,0.0,0.0,0.0,0.0,0.0,0.0,False,DISABLED,0,nan,nan,nan,nan,nan,nan,nan,nan,nan,nan,nan,nan,nan,nan,nan,nan,nan,nan,nan,nan,nan,nan,nan,nan,nan,nan,nan,nan,nan,nan,nan,nan,nan,nan,15.904793773047029,19.38493633733181,-0.16416300717277238,0.10961427749608299,0.10961427749608299,0.10961427749608299,16.23595625749797,19.30542396929874,-0.10737617629262934,-0.33116248445094243,0.07951236803306827,-0.05678683088014304,0.3405742324045476,0.3452760517895163,0.032738685607910156,False,DISABLED,none,MODEL_ORIGIN_FRAME_NOT_ESTABLISHED,nan,nan,nan,nan,nan,nan,nan,nan,nan,nan,nan,nan,nan,NOT_EVALUATED,nan,nan,nan,nan,DISABLED,nan,nan,nan,nan,nan,nan
1791355955.3864202,1791355955.4096546,1791355955.4137912,1791355955.413823,front_rgbd_red_sphere,True,True,True,,30.6,30.6,1791355955.4096546,1791355955.4074326,1791355955.3864202,1791355955.3864202,1791355955.3864202,0.0,1791355954.402422,1791355955.3984323,1791355955.383587,1791355955.3984323,1791355955.3875868,1791355955.4024394,1791355954.3984206,1791355955.3984323,1791355954.402422,1791355955.4024394,1791355924.7864203,GAZEBO_CLOCK_SYSTEM_INTERPOLATION,MAPPED_EXACT,0,30.6,1791355955.3864202,0.0034410953521728516,0.0,RGB,0.0,0,1,0,UNCALIBRATED,PREPARATION,FAR,TURNING,1.0,27,1.0,25.29659652709961,0.356189489364624,nan,nan,False,0.0,0.0,0.0,0.0,0,0,0,0,0,0.0,0.0,0.0,0.0,0.0,0.0,0.0,0.0,0.0,0.0,0.0,0.0,0.0,0.0,23.70879001131209,-2.3482711956272553,8.502748749560396,0.0,0.0,0.0,0.0,0.0,0.0,0.0,0.0,0.0,0.0,0.0,False,DISABLED,0,nan,nan,nan,nan,nan,nan,nan,nan,nan,nan,nan,nan,nan,nan,nan,nan,nan,nan,nan,nan,nan,nan,nan,nan,nan,nan,nan,nan,nan,nan,nan,nan,nan,nan,16.086719700546947,19.467944884782394,-0.15890239244890875,0.11086633953760598,0.11086633953760598,0.11086633953760598,16.413197594424357,19.379129448949687,-0.0991803124502504,-0.32647789387741,0.08881543583270712,-0.05972207999865835,0.33834301652728566,0.34357346182752424,0.02323436737060547,False,DISABLED,none,MODEL_ORIGIN_FRAME_NOT_ESTABLISHED,nan,nan,nan,nan,nan,nan,nan,nan,nan,nan,nan,nan,nan,NOT_EVALUATED,nan,nan,nan,nan,DISABLED,nan,nan,nan,nan,nan,nan
1791355955.4384108,1791355955.4733691,1791355955.4793,1791355955.4793394,front_rgbd_red_sphere,True,True,True,,30.652,30.652,1791355955.4733691,1791355955.461464,1791355955.4384108,1791355955.4384108,1791355955.4384108,0.0,1791355954.462426,1791355955.4624286,1791355955.447587,1791355955.4624286,1791355955.447587,1791355955.4624286,1791355954.462426,1791355955.4624286,1791355954.462426,1791355955.4624286,1791355924.7864108,GAZEBO_CLOCK_SYSTEM_INTERPOLATION,MAPPED_EXACT,0,30.652,1791355955.4384108,0.003368854522705078,0.0,RGB,0.0,0,1,0,UNCALIBRATED,PREPARATION,FAR,TURNING,1.0,26,1.0,25.484254837036133,0.35094714164733887,nan,nan,False,0.0,0.0,0.0,0.0,0,0,0,0,0,0.0,0.0,0.0,0.0,0.0,0.0,0.0,0.0,0.0,0.0,0.0,0.0,0.0,0.0,23.93092702113827,-1.9476021169182225,8.541947631835836,0.0,0.0,0.0,0.0,0.0,0.0,0.0,0.0,0.0,0.0,0.0,False,DISABLED,0,nan,nan,nan,nan,nan,nan,nan,nan,nan,nan,nan,nan,nan,nan,nan,nan,nan,nan,nan,nan,nan,nan,nan,nan,nan,nan,nan,nan,nan,nan,nan,nan,nan,nan,16.27031918830172,19.547099819893813,-0.15329654320572755,0.11211953835393644,0.11211953835393644,0.11211953835393644,16.606946338098282,19.45446353857757,-0.08968789844994571,-0.3366271497965627,0.09263628131624202,-0.06360864475578185,0.3491408291739301,0.3548878390194945,0.0349583625793457,False,DISABLED,none,MODEL_ORIGIN_FRAME_NOT_ESTABLISHED,nan,nan,nan,nan,nan,nan,nan,nan,nan,nan,nan,nan,nan,NOT_EVALUATED,nan,nan,nan,nan,DISABLED,nan,nan,nan,nan,nan,nan
1791355955.4864185,1791355955.5201676,1791355955.524994,1791355955.5250287,front_rgbd_red_sphere,True,True,True,,30.7,30.7,1791355955.5201676,1791355955.5086133,1791355955.4864185,1791355955.4864185,1791355955.4864185,0.0,1791355954.4824252,1791355955.502419,1791355955.487587,1791355955.502419,1791355955.487587,1791355955.502419,1791355954.478425,1791355955.502419,1791355954.4824252,1791355955.502419,1791355924.7864184,GAZEBO_CLOCK_SYSTEM_INTERPOLATION,MAPPED_EXACT,0,30.7,1791355955.4864185,0.0020542144775390625,0.0,RGB,0.0,0,1,0,UNCALIBRATED,PREPARATION,FAR,TURNING,1.0,23,1.0,25.669519424438477,0.34695613384246826,nan,nan,False,0.0,0.0,0.0,0.0,0,0,0,0,0,0.0,0.0,0.0,0.0,0.0,0.0,0.0,0.0,0.0,0.0,0.0,0.0,0.0,0.0,24.13992625587845,-1.5992023578689398,8.580835121863274,0.0,0.0,0.0,0.0,0.0,0.0,0.0,0.0,0.0,0.0,0.0,False,DISABLED,0,nan,nan,nan,nan,nan,nan,nan,nan,nan,nan,nan,nan,nan,nan,nan,nan,nan,nan,nan,nan,nan,nan,nan,nan,nan,nan,nan,nan,nan,nan,nan,nan,nan,nan,16.456572079282495,19.621711195081666,-0.14702589232381408,0.11336365274221702,0.11336365274221702,0.11336365274221702,16.78771214797531,19.519683548409997,-0.0803659024611249,-0.33114006869281454,0.10202764667166875,-0.06665998986268917,0.3465016389272074,0.35285540952029437,0.03374910354614258,False,DISABLED,none,MODEL_ORIGIN_FRAME_NOT_ESTABLISHED,nan,nan,nan,nan,nan,nan,nan,nan,nan,nan,nan,nan,nan,NOT_EVALUATED,nan,nan,nan,nan,DISABLED,nan,nan,nan,nan,nan,nan
1791355955.5384216,1791355955.573075,1791355955.5775664,1791355955.5775998,front_rgbd_red_sphere,True,True,True,,30.752,30.752,1791355955.5647616,1791355955.573075,1791355955.5384216,1791355955.5384216,1791355955.5384216,0.0,1791355954.5624213,1791355955.558496,1791355955.543587,1791355955.558496,1791355955.547587,1791355955.5624278,1791355954.558416,1791355955.558496,1791355954.5624213,1791355955.5624278,1791355924.7864215,GAZEBO_CLOCK_SYSTEM_INTERPOLATION,MAPPED_EXACT,0,30.752,1791355955.5384216,0.0030379295349121094,0.0,RGB,0.0,0,1,0,UNCALIBRATED,PREPARATION,FAR,TURNING,1.0,26,1.0,25.852230072021484,0.3433927297592163,nan,nan,False,0.0,0.0,0.0,0.0,0,0,0,0,0,0.0,0.0,0.0,0.0,0.0,0.0,0.0,0.0,0.0,0.0,0.0,0.0,0.0,0.0,24.34292018293784,-1.256429650573665,8.612863179669922,0.0,0.0,0.0,0.0,0.0,0.0,0.0,0.0,0.0,0.0,0.0,False,DISABLED,0,nan,nan,nan,nan,nan,nan,nan,nan,nan,nan,nan,nan,nan,nan,nan,nan,nan,nan,nan,nan,nan,nan,nan,nan,nan,nan,nan,nan,nan,nan,nan,nan,nan,nan,16.644142631505932,19.69060287043242,-0.1407860602783803,0.11459734690047044,0.11459734690047044,0.11459734690047044,16.984989236603468,19.585705785674897,-0.06977433547164757,-0.3408466050975356,0.1048970847575248,-0.07101172480673273,0.3566227791338387,0.3636240801393245,0.034653425216674805,False,DISABLED,none,MODEL_ORIGIN_FRAME_NOT_ESTABLISHED,nan,nan,nan,nan,nan,nan,nan,nan,nan,nan,nan,nan,nan,NOT_EVALUATED,nan,nan,nan,nan,DISABLED,nan,nan,nan,nan,nan,nan
1791355955.5864148,1791355955.610693,1791355955.6146154,1791355955.614654,front_rgbd_red_sphere,True,True,True,,30.8,30.8,1791355955.610693,1791355955.6090798,1791355955.5864148,1791355955.5864148,1791355955.5864148,0.0,1791355954.5824254,1791355955.5984156,1791355955.583587,1791355955.5984156,1791355955.5875869,1791355955.602407,1791355954.5824254,1791355955.5984156,1791355954.5824254,1791355955.602407,1791355924.7864149,GAZEBO_CLOCK_SYSTEM_INTERPOLATION,MAPPED_EXACT,0,30.8,1791355955.5864148,0.0007402896881103516,0.0,RGB,0.0,0,1,0,UNCALIBRATED,PREPARATION,FAR,TURNING,1.0,28,1.0,26.033836364746094,0.3407357633113861,nan,nan,False,0.0,0.0,0.0,0.0,0,0,0,0,0,0.0,0.0,0.0,0.0,0.0,0.0,0.0,0.0,0.0,0.0,0.0,0.0,0.0,0.0,24.537126033838085,-0.9560719811658629,8.647311834167223,0.0,0.0,0.0,0.0,0.0,0.0,0.0,0.0,0.0,0.0,0.0,False,DISABLED,0,nan,nan,nan,nan,nan,nan,nan,nan,nan,nan,nan,nan,nan,nan,nan,nan,nan,nan,nan,nan,nan,nan,nan,nan,nan,nan,nan,nan,nan,nan,nan,nan,nan,nan,16.83521502479618,19.7558281294291,-0.13345109803804828,0.11583020094985017,0.11583020094985017,0.11583020094985017,17.16839499916722,19.642119046666064,-0.05957899571833769,-0.3331799743710384,0.11370908276303737,-0.07387210231971059,0.35204921648073173,0.3597161913590086,0.02427816390991211,False,DISABLED,none,MODEL_ORIGIN_FRAME_NOT_ESTABLISHED,nan,nan,nan,nan,nan,nan,nan,nan,nan,nan,nan,nan,nan,NOT_EVALUATED,nan,nan,nan,nan,DISABLED,nan,nan,nan,nan,nan,nan
1791355955.6384068,1791355955.672167,1791355955.6766782,1791355955.6767092,front_rgbd_red_sphere,True,True,True,,30.852,30.852,1791355955.672167,1791355955.660257,1791355955.6384068,1791355955.6384068,1791355955.6384068,0.0,1791355954.6424289,1791355955.6624277,1791355955.6475868,1791355955.6624277,1791355955.6475868,1791355955.6624277,1791355954.638412,1791355955.6624277,1791355954.6424289,1791355955.6624277,1791355924.7864068,GAZEBO_CLOCK_SYSTEM_INTERPOLATION,MAPPED_EXACT,0,30.852,1791355955.6384068,0.002138376235961914,0.0,RGB,0.0,0,1,0,UNCALIBRATED,PREPARATION,FAR,TURNING,1.0,24,1.0,26.212753295898438,0.3383847177028656,nan,nan,False,0.0,0.0,0.0,0.0,0,0,0,0,0,0.0,0.0,0.0,0.0,0.0,0.0,0.0,0.0,0.0,0.0,0.0,0.0,0.0,0.0,24.72628336178302,-0.6634469618011387,8.676357915187541,0.0,0.0,0.0,0.0,0.0,0.0,0.0,0.0,0.0,0.0,0.0,False,DISABLED,0,nan,nan,nan,nan,nan,nan,nan,nan,nan,nan,nan,nan,nan,nan,nan,nan,nan,nan,nan,nan,nan,nan,nan,nan,nan,nan,nan,nan,nan,nan,nan,nan,nan,nan,17.02689067577642,19.81571771928043,-0.125484402641812,0.11705124907996586,0.11705124907996586,0.11705124907996586,17.368434583139024,19.69861241769014,-0.0481653182908203,-0.34154390736260254,0.1171053015902892,-0.07731908435099169,0.3610621723707243,0.3692480644796156,0.03376030921936035,False,DISABLED,none,MODEL_ORIGIN_FRAME_NOT_ESTABLISHED,nan,nan,nan,nan,nan,nan,nan,nan,nan,nan,nan,nan,nan,NOT_EVALUATED,nan,nan,nan,nan,DISABLED,nan,nan,nan,nan,nan,nan
1791355955.6864126,1791355955.7172897,1791355955.7207334,1791355955.7207594,front_rgbd_red_sphere,True,True,True,,30.9,30.9,1791355955.7094982,1791355955.7172897,1791355955.6864126,1791355955.6864126,1791355955.6864126,0.0,1791355954.702412,1791355955.7024207,1791355955.687587,1791355955.7024207,1791355955.687587,1791355955.7024207,1791355954.702412,1791355955.7024207,1791355954.702412,1791355955.7024207,1791355924.7864125,GAZEBO_CLOCK_SYSTEM_INTERPOLATION,MAPPED_EXACT,0,30.9,1791355955.6864126,0.003155231475830078,0.0,RGB,0.0,0,1,0,UNCALIBRATED,PREPARATION,FAR,TURNING,1.0,25,1.0,26.388242721557617,0.3366764187812805,nan,nan,False,0.0,0.0,0.0,0.0,0,0,0,0,0,0.0,0.0,0.0,0.0,0.0,0.0,0.0,0.0,0.0,0.0,0.0,0.0,0.0,0.0,24.90674882811538,-0.4067019769906146,8.707914854388786,0.0,0.0,0.0,0.0,0.0,0.0,0.0,0.0,0.0,0.0,0.0,False,DISABLED,0,nan,nan,nan,nan,nan,nan,nan,nan,nan,nan,nan,nan,nan,nan,nan,nan,nan,nan,nan,nan,nan,nan,nan,nan,nan,nan,nan,nan,nan,nan,nan,nan,nan,nan,17.21994554236167,19.87056863691885,-0.11654662219831374,0.11825511995082062,0.11825511995082062,0.11825511995082062,17.554486451384687,19.74630669304188,-0.03732465692216355,-0.3345409090230156,0.1242619438769701,-0.07922196527615019,0.35687343765826685,0.3655608981937816,0.030877113342285156,False,DISABLED,none,MODEL_ORIGIN_FRAME_NOT_ESTABLISHED,nan,nan,nan,nan,nan,nan,nan,nan,nan,nan,nan,nan,nan,NOT_EVALUATED,nan,nan,nan,nan,DISABLED,nan,nan,nan,nan,nan,nan
1791355955.7384083,1791355955.7744792,1791355955.7798076,1791355955.7798374,front_rgbd_red_sphere,True,True,True,,30.952,30.952,1791355955.7744792,1791355955.7731452,1791355955.7384083,1791355955.7384083,1791355955.7384083,0.0,1791355954.742429,1791355955.7584193,1791355955.743633,1791355955.7584193,1791355955.747633,1791355955.762418,1791355954.742429,1791355955.7584193,1791355954.742429,1791355955.762418,1791355924.7864084,GAZEBO_CLOCK_SYSTEM_INTERPOLATION,MAPPED_EXACT,0,30.952,1791355955.7384083,0.0009679794311523438,0.0,RGB,0.0,0,1,0,UNCALIBRATED,PREPARATION,FAR,TURNING,1.0,23,0.8695651888847351,26.562528610229492,0.3352165222167969,nan,nan,False,0.0,0.0,0.0,0.0,0,0,0,0,0,0.0,0.0,0.0,0.0,0.0,0.0,0.0,0.0,0.0,0.0,0.0,0.0,0.0,0.0,25.084034872789342,-0.1604146311151915,8.736899690426796,0.0,0.0,0.0,0.0,0.0,0.0,0.0,0.0,0.0,0.0,0.0,False,DISABLED,0,nan,nan,nan,nan,nan,nan,nan,nan,nan,nan,nan,nan,nan,nan,nan,nan,nan,nan,nan,nan,nan,nan,nan,nan,nan,nan,nan,nan,nan,nan,nan,nan,nan,nan,17.414299258605002,19.921300618655167,-0.10717523137616863,0.11945684208661757,0.11945684208661757,0.11945684208661757,17.757156648252973,19.79334007379645,-0.025350464676524475,-0.3428573896479712,0.12796054485871622,-0.08182476669964416,0.3659577717124754,0.37499384411242204,0.036070823669433594,False,DISABLED,none,MODEL_ORIGIN_FRAME_NOT_ESTABLISHED,nan,nan,nan,nan,nan,nan,nan,nan,nan,nan,nan,nan,nan,NOT_EVALUATED,nan,nan,nan,nan,DISABLED,nan,nan,nan,nan,nan,nan
1791355955.7864141,1791355955.812238,1791355955.8152757,1791355955.8152757,front_rgbd_red_sphere,False,False,True,DEPTH_RATIO_LOW,31.0,31.0,1791355955.812238,1791355955.8112345,1791355955.7864141,1791355955.7864141,1791355955.7864141,0.0,1791355954.7824235,1791355955.7984216,1791355955.783633,1791355955.7984216,1791355955.787633,1791355955.8024163,1791355954.7824235,1791355955.7984216,1791355954.7824235,1791355955.8024163,1791355924.7864141,GAZEBO_CLOCK_SYSTEM_INTERPOLATION,MAPPED_EXACT,0,31.0,1791355955.7864141,0.006197452545166016,0.0,RGB,0.0,0,1,0,UNCALIBRATED,PREPARATION,UNKNOWN,TURNING,0.0,0,0.0,nan,nan,nan,nan,False,0.0,0.0,0.0,0.0,0,0,0,0,0,0.0,0.0,0.0,0.0,0.0,0.0,0.0,0.0,0.0,0.0,0.0,0.0,0.0,0.0,0.0,0.0,0.0,0.0,0.0,0.0,0.0,0.0,0.0,0.0,0.0,0.0,0.0,0.0,False,DISABLED,0,nan,nan,nan,nan,nan,nan,nan,nan,nan,nan,nan,nan,nan,nan,nan,nan,nan,nan,nan,nan,nan,nan,nan,nan,nan,nan,nan,nan,nan,nan,nan,nan,nan,nan,nan,nan,nan,nan,nan,nan,17.94511320594783,19.8322342247877,-0.014147811999372475,nan,nan,nan,nan,nan,0.02582383155822754,False,DISABLED,none,MODEL_ORIGIN_FRAME_NOT_ESTABLISHED,nan,nan,nan,nan,nan,nan,nan,nan,nan,nan,nan,nan,nan,NOT_EVALUATED,nan,nan,nan,nan,DISABLED,nan,nan,nan,nan,nan,nan
1791355955.8384092,1791355955.8743663,1791355955.8767104,1791355955.8767104,front_rgbd_red_sphere,False,False,True,DEPTH_RATIO_LOW,31.052,31.052,1791355955.8743663,1791355955.872987,1791355955.8384092,1791355955.8384092,1791355955.8384092,0.0,1791355954.8424351,1791355955.862423,1791355955.847633,1791355955.862423,1791355955.847633,1791355955.862423,1791355954.8384087,1791355955.862423,1791355954.8424351,1791355955.862423,1791355924.7864091,GAZEBO_CLOCK_SYSTEM_INTERPOLATION,MAPPED_EXACT,0,31.052,1791355955.8384092,0.00425410270690918,0.0,RGB,0.0,0,1,0,UNCALIBRATED,PREPARATION,UNKNOWN,TURNING,0.0,0,0.0,nan,nan,nan,nan,False,0.0,0.0,0.0,0.0,0,0,0,0,0,0.0,0.0,0.0,0.0,0.0,0.0,0.0,0.0,0.0,0.0,0.0,0.0,0.0,0.0,0.0,0.0,0.0,0.0,0.0,0.0,0.0,0.0,0.0,0.0,0.0,0.0,0.0,0.0,False,DISABLED,0,nan,nan,nan,nan,nan,nan,nan,nan,nan,nan,nan,nan,nan,nan,nan,nan,nan,nan,nan,nan,nan,nan,nan,nan,nan,nan,nan,nan,nan,nan,nan,nan,nan,nan,nan,nan,nan,nan,nan,nan,18.149567236031018,19.86977201660655,-0.0019292302854317916,nan,nan,nan,nan,nan,0.03595709800720215,False,DISABLED,none,MODEL_ORIGIN_FRAME_NOT_ESTABLISHED,nan,nan,nan,nan,nan,nan,nan,nan,nan,nan,nan,nan,nan,NOT_EVALUATED,nan,nan,nan,nan,DISABLED,nan,nan,nan,nan,nan,nan
1791355955.886421,1791355955.9181056,1791355955.9198709,1791355955.9198709,front_rgbd_red_sphere,False,False,True,DEPTH_RATIO_LOW,31.1,31.1,1791355955.9181056,1791355955.9076784,1791355955.886421,1791355955.886421,1791355955.886421,0.0,1791355954.9024227,1791355955.902428,1791355955.8876328,1791355955.902428,1791355955.8876328,1791355955.902428,1791355954.9024227,1791355955.902428,1791355954.9024227,1791355955.902428,1791355924.786421,GAZEBO_CLOCK_SYSTEM_INTERPOLATION,MAPPED_EXACT,0,31.1,1791355955.886421,0.003972530364990234,0.0,RGB,0.0,0,1,0,UNCALIBRATED,PREPARATION,UNKNOWN,TURNING,0.0,0,0.0,nan,nan,nan,nan,False,0.0,0.0,0.0,0.0,0,0,0,0,0,0.0,0.0,0.0,0.0,0.0,0.0,0.0,0.0,0.0,0.0,0.0,0.0,0.0,0.0,0.0,0.0,0.0,0.0,0.0,0.0,0.0,0.0,0.0,0.0,0.0,0.0,0.0,0.0,False,DISABLED,0,nan,nan,nan,nan,nan,nan,nan,nan,nan,nan,nan,nan,nan,nan,nan,nan,nan,nan,nan,nan,nan,nan,nan,nan,nan,nan,nan,nan,nan,nan,nan,nan,nan,nan,nan,nan,nan,nan,nan,nan,18.339352564561878,19.90003388704715,0.009380873907339125,nan,nan,nan,nan,nan,0.03168463706970215,False,DISABLED,none,MODEL_ORIGIN_FRAME_NOT_ESTABLISHED,nan,nan,nan,nan,nan,nan,nan,nan,nan,nan,nan,nan,nan,NOT_EVALUATED,nan,nan,nan,nan,DISABLED,nan,nan,nan,nan,nan,nan
1791355955.9384131,1791355955.9626377,1791355955.9660323,1791355955.9660323,front_rgbd_red_sphere,False,False,True,DEPTH_RATIO_LOW,31.152,31.152,1791355955.9626377,1791355955.9605305,1791355955.9384131,1791355955.9384131,1791355955.9384131,0.0,1791355954.9224346,1791355955.9424279,1791355955.9276328,1791355955.9424279,1791355955.9276328,1791355955.9424279,1791355954.9184198,1791355955.9424279,1791355954.9224346,1791355955.9424279,1791355924.7864132,GAZEBO_CLOCK_SYSTEM_INTERPOLATION,MAPPED_EXACT,0,31.152,1791355955.9384131,0.0008072853088378906,0.0,RGB,0.0,0,1,0,UNCALIBRATED,PREPARATION,UNKNOWN,TURNING,0.0,0,0.0,nan,nan,nan,nan,False,0.0,0.0,0.0,0.0,0,0,0,0,0,0.0,0.0,0.0,0.0,0.0,0.0,0.0,0.0,0.0,0.0,0.0,0.0,0.0,0.0,0.0,0.0,0.0,0.0,0.0,0.0,0.0,0.0,0.0,0.0,0.0,0.0,0.0,0.0,False,DISABLED,0,nan,nan,nan,nan,nan,nan,nan,nan,nan,nan,nan,nan,nan,nan,nan,nan,nan,nan,nan,nan,nan,nan,nan,nan,nan,nan,nan,nan,nan,nan,nan,nan,nan,nan,nan,nan,nan,nan,nan,nan,18.545423893473373,19.9282629795882,0.02156088767032725,nan,nan,nan,nan,nan,0.024224519729614258,False,DISABLED,none,MODEL_ORIGIN_FRAME_NOT_ESTABLISHED,nan,nan,nan,nan,nan,nan,nan,nan,nan,nan,nan,nan,nan,NOT_EVALUATED,nan,nan,nan,nan,DISABLED,nan,nan,nan,nan,nan,nan
1791355955.9864273,1791355956.0118186,1791355956.0149446,1791355956.0149446,front_rgbd_red_sphere,False,False,True,DEPTH_RATIO_LOW,31.2,31.2,1791355956.0118186,1791355956.0105383,1791355955.9864273,1791355955.9864273,1791355955.9864273,0.0,1791355955.002418,1791355955.9984312,1791355955.9836328,1791355955.9984312,1791355955.987633,1791355956.0024238,1791355954.9984186,1791355955.9984312,1791355955.002418,1791355956.0024238,1791355924.7864273,GAZEBO_CLOCK_SYSTEM_INTERPOLATION,MAPPED_EXACT,0,31.2,1791355955.9864273,0.00179290771484375,0.0,RGB,0.0,0,1,0,UNCALIBRATED,PREPARATION,UNKNOWN,TURNING,0.0,0,0.0,nan,nan,nan,nan,False,0.0,0.0,0.0,0.0,0,0,0,0,0,0.0,0.0,0.0,0.0,0.0,0.0,0.0,0.0,0.0,0.0,0.0,0.0,0.0,0.0,0.0,0.0,0.0,0.0,0.0,0.0,0.0,0.0,0.0,0.0,0.0,0.0,0.0,0.0,False,DISABLED,0,nan,nan,nan,nan,nan,nan,nan,nan,nan,nan,nan,nan,nan,nan,nan,nan,nan,nan,nan,nan,nan,nan,nan,nan,nan,nan,nan,nan,nan,nan,nan,nan,nan,nan,nan,nan,nan,nan,nan,nan,18.736144221337785,19.949960123915865,0.03267217262969464,nan,nan,nan,nan,nan,0.025391340255737305,False,DISABLED,none,MODEL_ORIGIN_FRAME_NOT_ESTABLISHED,nan,nan,nan,nan,nan,nan,nan,nan,nan,nan,nan,nan,nan,NOT_EVALUATED,nan,nan,nan,nan,DISABLED,nan,nan,nan,nan,nan,nan
1791355956.0384057,1791355956.0630815,1791355956.0662076,1791355956.0662076,front_rgbd_red_sphere,False,False,True,DEPTH_RATIO_LOW,31.252,31.252,1791355956.0630815,1791355956.0607648,1791355956.0384057,1791355956.0384057,1791355956.0384057,0.0,1791355955.042431,1791355956.0384057,1791355956.023633,1791355956.0384057,1791355956.027633,1791355956.0424328,1791355955.0224233,1791355956.0384057,1791355955.042431,1791355956.0424328,1791355924.7864056,GAZEBO_CLOCK_SYSTEM_INTERPOLATION,MAPPED_EXACT,0,31.252,1791355956.0384057,0.0012090206146240234,0.0,RGB,0.0,0,1,0,UNCALIBRATED,PREPARATION,UNKNOWN,TURNING,0.0,0,0.0,nan,nan,nan,nan,False,0.0,0.0,0.0,0.0,0,0,0,0,0,0.0,0.0,0.0,0.0,0.0,0.0,0.0,0.0,0.0,0.0,0.0,0.0,0.0,0.0,0.0,0.0,0.0,0.0,0.0,0.0,0.0,0.0,0.0,0.0,0.0,0.0,0.0,0.0,False,DISABLED,0,nan,nan,nan,nan,nan,nan,nan,nan,nan,nan,nan,nan,nan,nan,nan,nan,nan,nan,nan,nan,nan,nan,nan,nan,nan,nan,nan,nan,nan,nan,nan,nan,nan,nan,nan,nan,nan,nan,nan,nan,18.943274710169188,19.96906505506906,0.04450721146241779,nan,nan,nan,nan,nan,0.024675846099853516,False,DISABLED,none,MODEL_ORIGIN_FRAME_NOT_ESTABLISHED,nan,nan,nan,nan,nan,nan,nan,nan,nan,nan,nan,nan,nan,NOT_EVALUATED,nan,nan,nan,nan,DISABLED,nan,nan,nan,nan,nan,nan
1791355956.0864303,1791355956.1261585,1791355956.1284893,1791355956.1284893,front_rgbd_red_sphere,False,False,True,DEPTH_RATIO_LOW,31.3,31.3,1791355956.1261585,1791355956.1254427,1791355956.0864303,1791355956.0864303,1791355956.0864303,0.0,1791355955.102417,1791355956.102426,1791355956.087633,1791355956.102426,1791355956.087633,1791355956.102426,1791355955.102417,1791355956.102426,1791355955.102417,1791355956.102426,1791355924.7864304,GAZEBO_CLOCK_SYSTEM_INTERPOLATION,MAPPED_EXACT,0,31.3,1791355956.0864303,0.004001140594482422,0.0,RGB,0.0,0,1,0,UNCALIBRATED,PREPARATION,UNKNOWN,TURNING,0.0,0,0.0,nan,nan,nan,nan,False,0.0,0.0,0.0,0.0,0,0,0,0,0,0.0,0.0,0.0,0.0,0.0,0.0,0.0,0.0,0.0,0.0,0.0,0.0,0.0,0.0,0.0,0.0,0.0,0.0,0.0,0.0,0.0,0.0,0.0,0.0,0.0,0.0,0.0,0.0,False,DISABLED,0,nan,nan,nan,nan,nan,nan,nan,nan,nan,nan,nan,nan,nan,nan,nan,nan,nan,nan,nan,nan,nan,nan,nan,nan,nan,nan,nan,nan,nan,nan,nan,nan,nan,nan,nan,nan,nan,nan,nan,nan,19.134793516744406,19.98245866518021,0.055161755730186404,nan,nan,nan,nan,nan,0.03972816467285156,False,DISABLED,none,MODEL_ORIGIN_FRAME_NOT_ESTABLISHED,nan,nan,nan,nan,nan,nan,nan,nan,nan,nan,nan,nan,nan,NOT_EVALUATED,nan,nan,nan,nan,DISABLED,nan,nan,nan,nan,nan,nan
1791355956.1384122,1791355956.1659167,1791355956.1683955,1791355956.1683955,front_rgbd_red_sphere,False,False,True,DEPTH_RATIO_LOW,31.352,31.352,1791355956.1659167,1791355956.163522,1791355956.1384122,1791355956.1384122,1791355956.1384122,0.0,1791355955.1224205,1791355956.1424289,1791355956.1276329,1791355956.1424289,1791355956.1276329,1791355956.1424289,1791355955.1184075,1791355956.1424289,1791355955.1224205,1791355956.1424289,1791355924.7864122,GAZEBO_CLOCK_SYSTEM_INTERPOLATION,MAPPED_EXACT,0,31.352,1791355956.1384122,0.003804922103881836,0.0,RGB,0.0,0,1,0,UNCALIBRATED,PREPARATION,UNKNOWN,TURNING,0.0,0,0.0,nan,nan,nan,nan,False,0.0,0.0,0.0,0.0,0,0,0,0,0,0.0,0.0,0.0,0.0,0.0,0.0,0.0,0.0,0.0,0.0,0.0,0.0,0.0,0.0,0.0,0.0,0.0,0.0,0.0,0.0,0.0,0.0,0.0,0.0,0.0,0.0,0.0,0.0,False,DISABLED,0,nan,nan,nan,nan,nan,nan,nan,nan,nan,nan,nan,nan,nan,nan,nan,nan,nan,nan,nan,nan,nan,nan,nan,nan,nan,nan,nan,nan,nan,nan,nan,nan,nan,nan,nan,nan,nan,nan,nan,nan,19.342409667362425,19.99268997641515,0.06635198483455265,nan,nan,nan,nan,nan,0.027504444122314453,False,DISABLED,none,MODEL_ORIGIN_FRAME_NOT_ESTABLISHED,nan,nan,nan,nan,nan,nan,nan,nan,nan,nan,nan,nan,nan,NOT_EVALUATED,nan,nan,nan,nan,DISABLED,nan,nan,nan,nan,nan,nan
1791355956.1864088,1791355956.2094722,1791355956.2123346,1791355956.2123346,front_rgbd_red_sphere,False,False,True,DEPTH_RATIO_LOW,31.4,31.4,1791355956.2094722,1791355956.2086089,1791355956.1864088,1791355956.1864088,1791355956.1864088,0.0,1791355955.2024195,1791355956.1984222,1791355956.1836329,1791355956.1984222,1791355956.187633,1791355956.2024207,1791355955.1824257,1791355956.1984222,1791355955.2024195,1791355956.2024207,1791355924.7864087,GAZEBO_CLOCK_SYSTEM_INTERPOLATION,MAPPED_EXACT,0,31.4,1791355956.1864088,0.0040204524993896484,0.0,RGB,0.0,0,1,0,UNCALIBRATED,PREPARATION,UNKNOWN,TURNING,0.0,0,0.0,nan,nan,nan,nan,False,0.0,0.0,0.0,0.0,0,0,0,0,0,0.0,0.0,0.0,0.0,0.0,0.0,0.0,0.0,0.0,0.0,0.0,0.0,0.0,0.0,0.0,0.0,0.0,0.0,0.0,0.0,0.0,0.0,0.0,0.0,0.0,0.0,0.0,0.0,False,DISABLED,0,nan,nan,nan,nan,nan,nan,nan,nan,nan,nan,nan,nan,nan,nan,nan,nan,nan,nan,nan,nan,nan,nan,nan,nan,nan,nan,nan,nan,nan,nan,nan,nan,nan,nan,nan,nan,nan,nan,nan,nan,19.53447060031826,19.998050199997365,0.07629358633258386,nan,nan,nan,nan,nan,0.02306342124938965,False,DISABLED,none,MODEL_ORIGIN_FRAME_NOT_ESTABLISHED,nan,nan,nan,nan,nan,nan,nan,nan,nan,nan,nan,nan,nan,NOT_EVALUATED,nan,nan,nan,nan,DISABLED,nan,nan,nan,nan,nan,nan
1791355956.2384076,1791355956.2683232,1791355956.2699745,1791355956.2699745,front_rgbd_red_sphere,False,False,True,DEPTH_RATIO_LOW,31.452,31.452,1791355956.2610378,1791355956.2683232,1791355956.2384076,1791355956.2384076,1791355956.2384076,0.0,1791355955.2624204,1791355956.2624316,1791355956.247633,1791355956.2624316,1791355956.247633,1791355956.2624316,1791355955.2624204,1791355956.2624316,1791355955.2624204,1791355956.2624316,1791355924.7864077,GAZEBO_CLOCK_SYSTEM_INTERPOLATION,MAPPED_EXACT,0,31.452,1791355956.2384076,0.002111673355102539,0.0,RGB,0.0,0,1,0,UNCALIBRATED,PREPARATION,UNKNOWN,TURNING,0.0,0,0.0,nan,nan,nan,nan,False,0.0,0.0,0.0,0.0,0,0,0,0,0,0.0,0.0,0.0,0.0,0.0,0.0,0.0,0.0,0.0,0.0,0.0,0.0,0.0,0.0,0.0,0.0,0.0,0.0,0.0,0.0,0.0,0.0,0.0,0.0,0.0,0.0,0.0,0.0,False,DISABLED,0,nan,nan,nan,nan,nan,nan,nan,nan,nan,nan,nan,nan,nan,nan,nan,nan,nan,nan,nan,nan,nan,nan,nan,nan,nan,nan,nan,nan,nan,nan,nan,nan,nan,nan,nan,nan,nan,nan,nan,nan,19.742454249247366,19.999727619379815,0.08657722128125045,nan,nan,nan,nan,nan,0.029915571212768555,False,DISABLED,none,MODEL_ORIGIN_FRAME_NOT_ESTABLISHED,nan,nan,nan,nan,nan,nan,nan,nan,nan,nan,nan,nan,nan,NOT_EVALUATED,nan,nan,nan,nan,DISABLED,nan,nan,nan,nan,nan,nan
1791355956.28641,1791355956.3136132,1791355956.3157618,1791355956.3157618,front_rgbd_red_sphere,False,False,True,DEPTH_RATIO_LOW,31.5,31.5,1791355956.3136132,1791355956.3120246,1791355956.28641,1791355956.28641,1791355956.28641,0.0,1791355955.2824125,1791355956.3024113,1791355956.287633,1791355956.3024113,1791355956.287633,1791355956.3024113,1791355955.2784202,1791355956.3024113,1791355955.2824125,1791355956.3024113,1791355924.78641,GAZEBO_CLOCK_SYSTEM_INTERPOLATION,MAPPED_EXACT,0,31.5,1791355956.28641,0.0035130977630615234,0.0,RGB,0.0,0,1,0,UNCALIBRATED,PREPARATION,UNKNOWN,TURNING,0.0,0,0.0,nan,nan,nan,nan,False,0.0,0.0,0.0,0.0,0,0,0,0,0,0.0,0.0,0.0,0.0,0.0,0.0,0.0,0.0,0.0,0.0,0.0,0.0,0.0,0.0,0.0,0.0,0.0,0.0,0.0,0.0,0.0,0.0,0.0,0.0,0.0,0.0,0.0,0.0,False,DISABLED,0,nan,nan,nan,nan,nan,nan,nan,nan,nan,nan,nan,nan,nan,nan,nan,nan,nan,nan,nan,nan,nan,nan,nan,nan,nan,nan,nan,nan,nan,nan,nan,nan,nan,nan,nan,nan,nan,nan,nan,nan,19.934438437505996,19.997340752920515,0.09554542995380533,nan,nan,nan,nan,nan,0.027203083038330078,False,DISABLED,none,MODEL_ORIGIN_FRAME_NOT_ESTABLISHED,nan,nan,nan,nan,nan,nan,nan,nan,nan,nan,nan,nan,nan,NOT_EVALUATED,nan,nan,nan,nan,DISABLED,nan,nan,nan,nan,nan,nan
1791355956.3384132,1791355956.3655157,1791355956.3682485,1791355956.3682485,front_rgbd_red_sphere,False,False,True,DEPTH_RATIO_LOW,31.552,31.552,1791355956.3655157,1791355956.3630936,1791355956.3384132,1791355956.3384132,1791355956.3384132,0.0,1791355955.342421,1791355956.3424366,1791355956.327633,1791355956.3424366,1791355956.327633,1791355956.3424366,1791355955.342421,1791355956.3424366,1791355955.342421,1791355956.3424366,1791355924.7864132,GAZEBO_CLOCK_SYSTEM_INTERPOLATION,MAPPED_EXACT,0,31.552,1791355956.3384132,0.0034673213958740234,0.0,RGB,0.0,0,1,0,UNCALIBRATED,PREPARATION,UNKNOWN,TURNING,0.0,0,0.0,nan,nan,nan,nan,False,0.0,0.0,0.0,0.0,0,0,0,0,0,0.0,0.0,0.0,0.0,0.0,0.0,0.0,0.0,0.0,0.0,0.0,0.0,0.0,0.0,0.0,0.0,0.0,0.0,0.0,0.0,0.0,0.0,0.0,0.0,0.0,0.0,0.0,0.0,False,DISABLED,0,nan,nan,nan,nan,nan,nan,nan,nan,nan,nan,nan,nan,nan,nan,nan,nan,nan,nan,nan,nan,nan,nan,nan,nan,nan,nan,nan,nan,nan,nan,nan,nan,nan,nan,nan,nan,nan,nan,nan,nan,20.142212748370245,19.990810902132193,0.10465792172019553,nan,nan,nan,nan,nan,0.02710247039794922,False,DISABLED,none,MODEL_ORIGIN_FRAME_NOT_ESTABLISHED,nan,nan,nan,nan,nan,nan,nan,nan,nan,nan,nan,nan,nan,NOT_EVALUATED,nan,nan,nan,nan,DISABLED,nan,nan,nan,nan,nan,nan
1791355956.3864055,1791355956.4107187,1791355956.4138274,1791355956.4138274,front_rgbd_red_sphere,False,False,True,DEPTH_RATIO_LOW,31.6,31.6,1791355956.4107187,1791355956.4085588,1791355956.3864055,1791355956.3864055,1791355956.3864055,0.0,1791355955.3824143,1791355956.3984072,1791355956.383633,1791355956.3984072,1791355956.3876328,1791355956.4024193,1791355955.3824143,1791355956.3984072,1791355955.3824143,1791355956.4024193,1791355924.7864056,GAZEBO_CLOCK_SYSTEM_INTERPOLATION,MAPPED_EXACT,0,31.6,1791355956.3864055,0.0008084774017333984,0.0,RGB,0.0,0,1,0,UNCALIBRATED,PREPARATION,UNKNOWN,TURNING,0.0,0,0.0,nan,nan,nan,nan,False,0.0,0.0,0.0,0.0,0,0,0,0,0,0.0,0.0,0.0,0.0,0.0,0.0,0.0,0.0,0.0,0.0,0.0,0.0,0.0,0.0,0.0,0.0,0.0,0.0,0.0,0.0,0.0,0.0,0.0,0.0,0.0,0.0,0.0,0.0,False,DISABLED,0,nan,nan,nan,nan,nan,nan,nan,nan,nan,nan,nan,nan,nan,nan,nan,nan,nan,nan,nan,nan,nan,nan,nan,nan,nan,nan,nan,nan,nan,nan,nan,nan,nan,nan,nan,nan,nan,nan,nan,nan,20.33396089964465,19.981023018335698,0.11244029622467248,nan,nan,nan,nan,nan,0.02431321144104004,False,DISABLED,none,MODEL_ORIGIN_FRAME_NOT_ESTABLISHED,nan,nan,nan,nan,nan,nan,nan,nan,nan,nan,nan,nan,nan,NOT_EVALUATED,nan,nan,nan,nan,DISABLED,nan,nan,nan,nan,nan,nan
1791355956.438412,1791355956.4654493,1791355956.4683995,1791355956.4683995,front_rgbd_red_sphere,False,False,True,DEPTH_RATIO_LOW,31.652,31.652,1791355956.4654493,1791355956.4635403,1791355956.438412,1791355956.438412,1791355956.438412,0.0,1791355955.4384108,1791355956.438412,1791355956.4236329,1791355956.438412,1791355956.4276328,1791355956.4424205,1791355955.4384108,1791355956.438412,1791355955.422421,1791355956.4424205,1791355924.786412,GAZEBO_CLOCK_SYSTEM_INTERPOLATION,MAPPED_EXACT,0,31.652,1791355956.438412,0.003343343734741211,0.0,RGB,0.0,0,1,0,UNCALIBRATED,PREPARATION,UNKNOWN,TURNING,0.0,0,0.0,nan,nan,nan,nan,False,0.0,0.0,0.0,0.0,0,0,0,0,0,0.0,0.0,0.0,0.0,0.0,0.0,0.0,0.0,0.0,0.0,0.0,0.0,0.0,0.0,0.0,0.0,0.0,0.0,0.0,0.0,0.0,0.0,0.0,0.0,0.0,0.0,0.0,0.0,False,DISABLED,0,nan,nan,nan,nan,nan,nan,nan,nan,nan,nan,nan,nan,nan,nan,nan,nan,nan,nan,nan,nan,nan,nan,nan,nan,nan,nan,nan,nan,nan,nan,nan,nan,nan,nan,nan,nan,nan,nan,nan,nan,20.541367638732094,19.966656158728455,0.12016400767778299,nan,nan,nan,nan,nan,0.027037382125854492,False,DISABLED,none,MODEL_ORIGIN_FRAME_NOT_ESTABLISHED,nan,nan,nan,nan,nan,nan,nan,nan,nan,nan,nan,nan,nan,NOT_EVALUATED,nan,nan,nan,nan,DISABLED,nan,nan,nan,nan,nan,nan
1791355956.4864168,1791355956.5132883,1791355956.5162342,1791355956.5162342,front_rgbd_red_sphere,False,False,True,DEPTH_RATIO_LOW,31.7,31.7,1791355956.5132883,1791355956.5120316,1791355956.4864168,1791355956.4864168,1791355956.4864168,0.0,1791355955.4824104,1791355956.502413,1791355956.487633,1791355956.502413,1791355956.487633,1791355956.502413,1791355955.4784214,1791355956.502413,1791355955.4824104,1791355956.502413,1791355924.7864168,GAZEBO_CLOCK_SYSTEM_INTERPOLATION,MAPPED_EXACT,0,31.7,1791355956.4864168,0.0032358169555664062,0.0,RGB,0.0,0,1,0,UNCALIBRATED,PREPARATION,UNKNOWN,TURNING,0.0,0,0.0,nan,nan,nan,nan,False,0.0,0.0,0.0,0.0,0,0,0,0,0,0.0,0.0,0.0,0.0,0.0,0.0,0.0,0.0,0.0,0.0,0.0,0.0,0.0,0.0,0.0,0.0,0.0,0.0,0.0,0.0,0.0,0.0,0.0,0.0,0.0,0.0,0.0,0.0,False,DISABLED,0,nan,nan,nan,nan,nan,nan,nan,nan,nan,nan,nan,nan,nan,nan,nan,nan,nan,nan,nan,nan,nan,nan,nan,nan,nan,nan,nan,nan,nan,nan,nan,nan,nan,nan,nan,nan,nan,nan,nan,nan,20.732745336914128,19.949804289873544,0.12657275074468322,nan,nan,nan,nan,nan,0.026871442794799805,False,DISABLED,none,MODEL_ORIGIN_FRAME_NOT_ESTABLISHED,nan,nan,nan,nan,nan,nan,nan,nan,nan,nan,nan,nan,nan,NOT_EVALUATED,nan,nan,nan,nan,DISABLED,nan,nan,nan,nan,nan,nan
1791355956.5384073,1791355956.5668237,1791355956.5706263,1791355956.5706263,front_rgbd_red_sphere,False,False,True,DEPTH_RATIO_LOW,31.752,31.752,1791355956.5668237,1791355956.5643759,1791355956.5384073,1791355956.5384073,1791355956.5384073,0.0,1791355955.5424259,1791355956.5584323,1791355956.543633,1791355956.5584323,1791355956.547633,1791355956.5624251,1791355955.5424259,1791355956.5584323,1791355955.5424259,1791355956.5624251,1791355924.7864072,GAZEBO_CLOCK_SYSTEM_INTERPOLATION,MAPPED_EXACT,0,31.752,1791355956.5384073,0.0017137527465820312,0.0,RGB,0.0,0,1,0,UNCALIBRATED,PREPARATION,UNKNOWN,TURNING,0.0,0,0.0,nan,nan,nan,nan,False,0.0,0.0,0.0,0.0,0,0,0,0,0,0.0,0.0,0.0,0.0,0.0,0.0,0.0,0.0,0.0,0.0,0.0,0.0,0.0,0.0,0.0,0.0,0.0,0.0,0.0,0.0,0.0,0.0,0.0,0.0,0.0,0.0,0.0,0.0,False,DISABLED,0,nan,nan,nan,nan,nan,nan,nan,nan,nan,nan,nan,nan,nan,nan,nan,nan,nan,nan,nan,nan,nan,nan,nan,nan,nan,nan,nan,nan,nan,nan,nan,nan,nan,nan,nan,nan,nan,nan,nan,nan,20.93962101951781,19.92797443003549,0.1327199962547592,nan,nan,nan,nan,nan,0.02841639518737793,False,DISABLED,none,MODEL_ORIGIN_FRAME_NOT_ESTABLISHED,nan,nan,nan,nan,nan,nan,nan,nan,nan,nan,nan,nan,nan,NOT_EVALUATED,nan,nan,nan,nan,DISABLED,nan,nan,nan,nan,nan,nan
1791355956.5864053,1791355956.612582,1791355956.6157827,1791355956.6157827,front_rgbd_red_sphere,False,False,True,DEPTH_RATIO_LOW,31.8,31.8,1791355956.612582,1791355956.6099248,1791355956.5864053,1791355956.5864053,1791355956.5864053,0.0,1791355955.602407,1791355956.5984433,1791355956.583633,1791355956.5984433,1791355956.587633,1791355956.602419,1791355955.5984156,1791355956.5984433,1791355955.602407,1791355956.602419,1791355924.7864053,GAZEBO_CLOCK_SYSTEM_INTERPOLATION,MAPPED_EXACT,0,31.8,1791355956.5864053,0.002576589584350586,0.0,RGB,0.0,0,1,0,UNCALIBRATED,PREPARATION,UNKNOWN,TURNING,0.0,0,0.0,nan,nan,nan,nan,False,0.0,0.0,0.0,0.0,0,0,0,0,0,0.0,0.0,0.0,0.0,0.0,0.0,0.0,0.0,0.0,0.0,0.0,0.0,0.0,0.0,0.0,0.0,0.0,0.0,0.0,0.0,0.0,0.0,0.0,0.0,0.0,0.0,0.0,0.0,False,DISABLED,0,nan,nan,nan,nan,nan,nan,nan,nan,nan,nan,nan,nan,nan,nan,nan,nan,nan,nan,nan,nan,nan,nan,nan,nan,nan,nan,nan,nan,nan,nan,nan,nan,nan,nan,nan,nan,nan,nan,nan,nan,21.130109621075203,19.904438996196593,0.1375860623026895,nan,nan,nan,nan,nan,0.02617669105529785,False,DISABLED,none,MODEL_ORIGIN_FRAME_NOT_ESTABLISHED,nan,nan,nan,nan,nan,nan,nan,nan,nan,nan,nan,nan,nan,NOT_EVALUATED,nan,nan,nan,nan,DISABLED,nan,nan,nan,nan,nan,nan
1791355956.638413,1791355956.676319,1791355956.6784215,1791355956.6784215,front_rgbd_red_sphere,False,False,True,DEPTH_RATIO_LOW,31.852,31.852,1791355956.676319,1791355956.664985,1791355956.638413,1791355956.638413,1791355956.638413,0.0,1791355955.6424212,1791355956.6624243,1791355956.6476328,1791355956.6624243,1791355956.6476328,1791355956.6624243,1791355955.6384068,1791355956.6624243,1791355955.6424212,1791355956.6624243,1791355924.786413,GAZEBO_CLOCK_SYSTEM_INTERPOLATION,MAPPED_EXACT,0,31.852,1791355956.638413,0.0022125244140625,0.0,RGB,0.0,0,1,0,UNCALIBRATED,PREPARATION,UNKNOWN,TURNING,0.0,0,0.0,nan,nan,nan,nan,False,0.0,0.0,0.0,0.0,0,0,0,0,0,0.0,0.0,0.0,0.0,0.0,0.0,0.0,0.0,0.0,0.0,0.0,0.0,0.0,0.0,0.0,0.0,0.0,0.0,0.0,0.0,0.0,0.0,0.0,0.0,0.0,0.0,0.0,0.0,False,DISABLED,0,nan,nan,nan,nan,nan,nan,nan,nan,nan,nan,nan,nan,nan,nan,nan,nan,nan,nan,nan,nan,nan,nan,nan,nan,nan,nan,nan,nan,nan,nan,nan,nan,nan,nan,nan,nan,nan,nan,nan,nan,21.336080393899156,19.875551746415162,0.14200029351915092,nan,nan,nan,nan,nan,0.03790593147277832,False,DISABLED,none,MODEL_ORIGIN_FRAME_NOT_ESTABLISHED,nan,nan,nan,nan,nan,nan,nan,nan,nan,nan,nan,nan,nan,NOT_EVALUATED,nan,nan,nan,nan,DISABLED,nan,nan,nan,nan,nan,nan
1791355956.6864054,1791355956.7230883,1791355956.7265885,1791355956.7265885,front_rgbd_red_sphere,False,False,True,DEPTH_RATIO_LOW,31.9,31.9,1791355956.7230883,1791355956.7107787,1791355956.6864054,1791355956.6864054,1791355956.6864054,0.0,1791355955.7024207,1791355956.7024238,1791355956.687633,1791355956.7024238,1791355956.687633,1791355956.7024238,1791355955.7024207,1791355956.7024238,1791355955.7024207,1791355956.7024238,1791355924.7864053,GAZEBO_CLOCK_SYSTEM_INTERPOLATION,MAPPED_EXACT,0,31.9,1791355956.6864054,0.0012359619140625,0.0,RGB,0.0,0,1,0,UNCALIBRATED,PREPARATION,UNKNOWN,TURNING,0.0,0,0.0,nan,nan,nan,nan,False,0.0,0.0,0.0,0.0,0,0,0,0,0,0.0,0.0,0.0,0.0,0.0,0.0,0.0,0.0,0.0,0.0,0.0,0.0,0.0,0.0,0.0,0.0,0.0,0.0,0.0,0.0,0.0,0.0,0.0,0.0,0.0,0.0,0.0,0.0,False,DISABLED,0,nan,nan,nan,nan,nan,nan,nan,nan,nan,nan,nan,nan,nan,nan,nan,nan,nan,nan,nan,nan,nan,nan,nan,nan,nan,nan,nan,nan,nan,nan,nan,nan,nan,nan,nan,nan,nan,nan,nan,nan,21.525735016876602,19.84567739146191,0.14521256220010567,nan,nan,nan,nan,nan,0.036682844161987305,False,DISABLED,none,MODEL_ORIGIN_FRAME_NOT_ESTABLISHED,nan,nan,nan,nan,nan,nan,nan,nan,nan,nan,nan,nan,nan,NOT_EVALUATED,nan,nan,nan,nan,DISABLED,nan,nan,nan,nan,nan,nan
1791355956.738411,1791355956.7640047,1791355956.765768,1791355956.765768,front_rgbd_red_sphere,False,False,True,DEPTH_RATIO_LOW,31.952,31.952,1791355956.7640047,1791355956.7631168,1791355956.738411,1791355956.738411,1791355956.738411,0.0,1791355955.7424212,1791355956.7424238,1791355956.727679,1791355956.7424238,1791355956.727679,1791355956.7424238,1791355955.7424212,1791355956.7424238,1791355955.7424212,1791355956.7424238,1791355924.786411,GAZEBO_CLOCK_SYSTEM_INTERPOLATION,MAPPED_EXACT,0,31.952,1791355956.738411,0.0018014907836914062,0.0,RGB,0.0,0,1,0,UNCALIBRATED,PREPARATION,UNKNOWN,TURNING,0.0,0,0.0,nan,nan,nan,nan,False,0.0,0.0,0.0,0.0,0,0,0,0,0,0.0,0.0,0.0,0.0,0.0,0.0,0.0,0.0,0.0,0.0,0.0,0.0,0.0,0.0,0.0,0.0,0.0,0.0,0.0,0.0,0.0,0.0,0.0,0.0,0.0,0.0,0.0,0.0,False,DISABLED,0,nan,nan,nan,nan,nan,nan,nan,nan,nan,nan,nan,nan,nan,nan,nan,nan,nan,nan,nan,nan,nan,nan,nan,nan,nan,nan,nan,nan,nan,nan,nan,nan,nan,nan,nan,nan,nan,nan,nan,nan,21.7306518584054,19.81011802063,0.1477855525646836,nan,nan,nan,nan,nan,0.02559375762939453,False,DISABLED,none,MODEL_ORIGIN_FRAME_NOT_ESTABLISHED,nan,nan,nan,nan,nan,nan,nan,nan,nan,nan,nan,nan,nan,NOT_EVALUATED,nan,nan,nan,nan,DISABLED,nan,nan,nan,nan,nan,nan
1791355956.7864048,1791355956.8112671,1791355956.8136148,1791355956.8136148,front_rgbd_red_sphere,False,False,True,DEPTH_RATIO_LOW,32.0,32.0,1791355956.8112671,1791355956.8097544,1791355956.7864048,1791355956.7864048,1791355956.7864048,0.0,1791355955.8024163,1791355956.7984114,1791355956.783679,1791355956.7984114,1791355956.787679,1791355956.8024397,1791355955.7824578,1791355956.7984114,1791355955.8024163,1791355956.8024397,1791355924.7864048,GAZEBO_CLOCK_SYSTEM_INTERPOLATION,MAPPED_EXACT,0,32.0,1791355956.7864048,0.0013318061828613281,0.0,RGB,0.0,0,1,0,UNCALIBRATED,PREPARATION,UNKNOWN,TURNING,0.0,0,0.0,nan,nan,nan,nan,False,0.0,0.0,0.0,0.0,0,0,0,0,0,0.0,0.0,0.0,0.0,0.0,0.0,0.0,0.0,0.0,0.0,0.0,0.0,0.0,0.0,0.0,0.0,0.0,0.0,0.0,0.0,0.0,0.0,0.0,0.0,0.0,0.0,0.0,0.0,False,DISABLED,0,nan,nan,nan,nan,nan,nan,nan,nan,nan,nan,nan,nan,nan,nan,nan,nan,nan,nan,nan,nan,nan,nan,nan,nan,nan,nan,nan,nan,nan,nan,nan,nan,nan,nan,nan,nan,nan,nan,nan,nan,21.919269087019515,19.77426810994762,0.14926340954289105,nan,nan,nan,nan,nan,0.024862289428710938,False,DISABLED,none,MODEL_ORIGIN_FRAME_NOT_ESTABLISHED,nan,nan,nan,nan,nan,nan,nan,nan,nan,nan,nan,nan,nan,NOT_EVALUATED,nan,nan,nan,nan,DISABLED,nan,nan,nan,nan,nan,nan
1791355956.8384044,1791355956.8718433,1791355956.8751838,1791355956.8751838,front_rgbd_red_sphere,False,False,True,DEPTH_RATIO_LOW,32.052,32.052,1791355956.8718433,1791355956.870971,1791355956.8384044,1791355956.8384044,1791355956.8384044,0.0,1791355955.8424196,1791355956.862421,1791355956.847679,1791355956.862421,1791355956.847679,1791355956.862421,1791355955.8384092,1791355956.862421,1791355955.8424196,1791355956.862421,1791355924.7864044,GAZEBO_CLOCK_SYSTEM_INTERPOLATION,MAPPED_EXACT,0,32.052,1791355956.8384044,0.001813650131225586,0.0,RGB,0.0,0,1,0,UNCALIBRATED,PREPARATION,UNKNOWN,TURNING,0.0,0,0.0,nan,nan,nan,nan,False,0.0,0.0,0.0,0.0,0,0,0,0,0,0.0,0.0,0.0,0.0,0.0,0.0,0.0,0.0,0.0,0.0,0.0,0.0,0.0,0.0,0.0,0.0,0.0,0.0,0.0,0.0,0.0,0.0,0.0,0.0,0.0,0.0,0.0,0.0,False,DISABLED,0,nan,nan,nan,nan,nan,nan,nan,nan,nan,nan,nan,nan,nan,nan,nan,nan,nan,nan,nan,nan,nan,nan,nan,nan,nan,nan,nan,nan,nan,nan,nan,nan,nan,nan,nan,nan,nan,nan,nan,nan,22.12308393981548,19.73240270289168,0.14993298314491943,nan,nan,nan,nan,nan,0.033438920974731445,False,DISABLED,none,MODEL_ORIGIN_FRAME_NOT_ESTABLISHED,nan,nan,nan,nan,nan,nan,nan,nan,nan,nan,nan,nan,nan,NOT_EVALUATED,nan,nan,nan,nan,DISABLED,nan,nan,nan,nan,nan,nan
1791355956.8864098,1791355956.9143162,1791355956.9163315,1791355956.9163315,front_rgbd_red_sphere,False,False,True,DEPTH_RATIO_LOW,32.1,32.1,1791355956.9143162,1791355956.9119349,1791355956.8864098,1791355956.8864098,1791355956.8864098,0.0,1791355955.902428,1791355956.9024405,1791355956.8876789,1791355956.9024405,1791355956.8876789,1791355956.9024405,1791355955.902428,1791355956.9024405,1791355955.902428,1791355956.9024405,1791355924.7864099,GAZEBO_CLOCK_SYSTEM_INTERPOLATION,MAPPED_EXACT,0,32.1,1791355956.8864098,0.00425410270690918,0.0,RGB,0.0,0,1,0,UNCALIBRATED,PREPARATION,UNKNOWN,TURNING,0.0,0,0.0,nan,nan,nan,nan,False,0.0,0.0,0.0,0.0,0,0,0,0,0,0.0,0.0,0.0,0.0,0.0,0.0,0.0,0.0,0.0,0.0,0.0,0.0,0.0,0.0,0.0,0.0,0.0,0.0,0.0,0.0,0.0,0.0,0.0,0.0,0.0,0.0,0.0,0.0,False,DISABLED,0,nan,nan,nan,nan,nan,nan,nan,nan,nan,nan,nan,nan,nan,nan,nan,nan,nan,nan,nan,nan,nan,nan,nan,nan,nan,nan,nan,nan,nan,nan,nan,nan,nan,nan,nan,nan,nan,nan,nan,nan,22.310538613057247,19.690923785646596,0.14963912734366835,nan,nan,nan,nan,nan,0.027906417846679688,False,DISABLED,none,MODEL_ORIGIN_FRAME_NOT_ESTABLISHED,nan,nan,nan,nan,nan,nan,nan,nan,nan,nan,nan,nan,nan,NOT_EVALUATED,nan,nan,nan,nan,DISABLED,nan,nan,nan,nan,nan,nan
1791355956.938405,1791355956.9736955,1791355956.9768696,1791355956.9768696,front_rgbd_red_sphere,False,False,True,DEPTH_RATIO_LOW,32.152,32.152,1791355956.9736955,1791355956.9725637,1791355956.938405,1791355956.938405,1791355956.938405,0.0,1791355955.9424279,1791355956.9584167,1791355956.9436789,1791355956.9584167,1791355956.9476788,1791355956.9624162,1791355955.9424279,1791355956.9584167,1791355955.9424279,1791355956.9624162,1791355924.786405,GAZEBO_CLOCK_SYSTEM_INTERPOLATION,MAPPED_EXACT,0,32.152,1791355956.938405,0.0036432743072509766,0.0,RGB,0.0,0,1,0,UNCALIBRATED,PREPARATION,UNKNOWN,TURNING,0.0,0,0.0,nan,nan,nan,nan,False,0.0,0.0,0.0,0.0,0,0,0,0,0,0.0,0.0,0.0,0.0,0.0,0.0,0.0,0.0,0.0,0.0,0.0,0.0,0.0,0.0,0.0,0.0,0.0,0.0,0.0,0.0,0.0,0.0,0.0,0.0,0.0,0.0,0.0,0.0,False,DISABLED,0,nan,nan,nan,nan,nan,nan,nan,nan,nan,nan,nan,nan,nan,nan,nan,nan,nan,nan,nan,nan,nan,nan,nan,nan,nan,nan,nan,nan,nan,nan,nan,nan,nan,nan,nan,nan,nan,nan,nan,nan,22.512851144107362,19.643182468310336,0.1483879450739656,nan,nan,nan,nan,nan,0.03529047966003418,False,DISABLED,none,MODEL_ORIGIN_FRAME_NOT_ESTABLISHED,nan,nan,nan,nan,nan,nan,nan,nan,nan,nan,nan,nan,nan,NOT_EVALUATED,nan,nan,nan,nan,DISABLED,nan,nan,nan,nan,nan,nan
1791355956.9864113,1791355957.0121255,1791355957.0141835,1791355957.0141835,front_rgbd_red_sphere,False,False,True,DEPTH_RATIO_LOW,32.2,32.2,1791355957.0121255,1791355957.011021,1791355956.9864113,1791355956.9864113,1791355956.9864113,0.0,1791355955.982423,1791355956.9984188,1791355956.9836788,1791355956.9984188,1791355956.987679,1791355957.0024142,1791355955.982423,1791355956.9984188,1791355955.982423,1791355957.0024142,1791355924.7864113,GAZEBO_CLOCK_SYSTEM_INTERPOLATION,MAPPED_EXACT,0,32.2,1791355956.9864113,0.0020439624786376953,0.0,RGB,0.0,0,1,0,UNCALIBRATED,PREPARATION,UNKNOWN,TURNING,0.0,0,0.0,nan,nan,nan,nan,False,0.0,0.0,0.0,0.0,0,0,0,0,0,0.0,0.0,0.0,0.0,0.0,0.0,0.0,0.0,0.0,0.0,0.0,0.0,0.0,0.0,0.0,0.0,0.0,0.0,0.0,0.0,0.0,0.0,0.0,0.0,0.0,0.0,0.0,0.0,False,DISABLED,0,nan,nan,nan,nan,nan,nan,nan,nan,nan,nan,nan,nan,nan,nan,nan,nan,nan,nan,nan,nan,nan,nan,nan,nan,nan,nan,nan,nan,nan,nan,nan,nan,nan,nan,nan,nan,nan,nan,nan,nan,22.69914842036887,19.59639132719714,0.14633017305007032,nan,nan,nan,nan,nan,0.02571415901184082,False,DISABLED,none,MODEL_ORIGIN_FRAME_NOT_ESTABLISHED,nan,nan,nan,nan,nan,nan,nan,nan,nan,nan,nan,nan,nan,NOT_EVALUATED,nan,nan,nan,nan,DISABLED,nan,nan,nan,nan,nan,nan
1791355957.03842,1791355957.0642848,1791355957.0662591,1791355957.0662591,front_rgbd_red_sphere,False,False,True,DEPTH_RATIO_LOW,32.252,32.252,1791355957.0642848,1791355957.063311,1791355957.03842,1791355957.03842,1791355957.03842,0.0,1791355956.0384057,1791355957.03842,1791355957.023679,1791355957.03842,1791355957.027679,1791355957.0424306,1791355956.0384057,1791355957.03842,1791355956.0224175,1791355957.0424306,1791355924.7864199,GAZEBO_CLOCK_SYSTEM_INTERPOLATION,MAPPED_EXACT,0,32.252,1791355957.03842,0.0021028518676757812,0.0,RGB,0.0,0,1,0,UNCALIBRATED,PREPARATION,UNKNOWN,TURNING,0.0,0,0.0,nan,nan,nan,nan,False,0.0,0.0,0.0,0.0,0,0,0,0,0,0.0,0.0,0.0,0.0,0.0,0.0,0.0,0.0,0.0,0.0,0.0,0.0,0.0,0.0,0.0,0.0,0.0,0.0,0.0,0.0,0.0,0.0,0.0,0.0,0.0,0.0,0.0,0.0,False,DISABLED,0,nan,nan,nan,nan,nan,nan,nan,nan,nan,nan,nan,nan,nan,nan,nan,nan,nan,nan,nan,nan,nan,nan,nan,nan,nan,nan,nan,nan,nan,nan,nan,nan,nan,nan,nan,nan,nan,nan,nan,nan,22.90028488217229,19.54303510782931,0.14318717369924305,nan,nan,nan,nan,nan,0.025864839553833008,False,DISABLED,none,MODEL_ORIGIN_FRAME_NOT_ESTABLISHED,nan,nan,nan,nan,nan,nan,nan,nan,nan,nan,nan,nan,nan,NOT_EVALUATED,nan,nan,nan,nan,DISABLED,nan,nan,nan,nan,nan,nan
1791355957.0864084,1791355957.1177783,1791355957.1204913,1791355957.1204913,front_rgbd_red_sphere,False,False,True,DEPTH_RATIO_LOW,32.3,32.3,1791355957.1177783,1791355957.107112,1791355957.0864084,1791355957.0864084,1791355957.0864084,0.0,1791355956.0824218,1791355957.1024187,1791355957.087679,1791355957.1024187,1791355957.087679,1791355957.1024187,1791355956.0784218,1791355957.1024187,1791355956.0824218,1791355957.1024187,1791355924.7864084,GAZEBO_CLOCK_SYSTEM_INTERPOLATION,MAPPED_EXACT,0,32.3,1791355957.0864084,0.003704547882080078,0.0,RGB,0.0,0,1,0,UNCALIBRATED,PREPARATION,UNKNOWN,TURNING,0.0,0,0.0,nan,nan,nan,nan,False,0.0,0.0,0.0,0.0,0,0,0,0,0,0.0,0.0,0.0,0.0,0.0,0.0,0.0,0.0,0.0,0.0,0.0,0.0,0.0,0.0,0.0,0.0,0.0,0.0,0.0,0.0,0.0,0.0,0.0,0.0,0.0,0.0,0.0,0.0,False,DISABLED,0,nan,nan,nan,nan,nan,nan,nan,nan,nan,nan,nan,nan,nan,nan,nan,nan,nan,nan,nan,nan,nan,nan,nan,nan,nan,nan,nan,nan,nan,nan,nan,nan,nan,nan,nan,nan,nan,nan,nan,nan,23.085056338837713,19.491324524971898,0.13941836074096067,nan,nan,nan,nan,nan,0.031369924545288086,False,DISABLED,none,MODEL_ORIGIN_FRAME_NOT_ESTABLISHED,nan,nan,nan,nan,nan,nan,nan,nan,nan,nan,nan,nan,nan,NOT_EVALUATED,nan,nan,nan,nan,DISABLED,nan,nan,nan,nan,nan,nan
1791355957.138402,1791355957.1746335,1791355957.1780071,1791355957.1780071,front_rgbd_red_sphere,False,False,True,DEPTH_RATIO_LOW,32.352,32.352,1791355957.1746335,1791355957.1625228,1791355957.138402,1791355957.138402,1791355957.138402,0.0,1791355956.1624222,1791355957.1584198,1791355957.143679,1791355957.1584198,1791355957.1476789,1791355957.1624281,1791355956.1584194,1791355957.1584198,1791355956.1624222,1791355957.1624281,1791355924.786402,GAZEBO_CLOCK_SYSTEM_INTERPOLATION,MAPPED_EXACT,0,32.352,1791355957.138402,0.0008001327514648438,0.0,RGB,0.0,0,1,0,UNCALIBRATED,PREPARATION,UNKNOWN,TURNING,0.0,0,0.0,nan,nan,nan,nan,False,0.0,0.0,0.0,0.0,0,0,0,0,0,0.0,0.0,0.0,0.0,0.0,0.0,0.0,0.0,0.0,0.0,0.0,0.0,0.0,0.0,0.0,0.0,0.0,0.0,0.0,0.0,0.0,0.0,0.0,0.0,0.0,0.0,0.0,0.0,False,DISABLED,0,nan,nan,nan,nan,nan,nan,nan,nan,nan,nan,nan,nan,nan,nan,nan,nan,nan,nan,nan,nan,nan,nan,nan,nan,nan,nan,nan,nan,nan,nan,nan,nan,nan,nan,nan,nan,nan,nan,nan,nan,23.284585304304674,19.43278775668458,0.13446584577532905,nan,nan,nan,nan,nan,0.03623151779174805,False,DISABLED,none,MODEL_ORIGIN_FRAME_NOT_ESTABLISHED,nan,nan,nan,nan,nan,nan,nan,nan,nan,nan,nan,nan,nan,NOT_EVALUATED,nan,nan,nan,nan,DISABLED,nan,nan,nan,nan,nan,nan
1791355957.1864047,1791355957.2178555,1791355957.2196157,1791355957.2196157,front_rgbd_red_sphere,False,False,True,DEPTH_RATIO_LOW,32.4,32.4,1791355957.209411,1791355957.2178555,1791355957.1864047,1791355957.1864047,1791355957.1864047,0.0,1791355956.2024207,1791355957.1984282,1791355957.1836789,1791355957.1984282,1791355957.1876788,1791355957.202425,1791355956.1984222,1791355957.1984282,1791355956.2024207,1791355957.202425,1791355924.7864046,GAZEBO_CLOCK_SYSTEM_INTERPOLATION,MAPPED_EXACT,0,32.4,1791355957.1864047,0.0037119388580322266,0.0,RGB,0.0,0,1,0,UNCALIBRATED,PREPARATION,UNKNOWN,TURNING,0.0,0,0.0,nan,nan,nan,nan,False,0.0,0.0,0.0,0.0,0,0,0,0,0,0.0,0.0,0.0,0.0,0.0,0.0,0.0,0.0,0.0,0.0,0.0,0.0,0.0,0.0,0.0,0.0,0.0,0.0,0.0,0.0,0.0,0.0,0.0,0.0,0.0,0.0,0.0,0.0,False,DISABLED,0,nan,nan,nan,nan,nan,nan,nan,nan,nan,nan,nan,nan,nan,nan,nan,nan,nan,nan,nan,nan,nan,nan,nan,nan,nan,nan,nan,nan,nan,nan,nan,nan,nan,nan,nan,nan,nan,nan,nan,nan,23.468257195097845,19.37633544505624,0.12907108980692328,nan,nan,nan,nan,nan,0.031450748443603516,False,DISABLED,none,MODEL_ORIGIN_FRAME_NOT_ESTABLISHED,nan,nan,nan,nan,nan,nan,nan,nan,nan,nan,nan,nan,nan,NOT_EVALUATED,nan,nan,nan,nan,DISABLED,nan,nan,nan,nan,nan,nan
1791355957.2384098,1791355957.268616,1791355957.2701678,1791355957.2701678,front_rgbd_red_sphere,False,False,True,DEPTH_RATIO_LOW,32.452,32.452,1791355957.2604206,1791355957.268616,1791355957.2384098,1791355957.2384098,1791355957.2384098,0.0,1791355956.242422,1791355957.2624238,1791355957.247679,1791355957.2624238,1791355957.247679,1791355957.2624238,1791355956.2384076,1791355957.2624238,1791355956.242422,1791355957.2624238,1791355924.7864099,GAZEBO_CLOCK_SYSTEM_INTERPOLATION,MAPPED_EXACT,0,32.452,1791355957.2384098,0.0024220943450927734,0.0,RGB,0.0,0,1,0,UNCALIBRATED,PREPARATION,UNKNOWN,TURNING,0.0,0,0.0,nan,nan,nan,nan,False,0.0,0.0,0.0,0.0,0,0,0,0,0,0.0,0.0,0.0,0.0,0.0,0.0,0.0,0.0,0.0,0.0,0.0,0.0,0.0,0.0,0.0,0.0,0.0,0.0,0.0,0.0,0.0,0.0,0.0,0.0,0.0,0.0,0.0,0.0,False,DISABLED,0,nan,nan,nan,nan,nan,nan,nan,nan,nan,nan,nan,nan,nan,nan,nan,nan,nan,nan,nan,nan,nan,nan,nan,nan,nan,nan,nan,nan,nan,nan,nan,nan,nan,nan,nan,nan,nan,nan,nan,nan,23.666340883275566,19.31287851977457,0.12242583110696459,nan,nan,nan,nan,nan,0.03020620346069336,False,DISABLED,none,MODEL_ORIGIN_FRAME_NOT_ESTABLISHED,nan,nan,nan,nan,nan,nan,nan,nan,nan,nan,nan,nan,nan,NOT_EVALUATED,nan,nan,nan,nan,DISABLED,nan,nan,nan,nan,nan,nan
1791355957.2864053,1791355957.3114884,1791355957.3144467,1791355957.3144467,front_rgbd_red_sphere,False,False,True,DEPTH_RATIO_LOW,32.5,32.5,1791355957.3114884,1791355957.3091815,1791355957.2864053,1791355957.2864053,1791355957.2864053,0.0,1791355956.3024113,1791355957.3024125,1791355957.287679,1791355957.3024125,1791355957.287679,1791355957.3024125,1791355956.3024113,1791355957.3024125,1791355956.3024113,1791355957.3024125,1791355924.7864053,GAZEBO_CLOCK_SYSTEM_INTERPOLATION,MAPPED_EXACT,0,32.5,1791355957.2864053,0.0014870166778564453,0.0,RGB,0.0,0,1,0,UNCALIBRATED,PREPARATION,UNKNOWN,TURNING,0.0,0,0.0,nan,nan,nan,nan,False,0.0,0.0,0.0,0.0,0,0,0,0,0,0.0,0.0,0.0,0.0,0.0,0.0,0.0,0.0,0.0,0.0,0.0,0.0,0.0,0.0,0.0,0.0,0.0,0.0,0.0,0.0,0.0,0.0,0.0,0.0,0.0,0.0,0.0,0.0,False,DISABLED,0,nan,nan,nan,nan,nan,nan,nan,nan,nan,nan,nan,nan,nan,nan,nan,nan,nan,nan,nan,nan,nan,nan,nan,nan,nan,nan,nan,nan,nan,nan,nan,nan,nan,nan,nan,nan,nan,nan,nan,nan,23.84836835615859,19.252121742415987,0.11555034063664643,nan,nan,nan,nan,nan,0.025083065032958984,False,DISABLED,none,MODEL_ORIGIN_FRAME_NOT_ESTABLISHED,nan,nan,nan,nan,nan,nan,nan,nan,nan,nan,nan,nan,nan,NOT_EVALUATED,nan,nan,nan,nan,DISABLED,nan,nan,nan,nan,nan,nan
1791355957.3384082,1791355957.3637857,1791355957.3670228,1791355957.3670228,front_rgbd_red_sphere,False,False,True,DEPTH_RATIO_LOW,32.552,32.552,1791355957.3637857,1791355957.3614337,1791355957.3384082,1791355957.3384082,1791355957.3384082,0.0,1791355956.3224158,1791355957.3424292,1791355957.327679,1791355957.3424292,1791355957.327679,1791355957.3424292,1791355956.3184104,1791355957.3424292,1791355956.3224158,1791355957.3424292,1791355924.7864082,GAZEBO_CLOCK_SYSTEM_INTERPOLATION,MAPPED_EXACT,0,32.552,1791355957.3384082,0.0017819404602050781,0.0,RGB,0.0,0,1,0,UNCALIBRATED,PREPARATION,UNKNOWN,TURNING,0.0,0,0.0,nan,nan,nan,nan,False,0.0,0.0,0.0,0.0,0,0,0,0,0,0.0,0.0,0.0,0.0,0.0,0.0,0.0,0.0,0.0,0.0,0.0,0.0,0.0,0.0,0.0,0.0,0.0,0.0,0.0,0.0,0.0,0.0,0.0,0.0,0.0,0.0,0.0,0.0,False,DISABLED,0,nan,nan,nan,nan,nan,nan,nan,nan,nan,nan,nan,nan,nan,nan,nan,nan,nan,nan,nan,nan,nan,nan,nan,nan,nan,nan,nan,nan,nan,nan,nan,nan,nan,nan,nan,nan,nan,nan,nan,nan,24.044901131311722,19.18407492008019,0.10737942962983185,nan,nan,nan,nan,nan,0.025377511978149414,False,DISABLED,none,MODEL_ORIGIN_FRAME_NOT_ESTABLISHED,nan,nan,nan,nan,nan,nan,nan,nan,nan,nan,nan,nan,nan,NOT_EVALUATED,nan,nan,nan,nan,DISABLED,nan,nan,nan,nan,nan,nan
1791355957.3864095,1791355957.4093254,1791355957.412418,1791355957.412418,front_rgbd_red_sphere,False,False,True,DEPTH_RATIO_LOW,32.6,32.6,1791355957.4093254,1791355957.4068627,1791355957.3864095,1791355957.3864095,1791355957.3864095,0.0,1791355956.3984072,1791355957.3984203,1791355957.383679,1791355957.3984203,1791355957.3876789,1791355957.4024086,1791355956.3984072,1791355957.3984203,1791355956.3824182,1791355957.4024086,1791355924.7864096,GAZEBO_CLOCK_SYSTEM_INTERPOLATION,MAPPED_EXACT,0,32.6,1791355957.3864095,0.003269195556640625,0.0,RGB,0.0,0,1,0,UNCALIBRATED,PREPARATION,UNKNOWN,TURNING,0.0,0,0.0,nan,nan,nan,nan,False,0.0,0.0,0.0,0.0,0,0,0,0,0,0.0,0.0,0.0,0.0,0.0,0.0,0.0,0.0,0.0,0.0,0.0,0.0,0.0,0.0,0.0,0.0,0.0,0.0,0.0,0.0,0.0,0.0,0.0,0.0,0.0,0.0,0.0,0.0,False,DISABLED,0,nan,nan,nan,nan,nan,nan,nan,nan,nan,nan,nan,nan,nan,nan,nan,nan,nan,nan,nan,nan,nan,nan,nan,nan,nan,nan,nan,nan,nan,nan,nan,nan,nan,nan,nan,nan,nan,nan,nan,nan,24.225715221998204,19.1191407249463,0.09917772463330081,nan,nan,nan,nan,nan,0.02291584014892578,False,DISABLED,none,MODEL_ORIGIN_FRAME_NOT_ESTABLISHED,nan,nan,nan,nan,nan,nan,nan,nan,nan,nan,nan,nan,nan,NOT_EVALUATED,nan,nan,nan,nan,DISABLED,nan,nan,nan,nan,nan,nan
1791355957.4384055,1791355957.4605381,1791355957.4637597,1791355957.4637597,front_rgbd_red_sphere,False,False,True,DEPTH_RATIO_LOW,32.652,32.652,1791355957.4605381,1791355957.4592524,1791355957.4384055,1791355957.4384055,1791355957.4384055,0.0,1791355956.4424205,1791355957.4384055,1791355957.4236789,1791355957.4384055,1791355957.4276788,1791355957.4424295,1791355956.4224186,1791355957.4384055,1791355956.4424205,1791355957.4424295,1791355924.7864056,GAZEBO_CLOCK_SYSTEM_INTERPOLATION,MAPPED_EXACT,0,32.652,1791355957.4384055,0.0024595260620117188,0.0,RGB,0.0,0,1,0,UNCALIBRATED,PREPARATION,UNKNOWN,TURNING,0.0,0,0.0,nan,nan,nan,nan,False,0.0,0.0,0.0,0.0,0,0,0,0,0,0.0,0.0,0.0,0.0,0.0,0.0,0.0,0.0,0.0,0.0,0.0,0.0,0.0,0.0,0.0,0.0,0.0,0.0,0.0,0.0,0.0,0.0,0.0,0.0,0.0,0.0,0.0,0.0,False,DISABLED,0,nan,nan,nan,nan,nan,nan,nan,nan,nan,nan,nan,nan,nan,nan,nan,nan,nan,nan,nan,nan,nan,nan,nan,nan,nan,nan,nan,nan,nan,nan,nan,nan,nan,nan,nan,nan,nan,nan,nan,nan,24.420691395606916,19.046782655296138,0.08968126380261818,nan,nan,nan,nan,nan,0.02213263511657715,False,DISABLED,none,MODEL_ORIGIN_FRAME_NOT_ESTABLISHED,nan,nan,nan,nan,nan,nan,nan,nan,nan,nan,nan,nan,nan,NOT_EVALUATED,nan,nan,nan,nan,DISABLED,nan,nan,nan,nan,nan,nan
1791355957.4864058,1791355957.518423,1791355957.5212693,1791355957.5212693,front_rgbd_red_sphere,False,False,True,DEPTH_RATIO_LOW,32.7,32.7,1791355957.5095417,1791355957.518423,1791355957.4864058,1791355957.4864058,1791355957.4864058,0.0,1791355956.502413,1791355957.5024233,1791355957.487679,1791355957.5024233,1791355957.487679,1791355957.5024233,1791355956.502413,1791355957.5024233,1791355956.502413,1791355957.5024233,1791355924.7864058,GAZEBO_CLOCK_SYSTEM_INTERPOLATION,MAPPED_EXACT,0,32.7,1791355957.4864058,0.0004715919494628906,0.0,RGB,0.0,0,1,0,UNCALIBRATED,PREPARATION,UNKNOWN,TURNING,0.0,0,0.0,nan,nan,nan,nan,False,0.0,0.0,0.0,0.0,0,0,0,0,0,0.0,0.0,0.0,0.0,0.0,0.0,0.0,0.0,0.0,0.0,0.0,0.0,0.0,0.0,0.0,0.0,0.0,0.0,0.0,0.0,0.0,0.0,0.0,0.0,0.0,0.0,0.0,0.0,False,DISABLED,0,nan,nan,nan,nan,nan,nan,nan,nan,nan,nan,nan,nan,nan,nan,nan,nan,nan,nan,nan,nan,nan,nan,nan,nan,nan,nan,nan,nan,nan,nan,nan,nan,nan,nan,nan,nan,nan,nan,nan,nan,24.59996541019875,18.978031263371097,0.08036736160724972,nan,nan,nan,nan,nan,0.03201723098754883,False,DISABLED,none,MODEL_ORIGIN_FRAME_NOT_ESTABLISHED,nan,nan,nan,nan,nan,nan,nan,nan,nan,nan,nan,nan,nan,NOT_EVALUATED,nan,nan,nan,nan,DISABLED,nan,nan,nan,nan,nan,nan
1791355957.5384066,1791355957.572458,1791355957.5760198,1791355957.5760198,front_rgbd_red_sphere,False,False,True,DEPTH_RATIO_LOW,32.752,32.752,1791355957.572458,1791355957.5602536,1791355957.5384066,1791355957.5384066,1791355957.5384066,0.0,1791355956.5424204,1791355957.5584233,1791355957.543679,1791355957.5584233,1791355957.547679,1791355957.56242,1791355956.5424204,1791355957.5584233,1791355956.5424204,1791355957.56242,1791355924.7864065,GAZEBO_CLOCK_SYSTEM_INTERPOLATION,MAPPED_EXACT,0,32.752,1791355957.5384066,0.0024759769439697266,0.0,RGB,0.0,0,1,0,UNCALIBRATED,PREPARATION,UNKNOWN,TURNING,0.0,0,0.0,nan,nan,nan,nan,False,0.0,0.0,0.0,0.0,0,0,0,0,0,0.0,0.0,0.0,0.0,0.0,0.0,0.0,0.0,0.0,0.0,0.0,0.0,0.0,0.0,0.0,0.0,0.0,0.0,0.0,0.0,0.0,0.0,0.0,0.0,0.0,0.0,0.0,0.0,False,DISABLED,0,nan,nan,nan,nan,nan,nan,nan,nan,nan,nan,nan,nan,nan,nan,nan,nan,nan,nan,nan,nan,nan,nan,nan,nan,nan,nan,nan,nan,nan,nan,nan,nan,nan,nan,nan,nan,nan,nan,nan,nan,24.793327431416834,18.90165150020533,0.06978286369616504,nan,nan,nan,nan,nan,0.03405141830444336,False,DISABLED,none,MODEL_ORIGIN_FRAME_NOT_ESTABLISHED,nan,nan,nan,nan,nan,nan,nan,nan,nan,nan,nan,nan,nan,NOT_EVALUATED,nan,nan,nan,nan,DISABLED,nan,nan,nan,nan,nan,nan
1791355957.586412,1791355957.612497,1791355957.6155593,1791355957.6155593,front_rgbd_red_sphere,False,False,True,DEPTH_RATIO_LOW,32.8,32.8,1791355957.612497,1791355957.610522,1791355957.586412,1791355957.586412,1791355957.586412,0.0,1791355956.602419,1791355957.5984232,1791355957.583679,1791355957.5984232,1791355957.587679,1791355957.6024199,1791355956.582415,1791355957.5984232,1791355956.602419,1791355957.6024199,1791355924.786412,GAZEBO_CLOCK_SYSTEM_INTERPOLATION,MAPPED_EXACT,0,32.8,1791355957.586412,0.002434253692626953,0.0,RGB,0.0,0,1,0,UNCALIBRATED,PREPARATION,UNKNOWN,TURNING,0.0,0,0.0,nan,nan,nan,nan,False,0.0,0.0,0.0,0.0,0,0,0,0,0,0.0,0.0,0.0,0.0,0.0,0.0,0.0,0.0,0.0,0.0,0.0,0.0,0.0,0.0,0.0,0.0,0.0,0.0,0.0,0.0,0.0,0.0,0.0,0.0,0.0,0.0,0.0,0.0,False,DISABLED,0,nan,nan,nan,nan,nan,nan,nan,nan,nan,nan,nan,nan,nan,nan,nan,nan,nan,nan,nan,nan,nan,nan,nan,nan,nan,nan,nan,nan,nan,nan,nan,nan,nan,nan,nan,nan,nan,nan,nan,nan,24.97126687226926,18.82924623067396,0.059576809775958105,nan,nan,nan,nan,nan,0.02608513832092285,False,DISABLED,none,MODEL_ORIGIN_FRAME_NOT_ESTABLISHED,nan,nan,nan,nan,nan,nan,nan,nan,nan,nan,nan,nan,nan,NOT_EVALUATED,nan,nan,nan,nan,DISABLED,nan,nan,nan,nan,nan,nan
1791355957.6384037,1791355957.6714458,1791355957.6745064,1791355957.6745064,front_rgbd_red_sphere,False,False,True,DEPTH_RATIO_LOW,32.852,32.852,1791355957.6714458,1791355957.6595054,1791355957.6384037,1791355957.6384037,1791355957.6384037,0.0,1791355956.6624243,1791355957.6624262,1791355957.6476789,1791355957.6624262,1791355957.6476789,1791355957.6624262,1791355956.6624243,1791355957.6624262,1791355956.6624243,1791355957.6624262,1791355924.7864037,GAZEBO_CLOCK_SYSTEM_INTERPOLATION,MAPPED_EXACT,0,32.852,1791355957.6384037,0.0013818740844726562,0.0,RGB,0.0,0,1,0,UNCALIBRATED,PREPARATION,UNKNOWN,TURNING,0.0,0,0.0,nan,nan,nan,nan,False,0.0,0.0,0.0,0.0,0,0,0,0,0,0.0,0.0,0.0,0.0,0.0,0.0,0.0,0.0,0.0,0.0,0.0,0.0,0.0,0.0,0.0,0.0,0.0,0.0,0.0,0.0,0.0,0.0,0.0,0.0,0.0,0.0,0.0,0.0,False,DISABLED,0,nan,nan,nan,nan,nan,nan,nan,nan,nan,nan,nan,nan,nan,nan,nan,nan,nan,nan,nan,nan,nan,nan,nan,nan,nan,nan,nan,nan,nan,nan,nan,nan,nan,nan,nan,nan,nan,nan,nan,nan,25.16304484659738,18.749085582217102,0.04816408243920087,nan,nan,nan,nan,nan,0.033042192459106445,False,DISABLED,none,MODEL_ORIGIN_FRAME_NOT_ESTABLISHED,nan,nan,nan,nan,nan,nan,nan,nan,nan,nan,nan,nan,nan,NOT_EVALUATED,nan,nan,nan,nan,DISABLED,nan,nan,nan,nan,nan,nan
1791355957.6864119,1791355957.7186747,1791355957.7214212,1791355957.7214212,front_rgbd_red_sphere,False,False,True,DEPTH_RATIO_LOW,32.9,32.9,1791355957.7186747,1791355957.7062123,1791355957.6864119,1791355957.6864119,1791355957.6864119,0.0,1791355956.6824186,1791355957.7024183,1791355957.6876788,1791355957.7024183,1791355957.6876788,1791355957.7024183,1791355956.6784256,1791355957.7024183,1791355956.6824186,1791355957.7024183,1791355924.7864118,GAZEBO_CLOCK_SYSTEM_INTERPOLATION,MAPPED_EXACT,0,32.9,1791355957.6864119,0.0007100105285644531,0.0,RGB,0.0,0,1,0,UNCALIBRATED,PREPARATION,UNKNOWN,TURNING,0.0,0,0.0,nan,nan,nan,nan,False,0.0,0.0,0.0,0.0,0,0,0,0,0,0.0,0.0,0.0,0.0,0.0,0.0,0.0,0.0,0.0,0.0,0.0,0.0,0.0,0.0,0.0,0.0,0.0,0.0,0.0,0.0,0.0,0.0,0.0,0.0,0.0,0.0,0.0,0.0,False,DISABLED,0,nan,nan,nan,nan,nan,nan,nan,nan,nan,nan,nan,nan,nan,nan,nan,nan,nan,nan,nan,nan,nan,nan,nan,nan,nan,nan,nan,nan,nan,nan,nan,nan,nan,nan,nan,nan,nan,nan,nan,nan,25.33951690726573,18.67330150167057,0.03732441642505527,nan,nan,nan,nan,nan,0.03226280212402344,False,DISABLED,none,MODEL_ORIGIN_FRAME_NOT_ESTABLISHED,nan,nan,nan,nan,nan,nan,nan,nan,nan,nan,nan,nan,nan,NOT_EVALUATED,nan,nan,nan,nan,DISABLED,nan,nan,nan,nan,nan,nan
1791355957.7384048,1791355957.7638528,1791355957.7657363,1791355957.7657363,front_rgbd_red_sphere,False,False,True,DEPTH_RATIO_LOW,32.952,32.952,1791355957.7638528,1791355957.7610183,1791355957.7384048,1791355957.7384048,1791355957.7384048,0.0,1791355956.7424238,1791355957.7424762,1791355957.727725,1791355957.7424762,1791355957.727725,1791355957.7424762,1791355956.7424238,1791355957.7424762,1791355956.7424238,1791355957.7424762,1791355924.7864048,GAZEBO_CLOCK_SYSTEM_INTERPOLATION,MAPPED_EXACT,0,32.952,1791355957.7384048,0.001737356185913086,0.0,RGB,0.0,0,1,0,UNCALIBRATED,PREPARATION,UNKNOWN,TURNING,0.0,0,0.0,nan,nan,nan,nan,False,0.0,0.0,0.0,0.0,0,0,0,0,0,0.0,0.0,0.0,0.0,0.0,0.0,0.0,0.0,0.0,0.0,0.0,0.0,0.0,0.0,0.0,0.0,0.0,0.0,0.0,0.0,0.0,0.0,0.0,0.0,0.0,0.0,0.0,0.0,False,DISABLED,0,nan,nan,nan,nan,nan,nan,nan,nan,nan,nan,nan,nan,nan,nan,nan,nan,nan,nan,nan,nan,nan,nan,nan,nan,nan,nan,nan,nan,nan,nan,nan,nan,nan,nan,nan,nan,nan,nan,nan,nan,25.529831724126932,18.589546687737293,0.025358196221807884,nan,nan,nan,nan,nan,0.025448083877563477,False,DISABLED,none,MODEL_ORIGIN_FRAME_NOT_ESTABLISHED,nan,nan,nan,nan,nan,nan,nan,nan,nan,nan,nan,nan,nan,NOT_EVALUATED,nan,nan,nan,nan,DISABLED,nan,nan,nan,nan,nan,nan
1791355957.7864077,1791355957.820577,1791355957.8230038,1791355957.8230038,front_rgbd_red_sphere,False,False,True,DEPTH_RATIO_LOW,33.0,33.0,1791355957.820577,1791355957.8084939,1791355957.7864077,1791355957.7864077,1791355957.7864077,0.0,1791355956.7984114,1791355957.798427,1791355957.783725,1791355957.798427,1791355957.787725,1791355957.8024201,1791355956.7984114,1791355957.798427,1791355956.7824173,1791355957.8024201,1791355924.7864077,GAZEBO_CLOCK_SYSTEM_INTERPOLATION,MAPPED_EXACT,0,33.0,1791355957.7864077,0.0024487972259521484,0.0,RGB,0.0,0,1,0,UNCALIBRATED,PREPARATION,UNKNOWN,TURNING,0.0,0,0.0,nan,nan,nan,nan,False,0.0,0.0,0.0,0.0,0,0,0,0,0,0.0,0.0,0.0,0.0,0.0,0.0,0.0,0.0,0.0,0.0,0.0,0.0,0.0,0.0,0.0,0.0,0.0,0.0,0.0,0.0,0.0,0.0,0.0,0.0,0.0,0.0,0.0,0.0,False,DISABLED,0,nan,nan,nan,nan,nan,nan,nan,nan,nan,nan,nan,nan,nan,nan,nan,nan,nan,nan,nan,nan,nan,nan,nan,nan,nan,nan,nan,nan,nan,nan,nan,nan,nan,nan,nan,nan,nan,nan,nan,nan,25.704918411400982,18.51056304985513,0.014148097138055104,nan,nan,nan,nan,nan,0.03416919708251953,False,DISABLED,none,MODEL_ORIGIN_FRAME_NOT_ESTABLISHED,nan,nan,nan,nan,nan,nan,nan,nan,nan,nan,nan,nan,nan,NOT_EVALUATED,nan,nan,nan,nan,DISABLED,nan,nan,nan,nan,nan,nan
1791355957.8384063,1791355957.8739233,1791355957.8768172,1791355957.8768172,front_rgbd_red_sphere,False,False,True,DEPTH_RATIO_LOW,33.052,33.052,1791355957.8739233,1791355957.8728058,1791355957.8384063,1791355957.8384063,1791355957.8384063,0.0,1791355956.8424287,1791355957.8624163,1791355957.847725,1791355957.8624163,1791355957.847725,1791355957.8624163,1791355956.8384044,1791355957.8624163,1791355956.8424287,1791355957.8624163,1791355924.7864063,GAZEBO_CLOCK_SYSTEM_INTERPOLATION,MAPPED_EXACT,0,33.052,1791355957.8384063,0.0038242340087890625,0.0,RGB,0.0,0,1,0,UNCALIBRATED,PREPARATION,UNKNOWN,TURNING,0.0,0,0.0,nan,nan,nan,nan,False,0.0,0.0,0.0,0.0,0,0,0,0,0,0.0,0.0,0.0,0.0,0.0,0.0,0.0,0.0,0.0,0.0,0.0,0.0,0.0,0.0,0.0,0.0,0.0,0.0,0.0,0.0,0.0,0.0,0.0,0.0,0.0,0.0,0.0,0.0,False,DISABLED,0,nan,nan,nan,nan,nan,nan,nan,nan,nan,nan,nan,nan,nan,nan,nan,nan,nan,nan,nan,nan,nan,nan,nan,nan,nan,nan,nan,nan,nan,nan,nan,nan,nan,nan,nan,nan,nan,nan,nan,nan,25.89373567632005,18.42344928985595,0.0019258453911427803,nan,nan,nan,nan,nan,0.035516977310180664,False,DISABLED,none,MODEL_ORIGIN_FRAME_NOT_ESTABLISHED,nan,nan,nan,nan,nan,nan,nan,nan,nan,nan,nan,nan,nan,NOT_EVALUATED,nan,nan,nan,nan,DISABLED,nan,nan,nan,nan,nan,nan
1791355957.886407,1791355957.913476,1791355957.9161696,1791355957.9161696,front_rgbd_red_sphere,False,False,True,DEPTH_RATIO_LOW,33.1,33.1,1791355957.913476,1791355957.9117372,1791355957.886407,1791355957.886407,1791355957.886407,0.0,1791355956.8824265,1791355957.9024231,1791355957.8877249,1791355957.9024231,1791355957.8877249,1791355957.9024231,1791355956.8784225,1791355957.9024231,1791355956.8824265,1791355957.9024231,1791355924.786407,GAZEBO_CLOCK_SYSTEM_INTERPOLATION,MAPPED_EXACT,0,33.1,1791355957.886407,0.0034971237182617188,0.0,RGB,0.0,0,1,0,UNCALIBRATED,PREPARATION,UNKNOWN,TURNING,0.0,0,0.0,nan,nan,nan,nan,False,0.0,0.0,0.0,0.0,0,0,0,0,0,0.0,0.0,0.0,0.0,0.0,0.0,0.0,0.0,0.0,0.0,0.0,0.0,0.0,0.0,0.0,0.0,0.0,0.0,0.0,0.0,0.0,0.0,0.0,0.0,0.0,0.0,0.0,0.0,False,DISABLED,0,nan,nan,nan,nan,nan,nan,nan,nan,nan,nan,nan,nan,nan,nan,nan,nan,nan,nan,nan,nan,nan,nan,nan,nan,nan,nan,nan,nan,nan,nan,nan,nan,nan,nan,nan,nan,nan,nan,nan,nan,26.06737739750967,18.34149292217474,-0.009373628092364897,nan,nan,nan,nan,nan,0.027069091796875,False,DISABLED,none,MODEL_ORIGIN_FRAME_NOT_ESTABLISHED,nan,nan,nan,nan,nan,nan,nan,nan,nan,nan,nan,nan,nan,NOT_EVALUATED,nan,nan,nan,nan,DISABLED,nan,nan,nan,nan,nan,nan
1791355957.9384043,1791355957.9630196,1791355957.966021,1791355957.966021,front_rgbd_red_sphere,False,False,True,DEPTH_RATIO_LOW,33.152,33.152,1791355957.9630196,1791355957.9620035,1791355957.9384043,1791355957.9384043,1791355957.9384043,0.0,1791355956.922413,1791355957.9424186,1791355957.9277248,1791355957.9424186,1791355957.9277248,1791355957.9424186,1791355956.9184113,1791355957.9424186,1791355956.922413,1791355957.9424186,1791355924.7864044,GAZEBO_CLOCK_SYSTEM_INTERPOLATION,MAPPED_EXACT,0,33.152,1791355957.9384043,0.0011849403381347656,0.0,RGB,0.0,0,1,0,UNCALIBRATED,PREPARATION,UNKNOWN,TURNING,0.0,0,0.0,nan,nan,nan,nan,False,0.0,0.0,0.0,0.0,0,0,0,0,0,0.0,0.0,0.0,0.0,0.0,0.0,0.0,0.0,0.0,0.0,0.0,0.0,0.0,0.0,0.0,0.0,0.0,0.0,0.0,0.0,0.0,0.0,0.0,0.0,0.0,0.0,0.0,0.0,False,DISABLED,0,nan,nan,nan,nan,nan,nan,nan,nan,nan,nan,nan,nan,nan,nan,nan,nan,nan,nan,nan,nan,nan,nan,nan,nan,nan,nan,nan,nan,nan,nan,nan,nan,nan,nan,nan,nan,nan,nan,nan,nan,26.25483690460804,18.251165046520452,-0.02155843076904332,nan,nan,nan,nan,nan,0.02461528778076172,False,DISABLED,none,MODEL_ORIGIN_FRAME_NOT_ESTABLISHED,nan,nan,nan,nan,nan,nan,nan,nan,nan,nan,nan,nan,nan,NOT_EVALUATED,nan,nan,nan,nan,DISABLED,nan,nan,nan,nan,nan,nan
1791355957.986403,1791355958.020144,1791355958.0220919,1791355958.0220919,front_rgbd_red_sphere,False,False,True,DEPTH_RATIO_LOW,33.2,33.2,1791355958.020144,1791355958.0086455,1791355957.986403,1791355957.986403,1791355957.986403,0.0,1791355957.0024142,1791355957.998414,1791355957.9837248,1791355957.998414,1791355957.987725,1791355958.002432,1791355956.9824228,1791355957.998414,1791355957.0024142,1791355958.002432,1791355924.786403,GAZEBO_CLOCK_SYSTEM_INTERPOLATION,MAPPED_EXACT,0,33.2,1791355957.986403,0.0020139217376708984,0.0,RGB,0.0,0,1,0,UNCALIBRATED,PREPARATION,UNKNOWN,TURNING,0.0,0,0.0,nan,nan,nan,nan,False,0.0,0.0,0.0,0.0,0,0,0,0,0,0.0,0.0,0.0,0.0,0.0,0.0,0.0,0.0,0.0,0.0,0.0,0.0,0.0,0.0,0.0,0.0,0.0,0.0,0.0,0.0,0.0,0.0,0.0,0.0,0.0,0.0,0.0,0.0,False,DISABLED,0,nan,nan,nan,nan,nan,nan,nan,nan,nan,nan,nan,nan,nan,nan,nan,nan,nan,nan,nan,nan,nan,nan,nan,nan,nan,nan,nan,nan,nan,nan,nan,nan,nan,nan,nan,nan,nan,nan,nan,nan,26.427146427423455,18.16637351030263,-0.03267464530942968,nan,nan,nan,nan,nan,0.033740997314453125,False,DISABLED,none,MODEL_ORIGIN_FRAME_NOT_ESTABLISHED,nan,nan,nan,nan,nan,nan,nan,nan,nan,nan,nan,nan,nan,NOT_EVALUATED,nan,nan,nan,nan,DISABLED,nan,nan,nan,nan,nan,nan
1791355958.0384061,1791355958.0625043,1791355958.0647447,1791355958.0647447,front_rgbd_red_sphere,False,False,True,DEPTH_RATIO_LOW,33.252,33.252,1791355958.0625043,1791355958.0614343,1791355958.0384061,1791355958.0384061,1791355958.0384061,0.0,1791355957.022416,1791355958.0384061,1791355958.023725,1791355958.0384061,1791355958.027725,1791355958.0424259,1791355957.022416,1791355958.0384061,1791355957.022416,1791355958.0424259,1791355924.786406,GAZEBO_CLOCK_SYSTEM_INTERPOLATION,MAPPED_EXACT,0,33.252,1791355958.0384061,0.0005731582641601562,0.0,RGB,0.0,0,1,0,UNCALIBRATED,PREPARATION,UNKNOWN,TURNING,0.0,0,0.0,nan,nan,nan,nan,False,0.0,0.0,0.0,0.0,0,0,0,0,0,0.0,0.0,0.0,0.0,0.0,0.0,0.0,0.0,0.0,0.0,0.0,0.0,0.0,0.0,0.0,0.0,0.0,0.0,0.0,0.0,0.0,0.0,0.0,0.0,0.0,0.0,0.0,0.0,False,DISABLED,0,nan,nan,nan,nan,nan,nan,nan,nan,nan,nan,nan,nan,nan,nan,nan,nan,nan,nan,nan,nan,nan,nan,nan,nan,nan,nan,nan,nan,nan,nan,nan,nan,nan,nan,nan,nan,nan,nan,nan,nan,26.613045664225996,18.073125462005187,-0.0445070233715242,nan,nan,nan,nan,nan,0.02409815788269043,False,DISABLED,none,MODEL_ORIGIN_FRAME_NOT_ESTABLISHED,nan,nan,nan,nan,nan,nan,nan,nan,nan,nan,nan,nan,nan,NOT_EVALUATED,nan,nan,nan,nan,DISABLED,nan,nan,nan,nan,nan,nan
1791355958.0864053,1791355958.111641,1791355958.113802,1791355958.113802,front_rgbd_red_sphere,False,False,True,DEPTH_RATIO_LOW,33.3,33.3,1791355958.111641,1791355958.1094496,1791355958.0864053,1791355958.0864053,1791355958.0864053,0.0,1791355957.0824218,1791355958.102415,1791355958.087725,1791355958.102415,1791355958.087725,1791355958.102415,1791355957.0784252,1791355958.102415,1791355957.0824218,1791355958.102415,1791355924.7864053,GAZEBO_CLOCK_SYSTEM_INTERPOLATION,MAPPED_EXACT,0,33.3,1791355958.0864053,0.0015189647674560547,0.0,RGB,0.0,0,1,0,UNCALIBRATED,PREPARATION,UNKNOWN,TURNING,0.0,0,0.0,nan,nan,nan,nan,False,0.0,0.0,0.0,0.0,0,0,0,0,0,0.0,0.0,0.0,0.0,0.0,0.0,0.0,0.0,0.0,0.0,0.0,0.0,0.0,0.0,0.0,0.0,0.0,0.0,0.0,0.0,0.0,0.0,0.0,0.0,0.0,0.0,0.0,0.0,False,DISABLED,0,nan,nan,nan,nan,nan,nan,nan,nan,nan,nan,nan,nan,nan,nan,nan,nan,nan,nan,nan,nan,nan,nan,nan,nan,nan,nan,nan,nan,nan,nan,nan,nan,nan,nan,nan,nan,nan,nan,nan,nan,26.783891351611825,17.98574408197359,-0.05515614659379611,nan,nan,nan,nan,nan,0.025235652923583984,False,DISABLED,none,MODEL_ORIGIN_FRAME_NOT_ESTABLISHED,nan,nan,nan,nan,nan,nan,nan,nan,nan,nan,nan,nan,nan,NOT_EVALUATED,nan,nan,nan,nan,DISABLED,nan,nan,nan,nan,nan,nan
1791355958.1384058,1791355958.1669474,1791355958.1710315,1791355958.1710315,front_rgbd_red_sphere,False,False,True,DEPTH_RATIO_LOW,33.352,33.352,1791355958.1669474,1791355958.1654887,1791355958.1384058,1791355958.1384058,1791355958.1384058,0.0,1791355957.1624281,1791355958.1584227,1791355958.143725,1791355958.1584227,1791355958.1477249,1791355958.1624377,1791355957.1584198,1791355958.1584227,1791355957.1624281,1791355958.1624377,1791355924.7864058,GAZEBO_CLOCK_SYSTEM_INTERPOLATION,MAPPED_EXACT,0,33.352,1791355958.1384058,0.0022661685943603516,0.0,RGB,0.0,0,1,0,UNCALIBRATED,PREPARATION,UNKNOWN,TURNING,0.0,0,0.0,nan,nan,nan,nan,False,0.0,0.0,0.0,0.0,0,0,0,0,0,0.0,0.0,0.0,0.0,0.0,0.0,0.0,0.0,0.0,0.0,0.0,0.0,0.0,0.0,0.0,0.0,0.0,0.0,0.0,0.0,0.0,0.0,0.0,0.0,0.0,0.0,0.0,0.0,False,DISABLED,0,nan,nan,nan,nan,nan,nan,nan,nan,nan,nan,nan,nan,nan,nan,nan,nan,nan,nan,nan,nan,nan,nan,nan,nan,nan,nan,nan,nan,nan,nan,nan,nan,nan,nan,nan,nan,nan,nan,nan,nan,26.968463949888815,17.88965089097945,-0.06635784708249644,nan,nan,nan,nan,nan,0.02854156494140625,False,DISABLED,none,MODEL_ORIGIN_FRAME_NOT_ESTABLISHED,nan,nan,nan,nan,nan,nan,nan,nan,nan,nan,nan,nan,nan,NOT_EVALUATED,nan,nan,nan,nan,DISABLED,nan,nan,nan,nan,nan,nan
1791355958.1864116,1791355958.2151623,1791355958.21862,1791355958.21862,front_rgbd_red_sphere,False,False,True,DEPTH_RATIO_LOW,33.4,33.4,1791355958.2151623,1791355958.2118137,1791355958.1864116,1791355958.1864116,1791355958.1864116,0.0,1791355957.1824145,1791355958.1984239,1791355958.1837249,1791355958.1984239,1791355958.1877248,1791355958.2024152,1791355957.1824145,1791355958.1984239,1791355957.1824145,1791355958.2024152,1791355924.7864115,GAZEBO_CLOCK_SYSTEM_INTERPOLATION,MAPPED_EXACT,0,33.4,1791355958.1864116,0.0012576580047607422,0.0,RGB,0.0,0,1,0,UNCALIBRATED,PREPARATION,UNKNOWN,TURNING,0.0,0,0.0,nan,nan,nan,nan,False,0.0,0.0,0.0,0.0,0,0,0,0,0,0.0,0.0,0.0,0.0,0.0,0.0,0.0,0.0,0.0,0.0,0.0,0.0,0.0,0.0,0.0,0.0,0.0,0.0,0.0,0.0,0.0,0.0,0.0,0.0,0.0,0.0,0.0,0.0,False,DISABLED,0,nan,nan,nan,nan,nan,nan,nan,nan,nan,nan,nan,nan,nan,nan,nan,nan,nan,nan,nan,nan,nan,nan,nan,nan,nan,nan,nan,nan,nan,nan,nan,nan,nan,nan,nan,nan,nan,nan,nan,nan,27.13805087189472,17.799745853487273,-0.07628880866209292,nan,nan,nan,nan,nan,0.02875065803527832,False,DISABLED,none,MODEL_ORIGIN_FRAME_NOT_ESTABLISHED,nan,nan,nan,nan,nan,nan,nan,nan,nan,nan,nan,nan,nan,NOT_EVALUATED,nan,nan,nan,nan,DISABLED,nan,nan,nan,nan,nan,nan
1791355958.2384062,1791355958.2636707,1791355958.2668662,1791355958.2668662,front_rgbd_red_sphere,False,False,True,DEPTH_RATIO_LOW,33.452,33.452,1791355958.2636707,1791355958.2624335,1791355958.2384062,1791355958.2384062,1791355958.2384062,0.0,1791355957.2424138,1791355958.2384062,1791355958.2237248,1791355958.2384062,1791355958.227725,1791355958.2424307,1791355957.2224362,1791355958.2384062,1791355957.2424138,1791355958.2424307,1791355924.7864063,GAZEBO_CLOCK_SYSTEM_INTERPOLATION,MAPPED_EXACT,0,33.452,1791355958.2384062,0.0017175674438476562,0.0,RGB,0.0,0,1,0,UNCALIBRATED,PREPARATION,UNKNOWN,TURNING,0.0,0,0.0,nan,nan,nan,nan,False,0.0,0.0,0.0,0.0,0,0,0,0,0,0.0,0.0,0.0,0.0,0.0,0.0,0.0,0.0,0.0,0.0,0.0,0.0,0.0,0.0,0.0,0.0,0.0,0.0,0.0,0.0,0.0,0.0,0.0,0.0,0.0,0.0,0.0,0.0,False,DISABLED,0,nan,nan,nan,nan,nan,nan,nan,nan,nan,nan,nan,nan,nan,nan,nan,nan,nan,nan,nan,nan,nan,nan,nan,nan,nan,nan,nan,nan,nan,nan,nan,nan,nan,nan,nan,nan,nan,nan,nan,nan,27.321090625224507,17.70109086613462,-0.08656946433025844,nan,nan,nan,nan,nan,0.025264501571655273,False,DISABLED,none,MODEL_ORIGIN_FRAME_NOT_ESTABLISHED,nan,nan,nan,nan,nan,nan,nan,nan,nan,nan,nan,nan,nan,NOT_EVALUATED,nan,nan,nan,nan,DISABLED,nan,nan,nan,nan,nan,nan
1791355958.286409,1791355958.3259747,1791355958.3289711,1791355958.3289711,front_rgbd_red_sphere,False,False,True,DEPTH_RATIO_LOW,33.5,33.5,1791355958.320456,1791355958.3259747,1791355958.286409,1791355958.286409,1791355958.286409,0.0,1791355957.3024125,1791355958.3024194,1791355958.287725,1791355958.3024194,1791355958.291725,1791355958.306444,1791355957.3024125,1791355958.3024194,1791355957.3024125,1791355958.306444,1791355924.786409,GAZEBO_CLOCK_SYSTEM_INTERPOLATION,MAPPED_EXACT,0,33.5,1791355958.286409,0.0024335384368896484,0.0,RGB,0.0,0,1,0,UNCALIBRATED,PREPARATION,UNKNOWN,TURNING,0.0,0,0.0,nan,nan,nan,nan,False,0.0,0.0,0.0,0.0,0,0,0,0,0,0.0,0.0,0.0,0.0,0.0,0.0,0.0,0.0,0.0,0.0,0.0,0.0,0.0,0.0,0.0,0.0,0.0,0.0,0.0,0.0,0.0,0.0,0.0,0.0,0.0,0.0,0.0,0.0,False,DISABLED,0,nan,nan,nan,nan,nan,nan,nan,nan,nan,nan,nan,nan,nan,nan,nan,nan,nan,nan,nan,nan,nan,nan,nan,nan,nan,nan,nan,nan,nan,nan,nan,nan,nan,nan,nan,nan,nan,nan,nan,nan,27.48958270668417,17.60873201873167,-0.09554486068068938,nan,nan,nan,nan,nan,0.0395658016204834,False,DISABLED,none,MODEL_ORIGIN_FRAME_NOT_ESTABLISHED,nan,nan,nan,nan,nan,nan,nan,nan,nan,nan,nan,nan,nan,NOT_EVALUATED,nan,nan,nan,nan,DISABLED,nan,nan,nan,nan,nan,nan
1791355958.3384192,1791355958.3727438,1791355958.3766477,1791355958.3766477,front_rgbd_red_sphere,False,False,True,DEPTH_RATIO_LOW,33.552,33.552,1791355958.3727438,1791355958.3711283,1791355958.3384192,1791355958.3384192,1791355958.3384192,0.0,1791355957.3584237,1791355958.3584268,1791355958.343725,1791355958.3584268,1791355958.343725,1791355958.3584268,1791355957.3584237,1791355958.3584268,1791355957.3424292,1791355958.3584268,1791355924.7864192,GAZEBO_CLOCK_SYSTEM_INTERPOLATION,MAPPED_EXACT,0,33.552,1791355958.3384192,0.002765178680419922,0.0,RGB,0.0,0,1,0,UNCALIBRATED,PREPARATION,UNKNOWN,TURNING,0.0,0,0.0,nan,nan,nan,nan,False,0.0,0.0,0.0,0.0,0,0,0,0,0,0.0,0.0,0.0,0.0,0.0,0.0,0.0,0.0,0.0,0.0,0.0,0.0,0.0,0.0,0.0,0.0,0.0,0.0,0.0,0.0,0.0,0.0,0.0,0.0,0.0,0.0,0.0,0.0,False,DISABLED,0,nan,nan,nan,nan,nan,nan,nan,nan,nan,nan,nan,nan,nan,nan,nan,nan,nan,nan,nan,nan,nan,nan,nan,nan,nan,nan,nan,nan,nan,nan,nan,nan,nan,nan,nan,nan,nan,nan,nan,nan,27.67111826108534,17.5076724244951,-0.10465225396090425,nan,nan,nan,nan,nan,0.03432464599609375,False,DISABLED,none,MODEL_ORIGIN_FRAME_NOT_ESTABLISHED,nan,nan,nan,nan,nan,nan,nan,nan,nan,nan,nan,nan,nan,NOT_EVALUATED,nan,nan,nan,nan,DISABLED,nan,nan,nan,nan,nan,nan
1791355958.3864202,1791355958.415553,1791355958.417695,1791355958.417695,front_rgbd_red_sphere,False,False,True,DEPTH_RATIO_LOW,33.6,33.6,1791355958.415553,1791355958.413219,1791355958.3864202,1791355958.3864202,1791355958.3864202,0.0,1791355957.3984203,1791355958.3984241,1791355958.383725,1791355958.3984241,1791355958.383725,1791355958.3984241,1791355957.3984203,1791355958.3984241,1791355957.3824196,1791355958.3984241,1791355924.7864203,GAZEBO_CLOCK_SYSTEM_INTERPOLATION,MAPPED_EXACT,0,33.6,1791355958.3864202,0.0014238357543945312,0.0,RGB,0.0,0,1,0,UNCALIBRATED,PREPARATION,UNKNOWN,TURNING,0.0,0,0.0,nan,nan,nan,nan,False,0.0,0.0,0.0,0.0,0,0,0,0,0,0.0,0.0,0.0,0.0,0.0,0.0,0.0,0.0,0.0,0.0,0.0,0.0,0.0,0.0,0.0,0.0,0.0,0.0,0.0,0.0,0.0,0.0,0.0,0.0,0.0,0.0,0.0,0.0,False,DISABLED,0,nan,nan,nan,nan,nan,nan,nan,nan,nan,nan,nan,nan,nan,nan,nan,nan,nan,nan,nan,nan,nan,nan,nan,nan,nan,nan,nan,nan,nan,nan,nan,nan,nan,nan,nan,nan,nan,nan,nan,nan,27.838403195732095,17.413067505295867,-0.11244217076243314,nan,nan,nan,nan,nan,0.029132843017578125,False,DISABLED,none,MODEL_ORIGIN_FRAME_NOT_ESTABLISHED,nan,nan,nan,nan,nan,nan,nan,nan,nan,nan,nan,nan,nan,NOT_EVALUATED,nan,nan,nan,nan,DISABLED,nan,nan,nan,nan,nan,nan
1791355958.4384215,1791355958.4769714,1791355958.479232,1791355958.479232,front_rgbd_red_sphere,False,False,True,DEPTH_RATIO_LOW,33.652,33.652,1791355958.4674063,1791355958.4769714,1791355958.4384215,1791355958.4384215,1791355958.4384215,0.0,1791355957.4424295,1791355958.4544213,1791355958.439725,1791355958.4544213,1791355958.4437249,1791355958.4584205,1791355957.4384055,1791355958.4544213,1791355957.4424295,1791355958.4584205,1791355924.7864215,GAZEBO_CLOCK_SYSTEM_INTERPOLATION,MAPPED_EXACT,0,33.652,1791355958.4384215,0.0028607845306396484,0.0,RGB,0.0,0,1,0,UNCALIBRATED,PREPARATION,UNKNOWN,TURNING,0.0,0,0.0,nan,nan,nan,nan,False,0.0,0.0,0.0,0.0,0,0,0,0,0,0.0,0.0,0.0,0.0,0.0,0.0,0.0,0.0,0.0,0.0,0.0,0.0,0.0,0.0,0.0,0.0,0.0,0.0,0.0,0.0,0.0,0.0,0.0,0.0,0.0,0.0,0.0,0.0,False,DISABLED,0,nan,nan,nan,nan,nan,nan,nan,nan,nan,nan,nan,nan,nan,nan,nan,nan,nan,nan,nan,nan,nan,nan,nan,nan,nan,nan,nan,nan,nan,nan,nan,nan,nan,nan,nan,nan,nan,nan,nan,nan,28.018755985938775,17.309583739981154,-0.12016635142816079,nan,nan,nan,nan,nan,0.03854990005493164,False,DISABLED,none,MODEL_ORIGIN_FRAME_NOT_ESTABLISHED,nan,nan,nan,nan,nan,nan,nan,nan,nan,nan,nan,nan,nan,NOT_EVALUATED,nan,nan,nan,nan,DISABLED,nan,nan,nan,nan,nan,nan
1791355958.486406,1791355958.5225854,1791355958.5285606,1791355958.5285606,front_rgbd_red_sphere,False,False,True,DEPTH_RATIO_LOW,33.7,33.7,1791355958.5166101,1791355958.5225854,1791355958.486406,1791355958.486406,1791355958.486406,0.0,1791355957.4824216,1791355958.5024202,1791355958.487725,1791355958.5024202,1791355958.487725,1791355958.5024202,1791355957.4784274,1791355958.5024202,1791355957.4824216,1791355958.5024202,1791355924.786406,GAZEBO_CLOCK_SYSTEM_INTERPOLATION,MAPPED_EXACT,0,33.7,1791355958.486406,0.0015947818756103516,0.0,RGB,0.0,0,1,0,UNCALIBRATED,PREPARATION,UNKNOWN,TURNING,0.0,0,0.0,nan,nan,nan,nan,False,0.0,0.0,0.0,0.0,0,0,0,0,0,0.0,0.0,0.0,0.0,0.0,0.0,0.0,0.0,0.0,0.0,0.0,0.0,0.0,0.0,0.0,0.0,0.0,0.0,0.0,0.0,0.0,0.0,0.0,0.0,0.0,0.0,0.0,0.0,False,DISABLED,0,nan,nan,nan,nan,nan,nan,nan,nan,nan,nan,nan,nan,nan,nan,nan,nan,nan,nan,nan,nan,nan,nan,nan,nan,nan,nan,nan,nan,nan,nan,nan,nan,nan,nan,nan,nan,nan,nan,nan,nan,28.184663646608513,17.21297279699077,-0.12657033690178465,nan,nan,nan,nan,nan,0.036179304122924805,False,DISABLED,none,MODEL_ORIGIN_FRAME_NOT_ESTABLISHED,nan,nan,nan,nan,nan,nan,nan,nan,nan,nan,nan,nan,nan,NOT_EVALUATED,nan,nan,nan,nan,DISABLED,nan,nan,nan,nan,nan,nan
1791355958.5384226,1791355958.5791807,1791355958.5866733,1791355958.5866733,front_rgbd_red_sphere,False,False,True,DEPTH_RATIO_LOW,33.752,33.752,1791355958.5791807,1791355958.571516,1791355958.5384226,1791355958.5384226,1791355958.5384226,0.0,1791355957.5584233,1791355958.558448,1791355958.543725,1791355958.558448,1791355958.543725,1791355958.558448,1791355957.5584233,1791355958.558448,1791355957.54243,1791355958.558448,1791355924.7864225,GAZEBO_CLOCK_SYSTEM_INTERPOLATION,MAPPED_EXACT,0,33.752,1791355958.5384226,0.002223968505859375,0.0,RGB,0.0,0,1,0,UNCALIBRATED,PREPARATION,UNKNOWN,TURNING,0.0,0,0.0,nan,nan,nan,nan,False,0.0,0.0,0.0,0.0,0,0,0,0,0,0.0,0.0,0.0,0.0,0.0,0.0,0.0,0.0,0.0,0.0,0.0,0.0,0.0,0.0,0.0,0.0,0.0,0.0,0.0,0.0,0.0,0.0,0.0,0.0,0.0,0.0,0.0,0.0,False,DISABLED,0,nan,nan,nan,nan,nan,nan,nan,nan,nan,nan,nan,nan,nan,nan,nan,nan,nan,nan,nan,nan,nan,nan,nan,nan,nan,nan,nan,nan,nan,nan,nan,nan,nan,nan,nan,nan,nan,nan,nan,nan,28.363613887823824,17.107341040510754,-0.13271038458192183,nan,nan,nan,nan,nan,0.04075813293457031,False,DISABLED,none,MODEL_ORIGIN_FRAME_NOT_ESTABLISHED,nan,nan,nan,nan,nan,nan,nan,nan,nan,nan,nan,nan,nan,NOT_EVALUATED,nan,nan,nan,nan,DISABLED,nan,nan,nan,nan,nan,nan
1791355958.586424,1791355958.6291006,1791355958.6323397,1791355958.6323397,front_rgbd_red_sphere,False,False,True,DEPTH_RATIO_LOW,33.8,33.8,1791355958.6291006,1791355958.6173365,1791355958.586424,1791355958.586424,1791355958.586424,0.0,1791355957.6024199,1791355958.6144226,1791355958.599725,1791355958.6144226,1791355958.603725,1791355958.6184225,1791355957.5984232,1791355958.6144226,1791355957.6024199,1791355958.6184225,1791355924.7864242,GAZEBO_CLOCK_SYSTEM_INTERPOLATION,MAPPED_EXACT,0,33.8,1791355958.586424,0.002962350845336914,0.0,RGB,0.0,0,1,0,UNCALIBRATED,PREPARATION,UNKNOWN,TURNING,0.0,0,0.0,nan,nan,nan,nan,False,0.0,0.0,0.0,0.0,0,0,0,0,0,0.0,0.0,0.0,0.0,0.0,0.0,0.0,0.0,0.0,0.0,0.0,0.0,0.0,0.0,0.0,0.0,0.0,0.0,0.0,0.0,0.0,0.0,0.0,0.0,0.0,0.0,0.0,0.0,False,DISABLED,0,nan,nan,nan,nan,nan,nan,nan,nan,nan,nan,nan,nan,nan,nan,nan,nan,nan,nan,nan,nan,nan,nan,nan,nan,nan,nan,nan,nan,nan,nan,nan,nan,nan,nan,nan,nan,nan,nan,nan,nan,28.52857010004691,17.008611538744173,-0.13758616734250997,nan,nan,nan,nan,nan,0.042676448822021484,False,DISABLED,none,MODEL_ORIGIN_FRAME_NOT_ESTABLISHED,nan,nan,nan,nan,nan,nan,nan,nan,nan,nan,nan,nan,nan,NOT_EVALUATED,nan,nan,nan,nan,DISABLED,nan,nan,nan,nan,nan,nan
1791355958.638408,1791355958.6788032,1791355958.6816785,1791355958.6816785,front_rgbd_red_sphere,False,False,True,DEPTH_RATIO_LOW,33.852,33.852,1791355958.6788032,1791355958.6668625,1791355958.638408,1791355958.638408,1791355958.638408,0.0,1791355957.6424253,1791355958.6544259,1791355958.639725,1791355958.6544259,1791355958.643725,1791355958.658428,1791355957.6384037,1791355958.6544259,1791355957.6424253,1791355958.658428,1791355924.786408,GAZEBO_CLOCK_SYSTEM_INTERPOLATION,MAPPED_EXACT,0,33.852,1791355958.638408,0.0008544921875,0.0,RGB,0.0,0,1,0,UNCALIBRATED,PREPARATION,UNKNOWN,TURNING,0.0,0,0.0,nan,nan,nan,nan,False,0.0,0.0,0.0,0.0,0,0,0,0,0,0.0,0.0,0.0,0.0,0.0,0.0,0.0,0.0,0.0,0.0,0.0,0.0,0.0,0.0,0.0,0.0,0.0,0.0,0.0,0.0,0.0,0.0,0.0,0.0,0.0,0.0,0.0,0.0,False,DISABLED,0,nan,nan,nan,nan,nan,nan,nan,nan,nan,nan,nan,nan,nan,nan,nan,nan,nan,nan,nan,nan,nan,nan,nan,nan,nan,nan,nan,nan,nan,nan,nan,nan,nan,nan,nan,nan,nan,nan,nan,nan,28.706497137964817,16.900748569152345,-0.14200199828448884,nan,nan,nan,nan,nan,0.040395259857177734,False,DISABLED,none,MODEL_ORIGIN_FRAME_NOT_ESTABLISHED,nan,nan,nan,nan,nan,nan,nan,nan,nan,nan,nan,nan,nan,NOT_EVALUATED,nan,nan,nan,nan,DISABLED,nan,nan,nan,nan,nan,nan
1791355958.686409,1791355958.72662,1791355958.7295578,1791355958.7295578,front_rgbd_red_sphere,False,False,True,DEPTH_RATIO_LOW,33.9,33.9,1791355958.72662,1791355958.725274,1791355958.686409,1791355958.686409,1791355958.686409,0.0,1791355957.7024183,1791355958.7184114,1791355958.7037249,1791355958.7184114,1791355958.7037249,1791355958.7184114,1791355957.7024183,1791355958.7184114,1791355957.7024183,1791355958.7184114,1791355924.786409,GAZEBO_CLOCK_SYSTEM_INTERPOLATION,MAPPED_EXACT,0,33.9,1791355958.686409,0.0013720989227294922,0.0,RGB,0.0,0,1,0,UNCALIBRATED,PREPARATION,UNKNOWN,TURNING,0.0,0,0.0,nan,nan,nan,nan,False,0.0,0.0,0.0,0.0,0,0,0,0,0,0.0,0.0,0.0,0.0,0.0,0.0,0.0,0.0,0.0,0.0,0.0,0.0,0.0,0.0,0.0,0.0,0.0,0.0,0.0,0.0,0.0,0.0,0.0,0.0,0.0,0.0,0.0,0.0,False,DISABLED,0,nan,nan,nan,nan,nan,nan,nan,nan,nan,nan,nan,nan,nan,nan,nan,nan,nan,nan,nan,nan,nan,nan,nan,nan,nan,nan,nan,nan,nan,nan,nan,nan,nan,nan,nan,nan,nan,nan,nan,nan,28.870134341652783,16.80024258966231,-0.14521468356909542,nan,nan,nan,nan,nan,0.04021096229553223,False,DISABLED,none,MODEL_ORIGIN_FRAME_NOT_ESTABLISHED,nan,nan,nan,nan,nan,nan,nan,nan,nan,nan,nan,nan,nan,NOT_EVALUATED,nan,nan,nan,nan,DISABLED,nan,nan,nan,nan,nan,nan
1791355958.7384133,1791355958.768957,1791355958.771881,1791355958.771881,front_rgbd_red_sphere,False,False,True,DEPTH_RATIO_LOW,33.952,33.952,1791355958.768957,1791355958.7660768,1791355958.7384133,1791355958.7384133,1791355958.7384133,0.0,1791355957.758419,1791355958.7584298,1791355958.743772,1791355958.7584298,1791355958.743772,1791355958.7584298,1791355957.758419,1791355958.7584298,1791355957.7424762,1791355958.7584298,1791355924.7864134,GAZEBO_CLOCK_SYSTEM_INTERPOLATION,MAPPED_EXACT,0,33.952,1791355958.7384133,0.0028259754180908203,0.0,RGB,0.0,0,1,0,UNCALIBRATED,PREPARATION,UNKNOWN,TURNING,0.0,0,0.0,nan,nan,nan,nan,False,0.0,0.0,0.0,0.0,0,0,0,0,0,0.0,0.0,0.0,0.0,0.0,0.0,0.0,0.0,0.0,0.0,0.0,0.0,0.0,0.0,0.0,0.0,0.0,0.0,0.0,0.0,0.0,0.0,0.0,0.0,0.0,0.0,0.0,0.0,False,DISABLED,0,nan,nan,nan,nan,nan,nan,nan,nan,nan,nan,nan,nan,nan,nan,nan,nan,nan,nan,nan,nan,nan,nan,nan,nan,nan,nan,nan,nan,nan,nan,nan,nan,nan,nan,nan,nan,nan,nan,nan,nan,29.046362727578483,16.690693332604653,-0.14778092452182173,nan,nan,nan,nan,nan,0.03054356575012207,False,DISABLED,none,MODEL_ORIGIN_FRAME_NOT_ESTABLISHED,nan,nan,nan,nan,nan,nan,nan,nan,nan,nan,nan,nan,nan,NOT_EVALUATED,nan,nan,nan,nan,DISABLED,nan,nan,nan,nan,nan,nan
1791355958.786406,1791355958.8256216,1791355958.831432,1791355958.8314648,front_rgbd_red_sphere,True,True,True,,34.0,34.0,1791355958.8256216,1791355958.8207684,1791355958.786406,1791355958.786406,1791355958.786406,0.0,1791355957.782423,1791355958.7984262,1791355958.783772,1791355958.7984262,1791355958.783772,1791355958.7984262,1791355957.782423,1791355958.7984262,1791355957.782423,1791355958.7984262,1791355924.786406,GAZEBO_CLOCK_SYSTEM_INTERPOLATION,MAPPED_EXACT,0,34.0,1791355958.786406,0.003563404083251953,0.0,RGB,0.0,0,1,0,UNCALIBRATED,PREPARATION,FAR,TURNING,0.949999988079071,30,0.6333333253860474,32.29371643066406,0.68084716796875,nan,nan,False,0.0,0.0,0.0,0.0,0,0,0,0,0,0.0,0.0,0.0,0.0,0.0,0.0,0.0,0.0,0.0,0.0,0.0,0.0,0.0,0.0,25.093500184975866,2.7554813710486714,20.13970193928552,0.0,0.0,0.0,0.0,0.0,0.0,0.0,0.0,0.0,0.0,0.0,False,DISABLED,0,nan,nan,nan,nan,nan,nan,nan,nan,nan,nan,nan,nan,nan,nan,nan,nan,nan,nan,nan,nan,nan,nan,nan,nan,nan,nan,nan,nan,nan,nan,nan,nan,nan,nan,28.999484429876354,17.051252024899924,-0.2178119696444591,0.16235834620400197,0.16235834620400197,0.16235834620400197,29.20910722257994,16.58827593269432,-0.14926299820591826,-0.20962279270358763,0.4629760922056043,-0.06854897143854083,0.5082209924578318,0.5128231065972997,0.0392155647277832,False,DISABLED,none,MODEL_ORIGIN_FRAME_NOT_ESTABLISHED,nan,nan,nan,nan,nan,nan,nan,nan,nan,nan,nan,nan,nan,NOT_EVALUATED,nan,nan,nan,nan,DISABLED,nan,nan,nan,nan,nan,nan
1791355958.8384168,1791355958.8663297,1791355958.872225,1791355958.872271,front_rgbd_red_sphere,True,True,True,,34.052,34.052,1791355958.8663297,1791355958.8648179,1791355958.8384168,1791355958.8384168,1791355958.8384168,0.0,1791355957.8384063,1791355958.8384168,1791355958.823772,1791355958.8384168,1791355958.823772,1791355958.8384168,1791355957.8384063,1791355958.8384168,1791355957.8224254,1791355958.8384168,1791355924.7864168,GAZEBO_CLOCK_SYSTEM_INTERPOLATION,MAPPED_EXACT,0,34.052,1791355958.8384168,0.004235506057739258,0.0,RGB,0.0,0,1,0,UNCALIBRATED,PREPARATION,FAR,TURNING,1.0,31,0.9032257795333862,32.245819091796875,0.6839754581451416,nan,nan,False,0.0,0.0,0.0,0.0,0,0,0,0,0,0.0,0.0,0.0,0.0,0.0,0.0,0.0,0.0,0.0,0.0,0.0,0.0,0.0,0.0,24.992665274686544,2.7339172268530443,20.19121703378835,0.0,0.0,0.0,0.0,0.0,0.0,0.0,0.0,0.0,0.0,0.0,False,DISABLED,0,nan,nan,nan,nan,nan,nan,nan,nan,nan,nan,nan,nan,nan,nan,nan,nan,nan,nan,nan,nan,nan,nan,nan,nan,nan,nan,nan,nan,nan,nan,nan,nan,nan,nan,29.172928917698766,16.943441541401377,-0.21810205749528228,0.16197259760121685,0.16197259760121685,0.16197259760121685,29.384751425308163,16.47647613871611,-0.14993281720702906,-0.2118225076093978,0.4669654026852683,-0.06816924028825322,0.5127625786218688,0.5172741123973108,0.02791285514831543,False,DISABLED,none,MODEL_ORIGIN_FRAME_NOT_ESTABLISHED,nan,nan,nan,nan,nan,nan,nan,nan,nan,nan,nan,nan,nan,NOT_EVALUATED,nan,nan,nan,nan,DISABLED,nan,nan,nan,nan,nan,nan
1791355958.8864074,1791355958.913286,1791355958.9187624,1791355958.9188073,front_rgbd_red_sphere,True,True,True,,34.1,34.1,1791355958.913286,1791355958.9103386,1791355958.8864074,1791355958.8864074,1791355958.8864074,0.0,1791355957.882424,1791355958.8944187,1791355958.879772,1791355958.8944187,1791355958.883772,1791355958.8984208,1791355957.8784268,1791355958.8944187,1791355957.882424,1791355958.8984208,1791355924.7864075,GAZEBO_CLOCK_SYSTEM_INTERPOLATION,MAPPED_EXACT,0,34.1,1791355958.8864074,0.003336668014526367,0.0,RGB,0.0,0,1,0,UNCALIBRATED,PREPARATION,FAR,TURNING,1.0,32,1.0,32.202171325683594,0.686462938785553,nan,nan,False,0.0,0.0,0.0,0.0,0,0,0,0,0,0.0,0.0,0.0,0.0,0.0,0.0,0.0,0.0,0.0,0.0,0.0,0.0,0.0,0.0,24.90814202190518,2.7290790255369886,20.22662556259415,0.0,0.0,0.0,0.0,0.0,0.0,0.0,0.0,0.0,0.0,0.0,False,DISABLED,0,nan,nan,nan,nan,nan,nan,nan,nan,nan,nan,nan,nan,nan,nan,nan,nan,nan,nan,nan,nan,nan,nan,nan,nan,nan,nan,nan,nan,nan,nan,nan,nan,nan,nan,29.345257305500898,16.836241679369735,-0.21819129469671322,0.16162145229601135,0.16162145229601135,0.16162145229601135,29.546144285346312,16.37254423973312,-0.1496390922395922,-0.20088697984541426,0.4636974396366149,-0.06855220245712101,0.5053423534565097,0.509970880206592,0.02687859535217285,False,DISABLED,none,MODEL_ORIGIN_FRAME_NOT_ESTABLISHED,nan,nan,nan,nan,nan,nan,nan,nan,nan,nan,nan,nan,nan,NOT_EVALUATED,nan,nan,nan,nan,DISABLED,nan,nan,nan,nan,nan,nan
1791355958.938406,1791355958.969041,1791355958.9731288,1791355958.9731984,front_rgbd_red_sphere,True,True,True,,34.152,34.152,1791355958.969041,1791355958.9667962,1791355958.938406,1791355958.938406,1791355958.938406,0.0,1791355957.958419,1791355958.9584525,1791355958.9437718,1791355958.9584525,1791355958.9437718,1791355958.9584525,1791355957.958419,1791355958.9584525,1791355957.9424186,1791355958.9584525,1791355924.786406,GAZEBO_CLOCK_SYSTEM_INTERPOLATION,MAPPED_EXACT,0,34.152,1791355958.938406,0.002807140350341797,0.0,RGB,0.0,0,1,0,UNCALIBRATED,PREPARATION,FAR,STRAIGHT,1.0,31,1.0,32.13911819458008,0.6887721419334412,nan,nan,False,0.0,0.0,0.0,0.0,0,0,0,0,0,0.0,0.0,0.0,0.0,0.0,0.0,0.0,0.0,0.0,0.0,0.0,0.0,0.0,0.0,24.8122666621554,2.707847353781045,20.247021359010795,0.0,0.0,0.0,0.0,0.0,0.0,0.0,0.0,0.0,0.0,0.0,False,DISABLED,0,nan,nan,nan,nan,nan,nan,nan,nan,nan,nan,nan,nan,nan,nan,nan,nan,nan,nan,nan,nan,nan,nan,nan,nan,nan,nan,nan,nan,nan,nan,nan,nan,nan,nan,29.515725745608005,16.7291775138904,-0.21658345599106793,0.16111487717115824,0.16111487717115824,0.16111487717115824,29.7204550814584,16.259083315092873,-0.14838722466220575,-0.204729335850395,0.47009419879752556,-0.06819623132886218,0.5127403404266445,0.5172556260383168,0.03063511848449707,False,DISABLED,none,MODEL_ORIGIN_FRAME_NOT_ESTABLISHED,nan,nan,nan,nan,nan,nan,nan,nan,nan,nan,nan,nan,nan,NOT_EVALUATED,nan,nan,nan,nan,DISABLED,nan,nan,nan,nan,nan,nan
1791355958.986431,1791355959.020608,1791355959.027404,1791355959.0274646,front_rgbd_red_sphere,True,True,True,,34.2,34.2,1791355959.020608,1791355959.019369,1791355958.986431,1791355958.986431,1791355958.986431,0.0,1791355957.998414,1791355958.9984295,1791355958.9837718,1791355958.9984295,1791355958.9837718,1791355958.9984295,1791355957.998414,1791355958.9984295,1791355957.9824119,1791355958.9984295,1791355924.7864308,GAZEBO_CLOCK_SYSTEM_INTERPOLATION,MAPPED_EXACT,0,34.2,1791355958.986431,0.0024514198303222656,0.0,RGB,0.0,0,1,0,UNCALIBRATED,PREPARATION,FAR,STRAIGHT,1.0,31,1.0,32.081642150878906,0.6905767917633057,nan,nan,False,0.0,0.0,0.0,0.0,0,0,0,0,0,0.0,0.0,0.0,0.0,0.0,0.0,0.0,0.0,0.0,0.0,0.0,0.0,0.0,0.0,24.731055851111325,2.7000899191833954,20.256262774087908,0.0,0.0,0.0,0.0,0.0,0.0,0.0,0.0,0.0,0.0,0.0,False,DISABLED,0,nan,nan,nan,nan,nan,nan,nan,nan,nan,nan,nan,nan,nan,nan,nan,nan,nan,nan,nan,nan,nan,nan,nan,nan,nan,nan,nan,nan,nan,nan,nan,nan,nan,nan,29.68633451263179,16.620151917590537,-0.21429540360426097,0.16065380719414712,0.16065380719414712,0.16065380719414712,29.880870217795543,16.15351084723584,-0.14632895761586853,-0.19453570516375152,0.46664107035469726,-0.06796644598839244,0.5055670372219055,0.5101151506332944,0.03417706489562988,False,DISABLED,none,MODEL_ORIGIN_FRAME_NOT_ESTABLISHED,nan,nan,nan,nan,nan,nan,nan,nan,nan,nan,nan,nan,nan,NOT_EVALUATED,nan,nan,nan,nan,DISABLED,nan,nan,nan,nan,nan,nan
1791355959.03841,1791355959.070506,1791355959.0772803,1791355959.0773025,front_rgbd_red_sphere,True,True,True,,34.252,34.252,1791355959.070506,1791355959.0690145,1791355959.03841,1791355959.03841,1791355959.03841,0.0,1791355958.0424259,1791355959.054458,1791355959.039772,1791355959.054458,1791355959.043772,1791355959.058432,1791355958.0384061,1791355959.054458,1791355958.0424259,1791355959.058432,1791355924.7864099,GAZEBO_CLOCK_SYSTEM_INTERPOLATION,MAPPED_EXACT,0,34.252,1791355959.03841,0.0005352497100830078,0.0,RGB,0.0,0,1,0,UNCALIBRATED,PREPARATION,FAR,STRAIGHT,1.0,30,1.0,32.003395080566406,0.6917333602905273,nan,nan,False,0.0,0.0,0.0,0.0,0,0,0,0,0,0.0,0.0,0.0,0.0,0.0,0.0,0.0,0.0,0.0,0.0,0.0,0.0,0.0,0.0,24.64714219130721,2.6715562519885836,20.238537628566394,0.0,0.0,0.0,0.0,0.0,0.0,0.0,0.0,0.0,0.0,0.0,False,DISABLED,0,nan,nan,nan,nan,nan,nan,nan,nan,nan,nan,nan,nan,nan,nan,nan,nan,nan,nan,nan,nan,nan,nan,nan,nan,nan,nan,nan,nan,nan,nan,nan,nan,nan,nan,29.856408316214612,16.507473056539695,-0.2112601067424586,0.16002715425561484,0.16002715425561484,0.16002715425561484,30.05395172511923,16.038440256059893,-0.1431894808838309,-0.1975434089046182,0.4690328004798019,-0.06807062585862769,0.5089353262719958,0.5134674054235264,0.032096147537231445,False,DISABLED,none,MODEL_ORIGIN_FRAME_NOT_ESTABLISHED,nan,nan,nan,nan,nan,nan,nan,nan,nan,nan,nan,nan,nan,NOT_EVALUATED,nan,nan,nan,nan,DISABLED,nan,nan,nan,nan,nan,nan
1791355959.086422,1791355959.1161458,1791355959.119915,1791355959.1199386,front_rgbd_red_sphere,True,True,True,,34.3,34.3,1791355959.1161458,1791355959.114426,1791355959.086422,1791355959.086422,1791355959.086422,0.0,1791355958.0824194,1791355959.0944324,1791355959.079772,1791355959.0944324,1791355959.083772,1791355959.0984259,1791355958.0784194,1791355959.0944324,1791355958.0824194,1791355959.0984259,1791355924.786422,GAZEBO_CLOCK_SYSTEM_INTERPOLATION,MAPPED_EXACT,0,34.3,1791355959.086422,0.001994609832763672,0.0,RGB,0.0,0,1,0,UNCALIBRATED,PREPARATION,FAR,STRAIGHT,1.0,29,1.0,31.93155860900879,0.6921130418777466,nan,nan,False,0.0,0.0,0.0,0.0,0,0,0,0,0,0.0,0.0,0.0,0.0,0.0,0.0,0.0,0.0,0.0,0.0,0.0,0.0,0.0,0.0,24.58408387290634,2.655039805403192,20.20391203924105,0.0,0.0,0.0,0.0,0.0,0.0,0.0,0.0,0.0,0.0,0.0,False,DISABLED,0,nan,nan,nan,nan,nan,nan,nan,nan,nan,nan,nan,nan,nan,nan,nan,nan,nan,nan,nan,nan,nan,nan,nan,nan,nan,nan,nan,nan,nan,nan,nan,nan,nan,nan,30.026517452727923,16.392542597439103,-0.20732570212299523,0.1594529426376593,0.1594529426376593,0.1594529426376593,30.21340607187017,15.931318447006872,-0.1394172212993229,-0.1868886191422483,0.46122415043223164,-0.06790848082367232,0.49764954828355884,0.5022615202009898,0.0297238826751709,False,DISABLED,none,MODEL_ORIGIN_FRAME_NOT_ESTABLISHED,nan,nan,nan,nan,nan,nan,nan,nan,nan,nan,nan,nan,nan,NOT_EVALUATED,nan,nan,nan,nan,DISABLED,nan,nan,nan,nan,nan,nan
1791355959.138403,1791355959.1777425,1791355959.1816704,1791355959.1816993,front_rgbd_red_sphere,True,True,True,,34.352,34.352,1791355959.1777425,1791355959.1656199,1791355959.138403,1791355959.138403,1791355959.138403,0.0,1791355958.1584227,1791355959.1584413,1791355959.143772,1791355959.1584413,1791355959.143772,1791355959.1584413,1791355958.1584227,1791355959.1584413,1791355958.1424325,1791355959.1584413,1791355924.786403,GAZEBO_CLOCK_SYSTEM_INTERPOLATION,MAPPED_EXACT,0,34.352,1791355959.138403,0.0033783912658691406,0.0,RGB,0.0,0,1,0,UNCALIBRATED,PREPARATION,FAR,STRAIGHT,1.0,31,1.0,31.839431762695312,0.6919416785240173,nan,nan,False,0.0,0.0,0.0,0.0,0,0,0,0,0,0.0,0.0,0.0,0.0,0.0,0.0,0.0,0.0,0.0,0.0,0.0,0.0,0.0,0.0,24.516635511045383,2.6182170644458522,20.14519493903586,0.0,0.0,0.0,0.0,0.0,0.0,0.0,0.0,0.0,0.0,0.0,False,DISABLED,0,nan,nan,nan,nan,nan,nan,nan,nan,nan,nan,nan,nan,nan,nan,nan,nan,nan,nan,nan,nan,nan,nan,nan,nan,nan,nan,nan,nan,nan,nan,nan,nan,nan,nan,30.19747446648779,16.27547935366859,-0.20252376179269488,0.15871802500237897,0.15871802500237897,0.15871802500237897,30.385529993804344,15.814566317421418,-0.13446335720498176,-0.1880555273165534,0.46091303624717206,-0.06806040458771312,0.4978008721736975,0.5024320123255853,0.039339542388916016,False,DISABLED,none,MODEL_ORIGIN_FRAME_NOT_ESTABLISHED,nan,nan,nan,nan,nan,nan,nan,nan,nan,nan,nan,nan,nan,NOT_EVALUATED,nan,nan,nan,nan,DISABLED,nan,nan,nan,nan,nan,nan
1791355959.18642,1791355959.2122056,1791355959.2161515,1791355959.2161803,front_rgbd_red_sphere,True,True,True,,34.4,34.4,1791355959.2122056,1791355959.2092657,1791355959.18642,1791355959.18642,1791355959.18642,0.0,1791355958.1824257,1791355959.1984222,1791355959.1837718,1791355959.1984222,1791355959.1837718,1791355959.1984222,1791355958.1824257,1791355959.1984222,1791355958.1824257,1791355959.1984222,1791355924.7864199,GAZEBO_CLOCK_SYSTEM_INTERPOLATION,MAPPED_EXACT,0,34.4,1791355959.18642,0.0022008419036865234,0.0,RGB,0.0,0,1,0,UNCALIBRATED,PREPARATION,FAR,STRAIGHT,1.0,31,1.0,31.755035400390625,0.6915748119354248,nan,nan,False,0.0,0.0,0.0,0.0,0,0,0,0,0,0.0,0.0,0.0,0.0,0.0,0.0,0.0,0.0,0.0,0.0,0.0,0.0,0.0,0.0,24.45908259574006,2.5956499733579563,20.08477418263457,0.0,0.0,0.0,0.0,0.0,0.0,0.0,0.0,0.0,0.0,0.0,False,DISABLED,0,nan,nan,nan,nan,nan,nan,nan,nan,nan,nan,nan,nan,nan,nan,nan,nan,nan,nan,nan,nan,nan,nan,nan,nan,nan,nan,nan,nan,nan,nan,nan,nan,nan,nan,30.36872242174797,16.15544442328679,-0.19742202088530897,0.15804628408090288,0.15804628408090288,0.15804628408090288,30.54400617783269,15.70600251287493,-0.1290695924228216,-0.1752837560847169,0.44944191041186166,-0.06835242846248737,0.4824131279119904,0.4872314444476566,0.02578568458557129,False,DISABLED,none,MODEL_ORIGIN_FRAME_NOT_ESTABLISHED,nan,nan,nan,nan,nan,nan,nan,nan,nan,nan,nan,nan,nan,NOT_EVALUATED,nan,nan,nan,nan,DISABLED,nan,nan,nan,nan,nan,nan
1791355959.2384079,1791355959.2690172,1791355959.2732701,1791355959.2733262,front_rgbd_red_sphere,True,True,True,,34.452,34.452,1791355959.2690172,1791355959.266825,1791355959.2384079,1791355959.2384079,1791355959.2384079,0.0,1791355958.2424307,1791355959.2544155,1791355959.2397718,1791355959.2544155,1791355959.243772,1791355959.2584708,1791355958.2384062,1791355959.2544155,1791355958.2424307,1791355959.2584708,1791355924.786408,GAZEBO_CLOCK_SYSTEM_INTERPOLATION,MAPPED_EXACT,0,34.452,1791355959.2384079,0.002776622772216797,0.0,RGB,0.0,0,1,0,UNCALIBRATED,PREPARATION,FAR,STRAIGHT,1.0,32,1.0,31.64764976501465,0.6906517744064331,nan,nan,False,0.0,0.0,0.0,0.0,0,0,0,0,0,0.0,0.0,0.0,0.0,0.0,0.0,0.0,0.0,0.0,0.0,0.0,0.0,0.0,0.0,24.394989071464124,2.5540577126582957,19.998376197918635,0.0,0.0,0.0,0.0,0.0,0.0,0.0,0.0,0.0,0.0,0.0,False,DISABLED,0,nan,nan,nan,nan,nan,nan,nan,nan,nan,nan,nan,nan,nan,nan,nan,nan,nan,nan,nan,nan,nan,nan,nan,nan,nan,nan,nan,nan,nan,nan,nan,nan,nan,nan,30.54114883782638,16.030632585421156,-0.19062571527976496,0.15719361538140908,0.15719361538140908,0.15719361538140908,30.71494647987044,15.587824604633843,-0.1224302390828556,-0.173797642044061,0.44280798078731287,-0.06819547619690937,0.4756937336448871,0.4805571258474231,0.0306093692779541,False,DISABLED,none,MODEL_ORIGIN_FRAME_NOT_ESTABLISHED,nan,nan,nan,nan,nan,nan,nan,nan,nan,nan,nan,nan,nan,NOT_EVALUATED,nan,nan,nan,nan,DISABLED,nan,nan,nan,nan,nan,nan
1791355959.2864122,1791355959.3157458,1791355959.3194177,1791355959.3194396,front_rgbd_red_sphere,True,True,True,,34.5,34.5,1791355959.3157458,1791355959.31479,1791355959.2864122,1791355959.2864122,1791355959.2864122,0.0,1791355958.2824318,1791355959.294418,1791355959.2797718,1791355959.294418,1791355959.283772,1791355959.298434,1791355958.2784257,1791355959.294418,1791355958.2824318,1791355959.298434,1791355924.7864122,GAZEBO_CLOCK_SYSTEM_INTERPOLATION,MAPPED_EXACT,0,34.5,1791355959.2864122,0.0015687942504882812,0.0,RGB,0.0,0,1,0,UNCALIBRATED,PREPARATION,FAR,STRAIGHT,1.0,30,1.0,31.549650192260742,0.6894038915634155,nan,nan,False,0.0,0.0,0.0,0.0,0,0,0,0,0,0.0,0.0,0.0,0.0,0.0,0.0,0.0,0.0,0.0,0.0,0.0,0.0,0.0,0.0,24.344509579737668,2.530028283789218,19.90789535791099,0.0,0.0,0.0,0.0,0.0,0.0,0.0,0.0,0.0,0.0,0.0,False,DISABLED,0,nan,nan,nan,nan,nan,nan,nan,nan,nan,nan,nan,nan,nan,nan,nan,nan,nan,nan,nan,nan,nan,nan,nan,nan,nan,nan,nan,nan,nan,nan,nan,nan,nan,nan,30.713485275185544,15.904599697209541,-0.18394052189718652,0.15641749056975265,0.15641749056975265,0.15641749056975265,30.87252720229771,15.477855449286166,-0.11554639059917804,-0.1590419271121668,0.4267442479233754,-0.06839413129800848,0.4554173774849167,0.4605244237944913,0.02933359146118164,False,DISABLED,none,MODEL_ORIGIN_FRAME_NOT_ESTABLISHED,nan,nan,nan,nan,nan,nan,nan,nan,nan,nan,nan,nan,nan,NOT_EVALUATED,nan,nan,nan,nan,DISABLED,nan,nan,nan,nan,nan,nan
1791355959.33841,1791355959.3771155,1791355959.3824997,1791355959.3825445,front_rgbd_red_sphere,True,True,True,,34.552,34.552,1791355959.3771155,1791355959.3640492,1791355959.33841,1791355959.33841,1791355959.33841,0.0,1791355958.3384192,1791355959.3584197,1791355959.343772,1791355959.3584197,1791355959.343772,1791355959.3584197,1791355958.3344505,1791355959.3584197,1791355958.3384192,1791355959.3584197,1791355924.7864099,GAZEBO_CLOCK_SYSTEM_INTERPOLATION,MAPPED_EXACT,0,34.552,1791355959.33841,0.0031228065490722656,0.0,RGB,0.0,0,1,0,UNCALIBRATED,PREPARATION,FAR,STRAIGHT,1.0,31,1.0,31.427881240844727,0.6876590251922607,nan,nan,False,0.0,0.0,0.0,0.0,0,0,0,0,0,0.0,0.0,0.0,0.0,0.0,0.0,0.0,0.0,0.0,0.0,0.0,0.0,0.0,0.0,24.2853928932467,2.490646313377002,19.79212163837917,0.0,0.0,0.0,0.0,0.0,0.0,0.0,0.0,0.0,0.0,0.0,False,DISABLED,0,nan,nan,nan,nan,nan,nan,nan,nan,nan,nan,nan,nan,nan,nan,nan,nan,nan,nan,nan,nan,nan,nan,nan,nan,nan,nan,nan,nan,nan,nan,nan,nan,nan,nan,30.88637312247799,15.773784219737557,-0.17539636765272698,0.15545578024534312,0.15545578024534312,0.15545578024534312,31.042355703896874,15.358303807705749,-0.10738636330645762,-0.15598258141888266,0.4154804120318083,-0.06801000434626936,0.4437956044038962,0.4489765018120649,0.03870558738708496,False,DISABLED,none,MODEL_ORIGIN_FRAME_NOT_ESTABLISHED,nan,nan,nan,nan,nan,nan,nan,nan,nan,nan,nan,nan,nan,NOT_EVALUATED,nan,nan,nan,nan,DISABLED,nan,nan,nan,nan,nan,nan
1791355959.3864243,1791355959.4283319,1791355959.4352856,1791355959.4353304,front_rgbd_red_sphere,True,True,True,,34.6,34.6,1791355959.4283319,1791355959.417615,1791355959.3864243,1791355959.3864243,1791355959.3864243,0.0,1791355958.4184222,1791355959.414418,1791355959.399772,1791355959.414418,1791355959.4037719,1791355959.4184365,1791355958.3984241,1791355959.414418,1791355958.4184222,1791355959.4184365,1791355924.7864244,GAZEBO_CLOCK_SYSTEM_INTERPOLATION,MAPPED_EXACT,0,34.6,1791355959.3864243,0.003133535385131836,0.0,RGB,0.0,0,1,0,UNCALIBRATED,PREPARATION,FAR,STRAIGHT,1.0,33,1.0,31.317237854003906,0.6859597563743591,nan,nan,False,0.0,0.0,0.0,0.0,0,0,0,0,0,0.0,0.0,0.0,0.0,0.0,0.0,0.0,0.0,0.0,0.0,0.0,0.0,0.0,0.0,24.23363782548727,2.470214302141924,19.6824347807206,0.0,0.0,0.0,0.0,0.0,0.0,0.0,0.0,0.0,0.0,0.0,False,DISABLED,0,nan,nan,nan,nan,nan,nan,nan,nan,nan,nan,nan,nan,nan,nan,nan,nan,nan,nan,nan,nan,nan,nan,nan,nan,nan,nan,nan,nan,nan,nan,nan,nan,nan,nan,31.059378187622755,15.642325180646667,-0.16641410820929353,0.15458452088500105,0.15458452088500105,0.15458452088500105,31.198762985250593,15.247213435034059,-0.09919660754534076,-0.1393847976278373,0.3951117456126081,-0.06721750066395277,0.4189766262344422,0.4243343089196347,0.041907548904418945,False,DISABLED,none,MODEL_ORIGIN_FRAME_NOT_ESTABLISHED,nan,nan,nan,nan,nan,nan,nan,nan,nan,nan,nan,nan,nan,NOT_EVALUATED,nan,nan,nan,nan,DISABLED,nan,nan,nan,nan,nan,nan
1791355959.4384234,1791355959.468722,1791355959.47695,1791355959.4769816,front_rgbd_red_sphere,True,True,True,,34.652,34.652,1791355959.468722,1791355959.46656,1791355959.4384234,1791355959.4384234,1791355959.4384234,0.0,1791355958.4544213,1791355959.4544318,1791355959.439772,1791355959.4544318,1791355959.4437718,1791355959.458415,1791355958.4544213,1791355959.4544318,1791355958.4384215,1791355959.458415,1791355924.7864234,GAZEBO_CLOCK_SYSTEM_INTERPOLATION,MAPPED_EXACT,0,34.652,1791355959.4384234,0.0025970935821533203,0.0,RGB,0.0,0,1,0,UNCALIBRATED,PREPARATION,FAR,STRAIGHT,1.0,32,1.0,31.18142318725586,0.6835777759552002,nan,nan,False,0.0,0.0,0.0,0.0,0,0,0,0,0,0.0,0.0,0.0,0.0,0.0,0.0,0.0,0.0,0.0,0.0,0.0,0.0,0.0,0.0,24.175522029679623,2.4347761104013665,19.542190524105088,0.0,0.0,0.0,0.0,0.0,0.0,0.0,0.0,0.0,0.0,0.0,False,DISABLED,0,nan,nan,nan,nan,nan,nan,nan,nan,nan,nan,nan,nan,nan,nan,nan,nan,nan,nan,nan,nan,nan,nan,nan,nan,nan,nan,nan,nan,nan,nan,nan,nan,nan,nan,31.231588396093244,15.507070278528076,-0.15507611809890415,0.1535183996629748,0.1535183996629748,0.1535183996629748,31.36778479951964,15.126168900056422,-0.08970539042684286,-0.13619640342639627,0.38090137847165373,-0.06537072767206129,0.40451862803570826,0.40976658290332374,0.030298709869384766,False,DISABLED,none,MODEL_ORIGIN_FRAME_NOT_ESTABLISHED,nan,nan,nan,nan,nan,nan,nan,nan,nan,nan,nan,nan,nan,NOT_EVALUATED,nan,nan,nan,nan,DISABLED,nan,nan,nan,nan,nan,nan
1791355959.4864154,1791355959.5180647,1791355959.5218246,1791355959.5218797,front_rgbd_red_sphere,True,True,True,,34.7,34.7,1791355959.5180647,1791355959.5168006,1791355959.4864154,1791355959.4864154,1791355959.4864154,0.0,1791355958.4784203,1791355959.4944375,1791355959.4797719,1791355959.4944375,1791355959.4837718,1791355959.4984221,1791355958.4784203,1791355959.4944375,1791355958.4784203,1791355959.4984221,1791355924.7864153,GAZEBO_CLOCK_SYSTEM_INTERPOLATION,MAPPED_EXACT,0,34.7,1791355959.4864154,0.003914594650268555,0.0,RGB,0.0,0,1,0,UNCALIBRATED,PREPARATION,FAR,STRAIGHT,1.0,31,1.0,31.05775260925293,0.6806368827819824,nan,nan,False,0.0,0.0,0.0,0.0,0,0,0,0,0,0.0,0.0,0.0,0.0,0.0,0.0,0.0,0.0,0.0,0.0,0.0,0.0,0.0,0.0,24.137217476442117,2.4188709618969666,19.394013180138412,0.0,0.0,0.0,0.0,0.0,0.0,0.0,0.0,0.0,0.0,0.0,False,DISABLED,0,nan,nan,nan,nan,nan,nan,nan,nan,nan,nan,nan,nan,nan,nan,nan,nan,nan,nan,nan,nan,nan,nan,nan,nan,nan,nan,nan,nan,nan,nan,nan,nan,nan,nan,31.404323775809136,15.370003286529814,-0.1439465758007729,0.1525507981450703,0.1525507981450703,0.1525507981450703,31.52383671076569,15.013459303683335,-0.08036962224845158,-0.11951293495655335,0.35654398284647826,-0.06357695355232133,0.3760411590849586,0.3813777423355395,0.03164935111999512,False,DISABLED,none,MODEL_ORIGIN_FRAME_NOT_ESTABLISHED,nan,nan,nan,nan,nan,nan,nan,nan,nan,nan,nan,nan,nan,NOT_EVALUATED,nan,nan,nan,nan,DISABLED,nan,nan,nan,nan,nan,nan
1791355959.5384138,1791355959.566792,1791355959.5766358,1791355959.5766606,front_rgbd_red_sphere,True,True,True,,34.752,34.752,1791355959.566792,1791355959.5644035,1791355959.5384138,1791355959.5384138,1791355959.5384138,0.0,1791355958.5384226,1791355959.5584242,1791355959.543772,1791355959.5584242,1791355959.543772,1791355959.5584242,1791355958.534415,1791355959.5584242,1791355958.5384226,1791355959.5584242,1791355924.7864137,GAZEBO_CLOCK_SYSTEM_INTERPOLATION,MAPPED_EXACT,0,34.752,1791355959.5384138,0.001959562301635742,0.0,RGB,0.0,0,1,0,UNCALIBRATED,PREPARATION,FAR,STRAIGHT,1.0,32,1.0,30.908971786499023,0.6759982109069824,nan,nan,False,0.0,0.0,0.0,0.0,0,0,0,0,0,0.0,0.0,0.0,0.0,0.0,0.0,0.0,0.0,0.0,0.0,0.0,0.0,0.0,0.0,24.111557192998987,2.3899508858028855,19.190765340611136,0.0,0.0,0.0,0.0,0.0,0.0,0.0,0.0,0.0,0.0,0.0,False,DISABLED,0,nan,nan,nan,nan,nan,nan,nan,nan,nan,nan,nan,nan,nan,nan,nan,nan,nan,nan,nan,nan,nan,nan,nan,nan,nan,nan,nan,nan,nan,nan,nan,nan,nan,nan,31.576445908718128,15.230915207931009,-0.13009235088973709,0.1513908076630045,0.1513908076630045,0.1513908076630045,31.691939360902737,14.891082935977957,-0.06978361809251851,-0.11549345218460871,0.33983227195305155,-0.06030873279721857,0.35892159388687006,0.36395309287035543,0.02837824821472168,False,DISABLED,none,MODEL_ORIGIN_FRAME_NOT_ESTABLISHED,nan,nan,nan,nan,nan,nan,nan,nan,nan,nan,nan,nan,nan,NOT_EVALUATED,nan,nan,nan,nan,DISABLED,nan,nan,nan,nan,nan,nan
1791355959.587061,1791355959.6199043,1791355959.6250465,1791355959.6250803,front_rgbd_red_sphere,True,True,True,,34.8,34.8,1791355959.6199043,1791355959.6190777,1791355959.587061,1791355959.587061,1791355959.587061,0.0,1791355958.59842,1791355959.5984235,1791355959.583772,1791355959.5984235,1791355959.583772,1791355959.5984235,1791355958.59842,1791355959.5984235,1791355958.59842,1791355959.5984235,1791355924.787061,GAZEBO_CLOCK_SYSTEM_INTERPOLATION,MAPPED_EXACT,0,34.8,1791355959.587061,0.001722097396850586,0.0,RGB,0.0,0,1,0,UNCALIBRATED,PREPARATION,FAR,STRAIGHT,1.0,32,1.0,30.773712158203125,0.6694863438606262,nan,nan,False,0.0,0.0,0.0,0.0,0,0,0,0,0,0.0,0.0,0.0,0.0,0.0,0.0,0.0,0.0,0.0,0.0,0.0,0.0,0.0,0.0,24.130915012800664,2.388458361229716,18.947705508490778,0.0,0.0,0.0,0.0,0.0,0.0,0.0,0.0,0.0,0.0,0.0,False,DISABLED,0,nan,nan,nan,nan,nan,nan,nan,nan,nan,nan,nan,nan,nan,nan,nan,nan,nan,nan,nan,nan,nan,nan,nan,nan,nan,nan,nan,nan,nan,nan,nan,nan,nan,nan,31.75236072899006,15.090167829023564,-0.12117478272016052,0.15034007252190704,0.15034007252190704,0.15034007252190704,31.848540590867756,14.776150715683514,-0.059462756760785586,-0.09617986187769745,0.31401711334005,-0.06171202595937494,0.3284163718532174,0.3341641624250592,0.03284335136413574,False,DISABLED,none,MODEL_ORIGIN_FRAME_NOT_ESTABLISHED,nan,nan,nan,nan,nan,nan,nan,nan,nan,nan,nan,nan,nan,NOT_EVALUATED,nan,nan,nan,nan,DISABLED,nan,nan,nan,nan,nan,nan
1791355959.6384203,1791355959.6769953,1791355959.6813333,1791355959.6813667,front_rgbd_red_sphere,True,True,True,,34.852,34.852,1791355959.6687822,1791355959.6769953,1791355959.6384203,1791355959.6384203,1791355959.6384203,0.0,1791355958.658428,1791355959.6544538,1791355959.639772,1791355959.6544538,1791355959.643772,1791355959.6584313,1791355958.6544259,1791355959.6544538,1791355958.658428,1791355959.6584313,1791355924.7864203,GAZEBO_CLOCK_SYSTEM_INTERPOLATION,MAPPED_EXACT,0,34.852,1791355959.6384203,0.0031452178955078125,0.0,RGB,0.0,0,1,0,UNCALIBRATED,PREPARATION,FAR,STRAIGHT,1.0,31,1.0,30.612539291381836,0.6593353152275085,nan,nan,False,0.0,0.0,0.0,0.0,0,0,0,0,0,0.0,0.0,0.0,0.0,0.0,0.0,0.0,0.0,0.0,0.0,0.0,0.0,0.0,0.0,24.19613874937283,2.388755974114597,18.6002229450086,0.0,0.0,0.0,0.0,0.0,0.0,0.0,0.0,0.0,0.0,0.0,False,DISABLED,0,nan,nan,nan,nan,nan,nan,nan,nan,nan,nan,nan,nan,nan,nan,nan,nan,nan,nan,nan,nan,nan,nan,nan,nan,nan,nan,nan,nan,nan,nan,nan,nan,nan,nan,31.917812269316453,14.948052827042835,-0.10240656735951154,0.1490928212249124,0.1490928212249124,0.1490928212249124,32.01406598829954,14.653749447730819,-0.04815679743623484,-0.09625371898308899,0.2943033793120158,-0.054249769923276694,0.30964375900790847,0.3143601358780661,0.038574934005737305,False,DISABLED,none,MODEL_ORIGIN_FRAME_NOT_ESTABLISHED,nan,nan,nan,nan,nan,nan,nan,nan,nan,nan,nan,nan,nan,NOT_EVALUATED,nan,nan,nan,nan,DISABLED,nan,nan,nan,nan,nan,nan
1791355959.68642,1791355959.7211986,1791355959.729907,1791355959.7299514,front_rgbd_red_sphere,True,True,True,,34.9,34.9,1791355959.7211986,1791355959.7197433,1791355959.68642,1791355959.68642,1791355959.68642,0.0,1791355958.6984155,1791355959.6944215,1791355959.679772,1791355959.6944215,1791355959.6837718,1791355959.698419,1791355958.6944196,1791355959.6944215,1791355958.6984155,1791355959.698419,1791355924.7864199,GAZEBO_CLOCK_SYSTEM_INTERPOLATION,MAPPED_EXACT,0,34.9,1791355959.68642,0.003113269805908203,0.0,RGB,0.0,0,1,0,UNCALIBRATED,PREPARATION,FAR,STRAIGHT,1.0,27,1.0,30.465484619140625,0.647637665271759,nan,nan,False,0.0,0.0,0.0,0.0,0,0,0,0,0,0.0,0.0,0.0,0.0,0.0,0.0,0.0,0.0,0.0,0.0,0.0,0.0,0.0,0.0,24.296566807141215,2.4173359756270774,18.220294599031977,0.0,0.0,0.0,0.0,0.0,0.0,0.0,0.0,0.0,0.0,0.0,False,DISABLED,0,nan,nan,nan,nan,nan,nan,nan,nan,nan,nan,nan,nan,nan,nan,nan,nan,nan,nan,nan,nan,nan,nan,nan,nan,nan,nan,nan,nan,nan,nan,nan,nan,nan,nan,32.08570561516749,14.80667960782615,-0.09019025300914935,0.14795935752023912,0.14795935752023912,0.14795935752023912,32.1680339120614,14.539017503122889,-0.03731933814119766,-0.08232829689390542,0.2676621047032608,-0.05287091486795169,0.28003740957884604,0.2849847090680561,0.034778594970703125,False,DISABLED,none,MODEL_ORIGIN_FRAME_NOT_ESTABLISHED,nan,nan,nan,nan,nan,nan,nan,nan,nan,nan,nan,nan,nan,NOT_EVALUATED,nan,nan,nan,nan,DISABLED,nan,nan,nan,nan,nan,nan
1791355959.738409,1791355959.7704136,1791355959.7783353,1791355959.778381,front_rgbd_red_sphere,True,True,True,,34.952,34.952,1791355959.7704136,1791355959.7683582,1791355959.738409,1791355959.738409,1791355959.738409,0.0,1791355958.7584298,1791355959.758433,1791355959.7438178,1791355959.758433,1791355959.7438178,1791355959.758433,1791355958.7584298,1791355959.758433,1791355958.7584298,1791355959.758433,1791355924.7864091,GAZEBO_CLOCK_SYSTEM_INTERPOLATION,MAPPED_EXACT,0,34.952,1791355959.738409,0.004244565963745117,0.0,RGB,0.0,0,1,0,UNCALIBRATED,PREPARATION,FAR,STRAIGHT,1.0,29,1.0,30.293479919433594,0.6329433917999268,nan,nan,False,0.0,0.0,0.0,0.0,0,0,0,0,0,0.0,0.0,0.0,0.0,0.0,0.0,0.0,0.0,0.0,0.0,0.0,0.0,0.0,0.0,24.42532816329258,2.4472887492355646,17.751312161053615,0.0,0.0,0.0,0.0,0.0,0.0,0.0,0.0,0.0,0.0,0.0,False,DISABLED,0,nan,nan,nan,nan,nan,nan,nan,nan,nan,nan,nan,nan,nan,nan,nan,nan,nan,nan,nan,nan,nan,nan,nan,nan,nan,nan,nan,nan,nan,nan,nan,nan,nan,nan,32.25445242627778,14.662169372772118,-0.07699373771615908,0.14663906497417775,0.14663906497417775,0.14663906497417775,32.33416742304666,14.414331876436323,-0.025365210197528888,-0.07971499676887817,0.24783749633579433,-0.051628527518630195,0.26034190077637737,0.2654117747079038,0.032004594802856445,False,DISABLED,none,MODEL_ORIGIN_FRAME_NOT_ESTABLISHED,nan,nan,nan,nan,nan,nan,nan,nan,nan,nan,nan,nan,nan,NOT_EVALUATED,nan,nan,nan,nan,DISABLED,nan,nan,nan,nan,nan,nan
1791355959.7864096,1791355959.8134716,1791355959.8171887,1791355959.817219,front_rgbd_red_sphere,True,True,True,,35.0,35.0,1791355959.8134716,1791355959.8116417,1791355959.7864096,1791355959.7864096,1791355959.7864096,0.0,1791355958.7784328,1791355959.7984147,1791355959.783818,1791355959.7984147,1791355959.783818,1791355959.7984147,1791355958.774429,1791355959.7984147,1791355958.7784328,1791355959.7984147,1791355924.7864096,GAZEBO_CLOCK_SYSTEM_INTERPOLATION,MAPPED_EXACT,0,35.0,1791355959.7864096,0.003298044204711914,0.0,RGB,0.0,0,1,0,UNCALIBRATED,PREPARATION,FAR,STRAIGHT,1.0,30,1.0,30.137802124023438,0.6182646751403809,nan,nan,False,0.0,0.0,0.0,0.0,0,0,0,0,0,0.0,0.0,0.0,0.0,0.0,0.0,0.0,0.0,0.0,0.0,0.0,0.0,0.0,0.0,24.55885893529159,2.4969253929859265,17.28915718058969,0.0,0.0,0.0,0.0,0.0,0.0,0.0,0.0,0.0,0.0,0.0,False,DISABLED,0,nan,nan,nan,nan,nan,nan,nan,nan,nan,nan,nan,nan,nan,nan,nan,nan,nan,nan,nan,nan,nan,nan,nan,nan,nan,nan,nan,nan,nan,nan,nan,nan,nan,nan,32.42067949895523,14.522138418419868,-0.0655537748641119,0.14544919859926828,0.14544919859926828,0.14544919859926828,32.48743980044294,14.298448493755078,-0.014151106960840697,-0.06676030148771162,0.22368992466478943,-0.05140266790327121,0.23343975722072133,0.23903212026596615,0.027061939239501953,False,DISABLED,none,MODEL_ORIGIN_FRAME_NOT_ESTABLISHED,nan,nan,nan,nan,nan,nan,nan,nan,nan,nan,nan,nan,nan,NOT_EVALUATED,nan,nan,nan,nan,DISABLED,nan,nan,nan,nan,nan,nan
1791355959.8384082,1791355959.8704305,1791355959.8794596,1791355959.8795104,front_rgbd_red_sphere,True,True,True,,35.052,35.052,1791355959.8704305,1791355959.8663301,1791355959.8384082,1791355959.8384082,1791355959.8384082,0.0,1791355958.8544233,1791355959.8544357,1791355959.839818,1791355959.8544357,1791355959.843818,1791355959.8584208,1791355958.8544233,1791355959.8544357,1791355958.8384168,1791355959.8584208,1791355924.7864082,GAZEBO_CLOCK_SYSTEM_INTERPOLATION,MAPPED_EXACT,0,35.052,1791355959.8384082,0.0006468296051025391,0.0,RGB,0.0,0,1,0,UNCALIBRATED,PREPARATION,FAR,STRAIGHT,1.0,28,1.0,29.954858779907227,0.6015017628669739,nan,nan,False,0.0,0.0,0.0,0.0,0,0,0,0,0,0.0,0.0,0.0,0.0,0.0,0.0,0.0,0.0,0.0,0.0,0.0,0.0,0.0,0.0,24.697383609856267,2.5415309820358356,16.759279722441942,0.0,0.0,0.0,0.0,0.0,0.0,0.0,0.0,0.0,0.0,0.0,False,DISABLED,0,nan,nan,nan,nan,nan,nan,nan,nan,nan,nan,nan,nan,nan,nan,nan,nan,nan,nan,nan,nan,nan,nan,nan,nan,nan,nan,nan,nan,nan,nan,nan,nan,nan,nan,32.58480211277964,14.381710797188715,-0.053837051587345586,0.1440571341995924,0.1440571341995924,0.1440571341995924,32.65297312788502,14.172437036804814,-0.0019234137009608698,-0.06817101510537782,0.20927376038390122,-0.051913637886384714,0.2200972377966524,0.22613672829576983,0.03202223777770996,False,DISABLED,none,MODEL_ORIGIN_FRAME_NOT_ESTABLISHED,nan,nan,nan,nan,nan,nan,nan,nan,nan,nan,nan,nan,nan,NOT_EVALUATED,nan,nan,nan,nan,DISABLED,nan,nan,nan,nan,nan,nan
1791355959.8864152,1791355959.9232228,1791355959.9287798,1791355959.9288244,front_rgbd_red_sphere,True,True,True,,35.1,35.1,1791355959.9232228,1791355959.9128182,1791355959.8864152,1791355959.8864152,1791355959.8864152,0.0,1791355958.8944187,1791355959.894422,1791355959.879818,1791355959.894422,1791355959.883818,1791355959.8984165,1791355958.8944187,1791355959.894422,1791355958.8784258,1791355959.8984165,1791355924.7864153,GAZEBO_CLOCK_SYSTEM_INTERPOLATION,MAPPED_EXACT,0,35.1,1791355959.8864152,0.0014848709106445312,0.0,RGB,0.0,0,1,0,UNCALIBRATED,PREPARATION,FAR,STRAIGHT,1.0,28,1.0,29.790496826171875,0.585988461971283,nan,nan,False,0.0,0.0,0.0,0.0,0,0,0,0,0,0.0,0.0,0.0,0.0,0.0,0.0,0.0,0.0,0.0,0.0,0.0,0.0,0.0,0.0,24.82042492339498,2.6003890009253334,16.268319240741377,0.0,0.0,0.0,0.0,0.0,0.0,0.0,0.0,0.0,0.0,0.0,False,DISABLED,0,nan,nan,nan,nan,nan,nan,nan,nan,nan,nan,nan,nan,nan,nan,nan,nan,nan,nan,nan,nan,nan,nan,nan,nan,nan,nan,nan,nan,nan,nan,nan,nan,nan,nan,32.74733358353596,14.245384210751409,-0.04341851816792003,0.1428121683481075,0.1428121683481075,0.1428121683481075,32.80537120566149,14.055604550955074,0.009377017844735054,-0.05803762212552499,0.1897796597963346,-0.05279553601265508,0.19845575036868476,0.20535835380441986,0.03680753707885742,False,DISABLED,none,MODEL_ORIGIN_FRAME_NOT_ESTABLISHED,nan,nan,nan,nan,nan,nan,nan,nan,nan,nan,nan,nan,nan,NOT_EVALUATED,nan,nan,nan,nan,DISABLED,nan,nan,nan,nan,nan,nan
1791355959.9384153,1791355959.9711611,1791355959.9797776,1791355959.9798076,front_rgbd_red_sphere,True,True,True,,35.152,35.152,1791355959.9711611,1791355959.9686475,1791355959.9384153,1791355959.9384153,1791355959.9384153,0.0,1791355958.938406,1791355959.9584281,1791355959.9438179,1791355959.9584281,1791355959.9438179,1791355959.9584281,1791355958.9344106,1791355959.9584281,1791355958.938406,1791355959.9584281,1791355924.7864153,GAZEBO_CLOCK_SYSTEM_INTERPOLATION,MAPPED_EXACT,0,35.152,1791355959.9384153,0.0017142295837402344,0.0,RGB,0.0,0,1,0,UNCALIBRATED,PREPARATION,FAR,STRAIGHT,1.0,27,1.0,29.59876251220703,0.5692740082740784,nan,nan,False,0.0,0.0,0.0,0.0,0,0,0,0,0,0.0,0.0,0.0,0.0,0.0,0.0,0.0,0.0,0.0,0.0,0.0,0.0,0.0,0.0,24.930816895892644,2.6514123008177393,15.732487978667486,0.0,0.0,0.0,0.0,0.0,0.0,0.0,0.0,0.0,0.0,0.0,False,DISABLED,0,nan,nan,nan,nan,nan,nan,nan,nan,nan,nan,nan,nan,nan,nan,nan,nan,nan,nan,nan,nan,nan,nan,nan,nan,nan,nan,nan,nan,nan,nan,nan,nan,nan,nan,32.90755459489026,14.109355894697483,-0.033997705461446814,0.1413667011083088,0.1413667011083088,0.1413667011083088,32.970075803323084,13.92851107177156,0.021558898832829403,-0.06252120843282682,0.1808448229259234,-0.05555660429427622,0.1913472013984254,0.19924931057276046,0.0327458381652832,False,DISABLED,none,MODEL_ORIGIN_FRAME_NOT_ESTABLISHED,nan,nan,nan,nan,nan,nan,nan,nan,nan,nan,nan,nan,nan,NOT_EVALUATED,nan,nan,nan,nan,DISABLED,nan,nan,nan,nan,nan,nan
1791355959.9864154,1791355960.0192494,1791355960.026828,1791355960.0268605,front_rgbd_red_sphere,True,True,True,,35.2,35.2,1791355960.0192494,1791355960.0171208,1791355959.9864154,1791355959.9864154,1791355959.9864154,0.0,1791355958.9784229,1791355959.9984236,1791355959.9838178,1791355959.9984236,1791355959.9838178,1791355959.9984236,1791355958.9744408,1791355959.9984236,1791355958.9784229,1791355959.9984236,1791355924.7864153,GAZEBO_CLOCK_SYSTEM_INTERPOLATION,MAPPED_EXACT,0,35.2,1791355959.9864154,0.0011699199676513672,0.0,RGB,0.0,0,1,0,UNCALIBRATED,PREPARATION,FAR,STRAIGHT,1.0,27,0.8518518805503845,29.42690086364746,0.5544355511665344,nan,nan,False,0.0,0.0,0.0,0.0,0,0,0,0,0,0.0,0.0,0.0,0.0,0.0,0.0,0.0,0.0,0.0,0.0,0.0,0.0,0.0,0.0,25.018684260303434,2.712482062590249,15.252880480102975,0.0,0.0,0.0,0.0,0.0,0.0,0.0,0.0,0.0,0.0,0.0,False,DISABLED,0,nan,nan,nan,nan,nan,nan,nan,nan,nan,nan,nan,nan,nan,nan,nan,nan,nan,nan,nan,nan,nan,nan,nan,nan,nan,nan,nan,nan,nan,nan,nan,nan,nan,nan,33.06720227667291,13.97511247905864,-0.023954313087311385,0.1400772894976531,0.1400772894976531,0.1400772894976531,33.12151631380668,13.810863289438291,0.03265912959478706,-0.054314037133771365,0.16424918962034774,-0.05661344268209845,0.17299656332051697,0.18202442916550757,0.03283405303955078,False,DISABLED,none,MODEL_ORIGIN_FRAME_NOT_ESTABLISHED,nan,nan,nan,nan,nan,nan,nan,nan,nan,nan,nan,nan,nan,NOT_EVALUATED,nan,nan,nan,nan,DISABLED,nan,nan,nan,nan,nan,nan
1791355960.0384336,1791355960.0692856,1791355960.0773175,1791355960.0773911,front_rgbd_red_sphere,True,True,True,,35.252,35.252,1791355960.0692856,1791355960.066945,1791355960.0384336,1791355960.0384336,1791355960.0384336,0.0,1791355959.03841,1791355960.0544274,1791355960.0398178,1791355960.0544274,1791355960.043818,1791355960.0584252,1791355959.03841,1791355960.0544274,1791355959.03841,1791355960.0584252,1791355924.7864335,GAZEBO_CLOCK_SYSTEM_INTERPOLATION,MAPPED_EXACT,0,35.252,1791355960.0384336,0.003183126449584961,0.0,RGB,0.0,0,1,0,UNCALIBRATED,PREPARATION,FAR,STRAIGHT,1.0,24,0.875,29.229806900024414,0.5388851761817932,nan,nan,False,0.0,0.0,0.0,0.0,0,0,0,0,0,0.0,0.0,0.0,0.0,0.0,0.0,0.0,0.0,0.0,0.0,0.0,0.0,0.0,0.0,25.08739805279928,2.762543448158887,14.743556468346501,0.0,0.0,0.0,0.0,0.0,0.0,0.0,0.0,0.0,0.0,0.0,False,DISABLED,0,nan,nan,nan,nan,nan,nan,nan,nan,nan,nan,nan,nan,nan,nan,nan,nan,nan,nan,nan,nan,nan,nan,nan,nan,nan,nan,nan,nan,nan,nan,nan,nan,nan,nan,33.22754592450326,13.839829996930083,-0.014074356903153118,0.13860585642082007,0.13860585642082007,0.13860585642082007,33.28515028396953,13.682948678195814,0.04447577910840121,-0.05760435946626785,0.15688131873426947,-0.05855013601155433,0.16712274051523465,0.17708226569674887,0.030852079391479492,False,DISABLED,none,MODEL_ORIGIN_FRAME_NOT_ESTABLISHED,nan,nan,nan,nan,nan,nan,nan,nan,nan,nan,nan,nan,nan,NOT_EVALUATED,nan,nan,nan,nan,DISABLED,nan,nan,nan,nan,nan,nan
1791355960.0864098,1791355960.120766,1791355960.1270273,1791355960.127056,front_rgbd_red_sphere,True,True,True,,35.3,35.3,1791355960.120766,1791355960.1188192,1791355960.0864098,1791355960.0864098,1791355960.0864098,0.0,1791355959.0784204,1791355960.094415,1791355960.079818,1791355960.094415,1791355960.083818,1791355960.0984259,1791355959.0784204,1791355960.094415,1791355959.0784204,1791355960.0984259,1791355924.7864099,GAZEBO_CLOCK_SYSTEM_INTERPOLATION,MAPPED_EXACT,0,35.3,1791355960.0864098,0.002661466598510742,0.0,RGB,0.0,0,1,0,UNCALIBRATED,PREPARATION,FAR,STRAIGHT,0.800000011920929,27,0.5925925970077515,29.05202293395996,0.5254677534103394,nan,nan,False,0.0,0.0,0.0,0.0,0,0,0,0,0,0.0,0.0,0.0,0.0,0.0,0.0,0.0,0.0,0.0,0.0,0.0,0.0,0.0,0.0,25.13259753811094,2.8205782265998636,14.2974460921968,0.0,0.0,0.0,0.0,0.0,0.0,0.0,0.0,0.0,0.0,0.0,False,DISABLED,0,nan,nan,nan,nan,nan,nan,nan,nan,nan,nan,nan,nan,nan,nan,nan,nan,nan,nan,nan,nan,nan,nan,nan,nan,nan,nan,nan,nan,nan,nan,nan,nan,nan,nan,33.38629193402659,13.704387255993314,-0.004708723064787479,0.13728524656715724,0.13728524656715724,0.13728524656715724,33.436324419359906,13.56401329615866,0.055151255595506606,-0.05003248533331828,0.14037395983465473,-0.059859978660294084,0.1490238175201869,0.16059674726936665,0.034356117248535156,False,DISABLED,none,MODEL_ORIGIN_FRAME_NOT_ESTABLISHED,nan,nan,nan,nan,nan,nan,nan,nan,nan,nan,nan,nan,nan,NOT_EVALUATED,nan,nan,nan,nan,DISABLED,nan,nan,nan,nan,nan,nan
1791355960.1384223,1791355960.1687317,1791355960.1728656,1791355960.1729248,front_rgbd_red_sphere,True,True,True,,35.352,35.352,1791355960.1687317,1791355960.1670296,1791355960.1384223,1791355960.1384223,1791355960.1384223,0.0,1791355959.138403,1791355960.158429,1791355960.143818,1791355960.158429,1791355960.143818,1791355960.158429,1791355959.1344206,1791355960.158429,1791355959.138403,1791355960.158429,1791355924.7864223,GAZEBO_CLOCK_SYSTEM_INTERPOLATION,MAPPED_EXACT,0,35.352,1791355960.1384223,0.002516031265258789,0.0,RGB,0.0,0,1,0,UNCALIBRATED,PREPARATION,FAR,STRAIGHT,0.75,26,0.5769230723381042,28.848899841308594,0.5117288827896118,nan,nan,False,0.0,0.0,0.0,0.0,0,0,0,0,0,0.0,0.0,0.0,0.0,0.0,0.0,0.0,0.0,0.0,0.0,0.0,0.0,0.0,0.0,25.153332707809888,2.8655128428003476,13.833210996932154,0.0,0.0,0.0,0.0,0.0,0.0,0.0,0.0,0.0,0.0,0.0,False,DISABLED,0,nan,nan,nan,nan,nan,nan,nan,nan,nan,nan,nan,nan,nan,nan,nan,nan,nan,nan,nan,nan,nan,nan,nan,nan,nan,nan,nan,nan,nan,nan,nan,nan,nan,nan,33.54488130759731,13.570122722367671,0.004035674796372624,0.13578414381555826,0.13578414381555826,0.13578414381555826,33.59947869817253,13.434882290708032,0.06635195660662187,-0.054597390575224836,0.13524043165963917,-0.062316281810249244,0.14584529273551883,0.15860065697141226,0.030309438705444336,False,DISABLED,none,MODEL_ORIGIN_FRAME_NOT_ESTABLISHED,nan,nan,nan,nan,nan,nan,nan,nan,nan,nan,nan,nan,nan,NOT_EVALUATED,nan,nan,nan,nan,DISABLED,nan,nan,nan,nan,nan,nan
1791355960.1864123,1791355960.2293065,1791355960.2341332,1791355960.2341595,front_rgbd_red_sphere,True,True,True,,35.4,35.4,1791355960.2293065,1791355960.2172012,1791355960.1864123,1791355960.1864123,1791355960.1864123,0.0,1791355959.2184236,1791355960.2144256,1791355960.199818,1791355960.2144256,1791355960.2038178,1791355960.2184336,1791355959.2144244,1791355960.2144256,1791355959.2184236,1791355960.2184336,1791355924.7864122,GAZEBO_CLOCK_SYSTEM_INTERPOLATION,MAPPED_EXACT,0,35.4,1791355960.1864123,0.0031113624572753906,0.0,RGB,0.0,0,1,0,UNCALIBRATED,PREPARATION,FAR,STRAIGHT,0.699999988079071,25,0.5600000023841858,28.665674209594727,0.5001360177993774,nan,nan,False,0.0,0.0,0.0,0.0,0,0,0,0,0,0.0,0.0,0.0,0.0,0.0,0.0,0.0,0.0,0.0,0.0,0.0,0.0,0.0,0.0,25.154626128503846,2.9173459468278384,13.433345293135954,0.0,0.0,0.0,0.0,0.0,0.0,0.0,0.0,0.0,0.0,0.0,False,DISABLED,0,nan,nan,nan,nan,nan,nan,nan,nan,nan,nan,nan,nan,nan,nan,nan,nan,nan,nan,nan,nan,nan,nan,nan,nan,nan,nan,nan,nan,nan,nan,nan,nan,nan,nan,33.701149768690975,13.43613705053093,0.012446683124273383,0.13443716792018062,0.13443716792018062,0.13443716792018062,33.749707960901844,13.31524685638321,0.07628856567187364,-0.04855819221086932,0.1208901941477194,-0.06384188254760026,0.13027792242686795,0.1450797127067827,0.04289412498474121,False,DISABLED,none,MODEL_ORIGIN_FRAME_NOT_ESTABLISHED,nan,nan,nan,nan,nan,nan,nan,nan,nan,nan,nan,nan,nan,NOT_EVALUATED,nan,nan,nan,nan,DISABLED,nan,nan,nan,nan,nan,nan
1791355960.2384195,1791355960.2765799,1791355960.2811892,1791355960.2812197,front_rgbd_red_sphere,True,True,True,,35.452,35.452,1791355960.2765799,1791355960.2747967,1791355960.2384195,1791355960.2384195,1791355960.2384195,0.0,1791355959.2544155,1791355960.2544253,1791355960.2398179,1791355960.2544253,1791355960.2438178,1791355960.2584147,1791355959.2544155,1791355960.2544253,1791355959.2384079,1791355960.2584147,1791355924.7864196,GAZEBO_CLOCK_SYSTEM_INTERPOLATION,MAPPED_EXACT,0,35.452,1791355960.2384195,0.0027589797973632812,0.0,RGB,0.0,0,1,0,UNCALIBRATED,PREPARATION,FAR,STRAIGHT,0.800000011920929,25,0.6399999856948853,28.457500457763672,0.48840275406837463,nan,nan,False,0.0,0.0,0.0,0.0,0,0,0,0,0,0.0,0.0,0.0,0.0,0.0,0.0,0.0,0.0,0.0,0.0,0.0,0.0,0.0,0.0,25.13034672566759,2.955111315425267,13.021608745701139,0.0,0.0,0.0,0.0,0.0,0.0,0.0,0.0,0.0,0.0,0.0,False,DISABLED,0,nan,nan,nan,nan,nan,nan,nan,nan,nan,nan,nan,nan,nan,nan,nan,nan,nan,nan,nan,nan,nan,nan,nan,nan,nan,nan,nan,nan,nan,nan,nan,nan,nan,nan,33.858388760945566,13.300694516265978,0.020277078594182874,0.13291493030663462,0.13291493030663462,0.13291493030663462,33.91204846451599,13.185226342350985,0.08657203100545317,-0.05365970357042471,0.11546817391499253,-0.0662949524112703,0.12732738501409982,0.14355237263710205,0.03816032409667969,False,DISABLED,none,MODEL_ORIGIN_FRAME_NOT_ESTABLISHED,nan,nan,nan,nan,nan,nan,nan,nan,nan,nan,nan,nan,nan,NOT_EVALUATED,nan,nan,nan,nan,DISABLED,nan,nan,nan,nan,nan,nan
1791355960.2864187,1791355960.3137035,1791355960.317743,1791355960.3177767,front_rgbd_red_sphere,True,True,True,,35.5,35.5,1791355960.3137035,1791355960.3112514,1791355960.2864187,1791355960.2864187,1791355960.2864187,0.0,1791355959.294418,1791355960.2944207,1791355960.2798178,1791355960.2944207,1791355960.283818,1791355960.2984135,1791355959.294418,1791355960.2944207,1791355959.2784183,1791355960.2984135,1791355924.7864187,GAZEBO_CLOCK_SYSTEM_INTERPOLATION,MAPPED_EXACT,0,35.5,1791355960.2864187,0.003539562225341797,0.0,RGB,0.0,0,1,0,UNCALIBRATED,PREPARATION,FAR,STRAIGHT,0.949999988079071,24,0.7916666865348816,28.272695541381836,0.47857189178466797,nan,nan,False,0.0,0.0,0.0,0.0,0,0,0,0,0,0.0,0.0,0.0,0.0,0.0,0.0,0.0,0.0,0.0,0.0,0.0,0.0,0.0,0.0,25.096356285784047,2.999518370943923,12.669691161189489,0.0,0.0,0.0,0.0,0.0,0.0,0.0,0.0,0.0,0.0,0.0,False,DISABLED,0,nan,nan,nan,nan,nan,nan,nan,nan,nan,nan,nan,nan,nan,nan,nan,nan,nan,nan,nan,nan,nan,nan,nan,nan,nan,nan,nan,nan,nan,nan,nan,nan,nan,nan,34.016044096525704,13.165057282979728,0.029899672888191786,0.1315708403637555,0.1315708403637555,0.1315708403637555,34.0616024277549,13.064738375920681,0.095542645008143,-0.04555833122919495,0.10031890705904623,-0.06564297211995121,0.11017914801771973,0.12825148906212078,0.027284860610961914,False,DISABLED,none,MODEL_ORIGIN_FRAME_NOT_ESTABLISHED,nan,nan,nan,nan,nan,nan,nan,nan,nan,nan,nan,nan,nan,NOT_EVALUATED,nan,nan,nan,nan,DISABLED,nan,nan,nan,nan,nan,nan
1791355960.3384113,1791355960.377594,1791355960.381593,1791355960.381625,front_rgbd_red_sphere,True,True,True,,35.552,35.552,1791355960.3683293,1791355960.377594,1791355960.3384113,1791355960.3384113,1791355960.3384113,0.0,1791355959.3584197,1791355960.3584337,1791355960.343818,1791355960.3584337,1791355960.343818,1791355960.3584337,1791355959.3584197,1791355960.3584337,1791355959.3584197,1791355960.3584337,1791355924.7864113,GAZEBO_CLOCK_SYSTEM_INTERPOLATION,MAPPED_EXACT,0,35.552,1791355960.3384113,0.003523111343383789,0.0,RGB,0.0,0,1,0,UNCALIBRATED,PREPARATION,FAR,STRAIGHT,1.0,26,0.8461538553237915,28.062084197998047,0.4683593809604645,nan,nan,False,0.0,0.0,0.0,0.0,0,0,0,0,0,0.0,0.0,0.0,0.0,0.0,0.0,0.0,0.0,0.0,0.0,0.0,0.0,0.0,0.0,25.040081495278788,3.027147023132354,12.300865449806048,0.0,0.0,0.0,0.0,0.0,0.0,0.0,0.0,0.0,0.0,0.0,False,DISABLED,0,nan,nan,nan,nan,nan,nan,nan,nan,nan,nan,nan,nan,nan,nan,nan,nan,nan,nan,nan,nan,nan,nan,nan,nan,nan,nan,nan,nan,nan,nan,nan,nan,nan,nan,34.173469132405565,13.027853432231721,0.038402460202461575,0.1300473944549384,0.1300473944549384,0.1300473944549384,34.2232722387479,12.933775786815248,0.10466292221177338,-0.04980310634233831,0.09407764541647268,-0.06626046200931181,0.10644694814062929,0.12538501343518402,0.03918266296386719,False,DISABLED,none,MODEL_ORIGIN_FRAME_NOT_ESTABLISHED,nan,nan,nan,nan,nan,nan,nan,nan,nan,nan,nan,nan,nan,NOT_EVALUATED,nan,nan,nan,nan,DISABLED,nan,nan,nan,nan,nan,nan
1791355960.3864393,1791355960.4134214,1791355960.419003,1791355960.419023,front_rgbd_red_sphere,True,True,True,,35.6,35.6,1791355960.4134214,1791355960.4118512,1791355960.3864393,1791355960.3864393,1791355960.3864393,0.0,1791355959.3984237,1791355960.3984294,1791355960.383818,1791355960.3984294,1791355960.383818,1791355960.3984294,1791355959.3984237,1791355960.3984294,1791355959.3984237,1791355960.3984294,1791355924.7864394,GAZEBO_CLOCK_SYSTEM_INTERPOLATION,MAPPED_EXACT,0,35.6,1791355960.3864393,0.0033845901489257812,0.0,RGB,0.0,0,1,0,UNCALIBRATED,PREPARATION,FAR,STRAIGHT,1.0,26,1.0,27.87410545349121,0.4594525396823883,nan,nan,False,0.0,0.0,0.0,0.0,0,0,0,0,0,0.0,0.0,0.0,0.0,0.0,0.0,0.0,0.0,0.0,0.0,0.0,0.0,0.0,0.0,24.983433385234935,3.0557458625753,11.977323492968372,0.0,0.0,0.0,0.0,0.0,0.0,0.0,0.0,0.0,0.0,0.0,False,DISABLED,0,nan,nan,nan,nan,nan,nan,nan,nan,nan,nan,nan,nan,nan,nan,nan,nan,nan,nan,nan,nan,nan,nan,nan,nan,nan,nan,nan,nan,nan,nan,nan,nan,nan,nan,34.33022713294275,12.889897748998003,0.04626070014160094,0.12869515060703365,0.12869515060703365,0.12869515060703365,34.37196821080794,12.812640689344219,0.11243590898327438,-0.04174107786518988,0.0772570596537836,-0.06617520884167344,0.08781213382953476,0.10995512317730001,0.02698206901550293,False,DISABLED,none,MODEL_ORIGIN_FRAME_NOT_ESTABLISHED,nan,nan,nan,nan,nan,nan,nan,nan,nan,nan,nan,nan,nan,NOT_EVALUATED,nan,nan,nan,nan,DISABLED,nan,nan,nan,nan,nan,nan
1791355960.4384074,1791355960.4768114,1791355960.4807096,1791355960.480736,front_rgbd_red_sphere,True,True,True,,35.652,35.652,1791355960.4667163,1791355960.4768114,1791355960.4384074,1791355960.4384074,1791355960.4384074,0.0,1791355959.458415,1791355960.4544296,1791355960.439818,1791355960.4544296,1791355960.4438179,1791355960.4584625,1791355959.4384234,1791355960.4544296,1791355959.458415,1791355960.4584625,1791355924.7864075,GAZEBO_CLOCK_SYSTEM_INTERPOLATION,MAPPED_EXACT,0,35.652,1791355960.4384074,0.002713918685913086,0.0,RGB,0.0,0,1,0,UNCALIBRATED,PREPARATION,FAR,STRAIGHT,1.0,25,1.0,27.66045570373535,0.45041629672050476,nan,nan,False,0.0,0.0,0.0,0.0,0,0,0,0,0,0.0,0.0,0.0,0.0,0.0,0.0,0.0,0.0,0.0,0.0,0.0,0.0,0.0,0.0,24.901765860961945,3.0540194160205942,11.647995411487129,0.0,0.0,0.0,0.0,0.0,0.0,0.0,0.0,0.0,0.0,0.0,False,DISABLED,0,nan,nan,nan,nan,nan,nan,nan,nan,nan,nan,nan,nan,nan,nan,nan,nan,nan,nan,nan,nan,nan,nan,nan,nan,nan,nan,nan,nan,nan,nan,nan,nan,nan,nan,34.486197634804455,12.752420581582465,0.052120302379941974,0.12716680558177146,0.12716680558177146,0.12716680558177146,34.53274196003659,12.680980060603593,0.12015618230516205,-0.04654432523213359,0.07144052097887155,-0.06803587992522007,0.08526501186915542,0.10908255225399788,0.038403987884521484,False,DISABLED,none,MODEL_ORIGIN_FRAME_NOT_ESTABLISHED,nan,nan,nan,nan,nan,nan,nan,nan,nan,nan,nan,nan,nan,NOT_EVALUATED,nan,nan,nan,nan,DISABLED,nan,nan,nan,nan,nan,nan
1791355960.4864085,1791355960.5259528,1791355960.5336046,1791355960.533643,front_rgbd_red_sphere,True,True,True,,35.7,35.7,1791355960.5166667,1791355960.5259528,1791355960.4864085,1791355960.4864085,1791355960.4864085,0.0,1791355959.4984221,1791355960.4944246,1791355960.4798179,1791355960.4944246,1791355960.4838178,1791355960.4984314,1791355959.4784255,1791355960.4944246,1791355959.4984221,1791355960.4984314,1791355924.7864084,GAZEBO_CLOCK_SYSTEM_INTERPOLATION,MAPPED_EXACT,0,35.7,1791355960.4864085,0.003950834274291992,0.0,RGB,0.0,0,1,0,UNCALIBRATED,PREPARATION,FAR,STRAIGHT,1.0,25,1.0,27.470523834228516,0.44316187500953674,nan,nan,False,0.0,0.0,0.0,0.0,0,0,0,0,0,0.0,0.0,0.0,0.0,0.0,0.0,0.0,0.0,0.0,0.0,0.0,0.0,0.0,0.0,24.816881261172096,3.043498032184271,11.379331750214767,0.0,0.0,0.0,0.0,0.0,0.0,0.0,0.0,0.0,0.0,0.0,False,DISABLED,0,nan,nan,nan,nan,nan,nan,nan,nan,nan,nan,nan,nan,nan,nan,nan,nan,nan,nan,nan,nan,nan,nan,nan,nan,nan,nan,nan,nan,nan,nan,nan,nan,nan,nan,34.64144851633834,12.616382505184955,0.05849730338063891,0.12581580444921336,0.12581580444921336,0.12581580444921336,34.6807129921728,12.55914729026627,0.12654979360183619,-0.03926447583445736,0.05723521491868411,-0.06805249022119728,0.06940870903094687,0.09720447682410926,0.03954434394836426,False,DISABLED,none,MODEL_ORIGIN_FRAME_NOT_ESTABLISHED,nan,nan,nan,nan,nan,nan,nan,nan,nan,nan,nan,nan,nan,NOT_EVALUATED,nan,nan,nan,nan,DISABLED,nan,nan,nan,nan,nan,nan
1791355960.5384228,1791355960.5767763,1791355960.5815756,1791355960.5816016,front_rgbd_red_sphere,True,True,True,,35.752,35.752,1791355960.5767763,1791355960.5649352,1791355960.5384228,1791355960.5384228,1791355960.5384228,0.0,1791355959.5384138,1791355960.5584235,1791355960.543818,1791355960.5584235,1791355960.543818,1791355960.5584235,1791355959.53441,1791355960.5584235,1791355959.5384138,1791355960.5584235,1791355924.7864227,GAZEBO_CLOCK_SYSTEM_INTERPOLATION,MAPPED_EXACT,0,35.752,1791355960.5384228,0.002773761749267578,0.0,RGB,0.0,0,1,0,UNCALIBRATED,PREPARATION,FAR,STRAIGHT,1.0,26,1.0,27.254749298095703,0.4362536668777466,nan,nan,False,0.0,0.0,0.0,0.0,0,0,0,0,0,0.0,0.0,0.0,0.0,0.0,0.0,0.0,0.0,0.0,0.0,0.0,0.0,0.0,0.0,24.70209751863967,2.9883418983747134,11.121940487929363,0.0,0.0,0.0,0.0,0.0,0.0,0.0,0.0,0.0,0.0,0.0,False,DISABLED,0,nan,nan,nan,nan,nan,nan,nan,nan,nan,nan,nan,nan,nan,nan,nan,nan,nan,nan,nan,nan,nan,nan,nan,nan,nan,nan,nan,nan,nan,nan,nan,nan,nan,nan,34.79635570534309,12.48273911460577,0.06281253521558666,0.12428973610546565,0.12428973610546565,0.12428973610546565,34.841491849326474,12.426105826972588,0.13271993607803043,-0.04513614398338461,0.05663328763318276,-0.06990740086244376,0.07241961586360175,0.10065607511310005,0.03835344314575195,False,DISABLED,none,MODEL_ORIGIN_FRAME_NOT_ESTABLISHED,nan,nan,nan,nan,nan,nan,nan,nan,nan,nan,nan,nan,nan,NOT_EVALUATED,nan,nan,nan,nan,DISABLED,nan,nan,nan,nan,nan,nan
1791355960.5864332,1791355960.6297274,1791355960.6336653,1791355960.6336927,front_rgbd_red_sphere,True,True,True,,35.8,35.8,1791355960.6297274,1791355960.6177413,1791355960.5864332,1791355960.5864332,1791355960.5864332,0.0,1791355959.6184185,1791355960.614425,1791355960.599818,1791355960.614425,1791355960.603818,1791355960.6184192,1791355959.614412,1791355960.614425,1791355959.6184185,1791355960.6184192,1791355924.7864332,GAZEBO_CLOCK_SYSTEM_INTERPOLATION,MAPPED_EXACT,0,35.8,1791355960.5864332,0.003571748733520508,0.0,RGB,0.0,0,1,0,UNCALIBRATED,PREPARATION,FAR,STRAIGHT,1.0,25,1.0,27.062227249145508,0.4310356378555298,nan,nan,False,0.0,0.0,0.0,0.0,0,0,0,0,0,0.0,0.0,0.0,0.0,0.0,0.0,0.0,0.0,0.0,0.0,0.0,0.0,0.0,0.0,24.586941339320465,2.9219527997958217,10.922850594638941,0.0,0.0,0.0,0.0,0.0,0.0,0.0,0.0,0.0,0.0,0.0,False,DISABLED,0,nan,nan,nan,nan,nan,nan,nan,nan,nan,nan,nan,nan,nan,nan,nan,nan,nan,nan,nan,nan,nan,nan,nan,nan,nan,nan,nan,nan,nan,nan,nan,nan,nan,nan,34.949709045261415,12.350434392309964,0.06807065400892759,0.12293597978298428,0.12293597978298428,0.12293597978298428,34.98885904358031,12.303525280480175,0.13757881744792438,-0.03914999831889787,0.046909111829789296,-0.0695081634389968,0.06109981293776098,0.09254497244957004,0.04329419136047363,False,DISABLED,none,MODEL_ORIGIN_FRAME_NOT_ESTABLISHED,nan,nan,nan,nan,nan,nan,nan,nan,nan,nan,nan,nan,nan,NOT_EVALUATED,nan,nan,nan,nan,DISABLED,nan,nan,nan,nan,nan,nan
1791355960.6384323,1791355960.6742923,1791355960.679229,1791355960.6792603,front_rgbd_red_sphere,True,True,True,,35.852,35.852,1791355960.6742923,1791355960.6727772,1791355960.6384323,1791355960.6384323,1791355960.6384323,0.0,1791355959.6384203,1791355960.6544273,1791355960.639818,1791355960.6544273,1791355960.643818,1791355960.6584184,1791355959.6384203,1791355960.6544273,1791355959.6384203,1791355960.6584184,1791355924.7864323,GAZEBO_CLOCK_SYSTEM_INTERPOLATION,MAPPED_EXACT,0,35.852,1791355960.6384323,0.004423618316650391,0.0,RGB,0.0,0,1,0,UNCALIBRATED,PREPARATION,FAR,STRAIGHT,1.0,26,1.0,26.843822479248047,0.4261026978492737,nan,nan,False,0.0,0.0,0.0,0.0,0,0,0,0,0,0.0,0.0,0.0,0.0,0.0,0.0,0.0,0.0,0.0,0.0,0.0,0.0,0.0,0.0,24.44354196519083,2.807380118652855,10.734182330954292,0.0,0.0,0.0,0.0,0.0,0.0,0.0,0.0,0.0,0.0,0.0,False,DISABLED,0,nan,nan,nan,nan,nan,nan,nan,nan,nan,nan,nan,nan,nan,nan,nan,nan,nan,nan,nan,nan,nan,nan,nan,nan,nan,nan,nan,nan,nan,nan,nan,nan,nan,nan,35.102624472195735,12.219339525149108,0.07181057363556859,0.12140919545181598,0.12140919545181598,0.12140919545181598,35.14844894765034,12.169864747977147,0.1416060648817672,-0.045824475454601554,0.04947477717196058,-0.0697954912461986,0.06743616334656452,0.09705177342636619,0.03586006164550781,False,DISABLED,none,MODEL_ORIGIN_FRAME_NOT_ESTABLISHED,nan,nan,nan,nan,nan,nan,nan,nan,nan,nan,nan,nan,nan,NOT_EVALUATED,nan,nan,nan,nan,DISABLED,nan,nan,nan,nan,nan,nan
1791355960.6864185,1791355960.714719,1791355960.7287114,1791355960.7287478,front_rgbd_red_sphere,True,True,True,,35.9,35.9,1791355960.714719,1791355960.7135777,1791355960.6864185,1791355960.6864185,1791355960.6864185,0.0,1791355959.698419,1791355960.6945446,1791355960.679818,1791355960.6945446,1791355960.6838179,1791355960.69842,1791355959.6944215,1791355960.6945446,1791355959.698419,1791355960.69842,1791355924.7864184,GAZEBO_CLOCK_SYSTEM_INTERPOLATION,MAPPED_EXACT,0,35.9,1791355960.6864185,0.0026443004608154297,0.0,RGB,0.0,0,1,0,UNCALIBRATED,PREPARATION,FAR,STRAIGHT,1.0,26,1.0,26.538578033447266,0.4200035035610199,nan,nan,False,0.0,0.0,0.0,0.0,0,0,0,0,0,0.0,0.0,0.0,0.0,0.0,0.0,0.0,0.0,0.0,0.0,0.0,0.0,0.0,0.0,24.232043962951668,2.518007114089677,10.524438215119572,0.0,0.0,0.0,0.0,0.0,0.0,0.0,0.0,0.0,0.0,0.0,False,DISABLED,0,nan,nan,nan,nan,nan,nan,nan,nan,nan,nan,nan,nan,nan,nan,nan,nan,nan,nan,nan,nan,nan,nan,nan,nan,nan,nan,nan,nan,nan,nan,nan,nan,nan,nan,35.10160386805631,12.21640128447692,0.07175093755685152,0.11929133597604583,0.11929133597604583,0.11929133597604583,35.29575894016494,12.046330114726128,0.14510703885571283,-0.1941550721086287,0.17007116975079128,-0.0733561012988613,0.25810926912048177,0.26833097548303675,0.02830052375793457,False,DISABLED,none,MODEL_ORIGIN_FRAME_NOT_ESTABLISHED,nan,nan,nan,nan,nan,nan,nan,nan,nan,nan,nan,nan,nan,NOT_EVALUATED,nan,nan,nan,nan,DISABLED,nan,nan,nan,nan,nan,nan
1791355960.7522497,1791355960.7950451,1791355960.7987742,1791355960.7987976,front_rgbd_red_sphere,True,True,True,,35.952,35.952,1791355960.7950451,1791355960.7922068,1791355960.7522497,1791355960.7522497,1791355960.7522497,0.0,1791355959.758433,1791355960.7722757,1791355960.743907,1791355960.7722757,1791355960.743907,1791355960.7722757,1791355959.758433,1791355960.7722757,1791355959.758433,1791355960.7722757,1791355924.8002498,GAZEBO_CLOCK_SYSTEM_INTERPOLATION,MAPPED_EXACT,0,35.952,1791355960.7522497,0.0030517578125,0.0,RGB,0.0,0,1,0,UNCALIBRATED,PREPARATION,FAR,STRAIGHT,1.0,26,1.0,26.542387008666992,0.42176324129104614,nan,nan,False,0.0,0.0,0.0,0.0,0,0,0,0,0,0.0,0.0,0.0,0.0,0.0,0.0,0.0,0.0,0.0,0.0,0.0,0.0,0.0,0.0,24.216439569374767,2.7017282599672257,10.524403222718432,0.0,0.0,0.0,0.0,0.0,0.0,0.0,0.0,0.0,0.0,0.0,False,DISABLED,0,nan,nan,nan,nan,nan,nan,nan,nan,nan,nan,nan,nan,nan,nan,nan,nan,nan,nan,nan,nan,nan,nan,nan,nan,nan,nan,nan,nan,nan,nan,nan,nan,nan,nan,35.56052457746464,11.829677723872868,0.0803474379238685,0.11931765472169302,0.11931765472169302,0.11931765472169302,35.49686424529695,11.876592746749328,0.14830118633886774,0.06366033216769296,-0.0469150228764601,-0.06795374841499924,0.07908006868484484,0.1042658582031951,0.042795419692993164,False,DISABLED,none,MODEL_ORIGIN_FRAME_NOT_ESTABLISHED,nan,nan,nan,nan,nan,nan,nan,nan,nan,nan,nan,nan,nan,NOT_EVALUATED,nan,nan,nan,nan,DISABLED,nan,nan,nan,nan,nan,nan
1791355960.8002574,1791355960.829435,1791355960.83415,1791355960.8341746,front_rgbd_red_sphere,True,True,True,,36.0,36.0,1791355960.829435,1791355960.8275287,1791355960.8002574,1791355960.8002574,1791355960.8002574,0.0,1791355959.7984147,1791355960.8122714,1791355960.783907,1791355960.8122714,1791355960.783907,1791355960.8122714,1791355959.7984147,1791355960.8122714,1791355959.7984147,1791355960.8122714,1791355924.8002574,GAZEBO_CLOCK_SYSTEM_INTERPOLATION,MAPPED_EXACT,0,36.0,1791355960.8002574,0.0015859603881835938,0.0,RGB,0.0,0,1,0,UNCALIBRATED,PREPARATION,FAR,STRAIGHT,1.0,27,1.0,26.347030639648438,0.41959109902381897,nan,nan,False,0.0,0.0,0.0,0.0,0,0,0,0,0,0.0,0.0,0.0,0.0,0.0,0.0,0.0,0.0,0.0,0.0,0.0,0.0,0.0,0.0,24.061572952033806,2.5496772925366002,10.426210159822018,0.0,0.0,0.0,0.0,0.0,0.0,0.0,0.0,0.0,0.0,0.0,False,DISABLED,0,nan,nan,nan,nan,nan,nan,nan,nan,nan,nan,nan,nan,nan,nan,nan,nan,nan,nan,nan,nan,nan,nan,nan,nan,nan,nan,nan,nan,nan,nan,nan,nan,nan,nan,35.712184511639926,11.698492105955905,0.08156235495925396,0.11797184902854302,0.11797184902854302,0.11797184902854302,35.643321643831655,11.752274910878466,0.1495618060248482,0.06886286780827078,-0.0537828049225606,-0.06799945106559424,0.0873766826339704,0.11071860734917023,0.02917766571044922,False,DISABLED,none,MODEL_ORIGIN_FRAME_NOT_ESTABLISHED,nan,nan,nan,nan,nan,nan,nan,nan,nan,nan,nan,nan,nan,NOT_EVALUATED,nan,nan,nan,nan,DISABLED,nan,nan,nan,nan,nan,nan
1791355960.8522458,1791355960.8804584,1791355960.888311,1791355960.8883662,front_rgbd_red_sphere,True,True,True,,36.052,36.052,1791355960.8804584,1791355960.8788495,1791355960.8522458,1791355960.8522458,1791355960.8522458,0.0,1791355959.8584208,1791355960.8522458,1791355960.823907,1791355960.8522458,1791355960.8439069,1791355960.8722713,1791355959.8384082,1791355960.8522458,1791355959.8584208,1791355960.8722713,1791355924.8002458,GAZEBO_CLOCK_SYSTEM_INTERPOLATION,MAPPED_EXACT,0,36.052,1791355960.8522458,0.005333423614501953,0.0,RGB,0.0,0,1,0,UNCALIBRATED,PREPARATION,FAR,STRAIGHT,1.0,27,1.0,26.1248779296875,0.4177805781364441,nan,nan,False,0.0,0.0,0.0,0.0,0,0,0,0,0,0.0,0.0,0.0,0.0,0.0,0.0,0.0,0.0,0.0,0.0,0.0,0.0,0.0,0.0,23.877921420888686,2.3592292960178227,10.333835742749956,0.0,0.0,0.0,0.0,0.0,0.0,0.0,0.0,0.0,0.0,0.0,False,DISABLED,0,nan,nan,nan,nan,nan,nan,nan,nan,nan,nan,nan,nan,nan,nan,nan,nan,nan,nan,nan,nan,nan,nan,nan,nan,nan,nan,nan,nan,nan,nan,nan,nan,nan,nan,35.86325741230159,11.568098829078476,0.08173687309282857,0.1164507304910897,0.1164507304910897,0.1164507304910897,35.80151780189094,11.617367076774336,0.1499384583315682,0.06173961041065468,-0.04926824769585991,-0.06820158523873962,0.07898822522806817,0.1043580181574808,0.028212547302246094,False,DISABLED,none,MODEL_ORIGIN_FRAME_NOT_ESTABLISHED,nan,nan,nan,nan,nan,nan,nan,nan,nan,nan,nan,nan,nan,NOT_EVALUATED,nan,nan,nan,nan,DISABLED,nan,nan,nan,nan,nan,nan
1791355960.900253,1791355960.9230576,1791355960.927304,1791355960.9273348,front_rgbd_red_sphere,True,True,True,,36.1,36.1,1791355960.9230576,1791355960.9202085,1791355960.900253,1791355960.900253,1791355960.900253,0.0,1791355959.8984165,1791355960.9082642,1791355960.879907,1791355960.9082642,1791355960.8839068,1791355960.9122634,1791355959.894422,1791355960.9082642,1791355959.8984165,1791355960.9122634,1791355924.8002532,GAZEBO_CLOCK_SYSTEM_INTERPOLATION,MAPPED_EXACT,0,36.1,1791355960.900253,0.003197908401489258,0.0,RGB,0.0,0,1,0,UNCALIBRATED,PREPARATION,FAR,STRAIGHT,1.0,27,1.0,25.928043365478516,0.4169842302799225,nan,nan,False,0.0,0.0,0.0,0.0,0,0,0,0,0,0.0,0.0,0.0,0.0,0.0,0.0,0.0,0.0,0.0,0.0,0.0,0.0,0.0,0.0,23.706386354718425,2.1899418032042313,10.270095436718439,0.0,0.0,0.0,0.0,0.0,0.0,0.0,0.0,0.0,0.0,0.0,False,DISABLED,0,nan,nan,nan,nan,nan,nan,nan,nan,nan,nan,nan,nan,nan,nan,nan,nan,nan,nan,nan,nan,nan,nan,nan,nan,nan,nan,nan,nan,nan,nan,nan,nan,nan,nan,36.01463683411092,11.436792316104238,0.08100209410745768,0.11511121614403755,0.11511121614403755,0.11511121614403755,35.9473634158817,11.492457718305786,0.14942630689422143,0.06727341822921318,-0.05566540220154792,-0.06842421278676375,0.08731752288345523,0.11093341560589871,0.02280449867248535,False,DISABLED,none,MODEL_ORIGIN_FRAME_NOT_ESTABLISHED,nan,nan,nan,nan,nan,nan,nan,nan,nan,nan,nan,nan,nan,NOT_EVALUATED,nan,nan,nan,nan,DISABLED,nan,nan,nan,nan,nan,nan
1791355960.9522507,1791355960.9722667,1791355960.9891346,1791355960.9891887,front_rgbd_red_sphere,True,True,True,,36.152,36.152,1791355960.9722667,1791355960.9707937,1791355960.9522507,1791355960.9522507,1791355960.9522507,0.0,1791355959.9584281,1791355960.972277,1791355960.943907,1791355960.972277,1791355960.943907,1791355960.972277,1791355959.9584281,1791355960.972277,1791355959.9584281,1791355960.972277,1791355924.8002508,GAZEBO_CLOCK_SYSTEM_INTERPOLATION,MAPPED_EXACT,0,36.152,1791355960.9522507,0.0031173229217529297,0.0,RGB,0.0,0,1,0,UNCALIBRATED,PREPARATION,FAR,STRAIGHT,1.0,28,1.0,25.704620361328125,0.41664204001426697,nan,nan,False,0.0,0.0,0.0,0.0,0,0,0,0,0,0.0,0.0,0.0,0.0,0.0,0.0,0.0,0.0,0.0,0.0,0.0,0.0,0.0,0.0,23.505668805066193,1.9887368866366018,10.210583148248372,0.0,0.0,0.0,0.0,0.0,0.0,0.0,0.0,0.0,0.0,0.0,False,DISABLED,0,nan,nan,nan,nan,nan,nan,nan,nan,nan,nan,nan,nan,nan,nan,nan,nan,nan,nan,nan,nan,nan,nan,nan,nan,nan,nan,nan,nan,nan,nan,nan,nan,nan,nan,36.16597408770756,11.304553098986752,0.07939638438057989,0.1136001487048596,0.1136001487048596,0.1136001487048596,36.105048870595105,11.356804061359323,0.14788368128045556,0.06092521711245524,-0.05225096237257176,-0.06848729689987568,0.08026235200303888,0.1055109235373828,0.020015954971313477,False,DISABLED,none,MODEL_ORIGIN_FRAME_NOT_ESTABLISHED,nan,nan,nan,nan,nan,nan,nan,nan,nan,nan,nan,nan,nan,NOT_EVALUATED,nan,nan,nan,nan,DISABLED,nan,nan,nan,nan,nan,nan
1791355961.0002627,1791355961.0332525,1791355961.038846,1791355961.0388968,front_rgbd_red_sphere,True,True,True,,36.2,36.2,1791355961.0332525,1791355961.031476,1791355961.0002627,1791355961.0002627,1791355961.0002627,0.0,1791355959.9984236,1791355961.0122569,1791355960.983907,1791355961.0122569,1791355960.983907,1791355961.0122569,1791355959.9984236,1791355961.0122569,1791355959.9984236,1791355961.0122569,1791355924.8002627,GAZEBO_CLOCK_SYSTEM_INTERPOLATION,MAPPED_EXACT,0,36.2,1791355961.0002627,0.001363992691040039,0.0,RGB,0.0,0,1,0,UNCALIBRATED,PREPARATION,FAR,STRAIGHT,1.0,27,1.0,25.507007598876953,0.4171390235424042,nan,nan,False,0.0,0.0,0.0,0.0,0,0,0,0,0,0.0,0.0,0.0,0.0,0.0,0.0,0.0,0.0,0.0,0.0,0.0,0.0,0.0,0.0,23.319827793871706,1.8160596343571065,10.173249732419837,0.0,0.0,0.0,0.0,0.0,0.0,0.0,0.0,0.0,0.0,0.0,False,DISABLED,0,nan,nan,nan,nan,nan,nan,nan,nan,nan,nan,nan,nan,nan,nan,nan,nan,nan,nan,nan,nan,nan,nan,nan,nan,nan,nan,nan,nan,nan,nan,nan,nan,nan,nan,36.317705781380354,11.170906786110471,0.07743801109213783,0.11227195771481113,0.11227195771481113,0.11227195771481113,36.250420240890584,11.231228884690408,0.14560969120611028,0.06728554048977031,-0.06032209857993642,-0.06817168011397245,0.0903664735180481,0.11319663204199087,0.0329897403717041,False,DISABLED,none,MODEL_ORIGIN_FRAME_NOT_ESTABLISHED,nan,nan,nan,nan,nan,nan,nan,nan,nan,nan,nan,nan,nan,NOT_EVALUATED,nan,nan,nan,nan,DISABLED,nan,nan,nan,nan,nan,nan
1791355961.052257,1791355961.0775592,1791355961.0845153,1791355961.0845695,front_rgbd_red_sphere,True,True,True,,36.252,36.252,1791355961.0775592,1791355961.073331,1791355961.052257,1791355961.052257,1791355961.052257,0.0,1791355960.0384336,1791355961.052257,1791355961.023907,1791355961.052257,1791355961.023907,1791355961.052257,1791355960.0384336,1791355961.052257,1791355960.0384336,1791355961.052257,1791355924.800257,GAZEBO_CLOCK_SYSTEM_INTERPOLATION,MAPPED_EXACT,0,36.252,1791355961.052257,0.0023407936096191406,0.0,RGB,0.0,0,1,0,UNCALIBRATED,PREPARATION,FAR,STRAIGHT,1.0,27,1.0,25.281721115112305,0.4180746078491211,nan,nan,False,0.0,0.0,0.0,0.0,0,0,0,0,0,0.0,0.0,0.0,0.0,0.0,0.0,0.0,0.0,0.0,0.0,0.0,0.0,0.0,0.0,23.104265649878325,1.6178211092860622,10.136122093867332,0.0,0.0,0.0,0.0,0.0,0.0,0.0,0.0,0.0,0.0,0.0,False,DISABLED,0,nan,nan,nan,nan,nan,nan,nan,nan,nan,nan,nan,nan,nan,nan,nan,nan,nan,nan,nan,nan,nan,nan,nan,nan,nan,nan,nan,nan,nan,nan,nan,nan,nan,nan,36.46818646983533,11.036185030561787,0.07409171240335338,0.11076729405339562,0.11076729405339562,0.11076729405339562,36.40750109061819,11.094956893185916,0.14218628043122591,0.06068537921714068,-0.0587718626241287,-0.06809456802787253,0.0844798620207066,0.1085067614572483,0.02530217170715332,False,DISABLED,none,MODEL_ORIGIN_FRAME_NOT_ESTABLISHED,nan,nan,nan,nan,nan,nan,nan,nan,nan,nan,nan,nan,nan,NOT_EVALUATED,nan,nan,nan,nan,DISABLED,nan,nan,nan,nan,nan,nan
1791355961.1002975,1791355961.1249297,1791355961.1302078,1791355961.130235,front_rgbd_red_sphere,True,True,True,,36.3,36.3,1791355961.1249297,1791355961.1222055,1791355961.1002975,1791355961.1002975,1791355961.1002975,0.0,1791355960.0984259,1791355961.1082618,1791355961.079907,1791355961.1082618,1791355961.083907,1791355961.1122577,1791355960.094415,1791355961.1082618,1791355960.0984259,1791355961.1122577,1791355924.8002975,GAZEBO_CLOCK_SYSTEM_INTERPOLATION,MAPPED_EXACT,0,36.3,1791355961.1002975,0.001447916030883789,0.0,RGB,0.0,0,1,0,UNCALIBRATED,PREPARATION,FAR,STRAIGHT,1.0,30,1.0,25.083084106445312,0.4197272062301636,nan,nan,False,0.0,0.0,0.0,0.0,0,0,0,0,0,0.0,0.0,0.0,0.0,0.0,0.0,0.0,0.0,0.0,0.0,0.0,0.0,0.0,0.0,22.905875586186916,1.452552530701908,10.117907434645353,0.0,0.0,0.0,0.0,0.0,0.0,0.0,0.0,0.0,0.0,0.0,False,DISABLED,0,nan,nan,nan,nan,nan,nan,nan,nan,nan,nan,nan,nan,nan,nan,nan,nan,nan,nan,nan,nan,nan,nan,nan,nan,nan,nan,nan,nan,nan,nan,nan,nan,nan,nan,36.61980666297154,10.900614136721956,0.07058377169371971,0.10944904378890384,0.10944904378890384,0.10944904378890384,36.552342856983074,10.968806428361994,0.1382075510174755,0.06746380598846713,-0.06819229164003815,-0.0676237793237558,0.09592472964553797,0.11736494062366995,0.02463221549987793,False,DISABLED,none,MODEL_ORIGIN_FRAME_NOT_ESTABLISHED,nan,nan,nan,nan,nan,nan,nan,nan,nan,nan,nan,nan,nan,NOT_EVALUATED,nan,nan,nan,nan,DISABLED,nan,nan,nan,nan,nan,nan
1791355961.1522484,1791355961.1820004,1791355961.1865866,1791355961.1866095,front_rgbd_red_sphere,True,True,True,,36.352,36.352,1791355961.1820004,1791355961.1702616,1791355961.1522484,1791355961.1522484,1791355961.1522484,0.0,1791355960.158429,1791355961.1722791,1791355961.1439068,1791355961.1722791,1791355961.1439068,1791355961.1722791,1791355960.158429,1791355961.1722791,1791355960.158429,1791355961.1722791,1791355924.8002484,GAZEBO_CLOCK_SYSTEM_INTERPOLATION,MAPPED_EXACT,0,36.352,1791355961.1522484,0.002750396728515625,0.0,RGB,0.0,0,1,0,UNCALIBRATED,PREPARATION,FAR,STRAIGHT,1.0,29,1.0,24.857751846313477,0.4219861626625061,nan,nan,False,0.0,0.0,0.0,0.0,0,0,0,0,0,0.0,0.0,0.0,0.0,0.0,0.0,0.0,0.0,0.0,0.0,0.0,0.0,0.0,0.0,22.677161824711888,1.265620318182819,10.102097030787007,0.0,0.0,0.0,0.0,0.0,0.0,0.0,0.0,0.0,0.0,0.0,False,DISABLED,0,nan,nan,nan,nan,nan,nan,nan,nan,nan,nan,nan,nan,nan,nan,nan,nan,nan,nan,nan,nan,nan,nan,nan,nan,nan,nan,nan,nan,nan,nan,nan,nan,nan,nan,36.77041001288943,10.76550451444258,0.06605641235054632,0.10796318574256086,0.10796318574256086,0.10796318574256086,36.70880317291278,10.831976756221993,0.1329907294431194,0.06160683997664762,-0.06647224177941347,-0.06693431709257308,0.09063090896095585,0.1126683827155524,0.029752016067504883,False,DISABLED,none,MODEL_ORIGIN_FRAME_NOT_ESTABLISHED,nan,nan,nan,nan,nan,nan,nan,nan,nan,nan,nan,nan,nan,NOT_EVALUATED,nan,nan,nan,nan,DISABLED,nan,nan,nan,nan,nan,nan
1791355961.2002554,1791355961.2348127,1791355961.238781,1791355961.2388072,front_rgbd_red_sphere,True,True,True,,36.4,36.4,1791355961.2295773,1791355961.2348127,1791355961.2002554,1791355961.2002554,1791355961.2002554,0.0,1791355960.1984115,1791355961.2122538,1791355961.183907,1791355961.2122538,1791355961.183907,1791355961.2122538,1791355960.1984115,1791355961.2122538,1791355960.1984115,1791355961.2122538,1791355924.8002553,GAZEBO_CLOCK_SYSTEM_INTERPOLATION,MAPPED_EXACT,0,36.4,1791355961.2002554,0.0028769969940185547,0.0,RGB,0.0,0,1,0,UNCALIBRATED,PREPARATION,FAR,STRAIGHT,1.0,32,1.0,24.65879249572754,0.4248026907444,nan,nan,False,0.0,0.0,0.0,0.0,0,0,0,0,0,0.0,0.0,0.0,0.0,0.0,0.0,0.0,0.0,0.0,0.0,0.0,0.0,0.0,0.0,22.467120300504416,1.1117395662334069,10.101908526263443,0.0,0.0,0.0,0.0,0.0,0.0,0.0,0.0,0.0,0.0,0.0,False,DISABLED,0,nan,nan,nan,nan,nan,nan,nan,nan,nan,nan,nan,nan,nan,nan,nan,nan,nan,nan,nan,nan,nan,nan,nan,nan,nan,nan,nan,nan,nan,nan,nan,nan,nan,nan,36.921004166388066,10.630884387251761,0.060515989755233035,0.1066596684878903,0.1066596684878903,0.1066596684878903,36.85316205498377,10.705251656873228,0.12740457669371277,0.06784211140429619,-0.074367269621467,-0.06688858693847974,0.10066301639999123,0.12085994346089803,0.034557342529296875,False,DISABLED,none,MODEL_ORIGIN_FRAME_NOT_ESTABLISHED,nan,nan,nan,nan,nan,nan,nan,nan,nan,nan,nan,nan,nan,NOT_EVALUATED,nan,nan,nan,nan,DISABLED,nan,nan,nan,nan,nan,nan
1791355961.2522557,1791355961.2783656,1791355961.2860336,1791355961.2860725,front_rgbd_red_sphere,True,True,True,,36.452,36.452,1791355961.2783656,1791355961.274406,1791355961.2522557,1791355961.2522557,1791355961.2522557,0.0,1791355960.2384195,1791355961.252256,1791355961.223907,1791355961.252256,1791355961.223907,1791355961.252256,1791355960.2384195,1791355961.252256,1791355960.2384195,1791355961.252256,1791355924.8002558,GAZEBO_CLOCK_SYSTEM_INTERPOLATION,MAPPED_EXACT,0,36.452,1791355961.2522557,0.006743431091308594,0.0,RGB,0.0,0,1,0,UNCALIBRATED,PREPARATION,FAR,STRAIGHT,1.0,32,1.0,24.433000564575195,0.4282364547252655,nan,nan,False,0.0,0.0,0.0,0.0,0,0,0,0,0,0.0,0.0,0.0,0.0,0.0,0.0,0.0,0.0,0.0,0.0,0.0,0.0,0.0,0.0,22.22668918016986,0.9394440178950383,10.102637299980877,0.0,0.0,0.0,0.0,0.0,0.0,0.0,0.0,0.0,0.0,0.0,False,DISABLED,0,nan,nan,nan,nan,nan,nan,nan,nan,nan,nan,nan,nan,nan,nan,nan,nan,nan,nan,nan,nan,nan,nan,nan,nan,nan,nan,nan,nan,nan,nan,nan,nan,nan,nan,37.070921167620405,10.49506198259637,0.05448505485627658,0.10518995665078791,0.10518995665078791,0.10518995665078791,37.009210932056156,10.567724445734834,0.12051510906486432,0.061710235564248705,-0.0726624631384638,-0.06603005420858774,0.09533093266481597,0.11596531714927835,0.026109933853149414,False,DISABLED,none,MODEL_ORIGIN_FRAME_NOT_ESTABLISHED,nan,nan,nan,nan,nan,nan,nan,nan,nan,nan,nan,nan,nan,NOT_EVALUATED,nan,nan,nan,nan,DISABLED,nan,nan,nan,nan,nan,nan
1791355961.3002536,1791355961.3387542,1791355961.3454535,1791355961.3455591,front_rgbd_red_sphere,True,True,True,,36.5,36.5,1791355961.334447,1791355961.3387542,1791355961.3002536,1791355961.3002536,1791355961.3002536,0.0,1791355960.2984135,1791355961.3086374,1791355961.279907,1791355961.3086374,1791355961.283907,1791355961.3122563,1791355960.2944207,1791355961.3086374,1791355960.2984135,1791355961.3122563,1791355924.8002536,GAZEBO_CLOCK_SYSTEM_INTERPOLATION,MAPPED_EXACT,0,36.5,1791355961.3002536,0.003038644790649414,0.0,RGB,0.0,0,1,0,UNCALIBRATED,PREPARATION,FAR,STRAIGHT,1.0,33,1.0,24.234342575073242,0.43230879306793213,nan,nan,False,0.0,0.0,0.0,0.0,0,0,0,0,0,0.0,0.0,0.0,0.0,0.0,0.0,0.0,0.0,0.0,0.0,0.0,0.0,0.0,0.0,22.00480358530498,0.8013128315651272,10.121752204764881,0.0,0.0,0.0,0.0,0.0,0.0,0.0,0.0,0.0,0.0,0.0,False,DISABLED,0,nan,nan,nan,nan,nan,nan,nan,nan,nan,nan,nan,nan,nan,nan,nan,nan,nan,nan,nan,nan,nan,nan,nan,nan,nan,nan,nan,nan,nan,nan,nan,nan,nan,nan,37.21970843758921,10.358472026708004,0.04693151027503323,0.10390528289177733,0.10390528289177733,0.10390528289177733,37.15292360342288,10.440609523632768,0.11346846726848143,0.0667848341663344,-0.08213749692476391,-0.0665369569934482,0.10586209177836223,0.12503579136246695,0.03850054740905762,False,DISABLED,none,MODEL_ORIGIN_FRAME_NOT_ESTABLISHED,nan,nan,nan,nan,nan,nan,nan,nan,nan,nan,nan,nan,nan,NOT_EVALUATED,nan,nan,nan,nan,DISABLED,nan,nan,nan,nan,nan,nan
1791355961.352253,1791355961.3776338,1791355961.386904,1791355961.3869298,front_rgbd_red_sphere,True,True,True,,36.552,36.552,1791355961.3776338,1791355961.3746872,1791355961.352253,1791355961.352253,1791355961.352253,0.0,1791355960.3584337,1791355961.3723094,1791355961.3439069,1791355961.3723094,1791355961.3439069,1791355961.3723094,1791355960.3584337,1791355961.3723094,1791355960.3584337,1791355961.3723094,1791355924.800253,GAZEBO_CLOCK_SYSTEM_INTERPOLATION,MAPPED_EXACT,0,36.552,1791355961.352253,0.0025794506072998047,0.0,RGB,0.0,0,1,0,UNCALIBRATED,PREPARATION,FAR,STRAIGHT,1.0,35,1.0,24.0102481842041,0.43732160329818726,nan,nan,False,0.0,0.0,0.0,0.0,0,0,0,0,0,0.0,0.0,0.0,0.0,0.0,0.0,0.0,0.0,0.0,0.0,0.0,0.0,0.0,0.0,21.750626510720842,0.648422742725014,10.147997485151311,0.0,0.0,0.0,0.0,0.0,0.0,0.0,0.0,0.0,0.0,0.0,False,DISABLED,0,nan,nan,nan,nan,nan,nan,nan,nan,nan,nan,nan,nan,nan,nan,nan,nan,nan,nan,nan,nan,nan,nan,nan,nan,nan,nan,nan,nan,nan,nan,nan,nan,nan,nan,37.3710042005539,10.221706529694337,0.03926777066892667,0.10246560431468318,0.10246560431468318,0.10246560431468318,37.30791566091413,10.303001519721754,0.10511327471078002,0.06308853963977157,-0.08129499002741625,-0.06584550404185335,0.1029030574737055,0.12216656514759863,0.025380849838256836,False,DISABLED,none,MODEL_ORIGIN_FRAME_NOT_ESTABLISHED,nan,nan,nan,nan,nan,nan,nan,nan,nan,nan,nan,nan,nan,NOT_EVALUATED,nan,nan,nan,nan,DISABLED,nan,nan,nan,nan,nan,nan
1791355961.400261,1791355961.4314504,1791355961.4370928,1791355961.4371173,front_rgbd_red_sphere,True,True,True,,36.6,36.6,1791355961.4314504,1791355961.4281628,1791355961.400261,1791355961.400261,1791355961.400261,0.0,1791355960.3984294,1791355961.4122915,1791355961.3839068,1791355961.4122915,1791355961.3839068,1791355961.4122915,1791355960.3984294,1791355961.4122915,1791355960.3984294,1791355961.4122915,1791355924.800261,GAZEBO_CLOCK_SYSTEM_INTERPOLATION,MAPPED_EXACT,0,36.6,1791355961.400261,0.0038399696350097656,0.0,RGB,0.0,0,1,0,UNCALIBRATED,PREPARATION,FAR,STRAIGHT,1.0,35,1.0,23.81244659423828,0.44251394271850586,nan,nan,False,0.0,0.0,0.0,0.0,0,0,0,0,0,0.0,0.0,0.0,0.0,0.0,0.0,0.0,0.0,0.0,0.0,0.0,0.0,0.0,0.0,21.518784919645665,0.5278202768848246,10.183119847179597,0.0,0.0,0.0,0.0,0.0,0.0,0.0,0.0,0.0,0.0,0.0,False,DISABLED,0,nan,nan,nan,nan,nan,nan,nan,nan,nan,nan,nan,nan,nan,nan,nan,nan,nan,nan,nan,nan,nan,nan,nan,nan,nan,nan,nan,nan,nan,nan,nan,nan,nan,nan,37.51952587048543,10.085526271734182,0.031315946423426555,0.10120317792607436,0.10120317792607436,0.10120317792607436,37.45188987546039,10.174727991510307,0.09672979537181771,0.06763599502504292,-0.0892017197761259,-0.06541384894839115,0.11194451587302577,0.12965549069857804,0.031189441680908203,False,DISABLED,none,MODEL_ORIGIN_FRAME_NOT_ESTABLISHED,nan,nan,nan,nan,nan,nan,nan,nan,nan,nan,nan,nan,nan,NOT_EVALUATED,nan,nan,nan,nan,DISABLED,nan,nan,nan,nan,nan,nan
1791355961.4522717,1791355961.4878335,1791355961.4924512,1791355961.4924915,front_rgbd_red_sphere,True,True,True,,36.652,36.652,1791355961.4878335,1791355961.485431,1791355961.4522717,1791355961.4522717,1791355961.4522717,0.0,1791355960.4584625,1791355961.4682555,1791355961.4399068,1791355961.4682555,1791355961.443907,1791355961.472267,1791355960.4544296,1791355961.4682555,1791355960.4584625,1791355961.472267,1791355924.8002717,GAZEBO_CLOCK_SYSTEM_INTERPOLATION,MAPPED_EXACT,0,36.652,1791355961.4522717,0.003908872604370117,0.0,RGB,0.0,0,1,0,UNCALIBRATED,PREPARATION,FAR,STRAIGHT,1.0,35,1.0,23.59087562561035,0.4478892982006073,nan,nan,False,0.0,0.0,0.0,0.0,0,0,0,0,0,0.0,0.0,0.0,0.0,0.0,0.0,0.0,0.0,0.0,0.0,0.0,0.0,0.0,0.0,21.263947324731276,0.3957408432878502,10.208691413333334,0.0,0.0,0.0,0.0,0.0,0.0,0.0,0.0,0.0,0.0,0.0,False,DISABLED,0,nan,nan,nan,nan,nan,nan,nan,nan,nan,nan,nan,nan,nan,nan,nan,nan,nan,nan,nan,nan,nan,nan,nan,nan,nan,nan,nan,nan,nan,nan,nan,nan,nan,nan,37.669528907758846,9.947908963118918,0.02414285990535131,0.09979834686355366,0.09979834686355366,0.09979834686355366,37.6066160800008,10.036378151885465,0.08707328876438394,0.06291282775804774,-0.08846918876654719,-0.06293042885903263,0.10855791660456984,0.12547932153907476,0.03556180000305176,False,DISABLED,none,MODEL_ORIGIN_FRAME_NOT_ESTABLISHED,nan,nan,nan,nan,nan,nan,nan,nan,nan,nan,nan,nan,nan,NOT_EVALUATED,nan,nan,nan,nan,DISABLED,nan,nan,nan,nan,nan,nan
1791355961.5002532,1791355961.5361702,1791355961.5399876,1791355961.540034,front_rgbd_red_sphere,True,True,True,,36.7,36.7,1791355961.5361702,1791355961.533416,1791355961.5002532,1791355961.5002532,1791355961.5002532,0.0,1791355960.4984314,1791355961.5082684,1791355961.479907,1791355961.5082684,1791355961.483907,1791355961.5122645,1791355960.4944246,1791355961.5082684,1791355960.4984314,1791355961.5122645,1791355924.8002532,GAZEBO_CLOCK_SYSTEM_INTERPOLATION,MAPPED_EXACT,0,36.7,1791355961.5002532,0.004184246063232422,0.0,RGB,0.0,0,1,0,UNCALIBRATED,PREPARATION,FAR,STRAIGHT,1.0,35,1.0,23.3952693939209,0.45280319452285767,nan,nan,False,0.0,0.0,0.0,0.0,0,0,0,0,0,0.0,0.0,0.0,0.0,0.0,0.0,0.0,0.0,0.0,0.0,0.0,0.0,0.0,0.0,21.037594050973762,0.293465727901598,10.230940707085749,0.0,0.0,0.0,0.0,0.0,0.0,0.0,0.0,0.0,0.0,0.0,False,DISABLED,0,nan,nan,nan,nan,nan,nan,nan,nan,nan,nan,nan,nan,nan,nan,nan,nan,nan,nan,nan,nan,nan,nan,nan,nan,nan,nan,nan,nan,nan,nan,nan,nan,nan,nan,37.81665768020522,9.812358157012383,0.01494103691854859,0.09856629447785688,0.09856629447785688,0.09856629447785688,37.74986631760209,9.907858124685104,0.0776128127439127,0.06679136260312646,-0.09549996767272084,-0.06267177582536411,0.11653896320060964,0.13232188567647354,0.035917043685913086,False,DISABLED,none,MODEL_ORIGIN_FRAME_NOT_ESTABLISHED,nan,nan,nan,nan,nan,nan,nan,nan,nan,nan,nan,nan,nan,NOT_EVALUATED,nan,nan,nan,nan,DISABLED,nan,nan,nan,nan,nan,nan
1791355961.5522637,1791355961.587173,1791355961.5931609,1791355961.5932016,front_rgbd_red_sphere,True,True,True,,36.752,36.752,1791355961.587173,1791355961.58353,1791355961.5522637,1791355961.5522637,1791355961.5522637,0.0,1791355960.5584235,1791355961.5722675,1791355961.543907,1791355961.5722675,1791355961.543907,1791355961.5722675,1791355960.5584235,1791355961.5722675,1791355960.5584235,1791355961.5722675,1791355924.8002636,GAZEBO_CLOCK_SYSTEM_INTERPOLATION,MAPPED_EXACT,0,36.752,1791355961.5522637,0.003156900405883789,0.0,RGB,0.0,0,1,0,UNCALIBRATED,PREPARATION,FAR,STRAIGHT,1.0,38,1.0,23.175933837890625,0.4573441743850708,nan,nan,False,0.0,0.0,0.0,0.0,0,0,0,0,0,0.0,0.0,0.0,0.0,0.0,0.0,0.0,0.0,0.0,0.0,0.0,0.0,0.0,0.0,20.79410487712359,0.1852453036357815,10.232045561198802,0.0,0.0,0.0,0.0,0.0,0.0,0.0,0.0,0.0,0.0,0.0,False,DISABLED,0,nan,nan,nan,nan,nan,nan,nan,nan,nan,nan,nan,nan,nan,nan,nan,nan,nan,nan,nan,nan,nan,nan,nan,nan,nan,nan,nan,nan,nan,nan,nan,nan,nan,nan,37.964682032520244,9.675944783181333,0.00631263138558108,0.09719387976258789,0.09719387976258789,0.09719387976258789,37.9044771680825,9.768664823101552,0.06687682130763711,0.06020486443774331,-0.09272003992021993,-0.06056418992205603,0.11055148802605158,0.12605416536429528,0.03490924835205078,False,DISABLED,none,MODEL_ORIGIN_FRAME_NOT_ESTABLISHED,nan,nan,nan,nan,nan,nan,nan,nan,nan,nan,nan,nan,nan,NOT_EVALUATED,nan,nan,nan,nan,DISABLED,nan,nan,nan,nan,nan,nan
1791355961.6002634,1791355961.6500049,1791355961.6542516,1791355961.6542752,front_rgbd_red_sphere,True,True,True,,36.8,36.8,1791355961.6500049,1791355961.6386983,1791355961.6002634,1791355961.6002634,1791355961.6002634,0.0,1791355960.6184192,1791355961.628311,1791355961.599907,1791355961.628311,1791355961.6039069,1791355961.6322753,1791355960.614425,1791355961.628311,1791355960.6184192,1791355961.6322753,1791355924.8002634,GAZEBO_CLOCK_SYSTEM_INTERPOLATION,MAPPED_EXACT,0,36.8,1791355961.6002634,0.0020182132720947266,0.0,RGB,0.0,0,1,0,UNCALIBRATED,PREPARATION,FAR,STRAIGHT,1.0,38,1.0,22.984256744384766,0.4609110355377197,nan,nan,False,0.0,0.0,0.0,0.0,0,0,0,0,0,0.0,0.0,0.0,0.0,0.0,0.0,0.0,0.0,0.0,0.0,0.0,0.0,0.0,0.0,20.585796395871924,0.1108476714378881,10.22197503293033,0.0,0.0,0.0,0.0,0.0,0.0,0.0,0.0,0.0,0.0,0.0,False,DISABLED,0,nan,nan,nan,nan,nan,nan,nan,nan,nan,nan,nan,nan,nan,nan,nan,nan,nan,nan,nan,nan,nan,nan,nan,nan,nan,nan,nan,nan,nan,nan,nan,nan,nan,nan,38.11178258807574,9.540154785880478,-0.002911375329865906,0.0960024187490922,0.0960024187490922,0.0960024187490922,38.04694995920136,9.63998868627709,0.05658397322725259,0.06483262887437746,-0.09983390039661089,-0.059495348557118494,0.11903813437366693,0.1330780745844191,0.049741506576538086,False,DISABLED,none,MODEL_ORIGIN_FRAME_NOT_ESTABLISHED,nan,nan,nan,nan,nan,nan,nan,nan,nan,nan,nan,nan,nan,NOT_EVALUATED,nan,nan,nan,nan,DISABLED,nan,nan,nan,nan,nan,nan
1791355961.6522605,1791355961.6929688,1791355961.6982865,1791355961.6983159,front_rgbd_red_sphere,True,True,True,,36.852,36.852,1791355961.6839857,1791355961.6929688,1791355961.6522605,1791355961.6522605,1791355961.6522605,0.0,1791355960.6584184,1791355961.6682618,1791355961.639907,1791355961.6682618,1791355961.6439068,1791355961.6722753,1791355960.6544273,1791355961.6682618,1791355960.6584184,1791355961.6722753,1791355924.8002605,GAZEBO_CLOCK_SYSTEM_INTERPOLATION,MAPPED_EXACT,0,36.852,1791355961.6522605,0.0012776851654052734,0.0,RGB,0.0,0,1,0,UNCALIBRATED,PREPARATION,FAR,STRAIGHT,1.0,38,1.0,22.767772674560547,0.46377405524253845,nan,nan,False,0.0,0.0,0.0,0.0,0,0,0,0,0,0.0,0.0,0.0,0.0,0.0,0.0,0.0,0.0,0.0,0.0,0.0,0.0,0.0,0.0,20.36282707072056,0.033731470574549505,10.184576550646446,0.0,0.0,0.0,0.0,0.0,0.0,0.0,0.0,0.0,0.0,0.0,False,DISABLED,0,nan,nan,nan,nan,nan,nan,nan,nan,nan,nan,nan,nan,nan,nan,nan,nan,nan,nan,nan,nan,nan,nan,nan,nan,nan,nan,nan,nan,nan,nan,nan,nan,nan,nan,38.25850264679484,9.404386294266974,-0.011985904120681512,0.09466558232987594,0.09466558232987594,0.09466558232987594,38.20107127230901,9.500328520046095,0.04506134102589978,0.05743137448583013,-0.0959422257791207,-0.05704724514658129,0.1118180372872974,0.12552952497957434,0.040708303451538086,False,DISABLED,none,MODEL_ORIGIN_FRAME_NOT_ESTABLISHED,nan,nan,nan,nan,nan,nan,nan,nan,nan,nan,nan,nan,nan,NOT_EVALUATED,nan,nan,nan,nan,DISABLED,nan,nan,nan,nan,nan,nan
1791355961.7002614,1791355961.7346985,1791355961.7398722,1791355961.7399056,front_rgbd_red_sphere,True,True,True,,36.9,36.9,1791355961.7346985,1791355961.7303276,1791355961.7002614,1791355961.7002614,1791355961.7002614,0.0,1791355960.69842,1791355961.7082605,1791355961.6799068,1791355961.7082605,1791355961.683907,1791355961.7122684,1791355960.6945446,1791355961.7082605,1791355960.69842,1791355961.7122684,1791355924.8002613,GAZEBO_CLOCK_SYSTEM_INTERPOLATION,MAPPED_EXACT,0,36.9,1791355961.7002614,0.0028209686279296875,0.0,RGB,0.0,0,1,0,UNCALIBRATED,PREPARATION,FAR,STRAIGHT,1.0,40,1.0,22.579914093017578,0.4659852087497711,nan,nan,False,0.0,0.0,0.0,0.0,0,0,0,0,0,0.0,0.0,0.0,0.0,0.0,0.0,0.0,0.0,0.0,0.0,0.0,0.0,0.0,0.0,20.172429301297747,-0.012318314413976239,10.145219921875734,0.0,0.0,0.0,0.0,0.0,0.0,0.0,0.0,0.0,0.0,0.0,False,DISABLED,0,nan,nan,nan,nan,nan,nan,nan,nan,nan,nan,nan,nan,nan,nan,nan,nan,nan,nan,nan,nan,nan,nan,nan,nan,nan,nan,nan,nan,nan,nan,nan,nan,nan,nan,38.405808321959825,9.269210523979817,-0.02272559928206025,0.09351311763699609,0.09351311763699609,0.09351311763699609,38.343166864786596,9.371170358813313,0.03416221436623056,0.06264145717322833,-0.10195983483349558,-0.05688781364829081,0.11966519993740493,0.13249899402539536,0.03443717956542969,False,DISABLED,none,MODEL_ORIGIN_FRAME_NOT_ESTABLISHED,nan,nan,nan,nan,nan,nan,nan,nan,nan,nan,nan,nan,nan,NOT_EVALUATED,nan,nan,nan,nan,DISABLED,nan,nan,nan,nan,nan,nan
1791355961.7522519,1791355961.792902,1791355961.7992032,1791355961.7992418,front_rgbd_red_sphere,True,True,True,,36.952,36.952,1791355961.792902,1791355961.7803698,1791355961.7522519,1791355961.7522519,1791355961.7522519,0.0,1791355960.7722757,1791355961.7723694,1791355961.7439978,1791355961.7723694,1791355961.7439978,1791355961.7723694,1791355960.7722757,1791355961.7723694,1791355960.7722757,1791355961.7723694,1791355924.800252,GAZEBO_CLOCK_SYSTEM_INTERPOLATION,MAPPED_EXACT,0,36.952,1791355961.7522519,0.0012161731719970703,0.0,RGB,0.0,0,1,0,UNCALIBRATED,PREPARATION,FAR,STRAIGHT,1.0,40,1.0,22.366260528564453,0.46757131814956665,nan,nan,False,0.0,0.0,0.0,0.0,0,0,0,0,0,0.0,0.0,0.0,0.0,0.0,0.0,0.0,0.0,0.0,0.0,0.0,0.0,0.0,0.0,19.965591478664848,-0.06053972796881091,10.080731129629616,0.0,0.0,0.0,0.0,0.0,0.0,0.0,0.0,0.0,0.0,0.0,False,DISABLED,0,nan,nan,nan,nan,nan,nan,nan,nan,nan,nan,nan,nan,nan,nan,nan,nan,nan,nan,nan,nan,nan,nan,nan,nan,nan,nan,nan,nan,nan,nan,nan,nan,nan,nan,38.55167257873323,9.132923008687024,-0.033284653712171985,0.0922109830389914,0.0922109830389914,0.0922109830389914,38.49638772859684,9.231457357748866,0.022170822501777196,0.05528485013639539,-0.09853434906184155,-0.05545547621394918,0.11298421394002144,0.1258600112893703,0.040650129318237305,False,DISABLED,none,MODEL_ORIGIN_FRAME_NOT_ESTABLISHED,nan,nan,nan,nan,nan,nan,nan,nan,nan,nan,nan,nan,nan,NOT_EVALUATED,nan,nan,nan,nan,DISABLED,nan,nan,nan,nan,nan,nan
1791355961.8002515,1791355961.827862,1791355961.8327165,1791355961.8327472,front_rgbd_red_sphere,True,True,True,,37.0,37.0,1791355961.827862,1791355961.824542,1791355961.8002515,1791355961.8002515,1791355961.8002515,0.0,1791355960.792265,1791355961.8122675,1791355961.783998,1791355961.8122675,1791355961.783998,1791355961.8122675,1791355960.7882614,1791355961.8122675,1791355960.792265,1791355961.8122675,1791355924.8002515,GAZEBO_CLOCK_SYSTEM_INTERPOLATION,MAPPED_EXACT,0,37.0,1791355961.8002515,0.00379180908203125,0.0,RGB,0.0,0,1,0,UNCALIBRATED,PREPARATION,FAR,STRAIGHT,1.0,41,1.0,22.17974853515625,0.468743234872818,nan,nan,False,0.0,0.0,0.0,0.0,0,0,0,0,0,0.0,0.0,0.0,0.0,0.0,0.0,0.0,0.0,0.0,0.0,0.0,0.0,0.0,0.0,19.78736900136851,-0.08417765712989933,10.019689880488754,0.0,0.0,0.0,0.0,0.0,0.0,0.0,0.0,0.0,0.0,0.0,False,DISABLED,0,nan,nan,nan,nan,nan,nan,nan,nan,nan,nan,nan,nan,nan,nan,nan,nan,nan,nan,nan,nan,nan,nan,nan,nan,nan,nan,nan,nan,nan,nan,nan,nan,nan,nan,38.69685234454469,8.998290080404438,-0.04403890791665205,0.09108172190499987,0.09108172190499987,0.09108172190499987,38.63853679438733,9.10145675056368,0.01090061423330562,0.05831555015736001,-0.10316667015924175,-0.05493952214995767,0.11850765891663438,0.13062318445041463,0.02761054039001465,False,DISABLED,none,MODEL_ORIGIN_FRAME_NOT_ESTABLISHED,nan,nan,nan,nan,nan,nan,nan,nan,nan,nan,nan,nan,nan,NOT_EVALUATED,nan,nan,nan,nan,DISABLED,nan,nan,nan,nan,nan,nan
1791355961.852269,1791355961.8766837,1791355961.8815722,1791355961.8816123,front_rgbd_red_sphere,True,True,True,,37.052,37.052,1791355961.8766837,1791355961.8745162,1791355961.852269,1791355961.852269,1791355961.852269,0.0,1791355960.8522458,1791355961.852269,1791355961.823998,1791355961.852269,1791355961.823998,1791355961.852269,1791355960.8522458,1791355961.852269,1791355960.8522458,1791355961.852269,1791355924.800269,GAZEBO_CLOCK_SYSTEM_INTERPOLATION,MAPPED_EXACT,0,37.052,1791355961.852269,0.004676103591918945,0.0,RGB,0.0,0,1,0,UNCALIBRATED,PREPARATION,FAR,STRAIGHT,1.0,38,1.0,21.96866798400879,0.4695751965045929,nan,nan,False,0.0,0.0,0.0,0.0,0,0,0,0,0,0.0,0.0,0.0,0.0,0.0,0.0,0.0,0.0,0.0,0.0,0.0,0.0,0.0,0.0,19.590792141645377,-0.11150226717737688,9.94036172895276,0.0,0.0,0.0,0.0,0.0,0.0,0.0,0.0,0.0,0.0,0.0,False,DISABLED,0,nan,nan,nan,nan,nan,nan,nan,nan,nan,nan,nan,nan,nan,nan,nan,nan,nan,nan,nan,nan,nan,nan,nan,nan,nan,nan,nan,nan,nan,nan,nan,nan,nan,nan,38.84228465368891,8.862922424862834,-0.05532207548872864,0.08981210440979132,0.08981210440979132,0.08981210440979132,38.791615805788624,8.961033774880153,-0.0013223832382339858,0.050668847900283254,-0.09811135001731941,-0.053999692250494655,0.11042268403622056,0.12291922515583611,0.024414777755737305,False,DISABLED,none,MODEL_ORIGIN_FRAME_NOT_ESTABLISHED,nan,nan,nan,nan,nan,nan,nan,nan,nan,nan,nan,nan,nan,NOT_EVALUATED,nan,nan,nan,nan,DISABLED,nan,nan,nan,nan,nan,nan
1791355961.9002519,1791355961.9332933,1791355961.9399035,1791355961.9399526,front_rgbd_red_sphere,True,True,True,,37.1,37.1,1791355961.9332933,1791355961.928089,1791355961.9002519,1791355961.9002519,1791355961.9002519,0.0,1791355960.9122634,1791355961.9082713,1791355961.879998,1791355961.9082713,1791355961.883998,1791355961.9122674,1791355960.9082642,1791355961.9082713,1791355960.9122634,1791355961.9122674,1791355924.800252,GAZEBO_CLOCK_SYSTEM_INTERPOLATION,MAPPED_EXACT,0,37.1,1791355961.9002519,0.001943826675415039,0.0,RGB,0.0,0,1,0,UNCALIBRATED,PREPARATION,FAR,STRAIGHT,1.0,43,1.0,21.78550148010254,0.4703795611858368,nan,nan,False,0.0,0.0,0.0,0.0,0,0,0,0,0,0.0,0.0,0.0,0.0,0.0,0.0,0.0,0.0,0.0,0.0,0.0,0.0,0.0,0.0,19.419516376558608,-0.11872930592853947,9.873012705523657,0.0,0.0,0.0,0.0,0.0,0.0,0.0,0.0,0.0,0.0,0.0,False,DISABLED,0,nan,nan,nan,nan,nan,nan,nan,nan,nan,nan,nan,nan,nan,nan,nan,nan,nan,nan,nan,nan,nan,nan,nan,nan,nan,nan,nan,nan,nan,nan,nan,nan,nan,nan,38.98738095197308,8.72805831055686,-0.06759973084511856,0.0887176123156049,0.0887176123156049,0.0887176123156049,38.93316155343944,8.830824046342748,-0.01263355041682509,0.05421939853363966,-0.10276573578588888,-0.05496618042829347,0.1161918225563433,0.1285372343713699,0.03304147720336914,False,DISABLED,none,MODEL_ORIGIN_FRAME_NOT_ESTABLISHED,nan,nan,nan,nan,nan,nan,nan,nan,nan,nan,nan,nan,nan,NOT_EVALUATED,nan,nan,nan,nan,DISABLED,nan,nan,nan,nan,nan,nan
1791355961.9522529,1791355961.9799669,1791355961.9878008,1791355961.9878285,front_rgbd_red_sphere,True,True,True,,37.152,37.152,1791355961.9799669,1791355961.9782536,1791355961.9522529,1791355961.9522529,1791355961.9522529,0.0,1791355960.9522507,1791355961.9722655,1791355961.9439979,1791355961.9722655,1791355961.9439979,1791355961.9722655,1791355960.948263,1791355961.9722655,1791355960.9522507,1791355961.9722655,1791355924.800253,GAZEBO_CLOCK_SYSTEM_INTERPOLATION,MAPPED_EXACT,0,37.152,1791355961.9522529,0.003072023391723633,0.0,RGB,0.0,0,1,0,UNCALIBRATED,PREPARATION,FAR,STRAIGHT,1.0,44,1.0,21.57720375061035,0.47094815969467163,nan,nan,False,0.0,0.0,0.0,0.0,0,0,0,0,0,0.0,0.0,0.0,0.0,0.0,0.0,0.0,0.0,0.0,0.0,0.0,0.0,0.0,0.0,19.22827645647026,-0.13289348254628663,9.789353578473078,0.0,0.0,0.0,0.0,0.0,0.0,0.0,0.0,0.0,0.0,0.0,False,DISABLED,0,nan,nan,nan,nan,nan,nan,nan,nan,nan,nan,nan,nan,nan,nan,nan,nan,nan,nan,nan,nan,nan,nan,nan,nan,nan,nan,nan,nan,nan,nan,nan,nan,nan,nan,39.13334605132704,8.592169713386784,-0.0793213403026733,0.08748109788993921,0.08748109788993921,0.08748109788993921,39.086048767535765,8.689769702073102,-0.0247815541627839,0.047297283791273514,-0.09759998868631747,-0.05453978613988939,0.10845640066681894,0.12139760754556259,0.027714014053344727,False,DISABLED,none,MODEL_ORIGIN_FRAME_NOT_ESTABLISHED,nan,nan,nan,nan,nan,nan,nan,nan,nan,nan,nan,nan,nan,NOT_EVALUATED,nan,nan,nan,nan,DISABLED,nan,nan,nan,nan,nan,nan
1791355962.000267,1791355962.0353053,1791355962.0411882,1791355962.0412471,front_rgbd_red_sphere,True,True,True,,37.2,37.2,1791355962.0353053,1791355962.0295165,1791355962.000267,1791355962.000267,1791355962.000267,0.0,1791355961.0122569,1791355962.012263,1791355961.9839978,1791355962.012263,1791355961.9839978,1791355962.012263,1791355961.0122569,1791355962.012263,1791355961.0122569,1791355962.012263,1791355924.800267,GAZEBO_CLOCK_SYSTEM_INTERPOLATION,MAPPED_EXACT,0,37.2,1791355962.000267,0.003464937210083008,0.0,RGB,0.0,0,1,0,UNCALIBRATED,PREPARATION,FAR,STRAIGHT,1.0,45,1.0,21.396310806274414,0.47158873081207275,nan,nan,False,0.0,0.0,0.0,0.0,0,0,0,0,0,0.0,0.0,0.0,0.0,0.0,0.0,0.0,0.0,0.0,0.0,0.0,0.0,0.0,0.0,19.060853055503983,-0.1314832109034736,9.719500957674578,0.0,0.0,0.0,0.0,0.0,0.0,0.0,0.0,0.0,0.0,0.0,False,DISABLED,0,nan,nan,nan,nan,nan,nan,nan,nan,nan,nan,nan,nan,nan,nan,nan,nan,nan,nan,nan,nan,nan,nan,nan,nan,nan,nan,nan,nan,nan,nan,nan,nan,nan,nan,39.27876018863235,8.456537189495561,-0.09135887557956329,0.08641430749858442,0.08641430749858442,0.08641430749858442,39.227009983526536,8.559367904351541,-0.03585576657081123,0.05175020510581163,-0.10283071485597972,-0.05550310900875206,0.11511837232295018,0.12779997948326438,0.03503823280334473,False,DISABLED,none,MODEL_ORIGIN_FRAME_NOT_ESTABLISHED,nan,nan,nan,nan,nan,nan,nan,nan,nan,nan,nan,nan,nan,NOT_EVALUATED,nan,nan,nan,nan,DISABLED,nan,nan,nan,nan,nan,nan
1791355962.0522501,1791355962.087295,1791355962.0918608,1791355962.0918958,front_rgbd_red_sphere,True,True,True,,37.252,37.252,1791355962.080081,1791355962.087295,1791355962.0522501,1791355962.0522501,1791355962.0522501,0.0,1791355961.072275,1791355962.0682688,1791355962.0399978,1791355962.0682688,1791355962.043998,1791355962.072296,1791355961.0682673,1791355962.0682688,1791355961.072275,1791355962.072296,1791355924.80025,GAZEBO_CLOCK_SYSTEM_INTERPOLATION,MAPPED_EXACT,0,37.252,1791355962.0522501,0.003309965133666992,0.0,RGB,0.0,0,1,0,UNCALIBRATED,PREPARATION,FAR,STRAIGHT,1.0,46,1.0,21.190837860107422,0.4721953570842743,nan,nan,False,0.0,0.0,0.0,0.0,0,0,0,0,0,0.0,0.0,0.0,0.0,0.0,0.0,0.0,0.0,0.0,0.0,0.0,0.0,0.0,0.0,18.871965156132273,-0.13932654730091798,9.637487263556546,0.0,0.0,0.0,0.0,0.0,0.0,0.0,0.0,0.0,0.0,0.0,False,DISABLED,0,nan,nan,nan,nan,nan,nan,nan,nan,nan,nan,nan,nan,nan,nan,nan,nan,nan,nan,nan,nan,nan,nan,nan,nan,nan,nan,nan,nan,nan,nan,nan,nan,nan,nan,39.42427048703395,8.320570338894388,-0.10377661667111177,0.08521050594454825,0.08521050594454825,0.08521050594454825,39.379326356002984,8.418067394319735,-0.04759890772167186,0.044944131030966616,-0.0974970554253467,-0.05617770894943991,0.107357583480357,0.12116759349574376,0.03504490852355957,False,DISABLED,none,MODEL_ORIGIN_FRAME_NOT_ESTABLISHED,nan,nan,nan,nan,nan,nan,nan,nan,nan,nan,nan,nan,nan,NOT_EVALUATED,nan,nan,nan,nan,DISABLED,nan,nan,nan,nan,nan,nan
1791355962.1002576,1791355962.131984,1791355962.136127,1791355962.1361547,front_rgbd_red_sphere,True,True,True,,37.3,37.3,1791355962.123831,1791355962.131984,1791355962.1002576,1791355962.1002576,1791355962.1002576,0.0,1791355961.1122577,1791355962.108278,1791355962.079998,1791355962.108278,1791355962.083998,1791355962.112267,1791355961.1082618,1791355962.108278,1791355961.1122577,1791355962.112267,1791355924.8002577,GAZEBO_CLOCK_SYSTEM_INTERPOLATION,MAPPED_EXACT,0,37.3,1791355962.1002576,0.0040111541748046875,0.0,RGB,0.0,0,1,0,UNCALIBRATED,PREPARATION,FAR,STRAIGHT,1.0,47,1.0,21.012624740600586,0.4729926288127899,nan,nan,False,0.0,0.0,0.0,0.0,0,0,0,0,0,0.0,0.0,0.0,0.0,0.0,0.0,0.0,0.0,0.0,0.0,0.0,0.0,0.0,0.0,18.705626638554467,-0.13456059043194912,9.571405372576328,0.0,0.0,0.0,0.0,0.0,0.0,0.0,0.0,0.0,0.0,0.0,False,DISABLED,0,nan,nan,nan,nan,nan,nan,nan,nan,nan,nan,nan,nan,nan,nan,nan,nan,nan,nan,nan,nan,nan,nan,nan,nan,nan,nan,nan,nan,nan,nan,nan,nan,nan,nan,39.56961365226509,8.184445137303921,-0.11603692250130421,0.08417323623204544,0.08417323623204544,0.08417323623204544,39.519701738056966,8.28750906780337,-0.05816417044012018,0.04991191420812413,-0.10306393049944873,-0.05787275206118403,0.11451363652384088,0.12830677449398228,0.03172636032104492,False,DISABLED,none,MODEL_ORIGIN_FRAME_NOT_ESTABLISHED,nan,nan,nan,nan,nan,nan,nan,nan,nan,nan,nan,nan,nan,NOT_EVALUATED,nan,nan,nan,nan,DISABLED,nan,nan,nan,nan,nan,nan
1791355962.152261,1791355962.1874468,1791355962.192265,1791355962.1922956,front_rgbd_red_sphere,True,True,True,,37.352,37.352,1791355962.1874468,1791355962.182199,1791355962.152261,1791355962.152261,1791355962.152261,0.0,1791355961.1722791,1791355962.1722875,1791355962.143998,1791355962.1722875,1791355962.143998,1791355962.1722875,1791355961.1722791,1791355962.1722875,1791355961.1722791,1791355962.1722875,1791355924.800261,GAZEBO_CLOCK_SYSTEM_INTERPOLATION,MAPPED_EXACT,0,37.352,1791355962.152261,0.003434896469116211,0.0,RGB,0.0,0,1,0,UNCALIBRATED,PREPARATION,FAR,STRAIGHT,1.0,44,1.0,20.809364318847656,0.47377288341522217,nan,nan,False,0.0,0.0,0.0,0.0,0,0,0,0,0,0.0,0.0,0.0,0.0,0.0,0.0,0.0,0.0,0.0,0.0,0.0,0.0,0.0,0.0,18.51728055924824,-0.14048183391451197,9.493167139653048,0.0,0.0,0.0,0.0,0.0,0.0,0.0,0.0,0.0,0.0,0.0,False,DISABLED,0,nan,nan,nan,nan,nan,nan,nan,nan,nan,nan,nan,nan,nan,nan,nan,nan,nan,nan,nan,nan,nan,nan,nan,nan,nan,nan,nan,nan,nan,nan,nan,nan,nan,nan,39.714606232108466,8.048175901713423,-0.127296040938853,0.08299794633775169,0.08299794633775169,0.08299794633775169,39.67205842177425,8.145427392557151,-0.06925784856200459,0.042547810334212954,-0.0972514908437283,-0.0580381923768484,0.10615163039522252,0.12098181850979094,0.035185813903808594,False,DISABLED,none,MODEL_ORIGIN_FRAME_NOT_ESTABLISHED,nan,nan,nan,nan,nan,nan,nan,nan,nan,nan,nan,nan,nan,NOT_EVALUATED,nan,nan,nan,nan,DISABLED,nan,nan,nan,nan,nan,nan
1791355962.200268,1791355962.2219067,1791355962.2286913,1791355962.2287257,front_rgbd_red_sphere,True,True,True,,37.4,37.4,1791355962.2219067,1791355962.2202003,1791355962.200268,1791355962.200268,1791355962.200268,0.0,1791355961.2122538,1791355962.212269,1791355962.1839979,1791355962.212269,1791355962.1839979,1791355962.212269,1791355961.2122538,1791355962.212269,1791355961.2122538,1791355962.212269,1791355924.800268,GAZEBO_CLOCK_SYSTEM_INTERPOLATION,MAPPED_EXACT,0,37.4,1791355962.200268,0.0029938220977783203,0.0,RGB,0.0,0,1,0,UNCALIBRATED,PREPARATION,FAR,STRAIGHT,1.0,48,1.0,20.633413314819336,0.4747074246406555,nan,nan,False,0.0,0.0,0.0,0.0,0,0,0,0,0,0.0,0.0,0.0,0.0,0.0,0.0,0.0,0.0,0.0,0.0,0.0,0.0,0.0,0.0,18.351904670607112,-0.13502214711282434,9.430118165091145,0.0,0.0,0.0,0.0,0.0,0.0,0.0,0.0,0.0,0.0,0.0,False,DISABLED,0,nan,nan,nan,nan,nan,nan,nan,nan,nan,nan,nan,nan,nan,nan,nan,nan,nan,nan,nan,nan,nan,nan,nan,nan,nan,nan,nan,nan,nan,nan,nan,nan,nan,nan,39.85958002088559,7.912028662021601,-0.13843870775671324,0.08198723852658679,0.08198723852658679,0.08198723852658679,39.81247466060611,8.0141575822811,-0.07909709883882646,0.04710536027948109,-0.10212892025949927,-0.059341608917886784,0.11246880154260948,0.12716390159708962,0.02163863182067871,False,DISABLED,none,MODEL_ORIGIN_FRAME_NOT_ESTABLISHED,nan,nan,nan,nan,nan,nan,nan,nan,nan,nan,nan,nan,nan,NOT_EVALUATED,nan,nan,nan,nan,DISABLED,nan,nan,nan,nan,nan,nan
1791355962.2522469,1791355962.2821646,1791355962.290459,1791355962.290555,front_rgbd_red_sphere,True,True,True,,37.452,37.452,1791355962.2821646,1791355962.2791083,1791355962.2522469,1791355962.2522469,1791355962.2522469,0.0,1791355961.2722795,1791355962.2682712,1791355962.2399979,1791355962.2682712,1791355962.2439978,1791355962.273226,1791355961.2682676,1791355962.2682712,1791355961.2722795,1791355962.273226,1791355924.800247,GAZEBO_CLOCK_SYSTEM_INTERPOLATION,MAPPED_EXACT,0,37.452,1791355962.2522469,0.003976106643676758,0.0,RGB,0.0,0,1,0,UNCALIBRATED,PREPARATION,FAR,STRAIGHT,1.0,49,1.0,20.433019638061523,0.47564685344696045,nan,nan,False,0.0,0.0,0.0,0.0,0,0,0,0,0,0.0,0.0,0.0,0.0,0.0,0.0,0.0,0.0,0.0,0.0,0.0,0.0,0.0,0.0,18.164886885606535,-0.14073805065491207,9.355498736901268,0.0,0.0,0.0,0.0,0.0,0.0,0.0,0.0,0.0,0.0,0.0,False,DISABLED,0,nan,nan,nan,nan,nan,nan,nan,nan,nan,nan,nan,nan,nan,nan,nan,nan,nan,nan,nan,nan,nan,nan,nan,nan,nan,nan,nan,nan,nan,nan,nan,nan,nan,nan,40.004783397640594,7.775183107598527,-0.14864253016090795,0.08084365888349147,0.08084365888349147,0.08084365888349147,39.964183858852394,7.871967547945063,-0.08921611649959868,0.04059953878820011,-0.09678444034653655,-0.05942641366130927,0.10495499246346911,0.12061114825608743,0.02991771697998047,False,DISABLED,none,MODEL_ORIGIN_FRAME_NOT_ESTABLISHED,nan,nan,nan,nan,nan,nan,nan,nan,nan,nan,nan,nan,nan,NOT_EVALUATED,nan,nan,nan,nan,DISABLED,nan,nan,nan,nan,nan,nan
1791355962.3002555,1791355962.336457,1791355962.3427522,1791355962.342837,front_rgbd_red_sphere,True,True,True,,37.5,37.5,1791355962.3305993,1791355962.336457,1791355962.3002555,1791355962.3002555,1791355962.3002555,0.0,1791355961.3122563,1791355962.3082633,1791355962.2799978,1791355962.3082633,1791355962.283998,1791355962.3122683,1791355961.2922618,1791355962.3082633,1791355961.3122563,1791355962.3122683,1791355924.8002555,GAZEBO_CLOCK_SYSTEM_INTERPOLATION,MAPPED_EXACT,0,37.5,1791355962.3002555,0.0006432533264160156,0.0,RGB,0.0,0,1,0,UNCALIBRATED,PREPARATION,FAR,STRAIGHT,1.0,50,1.0,20.25981903076172,0.47671669721603394,nan,nan,False,0.0,0.0,0.0,0.0,0,0,0,0,0,0.0,0.0,0.0,0.0,0.0,0.0,0.0,0.0,0.0,0.0,0.0,0.0,0.0,0.0,18.00097648813142,-0.13576805005690318,9.295518721174657,0.0,0.0,0.0,0.0,0.0,0.0,0.0,0.0,0.0,0.0,0.0,False,DISABLED,0,nan,nan,nan,nan,nan,nan,nan,nan,nan,nan,nan,nan,nan,nan,nan,nan,nan,nan,nan,nan,nan,nan,nan,nan,nan,nan,nan,nan,nan,nan,nan,nan,nan,nan,40.14971885617105,7.638064207009715,-0.15888808910869762,0.07986173557863856,0.07986173557863856,0.07986173557863856,40.10411380919246,7.740508960706233,-0.09804969679824502,0.04560504697858647,-0.10244475369651784,-0.0608383923104526,0.11213718326166074,0.12757765419061373,0.03620147705078125,False,DISABLED,none,MODEL_ORIGIN_FRAME_NOT_ESTABLISHED,nan,nan,nan,nan,nan,nan,nan,nan,nan,nan,nan,nan,nan,NOT_EVALUATED,nan,nan,nan,nan,DISABLED,nan,nan,nan,nan,nan,nan
1791355962.3522556,1791355962.38317,1791355962.3885567,1791355962.3886228,front_rgbd_red_sphere,True,True,True,,37.552,37.552,1791355962.38317,1791355962.3819225,1791355962.3522556,1791355962.3522556,1791355962.3522556,0.0,1791355961.352253,1791355962.372304,1791355962.343998,1791355962.372304,1791355962.343998,1791355962.372304,1791355961.3482766,1791355962.372304,1791355961.352253,1791355962.372304,1791355924.8002555,GAZEBO_CLOCK_SYSTEM_INTERPOLATION,MAPPED_EXACT,0,37.552,1791355962.3522556,0.0041387081146240234,0.0,RGB,0.0,0,1,0,UNCALIBRATED,PREPARATION,FAR,STRAIGHT,1.0,49,1.0,20.06212615966797,0.47773000597953796,nan,nan,False,0.0,0.0,0.0,0.0,0,0,0,0,0,0.0,0.0,0.0,0.0,0.0,0.0,0.0,0.0,0.0,0.0,0.0,0.0,0.0,0.0,17.8159874940499,-0.1420314649223453,9.222759601202798,0.0,0.0,0.0,0.0,0.0,0.0,0.0,0.0,0.0,0.0,0.0,False,DISABLED,0,nan,nan,nan,nan,nan,nan,nan,nan,nan,nan,nan,nan,nan,nan,nan,nan,nan,nan,nan,nan,nan,nan,nan,nan,nan,nan,nan,nan,nan,nan,nan,nan,nan,nan,40.29473375907069,7.501026805060241,-0.1673164133962068,0.07874828853523191,0.07874828853523191,0.07874828853523191,40.2552777578381,7.59815020487684,-0.10695665760957895,0.03945600123258686,-0.09712339981659923,-0.06035975578662783,0.10483191701576808,0.12096706553364944,0.030914306640625,False,DISABLED,none,MODEL_ORIGIN_FRAME_NOT_ESTABLISHED,nan,nan,nan,nan,nan,nan,nan,nan,nan,nan,nan,nan,nan,NOT_EVALUATED,nan,nan,nan,nan,DISABLED,nan,nan,nan,nan,nan,nan
1791355962.4002643,1791355962.4246948,1791355962.43201,1791355962.4320548,front_rgbd_red_sphere,True,True,True,,37.6,37.6,1791355962.4246948,1791355962.4209816,1791355962.4002643,1791355962.4002643,1791355962.4002643,0.0,1791355961.392261,1791355962.4122596,1791355962.383998,1791355962.4122596,1791355962.383998,1791355962.4122596,1791355961.3882928,1791355962.4122596,1791355961.392261,1791355962.4122596,1791355924.8002644,GAZEBO_CLOCK_SYSTEM_INTERPOLATION,MAPPED_EXACT,0,37.6,1791355962.4002643,0.0015447139739990234,0.0,RGB,0.0,0,1,0,UNCALIBRATED,PREPARATION,FAR,STRAIGHT,1.0,50,1.0,19.89124298095703,0.4787862002849579,nan,nan,False,0.0,0.0,0.0,0.0,0,0,0,0,0,0.0,0.0,0.0,0.0,0.0,0.0,0.0,0.0,0.0,0.0,0.0,0.0,0.0,0.0,17.65456841503486,-0.13786553940803792,9.162902626946433,0.0,0.0,0.0,0.0,0.0,0.0,0.0,0.0,0.0,0.0,0.0,False,DISABLED,0,nan,nan,nan,nan,nan,nan,nan,nan,nan,nan,nan,nan,nan,nan,nan,nan,nan,nan,nan,nan,nan,nan,nan,nan,nan,nan,nan,nan,nan,nan,nan,nan,nan,nan,40.4394359309036,7.364138030611673,-0.1750938711336602,0.07779214771606535,0.07779214771606535,0.07779214771606535,40.395132497436876,7.4661449200797785,-0.11459073463863367,0.04430343346672316,-0.10200688946810565,-0.06050313649502653,0.11121240810223781,0.1266050127034254,0.024430513381958008,False,DISABLED,none,MODEL_ORIGIN_FRAME_NOT_ESTABLISHED,nan,nan,nan,nan,nan,nan,nan,nan,nan,nan,nan,nan,nan,NOT_EVALUATED,nan,nan,nan,nan,DISABLED,nan,nan,nan,nan,nan,nan
1791355962.4522526,1791355962.478412,1791355962.4870172,1791355962.4870577,front_rgbd_red_sphere,True,True,True,,37.652,37.652,1791355962.478412,1791355962.4752562,1791355962.4522526,1791355962.4522526,1791355962.4522526,0.0,1791355961.432286,1791355962.4522526,1791355962.4239979,1791355962.4522526,1791355962.4239979,1791355962.4522526,1791355961.428258,1791355962.4522526,1791355961.432286,1791355962.4522526,1791355924.8002527,GAZEBO_CLOCK_SYSTEM_INTERPOLATION,MAPPED_EXACT,0,37.652,1791355962.4522526,0.0026450157165527344,0.0,RGB,0.0,0,1,0,UNCALIBRATED,PREPARATION,FAR,STRAIGHT,1.0,51,1.0,19.696239471435547,0.47980278730392456,nan,nan,False,0.0,0.0,0.0,0.0,0,0,0,0,0,0.0,0.0,0.0,0.0,0.0,0.0,0.0,0.0,0.0,0.0,0.0,0.0,0.0,0.0,17.47225777235636,-0.14522039209475324,9.09070752012059,0.0,0.0,0.0,0.0,0.0,0.0,0.0,0.0,0.0,0.0,0.0,False,DISABLED,0,nan,nan,nan,nan,nan,nan,nan,nan,nan,nan,nan,nan,nan,nan,nan,nan,nan,nan,nan,nan,nan,nan,nan,nan,nan,nan,nan,nan,nan,nan,nan,nan,nan,nan,40.584356318243806,7.227770603801548,-0.1817791400715833,0.07670816731620014,0.07670816731620014,0.07670816731620014,40.546189191150475,7.323234158383478,-0.12208756328328778,0.03816712709333103,-0.09546355458193023,-0.05969157678829552,0.10281060180728277,0.11888273290704852,0.026159286499023438,False,DISABLED,none,MODEL_ORIGIN_FRAME_NOT_ESTABLISHED,nan,nan,nan,nan,nan,nan,nan,nan,nan,nan,nan,nan,nan,NOT_EVALUATED,nan,nan,nan,nan,DISABLED,nan,nan,nan,nan,nan,nan
1791355962.500261,1791355962.5341794,1791355962.5378733,1791355962.5379078,front_rgbd_red_sphere,True,True,True,,37.7,37.7,1791355962.5341794,1791355962.5219316,1791355962.500261,1791355962.500261,1791355962.500261,0.0,1791355961.5122645,1791355962.508267,1791355962.4799979,1791355962.508267,1791355962.4839978,1791355962.5122688,1791355961.492269,1791355962.508267,1791355961.5122645,1791355962.5122688,1791355924.800261,GAZEBO_CLOCK_SYSTEM_INTERPOLATION,MAPPED_EXACT,0,37.7,1791355962.500261,0.0022263526916503906,0.0,RGB,0.0,0,1,0,UNCALIBRATED,PREPARATION,FAR,STRAIGHT,1.0,55,1.0,19.52787971496582,0.4808107912540436,nan,nan,False,0.0,0.0,0.0,0.0,0,0,0,0,0,0.0,0.0,0.0,0.0,0.0,0.0,0.0,0.0,0.0,0.0,0.0,0.0,0.0,0.0,17.313812284163017,-0.14137926931825895,9.030502121569707,0.0,0.0,0.0,0.0,0.0,0.0,0.0,0.0,0.0,0.0,0.0,False,DISABLED,0,nan,nan,nan,nan,nan,nan,nan,nan,nan,nan,nan,nan,nan,nan,nan,nan,nan,nan,nan,nan,nan,nan,nan,nan,nan,nan,nan,nan,nan,nan,nan,nan,nan,nan,40.72849434509638,7.090798268062301,-0.18791027823331813,0.07577841141162045,0.07577841141162045,0.07577841141162045,40.68560894500881,7.191049761851404,-0.12831336067851512,0.04288540008757025,-0.10025149378910303,-0.05959691755480301,0.10903907349027472,0.12426307629240281,0.03391838073730469,False,DISABLED,none,MODEL_ORIGIN_FRAME_NOT_ESTABLISHED,nan,nan,nan,nan,nan,nan,nan,nan,nan,nan,nan,nan,nan,NOT_EVALUATED,nan,nan,nan,nan,DISABLED,nan,nan,nan,nan,nan,nan
1791355962.5522623,1791355962.5832157,1791355962.5871246,1791355962.5871491,front_rgbd_red_sphere,True,True,True,,37.752,37.752,1791355962.5763352,1791355962.5832157,1791355962.5522623,1791355962.5522623,1791355962.5522623,0.0,1791355961.5722675,1791355962.5722687,1791355962.543998,1791355962.5722687,1791355962.543998,1791355962.5722687,1791355961.5722675,1791355962.5722687,1791355961.5722675,1791355962.5722687,1791355924.8002622,GAZEBO_CLOCK_SYSTEM_INTERPOLATION,MAPPED_EXACT,0,37.752,1791355962.5522623,0.0031921863555908203,0.0,RGB,0.0,0,1,0,UNCALIBRATED,PREPARATION,FAR,STRAIGHT,1.0,57,1.0,19.33555030822754,0.48176029324531555,nan,nan,False,0.0,0.0,0.0,0.0,0,0,0,0,0,0.0,0.0,0.0,0.0,0.0,0.0,0.0,0.0,0.0,0.0,0.0,0.0,0.0,0.0,17.134791811176306,-0.14792511236920447,8.957709529910641,0.0,0.0,0.0,0.0,0.0,0.0,0.0,0.0,0.0,0.0,0.0,False,DISABLED,0,nan,nan,nan,nan,nan,nan,nan,nan,nan,nan,nan,nan,nan,nan,nan,nan,nan,nan,nan,nan,nan,nan,nan,nan,nan,nan,nan,nan,nan,nan,nan,nan,nan,nan,40.87282270025955,6.952747415037659,-0.1933258543120901,0.07472323481906752,0.07472323481906752,0.07472323481906752,40.83603215980455,7.048116985429987,-0.13419378239539187,0.036790540454994414,-0.09536957039232785,-0.059132071916698226,0.1022198553304971,0.11809106974259032,0.030953407287597656,False,DISABLED,none,MODEL_ORIGIN_FRAME_NOT_ESTABLISHED,nan,nan,nan,nan,nan,nan,nan,nan,nan,nan,nan,nan,nan,NOT_EVALUATED,nan,nan,nan,nan,DISABLED,nan,nan,nan,nan,nan,nan
1791355962.6002538,1791355962.619953,1791355962.6269562,1791355962.6269953,front_rgbd_red_sphere,True,True,True,,37.8,37.8,1791355962.619953,1791355962.619283,1791355962.6002538,1791355962.6002538,1791355962.6002538,0.0,1791355961.6122653,1791355962.6122675,1791355962.583998,1791355962.6122675,1791355962.583998,1791355962.6122675,1791355961.6122653,1791355962.6122675,1791355961.6122653,1791355962.6122675,1791355924.8002539,GAZEBO_CLOCK_SYSTEM_INTERPOLATION,MAPPED_EXACT,0,37.8,1791355962.6002538,0.0015649795532226562,0.0,RGB,0.0,0,1,0,UNCALIBRATED,PREPARATION,FAR,STRAIGHT,1.0,54,1.0,19.1695556640625,0.4826991856098175,nan,nan,False,0.0,0.0,0.0,0.0,0,0,0,0,0,0.0,0.0,0.0,0.0,0.0,0.0,0.0,0.0,0.0,0.0,0.0,0.0,0.0,0.0,16.979342694992603,-0.1448007721048441,8.896785970514559,0.0,0.0,0.0,0.0,0.0,0.0,0.0,0.0,0.0,0.0,0.0,False,DISABLED,0,nan,nan,nan,nan,nan,nan,nan,nan,nan,nan,nan,nan,nan,nan,nan,nan,nan,nan,nan,nan,nan,nan,nan,nan,nan,nan,nan,nan,nan,nan,nan,nan,nan,nan,41.01599295177877,6.815074919719944,-0.1985671055550306,0.07381847292795596,0.07381847292795596,0.07381847292795596,40.975384298128446,6.9154324531673,-0.13887277234109435,0.040608653650323845,-0.10035753344735632,-0.059694333213936246,0.10826216915861793,0.1236289233504266,0.0196990966796875,False,DISABLED,none,MODEL_ORIGIN_FRAME_NOT_ESTABLISHED,nan,nan,nan,nan,nan,nan,nan,nan,nan,nan,nan,nan,nan,NOT_EVALUATED,nan,nan,nan,nan,DISABLED,nan,nan,nan,nan,nan,nan
1791355962.6522477,1791355962.6828911,1791355962.6864934,1791355962.6865141,front_rgbd_red_sphere,True,True,True,,37.852,37.852,1791355962.6828911,1791355962.670722,1791355962.6522477,1791355962.6522477,1791355962.6522477,0.0,1791355961.6722753,1791355962.6682663,1791355962.639998,1791355962.6682663,1791355962.643998,1791355962.6722891,1791355961.6682618,1791355962.6682663,1791355961.6722753,1791355962.6722891,1791355924.8002477,GAZEBO_CLOCK_SYSTEM_INTERPOLATION,MAPPED_EXACT,0,37.852,1791355962.6522477,0.0029036998748779297,0.0,RGB,0.0,0,1,0,UNCALIBRATED,PREPARATION,FAR,STRAIGHT,1.0,57,1.0,18.979339599609375,0.483597993850708,nan,nan,False,0.0,0.0,0.0,0.0,0,0,0,0,0,0.0,0.0,0.0,0.0,0.0,0.0,0.0,0.0,0.0,0.0,0.0,0.0,0.0,0.0,16.80293610767315,-0.15175447893428284,8.823472998872951,0.0,0.0,0.0,0.0,0.0,0.0,0.0,0.0,0.0,0.0,0.0,False,DISABLED,0,nan,nan,nan,nan,nan,nan,nan,nan,nan,nan,nan,nan,nan,nan,nan,nan,nan,nan,nan,nan,nan,nan,nan,nan,nan,nan,nan,nan,nan,nan,nan,nan,nan,nan,41.15933499631463,6.676253217937705,-0.20348672902958437,0.07278848155311626,0.07278848155311626,0.07278848155311626,41.12578022247687,6.771929859368263,-0.14301120522975824,0.03355477383775707,-0.09567664143055765,-0.060475523799826125,0.10139005159646841,0.11805605254114616,0.030643463134765625,False,DISABLED,none,MODEL_ORIGIN_FRAME_NOT_ESTABLISHED,nan,nan,nan,nan,nan,nan,nan,nan,nan,nan,nan,nan,nan,NOT_EVALUATED,nan,nan,nan,nan,DISABLED,nan,nan,nan,nan,nan,nan
1791355962.7002554,1791355962.7299197,1791355962.7339303,1791355962.7339516,front_rgbd_red_sphere,True,True,True,,37.9,37.9,1791355962.7299197,1791355962.7184174,1791355962.7002554,1791355962.7002554,1791355962.7002554,0.0,1791355961.7082605,1791355962.708267,1791355962.679998,1791355962.708267,1791355962.6839979,1791355962.7122557,1791355961.7082605,1791355962.708267,1791355961.6922643,1791355962.7122557,1791355924.8002553,GAZEBO_CLOCK_SYSTEM_INTERPOLATION,MAPPED_EXACT,0,37.9,1791355962.7002554,0.0019512176513671875,0.0,RGB,0.0,0,1,0,UNCALIBRATED,PREPARATION,FAR,STRAIGHT,1.0,59,1.0,18.816181182861328,0.48450711369514465,nan,nan,False,0.0,0.0,0.0,0.0,0,0,0,0,0,0.0,0.0,0.0,0.0,0.0,0.0,0.0,0.0,0.0,0.0,0.0,0.0,0.0,0.0,16.65052622505917,-0.1475112024124563,8.762813772324487,0.0,0.0,0.0,0.0,0.0,0.0,0.0,0.0,0.0,0.0,0.0,False,DISABLED,0,nan,nan,nan,nan,nan,nan,nan,nan,nan,nan,nan,nan,nan,nan,nan,nan,nan,nan,nan,nan,nan,nan,nan,nan,nan,nan,nan,nan,nan,nan,nan,nan,nan,nan,41.301501520673554,6.536516752701187,-0.207516941565917,0.07191075932248377,0.07191075932248377,0.07191075932248377,41.264637568089704,6.639179350756744,-0.14601490356796942,0.036863952583850335,-0.10266259805555666,-0.06150203799794757,0.10908052089910991,0.12522404209065502,0.029664278030395508,False,DISABLED,none,MODEL_ORIGIN_FRAME_NOT_ESTABLISHED,nan,nan,nan,nan,nan,nan,nan,nan,nan,nan,nan,nan,nan,NOT_EVALUATED,nan,nan,nan,nan,DISABLED,nan,nan,nan,nan,nan,nan
1791355962.7522523,1791355962.7781732,1791355962.7890391,1791355962.7890944,front_rgbd_red_sphere,True,True,True,,37.952,37.952,1791355962.7781732,1791355962.7747247,1791355962.7522523,1791355962.7522523,1791355962.7522523,0.0,1791355961.752252,1791355962.772365,1791355962.7440848,1791355962.772365,1791355962.7440848,1791355962.772365,1791355961.7482586,1791355962.772365,1791355961.752252,1791355962.772365,1791355924.8002524,GAZEBO_CLOCK_SYSTEM_INTERPOLATION,MAPPED_EXACT,0,37.952,1791355962.7522523,0.0034322738647460938,0.0,RGB,0.0,0,1,0,UNCALIBRATED,PREPARATION,FAR,STRAIGHT,1.0,58,1.0,18.628713607788086,0.4853343367576599,nan,nan,False,0.0,0.0,0.0,0.0,0,0,0,0,0,0.0,0.0,0.0,0.0,0.0,0.0,0.0,0.0,0.0,0.0,0.0,0.0,0.0,0.0,16.477451621710447,-0.15411668710539317,8.689004632450368,0.0,0.0,0.0,0.0,0.0,0.0,0.0,0.0,0.0,0.0,0.0,False,DISABLED,0,nan,nan,nan,nan,nan,nan,nan,nan,nan,nan,nan,nan,nan,nan,nan,nan,nan,nan,nan,nan,nan,nan,nan,nan,nan,nan,nan,nan,nan,nan,nan,nan,nan,nan,41.444352191901,6.396382441015159,-0.21088775154698242,0.07090883808592854,0.07090883808592854,0.07090883808592854,41.41475895385355,6.495371181743959,-0.14830052734884108,0.029593238047446846,-0.09898874072880037,-0.06258722419814133,0.10331761964547247,0.12079607262669977,0.025920867919921875,False,DISABLED,none,MODEL_ORIGIN_FRAME_NOT_ESTABLISHED,nan,nan,nan,nan,nan,nan,nan,nan,nan,nan,nan,nan,nan,NOT_EVALUATED,nan,nan,nan,nan,DISABLED,nan,nan,nan,nan,nan,nan
1791355962.8002708,1791355962.8360176,1791355962.8400264,1791355962.8400693,front_rgbd_red_sphere,True,True,True,,38.0,38.0,1791355962.8360176,1791355962.8244193,1791355962.8002708,1791355962.8002708,1791355962.8002708,0.0,1791355961.7922654,1791355962.8122675,1791355962.784085,1791355962.8122675,1791355962.784085,1791355962.8122675,1791355961.7882655,1791355962.8122675,1791355961.7922654,1791355962.8122675,1791355924.8002708,GAZEBO_CLOCK_SYSTEM_INTERPOLATION,MAPPED_EXACT,0,38.0,1791355962.8002708,0.004038810729980469,0.0,RGB,0.0,0,1,0,UNCALIBRATED,PREPARATION,FAR,STRAIGHT,1.0,61,1.0,18.468578338623047,0.4862042963504791,nan,nan,False,0.0,0.0,0.0,0.0,0,0,0,0,0,0.0,0.0,0.0,0.0,0.0,0.0,0.0,0.0,0.0,0.0,0.0,0.0,0.0,0.0,16.328306980336784,-0.14938192135402595,8.62858272658739,0.0,0.0,0.0,0.0,0.0,0.0,0.0,0.0,0.0,0.0,0.0,False,DISABLED,0,nan,nan,nan,nan,nan,nan,nan,nan,nan,nan,nan,nan,nan,nan,nan,nan,nan,nan,nan,nan,nan,nan,nan,nan,nan,nan,nan,nan,nan,nan,nan,nan,nan,nan,41.587483750256496,6.2558763960179915,-0.21415242684039754,0.07005856074833773,0.07005856074833773,0.07005856074833773,41.55292838832164,6.362769039318425,-0.14956189334795775,0.03455536193485642,-0.10689264330043358,-0.06459053349243979,0.11233926397392255,0.12958413192609902,0.03574681282043457,False,DISABLED,none,MODEL_ORIGIN_FRAME_NOT_ESTABLISHED,nan,nan,nan,nan,nan,nan,nan,nan,nan,nan,nan,nan,nan,NOT_EVALUATED,nan,nan,nan,nan,DISABLED,nan,nan,nan,nan,nan,nan
1791355962.8522818,1791355962.8798673,1791355962.887425,1791355962.887451,front_rgbd_red_sphere,True,True,True,,38.052,38.052,1791355962.8798673,1791355962.876796,1791355962.8522818,1791355962.8522818,1791355962.8522818,0.0,1791355961.852269,1791355962.8522818,1791355962.824085,1791355962.8522818,1791355962.824085,1791355962.8522818,1791355961.852269,1791355962.8522818,1791355961.852269,1791355962.8522818,1791355924.8002818,GAZEBO_CLOCK_SYSTEM_INTERPOLATION,MAPPED_EXACT,0,38.052,1791355962.8522818,0.0034530162811279297,0.0,RGB,0.0,0,1,0,UNCALIBRATED,PREPARATION,FAR,STRAIGHT,1.0,60,1.0,18.282421112060547,0.4870118498802185,nan,nan,False,0.0,0.0,0.0,0.0,0,0,0,0,0,0.0,0.0,0.0,0.0,0.0,0.0,0.0,0.0,0.0,0.0,0.0,0.0,0.0,0.0,16.156819231901324,-0.15564150744164884,8.554524038115584,0.0,0.0,0.0,0.0,0.0,0.0,0.0,0.0,0.0,0.0,0.0,False,DISABLED,0,nan,nan,nan,nan,nan,nan,nan,nan,nan,nan,nan,nan,nan,nan,nan,nan,nan,nan,nan,nan,nan,nan,nan,nan,nan,nan,nan,nan,nan,nan,nan,nan,nan,nan,41.728386629304865,6.115974767189765,-0.21642363714338658,0.06907656476820731,0.06907656476820731,0.06907656476820731,41.70332884313109,6.218150921436079,-0.14993842108419844,0.0250577861737753,-0.10217615424631443,-0.06648521605918814,0.10520389320028647,0.12445136840924735,0.027585506439208984,False,DISABLED,none,MODEL_ORIGIN_FRAME_NOT_ESTABLISHED,nan,nan,nan,nan,nan,nan,nan,nan,nan,nan,nan,nan,nan,NOT_EVALUATED,nan,nan,nan,nan,DISABLED,nan,nan,nan,nan,nan,nan
1791355962.9002552,1791355962.921545,1791355962.92766,1791355962.927692,front_rgbd_red_sphere,True,True,True,,38.1,38.1,1791355962.921545,1791355962.9200563,1791355962.9002552,1791355962.9002552,1791355962.9002552,0.0,1791355961.8924448,1791355962.908266,1791355962.880085,1791355962.908266,1791355962.884085,1791355962.9122553,1791355961.8924448,1791355962.908266,1791355961.8924448,1791355962.9122553,1791355924.8002553,GAZEBO_CLOCK_SYSTEM_INTERPOLATION,MAPPED_EXACT,0,38.1,1791355962.9002552,0.0030167102813720703,0.0,RGB,0.0,0,1,0,UNCALIBRATED,PREPARATION,FAR,STRAIGHT,1.0,62,1.0,18.123952865600586,0.48781025409698486,nan,nan,False,0.0,0.0,0.0,0.0,0,0,0,0,0,0.0,0.0,0.0,0.0,0.0,0.0,0.0,0.0,0.0,0.0,0.0,0.0,0.0,0.0,16.009999326924678,-0.15072902745614591,8.493226859875993,0.0,0.0,0.0,0.0,0.0,0.0,0.0,0.0,0.0,0.0,0.0,False,DISABLED,0,nan,nan,nan,nan,nan,nan,nan,nan,nan,nan,nan,nan,nan,nan,nan,nan,nan,nan,nan,nan,nan,nan,nan,nan,nan,nan,nan,nan,nan,nan,nan,nan,nan,nan,41.87009562960479,5.975804034221613,-0.21780945788858525,0.06824609604676489,0.06824609604676489,0.06824609604676489,41.84169448791821,6.084871772494491,-0.1494244986946373,0.02840114168657948,-0.10906773827287797,-0.06838495919394794,0.1127049084160143,0.13182905227991323,0.021289825439453125,False,DISABLED,none,MODEL_ORIGIN_FRAME_NOT_ESTABLISHED,nan,nan,nan,nan,nan,nan,nan,nan,nan,nan,nan,nan,nan,NOT_EVALUATED,nan,nan,nan,nan,DISABLED,nan,nan,nan,nan,nan,nan
1791355962.952245,1791355962.9850068,1791355962.9912355,1791355962.991286,front_rgbd_red_sphere,True,True,True,,38.152,38.152,1791355962.9850068,1791355962.9753041,1791355962.952245,1791355962.952245,1791355962.952245,0.0,1791355961.9722655,1791355962.9722698,1791355962.944085,1791355962.9722698,1791355962.944085,1791355962.9722698,1791355961.9722655,1791355962.9722698,1791355961.9722655,1791355962.9722698,1791355924.800245,GAZEBO_CLOCK_SYSTEM_INTERPOLATION,MAPPED_EXACT,0,38.152,1791355962.952245,0.0012097358703613281,0.0,RGB,0.0,0,1,0,UNCALIBRATED,PREPARATION,FAR,STRAIGHT,1.0,64,1.0,17.941293716430664,0.48853710293769836,nan,nan,False,0.0,0.0,0.0,0.0,0,0,0,0,0,0.0,0.0,0.0,0.0,0.0,0.0,0.0,0.0,0.0,0.0,0.0,0.0,0.0,0.0,15.84252882862869,-0.15585422767927426,8.4190280837468,0.0,0.0,0.0,0.0,0.0,0.0,0.0,0.0,0.0,0.0,0.0,False,DISABLED,0,nan,nan,nan,nan,nan,nan,nan,nan,nan,nan,nan,nan,nan,nan,nan,nan,nan,nan,nan,nan,nan,nan,nan,nan,nan,nan,nan,nan,nan,nan,nan,nan,nan,nan,42.01186664850921,5.835755451082376,-0.21800832869184567,0.06729507542129329,0.06729507542129329,0.06729507542129329,41.99119134994131,5.940609913325335,-0.1478844968658955,0.020675298567901734,-0.10485446224295902,-0.07012383182595017,0.106873412143208,0.12782518536300325,0.03276181221008301,False,DISABLED,none,MODEL_ORIGIN_FRAME_NOT_ESTABLISHED,nan,nan,nan,nan,nan,nan,nan,nan,nan,nan,nan,nan,nan,NOT_EVALUATED,nan,nan,nan,nan,DISABLED,nan,nan,nan,nan,nan,nan
1791355963.000254,1791355963.0323334,1791355963.0360923,1791355963.0361183,front_rgbd_red_sphere,True,True,True,,38.2,38.2,1791355963.0323334,1791355963.0311234,1791355963.000254,1791355963.000254,1791355963.000254,0.0,1791355961.9922755,1791355963.012253,1791355962.9840848,1791355963.012253,1791355962.9840848,1791355963.012253,1791355961.988273,1791355963.012253,1791355961.9922755,1791355963.012253,1791355924.8002539,GAZEBO_CLOCK_SYSTEM_INTERPOLATION,MAPPED_EXACT,0,38.2,1791355963.000254,0.0005276203155517578,0.0,RGB,0.0,0,1,0,UNCALIBRATED,PREPARATION,FAR,STRAIGHT,1.0,65,1.0,17.78500747680664,0.48916491866111755,nan,nan,False,0.0,0.0,0.0,0.0,0,0,0,0,0,0.0,0.0,0.0,0.0,0.0,0.0,0.0,0.0,0.0,0.0,0.0,0.0,0.0,0.0,15.699280483271307,-0.15057293246630543,8.355620673848826,0.0,0.0,0.0,0.0,0.0,0.0,0.0,0.0,0.0,0.0,0.0,False,DISABLED,0,nan,nan,nan,nan,nan,nan,nan,nan,nan,nan,nan,nan,nan,nan,nan,nan,nan,nan,nan,nan,nan,nan,nan,nan,nan,nan,nan,nan,nan,nan,nan,nan,nan,nan,42.153403256728396,5.696079587324385,-0.21719713012342207,0.06648665899851879,0.06648665899851879,0.06648665899851879,42.12926753873896,5.807147439080855,-0.14561173988879783,0.02413571798943792,-0.11106785175647005,-0.07158539023462424,0.11366002189276089,0.13432449021569492,0.032079458236694336,False,DISABLED,none,MODEL_ORIGIN_FRAME_NOT_ESTABLISHED,nan,nan,nan,nan,nan,nan,nan,nan,nan,nan,nan,nan,nan,NOT_EVALUATED,nan,nan,nan,nan,DISABLED,nan,nan,nan,nan,nan,nan
1791355963.0522573,1791355963.0851548,1791355963.0886633,1791355963.0886931,front_rgbd_red_sphere,True,True,True,,38.252,38.252,1791355963.0851548,1791355963.0843997,1791355963.0522573,1791355963.0522573,1791355963.0522573,0.0,1791355962.0522501,1791355963.0682514,1791355963.0400848,1791355963.0682514,1791355963.044085,1791355963.0722618,1791355962.0522501,1791355963.0682514,1791355962.0522501,1791355963.0722618,1791355924.8002572,GAZEBO_CLOCK_SYSTEM_INTERPOLATION,MAPPED_EXACT,0,38.252,1791355963.0522573,0.0012500286102294922,0.0,RGB,0.0,0,1,0,UNCALIBRATED,PREPARATION,FAR,STRAIGHT,1.0,65,1.0,17.60451889038086,0.4896778464317322,nan,nan,False,0.0,0.0,0.0,0.0,0,0,0,0,0,0.0,0.0,0.0,0.0,0.0,0.0,0.0,0.0,0.0,0.0,0.0,0.0,0.0,0.0,15.535712947773117,-0.15491155499744735,8.278688262963978,0.0,0.0,0.0,0.0,0.0,0.0,0.0,0.0,0.0,0.0,0.0,False,DISABLED,0,nan,nan,nan,nan,nan,nan,nan,nan,nan,nan,nan,nan,nan,nan,nan,nan,nan,nan,nan,nan,nan,nan,nan,nan,nan,nan,nan,nan,nan,nan,nan,nan,nan,nan,42.29501012754287,5.556158365917549,-0.2150638944378898,0.06555913416174329,0.06555913416174329,0.06555913416174329,42.27838508119861,5.662765615429506,-0.1421976121168253,0.01662504634425943,-0.10660724951195721,-0.07286628232106451,0.10789577292208197,0.13019597886934356,0.0328974723815918,False,DISABLED,none,MODEL_ORIGIN_FRAME_NOT_ESTABLISHED,nan,nan,nan,nan,nan,nan,nan,nan,nan,nan,nan,nan,nan,NOT_EVALUATED,nan,nan,nan,nan,DISABLED,nan,nan,nan,nan,nan,nan
1791355963.1002512,1791355963.1367712,1791355963.1437123,1791355963.1437652,front_rgbd_red_sphere,True,True,True,,38.3,38.3,1791355963.1367712,1791355963.133911,1791355963.1002512,1791355963.1002512,1791355963.1002512,0.0,1791355962.112267,1791355963.1082702,1791355963.0800848,1791355963.1082702,1791355963.084085,1791355963.1122696,1791355962.0922632,1791355963.1082702,1791355962.112267,1791355963.1122696,1791355924.8002512,GAZEBO_CLOCK_SYSTEM_INTERPOLATION,MAPPED_EXACT,0,38.3,1791355963.1002512,0.0009005069732666016,0.0,RGB,0.0,0,1,0,UNCALIBRATED,PREPARATION,FAR,STRAIGHT,1.0,64,1.0,17.450315475463867,0.4901133179664612,nan,nan,False,0.0,0.0,0.0,0.0,0,0,0,0,0,0.0,0.0,0.0,0.0,0.0,0.0,0.0,0.0,0.0,0.0,0.0,0.0,0.0,0.0,15.396056636436999,-0.1492623795643908,8.212959145260688,0.0,0.0,0.0,0.0,0.0,0.0,0.0,0.0,0.0,0.0,0.0,False,DISABLED,0,nan,nan,nan,nan,nan,nan,nan,nan,nan,nan,nan,nan,nan,nan,nan,nan,nan,nan,nan,nan,nan,nan,nan,nan,nan,nan,nan,nan,nan,nan,nan,nan,nan,nan,42.436323704698395,5.4168779539774174,-0.2113837126596792,0.06477185970894313,0.06477185970894313,0.06477185970894313,42.4165628114791,5.528765365143096,-0.13821042899102018,0.019760893219292086,-0.11188741116567869,-0.07317328366865902,0.11361903748132134,0.13514294328982163,0.03652000427246094,False,DISABLED,none,MODEL_ORIGIN_FRAME_NOT_ESTABLISHED,nan,nan,nan,nan,nan,nan,nan,nan,nan,nan,nan,nan,nan,NOT_EVALUATED,nan,nan,nan,nan,DISABLED,nan,nan,nan,nan,nan,nan
1791355963.1522498,1791355963.1897242,1791355963.1947877,1791355963.1948218,front_rgbd_red_sphere,True,True,True,,38.352,38.352,1791355963.1897242,1791355963.1794534,1791355963.1522498,1791355963.1522498,1791355963.1522498,0.0,1791355962.152261,1791355963.1722689,1791355963.144085,1791355963.1722689,1791355963.144085,1791355963.1722689,1791355962.1482704,1791355963.1722689,1791355962.152261,1791355963.1722689,1791355924.8002498,GAZEBO_CLOCK_SYSTEM_INTERPOLATION,MAPPED_EXACT,0,38.352,1791355963.1522498,0.0017697811126708984,0.0,RGB,0.0,0,1,0,UNCALIBRATED,PREPARATION,FAR,STRAIGHT,1.0,70,1.0,17.272022247314453,0.49034953117370605,nan,nan,False,0.0,0.0,0.0,0.0,0,0,0,0,0,0.0,0.0,0.0,0.0,0.0,0.0,0.0,0.0,0.0,0.0,0.0,0.0,0.0,0.0,15.236831047206035,-0.1534760293629045,8.132539389375358,0.0,0.0,0.0,0.0,0.0,0.0,0.0,0.0,0.0,0.0,0.0,False,DISABLED,0,nan,nan,nan,nan,nan,nan,nan,nan,nan,nan,nan,nan,nan,nan,nan,nan,nan,nan,nan,nan,nan,nan,nan,nan,nan,nan,nan,nan,nan,nan,nan,nan,nan,nan,42.578272014335255,5.277382288421279,-0.20654673535769125,0.0638675137235847,0.0638675137235847,0.0638675137235847,42.56574450468697,5.383859359007833,-0.13299078720478097,0.012527509648286639,-0.10647707058655431,-0.07355594815291028,0.10721149685869508,0.1300183931886393,0.03747439384460449,False,DISABLED,none,MODEL_ORIGIN_FRAME_NOT_ESTABLISHED,nan,nan,nan,nan,nan,nan,nan,nan,nan,nan,nan,nan,nan,NOT_EVALUATED,nan,nan,nan,nan,DISABLED,nan,nan,nan,nan,nan,nan
1791355963.2002516,1791355963.2356598,1791355963.2398,1791355963.2398345,front_rgbd_red_sphere,True,True,True,,38.4,38.4,1791355963.2356598,1791355963.23382,1791355963.2002516,1791355963.2002516,1791355963.2002516,0.0,1791355962.1922555,1791355963.2122664,1791355963.184085,1791355963.2122664,1791355963.184085,1791355963.2122664,1791355962.18828,1791355963.2122664,1791355962.1922555,1791355963.2122664,1791355924.8002515,GAZEBO_CLOCK_SYSTEM_INTERPOLATION,MAPPED_EXACT,0,38.4,1791355963.2002516,0.0036878585815429688,0.0,RGB,0.0,0,1,0,UNCALIBRATED,PREPARATION,FAR,STRAIGHT,1.0,70,1.0,17.120458602905273,0.49045321345329285,nan,nan,False,0.0,0.0,0.0,0.0,0,0,0,0,0,0.0,0.0,0.0,0.0,0.0,0.0,0.0,0.0,0.0,0.0,0.0,0.0,0.0,0.0,15.102289287636427,-0.14767387288271117,8.062823557072601,0.0,0.0,0.0,0.0,0.0,0.0,0.0,0.0,0.0,0.0,0.0,False,DISABLED,0,nan,nan,nan,nan,nan,nan,nan,nan,nan,nan,nan,nan,nan,nan,nan,nan,nan,nan,nan,nan,nan,nan,nan,nan,nan,nan,nan,nan,nan,nan,nan,nan,nan,nan,42.72063566865763,5.138123938264498,-0.2002827078012122,0.06310373967524671,0.06310373967524671,0.06310373967524671,42.703428847857765,5.249922839340073,-0.1274052635498914,0.017206820799863465,-0.11179890107557444,-0.07287744425132081,0.1131152905833013,0.1345592465955018,0.03540825843811035,False,DISABLED,none,MODEL_ORIGIN_FRAME_NOT_ESTABLISHED,nan,nan,nan,nan,nan,nan,nan,nan,nan,nan,nan,nan,nan,NOT_EVALUATED,nan,nan,nan,nan,DISABLED,nan,nan,nan,nan,nan,nan
1791355963.2522578,1791355963.2847047,1791355963.2884161,1791355963.2884483,front_rgbd_red_sphere,True,True,True,,38.452,38.452,1791355963.2778916,1791355963.2847047,1791355963.2522578,1791355963.2522578,1791355963.2522578,0.0,1791355962.2522469,1791355963.2682593,1791355963.240085,1791355963.2682593,1791355963.2440848,1791355963.2722876,1791355962.2522469,1791355963.2682593,1791355962.2522469,1791355963.2722876,1791355924.800258,GAZEBO_CLOCK_SYSTEM_INTERPOLATION,MAPPED_EXACT,0,38.452,1791355963.2522578,0.0009531974792480469,0.0,RGB,0.0,0,1,0,UNCALIBRATED,PREPARATION,FAR,STRAIGHT,1.0,71,1.0,16.944032669067383,0.49033352732658386,nan,nan,False,0.0,0.0,0.0,0.0,0,0,0,0,0,0.0,0.0,0.0,0.0,0.0,0.0,0.0,0.0,0.0,0.0,0.0,0.0,0.0,0.0,14.947616542670723,-0.1518165372173499,7.977842153983275,0.0,0.0,0.0,0.0,0.0,0.0,0.0,0.0,0.0,0.0,0.0,False,DISABLED,0,nan,nan,nan,nan,nan,nan,nan,nan,nan,nan,nan,nan,nan,nan,nan,nan,nan,nan,nan,nan,nan,nan,nan,nan,nan,nan,nan,nan,nan,nan,nan,nan,nan,nan,42.86275150533386,4.999050454613283,-0.19250792994113436,0.06222047818582636,0.06222047818582636,0.06222047818582636,42.852473050203244,5.104713809211304,-0.12051271060091649,0.010278455130617203,-0.10566335459802101,-0.07199521934021787,0.10616209843809249,0.1282719874042081,0.032446861267089844,False,DISABLED,none,MODEL_ORIGIN_FRAME_NOT_ESTABLISHED,nan,nan,nan,nan,nan,nan,nan,nan,nan,nan,nan,nan,nan,NOT_EVALUATED,nan,nan,nan,nan,DISABLED,nan,nan,nan,nan,nan,nan
1791355963.3002641,1791355963.3235917,1791355963.3301735,1791355963.3302085,front_rgbd_red_sphere,True,True,True,,38.5,38.5,1791355963.3235917,1791355963.320476,1791355963.3002641,1791355963.3002641,1791355963.3002641,0.0,1791355962.3082633,1791355963.3082652,1791355963.2800848,1791355963.3082652,1791355963.284085,1791355963.3122547,1791355962.3082633,1791355963.3082652,1791355962.2922804,1791355963.3122547,1791355924.8002641,GAZEBO_CLOCK_SYSTEM_INTERPOLATION,MAPPED_EXACT,0,38.5,1791355963.3002641,0.004037141799926758,0.0,RGB,0.0,0,1,0,UNCALIBRATED,PREPARATION,FAR,STRAIGHT,1.0,75,1.0,16.794523239135742,0.4900810718536377,nan,nan,False,0.0,0.0,0.0,0.0,0,0,0,0,0,0.0,0.0,0.0,0.0,0.0,0.0,0.0,0.0,0.0,0.0,0.0,0.0,0.0,0.0,14.817718480168937,-0.14614883909403176,7.903787319407709,0.0,0.0,0.0,0.0,0.0,0.0,0.0,0.0,0.0,0.0,0.0,False,DISABLED,0,nan,nan,nan,nan,nan,nan,nan,nan,nan,nan,nan,nan,nan,nan,nan,nan,nan,nan,nan,nan,nan,nan,nan,nan,nan,nan,nan,nan,nan,nan,nan,nan,nan,nan,43.00510096997324,4.860196834718576,-0.18397767625747435,0.06147683584458441,0.06147683584458441,0.06147683584458441,42.98992727967692,4.970609551139734,-0.11345876487048275,0.015173690296322206,-0.11041271642115813,-0.07051891138699161,0.11145047700529498,0.1318867911805961,0.02332758903503418,False,DISABLED,none,MODEL_ORIGIN_FRAME_NOT_ESTABLISHED,nan,nan,nan,nan,nan,nan,nan,nan,nan,nan,nan,nan,nan,NOT_EVALUATED,nan,nan,nan,nan,DISABLED,nan,nan,nan,nan,nan,nan
1791355963.3522496,1791355963.3857124,1791355963.393438,1791355963.393542,front_rgbd_red_sphere,True,True,True,,38.552,38.552,1791355963.3857124,1791355963.3751976,1791355963.3522496,1791355963.3522496,1791355963.3522496,0.0,1791355962.3522556,1791355963.3722727,1791355963.344085,1791355963.3722727,1791355963.344085,1791355963.3722727,1791355962.3482683,1791355963.3722727,1791355962.3522556,1791355963.3722727,1791355924.8002496,GAZEBO_CLOCK_SYSTEM_INTERPOLATION,MAPPED_EXACT,0,38.552,1791355963.3522496,0.0017883777618408203,0.0,RGB,0.0,0,1,0,UNCALIBRATED,PREPARATION,FAR,STRAIGHT,1.0,75,1.0,16.620399475097656,0.48963218927383423,nan,nan,False,0.0,0.0,0.0,0.0,0,0,0,0,0,0.0,0.0,0.0,0.0,0.0,0.0,0.0,0.0,0.0,0.0,0.0,0.0,0.0,0.0,14.667601193271757,-0.15010516157124343,7.8151548278479535,0.0,0.0,0.0,0.0,0.0,0.0,0.0,0.0,0.0,0.0,0.0,False,DISABLED,0,nan,nan,nan,nan,nan,nan,nan,nan,nan,nan,nan,nan,nan,nan,nan,nan,nan,nan,nan,nan,nan,nan,nan,nan,nan,nan,nan,nan,nan,nan,nan,nan,nan,nan,43.1470329129175,4.721012591279063,-0.17450578297175062,0.06061641037853743,0.06061641037853743,0.06061641037853743,43.1385597077457,4.825391303097269,-0.10507929365272614,0.0084732051718035,-0.1043787118182058,-0.06942648931902448,0.10472206399184239,0.12564532663762767,0.0334627628326416,False,DISABLED,none,MODEL_ORIGIN_FRAME_NOT_ESTABLISHED,nan,nan,nan,nan,nan,nan,nan,nan,nan,nan,nan,nan,nan,NOT_EVALUATED,nan,nan,nan,nan,DISABLED,nan,nan,nan,nan,nan,nan
1791355963.4002671,1791355963.4348748,1791355963.4406354,1791355963.4406877,front_rgbd_red_sphere,True,True,True,,38.6,38.6,1791355963.427403,1791355963.4348748,1791355963.4002671,1791355963.4002671,1791355963.4002671,0.0,1791355962.4122596,1791355963.412262,1791355963.384085,1791355963.412262,1791355963.384085,1791355963.412262,1791355962.4122596,1791355963.412262,1791355962.4122596,1791355963.412262,1791355924.8002672,GAZEBO_CLOCK_SYSTEM_INTERPOLATION,MAPPED_EXACT,0,38.6,1791355963.4002671,0.0029561519622802734,0.0,RGB,0.0,0,1,0,UNCALIBRATED,PREPARATION,FAR,STRAIGHT,1.0,74,1.0,16.47279930114746,0.4891466498374939,nan,nan,False,0.0,0.0,0.0,0.0,0,0,0,0,0,0.0,0.0,0.0,0.0,0.0,0.0,0.0,0.0,0.0,0.0,0.0,0.0,0.0,0.0,14.541102663293506,-0.1445947996925785,7.7387694347935,0.0,0.0,0.0,0.0,0.0,0.0,0.0,0.0,0.0,0.0,0.0,False,DISABLED,0,nan,nan,nan,nan,nan,nan,nan,nan,nan,nan,nan,nan,nan,nan,nan,nan,nan,nan,nan,nan,nan,nan,nan,nan,nan,nan,nan,nan,nan,nan,nan,nan,nan,nan,43.289183269392076,4.581668143623183,-0.16468798544291235,0.059891792029693074,0.059891792029693074,0.059891792029693074,43.275812635129014,4.691115312097423,-0.0967316651077567,0.013370634263061731,-0.10944716847424019,-0.06795632033515565,0.11026085682428409,0.12952033825279938,0.034607648849487305,False,DISABLED,none,MODEL_ORIGIN_FRAME_NOT_ESTABLISHED,nan,nan,nan,nan,nan,nan,nan,nan,nan,nan,nan,nan,nan,NOT_EVALUATED,nan,nan,nan,nan,DISABLED,nan,nan,nan,nan,nan,nan
1791355963.4522545,1791355963.4877918,1791355963.494377,1791355963.4944098,front_rgbd_red_sphere,True,True,True,,38.652,38.652,1791355963.4877918,1791355963.4846754,1791355963.4522545,1791355963.4522545,1791355963.4522545,0.0,1791355962.4682546,1791355963.4682667,1791355963.440085,1791355963.4682667,1791355963.444085,1791355963.4722683,1791355962.4682546,1791355963.4682667,1791355962.4522526,1791355963.4722683,1791355924.8002546,GAZEBO_CLOCK_SYSTEM_INTERPOLATION,MAPPED_EXACT,0,38.652,1791355963.4522545,0.003972768783569336,0.0,RGB,0.0,0,1,0,UNCALIBRATED,PREPARATION,FAR,STRAIGHT,1.0,76,1.0,16.301427841186523,0.4884624183177948,nan,nan,False,0.0,0.0,0.0,0.0,0,0,0,0,0,0.0,0.0,0.0,0.0,0.0,0.0,0.0,0.0,0.0,0.0,0.0,0.0,0.0,0.0,14.395064173620348,-0.14792286812996558,7.648318882572704,0.0,0.0,0.0,0.0,0.0,0.0,0.0,0.0,0.0,0.0,0.0,False,DISABLED,0,nan,nan,nan,nan,nan,nan,nan,nan,nan,nan,nan,nan,nan,nan,nan,nan,nan,nan,nan,nan,nan,nan,nan,nan,nan,nan,nan,nan,nan,nan,nan,nan,nan,nan,43.431731840358744,4.441104701655599,-0.1543855729415437,0.059055937396013475,0.059055937396013475,0.059055937396013475,43.424052813690565,4.545895705947854,-0.08707653021125483,0.007679026668178324,-0.10479100429225507,-0.06730904273028887,0.10507198499671554,0.12478232753245898,0.0355372428894043,False,DISABLED,none,MODEL_ORIGIN_FRAME_NOT_ESTABLISHED,nan,nan,nan,nan,nan,nan,nan,nan,nan,nan,nan,nan,nan,NOT_EVALUATED,nan,nan,nan,nan,DISABLED,nan,nan,nan,nan,nan,nan
1791355963.5002644,1791355963.5310507,1791355963.5345519,1791355963.5345755,front_rgbd_red_sphere,True,True,True,,38.7,38.7,1791355963.5310507,1791355963.5300624,1791355963.5002644,1791355963.5002644,1791355963.5002644,0.0,1791355962.5122688,1791355963.5082724,1791355963.480085,1791355963.5082724,1791355963.4840848,1791355963.512282,1791355962.508267,1791355963.5082724,1791355962.5122688,1791355963.512282,1791355924.8002644,GAZEBO_CLOCK_SYSTEM_INTERPOLATION,MAPPED_EXACT,0,38.7,1791355963.5002644,0.0030374526977539062,0.0,RGB,0.0,0,1,0,UNCALIBRATED,PREPARATION,FAR,STRAIGHT,1.0,80,1.0,16.15526008605957,0.4878007173538208,nan,nan,False,0.0,0.0,0.0,0.0,0,0,0,0,0,0.0,0.0,0.0,0.0,0.0,0.0,0.0,0.0,0.0,0.0,0.0,0.0,0.0,0.0,14.271003453693421,-0.14270125543973045,7.5703712875724865,0.0,0.0,0.0,0.0,0.0,0.0,0.0,0.0,0.0,0.0,0.0,False,DISABLED,0,nan,nan,nan,nan,nan,nan,nan,nan,nan,nan,nan,nan,nan,nan,nan,nan,nan,nan,nan,nan,nan,nan,nan,nan,nan,nan,nan,nan,nan,nan,nan,nan,nan,nan,43.57310675701203,4.301456292207577,-0.14318635376349426,0.05834765841540677,0.05834765841540677,0.05834765841540677,43.56159155161976,4.410992889050619,-0.07760626437610257,0.01151520539226425,-0.10953659684304196,-0.06558008938739168,0.11014021065524227,0.1281858577505312,0.03078627586364746,False,DISABLED,none,MODEL_ORIGIN_FRAME_NOT_ESTABLISHED,nan,nan,nan,nan,nan,nan,nan,nan,nan,nan,nan,nan,nan,NOT_EVALUATED,nan,nan,nan,nan,DISABLED,nan,nan,nan,nan,nan,nan
1791355963.5522494,1791355963.5863867,1791355963.5902689,1791355963.5902987,front_rgbd_red_sphere,True,True,True,,38.752,38.752,1791355963.5863867,1791355963.5742073,1791355963.5522494,1791355963.5522494,1791355963.5522494,0.0,1791355962.5722687,1791355963.572275,1791355963.544085,1791355963.572275,1791355963.544085,1791355963.572275,1791355962.5722687,1791355963.572275,1791355962.5722687,1791355963.572275,1791355924.8002493,GAZEBO_CLOCK_SYSTEM_INTERPOLATION,MAPPED_EXACT,0,38.752,1791355963.5522494,0.002378225326538086,0.0,RGB,0.0,0,1,0,UNCALIBRATED,PREPARATION,FAR,STRAIGHT,1.0,80,1.0,15.98512077331543,0.48693567514419556,nan,nan,False,0.0,0.0,0.0,0.0,0,0,0,0,0,0.0,0.0,0.0,0.0,0.0,0.0,0.0,0.0,0.0,0.0,0.0,0.0,0.0,0.0,14.12718416846023,-0.14645730695897896,7.478322719002385,0.0,0.0,0.0,0.0,0.0,0.0,0.0,0.0,0.0,0.0,0.0,False,DISABLED,0,nan,nan,nan,nan,nan,nan,nan,nan,nan,nan,nan,nan,nan,nan,nan,nan,nan,nan,nan,nan,nan,nan,nan,nan,nan,nan,nan,nan,nan,nan,nan,nan,nan,nan,43.71482376721197,4.161627682683314,-0.13174161638922327,0.05752860287503363,0.05752860287503363,0.05752860287503363,43.709832881923774,4.265410011284424,-0.06688429291009922,0.004990885288194136,-0.10378232860111058,-0.06485732347912405,0.10390226496967624,0.12248327671443374,0.03413724899291992,False,DISABLED,none,MODEL_ORIGIN_FRAME_NOT_ESTABLISHED,nan,nan,nan,nan,nan,nan,nan,nan,nan,nan,nan,nan,nan,NOT_EVALUATED,nan,nan,nan,nan,DISABLED,nan,nan,nan,nan,nan,nan
1791355963.6002538,1791355963.6305666,1791355963.6349742,1791355963.635001,front_rgbd_red_sphere,True,True,True,,38.8,38.8,1791355963.6305666,1791355963.6298566,1791355963.6002538,1791355963.6002538,1791355963.6002538,0.0,1791355962.6122675,1791355963.6122718,1791355963.584085,1791355963.6122718,1791355963.584085,1791355963.6122718,1791355962.6122675,1791355963.6122718,1791355962.6122675,1791355963.6122718,1791355924.8002539,GAZEBO_CLOCK_SYSTEM_INTERPOLATION,MAPPED_EXACT,0,38.8,1791355963.6002538,0.002581357955932617,0.0,RGB,0.0,0,1,0,UNCALIBRATED,PREPARATION,FAR,STRAIGHT,1.0,83,1.0,15.84199333190918,0.4860961139202118,nan,nan,False,0.0,0.0,0.0,0.0,0,0,0,0,0,0.0,0.0,0.0,0.0,0.0,0.0,0.0,0.0,0.0,0.0,0.0,0.0,0.0,0.0,14.006910650058634,-0.14099863529626155,7.399684018153803,0.0,0.0,0.0,0.0,0.0,0.0,0.0,0.0,0.0,0.0,0.0,False,DISABLED,0,nan,nan,nan,nan,nan,nan,nan,nan,nan,nan,nan,nan,nan,nan,nan,nan,nan,nan,nan,nan,nan,nan,nan,nan,nan,nan,nan,nan,nan,nan,nan,nan,nan,nan,43.857142198267745,4.0220259166119305,-0.11944954159068971,0.056844064214712726,0.056844064214712726,0.056844064214712726,43.84684572182721,4.130700095671802,-0.05658261496917485,0.010296476440537106,-0.10867417905987153,-0.06286692662151486,0.1091608657964362,0.1259696196876949,0.030312776565551758,False,DISABLED,none,MODEL_ORIGIN_FRAME_NOT_ESTABLISHED,nan,nan,nan,nan,nan,nan,nan,nan,nan,nan,nan,nan,nan,NOT_EVALUATED,nan,nan,nan,nan,DISABLED,nan,nan,nan,nan,nan,nan
1791355963.6522512,1791355963.6943698,1791355963.6994827,1791355963.6995099,front_rgbd_red_sphere,True,True,True,,38.852,38.852,1791355963.6885166,1791355963.6943698,1791355963.6522512,1791355963.6522512,1791355963.6522512,0.0,1791355962.6522477,1791355963.6682558,1791355963.640085,1791355963.6682558,1791355963.644085,1791355963.6722775,1791355962.6522477,1791355963.6682558,1791355962.6522477,1791355963.6722775,1791355924.8002512,GAZEBO_CLOCK_SYSTEM_INTERPOLATION,MAPPED_EXACT,0,38.852,1791355963.6522512,0.0025882720947265625,0.0,RGB,0.0,0,1,0,UNCALIBRATED,PREPARATION,FAR,STRAIGHT,1.0,83,1.0,15.673998832702637,0.4850560128688812,nan,nan,False,0.0,0.0,0.0,0.0,0,0,0,0,0,0.0,0.0,0.0,0.0,0.0,0.0,0.0,0.0,0.0,0.0,0.0,0.0,0.0,0.0,13.86598458077705,-0.14422411032542115,7.306702375725992,0.0,0.0,0.0,0.0,0.0,0.0,0.0,0.0,0.0,0.0,0.0,False,DISABLED,0,nan,nan,nan,nan,nan,nan,nan,nan,nan,nan,nan,nan,nan,nan,nan,nan,nan,nan,nan,nan,nan,nan,nan,nan,nan,nan,nan,nan,nan,nan,nan,nan,nan,nan,43.99885080270664,3.8817678855769837,-0.10670129963062408,0.056045820440070296,0.056045820440070296,0.056045820440070296,43.99484795590366,3.9850150805262485,-0.0450776843458126,0.004002846802983129,-0.10324719494926482,-0.06162361528481148,0.103324760088856,0.1203057604946251,0.04211854934692383,False,DISABLED,none,MODEL_ORIGIN_FRAME_NOT_ESTABLISHED,nan,nan,nan,nan,nan,nan,nan,nan,nan,nan,nan,nan,nan,NOT_EVALUATED,nan,nan,nan,nan,DISABLED,nan,nan,nan,nan,nan,nan
1791355963.7002647,1791355963.7435932,1791355963.7481258,1791355963.7481558,front_rgbd_red_sphere,True,True,True,,38.9,38.9,1791355963.7435932,1791355963.7424242,1791355963.7002647,1791355963.7002647,1791355963.7002647,0.0,1791355962.7122557,1791355963.7322617,1791355963.7040849,1791355963.7322617,1791355963.7040849,1791355963.7322617,1791355962.708267,1791355963.7322617,1791355962.7122557,1791355963.7322617,1791355924.8002646,GAZEBO_CLOCK_SYSTEM_INTERPOLATION,MAPPED_EXACT,0,38.9,1791355963.7002647,0.0004875659942626953,0.0,RGB,0.0,0,1,0,UNCALIBRATED,PREPARATION,FAR,STRAIGHT,1.0,86,1.0,15.532196998596191,0.4840717017650604,nan,nan,False,0.0,0.0,0.0,0.0,0,0,0,0,0,0.0,0.0,0.0,0.0,0.0,0.0,0.0,0.0,0.0,0.0,0.0,0.0,0.0,0.0,13.74766170529155,-0.1389544539598031,7.227145471186374,0.0,0.0,0.0,0.0,0.0,0.0,0.0,0.0,0.0,0.0,0.0,False,DISABLED,0,nan,nan,nan,nan,nan,nan,nan,nan,nan,nan,nan,nan,nan,nan,nan,nan,nan,nan,nan,nan,nan,nan,nan,nan,nan,nan,nan,nan,nan,nan,nan,nan,nan,nan,44.14020045676805,3.7417363670739183,-0.0942025273558122,0.05537642937049513,0.05537642937049513,0.05537642937049513,44.131810255329846,3.8500534523524363,-0.034163803695412116,0.008390201438203349,-0.10831708527851802,-0.06003872366040008,0.108641550262353,0.12412749406226349,0.04332852363586426,False,DISABLED,none,MODEL_ORIGIN_FRAME_NOT_ESTABLISHED,nan,nan,nan,nan,nan,nan,nan,nan,nan,nan,nan,nan,nan,NOT_EVALUATED,nan,nan,nan,nan,DISABLED,nan,nan,nan,nan,nan,nan
1791355963.7522564,1791355963.785913,1791355963.7917752,1791355963.791837,front_rgbd_red_sphere,True,True,True,,38.952,38.952,1791355963.785913,1791355963.783669,1791355963.7522564,1791355963.7522564,1791355963.7522564,0.0,1791355962.7522523,1791355963.772288,1791355963.7440848,1791355963.772288,1791355963.7440848,1791355963.772288,1791355962.7482972,1791355963.772288,1791355962.7522523,1791355963.772288,1791355924.8002565,GAZEBO_CLOCK_SYSTEM_INTERPOLATION,MAPPED_EXACT,0,38.952,1791355963.7522564,0.0019414424896240234,0.0,RGB,0.0,0,1,0,UNCALIBRATED,PREPARATION,FAR,STRAIGHT,1.0,87,1.0,15.366145133972168,0.4828801453113556,nan,nan,False,0.0,0.0,0.0,0.0,0,0,0,0,0,0.0,0.0,0.0,0.0,0.0,0.0,0.0,0.0,0.0,0.0,0.0,0.0,0.0,0.0,13.609199541215752,-0.14260642513672295,7.133566661288535,0.0,0.0,0.0,0.0,0.0,0.0,0.0,0.0,0.0,0.0,0.0,False,DISABLED,0,nan,nan,nan,nan,nan,nan,nan,nan,nan,nan,nan,nan,nan,nan,nan,nan,nan,nan,nan,nan,nan,nan,nan,nan,nan,nan,nan,nan,nan,nan,nan,nan,nan,nan,44.28160592896241,3.6016917295673334,-0.08158691822286951,0.05459767472078221,0.05459767472078221,0.05459767472078221,44.27987644077508,3.7039914066165207,-0.022135344676602567,0.0017294881873368695,-0.1022996770491873,-0.05945157354626694,0.1023142954516042,0.11833302434606048,0.03365659713745117,False,DISABLED,none,MODEL_ORIGIN_FRAME_NOT_ESTABLISHED,nan,nan,nan,nan,nan,nan,nan,nan,nan,nan,nan,nan,nan,NOT_EVALUATED,nan,nan,nan,nan,DISABLED,nan,nan,nan,nan,nan,nan
1791355963.8002515,1791355963.8309255,1791355963.8351886,1791355963.8352158,front_rgbd_red_sphere,True,True,True,,39.0,39.0,1791355963.8309255,1791355963.8298929,1791355963.8002515,1791355963.8002515,1791355963.8002515,0.0,1791355962.792275,1791355963.812267,1791355963.784173,1791355963.812267,1791355963.784173,1791355963.812267,1791355962.7882643,1791355963.812267,1791355962.792275,1791355963.812267,1791355924.8002515,GAZEBO_CLOCK_SYSTEM_INTERPOLATION,MAPPED_EXACT,0,39.0,1791355963.8002515,0.0029230117797851562,0.0,RGB,0.0,0,1,0,UNCALIBRATED,PREPARATION,FAR,STRAIGHT,1.0,88,1.0,15.226168632507324,0.48179346323013306,nan,nan,False,0.0,0.0,0.0,0.0,0,0,0,0,0,0.0,0.0,0.0,0.0,0.0,0.0,0.0,0.0,0.0,0.0,0.0,0.0,0.0,0.0,13.492902622014375,-0.13721959969944741,7.0540036774927835,0.0,0.0,0.0,0.0,0.0,0.0,0.0,0.0,0.0,0.0,0.0,False,DISABLED,0,nan,nan,nan,nan,nan,nan,nan,nan,nan,nan,nan,nan,nan,nan,nan,nan,nan,nan,nan,nan,nan,nan,nan,nan,nan,nan,nan,nan,nan,nan,nan,nan,nan,nan,44.42275414773328,3.461552710507209,-0.06875612468028142,0.05394549200879729,0.05394549200879729,0.05394549200879729,44.41643369431405,3.5691500380771104,-0.010907416431683472,0.006320453419228045,-0.10759732756990159,-0.057848708248597946,0.10778280489767066,0.12232581934179203,0.030673980712890625,False,DISABLED,none,MODEL_ORIGIN_FRAME_NOT_ESTABLISHED,nan,nan,nan,nan,nan,nan,nan,nan,nan,nan,nan,nan,nan,NOT_EVALUATED,nan,nan,nan,nan,DISABLED,nan,nan,nan,nan,nan,nan
1791355963.8522508,1791355963.8787076,1791355963.8838925,1791355963.8839319,front_rgbd_red_sphere,True,True,True,,39.052,39.052,1791355963.8787076,1791355963.8758414,1791355963.8522508,1791355963.8522508,1791355963.8522508,0.0,1791355962.832262,1791355963.8522508,1791355963.824173,1791355963.8522508,1791355963.824173,1791355963.8522508,1791355962.828257,1791355963.8522508,1791355962.832262,1791355963.8522508,1791355924.8002508,GAZEBO_CLOCK_SYSTEM_INTERPOLATION,MAPPED_EXACT,0,39.052,1791355963.8522508,0.0028984546661376953,0.0,RGB,0.0,0,1,0,UNCALIBRATED,PREPARATION,FAR,STRAIGHT,1.0,88,1.0,15.062801361083984,0.4805217981338501,nan,nan,False,0.0,0.0,0.0,0.0,0,0,0,0,0,0.0,0.0,0.0,0.0,0.0,0.0,0.0,0.0,0.0,0.0,0.0,0.0,0.0,0.0,13.356997155886775,-0.14072427115726605,6.96123655968263,0.0,0.0,0.0,0.0,0.0,0.0,0.0,0.0,0.0,0.0,0.0,False,DISABLED,0,nan,nan,nan,nan,nan,nan,nan,nan,nan,nan,nan,nan,nan,nan,nan,nan,nan,nan,nan,nan,nan,nan,nan,nan,nan,nan,nan,nan,nan,nan,nan,nan,nan,nan,44.56499291101554,3.3213984220054305,-0.05627209507214265,0.05318928157144585,0.05318928157144585,0.05318928157144585,44.56396513018494,3.423326779832547,0.0012983399809599414,0.0010277808305971803,-0.1019283578271164,-0.05757043505310259,0.10193353944001171,0.11706750810951742,0.026456832885742188,False,DISABLED,none,MODEL_ORIGIN_FRAME_NOT_ESTABLISHED,nan,nan,nan,nan,nan,nan,nan,nan,nan,nan,nan,nan,nan,NOT_EVALUATED,nan,nan,nan,nan,DISABLED,nan,nan,nan,nan,nan,nan
1791355963.9002485,1791355963.9372597,1791355963.9422183,1791355963.942279,front_rgbd_red_sphere,True,True,True,,39.1,39.1,1791355963.9372597,1791355963.9239585,1791355963.9002485,1791355963.9002485,1791355963.9002485,0.0,1791355962.9122553,1791355963.9082632,1791355963.880173,1791355963.9082632,1791355963.884173,1791355963.9122558,1791355962.892259,1791355963.9082632,1791355962.9122553,1791355963.9122558,1791355924.8002486,GAZEBO_CLOCK_SYSTEM_INTERPOLATION,MAPPED_EXACT,0,39.1,1791355963.9002485,0.0016369819641113281,0.0,RGB,0.0,0,1,0,UNCALIBRATED,PREPARATION,FAR,STRAIGHT,1.0,93,1.0,14.9240140914917,0.47938838601112366,nan,nan,False,0.0,0.0,0.0,0.0,0,0,0,0,0,0.0,0.0,0.0,0.0,0.0,0.0,0.0,0.0,0.0,0.0,0.0,0.0,0.0,0.0,13.24173717132204,-0.13592971814351706,6.882159330955229,0.0,0.0,0.0,0.0,0.0,0.0,0.0,0.0,0.0,0.0,0.0,False,DISABLED,0,nan,nan,nan,nan,nan,nan,nan,nan,nan,nan,nan,nan,nan,nan,nan,nan,nan,nan,nan,nan,nan,nan,nan,nan,nan,nan,nan,nan,nan,nan,nan,nan,nan,nan,44.705358942988866,3.181455283634516,-0.0439518870664623,0.052551042307495396,0.052551042307495396,0.052551042307495396,44.700882198991806,3.2878717652460896,0.012625503071446425,0.004476743997059884,-0.10641648161157358,-0.05657739013790873,0.1065106041453225,0.12060476719524284,0.037011146545410156,False,DISABLED,none,MODEL_ORIGIN_FRAME_NOT_ESTABLISHED,nan,nan,nan,nan,nan,nan,nan,nan,nan,nan,nan,nan,nan,NOT_EVALUATED,nan,nan,nan,nan,DISABLED,nan,nan,nan,nan,nan,nan
1791355963.952255,1791355963.980221,1791355963.9884555,1791355963.9885144,front_rgbd_red_sphere,True,True,True,,39.152,39.152,1791355963.980221,1791355963.9761524,1791355963.952255,1791355963.952255,1791355963.952255,0.0,1791355962.9722698,1791355963.972294,1791355963.9441729,1791355963.972294,1791355963.9441729,1791355963.972294,1791355962.9722698,1791355963.972294,1791355962.9722698,1791355963.972294,1791355924.800255,GAZEBO_CLOCK_SYSTEM_INTERPOLATION,MAPPED_EXACT,0,39.152,1791355963.952255,0.0027780532836914062,0.0,RGB,0.0,0,1,0,UNCALIBRATED,PREPARATION,FAR,STRAIGHT,1.0,91,1.0,14.762049674987793,0.4781002700328827,nan,nan,False,0.0,0.0,0.0,0.0,0,0,0,0,0,0.0,0.0,0.0,0.0,0.0,0.0,0.0,0.0,0.0,0.0,0.0,0.0,0.0,0.0,13.106789387328382,-0.13956594686903578,6.790486011452362,0.0,0.0,0.0,0.0,0.0,0.0,0.0,0.0,0.0,0.0,0.0,False,DISABLED,0,nan,nan,nan,nan,nan,nan,nan,nan,nan,nan,nan,nan,nan,nan,nan,nan,nan,nan,nan,nan,nan,nan,nan,nan,nan,nan,nan,nan,nan,nan,nan,nan,nan,nan,44.847108737622065,3.041273409803478,-0.03137167979260552,0.05181108997974283,0.05181108997974283,0.05181108997974283,44.84847856374369,3.14171765141358,0.024756413520936656,-0.0013698261216248397,-0.10044424161010168,-0.05612809331354218,0.10045358179891829,0.11507078237000766,0.027966022491455078,False,DISABLED,none,MODEL_ORIGIN_FRAME_NOT_ESTABLISHED,nan,nan,nan,nan,nan,nan,nan,nan,nan,nan,nan,nan,nan,NOT_EVALUATED,nan,nan,nan,nan,DISABLED,nan,nan,nan,nan,nan,nan
1791355964.0002682,1791355964.0277596,1791355964.032565,1791355964.0325978,front_rgbd_red_sphere,True,True,True,,39.2,39.2,1791355964.0277596,1791355964.023327,1791355964.0002682,1791355964.0002682,1791355964.0002682,0.0,1791355963.012253,1791355964.0122662,1791355963.9841728,1791355964.0122662,1791355963.9841728,1791355964.0122662,1791355963.012253,1791355964.0122662,1791355963.012253,1791355964.0122662,1791355924.8002682,GAZEBO_CLOCK_SYSTEM_INTERPOLATION,MAPPED_EXACT,0,39.2,1791355964.0002682,0.0038423538208007812,0.0,RGB,0.0,0,1,0,UNCALIBRATED,PREPARATION,FAR,STRAIGHT,1.0,94,1.0,14.625711441040039,0.476939857006073,nan,nan,False,0.0,0.0,0.0,0.0,0,0,0,0,0,0.0,0.0,0.0,0.0,0.0,0.0,0.0,0.0,0.0,0.0,0.0,0.0,0.0,0.0,12.993538506309454,-0.13510397114196415,6.712758868980568,0.0,0.0,0.0,0.0,0.0,0.0,0.0,0.0,0.0,0.0,0.0,False,DISABLED,0,nan,nan,nan,nan,nan,nan,nan,nan,nan,nan,nan,nan,nan,nan,nan,nan,nan,nan,nan,nan,nan,nan,nan,nan,nan,nan,nan,nan,nan,nan,nan,nan,nan,nan,44.9887322046161,2.9018832105167265,-0.019065627858750822,0.05119228065713551,0.05119228065713551,0.05119228065713551,44.985212766393175,3.0062070509942034,0.035858177765104346,0.0035194382229235543,-0.10432384047747689,-0.05492380562385517,0.10438318895959742,0.11795115328635852,0.027491331100463867,False,DISABLED,none,MODEL_ORIGIN_FRAME_NOT_ESTABLISHED,nan,nan,nan,nan,nan,nan,nan,nan,nan,nan,nan,nan,nan,NOT_EVALUATED,nan,nan,nan,nan,DISABLED,nan,nan,nan,nan,nan,nan
1791355964.0522513,1791355964.0794082,1791355964.0859754,1791355964.0859976,front_rgbd_red_sphere,True,True,True,,39.252,39.252,1791355964.0794082,1791355964.0777528,1791355964.0522513,1791355964.0522513,1791355964.0522513,0.0,1791355963.032261,1791355964.0522513,1791355964.024173,1791355964.0522513,1791355964.024173,1791355964.0522513,1791355963.0282528,1791355964.0522513,1791355963.032261,1791355964.0522513,1791355924.8002512,GAZEBO_CLOCK_SYSTEM_INTERPOLATION,MAPPED_EXACT,0,39.252,1791355964.0522513,0.003344297409057617,0.0,RGB,0.0,0,1,0,UNCALIBRATED,PREPARATION,FAR,STRAIGHT,1.0,94,1.0,14.464651107788086,0.47557532787323,nan,nan,False,0.0,0.0,0.0,0.0,0,0,0,0,0,0.0,0.0,0.0,0.0,0.0,0.0,0.0,0.0,0.0,0.0,0.0,0.0,0.0,0.0,12.859501039939444,-0.13930130781798944,6.621175421011598,0.0,0.0,0.0,0.0,0.0,0.0,0.0,0.0,0.0,0.0,0.0,False,DISABLED,0,nan,nan,nan,nan,nan,nan,nan,nan,nan,nan,nan,nan,nan,nan,nan,nan,nan,nan,nan,nan,nan,nan,nan,nan,nan,nan,nan,nan,nan,nan,nan,nan,nan,nan,45.13006234670608,2.7627799793130827,-0.006436710214314301,0.05046605558186745,0.05046605558186745,0.05046605558186745,45.13284322092027,2.8597752454506344,0.04761053243223717,-0.0027808742141886,-0.09699526613755172,-0.05404724264655147,0.0970351220666498,0.11107168564573439,0.027156829833984375,False,DISABLED,none,MODEL_ORIGIN_FRAME_NOT_ESTABLISHED,nan,nan,nan,nan,nan,nan,nan,nan,nan,nan,nan,nan,nan,NOT_EVALUATED,nan,nan,nan,nan,DISABLED,nan,nan,nan,nan,nan,nan
1791355964.1002588,1791355964.1236296,1791355964.128596,1791355964.128626,front_rgbd_red_sphere,True,True,True,,39.3,39.3,1791355964.1236296,1791355964.120629,1791355964.1002588,1791355964.1002588,1791355964.1002588,0.0,1791355963.0922685,1791355964.1082673,1791355964.080173,1791355964.1082673,1791355964.084173,1791355964.1122627,1791355963.0922685,1791355964.1082673,1791355963.0922685,1791355964.1122627,1791355924.8002589,GAZEBO_CLOCK_SYSTEM_INTERPOLATION,MAPPED_EXACT,0,39.3,1791355964.1002588,0.003975629806518555,0.0,RGB,0.0,0,1,0,UNCALIBRATED,PREPARATION,FAR,STRAIGHT,1.0,101,1.0,14.330530166625977,0.47437673807144165,nan,nan,False,0.0,0.0,0.0,0.0,0,0,0,0,0,0.0,0.0,0.0,0.0,0.0,0.0,0.0,0.0,0.0,0.0,0.0,0.0,0.0,0.0,12.748118930466152,-0.13540004710369757,6.54455782517779,0.0,0.0,0.0,0.0,0.0,0.0,0.0,0.0,0.0,0.0,0.0,False,DISABLED,0,nan,nan,nan,nan,nan,nan,nan,nan,nan,nan,nan,nan,nan,nan,nan,nan,nan,nan,nan,nan,nan,nan,nan,nan,nan,nan,nan,nan,nan,nan,nan,nan,nan,nan,45.27225284418605,2.6232983885915098,0.005904732045559136,0.04986525957674783,0.04986525957674783,0.04986525957674783,45.26916786677428,2.7244559598017077,0.0581955344875118,0.0030849774117669426,-0.10115757121019797,-0.052290802441952666,0.10120460117394557,0.11391531643638053,0.023370742797851562,False,DISABLED,none,MODEL_ORIGIN_FRAME_NOT_ESTABLISHED,nan,nan,nan,nan,nan,nan,nan,nan,nan,nan,nan,nan,nan,NOT_EVALUATED,nan,nan,nan,nan,DISABLED,nan,nan,nan,nan,nan,nan
1791355964.152251,1791355964.1888385,1791355964.1933882,1791355964.1934237,front_rgbd_red_sphere,True,True,True,,39.352,39.352,1791355964.1888385,1791355964.175789,1791355964.152251,1791355964.152251,1791355964.152251,0.0,1791355963.1722689,1791355964.1723237,1791355964.144173,1791355964.1723237,1791355964.144173,1791355964.1723237,1791355963.1722689,1791355964.1723237,1791355963.1722689,1791355964.1723237,1791355924.800251,GAZEBO_CLOCK_SYSTEM_INTERPOLATION,MAPPED_EXACT,0,39.352,1791355964.152251,0.001196146011352539,0.0,RGB,0.0,0,1,0,UNCALIBRATED,PREPARATION,FAR,STRAIGHT,1.0,102,1.0,14.171245574951172,0.4729579985141754,nan,nan,False,0.0,0.0,0.0,0.0,0,0,0,0,0,0.0,0.0,0.0,0.0,0.0,0.0,0.0,0.0,0.0,0.0,0.0,0.0,0.0,0.0,12.61559362242469,-0.13964943755686932,6.453797349833229,0.0,0.0,0.0,0.0,0.0,0.0,0.0,0.0,0.0,0.0,0.0,False,DISABLED,0,nan,nan,nan,nan,nan,nan,nan,nan,nan,nan,nan,nan,nan,nan,nan,nan,nan,nan,nan,nan,nan,nan,nan,nan,nan,nan,nan,nan,nan,nan,nan,nan,nan,nan,45.41364488142259,2.4837302690768537,0.018399725815456403,0.04915641358186115,0.04915641358186115,0.04915641358186115,45.41664137005585,2.5779594665203454,0.06926451262146244,-0.0029964886332578544,-0.09422919744349167,-0.050864786806006035,0.09427682957637991,0.10712304668834913,0.03658747673034668,False,DISABLED,none,MODEL_ORIGIN_FRAME_NOT_ESTABLISHED,nan,nan,nan,nan,nan,nan,nan,nan,nan,nan,nan,nan,nan,NOT_EVALUATED,nan,nan,nan,nan,DISABLED,nan,nan,nan,nan,nan,nan
1791355964.2002623,1791355964.231381,1791355964.2354112,1791355964.235439,front_rgbd_red_sphere,True,True,True,,39.4,39.4,1791355964.231381,1791355964.230186,1791355964.2002623,1791355964.2002623,1791355964.2002623,0.0,1791355963.2122664,1791355964.2122686,1791355964.1841729,1791355964.2122686,1791355964.1841729,1791355964.2122686,1791355963.2122664,1791355964.2122686,1791355963.2122664,1791355964.2122686,1791355924.8002622,GAZEBO_CLOCK_SYSTEM_INTERPOLATION,MAPPED_EXACT,0,39.4,1791355964.2002623,0.003367185592651367,0.0,RGB,0.0,0,1,0,UNCALIBRATED,PREPARATION,FAR,STRAIGHT,1.0,103,1.0,14.03854751586914,0.4716840088367462,nan,nan,False,0.0,0.0,0.0,0.0,0,0,0,0,0,0.0,0.0,0.0,0.0,0.0,0.0,0.0,0.0,0.0,0.0,0.0,0.0,0.0,0.0,12.505598984600297,-0.13624769330185593,6.377478631030062,0.0,0.0,0.0,0.0,0.0,0.0,0.0,0.0,0.0,0.0,0.0,False,DISABLED,0,nan,nan,nan,nan,nan,nan,nan,nan,nan,nan,nan,nan,nan,nan,nan,nan,nan,nan,nan,nan,nan,nan,nan,nan,nan,nan,nan,nan,nan,nan,nan,nan,nan,nan,45.555829696243926,2.3442905897356847,0.030239745811209084,0.04856975557795336,0.04856975557795336,0.04856975557795336,45.55290530532337,2.4425069032322617,0.07909921818727701,0.0029243909205547425,-0.098216313496577,-0.04885947237606793,0.09825984072404208,0.10973716025112852,0.03111863136291504,False,DISABLED,none,MODEL_ORIGIN_FRAME_NOT_ESTABLISHED,nan,nan,nan,nan,nan,nan,nan,nan,nan,nan,nan,nan,nan,NOT_EVALUATED,nan,nan,nan,nan,DISABLED,nan,nan,nan,nan,nan,nan
1791355964.2522473,1791355964.290309,1791355964.2948275,1791355964.294859,front_rgbd_red_sphere,True,True,True,,39.452,39.452,1791355964.2809074,1791355964.290309,1791355964.2522473,1791355964.2522473,1791355964.2522473,0.0,1791355963.2522578,1791355964.2682574,1791355964.2401729,1791355964.2682574,1791355964.2441728,1791355964.2722688,1791355963.2522578,1791355964.2682574,1791355963.2522578,1791355964.2722688,1791355924.8002474,GAZEBO_CLOCK_SYSTEM_INTERPOLATION,MAPPED_EXACT,0,39.452,1791355964.2522473,0.002604246139526367,0.0,RGB,0.0,0,1,0,UNCALIBRATED,PREPARATION,FAR,STRAIGHT,1.0,103,1.0,13.880902290344238,0.4701918661594391,nan,nan,False,0.0,0.0,0.0,0.0,0,0,0,0,0,0.0,0.0,0.0,0.0,0.0,0.0,0.0,0.0,0.0,0.0,0.0,0.0,0.0,0.0,12.374566094336465,-0.14076296173205982,6.2872690521272325,0.0,0.0,0.0,0.0,0.0,0.0,0.0,0.0,0.0,0.0,0.0,False,DISABLED,0,nan,nan,nan,nan,nan,nan,nan,nan,nan,nan,nan,nan,nan,nan,nan,nan,nan,nan,nan,nan,nan,nan,nan,nan,nan,nan,nan,nan,nan,nan,nan,nan,nan,nan,45.697570417015854,2.2051284891441454,0.04188575553044588,0.047877389130432726,0.047877389130432726,0.047877389130432726,45.70026969402445,2.295921117664375,0.08921485959608332,-0.002699277008595402,-0.09079262852022962,-0.04732910406563744,0.0908327445912626,0.10242378425755164,0.03806161880493164,False,DISABLED,none,MODEL_ORIGIN_FRAME_NOT_ESTABLISHED,nan,nan,nan,nan,nan,nan,nan,nan,nan,nan,nan,nan,nan,NOT_EVALUATED,nan,nan,nan,nan,DISABLED,nan,nan,nan,nan,nan,nan
1791355964.3002522,1791355964.3247926,1791355964.3301666,1791355964.330203,front_rgbd_red_sphere,True,True,True,,39.5,39.5,1791355964.3247926,1791355964.323139,1791355964.3002522,1791355964.3002522,1791355964.3002522,0.0,1791355963.3122547,1791355964.3082652,1791355964.2801728,1791355964.3082652,1791355964.284173,1791355964.312275,1791355963.292267,1791355964.3082652,1791355963.3122547,1791355964.312275,1791355924.8002522,GAZEBO_CLOCK_SYSTEM_INTERPOLATION,MAPPED_EXACT,0,39.5,1791355964.3002522,0.0009796619415283203,0.0,RGB,0.0,0,1,0,UNCALIBRATED,PREPARATION,FAR,STRAIGHT,1.0,105,1.0,13.750185012817383,0.46884527802467346,nan,nan,False,0.0,0.0,0.0,0.0,0,0,0,0,0,0.0,0.0,0.0,0.0,0.0,0.0,0.0,0.0,0.0,0.0,0.0,0.0,0.0,0.0,12.266411500673835,-0.13735562055453876,6.211591498102669,0.0,0.0,0.0,0.0,0.0,0.0,0.0,0.0,0.0,0.0,0.0,False,DISABLED,0,nan,nan,nan,nan,nan,nan,nan,nan,nan,nan,nan,nan,nan,nan,nan,nan,nan,nan,nan,nan,nan,nan,nan,nan,nan,nan,nan,nan,nan,nan,nan,nan,nan,nan,45.83993374140472,2.0656162142074472,0.05274012627500452,0.04730705460717427,0.04730705460717427,0.04730705460717427,45.83631457371432,2.160514112534131,0.09804694620157155,0.0036191676904024916,-0.09489789832668372,-0.04530681992656703,0.09496688623721877,0.10522080314011685,0.024540424346923828,False,DISABLED,none,MODEL_ORIGIN_FRAME_NOT_ESTABLISHED,nan,nan,nan,nan,nan,nan,nan,nan,nan,nan,nan,nan,nan,NOT_EVALUATED,nan,nan,nan,nan,DISABLED,nan,nan,nan,nan,nan,nan
1791355964.3522687,1791355964.3757231,1791355964.390183,1791355964.3902106,front_rgbd_red_sphere,True,True,True,,39.552,39.552,1791355964.3757231,1791355964.37458,1791355964.3522687,1791355964.3522687,1791355964.3522687,0.0,1791355963.3522496,1791355964.372268,1791355964.344173,1791355964.372268,1791355964.344173,1791355964.372268,1791355963.3482707,1791355964.372268,1791355963.3522496,1791355964.372268,1791355924.8002687,GAZEBO_CLOCK_SYSTEM_INTERPOLATION,MAPPED_EXACT,0,39.552,1791355964.3522687,0.0037953853607177734,0.0,RGB,0.0,0,1,0,UNCALIBRATED,PREPARATION,FAR,STRAIGHT,1.0,108,1.0,13.593842506408691,0.46732011437416077,nan,nan,False,0.0,0.0,0.0,0.0,0,0,0,0,0,0.0,0.0,0.0,0.0,0.0,0.0,0.0,0.0,0.0,0.0,0.0,0.0,0.0,0.0,12.13629407186878,-0.14203217680152136,6.122315565506202,0.0,0.0,0.0,0.0,0.0,0.0,0.0,0.0,0.0,0.0,0.0,False,DISABLED,0,nan,nan,nan,nan,nan,nan,nan,nan,nan,nan,nan,nan,nan,nan,nan,nan,nan,nan,nan,nan,nan,nan,nan,nan,nan,nan,nan,nan,nan,nan,nan,nan,nan,nan,45.981257421567165,1.9263626407570542,0.06294741397404618,0.04662940353555099,0.04662940353555099,0.04662940353555099,45.983722666268406,2.013709630083883,0.10696859176288598,-0.0024652447012414314,-0.0873469893268286,-0.044021177788839794,0.0873817714165724,0.09784394753797881,0.02345442771911621,False,DISABLED,none,MODEL_ORIGIN_FRAME_NOT_ESTABLISHED,nan,nan,nan,nan,nan,nan,nan,nan,nan,nan,nan,nan,nan,NOT_EVALUATED,nan,nan,nan,nan,DISABLED,nan,nan,nan,nan,nan,nan
1791355964.4002595,1791355964.4282284,1791355964.4335184,1791355964.4335515,front_rgbd_red_sphere,True,True,True,,39.6,39.6,1791355964.4282284,1791355964.4265707,1791355964.4002595,1791355964.4002595,1791355964.4002595,0.0,1791355963.412262,1791355964.4122665,1791355964.384173,1791355964.4122665,1791355964.384173,1791355964.4122665,1791355963.412262,1791355964.4122665,1791355963.412262,1791355964.4122665,1791355924.8002596,GAZEBO_CLOCK_SYSTEM_INTERPOLATION,MAPPED_EXACT,0,39.6,1791355964.4002595,0.0007557868957519531,0.0,RGB,0.0,0,1,0,UNCALIBRATED,PREPARATION,FAR,STRAIGHT,1.0,111,1.0,13.464882850646973,0.4659905433654785,nan,nan,False,0.0,0.0,0.0,0.0,0,0,0,0,0,0.0,0.0,0.0,0.0,0.0,0.0,0.0,0.0,0.0,0.0,0.0,0.0,0.0,0.0,12.02921600936713,-0.13854347424058489,6.048292396493954,0.0,0.0,0.0,0.0,0.0,0.0,0.0,0.0,0.0,0.0,0.0,False,DISABLED,0,nan,nan,nan,nan,nan,nan,nan,nan,nan,nan,nan,nan,nan,nan,nan,nan,nan,nan,nan,nan,nan,nan,nan,nan,nan,nan,nan,nan,nan,nan,nan,nan,nan,nan,46.123406179000455,1.7865684522511702,0.07219384270514734,0.04607412002972061,0.04607412002972061,0.04607412002972061,46.11923541200854,1.878681541363234,0.11456666823458059,0.004170766991911989,-0.09211308911206384,-0.04237282552943325,0.09220746435656843,0.10147744984190146,0.027968883514404297,False,DISABLED,none,MODEL_ORIGIN_FRAME_NOT_ESTABLISHED,nan,nan,nan,nan,nan,nan,nan,nan,nan,nan,nan,nan,nan,NOT_EVALUATED,nan,nan,nan,nan,DISABLED,nan,nan,nan,nan,nan,nan
1791355964.4522543,1791355964.4739783,1791355964.482818,1791355964.4828641,front_rgbd_red_sphere,True,True,True,,39.652,39.652,1791355964.4739783,1791355964.4719203,1791355964.4522543,1791355964.4522543,1791355964.4522543,0.0,1791355963.4322677,1791355964.4522543,1791355964.4241729,1791355964.4522543,1791355964.4241729,1791355964.4522543,1791355963.428265,1791355964.4522543,1791355963.4322677,1791355964.4522543,1791355924.8002543,GAZEBO_CLOCK_SYSTEM_INTERPOLATION,MAPPED_EXACT,0,39.652,1791355964.4522543,0.00225830078125,0.0,RGB,0.0,0,1,0,UNCALIBRATED,PREPARATION,FAR,STRAIGHT,1.0,112,1.0,13.309866905212402,0.46447330713272095,nan,nan,False,0.0,0.0,0.0,0.0,0,0,0,0,0,0.0,0.0,0.0,0.0,0.0,0.0,0.0,0.0,0.0,0.0,0.0,0.0,0.0,0.0,11.899788334032374,-0.1434933269341201,5.960454338244977,0.0,0.0,0.0,0.0,0.0,0.0,0.0,0.0,0.0,0.0,0.0,False,DISABLED,0,nan,nan,nan,nan,nan,nan,nan,nan,nan,nan,nan,nan,nan,nan,nan,nan,nan,nan,nan,nan,nan,nan,nan,nan,nan,nan,nan,nan,nan,nan,nan,nan,nan,nan,46.26411964564201,1.647795767346755,0.08048176207297747,0.04541104461117242,0.04541104461117242,0.04541104461117242,46.266986331241455,1.7313825688263884,0.12208745035497925,-0.0028666855994430307,-0.08358680147963349,-0.041605688282001785,0.08363594483188262,0.09341308562155953,0.02172398567199707,False,DISABLED,none,MODEL_ORIGIN_FRAME_NOT_ESTABLISHED,nan,nan,nan,nan,nan,nan,nan,nan,nan,nan,nan,nan,nan,NOT_EVALUATED,nan,nan,nan,nan,DISABLED,nan,nan,nan,nan,nan,nan
1791355964.5002637,1791355964.5195675,1791355964.5292525,1791355964.5292952,front_rgbd_red_sphere,True,True,True,,39.7,39.7,1791355964.5195675,1791355964.5183048,1791355964.5002637,1791355964.5002637,1791355964.5002637,0.0,1791355963.4922624,1791355964.5082624,1791355964.4801729,1791355964.5082624,1791355964.4841728,1791355964.512265,1791355963.4922624,1791355964.5082624,1791355963.4922624,1791355964.512265,1791355924.8002636,GAZEBO_CLOCK_SYSTEM_INTERPOLATION,MAPPED_EXACT,0,39.7,1791355964.5002637,0.0026547908782958984,0.0,RGB,0.0,0,1,0,UNCALIBRATED,PREPARATION,FAR,STRAIGHT,1.0,115,1.0,13.181265830993652,0.4632103741168976,nan,nan,False,0.0,0.0,0.0,0.0,0,0,0,0,0,0.0,0.0,0.0,0.0,0.0,0.0,0.0,0.0,0.0,0.0,0.0,0.0,0.0,0.0,11.792258924496554,-0.14057682999911947,5.888007836377572,0.0,0.0,0.0,0.0,0.0,0.0,0.0,0.0,0.0,0.0,0.0,False,DISABLED,0,nan,nan,nan,nan,nan,nan,nan,nan,nan,nan,nan,nan,nan,nan,nan,nan,nan,nan,nan,nan,nan,nan,nan,nan,nan,nan,nan,nan,nan,nan,nan,nan,nan,nan,46.40487322494346,1.5081750712308026,0.08790125215637207,0.044864602181984646,0.044864602181984646,0.044864602181984646,46.40299734702287,1.5957266776665178,0.1283126533107144,0.0018758779205896303,-0.08755160643571513,-0.04041140115434233,0.08757170038001609,0.0964462754631017,0.01930379867553711,False,DISABLED,none,MODEL_ORIGIN_FRAME_NOT_ESTABLISHED,nan,nan,nan,nan,nan,nan,nan,nan,nan,nan,nan,nan,nan,NOT_EVALUATED,nan,nan,nan,nan,DISABLED,nan,nan,nan,nan,nan,nan
1791355964.5522604,1791355964.575684,1791355964.586719,1791355964.5867455,front_rgbd_red_sphere,True,True,True,,39.752,39.752,1791355964.575684,1791355964.5745072,1791355964.5522604,1791355964.5522604,1791355964.5522604,0.0,1791355963.5522492,1791355964.5722628,1791355964.544173,1791355964.5722628,1791355964.544173,1791355964.5722628,1791355963.5482626,1791355964.5722628,1791355963.5522492,1791355964.5722628,1791355924.8002603,GAZEBO_CLOCK_SYSTEM_INTERPOLATION,MAPPED_EXACT,0,39.752,1791355964.5522604,0.0029163360595703125,0.0,RGB,0.0,0,1,0,UNCALIBRATED,PREPARATION,FAR,STRAIGHT,1.0,117,1.0,13.028473854064941,0.4618048667907715,nan,nan,False,0.0,0.0,0.0,0.0,0,0,0,0,0,0.0,0.0,0.0,0.0,0.0,0.0,0.0,0.0,0.0,0.0,0.0,0.0,0.0,0.0,11.663738636388496,-0.14506675285343817,5.803214589108528,0.0,0.0,0.0,0.0,0.0,0.0,0.0,0.0,0.0,0.0,0.0,False,DISABLED,0,nan,nan,nan,nan,nan,nan,nan,nan,nan,nan,nan,nan,nan,nan,nan,nan,nan,nan,nan,nan,nan,nan,nan,nan,nan,nan,nan,nan,nan,nan,nan,nan,nan,nan,46.54581438593887,1.3686464748860283,0.09425562090329548,0.044219673190587956,0.044219673190587956,0.044219673190587956,46.55018117535866,1.4488629845947132,0.1342027942273833,-0.004366789419790962,-0.08021650970868488,-0.039947173324087815,0.08033528041701438,0.08971919491538613,0.02342367172241211,False,DISABLED,none,MODEL_ORIGIN_FRAME_NOT_ESTABLISHED,nan,nan,nan,nan,nan,nan,nan,nan,nan,nan,nan,nan,nan,NOT_EVALUATED,nan,nan,nan,nan,DISABLED,nan,nan,nan,nan,nan,nan
1791355964.6002574,1791355964.629486,1791355964.634974,1791355964.635006,front_rgbd_red_sphere,True,True,True,,39.8,39.8,1791355964.62032,1791355964.629486,1791355964.6002574,1791355964.6002574,1791355964.6002574,0.0,1791355963.5922728,1791355964.6122708,1791355964.584173,1791355964.6122708,1791355964.584173,1791355964.6122708,1791355963.5882645,1791355964.6122708,1791355963.5922728,1791355964.6122708,1791355924.8002574,GAZEBO_CLOCK_SYSTEM_INTERPOLATION,MAPPED_EXACT,0,39.8,1791355964.6002574,0.0014803409576416016,0.0,RGB,0.0,0,1,0,UNCALIBRATED,PREPARATION,FAR,STRAIGHT,1.0,120,1.0,12.901252746582031,0.460691899061203,nan,nan,False,0.0,0.0,0.0,0.0,0,0,0,0,0,0.0,0.0,0.0,0.0,0.0,0.0,0.0,0.0,0.0,0.0,0.0,0.0,0.0,0.0,11.556234327334588,-0.14247466068203707,5.733713892815876,0.0,0.0,0.0,0.0,0.0,0.0,0.0,0.0,0.0,0.0,0.0,False,DISABLED,0,nan,nan,nan,nan,nan,nan,nan,nan,nan,nan,nan,nan,nan,nan,nan,nan,nan,nan,nan,nan,nan,nan,nan,nan,nan,nan,nan,nan,nan,nan,nan,nan,nan,nan,46.68620456105373,1.229025161653635,0.09995600593611514,0.04368623719345332,0.04368623719345332,0.04368623719345332,46.686124657924694,1.3131642122034581,0.13887403392047296,7.990312903416452e-05,-0.08413905054982318,-0.03891802798435781,0.08413908849004563,0.09270382470063998,0.029228687286376953,False,DISABLED,none,MODEL_ORIGIN_FRAME_NOT_ESTABLISHED,nan,nan,nan,nan,nan,nan,nan,nan,nan,nan,nan,nan,nan,NOT_EVALUATED,nan,nan,nan,nan,DISABLED,nan,nan,nan,nan,nan,nan
1791355964.6522646,1791355964.6745517,1791355964.6787753,1791355964.67881,front_rgbd_red_sphere,True,True,True,,39.852,39.852,1791355964.6745517,1791355964.6727648,1791355964.6522646,1791355964.6522646,1791355964.6522646,0.0,1791355963.6522512,1791355964.6522646,1791355964.624173,1791355964.6522646,1791355964.624173,1791355964.6522646,1791355963.6522512,1791355964.6522646,1791355963.6522512,1791355964.6522646,1791355924.8002646,GAZEBO_CLOCK_SYSTEM_INTERPOLATION,MAPPED_EXACT,0,39.852,1791355964.6522646,0.0025167465209960938,0.0,RGB,0.0,0,1,0,UNCALIBRATED,PREPARATION,FAR,STRAIGHT,1.0,118,1.0,12.749518394470215,0.4594419598579407,nan,nan,False,0.0,0.0,0.0,0.0,0,0,0,0,0,0.0,0.0,0.0,0.0,0.0,0.0,0.0,0.0,0.0,0.0,0.0,0.0,0.0,0.0,11.427394989811871,-0.14701392930177448,5.651836796274107,0.0,0.0,0.0,0.0,0.0,0.0,0.0,0.0,0.0,0.0,0.0,False,DISABLED,0,nan,nan,nan,nan,nan,nan,nan,nan,nan,nan,nan,nan,nan,nan,nan,nan,nan,nan,nan,nan,nan,nan,nan,nan,nan,nan,nan,nan,nan,nan,nan,nan,nan,nan,46.8267220963678,1.0892960918055925,0.10429048007318226,0.04305425286230235,0.04305425286230235,0.04305425286230235,46.83333388598719,1.166167202203406,0.14301457306317933,-0.006611789619384467,-0.07687111039781347,-0.03872409298999707,0.07715493098800508,0.08632750867285449,0.02228713035583496,False,DISABLED,none,MODEL_ORIGIN_FRAME_NOT_ESTABLISHED,nan,nan,nan,nan,nan,nan,nan,nan,nan,nan,nan,nan,nan,NOT_EVALUATED,nan,nan,nan,nan,DISABLED,nan,nan,nan,nan,nan,nan
1791355964.7002609,1791355964.719366,1791355964.7279236,1791355964.7279692,front_rgbd_red_sphere,True,True,True,,39.9,39.9,1791355964.719366,1791355964.7179825,1791355964.7002609,1791355964.7002609,1791355964.7002609,0.0,1791355963.6922672,1791355964.7082584,1791355964.680173,1791355964.7082584,1791355964.6841729,1791355964.712266,1791355963.6922672,1791355964.7082584,1791355963.6922672,1791355964.712266,1791355924.8002608,GAZEBO_CLOCK_SYSTEM_INTERPOLATION,MAPPED_EXACT,0,39.9,1791355964.7002609,0.002441883087158203,0.0,RGB,0.0,0,1,0,UNCALIBRATED,PREPARATION,FAR,STRAIGHT,1.0,125,1.0,12.623590469360352,0.45847514271736145,nan,nan,False,0.0,0.0,0.0,0.0,0,0,0,0,0,0.0,0.0,0.0,0.0,0.0,0.0,0.0,0.0,0.0,0.0,0.0,0.0,0.0,0.0,11.31993213943915,-0.1446412257421219,5.585091688028475,0.0,0.0,0.0,0.0,0.0,0.0,0.0,0.0,0.0,0.0,0.0,False,DISABLED,0,nan,nan,nan,nan,nan,nan,nan,nan,nan,nan,nan,nan,nan,nan,nan,nan,nan,nan,nan,nan,nan,nan,nan,nan,nan,nan,nan,nan,nan,nan,nan,nan,nan,nan,46.96724901897181,0.9495972294845925,0.10787784828447072,0.042533247984728594,0.042533247984728594,0.042533247984728594,46.96916545252255,1.0304904922853713,0.14601559742549652,-0.0019164335507397823,-0.0808932628007788,-0.0381377491410258,0.08091596062650597,0.08945323132036136,0.019105195999145508,False,DISABLED,none,MODEL_ORIGIN_FRAME_NOT_ESTABLISHED,nan,nan,nan,nan,nan,nan,nan,nan,nan,nan,nan,nan,nan,NOT_EVALUATED,nan,nan,nan,nan,DISABLED,nan,nan,nan,nan,nan,nan
1791355964.7522614,1791355964.7756703,1791355964.7875614,1791355964.7876074,front_rgbd_red_sphere,True,True,True,,39.952,39.952,1791355964.7756703,1791355964.7746282,1791355964.7522614,1791355964.7522614,1791355964.7522614,0.0,1791355963.7522564,1791355964.7722688,1791355964.7441728,1791355964.7722688,1791355964.7441728,1791355964.7722688,1791355963.7482657,1791355964.7722688,1791355963.7522564,1791355964.7722688,1791355924.8002615,GAZEBO_CLOCK_SYSTEM_INTERPOLATION,MAPPED_EXACT,0,39.952,1791355964.7522614,0.0030117034912109375,0.0,RGB,0.0,0,1,0,UNCALIBRATED,PREPARATION,FAR,STRAIGHT,1.0,128,1.0,12.473053932189941,0.4573257565498352,nan,nan,False,0.0,0.0,0.0,0.0,0,0,0,0,0,0.0,0.0,0.0,0.0,0.0,0.0,0.0,0.0,0.0,0.0,0.0,0.0,0.0,0.0,11.191279393575634,-0.14917968794808623,5.505459541412684,0.0,0.0,0.0,0.0,0.0,0.0,0.0,0.0,0.0,0.0,0.0,False,DISABLED,0,nan,nan,nan,nan,nan,nan,nan,nan,nan,nan,nan,nan,nan,nan,nan,nan,nan,nan,nan,nan,nan,nan,nan,nan,nan,nan,nan,nan,nan,nan,nan,nan,nan,nan,47.107563909829594,0.8094349447691576,0.11038225327597134,0.041914593634387896,0.041914593634387896,0.041914593634387896,47.11623973136227,0.8835426156640379,0.1483012633017431,-0.008675821532676764,-0.07410767089488035,-0.03791901002577175,0.07461378401294733,0.08369628478054048,0.023408889770507812,False,DISABLED,none,MODEL_ORIGIN_FRAME_NOT_ESTABLISHED,nan,nan,nan,nan,nan,nan,nan,nan,nan,nan,nan,nan,nan,NOT_EVALUATED,nan,nan,nan,nan,DISABLED,nan,nan,nan,nan,nan,nan
1791355964.8002675,1791355964.8243053,1791355964.8305695,1791355964.830646,front_rgbd_red_sphere,True,True,True,,40.0,40.0,1791355964.8243053,1791355964.8230357,1791355964.8002675,1791355964.8002675,1791355964.8002675,0.0,1791355963.792275,1791355964.8122656,1791355964.784261,1791355964.8122656,1791355964.784261,1791355964.8122656,1791355963.7882648,1791355964.8122656,1791355963.792275,1791355964.8122656,1791355924.8002675,GAZEBO_CLOCK_SYSTEM_INTERPOLATION,MAPPED_EXACT,0,40.0,1791355964.8002675,0.0003414154052734375,0.0,RGB,0.0,0,1,0,UNCALIBRATED,PREPARATION,FAR,STRAIGHT,1.0,130,1.0,12.34868335723877,0.45647844672203064,nan,nan,False,0.0,0.0,0.0,0.0,0,0,0,0,0,0.0,0.0,0.0,0.0,0.0,0.0,0.0,0.0,0.0,0.0,0.0,0.0,0.0,0.0,11.084305869971768,-0.14659308845403096,5.441200093658283,0.0,0.0,0.0,0.0,0.0,0.0,0.0,0.0,0.0,0.0,0.0,False,DISABLED,0,nan,nan,nan,nan,nan,nan,nan,nan,nan,nan,nan,nan,nan,nan,nan,nan,nan,nan,nan,nan,nan,nan,nan,nan,nan,nan,nan,nan,nan,nan,nan,nan,nan,nan,47.24857135304397,0.6690794988049875,0.11184587288661602,0.0414068920889648,0.0414068920889648,0.0414068920889648,47.251545759584424,0.7483220742313333,0.14956080581471473,-0.0029744065404528897,-0.07924257542634583,-0.037714932928098716,0.07929837863706922,0.08781030133326603,0.024037837982177734,False,DISABLED,none,MODEL_ORIGIN_FRAME_NOT_ESTABLISHED,nan,nan,nan,nan,nan,nan,nan,nan,nan,nan,nan,nan,nan,NOT_EVALUATED,nan,nan,nan,nan,DISABLED,nan,nan,nan,nan,nan,nan
1791355964.8522668,1791355964.8832085,1791355964.889549,1791355964.8895857,front_rgbd_red_sphere,True,True,True,,40.052,40.052,1791355964.8832085,1791355964.881492,1791355964.8522668,1791355964.8522668,1791355964.8522668,0.0,1791355963.8522508,1791355964.8682644,1791355964.840261,1791355964.8682644,1791355964.844261,1791355964.8722663,1791355963.8522508,1791355964.8682644,1791355963.8522508,1791355964.8722663,1791355924.8002667,GAZEBO_CLOCK_SYSTEM_INTERPOLATION,MAPPED_EXACT,0,40.052,1791355964.8522668,0.0042574405670166016,0.0,RGB,0.0,0,1,0,UNCALIBRATED,PREPARATION,FAR,STRAIGHT,1.0,133,1.0,12.19898796081543,0.4553987383842468,nan,nan,False,0.0,0.0,0.0,0.0,0,0,0,0,0,0.0,0.0,0.0,0.0,0.0,0.0,0.0,0.0,0.0,0.0,0.0,0.0,0.0,0.0,10.95573729876958,-0.15154013707695668,5.36322403638442,0.0,0.0,0.0,0.0,0.0,0.0,0.0,0.0,0.0,0.0,0.0,False,DISABLED,0,nan,nan,nan,nan,nan,nan,nan,nan,nan,nan,nan,nan,nan,nan,nan,nan,nan,nan,nan,nan,nan,nan,nan,nan,nan,nan,nan,nan,nan,nan,nan,nan,nan,nan,47.389139331096786,0.5297238865817411,0.11242309836066938,0.04079991294921781,0.04079991294921781,0.04079991294921781,47.39920212019861,0.6007288260211296,0.14993833077082733,-0.010062789101823455,-0.07100493943938857,-0.037515232410157945,0.07171444170666753,0.08093425611005009,0.03094172477722168,False,DISABLED,none,MODEL_ORIGIN_FRAME_NOT_ESTABLISHED,nan,nan,nan,nan,nan,nan,nan,nan,nan,nan,nan,nan,nan,NOT_EVALUATED,nan,nan,nan,nan,DISABLED,nan,nan,nan,nan,nan,nan
1791355964.9002488,1791355964.937816,1791355964.9412103,1791355964.941234,front_rgbd_red_sphere,True,True,True,,40.1,40.1,1791355964.937816,1791355964.9250216,1791355964.9002488,1791355964.9002488,1791355964.9002488,0.0,1791355963.9122558,1791355964.9082599,1791355964.880261,1791355964.9082599,1791355964.884261,1791355964.9122612,1791355963.8922672,1791355964.9082599,1791355963.9122558,1791355964.9122612,1791355924.8002489,GAZEBO_CLOCK_SYSTEM_INTERPOLATION,MAPPED_EXACT,0,40.1,1791355964.9002488,0.0018515586853027344,0.0,RGB,0.0,0,1,0,UNCALIBRATED,PREPARATION,FAR,STRAIGHT,1.0,131,1.0,12.075220108032227,0.45458167791366577,nan,nan,False,0.0,0.0,0.0,0.0,0,0,0,0,0,0.0,0.0,0.0,0.0,0.0,0.0,0.0,0.0,0.0,0.0,0.0,0.0,0.0,0.0,10.848918925964123,-0.14944670099719026,5.2999598620204385,0.0,0.0,0.0,0.0,0.0,0.0,0.0,0.0,0.0,0.0,0.0,False,DISABLED,0,nan,nan,nan,nan,nan,nan,nan,nan,nan,nan,nan,nan,nan,nan,nan,nan,nan,nan,nan,nan,nan,nan,nan,nan,nan,nan,nan,nan,nan,nan,nan,nan,nan,nan,47.529760915132506,0.38993178477020063,0.11182573265194756,0.04030144791111351,0.04030144791111351,0.04030144791111351,47.53499170191136,0.4649761466600935,0.1494249357791119,-0.005230786778852803,-0.07504436188989289,-0.03759920312716433,0.07522644070928139,0.08409944980548203,0.037567138671875,False,DISABLED,none,MODEL_ORIGIN_FRAME_NOT_ESTABLISHED,nan,nan,nan,nan,nan,nan,nan,nan,nan,nan,nan,nan,nan,NOT_EVALUATED,nan,nan,nan,nan,DISABLED,nan,nan,nan,nan,nan,nan
1791355964.9522614,1791355964.9816244,1791355964.9907775,1791355964.990814,front_rgbd_red_sphere,True,True,True,,40.152,40.152,1791355964.9730067,1791355964.9816244,1791355964.9522614,1791355964.9522614,1791355964.9522614,0.0,1791355963.952255,1791355964.9722674,1791355964.9442608,1791355964.9722674,1791355964.9442608,1791355964.9722674,1791355963.9482648,1791355964.9722674,1791355963.952255,1791355964.9722674,1791355924.8002615,GAZEBO_CLOCK_SYSTEM_INTERPOLATION,MAPPED_EXACT,0,40.152,1791355964.9522614,0.00391077995300293,0.0,RGB,0.0,0,1,0,UNCALIBRATED,PREPARATION,FAR,STRAIGHT,1.0,137,1.0,11.927220344543457,0.45350977778434753,nan,nan,False,0.0,0.0,0.0,0.0,0,0,0,0,0,0.0,0.0,0.0,0.0,0.0,0.0,0.0,0.0,0.0,0.0,0.0,0.0,0.0,0.0,10.72155658762808,-0.1537767348630883,5.223329174531495,0.0,0.0,0.0,0.0,0.0,0.0,0.0,0.0,0.0,0.0,0.0,False,DISABLED,0,nan,nan,nan,nan,nan,nan,nan,nan,nan,nan,nan,nan,nan,nan,nan,nan,nan,nan,nan,nan,nan,nan,nan,nan,nan,nan,nan,nan,nan,nan,nan,nan,nan,nan,47.67063101880513,0.24953676699417393,0.11065982970737004,0.03970941197890758,0.03970941197890758,0.03970941197890758,47.682022589147536,0.3179667271492465,0.14788380810258017,-0.011391570342404123,-0.06842996015507258,-0.03722397839521013,0.06937166079668816,0.07872770725264285,0.029362916946411133,False,DISABLED,none,MODEL_ORIGIN_FRAME_NOT_ESTABLISHED,nan,nan,nan,nan,nan,nan,nan,nan,nan,nan,nan,nan,nan,NOT_EVALUATED,nan,nan,nan,nan,DISABLED,nan,nan,nan,nan,nan,nan
1791355965.0002527,1791355965.0364237,1791355965.0417295,1791355965.0417502,front_rgbd_red_sphere,True,True,True,,40.2,40.2,1791355965.0364237,1791355965.0346081,1791355965.0002527,1791355965.0002527,1791355965.0002527,0.0,1791355964.0122662,1791355965.0122685,1791355964.984261,1791355965.0122685,1791355964.984261,1791355965.0122685,1791355964.0122662,1791355965.0122685,1791355964.0122662,1791355965.0122685,1791355924.8002527,GAZEBO_CLOCK_SYSTEM_INTERPOLATION,MAPPED_EXACT,0,40.2,1791355965.0002527,0.00064849853515625,0.0,RGB,0.0,0,1,0,UNCALIBRATED,PREPARATION,FAR,STRAIGHT,1.0,141,1.0,11.804673194885254,0.4527234137058258,nan,nan,False,0.0,0.0,0.0,0.0,0,0,0,0,0,0.0,0.0,0.0,0.0,0.0,0.0,0.0,0.0,0.0,0.0,0.0,0.0,0.0,0.0,10.61546031564138,-0.1517911914159864,5.161323672309354,0.0,0.0,0.0,0.0,0.0,0.0,0.0,0.0,0.0,0.0,0.0,False,DISABLED,0,nan,nan,nan,nan,nan,nan,nan,nan,nan,nan,nan,nan,nan,nan,nan,nan,nan,nan,nan,nan,nan,nan,nan,nan,nan,nan,nan,nan,nan,nan,nan,nan,nan,nan,47.81145633165961,0.10944416465981277,0.10806494086780988,0.03922250654096764,0.03922250654096764,0.03922250654096764,47.81778722533308,0.1822106446946465,0.1456114681147372,-0.0063308936734642884,-0.07276648003483374,-0.037546527246927336,0.07304136383833867,0.0821266250351786,0.03617095947265625,False,DISABLED,none,MODEL_ORIGIN_FRAME_NOT_ESTABLISHED,nan,nan,nan,nan,nan,nan,nan,nan,nan,nan,nan,nan,nan,NOT_EVALUATED,nan,nan,nan,nan,DISABLED,nan,nan,nan,nan,nan,nan
1791355965.0522623,1791355965.0949717,1791355965.1045036,1791355965.1045582,front_rgbd_red_sphere,True,True,True,,40.252,40.252,1791355965.0949717,1791355965.0821595,1791355965.0522623,1791355965.0522623,1791355965.0522623,0.0,1791355964.0682645,1791355965.0682678,1791355965.040261,1791355965.0682678,1791355965.044261,1791355965.0722637,1791355964.0682645,1791355965.0682678,1791355964.0522513,1791355965.0722637,1791355924.8002622,GAZEBO_CLOCK_SYSTEM_INTERPOLATION,MAPPED_EXACT,0,40.252,1791355965.0522623,0.00313568115234375,0.0,RGB,0.0,0,1,0,UNCALIBRATED,PREPARATION,FAR,STRAIGHT,1.0,147,1.0,11.656898498535156,0.4516901969909668,nan,nan,False,0.0,0.0,0.0,0.0,0,0,0,0,0,0.0,0.0,0.0,0.0,0.0,0.0,0.0,0.0,0.0,0.0,0.0,0.0,0.0,0.0,10.487835878908534,-0.1564308671058825,5.085677800090094,0.0,0.0,0.0,0.0,0.0,0.0,0.0,0.0,0.0,0.0,0.0,False,DISABLED,0,nan,nan,nan,nan,nan,nan,nan,nan,nan,nan,nan,nan,nan,nan,nan,nan,nan,nan,nan,nan,nan,nan,nan,nan,nan,nan,nan,nan,nan,nan,nan,nan,nan,nan,47.952109065075916,-0.03054238857640268,0.10458661591577917,0.038639367227485615,0.038639367227485615,0.038639367227485615,47.96470224428517,0.03529773917317893,0.14219196121372196,-0.012593179209254401,-0.06584012774958162,-0.037605345297942794,0.06703365262819583,0.076861385491384,0.0427093505859375,False,DISABLED,none,MODEL_ORIGIN_FRAME_NOT_ESTABLISHED,nan,nan,nan,nan,nan,nan,nan,nan,nan,nan,nan,nan,nan,NOT_EVALUATED,nan,nan,nan,nan,DISABLED,nan,nan,nan,nan,nan,nan
1791355965.1002538,1791355965.1258607,1791355965.1346483,1791355965.1346962,front_rgbd_red_sphere,True,True,True,,40.3,40.3,1791355965.1258607,1791355965.1246722,1791355965.1002538,1791355965.1002538,1791355965.1002538,0.0,1791355964.1122627,1791355965.1082816,1791355965.080261,1791355965.1082816,1791355965.084261,1791355965.112272,1791355964.1082673,1791355965.1082816,1791355964.1122627,1791355965.112272,1791355924.8002539,GAZEBO_CLOCK_SYSTEM_INTERPOLATION,MAPPED_EXACT,0,40.3,1791355965.1002538,0.0018701553344726562,0.0,RGB,0.0,0,1,0,UNCALIBRATED,PREPARATION,FAR,STRAIGHT,1.0,146,1.0,11.535202980041504,0.45097216963768005,nan,nan,False,0.0,0.0,0.0,0.0,0,0,0,0,0,0.0,0.0,0.0,0.0,0.0,0.0,0.0,0.0,0.0,0.0,0.0,0.0,0.0,0.0,10.381957581104148,-0.1546070623730742,5.025133524079415,0.0,0.0,0.0,0.0,0.0,0.0,0.0,0.0,0.0,0.0,0.0,False,DISABLED,0,nan,nan,nan,nan,nan,nan,nan,nan,nan,nan,nan,nan,nan,nan,nan,nan,nan,nan,nan,nan,nan,nan,nan,nan,nan,nan,nan,nan,nan,nan,nan,nan,nan,nan,48.09301983068869,-0.17065786145430017,0.10000301494674863,0.038162416513072006,0.038162416513072006,0.038162416513072006,48.10054112273363,-0.10054057192964042,0.138213292015572,-0.007521292044941674,-0.07011728952465976,-0.03821027706882338,0.07051953009138862,0.08020616807943459,0.025606870651245117,False,DISABLED,none,MODEL_ORIGIN_FRAME_NOT_ESTABLISHED,nan,nan,nan,nan,nan,nan,nan,nan,nan,nan,nan,nan,nan,NOT_EVALUATED,nan,nan,nan,nan,DISABLED,nan,nan,nan,nan,nan,nan
1791355965.1522567,1791355965.1755145,1791355965.186719,1791355965.1867418,front_rgbd_red_sphere,True,True,True,,40.352,40.352,1791355965.1755145,1791355965.1728094,1791355965.1522567,1791355965.1522567,1791355965.1522567,0.0,1791355964.152251,1791355965.1722674,1791355965.144261,1791355965.1722674,1791355965.144261,1791355965.1722674,1791355964.1482615,1791355965.1722674,1791355964.152251,1791355965.1722674,1791355924.8002567,GAZEBO_CLOCK_SYSTEM_INTERPOLATION,MAPPED_EXACT,0,40.352,1791355965.1522567,0.0021638870239257812,0.0,RGB,0.0,0,1,0,UNCALIBRATED,PREPARATION,FAR,STRAIGHT,1.0,150,1.0,11.389216423034668,0.4500426948070526,nan,nan,False,0.0,0.0,0.0,0.0,0,0,0,0,0,0.0,0.0,0.0,0.0,0.0,0.0,0.0,0.0,0.0,0.0,0.0,0.0,0.0,0.0,10.255175430584746,-0.15888527415673792,4.9518060634039305,0.0,0.0,0.0,0.0,0.0,0.0,0.0,0.0,0.0,0.0,0.0,False,DISABLED,0,nan,nan,nan,nan,nan,nan,nan,nan,nan,nan,nan,nan,nan,nan,nan,nan,nan,nan,nan,nan,nan,nan,nan,nan,nan,nan,nan,nan,nan,nan,nan,nan,nan,nan,48.2344710415988,-0.3111122187088129,0.09474293574502152,0.03759417138418963,0.03759417138418963,0.03759417138418963,48.24746527647963,-0.24745992202636102,0.13300064707683376,-0.012994234880828515,-0.06365229668245187,-0.038257711331812244,0.06496510611927771,0.07539308648302767,0.023257732391357422,False,DISABLED,none,MODEL_ORIGIN_FRAME_NOT_ESTABLISHED,nan,nan,nan,nan,nan,nan,nan,nan,nan,nan,nan,nan,nan,NOT_EVALUATED,nan,nan,nan,nan,DISABLED,nan,nan,nan,nan,nan,nan
1791355965.2002666,1791355965.2252257,1791355965.2291698,1791355965.2292228,front_rgbd_red_sphere,True,True,True,,40.4,40.4,1791355965.2252257,1791355965.22332,1791355965.2002666,1791355965.2002666,1791355965.2002666,0.0,1791355964.2122686,1791355965.2122693,1791355965.1842608,1791355965.2122693,1791355965.1842608,1791355965.2122693,1791355964.2122686,1791355965.2122693,1791355964.2122686,1791355965.2122693,1791355924.8002665,GAZEBO_CLOCK_SYSTEM_INTERPOLATION,MAPPED_EXACT,0,40.4,1791355965.2002666,0.0014202594757080078,0.0,RGB,0.0,0,1,0,UNCALIBRATED,PREPARATION,FAR,STRAIGHT,1.0,153,1.0,11.267870903015137,0.44943293929100037,nan,nan,False,0.0,0.0,0.0,0.0,0,0,0,0,0,0.0,0.0,0.0,0.0,0.0,0.0,0.0,0.0,0.0,0.0,0.0,0.0,0.0,0.0,10.148899434280805,-0.1573330183320092,4.892852510909788,0.0,0.0,0.0,0.0,0.0,0.0,0.0,0.0,0.0,0.0,0.0,False,DISABLED,0,nan,nan,nan,nan,nan,nan,nan,nan,nan,nan,nan,nan,nan,nan,nan,nan,nan,nan,nan,nan,nan,nan,nan,nan,nan,nan,nan,nan,nan,nan,nan,nan,nan,nan,48.375052042185715,-0.4511445679765971,0.0889599100351271,0.0371250856680223,0.0371250856680223,0.0371250856680223,48.38354739467361,-0.38352905037982665,0.12740380178819655,-0.008495352487898344,-0.06761551759677042,-0.03844389175306945,0.06814711464011379,0.07824296803479872,0.024959087371826172,False,DISABLED,none,MODEL_ORIGIN_FRAME_NOT_ESTABLISHED,nan,nan,nan,nan,nan,nan,nan,nan,nan,nan,nan,nan,nan,NOT_EVALUATED,nan,nan,nan,nan,DISABLED,nan,nan,nan,nan,nan,nan
1791355965.2522671,1791355965.27818,1791355965.2886233,1791355965.288655,front_rgbd_red_sphere,True,True,True,,40.452,40.452,1791355965.27818,1791355965.2756069,1791355965.2522671,1791355965.2522671,1791355965.2522671,0.0,1791355964.2522473,1791355965.2522671,1791355965.2242608,1791355965.2522671,1791355965.2242608,1791355965.2522671,1791355964.2522473,1791355965.2522671,1791355964.2522473,1791355965.2522671,1791355924.8002672,GAZEBO_CLOCK_SYSTEM_INTERPOLATION,MAPPED_EXACT,0,40.452,1791355965.2522671,0.002275705337524414,0.0,RGB,0.0,0,1,0,UNCALIBRATED,PREPARATION,FAR,STRAIGHT,1.0,161,1.0,11.122364044189453,0.44860923290252686,nan,nan,False,0.0,0.0,0.0,0.0,0,0,0,0,0,0.0,0.0,0.0,0.0,0.0,0.0,0.0,0.0,0.0,0.0,0.0,0.0,0.0,0.0,10.021818762642571,-0.16176036414142114,4.821198684212913,0.0,0.0,0.0,0.0,0.0,0.0,0.0,0.0,0.0,0.0,0.0,False,DISABLED,0,nan,nan,nan,nan,nan,nan,nan,nan,nan,nan,nan,nan,nan,nan,nan,nan,nan,nan,nan,nan,nan,nan,nan,nan,nan,nan,nan,nan,nan,nan,nan,nan,nan,nan,48.51621261540324,-0.5912993055975937,0.08213177140787281,0.03656647938262225,0.03656647938262225,0.03656647938262225,48.530728981604916,-0.5306809736922546,0.1205096912757606,-0.014516366201675623,-0.06061833190533905,-0.038377919867887786,0.062332231234626896,0.07319953404273154,0.025912761688232422,False,DISABLED,none,MODEL_ORIGIN_FRAME_NOT_ESTABLISHED,nan,nan,nan,nan,nan,nan,nan,nan,nan,nan,nan,nan,nan,NOT_EVALUATED,nan,nan,nan,nan,DISABLED,nan,nan,nan,nan,nan,nan
1791355965.30027,1791355965.3427155,1791355965.3483346,1791355965.348389,front_rgbd_red_sphere,True,True,True,,40.5,40.5,1791355965.3427155,1791355965.3302014,1791355965.30027,1791355965.30027,1791355965.30027,0.0,1791355964.312275,1791355965.3322687,1791355965.304261,1791355965.3322687,1791355965.304261,1791355965.3322687,1791355964.3082652,1791355965.3322687,1791355964.312275,1791355965.3322687,1791355924.80027,GAZEBO_CLOCK_SYSTEM_INTERPOLATION,MAPPED_EXACT,0,40.5,1791355965.30027,0.0027618408203125,0.0,RGB,0.0,0,1,0,UNCALIBRATED,PREPARATION,FAR,STRAIGHT,1.0,162,1.0,11.002665519714355,0.44814130663871765,nan,nan,False,0.0,0.0,0.0,0.0,0,0,0,0,0,0.0,0.0,0.0,0.0,0.0,0.0,0.0,0.0,0.0,0.0,0.0,0.0,0.0,0.0,9.916196854162958,-0.1600187931274073,4.764671120456736,0.0,0.0,0.0,0.0,0.0,0.0,0.0,0.0,0.0,0.0,0.0,False,DISABLED,0,nan,nan,nan,nan,nan,nan,nan,nan,nan,nan,nan,nan,nan,nan,nan,nan,nan,nan,nan,nan,nan,nan,nan,nan,nan,nan,nan,nan,nan,nan,nan,nan,nan,nan,48.65747171814125,-0.7320594578496622,0.07491502721633586,0.036110131138259526,0.036110131138259526,0.036110131138259526,48.66643419549795,-0.6663404986725298,0.11346184489317374,-0.008962477356696752,-0.06571895917713244,-0.038546817676837875,0.0663272764079372,0.07671482743711468,0.04244542121887207,False,DISABLED,none,MODEL_ORIGIN_FRAME_NOT_ESTABLISHED,nan,nan,nan,nan,nan,nan,nan,nan,nan,nan,nan,nan,nan,NOT_EVALUATED,nan,nan,nan,nan,DISABLED,nan,nan,nan,nan,nan,nan
1791355965.3522642,1791355965.3854377,1791355965.3951766,1791355965.395214,front_rgbd_red_sphere,True,True,True,,40.552,40.552,1791355965.3752291,1791355965.3854377,1791355965.3522642,1791355965.3522642,1791355965.3522642,0.0,1791355964.372268,1791355965.3722827,1791355965.344261,1791355965.3722827,1791355965.344261,1791355965.3722827,1791355964.372268,1791355965.3722827,1791355964.372268,1791355965.3722827,1791355924.8002641,GAZEBO_CLOCK_SYSTEM_INTERPOLATION,MAPPED_EXACT,0,40.552,1791355965.3522642,0.002606630325317383,0.0,RGB,0.0,0,1,0,UNCALIBRATED,PREPARATION,FAR,STRAIGHT,1.0,168,1.0,10.858013153076172,0.447415292263031,nan,nan,False,0.0,0.0,0.0,0.0,0,0,0,0,0,0.0,0.0,0.0,0.0,0.0,0.0,0.0,0.0,0.0,0.0,0.0,0.0,0.0,0.0,9.789240876177885,-0.16401549955128303,4.6947108082124585,0.0,0.0,0.0,0.0,0.0,0.0,0.0,0.0,0.0,0.0,0.0,False,DISABLED,0,nan,nan,nan,nan,nan,nan,nan,nan,nan,nan,nan,nan,nan,nan,nan,nan,nan,nan,nan,nan,nan,nan,nan,nan,nan,nan,nan,nan,nan,nan,nan,nan,nan,nan,48.79875689611231,-0.8727714608741142,0.06703523802163597,0.03556246565321248,0.03556246565321248,0.03556246565321248,48.813444509513076,-0.8132743792771772,0.10508038933970591,-0.014687613400766963,-0.05949708159693701,-0.038045151318069945,0.0612831845285717,0.07213225523146916,0.033173561096191406,False,DISABLED,none,MODEL_ORIGIN_FRAME_NOT_ESTABLISHED,nan,nan,nan,nan,nan,nan,nan,nan,nan,nan,nan,nan,nan,NOT_EVALUATED,nan,nan,nan,nan,DISABLED,nan,nan,nan,nan,nan,nan
1791355965.4002638,1791355965.4381053,1791355965.4434764,1791355965.4435132,front_rgbd_red_sphere,True,True,True,,40.6,40.6,1791355965.4381053,1791355965.4358752,1791355965.4002638,1791355965.4002638,1791355965.4002638,0.0,1791355964.3922749,1791355965.4122565,1791355965.384261,1791355965.4122565,1791355965.384261,1791355965.4122565,1791355964.3882732,1791355965.4122565,1791355964.3922749,1791355965.4122565,1791355924.800264,GAZEBO_CLOCK_SYSTEM_INTERPOLATION,MAPPED_EXACT,0,40.6,1791355965.4002638,0.0021674633026123047,0.0,RGB,0.0,0,1,0,UNCALIBRATED,PREPARATION,FAR,STRAIGHT,1.0,173,1.0,10.73898696899414,0.447025328874588,nan,nan,False,0.0,0.0,0.0,0.0,0,0,0,0,0,0.0,0.0,0.0,0.0,0.0,0.0,0.0,0.0,0.0,0.0,0.0,0.0,0.0,0.0,9.683741552054489,-0.1622532042622522,4.639467289921396,0.0,0.0,0.0,0.0,0.0,0.0,0.0,0.0,0.0,0.0,0.0,False,DISABLED,0,nan,nan,nan,nan,nan,nan,nan,nan,nan,nan,nan,nan,nan,nan,nan,nan,nan,nan,nan,nan,nan,nan,nan,nan,nan,nan,nan,nan,nan,nan,nan,nan,nan,nan,48.94004178904318,-1.0136705626015723,0.05870264396551256,0.03511496189494967,0.03511496189494967,0.03511496189494967,48.949261228383186,-0.9489922282256451,0.0967333650899904,-0.009219439340007796,-0.06467833437592718,-0.03803072112447785,0.06533211307916137,0.07559511061329385,0.0378415584564209,False,DISABLED,none,MODEL_ORIGIN_FRAME_NOT_ESTABLISHED,nan,nan,nan,nan,nan,nan,nan,nan,nan,nan,nan,nan,nan,NOT_EVALUATED,nan,nan,nan,nan,DISABLED,nan,nan,nan,nan,nan,nan
1791355965.452274,1791355965.4777737,1791355965.4815006,1791355965.4815276,front_rgbd_red_sphere,True,True,True,,40.652,40.652,1791355965.4777737,1791355965.4752147,1791355965.452274,1791355965.452274,1791355965.452274,0.0,1791355964.4522543,1791355965.452274,1791355965.4242609,1791355965.452274,1791355965.4242609,1791355965.452274,1791355964.4522543,1791355965.452274,1791355964.4522543,1791355965.452274,1791355924.8002741,GAZEBO_CLOCK_SYSTEM_INTERPOLATION,MAPPED_EXACT,0,40.652,1791355965.452274,0.0017986297607421875,0.0,RGB,0.0,0,1,0,UNCALIBRATED,PREPARATION,FAR,STRAIGHT,1.0,171,1.0,10.595736503601074,0.4463544487953186,nan,nan,False,0.0,0.0,0.0,0.0,0,0,0,0,0,0.0,0.0,0.0,0.0,0.0,0.0,0.0,0.0,0.0,0.0,0.0,0.0,0.0,0.0,9.557637933218535,-0.166001664538439,4.5709542259103015,0.0,0.0,0.0,0.0,0.0,0.0,0.0,0.0,0.0,0.0,0.0,False,DISABLED,0,nan,nan,nan,nan,nan,nan,nan,nan,nan,nan,nan,nan,nan,nan,nan,nan,nan,nan,nan,nan,nan,nan,nan,nan,nan,nan,nan,nan,nan,nan,nan,nan,nan,nan,49.08177632228587,-1.1549188751774873,0.05016221972226259,0.03458013983799494,0.03458013983799494,0.03458013983799494,49.096175051991764,-1.0957609041465561,0.08707072738492619,-0.014398729705895619,-0.05915797103093112,-0.0369085076626636,0.06088504704473773,0.07119850343599102,0.025499582290649414,False,DISABLED,none,MODEL_ORIGIN_FRAME_NOT_ESTABLISHED,nan,nan,nan,nan,nan,nan,nan,nan,nan,nan,nan,nan,nan,NOT_EVALUATED,nan,nan,nan,nan,DISABLED,nan,nan,nan,nan,nan,nan
1791355965.5002823,1791355965.5305269,1791355965.5365028,1791355965.5365415,front_rgbd_red_sphere,True,True,True,,40.7,40.7,1791355965.5305269,1791355965.528282,1791355965.5002823,1791355965.5002823,1791355965.5002823,0.0,1791355964.4922647,1791355965.5082612,1791355965.4802608,1791355965.5082612,1791355965.484261,1791355965.512263,1791355964.4922647,1791355965.5082612,1791355964.4922647,1791355965.512263,1791355924.8002822,GAZEBO_CLOCK_SYSTEM_INTERPOLATION,MAPPED_EXACT,0,40.7,1791355965.5002823,0.0025408267974853516,0.0,RGB,0.0,0,1,0,UNCALIBRATED,PREPARATION,FAR,STRAIGHT,1.0,173,1.0,10.47679328918457,0.44598624110221863,nan,nan,False,0.0,0.0,0.0,0.0,0,0,0,0,0,0.0,0.0,0.0,0.0,0.0,0.0,0.0,0.0,0.0,0.0,0.0,0.0,0.0,0.0,9.452013110528332,-0.16451158352031214,4.51614721896127,0.0,0.0,0.0,0.0,0.0,0.0,0.0,0.0,0.0,0.0,0.0,False,DISABLED,0,nan,nan,nan,nan,nan,nan,nan,nan,nan,nan,nan,nan,nan,nan,nan,nan,nan,nan,nan,nan,nan,nan,nan,nan,nan,nan,nan,nan,nan,nan,nan,nan,nan,nan,49.22242865933963,-1.2954961785433379,0.04099686328254243,0.03413918972734236,0.03413918972734236,0.03413918972734236,49.232403421462394,-1.231816188498187,0.07760677204118568,-0.009974762122766379,-0.06367999004515079,-0.036609908758643256,0.06445647377538023,0.07412774400231308,0.03024458885192871,False,DISABLED,none,MODEL_ORIGIN_FRAME_NOT_ESTABLISHED,nan,nan,nan,nan,nan,nan,nan,nan,nan,nan,nan,nan,nan,NOT_EVALUATED,nan,nan,nan,nan,DISABLED,nan,nan,nan,nan,nan,nan
1791355965.5522738,1791355965.5846567,1791355965.5928514,1791355965.592882,front_rgbd_red_sphere,True,True,True,,40.752,40.752,1791355965.573396,1791355965.5846567,1791355965.5522738,1791355965.5522738,1791355965.5522738,0.0,1791355964.5722628,1791355965.572272,1791355965.544261,1791355965.572272,1791355965.544261,1791355965.572272,1791355964.5722628,1791355965.572272,1791355964.5722628,1791355965.572272,1791355924.8002737,GAZEBO_CLOCK_SYSTEM_INTERPOLATION,MAPPED_EXACT,0,40.752,1791355965.5522738,0.0017397403717041016,0.0,RGB,0.0,0,1,0,UNCALIBRATED,PREPARATION,FAR,STRAIGHT,1.0,182,1.0,10.333423614501953,0.4453575909137726,nan,nan,False,0.0,0.0,0.0,0.0,0,0,0,0,0,0.0,0.0,0.0,0.0,0.0,0.0,0.0,0.0,0.0,0.0,0.0,0.0,0.0,0.0,9.325466968994709,-0.16806855726567438,4.44826462587773,0.0,0.0,0.0,0.0,0.0,0.0,0.0,0.0,0.0,0.0,0.0,False,DISABLED,0,nan,nan,nan,nan,nan,nan,nan,nan,nan,nan,nan,nan,nan,nan,nan,nan,nan,nan,nan,nan,nan,nan,nan,nan,nan,nan,nan,nan,nan,nan,nan,nan,nan,nan,49.363220950650415,-1.4364312915858952,0.030739236919148316,0.03361144140035246,0.03361144140035246,0.03361144140035246,49.37967300538678,-1.3788488304835849,0.06686697077402973,-0.016452054736362243,-0.057582461102310356,-0.03612773385488141,0.05988664234741621,0.06994013929880673,0.032382965087890625,False,DISABLED,none,MODEL_ORIGIN_FRAME_NOT_ESTABLISHED,nan,nan,nan,nan,nan,nan,nan,nan,nan,nan,nan,nan,nan,NOT_EVALUATED,nan,nan,nan,nan,DISABLED,nan,nan,nan,nan,nan,nan
1791355965.6003175,1791355965.6333694,1791355965.6411178,1791355965.6411626,front_rgbd_red_sphere,True,True,True,,40.8,40.8,1791355965.6333694,1791355965.630795,1791355965.6003175,1791355965.6003175,1791355965.6003175,0.0,1791355964.5922537,1791355965.6122606,1791355965.584261,1791355965.6122606,1791355965.584261,1791355965.6122606,1791355964.588266,1791355965.6122606,1791355964.5922537,1791355965.6122606,1791355924.8003175,GAZEBO_CLOCK_SYSTEM_INTERPOLATION,MAPPED_EXACT,0,40.8,1791355965.6003175,0.0021359920501708984,0.0,RGB,0.0,0,1,0,UNCALIBRATED,PREPARATION,FAR,STRAIGHT,1.0,186,1.0,10.216103553771973,0.44507867097854614,nan,nan,False,0.0,0.0,0.0,0.0,0,0,0,0,0,0.0,0.0,0.0,0.0,0.0,0.0,0.0,0.0,0.0,0.0,0.0,0.0,0.0,0.0,9.220818411190537,-0.16624712088622573,4.395184983253772,0.0,0.0,0.0,0.0,0.0,0.0,0.0,0.0,0.0,0.0,0.0,False,DISABLED,0,nan,nan,nan,nan,nan,nan,nan,nan,nan,nan,nan,nan,nan,nan,nan,nan,nan,nan,nan,nan,nan,nan,nan,nan,nan,nan,nan,nan,nan,nan,nan,nan,nan,nan,49.504656273179826,-1.5777919524154216,0.02029086347103265,0.03318264456084628,0.03318264456084628,0.03318264456084628,49.51562832779091,-1.5145372767690497,0.05656829554706166,-0.01097205461108075,-0.06325467564637188,-0.03627743207602901,0.06419922097281439,0.07374003018406725,0.03305196762084961,False,DISABLED,none,MODEL_ORIGIN_FRAME_NOT_ESTABLISHED,nan,nan,nan,nan,nan,nan,nan,nan,nan,nan,nan,nan,nan,NOT_EVALUATED,nan,nan,nan,nan,DISABLED,nan,nan,nan,nan,nan,nan
1791355965.6522632,1791355965.6879401,1791355965.6929243,1791355965.6929493,front_rgbd_red_sphere,True,True,True,,40.852,40.852,1791355965.6879401,1791355965.6728575,1791355965.6522632,1791355965.6522632,1791355965.6522632,0.0,1791355964.6722713,1791355965.6682596,1791355965.640261,1791355965.6682596,1791355965.644261,1791355965.672283,1791355964.6522646,1791355965.6682596,1791355964.6722713,1791355965.672283,1791355924.8002632,GAZEBO_CLOCK_SYSTEM_INTERPOLATION,MAPPED_EXACT,0,40.852,1791355965.6522632,0.004037141799926758,0.0,RGB,0.0,0,1,0,UNCALIBRATED,PREPARATION,FAR,STRAIGHT,1.0,192,1.0,10.073710441589355,0.4444798231124878,nan,nan,False,0.0,0.0,0.0,0.0,0,0,0,0,0,0.0,0.0,0.0,0.0,0.0,0.0,0.0,0.0,0.0,0.0,0.0,0.0,0.0,0.0,9.094893330042334,-0.1697442290163904,4.328250543733573,0.0,0.0,0.0,0.0,0.0,0.0,0.0,0.0,0.0,0.0,0.0,False,DISABLED,0,nan,nan,nan,nan,nan,nan,nan,nan,nan,nan,nan,nan,nan,nan,nan,nan,nan,nan,nan,nan,nan,nan,nan,nan,nan,nan,nan,nan,nan,nan,nan,nan,nan,nan,49.64530868429212,-1.7185930552831499,0.009510493112030838,0.03266590243703379,0.03266590243703379,0.03266590243703379,49.66279813865952,-1.6613569188196755,0.0450509952257236,-0.017489454367400015,-0.05723613646347436,-0.035540502113692765,0.05984861177450006,0.06960591657200002,0.03567695617675781,False,DISABLED,none,MODEL_ORIGIN_FRAME_NOT_ESTABLISHED,nan,nan,nan,nan,nan,nan,nan,nan,nan,nan,nan,nan,nan,NOT_EVALUATED,nan,nan,nan,nan,DISABLED,nan,nan,nan,nan,nan,nan
1791355965.700262,1791355965.7397962,1791355965.7436614,1791355965.7436845,front_rgbd_red_sphere,True,True,True,,40.9,40.9,1791355965.7397962,1791355965.7391276,1791355965.700262,1791355965.700262,1791355965.700262,0.0,1791355964.712266,1791355965.7082667,1791355965.680261,1791355965.7082667,1791355965.6842608,1791355965.7122676,1791355964.7082584,1791355965.7082667,1791355964.712266,1791355965.7122676,1791355924.800262,GAZEBO_CLOCK_SYSTEM_INTERPOLATION,MAPPED_EXACT,0,40.9,1791355965.700262,0.0037245750427246094,0.0,RGB,0.0,0,1,0,UNCALIBRATED,PREPARATION,MID,STRAIGHT,1.0,196,1.0,9.95720100402832,0.44424912333488464,nan,nan,False,0.0,0.0,0.0,0.0,0,0,0,0,0,0.0,0.0,0.0,0.0,0.0,0.0,0.0,0.0,0.0,0.0,0.0,0.0,0.0,0.0,8.990691737416093,-0.1680111377454736,4.276106749563088,0.0,0.0,0.0,0.0,0.0,0.0,0.0,0.0,0.0,0.0,0.0,False,DISABLED,0,nan,nan,nan,nan,nan,nan,nan,nan,nan,nan,nan,nan,nan,nan,nan,nan,nan,nan,nan,nan,nan,nan,nan,nan,nan,nan,nan,nan,nan,nan,nan,nan,nan,nan,49.78629594310155,-1.860101961435968,-0.001570743890666193,0.03224610728741947,0.03224610728741947,0.03224610728741947,49.798636555361455,-1.7968141558622197,0.034162685013278835,-0.012340612259905015,-0.06328780557374825,-0.03573342890394503,0.06447974135563726,0.07371916295321843,0.03953409194946289,False,DISABLED,none,MODEL_ORIGIN_FRAME_NOT_ESTABLISHED,nan,nan,nan,nan,nan,nan,nan,nan,nan,nan,nan,nan,nan,NOT_EVALUATED,nan,nan,nan,nan,DISABLED,nan,nan,nan,nan,nan,nan
1791355965.752247,1791355965.7788134,1791355965.7912822,1791355965.7913408,front_rgbd_red_sphere,True,True,True,,40.952,40.952,1791355965.7788134,1791355965.77731,1791355965.752247,1791355965.752247,1791355965.752247,0.0,1791355964.7722688,1791355965.772285,1791355965.744261,1791355965.772285,1791355965.744261,1791355965.772285,1791355964.7722688,1791355965.772285,1791355964.7722688,1791355965.772285,1791355924.8002472,GAZEBO_CLOCK_SYSTEM_INTERPOLATION,MAPPED_EXACT,0,40.952,1791355965.752247,0.003517627716064453,0.0,RGB,0.0,0,1,0,UNCALIBRATED,PREPARATION,MID,STRAIGHT,1.0,200,1.0,9.815792083740234,0.4437137544155121,nan,nan,False,0.0,0.0,0.0,0.0,0,0,0,0,0,0.0,0.0,0.0,0.0,0.0,0.0,0.0,0.0,0.0,0.0,0.0,0.0,0.0,0.0,8.865266406337692,-0.17131576378892088,4.2104018051915695,0.0,0.0,0.0,0.0,0.0,0.0,0.0,0.0,0.0,0.0,0.0,False,DISABLED,0,nan,nan,nan,nan,nan,nan,nan,nan,nan,nan,nan,nan,nan,nan,nan,nan,nan,nan,nan,nan,nan,nan,nan,nan,nan,nan,nan,nan,nan,nan,nan,nan,nan,nan,49.927296875325545,-2.0014674132123322,-0.013016803790891596,0.03174024596884615,0.03174024596884615,0.03174024596884615,49.94564635218558,-1.94333888126031,0.02215910979789243,-0.01834947686003119,-0.05812853195202217,-0.035175913588784025,0.06095596384222041,0.07037737153900878,0.026566267013549805,False,DISABLED,none,MODEL_ORIGIN_FRAME_NOT_ESTABLISHED,nan,nan,nan,nan,nan,nan,nan,nan,nan,nan,nan,nan,nan,NOT_EVALUATED,nan,nan,nan,nan,DISABLED,nan,nan,nan,nan,nan,nan
1791355965.8002512,1791355965.83915,1791355965.8433795,1791355965.8434126,front_rgbd_red_sphere,True,True,True,,41.0,41.0,1791355965.830258,1791355965.83915,1791355965.8002512,1791355965.8002512,1791355965.8002512,0.0,1791355964.7922559,1791355965.812255,1791355965.784349,1791355965.812255,1791355965.784349,1791355965.812255,1791355964.788279,1791355965.812255,1791355964.7922559,1791355965.812255,1791355924.8002512,GAZEBO_CLOCK_SYSTEM_INTERPOLATION,MAPPED_EXACT,0,41.0,1791355965.8002512,0.0032083988189697266,0.0,RGB,0.0,0,1,0,UNCALIBRATED,PREPARATION,MID,STRAIGHT,1.0,204,1.0,9.699994087219238,0.44353416562080383,nan,nan,False,0.0,0.0,0.0,0.0,0,0,0,0,0,0.0,0.0,0.0,0.0,0.0,0.0,0.0,0.0,0.0,0.0,0.0,0.0,0.0,0.0,8.761428879326647,-0.16970049363763628,4.159139660535624,0.0,0.0,0.0,0.0,0.0,0.0,0.0,0.0,0.0,0.0,0.0,False,DISABLED,0,nan,nan,nan,nan,nan,nan,nan,nan,nan,nan,nan,nan,nan,nan,nan,nan,nan,nan,nan,nan,nan,nan,nan,nan,nan,nan,nan,nan,nan,nan,nan,nan,nan,nan,50.06812116359957,-2.1430382551582805,-0.024854629969759234,0.03132897755217792,0.03132897755217792,0.03132897755217792,50.08192131827107,-2.079095892685693,0.010905224331550598,-0.013800154671500309,-0.06394236247258744,-0.03575985430130983,0.06541460072134578,0.074550903194958,0.03889870643615723,False,DISABLED,none,MODEL_ORIGIN_FRAME_NOT_ESTABLISHED,nan,nan,nan,nan,nan,nan,nan,nan,nan,nan,nan,nan,nan,NOT_EVALUATED,nan,nan,nan,nan,DISABLED,nan,nan,nan,nan,nan,nan
1791355965.8522642,1791355965.8811245,1791355965.889418,1791355965.8894725,front_rgbd_red_sphere,True,True,True,,41.052,41.052,1791355965.8811245,1791355965.8798206,1791355965.8522642,1791355965.8522642,1791355965.8522642,0.0,1791355964.8722663,1791355965.8682594,1791355965.840349,1791355965.8682594,1791355965.844349,1791355965.8722675,1791355964.8522668,1791355965.8682594,1791355964.8722663,1791355965.8722675,1791355924.8002641,GAZEBO_CLOCK_SYSTEM_INTERPOLATION,MAPPED_EXACT,0,41.052,1791355965.8522642,0.003533601760864258,0.0,RGB,0.0,0,1,0,UNCALIBRATED,PREPARATION,MID,STRAIGHT,1.0,213,1.0,9.559288024902344,0.4429958760738373,nan,nan,False,0.0,0.0,0.0,0.0,0,0,0,0,0,0.0,0.0,0.0,0.0,0.0,0.0,0.0,0.0,0.0,0.0,0.0,0.0,0.0,0.0,8.636544388478583,-0.17302181725152366,4.09391559926782,0.0,0.0,0.0,0.0,0.0,0.0,0.0,0.0,0.0,0.0,0.0,False,DISABLED,0,nan,nan,nan,nan,nan,nan,nan,nan,nan,nan,nan,nan,nan,nan,nan,nan,nan,nan,nan,nan,nan,nan,nan,nan,nan,nan,nan,nan,nan,nan,nan,nan,nan,nan,50.20952956476984,-2.284545395202847,-0.0363814804585571,0.03083285829258681,0.03083285829258681,0.03083285829258681,50.229417828967534,-2.2259471915507367,-0.0013416550422174823,-0.019888264197696515,-0.058598203652110215,-0.03503982541633962,0.06188127765367777,0.07111316255981814,0.02886033058166504,False,DISABLED,none,MODEL_ORIGIN_FRAME_NOT_ESTABLISHED,nan,nan,nan,nan,nan,nan,nan,nan,nan,nan,nan,nan,nan,NOT_EVALUATED,nan,nan,nan,nan,DISABLED,nan,nan,nan,nan,nan,nan
1791355965.900248,1791355965.9309175,1791355965.9362547,1791355965.9363012,front_rgbd_red_sphere,True,True,True,,41.1,41.1,1791355965.9232173,1791355965.9309175,1791355965.900248,1791355965.900248,1791355965.900248,0.0,1791355964.9122612,1791355965.908295,1791355965.880349,1791355965.908295,1791355965.8843489,1791355965.9122643,1791355964.9082599,1791355965.908295,1791355964.9122612,1791355965.9122643,1791355924.8002481,GAZEBO_CLOCK_SYSTEM_INTERPOLATION,MAPPED_EXACT,0,41.1,1791355965.900248,0.002995729446411133,0.0,RGB,0.0,0,1,0,UNCALIBRATED,PREPARATION,MID,STRAIGHT,1.0,218,1.0,9.444418907165527,0.44276753067970276,nan,nan,False,0.0,0.0,0.0,0.0,0,0,0,0,0,0.0,0.0,0.0,0.0,0.0,0.0,0.0,0.0,0.0,0.0,0.0,0.0,0.0,0.0,8.533687774388744,-0.17153182977613124,4.042746049015737,0.0,0.0,0.0,0.0,0.0,0.0,0.0,0.0,0.0,0.0,0.0,False,DISABLED,0,nan,nan,nan,nan,nan,nan,nan,nan,nan,nan,nan,nan,nan,nan,nan,nan,nan,nan,nan,nan,nan,nan,nan,nan,nan,nan,nan,nan,nan,nan,nan,nan,nan,nan,50.35079002656112,-2.4259025685456157,-0.0477083661552386,0.0304307746062586,0.0304307746062586,0.0304307746062586,50.36543346291357,-2.3612897619033446,-0.01262656172523779,-0.014643436352450578,-0.06461280664227109,-0.035081804430000814,0.0662513774226603,0.0749665126070608,0.030669450759887695,False,DISABLED,none,MODEL_ORIGIN_FRAME_NOT_ESTABLISHED,nan,nan,nan,nan,nan,nan,nan,nan,nan,nan,nan,nan,nan,NOT_EVALUATED,nan,nan,nan,nan,DISABLED,nan,nan,nan,nan,nan,nan
1791355965.9522536,1791355965.976531,1791355965.9933028,1791355965.9933589,front_rgbd_red_sphere,True,True,True,,41.152,41.152,1791355965.976531,1791355965.9733553,1791355965.9522536,1791355965.9522536,1791355965.9522536,0.0,1791355964.9722674,1791355965.9722733,1791355965.9443488,1791355965.9722733,1791355965.9443488,1791355965.9722733,1791355964.9722674,1791355965.9722733,1791355964.9722674,1791355965.9722733,1791355924.8002536,GAZEBO_CLOCK_SYSTEM_INTERPOLATION,MAPPED_EXACT,0,41.152,1791355965.9522536,0.0026772022247314453,0.0,RGB,0.0,0,1,0,UNCALIBRATED,PREPARATION,MID,STRAIGHT,1.0,225,1.0,9.304512977600098,0.4421541094779968,nan,nan,False,0.0,0.0,0.0,0.0,0,0,0,0,0,0.0,0.0,0.0,0.0,0.0,0.0,0.0,0.0,0.0,0.0,0.0,0.0,0.0,0.0,8.409716707360129,-0.17473895096180492,3.9774473675882183,0.0,0.0,0.0,0.0,0.0,0.0,0.0,0.0,0.0,0.0,0.0,False,DISABLED,0,nan,nan,nan,nan,nan,nan,nan,nan,nan,nan,nan,nan,nan,nan,nan,nan,nan,nan,nan,nan,nan,nan,nan,nan,nan,nan,nan,nan,nan,nan,nan,nan,nan,nan,50.492084028523045,-2.5671123102136724,-0.0586273789090061,0.02994461593688122,0.02994461593688122,0.02994461593688122,50.51305671507321,-2.508086240104914,-0.024784459554431523,-0.020972686550166486,-0.059026070108758155,-0.03384291935457458,0.06264128457826809,0.07119883232227762,0.024277448654174805,False,DISABLED,none,MODEL_ORIGIN_FRAME_NOT_ESTABLISHED,nan,nan,nan,nan,nan,nan,nan,nan,nan,nan,nan,nan,nan,NOT_EVALUATED,nan,nan,nan,nan,DISABLED,nan,nan,nan,nan,nan,nan
1791355966.00025,1791355966.0336535,1791355966.0371811,1791355966.0372171,front_rgbd_red_sphere,True,True,True,,41.2,41.2,1791355966.0336535,1791355966.030685,1791355966.00025,1791355966.00025,1791355966.00025,0.0,1791355964.9922628,1791355966.0122635,1791355965.984349,1791355966.0122635,1791355965.984349,1791355966.0122635,1791355964.988297,1791355966.0122635,1791355964.9922628,1791355966.0122635,1791355924.80025,GAZEBO_CLOCK_SYSTEM_INTERPOLATION,MAPPED_EXACT,0,41.2,1791355966.00025,0.0016455650329589844,0.0,RGB,0.0,0,1,0,UNCALIBRATED,PREPARATION,MID,STRAIGHT,1.0,227,1.0,9.190346717834473,0.4418618381023407,nan,nan,False,0.0,0.0,0.0,0.0,0,0,0,0,0,0.0,0.0,0.0,0.0,0.0,0.0,0.0,0.0,0.0,0.0,0.0,0.0,0.0,0.0,8.307679032417663,-0.17337501443459935,3.926179615853145,0.0,0.0,0.0,0.0,0.0,0.0,0.0,0.0,0.0,0.0,0.0,False,DISABLED,0,nan,nan,nan,nan,nan,nan,nan,nan,nan,nan,nan,nan,nan,nan,nan,nan,nan,nan,nan,nan,nan,nan,nan,nan,nan,nan,nan,nan,nan,nan,nan,nan,nan,nan,50.63336764664938,-2.7081767844258917,-0.06984614515817905,0.02955080266076257,0.02955080266076257,0.02955080266076257,50.64916045441981,-2.6433394954903284,-0.03585020452388139,-0.015792807770424133,-0.06483728893556329,-0.03399594063429766,0.06673295148416025,0.07489332943191922,0.03340339660644531,False,DISABLED,none,MODEL_ORIGIN_FRAME_NOT_ESTABLISHED,nan,nan,nan,nan,nan,nan,nan,nan,nan,nan,nan,nan,nan,NOT_EVALUATED,nan,nan,nan,nan,DISABLED,nan,nan,nan,nan,nan,nan
1791355966.0522504,1791355966.0786612,1791355966.0829468,1791355966.0829713,front_rgbd_red_sphere,True,True,True,,41.252,41.252,1791355966.0786612,1791355966.0757382,1791355966.0522504,1791355966.0522504,1791355966.0522504,0.0,1791355965.0322828,1791355966.0522504,1791355966.024349,1791355966.0522504,1791355966.024349,1791355966.0522504,1791355965.028262,1791355966.0522504,1791355965.0322828,1791355966.0522504,1791355924.8002503,GAZEBO_CLOCK_SYSTEM_INTERPOLATION,MAPPED_EXACT,0,41.252,1791355966.0522504,0.0026984214782714844,0.0,RGB,0.0,0,1,0,UNCALIBRATED,PREPARATION,MID,STRAIGHT,1.0,233,1.0,9.051338195800781,0.4412243664264679,nan,nan,False,0.0,0.0,0.0,0.0,0,0,0,0,0,0.0,0.0,0.0,0.0,0.0,0.0,0.0,0.0,0.0,0.0,0.0,0.0,0.0,0.0,8.184486613861134,-0.17636061745675047,3.861320475330716,0.0,0.0,0.0,0.0,0.0,0.0,0.0,0.0,0.0,0.0,0.0,False,DISABLED,0,nan,nan,nan,nan,nan,nan,nan,nan,nan,nan,nan,nan,nan,nan,nan,nan,nan,nan,nan,nan,nan,nan,nan,nan,nan,nan,nan,nan,nan,nan,nan,nan,nan,nan,50.774919758921754,-2.849447191226947,-0.08051170077288711,0.029074812838678375,0.029074812838678375,0.029074812838678375,50.796718392414476,-2.7898676570774357,-0.047603809461256266,-0.02179863349272182,-0.059579534149511115,-0.03290789131163084,0.06344210992410936,0.07146908857821599,0.026410818099975586,False,DISABLED,none,MODEL_ORIGIN_FRAME_NOT_ESTABLISHED,nan,nan,nan,nan,nan,nan,nan,nan,nan,nan,nan,nan,nan,NOT_EVALUATED,nan,nan,nan,nan,DISABLED,nan,nan,nan,nan,nan,nan
1791355966.1002507,1791355966.1258626,1791355966.130587,1791355966.1306143,front_rgbd_red_sphere,True,True,True,,41.3,41.3,1791355966.1258626,1791355966.1226518,1791355966.1002507,1791355966.1002507,1791355966.1002507,0.0,1791355965.1082816,1791355966.108301,1791355966.080349,1791355966.108301,1791355966.084349,1791355966.1122649,1791355965.1082816,1791355966.108301,1791355965.0922594,1791355966.1122649,1791355924.8002508,GAZEBO_CLOCK_SYSTEM_INTERPOLATION,MAPPED_EXACT,0,41.3,1791355966.1002507,0.0019295215606689453,0.0,RGB,0.0,0,1,0,UNCALIBRATED,PREPARATION,MID,STRAIGHT,1.0,240,1.0,8.938194274902344,0.4408775269985199,nan,nan,False,0.0,0.0,0.0,0.0,0,0,0,0,0,0.0,0.0,0.0,0.0,0.0,0.0,0.0,0.0,0.0,0.0,0.0,0.0,0.0,0.0,8.083501870610592,-0.17503183929007005,3.8102062984426226,0.0,0.0,0.0,0.0,0.0,0.0,0.0,0.0,0.0,0.0,0.0,False,DISABLED,0,nan,nan,nan,nan,nan,nan,nan,nan,nan,nan,nan,nan,nan,nan,nan,nan,nan,nan,nan,nan,nan,nan,nan,nan,nan,nan,nan,nan,nan,nan,nan,nan,nan,nan,50.916721000347984,-2.9907160426137276,-0.0907357699906674,0.028690241350290323,0.028690241350290323,0.028690241350290323,50.93297523096869,-2.9250750694789045,-0.05818244568378716,-0.01625423062070297,-0.06564097313482309,-0.032553324306880245,0.06762349715267293,0.07505102458052446,0.02561187744140625,False,DISABLED,none,MODEL_ORIGIN_FRAME_NOT_ESTABLISHED,nan,nan,nan,nan,nan,nan,nan,nan,nan,nan,nan,nan,nan,NOT_EVALUATED,nan,nan,nan,nan,DISABLED,nan,nan,nan,nan,nan,nan
1791355966.152252,1791355966.1748548,1791355966.1891925,1791355966.1892378,front_rgbd_red_sphere,True,True,True,,41.352,41.352,1791355966.1748548,1791355966.17092,1791355966.152252,1791355966.152252,1791355966.152252,0.0,1791355965.1722674,1791355966.1722832,1791355966.1443489,1791355966.1722832,1791355966.1443489,1791355966.1722832,1791355965.1722674,1791355966.1722832,1791355965.1722674,1791355966.1722832,1791355924.800252,GAZEBO_CLOCK_SYSTEM_INTERPOLATION,MAPPED_EXACT,0,41.352,1791355966.152252,0.002919435501098633,0.0,RGB,0.0,0,1,0,UNCALIBRATED,PREPARATION,MID,STRAIGHT,1.0,250,1.0,8.79992389678955,0.44008222222328186,nan,nan,False,0.0,0.0,0.0,0.0,0,0,0,0,0,0.0,0.0,0.0,0.0,0.0,0.0,0.0,0.0,0.0,0.0,0.0,0.0,0.0,0.0,7.961437557101261,-0.1778146993043208,3.744670205957447,0.0,0.0,0.0,0.0,0.0,0.0,0.0,0.0,0.0,0.0,0.0,False,DISABLED,0,nan,nan,nan,nan,nan,nan,nan,nan,nan,nan,nan,nan,nan,nan,nan,nan,nan,nan,nan,nan,nan,nan,nan,nan,nan,nan,nan,nan,nan,nan,nan,nan,nan,nan,51.05873500896324,-3.1319826327381404,-0.10025818569473527,0.028223744371112237,0.028223744371112237,0.028223744371112237,51.08070913990731,-3.0715514877108494,-0.06926057361893262,-0.021974130944073522,-0.06043114502729097,-0.03099761207580265,0.06430229949276124,0.07138373536358761,0.02260279655456543,False,DISABLED,none,MODEL_ORIGIN_FRAME_NOT_ESTABLISHED,nan,nan,nan,nan,nan,nan,nan,nan,nan,nan,nan,nan,nan,NOT_EVALUATED,nan,nan,nan,nan,DISABLED,nan,nan,nan,nan,nan,nan
1791355966.200248,1791355966.2279968,1791355966.2316768,1791355966.2317019,front_rgbd_red_sphere,True,True,True,,41.4,41.4,1791355966.2279968,1791355966.227195,1791355966.200248,1791355966.200248,1791355966.200248,0.0,1791355965.2122693,1791355966.212288,1791355966.1843488,1791355966.212288,1791355966.1843488,1791355966.212288,1791355965.2122693,1791355966.212288,1791355965.2122693,1791355966.212288,1791355924.800248,GAZEBO_CLOCK_SYSTEM_INTERPOLATION,MAPPED_EXACT,0,41.4,1791355966.200248,0.004030942916870117,0.0,RGB,0.0,0,1,0,UNCALIBRATED,PREPARATION,MID,STRAIGHT,1.0,254,1.0,8.68722915649414,0.4395832419395447,nan,nan,False,0.0,0.0,0.0,0.0,0,0,0,0,0,0.0,0.0,0.0,0.0,0.0,0.0,0.0,0.0,0.0,0.0,0.0,0.0,0.0,0.0,7.86132666543701,-0.17657027819457394,3.692738961967094,0.0,0.0,0.0,0.0,0.0,0.0,0.0,0.0,0.0,0.0,0.0,False,DISABLED,0,nan,nan,nan,nan,nan,nan,nan,nan,nan,nan,nan,nan,nan,nan,nan,nan,nan,nan,nan,nan,nan,nan,nan,nan,nan,nan,nan,nan,nan,nan,nan,nan,nan,nan,51.20070098565944,-3.272901229320741,-0.10923719480939947,0.02784636258105461,0.02784636258105461,0.02784636258105461,51.21715307181994,-3.2067250336118303,-0.07909206283603525,-0.01645208616050553,-0.06617619570891087,-0.030145131973364228,0.06819061531865489,0.0745566160661032,0.027748823165893555,False,DISABLED,none,MODEL_ORIGIN_FRAME_NOT_ESTABLISHED,nan,nan,nan,nan,nan,nan,nan,nan,nan,nan,nan,nan,nan,NOT_EVALUATED,nan,nan,nan,nan,DISABLED,nan,nan,nan,nan,nan,nan
1791355966.2522469,1791355966.279537,1791355966.2859852,1791355966.2860215,front_rgbd_red_sphere,True,True,True,,41.452,41.452,1791355966.279537,1791355966.2762735,1791355966.2522469,1791355966.2522469,1791355966.2522469,0.0,1791355965.23227,1791355966.252247,1791355966.224349,1791355966.252247,1791355966.224349,1791355966.252247,1791355965.2282565,1791355966.252247,1791355965.23227,1791355966.252247,1791355924.800247,GAZEBO_CLOCK_SYSTEM_INTERPOLATION,MAPPED_EXACT,0,41.452,1791355966.2522469,0.003692626953125,0.0,RGB,0.0,0,1,0,UNCALIBRATED,PREPARATION,MID,STRAIGHT,1.0,261,1.0,8.550065994262695,0.4386092722415924,nan,nan,False,0.0,0.0,0.0,0.0,0,0,0,0,0,0.0,0.0,0.0,0.0,0.0,0.0,0.0,0.0,0.0,0.0,0.0,0.0,0.0,0.0,7.740743401441731,-0.17932901987817385,3.626617624381285,0.0,0.0,0.0,0.0,0.0,0.0,0.0,0.0,0.0,0.0,0.0,False,DISABLED,0,nan,nan,nan,nan,nan,nan,nan,nan,nan,nan,nan,nan,nan,nan,nan,nan,nan,nan,nan,nan,nan,nan,nan,nan,nan,nan,nan,nan,nan,nan,nan,nan,nan,nan,51.343267396397344,-3.4138139948054462,-0.11766396359600778,0.02739046731712543,0.02739046731712543,0.02739046731712543,51.36497978857872,-3.353043957853842,-0.08921464972815783,-0.021712392181377993,-0.06077003695160421,-0.02844931386784995,0.06453235905603719,0.07052509358298467,0.02729010581970215,False,DISABLED,none,MODEL_ORIGIN_FRAME_NOT_ESTABLISHED,nan,nan,nan,nan,nan,nan,nan,nan,nan,nan,nan,nan,nan,NOT_EVALUATED,nan,nan,nan,nan,DISABLED,nan,nan,nan,nan,nan,nan
1791355966.3002567,1791355966.324247,1791355966.3300674,1791355966.330099,front_rgbd_red_sphere,True,True,True,,41.5,41.5,1791355966.324247,1791355966.3203979,1791355966.3002567,1791355966.3002567,1791355966.3002567,0.0,1791355965.3122652,1791355966.3082697,1791355966.280349,1791355966.3082697,1791355966.284349,1791355966.3122785,1791355965.308265,1791355966.3082697,1791355965.3122652,1791355966.3122785,1791355924.8002567,GAZEBO_CLOCK_SYSTEM_INTERPOLATION,MAPPED_EXACT,0,41.5,1791355966.3002567,0.0010230541229248047,0.0,RGB,0.0,0,1,0,UNCALIBRATED,PREPARATION,MID,STRAIGHT,1.0,270,1.0,8.438447952270508,0.4379420876502991,nan,nan,False,0.0,0.0,0.0,0.0,0,0,0,0,0,0.0,0.0,0.0,0.0,0.0,0.0,0.0,0.0,0.0,0.0,0.0,0.0,0.0,0.0,7.6420804713304005,-0.17815032087696725,3.5741117385763586,0.0,0.0,0.0,0.0,0.0,0.0,0.0,0.0,0.0,0.0,0.0,False,DISABLED,0,nan,nan,nan,nan,nan,nan,nan,nan,nan,nan,nan,nan,nan,nan,nan,nan,nan,nan,nan,nan,nan,nan,nan,nan,nan,nan,nan,nan,nan,nan,nan,nan,nan,nan,51.485486652240766,-3.554681205011369,-0.1255221778529389,0.027022257564526603,0.027022257564526603,0.027022257564526603,51.50147036019279,-3.4880231628519125,-0.09804699850396754,-0.015983707952024417,-0.0666580421594567,-0.027475179348971354,0.06854760028204865,0.07384889291442125,0.023990154266357422,False,DISABLED,none,MODEL_ORIGIN_FRAME_NOT_ESTABLISHED,nan,nan,nan,nan,nan,nan,nan,nan,nan,nan,nan,nan,nan,NOT_EVALUATED,nan,nan,nan,nan,DISABLED,nan,nan,nan,nan,nan,nan
1791355966.35225,1791355966.3885958,1791355966.3971946,1791355966.3972387,front_rgbd_red_sphere,True,True,True,,41.552,41.552,1791355966.3885958,1791355966.3755555,1791355966.35225,1791355966.35225,1791355966.35225,0.0,1791355965.3522642,1791355966.372268,1791355966.344349,1791355966.372268,1791355966.344349,1791355966.372268,1791355965.3482645,1791355966.372268,1791355965.3522642,1791355966.372268,1791355924.80025,GAZEBO_CLOCK_SYSTEM_INTERPOLATION,MAPPED_EXACT,0,41.552,1791355966.35225,0.0010769367218017578,0.0,RGB,0.0,0,1,0,UNCALIBRATED,PREPARATION,MID,STRAIGHT,1.0,275,1.0,8.302139282226562,0.43680688738822937,nan,nan,False,0.0,0.0,0.0,0.0,0,0,0,0,0,0.0,0.0,0.0,0.0,0.0,0.0,0.0,0.0,0.0,0.0,0.0,0.0,0.0,0.0,7.522627778932498,-0.1807330742316653,3.5075530116071088,0.0,0.0,0.0,0.0,0.0,0.0,0.0,0.0,0.0,0.0,0.0,False,DISABLED,0,nan,nan,nan,nan,nan,nan,nan,nan,nan,nan,nan,nan,nan,nan,nan,nan,nan,nan,nan,nan,nan,nan,nan,nan,nan,nan,nan,nan,nan,nan,nan,nan,nan,nan,51.62799204324706,-3.695226079470313,-0.1325131116467218,0.026575975423372734,0.026575975423372734,0.026575975423372734,51.64930075057025,-3.6340733938744894,-0.10696017025537853,-0.021308707323186127,-0.06115268559582354,-0.025552941391343273,0.06475887555668991,0.06961799176302254,0.036345720291137695,False,DISABLED,none,MODEL_ORIGIN_FRAME_NOT_ESTABLISHED,nan,nan,nan,nan,nan,nan,nan,nan,nan,nan,nan,nan,nan,NOT_EVALUATED,nan,nan,nan,nan,DISABLED,nan,nan,nan,nan,nan,nan
1791355966.400256,1791355966.432876,1791355966.4386206,1791355966.4386683,front_rgbd_red_sphere,True,True,True,,41.6,41.6,1791355966.432876,1791355966.4316187,1791355966.400256,1791355966.400256,1791355966.400256,0.0,1791355965.4122565,1791355966.4122968,1791355966.3843489,1791355966.4122968,1791355966.3843489,1791355966.4122968,1791355965.4122565,1791355966.4122968,1791355965.4122565,1791355966.4122968,1791355924.800256,GAZEBO_CLOCK_SYSTEM_INTERPOLATION,MAPPED_EXACT,0,41.6,1791355966.400256,0.0010178089141845703,0.0,RGB,0.0,0,1,0,UNCALIBRATED,PREPARATION,MID,STRAIGHT,1.0,284,1.0,8.191198348999023,0.4359756410121918,nan,nan,False,0.0,0.0,0.0,0.0,0,0,0,0,0,0.0,0.0,0.0,0.0,0.0,0.0,0.0,0.0,0.0,0.0,0.0,0.0,0.0,0.0,7.424981437257207,-0.17973880036832224,3.4544293223393936,0.0,0.0,0.0,0.0,0.0,0.0,0.0,0.0,0.0,0.0,0.0,False,DISABLED,0,nan,nan,nan,nan,nan,nan,nan,nan,nan,nan,nan,nan,nan,nan,nan,nan,nan,nan,nan,nan,nan,nan,nan,nan,nan,nan,nan,nan,nan,nan,nan,nan,nan,nan,51.770465221276424,-3.8356088134956945,-0.13892550396320408,0.026215491767559204,0.026215491767559204,0.026215491767559204,51.78615175982463,-3.769146309483338,-0.11459322699266293,-0.015686538548202122,-0.06646250401235632,-0.024332276970541147,0.06828859298020945,0.07249407999131954,0.03262019157409668,False,DISABLED,none,MODEL_ORIGIN_FRAME_NOT_ESTABLISHED,nan,nan,nan,nan,nan,nan,nan,nan,nan,nan,nan,nan,nan,NOT_EVALUATED,nan,nan,nan,nan,DISABLED,nan,nan,nan,nan,nan,nan
1791355966.4522526,1791355966.476856,1791355966.4836507,1791355966.4836993,front_rgbd_red_sphere,True,True,True,,41.652,41.652,1791355966.476856,1791355966.4737473,1791355966.4522526,1791355966.4522526,1791355966.4522526,0.0,1791355965.4322736,1791355966.4522526,1791355966.4243488,1791355966.4522526,1791355966.4243488,1791355966.4522526,1791355965.428259,1791355966.4522526,1791355965.4322736,1791355966.4522526,1791355924.8002527,GAZEBO_CLOCK_SYSTEM_INTERPOLATION,MAPPED_EXACT,0,41.652,1791355966.4522526,0.005527973175048828,0.0,RGB,0.0,0,1,0,UNCALIBRATED,PREPARATION,MID,STRAIGHT,1.0,291,1.0,8.055757522583008,0.4346201717853546,nan,nan,False,0.0,0.0,0.0,0.0,0,0,0,0,0,0.0,0.0,0.0,0.0,0.0,0.0,0.0,0.0,0.0,0.0,0.0,0.0,0.0,0.0,7.306814340502091,-0.18226060963712953,3.3871047685347397,0.0,0.0,0.0,0.0,0.0,0.0,0.0,0.0,0.0,0.0,0.0,False,DISABLED,0,nan,nan,nan,nan,nan,nan,nan,nan,nan,nan,nan,nan,nan,nan,nan,nan,nan,nan,nan,nan,nan,nan,nan,nan,nan,nan,nan,nan,nan,nan,nan,nan,nan,nan,51.913505153558766,-3.976136013309179,-0.14457062222258982,0.025778735796854305,0.025778735796854305,0.025778735796854305,51.93416040857796,-3.9150764355134537,-0.12208644108311882,-0.020655255019192964,-0.06105957779572524,-0.022484181139470996,0.06445860377405113,0.06826748861656376,0.02460336685180664,False,DISABLED,none,MODEL_ORIGIN_FRAME_NOT_ESTABLISHED,nan,nan,nan,nan,nan,nan,nan,nan,nan,nan,nan,nan,nan,NOT_EVALUATED,nan,nan,nan,nan,DISABLED,nan,nan,nan,nan,nan,nan
1791355966.50026,1791355966.532228,1791355966.5358675,1791355966.5358875,front_rgbd_red_sphere,True,True,True,,41.7,41.7,1791355966.532228,1791355966.5309718,1791355966.50026,1791355966.50026,1791355966.50026,0.0,1791355965.512263,1791355966.5082684,1791355966.4803488,1791355966.5082684,1791355966.484349,1791355966.512316,1791355965.5082612,1791355966.5082684,1791355965.512263,1791355966.512316,1791355924.80026,GAZEBO_CLOCK_SYSTEM_INTERPOLATION,MAPPED_EXACT,0,41.7,1791355966.50026,0.0042498111724853516,0.0,RGB,0.0,0,1,0,UNCALIBRATED,PREPARATION,MID,STRAIGHT,1.0,301,1.0,7.946201324462891,0.43355414271354675,nan,nan,False,0.0,0.0,0.0,0.0,0,0,0,0,0,0.0,0.0,0.0,0.0,0.0,0.0,0.0,0.0,0.0,0.0,0.0,0.0,0.0,0.0,7.211006042025114,-0.1812108161818271,3.333267331385928,0.0,0.0,0.0,0.0,0.0,0.0,0.0,0.0,0.0,0.0,0.0,False,DISABLED,0,nan,nan,nan,nan,nan,nan,nan,nan,nan,nan,nan,nan,nan,nan,nan,nan,nan,nan,nan,nan,nan,nan,nan,nan,nan,nan,nan,nan,nan,nan,nan,nan,nan,nan,52.056503542778394,-4.1167020171878725,-0.1496716090754006,0.02542813389110538,0.02542813389110538,0.02542813389110538,52.07070223826382,-4.04956120400064,-0.12830006280236694,-0.014198695485426072,-0.06714081318723242,-0.02137154627303367,0.06862573678242516,0.07187652425535837,0.031967878341674805,False,DISABLED,none,MODEL_ORIGIN_FRAME_NOT_ESTABLISHED,nan,nan,nan,nan,nan,nan,nan,nan,nan,nan,nan,nan,nan,NOT_EVALUATED,nan,nan,nan,nan,DISABLED,nan,nan,nan,nan,nan,nan
1791355966.5522442,1791355966.5734808,1791355966.5860887,1791355966.5861096,front_rgbd_red_sphere,True,True,True,,41.752,41.752,1791355966.5734808,1791355966.5707736,1791355966.5522442,1791355966.5522442,1791355966.5522442,0.0,1791355965.5522738,1791355966.572263,1791355966.544349,1791355966.572263,1791355966.544349,1791355966.572263,1791355965.548256,1791355966.572263,1791355965.5522738,1791355966.572263,1791355924.800244,GAZEBO_CLOCK_SYSTEM_INTERPOLATION,MAPPED_EXACT,0,41.752,1791355966.5522442,0.002156496047973633,0.0,RGB,0.0,0,1,0,UNCALIBRATED,PREPARATION,MID,STRAIGHT,1.0,310,1.0,7.811375141143799,0.43191003799438477,nan,nan,False,0.0,0.0,0.0,0.0,0,0,0,0,0,0.0,0.0,0.0,0.0,0.0,0.0,0.0,0.0,0.0,0.0,0.0,0.0,0.0,0.0,7.094039660627925,-0.18380666661033285,3.26471996319422,0.0,0.0,0.0,0.0,0.0,0.0,0.0,0.0,0.0,0.0,0.0,False,DISABLED,0,nan,nan,nan,nan,nan,nan,nan,nan,nan,nan,nan,nan,nan,nan,nan,nan,nan,nan,nan,nan,nan,nan,nan,nan,nan,nan,nan,nan,nan,nan,nan,nan,nan,nan,52.19926266107481,-4.256421028455737,-0.15389272723405617,0.02499995806956055,0.02499995806956055,0.02499995806956055,52.219170273527496,-4.1956238893340805,-0.13419986189771493,-0.01990761245268402,-0.06079713912165641,-0.019692865336341236,0.0639734723064514,0.0669358954829139,0.021236658096313477,False,DISABLED,none,MODEL_ORIGIN_FRAME_NOT_ESTABLISHED,nan,nan,nan,nan,nan,nan,nan,nan,nan,nan,nan,nan,nan,NOT_EVALUATED,nan,nan,nan,nan,DISABLED,nan,nan,nan,nan,nan,nan
1791355966.6002486,1791355966.6290927,1791355966.634884,1791355966.634919,front_rgbd_red_sphere,True,True,True,,41.8,41.8,1791355966.6200404,1791355966.6290927,1791355966.6002486,1791355966.6002486,1791355966.6002486,0.0,1791355965.6122606,1791355966.6122637,1791355966.584349,1791355966.6122637,1791355966.584349,1791355966.6122637,1791355965.6122606,1791355966.6122637,1791355965.6122606,1791355966.6122637,1791355924.8002486,GAZEBO_CLOCK_SYSTEM_INTERPOLATION,MAPPED_EXACT,0,41.8,1791355966.6002486,0.0013718605041503906,0.0,RGB,0.0,0,1,0,UNCALIBRATED,PREPARATION,MID,STRAIGHT,1.0,323,1.0,7.702025413513184,0.43059664964675903,nan,nan,False,0.0,0.0,0.0,0.0,0,0,0,0,0,0.0,0.0,0.0,0.0,0.0,0.0,0.0,0.0,0.0,0.0,0.0,0.0,0.0,0.0,6.998960193373147,-0.18294613850135288,3.209716390369744,0.0,0.0,0.0,0.0,0.0,0.0,0.0,0.0,0.0,0.0,0.0,False,DISABLED,0,nan,nan,nan,nan,nan,nan,nan,nan,nan,nan,nan,nan,nan,nan,nan,nan,nan,nan,nan,nan,nan,nan,nan,nan,nan,nan,nan,nan,nan,nan,nan,nan,nan,nan,52.3421243416268,-4.396293723444869,-0.15785610200932892,0.024655359579567108,0.024655359579567108,0.024655359579567108,52.35620900868136,-4.330291261008753,-0.1388725291040426,-0.01408466705456135,-0.06600246243611618,-0.018983572905286322,0.0674885389801022,0.07010762393576818,0.028844118118286133,False,DISABLED,none,MODEL_ORIGIN_FRAME_NOT_ESTABLISHED,nan,nan,nan,nan,nan,nan,nan,nan,nan,nan,nan,nan,nan,NOT_EVALUATED,nan,nan,nan,nan,DISABLED,nan,nan,nan,nan,nan,nan
1791355966.6522484,1791355966.6854327,1791355966.691332,1791355966.6914546,front_rgbd_red_sphere,True,True,True,,41.852,41.852,1791355966.6854327,1791355966.6827896,1791355966.6522484,1791355966.6522484,1791355966.6522484,0.0,1791355965.6522632,1791355966.6682508,1791355966.640349,1791355966.6682508,1791355966.6443489,1791355966.6722724,1791355965.6522632,1791355966.6682508,1791355965.6522632,1791355966.6722724,1791355924.8002484,GAZEBO_CLOCK_SYSTEM_INTERPOLATION,MAPPED_EXACT,0,41.852,1791355966.6522484,0.0015063285827636719,0.0,RGB,0.0,0,1,0,UNCALIBRATED,PREPARATION,MID,STRAIGHT,1.0,331,1.0,7.568337440490723,0.42864981293678284,nan,nan,False,0.0,0.0,0.0,0.0,0,0,0,0,0,0.0,0.0,0.0,0.0,0.0,0.0,0.0,0.0,0.0,0.0,0.0,0.0,0.0,0.0,6.883613228921413,-0.18543239001807166,3.1402574743393084,0.0,0.0,0.0,0.0,0.0,0.0,0.0,0.0,0.0,0.0,0.0,False,DISABLED,0,nan,nan,nan,nan,nan,nan,nan,nan,nan,nan,nan,nan,nan,nan,nan,nan,nan,nan,nan,nan,nan,nan,nan,nan,nan,nan,nan,nan,nan,nan,nan,nan,nan,nan,52.485600854064124,-4.536126951854394,-0.16064251380853595,0.024237313405233694,0.024237313405233694,0.024237313405233694,52.504687026122305,-4.4760196369992356,-0.14301343584814896,-0.01908617205818075,-0.0601073148551583,-0.017629077960386985,0.06306481794892944,0.06548248355602447,0.03318428993225098,False,DISABLED,none,MODEL_ORIGIN_FRAME_NOT_ESTABLISHED,nan,nan,nan,nan,nan,nan,nan,nan,nan,nan,nan,nan,nan,NOT_EVALUATED,nan,nan,nan,nan,DISABLED,nan,nan,nan,nan,nan,nan
1791355966.7002597,1791355966.7322388,1791355966.735775,1791355966.7357988,front_rgbd_red_sphere,True,True,True,,41.9,41.9,1791355966.7322388,1791355966.7316065,1791355966.7002597,1791355966.7002597,1791355966.7002597,0.0,1791355965.7082667,1791355966.708268,1791355966.6803489,1791355966.708268,1791355966.6843488,1791355966.712262,1791355965.7082667,1791355966.708268,1791355965.6922731,1791355966.712262,1791355924.8002596,GAZEBO_CLOCK_SYSTEM_INTERPOLATION,MAPPED_EXACT,0,41.9,1791355966.7002597,0.00039887428283691406,0.0,RGB,0.0,0,1,0,UNCALIBRATED,PREPARATION,MID,STRAIGHT,1.0,340,1.0,7.46029806137085,0.427031546831131,nan,nan,False,0.0,0.0,0.0,0.0,0,0,0,0,0,0.0,0.0,0.0,0.0,0.0,0.0,0.0,0.0,0.0,0.0,0.0,0.0,0.0,0.0,6.790357480197854,-0.184742703285516,3.0843093367112475,0.0,0.0,0.0,0.0,0.0,0.0,0.0,0.0,0.0,0.0,0.0,False,DISABLED,0,nan,nan,nan,nan,nan,nan,nan,nan,nan,nan,nan,nan,nan,nan,nan,nan,nan,nan,nan,nan,nan,nan,nan,nan,nan,nan,nan,nan,nan,nan,nan,nan,nan,nan,52.6292580344274,-4.6757040797600204,-0.16293859821562312,0.02390208192452574,0.02390208192452574,0.02390208192452574,52.641799653475395,-4.610431296761555,-0.1460153272055142,-0.01254161904799389,-0.0652727829984654,-0.01692327101010893,0.06646674663852412,0.06858735678236441,0.03197908401489258,False,DISABLED,none,MODEL_ORIGIN_FRAME_NOT_ESTABLISHED,nan,nan,nan,nan,nan,nan,nan,nan,nan,nan,nan,nan,nan,NOT_EVALUATED,nan,nan,nan,nan,DISABLED,nan,nan,nan,nan,nan,nan
1791355966.752253,1791355966.7822301,1791355966.7866187,1791355966.7866416,front_rgbd_red_sphere,True,True,True,,41.952,41.952,1791355966.7822301,1791355966.7704117,1791355966.752253,1791355966.752253,1791355966.752253,0.0,1791355965.752247,1791355966.7722702,1791355966.744349,1791355966.7722702,1791355966.744349,1791355966.7722702,1791355965.748255,1791355966.7722702,1791355965.752247,1791355966.7722702,1791355924.8002532,GAZEBO_CLOCK_SYSTEM_INTERPOLATION,MAPPED_EXACT,0,41.952,1791355966.752253,0.0026869773864746094,0.0,RGB,0.0,0,1,0,UNCALIBRATED,PREPARATION,MID,STRAIGHT,1.0,351,1.0,7.327513217926025,0.424757719039917,nan,nan,False,0.0,0.0,0.0,0.0,0,0,0,0,0,0.0,0.0,0.0,0.0,0.0,0.0,0.0,0.0,0.0,0.0,0.0,0.0,0.0,0.0,6.676380092162385,-0.18711218055649148,3.013865639361155,0.0,0.0,0.0,0.0,0.0,0.0,0.0,0.0,0.0,0.0,0.0,False,DISABLED,0,nan,nan,nan,nan,nan,nan,nan,nan,nan,nan,nan,nan,nan,nan,nan,nan,nan,nan,nan,nan,nan,nan,nan,nan,nan,nan,nan,nan,nan,nan,nan,nan,nan,nan,52.77288057942477,-4.815006390010753,-0.1646874705488484,0.023493265775659147,0.023493265775659147,0.023493265775659147,52.790408182238586,-4.755919629594712,-0.14830171476712467,-0.01752760281381427,-0.059086760416040995,-0.016385755781723743,0.06163166488795722,0.0637726830970734,0.029977083206176758,False,DISABLED,none,MODEL_ORIGIN_FRAME_NOT_ESTABLISHED,nan,nan,nan,nan,nan,nan,nan,nan,nan,nan,nan,nan,nan,NOT_EVALUATED,nan,nan,nan,nan,DISABLED,nan,nan,nan,nan,nan,nan
1791355966.800257,1791355966.8215692,1791355966.830933,1791355966.8309805,front_rgbd_red_sphere,True,True,True,,42.0,42.0,1791355966.8215692,1791355966.8201997,1791355966.800257,1791355966.800257,1791355966.800257,0.0,1791355965.812255,1791355966.8122663,1791355966.784437,1791355966.8122663,1791355966.784437,1791355966.8122663,1791355965.812255,1791355966.8122663,1791355965.812255,1791355966.8122663,1791355924.800257,GAZEBO_CLOCK_SYSTEM_INTERPOLATION,MAPPED_EXACT,0,42.0,1791355966.800257,0.0035610198974609375,0.0,RGB,0.0,0,1,0,UNCALIBRATED,PREPARATION,MID,STRAIGHT,1.0,362,1.0,7.220371723175049,0.42280808091163635,nan,nan,False,0.0,0.0,0.0,0.0,0,0,0,0,0,0.0,0.0,0.0,0.0,0.0,0.0,0.0,0.0,0.0,0.0,0.0,0.0,0.0,0.0,6.5845480017773745,-0.18656142367727835,2.956803943900728,0.0,0.0,0.0,0.0,0.0,0.0,0.0,0.0,0.0,0.0,0.0,False,DISABLED,0,nan,nan,nan,nan,nan,nan,nan,nan,nan,nan,nan,nan,nan,nan,nan,nan,nan,nan,nan,nan,nan,nan,nan,nan,nan,nan,nan,nan,nan,nan,nan,nan,nan,nan,52.916352971010646,-4.9539811441553345,-0.16553462935652002,0.023165971390414583,0.023165971390414583,0.023165971390414583,52.92763081769926,-4.8900884653288985,-0.14956156733089732,-0.01127784668861409,-0.06389267882643601,-0.01597306202562271,0.0648803840428676,0.066817684365925,0.021312236785888672,False,DISABLED,none,MODEL_ORIGIN_FRAME_NOT_ESTABLISHED,nan,nan,nan,nan,nan,nan,nan,nan,nan,nan,nan,nan,nan,NOT_EVALUATED,nan,nan,nan,nan,DISABLED,nan,nan,nan,nan,nan,nan
1791355966.8522546,1791355966.8744535,1791355966.879675,1791355966.8797047,front_rgbd_red_sphere,True,True,True,,42.052,42.052,1791355966.8744535,1791355966.8724935,1791355966.8522546,1791355966.8522546,1791355966.8522546,0.0,1791355965.832268,1791355966.8522546,1791355966.824437,1791355966.8522546,1791355966.824437,1791355966.8522546,1791355965.828264,1791355966.8522546,1791355965.832268,1791355966.8522546,1791355924.8002546,GAZEBO_CLOCK_SYSTEM_INTERPOLATION,MAPPED_EXACT,0,42.052,1791355966.8522546,0.0025861263275146484,0.0,RGB,0.0,0,1,0,UNCALIBRATED,PREPARATION,MID,STRAIGHT,1.0,370,1.0,7.088993549346924,0.42014414072036743,nan,nan,False,0.0,0.0,0.0,0.0,0,0,0,0,0,0.0,0.0,0.0,0.0,0.0,0.0,0.0,0.0,0.0,0.0,0.0,0.0,0.0,0.0,6.472465007981262,-0.18873592489740432,2.8853780403677307,0.0,0.0,0.0,0.0,0.0,0.0,0.0,0.0,0.0,0.0,0.0,False,DISABLED,0,nan,nan,nan,nan,nan,nan,nan,nan,nan,nan,nan,nan,nan,nan,nan,nan,nan,nan,nan,nan,nan,nan,nan,nan,nan,nan,nan,nan,nan,nan,nan,nan,nan,nan,53.06082646469277,-5.093110603340644,-0.16562562018967747,0.02276777293590653,0.02276777293590653,0.02276777293590653,53.076107557563155,-5.035056625331896,-0.14994105450604467,-0.01528109287038859,-0.058053978008748786,-0.0156845656836328,0.06003145976863905,0.062046609598252186,0.022198915481567383,False,DISABLED,none,MODEL_ORIGIN_FRAME_NOT_ESTABLISHED,nan,nan,nan,nan,nan,nan,nan,nan,nan,nan,nan,nan,nan,NOT_EVALUATED,nan,nan,nan,nan,DISABLED,nan,nan,nan,nan,nan,nan
1791355966.900251,1791355966.9195657,1791355966.928492,1791355966.9285326,front_rgbd_red_sphere,True,True,True,,42.1,42.1,1791355966.9195657,1791355966.9186082,1791355966.900251,1791355966.900251,1791355966.900251,0.0,1791355965.9122643,1791355966.9082625,1791355966.880437,1791355966.9082625,1791355966.8844368,1791355966.912272,1791355965.8922675,1791355966.9082625,1791355965.9122643,1791355966.912272,1791355924.800251,GAZEBO_CLOCK_SYSTEM_INTERPOLATION,MAPPED_EXACT,0,42.1,1791355966.900251,0.001665353775024414,0.0,RGB,0.0,0,1,0,UNCALIBRATED,PREPARATION,MID,STRAIGHT,1.0,382,1.0,6.982049942016602,0.4178145229816437,nan,nan,False,0.0,0.0,0.0,0.0,0,0,0,0,0,0.0,0.0,0.0,0.0,0.0,0.0,0.0,0.0,0.0,0.0,0.0,0.0,0.0,0.0,6.381439295125111,-0.18822892872378283,2.8268041590716306,0.0,0.0,0.0,0.0,0.0,0.0,0.0,0.0,0.0,0.0,0.0,False,DISABLED,0,nan,nan,nan,nan,nan,nan,nan,nan,nan,nan,nan,nan,nan,nan,nan,nan,nan,nan,nan,nan,nan,nan,nan,nan,nan,nan,nan,nan,nan,nan,nan,nan,nan,nan,53.20408874660106,-5.231195826302065,-0.16515895131553532,0.022446181610462197,0.022446181610462197,0.022446181610462197,53.213942028069894,-5.169448799383166,-0.14942657091318895,-0.009853281468835462,-0.06174702691889866,-0.01573238040234637,0.06252825352612443,0.06447705236866388,0.01931476593017578,False,DISABLED,none,MODEL_ORIGIN_FRAME_NOT_ESTABLISHED,nan,nan,nan,nan,nan,nan,nan,nan,nan,nan,nan,nan,nan,NOT_EVALUATED,nan,nan,nan,nan,DISABLED,nan,nan,nan,nan,nan,nan
1791355966.952246,1791355966.9836822,1791355966.9885097,1791355966.9885404,front_rgbd_red_sphere,True,True,True,,42.152,42.152,1791355966.9836822,1791355966.9824588,1791355966.952246,1791355966.952246,1791355966.952246,0.0,1791355965.9522536,1791355966.9722607,1791355966.944437,1791355966.9722607,1791355966.944437,1791355966.9722607,1791355965.9482489,1791355966.9722607,1791355965.9522536,1791355966.9722607,1791355924.800246,GAZEBO_CLOCK_SYSTEM_INTERPOLATION,MAPPED_EXACT,0,42.152,1791355966.952246,0.0036420822143554688,0.0,RGB,0.0,0,1,0,UNCALIBRATED,PREPARATION,MID,STRAIGHT,1.0,391,1.0,6.851015567779541,0.4147745668888092,nan,nan,False,0.0,0.0,0.0,0.0,0,0,0,0,0,0.0,0.0,0.0,0.0,0.0,0.0,0.0,0.0,0.0,0.0,0.0,0.0,0.0,0.0,6.2700985162933796,-0.19029933758730344,2.7542807567096963,0.0,0.0,0.0,0.0,0.0,0.0,0.0,0.0,0.0,0.0,0.0,False,DISABLED,0,nan,nan,nan,nan,nan,nan,nan,nan,nan,nan,nan,nan,nan,nan,nan,nan,nan,nan,nan,nan,nan,nan,nan,nan,nan,nan,nan,nan,nan,nan,nan,nan,nan,nan,53.34771804671243,-5.369464298129171,-0.16375438710733686,0.022055265779899465,0.022055265779899465,0.022055265779899465,53.36299365848897,-5.314559638269257,-0.14788372131584743,-0.0152756117765378,-0.054904659859913885,-0.015870665791489436,0.056990051671149934,0.05915863438371014,0.03143620491027832,False,DISABLED,none,MODEL_ORIGIN_FRAME_NOT_ESTABLISHED,nan,nan,nan,nan,nan,nan,nan,nan,nan,nan,nan,nan,nan,NOT_EVALUATED,nan,nan,nan,nan,DISABLED,nan,nan,nan,nan,nan,nan
1791355967.0002623,1791355967.0278156,1791355967.0329204,1791355967.0329516,front_rgbd_red_sphere,True,True,True,,42.2,42.2,1791355967.0278156,1791355967.0242617,1791355967.0002623,1791355967.0002623,1791355967.0002623,0.0,1791355966.0122635,1791355967.0122702,1791355966.984437,1791355967.0122702,1791355966.984437,1791355967.0122702,1791355966.0122635,1791355967.0122702,1791355966.0122635,1791355967.0122702,1791355924.8002622,GAZEBO_CLOCK_SYSTEM_INTERPOLATION,MAPPED_EXACT,0,42.2,1791355967.0002623,0.003983497619628906,0.0,RGB,0.0,0,1,0,UNCALIBRATED,PREPARATION,MID,STRAIGHT,1.0,407,1.0,6.745445728302002,0.41210535168647766,nan,nan,False,0.0,0.0,0.0,0.0,0,0,0,0,0,0.0,0.0,0.0,0.0,0.0,0.0,0.0,0.0,0.0,0.0,0.0,0.0,0.0,0.0,6.180714073749073,-0.18976931674604547,2.6951433765336086,0.0,0.0,0.0,0.0,0.0,0.0,0.0,0.0,0.0,0.0,0.0,False,DISABLED,0,nan,nan,nan,nan,nan,nan,nan,nan,nan,nan,nan,nan,nan,nan,nan,nan,nan,nan,nan,nan,nan,nan,nan,nan,nan,nan,nan,nan,nan,nan,nan,nan,nan,nan,53.49141126830171,-5.507871411246948,-0.16178432104453394,0.021742816666946888,0.021742816666946888,0.021742816666946888,53.500808929136134,-5.448535613306401,-0.14560740196849992,-0.009397660834423505,-0.05933579794054733,-0.016176919076034024,0.06007539385139575,0.06221531690181182,0.027553319931030273,False,DISABLED,none,MODEL_ORIGIN_FRAME_NOT_ESTABLISHED,nan,nan,nan,nan,nan,nan,nan,nan,nan,nan,nan,nan,nan,NOT_EVALUATED,nan,nan,nan,nan,DISABLED,nan,nan,nan,nan,nan,nan
1791355967.05226,1791355967.080441,1791355967.0891612,1791355967.0892248,front_rgbd_red_sphere,True,True,True,,42.252,42.252,1791355967.080441,1791355967.0768425,1791355967.05226,1791355967.05226,1791355967.05226,0.0,1791355966.0682595,1791355967.06826,1791355967.040437,1791355967.06826,1791355967.044437,1791355967.0722718,1791355966.0682595,1791355967.06826,1791355966.0522504,1791355967.0722718,1791355924.8002598,GAZEBO_CLOCK_SYSTEM_INTERPOLATION,MAPPED_EXACT,0,42.252,1791355967.05226,0.0026700496673583984,0.0,RGB,0.0,0,1,0,UNCALIBRATED,PREPARATION,MID,STRAIGHT,1.0,420,1.0,6.615557670593262,0.40871649980545044,nan,nan,False,0.0,0.0,0.0,0.0,0,0,0,0,0,0.0,0.0,0.0,0.0,0.0,0.0,0.0,0.0,0.0,0.0,0.0,0.0,0.0,0.0,6.070645251423884,-0.19161906428865105,2.6222415665241234,0.0,0.0,0.0,0.0,0.0,0.0,0.0,0.0,0.0,0.0,0.0,False,DISABLED,0,nan,nan,nan,nan,nan,nan,nan,nan,nan,nan,nan,nan,nan,nan,nan,nan,nan,nan,nan,nan,nan,nan,nan,nan,nan,nan,nan,nan,nan,nan,nan,nan,nan,nan,53.635282859064205,-5.646203317235017,-0.1592240340728342,0.021361452419911706,0.021361452419911706,0.021361452419911706,53.649891309812126,-5.593234032006774,-0.1421881260231816,-0.014608450747921609,-0.052969285228242846,-0.017035908049652604,0.05494681074316686,0.057527160315120854,0.028181076049804688,False,DISABLED,none,MODEL_ORIGIN_FRAME_NOT_ESTABLISHED,nan,nan,nan,nan,nan,nan,nan,nan,nan,nan,nan,nan,nan,NOT_EVALUATED,nan,nan,nan,nan,DISABLED,nan,nan,nan,nan,nan,nan
1791355967.1002667,1791355967.1262622,1791355967.1302438,1791355967.1302695,front_rgbd_red_sphere,True,True,True,,42.3,42.3,1791355967.1262622,1791355967.1251113,1791355967.1002667,1791355967.1002667,1791355967.1002667,0.0,1791355966.0922685,1791355967.1082668,1791355967.080437,1791355967.1082668,1791355967.084437,1791355967.112262,1791355966.0922685,1791355967.1082668,1791355966.0922685,1791355967.112262,1791355924.8002667,GAZEBO_CLOCK_SYSTEM_INTERPOLATION,MAPPED_EXACT,0,42.3,1791355967.1002667,0.002282857894897461,0.0,RGB,0.0,0,1,0,UNCALIBRATED,PREPARATION,MID,STRAIGHT,1.0,434,1.0,6.511288166046143,0.40578100085258484,nan,nan,False,0.0,0.0,0.0,0.0,0,0,0,0,0,0.0,0.0,0.0,0.0,0.0,0.0,0.0,0.0,0.0,0.0,0.0,0.0,0.0,0.0,5.982535046137513,-0.19084108827285018,2.5631479740353393,0.0,0.0,0.0,0.0,0.0,0.0,0.0,0.0,0.0,0.0,0.0,False,DISABLED,0,nan,nan,nan,nan,nan,nan,nan,nan,nan,nan,nan,nan,nan,nan,nan,nan,nan,nan,nan,nan,nan,nan,nan,nan,nan,nan,nan,nan,nan,nan,nan,nan,nan,nan,53.77908127043242,-5.7847028141116725,-0.15574762871754239,0.02105774839143119,0.02105774839143119,0.02105774839143119,53.787581553291425,-5.726669485850023,-0.138218669149311,-0.008500282859003505,-0.058033328261649864,-0.01752895956823139,0.058652553207916514,0.06121590006977083,0.025995492935180664,False,DISABLED,none,MODEL_ORIGIN_FRAME_NOT_ESTABLISHED,nan,nan,nan,nan,nan,nan,nan,nan,nan,nan,nan,nan,nan,NOT_EVALUATED,nan,nan,nan,nan,DISABLED,nan,nan,nan,nan,nan,nan
1791355967.1522467,1791355967.1778102,1791355967.1884885,1791355967.1885514,front_rgbd_red_sphere,True,True,True,,42.352,42.352,1791355967.1778102,1791355967.174142,1791355967.1522467,1791355967.1522467,1791355967.1522467,0.0,1791355966.1722832,1791355967.172284,1791355967.1444368,1791355967.172284,1791355967.1444368,1791355967.172284,1791355966.1722832,1791355967.172284,1791355966.1722832,1791355967.172284,1791355924.8002467,GAZEBO_CLOCK_SYSTEM_INTERPOLATION,MAPPED_EXACT,0,42.352,1791355967.1522467,0.0032253265380859375,0.0,RGB,0.0,0,1,0,UNCALIBRATED,PREPARATION,MID,STRAIGHT,1.0,447,1.0,6.381744384765625,0.40201228857040405,nan,nan,False,0.0,0.0,0.0,0.0,0,0,0,0,0,0.0,0.0,0.0,0.0,0.0,0.0,0.0,0.0,0.0,0.0,0.0,0.0,0.0,0.0,5.872962915984938,-0.1916928429660656,2.4896224213667137,0.0,0.0,0.0,0.0,0.0,0.0,0.0,0.0,0.0,0.0,0.0,False,DISABLED,0,nan,nan,nan,nan,nan,nan,nan,nan,nan,nan,nan,nan,nan,nan,nan,nan,nan,nan,nan,nan,nan,nan,nan,nan,nan,nan,nan,nan,nan,nan,nan,nan,nan,nan,53.92234268619501,-5.922390625972148,-0.1516758702909216,0.020683456696736005,0.020683456696736005,0.020683456696736005,53.937224904724864,-5.871443050245337,-0.13299241463356615,-0.014882218529855606,-0.05094757572681097,-0.018683455657355463,0.053076698284741826,0.05626906269087733,0.025563478469848633,False,DISABLED,none,MODEL_ORIGIN_FRAME_NOT_ESTABLISHED,nan,nan,nan,nan,nan,nan,nan,nan,nan,nan,nan,nan,nan,NOT_EVALUATED,nan,nan,nan,nan,DISABLED,nan,nan,nan,nan,nan,nan
1791355967.2002683,1791355967.2244062,1791355967.2316182,1791355967.2316658,front_rgbd_red_sphere,True,True,True,,42.4,42.4,1791355967.2244062,1791355967.2204478,1791355967.2002683,1791355967.2002683,1791355967.2002683,0.0,1791355966.1922677,1791355967.2122622,1791355967.184437,1791355967.2122622,1791355967.184437,1791355967.2122622,1791355966.1882706,1791355967.2122622,1791355966.1922677,1791355967.2122622,1791355924.8002682,GAZEBO_CLOCK_SYSTEM_INTERPOLATION,MAPPED_EXACT,0,42.4,1791355967.2002683,0.0009500980377197266,0.0,RGB,0.0,0,1,0,UNCALIBRATED,PREPARATION,MID,STRAIGHT,1.0,460,1.0,6.278280258178711,0.3986201882362366,nan,nan,False,0.0,0.0,0.0,0.0,0,0,0,0,0,0.0,0.0,0.0,0.0,0.0,0.0,0.0,0.0,0.0,0.0,0.0,0.0,0.0,0.0,5.786047045323456,-0.18911783735400522,2.4295468307551493,0.0,0.0,0.0,0.0,0.0,0.0,0.0,0.0,0.0,0.0,0.0,False,DISABLED,0,nan,nan,nan,nan,nan,nan,nan,nan,nan,nan,nan,nan,nan,nan,nan,nan,nan,nan,nan,nan,nan,nan,nan,nan,nan,nan,nan,nan,nan,nan,nan,nan,nan,nan,54.066197064001344,-6.060674619089426,-0.14680062006581157,0.020386928888156863,0.020386928888156863,0.020386928888156863,54.075175891124125,-6.004687391624017,-0.12741689693557137,-0.008978827122781752,-0.055987227465408296,-0.0193837231302402,0.05670263640929027,0.059924266354741296,0.02413797378540039,False,DISABLED,none,MODEL_ORIGIN_FRAME_NOT_ESTABLISHED,nan,nan,nan,nan,nan,nan,nan,nan,nan,nan,nan,nan,nan,NOT_EVALUATED,nan,nan,nan,nan,DISABLED,nan,nan,nan,nan,nan,nan
1791355967.2522619,1791355967.2768533,1791355967.2836533,1791355967.2836952,front_rgbd_red_sphere,True,True,True,,42.452,42.452,1791355967.2768533,1791355967.274327,1791355967.2522619,1791355967.2522619,1791355967.2522619,0.0,1791355966.252247,1791355967.252262,1791355967.224437,1791355967.252262,1791355967.224437,1791355967.252262,1791355966.252247,1791355967.252262,1791355966.252247,1791355967.252262,1791355924.800262,GAZEBO_CLOCK_SYSTEM_INTERPOLATION,MAPPED_EXACT,0,42.452,1791355967.2522619,0.0014815330505371094,0.0,RGB,0.0,0,1,0,UNCALIBRATED,PREPARATION,MID,STRAIGHT,1.0,477,1.0,6.1497015953063965,0.39430540800094604,nan,nan,False,0.0,0.0,0.0,0.0,0,0,0,0,0,0.0,0.0,0.0,0.0,0.0,0.0,0.0,0.0,0.0,0.0,0.0,0.0,0.0,0.0,5.677795653892688,-0.18710172057618912,2.355091772837981,0.0,0.0,0.0,0.0,0.0,0.0,0.0,0.0,0.0,0.0,0.0,False,DISABLED,0,nan,nan,nan,nan,nan,nan,nan,nan,nan,nan,nan,nan,nan,nan,nan,nan,nan,nan,nan,nan,nan,nan,nan,nan,nan,nan,nan,nan,nan,nan,nan,nan,nan,nan,54.209433343861306,-6.198169233987327,-0.1415219863567167,0.020021405083781637,0.020021405083781637,0.020021405083781637,54.225144016554545,-6.1492796545066275,-0.12051696414125394,-0.015710672693238337,-0.04888957948069983,-0.021005022215462757,0.051351886219239605,0.05548177337239514,0.024591445922851562,False,DISABLED,none,MODEL_ORIGIN_FRAME_NOT_ESTABLISHED,nan,nan,nan,nan,nan,nan,nan,nan,nan,nan,nan,nan,nan,NOT_EVALUATED,nan,nan,nan,nan,DISABLED,nan,nan,nan,nan,nan,nan
1791355967.3002617,1791355967.327202,1791355967.33323,1791355967.3332684,front_rgbd_red_sphere,True,True,True,,42.5,42.5,1791355967.327202,1791355967.3215053,1791355967.3002617,1791355967.3002617,1791355967.3002617,0.0,1791355966.29226,1791355967.3082683,1791355967.280437,1791355967.3082683,1791355967.284437,1791355967.3122609,1791355966.29226,1791355967.3082683,1791355966.29226,1791355967.3122609,1791355924.8002617,GAZEBO_CLOCK_SYSTEM_INTERPOLATION,MAPPED_EXACT,0,42.5,1791355967.3002617,0.003195047378540039,0.0,RGB,0.0,0,1,0,UNCALIBRATED,PREPARATION,MID,STRAIGHT,1.0,491,1.0,6.046808242797852,0.39037075638771057,nan,nan,False,0.0,0.0,0.0,0.0,0,0,0,0,0,0.0,0.0,0.0,0.0,0.0,0.0,0.0,0.0,0.0,0.0,0.0,0.0,0.0,0.0,5.59189487290038,-0.181913658114218,2.29379765680065,0.0,0.0,0.0,0.0,0.0,0.0,0.0,0.0,0.0,0.0,0.0,False,DISABLED,0,nan,nan,nan,nan,nan,nan,nan,nan,nan,nan,nan,nan,nan,nan,nan,nan,nan,nan,nan,nan,nan,nan,nan,nan,nan,nan,nan,nan,nan,nan,nan,nan,nan,nan,54.35313804972761,-6.335531275917087,-0.1354077749411749,0.01973128185896679,0.01973128185896679,0.01973128185896679,54.36349060452069,-6.28243700146514,-0.11346413461070007,-0.01035255479308006,-0.05309427445194714,-0.02194364033047483,0.05409415282932539,0.058375514740990966,0.026940345764160156,False,DISABLED,none,MODEL_ORIGIN_FRAME_NOT_ESTABLISHED,nan,nan,nan,nan,nan,nan,nan,nan,nan,nan,nan,nan,nan,NOT_EVALUATED,nan,nan,nan,nan,DISABLED,nan,nan,nan,nan,nan,nan
1791355967.3522618,1791355967.3762603,1791355967.386731,1791355967.3867526,front_rgbd_red_sphere,True,True,True,,42.552,42.552,1791355967.3762603,1791355967.3729239,1791355967.3522618,1791355967.3522618,1791355967.3522618,0.0,1791355966.372268,1791355967.3722756,1791355967.344437,1791355967.3722756,1791355967.344437,1791355967.3722756,1791355966.372268,1791355967.3722756,1791355966.372268,1791355967.3722756,1791355924.8002617,GAZEBO_CLOCK_SYSTEM_INTERPOLATION,MAPPED_EXACT,0,42.552,1791355967.3522618,0.0023877620697021484,0.0,RGB,0.0,0,1,0,UNCALIBRATED,PREPARATION,MID,STRAIGHT,1.0,510,1.0,5.919888496398926,0.38544580340385437,nan,nan,False,0.0,0.0,0.0,0.0,0,0,0,0,0,0.0,0.0,0.0,0.0,0.0,0.0,0.0,0.0,0.0,0.0,0.0,0.0,0.0,0.0,5.485551777790509,-0.17682408426228857,2.218678766419134,0.0,0.0,0.0,0.0,0.0,0.0,0.0,0.0,0.0,0.0,0.0,False,DISABLED,0,nan,nan,nan,nan,nan,nan,nan,nan,nan,nan,nan,nan,nan,nan,nan,nan,nan,nan,nan,nan,nan,nan,nan,nan,nan,nan,nan,nan,nan,nan,nan,nan,nan,nan,54.49716132111835,-6.473048531547425,-0.12861381274969635,0.019376329745071644,0.019376329745071644,0.019376329745071644,54.51324552346479,-6.426304079444085,-0.10509154252121725,-0.016084202346441145,-0.046744452103339995,-0.02352227022847911,0.049434252978706066,0.05474525152252298,0.023998498916625977,False,DISABLED,none,MODEL_ORIGIN_FRAME_NOT_ESTABLISHED,nan,nan,nan,nan,nan,nan,nan,nan,nan,nan,nan,nan,nan,NOT_EVALUATED,nan,nan,nan,nan,DISABLED,nan,nan,nan,nan,nan,nan
1791355967.4002662,1791355967.4268131,1791355967.4326265,1791355967.4326637,front_rgbd_red_sphere,True,True,True,,42.6,42.6,1791355967.4268131,1791355967.4211257,1791355967.4002662,1791355967.4002662,1791355967.4002662,0.0,1791355966.3922615,1791355967.412256,1791355967.3844368,1791355967.412256,1791355967.3844368,1791355967.412256,1791355966.388279,1791355967.412256,1791355966.3922615,1791355967.412256,1791355924.8002663,GAZEBO_CLOCK_SYSTEM_INTERPOLATION,MAPPED_EXACT,0,42.6,1791355967.4002662,0.002907991409301758,0.0,RGB,0.0,0,1,0,UNCALIBRATED,PREPARATION,MID,STRAIGHT,1.0,522,1.0,5.817305088043213,0.3809228837490082,nan,nan,False,0.0,0.0,0.0,0.0,0,0,0,0,0,0.0,0.0,0.0,0.0,0.0,0.0,0.0,0.0,0.0,0.0,0.0,0.0,0.0,0.0,5.400331626114122,-0.16932904888673406,2.1561034239083074,0.0,0.0,0.0,0.0,0.0,0.0,0.0,0.0,0.0,0.0,0.0,False,DISABLED,0,nan,nan,nan,nan,nan,nan,nan,nan,nan,nan,nan,nan,nan,nan,nan,nan,nan,nan,nan,nan,nan,nan,nan,nan,nan,nan,nan,nan,nan,nan,nan,nan,nan,nan,54.64064197689615,-6.609927837110611,-0.12101879592223747,0.01909179139248436,0.01909179139248436,0.01909179139248436,54.65211855781177,-6.5594737117697965,-0.09672599746855125,-0.01147658091561965,-0.05045412534081439,-0.024292798453686218,0.0517429287286618,0.05716179432217636,0.026546955108642578,False,DISABLED,none,MODEL_ORIGIN_FRAME_NOT_ESTABLISHED,nan,nan,nan,nan,nan,nan,nan,nan,nan,nan,nan,nan,nan,NOT_EVALUATED,nan,nan,nan,nan,DISABLED,nan,nan,nan,nan,nan,nan
1791355967.452258,1791355967.4867618,1791355967.4911437,1791355967.491176,front_rgbd_red_sphere,True,True,True,,42.652,42.652,1791355967.4867618,1791355967.4741035,1791355967.452258,1791355967.452258,1791355967.452258,0.0,1791355966.47227,1791355967.4682648,1791355967.4404368,1791355967.4682648,1791355967.444437,1791355967.4722722,1791355966.4522526,1791355967.4682648,1791355966.47227,1791355967.4722722,1791355924.8002582,GAZEBO_CLOCK_SYSTEM_INTERPOLATION,MAPPED_EXACT,0,42.652,1791355967.452258,0.0027430057525634766,0.0,RGB,0.0,0,1,0,UNCALIBRATED,PREPARATION,MID,STRAIGHT,1.0,547,1.0,5.691275596618652,0.37532761693000793,nan,nan,False,0.0,0.0,0.0,0.0,0,0,0,0,0,0.0,0.0,0.0,0.0,0.0,0.0,0.0,0.0,0.0,0.0,0.0,0.0,0.0,0.0,5.295092250628688,-0.16190470186406447,2.0800010395105,0.0,0.0,0.0,0.0,0.0,0.0,0.0,0.0,0.0,0.0,0.0,False,DISABLED,0,nan,nan,nan,nan,nan,nan,nan,nan,nan,nan,nan,nan,nan,nan,nan,nan,nan,nan,nan,nan,nan,nan,nan,nan,nan,nan,nan,nan,nan,nan,nan,nan,nan,nan,54.7846428030596,-6.747287092020761,-0.11259886971142902,0.018745103102980217,0.018745103102980217,0.018745103102980217,54.80214246734793,-6.70305184897632,-0.08706297951099162,-0.017499664288330052,-0.04423524304444104,-0.025535890200437394,0.047570946778522534,0.053991449931760666,0.03450369834899902,False,DISABLED,none,MODEL_ORIGIN_FRAME_NOT_ESTABLISHED,nan,nan,nan,nan,nan,nan,nan,nan,nan,nan,nan,nan,nan,NOT_EVALUATED,nan,nan,nan,nan,DISABLED,nan,nan,nan,nan,nan,nan
1791355967.5002642,1791355967.5297549,1791355967.5377762,1791355967.5378208,front_rgbd_red_sphere,True,True,True,,42.7,42.7,1791355967.5297549,1791355967.5233724,1791355967.5002642,1791355967.5002642,1791355967.5002642,0.0,1791355966.5082684,1791355967.5085268,1791355967.4804368,1791355967.5085268,1791355967.484437,1791355967.512259,1791355966.5082684,1791355967.5085268,1791355966.492268,1791355967.512259,1791355924.8002641,GAZEBO_CLOCK_SYSTEM_INTERPOLATION,MAPPED_EXACT,0,42.7,1791355967.5002642,0.0025396347045898438,0.0,RGB,0.0,0,1,0,UNCALIBRATED,PREPARATION,MID,STRAIGHT,1.0,561,1.0,5.589557647705078,0.3701890707015991,nan,nan,False,0.0,0.0,0.0,0.0,0,0,0,0,0,0.0,0.0,0.0,0.0,0.0,0.0,0.0,0.0,0.0,0.0,0.0,0.0,0.0,0.0,5.210914984532492,-0.1527301500046132,2.0164798062420743,0.0,0.0,0.0,0.0,0.0,0.0,0.0,0.0,0.0,0.0,0.0,False,DISABLED,0,nan,nan,nan,nan,nan,nan,nan,nan,nan,nan,nan,nan,nan,nan,nan,nan,nan,nan,nan,nan,nan,nan,nan,nan,nan,nan,nan,nan,nan,nan,nan,nan,nan,nan,54.927159961968215,-6.883075499747678,-0.10350781749199661,0.01846760711930103,0.01846760711930103,0.01846760711930103,54.94125723259917,-6.835934031805065,-0.07760685479488233,-0.01409727063095545,-0.047141467942612536,-0.025900962697114283,0.049204177048567374,0.055604953984911006,0.02949070930480957,False,DISABLED,none,MODEL_ORIGIN_FRAME_NOT_ESTABLISHED,nan,nan,nan,nan,nan,nan,nan,nan,nan,nan,nan,nan,nan,NOT_EVALUATED,nan,nan,nan,nan,DISABLED,nan,nan,nan,nan,nan,nan
1791355967.55225,1791355967.5908031,1791355967.5958028,1791355967.5958352,front_rgbd_red_sphere,True,True,True,,42.752,42.752,1791355967.5908031,1791355967.5780814,1791355967.55225,1791355967.55225,1791355967.55225,0.0,1791355966.572263,1791355967.5722759,1791355967.544437,1791355967.5722759,1791355967.544437,1791355967.5722759,1791355966.572263,1791355967.5722759,1791355966.572263,1791355967.5722759,1791355924.8002498,GAZEBO_CLOCK_SYSTEM_INTERPOLATION,MAPPED_EXACT,0,42.752,1791355967.55225,0.003061532974243164,0.0,RGB,0.0,0,1,0,UNCALIBRATED,PREPARATION,MID,STRAIGHT,1.0,583,1.0,5.464195728302002,0.36387452483177185,nan,nan,False,0.0,0.0,0.0,0.0,0,0,0,0,0,0.0,0.0,0.0,0.0,0.0,0.0,0.0,0.0,0.0,0.0,0.0,0.0,0.0,0.0,5.106426995625292,-0.14411422828646003,1.9393476430556085,0.0,0.0,0.0,0.0,0.0,0.0,0.0,0.0,0.0,0.0,0.0,False,DISABLED,0,nan,nan,nan,nan,nan,nan,nan,nan,nan,nan,nan,nan,nan,nan,nan,nan,nan,nan,nan,nan,nan,nan,nan,nan,nan,nan,nan,nan,nan,nan,nan,nan,nan,nan,55.07183358071285,-7.020530649758989,-0.09373408395934951,0.018128456635345847,0.018128456635345847,0.018128456635345847,55.091519674769344,-6.979165905332971,-0.06689471827265214,-0.019686094056496017,-0.04136474442601745,-0.02683936568669737,0.04581030867207674,0.053093652455780606,0.03855323791503906,False,DISABLED,none,MODEL_ORIGIN_FRAME_NOT_ESTABLISHED,nan,nan,nan,nan,nan,nan,nan,nan,nan,nan,nan,nan,nan,NOT_EVALUATED,nan,nan,nan,nan,DISABLED,nan,nan,nan,nan,nan,nan
1791355967.6002522,1791355967.6353235,1791355967.6401098,1791355967.6401572,front_rgbd_red_sphere,True,True,True,,42.8,42.8,1791355967.6282573,1791355967.6353235,1791355967.6002522,1791355967.6002522,1791355967.6002522,0.0,1791355966.6122637,1791355967.612268,1791355967.584437,1791355967.612268,1791355967.584437,1791355967.612268,1791355966.6122637,1791355967.612268,1791355966.6122637,1791355967.612268,1791355924.8002522,GAZEBO_CLOCK_SYSTEM_INTERPOLATION,MAPPED_EXACT,0,42.8,1791355967.6002522,0.0033659934997558594,0.0,RGB,0.0,0,1,0,UNCALIBRATED,PREPARATION,MID,STRAIGHT,1.0,607,1.0,5.363572597503662,0.35817405581474304,nan,nan,False,0.0,0.0,0.0,0.0,0,0,0,0,0,0.0,0.0,0.0,0.0,0.0,0.0,0.0,0.0,0.0,0.0,0.0,0.0,0.0,0.0,5.023192238963842,-0.13437660329261014,1.8754717334423132,0.0,0.0,0.0,0.0,0.0,0.0,0.0,0.0,0.0,0.0,0.0,False,DISABLED,0,nan,nan,nan,nan,nan,nan,nan,nan,nan,nan,nan,nan,nan,nan,nan,nan,nan,nan,nan,nan,nan,nan,nan,nan,nan,nan,nan,nan,nan,nan,nan,nan,nan,nan,55.21557337130243,-7.156944279998243,-0.08369441514945514,0.017858507395242418,0.017858507395242418,0.017858507395242418,55.2307734316877,-7.1116370616078255,-0.05659029898177583,-0.015200060385268443,-0.04530721839041707,-0.027104116167679305,0.047788972305258394,0.05494014003644156,0.035071372985839844,False,DISABLED,none,MODEL_ORIGIN_FRAME_NOT_ESTABLISHED,nan,nan,nan,nan,nan,nan,nan,nan,nan,nan,nan,nan,nan,NOT_EVALUATED,nan,nan,nan,nan,DISABLED,nan,nan,nan,nan,nan,nan
1791355967.6522622,1791355967.6808255,1791355967.6882815,1791355967.6883085,front_rgbd_red_sphere,True,True,True,,42.852,42.852,1791355967.6808255,1791355967.6792195,1791355967.6522622,1791355967.6522622,1791355967.6522622,0.0,1791355966.6722724,1791355967.6682606,1791355967.640437,1791355967.6682606,1791355967.6444368,1791355967.6722736,1791355966.6682508,1791355967.6682606,1791355966.6722724,1791355967.6722736,1791355924.8002622,GAZEBO_CLOCK_SYSTEM_INTERPOLATION,MAPPED_EXACT,0,42.852,1791355967.6522622,0.002341032028198242,0.0,RGB,0.0,0,1,0,UNCALIBRATED,PREPARATION,MID,STRAIGHT,1.0,624,1.0,5.238725185394287,0.3511385917663574,nan,nan,False,0.0,0.0,0.0,0.0,0,0,0,0,0,0.0,0.0,0.0,0.0,0.0,0.0,0.0,0.0,0.0,0.0,0.0,0.0,0.0,0.0,4.919067084188262,-0.12575500960342811,1.797555842216643,0.0,0.0,0.0,0.0,0.0,0.0,0.0,0.0,0.0,0.0,0.0,False,DISABLED,0,nan,nan,nan,nan,nan,nan,nan,nan,nan,nan,nan,nan,nan,nan,nan,nan,nan,nan,nan,nan,nan,nan,nan,nan,nan,nan,nan,nan,nan,nan,nan,nan,nan,nan,55.35948976019264,-7.293070907389938,-0.07313735913143476,0.01752638464018804,0.01752638464018804,0.01752638464018804,55.381567026704786,-7.25477186396738,-0.045072177378042144,-0.022077266512148697,-0.03829904342255741,-0.02806518175339262,0.044206588012776785,0.05236293393787577,0.028563261032104492,False,DISABLED,none,MODEL_ORIGIN_FRAME_NOT_ESTABLISHED,nan,nan,nan,nan,nan,nan,nan,nan,nan,nan,nan,nan,nan,NOT_EVALUATED,nan,nan,nan,nan,DISABLED,nan,nan,nan,nan,nan,nan
1791355967.7002578,1791355967.7253382,1791355967.7359483,1791355967.7360008,front_rgbd_red_sphere,True,True,True,,42.9,42.9,1791355967.7253382,1791355967.722339,1791355967.7002578,1791355967.7002578,1791355967.7002578,0.0,1791355966.708268,1791355967.7082682,1791355967.6804368,1791355967.7082682,1791355967.684437,1791355967.7122576,1791355966.708268,1791355967.7082682,1791355966.6922605,1791355967.7122576,1791355924.8002577,GAZEBO_CLOCK_SYSTEM_INTERPOLATION,MAPPED_EXACT,0,42.9,1791355967.7002578,0.003643035888671875,0.0,RGB,0.0,0,1,0,UNCALIBRATED,PREPARATION,MID,STRAIGHT,1.0,646,1.0,5.138884544372559,0.3447542190551758,nan,nan,False,0.0,0.0,0.0,0.0,0,0,0,0,0,0.0,0.0,0.0,0.0,0.0,0.0,0.0,0.0,0.0,0.0,0.0,0.0,0.0,0.0,4.8365050704049555,-0.11719755704219015,1.7328061538024278,0.0,0.0,0.0,0.0,0.0,0.0,0.0,0.0,0.0,0.0,0.0,False,DISABLED,0,nan,nan,nan,nan,nan,nan,nan,nan,nan,nan,nan,nan,nan,nan,nan,nan,nan,nan,nan,nan,nan,nan,nan,nan,nan,nan,nan,nan,nan,nan,nan,nan,nan,nan,55.50356671352849,-7.428967721062958,-0.0622085078225178,0.017263028545881187,0.017263028545881187,0.017263028545881187,55.52106873048966,-7.386908461497031,-0.03416601259453802,-0.017502016961167044,-0.04205925956592704,-0.02804249522797978,0.04555548170026308,0.053494704892673946,0.025080442428588867,False,DISABLED,none,MODEL_ORIGIN_FRAME_NOT_ESTABLISHED,nan,nan,nan,nan,nan,nan,nan,nan,nan,nan,nan,nan,nan,NOT_EVALUATED,nan,nan,nan,nan,DISABLED,nan,nan,nan,nan,nan,nan
1791355967.7522664,1791355967.7781525,1791355967.787505,1791355967.7875307,front_rgbd_red_sphere,True,True,True,,42.952,42.952,1791355967.7781525,1791355967.7764316,1791355967.7522664,1791355967.7522664,1791355967.7522664,0.0,1791355966.7722702,1791355967.772275,1791355967.744437,1791355967.772275,1791355967.744437,1791355967.772275,1791355966.7722702,1791355967.772275,1791355966.7722702,1791355967.772275,1791355924.8002665,GAZEBO_CLOCK_SYSTEM_INTERPOLATION,MAPPED_EXACT,0,42.952,1791355967.7522664,0.00276947021484375,0.0,RGB,0.0,0,1,0,UNCALIBRATED,PREPARATION,MID,STRAIGHT,1.0,671,1.0,5.015028476715088,0.336957722902298,nan,nan,False,0.0,0.0,0.0,0.0,0,0,0,0,0,0.0,0.0,0.0,0.0,0.0,0.0,0.0,0.0,0.0,0.0,0.0,0.0,0.0,0.0,4.733007676415045,-0.11080737701594323,1.6543491334142306,0.0,0.0,0.0,0.0,0.0,0.0,0.0,0.0,0.0,0.0,0.0,False,DISABLED,0,nan,nan,nan,nan,nan,nan,nan,nan,nan,nan,nan,nan,nan,nan,nan,nan,nan,nan,nan,nan,nan,nan,nan,nan,nan,nan,nan,nan,nan,nan,nan,nan,nan,nan,55.6483945117688,-7.565092021240475,-0.050973877979707594,0.016939096721711948,0.016939096721711948,0.016939096721711948,55.67132096491183,-7.52890273193247,-0.02221093697947071,-0.02292645314302888,-0.03618928930800536,-0.028762941000236884,0.04284024876606122,0.05160032644587743,0.025886058807373047,False,DISABLED,none,MODEL_ORIGIN_FRAME_NOT_ESTABLISHED,nan,nan,nan,nan,nan,nan,nan,nan,nan,nan,nan,nan,nan,NOT_EVALUATED,nan,nan,nan,nan,DISABLED,nan,nan,nan,nan,nan,nan
1791355967.8002665,1791355967.820196,1791355967.8276978,1791355967.8277462,front_rgbd_red_sphere,True,True,True,,43.0,43.0,1791355967.820196,1791355967.8191965,1791355967.8002665,1791355967.8002665,1791355967.8002665,0.0,1791355966.7923443,1791355967.8122573,1791355967.784525,1791355967.8122573,1791355967.784525,1791355967.8122573,1791355966.7883704,1791355967.8122573,1791355966.7923443,1791355967.8122573,1791355924.8002665,GAZEBO_CLOCK_SYSTEM_INTERPOLATION,MAPPED_EXACT,0,43.0,1791355967.8002665,0.0016014575958251953,0.0,RGB,0.0,0,1,0,UNCALIBRATED,PREPARATION,NEAR,STRAIGHT,1.0,696,1.0,4.915923118591309,0.3299485743045807,nan,nan,False,0.0,0.0,0.0,0.0,0,0,0,0,0,0.0,0.0,0.0,0.0,0.0,0.0,0.0,0.0,0.0,0.0,0.0,0.0,0.0,0.0,4.650753284689107,-0.10497401530043682,1.5892683547339077,0.0,0.0,0.0,0.0,0.0,0.0,0.0,0.0,0.0,0.0,0.0,False,DISABLED,0,nan,nan,nan,nan,nan,nan,nan,nan,nan,nan,nan,nan,nan,nan,nan,nan,nan,nan,nan,nan,nan,nan,nan,nan,nan,nan,nan,nan,nan,nan,nan,nan,nan,nan,55.79286609925313,-7.700954197706544,-0.03960263874670372,0.016682106857185262,0.016682106857185262,0.016682106857185262,55.81197550838277,-7.661531000626492,-0.01090039394650707,-0.019109409129640653,-0.03942319708005204,-0.028702244800196654,0.043810478030907374,0.052375345744606144,0.01992940902709961,False,DISABLED,none,MODEL_ORIGIN_FRAME_NOT_ESTABLISHED,nan,nan,nan,nan,nan,nan,nan,nan,nan,nan,nan,nan,nan,NOT_EVALUATED,nan,nan,nan,nan,DISABLED,nan,nan,nan,nan,nan,nan
1791355967.8522468,1791355967.880952,1791355967.8945708,1791355967.8945959,front_rgbd_red_sphere,True,True,True,,43.052,43.052,1791355967.880952,1791355967.8788288,1791355967.8522468,1791355967.8522468,1791355967.8522468,0.0,1791355966.8722656,1791355967.8682685,1791355967.840525,1791355967.8682685,1791355967.8445249,1791355967.8722963,1791355966.8682528,1791355967.8682685,1791355966.8722656,1791355967.8722963,1791355924.8002467,GAZEBO_CLOCK_SYSTEM_INTERPOLATION,MAPPED_EXACT,0,43.052,1791355967.8522468,0.0038995742797851562,0.0,RGB,0.0,0,1,0,UNCALIBRATED,PREPARATION,NEAR,STRAIGHT,1.0,728,1.0,4.792720317840576,0.32139647006988525,nan,nan,False,0.0,0.0,0.0,0.0,0,0,0,0,0,0.0,0.0,0.0,0.0,0.0,0.0,0.0,0.0,0.0,0.0,0.0,0.0,0.0,0.0,4.547310075550435,-0.10177878835986043,1.5105562464056916,0.0,0.0,0.0,0.0,0.0,0.0,0.0,0.0,0.0,0.0,0.0,False,DISABLED,0,nan,nan,nan,nan,nan,nan,nan,nan,nan,nan,nan,nan,nan,nan,nan,nan,nan,nan,nan,nan,nan,nan,nan,nan,nan,nan,nan,nan,nan,nan,nan,nan,nan,nan,55.93806233653238,-7.8369353793433625,-0.027940968532191468,0.016365369305969293,0.016365369305969293,0.016365369305969293,55.96350453541899,-7.80406864648018,0.0013404465259859093,-0.02544219888660848,-0.03286673286318287,-0.029281415058177378,0.04156353706418123,0.05084219587207877,0.028705120086669922,False,DISABLED,none,MODEL_ORIGIN_FRAME_NOT_ESTABLISHED,nan,nan,nan,nan,nan,nan,nan,nan,nan,nan,nan,nan,nan,NOT_EVALUATED,nan,nan,nan,nan,DISABLED,nan,nan,nan,nan,nan,nan
1791355967.9002593,1791355967.9352357,1791355967.9390666,1791355967.9390948,front_rgbd_red_sphere,True,True,True,,43.1,43.1,1791355967.9352357,1791355967.9236722,1791355967.9002593,1791355967.9002593,1791355967.9002593,0.0,1791355966.9082625,1791355967.9082706,1791355967.8805249,1791355967.9082706,1791355967.8845248,1791355967.912265,1791355966.9082625,1791355967.9082706,1791355966.892256,1791355967.912265,1791355924.8002594,GAZEBO_CLOCK_SYSTEM_INTERPOLATION,MAPPED_EXACT,0,43.1,1791355967.9002593,0.003252267837524414,0.0,RGB,0.0,0,1,0,UNCALIBRATED,PREPARATION,NEAR,STRAIGHT,1.0,756,1.0,4.694792747497559,0.3137242794036865,nan,nan,False,0.0,0.0,0.0,0.0,0,0,0,0,0,0.0,0.0,0.0,0.0,0.0,0.0,0.0,0.0,0.0,0.0,0.0,0.0,0.0,0.0,4.4656440041364105,-0.09905874436230189,1.445438039818061,0.0,0.0,0.0,0.0,0.0,0.0,0.0,0.0,0.0,0.0,0.0,False,DISABLED,0,nan,nan,nan,nan,nan,nan,nan,nan,nan,nan,nan,nan,nan,nan,nan,nan,nan,nan,nan,nan,nan,nan,nan,nan,nan,nan,nan,nan,nan,nan,nan,nan,nan,nan,56.083702072804336,-7.9730037094171795,-0.016156557276384487,0.016115776612378233,0.016115776612378233,0.016115776612378233,56.103450097002394,-7.935405237922719,0.012627815878145718,-0.019748024198058545,-0.037598471494460384,-0.028784373154530203,0.04246915961550047,0.05130467480012026,0.03497648239135742,False,DISABLED,none,MODEL_ORIGIN_FRAME_NOT_ESTABLISHED,nan,nan,nan,nan,nan,nan,nan,nan,nan,nan,nan,nan,nan,NOT_EVALUATED,nan,nan,nan,nan,DISABLED,nan,nan,nan,nan,nan,nan
1791355967.9522626,1791355967.9835835,1791355967.9875433,1791355967.9875722,front_rgbd_red_sphere,True,True,True,,43.152,43.152,1791355967.9835835,1791355967.980305,1791355967.9522626,1791355967.9522626,1791355967.9522626,0.0,1791355966.9722607,1791355967.9722886,1791355967.944525,1791355967.9722886,1791355967.944525,1791355967.9722886,1791355966.9722607,1791355967.9722886,1791355966.9722607,1791355967.9722886,1791355924.8002627,GAZEBO_CLOCK_SYSTEM_INTERPOLATION,MAPPED_EXACT,0,43.152,1791355967.9522626,0.003629446029663086,0.0,RGB,0.0,0,1,0,UNCALIBRATED,PREPARATION,NEAR,STRAIGHT,1.0,789,1.0,4.572841167449951,0.30437201261520386,nan,nan,False,0.0,0.0,0.0,0.0,0,0,0,0,0,0.0,0.0,0.0,0.0,0.0,0.0,0.0,0.0,0.0,0.0,0.0,0.0,0.0,0.0,4.36265207988691,-0.09875974405156462,1.3668905168424796,0.0,0.0,0.0,0.0,0.0,0.0,0.0,0.0,0.0,0.0,0.0,False,DISABLED,0,nan,nan,nan,nan,nan,nan,nan,nan,nan,nan,nan,nan,nan,nan,nan,nan,nan,nan,nan,nan,nan,nan,nan,nan,nan,nan,nan,nan,nan,nan,nan,nan,nan,nan,56.22966905839953,-8.108913407162303,-0.004292541969448671,0.01580763350205374,0.01580763350205374,0.01580763350205374,56.254979429841455,-8.077254957384708,0.024749837897624853,-0.025310371441925383,-0.03165844977759491,-0.029042379867073524,0.0405323616983853,0.049863134410024094,0.031320810317993164,False,DISABLED,none,MODEL_ORIGIN_FRAME_NOT_ESTABLISHED,nan,nan,nan,nan,nan,nan,nan,nan,nan,nan,nan,nan,nan,NOT_EVALUATED,nan,nan,nan,nan,DISABLED,nan,nan,nan,nan,nan,nan
1791355968.0002565,1791355968.0313559,1791355968.0357509,1791355968.0357738,front_rgbd_red_sphere,True,True,True,,43.2,43.2,1791355968.0313559,1791355968.0303535,1791355968.0002565,1791355968.0002565,1791355968.0002565,0.0,1791355966.9922683,1791355968.0122578,1791355967.984525,1791355968.0122578,1791355967.984525,1791355968.0122578,1791355966.988266,1791355968.0122578,1791355966.9922683,1791355968.0122578,1791355924.8002565,GAZEBO_CLOCK_SYSTEM_INTERPOLATION,MAPPED_EXACT,0,43.2,1791355968.0002565,0.0035402774810791016,0.0,RGB,0.0,0,1,0,UNCALIBRATED,PREPARATION,NEAR,STRAIGHT,1.0,811,1.0,4.475009918212891,0.29602375626564026,nan,nan,False,0.0,0.0,0.0,0.0,0,0,0,0,0,0.0,0.0,0.0,0.0,0.0,0.0,0.0,0.0,0.0,0.0,0.0,0.0,0.0,0.0,4.280364674307043,-0.09845474153933065,1.301728433296427,0.0,0.0,0.0,0.0,0.0,0.0,0.0,0.0,0.0,0.0,0.0,False,DISABLED,0,nan,nan,nan,nan,nan,nan,nan,nan,nan,nan,nan,nan,nan,nan,nan,nan,nan,nan,nan,nan,nan,nan,nan,nan,nan,nan,nan,nan,nan,nan,nan,nan,nan,nan,56.37587797448667,-8.244530421513117,0.007344968470259616,0.015562586751728669,0.015562586751728669,0.015562586751728669,56.39570238127506,-8.208667641358263,0.03585361728585728,-0.019824406788387705,-0.035862780154854335,-0.028508648815597663,0.040977385286849216,0.04991882572975815,0.031099319458007812,False,DISABLED,none,MODEL_ORIGIN_FRAME_NOT_ESTABLISHED,nan,nan,nan,nan,nan,nan,nan,nan,nan,nan,nan,nan,nan,NOT_EVALUATED,nan,nan,nan,nan,DISABLED,nan,nan,nan,nan,nan,nan
1791355968.0522795,1791355968.0889528,1791355968.0943325,1791355968.0943744,front_rgbd_red_sphere,True,True,True,,43.252,43.252,1791355968.0889528,1791355968.0858426,1791355968.0522795,1791355968.0522795,1791355968.0522795,0.0,1791355967.0722718,1791355968.0682688,1791355968.040525,1791355968.0682688,1791355968.044525,1791355968.0722795,1791355967.06826,1791355968.0682688,1791355967.0722718,1791355968.0722795,1791355924.8002794,GAZEBO_CLOCK_SYSTEM_INTERPOLATION,MAPPED_EXACT,0,43.252,1791355968.0522795,0.0012159347534179688,0.0,RGB,0.0,0,1,0,UNCALIBRATED,PREPARATION,NEAR,STRAIGHT,1.0,856,1.0,4.353939533233643,0.28581300377845764,nan,nan,False,0.0,0.0,0.0,0.0,0,0,0,0,0,0.0,0.0,0.0,0.0,0.0,0.0,0.0,0.0,0.0,0.0,0.0,0.0,0.0,0.0,4.17731217259414,-0.10019995593425879,1.2234428319224033,0.0,0.0,0.0,0.0,0.0,0.0,0.0,0.0,0.0,0.0,0.0,False,DISABLED,0,nan,nan,nan,nan,nan,nan,nan,nan,nan,nan,nan,nan,nan,nan,nan,nan,nan,nan,nan,nan,nan,nan,nan,nan,nan,nan,nan,nan,nan,nan,nan,nan,nan,nan,56.5229543305978,-8.380350149902842,0.01915632784801008,0.015261982177060932,0.015261982177060932,0.015261982177060932,56.54778969147985,-8.350318508175624,0.047600857636602864,-0.02483536088205085,-0.030031641727218172,-0.028444529788592784,0.03897043308681202,0.04824713390314325,0.03667330741882324,False,DISABLED,none,MODEL_ORIGIN_FRAME_NOT_ESTABLISHED,nan,nan,nan,nan,nan,nan,nan,nan,nan,nan,nan,nan,nan,NOT_EVALUATED,nan,nan,nan,nan,DISABLED,nan,nan,nan,nan,nan,nan
1791355968.1002605,1791355968.1331482,1791355968.1393833,1791355968.1394138,front_rgbd_red_sphere,True,True,True,,43.3,43.3,1791355968.1331482,1791355968.129864,1791355968.1002605,1791355968.1002605,1791355968.1002605,0.0,1791355967.112262,1791355968.1082728,1791355968.080525,1791355968.1082728,1791355968.0845249,1791355968.1122677,1791355967.1082668,1791355968.1082728,1791355967.112262,1791355968.1122677,1791355924.8002605,GAZEBO_CLOCK_SYSTEM_INTERPOLATION,MAPPED_EXACT,0,43.3,1791355968.1002605,0.002295970916748047,0.0,RGB,0.0,0,1,0,UNCALIBRATED,PREPARATION,NEAR,STRAIGHT,1.0,888,1.0,4.257238388061523,0.27625271677970886,nan,nan,False,0.0,0.0,0.0,0.0,0,0,0,0,0,0.0,0.0,0.0,0.0,0.0,0.0,0.0,0.0,0.0,0.0,0.0,0.0,0.0,0.0,4.095822287559609,-0.10138579633467071,1.1567372689330622,0.0,0.0,0.0,0.0,0.0,0.0,0.0,0.0,0.0,0.0,0.0,False,DISABLED,0,nan,nan,nan,nan,nan,nan,nan,nan,nan,nan,nan,nan,nan,nan,nan,nan,nan,nan,nan,nan,nan,nan,nan,nan,nan,nan,nan,nan,nan,nan,nan,nan,nan,nan,56.66979520158813,-8.515595559270407,0.030623184615652443,0.015023989781798655,0.015023989781798655,0.015023989781798655,56.68855741243111,-8.481093036589579,0.05818910774547498,-0.018762210842979243,-0.03450252268082821,-0.027565923129822534,0.03927396882233158,0.047982546254411694,0.03288769721984863,False,DISABLED,none,MODEL_ORIGIN_FRAME_NOT_ESTABLISHED,nan,nan,nan,nan,nan,nan,nan,nan,nan,nan,nan,nan,nan,NOT_EVALUATED,nan,nan,nan,nan,DISABLED,nan,nan,nan,nan,nan,nan
1791355968.152281,1791355968.1879508,1791355968.193183,1791355968.193205,front_rgbd_red_sphere,True,True,True,,43.352,43.352,1791355968.179155,1791355968.1879508,1791355968.152281,1791355968.152281,1791355968.152281,0.0,1791355967.1522467,1791355968.1722827,1791355968.1445248,1791355968.1722827,1791355968.1445248,1791355968.1722827,1791355967.148258,1791355968.1722827,1791355967.1522467,1791355968.1722827,1791355924.800281,GAZEBO_CLOCK_SYSTEM_INTERPOLATION,MAPPED_EXACT,0,43.352,1791355968.152281,0.003965616226196289,0.0,RGB,0.0,0,1,0,UNCALIBRATED,PREPARATION,NEAR,STRAIGHT,1.0,923,1.0,4.137401103973389,0.26311466097831726,nan,nan,False,0.0,0.0,0.0,0.0,0,0,0,0,0,0.0,0.0,0.0,0.0,0.0,0.0,0.0,0.0,0.0,0.0,0.0,0.0,0.0,0.0,3.99501084441156,-0.1041871658512985,1.0710381714595396,0.0,0.0,0.0,0.0,0.0,0.0,0.0,0.0,0.0,0.0,0.0,False,DISABLED,0,nan,nan,nan,nan,nan,nan,nan,nan,nan,nan,nan,nan,nan,nan,nan,nan,nan,nan,nan,nan,nan,nan,nan,nan,nan,nan,nan,nan,nan,nan,nan,nan,nan,nan,56.81712900546435,-8.650763089056543,0.04203668158455093,0.014731650990646935,0.014731650990646935,0.014731650990646935,56.84097193078317,-8.62229741625142,0.06925339840361373,-0.023842925318817265,-0.028465672805122466,-0.027216716819062806,0.03713192179253568,0.0460383458696774,0.035669803619384766,False,DISABLED,none,MODEL_ORIGIN_FRAME_NOT_ESTABLISHED,nan,nan,nan,nan,nan,nan,nan,nan,nan,nan,nan,nan,nan,NOT_EVALUATED,nan,nan,nan,nan,DISABLED,nan,nan,nan,nan,nan,nan
1791355968.200265,1791355968.2362292,1791355968.2399273,1791355968.2399688,front_rgbd_red_sphere,True,True,True,,43.4,43.4,1791355968.2362292,1791355968.2332885,1791355968.200265,1791355968.200265,1791355968.200265,0.0,1791355967.2122622,1791355968.2122672,1791355968.184525,1791355968.2122672,1791355968.184525,1791355968.2122672,1791355967.2122622,1791355968.2122672,1791355967.2122622,1791355968.2122672,1791355924.8002648,GAZEBO_CLOCK_SYSTEM_INTERPOLATION,MAPPED_EXACT,0,43.4,1791355968.200265,0.000263214111328125,0.0,RGB,0.0,0,1,0,UNCALIBRATED,PREPARATION,NEAR,STRAIGHT,1.0,958,1.0,4.042441368103027,0.24974338710308075,nan,nan,False,0.0,0.0,0.0,0.0,0,0,0,0,0,0.0,0.0,0.0,0.0,0.0,0.0,0.0,0.0,0.0,0.0,0.0,0.0,0.0,0.0,3.9170282315427642,-0.10624513007331782,0.9934457989414138,0.0,0.0,0.0,0.0,0.0,0.0,0.0,0.0,0.0,0.0,0.0,False,DISABLED,0,nan,nan,nan,nan,nan,nan,nan,nan,nan,nan,nan,nan,nan,nan,nan,nan,nan,nan,nan,nan,nan,nan,nan,nan,nan,nan,nan,nan,nan,nan,nan,nan,nan,nan,56.96419060783881,-8.785314139418821,0.0527669188734447,0.014502039569871296,0.014502039569871296,0.014502039569871296,56.98185954152316,-8.752476679591176,0.07907390327974746,-0.017668933684348076,-0.03283745982764508,-0.02630698440630276,0.037289274402622724,0.04563493633202035,0.035964250564575195,False,DISABLED,none,MODEL_ORIGIN_FRAME_NOT_ESTABLISHED,nan,nan,nan,nan,nan,nan,nan,nan,nan,nan,nan,nan,nan,NOT_EVALUATED,nan,nan,nan,nan,DISABLED,nan,nan,nan,nan,nan,nan
1791355968.2522569,1791355968.2850285,1791355968.2892942,1791355968.289337,front_rgbd_red_sphere,True,True,True,,43.452,43.452,1791355968.277628,1791355968.2850285,1791355968.2522569,1791355968.2522569,1791355968.2522569,0.0,1791355967.2722683,1791355968.2682722,1791355968.240525,1791355968.2682722,1791355968.244525,1791355968.2722802,1791355967.2682562,1791355968.2682722,1791355967.2722683,1791355968.2722802,1791355924.800257,GAZEBO_CLOCK_SYSTEM_INTERPOLATION,MAPPED_EXACT,0,43.452,1791355968.2522569,0.0011820793151855469,0.0,RGB,0.0,0,1,0,UNCALIBRATED,PREPARATION,NEAR,STRAIGHT,1.0,1006,1.0,3.923781156539917,0.23115764558315277,nan,nan,False,0.0,0.0,0.0,0.0,0,0,0,0,0,0.0,0.0,0.0,0.0,0.0,0.0,0.0,0.0,0.0,0.0,0.0,0.0,0.0,0.0,3.8194158067470476,-0.10955317189637537,0.8922556415341809,0.0,0.0,0.0,0.0,0.0,0.0,0.0,0.0,0.0,0.0,0.0,False,DISABLED,0,nan,nan,nan,nan,nan,nan,nan,nan,nan,nan,nan,nan,nan,nan,nan,nan,nan,nan,nan,nan,nan,nan,nan,nan,nan,nan,nan,nan,nan,nan,nan,nan,nan,nan,57.11058821743544,-8.918612412807438,0.0634407108605331,0.014217655879431345,0.014217655879431345,0.014217655879431345,57.13509700455314,-8.893657290002078,0.08921380223981354,-0.02450878711769633,-0.024955122805359053,-0.02577309137928044,0.03497769003537982,0.04344756655390321,0.03277158737182617,False,DISABLED,none,MODEL_ORIGIN_FRAME_NOT_ESTABLISHED,nan,nan,nan,nan,nan,nan,nan,nan,nan,nan,nan,nan,nan,NOT_EVALUATED,nan,nan,nan,nan,DISABLED,nan,nan,nan,nan,nan,nan
1791355968.300257,1791355968.3275456,1791355968.3318136,1791355968.3318422,front_rgbd_red_sphere,True,True,True,,43.5,43.5,1791355968.3275456,1791355968.3260777,1791355968.300257,1791355968.300257,1791355968.300257,0.0,1791355967.3122609,1791355968.3082693,1791355968.280525,1791355968.3082693,1791355968.284525,1791355968.3122666,1791355967.3082683,1791355968.3082693,1791355967.3122609,1791355968.3122666,1791355924.800257,GAZEBO_CLOCK_SYSTEM_INTERPOLATION,MAPPED_EXACT,0,43.5,1791355968.300257,0.0034759044647216797,0.0,RGB,0.0,0,1,0,UNCALIBRATED,PREPARATION,NEAR,STRAIGHT,1.0,1041,1.0,3.8307769298553467,0.21269936859607697,nan,nan,False,0.0,0.0,0.0,0.0,0,0,0,0,0,0.0,0.0,0.0,0.0,0.0,0.0,0.0,0.0,0.0,0.0,0.0,0.0,0.0,0.0,3.744449013615852,-0.11189874963169011,0.8008946458055917,0.0,0.0,0.0,0.0,0.0,0.0,0.0,0.0,0.0,0.0,0.0,False,DISABLED,0,nan,nan,nan,nan,nan,nan,nan,nan,nan,nan,nan,nan,nan,nan,nan,nan,nan,nan,nan,nan,nan,nan,nan,nan,nan,nan,nan,nan,nan,nan,nan,nan,nan,nan,57.25733890453277,-9.052094107894943,0.0732285590757244,0.013996728305154128,0.013996728305154128,0.013996728305154128,57.276471572521295,-9.023547600204633,0.09804724271674466,-0.0191326679885222,-0.028546507690309753,-0.02481868364102026,0.034365128919763066,0.04239020102977789,0.02728867530822754,False,DISABLED,none,MODEL_ORIGIN_FRAME_NOT_ESTABLISHED,nan,nan,nan,nan,nan,nan,nan,nan,nan,nan,nan,nan,nan,NOT_EVALUATED,nan,nan,nan,nan,DISABLED,nan,nan,nan,nan,nan,nan
1791355968.3522584,1791355968.3884542,1791355968.3943305,1791355968.3944423,front_rgbd_red_sphere,True,True,True,,43.552,43.552,1791355968.3884542,1791355968.3759277,1791355968.3522584,1791355968.3522584,1791355968.3522584,0.0,1791355967.3722756,1791355968.3722906,1791355968.3445249,1791355968.3722906,1791355968.3445249,1791355968.3722906,1791355967.3722756,1791355968.3722906,1791355967.3722756,1791355968.3722906,1791355924.8002584,GAZEBO_CLOCK_SYSTEM_INTERPOLATION,MAPPED_EXACT,0,43.552,1791355968.3522584,0.0008225440979003906,0.0,RGB,0.0,0,1,0,UNCALIBRATED,PREPARATION,NEAR,STRAIGHT,1.0,1089,1.0,3.71541166305542,0.1888023316860199,nan,nan,False,0.0,0.0,0.0,0.0,0,0,0,0,0,0.0,0.0,0.0,0.0,0.0,0.0,0.0,0.0,0.0,0.0,0.0,0.0,0.0,0.0,3.6493878105633994,-0.11510278075710101,0.6877529926198038,0.0,0.0,0.0,0.0,0.0,0.0,0.0,0.0,0.0,0.0,0.0,False,DISABLED,0,nan,nan,nan,nan,nan,nan,nan,nan,nan,nan,nan,nan,nan,nan,nan,nan,nan,nan,nan,nan,nan,nan,nan,nan,nan,nan,nan,nan,nan,nan,nan,nan,nan,nan,57.40383966056754,-9.184697329746268,0.08240650381028741,0.013725087168010146,0.013725087168010146,0.013725087168010146,57.42966899539859,-9.163876811932344,0.10695841771370813,-0.025829334831051654,-0.0208205178139238,-0.024551913903420722,0.03317602296621005,0.04127281158553994,0.03619575500488281,False,DISABLED,none,MODEL_ORIGIN_FRAME_NOT_ESTABLISHED,nan,nan,nan,nan,nan,nan,nan,nan,nan,nan,nan,nan,nan,NOT_EVALUATED,nan,nan,nan,nan,DISABLED,nan,nan,nan,nan,nan,nan
1791355968.4002557,1791355968.433363,1791355968.4369922,1791355968.437014,front_rgbd_red_sphere,True,True,True,,43.6,43.6,1791355968.4264119,1791355968.433363,1791355968.4002557,1791355968.4002557,1791355968.4002557,0.0,1791355967.412256,1791355968.4122682,1791355968.3845248,1791355968.4122682,1791355968.3845248,1791355968.4122682,1791355967.412256,1791355968.4122682,1791355967.412256,1791355968.4122682,1791355924.8002558,GAZEBO_CLOCK_SYSTEM_INTERPOLATION,MAPPED_EXACT,0,43.6,1791355968.4002557,0.0014748573303222656,0.0,RGB,0.0,0,1,0,UNCALIBRATED,PREPARATION,NEAR,STRAIGHT,1.0,1133,1.0,3.6244704723358154,0.16675083339214325,nan,nan,False,0.0,0.0,0.0,0.0,0,0,0,0,0,0.0,0.0,0.0,0.0,0.0,0.0,0.0,0.0,0.0,0.0,0.0,0.0,0.0,0.0,3.5741964969257434,-0.11741393025422298,0.5900171857300895,0.0,0.0,0.0,0.0,0.0,0.0,0.0,0.0,0.0,0.0,0.0,False,DISABLED,0,nan,nan,nan,nan,nan,nan,nan,nan,nan,nan,nan,nan,nan,nan,nan,nan,nan,nan,nan,nan,nan,nan,nan,nan,nan,nan,nan,nan,nan,nan,nan,nan,nan,nan,57.550164442701615,-9.31679955124303,0.0905664560907174,0.013512831602097666,0.013512831602097666,0.013512831602097666,57.57166889028718,-9.293571388308015,0.11459236762734952,-0.02150444758556347,-0.023228162935014396,-0.024025911536632125,0.03165420697625867,0.03973956774377265,0.03310728073120117,False,DISABLED,none,MODEL_ORIGIN_FRAME_NOT_ESTABLISHED,nan,nan,nan,nan,nan,nan,nan,nan,nan,nan,nan,nan,nan,NOT_EVALUATED,nan,nan,nan,nan,DISABLED,nan,nan,nan,nan,nan,nan
1791355968.4522486,1791355968.4918616,1791355968.4980664,1791355968.4981,front_rgbd_red_sphere,True,True,True,,43.652,43.652,1791355968.4918616,1791355968.4883406,1791355968.4522486,1791355968.4522486,1791355968.4522486,0.0,1791355967.4722722,1791355968.4682631,1791355968.4405248,1791355968.4682631,1791355968.444525,1791355968.4722738,1791355967.452258,1791355968.4682631,1791355967.4722722,1791355968.4722738,1791355924.8002486,GAZEBO_CLOCK_SYSTEM_INTERPOLATION,MAPPED_EXACT,0,43.652,1791355968.4522486,0.0042879581451416016,0.0,RGB,0.0,0,1,0,UNCALIBRATED,PREPARATION,NEAR,STRAIGHT,1.0,1193,1.0,3.5118727684020996,0.14064128696918488,nan,nan,False,0.0,0.0,0.0,0.0,0,0,0,0,0,0.0,0.0,0.0,0.0,0.0,0.0,0.0,0.0,0.0,0.0,0.0,0.0,0.0,0.0,3.4771976760518513,-0.12034303014820225,0.47735176526865164,0.0,0.0,0.0,0.0,0.0,0.0,0.0,0.0,0.0,0.0,0.0,False,DISABLED,0,nan,nan,nan,nan,nan,nan,nan,nan,nan,nan,nan,nan,nan,nan,nan,nan,nan,nan,nan,nan,nan,nan,nan,nan,nan,nan,nan,nan,nan,nan,nan,nan,nan,nan,57.69683285507465,-9.448492328005672,0.09776473543042402,0.013252321624080153,0.013252321624080153,0.013252321624080153,57.72547479806433,-9.43360695257478,0.12209052126393206,-0.028641942989679592,-0.014885375430893077,-0.024325785833508043,0.032279022598937085,0.04041879706721109,0.03961300849914551,False,DISABLED,none,MODEL_ORIGIN_FRAME_NOT_ESTABLISHED,nan,nan,nan,nan,nan,nan,nan,nan,nan,nan,nan,nan,nan,NOT_EVALUATED,nan,nan,nan,nan,DISABLED,nan,nan,nan,nan,nan,nan
1791355968.5002651,1791355968.5333812,1791355968.5370913,1791355968.5371187,front_rgbd_red_sphere,True,True,True,,43.7,43.7,1791355968.5333812,1791355968.5214036,1791355968.5002651,1791355968.5002651,1791355968.5002651,0.0,1791355967.512259,1791355968.5082762,1791355968.480525,1791355968.5082762,1791355968.484525,1791355968.512278,1791355967.492393,1791355968.5082762,1791355967.512259,1791355968.512278,1791355924.800265,GAZEBO_CLOCK_SYSTEM_INTERPOLATION,MAPPED_EXACT,0,43.7,1791355968.5002651,0.0013890266418457031,0.0,RGB,0.0,0,1,0,UNCALIBRATED,PREPARATION,NEAR,STRAIGHT,1.0,1248,1.0,3.424867630004883,0.1180097907781601,nan,nan,False,0.0,0.0,0.0,0.0,0,0,0,0,0,0.0,0.0,0.0,0.0,0.0,0.0,0.0,0.0,0.0,0.0,0.0,0.0,0.0,0.0,3.4010472951367032,-0.12223685908553783,0.384256371816905,0.0,0.0,0.0,0.0,0.0,0.0,0.0,0.0,0.0,0.0,0.0,False,DISABLED,0,nan,nan,nan,nan,nan,nan,nan,nan,nan,nan,nan,nan,nan,nan,nan,nan,nan,nan,nan,nan,nan,nan,nan,nan,nan,nan,nan,nan,nan,nan,nan,nan,nan,nan,57.844504108993114,-9.58060368445349,0.10427512364181851,0.013052759779353098,0.013052759779353098,0.013052759779353098,57.8675161907371,-9.56254143726064,0.12830890380129553,-0.02301208174398539,-0.018062247192849767,-0.02403378015947702,0.02925407116706109,0.037860576707196975,0.03311610221862793,False,DISABLED,none,MODEL_ORIGIN_FRAME_NOT_ESTABLISHED,nan,nan,nan,nan,nan,nan,nan,nan,nan,nan,nan,nan,nan,NOT_EVALUATED,nan,nan,nan,nan,DISABLED,nan,nan,nan,nan,nan,nan
1791355968.5522513,1791355968.5745785,1791355968.5870488,1791355968.5870721,front_rgbd_red_sphere,True,True,True,,43.752,43.752,1791355968.5745785,1791355968.5713208,1791355968.5522513,1791355968.5522513,1791355968.5522513,0.0,1791355967.55225,1791355968.5722744,1791355968.544525,1791355968.5722744,1791355968.544525,1791355968.5722744,1791355967.5482676,1791355968.5722744,1791355967.55225,1791355968.5722744,1791355924.8002512,GAZEBO_CLOCK_SYSTEM_INTERPOLATION,MAPPED_EXACT,0,43.752,1791355968.5522513,0.003304004669189453,0.0,RGB,0.0,0,1,0,UNCALIBRATED,PREPARATION,NEAR,STRAIGHT,1.0,1325,1.0,3.3165531158447266,0.09204646944999695,nan,nan,False,0.0,0.0,0.0,0.0,0,0,0,0,0,0.0,0.0,0.0,0.0,0.0,0.0,0.0,0.0,0.0,0.0,0.0,0.0,0.0,0.0,3.302513099736388,-0.1244216023599023,0.27829913484048596,0.0,0.0,0.0,0.0,0.0,0.0,0.0,0.0,0.0,0.0,0.0,False,DISABLED,0,nan,nan,nan,nan,nan,nan,nan,nan,nan,nan,nan,nan,nan,nan,nan,nan,nan,nan,nan,nan,nan,nan,nan,nan,nan,nan,nan,nan,nan,nan,nan,nan,nan,nan,57.99204466760319,-9.711993986392047,0.1099065967365696,0.012806437219662199,0.012806437219662199,0.012806437219662199,58.021553906350626,-9.701906255037859,0.134194794350968,-0.02950923874743694,-0.010087731354188278,-0.024288197614398405,0.03118585409007595,0.03952814236317684,0.022327184677124023,False,DISABLED,none,MODEL_ORIGIN_FRAME_NOT_ESTABLISHED,nan,nan,nan,nan,nan,nan,nan,nan,nan,nan,nan,nan,nan,NOT_EVALUATED,nan,nan,nan,nan,DISABLED,nan,nan,nan,nan,nan,nan
1791355968.600259,1791355968.6229637,1791355968.6321876,1791355968.632217,front_rgbd_red_sphere,True,True,True,,43.8,43.8,1791355968.6229637,1791355968.6203208,1791355968.600259,1791355968.600259,1791355968.600259,0.0,1791355967.5922701,1791355968.612267,1791355968.5845249,1791355968.612267,1791355968.5845249,1791355968.612267,1791355967.5882573,1791355968.612267,1791355967.5922701,1791355968.612267,1791355924.800259,GAZEBO_CLOCK_SYSTEM_INTERPOLATION,MAPPED_EXACT,0,43.8,1791355968.600259,0.0033702850341796875,0.0,RGB,0.0,0,1,0,UNCALIBRATED,PREPARATION,NEAR,STRAIGHT,1.0,1380,1.0,3.232382297515869,0.07100701332092285,nan,nan,False,0.0,0.0,0.0,0.0,0,0,0,0,0,0.0,0.0,0.0,0.0,0.0,0.0,0.0,0.0,0.0,0.0,0.0,0.0,0.0,0.0,3.2242368238757373,-0.12541947581895307,0.1919940999416232,0.0,0.0,0.0,0.0,0.0,0.0,0.0,0.0,0.0,0.0,0.0,False,DISABLED,0,nan,nan,nan,nan,nan,nan,nan,nan,nan,nan,nan,nan,nan,nan,nan,nan,nan,nan,nan,nan,nan,nan,nan,nan,nan,nan,nan,nan,nan,nan,nan,nan,nan,nan,58.13954368608111,-9.843220434263252,0.11477278720771206,0.01261664105432491,0.01261664105432491,0.01261664105432491,58.16452682329778,-9.830850587511417,0.1388756250590271,-0.02498313721666534,-0.012369846751834501,-0.024102837851315034,0.027877773473694047,0.036852639611531006,0.022704601287841797,False,DISABLED,none,MODEL_ORIGIN_FRAME_NOT_ESTABLISHED,nan,nan,nan,nan,nan,nan,nan,nan,nan,nan,nan,nan,nan,NOT_EVALUATED,nan,nan,nan,nan,DISABLED,nan,nan,nan,nan,nan,nan
1791355968.6522493,1791355968.6770236,1791355968.6850893,1791355968.6851263,front_rgbd_red_sphere,True,True,True,,43.852,43.852,1791355968.6770236,1791355968.6731713,1791355968.6522493,1791355968.6522493,1791355968.6522493,0.0,1791355967.632263,1791355968.6522493,1791355968.6245248,1791355968.6522493,1791355968.6245248,1791355968.6522493,1791355967.6282632,1791355968.6522493,1791355967.632263,1791355968.6522493,1791355924.8002493,GAZEBO_CLOCK_SYSTEM_INTERPOLATION,MAPPED_EXACT,0,43.852,1791355968.6522493,0.001772165298461914,0.0,RGB,0.0,0,1,0,UNCALIBRATED,PREPARATION,NEAR,STRAIGHT,1.0,1466,1.0,3.1288187503814697,0.05078091844916344,nan,nan,False,0.0,0.0,0.0,0.0,0,0,0,0,0,0.0,0.0,0.0,0.0,0.0,0.0,0.0,0.0,0.0,0.0,0.0,0.0,0.0,0.0,3.124785389579866,-0.12606137232302572,0.09659738413703067,0.0,0.0,0.0,0.0,0.0,0.0,0.0,0.0,0.0,0.0,0.0,False,DISABLED,0,nan,nan,nan,nan,nan,nan,nan,nan,nan,nan,nan,nan,nan,nan,nan,nan,nan,nan,nan,nan,nan,nan,nan,nan,nan,nan,nan,nan,nan,nan,nan,nan,nan,nan,58.28781658667573,-9.974422683807859,0.11873043634279384,0.012385060493782908,0.012385060493782908,0.012385060493782908,58.31913428167124,-9.96981112840939,0.1430134242867533,-0.03131769499550785,-0.004611555398469136,-0.024282987943959444,0.03165540179850521,0.03989646558921337,0.02477431297302246,False,DISABLED,none,MODEL_ORIGIN_FRAME_NOT_ESTABLISHED,nan,nan,nan,nan,nan,nan,nan,nan,nan,nan,nan,nan,nan,NOT_EVALUATED,nan,nan,nan,nan,DISABLED,nan,nan,nan,nan,nan,nan
1791355968.700254,1791355968.7197464,1791355968.7297149,1791355968.7297647,front_rgbd_red_sphere,True,True,True,,43.9,43.9,1791355968.7197464,1791355968.7187054,1791355968.700254,1791355968.700254,1791355968.700254,0.0,1791355967.7122576,1791355968.7082622,1791355968.6805248,1791355968.7082622,1791355968.684525,1791355968.7122579,1791355967.6923184,1791355968.7082622,1791355967.7122576,1791355968.7122579,1791355924.8002539,GAZEBO_CLOCK_SYSTEM_INTERPOLATION,MAPPED_EXACT,0,43.9,1791355968.700254,0.0021283626556396484,0.0,RGB,0.0,0,1,0,UNCALIBRATED,PREPARATION,NEAR,STRAIGHT,1.0,1545,1.0,3.0500621795654297,0.04179176688194275,nan,nan,False,0.0,0.0,0.0,0.0,0,0,0,0,0,0.0,0.0,0.0,0.0,0.0,0.0,0.0,0.0,0.0,0.0,0.0,0.0,0.0,0.0,3.0473990105740336,-0.1256638038964173,0.021145008949351785,0.0,0.0,0.0,0.0,0.0,0.0,0.0,0.0,0.0,0.0,0.0,False,DISABLED,0,nan,nan,nan,nan,nan,nan,nan,nan,nan,nan,nan,nan,nan,nan,nan,nan,nan,nan,nan,nan,nan,nan,nan,nan,nan,nan,nan,nan,nan,nan,nan,nan,nan,nan,58.43652599151612,-10.105720249805561,0.12189352197156184,0.012210387393114168,0.012210387393114168,0.012210387393114168,58.462057150298904,-10.097847411250733,0.1460142197012048,-0.025531158782783336,-0.007872838554828121,-0.024120697729642954,0.026717441039554722,0.03599485678075252,0.019492387771606445,False,DISABLED,none,MODEL_ORIGIN_FRAME_NOT_ESTABLISHED,nan,nan,nan,nan,nan,nan,nan,nan,nan,nan,nan,nan,nan,NOT_EVALUATED,nan,nan,nan,nan,DISABLED,nan,nan,nan,nan,nan,nan
1791355968.7522461,1791355968.7752283,1791355968.786073,1791355968.7860975,front_rgbd_red_sphere,True,True,True,,43.952,43.952,1791355968.7752283,1791355968.7717533,1791355968.7522461,1791355968.7522461,1791355968.7522461,0.0,1791355967.772275,1791355968.7723386,1791355968.744525,1791355968.7723386,1791355968.744525,1791355968.7723386,1791355967.772275,1791355968.7723386,1791355967.772275,1791355968.7723386,1791355924.8002462,GAZEBO_CLOCK_SYSTEM_INTERPOLATION,MAPPED_EXACT,0,43.952,1791355968.7522461,0.0019457340240478516,0.0,RGB,0.0,0,1,0,UNCALIBRATED,PREPARATION,NEAR,STRAIGHT,1.0,1658,1.0,2.952035903930664,0.04736875370144844,nan,nan,False,0.0,0.0,0.0,0.0,0,0,0,0,0,0.0,0.0,0.0,0.0,0.0,0.0,0.0,0.0,0.0,0.0,0.0,0.0,0.0,0.0,2.948724657588311,-0.12488541148600696,-0.06279040269039282,0.0,0.0,0.0,0.0,0.0,0.0,0.0,0.0,0.0,0.0,0.0,False,DISABLED,0,nan,nan,nan,nan,nan,nan,nan,nan,nan,nan,nan,nan,nan,nan,nan,nan,nan,nan,nan,nan,nan,nan,nan,nan,nan,nan,nan,nan,nan,nan,nan,nan,nan,nan,58.58510674580778,-10.236416547119108,0.12391567755881422,0.011994709091900283,0.011994709091900283,0.011994709091900283,58.61735108696599,-10.23646832927584,0.14830191545089141,-0.0322443411582114,5.1782156733182205e-05,-0.024386237892077195,0.03224438273744563,0.040427574953833964,0.022982120513916016,False,DISABLED,none,MODEL_ORIGIN_FRAME_NOT_ESTABLISHED,nan,nan,nan,nan,nan,nan,nan,nan,nan,nan,nan,nan,nan,NOT_EVALUATED,nan,nan,nan,nan,DISABLED,nan,nan,nan,nan,nan,nan
1791355968.8002615,1791355968.8208895,1791355968.8299305,1791355968.8299603,front_rgbd_red_sphere,True,True,True,,44.0,44.0,1791355968.8208895,1791355968.8196616,1791355968.8002615,1791355968.8002615,1791355968.8002615,0.0,1791355967.8122573,1791355968.8122857,1791355968.784613,1791355968.8122857,1791355968.784613,1791355968.8122857,1791355967.8122573,1791355968.8122857,1791355967.8122573,1791355968.8122857,1791355924.8002615,GAZEBO_CLOCK_SYSTEM_INTERPOLATION,MAPPED_EXACT,0,44.0,1791355968.8002615,0.002530813217163086,0.0,RGB,0.0,0,1,0,UNCALIBRATED,PREPARATION,NEAR,STRAIGHT,1.0,1745,1.0,2.8783953189849854,0.06165982782840729,nan,nan,False,0.0,0.0,0.0,0.0,0,0,0,0,0,0.0,0.0,0.0,0.0,0.0,0.0,0.0,0.0,0.0,0.0,0.0,0.0,0.0,0.0,2.8729254138184963,-0.12351111449103325,-0.12729784106557052,0.0,0.0,0.0,0.0,0.0,0.0,0.0,0.0,0.0,0.0,0.0,False,DISABLED,0,nan,nan,nan,nan,nan,nan,nan,nan,nan,nan,nan,nan,nan,nan,nan,nan,nan,nan,nan,nan,nan,nan,nan,nan,nan,nan,nan,nan,nan,nan,nan,nan,nan,nan,58.73441770749993,-10.367445681700087,0.1251759758772521,0.011833948682026295,0.011833948682026295,0.011833948682026295,58.760838115714435,-10.36411061244293,0.1495617933178676,-0.026420408214505642,-0.00333506925715632,-0.024385817440615493,0.026630070543863498,0.03610856891955389,0.020627975463867188,False,DISABLED,none,MODEL_ORIGIN_FRAME_NOT_ESTABLISHED,nan,nan,nan,nan,nan,nan,nan,nan,nan,nan,nan,nan,nan,NOT_EVALUATED,nan,nan,nan,nan,DISABLED,nan,nan,nan,nan,nan,nan
1791355968.852245,1791355968.8797143,1791355968.889837,1791355968.8899026,front_rgbd_red_sphere,True,True,True,,44.052,44.052,1791355968.8797143,1791355968.8757813,1791355968.852245,1791355968.852245,1791355968.852245,0.0,1791355967.8322797,1791355968.852245,1791355968.8246129,1791355968.852245,1791355968.8246129,1791355968.852245,1791355967.8282676,1791355968.852245,1791355967.8322797,1791355968.852245,1791355924.800245,GAZEBO_CLOCK_SYSTEM_INTERPOLATION,MAPPED_EXACT,0,44.052,1791355968.852245,0.004327535629272461,0.0,RGB,0.0,0,1,0,UNCALIBRATED,PREPARATION,NEAR,STRAIGHT,1.0,1866,1.0,2.7868361473083496,0.08353032916784286,nan,nan,False,0.0,0.0,0.0,0.0,0,0,0,0,0,0.0,0.0,0.0,0.0,0.0,0.0,0.0,0.0,0.0,0.0,0.0,0.0,0.0,0.0,2.7771195181474235,-0.12194270806710872,-0.19797242718201402,0.0,0.0,0.0,0.0,0.0,0.0,0.0,0.0,0.0,0.0,0.0,False,DISABLED,0,nan,nan,nan,nan,nan,nan,nan,nan,nan,nan,nan,nan,nan,nan,nan,nan,nan,nan,nan,nan,nan,nan,nan,nan,nan,nan,nan,nan,nan,nan,nan,nan,nan,nan,58.88381531624093,-10.49819838617783,0.12552236882500084,0.011635583488986377,0.011635583488986377,0.011635583488986377,58.916418870433205,-10.501995633298025,0.14993806047716746,-0.032603554192277784,0.003797247120195024,-0.024415691652166616,0.03282393687022664,0.040908884493643945,0.027469158172607422,False,DISABLED,none,MODEL_ORIGIN_FRAME_NOT_ESTABLISHED,nan,nan,nan,nan,nan,nan,nan,nan,nan,nan,nan,nan,nan,NOT_EVALUATED,nan,nan,nan,nan,DISABLED,nan,nan,nan,nan,nan,nan
1791355968.9002652,1791355968.9264452,1791355968.930494,1791355968.9305227,front_rgbd_red_sphere,True,True,True,,44.1,44.1,1791355968.9264452,1791355968.9246206,1791355968.9002652,1791355968.9002652,1791355968.9002652,0.0,1791355967.912265,1791355968.9082663,1791355968.8806129,1791355968.9082663,1791355968.884613,1791355968.9122672,1791355967.892259,1791355968.9082663,1791355967.912265,1791355968.9122672,1791355924.8002653,GAZEBO_CLOCK_SYSTEM_INTERPOLATION,MAPPED_EXACT,0,44.1,1791355968.9002652,0.002462625503540039,0.0,RGB,0.0,0,1,0,UNCALIBRATED,PREPARATION,NEAR,STRAIGHT,1.0,1972,1.0,2.719005584716797,0.10239565372467041,nan,nan,False,0.0,0.0,0.0,0.0,0,0,0,0,0,0.0,0.0,0.0,0.0,0.0,0.0,0.0,0.0,0.0,0.0,0.0,0.0,0.0,0.0,2.7047638589325205,-0.12018518376933862,-0.25059837056554635,0.0,0.0,0.0,0.0,0.0,0.0,0.0,0.0,0.0,0.0,0.0,False,DISABLED,0,nan,nan,nan,nan,nan,nan,nan,nan,nan,nan,nan,nan,nan,nan,nan,nan,nan,nan,nan,nan,nan,nan,nan,nan,nan,nan,nan,nan,nan,nan,nan,nan,nan,nan,59.03347604640832,-10.628814773709275,0.12504078153336867,0.01148970814529067,0.01148970814529067,0.01148970814529067,59.06034476945377,-10.629095413290255,0.149425783044269,-0.02686872304545318,0.00028063958098023534,-0.02438500151090034,0.026870188623596962,0.036285470030775285,0.026180028915405273,False,DISABLED,none,MODEL_ORIGIN_FRAME_NOT_ESTABLISHED,nan,nan,nan,nan,nan,nan,nan,nan,nan,nan,nan,nan,nan,NOT_EVALUATED,nan,nan,nan,nan,DISABLED,nan,nan,nan,nan,nan,nan
1791355968.9522517,1791355968.9849956,1791355968.9939625,1791355968.99401,front_rgbd_red_sphere,True,True,True,,44.152,44.152,1791355968.9849956,1791355968.9826434,1791355968.9522517,1791355968.9522517,1791355968.9522517,0.0,1791355967.9722886,1791355968.9723127,1791355968.944613,1791355968.9723127,1791355968.944613,1791355968.9723127,1791355967.9722886,1791355968.9723127,1791355967.9722886,1791355968.9723127,1791355924.8002517,GAZEBO_CLOCK_SYSTEM_INTERPOLATION,MAPPED_EXACT,0,44.152,1791355968.9522517,0.0016567707061767578,0.0,RGB,0.0,0,1,0,UNCALIBRATED,PREPARATION,NEAR,STRAIGHT,1.0,2128,1.0,2.634223699569702,0.1260681450366974,nan,nan,False,0.0,0.0,0.0,0.0,0,0,0,0,0,0.0,0.0,0.0,0.0,0.0,0.0,0.0,0.0,0.0,0.0,0.0,0.0,0.0,0.0,2.613318232582947,-0.11851896591371691,-0.30928161678347577,0.0,0.0,0.0,0.0,0.0,0.0,0.0,0.0,0.0,0.0,0.0,False,DISABLED,0,nan,nan,nan,nan,nan,nan,nan,nan,nan,nan,nan,nan,nan,nan,nan,nan,nan,nan,nan,nan,nan,nan,nan,nan,nan,nan,nan,nan,nan,nan,nan,nan,nan,nan,59.18322308730179,-10.758934074238052,0.12362861941876974,0.01130867118723804,0.01130867118723804,0.01130867118723804,59.21645698609173,-10.766421035811627,0.14788394910484384,-0.033233898789937655,0.007486961573574646,-0.024255329686074106,0.03406679647962225,0.04181946485267537,0.03274393081665039,False,DISABLED,none,MODEL_ORIGIN_FRAME_NOT_ESTABLISHED,nan,nan,nan,nan,nan,nan,nan,nan,nan,nan,nan,nan,nan,NOT_EVALUATED,nan,nan,nan,nan,DISABLED,nan,nan,nan,nan,nan,nan
1791355969.0002546,1791355969.027135,1791355969.0348482,1791355969.0348957,front_rgbd_red_sphere,True,True,True,,44.2,44.2,1791355969.027135,1791355969.023443,1791355969.0002546,1791355969.0002546,1791355969.0002546,0.0,1791355968.0122578,1791355969.012258,1791355968.984613,1791355969.012258,1791355968.984613,1791355969.012258,1791355968.0122578,1791355969.012258,1791355968.0122578,1791355969.012258,1791355924.8002546,GAZEBO_CLOCK_SYSTEM_INTERPOLATION,MAPPED_EXACT,0,44.2,1791355969.0002546,0.0034890174865722656,0.0,RGB,0.0,0,1,0,UNCALIBRATED,PREPARATION,NEAR,STRAIGHT,1.0,2246,1.0,2.5722687244415283,0.1442553848028183,nan,nan,False,0.0,0.0,0.0,0.0,0,0,0,0,0,0.0,0.0,0.0,0.0,0.0,0.0,0.0,0.0,0.0,0.0,0.0,0.0,0.0,0.0,2.5455511584864046,-0.1168639475129849,-0.35082556785568597,0.0,0.0,0.0,0.0,0.0,0.0,0.0,0.0,0.0,0.0,0.0,False,DISABLED,0,nan,nan,nan,nan,nan,nan,nan,nan,nan,nan,nan,nan,nan,nan,nan,nan,nan,nan,nan,nan,nan,nan,nan,nan,nan,nan,nan,nan,nan,nan,nan,nan,nan,nan,59.33367570206997,-10.88911136748137,0.12130635174731291,0.011177286627370761,0.011177286627370761,0.011177286627370761,59.36088907261487,-10.892998113849206,0.145610482267821,-0.027213370544899362,0.00388674636783648,-0.024304130520508088,0.027489531348167548,0.03669284799657529,0.026880264282226562,False,DISABLED,none,MODEL_ORIGIN_FRAME_NOT_ESTABLISHED,nan,nan,nan,nan,nan,nan,nan,nan,nan,nan,nan,nan,nan,NOT_EVALUATED,nan,nan,nan,nan,DISABLED,nan,nan,nan,nan,nan,nan
1791355969.0522463,1791355969.0768135,1791355969.0837965,1791355969.0838432,front_rgbd_red_sphere,True,True,True,,44.252,44.252,1791355969.0768135,1791355969.0727882,1791355969.0522463,1791355969.0522463,1791355969.0522463,0.0,1791355968.032261,1791355969.0522463,1791355969.024613,1791355969.0522463,1791355969.024613,1791355969.0522463,1791355968.028268,1791355969.0522463,1791355968.032261,1791355969.0522463,1791355924.8002462,GAZEBO_CLOCK_SYSTEM_INTERPOLATION,MAPPED_EXACT,0,44.252,1791355969.0522463,0.0011925697326660156,0.0,RGB,0.0,0,1,0,UNCALIBRATED,PREPARATION,NEAR,STRAIGHT,1.0,2410,1.0,2.4943125247955322,0.16631677746772766,nan,nan,False,0.0,0.0,0.0,0.0,0,0,0,0,0,0.0,0.0,0.0,0.0,0.0,0.0,0.0,0.0,0.0,0.0,0.0,0.0,0.0,0.0,2.459893957347253,-0.11548989034768997,-0.39645721335126005,0.0,0.0,0.0,0.0,0.0,0.0,0.0,0.0,0.0,0.0,0.0,False,DISABLED,0,nan,nan,nan,nan,nan,nan,nan,nan,nan,nan,nan,nan,nan,nan,nan,nan,nan,nan,nan,nan,nan,nan,nan,nan,nan,nan,nan,nan,nan,nan,nan,nan,nan,nan,59.484729729863126,-11.019050331190966,0.11771408669904798,0.011013059346147002,0.011013059346147002,0.011013059346147002,59.51764621751357,-11.029819871262427,0.1421849966030033,-0.03291648765044641,0.010769540071461137,-0.024470909903955312,0.03463348311378453,0.04240640970561286,0.024567127227783203,False,DISABLED,none,MODEL_ORIGIN_FRAME_NOT_ESTABLISHED,nan,nan,nan,nan,nan,nan,nan,nan,nan,nan,nan,nan,nan,NOT_EVALUATED,nan,nan,nan,nan,DISABLED,nan,nan,nan,nan,nan,nan
1791355969.100271,1791355969.12621,1791355969.1343887,1791355969.1344414,front_rgbd_red_sphere,True,True,True,,44.3,44.3,1791355969.12621,1791355969.1211293,1791355969.100271,1791355969.100271,1791355969.100271,0.0,1791355968.1122677,1791355969.108269,1791355969.080613,1791355969.108269,1791355969.0846128,1791355969.1122692,1791355968.0922742,1791355969.108269,1791355968.1122677,1791355969.1122692,1791355924.800271,GAZEBO_CLOCK_SYSTEM_INTERPOLATION,MAPPED_EXACT,0,44.3,1791355969.100271,0.0023245811462402344,0.0,RGB,0.0,0,1,0,UNCALIBRATED,PREPARATION,NEAR,STRAIGHT,1.0,2550,1.0,2.438797950744629,0.18215890228748322,nan,nan,False,0.0,0.0,0.0,0.0,0,0,0,0,0,0.0,0.0,0.0,0.0,0.0,0.0,0.0,0.0,0.0,0.0,0.0,0.0,0.0,0.0,2.398447880956794,-0.11416212099170675,-0.42679119816932776,0.0,0.0,0.0,0.0,0.0,0.0,0.0,0.0,0.0,0.0,0.0,False,DISABLED,0,nan,nan,nan,nan,nan,nan,nan,nan,nan,nan,nan,nan,nan,nan,nan,nan,nan,nan,nan,nan,nan,nan,nan,nan,nan,nan,nan,nan,nan,nan,nan,nan,nan,nan,59.63631081406259,-11.148967180144034,0.1134699773652123,0.010896850483862974,0.010896850483862974,0.010896850483862974,59.6626121443423,-11.155858009809457,0.13820572329913583,-0.026301330279707713,0.006890829665422871,-0.024735745933923525,0.027189032861801864,0.036757320833648306,0.025938987731933594,False,DISABLED,none,MODEL_ORIGIN_FRAME_NOT_ESTABLISHED,nan,nan,nan,nan,nan,nan,nan,nan,nan,nan,nan,nan,nan,NOT_EVALUATED,nan,nan,nan,nan,DISABLED,nan,nan,nan,nan,nan,nan
1791355969.1522515,1791355969.1853669,1791355969.1931057,1791355969.1931627,front_rgbd_red_sphere,True,True,True,,44.352,44.352,1791355969.1853669,1791355969.1798522,1791355969.1522515,1791355969.1522515,1791355969.1522515,0.0,1791355968.1722827,1791355969.1722872,1791355969.144613,1791355969.1722872,1791355969.144613,1791355969.1722872,1791355968.1722827,1791355969.1722872,1791355968.1722827,1791355969.1722872,1791355924.8002515,GAZEBO_CLOCK_SYSTEM_INTERPOLATION,MAPPED_EXACT,0,44.352,1791355969.1522515,0.002027750015258789,0.0,RGB,0.0,0,1,0,UNCALIBRATED,PREPARATION,NEAR,STRAIGHT,1.0,2737,1.0,2.3681962490081787,0.20240990817546844,nan,nan,False,0.0,0.0,0.0,0.0,0,0,0,0,0,0.0,0.0,0.0,0.0,0.0,0.0,0.0,0.0,0.0,0.0,0.0,0.0,0.0,0.0,2.319849371852088,-0.11326199866953157,-0.4624108856468432,0.0,0.0,0.0,0.0,0.0,0.0,0.0,0.0,0.0,0.0,0.0,False,DISABLED,0,nan,nan,nan,nan,nan,nan,nan,nan,nan,nan,nan,nan,nan,nan,nan,nan,nan,nan,nan,nan,nan,nan,nan,nan,nan,nan,nan,nan,nan,nan,nan,nan,nan,nan,59.78800054504507,-11.278109351893995,0.10826025042198123,0.010749949232740594,0.010749949232740594,0.010749949232740594,59.81964816083289,-11.291814189169752,0.13299258480294943,-0.031647615787818495,0.013704837275756887,-0.024732334380968196,0.034487594143522884,0.04243916250045912,0.033115386962890625,False,DISABLED,none,MODEL_ORIGIN_FRAME_NOT_ESTABLISHED,nan,nan,nan,nan,nan,nan,nan,nan,nan,nan,nan,nan,nan,NOT_EVALUATED,nan,nan,nan,nan,DISABLED,nan,nan,nan,nan,nan,nan
1791355969.2002647,1791355969.2362146,1791355969.2398682,1791355969.2399015,front_rgbd_red_sphere,True,True,True,,44.4,44.4,1791355969.2362146,1791355969.2338233,1791355969.2002647,1791355969.2002647,1791355969.2002647,0.0,1791355968.1922665,1791355969.2122672,1791355969.184613,1791355969.2122672,1791355969.184613,1791355969.2122672,1791355968.188262,1791355969.2122672,1791355968.1922665,1791355969.2122672,1791355924.8002646,GAZEBO_CLOCK_SYSTEM_INTERPOLATION,MAPPED_EXACT,0,44.4,1791355969.2002647,0.00032258033752441406,0.0,RGB,0.0,0,1,0,UNCALIBRATED,PREPARATION,NEAR,STRAIGHT,1.0,2881,1.0,2.319039821624756,0.2156391739845276,nan,nan,False,0.0,0.0,0.0,0.0,0,0,0,0,0,0.0,0.0,0.0,0.0,0.0,0.0,0.0,0.0,0.0,0.0,0.0,0.0,0.0,0.0,2.2653303822728126,-0.11219407495573597,-0.4833591595972875,0.0,0.0,0.0,0.0,0.0,0.0,0.0,0.0,0.0,0.0,0.0,False,DISABLED,0,nan,nan,nan,nan,nan,nan,nan,nan,nan,nan,nan,nan,nan,nan,nan,nan,nan,nan,nan,nan,nan,nan,nan,nan,nan,nan,nan,nan,nan,nan,nan,nan,nan,nan,59.940590634660964,-11.407469159881275,0.10214497638827319,0.01064825812125255,0.01064825812125255,0.01064825812125255,59.964862205631,-11.417026968614477,0.1274190098160211,-0.024271570970036294,0.009557808733202222,-0.02527403342774792,0.026085644809626333,0.036321310973599294,0.0359499454498291,False,DISABLED,none,MODEL_ORIGIN_FRAME_NOT_ESTABLISHED,nan,nan,nan,nan,nan,nan,nan,nan,nan,nan,nan,nan,nan,NOT_EVALUATED,nan,nan,nan,nan,DISABLED,nan,nan,nan,nan,nan,nan
1791355969.2522542,1791355969.280528,1791355969.2909253,1791355969.290989,front_rgbd_red_sphere,True,True,True,,44.452,44.452,1791355969.280528,1791355969.2766826,1791355969.2522542,1791355969.2522542,1791355969.2522542,0.0,1791355968.252257,1791355969.2682548,1791355969.240613,1791355969.2682548,1791355969.244613,1791355969.2722757,1791355968.252257,1791355969.2682548,1791355968.252257,1791355969.2722757,1791355924.8002543,GAZEBO_CLOCK_SYSTEM_INTERPOLATION,MAPPED_EXACT,0,44.452,1791355969.2522542,0.0031893253326416016,0.0,RGB,0.0,0,1,0,UNCALIBRATED,PREPARATION,NEAR,STRAIGHT,1.0,3076,1.0,2.255051851272583,0.23272952437400818,nan,nan,False,0.0,0.0,0.0,0.0,0,0,0,0,0,0.0,0.0,0.0,0.0,0.0,0.0,0.0,0.0,0.0,0.0,0.0,0.0,0.0,0.0,2.1942567397650605,-0.11166331667862028,-0.5079639064070227,0.0,0.0,0.0,0.0,0.0,0.0,0.0,0.0,0.0,0.0,0.0,False,DISABLED,0,nan,nan,nan,nan,nan,nan,nan,nan,nan,nan,nan,nan,nan,nan,nan,nan,nan,nan,nan,nan,nan,nan,nan,nan,nan,nan,nan,nan,nan,nan,nan,nan,nan,nan,60.093281095284965,-11.535997560814419,0.09523840943594503,0.010516608762907704,0.010516608762907704,0.010516608762907704,60.12292829250925,-11.5527197026415,0.1205190279881318,-0.02964719722428555,0.016722141827081316,-0.025280618552186773,0.034038013022805944,0.04239924533434383,0.028273820877075195,False,DISABLED,none,MODEL_ORIGIN_FRAME_NOT_ESTABLISHED,nan,nan,nan,nan,nan,nan,nan,nan,nan,nan,nan,nan,nan,NOT_EVALUATED,nan,nan,nan,nan,DISABLED,nan,nan,nan,nan,nan,nan
1791355969.3002553,1791355969.3298552,1791355969.334179,1791355969.3342054,front_rgbd_red_sphere,True,True,True,,44.5,44.5,1791355969.3210223,1791355969.3298552,1791355969.3002553,1791355969.3002553,1791355969.3002553,0.0,1791355968.3122666,1791355969.308272,1791355969.280613,1791355969.308272,1791355969.284613,1791355969.3123271,1791355968.3082693,1791355969.308272,1791355968.3122666,1791355969.3123271,1791355924.8002553,GAZEBO_CLOCK_SYSTEM_INTERPOLATION,MAPPED_EXACT,0,44.5,1791355969.3002553,0.0019109249114990234,0.0,RGB,0.0,0,1,0,UNCALIBRATED,PREPARATION,NEAR,STRAIGHT,1.0,3227,1.0,2.211538314819336,0.24266186356544495,nan,nan,False,0.0,0.0,0.0,0.0,0,0,0,0,0,0.0,0.0,0.0,0.0,0.0,0.0,0.0,0.0,0.0,0.0,0.0,0.0,0.0,0.0,2.146744206181606,-0.11086850895483558,-0.519710611697173,0.0,0.0,0.0,0.0,0.0,0.0,0.0,0.0,0.0,0.0,0.0,False,DISABLED,0,nan,nan,nan,nan,nan,nan,nan,nan,nan,nan,nan,nan,nan,nan,nan,nan,nan,nan,nan,nan,nan,nan,nan,nan,nan,nan,nan,nan,nan,nan,nan,nan,nan,nan,60.24635338263222,-11.664463487976972,0.0878253526165525,0.010427551436277065,0.010427551436277065,0.010427551436277065,60.26891356803097,-11.677511954874428,0.11346493274458007,-0.022560185398745602,0.013048466897455313,-0.02563958012802757,0.026061934955021304,0.036559711743137525,0.029599905014038086,False,DISABLED,none,MODEL_ORIGIN_FRAME_NOT_ESTABLISHED,nan,nan,nan,nan,nan,nan,nan,nan,nan,nan,nan,nan,nan,NOT_EVALUATED,nan,nan,nan,nan,DISABLED,nan,nan,nan,nan,nan,nan
1791355969.3522487,1791355969.3791773,1791355969.387118,1791355969.3871431,front_rgbd_red_sphere,True,True,True,,44.552,44.552,1791355969.3791773,1791355969.374973,1791355969.3522487,1791355969.3522487,1791355969.3522487,0.0,1791355968.3522584,1791355969.3722835,1791355969.3446128,1791355969.3722835,1791355969.3446128,1791355969.3722835,1791355968.348261,1791355969.3722835,1791355968.3522584,1791355969.3722835,1791355924.8002486,GAZEBO_CLOCK_SYSTEM_INTERPOLATION,MAPPED_EXACT,0,44.552,1791355969.3522487,0.002449512481689453,0.0,RGB,0.0,0,1,0,UNCALIBRATED,PREPARATION,NEAR,STRAIGHT,1.0,3442,1.0,2.1548192501068115,0.25684112310409546,nan,nan,False,0.0,0.0,0.0,0.0,0,0,0,0,0,0.0,0.0,0.0,0.0,0.0,0.0,0.0,0.0,0.0,0.0,0.0,0.0,0.0,0.0,2.0841351591412645,-0.11058692143979743,-0.5360940698358869,0.0,0.0,0.0,0.0,0.0,0.0,0.0,0.0,0.0,0.0,0.0,False,DISABLED,0,nan,nan,nan,nan,nan,nan,nan,nan,nan,nan,nan,nan,nan,nan,nan,nan,nan,nan,nan,nan,nan,nan,nan,nan,nan,nan,nan,nan,nan,nan,nan,nan,nan,nan,60.400233956760495,-11.79257299998602,0.07992206143132402,0.010312035249357303,0.010312035249357303,0.010312035249357303,60.42727479612514,-11.812262500686613,0.10508011115037831,-0.027040839364644853,0.0196895007005935,-0.02515804971905429,0.033449714967144314,0.04185464008983479,0.02692866325378418,False,DISABLED,none,MODEL_ORIGIN_FRAME_NOT_ESTABLISHED,nan,nan,nan,nan,nan,nan,nan,nan,nan,nan,nan,nan,nan,NOT_EVALUATED,nan,nan,nan,nan,DISABLED,nan,nan,nan,nan,nan,nan
1791355969.40026,1791355969.433323,1791355969.437744,1791355969.4377725,front_rgbd_red_sphere,True,True,True,,44.6,44.6,1791355969.433323,1791355969.427824,1791355969.40026,1791355969.40026,1791355969.40026,0.0,1791355968.392267,1791355969.412256,1791355969.384613,1791355969.412256,1791355969.384613,1791355969.412256,1791355968.388269,1791355969.412256,1791355968.392267,1791355969.412256,1791355924.80026,GAZEBO_CLOCK_SYSTEM_INTERPOLATION,MAPPED_EXACT,0,44.6,1791355969.40026,0.0018420219421386719,0.0,RGB,0.0,0,1,0,UNCALIBRATED,PREPARATION,NEAR,STRAIGHT,1.0,3577,1.0,2.1173298358917236,0.263500839471817,nan,nan,False,0.0,0.0,0.0,0.0,0,0,0,0,0,0.0,0.0,0.0,0.0,0.0,0.0,0.0,0.0,0.0,0.0,0.0,0.0,0.0,0.0,2.044248182672905,-0.10985309114650033,-0.5404324039627086,0.0,0.0,0.0,0.0,0.0,0.0,0.0,0.0,0.0,0.0,0.0,False,DISABLED,0,nan,nan,nan,nan,nan,nan,nan,nan,nan,nan,nan,nan,nan,nan,nan,nan,nan,nan,nan,nan,nan,nan,nan,nan,nan,nan,nan,nan,nan,nan,nan,nan,nan,nan,60.554603156545056,-11.920695230615785,0.07137171521592883,0.01023603624505518,0.01023603624505518,0.01023603624505518,60.573809390377214,-11.936400000352558,0.09673098746732328,-0.019206233832157693,0.015704769736773372,-0.02535927225139445,0.02480965962081285,0.03547692066147985,0.03306293487548828,False,DISABLED,none,MODEL_ORIGIN_FRAME_NOT_ESTABLISHED,nan,nan,nan,nan,nan,nan,nan,nan,nan,nan,nan,nan,nan,NOT_EVALUATED,nan,nan,nan,nan,DISABLED,nan,nan,nan,nan,nan,nan
1791355969.45226,1791355969.4851425,1791355969.492389,1791355969.4924397,front_rgbd_red_sphere,True,True,True,,44.652,44.652,1791355969.4851425,1791355969.4813259,1791355969.45226,1791355969.45226,1791355969.45226,0.0,1791355968.4722738,1791355969.4682703,1791355969.440613,1791355969.4682703,1791355969.444613,1791355969.4723775,1791355968.4682631,1791355969.4682703,1791355968.4722738,1791355969.4723775,1791355924.80026,GAZEBO_CLOCK_SYSTEM_INTERPOLATION,MAPPED_EXACT,0,44.652,1791355969.45226,0.0017957687377929688,0.0,RGB,0.0,0,1,0,UNCALIBRATED,PREPARATION,NEAR,STRAIGHT,1.0,3793,1.0,2.067624092102051,0.27378049492836,nan,nan,False,0.0,0.0,0.0,0.0,0,0,0,0,0,0.0,0.0,0.0,0.0,0.0,0.0,0.0,0.0,0.0,0.0,0.0,0.0,0.0,0.0,1.9906167298093533,-0.10958953372916769,-0.5481829122819086,0.0,0.0,0.0,0.0,0.0,0.0,0.0,0.0,0.0,0.0,0.0,False,DISABLED,0,nan,nan,nan,nan,nan,nan,nan,nan,nan,nan,nan,nan,nan,nan,nan,nan,nan,nan,nan,nan,nan,nan,nan,nan,nan,nan,nan,nan,nan,nan,nan,nan,nan,nan,60.71024544381828,-12.048897865948934,0.06251939641282961,0.010135705461630241,0.010135705461630241,0.010135705461630241,60.73258392511214,-12.070264357737532,0.08706747793413605,-0.022338481293857626,0.02136649178859784,-0.024548081521306442,0.030911724601973375,0.03947332041068946,0.0328824520111084,False,DISABLED,none,MODEL_ORIGIN_FRAME_NOT_ESTABLISHED,nan,nan,nan,nan,nan,nan,nan,nan,nan,nan,nan,nan,nan,NOT_EVALUATED,nan,nan,nan,nan,DISABLED,nan,nan,nan,nan,nan,nan
1791355969.5002637,1791355969.530758,1791355969.5384803,1791355969.538524,front_rgbd_red_sphere,True,True,True,,44.7,44.7,1791355969.530758,1791355969.5267975,1791355969.5002637,1791355969.5002637,1791355969.5002637,0.0,1791355968.4922805,1791355969.5082676,1791355969.480613,1791355969.5082676,1791355969.484613,1791355969.5122697,1791355968.4922805,1791355969.5082676,1791355968.4922805,1791355969.5122697,1791355924.8002636,GAZEBO_CLOCK_SYSTEM_INTERPOLATION,MAPPED_EXACT,0,44.7,1791355969.5002637,0.0029544830322265625,0.0,RGB,0.0,0,1,0,UNCALIBRATED,PREPARATION,NEAR,STRAIGHT,1.0,3934,1.0,2.035435676574707,0.27693939208984375,nan,nan,False,0.0,0.0,0.0,0.0,0,0,0,0,0,0.0,0.0,0.0,0.0,0.0,0.0,0.0,0.0,0.0,0.0,0.0,0.0,0.0,0.0,1.9578788616502631,-0.10884724381135946,-0.5457660880048585,0.0,0.0,0.0,0.0,0.0,0.0,0.0,0.0,0.0,0.0,0.0,False,DISABLED,0,nan,nan,nan,nan,nan,nan,nan,nan,nan,nan,nan,nan,nan,nan,nan,nan,nan,nan,nan,nan,nan,nan,nan,nan,nan,nan,nan,nan,nan,nan,nan,nan,nan,nan,60.86513323611453,-12.17600608714601,0.0530736440366853,0.010070996719093485,0.010070996719093485,0.010070996719093485,60.87996755611022,-12.19395164770535,0.07761018777257797,-0.014834319995692624,0.017945560559338603,-0.024536543735892674,0.023283045194379005,0.03382517068732794,0.030494213104248047,False,DISABLED,none,MODEL_ORIGIN_FRAME_NOT_ESTABLISHED,nan,nan,nan,nan,nan,nan,nan,nan,nan,nan,nan,nan,nan,NOT_EVALUATED,nan,nan,nan,nan,DISABLED,nan,nan,nan,nan,nan,nan
1791355969.5522468,1791355969.5891335,1791355969.59428,1791355969.5943131,front_rgbd_red_sphere,True,True,True,,44.752,44.752,1791355969.5891335,1791355969.5749989,1791355969.5522468,1791355969.5522468,1791355969.5522468,0.0,1791355968.5522513,1791355969.5722697,1791355969.544613,1791355969.5722697,1791355969.544613,1791355969.5722697,1791355968.5482666,1791355969.5722697,1791355968.5522513,1791355969.5722697,1791355924.8002467,GAZEBO_CLOCK_SYSTEM_INTERPOLATION,MAPPED_EXACT,0,44.752,1791355969.5522468,0.0014967918395996094,0.0,RGB,0.0,0,1,0,UNCALIBRATED,PREPARATION,NEAR,STRAIGHT,1.0,4135,1.0,1.9914835691452026,0.2842760980129242,nan,nan,False,0.0,0.0,0.0,0.0,0,0,0,0,0,0.0,0.0,0.0,0.0,0.0,0.0,0.0,0.0,0.0,0.0,0.0,0.0,0.0,0.0,1.9115552521708352,-0.10856618040089261,-0.5478838908236534,0.0,0.0,0.0,0.0,0.0,0.0,0.0,0.0,0.0,0.0,0.0,False,DISABLED,0,nan,nan,nan,nan,nan,nan,nan,nan,nan,nan,nan,nan,nan,nan,nan,nan,nan,nan,nan,nan,nan,nan,nan,nan,nan,nan,nan,nan,nan,nan,nan,nan,nan,nan,61.02095825073119,-12.303241039032095,0.04323484983110276,0.009982974415972895,0.009982974415972895,0.009982974415972895,61.03964150663451,-12.327284564664108,0.06687481749767908,-0.018683255903319207,0.024043525632013285,-0.02363996766657632,0.030449222912353476,0.038548712653511084,0.03688669204711914,False,DISABLED,none,MODEL_ORIGIN_FRAME_NOT_ESTABLISHED,nan,nan,nan,nan,nan,nan,nan,nan,nan,nan,nan,nan,nan,NOT_EVALUATED,nan,nan,nan,nan,DISABLED,nan,nan,nan,nan,nan,nan
1791355969.6002593,1791355969.6368284,1791355969.6417525,1791355969.641826,front_rgbd_red_sphere,True,True,True,,44.8,44.8,1791355969.6285667,1791355969.6368284,1791355969.6002593,1791355969.6002593,1791355969.6002593,0.0,1791355968.5922556,1791355969.61226,1791355969.5846128,1791355969.61226,1791355969.5846128,1791355969.61226,1791355968.5882664,1791355969.61226,1791355968.5922556,1791355969.61226,1791355924.8002594,GAZEBO_CLOCK_SYSTEM_INTERPOLATION,MAPPED_EXACT,0,44.8,1791355969.6002593,0.0009627342224121094,0.0,RGB,0.0,0,1,0,UNCALIBRATED,PREPARATION,NEAR,STRAIGHT,1.0,4246,1.0,1.9652224779129028,0.2839367985725403,nan,nan,False,0.0,0.0,0.0,0.0,0,0,0,0,0,0.0,0.0,0.0,0.0,0.0,0.0,0.0,0.0,0.0,0.0,0.0,0.0,0.0,0.0,1.8865350000577057,-0.10756202160566097,-0.5399215612588568,0.0,0.0,0.0,0.0,0.0,0.0,0.0,0.0,0.0,0.0,0.0,False,DISABLED,0,nan,nan,nan,nan,nan,nan,nan,nan,nan,nan,nan,nan,nan,nan,nan,nan,nan,nan,nan,nan,nan,nan,nan,nan,nan,nan,nan,nan,nan,nan,nan,nan,nan,nan,61.17696240536495,-12.430445625153585,0.03291275015602685,0.00993056580178752,0.00993056580178752,0.00993056580178752,61.1872534777921,-12.449954752981757,0.05658458133352689,-0.010291072427150993,0.019509127828172268,-0.02367183117750004,0.02205702247169443,0.032355336988090476,0.03656911849975586,False,DISABLED,none,MODEL_ORIGIN_FRAME_NOT_ESTABLISHED,nan,nan,nan,nan,nan,nan,nan,nan,nan,nan,nan,nan,nan,NOT_EVALUATED,nan,nan,nan,nan,DISABLED,nan,nan,nan,nan,nan,nan
1791355969.6522603,1791355969.6787891,1791355969.6869476,1791355969.6869884,front_rgbd_red_sphere,True,True,True,,44.852,44.852,1791355969.6787891,1791355969.673969,1791355969.6522603,1791355969.6522603,1791355969.6522603,0.0,1791355968.6522493,1791355969.6522603,1791355969.6246128,1791355969.6522603,1791355969.6246128,1791355969.6522603,1791355968.6522493,1791355969.6522603,1791355968.6522493,1791355969.6522603,1791355924.8002603,GAZEBO_CLOCK_SYSTEM_INTERPOLATION,MAPPED_EXACT,0,44.852,1791355969.6522603,0.003302335739135742,0.0,RGB,0.0,0,1,0,UNCALIBRATED,PREPARATION,NEAR,STRAIGHT,1.0,4425,1.0,1.9273061752319336,0.2872379720211029,nan,nan,False,0.0,0.0,0.0,0.0,0,0,0,0,0,0.0,0.0,0.0,0.0,0.0,0.0,0.0,0.0,0.0,0.0,0.0,0.0,0.0,0.0,1.8483445263680558,-0.10703494775853617,-0.5354206507375967,0.0,0.0,0.0,0.0,0.0,0.0,0.0,0.0,0.0,0.0,0.0,False,DISABLED,0,nan,nan,nan,nan,nan,nan,nan,nan,nan,nan,nan,nan,nan,nan,nan,nan,nan,nan,nan,nan,nan,nan,nan,nan,nan,nan,nan,nan,nan,nan,nan,nan,nan,nan,61.33356795875784,-12.557488073331172,0.022203142558769706,0.009855140866090692,0.009855140866090692,0.009855140866090692,61.3475068392689,-12.582437554928351,0.045065549326565854,-0.013938880511062735,0.024949481597179357,-0.022862406767796148,0.028579171119360265,0.036598615617067363,0.02652883529663086,False,DISABLED,none,MODEL_ORIGIN_FRAME_NOT_ESTABLISHED,nan,nan,nan,nan,nan,nan,nan,nan,nan,nan,nan,nan,nan,NOT_EVALUATED,nan,nan,nan,nan,DISABLED,nan,nan,nan,nan,nan,nan
1791355969.7002876,1791355969.7317958,1791355969.7374957,1791355969.737525,front_rgbd_red_sphere,True,True,True,,44.9,44.9,1791355969.7317958,1791355969.725892,1791355969.7002876,1791355969.7002876,1791355969.7002876,0.0,1791355968.7122579,1791355969.7082682,1791355969.6806128,1791355969.7082682,1791355969.684613,1791355969.7122679,1791355968.7082622,1791355969.7082682,1791355968.7122579,1791355969.7122679,1791355924.8002875,GAZEBO_CLOCK_SYSTEM_INTERPOLATION,MAPPED_EXACT,0,44.9,1791355969.7002876,0.0039865970611572266,0.0,RGB,0.0,0,1,0,UNCALIBRATED,PREPARATION,NEAR,STRAIGHT,1.0,4524,1.0,1.9062862396240234,0.28326380252838135,nan,nan,False,0.0,0.0,0.0,0.0,0,0,0,0,0,0.0,0.0,0.0,0.0,0.0,0.0,0.0,0.0,0.0,0.0,0.0,0.0,0.0,0.0,1.83031758241606,-0.1056682077816542,-0.5222058531824876,0.0,0.0,0.0,0.0,0.0,0.0,0.0,0.0,0.0,0.0,0.0,False,DISABLED,0,nan,nan,nan,nan,nan,nan,nan,nan,nan,nan,nan,nan,nan,nan,nan,nan,nan,nan,nan,nan,nan,nan,nan,nan,nan,nan,nan,nan,nan,nan,nan,nan,nan,nan,61.48996064738987,-12.684110448035408,0.011531791184681894,0.009813450679298534,0.009813450679298534,0.009813450679298534,61.496020054742786,-12.7045989381928,0.03415040707013739,-0.006059407352914548,0.020488490157392292,-0.022618615885455495,0.021365735334832634,0.031114248038027453,0.03150820732116699,False,DISABLED,none,MODEL_ORIGIN_FRAME_NOT_ESTABLISHED,nan,nan,nan,nan,nan,nan,nan,nan,nan,nan,nan,nan,nan,NOT_EVALUATED,nan,nan,nan,nan,DISABLED,nan,nan,nan,nan,nan,nan
1791355969.752257,1791355969.7770545,1791355969.7861948,1791355969.7862177,front_rgbd_red_sphere,True,True,True,,44.952,44.952,1791355969.7770545,1791355969.7738323,1791355969.752257,1791355969.752257,1791355969.752257,0.0,1791355968.7522464,1791355969.7722805,1791355969.744613,1791355969.7722805,1791355969.744613,1791355969.7722805,1791355968.7482636,1791355969.7722805,1791355968.7522464,1791355969.7722805,1791355924.8002572,GAZEBO_CLOCK_SYSTEM_INTERPOLATION,MAPPED_EXACT,0,44.952,1791355969.752257,0.00246429443359375,0.0,RGB,0.0,0,1,0,UNCALIBRATED,TERMINAL_APPROACH,NEAR,STRAIGHT,1.0,4675,1.0,1.8741776943206787,0.28353652358055115,nan,nan,False,0.0,0.0,0.0,0.0,0,0,0,0,0,0.0,0.0,0.0,0.0,0.0,0.0,0.0,0.0,0.0,0.0,0.0,0.0,0.0,0.0,1.799345653691586,-0.1049192866972728,-0.5137012822355453,0.0,0.0,0.0,0.0,0.0,0.0,0.0,0.0,0.0,0.0,0.0,False,DISABLED,0,nan,nan,nan,nan,nan,nan,nan,nan,nan,nan,nan,nan,nan,nan,nan,nan,nan,nan,nan,nan,nan,nan,nan,nan,nan,nan,nan,nan,nan,nan,nan,nan,nan,nan,61.646537595412944,-12.810265493681518,0.0006952927324661018,0.009749938416782358,0.009749938416782358,0.009749938416782358,61.65680694248091,-12.836138843690835,0.022136309882188728,-0.010269347067968226,0.025873350009316454,-0.021441017149722626,0.027836841234360327,0.035136974063252564,0.024797439575195312,False,DISABLED,none,MODEL_ORIGIN_FRAME_NOT_ESTABLISHED,nan,nan,nan,nan,nan,nan,nan,nan,nan,nan,nan,nan,nan,NOT_EVALUATED,nan,nan,nan,nan,DISABLED,nan,nan,nan,nan,nan,nan
1791355969.800253,1791355969.8262575,1791355969.8336682,1791355969.8337228,front_rgbd_red_sphere,True,True,True,,45.0,45.0,1791355969.8262575,1791355969.8207152,1791355969.800253,1791355969.800253,1791355969.800253,0.0,1791355968.7922664,1791355969.8122687,1791355969.7847009,1791355969.8122687,1791355969.7847009,1791355969.8122687,1791355968.788265,1791355969.8122687,1791355968.7922664,1791355969.8122687,1791355924.800253,GAZEBO_CLOCK_SYSTEM_INTERPOLATION,MAPPED_EXACT,0,45.0,1791355969.800253,0.0027527809143066406,0.0,RGB,0.0,0,1,0,UNCALIBRATED,TERMINAL_APPROACH,NEAR,STRAIGHT,1.0,4725,1.0,1.8583009243011475,0.2764623165130615,nan,nan,False,0.0,0.0,0.0,0.0,0,0,0,0,0,0.0,0.0,0.0,0.0,0.0,0.0,0.0,0.0,0.0,0.0,0.0,0.0,0.0,0.0,1.7877358323147772,-0.10302592947069611,-0.49665748522833186,0.0,0.0,0.0,0.0,0.0,0.0,0.0,0.0,0.0,0.0,0.0,False,DISABLED,0,nan,nan,nan,nan,nan,nan,nan,nan,nan,nan,nan,nan,nan,nan,nan,nan,nan,nan,nan,nan,nan,nan,nan,nan,nan,nan,nan,nan,nan,nan,nan,nan,nan,nan,61.803187370146965,-12.93613744196105,-0.010236510975069224,0.009718609754198061,0.009718609754198061,0.009718609754198061,61.80582962354068,-12.957417376647088,0.010895160058626618,-0.002642253393716487,0.021279934686038615,-0.021131671033695842,0.021443346829230638,0.030105890518551608,0.026004552841186523,False,DISABLED,none,MODEL_ORIGIN_FRAME_NOT_ESTABLISHED,nan,nan,nan,nan,nan,nan,nan,nan,nan,nan,nan,nan,nan,NOT_EVALUATED,nan,nan,nan,nan,DISABLED,nan,nan,nan,nan,nan,nan
1791355969.8522496,1791355969.8912303,1791355969.8960967,1791355969.8961205,front_rgbd_red_sphere,True,True,True,,45.052,45.052,1791355969.8912303,1791355969.8898847,1791355969.8522496,1791355969.8522496,1791355969.8522496,0.0,1791355968.8682537,1791355969.8682568,1791355969.8407009,1791355969.8682568,1791355969.8447008,1791355969.8722665,1791355968.8682537,1791355969.8682568,1791355968.852245,1791355969.8722665,1791355924.8002496,GAZEBO_CLOCK_SYSTEM_INTERPOLATION,MAPPED_EXACT,0,45.052,1791355969.8522496,0.0033130645751953125,0.0,RGB,0.0,0,1,0,UNCALIBRATED,TERMINAL_APPROACH,NEAR,STRAIGHT,1.0,4821,1.0,1.828421950340271,0.26090431213378906,nan,nan,False,0.0,0.0,0.0,0.0,0,0,0,0,0,0.0,0.0,0.0,0.0,0.0,0.0,0.0,0.0,0.0,0.0,0.0,0.0,0.0,0.0,1.7665429044958976,-0.1062463843956265,-0.45952681727686695,0.0,0.0,0.0,0.0,0.0,0.0,0.0,0.0,0.0,0.0,0.0,False,DISABLED,0,nan,nan,nan,nan,nan,nan,nan,nan,nan,nan,nan,nan,nan,nan,nan,nan,nan,nan,nan,nan,nan,nan,nan,nan,nan,nan,nan,nan,nan,nan,nan,nan,nan,nan,61.96450549729115,-13.062875137998203,-0.02373802557783028,0.009659787908176199,0.009659787908176199,0.009659787908176199,61.967509147351485,-13.088250256723818,-0.0013427895043860547,-0.003003650060335872,0.025375118725614598,-0.022395236073444225,0.025552271210676995,0.03397742136786266,0.038980722427368164,False,DISABLED,none,MODEL_ORIGIN_FRAME_NOT_ESTABLISHED,nan,nan,nan,nan,nan,nan,nan,nan,nan,nan,nan,nan,nan,NOT_EVALUATED,nan,nan,nan,nan,DISABLED,nan,nan,nan,nan,nan,nan
1791355969.9002533,1791355969.9319682,1791355969.938106,1791355969.9381459,front_rgbd_red_sphere,True,True,True,,45.1,45.1,1791355969.9319682,1791355969.9306889,1791355969.9002533,1791355969.9002533,1791355969.9002533,0.0,1791355968.9122672,1791355969.9082692,1791355969.8807008,1791355969.9082692,1791355969.884701,1791355969.9122682,1791355968.9082663,1791355969.9082692,1791355968.9122672,1791355969.9122682,1791355924.8002534,GAZEBO_CLOCK_SYSTEM_INTERPOLATION,MAPPED_EXACT,0,45.1,1791355969.9002533,0.004187345504760742,0.0,RGB,0.0,0,1,0,UNCALIBRATED,TERMINAL_APPROACH,NEAR,STRAIGHT,1.0,4762,1.0,1.8062210083007812,0.20737199485301971,nan,nan,False,0.0,0.0,0.0,0.0,0,0,0,0,0,0.0,0.0,0.0,0.0,0.0,0.0,0.0,0.0,0.0,0.0,0.0,0.0,0.0,0.0,1.7675233796527468,-0.1167500059632669,-0.3530790559390209,0.0,0.0,0.0,0.0,0.0,0.0,0.0,0.0,0.0,0.0,0.0,False,DISABLED,0,nan,nan,nan,nan,nan,nan,nan,nan,nan,nan,nan,nan,nan,nan,nan,nan,nan,nan,nan,nan,nan,nan,nan,nan,nan,nan,nan,nan,nan,nan,nan,nan,nan,nan,62.133024513441065,-13.191689005109446,-0.03678741735841268,0.009616197019450204,0.009616197019450204,0.009616197019450204,62.117020489925785,-13.208577567493712,-0.012629864565691564,0.016004023515279187,0.016888562384266947,-0.024157552792721113,0.023266978920454748,0.03354012022962937,0.03171491622924805,False,DISABLED,none,MODEL_ORIGIN_FRAME_NOT_ESTABLISHED,nan,nan,nan,nan,nan,nan,nan,nan,nan,nan,nan,nan,nan,NOT_EVALUATED,nan,nan,nan,nan,DISABLED,nan,nan,nan,nan,nan,nan
1791355969.952264,1791355969.9911861,1791355969.995388,1791355969.9954243,front_rgbd_red_sphere,True,True,True,,45.152,45.152,1791355969.9843194,1791355969.9911861,1791355969.952264,1791355969.952264,1791355969.952264,0.0,1791355968.952252,1791355969.972264,1791355969.944701,1791355969.972264,1791355969.944701,1791355969.972264,1791355968.9482656,1791355969.972264,1791355968.952252,1791355969.972264,1791355924.8002641,GAZEBO_CLOCK_SYSTEM_INTERPOLATION,MAPPED_EXACT,0,45.152,1791355969.952264,0.0032503604888916016,0.0,RGB,0.0,0,1,0,UNCALIBRATED,TERMINAL_APPROACH,NEAR,STRAIGHT,1.0,4805,1.0,1.7658462524414062,0.13782985508441925,nan,nan,False,0.0,0.0,0.0,0.0,0,0,0,0,0,0.0,0.0,0.0,0.0,0.0,0.0,0.0,0.0,0.0,0.0,0.0,0.0,0.0,0.0,1.7490998964560904,-0.12414453081151233,-0.20844874912408118,0.0,0.0,0.0,0.0,0.0,0.0,0.0,0.0,0.0,0.0,0.0,False,DISABLED,0,nan,nan,nan,nan,nan,nan,nan,nan,nan,nan,nan,nan,nan,nan,nan,nan,nan,nan,nan,nan,nan,nan,nan,nan,nan,nan,nan,nan,nan,nan,nan,nan,nan,nan,62.306723106068354,-13.323840057461213,-0.04854976182859888,0.009537175416593668,0.009537175416593668,0.009537175416593668,62.27908910336494,-13.33824117187086,-0.024751500563454935,0.027634002703415206,0.01440111440964742,-0.023798261265143946,0.031161357506567545,0.03920953252585606,0.03892207145690918,False,DISABLED,none,MODEL_ORIGIN_FRAME_NOT_ESTABLISHED,nan,nan,nan,nan,nan,nan,nan,nan,nan,nan,nan,nan,nan,NOT_EVALUATED,nan,nan,nan,nan,DISABLED,nan,nan,nan,nan,nan,nan
1791355970.0002542,1791355970.0366144,1791355970.041304,1791355970.0413299,front_rgbd_red_sphere,True,True,True,,45.2,45.2,1791355970.0366144,1791355970.0244792,1791355970.0002542,1791355970.0002542,1791355970.0002542,0.0,1791355969.012258,1791355970.012266,1791355969.984701,1791355970.012266,1791355969.984701,1791355970.012266,1791355969.012258,1791355970.012266,1791355969.012258,1791355970.012266,1791355924.800254,GAZEBO_CLOCK_SYSTEM_INTERPOLATION,MAPPED_EXACT,0,45.2,1791355970.0002542,0.0007529258728027344,0.0,RGB,0.0,0,1,0,UNCALIBRATED,TERMINAL_APPROACH,NEAR,STRAIGHT,1.0,4862,1.0,1.736454725265503,0.07975146174430847,nan,nan,False,0.0,0.0,0.0,0.0,0,0,0,0,0,0.0,0.0,0.0,0.0,0.0,0.0,0.0,0.0,0.0,0.0,0.0,0.0,0.0,0.0,1.730935450034018,-0.12218752889376638,-0.06486618700683594,0.0,0.0,0.0,0.0,0.0,0.0,0.0,0.0,0.0,0.0,0.0,False,DISABLED,0,nan,nan,nan,nan,nan,nan,nan,nan,nan,nan,nan,nan,nan,nan,nan,nan,nan,nan,nan,nan,nan,nan,nan,nan,nan,nan,nan,nan,nan,nan,nan,nan,nan,nan,62.47731716025232,-13.45433936645595,-0.05814692375557723,0.009479855024551582,0.009479855024551582,0.009479855024551582,62.42973583774329,-13.458077189566696,-0.03585263192300005,0.04758132250903202,0.003737823110746774,-0.02229429183257718,0.047727911889331065,0.052678164562101705,0.03636026382446289,False,DISABLED,none,MODEL_ORIGIN_FRAME_NOT_ESTABLISHED,nan,nan,nan,nan,nan,nan,nan,nan,nan,nan,nan,nan,nan,NOT_EVALUATED,nan,nan,nan,nan,DISABLED,nan,nan,nan,nan,nan,nan
1791355970.0522597,1791355970.093936,1791355970.1004264,1791355970.1004612,front_rgbd_red_sphere,True,True,True,,45.252,45.252,1791355970.093936,1791355970.088657,1791355970.0522597,1791355970.0522597,1791355970.0522597,0.0,1791355969.072267,1791355970.0682569,1791355970.040701,1791355970.0682569,1791355970.0447009,1791355970.072273,1791355969.0522463,1791355970.0682569,1791355969.072267,1791355970.072273,1791355924.8002596,GAZEBO_CLOCK_SYSTEM_INTERPOLATION,MAPPED_EXACT,0,45.252,1791355970.0522597,0.002624988555908203,0.0,RGB,0.0,0,1,0,UNCALIBRATED,TERMINAL_APPROACH,NEAR,STRAIGHT,1.0,5151,1.0,1.6902775764465332,0.07913076132535934,nan,nan,False,0.0,0.0,0.0,0.0,0,0,0,0,0,0.0,0.0,0.0,0.0,0.0,0.0,0.0,0.0,0.0,0.0,0.0,0.0,0.0,0.0,1.684988338302269,-0.11615480476250495,0.0660348792972133,0.0,0.0,0.0,0.0,0.0,0.0,0.0,0.0,0.0,0.0,0.0,False,DISABLED,0,nan,nan,nan,nan,nan,nan,nan,nan,nan,nan,nan,nan,nan,nan,nan,nan,nan,nan,nan,nan,nan,nan,nan,nan,nan,nan,nan,nan,nan,nan,nan,nan,nan,nan,62.64764101412236,-13.584474004177867,-0.06583232648480725,0.009390147927198299,0.009390147927198299,0.009390147927198299,62.59271284299641,-13.586921778712508,-0.047595446494425174,0.05492817112594395,0.0024477745346409563,-0.018236879990382072,0.05498268439621168,0.05792822606637473,0.04167628288269043,False,DISABLED,none,MODEL_ORIGIN_FRAME_NOT_ESTABLISHED,nan,nan,nan,nan,nan,nan,nan,nan,nan,nan,nan,nan,nan,NOT_EVALUATED,nan,nan,nan,nan,DISABLED,nan,nan,nan,nan,nan,nan
1791355970.100261,1791355970.1354191,1791355970.1424334,1791355970.1424778,front_rgbd_red_sphere,True,True,True,,45.3,45.3,1791355970.1354191,1791355970.1312804,1791355970.100261,1791355970.100261,1791355970.100261,0.0,1791355969.1122692,1791355970.1082683,1791355970.0807009,1791355970.1082683,1791355970.0847008,1791355970.1122925,1791355969.0922608,1791355970.1082683,1791355969.1122692,1791355970.1122925,1791355924.800261,GAZEBO_CLOCK_SYSTEM_INTERPOLATION,MAPPED_EXACT,0,45.3,1791355970.100261,0.0035092830657958984,0.0,RGB,0.0,0,1,0,UNCALIBRATED,TERMINAL_APPROACH,NEAR,STRAIGHT,1.0,5444,1.0,1.6558481454849243,0.12616555392742157,nan,nan,False,0.0,0.0,0.0,0.0,0,0,0,0,0,0.0,0.0,0.0,0.0,0.0,0.0,0.0,0.0,0.0,0.0,0.0,0.0,0.0,0.0,1.6426869888425653,-0.10673974982108403,0.17893953210339852,0.0,0.0,0.0,0.0,0.0,0.0,0.0,0.0,0.0,0.0,0.0,False,DISABLED,0,nan,nan,nan,nan,nan,nan,nan,nan,nan,nan,nan,nan,nan,nan,nan,nan,nan,nan,nan,nan,nan,nan,nan,nan,nan,nan,nan,nan,nan,nan,nan,nan,nan,nan,62.815332560234545,-13.712082202514827,-0.07383644506267312,0.009323540453264802,0.009323540453264802,0.009323540453264802,62.743631705516044,-13.705524125105097,-0.058173753487277595,0.0717008547185003,-0.006558077409730245,-0.015662691575395522,0.07200014546287736,0.07368406105842339,0.03515815734863281,False,DISABLED,none,MODEL_ORIGIN_FRAME_NOT_ESTABLISHED,nan,nan,nan,nan,nan,nan,nan,nan,nan,nan,nan,nan,nan,NOT_EVALUATED,nan,nan,nan,nan,DISABLED,nan,nan,nan,nan,nan,nan
1791355970.152251,1791355970.1862893,1791355970.194961,1791355970.195008,front_rgbd_red_sphere,True,True,True,,45.352,45.352,1791355970.1862893,1791355970.1804173,1791355970.152251,1791355970.152251,1791355970.152251,0.0,1791355969.1522515,1791355970.172276,1791355970.144701,1791355970.172276,1791355970.144701,1791355970.172276,1791355969.148269,1791355970.172276,1791355969.1522515,1791355970.172276,1791355924.800251,GAZEBO_CLOCK_SYSTEM_INTERPOLATION,MAPPED_EXACT,0,45.352,1791355970.152251,0.0025746822357177734,0.0,RGB,0.0,0,1,0,UNCALIBRATED,TERMINAL_APPROACH,NEAR,STRAIGHT,1.0,5978,1.0,1.6018601655960083,0.17954295873641968,nan,nan,False,0.0,0.0,0.0,0.0,0,0,0,0,0,0.0,0.0,0.0,0.0,0.0,0.0,0.0,0.0,0.0,0.0,0.0,0.0,0.0,0.0,1.5761109169628016,-0.09585811382853837,0.26952098267031377,0.0,0.0,0.0,0.0,0.0,0.0,0.0,0.0,0.0,0.0,0.0,False,DISABLED,0,nan,nan,nan,nan,nan,nan,nan,nan,nan,nan,nan,nan,nan,nan,nan,nan,nan,nan,nan,nan,nan,nan,nan,nan,nan,nan,nan,nan,nan,nan,nan,nan,nan,nan,62.981782128679875,-13.838184407387628,-0.08046935409982353,0.009219571846302482,0.009219571846302482,0.009219571846302482,62.90737332468826,-13.833372793021484,-0.0692372074685171,0.07440880399161642,-0.004811614366143857,-0.011232146631306436,0.0745642122218915,0.07540545644857832,0.03403830528259277,False,DISABLED,none,MODEL_ORIGIN_FRAME_NOT_ESTABLISHED,nan,nan,nan,nan,nan,nan,nan,nan,nan,nan,nan,nan,nan,NOT_EVALUATED,nan,nan,nan,nan,DISABLED,nan,nan,nan,nan,nan,nan
1791355970.2002654,1791355970.231832,1791355970.2373943,1791355970.2374187,front_rgbd_red_sphere,True,True,True,,45.4,45.4,1791355970.231832,1791355970.2283328,1791355970.2002654,1791355970.2002654,1791355970.2002654,0.0,1791355969.1922622,1791355970.212264,1791355970.184701,1791355970.212264,1791355970.184701,1791355970.212264,1791355969.1882677,1791355970.212264,1791355969.1922622,1791355970.212264,1791355924.8002653,GAZEBO_CLOCK_SYSTEM_INTERPOLATION,MAPPED_EXACT,0,45.4,1791355970.2002654,0.0041806697845458984,0.0,RGB,0.0,0,1,0,UNCALIBRATED,TERMINAL_APPROACH,NEAR,STRAIGHT,1.0,6536,1.0,1.5590181350708008,0.23068103194236755,nan,nan,False,0.0,0.0,0.0,0.0,0,0,0,0,0,0.0,0.0,0.0,0.0,0.0,0.0,0.0,0.0,0.0,0.0,0.0,0.0,0.0,0.0,1.5177211164844866,-0.08236590783815312,0.34680810791647976,0.0,0.0,0.0,0.0,0.0,0.0,0.0,0.0,0.0,0.0,0.0,False,DISABLED,0,nan,nan,nan,nan,nan,nan,nan,nan,nan,nan,nan,nan,nan,nan,nan,nan,nan,nan,nan,nan,nan,nan,nan,nan,nan,nan,nan,nan,nan,nan,nan,nan,nan,nan,63.14557947162656,-13.962573492052172,-0.087678245665955,0.00913748267772947,0.00913748267772947,0.00913748267772947,63.05953930561804,-13.951441379209989,-0.07909575444042828,0.08604016600852304,-0.011132112842183517,-0.00858249122552672,0.08675732881494976,0.0871808078578167,0.031566619873046875,False,DISABLED,none,MODEL_ORIGIN_FRAME_NOT_ESTABLISHED,nan,nan,nan,nan,nan,nan,nan,nan,nan,nan,nan,nan,nan,NOT_EVALUATED,nan,nan,nan,nan,DISABLED,nan,nan,nan,nan,nan,nan
1791355970.252249,1791355970.2859957,1791355970.2925293,1791355970.2925568,front_rgbd_red_sphere,True,True,True,,45.452,45.452,1791355970.2859957,1791355970.2817137,1791355970.252249,1791355970.252249,1791355970.252249,0.0,1791355969.2722757,1791355970.2682562,1791355970.240701,1791355970.2682562,1791355970.244701,1791355970.2722814,1791355969.2682548,1791355970.2682562,1791355969.2722757,1791355970.2722814,1791355924.800249,GAZEBO_CLOCK_SYSTEM_INTERPOLATION,MAPPED_EXACT,0,45.452,1791355970.252249,0.0022776126861572266,0.0,RGB,0.0,0,1,0,UNCALIBRATED,TERMINAL_APPROACH,NEAR,STRAIGHT,1.0,7388,1.0,1.494561791419983,0.2770569920539856,nan,nan,False,0.0,0.0,0.0,0.0,0,0,0,0,0,0.0,0.0,0.0,0.0,0.0,0.0,0.0,0.0,0.0,0.0,0.0,0.0,0.0,0.0,1.4375660343791556,-0.06839233840594328,0.4030399652919153,0.0,0.0,0.0,0.0,0.0,0.0,0.0,0.0,0.0,0.0,0.0,False,DISABLED,0,nan,nan,nan,nan,nan,nan,nan,nan,nan,nan,nan,nan,nan,nan,nan,nan,nan,nan,nan,nan,nan,nan,nan,nan,nan,nan,nan,nan,nan,nan,nan,nan,nan,nan,63.30868654099536,-14.086566900414434,-0.09475153160978395,0.00901467028513252,0.00901467028513252,0.00901467028513252,63.2239170777634,-14.07812618568867,-0.08919714830028368,0.08476946323195733,-0.008440714725763243,-0.005554383309500269,0.08518865864489171,0.08536954220133043,0.03374671936035156,False,DISABLED,none,MODEL_ORIGIN_FRAME_NOT_ESTABLISHED,nan,nan,nan,nan,nan,nan,nan,nan,nan,nan,nan,nan,nan,NOT_EVALUATED,nan,nan,nan,nan,DISABLED,nan,nan,nan,nan,nan,nan
1791355970.3002613,1791355970.3318424,1791355970.338726,1791355970.3387537,front_rgbd_red_sphere,True,True,True,,45.5,45.5,1791355970.3318424,1791355970.3278916,1791355970.3002613,1791355970.3002613,1791355970.3002613,0.0,1791355969.2922618,1791355970.308257,1791355970.280701,1791355970.308257,1791355970.2847009,1791355970.3122585,1791355969.2922618,1791355970.308257,1791355969.2922618,1791355970.3122585,1791355924.8002613,GAZEBO_CLOCK_SYSTEM_INTERPOLATION,MAPPED_EXACT,0,45.5,1791355970.3002613,0.004310131072998047,0.0,RGB,0.0,0,1,0,UNCALIBRATED,TERMINAL_APPROACH,NEAR,STRAIGHT,1.0,8310,1.0,1.4417589902877808,0.3220750391483307,nan,nan,False,0.0,0.0,0.0,0.0,0,0,0,0,0,0.0,0.0,0.0,0.0,0.0,0.0,0.0,0.0,0.0,0.0,0.0,0.0,0.0,0.0,1.3676246197933717,-0.05379097973662339,0.4531868209292731,0.0,0.0,0.0,0.0,0.0,0.0,0.0,0.0,0.0,0.0,0.0,False,DISABLED,0,nan,nan,nan,nan,nan,nan,nan,nan,nan,nan,nan,nan,nan,nan,nan,nan,nan,nan,nan,nan,nan,nan,nan,nan,nan,nan,nan,nan,nan,nan,nan,nan,nan,nan,63.470425836272256,-14.209517142432203,-0.10182310939212807,0.00891468120366692,0.00891468120366692,0.00891468120366692,63.37667040670773,-14.195084040031235,-0.09804855693387063,0.0937554295645242,-0.014433102400968068,-0.0037745524582574463,0.09485987042867648,0.09493493700427376,0.03158116340637207,False,DISABLED,none,MODEL_ORIGIN_FRAME_NOT_ESTABLISHED,nan,nan,nan,nan,nan,nan,nan,nan,nan,nan,nan,nan,nan,NOT_EVALUATED,nan,nan,nan,nan,DISABLED,nan,nan,nan,nan,nan,nan
1791355970.3522546,1791355970.3779752,1791355970.387706,1791355970.3877327,front_rgbd_red_sphere,True,True,True,,45.552,45.552,1791355970.3779752,1791355970.3743367,1791355970.3522546,1791355970.3522546,1791355970.3522546,0.0,1791355969.3522487,1791355970.3722713,1791355970.3447008,1791355970.3722713,1791355970.3447008,1791355970.3722713,1791355969.348265,1791355970.3722713,1791355969.3522487,1791355970.3722713,1791355924.8002546,GAZEBO_CLOCK_SYSTEM_INTERPOLATION,MAPPED_EXACT,0,45.552,1791355970.3522546,0.0031371116638183594,0.0,RGB,0.0,0,1,0,UNCALIBRATED,TERMINAL_APPROACH,NEAR,STRAIGHT,1.0,9724,1.0,1.365012526512146,0.3618509769439697,nan,nan,False,0.0,0.0,0.0,0.0,0,0,0,0,0,0.0,0.0,0.0,0.0,0.0,0.0,0.0,0.0,0.0,0.0,0.0,0.0,0.0,0.0,1.276618591576284,-0.04100073541092608,0.4814799913019273,0.0,0.0,0.0,0.0,0.0,0.0,0.0,0.0,0.0,0.0,0.0,False,DISABLED,0,nan,nan,nan,nan,nan,nan,nan,nan,nan,nan,nan,nan,nan,nan,nan,nan,nan,nan,nan,nan,nan,nan,nan,nan,nan,nan,nan,nan,nan,nan,nan,nan,nan,nan,63.63163088112638,-14.332168253642353,-0.10825141872810345,0.008770345875145318,0.008770345875145318,0.008770345875145318,63.54216786083903,-14.32090455270568,-0.10696510218066194,0.0894630202873472,-0.011263700936671839,-0.0012863165474415184,0.09016930163711527,0.09017847619019352,0.025720596313476562,False,DISABLED,none,MODEL_ORIGIN_FRAME_NOT_ESTABLISHED,nan,nan,nan,nan,nan,nan,nan,nan,nan,nan,nan,nan,nan,NOT_EVALUATED,nan,nan,nan,nan,DISABLED,nan,nan,nan,nan,nan,nan
1791355970.400259,1791355970.4354687,1791355970.4398336,1791355970.4398773,front_rgbd_red_sphere,True,True,True,,45.6,45.6,1791355970.4289448,1791355970.4354687,1791355970.400259,1791355970.400259,1791355970.400259,0.0,1791355969.412256,1791355970.412257,1791355970.384701,1791355970.412257,1791355970.384701,1791355970.412257,1791355969.412256,1791355970.412257,1791355969.412256,1791355970.412257,1791355924.800259,GAZEBO_CLOCK_SYSTEM_INTERPOLATION,MAPPED_EXACT,0,45.6,1791355970.400259,0.0034830570220947266,0.0,RGB,0.0,0,1,0,UNCALIBRATED,TERMINAL_APPROACH,NEAR,STRAIGHT,1.0,11284,1.0,1.3007994890213013,0.40110164880752563,nan,nan,False,0.0,0.0,0.0,0.0,0,0,0,0,0,0.0,0.0,0.0,0.0,0.0,0.0,0.0,0.0,0.0,0.0,0.0,0.0,0.0,0.0,1.197556911381664,-0.02903229267461671,0.5070443151281715,0.0,0.0,0.0,0.0,0.0,0.0,0.0,0.0,0.0,0.0,0.0,False,DISABLED,0,nan,nan,nan,nan,nan,nan,nan,nan,nan,nan,nan,nan,nan,nan,nan,nan,nan,nan,nan,nan,nan,nan,nan,nan,nan,nan,nan,nan,nan,nan,nan,nan,nan,nan,63.791856203806084,-14.454039906764443,-0.11472098871398989,0.008650487154168636,0.008650487154168636,0.008650487154168636,63.695503171152424,-14.436684232133855,-0.11459231223281645,0.09635303265365991,-0.01735567463058807,-0.00012867648117344255,0.09790365847832291,0.09790374303915503,0.03520965576171875,False,DISABLED,none,MODEL_ORIGIN_FRAME_NOT_ESTABLISHED,nan,nan,nan,nan,nan,nan,nan,nan,nan,nan,nan,nan,nan,NOT_EVALUATED,nan,nan,nan,nan,DISABLED,nan,nan,nan,nan,nan,nan
1791355970.4522533,1791355970.4910893,1791355970.4955473,1791355970.4955869,front_rgbd_red_sphere,True,True,True,,45.652,45.652,1791355970.4910893,1791355970.4793086,1791355970.4522533,1791355970.4522533,1791355970.4522533,0.0,1791355969.4522603,1791355970.468261,1791355970.440701,1791355970.468261,1791355970.444701,1791355970.4722579,1791355969.4522603,1791355970.468261,1791355969.4522603,1791355970.4722579,1791355924.8002534,GAZEBO_CLOCK_SYSTEM_INTERPOLATION,MAPPED_EXACT,0,45.652,1791355970.4522533,0.003172636032104492,0.0,RGB,0.0,0,1,0,UNCALIBRATED,TERMINAL_APPROACH,NEAR,STRAIGHT,1.0,13738,1.0,1.2108960151672363,0.4334883987903595,nan,nan,False,0.0,0.0,0.0,0.0,0,0,0,0,0,0.0,0.0,0.0,0.0,0.0,0.0,0.0,0.0,0.0,0.0,0.0,0.0,0.0,0.0,1.0988954456777418,-0.02096317907383105,0.5081914774164665,0.0,0.0,0.0,0.0,0.0,0.0,0.0,0.0,0.0,0.0,0.0,False,DISABLED,0,nan,nan,nan,nan,nan,nan,nan,nan,nan,nan,nan,nan,nan,nan,nan,nan,nan,nan,nan,nan,nan,nan,nan,nan,nan,nan,nan,nan,nan,nan,nan,nan,nan,nan,63.95136230419229,-14.575363220172173,-0.12024901281455852,0.008484060596191544,0.008484060596191544,0.008484060596191544,63.86189180078432,-14.561390031168765,-0.12208851438665957,0.08947050340796636,-0.013973189003408493,0.0018395015721010544,0.09055507159182138,0.09057375313540704,0.038836002349853516,False,DISABLED,none,MODEL_ORIGIN_FRAME_NOT_ESTABLISHED,nan,nan,nan,nan,nan,nan,nan,nan,nan,nan,nan,nan,nan,NOT_EVALUATED,nan,nan,nan,nan,DISABLED,nan,nan,nan,nan,nan,nan
1791355970.5002573,1791355970.5324175,1791355970.543814,1791355970.5438561,front_rgbd_red_sphere,True,True,True,,45.7,45.7,1791355970.5324175,1791355970.5204427,1791355970.5002573,1791355970.5002573,1791355970.5002573,0.0,1791355969.5082676,1791355970.5082698,1791355970.480701,1791355970.5082698,1791355970.484701,1791355970.5122685,1791355969.5082676,1791355970.5082698,1791355969.4923239,1791355970.5122685,1791355924.8002572,GAZEBO_CLOCK_SYSTEM_INTERPOLATION,MAPPED_EXACT,0,45.7,1791355970.5002573,0.0010461807250976562,0.0,RGB,0.0,0,1,0,UNCALIBRATED,TERMINAL_APPROACH,NEAR,STRAIGHT,1.0,16580,1.0,1.134651780128479,0.46580883860588074,nan,nan,False,0.0,0.0,0.0,0.0,0,0,0,0,0,0.0,0.0,0.0,0.0,0.0,0.0,0.0,0.0,0.0,0.0,0.0,0.0,0.0,0.0,1.013764334338789,-0.014499698286310148,0.509417534114399,0.0,0.0,0.0,0.0,0.0,0.0,0.0,0.0,0.0,0.0,0.0,False,DISABLED,0,nan,nan,nan,nan,nan,nan,nan,nan,nan,nan,nan,nan,nan,nan,nan,nan,nan,nan,nan,nan,nan,nan,nan,nan,nan,nan,nan,nan,nan,nan,nan,nan,nan,nan,64.1109432560848,-14.696034385410854,-0.12573515713193334,0.008344186257053507,0.008344186257053507,0.008344186257053507,64.0158910340872,-14.675987563958003,-0.1283098679637205,0.09505222199759089,-0.020046821452851304,0.002574710831787147,0.09714319305562176,0.09717730749979198,0.032160282135009766,False,DISABLED,none,MODEL_ORIGIN_FRAME_NOT_ESTABLISHED,nan,nan,nan,nan,nan,nan,nan,nan,nan,nan,nan,nan,nan,NOT_EVALUATED,nan,nan,nan,nan,DISABLED,nan,nan,nan,nan,nan,nan
1791355970.5522568,1791355970.5873673,1791355970.598492,1791355970.598537,front_rgbd_red_sphere,True,True,True,,45.752,45.752,1791355970.5873673,1791355970.583885,1791355970.5522568,1791355970.5522568,1791355970.5522568,0.0,1791355969.5722697,1791355970.5722713,1791355970.5447009,1791355970.5722713,1791355970.5447009,1791355970.5722713,1791355969.5722697,1791355970.5722713,1791355969.5722697,1791355970.5722713,1791355924.8002567,GAZEBO_CLOCK_SYSTEM_INTERPOLATION,MAPPED_EXACT,0,45.752,1791355970.5522568,0.003600597381591797,0.0,RGB,0.0,0,1,0,UNCALIBRATED,TERMINAL_APPROACH,NEAR,STRAIGHT,1.0,21155,1.0,1.0302058458328247,0.48875516653060913,nan,nan,False,0.0,0.0,0.0,0.0,0,0,0,0,0,0.0,0.0,0.0,0.0,0.0,0.0,0.0,0.0,0.0,0.0,0.0,0.0,0.0,0.0,0.9095873059495717,-0.013133622726668293,0.4835312916094518,0.0,0.0,0.0,0.0,0.0,0.0,0.0,0.0,0.0,0.0,0.0,False,DISABLED,0,nan,nan,nan,nan,nan,nan,nan,nan,nan,nan,nan,nan,nan,nan,nan,nan,nan,nan,nan,nan,nan,nan,nan,nan,nan,nan,nan,nan,nan,nan,nan,nan,nan,nan,64.27027285815473,-14.816204630607675,-0.13011933070553144,0.008154461748109116,0.008154461748109116,0.008154461748109116,64.18324572508936,-14.799556844044773,-0.1342027856173418,0.08702713306536225,-0.016647786562902667,0.004083454911810364,0.08860513916822337,0.08869918427492453,0.0351104736328125,False,DISABLED,none,MODEL_ORIGIN_FRAME_NOT_ESTABLISHED,nan,nan,nan,nan,nan,nan,nan,nan,nan,nan,nan,nan,nan,NOT_EVALUATED,nan,nan,nan,nan,DISABLED,nan,nan,nan,nan,nan,nan
1791355970.6002603,1791355970.6309087,1791355970.6383128,1791355970.6383414,front_rgbd_red_sphere,True,True,True,,45.8,45.8,1791355970.6231523,1791355970.6309087,1791355970.6002603,1791355970.6002603,1791355970.6002603,0.0,1791355969.61226,1791355970.6122751,1791355970.5847008,1791355970.6122751,1791355970.5847008,1791355970.6122751,1791355969.61226,1791355970.6122751,1791355969.61226,1791355970.6122751,1791355924.8002603,GAZEBO_CLOCK_SYSTEM_INTERPOLATION,MAPPED_EXACT,0,45.8,1791355970.6002603,0.0030291080474853516,0.0,RGB,0.0,0,1,0,UNCALIBRATED,TERMINAL_APPROACH,NEAR,STRAIGHT,1.0,24915,1.0,0.9404366612434387,0.5100708603858948,nan,nan,False,0.0,0.0,0.0,0.0,0,0,0,0,0,0.0,0.0,0.0,0.0,0.0,0.0,0.0,0.0,0.0,0.0,0.0,0.0,0.0,0.0,0.8207284242572012,-0.01310829654824519,0.45897077837784156,0.0,0.0,0.0,0.0,0.0,0.0,0.0,0.0,0.0,0.0,0.0,False,DISABLED,0,nan,nan,nan,nan,nan,nan,nan,nan,nan,nan,nan,nan,nan,nan,nan,nan,nan,nan,nan,nan,nan,nan,nan,nan,nan,nan,nan,nan,nan,nan,nan,nan,nan,nan,64.42990058367302,-14.935663847560825,-0.13453225124749418,0.007993140803039606,0.007993140803039606,0.007993140803039606,64.33787785569871,-14.912880737086887,-0.1388670537296,0.09202272797431021,-0.022783110473937995,0.004334802482105826,0.09480112123124683,0.09490017439004225,0.030648469924926758,False,DISABLED,none,MODEL_ORIGIN_FRAME_NOT_ESTABLISHED,nan,nan,nan,nan,nan,nan,nan,nan,nan,nan,nan,nan,nan,NOT_EVALUATED,nan,nan,nan,nan,DISABLED,nan,nan,nan,nan,nan,nan
1791355970.6522555,1791355970.6903636,1791355970.6957736,1791355970.6958008,front_rgbd_red_sphere,True,True,True,,45.852,45.852,1791355970.6903636,1791355970.6770692,1791355970.6522555,1791355970.6522555,1791355970.6522555,0.0,1791355969.6682718,1791355970.668274,1791355970.6407008,1791355970.668274,1791355970.644701,1791355970.6722765,1791355969.6682718,1791355970.668274,1791355969.6522603,1791355970.6722765,1791355924.8002555,GAZEBO_CLOCK_SYSTEM_INTERPOLATION,MAPPED_EXACT,0,45.852,1791355970.6522555,0.0027534961700439453,0.0,RGB,0.0,0,1,0,UNCALIBRATED,TERMINAL_APPROACH,NEAR,STRAIGHT,1.0,31358,1.0,0.8218798637390137,0.5023437738418579,nan,nan,False,0.0,0.0,0.0,0.0,0,0,0,0,0,0.0,0.0,0.0,0.0,0.0,0.0,0.0,0.0,0.0,0.0,0.0,0.0,0.0,0.0,0.7203419380594066,-0.01827260170173578,0.39529752099173343,0.0,0.0,0.0,0.0,0.0,0.0,0.0,0.0,0.0,0.0,0.0,False,DISABLED,0,nan,nan,nan,nan,nan,nan,nan,nan,nan,nan,nan,nan,nan,nan,nan,nan,nan,nan,nan,nan,nan,nan,nan,nan,nan,nan,nan,nan,nan,nan,nan,nan,nan,nan,64.58639618391096,-15.052030644816318,-0.13824379320588637,0.007782556449535824,0.007782556449535824,0.007782556449535824,64.50642249631056,-15.035392622013804,-0.14301383671144266,0.07997368760040047,-0.01663802280251403,0.004770043505556293,0.0816860729328043,0.0818252273215805,0.038108110427856445,False,DISABLED,none,MODEL_ORIGIN_FRAME_NOT_ESTABLISHED,nan,nan,nan,nan,nan,nan,nan,nan,nan,nan,nan,nan,nan,NOT_EVALUATED,nan,nan,nan,nan,DISABLED,nan,nan,nan,nan,nan,nan
1791355970.7002513,1791355970.7425466,1791355970.7503898,1791355970.7504382,front_rgbd_red_sphere,True,True,True,,45.9,45.9,1791355970.7425466,1791355970.7308626,1791355970.7002513,1791355970.7002513,1791355970.7002513,0.0,1791355969.7122679,1791355970.732264,1791355970.704701,1791355970.732264,1791355970.704701,1791355970.732264,1791355969.7082682,1791355970.732264,1791355969.7122679,1791355970.732264,1791355924.8002512,GAZEBO_CLOCK_SYSTEM_INTERPOLATION,MAPPED_EXACT,0,45.9,1791355970.7002513,0.0029060840606689453,0.0,RGB,0.0,0,1,0,UNCALIBRATED,TERMINAL_APPROACH,NEAR,STRAIGHT,1.0,39823,1.0,0.7249982953071594,0.4551265835762024,nan,nan,False,0.0,0.0,0.0,0.0,0,0,0,0,0,0.0,0.0,0.0,0.0,0.0,0.0,0.0,0.0,0.0,0.0,0.0,0.0,0.0,0.0,0.651197371601625,-0.023077311783864574,0.3178552215657753,0.0,0.0,0.0,0.0,0.0,0.0,0.0,0.0,0.0,0.0,0.0,False,DISABLED,0,nan,nan,nan,nan,nan,nan,nan,nan,nan,nan,nan,nan,nan,nan,nan,nan,nan,nan,nan,nan,nan,nan,nan,nan,nan,nan,nan,nan,nan,nan,nan,nan,nan,nan,64.73838134703334,-15.163615501051112,-0.14527670265059794,0.007612559516620414,0.007612559516620414,0.007612559516620414,64.66204000791433,-15.147623077465617,-0.14601448497294,0.07634133911901131,-0.015992423585494464,0.0007377823223420621,0.07799844659108132,0.07800193583095824,0.042295217514038086,False,DISABLED,none,MODEL_ORIGIN_FRAME_NOT_ESTABLISHED,nan,nan,nan,nan,nan,nan,nan,nan,nan,nan,nan,nan,nan,NOT_EVALUATED,nan,nan,nan,nan,DISABLED,nan,nan,nan,nan,nan,nan
1791355970.752263,1791355970.7775018,1791355970.7915509,1791355970.791589,front_rgbd_red_sphere,True,True,True,,45.952,45.952,1791355970.7775018,1791355970.7759097,1791355970.752263,1791355970.752263,1791355970.752263,0.0,1791355969.7522573,1791355970.772275,1791355970.744701,1791355970.772275,1791355970.744701,1791355970.772275,1791355969.7482684,1791355970.772275,1791355969.7522573,1791355970.772275,1791355924.8002632,GAZEBO_CLOCK_SYSTEM_INTERPOLATION,MAPPED_EXACT,0,45.952,1791355970.752263,0.002767801284790039,0.0,RGB,0.0,0,1,0,UNCALIBRATED,TERMINAL_APPROACH,NEAR,STRAIGHT,1.0,57306,1.0,0.6014175415039062,0.36349397897720337,nan,nan,False,0.0,0.0,0.0,0.0,0,0,0,0,0,0.0,0.0,0.0,0.0,0.0,0.0,0.0,0.0,0.0,0.0,0.0,0.0,0.0,0.0,0.5621210804350737,-0.032330940043497264,0.21137089162679024,0.0,0.0,0.0,0.0,0.0,0.0,0.0,0.0,0.0,0.0,0.0,False,DISABLED,0,nan,nan,nan,nan,nan,nan,nan,nan,nan,nan,nan,nan,nan,nan,nan,nan,nan,nan,nan,nan,nan,nan,nan,nan,nan,nan,nan,nan,nan,nan,nan,nan,nan,nan,64.8869298480019,-15.271170297882795,-0.15261506387661677,0.007398438362821335,0.007398438362821335,0.007398438362821335,64.83131640938133,-15.268660133861804,-0.14830182406371134,0.055613438620568445,-0.0025101640209914677,-0.004313239812905434,0.05567005908579597,0.05583690102700585,0.025238752365112305,False,DISABLED,none,MODEL_ORIGIN_FRAME_NOT_ESTABLISHED,nan,nan,nan,nan,nan,nan,nan,nan,nan,nan,nan,nan,nan,NOT_EVALUATED,nan,nan,nan,nan,DISABLED,nan,nan,nan,nan,nan,nan
1791355970.8002543,1791355970.8273635,1791355970.8356063,1791355970.8356354,front_rgbd_red_sphere,True,True,True,,46.0,46.0,1791355970.8273635,1791355970.8250709,1791355970.8002543,1791355970.8002543,1791355970.8002543,0.0,1791355969.7922616,1791355970.8122685,1791355970.7847888,1791355970.8122685,1791355970.7847888,1791355970.8122685,1791355969.788274,1791355970.8122685,1791355969.7922616,1791355970.8122685,1791355924.8002543,GAZEBO_CLOCK_SYSTEM_INTERPOLATION,MAPPED_EXACT,0,46.0,1791355970.8002543,0.0033402442932128906,0.0,RGB,0.0,0,1,0,UNCALIBRATED,TERMINAL_APPROACH,NEAR,STRAIGHT,1.0,84759,1.0,0.49913880228996277,0.2728869915008545,nan,nan,False,0.0,0.0,0.0,0.0,0,0,0,0,0,0.0,0.0,0.0,0.0,0.0,0.0,0.0,0.0,0.0,0.0,0.0,0.0,0.0,0.0,0.4806690943286451,-0.040864441116755065,0.1281673679103167,0.0,0.0,0.0,0.0,0.0,0.0,0.0,0.0,0.0,0.0,0.0,False,DISABLED,0,nan,nan,nan,nan,nan,nan,nan,nan,nan,nan,nan,nan,nan,nan,nan,nan,nan,nan,nan,nan,nan,nan,nan,nan,nan,nan,nan,nan,nan,nan,nan,nan,nan,nan,65.03751212409162,-15.377794332171433,-0.1580688721764703,0.00722353605685093,0.00722353605685093,0.00722353605685093,64.9879796566224,-15.379756373493684,-0.14956189663058758,0.04953246746921991,0.0019620413222511957,-0.008506975545882728,0.04957131166047102,0.050295959804717884,0.027109146118164062,False,DISABLED,none,MODEL_ORIGIN_FRAME_NOT_ESTABLISHED,nan,nan,nan,nan,nan,nan,nan,nan,nan,nan,nan,nan,nan,NOT_EVALUATED,nan,nan,nan,nan,DISABLED,nan,nan,nan,nan,nan,nan
1791355970.8522482,1791355970.8829277,1791355970.8994226,1791355970.8994517,front_rgbd_red_sphere,True,True,True,,46.052,46.052,1791355970.8829277,1791355970.8797019,1791355970.8522482,1791355970.8522482,1791355970.8522482,0.0,1791355969.8722665,1791355970.8682644,1791355970.8407888,1791355970.8682644,1791355970.844789,1791355970.8722758,1791355969.8682568,1791355970.8682644,1791355969.8722665,1791355970.8722758,1791355924.8002481,GAZEBO_CLOCK_SYSTEM_INTERPOLATION,MAPPED_EXACT,0,46.052,1791355970.8522482,0.003069162368774414,0.0,RGB,0.0,0,1,0,UNCALIBRATED,TERMINAL_APPROACH,NEAR,STRAIGHT,1.0,184249,1.0,0.3748685121536255,0.17171408236026764,nan,nan,False,0.0,0.0,0.0,0.0,0,0,0,0,0,0.0,0.0,0.0,0.0,0.0,0.0,0.0,0.0,0.0,0.0,0.0,0.0,0.0,0.0,0.36935544356969713,-0.05350402238345006,0.035217576214951515,0.0,0.0,0.0,0.0,0.0,0.0,0.0,0.0,0.0,0.0,0.0,False,DISABLED,0,nan,nan,nan,nan,nan,nan,nan,nan,nan,nan,nan,nan,nan,nan,nan,nan,nan,nan,nan,nan,nan,nan,nan,nan,nan,nan,nan,nan,nan,nan,nan,nan,nan,nan,65.18947798045733,-15.48282277364926,-0.16134569767277368,0.007013842260426154,0.007013842260426154,0.007013842260426154,65.15807084857224,-15.499292853699785,-0.1499380886916051,0.03140713188508926,0.016470080050524416,-0.011407608981168577,0.03546366408195962,0.03725325506295135,0.03067946434020996,False,DISABLED,none,MODEL_ORIGIN_FRAME_NOT_ESTABLISHED,nan,nan,nan,nan,nan,nan,nan,nan,nan,nan,nan,nan,nan,NOT_EVALUATED,nan,nan,nan,nan,DISABLED,nan,nan,nan,nan,nan,nan
1791355970.9002612,1791355970.945359,1791355970.9515526,1791355970.951573,front_rgbd_red_sphere,True,True,True,,46.1,46.1,1791355970.945359,1791355970.9326336,1791355970.9002612,1791355970.9002612,1791355970.9002612,0.0,1791355969.9122682,1791355970.9322631,1791355970.904789,1791355970.9322631,1791355970.904789,1791355970.9322631,1791355969.9082692,1791355970.9322631,1791355969.9122682,1791355970.9322631,1791355924.8002613,GAZEBO_CLOCK_SYSTEM_INTERPOLATION,MAPPED_EXACT,0,46.1,1791355970.9002612,0.0014617443084716797,0.0,RGB,0.0,0,1,0,UNCALIBRATED,TERMINAL_APPROACH,NEAR,STRAIGHT,1.0,33331,1.0,0.2781491279602051,0.2555229961872101,nan,nan,False,0.0,0.0,0.0,0.0,0,0,0,0,0,0.0,0.0,0.0,0.0,0.0,0.0,0.0,0.0,0.0,0.0,0.0,0.0,0.0,0.0,0.2691179625752102,-0.062173807720998245,-0.03281573404861905,0.0,0.0,0.0,0.0,0.0,0.0,0.0,0.0,0.0,0.0,0.0,False,DISABLED,0,nan,nan,nan,nan,nan,nan,nan,nan,nan,nan,nan,nan,nan,nan,nan,nan,nan,nan,nan,nan,nan,nan,nan,nan,nan,nan,nan,nan,nan,nan,nan,nan,nan,nan,65.34362138595307,-15.58901957946935,-0.1641806374225549,0.006852775284080022,0.006852775284080022,0.006852775284080022,65.31558492028294,-15.609034240764425,-0.14942651274074187,0.02803646567012663,0.020014661295075342,-0.01475412468181303,0.03444749735508773,0.0374741813673796,0.04509782791137695,False,DISABLED,none,MODEL_ORIGIN_FRAME_NOT_ESTABLISHED,nan,nan,nan,nan,nan,nan,nan,nan,nan,nan,nan,nan,nan,NOT_EVALUATED,nan,nan,nan,nan,DISABLED,nan,nan,nan,nan,nan,nan
