[INFO] [1791463218.374234282] [front_tof_monitor]: FRONT TOF READY | RGB=/uav/camera/front/image | depth=/uav/camera/front/depth_image | ROS RGB=/camera/front/image_raw | RGB clip=0.1-60.0 m | ToF range=0.1-25.0 m
[INFO] [1791463218.374558372] [front_tof_monitor]: Image diagnostics only; target truth is not subscribed; ToF output is diagnostic only.
[WARN] [1791463218.448800087] [front_tof_monitor]: USV RGB=False | TOF=False | active=none | range=nan m | depth ratio=0.00 | window rates RGB/ToF=0.00/0.00 | frame change=0.0000 | truth angle FOV=False | RGB render volume=False | H/V angles=nan/nan deg | truth distance=inf m
[INFO] [1791463219.050222862] [front_tof_monitor]: USV RGB=True | TOF=True | active=front_tof | range=6.72 m | depth ratio=1.00 | window rates RGB/ToF=0.20/0.20 | frame change=0.3530 | truth angle FOV=False | RGB render volume=False | H/V angles=nan/nan deg | truth distance=inf m
[WARN] [1791463220.548120692] [front_tof_monitor]: USV RGB=True | TOF=False | active=front_rgb_only | range=nan m | depth ratio=0.00 | window rates RGB/ToF=0.80/0.75 | frame change=0.0000 | truth angle FOV=False | RGB render volume=False | H/V angles=nan/nan deg | truth distance=inf m
[INFO] [1791463220.649023132] [front_tof_monitor]: USV RGB=True | TOF=True | active=front_tof | range=6.72 m | depth ratio=1.00 | window rates RGB/ToF=0.81/0.76 | frame change=0.0000 | truth angle FOV=False | RGB render volume=False | H/V angles=nan/nan deg | truth distance=inf m
[WARN] [1791463220.749169529] [front_tof_monitor]: USV RGB=True | TOF=False | active=front_rgb_only | range=nan m | depth ratio=0.00 | window rates RGB/ToF=0.82/0.73 | frame change=0.0000 | truth angle FOV=False | RGB render volume=False | H/V angles=nan/nan deg | truth distance=inf m
[INFO] [1791463220.848951877] [front_tof_monitor]: USV RGB=True | TOF=True | active=front_tof | range=6.72 m | depth ratio=1.00 | window rates RGB/ToF=0.83/0.74 | frame change=0.0000 | truth angle FOV=False | RGB render volume=False | H/V angles=nan/nan deg | truth distance=inf m
[WARN] [1791463220.948695603] [front_tof_monitor]: USV RGB=True | TOF=False | active=front_rgb_only | range=nan m | depth ratio=0.00 | window rates RGB/ToF=0.83/0.71 | frame change=0.0000 | truth angle FOV=False | RGB render volume=False | H/V angles=nan/nan deg | truth distance=inf m
[INFO] [1791463221.348961579] [front_tof_monitor]: USV RGB=True | TOF=True | active=front_tof | range=6.72 m | depth ratio=1.00 | window rates RGB/ToF=0.86/0.64 | frame change=0.0000 | truth angle FOV=False | RGB render volume=False | H/V angles=nan/nan deg | truth distance=inf m
[WARN] [1791463221.448072165] [front_tof_monitor]: USV RGB=True | TOF=False | active=front_rgb_only | range=nan m | depth ratio=0.00 | window rates RGB/ToF=0.86/0.62 | frame change=0.0000 | truth angle FOV=False | RGB render volume=False | H/V angles=nan/nan deg | truth distance=inf m
[INFO] [1791463221.648865220] [front_tof_monitor]: USV RGB=True | TOF=True | active=front_tof | range=6.72 m | depth ratio=1.00 | window rates RGB/ToF=0.87/0.61 | frame change=0.0000 | truth angle FOV=False | RGB render volume=False | H/V angles=nan/nan deg | truth distance=inf m
[WARN] [1791463222.048314159] [front_tof_monitor]: USV RGB=True | TOF=False | active=front_rgb_only | range=nan m | depth ratio=0.00 | window rates RGB/ToF=0.89/0.63 | frame change=0.0000 | truth angle FOV=False | RGB render volume=False | H/V angles=nan/nan deg | truth distance=inf m
[INFO] [1791463222.348275776] [front_tof_monitor]: USV RGB=True | TOF=True | active=front_tof | range=6.72 m | depth ratio=1.00 | window rates RGB/ToF=0.89/0.61 | frame change=0.0000 | truth angle FOV=False | RGB render volume=False | H/V angles=nan/nan deg | truth distance=inf m
[WARN] [1791463223.148738853] [front_tof_monitor]: USV RGB=True | TOF=False | active=front_rgb_only | range=nan m | depth ratio=0.00 | window rates RGB/ToF=0.91/0.65 | frame change=0.0000 | truth angle FOV=False | RGB render volume=False | H/V angles=nan/nan deg | truth distance=inf m
[INFO] [1791463223.248887065] [front_tof_monitor]: USV RGB=True | TOF=True | active=front_tof | range=6.72 m | depth ratio=1.00 | window rates RGB/ToF=0.91/0.66 | frame change=0.0000 | truth angle FOV=False | RGB render volume=False | H/V angles=nan/nan deg | truth distance=inf m
[WARN] [1791463223.348599155] [front_tof_monitor]: USV RGB=True | TOF=False | active=front_rgb_only | range=nan m | depth ratio=0.00 | window rates RGB/ToF=0.92/0.65 | frame change=0.0000 | truth angle FOV=False | RGB render volume=False | H/V angles=nan/nan deg | truth distance=inf m
[INFO] [1791463223.548924314] [front_tof_monitor]: USV RGB=True | TOF=True | active=front_tof | range=6.72 m | depth ratio=1.00 | window rates RGB/ToF=0.92/0.64 | frame change=0.0000 | truth angle FOV=False | RGB render volume=False | H/V angles=nan/nan deg | truth distance=inf m
[WARN] [1791463223.648644439] [front_tof_monitor]: USV RGB=True | TOF=False | active=front_rgb_only | range=nan m | depth ratio=0.00 | window rates RGB/ToF=0.94/0.64 | frame change=0.0000 | truth angle FOV=False | RGB render volume=False | H/V angles=nan/nan deg | truth distance=inf m
[INFO] [1791463223.748264172] [front_tof_monitor]: USV RGB=True | TOF=True | active=front_tof | range=6.72 m | depth ratio=1.00 | window rates RGB/ToF=0.94/0.65 | frame change=0.0000 | truth angle FOV=False | RGB render volume=False | H/V angles=nan/nan deg | truth distance=inf m
[WARN] [1791463223.948068093] [front_tof_monitor]: USV RGB=True | TOF=False | active=front_rgb_only | range=nan m | depth ratio=0.00 | window rates RGB/ToF=1.00/0.68 | frame change=0.0000 | truth angle FOV=False | RGB render volume=False | H/V angles=nan/nan deg | truth distance=inf m
[INFO] [1791463224.048276201] [front_tof_monitor]: USV RGB=True | TOF=True | active=front_tof | range=6.72 m | depth ratio=1.00 | window rates RGB/ToF=1.00/0.69 | frame change=0.0000 | truth angle FOV=False | RGB render volume=False | H/V angles=nan/nan deg | truth distance=inf m
[WARN] [1791463224.148082987] [front_tof_monitor]: USV RGB=True | TOF=False | active=front_rgb_only | range=nan m | depth ratio=0.00 | window rates RGB/ToF=1.00/0.67 | frame change=0.0000 | truth angle FOV=False | RGB render volume=False | H/V angles=nan/nan deg | truth distance=inf m
[INFO] [1791463224.948937040] [front_tof_monitor]: USV RGB=True | TOF=True | active=front_tof | range=6.72 m | depth ratio=1.00 | window rates RGB/ToF=1.00/0.52 | frame change=0.0000 | truth angle FOV=False | RGB render volume=False | H/V angles=nan/nan deg | truth distance=inf m
[WARN] [1791463225.048639545] [front_tof_monitor]: USV RGB=True | TOF=False | active=front_rgb_only | range=nan m | depth ratio=0.00 | window rates RGB/ToF=1.00/0.50 | frame change=0.0000 | truth angle FOV=False | RGB render volume=False | H/V angles=nan/nan deg | truth distance=inf m
[INFO] [1791463225.148959424] [front_tof_monitor]: USV RGB=True | TOF=True | active=front_tof | range=6.72 m | depth ratio=1.00 | window rates RGB/ToF=1.00/0.50 | frame change=0.0000 | truth angle FOV=False | RGB render volume=False | H/V angles=nan/nan deg | truth distance=inf m
[WARN] [1791463225.349094779] [front_tof_monitor]: USV RGB=True | TOF=False | active=front_rgb_only | range=nan m | depth ratio=0.00 | window rates RGB/ToF=1.00/0.48 | frame change=0.0000 | truth angle FOV=False | RGB render volume=False | H/V angles=nan/nan deg | truth distance=inf m
[INFO] [1791463225.448901726] [front_tof_monitor]: USV RGB=True | TOF=True | active=front_tof | range=6.72 m | depth ratio=1.00 | window rates RGB/ToF=1.00/0.48 | frame change=0.0000 | truth angle FOV=False | RGB render volume=False | H/V angles=nan/nan deg | truth distance=inf m
[WARN] [1791463225.548465489] [front_tof_monitor]: USV RGB=True | TOF=False | active=front_rgb_only | range=nan m | depth ratio=0.00 | window rates RGB/ToF=1.00/0.48 | frame change=0.0000 | truth angle FOV=False | RGB render volume=False | H/V angles=nan/nan deg | truth distance=inf m
[INFO] [1791463225.648967951] [front_tof_monitor]: USV RGB=True | TOF=True | active=front_tof | range=6.72 m | depth ratio=1.00 | window rates RGB/ToF=1.00/0.48 | frame change=0.0000 | truth angle FOV=False | RGB render volume=False | H/V angles=nan/nan deg | truth distance=inf m
[WARN] [1791463225.748045210] [front_tof_monitor]: USV RGB=True | TOF=False | active=front_rgb_only | range=nan m | depth ratio=0.00 | window rates RGB/ToF=1.00/0.47 | frame change=0.0000 | truth angle FOV=False | RGB render volume=False | H/V angles=nan/nan deg | truth distance=inf m
[INFO] [1791463225.848895278] [front_tof_monitor]: USV RGB=True | TOF=True | active=front_tof | range=6.72 m | depth ratio=1.00 | window rates RGB/ToF=1.00/0.48 | frame change=0.0000 | truth angle FOV=False | RGB render volume=False | H/V angles=nan/nan deg | truth distance=inf m
[WARN] [1791463225.948069296] [front_tof_monitor]: USV RGB=True | TOF=False | active=front_rgb_only | range=nan m | depth ratio=0.00 | window rates RGB/ToF=1.00/0.47 | frame change=0.0000 | truth angle FOV=False | RGB render volume=False | H/V angles=nan/nan deg | truth distance=inf m
[INFO] [1791463226.248906808] [front_tof_monitor]: USV RGB=True | TOF=True | active=front_tof | range=6.72 m | depth ratio=1.00 | window rates RGB/ToF=1.00/0.49 | frame change=0.0000 | truth angle FOV=False | RGB render volume=False | H/V angles=nan/nan deg | truth distance=inf m
[WARN] [1791463226.349427126] [front_tof_monitor]: USV RGB=True | TOF=False | active=front_rgb_only | range=nan m | depth ratio=0.00 | window rates RGB/ToF=1.00/0.49 | frame change=0.0000 | truth angle FOV=False | RGB render volume=False | H/V angles=nan/nan deg | truth distance=inf m
[INFO] [1791463226.448952644] [front_tof_monitor]: USV RGB=True | TOF=True | active=front_tof | range=6.72 m | depth ratio=1.00 | window rates RGB/ToF=1.00/0.50 | frame change=0.0000 | truth angle FOV=False | RGB render volume=False | H/V angles=nan/nan deg | truth distance=inf m
[WARN] [1791463227.048631623] [front_tof_monitor]: USV RGB=True | TOF=False | active=front_rgb_only | range=nan m | depth ratio=0.00 | window rates RGB/ToF=1.00/0.52 | frame change=0.0000 | truth angle FOV=False | RGB render volume=False | H/V angles=nan/nan deg | truth distance=inf m
[INFO] [1791463227.251310122] [front_tof_monitor]: USV RGB=True | TOF=True | active=front_tof | range=6.72 m | depth ratio=1.00 | window rates RGB/ToF=1.00/0.54 | frame change=0.0000 | truth angle FOV=False | RGB render volume=False | H/V angles=nan/nan deg | truth distance=inf m
[WARN] [1791463227.348183678] [front_tof_monitor]: USV RGB=True | TOF=False | active=front_rgb_only | range=nan m | depth ratio=0.00 | window rates RGB/ToF=1.00/0.52 | frame change=0.0000 | truth angle FOV=False | RGB render volume=False | H/V angles=nan/nan deg | truth distance=inf m
[INFO] [1791463227.548814665] [front_tof_monitor]: USV RGB=True | TOF=True | active=front_tof | range=6.72 m | depth ratio=1.00 | window rates RGB/ToF=1.00/0.50 | frame change=0.0000 | truth angle FOV=False | RGB render volume=False | H/V angles=nan/nan deg | truth distance=inf m
[WARN] [1791463227.948072761] [front_tof_monitor]: USV RGB=True | TOF=False | active=front_rgb_only | range=nan m | depth ratio=0.00 | window rates RGB/ToF=1.00/0.48 | frame change=0.0000 | truth angle FOV=False | RGB render volume=False | H/V angles=nan/nan deg | truth distance=inf m
[INFO] [1791463228.248364164] [front_tof_monitor]: USV RGB=True | TOF=True | active=front_tof | range=6.72 m | depth ratio=1.00 | window rates RGB/ToF=1.00/0.47 | frame change=0.0000 | truth angle FOV=False | RGB render volume=False | H/V angles=nan/nan deg | truth distance=inf m
[WARN] [1791463228.348642679] [front_tof_monitor]: USV RGB=True | TOF=False | active=front_rgb_only | range=nan m | depth ratio=0.00 | window rates RGB/ToF=1.00/0.46 | frame change=0.0000 | truth angle FOV=False | RGB render volume=False | H/V angles=nan/nan deg | truth distance=inf m
[INFO] [1791463228.551546521] [front_tof_monitor]: USV RGB=True | TOF=True | active=front_tof | range=6.72 m | depth ratio=1.00 | window rates RGB/ToF=1.00/0.46 | frame change=0.0000 | truth angle FOV=False | RGB render volume=False | H/V angles=nan/nan deg | truth distance=inf m
[WARN] [1791463228.750065269] [front_tof_monitor]: USV RGB=True | TOF=False | active=front_rgb_only | range=nan m | depth ratio=0.00 | window rates RGB/ToF=1.00/0.46 | frame change=0.0000 | truth angle FOV=False | RGB render volume=False | H/V angles=nan/nan deg | truth distance=inf m
[INFO] [1791463228.955063624] [front_tof_monitor]: USV RGB=True | TOF=True | active=front_tof | range=6.72 m | depth ratio=1.00 | window rates RGB/ToF=1.00/0.46 | frame change=0.0000 | truth angle FOV=False | RGB render volume=False | H/V angles=nan/nan deg | truth distance=inf m
[WARN] [1791463229.051270591] [front_tof_monitor]: USV RGB=True | TOF=False | active=front_rgb_only | range=nan m | depth ratio=0.00 | window rates RGB/ToF=1.00/0.44 | frame change=0.0000 | truth angle FOV=False | RGB render volume=False | H/V angles=nan/nan deg | truth distance=inf m
[INFO] [1791463229.648484526] [front_tof_monitor]: USV RGB=True | TOF=True | active=front_tof | range=6.72 m | depth ratio=1.00 | window rates RGB/ToF=1.00/0.45 | frame change=0.0000 | truth angle FOV=False | RGB render volume=False | H/V angles=nan/nan deg | truth distance=inf m
[WARN] [1791463229.748028525] [front_tof_monitor]: USV RGB=True | TOF=False | active=front_rgb_only | range=nan m | depth ratio=0.00 | window rates RGB/ToF=1.00/0.45 | frame change=0.0000 | truth angle FOV=False | RGB render volume=False | H/V angles=nan/nan deg | truth distance=inf m
[INFO] [1791463229.848995717] [front_tof_monitor]: USV RGB=True | TOF=True | active=front_tof | range=6.72 m | depth ratio=1.00 | window rates RGB/ToF=1.00/0.48 | frame change=0.0000 | truth angle FOV=False | RGB render volume=False | H/V angles=nan/nan deg | truth distance=inf m
[WARN] [1791463229.948784209] [front_tof_monitor]: USV RGB=True | TOF=False | active=front_rgb_only | range=nan m | depth ratio=0.00 | window rates RGB/ToF=1.00/0.47 | frame change=0.0000 | truth angle FOV=False | RGB render volume=False | H/V angles=nan/nan deg | truth distance=inf m
[INFO] [1791463230.248829961] [front_tof_monitor]: USV RGB=True | TOF=True | active=front_tof | range=6.72 m | depth ratio=1.00 | window rates RGB/ToF=1.00/0.45 | frame change=0.0000 | truth angle FOV=False | RGB render volume=False | H/V angles=nan/nan deg | truth distance=inf m
[WARN] [1791463230.448031929] [front_tof_monitor]: USV RGB=True | TOF=False | active=front_rgb_only | range=nan m | depth ratio=0.00 | window rates RGB/ToF=1.00/0.45 | frame change=0.0000 | truth angle FOV=False | RGB render volume=False | H/V angles=nan/nan deg | truth distance=inf m
[INFO] [1791463230.548807555] [front_tof_monitor]: USV RGB=True | TOF=True | active=front_tof | range=6.72 m | depth ratio=1.00 | window rates RGB/ToF=1.00/0.45 | frame change=0.0000 | truth angle FOV=False | RGB render volume=False | H/V angles=nan/nan deg | truth distance=inf m
[WARN] [1791463230.648587167] [front_tof_monitor]: USV RGB=True | TOF=False | active=front_rgb_only | range=nan m | depth ratio=0.00 | window rates RGB/ToF=1.00/0.45 | frame change=0.0000 | truth angle FOV=False | RGB render volume=False | H/V angles=nan/nan deg | truth distance=inf m
[INFO] [1791463230.748208229] [front_tof_monitor]: USV RGB=True | TOF=True | active=front_tof | range=6.72 m | depth ratio=1.00 | window rates RGB/ToF=1.00/0.45 | frame change=0.0000 | truth angle FOV=False | RGB render volume=False | H/V angles=nan/nan deg | truth distance=inf m
[WARN] [1791463231.348641438] [front_tof_monitor]: USV RGB=True | TOF=False | active=front_rgb_only | range=nan m | depth ratio=0.00 | window rates RGB/ToF=1.00/0.52 | frame change=0.0000 | truth angle FOV=False | RGB render volume=False | H/V angles=nan/nan deg | truth distance=inf m
[INFO] [1791463231.548801978] [front_tof_monitor]: USV RGB=True | TOF=True | active=front_tof | range=6.72 m | depth ratio=1.00 | window rates RGB/ToF=1.00/0.51 | frame change=0.0000 | truth angle FOV=False | RGB render volume=False | H/V angles=nan/nan deg | truth distance=inf m
[WARN] [1791463231.648568326] [front_tof_monitor]: USV RGB=True | TOF=False | active=front_rgb_only | range=nan m | depth ratio=0.00 | window rates RGB/ToF=1.00/0.49 | frame change=0.0000 | truth angle FOV=False | RGB render volume=False | H/V angles=nan/nan deg | truth distance=inf m
[INFO] [1791463232.048956925] [front_tof_monitor]: USV RGB=True | TOF=True | active=front_tof | range=6.72 m | depth ratio=1.00 | window rates RGB/ToF=1.00/0.43 | frame change=0.0000 | truth angle FOV=False | RGB render volume=False | H/V angles=nan/nan deg | truth distance=inf m
[WARN] [1791463232.148023335] [front_tof_monitor]: USV RGB=True | TOF=False | active=front_rgb_only | range=nan m | depth ratio=0.00 | window rates RGB/ToF=1.00/0.43 | frame change=0.0000 | truth angle FOV=False | RGB render volume=False | H/V angles=nan/nan deg | truth distance=inf m
[INFO] [1791463232.248572886] [front_tof_monitor]: USV RGB=True | TOF=True | active=front_tof | range=6.72 m | depth ratio=1.00 | window rates RGB/ToF=1.00/0.45 | frame change=0.0000 | truth angle FOV=False | RGB render volume=False | H/V angles=nan/nan deg | truth distance=inf m
[WARN] [1791463232.447991997] [front_tof_monitor]: USV RGB=True | TOF=False | active=front_rgb_only | range=nan m | depth ratio=0.00 | window rates RGB/ToF=1.00/0.45 | frame change=0.0000 | truth angle FOV=False | RGB render volume=False | H/V angles=nan/nan deg | truth distance=inf m
[INFO] [1791463232.548831254] [front_tof_monitor]: USV RGB=True | TOF=True | active=front_tof | range=6.72 m | depth ratio=1.00 | window rates RGB/ToF=1.00/0.46 | frame change=0.0000 | truth angle FOV=False | RGB render volume=False | H/V angles=nan/nan deg | truth distance=inf m
[WARN] [1791463232.648603668] [front_tof_monitor]: USV RGB=True | TOF=False | active=front_rgb_only | range=nan m | depth ratio=0.00 | window rates RGB/ToF=1.00/0.44 | frame change=0.0000 | truth angle FOV=False | RGB render volume=False | H/V angles=nan/nan deg | truth distance=inf m
[INFO] [1791463232.748819651] [front_tof_monitor]: USV RGB=True | TOF=True | active=front_tof | range=6.72 m | depth ratio=1.00 | window rates RGB/ToF=1.00/0.44 | frame change=0.0000 | truth angle FOV=False | RGB render volume=False | H/V angles=nan/nan deg | truth distance=inf m
[WARN] [1791463232.848062867] [front_tof_monitor]: USV RGB=True | TOF=False | active=front_rgb_only | range=nan m | depth ratio=0.00 | window rates RGB/ToF=1.00/0.42 | frame change=0.0000 | truth angle FOV=False | RGB render volume=False | H/V angles=nan/nan deg | truth distance=inf m
[INFO] [1791463233.748770401] [front_tof_monitor]: USV RGB=True | TOF=True | active=front_tof | range=6.72 m | depth ratio=1.00 | window rates RGB/ToF=1.00/0.37 | frame change=0.0000 | truth angle FOV=False | RGB render volume=False | H/V angles=nan/nan deg | truth distance=inf m
[WARN] [1791463233.848771129] [front_tof_monitor]: USV RGB=True | TOF=False | active=front_rgb_only | range=nan m | depth ratio=0.00 | window rates RGB/ToF=1.00/0.38 | frame change=0.0000 | truth angle FOV=False | RGB render volume=False | H/V angles=nan/nan deg | truth distance=inf m
[INFO] [1791463233.948223553] [front_tof_monitor]: USV RGB=True | TOF=True | active=front_tof | range=6.72 m | depth ratio=1.00 | window rates RGB/ToF=1.00/0.39 | frame change=0.0000 | truth angle FOV=False | RGB render volume=False | H/V angles=nan/nan deg | truth distance=inf m
[WARN] [1791463234.048197043] [front_tof_monitor]: USV RGB=True | TOF=False | active=front_rgb_only | range=nan m | depth ratio=0.00 | window rates RGB/ToF=1.00/0.37 | frame change=0.0000 | truth angle FOV=False | RGB render volume=False | H/V angles=nan/nan deg | truth distance=inf m
[INFO] [1791463234.148728807] [front_tof_monitor]: USV RGB=True | TOF=True | active=front_tof | range=6.72 m | depth ratio=1.00 | window rates RGB/ToF=1.00/0.39 | frame change=0.0000 | truth angle FOV=False | RGB render volume=False | H/V angles=nan/nan deg | truth distance=inf m
[WARN] [1791463234.248549551] [front_tof_monitor]: USV RGB=True | TOF=False | active=front_rgb_only | range=nan m | depth ratio=0.00 | window rates RGB/ToF=1.00/0.39 | frame change=0.0000 | truth angle FOV=False | RGB render volume=False | H/V angles=nan/nan deg | truth distance=inf m
[INFO] [1791463234.348827620] [front_tof_monitor]: USV RGB=True | TOF=True | active=front_tof | range=6.72 m | depth ratio=1.00 | window rates RGB/ToF=1.00/0.41 | frame change=0.0000 | truth angle FOV=False | RGB render volume=False | H/V angles=nan/nan deg | truth distance=inf m
[WARN] [1791463239.348654485] [front_tof_monitor]: USV RGB=True | TOF=False | active=front_rgb_only | range=nan m | depth ratio=0.00 | window rates RGB/ToF=1.00/0.98 | frame change=0.0000 | truth angle FOV=False | RGB render volume=False | H/V angles=nan/nan deg | truth distance=inf m
[INFO] [1791463239.448821947] [front_tof_monitor]: USV RGB=True | TOF=True | active=front_tof | range=6.72 m | depth ratio=1.00 | window rates RGB/ToF=1.00/0.98 | frame change=0.0000 | truth angle FOV=False | RGB render volume=False | H/V angles=nan/nan deg | truth distance=inf m
[WARN] [1791463239.848613513] [front_tof_monitor]: USV RGB=True | TOF=False | active=front_rgb_only | range=nan m | depth ratio=0.00 | window rates RGB/ToF=1.00/0.96 | frame change=0.0000 | truth angle FOV=False | RGB render volume=False | H/V angles=nan/nan deg | truth distance=inf m
[INFO] [1791463239.949074581] [front_tof_monitor]: USV RGB=True | TOF=True | active=front_tof | range=6.72 m | depth ratio=1.00 | window rates RGB/ToF=1.00/0.96 | frame change=0.0000 | truth angle FOV=False | RGB render volume=False | H/V angles=nan/nan deg | truth distance=inf m
[WARN] [1791463240.048639939] [front_tof_monitor]: USV RGB=True | TOF=False | active=front_rgb_only | range=nan m | depth ratio=0.00 | window rates RGB/ToF=1.00/0.94 | frame change=0.0000 | truth angle FOV=False | RGB render volume=False | H/V angles=nan/nan deg | truth distance=inf m
[INFO] [1791463240.148174694] [front_tof_monitor]: USV RGB=True | TOF=True | active=front_tof | range=6.72 m | depth ratio=1.00 | window rates RGB/ToF=1.00/0.94 | frame change=0.0000 | truth angle FOV=False | RGB render volume=False | H/V angles=nan/nan deg | truth distance=inf m
[WARN] [1791463240.248047864] [front_tof_monitor]: USV RGB=True | TOF=False | active=front_rgb_only | range=nan m | depth ratio=0.00 | window rates RGB/ToF=1.00/0.92 | frame change=0.0000 | truth angle FOV=False | RGB render volume=False | H/V angles=nan/nan deg | truth distance=inf m
[INFO] [1791463240.949053856] [front_tof_monitor]: USV RGB=True | TOF=True | active=front_tof | range=6.72 m | depth ratio=1.00 | window rates RGB/ToF=1.00/0.80 | frame change=0.0000 | truth angle FOV=False | RGB render volume=False | H/V angles=nan/nan deg | truth distance=inf m
[WARN] [1791463241.048095897] [front_tof_monitor]: USV RGB=True | TOF=False | active=front_rgb_only | range=nan m | depth ratio=0.00 | window rates RGB/ToF=1.00/0.78 | frame change=0.0000 | truth angle FOV=False | RGB render volume=False | H/V angles=nan/nan deg | truth distance=inf m
[INFO] [1791463241.248264970] [front_tof_monitor]: USV RGB=True | TOF=True | active=front_tof | range=6.72 m | depth ratio=1.00 | window rates RGB/ToF=1.00/0.76 | frame change=0.0000 | truth angle FOV=False | RGB render volume=False | H/V angles=nan/nan deg | truth distance=inf m
[WARN] [1791463241.649545565] [front_tof_monitor]: USV RGB=True | TOF=False | active=front_rgb_only | range=nan m | depth ratio=0.00 | window rates RGB/ToF=1.00/0.74 | frame change=0.0000 | truth angle FOV=False | RGB render volume=False | H/V angles=nan/nan deg | truth distance=inf m
[INFO] [1791463241.749374823] [front_tof_monitor]: USV RGB=True | TOF=True | active=front_tof | range=6.72 m | depth ratio=1.00 | window rates RGB/ToF=1.00/0.74 | frame change=0.0000 | truth angle FOV=False | RGB render volume=False | H/V angles=nan/nan deg | truth distance=inf m
[WARN] [1791463242.149798077] [front_tof_monitor]: USV RGB=True | TOF=False | active=front_rgb_only | range=nan m | depth ratio=0.00 | window rates RGB/ToF=1.00/0.73 | frame change=0.0000 | truth angle FOV=False | RGB render volume=False | H/V angles=nan/nan deg | truth distance=inf m
[INFO] [1791463242.248280406] [front_tof_monitor]: USV RGB=True | TOF=True | active=front_tof | range=6.72 m | depth ratio=1.00 | window rates RGB/ToF=1.00/0.73 | frame change=0.0000 | truth angle FOV=False | RGB render volume=False | H/V angles=nan/nan deg | truth distance=inf m
[WARN] [1791463242.348626954] [front_tof_monitor]: USV RGB=True | TOF=False | active=front_rgb_only | range=nan m | depth ratio=0.00 | window rates RGB/ToF=1.00/0.70 | frame change=0.0000 | truth angle FOV=False | RGB render volume=False | H/V angles=nan/nan deg | truth distance=inf m
[INFO] [1791463242.448996821] [front_tof_monitor]: USV RGB=True | TOF=True | active=front_tof | range=6.72 m | depth ratio=1.00 | window rates RGB/ToF=1.00/0.70 | frame change=0.0000 | truth angle FOV=False | RGB render volume=False | H/V angles=nan/nan deg | truth distance=inf m
[WARN] [1791463242.848714036] [front_tof_monitor]: USV RGB=True | TOF=False | active=front_rgb_only | range=nan m | depth ratio=0.00 | window rates RGB/ToF=1.00/0.68 | frame change=0.0000 | truth angle FOV=False | RGB render volume=False | H/V angles=nan/nan deg | truth distance=inf m
[INFO] [1791463243.548270891] [front_tof_monitor]: USV RGB=True | TOF=True | active=front_tof | range=6.72 m | depth ratio=1.00 | window rates RGB/ToF=1.00/0.57 | frame change=0.0000 | truth angle FOV=False | RGB render volume=False | H/V angles=nan/nan deg | truth distance=inf m
[WARN] [1791463243.649113894] [front_tof_monitor]: USV RGB=True | TOF=False | active=front_rgb_only | range=nan m | depth ratio=0.00 | window rates RGB/ToF=1.00/0.55 | frame change=0.0000 | truth angle FOV=False | RGB render volume=False | H/V angles=nan/nan deg | truth distance=inf m
[INFO] [1791463243.748670392] [front_tof_monitor]: USV RGB=True | TOF=True | active=front_tof | range=6.72 m | depth ratio=1.00 | window rates RGB/ToF=1.00/0.55 | frame change=0.0000 | truth angle FOV=False | RGB render volume=False | H/V angles=nan/nan deg | truth distance=inf m
[WARN] [1791463243.850205068] [front_tof_monitor]: USV RGB=True | TOF=False | active=front_rgb_only | range=nan m | depth ratio=0.00 | window rates RGB/ToF=1.00/0.52 | frame change=0.0000 | truth angle FOV=False | RGB render volume=False | H/V angles=nan/nan deg | truth distance=inf m
[INFO] [1791463243.949081124] [front_tof_monitor]: USV RGB=True | TOF=True | active=front_tof | range=6.72 m | depth ratio=1.00 | window rates RGB/ToF=1.00/0.52 | frame change=0.0000 | truth angle FOV=False | RGB render volume=False | H/V angles=nan/nan deg | truth distance=inf m
[WARN] [1791463244.348199608] [front_tof_monitor]: USV RGB=True | TOF=False | active=front_rgb_only | range=nan m | depth ratio=0.00 | window rates RGB/ToF=1.00/0.51 | frame change=0.0000 | truth angle FOV=False | RGB render volume=False | H/V angles=nan/nan deg | truth distance=inf m
[INFO] [1791463244.448329932] [front_tof_monitor]: USV RGB=True | TOF=True | active=front_tof | range=6.72 m | depth ratio=1.00 | window rates RGB/ToF=1.00/0.53 | frame change=0.0000 | truth angle FOV=False | RGB render volume=False | H/V angles=nan/nan deg | truth distance=inf m
[WARN] [1791463244.548606061] [front_tof_monitor]: USV RGB=True | TOF=False | active=front_rgb_only | range=nan m | depth ratio=0.00 | window rates RGB/ToF=1.00/0.50 | frame change=0.0000 | truth angle FOV=False | RGB render volume=False | H/V angles=nan/nan deg | truth distance=inf m
[INFO] [1791463244.648805377] [front_tof_monitor]: USV RGB=True | TOF=True | active=front_tof | range=6.72 m | depth ratio=1.00 | window rates RGB/ToF=1.00/0.51 | frame change=0.0000 | truth angle FOV=False | RGB render volume=False | H/V angles=nan/nan deg | truth distance=inf m
[WARN] [1791463244.749899446] [front_tof_monitor]: USV RGB=True | TOF=False | active=front_rgb_only | range=nan m | depth ratio=0.00 | window rates RGB/ToF=1.00/0.48 | frame change=0.0000 | truth angle FOV=False | RGB render volume=False | H/V angles=nan/nan deg | truth distance=inf m
[INFO] [1791463244.850135407] [front_tof_monitor]: USV RGB=True | TOF=True | active=front_tof | range=6.72 m | depth ratio=1.00 | window rates RGB/ToF=1.00/0.50 | frame change=0.0000 | truth angle FOV=False | RGB render volume=False | H/V angles=nan/nan deg | truth distance=inf m
[WARN] [1791463244.949266948] [front_tof_monitor]: USV RGB=True | TOF=False | active=front_rgb_only | range=nan m | depth ratio=0.00 | window rates RGB/ToF=1.00/0.49 | frame change=0.0000 | truth angle FOV=False | RGB render volume=False | H/V angles=nan/nan deg | truth distance=inf m
[INFO] [1791463245.248573956] [front_tof_monitor]: USV RGB=True | TOF=True | active=front_tof | range=6.72 m | depth ratio=1.00 | window rates RGB/ToF=1.00/0.48 | frame change=0.0000 | truth angle FOV=False | RGB render volume=False | H/V angles=nan/nan deg | truth distance=inf m
[WARN] [1791463245.348060083] [front_tof_monitor]: USV RGB=True | TOF=False | active=front_rgb_only | range=nan m | depth ratio=0.00 | window rates RGB/ToF=1.00/0.47 | frame change=0.0000 | truth angle FOV=False | RGB render volume=False | H/V angles=nan/nan deg | truth distance=inf m
[INFO] [1791463245.448980972] [front_tof_monitor]: USV RGB=True | TOF=True | active=front_tof | range=6.72 m | depth ratio=1.00 | window rates RGB/ToF=1.00/0.50 | frame change=0.0000 | truth angle FOV=False | RGB render volume=False | H/V angles=nan/nan deg | truth distance=inf m
[WARN] [1791463245.548692414] [front_tof_monitor]: USV RGB=True | TOF=False | active=front_rgb_only | range=nan m | depth ratio=0.00 | window rates RGB/ToF=1.00/0.50 | frame change=0.0000 | truth angle FOV=False | RGB render volume=False | H/V angles=nan/nan deg | truth distance=inf m
[INFO] [1791463245.749013410] [front_tof_monitor]: USV RGB=True | TOF=True | active=front_tof | range=6.72 m | depth ratio=1.00 | window rates RGB/ToF=1.00/0.52 | frame change=0.0000 | truth angle FOV=False | RGB render volume=False | H/V angles=nan/nan deg | truth distance=inf m
[WARN] [1791463246.349531761] [front_tof_monitor]: USV RGB=True | TOF=False | active=front_rgb_only | range=nan m | depth ratio=0.00 | window rates RGB/ToF=1.00/0.57 | frame change=0.0000 | truth angle FOV=False | RGB render volume=False | H/V angles=nan/nan deg | truth distance=inf m
[INFO] [1791463246.448776076] [front_tof_monitor]: USV RGB=True | TOF=True | active=front_tof | range=6.72 m | depth ratio=1.00 | window rates RGB/ToF=1.00/0.57 | frame change=0.0000 | truth angle FOV=False | RGB render volume=False | H/V angles=nan/nan deg | truth distance=inf m
[WARN] [1791463246.548661368] [front_tof_monitor]: USV RGB=True | TOF=False | active=front_rgb_only | range=nan m | depth ratio=0.00 | window rates RGB/ToF=1.00/0.55 | frame change=0.0000 | truth angle FOV=False | RGB render volume=False | H/V angles=nan/nan deg | truth distance=inf m
[INFO] [1791463246.648608293] [front_tof_monitor]: USV RGB=True | TOF=True | active=front_tof | range=6.72 m | depth ratio=1.00 | window rates RGB/ToF=1.00/0.55 | frame change=0.0000 | truth angle FOV=False | RGB render volume=False | H/V angles=nan/nan deg | truth distance=inf m
[WARN] [1791463249.448658014] [front_tof_monitor]: USV RGB=True | TOF=False | active=front_rgb_only | range=nan m | depth ratio=0.00 | window rates RGB/ToF=1.00/0.78 | frame change=0.0000 | truth angle FOV=False | RGB render volume=False | H/V angles=nan/nan deg | truth distance=inf m
[INFO] [1791463249.548660371] [front_tof_monitor]: USV RGB=True | TOF=True | active=front_tof | range=6.72 m | depth ratio=1.00 | window rates RGB/ToF=1.00/0.78 | frame change=0.0000 | truth angle FOV=False | RGB render volume=False | H/V angles=nan/nan deg | truth distance=inf m
[WARN] [1791463249.648675449] [front_tof_monitor]: USV RGB=True | TOF=False | active=front_rgb_only | range=nan m | depth ratio=0.00 | window rates RGB/ToF=1.00/0.78 | frame change=0.0000 | truth angle FOV=False | RGB render volume=False | H/V angles=nan/nan deg | truth distance=inf m
[INFO] [1791463249.749289090] [front_tof_monitor]: USV RGB=True | TOF=True | active=front_tof | range=6.72 m | depth ratio=1.00 | window rates RGB/ToF=1.00/0.78 | frame change=0.0000 | truth angle FOV=False | RGB render volume=False | H/V angles=nan/nan deg | truth distance=inf m
[WARN] [1791463254.548745656] [front_tof_monitor]: USV RGB=True | TOF=False | active=front_rgb_only | range=nan m | depth ratio=0.00 | window rates RGB/ToF=1.00/0.96 | frame change=0.0000 | truth angle FOV=False | RGB render volume=False | H/V angles=nan/nan deg | truth distance=inf m
[INFO] [1791463254.649021215] [front_tof_monitor]: USV RGB=True | TOF=True | active=front_tof | range=6.72 m | depth ratio=1.00 | window rates RGB/ToF=1.00/0.98 | frame change=0.0000 | truth angle FOV=False | RGB render volume=False | H/V angles=nan/nan deg | truth distance=inf m
[WARN] [1791463254.748749849] [front_tof_monitor]: USV RGB=True | TOF=False | active=front_rgb_only | range=nan m | depth ratio=0.00 | window rates RGB/ToF=1.00/0.96 | frame change=0.0000 | truth angle FOV=False | RGB render volume=False | H/V angles=nan/nan deg | truth distance=inf m
[INFO] [1791463254.848907690] [front_tof_monitor]: USV RGB=True | TOF=True | active=front_tof | range=6.72 m | depth ratio=1.00 | window rates RGB/ToF=1.00/0.96 | frame change=0.0000 | truth angle FOV=False | RGB render volume=False | H/V angles=nan/nan deg | truth distance=inf m
[WARN] [1791463255.448109705] [front_tof_monitor]: USV RGB=True | TOF=False | active=front_rgb_only | range=nan m | depth ratio=0.00 | window rates RGB/ToF=1.00/0.94 | frame change=0.0000 | truth angle FOV=False | RGB render volume=False | H/V angles=nan/nan deg | truth distance=inf m
[INFO] [1791463255.548977317] [front_tof_monitor]: USV RGB=True | TOF=True | active=front_tof | range=6.72 m | depth ratio=1.00 | window rates RGB/ToF=1.00/0.94 | frame change=0.0000 | truth angle FOV=False | RGB render volume=False | H/V angles=nan/nan deg | truth distance=inf m
[WARN] [1791463256.348258158] [front_tof_monitor]: USV RGB=True | TOF=False | active=front_rgb_only | range=nan m | depth ratio=0.00 | window rates RGB/ToF=1.00/0.92 | frame change=0.0000 | truth angle FOV=False | RGB render volume=False | H/V angles=nan/nan deg | truth distance=inf m
[INFO] [1791463256.448953206] [front_tof_monitor]: USV RGB=True | TOF=True | active=front_tof | range=6.72 m | depth ratio=1.00 | window rates RGB/ToF=1.00/0.92 | frame change=0.0000 | truth angle FOV=False | RGB render volume=False | H/V angles=nan/nan deg | truth distance=inf m
[WARN] [1791463256.548090430] [front_tof_monitor]: USV RGB=True | TOF=False | active=front_rgb_only | range=nan m | depth ratio=0.00 | window rates RGB/ToF=1.00/0.90 | frame change=0.0000 | truth angle FOV=False | RGB render volume=False | H/V angles=nan/nan deg | truth distance=inf m
[INFO] [1791463256.948295805] [front_tof_monitor]: USV RGB=True | TOF=True | active=front_tof | range=6.72 m | depth ratio=1.00 | window rates RGB/ToF=1.00/0.84 | frame change=0.0000 | truth angle FOV=False | RGB render volume=False | H/V angles=nan/nan deg | truth distance=inf m
[WARN] [1791463257.048668836] [front_tof_monitor]: USV RGB=True | TOF=False | active=front_rgb_only | range=nan m | depth ratio=0.00 | window rates RGB/ToF=1.00/0.82 | frame change=0.0000 | truth angle FOV=False | RGB render volume=False | H/V angles=nan/nan deg | truth distance=inf m
[INFO] [1791463257.148600965] [front_tof_monitor]: USV RGB=True | TOF=True | active=front_tof | range=6.72 m | depth ratio=1.00 | window rates RGB/ToF=1.00/0.82 | frame change=0.0000 | truth angle FOV=False | RGB render volume=False | H/V angles=nan/nan deg | truth distance=inf m
[WARN] [1791463257.248180172] [front_tof_monitor]: USV RGB=True | TOF=False | active=front_rgb_only | range=nan m | depth ratio=0.00 | window rates RGB/ToF=1.00/0.80 | frame change=0.0000 | truth angle FOV=False | RGB render volume=False | H/V angles=nan/nan deg | truth distance=inf m
[INFO] [1791463257.349190423] [front_tof_monitor]: USV RGB=True | TOF=True | active=front_tof | range=6.72 m | depth ratio=1.00 | window rates RGB/ToF=1.00/0.80 | frame change=0.0000 | truth angle FOV=False | RGB render volume=False | H/V angles=nan/nan deg | truth distance=inf m
[WARN] [1791463257.448677792] [front_tof_monitor]: USV RGB=True | TOF=False | active=front_rgb_only | range=nan m | depth ratio=0.00 | window rates RGB/ToF=1.00/0.78 | frame change=0.0000 | truth angle FOV=False | RGB render volume=False | H/V angles=nan/nan deg | truth distance=inf m
[INFO] [1791463258.048428931] [front_tof_monitor]: USV RGB=True | TOF=True | active=front_tof | range=6.72 m | depth ratio=1.00 | window rates RGB/ToF=1.00/0.69 | frame change=0.0000 | truth angle FOV=False | RGB render volume=False | H/V angles=nan/nan deg | truth distance=inf m
[WARN] [1791463258.648746513] [front_tof_monitor]: USV RGB=True | TOF=False | active=front_rgb_only | range=nan m | depth ratio=0.00 | window rates RGB/ToF=1.00/0.67 | frame change=0.0000 | truth angle FOV=False | RGB render volume=False | H/V angles=nan/nan deg | truth distance=inf m
[INFO] [1791463258.749141778] [front_tof_monitor]: USV RGB=True | TOF=True | active=front_tof | range=6.72 m | depth ratio=1.00 | window rates RGB/ToF=1.00/0.66 | frame change=0.0000 | truth angle FOV=False | RGB render volume=False | H/V angles=nan/nan deg | truth distance=inf m
[WARN] [1791463262.248669441] [front_tof_monitor]: USV RGB=True | TOF=False | active=front_rgb_only | range=nan m | depth ratio=0.00 | window rates RGB/ToF=1.00/0.84 | frame change=0.0000 | truth angle FOV=False | RGB render volume=False | H/V angles=nan/nan deg | truth distance=inf m
[INFO] [1791463262.348883969] [front_tof_monitor]: USV RGB=True | TOF=True | active=front_tof | range=6.72 m | depth ratio=1.00 | window rates RGB/ToF=1.00/0.84 | frame change=0.0000 | truth angle FOV=False | RGB render volume=False | H/V angles=nan/nan deg | truth distance=inf m
[WARN] [1791463262.748953793] [front_tof_monitor]: USV RGB=True | TOF=False | active=front_rgb_only | range=nan m | depth ratio=0.00 | window rates RGB/ToF=1.00/0.90 | frame change=0.0000 | truth angle FOV=False | RGB render volume=False | H/V angles=nan/nan deg | truth distance=inf m
[INFO] [1791463262.849033379] [front_tof_monitor]: USV RGB=True | TOF=True | active=front_tof | range=6.72 m | depth ratio=1.00 | window rates RGB/ToF=1.00/0.92 | frame change=0.0000 | truth angle FOV=False | RGB render volume=False | H/V angles=nan/nan deg | truth distance=inf m
[WARN] [1791463262.948619191] [front_tof_monitor]: USV RGB=True | TOF=False | active=front_rgb_only | range=nan m | depth ratio=0.00 | window rates RGB/ToF=1.00/0.92 | frame change=0.0000 | truth angle FOV=False | RGB render volume=False | H/V angles=nan/nan deg | truth distance=inf m
[INFO] [1791463263.349143887] [front_tof_monitor]: USV RGB=True | TOF=True | active=front_tof | range=6.72 m | depth ratio=1.00 | window rates RGB/ToF=1.00/0.86 | frame change=0.0000 | truth angle FOV=False | RGB render volume=False | H/V angles=nan/nan deg | truth distance=inf m
[WARN] [1791463263.748688957] [front_tof_monitor]: USV RGB=True | TOF=False | active=front_rgb_only | range=nan m | depth ratio=0.00 | window rates RGB/ToF=1.00/0.86 | frame change=0.0000 | truth angle FOV=False | RGB render volume=False | H/V angles=nan/nan deg | truth distance=inf m
[INFO] [1791463263.950218171] [front_tof_monitor]: USV RGB=True | TOF=True | active=front_tof | range=6.72 m | depth ratio=1.00 | window rates RGB/ToF=1.00/0.84 | frame change=0.0000 | truth angle FOV=False | RGB render volume=False | H/V angles=nan/nan deg | truth distance=inf m
[WARN] [1791463264.048060589] [front_tof_monitor]: USV RGB=True | TOF=False | active=front_rgb_only | range=nan m | depth ratio=0.00 | window rates RGB/ToF=1.00/0.82 | frame change=0.0000 | truth angle FOV=False | RGB render volume=False | H/V angles=nan/nan deg | truth distance=inf m
[INFO] [1791463264.348890021] [front_tof_monitor]: USV RGB=True | TOF=True | active=front_tof | range=6.72 m | depth ratio=1.00 | window rates RGB/ToF=1.00/0.78 | frame change=0.0000 | truth angle FOV=False | RGB render volume=False | H/V angles=nan/nan deg | truth distance=inf m
[WARN] [1791463266.547972624] [front_tof_monitor]: USV RGB=True | TOF=False | active=front_rgb_only | range=nan m | depth ratio=0.00 | window rates RGB/ToF=1.00/0.76 | frame change=0.0000 | truth angle FOV=False | RGB render volume=False | H/V angles=nan/nan deg | truth distance=inf m
[INFO] [1791463266.648209637] [front_tof_monitor]: USV RGB=True | TOF=True | active=front_tof | range=6.72 m | depth ratio=1.00 | window rates RGB/ToF=1.00/0.76 | frame change=0.0000 | truth angle FOV=False | RGB render volume=False | H/V angles=nan/nan deg | truth distance=inf m
[WARN] [1791463266.748109300] [front_tof_monitor]: USV RGB=True | TOF=False | active=front_rgb_only | range=nan m | depth ratio=0.00 | window rates RGB/ToF=1.00/0.74 | frame change=0.0000 | truth angle FOV=False | RGB render volume=False | H/V angles=nan/nan deg | truth distance=inf m
[INFO] [1791463266.848068918] [front_tof_monitor]: USV RGB=True | TOF=True | active=front_tof | range=6.72 m | depth ratio=1.00 | window rates RGB/ToF=1.00/0.75 | frame change=0.0000 | truth angle FOV=False | RGB render volume=False | H/V angles=nan/nan deg | truth distance=inf m
[WARN] [1791463267.248335456] [front_tof_monitor]: USV RGB=True | TOF=False | active=front_rgb_only | range=nan m | depth ratio=0.00 | window rates RGB/ToF=1.00/0.74 | frame change=0.0000 | truth angle FOV=False | RGB render volume=False | H/V angles=nan/nan deg | truth distance=inf m
[INFO] [1791463267.848739941] [front_tof_monitor]: USV RGB=True | TOF=True | active=front_tof | range=6.72 m | depth ratio=1.00 | window rates RGB/ToF=1.00/0.67 | frame change=0.0000 | truth angle FOV=False | RGB render volume=False | H/V angles=nan/nan deg | truth distance=inf m
[WARN] [1791463267.948801751] [front_tof_monitor]: USV RGB=True | TOF=False | active=front_rgb_only | range=nan m | depth ratio=0.00 | window rates RGB/ToF=1.00/0.66 | frame change=0.0000 | truth angle FOV=False | RGB render volume=False | H/V angles=nan/nan deg | truth distance=inf m
[INFO] [1791463268.048150629] [front_tof_monitor]: USV RGB=True | TOF=True | active=front_tof | range=6.72 m | depth ratio=1.00 | window rates RGB/ToF=1.00/0.67 | frame change=0.0000 | truth angle FOV=False | RGB render volume=False | H/V angles=nan/nan deg | truth distance=inf m
[WARN] [1791463268.148005995] [front_tof_monitor]: USV RGB=True | TOF=False | active=front_rgb_only | range=nan m | depth ratio=0.00 | window rates RGB/ToF=1.00/0.67 | frame change=0.0000 | truth angle FOV=False | RGB render volume=False | H/V angles=nan/nan deg | truth distance=inf m
[INFO] [1791463268.348408267] [front_tof_monitor]: USV RGB=True | TOF=True | active=front_tof | range=6.72 m | depth ratio=1.00 | window rates RGB/ToF=1.00/0.69 | frame change=0.0000 | truth angle FOV=False | RGB render volume=False | H/V angles=nan/nan deg | truth distance=inf m
[WARN] [1791463268.448539285] [front_tof_monitor]: USV RGB=True | TOF=False | active=front_rgb_only | range=nan m | depth ratio=0.00 | window rates RGB/ToF=1.00/0.67 | frame change=0.0000 | truth angle FOV=False | RGB render volume=False | H/V angles=nan/nan deg | truth distance=inf m
[INFO] [1791463268.648854058] [front_tof_monitor]: USV RGB=True | TOF=True | active=front_tof | range=6.72 m | depth ratio=1.00 | window rates RGB/ToF=1.00/0.65 | frame change=0.0000 | truth angle FOV=False | RGB render volume=False | H/V angles=nan/nan deg | truth distance=inf m
[WARN] [1791463268.748831853] [front_tof_monitor]: USV RGB=True | TOF=False | active=front_rgb_only | range=nan m | depth ratio=0.00 | window rates RGB/ToF=1.00/0.64 | frame change=0.0000 | truth angle FOV=False | RGB render volume=False | H/V angles=nan/nan deg | truth distance=inf m
[INFO] [1791463268.849042783] [front_tof_monitor]: USV RGB=True | TOF=True | active=front_tof | range=6.72 m | depth ratio=1.00 | window rates RGB/ToF=1.00/0.66 | frame change=0.0000 | truth angle FOV=False | RGB render volume=False | H/V angles=nan/nan deg | truth distance=inf m
[WARN] [1791463269.048720095] [front_tof_monitor]: USV RGB=True | TOF=False | active=front_rgb_only | range=nan m | depth ratio=0.00 | window rates RGB/ToF=1.00/0.66 | frame change=0.0000 | truth angle FOV=False | RGB render volume=False | H/V angles=nan/nan deg | truth distance=inf m
[INFO] [1791463269.148923068] [front_tof_monitor]: USV RGB=True | TOF=True | active=front_tof | range=6.72 m | depth ratio=1.00 | window rates RGB/ToF=1.00/0.68 | frame change=0.0000 | truth angle FOV=False | RGB render volume=False | H/V angles=nan/nan deg | truth distance=inf m
[WARN] [1791463269.248593288] [front_tof_monitor]: USV RGB=True | TOF=False | active=front_rgb_only | range=nan m | depth ratio=0.00 | window rates RGB/ToF=1.00/0.67 | frame change=0.0000 | truth angle FOV=False | RGB render volume=False | H/V angles=nan/nan deg | truth distance=inf m
[INFO] [1791463269.448116185] [front_tof_monitor]: USV RGB=True | TOF=True | active=front_tof | range=6.72 m | depth ratio=1.00 | window rates RGB/ToF=1.00/0.67 | frame change=0.0000 | truth angle FOV=False | RGB render volume=False | H/V angles=nan/nan deg | truth distance=inf m
[WARN] [1791463269.548082326] [front_tof_monitor]: USV RGB=True | TOF=False | active=front_rgb_only | range=nan m | depth ratio=0.00 | window rates RGB/ToF=1.00/0.64 | frame change=0.0000 | truth angle FOV=False | RGB render volume=False | H/V angles=nan/nan deg | truth distance=inf m
[INFO] [1791463269.648122329] [front_tof_monitor]: USV RGB=True | TOF=True | active=front_tof | range=6.72 m | depth ratio=1.00 | window rates RGB/ToF=1.00/0.65 | frame change=0.0000 | truth angle FOV=False | RGB render volume=False | H/V angles=nan/nan deg | truth distance=inf m
[WARN] [1791463269.748184701] [front_tof_monitor]: USV RGB=True | TOF=False | active=front_rgb_only | range=nan m | depth ratio=0.00 | window rates RGB/ToF=1.00/0.62 | frame change=0.0000 | truth angle FOV=False | RGB render volume=False | H/V angles=nan/nan deg | truth distance=inf m
[INFO] [1791463269.849215362] [front_tof_monitor]: USV RGB=True | TOF=True | active=front_tof | range=6.72 m | depth ratio=1.00 | window rates RGB/ToF=1.00/0.62 | frame change=0.0000 | truth angle FOV=False | RGB render volume=False | H/V angles=nan/nan deg | truth distance=inf m
[WARN] [1791463269.948203446] [front_tof_monitor]: USV RGB=True | TOF=False | active=front_rgb_only | range=nan m | depth ratio=0.00 | window rates RGB/ToF=1.00/0.60 | frame change=0.0000 | truth angle FOV=False | RGB render volume=False | H/V angles=nan/nan deg | truth distance=inf m
[INFO] [1791463270.048476391] [front_tof_monitor]: USV RGB=True | TOF=True | active=front_tof | range=6.72 m | depth ratio=1.00 | window rates RGB/ToF=1.00/0.60 | frame change=0.0000 | truth angle FOV=False | RGB render volume=False | H/V angles=nan/nan deg | truth distance=inf m
[WARN] [1791463270.248132084] [front_tof_monitor]: USV RGB=True | TOF=False | active=front_rgb_only | range=nan m | depth ratio=0.00 | window rates RGB/ToF=1.00/0.59 | frame change=0.0000 | truth angle FOV=False | RGB render volume=False | H/V angles=nan/nan deg | truth distance=inf m
[INFO] [1791463270.748318955] [front_tof_monitor]: USV RGB=True | TOF=True | active=front_tof | range=6.72 m | depth ratio=1.00 | window rates RGB/ToF=1.00/0.51 | frame change=0.0000 | truth angle FOV=False | RGB render volume=False | H/V angles=nan/nan deg | truth distance=inf m
[WARN] [1791463270.947932623] [front_tof_monitor]: USV RGB=True | TOF=False | active=front_rgb_only | range=nan m | depth ratio=0.00 | window rates RGB/ToF=1.00/0.49 | frame change=0.0000 | truth angle FOV=False | RGB render volume=False | H/V angles=nan/nan deg | truth distance=inf m
[INFO] [1791463271.048885679] [front_tof_monitor]: USV RGB=True | TOF=True | active=front_tof | range=6.72 m | depth ratio=1.00 | window rates RGB/ToF=1.00/0.49 | frame change=0.0000 | truth angle FOV=False | RGB render volume=False | H/V angles=nan/nan deg | truth distance=inf m
[WARN] [1791463271.148198818] [front_tof_monitor]: USV RGB=True | TOF=False | active=front_rgb_only | range=nan m | depth ratio=0.00 | window rates RGB/ToF=1.00/0.47 | frame change=0.0000 | truth angle FOV=False | RGB render volume=False | H/V angles=nan/nan deg | truth distance=inf m
[INFO] [1791463271.248370111] [front_tof_monitor]: USV RGB=True | TOF=True | active=front_tof | range=6.72 m | depth ratio=1.00 | window rates RGB/ToF=1.00/0.46 | frame change=0.0000 | truth angle FOV=False | RGB render volume=False | H/V angles=nan/nan deg | truth distance=inf m
[WARN] [1791463271.348676422] [front_tof_monitor]: USV RGB=True | TOF=False | active=front_rgb_only | range=nan m | depth ratio=0.00 | window rates RGB/ToF=1.00/0.44 | frame change=0.0000 | truth angle FOV=False | RGB render volume=False | H/V angles=nan/nan deg | truth distance=inf m
[INFO] [1791463271.448829858] [front_tof_monitor]: USV RGB=True | TOF=True | active=front_tof | range=6.72 m | depth ratio=1.00 | window rates RGB/ToF=1.00/0.45 | frame change=0.0000 | truth angle FOV=False | RGB render volume=False | H/V angles=nan/nan deg | truth distance=inf m
[WARN] [1791463271.548659285] [front_tof_monitor]: USV RGB=True | TOF=False | active=front_rgb_only | range=nan m | depth ratio=0.00 | window rates RGB/ToF=1.00/0.44 | frame change=0.0000 | truth angle FOV=False | RGB render volume=False | H/V angles=nan/nan deg | truth distance=inf m
[INFO] [1791463271.648364306] [front_tof_monitor]: USV RGB=True | TOF=True | active=front_tof | range=6.72 m | depth ratio=1.00 | window rates RGB/ToF=1.00/0.45 | frame change=0.0000 | truth angle FOV=False | RGB render volume=False | H/V angles=nan/nan deg | truth distance=inf m
[WARN] [1791463276.649698497] [front_tof_monitor]: USV RGB=True | TOF=False | active=front_rgb_only | range=nan m | depth ratio=0.00 | window rates RGB/ToF=1.00/0.98 | frame change=0.0000 | truth angle FOV=False | RGB render volume=False | H/V angles=nan/nan deg | truth distance=inf m
[INFO] [1791463276.749211614] [front_tof_monitor]: USV RGB=True | TOF=True | active=front_tof | range=6.72 m | depth ratio=1.00 | window rates RGB/ToF=1.00/0.98 | frame change=0.0000 | truth angle FOV=False | RGB render volume=False | H/V angles=nan/nan deg | truth distance=inf m
[WARN] [1791463277.851970616] [front_tof_monitor]: USV RGB=True | TOF=False | active=front_rgb_only | range=nan m | depth ratio=0.00 | window rates RGB/ToF=1.00/0.96 | frame change=0.0000 | truth angle FOV=False | RGB render volume=False | H/V angles=nan/nan deg | truth distance=inf m
[INFO] [1791463277.949695270] [front_tof_monitor]: USV RGB=True | TOF=True | active=front_tof | range=6.72 m | depth ratio=1.00 | window rates RGB/ToF=1.00/0.96 | frame change=0.0000 | truth angle FOV=False | RGB render volume=False | H/V angles=nan/nan deg | truth distance=inf m
[WARN] [1791463278.749656615] [front_tof_monitor]: USV RGB=True | TOF=False | active=front_rgb_only | range=nan m | depth ratio=0.00 | window rates RGB/ToF=1.00/0.94 | frame change=0.0000 | truth angle FOV=False | RGB render volume=False | H/V angles=nan/nan deg | truth distance=inf m
[INFO] [1791463278.850602125] [front_tof_monitor]: USV RGB=True | TOF=True | active=front_tof | range=6.72 m | depth ratio=1.00 | window rates RGB/ToF=1.00/0.94 | frame change=0.0000 | truth angle FOV=False | RGB render volume=False | H/V angles=nan/nan deg | truth distance=inf m
[WARN] [1791463279.250362848] [front_tof_monitor]: USV RGB=True | TOF=False | active=front_rgb_only | range=nan m | depth ratio=0.00 | window rates RGB/ToF=1.00/0.92 | frame change=0.0000 | truth angle FOV=False | RGB render volume=False | H/V angles=nan/nan deg | truth distance=inf m
[INFO] [1791463279.350329418] [front_tof_monitor]: USV RGB=True | TOF=True | active=front_tof | range=6.72 m | depth ratio=1.00 | window rates RGB/ToF=1.00/0.92 | frame change=0.0000 | truth angle FOV=False | RGB render volume=False | H/V angles=nan/nan deg | truth distance=inf m
[WARN] [1791463280.349232944] [front_tof_monitor]: USV RGB=True | TOF=False | active=front_rgb_only | range=nan m | depth ratio=0.00 | window rates RGB/ToF=1.00/0.90 | frame change=0.0000 | truth angle FOV=False | RGB render volume=False | H/V angles=nan/nan deg | truth distance=inf m
[INFO] [1791463280.448056158] [front_tof_monitor]: USV RGB=True | TOF=True | active=front_tof | range=6.72 m | depth ratio=1.00 | window rates RGB/ToF=1.00/0.90 | frame change=0.0000 | truth angle FOV=False | RGB render volume=False | H/V angles=nan/nan deg | truth distance=inf m
[WARN] [1791463281.449082479] [front_tof_monitor]: USV RGB=True | TOF=False | active=front_rgb_only | range=nan m | depth ratio=0.00 | window rates RGB/ToF=1.00/0.88 | frame change=0.0000 | truth angle FOV=False | RGB render volume=False | H/V angles=nan/nan deg | truth distance=inf m
[INFO] [1791463281.549270318] [front_tof_monitor]: USV RGB=True | TOF=True | active=front_tof | range=6.72 m | depth ratio=1.00 | window rates RGB/ToF=1.00/0.88 | frame change=0.0000 | truth angle FOV=False | RGB render volume=False | H/V angles=nan/nan deg | truth distance=inf m
[WARN] [1791463281.650423562] [front_tof_monitor]: USV RGB=True | TOF=False | active=front_rgb_only | range=nan m | depth ratio=0.00 | window rates RGB/ToF=1.00/0.88 | frame change=0.0000 | truth angle FOV=False | RGB render volume=False | H/V angles=nan/nan deg | truth distance=inf m
[INFO] [1791463281.750207540] [front_tof_monitor]: USV RGB=True | TOF=True | active=front_tof | range=6.72 m | depth ratio=1.00 | window rates RGB/ToF=1.00/0.88 | frame change=0.0000 | truth angle FOV=False | RGB render volume=False | H/V angles=nan/nan deg | truth distance=inf m
[WARN] [1791463282.349350392] [front_tof_monitor]: USV RGB=True | TOF=False | active=front_rgb_only | range=nan m | depth ratio=0.00 | window rates RGB/ToF=1.00/0.86 | frame change=0.0000 | truth angle FOV=False | RGB render volume=False | H/V angles=nan/nan deg | truth distance=inf m
[INFO] [1791463282.449140859] [front_tof_monitor]: USV RGB=True | TOF=True | active=front_tof | range=6.72 m | depth ratio=1.00 | window rates RGB/ToF=1.00/0.86 | frame change=0.0000 | truth angle FOV=False | RGB render volume=False | H/V angles=nan/nan deg | truth distance=inf m
[WARN] [1791463283.449424803] [front_tof_monitor]: USV RGB=True | TOF=False | active=front_rgb_only | range=nan m | depth ratio=0.00 | window rates RGB/ToF=1.00/0.86 | frame change=0.0000 | truth angle FOV=False | RGB render volume=False | H/V angles=nan/nan deg | truth distance=inf m
[INFO] [1791463283.548682420] [front_tof_monitor]: USV RGB=True | TOF=True | active=front_tof | range=6.72 m | depth ratio=1.00 | window rates RGB/ToF=1.00/0.86 | frame change=0.0000 | truth angle FOV=False | RGB render volume=False | H/V angles=nan/nan deg | truth distance=inf m
[WARN] [1791463286.348031502] [front_tof_monitor]: USV RGB=True | TOF=False | active=front_rgb_only | range=nan m | depth ratio=0.00 | window rates RGB/ToF=1.00/0.90 | frame change=0.0000 | truth angle FOV=False | RGB render volume=False | H/V angles=nan/nan deg | truth distance=inf m
[INFO] [1791463286.451214049] [front_tof_monitor]: USV RGB=True | TOF=True | active=front_tof | range=6.72 m | depth ratio=1.00 | window rates RGB/ToF=1.00/0.92 | frame change=0.0000 | truth angle FOV=False | RGB render volume=False | H/V angles=nan/nan deg | truth distance=inf m
[WARN] [1791463287.448503764] [front_tof_monitor]: USV RGB=True | TOF=False | active=front_rgb_only | range=nan m | depth ratio=0.00 | window rates RGB/ToF=1.00/0.94 | frame change=0.0000 | truth angle FOV=False | RGB render volume=False | H/V angles=nan/nan deg | truth distance=inf m
[INFO] [1791463287.548316971] [front_tof_monitor]: USV RGB=True | TOF=True | active=front_tof | range=6.72 m | depth ratio=1.00 | window rates RGB/ToF=1.00/0.94 | frame change=0.0000 | truth angle FOV=False | RGB render volume=False | H/V angles=nan/nan deg | truth distance=inf m
[WARN] [1791463287.648674429] [front_tof_monitor]: USV RGB=True | TOF=False | active=front_rgb_only | range=nan m | depth ratio=0.00 | window rates RGB/ToF=1.00/0.92 | frame change=0.0000 | truth angle FOV=False | RGB render volume=False | H/V angles=nan/nan deg | truth distance=inf m
[INFO] [1791463287.848860226] [front_tof_monitor]: USV RGB=True | TOF=True | active=front_tof | range=6.72 m | depth ratio=1.00 | window rates RGB/ToF=1.00/0.90 | frame change=0.0000 | truth angle FOV=False | RGB render volume=False | H/V angles=nan/nan deg | truth distance=inf m
[WARN] [1791463288.248393395] [front_tof_monitor]: USV RGB=True | TOF=False | active=front_rgb_only | range=nan m | depth ratio=0.00 | window rates RGB/ToF=1.00/0.88 | frame change=0.0000 | truth angle FOV=False | RGB render volume=False | H/V angles=nan/nan deg | truth distance=inf m
[INFO] [1791463288.348828839] [front_tof_monitor]: USV RGB=True | TOF=True | active=front_tof | range=6.72 m | depth ratio=1.00 | window rates RGB/ToF=1.00/0.88 | frame change=0.0000 | truth angle FOV=False | RGB render volume=False | H/V angles=nan/nan deg | truth distance=inf m
[WARN] [1791463288.448894824] [front_tof_monitor]: USV RGB=True | TOF=False | active=front_rgb_only | range=nan m | depth ratio=0.00 | window rates RGB/ToF=1.00/0.86 | frame change=0.0000 | truth angle FOV=False | RGB render volume=False | H/V angles=nan/nan deg | truth distance=inf m
[INFO] [1791463288.548264827] [front_tof_monitor]: USV RGB=True | TOF=True | active=front_tof | range=6.72 m | depth ratio=1.00 | window rates RGB/ToF=1.00/0.88 | frame change=0.0000 | truth angle FOV=False | RGB render volume=False | H/V angles=nan/nan deg | truth distance=inf m
[WARN] [1791463290.248562197] [front_tof_monitor]: USV RGB=True | TOF=False | active=front_rgb_only | range=nan m | depth ratio=0.00 | window rates RGB/ToF=1.00/0.86 | frame change=0.0000 | truth angle FOV=False | RGB render volume=False | H/V angles=nan/nan deg | truth distance=inf m
[INFO] [1791463290.348345166] [front_tof_monitor]: USV RGB=True | TOF=True | active=front_tof | range=6.72 m | depth ratio=1.00 | window rates RGB/ToF=1.00/0.86 | frame change=0.0000 | truth angle FOV=False | RGB render volume=False | H/V angles=nan/nan deg | truth distance=inf m
[WARN] [1791463291.848541513] [front_tof_monitor]: USV RGB=True | TOF=False | active=front_rgb_only | range=nan m | depth ratio=0.00 | window rates RGB/ToF=1.00/0.86 | frame change=0.0000 | truth angle FOV=False | RGB render volume=False | H/V angles=nan/nan deg | truth distance=inf m
[INFO] [1791463291.948873704] [front_tof_monitor]: USV RGB=True | TOF=True | active=front_tof | range=6.72 m | depth ratio=1.00 | window rates RGB/ToF=1.00/0.86 | frame change=0.0000 | truth angle FOV=False | RGB render volume=False | H/V angles=nan/nan deg | truth distance=inf m
[WARN] [1791463292.048763246] [front_tof_monitor]: USV RGB=True | TOF=False | active=front_rgb_only | range=nan m | depth ratio=0.00 | window rates RGB/ToF=1.00/0.84 | frame change=0.0000 | truth angle FOV=False | RGB render volume=False | H/V angles=nan/nan deg | truth distance=inf m
[INFO] [1791463292.148347063] [front_tof_monitor]: USV RGB=True | TOF=True | active=front_tof | range=6.72 m | depth ratio=1.00 | window rates RGB/ToF=1.00/0.84 | frame change=0.0000 | truth angle FOV=False | RGB render volume=False | H/V angles=nan/nan deg | truth distance=inf m
[WARN] [1791463292.348629453] [front_tof_monitor]: USV RGB=True | TOF=False | active=front_rgb_only | range=nan m | depth ratio=0.00 | window rates RGB/ToF=1.00/0.82 | frame change=0.0000 | truth angle FOV=False | RGB render volume=False | H/V angles=nan/nan deg | truth distance=inf m
[INFO] [1791463292.648907113] [front_tof_monitor]: USV RGB=True | TOF=True | active=front_tof | range=6.72 m | depth ratio=1.00 | window rates RGB/ToF=1.00/0.80 | frame change=0.0000 | truth angle FOV=False | RGB render volume=False | H/V angles=nan/nan deg | truth distance=inf m
[WARN] [1791463292.748602343] [front_tof_monitor]: USV RGB=True | TOF=False | active=front_rgb_only | range=nan m | depth ratio=0.00 | window rates RGB/ToF=1.00/0.82 | frame change=0.0000 | truth angle FOV=False | RGB render volume=False | H/V angles=nan/nan deg | truth distance=inf m
[INFO] [1791463292.848850629] [front_tof_monitor]: USV RGB=True | TOF=True | active=front_tof | range=6.72 m | depth ratio=1.00 | window rates RGB/ToF=1.00/0.82 | frame change=0.0000 | truth angle FOV=False | RGB render volume=False | H/V angles=nan/nan deg | truth distance=inf m
[WARN] [1791463293.048186377] [front_tof_monitor]: USV RGB=True | TOF=False | active=front_rgb_only | range=nan m | depth ratio=0.00 | window rates RGB/ToF=1.00/0.80 | frame change=0.0000 | truth angle FOV=False | RGB render volume=False | H/V angles=nan/nan deg | truth distance=inf m
[INFO] [1791463293.148226612] [front_tof_monitor]: USV RGB=True | TOF=True | active=front_tof | range=6.72 m | depth ratio=1.00 | window rates RGB/ToF=1.00/0.80 | frame change=0.0000 | truth angle FOV=False | RGB render volume=False | H/V angles=nan/nan deg | truth distance=inf m
[WARN] [1791463293.248249156] [front_tof_monitor]: USV RGB=True | TOF=False | active=front_rgb_only | range=nan m | depth ratio=0.00 | window rates RGB/ToF=1.00/0.78 | frame change=0.0000 | truth angle FOV=False | RGB render volume=False | H/V angles=nan/nan deg | truth distance=inf m
[INFO] [1791463293.348905987] [front_tof_monitor]: USV RGB=True | TOF=True | active=front_tof | range=6.72 m | depth ratio=1.00 | window rates RGB/ToF=1.00/0.80 | frame change=0.0000 | truth angle FOV=False | RGB render volume=False | H/V angles=nan/nan deg | truth distance=inf m
[WARN] [1791463293.448569685] [front_tof_monitor]: USV RGB=True | TOF=False | active=front_rgb_only | range=nan m | depth ratio=0.00 | window rates RGB/ToF=1.00/0.78 | frame change=0.0000 | truth angle FOV=False | RGB render volume=False | H/V angles=nan/nan deg | truth distance=inf m
[INFO] [1791463293.648285805] [front_tof_monitor]: USV RGB=True | TOF=True | active=front_tof | range=6.72 m | depth ratio=1.00 | window rates RGB/ToF=1.00/0.78 | frame change=0.0000 | truth angle FOV=False | RGB render volume=False | H/V angles=nan/nan deg | truth distance=inf m
[WARN] [1791463294.648667365] [front_tof_monitor]: USV RGB=True | TOF=False | active=front_rgb_only | range=nan m | depth ratio=0.00 | window rates RGB/ToF=1.00/0.76 | frame change=0.0000 | truth angle FOV=False | RGB render volume=False | H/V angles=nan/nan deg | truth distance=inf m
[INFO] [1791463294.748937052] [front_tof_monitor]: USV RGB=True | TOF=True | active=front_tof | range=6.72 m | depth ratio=1.00 | window rates RGB/ToF=1.00/0.76 | frame change=0.0000 | truth angle FOV=False | RGB render volume=False | H/V angles=nan/nan deg | truth distance=inf m
[WARN] [1791463294.848665384] [front_tof_monitor]: USV RGB=True | TOF=False | active=front_rgb_only | range=nan m | depth ratio=0.00 | window rates RGB/ToF=1.00/0.74 | frame change=0.0000 | truth angle FOV=False | RGB render volume=False | H/V angles=nan/nan deg | truth distance=inf m
[INFO] [1791463294.948282735] [front_tof_monitor]: USV RGB=True | TOF=True | active=front_tof | range=6.72 m | depth ratio=1.00 | window rates RGB/ToF=1.00/0.74 | frame change=0.0000 | truth angle FOV=False | RGB render volume=False | H/V angles=nan/nan deg | truth distance=inf m
[WARN] [1791463295.048025420] [front_tof_monitor]: USV RGB=True | TOF=False | active=front_rgb_only | range=nan m | depth ratio=0.00 | window rates RGB/ToF=1.00/0.72 | frame change=0.0000 | truth angle FOV=False | RGB render volume=False | H/V angles=nan/nan deg | truth distance=inf m
[INFO] [1791463295.148178611] [front_tof_monitor]: USV RGB=True | TOF=True | active=front_tof | range=6.72 m | depth ratio=1.00 | window rates RGB/ToF=1.00/0.73 | frame change=0.0000 | truth angle FOV=False | RGB render volume=False | H/V angles=nan/nan deg | truth distance=inf m
[WARN] [1791463295.548666804] [front_tof_monitor]: USV RGB=True | TOF=False | active=front_rgb_only | range=nan m | depth ratio=0.00 | window rates RGB/ToF=1.00/0.73 | frame change=0.0000 | truth angle FOV=False | RGB render volume=False | H/V angles=nan/nan deg | truth distance=inf m
[INFO] [1791463295.748868361] [front_tof_monitor]: USV RGB=True | TOF=True | active=front_tof | range=6.72 m | depth ratio=1.00 | window rates RGB/ToF=1.00/0.70 | frame change=0.0000 | truth angle FOV=False | RGB render volume=False | H/V angles=nan/nan deg | truth distance=inf m
[WARN] [1791463295.848652404] [front_tof_monitor]: USV RGB=True | TOF=False | active=front_rgb_only | range=nan m | depth ratio=0.00 | window rates RGB/ToF=1.00/0.69 | frame change=0.0000 | truth angle FOV=False | RGB render volume=False | H/V angles=nan/nan deg | truth distance=inf m
[INFO] [1791463296.148790490] [front_tof_monitor]: USV RGB=True | TOF=True | active=front_tof | range=6.72 m | depth ratio=1.00 | window rates RGB/ToF=1.00/0.64 | frame change=0.0000 | truth angle FOV=False | RGB render volume=False | H/V angles=nan/nan deg | truth distance=inf m
[WARN] [1791463296.248665160] [front_tof_monitor]: USV RGB=True | TOF=False | active=front_rgb_only | range=nan m | depth ratio=0.00 | window rates RGB/ToF=1.00/0.63 | frame change=0.0000 | truth angle FOV=False | RGB render volume=False | H/V angles=nan/nan deg | truth distance=inf m
[INFO] [1791463296.348347548] [front_tof_monitor]: USV RGB=True | TOF=True | active=front_tof | range=6.72 m | depth ratio=1.00 | window rates RGB/ToF=1.00/0.62 | frame change=0.0000 | truth angle FOV=False | RGB render volume=False | H/V angles=nan/nan deg | truth distance=inf m
[WARN] [1791463296.748185098] [front_tof_monitor]: USV RGB=True | TOF=False | active=front_rgb_only | range=nan m | depth ratio=0.00 | window rates RGB/ToF=1.00/0.60 | frame change=0.0000 | truth angle FOV=False | RGB render volume=False | H/V angles=nan/nan deg | truth distance=inf m
[INFO] [1791463297.048910060] [front_tof_monitor]: USV RGB=True | TOF=True | active=front_tof | range=6.72 m | depth ratio=1.00 | window rates RGB/ToF=1.00/0.60 | frame change=0.0000 | truth angle FOV=False | RGB render volume=False | H/V angles=nan/nan deg | truth distance=inf m
[WARN] [1791463297.148278960] [front_tof_monitor]: USV RGB=True | TOF=False | active=front_rgb_only | range=nan m | depth ratio=0.00 | window rates RGB/ToF=1.00/0.58 | frame change=0.0000 | truth angle FOV=False | RGB render volume=False | H/V angles=nan/nan deg | truth distance=inf m
[INFO] [1791463297.248433641] [front_tof_monitor]: USV RGB=True | TOF=True | active=front_tof | range=6.72 m | depth ratio=1.00 | window rates RGB/ToF=1.00/0.59 | frame change=0.0000 | truth angle FOV=False | RGB render volume=False | H/V angles=nan/nan deg | truth distance=inf m
[WARN] [1791463297.348235074] [front_tof_monitor]: USV RGB=True | TOF=False | active=front_rgb_only | range=nan m | depth ratio=0.00 | window rates RGB/ToF=1.00/0.57 | frame change=0.0000 | truth angle FOV=False | RGB render volume=False | H/V angles=nan/nan deg | truth distance=inf m
[INFO] [1791463297.448898750] [front_tof_monitor]: USV RGB=True | TOF=True | active=front_tof | range=6.72 m | depth ratio=1.00 | window rates RGB/ToF=1.00/0.60 | frame change=0.0000 | truth angle FOV=False | RGB render volume=False | H/V angles=nan/nan deg | truth distance=inf m
[WARN] [1791463297.648628598] [front_tof_monitor]: USV RGB=True | TOF=False | active=front_rgb_only | range=nan m | depth ratio=0.00 | window rates RGB/ToF=1.00/0.61 | frame change=0.0000 | truth angle FOV=False | RGB render volume=False | H/V angles=nan/nan deg | truth distance=inf m
[INFO] [1791463297.748281013] [front_tof_monitor]: USV RGB=True | TOF=True | active=front_tof | range=6.72 m | depth ratio=1.00 | window rates RGB/ToF=1.00/0.61 | frame change=0.0000 | truth angle FOV=False | RGB render volume=False | H/V angles=nan/nan deg | truth distance=inf m
[WARN] [1791463297.848631599] [front_tof_monitor]: USV RGB=True | TOF=False | active=front_rgb_only | range=nan m | depth ratio=0.00 | window rates RGB/ToF=1.00/0.60 | frame change=0.0000 | truth angle FOV=False | RGB render volume=False | H/V angles=nan/nan deg | truth distance=inf m
[INFO] [1791463297.948887429] [front_tof_monitor]: USV RGB=True | TOF=True | active=front_tof | range=6.72 m | depth ratio=1.00 | window rates RGB/ToF=1.00/0.60 | frame change=0.0000 | truth angle FOV=False | RGB render volume=False | H/V angles=nan/nan deg | truth distance=inf m
[WARN] [1791463298.048739868] [front_tof_monitor]: USV RGB=True | TOF=False | active=front_rgb_only | range=nan m | depth ratio=0.00 | window rates RGB/ToF=1.00/0.60 | frame change=0.0000 | truth angle FOV=False | RGB render volume=False | H/V angles=nan/nan deg | truth distance=inf m
[INFO] [1791463298.148550432] [front_tof_monitor]: USV RGB=True | TOF=True | active=front_tof | range=6.72 m | depth ratio=1.00 | window rates RGB/ToF=1.00/0.60 | frame change=0.0000 | truth angle FOV=False | RGB render volume=False | H/V angles=nan/nan deg | truth distance=inf m
[WARN] [1791463298.548476073] [front_tof_monitor]: USV RGB=True | TOF=False | active=front_rgb_only | range=nan m | depth ratio=0.00 | window rates RGB/ToF=1.00/0.64 | frame change=0.0000 | truth angle FOV=False | RGB render volume=False | H/V angles=nan/nan deg | truth distance=inf m
[INFO] [1791463298.648940239] [front_tof_monitor]: USV RGB=True | TOF=True | active=front_tof | range=6.72 m | depth ratio=1.00 | window rates RGB/ToF=1.00/0.64 | frame change=0.0000 | truth angle FOV=False | RGB render volume=False | H/V angles=nan/nan deg | truth distance=inf m
[WARN] [1791463298.748701926] [front_tof_monitor]: USV RGB=True | TOF=False | active=front_rgb_only | range=nan m | depth ratio=0.00 | window rates RGB/ToF=1.00/0.63 | frame change=0.0000 | truth angle FOV=False | RGB render volume=False | H/V angles=nan/nan deg | truth distance=inf m
[INFO] [1791463298.948732402] [front_tof_monitor]: USV RGB=True | TOF=True | active=front_tof | range=6.72 m | depth ratio=1.00 | window rates RGB/ToF=1.00/0.61 | frame change=0.0000 | truth angle FOV=False | RGB render volume=False | H/V angles=nan/nan deg | truth distance=inf m
[WARN] [1791463299.048170846] [front_tof_monitor]: USV RGB=True | TOF=False | active=front_rgb_only | range=nan m | depth ratio=0.00 | window rates RGB/ToF=1.00/0.59 | frame change=0.0000 | truth angle FOV=False | RGB render volume=False | H/V angles=nan/nan deg | truth distance=inf m
[INFO] [1791463299.348782812] [front_tof_monitor]: USV RGB=True | TOF=True | active=front_tof | range=6.72 m | depth ratio=1.00 | window rates RGB/ToF=1.00/0.55 | frame change=0.0000 | truth angle FOV=False | RGB render volume=False | H/V angles=nan/nan deg | truth distance=inf m
[WARN] [1791463299.447974714] [front_tof_monitor]: USV RGB=True | TOF=False | active=front_rgb_only | range=nan m | depth ratio=0.00 | window rates RGB/ToF=1.00/0.53 | frame change=0.0000 | truth angle FOV=False | RGB render volume=False | H/V angles=nan/nan deg | truth distance=inf m
[INFO] [1791463300.048271244] [front_tof_monitor]: USV RGB=True | TOF=True | active=front_tof | range=6.72 m | depth ratio=1.00 | window rates RGB/ToF=1.00/0.47 | frame change=0.0000 | truth angle FOV=False | RGB render volume=False | H/V angles=nan/nan deg | truth distance=inf m
[WARN] [1791463300.148697887] [front_tof_monitor]: USV RGB=True | TOF=False | active=front_rgb_only | range=nan m | depth ratio=0.00 | window rates RGB/ToF=1.00/0.46 | frame change=0.0000 | truth angle FOV=False | RGB render volume=False | H/V angles=nan/nan deg | truth distance=inf m
[INFO] [1791463300.248903604] [front_tof_monitor]: USV RGB=True | TOF=True | active=front_tof | range=6.72 m | depth ratio=1.00 | window rates RGB/ToF=1.00/0.46 | frame change=0.0000 | truth angle FOV=False | RGB render volume=False | H/V angles=nan/nan deg | truth distance=inf m
[WARN] [1791463300.648915951] [front_tof_monitor]: USV RGB=True | TOF=False | active=front_rgb_only | range=nan m | depth ratio=0.00 | window rates RGB/ToF=1.00/0.48 | frame change=0.0000 | truth angle FOV=False | RGB render volume=False | H/V angles=nan/nan deg | truth distance=inf m
[INFO] [1791463300.848788345] [front_tof_monitor]: USV RGB=True | TOF=True | active=front_tof | range=6.72 m | depth ratio=1.00 | window rates RGB/ToF=1.00/0.47 | frame change=0.0000 | truth angle FOV=False | RGB render volume=False | H/V angles=nan/nan deg | truth distance=inf m
[WARN] [1791463300.948180332] [front_tof_monitor]: USV RGB=True | TOF=False | active=front_rgb_only | range=nan m | depth ratio=0.00 | window rates RGB/ToF=1.00/0.47 | frame change=0.0000 | truth angle FOV=False | RGB render volume=False | H/V angles=nan/nan deg | truth distance=inf m
[INFO] [1791463301.148966090] [front_tof_monitor]: USV RGB=True | TOF=True | active=front_tof | range=6.72 m | depth ratio=1.00 | window rates RGB/ToF=1.00/0.48 | frame change=0.0000 | truth angle FOV=False | RGB render volume=False | H/V angles=nan/nan deg | truth distance=inf m
[WARN] [1791463301.348285339] [front_tof_monitor]: USV RGB=True | TOF=False | active=front_rgb_only | range=nan m | depth ratio=0.00 | window rates RGB/ToF=1.00/0.48 | frame change=0.0000 | truth angle FOV=False | RGB render volume=False | H/V angles=nan/nan deg | truth distance=inf m
[INFO] [1791463301.448916260] [front_tof_monitor]: USV RGB=True | TOF=True | active=front_tof | range=6.72 m | depth ratio=1.00 | window rates RGB/ToF=1.00/0.48 | frame change=0.0000 | truth angle FOV=False | RGB render volume=False | H/V angles=nan/nan deg | truth distance=inf m
[WARN] [1791463301.548709829] [front_tof_monitor]: USV RGB=True | TOF=False | active=front_rgb_only | range=nan m | depth ratio=0.00 | window rates RGB/ToF=1.00/0.46 | frame change=0.0000 | truth angle FOV=False | RGB render volume=False | H/V angles=nan/nan deg | truth distance=inf m
[INFO] [1791463301.848365404] [front_tof_monitor]: USV RGB=True | TOF=True | active=front_tof | range=6.72 m | depth ratio=1.00 | window rates RGB/ToF=1.00/0.45 | frame change=0.0000 | truth angle FOV=False | RGB render volume=False | H/V angles=nan/nan deg | truth distance=inf m
[WARN] [1791463301.948604879] [front_tof_monitor]: USV RGB=True | TOF=False | active=front_rgb_only | range=nan m | depth ratio=0.00 | window rates RGB/ToF=1.00/0.46 | frame change=0.0000 | truth angle FOV=False | RGB render volume=False | H/V angles=nan/nan deg | truth distance=inf m
[INFO] [1791463302.248512552] [front_tof_monitor]: USV RGB=True | TOF=True | active=front_tof | range=6.72 m | depth ratio=1.00 | window rates RGB/ToF=1.00/0.44 | frame change=0.0000 | truth angle FOV=False | RGB render volume=False | H/V angles=nan/nan deg | truth distance=inf m
[WARN] [1791463302.448445344] [front_tof_monitor]: USV RGB=True | TOF=False | active=front_rgb_only | range=nan m | depth ratio=0.00 | window rates RGB/ToF=1.00/0.44 | frame change=0.0000 | truth angle FOV=False | RGB render volume=False | H/V angles=nan/nan deg | truth distance=inf m
[INFO] [1791463302.748959393] [front_tof_monitor]: USV RGB=True | TOF=True | active=front_tof | range=6.72 m | depth ratio=1.00 | window rates RGB/ToF=1.00/0.42 | frame change=0.0000 | truth angle FOV=False | RGB render volume=False | H/V angles=nan/nan deg | truth distance=inf m
[WARN] [1791463303.348644627] [front_tof_monitor]: USV RGB=True | TOF=False | active=front_rgb_only | range=nan m | depth ratio=0.00 | window rates RGB/ToF=1.00/0.44 | frame change=0.0000 | truth angle FOV=False | RGB render volume=False | H/V angles=nan/nan deg | truth distance=inf m
[INFO] [1791463303.448837089] [front_tof_monitor]: USV RGB=True | TOF=True | active=front_tof | range=6.72 m | depth ratio=1.00 | window rates RGB/ToF=1.00/0.44 | frame change=0.0000 | truth angle FOV=False | RGB render volume=False | H/V angles=nan/nan deg | truth distance=inf m
[WARN] [1791463305.148052415] [front_tof_monitor]: USV RGB=True | TOF=False | active=front_rgb_only | range=nan m | depth ratio=0.00 | window rates RGB/ToF=1.00/0.67 | frame change=0.0000 | truth angle FOV=False | RGB render volume=False | H/V angles=nan/nan deg | truth distance=inf m
[INFO] [1791463305.249014636] [front_tof_monitor]: USV RGB=True | TOF=True | active=front_tof | range=6.72 m | depth ratio=1.00 | window rates RGB/ToF=1.00/0.68 | frame change=0.0000 | truth angle FOV=False | RGB render volume=False | H/V angles=nan/nan deg | truth distance=inf m
[WARN] [1791463305.848022084] [front_tof_monitor]: USV RGB=True | TOF=False | active=front_rgb_only | range=nan m | depth ratio=0.00 | window rates RGB/ToF=1.00/0.70 | frame change=0.0000 | truth angle FOV=False | RGB render volume=False | H/V angles=nan/nan deg | truth distance=inf m
[INFO] [1791463305.949033551] [front_tof_monitor]: USV RGB=True | TOF=True | active=front_tof | range=6.72 m | depth ratio=1.00 | window rates RGB/ToF=1.00/0.72 | frame change=0.0000 | truth angle FOV=False | RGB render volume=False | H/V angles=nan/nan deg | truth distance=inf m
[WARN] [1791463306.048062919] [front_tof_monitor]: USV RGB=True | TOF=False | active=front_rgb_only | range=nan m | depth ratio=0.00 | window rates RGB/ToF=1.00/0.71 | frame change=0.0000 | truth angle FOV=False | RGB render volume=False | H/V angles=nan/nan deg | truth distance=inf m
[INFO] [1791463306.148270698] [front_tof_monitor]: USV RGB=True | TOF=True | active=front_tof | range=6.72 m | depth ratio=1.00 | window rates RGB/ToF=1.00/0.73 | frame change=0.0000 | truth angle FOV=False | RGB render volume=False | H/V angles=nan/nan deg | truth distance=inf m
[WARN] [1791463306.748814705] [front_tof_monitor]: USV RGB=True | TOF=False | active=front_rgb_only | range=nan m | depth ratio=0.00 | window rates RGB/ToF=1.00/0.78 | frame change=0.0000 | truth angle FOV=False | RGB render volume=False | H/V angles=nan/nan deg | truth distance=inf m
[INFO] [1791463306.848924160] [front_tof_monitor]: USV RGB=True | TOF=True | active=front_tof | range=6.72 m | depth ratio=1.00 | window rates RGB/ToF=1.00/0.78 | frame change=0.0000 | truth angle FOV=False | RGB render volume=False | H/V angles=nan/nan deg | truth distance=inf m
[WARN] [1791463306.948095399] [front_tof_monitor]: USV RGB=True | TOF=False | active=front_rgb_only | range=nan m | depth ratio=0.00 | window rates RGB/ToF=1.00/0.78 | frame change=0.0000 | truth angle FOV=False | RGB render volume=False | H/V angles=nan/nan deg | truth distance=inf m
[INFO] [1791463307.049195724] [front_tof_monitor]: USV RGB=True | TOF=True | active=front_tof | range=6.72 m | depth ratio=1.00 | window rates RGB/ToF=1.00/0.80 | frame change=0.0000 | truth angle FOV=False | RGB render volume=False | H/V angles=nan/nan deg | truth distance=inf m
[WARN] [1791463307.449089793] [front_tof_monitor]: USV RGB=True | TOF=False | active=front_rgb_only | range=nan m | depth ratio=0.00 | window rates RGB/ToF=1.00/0.80 | frame change=0.0000 | truth angle FOV=False | RGB render volume=False | H/V angles=nan/nan deg | truth distance=inf m
[INFO] [1791463307.749087528] [front_tof_monitor]: USV RGB=True | TOF=True | active=front_tof | range=6.72 m | depth ratio=1.00 | window rates RGB/ToF=1.00/0.82 | frame change=0.0000 | truth angle FOV=False | RGB render volume=False | H/V angles=nan/nan deg | truth distance=inf m
[WARN] [1791463307.850851153] [front_tof_monitor]: USV RGB=True | TOF=False | active=front_rgb_only | range=nan m | depth ratio=0.00 | window rates RGB/ToF=1.00/0.80 | frame change=0.0000 | truth angle FOV=False | RGB render volume=False | H/V angles=nan/nan deg | truth distance=inf m
[INFO] [1791463307.948881351] [front_tof_monitor]: USV RGB=True | TOF=True | active=front_tof | range=6.72 m | depth ratio=1.00 | window rates RGB/ToF=1.00/0.80 | frame change=0.0000 | truth angle FOV=False | RGB render volume=False | H/V angles=nan/nan deg | truth distance=inf m
[WARN] [1791463308.148361904] [front_tof_monitor]: USV RGB=True | TOF=False | active=front_rgb_only | range=nan m | depth ratio=0.00 | window rates RGB/ToF=1.00/0.78 | frame change=0.0000 | truth angle FOV=False | RGB render volume=False | H/V angles=nan/nan deg | truth distance=inf m
[INFO] [1791463308.248600886] [front_tof_monitor]: USV RGB=True | TOF=True | active=front_tof | range=6.72 m | depth ratio=1.00 | window rates RGB/ToF=1.00/0.78 | frame change=0.0000 | truth angle FOV=False | RGB render volume=False | H/V angles=nan/nan deg | truth distance=inf m
[WARN] [1791463308.348714961] [front_tof_monitor]: USV RGB=True | TOF=False | active=front_rgb_only | range=nan m | depth ratio=0.00 | window rates RGB/ToF=1.00/0.78 | frame change=0.0000 | truth angle FOV=False | RGB render volume=False | H/V angles=nan/nan deg | truth distance=inf m
[INFO] [1791463308.448849334] [front_tof_monitor]: USV RGB=True | TOF=True | active=front_tof | range=6.72 m | depth ratio=1.00 | window rates RGB/ToF=1.00/0.78 | frame change=0.0000 | truth angle FOV=False | RGB render volume=False | H/V angles=nan/nan deg | truth distance=inf m
[WARN] [1791463309.048352973] [front_tof_monitor]: USV RGB=True | TOF=False | active=front_rgb_only | range=nan m | depth ratio=0.00 | window rates RGB/ToF=1.00/0.76 | frame change=0.0000 | truth angle FOV=False | RGB render volume=False | H/V angles=nan/nan deg | truth distance=inf m
[INFO] [1791463309.648566397] [front_tof_monitor]: USV RGB=True | TOF=True | active=front_tof | range=6.72 m | depth ratio=1.00 | window rates RGB/ToF=1.00/0.66 | frame change=0.0000 | truth angle FOV=False | RGB render volume=False | H/V angles=nan/nan deg | truth distance=inf m
[WARN] [1791463309.748286212] [front_tof_monitor]: USV RGB=True | TOF=False | active=front_rgb_only | range=nan m | depth ratio=0.00 | window rates RGB/ToF=1.00/0.65 | frame change=0.0000 | truth angle FOV=False | RGB render volume=False | H/V angles=nan/nan deg | truth distance=inf m
[INFO] [1791463309.848418936] [front_tof_monitor]: USV RGB=True | TOF=True | active=front_tof | range=6.72 m | depth ratio=1.00 | window rates RGB/ToF=1.00/0.65 | frame change=0.0000 | truth angle FOV=False | RGB render volume=False | H/V angles=nan/nan deg | truth distance=inf m
[WARN] [1791463313.648338194] [front_tof_monitor]: USV RGB=True | TOF=False | active=front_rgb_only | range=nan m | depth ratio=0.00 | window rates RGB/ToF=1.00/0.84 | frame change=0.0000 | truth angle FOV=False | RGB render volume=False | H/V angles=nan/nan deg | truth distance=inf m
[INFO] [1791463313.749663049] [front_tof_monitor]: USV RGB=True | TOF=True | active=front_tof | range=6.72 m | depth ratio=1.00 | window rates RGB/ToF=1.00/0.84 | frame change=0.0000 | truth angle FOV=False | RGB render volume=False | H/V angles=nan/nan deg | truth distance=inf m
[WARN] [1791463323.048948445] [front_tof_monitor]: USV RGB=True | TOF=False | active=front_rgb_only | range=nan m | depth ratio=0.00 | window rates RGB/ToF=1.00/0.98 | frame change=0.0000 | truth angle FOV=False | RGB render volume=False | H/V angles=nan/nan deg | truth distance=inf m
[INFO] [1791463323.150365697] [front_tof_monitor]: USV RGB=True | TOF=True | active=front_tof | range=6.72 m | depth ratio=1.00 | window rates RGB/ToF=1.00/0.98 | frame change=0.0000 | truth angle FOV=False | RGB render volume=False | H/V angles=nan/nan deg | truth distance=inf m
[WARN] [1791463323.749941613] [front_tof_monitor]: USV RGB=True | TOF=False | active=front_rgb_only | range=nan m | depth ratio=0.00 | window rates RGB/ToF=1.00/0.96 | frame change=0.0000 | truth angle FOV=False | RGB render volume=False | H/V angles=nan/nan deg | truth distance=inf m
[INFO] [1791463323.849606261] [front_tof_monitor]: USV RGB=True | TOF=True | active=front_tof | range=6.72 m | depth ratio=1.00 | window rates RGB/ToF=1.00/0.96 | frame change=0.0000 | truth angle FOV=False | RGB render volume=False | H/V angles=nan/nan deg | truth distance=inf m
[WARN] [1791463325.548177582] [front_tof_monitor]: USV RGB=True | TOF=False | active=front_rgb_only | range=nan m | depth ratio=0.00 | window rates RGB/ToF=1.00/0.94 | frame change=0.0000 | truth angle FOV=False | RGB render volume=False | H/V angles=nan/nan deg | truth distance=inf m
[INFO] [1791463325.650021159] [front_tof_monitor]: USV RGB=True | TOF=True | active=front_tof | range=6.72 m | depth ratio=1.00 | window rates RGB/ToF=1.00/0.94 | frame change=0.0000 | truth angle FOV=False | RGB render volume=False | H/V angles=nan/nan deg | truth distance=inf m
[WARN] [1791463325.748702897] [front_tof_monitor]: USV RGB=True | TOF=False | active=front_rgb_only | range=nan m | depth ratio=0.00 | window rates RGB/ToF=1.00/0.92 | frame change=0.0000 | truth angle FOV=False | RGB render volume=False | H/V angles=nan/nan deg | truth distance=inf m
[INFO] [1791463325.849696702] [front_tof_monitor]: USV RGB=True | TOF=True | active=front_tof | range=6.72 m | depth ratio=1.00 | window rates RGB/ToF=1.00/0.92 | frame change=0.0000 | truth angle FOV=False | RGB render volume=False | H/V angles=nan/nan deg | truth distance=inf m
[WARN] [1791463327.849314055] [front_tof_monitor]: USV RGB=True | TOF=False | active=front_rgb_only | range=nan m | depth ratio=0.00 | window rates RGB/ToF=1.00/0.90 | frame change=0.0000 | truth angle FOV=False | RGB render volume=False | H/V angles=nan/nan deg | truth distance=inf m
[INFO] [1791463327.948607885] [front_tof_monitor]: USV RGB=True | TOF=True | active=front_tof | range=6.72 m | depth ratio=1.00 | window rates RGB/ToF=1.00/0.90 | frame change=0.0000 | truth angle FOV=False | RGB render volume=False | H/V angles=nan/nan deg | truth distance=inf m
[WARN] [1791463328.349539399] [front_tof_monitor]: USV RGB=True | TOF=False | active=front_rgb_only | range=nan m | depth ratio=0.00 | window rates RGB/ToF=1.00/0.90 | frame change=0.0000 | truth angle FOV=False | RGB render volume=False | H/V angles=nan/nan deg | truth distance=inf m
[INFO] [1791463328.448411793] [front_tof_monitor]: USV RGB=True | TOF=True | active=front_tof | range=6.72 m | depth ratio=1.00 | window rates RGB/ToF=1.00/0.90 | frame change=0.0000 | truth angle FOV=False | RGB render volume=False | H/V angles=nan/nan deg | truth distance=inf m
[WARN] [1791463328.548519128] [front_tof_monitor]: USV RGB=True | TOF=False | active=front_rgb_only | range=nan m | depth ratio=0.00 | window rates RGB/ToF=1.00/0.88 | frame change=0.0000 | truth angle FOV=False | RGB render volume=False | H/V angles=nan/nan deg | truth distance=inf m
[INFO] [1791463328.649104029] [front_tof_monitor]: USV RGB=True | TOF=True | active=front_tof | range=6.72 m | depth ratio=1.00 | window rates RGB/ToF=1.00/0.88 | frame change=0.0000 | truth angle FOV=False | RGB render volume=False | H/V angles=nan/nan deg | truth distance=inf m
[WARN] [1791463328.750623564] [front_tof_monitor]: USV RGB=True | TOF=False | active=front_rgb_only | range=nan m | depth ratio=0.00 | window rates RGB/ToF=1.00/0.88 | frame change=0.0000 | truth angle FOV=False | RGB render volume=False | H/V angles=nan/nan deg | truth distance=inf m
[INFO] [1791463328.853610161] [front_tof_monitor]: USV RGB=True | TOF=True | active=front_tof | range=6.72 m | depth ratio=1.00 | window rates RGB/ToF=1.00/0.88 | frame change=0.0000 | truth angle FOV=False | RGB render volume=False | H/V angles=nan/nan deg | truth distance=inf m
[WARN] [1791463328.948537088] [front_tof_monitor]: USV RGB=True | TOF=False | active=front_rgb_only | range=nan m | depth ratio=0.00 | window rates RGB/ToF=1.00/0.86 | frame change=0.0000 | truth angle FOV=False | RGB render volume=False | H/V angles=nan/nan deg | truth distance=inf m
[INFO] [1791463329.550672994] [front_tof_monitor]: USV RGB=True | TOF=True | active=front_tof | range=6.72 m | depth ratio=1.00 | window rates RGB/ToF=1.00/0.76 | frame change=0.0000 | truth angle FOV=False | RGB render volume=False | H/V angles=nan/nan deg | truth distance=inf m
[WARN] [1791463329.749064485] [front_tof_monitor]: USV RGB=True | TOF=False | active=front_rgb_only | range=nan m | depth ratio=0.00 | window rates RGB/ToF=1.00/0.74 | frame change=0.0000 | truth angle FOV=False | RGB render volume=False | H/V angles=nan/nan deg | truth distance=inf m
[INFO] [1791463329.850541513] [front_tof_monitor]: USV RGB=True | TOF=True | active=front_tof | range=6.72 m | depth ratio=1.00 | window rates RGB/ToF=1.00/0.75 | frame change=0.0000 | truth angle FOV=False | RGB render volume=False | H/V angles=nan/nan deg | truth distance=inf m
[WARN] [1791463329.948081250] [front_tof_monitor]: USV RGB=True | TOF=False | active=front_rgb_only | range=nan m | depth ratio=0.00 | window rates RGB/ToF=1.00/0.73 | frame change=0.0000 | truth angle FOV=False | RGB render volume=False | H/V angles=nan/nan deg | truth distance=inf m
[INFO] [1791463330.048421890] [front_tof_monitor]: USV RGB=True | TOF=True | active=front_tof | range=6.72 m | depth ratio=1.00 | window rates RGB/ToF=1.00/0.73 | frame change=0.0000 | truth angle FOV=False | RGB render volume=False | H/V angles=nan/nan deg | truth distance=inf m
[WARN] [1791463331.150038068] [front_tof_monitor]: USV RGB=True | TOF=False | active=front_rgb_only | range=nan m | depth ratio=0.00 | window rates RGB/ToF=1.00/0.74 | frame change=0.0000 | truth angle FOV=False | RGB render volume=False | H/V angles=nan/nan deg | truth distance=inf m
[INFO] [1791463331.248479975] [front_tof_monitor]: USV RGB=True | TOF=True | active=front_tof | range=6.72 m | depth ratio=1.00 | window rates RGB/ToF=1.00/0.75 | frame change=0.0000 | truth angle FOV=False | RGB render volume=False | H/V angles=nan/nan deg | truth distance=inf m
[WARN] [1791463340.248209731] [front_tof_monitor]: USV RGB=True | TOF=False | active=front_rgb_only | range=nan m | depth ratio=0.00 | window rates RGB/ToF=1.00/0.98 | frame change=0.0000 | truth angle FOV=False | RGB render volume=False | H/V angles=nan/nan deg | truth distance=inf m
[INFO] [1791463340.349860392] [front_tof_monitor]: USV RGB=True | TOF=True | active=front_tof | range=6.72 m | depth ratio=1.00 | window rates RGB/ToF=1.00/0.98 | frame change=0.0000 | truth angle FOV=False | RGB render volume=False | H/V angles=nan/nan deg | truth distance=inf m
[WARN] [1791463340.748288475] [front_tof_monitor]: USV RGB=True | TOF=False | active=front_rgb_only | range=nan m | depth ratio=0.00 | window rates RGB/ToF=1.00/0.96 | frame change=0.0000 | truth angle FOV=False | RGB render volume=False | H/V angles=nan/nan deg | truth distance=inf m
[INFO] [1791463340.848402314] [front_tof_monitor]: USV RGB=True | TOF=True | active=front_tof | range=6.72 m | depth ratio=1.00 | window rates RGB/ToF=1.00/0.96 | frame change=0.0000 | truth angle FOV=False | RGB render volume=False | H/V angles=nan/nan deg | truth distance=inf m
[WARN] [1791463340.948235970] [front_tof_monitor]: USV RGB=True | TOF=False | active=front_rgb_only | range=nan m | depth ratio=0.00 | window rates RGB/ToF=1.00/0.94 | frame change=0.0000 | truth angle FOV=False | RGB render volume=False | H/V angles=nan/nan deg | truth distance=inf m
[INFO] [1791463341.050223277] [front_tof_monitor]: USV RGB=True | TOF=True | active=front_tof | range=6.72 m | depth ratio=1.00 | window rates RGB/ToF=1.00/0.94 | frame change=0.0000 | truth angle FOV=False | RGB render volume=False | H/V angles=nan/nan deg | truth distance=inf m
[WARN] [1791463343.949874457] [front_tof_monitor]: USV RGB=True | TOF=False | active=front_rgb_only | range=nan m | depth ratio=0.00 | window rates RGB/ToF=1.00/0.92 | frame change=0.0000 | truth angle FOV=False | RGB render volume=False | H/V angles=nan/nan deg | truth distance=inf m
[INFO] [1791463344.052043857] [front_tof_monitor]: USV RGB=True | TOF=True | active=front_tof | range=6.72 m | depth ratio=1.00 | window rates RGB/ToF=1.00/0.92 | frame change=0.0000 | truth angle FOV=False | RGB render volume=False | H/V angles=nan/nan deg | truth distance=inf m
[WARN] [1791463345.152352145] [front_tof_monitor]: USV RGB=True | TOF=False | active=front_rgb_only | range=nan m | depth ratio=0.00 | window rates RGB/ToF=1.00/0.90 | frame change=0.0000 | truth angle FOV=False | RGB render volume=False | H/V angles=nan/nan deg | truth distance=inf m
[INFO] [1791463345.248632163] [front_tof_monitor]: USV RGB=True | TOF=True | active=front_tof | range=6.72 m | depth ratio=1.00 | window rates RGB/ToF=1.00/0.90 | frame change=0.0000 | truth angle FOV=False | RGB render volume=False | H/V angles=nan/nan deg | truth distance=inf m
[WARN] [1791463346.250753858] [front_tof_monitor]: USV RGB=True | TOF=False | active=front_rgb_only | range=nan m | depth ratio=0.00 | window rates RGB/ToF=1.00/0.94 | frame change=0.0000 | truth angle FOV=False | RGB render volume=False | H/V angles=nan/nan deg | truth distance=inf m
[INFO] [1791463346.350193261] [front_tof_monitor]: USV RGB=True | TOF=True | active=front_tof | range=6.72 m | depth ratio=1.00 | window rates RGB/ToF=1.00/0.94 | frame change=0.0000 | truth angle FOV=False | RGB render volume=False | H/V angles=nan/nan deg | truth distance=inf m
[WARN] [1791463353.250313804] [front_tof_monitor]: USV RGB=True | TOF=False | active=front_rgb_only | range=nan m | depth ratio=0.00 | window rates RGB/ToF=1.00/0.98 | frame change=0.0000 | truth angle FOV=False | RGB render volume=False | H/V angles=nan/nan deg | truth distance=inf m
[INFO] [1791463353.350647540] [front_tof_monitor]: USV RGB=True | TOF=True | active=front_tof | range=6.72 m | depth ratio=1.00 | window rates RGB/ToF=1.00/0.98 | frame change=0.0000 | truth angle FOV=False | RGB render volume=False | H/V angles=nan/nan deg | truth distance=inf m
[WARN] [1791463355.449869104] [front_tof_monitor]: USV RGB=True | TOF=False | active=front_rgb_only | range=nan m | depth ratio=0.00 | window rates RGB/ToF=1.00/0.96 | frame change=0.0000 | truth angle FOV=False | RGB render volume=False | H/V angles=nan/nan deg | truth distance=inf m
[INFO] [1791463355.548501387] [front_tof_monitor]: USV RGB=True | TOF=True | active=front_tof | range=6.72 m | depth ratio=1.00 | window rates RGB/ToF=1.00/0.96 | frame change=0.0000 | truth angle FOV=False | RGB render volume=False | H/V angles=nan/nan deg | truth distance=inf m
[WARN] [1791463358.048348913] [front_tof_monitor]: USV RGB=True | TOF=False | active=front_rgb_only | range=nan m | depth ratio=0.00 | window rates RGB/ToF=1.00/0.94 | frame change=0.0000 | truth angle FOV=False | RGB render volume=False | H/V angles=nan/nan deg | truth distance=inf m
[INFO] [1791463358.149955104] [front_tof_monitor]: USV RGB=True | TOF=True | active=front_tof | range=6.72 m | depth ratio=1.00 | window rates RGB/ToF=1.00/0.94 | frame change=0.0000 | truth angle FOV=False | RGB render volume=False | H/V angles=nan/nan deg | truth distance=inf m
[WARN] [1791463358.248761565] [front_tof_monitor]: USV RGB=True | TOF=False | active=front_rgb_only | range=nan m | depth ratio=0.00 | window rates RGB/ToF=1.00/0.92 | frame change=0.0000 | truth angle FOV=False | RGB render volume=False | H/V angles=nan/nan deg | truth distance=inf m
[INFO] [1791463358.352431322] [front_tof_monitor]: USV RGB=True | TOF=True | active=front_tof | range=6.72 m | depth ratio=1.00 | window rates RGB/ToF=1.00/0.94 | frame change=0.0000 | truth angle FOV=False | RGB render volume=False | H/V angles=nan/nan deg | truth distance=inf m
[WARN] [1791463358.750591851] [front_tof_monitor]: USV RGB=True | TOF=False | active=front_rgb_only | range=nan m | depth ratio=0.00 | window rates RGB/ToF=1.00/0.92 | frame change=0.0000 | truth angle FOV=False | RGB render volume=False | H/V angles=nan/nan deg | truth distance=inf m
[INFO] [1791463358.849920840] [front_tof_monitor]: USV RGB=True | TOF=True | active=front_tof | range=6.72 m | depth ratio=1.00 | window rates RGB/ToF=1.00/0.92 | frame change=0.0000 | truth angle FOV=False | RGB render volume=False | H/V angles=nan/nan deg | truth distance=inf m
[WARN] [1791463358.948118231] [front_tof_monitor]: USV RGB=True | TOF=False | active=front_rgb_only | range=nan m | depth ratio=0.00 | window rates RGB/ToF=1.00/0.90 | frame change=0.0000 | truth angle FOV=False | RGB render volume=False | H/V angles=nan/nan deg | truth distance=inf m
[INFO] [1791463359.048976097] [front_tof_monitor]: USV RGB=True | TOF=True | active=front_tof | range=6.72 m | depth ratio=1.00 | window rates RGB/ToF=1.00/0.90 | frame change=0.0000 | truth angle FOV=False | RGB render volume=False | H/V angles=nan/nan deg | truth distance=inf m
[WARN] [1791463362.749361995] [front_tof_monitor]: USV RGB=True | TOF=False | active=front_rgb_only | range=nan m | depth ratio=0.00 | window rates RGB/ToF=1.00/0.90 | frame change=0.0000 | truth angle FOV=False | RGB render volume=False | H/V angles=nan/nan deg | truth distance=inf m
[INFO] [1791463362.849125535] [front_tof_monitor]: USV RGB=True | TOF=True | active=front_tof | range=6.72 m | depth ratio=1.00 | window rates RGB/ToF=1.00/0.90 | frame change=0.0000 | truth angle FOV=False | RGB render volume=False | H/V angles=nan/nan deg | truth distance=inf m
[WARN] [1791463363.454874750] [front_tof_monitor]: USV RGB=True | TOF=False | active=front_rgb_only | range=nan m | depth ratio=0.00 | window rates RGB/ToF=1.00/0.92 | frame change=0.0000 | truth angle FOV=False | RGB render volume=False | H/V angles=nan/nan deg | truth distance=inf m
[INFO] [1791463363.550702842] [front_tof_monitor]: USV RGB=True | TOF=True | active=front_tof | range=6.72 m | depth ratio=1.00 | window rates RGB/ToF=1.00/0.92 | frame change=0.0000 | truth angle FOV=False | RGB render volume=False | H/V angles=nan/nan deg | truth distance=inf m
[WARN] [1791463363.650305038] [front_tof_monitor]: USV RGB=True | TOF=False | active=front_rgb_only | range=nan m | depth ratio=0.00 | window rates RGB/ToF=1.00/0.90 | frame change=0.0000 | truth angle FOV=False | RGB render volume=False | H/V angles=nan/nan deg | truth distance=inf m
[INFO] [1791463363.749582687] [front_tof_monitor]: USV RGB=True | TOF=True | active=front_tof | range=6.72 m | depth ratio=1.00 | window rates RGB/ToF=1.00/0.92 | frame change=0.0000 | truth angle FOV=False | RGB render volume=False | H/V angles=nan/nan deg | truth distance=inf m
[WARN] [1791463364.352979724] [front_tof_monitor]: USV RGB=True | TOF=False | active=front_rgb_only | range=nan m | depth ratio=0.00 | window rates RGB/ToF=1.00/0.92 | frame change=0.0000 | truth angle FOV=False | RGB render volume=False | H/V angles=nan/nan deg | truth distance=inf m
[INFO] [1791463364.454329624] [front_tof_monitor]: USV RGB=True | TOF=True | active=front_tof | range=6.72 m | depth ratio=1.00 | window rates RGB/ToF=1.00/0.92 | frame change=0.0000 | truth angle FOV=False | RGB render volume=False | H/V angles=nan/nan deg | truth distance=inf m
[WARN] [1791463366.349800428] [front_tof_monitor]: USV RGB=True | TOF=False | active=front_rgb_only | range=nan m | depth ratio=0.00 | window rates RGB/ToF=1.00/0.90 | frame change=0.0000 | truth angle FOV=False | RGB render volume=False | H/V angles=nan/nan deg | truth distance=inf m
[INFO] [1791463366.452903678] [front_tof_monitor]: USV RGB=True | TOF=True | active=front_tof | range=6.72 m | depth ratio=1.00 | window rates RGB/ToF=1.00/0.90 | frame change=0.0000 | truth angle FOV=False | RGB render volume=False | H/V angles=nan/nan deg | truth distance=inf m
[WARN] [1791463367.448581556] [front_tof_monitor]: USV RGB=True | TOF=False | active=front_rgb_only | range=nan m | depth ratio=0.00 | window rates RGB/ToF=1.00/0.88 | frame change=0.0000 | truth angle FOV=False | RGB render volume=False | H/V angles=nan/nan deg | truth distance=inf m
[INFO] [1791463367.548846159] [front_tof_monitor]: USV RGB=True | TOF=True | active=front_tof | range=6.72 m | depth ratio=1.00 | window rates RGB/ToF=1.00/0.88 | frame change=0.0000 | truth angle FOV=False | RGB render volume=False | H/V angles=nan/nan deg | truth distance=inf m
[WARN] [1791463367.648527974] [front_tof_monitor]: USV RGB=True | TOF=False | active=front_rgb_only | range=nan m | depth ratio=0.00 | window rates RGB/ToF=1.00/0.86 | frame change=0.0000 | truth angle FOV=False | RGB render volume=False | H/V angles=nan/nan deg | truth distance=inf m
[INFO] [1791463367.748882569] [front_tof_monitor]: USV RGB=True | TOF=True | active=front_tof | range=6.72 m | depth ratio=1.00 | window rates RGB/ToF=1.00/0.86 | frame change=0.0000 | truth angle FOV=False | RGB render volume=False | H/V angles=nan/nan deg | truth distance=inf m
[WARN] [1791463373.148770286] [front_tof_monitor]: USV RGB=True | TOF=False | active=front_rgb_only | range=nan m | depth ratio=0.00 | window rates RGB/ToF=1.00/0.98 | frame change=0.0000 | truth angle FOV=False | RGB render volume=False | H/V angles=nan/nan deg | truth distance=inf m
[INFO] [1791463373.249595923] [front_tof_monitor]: USV RGB=True | TOF=True | active=front_tof | range=6.72 m | depth ratio=1.00 | window rates RGB/ToF=1.00/0.98 | frame change=0.0000 | truth angle FOV=False | RGB render volume=False | H/V angles=nan/nan deg | truth distance=inf m
[WARN] [1791463376.549038963] [front_tof_monitor]: USV RGB=True | TOF=False | active=front_rgb_only | range=nan m | depth ratio=0.00 | window rates RGB/ToF=1.00/0.96 | frame change=0.0000 | truth angle FOV=False | RGB render volume=False | H/V angles=nan/nan deg | truth distance=inf m
[INFO] [1791463376.648686430] [front_tof_monitor]: USV RGB=True | TOF=True | active=front_tof | range=6.72 m | depth ratio=1.00 | window rates RGB/ToF=1.00/0.96 | frame change=0.0000 | truth angle FOV=False | RGB render volume=False | H/V angles=nan/nan deg | truth distance=inf m
[WARN] [1791463380.449210281] [front_tof_monitor]: USV RGB=True | TOF=False | active=front_rgb_only | range=nan m | depth ratio=0.00 | window rates RGB/ToF=1.00/0.96 | frame change=0.0000 | truth angle FOV=False | RGB render volume=False | H/V angles=nan/nan deg | truth distance=inf m
[INFO] [1791463380.550890297] [front_tof_monitor]: USV RGB=True | TOF=True | active=front_tof | range=6.72 m | depth ratio=1.00 | window rates RGB/ToF=1.00/0.96 | frame change=0.0000 | truth angle FOV=False | RGB render volume=False | H/V angles=nan/nan deg | truth distance=inf m
[WARN] [1791463382.551211630] [front_tof_monitor]: USV RGB=True | TOF=False | active=front_rgb_only | range=nan m | depth ratio=0.00 | window rates RGB/ToF=1.00/0.96 | frame change=0.0000 | truth angle FOV=False | RGB render volume=False | H/V angles=nan/nan deg | truth distance=inf m
[INFO] [1791463382.648244033] [front_tof_monitor]: USV RGB=True | TOF=True | active=front_tof | range=6.72 m | depth ratio=1.00 | window rates RGB/ToF=1.00/0.96 | frame change=0.0000 | truth angle FOV=False | RGB render volume=False | H/V angles=nan/nan deg | truth distance=inf m
[WARN] [1791463385.748799887] [front_tof_monitor]: USV RGB=True | TOF=False | active=front_rgb_only | range=nan m | depth ratio=0.00 | window rates RGB/ToF=1.00/0.96 | frame change=0.0000 | truth angle FOV=False | RGB render volume=False | H/V angles=nan/nan deg | truth distance=inf m
[INFO] [1791463385.848047829] [front_tof_monitor]: USV RGB=True | TOF=True | active=front_tof | range=6.72 m | depth ratio=1.00 | window rates RGB/ToF=1.00/0.96 | frame change=0.0000 | truth angle FOV=False | RGB render volume=False | H/V angles=nan/nan deg | truth distance=inf m
[WARN] [1791463386.447892428] [front_tof_monitor]: USV RGB=True | TOF=False | active=front_rgb_only | range=nan m | depth ratio=0.00 | window rates RGB/ToF=1.00/0.94 | frame change=0.0000 | truth angle FOV=False | RGB render volume=False | H/V angles=nan/nan deg | truth distance=inf m
[INFO] [1791463386.548057011] [front_tof_monitor]: USV RGB=True | TOF=True | active=front_tof | range=6.72 m | depth ratio=1.00 | window rates RGB/ToF=1.00/0.94 | frame change=0.0000 | truth angle FOV=False | RGB render volume=False | H/V angles=nan/nan deg | truth distance=inf m
[WARN] [1791463387.147892427] [front_tof_monitor]: USV RGB=True | TOF=False | active=front_rgb_only | range=nan m | depth ratio=0.00 | window rates RGB/ToF=1.00/0.92 | frame change=0.0000 | truth angle FOV=False | RGB render volume=False | H/V angles=nan/nan deg | truth distance=inf m
[INFO] [1791463387.248910074] [front_tof_monitor]: USV RGB=True | TOF=True | active=front_tof | range=6.72 m | depth ratio=1.00 | window rates RGB/ToF=1.00/0.92 | frame change=0.0000 | truth angle FOV=False | RGB render volume=False | H/V angles=nan/nan deg | truth distance=inf m
[WARN] [1791463387.348579250] [front_tof_monitor]: USV RGB=True | TOF=False | active=front_rgb_only | range=nan m | depth ratio=0.00 | window rates RGB/ToF=1.00/0.90 | frame change=0.0000 | truth angle FOV=False | RGB render volume=False | H/V angles=nan/nan deg | truth distance=inf m
[INFO] [1791463387.548178903] [front_tof_monitor]: USV RGB=True | TOF=True | active=front_tof | range=6.72 m | depth ratio=1.00 | window rates RGB/ToF=1.00/0.88 | frame change=0.0000 | truth angle FOV=False | RGB render volume=False | H/V angles=nan/nan deg | truth distance=inf m
[WARN] [1791463387.948440958] [front_tof_monitor]: USV RGB=True | TOF=False | active=front_rgb_only | range=nan m | depth ratio=0.00 | window rates RGB/ToF=1.00/0.88 | frame change=0.0000 | truth angle FOV=False | RGB render volume=False | H/V angles=nan/nan deg | truth distance=inf m
[INFO] [1791463388.348661680] [front_tof_monitor]: USV RGB=True | TOF=True | active=front_tof | range=6.72 m | depth ratio=1.00 | window rates RGB/ToF=1.00/0.82 | frame change=0.0000 | truth angle FOV=False | RGB render volume=False | H/V angles=nan/nan deg | truth distance=inf m
[WARN] [1791463388.748418434] [front_tof_monitor]: USV RGB=True | TOF=False | active=front_rgb_only | range=nan m | depth ratio=0.00 | window rates RGB/ToF=1.00/0.80 | frame change=0.0000 | truth angle FOV=False | RGB render volume=False | H/V angles=nan/nan deg | truth distance=inf m
[INFO] [1791463389.048023026] [front_tof_monitor]: USV RGB=True | TOF=True | active=front_tof | range=6.72 m | depth ratio=1.00 | window rates RGB/ToF=1.00/0.76 | frame change=0.0000 | truth angle FOV=False | RGB render volume=False | H/V angles=nan/nan deg | truth distance=inf m
[WARN] [1791463389.249485067] [front_tof_monitor]: USV RGB=True | TOF=False | active=front_rgb_only | range=nan m | depth ratio=0.00 | window rates RGB/ToF=1.00/0.74 | frame change=0.0000 | truth angle FOV=False | RGB render volume=False | H/V angles=nan/nan deg | truth distance=inf m
[INFO] [1791463389.348702530] [front_tof_monitor]: USV RGB=True | TOF=True | active=front_tof | range=6.72 m | depth ratio=1.00 | window rates RGB/ToF=1.00/0.74 | frame change=0.0000 | truth angle FOV=False | RGB render volume=False | H/V angles=nan/nan deg | truth distance=inf m
[WARN] [1791463389.448884174] [front_tof_monitor]: USV RGB=True | TOF=False | active=front_rgb_only | range=nan m | depth ratio=0.00 | window rates RGB/ToF=1.00/0.72 | frame change=0.0000 | truth angle FOV=False | RGB render volume=False | H/V angles=nan/nan deg | truth distance=inf m
[INFO] [1791463389.548670866] [front_tof_monitor]: USV RGB=True | TOF=True | active=front_tof | range=6.72 m | depth ratio=1.00 | window rates RGB/ToF=1.00/0.72 | frame change=0.0000 | truth angle FOV=False | RGB render volume=False | H/V angles=nan/nan deg | truth distance=inf m
[WARN] [1791463392.650370558] [front_tof_monitor]: USV RGB=True | TOF=False | active=front_rgb_only | range=nan m | depth ratio=0.00 | window rates RGB/ToF=1.00/0.80 | frame change=0.0000 | truth angle FOV=False | RGB render volume=False | H/V angles=nan/nan deg | truth distance=inf m
[INFO] [1791463392.748427949] [front_tof_monitor]: USV RGB=True | TOF=True | active=front_tof | range=6.72 m | depth ratio=1.00 | window rates RGB/ToF=1.00/0.80 | frame change=0.0000 | truth angle FOV=False | RGB render volume=False | H/V angles=nan/nan deg | truth distance=inf m
[WARN] [1791463392.848110880] [front_tof_monitor]: USV RGB=True | TOF=False | active=front_rgb_only | range=nan m | depth ratio=0.00 | window rates RGB/ToF=1.00/0.78 | frame change=0.0000 | truth angle FOV=False | RGB render volume=False | H/V angles=nan/nan deg | truth distance=inf m
[INFO] [1791463392.948790250] [front_tof_monitor]: USV RGB=True | TOF=True | active=front_tof | range=6.72 m | depth ratio=1.00 | window rates RGB/ToF=1.00/0.80 | frame change=0.0000 | truth angle FOV=False | RGB render volume=False | H/V angles=nan/nan deg | truth distance=inf m
[WARN] [1791463393.048761650] [front_tof_monitor]: USV RGB=True | TOF=False | active=front_rgb_only | range=nan m | depth ratio=0.00 | window rates RGB/ToF=1.00/0.78 | frame change=0.0000 | truth angle FOV=False | RGB render volume=False | H/V angles=nan/nan deg | truth distance=inf m
[INFO] [1791463393.148186257] [front_tof_monitor]: USV RGB=True | TOF=True | active=front_tof | range=6.72 m | depth ratio=1.00 | window rates RGB/ToF=1.00/0.82 | frame change=0.0000 | truth angle FOV=False | RGB render volume=False | H/V angles=nan/nan deg | truth distance=inf m
[WARN] [1791463393.551415187] [front_tof_monitor]: USV RGB=True | TOF=False | active=front_rgb_only | range=nan m | depth ratio=0.00 | window rates RGB/ToF=1.00/0.82 | frame change=0.0000 | truth angle FOV=False | RGB render volume=False | H/V angles=nan/nan deg | truth distance=inf m
[INFO] [1791463393.648160316] [front_tof_monitor]: USV RGB=True | TOF=True | active=front_tof | range=6.72 m | depth ratio=1.00 | window rates RGB/ToF=1.00/0.82 | frame change=0.0000 | truth angle FOV=False | RGB render volume=False | H/V angles=nan/nan deg | truth distance=inf m
[WARN] [1791463393.749005017] [front_tof_monitor]: USV RGB=True | TOF=False | active=front_rgb_only | range=nan m | depth ratio=0.00 | window rates RGB/ToF=1.00/0.82 | frame change=0.0000 | truth angle FOV=False | RGB render volume=False | H/V angles=nan/nan deg | truth distance=inf m
[INFO] [1791463393.848192201] [front_tof_monitor]: USV RGB=True | TOF=True | active=front_tof | range=6.72 m | depth ratio=1.00 | window rates RGB/ToF=1.00/0.84 | frame change=0.0000 | truth angle FOV=False | RGB render volume=False | H/V angles=nan/nan deg | truth distance=inf m
[WARN] [1791463394.247974523] [front_tof_monitor]: USV RGB=True | TOF=False | active=front_rgb_only | range=nan m | depth ratio=0.00 | window rates RGB/ToF=1.00/0.84 | frame change=0.0000 | truth angle FOV=False | RGB render volume=False | H/V angles=nan/nan deg | truth distance=inf m
[INFO] [1791463394.748619745] [front_tof_monitor]: USV RGB=True | TOF=True | active=front_tof | range=6.72 m | depth ratio=1.00 | window rates RGB/ToF=1.00/0.80 | frame change=0.0000 | truth angle FOV=False | RGB render volume=False | H/V angles=nan/nan deg | truth distance=inf m
[WARN] [1791463394.948849254] [front_tof_monitor]: USV RGB=True | TOF=False | active=front_rgb_only | range=nan m | depth ratio=0.00 | window rates RGB/ToF=1.00/0.78 | frame change=0.0000 | truth angle FOV=False | RGB render volume=False | H/V angles=nan/nan deg | truth distance=inf m
[INFO] [1791463395.048875404] [front_tof_monitor]: USV RGB=True | TOF=True | active=front_tof | range=6.72 m | depth ratio=1.00 | window rates RGB/ToF=1.00/0.78 | frame change=0.0000 | truth angle FOV=False | RGB render volume=False | H/V angles=nan/nan deg | truth distance=inf m
[WARN] [1791463395.348004016] [front_tof_monitor]: USV RGB=True | TOF=False | active=front_rgb_only | range=nan m | depth ratio=0.00 | window rates RGB/ToF=1.00/0.76 | frame change=0.0000 | truth angle FOV=False | RGB render volume=False | H/V angles=nan/nan deg | truth distance=inf m
[INFO] [1791463395.448716486] [front_tof_monitor]: USV RGB=True | TOF=True | active=front_tof | range=6.72 m | depth ratio=1.00 | window rates RGB/ToF=1.00/0.76 | frame change=0.0000 | truth angle FOV=False | RGB render volume=False | H/V angles=nan/nan deg | truth distance=inf m
[WARN] [1791463395.849739308] [front_tof_monitor]: USV RGB=True | TOF=False | active=front_rgb_only | range=nan m | depth ratio=0.00 | window rates RGB/ToF=1.00/0.74 | frame change=0.0000 | truth angle FOV=False | RGB render volume=False | H/V angles=nan/nan deg | truth distance=inf m
[INFO] [1791463395.948663892] [front_tof_monitor]: USV RGB=True | TOF=True | active=front_tof | range=6.72 m | depth ratio=1.00 | window rates RGB/ToF=1.00/0.74 | frame change=0.0000 | truth angle FOV=False | RGB render volume=False | H/V angles=nan/nan deg | truth distance=inf m
[WARN] [1791463396.548452890] [front_tof_monitor]: USV RGB=True | TOF=False | active=front_rgb_only | range=nan m | depth ratio=0.00 | window rates RGB/ToF=1.00/0.73 | frame change=0.0000 | truth angle FOV=False | RGB render volume=False | H/V angles=nan/nan deg | truth distance=inf m
[INFO] [1791463396.649618712] [front_tof_monitor]: USV RGB=True | TOF=True | active=front_tof | range=6.72 m | depth ratio=1.00 | window rates RGB/ToF=1.00/0.72 | frame change=0.0000 | truth angle FOV=False | RGB render volume=False | H/V angles=nan/nan deg | truth distance=inf m
[WARN] [1791463397.749285631] [front_tof_monitor]: USV RGB=True | TOF=False | active=front_rgb_only | range=nan m | depth ratio=0.00 | window rates RGB/ToF=1.00/0.72 | frame change=0.0000 | truth angle FOV=False | RGB render volume=False | H/V angles=nan/nan deg | truth distance=inf m
[INFO] [1791463397.848007557] [front_tof_monitor]: USV RGB=True | TOF=True | active=front_tof | range=6.72 m | depth ratio=1.00 | window rates RGB/ToF=1.00/0.73 | frame change=0.0000 | truth angle FOV=False | RGB render volume=False | H/V angles=nan/nan deg | truth distance=inf m
[WARN] [1791463399.549741473] [front_tof_monitor]: USV RGB=True | TOF=False | active=front_rgb_only | range=nan m | depth ratio=0.00 | window rates RGB/ToF=1.00/0.86 | frame change=0.0000 | truth angle FOV=False | RGB render volume=False | H/V angles=nan/nan deg | truth distance=inf m
[INFO] [1791463399.648683268] [front_tof_monitor]: USV RGB=True | TOF=True | active=front_tof | range=6.72 m | depth ratio=1.00 | window rates RGB/ToF=1.00/0.86 | frame change=0.0000 | truth angle FOV=False | RGB render volume=False | H/V angles=nan/nan deg | truth distance=inf m
[WARN] [1791463400.448936814] [front_tof_monitor]: USV RGB=True | TOF=False | active=front_rgb_only | range=nan m | depth ratio=0.00 | window rates RGB/ToF=1.00/0.90 | frame change=0.0000 | truth angle FOV=False | RGB render volume=False | H/V angles=nan/nan deg | truth distance=inf m
[INFO] [1791463400.548679736] [front_tof_monitor]: USV RGB=True | TOF=True | active=front_tof | range=6.72 m | depth ratio=1.00 | window rates RGB/ToF=1.00/0.90 | frame change=0.0000 | truth angle FOV=False | RGB render volume=False | H/V angles=nan/nan deg | truth distance=inf m
[WARN] [1791463408.648764209] [front_tof_monitor]: USV RGB=True | TOF=False | active=front_rgb_only | range=nan m | depth ratio=0.00 | window rates RGB/ToF=1.00/0.98 | frame change=0.0000 | truth angle FOV=False | RGB render volume=False | H/V angles=nan/nan deg | truth distance=inf m
[INFO] [1791463408.748648168] [front_tof_monitor]: USV RGB=True | TOF=True | active=front_tof | range=6.72 m | depth ratio=1.00 | window rates RGB/ToF=1.00/0.98 | frame change=0.0000 | truth angle FOV=False | RGB render volume=False | H/V angles=nan/nan deg | truth distance=inf m
[WARN] [1791463408.847913043] [front_tof_monitor]: USV RGB=True | TOF=False | active=front_rgb_only | range=nan m | depth ratio=0.00 | window rates RGB/ToF=1.00/0.96 | frame change=0.0000 | truth angle FOV=False | RGB render volume=False | H/V angles=nan/nan deg | truth distance=inf m
[INFO] [1791463408.948134255] [front_tof_monitor]: USV RGB=True | TOF=True | active=front_tof | range=6.72 m | depth ratio=1.00 | window rates RGB/ToF=1.00/0.96 | frame change=0.0000 | truth angle FOV=False | RGB render volume=False | H/V angles=nan/nan deg | truth distance=inf m
[WARN] [1791463409.348059699] [front_tof_monitor]: USV RGB=True | TOF=False | active=front_rgb_only | range=nan m | depth ratio=0.00 | window rates RGB/ToF=1.00/0.94 | frame change=0.0000 | truth angle FOV=False | RGB render volume=False | H/V angles=nan/nan deg | truth distance=inf m
[INFO] [1791463409.848038774] [front_tof_monitor]: USV RGB=True | TOF=True | active=front_tof | range=6.72 m | depth ratio=1.00 | window rates RGB/ToF=1.00/0.86 | frame change=0.0000 | truth angle FOV=False | RGB render volume=False | H/V angles=nan/nan deg | truth distance=inf m
[WARN] [1791463410.248566500] [front_tof_monitor]: USV RGB=True | TOF=False | active=front_rgb_only | range=nan m | depth ratio=0.00 | window rates RGB/ToF=1.00/0.84 | frame change=0.0000 | truth angle FOV=False | RGB render volume=False | H/V angles=nan/nan deg | truth distance=inf m
[INFO] [1791463410.348148731] [front_tof_monitor]: USV RGB=True | TOF=True | active=front_tof | range=6.72 m | depth ratio=1.00 | window rates RGB/ToF=1.00/0.84 | frame change=0.0000 | truth angle FOV=False | RGB render volume=False | H/V angles=nan/nan deg | truth distance=inf m
[WARN] [1791463410.447945332] [front_tof_monitor]: USV RGB=True | TOF=False | active=front_rgb_only | range=nan m | depth ratio=0.00 | window rates RGB/ToF=1.00/0.82 | frame change=0.0000 | truth angle FOV=False | RGB render volume=False | H/V angles=nan/nan deg | truth distance=inf m
[INFO] [1791463410.548654599] [front_tof_monitor]: USV RGB=True | TOF=True | active=front_tof | range=6.72 m | depth ratio=1.00 | window rates RGB/ToF=1.00/0.82 | frame change=0.0000 | truth angle FOV=False | RGB render volume=False | H/V angles=nan/nan deg | truth distance=inf m
[WARN] [1791463410.948460015] [front_tof_monitor]: USV RGB=True | TOF=False | active=front_rgb_only | range=nan m | depth ratio=0.00 | window rates RGB/ToF=1.00/0.80 | frame change=0.0000 | truth angle FOV=False | RGB render volume=False | H/V angles=nan/nan deg | truth distance=inf m
[INFO] [1791463411.048724957] [front_tof_monitor]: USV RGB=True | TOF=True | active=front_tof | range=6.72 m | depth ratio=1.00 | window rates RGB/ToF=1.00/0.80 | frame change=0.0000 | truth angle FOV=False | RGB render volume=False | H/V angles=nan/nan deg | truth distance=inf m
[WARN] [1791463417.949863272] [front_tof_monitor]: USV RGB=True | TOF=False | active=front_rgb_only | range=nan m | depth ratio=0.00 | window rates RGB/ToF=1.00/0.98 | frame change=0.0000 | truth angle FOV=False | RGB render volume=False | H/V angles=nan/nan deg | truth distance=inf m
[INFO] [1791463418.048814603] [front_tof_monitor]: USV RGB=True | TOF=True | active=front_tof | range=6.72 m | depth ratio=1.00 | window rates RGB/ToF=1.00/0.98 | frame change=0.0000 | truth angle FOV=False | RGB render volume=False | H/V angles=nan/nan deg | truth distance=inf m
[WARN] [1791463418.148885012] [front_tof_monitor]: USV RGB=True | TOF=False | active=front_rgb_only | range=nan m | depth ratio=0.00 | window rates RGB/ToF=1.00/0.96 | frame change=0.0000 | truth angle FOV=False | RGB render volume=False | H/V angles=nan/nan deg | truth distance=inf m
[INFO] [1791463418.248701995] [front_tof_monitor]: USV RGB=True | TOF=True | active=front_tof | range=6.72 m | depth ratio=1.00 | window rates RGB/ToF=1.00/0.96 | frame change=0.0000 | truth angle FOV=False | RGB render volume=False | H/V angles=nan/nan deg | truth distance=inf m
[WARN] [1791463420.047906211] [front_tof_monitor]: USV RGB=True | TOF=False | active=front_rgb_only | range=nan m | depth ratio=0.00 | window rates RGB/ToF=1.00/0.94 | frame change=0.0000 | truth angle FOV=False | RGB render volume=False | H/V angles=nan/nan deg | truth distance=inf m
[INFO] [1791463420.148588388] [front_tof_monitor]: USV RGB=True | TOF=True | active=front_tof | range=6.72 m | depth ratio=1.00 | window rates RGB/ToF=1.00/0.94 | frame change=0.0000 | truth angle FOV=False | RGB render volume=False | H/V angles=nan/nan deg | truth distance=inf m
[WARN] [1791463420.548185162] [front_tof_monitor]: USV RGB=True | TOF=False | active=front_rgb_only | range=nan m | depth ratio=0.00 | window rates RGB/ToF=1.00/0.92 | frame change=0.0000 | truth angle FOV=False | RGB render volume=False | H/V angles=nan/nan deg | truth distance=inf m
[INFO] [1791463420.648268626] [front_tof_monitor]: USV RGB=True | TOF=True | active=front_tof | range=6.72 m | depth ratio=1.00 | window rates RGB/ToF=1.00/0.92 | frame change=0.0000 | truth angle FOV=False | RGB render volume=False | H/V angles=nan/nan deg | truth distance=inf m
[WARN] [1791463420.748667112] [front_tof_monitor]: USV RGB=True | TOF=False | active=front_rgb_only | range=nan m | depth ratio=0.00 | window rates RGB/ToF=1.00/0.90 | frame change=0.0000 | truth angle FOV=False | RGB render volume=False | H/V angles=nan/nan deg | truth distance=inf m
[INFO] [1791463420.848790871] [front_tof_monitor]: USV RGB=True | TOF=True | active=front_tof | range=6.72 m | depth ratio=1.00 | window rates RGB/ToF=1.00/0.90 | frame change=0.0000 | truth angle FOV=False | RGB render volume=False | H/V angles=nan/nan deg | truth distance=inf m
[WARN] [1791463421.047885894] [front_tof_monitor]: USV RGB=True | TOF=False | active=front_rgb_only | range=nan m | depth ratio=0.00 | window rates RGB/ToF=1.00/0.88 | frame change=0.0000 | truth angle FOV=False | RGB render volume=False | H/V angles=nan/nan deg | truth distance=inf m
[INFO] [1791463421.148697030] [front_tof_monitor]: USV RGB=True | TOF=True | active=front_tof | range=6.72 m | depth ratio=1.00 | window rates RGB/ToF=1.00/0.88 | frame change=0.0000 | truth angle FOV=False | RGB render volume=False | H/V angles=nan/nan deg | truth distance=inf m
[WARN] [1791463421.247908702] [front_tof_monitor]: USV RGB=True | TOF=False | active=front_rgb_only | range=nan m | depth ratio=0.00 | window rates RGB/ToF=1.00/0.86 | frame change=0.0000 | truth angle FOV=False | RGB render volume=False | H/V angles=nan/nan deg | truth distance=inf m
[INFO] [1791463421.349112011] [front_tof_monitor]: USV RGB=True | TOF=True | active=front_tof | range=6.72 m | depth ratio=1.00 | window rates RGB/ToF=1.00/0.86 | frame change=0.0000 | truth angle FOV=False | RGB render volume=False | H/V angles=nan/nan deg | truth distance=inf m
[WARN] [1791463421.448541456] [front_tof_monitor]: USV RGB=True | TOF=False | active=front_rgb_only | range=nan m | depth ratio=0.00 | window rates RGB/ToF=1.00/0.84 | frame change=0.0000 | truth angle FOV=False | RGB render volume=False | H/V angles=nan/nan deg | truth distance=inf m
[INFO] [1791463421.548760040] [front_tof_monitor]: USV RGB=True | TOF=True | active=front_tof | range=6.72 m | depth ratio=1.00 | window rates RGB/ToF=1.00/0.84 | frame change=0.0000 | truth angle FOV=False | RGB render volume=False | H/V angles=nan/nan deg | truth distance=inf m
[WARN] [1791463423.949503908] [front_tof_monitor]: USV RGB=True | TOF=False | active=front_rgb_only | range=nan m | depth ratio=0.00 | window rates RGB/ToF=1.00/0.86 | frame change=0.0000 | truth angle FOV=False | RGB render volume=False | H/V angles=nan/nan deg | truth distance=inf m
[INFO] [1791463424.048444283] [front_tof_monitor]: USV RGB=True | TOF=True | active=front_tof | range=6.72 m | depth ratio=1.00 | window rates RGB/ToF=1.00/0.86 | frame change=0.0000 | truth angle FOV=False | RGB render volume=False | H/V angles=nan/nan deg | truth distance=inf m
[WARN] [1791463426.047843364] [front_tof_monitor]: USV RGB=True | TOF=False | active=front_rgb_only | range=nan m | depth ratio=0.00 | window rates RGB/ToF=1.00/0.90 | frame change=0.0000 | truth angle FOV=False | RGB render volume=False | H/V angles=nan/nan deg | truth distance=inf m
[INFO] [1791463426.148494854] [front_tof_monitor]: USV RGB=True | TOF=True | active=front_tof | range=6.72 m | depth ratio=1.00 | window rates RGB/ToF=1.00/0.92 | frame change=0.0000 | truth angle FOV=False | RGB render volume=False | H/V angles=nan/nan deg | truth distance=inf m
[WARN] [1791463426.247915721] [front_tof_monitor]: USV RGB=True | TOF=False | active=front_rgb_only | range=nan m | depth ratio=0.00 | window rates RGB/ToF=1.00/0.92 | frame change=0.0000 | truth angle FOV=False | RGB render volume=False | H/V angles=nan/nan deg | truth distance=inf m
[INFO] [1791463426.948285664] [front_tof_monitor]: USV RGB=True | TOF=True | active=front_tof | range=6.72 m | depth ratio=1.00 | window rates RGB/ToF=1.00/0.82 | frame change=0.0000 | truth angle FOV=False | RGB render volume=False | H/V angles=nan/nan deg | truth distance=inf m
[WARN] [1791463427.048729073] [front_tof_monitor]: USV RGB=True | TOF=False | active=front_rgb_only | range=nan m | depth ratio=0.00 | window rates RGB/ToF=1.00/0.80 | frame change=0.0000 | truth angle FOV=False | RGB render volume=False | H/V angles=nan/nan deg | truth distance=inf m
[INFO] [1791463427.248686161] [front_tof_monitor]: USV RGB=True | TOF=True | active=front_tof | range=6.72 m | depth ratio=1.00 | window rates RGB/ToF=1.00/0.78 | frame change=0.0000 | truth angle FOV=False | RGB render volume=False | H/V angles=nan/nan deg | truth distance=inf m
[WARN] [1791463427.448565169] [front_tof_monitor]: USV RGB=True | TOF=False | active=front_rgb_only | range=nan m | depth ratio=0.00 | window rates RGB/ToF=1.00/0.76 | frame change=0.0000 | truth angle FOV=False | RGB render volume=False | H/V angles=nan/nan deg | truth distance=inf m
[INFO] [1791463427.548801750] [front_tof_monitor]: USV RGB=True | TOF=True | active=front_tof | range=6.72 m | depth ratio=1.00 | window rates RGB/ToF=1.00/0.76 | frame change=0.0000 | truth angle FOV=False | RGB render volume=False | H/V angles=nan/nan deg | truth distance=inf m
[WARN] [1791463428.347885996] [front_tof_monitor]: USV RGB=True | TOF=False | active=front_rgb_only | range=nan m | depth ratio=0.00 | window rates RGB/ToF=1.00/0.75 | frame change=0.0000 | truth angle FOV=False | RGB render volume=False | H/V angles=nan/nan deg | truth distance=inf m
[INFO] [1791463428.448622489] [front_tof_monitor]: USV RGB=True | TOF=True | active=front_tof | range=6.72 m | depth ratio=1.00 | window rates RGB/ToF=1.00/0.75 | frame change=0.0000 | truth angle FOV=False | RGB render volume=False | H/V angles=nan/nan deg | truth distance=inf m
[WARN] [1791463429.949524357] [front_tof_monitor]: USV RGB=True | TOF=False | active=front_rgb_only | range=nan m | depth ratio=0.00 | window rates RGB/ToF=1.00/0.74 | frame change=0.0000 | truth angle FOV=False | RGB render volume=False | H/V angles=nan/nan deg | truth distance=inf m
[INFO] [1791463430.048065851] [front_tof_monitor]: USV RGB=True | TOF=True | active=front_tof | range=6.72 m | depth ratio=1.00 | window rates RGB/ToF=1.00/0.75 | frame change=0.0000 | truth angle FOV=False | RGB render volume=False | H/V angles=nan/nan deg | truth distance=inf m
[WARN] [1791463430.148095511] [front_tof_monitor]: USV RGB=True | TOF=False | active=front_rgb_only | range=nan m | depth ratio=0.00 | window rates RGB/ToF=1.00/0.72 | frame change=0.0000 | truth angle FOV=False | RGB render volume=False | H/V angles=nan/nan deg | truth distance=inf m
[INFO] [1791463430.248845659] [front_tof_monitor]: USV RGB=True | TOF=True | active=front_tof | range=6.72 m | depth ratio=1.00 | window rates RGB/ToF=1.00/0.72 | frame change=0.0000 | truth angle FOV=False | RGB render volume=False | H/V angles=nan/nan deg | truth distance=inf m
[WARN] [1791463430.648455016] [front_tof_monitor]: USV RGB=True | TOF=False | active=front_rgb_only | range=nan m | depth ratio=0.00 | window rates RGB/ToF=1.00/0.71 | frame change=0.0000 | truth angle FOV=False | RGB render volume=False | H/V angles=nan/nan deg | truth distance=inf m
[INFO] [1791463430.948803727] [front_tof_monitor]: USV RGB=True | TOF=True | active=front_tof | range=6.72 m | depth ratio=1.00 | window rates RGB/ToF=1.00/0.66 | frame change=0.0000 | truth angle FOV=False | RGB render volume=False | H/V angles=nan/nan deg | truth distance=inf m
[WARN] [1791463431.048764060] [front_tof_monitor]: USV RGB=True | TOF=False | active=front_rgb_only | range=nan m | depth ratio=0.00 | window rates RGB/ToF=1.00/0.65 | frame change=0.0000 | truth angle FOV=False | RGB render volume=False | H/V angles=nan/nan deg | truth distance=inf m
[INFO] [1791463431.148697878] [front_tof_monitor]: USV RGB=True | TOF=True | active=front_tof | range=6.72 m | depth ratio=1.00 | window rates RGB/ToF=1.00/0.67 | frame change=0.0000 | truth angle FOV=False | RGB render volume=False | H/V angles=nan/nan deg | truth distance=inf m
[WARN] [1791463432.448522117] [front_tof_monitor]: USV RGB=True | TOF=False | active=front_rgb_only | range=nan m | depth ratio=0.00 | window rates RGB/ToF=1.00/0.82 | frame change=0.0000 | truth angle FOV=False | RGB render volume=False | H/V angles=nan/nan deg | truth distance=inf m
[INFO] [1791463432.548766448] [front_tof_monitor]: USV RGB=True | TOF=True | active=front_tof | range=6.72 m | depth ratio=1.00 | window rates RGB/ToF=1.00/0.84 | frame change=0.0000 | truth angle FOV=False | RGB render volume=False | H/V angles=nan/nan deg | truth distance=inf m
[WARN] [1791463432.948478113] [front_tof_monitor]: USV RGB=True | TOF=False | active=front_rgb_only | range=nan m | depth ratio=0.00 | window rates RGB/ToF=1.00/0.82 | frame change=0.0000 | truth angle FOV=False | RGB render volume=False | H/V angles=nan/nan deg | truth distance=inf m
[INFO] [1791463433.048053623] [front_tof_monitor]: USV RGB=True | TOF=True | active=front_tof | range=6.72 m | depth ratio=1.00 | window rates RGB/ToF=1.00/0.82 | frame change=0.0000 | truth angle FOV=False | RGB render volume=False | H/V angles=nan/nan deg | truth distance=inf m
[WARN] [1791463433.148380576] [front_tof_monitor]: USV RGB=True | TOF=False | active=front_rgb_only | range=nan m | depth ratio=0.00 | window rates RGB/ToF=1.00/0.80 | frame change=0.0000 | truth angle FOV=False | RGB render volume=False | H/V angles=nan/nan deg | truth distance=inf m
[INFO] [1791463433.248429600] [front_tof_monitor]: USV RGB=True | TOF=True | active=front_tof | range=6.72 m | depth ratio=1.00 | window rates RGB/ToF=1.00/0.80 | frame change=0.0000 | truth angle FOV=False | RGB render volume=False | H/V angles=nan/nan deg | truth distance=inf m
[WARN] [1791463433.647875942] [front_tof_monitor]: USV RGB=True | TOF=False | active=front_rgb_only | range=nan m | depth ratio=0.00 | window rates RGB/ToF=1.00/0.80 | frame change=0.0000 | truth angle FOV=False | RGB render volume=False | H/V angles=nan/nan deg | truth distance=inf m
[INFO] [1791463434.048054292] [front_tof_monitor]: USV RGB=True | TOF=True | active=front_tof | range=6.72 m | depth ratio=1.00 | window rates RGB/ToF=1.00/0.75 | frame change=0.0000 | truth angle FOV=False | RGB render volume=False | H/V angles=nan/nan deg | truth distance=inf m
[WARN] [1791463434.447830526] [front_tof_monitor]: USV RGB=True | TOF=False | active=front_rgb_only | range=nan m | depth ratio=0.00 | window rates RGB/ToF=1.00/0.73 | frame change=0.0000 | truth angle FOV=False | RGB render volume=False | H/V angles=nan/nan deg | truth distance=inf m
[INFO] [1791463434.548673369] [front_tof_monitor]: USV RGB=True | TOF=True | active=front_tof | range=6.72 m | depth ratio=1.00 | window rates RGB/ToF=1.00/0.73 | frame change=0.0000 | truth angle FOV=False | RGB render volume=False | H/V angles=nan/nan deg | truth distance=inf m
[WARN] [1791463434.947994007] [front_tof_monitor]: USV RGB=True | TOF=False | active=front_rgb_only | range=nan m | depth ratio=0.00 | window rates RGB/ToF=1.00/0.71 | frame change=0.0000 | truth angle FOV=False | RGB render volume=False | H/V angles=nan/nan deg | truth distance=inf m
[INFO] [1791463435.048667252] [front_tof_monitor]: USV RGB=True | TOF=True | active=front_tof | range=6.72 m | depth ratio=1.00 | window rates RGB/ToF=1.00/0.72 | frame change=0.0000 | truth angle FOV=False | RGB render volume=False | H/V angles=nan/nan deg | truth distance=inf m
[WARN] [1791463435.148553033] [front_tof_monitor]: USV RGB=True | TOF=False | active=front_rgb_only | range=nan m | depth ratio=0.00 | window rates RGB/ToF=1.00/0.72 | frame change=0.0000 | truth angle FOV=False | RGB render volume=False | H/V angles=nan/nan deg | truth distance=inf m
[INFO] [1791463435.248585400] [front_tof_monitor]: USV RGB=True | TOF=True | active=front_tof | range=6.72 m | depth ratio=1.00 | window rates RGB/ToF=1.00/0.73 | frame change=0.0000 | truth angle FOV=False | RGB render volume=False | H/V angles=nan/nan deg | truth distance=inf m
[WARN] [1791463435.648471180] [front_tof_monitor]: USV RGB=True | TOF=False | active=front_rgb_only | range=nan m | depth ratio=0.00 | window rates RGB/ToF=1.00/0.72 | frame change=0.0000 | truth angle FOV=False | RGB render volume=False | H/V angles=nan/nan deg | truth distance=inf m
[INFO] [1791463435.748072990] [front_tof_monitor]: USV RGB=True | TOF=True | active=front_tof | range=6.72 m | depth ratio=1.00 | window rates RGB/ToF=1.00/0.73 | frame change=0.0000 | truth angle FOV=False | RGB render volume=False | H/V angles=nan/nan deg | truth distance=inf m
[WARN] [1791463435.848434437] [front_tof_monitor]: USV RGB=True | TOF=False | active=front_rgb_only | range=nan m | depth ratio=0.00 | window rates RGB/ToF=1.00/0.74 | frame change=0.0000 | truth angle FOV=False | RGB render volume=False | H/V angles=nan/nan deg | truth distance=inf m
[INFO] [1791463435.948456362] [front_tof_monitor]: USV RGB=True | TOF=True | active=front_tof | range=6.72 m | depth ratio=1.00 | window rates RGB/ToF=1.00/0.75 | frame change=0.0000 | truth angle FOV=False | RGB render volume=False | H/V angles=nan/nan deg | truth distance=inf m
[WARN] [1791463436.548444735] [front_tof_monitor]: USV RGB=True | TOF=False | active=front_rgb_only | range=nan m | depth ratio=0.00 | window rates RGB/ToF=1.00/0.74 | frame change=0.0000 | truth angle FOV=False | RGB render volume=False | H/V angles=nan/nan deg | truth distance=inf m
[INFO] [1791463436.648114650] [front_tof_monitor]: USV RGB=True | TOF=True | active=front_tof | range=6.72 m | depth ratio=1.00 | window rates RGB/ToF=1.00/0.75 | frame change=0.0000 | truth angle FOV=False | RGB render volume=False | H/V angles=nan/nan deg | truth distance=inf m
[WARN] [1791463436.747988387] [front_tof_monitor]: USV RGB=True | TOF=False | active=front_rgb_only | range=nan m | depth ratio=0.00 | window rates RGB/ToF=1.00/0.73 | frame change=0.0000 | truth angle FOV=False | RGB render volume=False | H/V angles=nan/nan deg | truth distance=inf m
[INFO] [1791463436.848655744] [front_tof_monitor]: USV RGB=True | TOF=True | active=front_tof | range=6.72 m | depth ratio=1.00 | window rates RGB/ToF=1.00/0.73 | frame change=0.0000 | truth angle FOV=False | RGB render volume=False | H/V angles=nan/nan deg | truth distance=inf m
[WARN] [1791463437.247896716] [front_tof_monitor]: USV RGB=True | TOF=False | active=front_rgb_only | range=nan m | depth ratio=0.00 | window rates RGB/ToF=1.00/0.71 | frame change=0.0000 | truth angle FOV=False | RGB render volume=False | H/V angles=nan/nan deg | truth distance=inf m
[INFO] [1791463437.548022777] [front_tof_monitor]: USV RGB=True | TOF=True | active=front_tof | range=6.72 m | depth ratio=1.00 | window rates RGB/ToF=1.00/0.69 | frame change=0.0000 | truth angle FOV=False | RGB render volume=False | H/V angles=nan/nan deg | truth distance=inf m
[WARN] [1791463441.148993514] [front_tof_monitor]: USV RGB=True | TOF=False | active=front_rgb_only | range=nan m | depth ratio=0.00 | window rates RGB/ToF=1.00/0.88 | frame change=0.0000 | truth angle FOV=False | RGB render volume=False | H/V angles=nan/nan deg | truth distance=inf m
[INFO] [1791463441.248754981] [front_tof_monitor]: USV RGB=True | TOF=True | active=front_tof | range=6.72 m | depth ratio=1.00 | window rates RGB/ToF=1.00/0.88 | frame change=0.0000 | truth angle FOV=False | RGB render volume=False | H/V angles=nan/nan deg | truth distance=inf m
[WARN] [1791463442.448507120] [front_tof_monitor]: USV RGB=True | TOF=False | active=front_rgb_only | range=nan m | depth ratio=0.00 | window rates RGB/ToF=1.00/0.96 | frame change=0.0000 | truth angle FOV=False | RGB render volume=False | H/V angles=nan/nan deg | truth distance=inf m
[INFO] [1791463442.548706367] [front_tof_monitor]: USV RGB=True | TOF=True | active=front_tof | range=6.72 m | depth ratio=1.00 | window rates RGB/ToF=1.00/0.96 | frame change=0.0000 | truth angle FOV=False | RGB render volume=False | H/V angles=nan/nan deg | truth distance=inf m
[WARN] [1791463443.148419631] [front_tof_monitor]: USV RGB=True | TOF=False | active=front_rgb_only | range=nan m | depth ratio=0.00 | window rates RGB/ToF=1.00/0.94 | frame change=0.0000 | truth angle FOV=False | RGB render volume=False | H/V angles=nan/nan deg | truth distance=inf m
[INFO] [1791463443.248635074] [front_tof_monitor]: USV RGB=True | TOF=True | active=front_tof | range=6.72 m | depth ratio=1.00 | window rates RGB/ToF=1.00/0.94 | frame change=0.0000 | truth angle FOV=False | RGB render volume=False | H/V angles=nan/nan deg | truth distance=inf m
[WARN] [1791463443.347921311] [front_tof_monitor]: USV RGB=True | TOF=False | active=front_rgb_only | range=nan m | depth ratio=0.00 | window rates RGB/ToF=1.00/0.92 | frame change=0.0000 | truth angle FOV=False | RGB render volume=False | H/V angles=nan/nan deg | truth distance=inf m
[INFO] [1791463443.448031808] [front_tof_monitor]: USV RGB=True | TOF=True | active=front_tof | range=6.72 m | depth ratio=1.00 | window rates RGB/ToF=1.00/0.92 | frame change=0.0000 | truth angle FOV=False | RGB render volume=False | H/V angles=nan/nan deg | truth distance=inf m
[WARN] [1791463443.649143036] [front_tof_monitor]: USV RGB=True | TOF=False | active=front_rgb_only | range=nan m | depth ratio=0.00 | window rates RGB/ToF=1.00/0.90 | frame change=0.0000 | truth angle FOV=False | RGB render volume=False | H/V angles=nan/nan deg | truth distance=inf m
[INFO] [1791463443.748599548] [front_tof_monitor]: USV RGB=True | TOF=True | active=front_tof | range=6.72 m | depth ratio=1.00 | window rates RGB/ToF=1.00/0.90 | frame change=0.0000 | truth angle FOV=False | RGB render volume=False | H/V angles=nan/nan deg | truth distance=inf m
[WARN] [1791463443.848500002] [front_tof_monitor]: USV RGB=True | TOF=False | active=front_rgb_only | range=nan m | depth ratio=0.00 | window rates RGB/ToF=1.00/0.88 | frame change=0.0000 | truth angle FOV=False | RGB render volume=False | H/V angles=nan/nan deg | truth distance=inf m
[INFO] [1791463443.948662523] [front_tof_monitor]: USV RGB=True | TOF=True | active=front_tof | range=6.72 m | depth ratio=1.00 | window rates RGB/ToF=1.00/0.88 | frame change=0.0000 | truth angle FOV=False | RGB render volume=False | H/V angles=nan/nan deg | truth distance=inf m
[WARN] [1791463444.048536528] [front_tof_monitor]: USV RGB=True | TOF=False | active=front_rgb_only | range=nan m | depth ratio=0.00 | window rates RGB/ToF=1.00/0.86 | frame change=0.0000 | truth angle FOV=False | RGB render volume=False | H/V angles=nan/nan deg | truth distance=inf m
[INFO] [1791463444.248724913] [front_tof_monitor]: USV RGB=True | TOF=True | active=front_tof | range=6.72 m | depth ratio=1.00 | window rates RGB/ToF=1.00/0.84 | frame change=0.0000 | truth angle FOV=False | RGB render volume=False | H/V angles=nan/nan deg | truth distance=inf m
[WARN] [1791463444.649649364] [front_tof_monitor]: USV RGB=True | TOF=False | active=front_rgb_only | range=nan m | depth ratio=0.00 | window rates RGB/ToF=1.00/0.82 | frame change=0.0000 | truth angle FOV=False | RGB render volume=False | H/V angles=nan/nan deg | truth distance=inf m
[INFO] [1791463444.748299822] [front_tof_monitor]: USV RGB=True | TOF=True | active=front_tof | range=6.72 m | depth ratio=1.00 | window rates RGB/ToF=1.00/0.82 | frame change=0.0000 | truth angle FOV=False | RGB render volume=False | H/V angles=nan/nan deg | truth distance=inf m
[WARN] [1791463445.548402215] [front_tof_monitor]: USV RGB=True | TOF=False | active=front_rgb_only | range=nan m | depth ratio=0.00 | window rates RGB/ToF=1.00/0.80 | frame change=0.0000 | truth angle FOV=False | RGB render volume=False | H/V angles=nan/nan deg | truth distance=inf m
[INFO] [1791463445.648735785] [front_tof_monitor]: USV RGB=True | TOF=True | active=front_tof | range=6.72 m | depth ratio=1.00 | window rates RGB/ToF=1.00/0.80 | frame change=0.0000 | truth angle FOV=False | RGB render volume=False | H/V angles=nan/nan deg | truth distance=inf m
[WARN] [1791463445.747945736] [front_tof_monitor]: USV RGB=True | TOF=False | active=front_rgb_only | range=nan m | depth ratio=0.00 | window rates RGB/ToF=1.00/0.78 | frame change=0.0000 | truth angle FOV=False | RGB render volume=False | H/V angles=nan/nan deg | truth distance=inf m
[INFO] [1791463445.849569331] [front_tof_monitor]: USV RGB=True | TOF=True | active=front_tof | range=6.72 m | depth ratio=1.00 | window rates RGB/ToF=1.00/0.78 | frame change=0.0000 | truth angle FOV=False | RGB render volume=False | H/V angles=nan/nan deg | truth distance=inf m
[WARN] [1791463446.048106318] [front_tof_monitor]: USV RGB=True | TOF=False | active=front_rgb_only | range=nan m | depth ratio=0.00 | window rates RGB/ToF=1.00/0.76 | frame change=0.0000 | truth angle FOV=False | RGB render volume=False | H/V angles=nan/nan deg | truth distance=inf m
[INFO] [1791463446.248653100] [front_tof_monitor]: USV RGB=True | TOF=True | active=front_tof | range=6.72 m | depth ratio=1.00 | window rates RGB/ToF=1.00/0.76 | frame change=0.0000 | truth angle FOV=False | RGB render volume=False | H/V angles=nan/nan deg | truth distance=inf m
[WARN] [1791463446.348836613] [front_tof_monitor]: USV RGB=True | TOF=False | active=front_rgb_only | range=nan m | depth ratio=0.00 | window rates RGB/ToF=1.00/0.74 | frame change=0.0000 | truth angle FOV=False | RGB render volume=False | H/V angles=nan/nan deg | truth distance=inf m
[INFO] [1791463446.548847785] [front_tof_monitor]: USV RGB=True | TOF=True | active=front_tof | range=6.72 m | depth ratio=1.00 | window rates RGB/ToF=1.00/0.72 | frame change=0.0000 | truth angle FOV=False | RGB render volume=False | H/V angles=nan/nan deg | truth distance=inf m
[WARN] [1791463446.947969825] [front_tof_monitor]: USV RGB=True | TOF=False | active=front_rgb_only | range=nan m | depth ratio=0.00 | window rates RGB/ToF=1.00/0.70 | frame change=0.0000 | truth angle FOV=False | RGB render volume=False | H/V angles=nan/nan deg | truth distance=inf m
[INFO] [1791463447.548428585] [front_tof_monitor]: USV RGB=True | TOF=True | active=front_tof | range=6.72 m | depth ratio=1.00 | window rates RGB/ToF=1.00/0.62 | frame change=0.0000 | truth angle FOV=False | RGB render volume=False | H/V angles=nan/nan deg | truth distance=inf m
[WARN] [1791463447.947900181] [front_tof_monitor]: USV RGB=True | TOF=False | active=front_rgb_only | range=nan m | depth ratio=0.00 | window rates RGB/ToF=1.00/0.61 | frame change=0.0000 | truth angle FOV=False | RGB render volume=False | H/V angles=nan/nan deg | truth distance=inf m
[INFO] [1791463448.448777048] [front_tof_monitor]: USV RGB=True | TOF=True | active=front_tof | range=6.72 m | depth ratio=1.00 | window rates RGB/ToF=1.00/0.56 | frame change=0.0000 | truth angle FOV=False | RGB render volume=False | H/V angles=nan/nan deg | truth distance=inf m
[WARN] [1791463448.848389478] [front_tof_monitor]: USV RGB=True | TOF=False | active=front_rgb_only | range=nan m | depth ratio=0.00 | window rates RGB/ToF=1.00/0.57 | frame change=0.0000 | truth angle FOV=False | RGB render volume=False | H/V angles=nan/nan deg | truth distance=inf m
[INFO] [1791463448.948082360] [front_tof_monitor]: USV RGB=True | TOF=True | active=front_tof | range=6.72 m | depth ratio=1.00 | window rates RGB/ToF=1.00/0.59 | frame change=0.0000 | truth angle FOV=False | RGB render volume=False | H/V angles=nan/nan deg | truth distance=inf m
[WARN] [1791463449.048403519] [front_tof_monitor]: USV RGB=True | TOF=False | active=front_rgb_only | range=nan m | depth ratio=0.00 | window rates RGB/ToF=1.00/0.57 | frame change=0.0000 | truth angle FOV=False | RGB render volume=False | H/V angles=nan/nan deg | truth distance=inf m
[INFO] [1791463449.148751974] [front_tof_monitor]: USV RGB=True | TOF=True | active=front_tof | range=6.72 m | depth ratio=1.00 | window rates RGB/ToF=1.00/0.59 | frame change=0.0000 | truth angle FOV=False | RGB render volume=False | H/V angles=nan/nan deg | truth distance=inf m
[WARN] [1791463449.747895299] [front_tof_monitor]: USV RGB=True | TOF=False | active=front_rgb_only | range=nan m | depth ratio=0.00 | window rates RGB/ToF=1.00/0.61 | frame change=0.0000 | truth angle FOV=False | RGB render volume=False | H/V angles=nan/nan deg | truth distance=inf m
[INFO] [1791463449.848687469] [front_tof_monitor]: USV RGB=True | TOF=True | active=front_tof | range=6.72 m | depth ratio=1.00 | window rates RGB/ToF=1.00/0.61 | frame change=0.0000 | truth angle FOV=False | RGB render volume=False | H/V angles=nan/nan deg | truth distance=inf m
[WARN] [1791463449.948430233] [front_tof_monitor]: USV RGB=True | TOF=False | active=front_rgb_only | range=nan m | depth ratio=0.00 | window rates RGB/ToF=1.00/0.58 | frame change=0.0000 | truth angle FOV=False | RGB render volume=False | H/V angles=nan/nan deg | truth distance=inf m
[INFO] [1791463450.048834594] [front_tof_monitor]: USV RGB=True | TOF=True | active=front_tof | range=6.72 m | depth ratio=1.00 | window rates RGB/ToF=1.00/0.58 | frame change=0.0000 | truth angle FOV=False | RGB render volume=False | H/V angles=nan/nan deg | truth distance=inf m
[WARN] [1791463450.148827206] [front_tof_monitor]: USV RGB=True | TOF=False | active=front_rgb_only | range=nan m | depth ratio=0.00 | window rates RGB/ToF=1.00/0.56 | frame change=0.0000 | truth angle FOV=False | RGB render volume=False | H/V angles=nan/nan deg | truth distance=inf m
[INFO] [1791463450.548788545] [front_tof_monitor]: USV RGB=True | TOF=True | active=front_tof | range=6.72 m | depth ratio=1.00 | window rates RGB/ToF=1.00/0.52 | frame change=0.0000 | truth angle FOV=False | RGB render volume=False | H/V angles=nan/nan deg | truth distance=inf m
[WARN] [1791463450.648705514] [front_tof_monitor]: USV RGB=True | TOF=False | active=front_rgb_only | range=nan m | depth ratio=0.00 | window rates RGB/ToF=1.00/0.50 | frame change=0.0000 | truth angle FOV=False | RGB render volume=False | H/V angles=nan/nan deg | truth distance=inf m
[INFO] [1791463450.748503721] [front_tof_monitor]: USV RGB=True | TOF=True | active=front_tof | range=6.72 m | depth ratio=1.00 | window rates RGB/ToF=1.00/0.52 | frame change=0.0000 | truth angle FOV=False | RGB render volume=False | H/V angles=nan/nan deg | truth distance=inf m
[WARN] [1791463450.848503287] [front_tof_monitor]: USV RGB=True | TOF=False | active=front_rgb_only | range=nan m | depth ratio=0.00 | window rates RGB/ToF=1.00/0.51 | frame change=0.0000 | truth angle FOV=False | RGB render volume=False | H/V angles=nan/nan deg | truth distance=inf m
[INFO] [1791463450.948737008] [front_tof_monitor]: USV RGB=True | TOF=True | active=front_tof | range=6.72 m | depth ratio=1.00 | window rates RGB/ToF=1.00/0.50 | frame change=0.0000 | truth angle FOV=False | RGB render volume=False | H/V angles=nan/nan deg | truth distance=inf m
[WARN] [1791463453.948503896] [front_tof_monitor]: USV RGB=True | TOF=False | active=front_rgb_only | range=nan m | depth ratio=0.00 | window rates RGB/ToF=1.00/0.80 | frame change=0.0000 | truth angle FOV=False | RGB render volume=False | H/V angles=nan/nan deg | truth distance=inf m
[INFO] [1791463454.048099963] [front_tof_monitor]: USV RGB=True | TOF=True | active=front_tof | range=6.72 m | depth ratio=1.00 | window rates RGB/ToF=1.00/0.82 | frame change=0.0000 | truth angle FOV=False | RGB render volume=False | H/V angles=nan/nan deg | truth distance=inf m
[WARN] [1791463456.848503801] [front_tof_monitor]: USV RGB=True | TOF=False | active=front_rgb_only | range=nan m | depth ratio=0.00 | window rates RGB/ToF=1.00/0.96 | frame change=0.0000 | truth angle FOV=False | RGB render volume=False | H/V angles=nan/nan deg | truth distance=inf m
[INFO] [1791463456.948066403] [front_tof_monitor]: USV RGB=True | TOF=True | active=front_tof | range=6.72 m | depth ratio=1.00 | window rates RGB/ToF=1.00/0.96 | frame change=0.0000 | truth angle FOV=False | RGB render volume=False | H/V angles=nan/nan deg | truth distance=inf m
[WARN] [1791463457.548082604] [front_tof_monitor]: USV RGB=True | TOF=False | active=front_rgb_only | range=nan m | depth ratio=0.00 | window rates RGB/ToF=1.00/0.94 | frame change=0.0000 | truth angle FOV=False | RGB render volume=False | H/V angles=nan/nan deg | truth distance=inf m
[INFO] [1791463457.649369367] [front_tof_monitor]: USV RGB=True | TOF=True | active=front_tof | range=6.72 m | depth ratio=1.00 | window rates RGB/ToF=1.00/0.94 | frame change=0.0000 | truth angle FOV=False | RGB render volume=False | H/V angles=nan/nan deg | truth distance=inf m
[WARN] [1791463458.248523134] [front_tof_monitor]: USV RGB=True | TOF=False | active=front_rgb_only | range=nan m | depth ratio=0.00 | window rates RGB/ToF=1.00/0.92 | frame change=0.0000 | truth angle FOV=False | RGB render volume=False | H/V angles=nan/nan deg | truth distance=inf m
[INFO] [1791463458.348646855] [front_tof_monitor]: USV RGB=True | TOF=True | active=front_tof | range=6.72 m | depth ratio=1.00 | window rates RGB/ToF=1.00/0.92 | frame change=0.0000 | truth angle FOV=False | RGB render volume=False | H/V angles=nan/nan deg | truth distance=inf m
[WARN] [1791463458.447895507] [front_tof_monitor]: USV RGB=True | TOF=False | active=front_rgb_only | range=nan m | depth ratio=0.00 | window rates RGB/ToF=1.00/0.90 | frame change=0.0000 | truth angle FOV=False | RGB render volume=False | H/V angles=nan/nan deg | truth distance=inf m
[INFO] [1791463458.548731445] [front_tof_monitor]: USV RGB=True | TOF=True | active=front_tof | range=6.72 m | depth ratio=1.00 | window rates RGB/ToF=1.00/0.90 | frame change=0.0000 | truth angle FOV=False | RGB render volume=False | H/V angles=nan/nan deg | truth distance=inf m
[WARN] [1791463458.648677837] [front_tof_monitor]: USV RGB=True | TOF=False | active=front_rgb_only | range=nan m | depth ratio=0.00 | window rates RGB/ToF=1.00/0.88 | frame change=0.0000 | truth angle FOV=False | RGB render volume=False | H/V angles=nan/nan deg | truth distance=inf m
[INFO] [1791463458.848560417] [front_tof_monitor]: USV RGB=True | TOF=True | active=front_tof | range=6.72 m | depth ratio=1.00 | window rates RGB/ToF=1.00/0.86 | frame change=0.0000 | truth angle FOV=False | RGB render volume=False | H/V angles=nan/nan deg | truth distance=inf m
[WARN] [1791463459.047940161] [front_tof_monitor]: USV RGB=True | TOF=False | active=front_rgb_only | range=nan m | depth ratio=0.00 | window rates RGB/ToF=1.00/0.86 | frame change=0.0000 | truth angle FOV=False | RGB render volume=False | H/V angles=nan/nan deg | truth distance=inf m
[INFO] [1791463459.148695582] [front_tof_monitor]: USV RGB=True | TOF=True | active=front_tof | range=6.72 m | depth ratio=1.00 | window rates RGB/ToF=1.00/0.86 | frame change=0.0000 | truth angle FOV=False | RGB render volume=False | H/V angles=nan/nan deg | truth distance=inf m
[WARN] [1791463459.248709859] [front_tof_monitor]: USV RGB=True | TOF=False | active=front_rgb_only | range=nan m | depth ratio=0.00 | window rates RGB/ToF=1.00/0.84 | frame change=0.0000 | truth angle FOV=False | RGB render volume=False | H/V angles=nan/nan deg | truth distance=inf m
[INFO] [1791463459.348180833] [front_tof_monitor]: USV RGB=True | TOF=True | active=front_tof | range=6.72 m | depth ratio=1.00 | window rates RGB/ToF=1.00/0.84 | frame change=0.0000 | truth angle FOV=False | RGB render volume=False | H/V angles=nan/nan deg | truth distance=inf m
[WARN] [1791463459.448056016] [front_tof_monitor]: USV RGB=True | TOF=False | active=front_rgb_only | range=nan m | depth ratio=0.00 | window rates RGB/ToF=1.00/0.82 | frame change=0.0000 | truth angle FOV=False | RGB render volume=False | H/V angles=nan/nan deg | truth distance=inf m
[INFO] [1791463459.548622620] [front_tof_monitor]: USV RGB=True | TOF=True | active=front_tof | range=6.72 m | depth ratio=1.00 | window rates RGB/ToF=1.00/0.82 | frame change=0.0000 | truth angle FOV=False | RGB render volume=False | H/V angles=nan/nan deg | truth distance=inf m
[WARN] [1791463460.148075233] [front_tof_monitor]: USV RGB=True | TOF=False | active=front_rgb_only | range=nan m | depth ratio=0.00 | window rates RGB/ToF=1.00/0.80 | frame change=0.0000 | truth angle FOV=False | RGB render volume=False | H/V angles=nan/nan deg | truth distance=inf m
[INFO] [1791463460.248658636] [front_tof_monitor]: USV RGB=True | TOF=True | active=front_tof | range=6.72 m | depth ratio=1.00 | window rates RGB/ToF=1.00/0.80 | frame change=0.0000 | truth angle FOV=False | RGB render volume=False | H/V angles=nan/nan deg | truth distance=inf m
[WARN] [1791463460.348835630] [front_tof_monitor]: USV RGB=True | TOF=False | active=front_rgb_only | range=nan m | depth ratio=0.00 | window rates RGB/ToF=1.00/0.78 | frame change=0.0000 | truth angle FOV=False | RGB render volume=False | H/V angles=nan/nan deg | truth distance=inf m
[INFO] [1791463460.448981359] [front_tof_monitor]: USV RGB=True | TOF=True | active=front_tof | range=6.72 m | depth ratio=1.00 | window rates RGB/ToF=1.00/0.78 | frame change=0.0000 | truth angle FOV=False | RGB render volume=False | H/V angles=nan/nan deg | truth distance=inf m
[WARN] [1791463461.848142884] [front_tof_monitor]: USV RGB=True | TOF=False | active=front_rgb_only | range=nan m | depth ratio=0.00 | window rates RGB/ToF=1.00/0.78 | frame change=0.0000 | truth angle FOV=False | RGB render volume=False | H/V angles=nan/nan deg | truth distance=inf m
[INFO] [1791463461.948069190] [front_tof_monitor]: USV RGB=True | TOF=True | active=front_tof | range=6.72 m | depth ratio=1.00 | window rates RGB/ToF=1.00/0.78 | frame change=0.0000 | truth angle FOV=False | RGB render volume=False | H/V angles=nan/nan deg | truth distance=inf m
[WARN] [1791463465.349235758] [front_tof_monitor]: USV RGB=True | TOF=False | active=front_rgb_only | range=nan m | depth ratio=0.00 | window rates RGB/ToF=1.00/0.96 | frame change=0.0000 | truth angle FOV=False | RGB render volume=False | H/V angles=nan/nan deg | truth distance=inf m
[INFO] [1791463465.448541797] [front_tof_monitor]: USV RGB=True | TOF=True | active=front_tof | range=6.72 m | depth ratio=1.00 | window rates RGB/ToF=1.00/0.96 | frame change=0.0000 | truth angle FOV=False | RGB render volume=False | H/V angles=nan/nan deg | truth distance=inf m
[WARN] [1791463467.350761845] [front_tof_monitor]: USV RGB=True | TOF=False | active=front_rgb_only | range=nan m | depth ratio=0.00 | window rates RGB/ToF=1.00/0.96 | frame change=0.0000 | truth angle FOV=False | RGB render volume=False | H/V angles=nan/nan deg | truth distance=inf m
[INFO] [1791463467.448574759] [front_tof_monitor]: USV RGB=True | TOF=True | active=front_tof | range=6.72 m | depth ratio=1.00 | window rates RGB/ToF=1.00/0.96 | frame change=0.0000 | truth angle FOV=False | RGB render volume=False | H/V angles=nan/nan deg | truth distance=inf m
[WARN] [1791463469.248902971] [front_tof_monitor]: USV RGB=True | TOF=False | active=front_rgb_only | range=nan m | depth ratio=0.00 | window rates RGB/ToF=1.00/0.94 | frame change=0.0000 | truth angle FOV=False | RGB render volume=False | H/V angles=nan/nan deg | truth distance=inf m
[INFO] [1791463469.348358689] [front_tof_monitor]: USV RGB=True | TOF=True | active=front_tof | range=6.72 m | depth ratio=1.00 | window rates RGB/ToF=1.00/0.94 | frame change=0.0000 | truth angle FOV=False | RGB render volume=False | H/V angles=nan/nan deg | truth distance=inf m
[WARN] [1791463470.650164530] [front_tof_monitor]: USV RGB=True | TOF=False | active=front_rgb_only | range=nan m | depth ratio=0.00 | window rates RGB/ToF=1.00/0.94 | frame change=0.0000 | truth angle FOV=False | RGB render volume=False | H/V angles=nan/nan deg | truth distance=inf m
[INFO] [1791463470.748310434] [front_tof_monitor]: USV RGB=True | TOF=True | active=front_tof | range=6.72 m | depth ratio=1.00 | window rates RGB/ToF=1.00/0.94 | frame change=0.0000 | truth angle FOV=False | RGB render volume=False | H/V angles=nan/nan deg | truth distance=inf m
[WARN] [1791463472.048832510] [front_tof_monitor]: USV RGB=True | TOF=False | active=front_rgb_only | range=nan m | depth ratio=0.00 | window rates RGB/ToF=1.00/0.92 | frame change=0.0000 | truth angle FOV=False | RGB render volume=False | H/V angles=nan/nan deg | truth distance=inf m
[INFO] [1791463472.148065788] [front_tof_monitor]: USV RGB=True | TOF=True | active=front_tof | range=6.72 m | depth ratio=1.00 | window rates RGB/ToF=1.00/0.92 | frame change=0.0000 | truth angle FOV=False | RGB render volume=False | H/V angles=nan/nan deg | truth distance=inf m
[WARN] [1791463473.648475365] [front_tof_monitor]: USV RGB=True | TOF=False | active=front_rgb_only | range=nan m | depth ratio=0.00 | window rates RGB/ToF=1.00/0.92 | frame change=0.0000 | truth angle FOV=False | RGB render volume=False | H/V angles=nan/nan deg | truth distance=inf m
[INFO] [1791463473.748059470] [front_tof_monitor]: USV RGB=True | TOF=True | active=front_tof | range=6.72 m | depth ratio=1.00 | window rates RGB/ToF=1.00/0.92 | frame change=0.0000 | truth angle FOV=False | RGB render volume=False | H/V angles=nan/nan deg | truth distance=inf m
[WARN] [1791463475.447906933] [front_tof_monitor]: USV RGB=True | TOF=False | active=front_rgb_only | range=nan m | depth ratio=0.00 | window rates RGB/ToF=1.00/0.92 | frame change=0.0000 | truth angle FOV=False | RGB render volume=False | H/V angles=nan/nan deg | truth distance=inf m
[INFO] [1791463475.548077063] [front_tof_monitor]: USV RGB=True | TOF=True | active=front_tof | range=6.72 m | depth ratio=1.00 | window rates RGB/ToF=1.00/0.92 | frame change=0.0000 | truth angle FOV=False | RGB render volume=False | H/V angles=nan/nan deg | truth distance=inf m
[WARN] [1791463476.147884767] [front_tof_monitor]: USV RGB=True | TOF=False | active=front_rgb_only | range=nan m | depth ratio=0.00 | window rates RGB/ToF=1.00/0.92 | frame change=0.0000 | truth angle FOV=False | RGB render volume=False | H/V angles=nan/nan deg | truth distance=inf m
[INFO] [1791463476.248925952] [front_tof_monitor]: USV RGB=True | TOF=True | active=front_tof | range=6.72 m | depth ratio=1.00 | window rates RGB/ToF=1.00/0.92 | frame change=0.0000 | truth angle FOV=False | RGB render volume=False | H/V angles=nan/nan deg | truth distance=inf m
[WARN] [1791463476.348589202] [front_tof_monitor]: USV RGB=True | TOF=False | active=front_rgb_only | range=nan m | depth ratio=0.00 | window rates RGB/ToF=1.00/0.90 | frame change=0.0000 | truth angle FOV=False | RGB render volume=False | H/V angles=nan/nan deg | truth distance=inf m
[INFO] [1791463476.448063799] [front_tof_monitor]: USV RGB=True | TOF=True | active=front_tof | range=6.72 m | depth ratio=1.00 | window rates RGB/ToF=1.00/0.90 | frame change=0.0000 | truth angle FOV=False | RGB render volume=False | H/V angles=nan/nan deg | truth distance=inf m
[WARN] [1791463476.547931603] [front_tof_monitor]: USV RGB=True | TOF=False | active=front_rgb_only | range=nan m | depth ratio=0.00 | window rates RGB/ToF=1.00/0.88 | frame change=0.0000 | truth angle FOV=False | RGB render volume=False | H/V angles=nan/nan deg | truth distance=inf m
[INFO] [1791463476.748883976] [front_tof_monitor]: USV RGB=True | TOF=True | active=front_tof | range=6.72 m | depth ratio=1.00 | window rates RGB/ToF=1.00/0.86 | frame change=0.0000 | truth angle FOV=False | RGB render volume=False | H/V angles=nan/nan deg | truth distance=inf m
[WARN] [1791463477.148419104] [front_tof_monitor]: USV RGB=True | TOF=False | active=front_rgb_only | range=nan m | depth ratio=0.00 | window rates RGB/ToF=1.00/0.86 | frame change=0.0000 | truth angle FOV=False | RGB render volume=False | H/V angles=nan/nan deg | truth distance=inf m
[INFO] [1791463477.248517319] [front_tof_monitor]: USV RGB=True | TOF=True | active=front_tof | range=6.72 m | depth ratio=1.00 | window rates RGB/ToF=1.00/0.86 | frame change=0.0000 | truth angle FOV=False | RGB render volume=False | H/V angles=nan/nan deg | truth distance=inf m
[WARN] [1791463477.348031552] [front_tof_monitor]: USV RGB=True | TOF=False | active=front_rgb_only | range=nan m | depth ratio=0.00 | window rates RGB/ToF=1.00/0.84 | frame change=0.0000 | truth angle FOV=False | RGB render volume=False | H/V angles=nan/nan deg | truth distance=inf m
[INFO] [1791463477.448838386] [front_tof_monitor]: USV RGB=True | TOF=True | active=front_tof | range=6.72 m | depth ratio=1.00 | window rates RGB/ToF=1.00/0.84 | frame change=0.0000 | truth angle FOV=False | RGB render volume=False | H/V angles=nan/nan deg | truth distance=inf m
[WARN] [1791463477.647918044] [front_tof_monitor]: USV RGB=True | TOF=False | active=front_rgb_only | range=nan m | depth ratio=0.00 | window rates RGB/ToF=1.00/0.82 | frame change=0.0000 | truth angle FOV=False | RGB render volume=False | H/V angles=nan/nan deg | truth distance=inf m
[INFO] [1791463478.148371334] [front_tof_monitor]: USV RGB=True | TOF=True | active=front_tof | range=6.72 m | depth ratio=1.00 | window rates RGB/ToF=1.00/0.75 | frame change=0.0000 | truth angle FOV=False | RGB render volume=False | H/V angles=nan/nan deg | truth distance=inf m
[WARN] [1791463478.249979180] [front_tof_monitor]: USV RGB=True | TOF=False | active=front_rgb_only | range=nan m | depth ratio=0.00 | window rates RGB/ToF=1.00/0.72 | frame change=0.0000 | truth angle FOV=False | RGB render volume=False | H/V angles=nan/nan deg | truth distance=inf m
[INFO] [1791463478.348119495] [front_tof_monitor]: USV RGB=True | TOF=True | active=front_tof | range=6.72 m | depth ratio=1.00 | window rates RGB/ToF=1.00/0.73 | frame change=0.0000 | truth angle FOV=False | RGB render volume=False | H/V angles=nan/nan deg | truth distance=inf m
[WARN] [1791463478.748457669] [front_tof_monitor]: USV RGB=True | TOF=False | active=front_rgb_only | range=nan m | depth ratio=0.00 | window rates RGB/ToF=1.00/0.72 | frame change=0.0000 | truth angle FOV=False | RGB render volume=False | H/V angles=nan/nan deg | truth distance=inf m
[INFO] [1791463478.848277313] [front_tof_monitor]: USV RGB=True | TOF=True | active=front_tof | range=6.72 m | depth ratio=1.00 | window rates RGB/ToF=1.00/0.72 | frame change=0.0000 | truth angle FOV=False | RGB render volume=False | H/V angles=nan/nan deg | truth distance=inf m
[WARN] [1791463478.948523612] [front_tof_monitor]: USV RGB=True | TOF=False | active=front_rgb_only | range=nan m | depth ratio=0.00 | window rates RGB/ToF=1.00/0.70 | frame change=0.0000 | truth angle FOV=False | RGB render volume=False | H/V angles=nan/nan deg | truth distance=inf m
[INFO] [1791463479.048813747] [front_tof_monitor]: USV RGB=True | TOF=True | active=front_tof | range=6.72 m | depth ratio=1.00 | window rates RGB/ToF=1.00/0.70 | frame change=0.0000 | truth angle FOV=False | RGB render volume=False | H/V angles=nan/nan deg | truth distance=inf m
[WARN] [1791463479.147990771] [front_tof_monitor]: USV RGB=True | TOF=False | active=front_rgb_only | range=nan m | depth ratio=0.00 | window rates RGB/ToF=1.00/0.69 | frame change=0.0000 | truth angle FOV=False | RGB render volume=False | H/V angles=nan/nan deg | truth distance=inf m
[INFO] [1791463479.248614051] [front_tof_monitor]: USV RGB=True | TOF=True | active=front_tof | range=6.72 m | depth ratio=1.00 | window rates RGB/ToF=1.00/0.69 | frame change=0.0000 | truth angle FOV=False | RGB render volume=False | H/V angles=nan/nan deg | truth distance=inf m
[WARN] [1791463479.850117834] [front_tof_monitor]: USV RGB=True | TOF=False | active=front_rgb_only | range=nan m | depth ratio=0.00 | window rates RGB/ToF=1.00/0.66 | frame change=0.0000 | truth angle FOV=False | RGB render volume=False | H/V angles=nan/nan deg | truth distance=inf m
[INFO] [1791463479.948790037] [front_tof_monitor]: USV RGB=True | TOF=True | active=front_tof | range=6.72 m | depth ratio=1.00 | window rates RGB/ToF=1.00/0.67 | frame change=0.0000 | truth angle FOV=False | RGB render volume=False | H/V angles=nan/nan deg | truth distance=inf m
[WARN] [1791463480.849518575] [front_tof_monitor]: USV RGB=True | TOF=False | active=front_rgb_only | range=nan m | depth ratio=0.00 | window rates RGB/ToF=1.00/0.66 | frame change=0.0000 | truth angle FOV=False | RGB render volume=False | H/V angles=nan/nan deg | truth distance=inf m
[INFO] [1791463480.948568819] [front_tof_monitor]: USV RGB=True | TOF=True | active=front_tof | range=6.72 m | depth ratio=1.00 | window rates RGB/ToF=1.00/0.66 | frame change=0.0000 | truth angle FOV=False | RGB render volume=False | H/V angles=nan/nan deg | truth distance=inf m
[WARN] [1791463481.550996087] [front_tof_monitor]: USV RGB=True | TOF=False | active=front_rgb_only | range=nan m | depth ratio=0.00 | window rates RGB/ToF=1.00/0.70 | frame change=0.0000 | truth angle FOV=False | RGB render volume=False | H/V angles=nan/nan deg | truth distance=inf m
[INFO] [1791463481.649112379] [front_tof_monitor]: USV RGB=True | TOF=True | active=front_tof | range=6.72 m | depth ratio=1.00 | window rates RGB/ToF=1.00/0.71 | frame change=0.0000 | truth angle FOV=False | RGB render volume=False | H/V angles=nan/nan deg | truth distance=inf m
[WARN] [1791463483.648397674] [front_tof_monitor]: USV RGB=True | TOF=False | active=front_rgb_only | range=nan m | depth ratio=0.00 | window rates RGB/ToF=1.00/0.86 | frame change=0.0000 | truth angle FOV=False | RGB render volume=False | H/V angles=nan/nan deg | truth distance=inf m
[INFO] [1791463483.748670657] [front_tof_monitor]: USV RGB=True | TOF=True | active=front_tof | range=6.72 m | depth ratio=1.00 | window rates RGB/ToF=1.00/0.88 | frame change=0.0000 | truth angle FOV=False | RGB render volume=False | H/V angles=nan/nan deg | truth distance=inf m
[WARN] [1791463483.848457344] [front_tof_monitor]: USV RGB=True | TOF=False | active=front_rgb_only | range=nan m | depth ratio=0.00 | window rates RGB/ToF=1.00/0.86 | frame change=0.0000 | truth angle FOV=False | RGB render volume=False | H/V angles=nan/nan deg | truth distance=inf m
[INFO] [1791463483.948620268] [front_tof_monitor]: USV RGB=True | TOF=True | active=front_tof | range=6.72 m | depth ratio=1.00 | window rates RGB/ToF=1.00/0.86 | frame change=0.0000 | truth angle FOV=False | RGB render volume=False | H/V angles=nan/nan deg | truth distance=inf m
[WARN] [1791463484.048582977] [front_tof_monitor]: USV RGB=True | TOF=False | active=front_rgb_only | range=nan m | depth ratio=0.00 | window rates RGB/ToF=1.00/0.86 | frame change=0.0000 | truth angle FOV=False | RGB render volume=False | H/V angles=nan/nan deg | truth distance=inf m
[INFO] [1791463484.648917523] [front_tof_monitor]: USV RGB=True | TOF=True | active=front_tof | range=6.72 m | depth ratio=1.00 | window rates RGB/ToF=1.00/0.78 | frame change=0.0000 | truth angle FOV=False | RGB render volume=False | H/V angles=nan/nan deg | truth distance=inf m
[WARN] [1791463485.047852957] [front_tof_monitor]: USV RGB=True | TOF=False | active=front_rgb_only | range=nan m | depth ratio=0.00 | window rates RGB/ToF=1.00/0.78 | frame change=0.0000 | truth angle FOV=False | RGB render volume=False | H/V angles=nan/nan deg | truth distance=inf m
[INFO] [1791463485.148657105] [front_tof_monitor]: USV RGB=True | TOF=True | active=front_tof | range=6.72 m | depth ratio=1.00 | window rates RGB/ToF=1.00/0.78 | frame change=0.0000 | truth angle FOV=False | RGB render volume=False | H/V angles=nan/nan deg | truth distance=inf m
[WARN] [1791463485.248618354] [front_tof_monitor]: USV RGB=True | TOF=False | active=front_rgb_only | range=nan m | depth ratio=0.00 | window rates RGB/ToF=1.00/0.76 | frame change=0.0000 | truth angle FOV=False | RGB render volume=False | H/V angles=nan/nan deg | truth distance=inf m
[INFO] [1791463485.348069112] [front_tof_monitor]: USV RGB=True | TOF=True | active=front_tof | range=6.72 m | depth ratio=1.00 | window rates RGB/ToF=1.00/0.76 | frame change=0.0000 | truth angle FOV=False | RGB render volume=False | H/V angles=nan/nan deg | truth distance=inf m
[WARN] [1791463486.647888878] [front_tof_monitor]: USV RGB=True | TOF=False | active=front_rgb_only | range=nan m | depth ratio=0.00 | window rates RGB/ToF=1.00/0.78 | frame change=0.0000 | truth angle FOV=False | RGB render volume=False | H/V angles=nan/nan deg | truth distance=inf m
[INFO] [1791463486.748747231] [front_tof_monitor]: USV RGB=True | TOF=True | active=front_tof | range=6.72 m | depth ratio=1.00 | window rates RGB/ToF=1.00/0.78 | frame change=0.0000 | truth angle FOV=False | RGB render volume=False | H/V angles=nan/nan deg | truth distance=inf m
[WARN] [1791463486.848609607] [front_tof_monitor]: USV RGB=True | TOF=False | active=front_rgb_only | range=nan m | depth ratio=0.00 | window rates RGB/ToF=1.00/0.76 | frame change=0.0000 | truth angle FOV=False | RGB render volume=False | H/V angles=nan/nan deg | truth distance=inf m
[INFO] [1791463487.048210994] [front_tof_monitor]: USV RGB=True | TOF=True | active=front_tof | range=6.72 m | depth ratio=1.00 | window rates RGB/ToF=1.00/0.75 | frame change=0.0000 | truth angle FOV=False | RGB render volume=False | H/V angles=nan/nan deg | truth distance=inf m
[WARN] [1791463487.248403548] [front_tof_monitor]: USV RGB=True | TOF=False | active=front_rgb_only | range=nan m | depth ratio=0.00 | window rates RGB/ToF=1.00/0.73 | frame change=0.0000 | truth angle FOV=False | RGB render volume=False | H/V angles=nan/nan deg | truth distance=inf m
[INFO] [1791463487.548195181] [front_tof_monitor]: USV RGB=True | TOF=True | active=front_tof | range=6.72 m | depth ratio=1.00 | window rates RGB/ToF=1.00/0.69 | frame change=0.0000 | truth angle FOV=False | RGB render volume=False | H/V angles=nan/nan deg | truth distance=inf m
[WARN] [1791463487.647984129] [front_tof_monitor]: USV RGB=True | TOF=False | active=front_rgb_only | range=nan m | depth ratio=0.00 | window rates RGB/ToF=1.00/0.67 | frame change=0.0000 | truth angle FOV=False | RGB render volume=False | H/V angles=nan/nan deg | truth distance=inf m
[INFO] [1791463487.748688977] [front_tof_monitor]: USV RGB=True | TOF=True | active=front_tof | range=6.72 m | depth ratio=1.00 | window rates RGB/ToF=1.00/0.67 | frame change=0.0000 | truth angle FOV=False | RGB render volume=False | H/V angles=nan/nan deg | truth distance=inf m
[WARN] [1791463487.848555118] [front_tof_monitor]: USV RGB=True | TOF=False | active=front_rgb_only | range=nan m | depth ratio=0.00 | window rates RGB/ToF=1.00/0.65 | frame change=0.0000 | truth angle FOV=False | RGB render volume=False | H/V angles=nan/nan deg | truth distance=inf m
[INFO] [1791463487.948741574] [front_tof_monitor]: USV RGB=True | TOF=True | active=front_tof | range=6.72 m | depth ratio=1.00 | window rates RGB/ToF=1.00/0.65 | frame change=0.0000 | truth angle FOV=False | RGB render volume=False | H/V angles=nan/nan deg | truth distance=inf m
[WARN] [1791463488.148237427] [front_tof_monitor]: USV RGB=True | TOF=False | active=front_rgb_only | range=nan m | depth ratio=0.00 | window rates RGB/ToF=1.00/0.62 | frame change=0.0000 | truth angle FOV=False | RGB render volume=False | H/V angles=nan/nan deg | truth distance=inf m
[INFO] [1791463488.448670293] [front_tof_monitor]: USV RGB=True | TOF=True | active=front_tof | range=6.72 m | depth ratio=1.00 | window rates RGB/ToF=1.00/0.59 | frame change=0.0000 | truth angle FOV=False | RGB render volume=False | H/V angles=nan/nan deg | truth distance=inf m
[WARN] [1791463488.848460255] [front_tof_monitor]: USV RGB=True | TOF=False | active=front_rgb_only | range=nan m | depth ratio=0.00 | window rates RGB/ToF=1.00/0.59 | frame change=0.0000 | truth angle FOV=False | RGB render volume=False | H/V angles=nan/nan deg | truth distance=inf m
[INFO] [1791463488.947995843] [front_tof_monitor]: USV RGB=True | TOF=True | active=front_tof | range=6.72 m | depth ratio=1.00 | window rates RGB/ToF=1.00/0.61 | frame change=0.0000 | truth angle FOV=False | RGB render volume=False | H/V angles=nan/nan deg | truth distance=inf m
[WARN] [1791463489.048714081] [front_tof_monitor]: USV RGB=True | TOF=False | active=front_rgb_only | range=nan m | depth ratio=0.00 | window rates RGB/ToF=1.00/0.60 | frame change=0.0000 | truth angle FOV=False | RGB render volume=False | H/V angles=nan/nan deg | truth distance=inf m
[INFO] [1791463489.148138507] [front_tof_monitor]: USV RGB=True | TOF=True | active=front_tof | range=6.72 m | depth ratio=1.00 | window rates RGB/ToF=1.00/0.61 | frame change=0.0000 | truth angle FOV=False | RGB render volume=False | H/V angles=nan/nan deg | truth distance=inf m
[WARN] [1791463489.247936704] [front_tof_monitor]: USV RGB=True | TOF=False | active=front_rgb_only | range=nan m | depth ratio=0.00 | window rates RGB/ToF=1.00/0.62 | frame change=0.0000 | truth angle FOV=False | RGB render volume=False | H/V angles=nan/nan deg | truth distance=inf m
[INFO] [1791463489.548829486] [front_tof_monitor]: USV RGB=True | TOF=True | active=front_tof | range=6.72 m | depth ratio=1.00 | window rates RGB/ToF=1.00/0.63 | frame change=0.0000 | truth angle FOV=False | RGB render volume=False | H/V angles=nan/nan deg | truth distance=inf m
[WARN] [1791463489.647954835] [front_tof_monitor]: USV RGB=True | TOF=False | active=front_rgb_only | range=nan m | depth ratio=0.00 | window rates RGB/ToF=1.00/0.63 | frame change=0.0000 | truth angle FOV=False | RGB render volume=False | H/V angles=nan/nan deg | truth distance=inf m
[INFO] [1791463489.748655277] [front_tof_monitor]: USV RGB=True | TOF=True | active=front_tof | range=6.72 m | depth ratio=1.00 | window rates RGB/ToF=1.00/0.63 | frame change=0.0000 | truth angle FOV=False | RGB render volume=False | H/V angles=nan/nan deg | truth distance=inf m
[WARN] [1791463489.947910983] [front_tof_monitor]: USV RGB=True | TOF=False | active=front_rgb_only | range=nan m | depth ratio=0.00 | window rates RGB/ToF=1.00/0.61 | frame change=0.0000 | truth angle FOV=False | RGB render volume=False | H/V angles=nan/nan deg | truth distance=inf m
[INFO] [1791463490.648029167] [front_tof_monitor]: USV RGB=True | TOF=True | active=front_tof | range=6.72 m | depth ratio=1.00 | window rates RGB/ToF=1.00/0.53 | frame change=0.0000 | truth angle FOV=False | RGB render volume=False | H/V angles=nan/nan deg | truth distance=inf m
[WARN] [1791463490.848450044] [front_tof_monitor]: USV RGB=True | TOF=False | active=front_rgb_only | range=nan m | depth ratio=0.00 | window rates RGB/ToF=1.00/0.50 | frame change=0.0000 | truth angle FOV=False | RGB render volume=False | H/V angles=nan/nan deg | truth distance=inf m
[INFO] [1791463490.948583993] [front_tof_monitor]: USV RGB=True | TOF=True | active=front_tof | range=6.72 m | depth ratio=1.00 | window rates RGB/ToF=1.00/0.51 | frame change=0.0000 | truth angle FOV=False | RGB render volume=False | H/V angles=nan/nan deg | truth distance=inf m
[WARN] [1791463491.048510878] [front_tof_monitor]: USV RGB=True | TOF=False | active=front_rgb_only | range=nan m | depth ratio=0.00 | window rates RGB/ToF=1.00/0.48 | frame change=0.0000 | truth angle FOV=False | RGB render volume=False | H/V angles=nan/nan deg | truth distance=inf m
[INFO] [1791463491.348626270] [front_tof_monitor]: USV RGB=True | TOF=True | active=front_tof | range=6.72 m | depth ratio=1.00 | window rates RGB/ToF=1.00/0.45 | frame change=0.0000 | truth angle FOV=False | RGB render volume=False | H/V angles=nan/nan deg | truth distance=inf m
[WARN] [1791463491.547936284] [front_tof_monitor]: USV RGB=True | TOF=False | active=front_rgb_only | range=nan m | depth ratio=0.00 | window rates RGB/ToF=1.00/0.42 | frame change=0.0000 | truth angle FOV=False | RGB render volume=False | H/V angles=nan/nan deg | truth distance=inf m
[INFO] [1791463491.647986492] [front_tof_monitor]: USV RGB=True | TOF=True | active=front_tof | range=6.72 m | depth ratio=1.00 | window rates RGB/ToF=1.00/0.43 | frame change=0.0000 | truth angle FOV=False | RGB render volume=False | H/V angles=nan/nan deg | truth distance=inf m
[WARN] [1791463491.748152736] [front_tof_monitor]: USV RGB=True | TOF=False | active=front_rgb_only | range=nan m | depth ratio=0.00 | window rates RGB/ToF=1.00/0.43 | frame change=0.0000 | truth angle FOV=False | RGB render volume=False | H/V angles=nan/nan deg | truth distance=inf m
[INFO] [1791463491.848378996] [front_tof_monitor]: USV RGB=True | TOF=True | active=front_tof | range=6.72 m | depth ratio=1.00 | window rates RGB/ToF=1.00/0.44 | frame change=0.0000 | truth angle FOV=False | RGB render volume=False | H/V angles=nan/nan deg | truth distance=inf m
[WARN] [1791463491.948671823] [front_tof_monitor]: USV RGB=True | TOF=False | active=front_rgb_only | range=nan m | depth ratio=0.00 | window rates RGB/ToF=1.00/0.44 | frame change=0.0000 | truth angle FOV=False | RGB render volume=False | H/V angles=nan/nan deg | truth distance=inf m
[INFO] [1791463492.049352117] [front_tof_monitor]: USV RGB=True | TOF=True | active=front_tof | range=6.72 m | depth ratio=1.00 | window rates RGB/ToF=1.00/0.44 | frame change=0.0000 | truth angle FOV=False | RGB render volume=False | H/V angles=nan/nan deg | truth distance=inf m
[WARN] [1791463492.148658725] [front_tof_monitor]: USV RGB=True | TOF=False | active=front_rgb_only | range=nan m | depth ratio=0.00 | window rates RGB/ToF=1.00/0.42 | frame change=0.0000 | truth angle FOV=False | RGB render volume=False | H/V angles=nan/nan deg | truth distance=inf m
[INFO] [1791463492.648699470] [front_tof_monitor]: USV RGB=True | TOF=True | active=front_tof | range=6.72 m | depth ratio=1.00 | window rates RGB/ToF=1.00/0.42 | frame change=0.0000 | truth angle FOV=False | RGB render volume=False | H/V angles=nan/nan deg | truth distance=inf m
[WARN] [1791463492.748545008] [front_tof_monitor]: USV RGB=True | TOF=False | active=front_rgb_only | range=nan m | depth ratio=0.00 | window rates RGB/ToF=1.00/0.41 | frame change=0.0000 | truth angle FOV=False | RGB render volume=False | H/V angles=nan/nan deg | truth distance=inf m
[INFO] [1791463493.148079574] [front_tof_monitor]: USV RGB=True | TOF=True | active=front_tof | range=6.72 m | depth ratio=1.00 | window rates RGB/ToF=1.00/0.37 | frame change=0.0000 | truth angle FOV=False | RGB render volume=False | H/V angles=nan/nan deg | truth distance=inf m
[WARN] [1791463493.248521265] [front_tof_monitor]: USV RGB=True | TOF=False | active=front_rgb_only | range=nan m | depth ratio=0.00 | window rates RGB/ToF=1.00/0.38 | frame change=0.0000 | truth angle FOV=False | RGB render volume=False | H/V angles=nan/nan deg | truth distance=inf m
[INFO] [1791463493.348029497] [front_tof_monitor]: USV RGB=True | TOF=True | active=front_tof | range=6.72 m | depth ratio=1.00 | window rates RGB/ToF=1.00/0.39 | frame change=0.0000 | truth angle FOV=False | RGB render volume=False | H/V angles=nan/nan deg | truth distance=inf m
[WARN] [1791463493.447980978] [front_tof_monitor]: USV RGB=True | TOF=False | active=front_rgb_only | range=nan m | depth ratio=0.00 | window rates RGB/ToF=1.00/0.38 | frame change=0.0000 | truth angle FOV=False | RGB render volume=False | H/V angles=nan/nan deg | truth distance=inf m
[INFO] [1791463493.548061082] [front_tof_monitor]: USV RGB=True | TOF=True | active=front_tof | range=6.72 m | depth ratio=1.00 | window rates RGB/ToF=1.00/0.39 | frame change=0.0000 | truth angle FOV=False | RGB render volume=False | H/V angles=nan/nan deg | truth distance=inf m
[WARN] [1791463493.647915290] [front_tof_monitor]: USV RGB=True | TOF=False | active=front_rgb_only | range=nan m | depth ratio=0.00 | window rates RGB/ToF=1.00/0.37 | frame change=0.0000 | truth angle FOV=False | RGB render volume=False | H/V angles=nan/nan deg | truth distance=inf m
[INFO] [1791463494.148039583] [front_tof_monitor]: USV RGB=True | TOF=True | active=front_tof | range=6.72 m | depth ratio=1.00 | window rates RGB/ToF=1.00/0.33 | frame change=0.0000 | truth angle FOV=False | RGB render volume=False | H/V angles=nan/nan deg | truth distance=inf m
[WARN] [1791463494.348218487] [front_tof_monitor]: USV RGB=True | TOF=False | active=front_rgb_only | range=nan m | depth ratio=0.00 | window rates RGB/ToF=1.00/0.34 | frame change=0.0000 | truth angle FOV=False | RGB render volume=False | H/V angles=nan/nan deg | truth distance=inf m
[INFO] [1791463494.448421784] [front_tof_monitor]: USV RGB=True | TOF=True | active=front_tof | range=6.72 m | depth ratio=1.00 | window rates RGB/ToF=1.00/0.35 | frame change=0.0000 | truth angle FOV=False | RGB render volume=False | H/V angles=nan/nan deg | truth distance=inf m
[WARN] [1791463494.547928958] [front_tof_monitor]: USV RGB=True | TOF=False | active=front_rgb_only | range=nan m | depth ratio=0.00 | window rates RGB/ToF=1.00/0.35 | frame change=0.0000 | truth angle FOV=False | RGB render volume=False | H/V angles=nan/nan deg | truth distance=inf m
[INFO] [1791463494.648541523] [front_tof_monitor]: USV RGB=True | TOF=True | active=front_tof | range=6.72 m | depth ratio=1.00 | window rates RGB/ToF=1.00/0.36 | frame change=0.0000 | truth angle FOV=False | RGB render volume=False | H/V angles=nan/nan deg | truth distance=inf m
[WARN] [1791463494.748642990] [front_tof_monitor]: USV RGB=True | TOF=False | active=front_rgb_only | range=nan m | depth ratio=0.00 | window rates RGB/ToF=1.00/0.35 | frame change=0.0000 | truth angle FOV=False | RGB render volume=False | H/V angles=nan/nan deg | truth distance=inf m
[INFO] [1791463494.848754108] [front_tof_monitor]: USV RGB=True | TOF=True | active=front_tof | range=6.72 m | depth ratio=1.00 | window rates RGB/ToF=1.00/0.34 | frame change=0.0000 | truth angle FOV=False | RGB render volume=False | H/V angles=nan/nan deg | truth distance=inf m
[WARN] [1791463495.248414946] [front_tof_monitor]: USV RGB=True | TOF=False | active=front_rgb_only | range=nan m | depth ratio=0.00 | window rates RGB/ToF=1.00/0.40 | frame change=0.0000 | truth angle FOV=False | RGB render volume=False | H/V angles=nan/nan deg | truth distance=inf m
[INFO] [1791463495.348640552] [front_tof_monitor]: USV RGB=True | TOF=True | active=front_tof | range=6.72 m | depth ratio=1.00 | window rates RGB/ToF=1.00/0.41 | frame change=0.0000 | truth angle FOV=False | RGB render volume=False | H/V angles=nan/nan deg | truth distance=inf m
[WARN] [1791463495.447887542] [front_tof_monitor]: USV RGB=True | TOF=False | active=front_rgb_only | range=nan m | depth ratio=0.00 | window rates RGB/ToF=1.00/0.41 | frame change=0.0000 | truth angle FOV=False | RGB render volume=False | H/V angles=nan/nan deg | truth distance=inf m
[INFO] [1791463495.648708830] [front_tof_monitor]: USV RGB=True | TOF=True | active=front_tof | range=6.72 m | depth ratio=1.00 | window rates RGB/ToF=1.00/0.42 | frame change=0.0000 | truth angle FOV=False | RGB render volume=False | H/V angles=nan/nan deg | truth distance=inf m
[WARN] [1791463495.748399466] [front_tof_monitor]: USV RGB=True | TOF=False | active=front_rgb_only | range=nan m | depth ratio=0.00 | window rates RGB/ToF=1.00/0.41 | frame change=0.0000 | truth angle FOV=False | RGB render volume=False | H/V angles=nan/nan deg | truth distance=inf m
[INFO] [1791463495.848036707] [front_tof_monitor]: USV RGB=True | TOF=True | active=front_tof | range=6.72 m | depth ratio=1.00 | window rates RGB/ToF=1.00/0.41 | frame change=0.0000 | truth angle FOV=False | RGB render volume=False | H/V angles=nan/nan deg | truth distance=inf m
[WARN] [1791463496.047849532] [front_tof_monitor]: USV RGB=True | TOF=False | active=front_rgb_only | range=nan m | depth ratio=0.00 | window rates RGB/ToF=1.00/0.41 | frame change=0.0000 | truth angle FOV=False | RGB render volume=False | H/V angles=nan/nan deg | truth distance=inf m
[INFO] [1791463496.148724006] [front_tof_monitor]: USV RGB=True | TOF=True | active=front_tof | range=6.72 m | depth ratio=1.00 | window rates RGB/ToF=1.00/0.44 | frame change=0.0000 | truth angle FOV=False | RGB render volume=False | H/V angles=nan/nan deg | truth distance=inf m
[WARN] [1791463496.249728791] [front_tof_monitor]: USV RGB=True | TOF=False | active=front_rgb_only | range=nan m | depth ratio=0.00 | window rates RGB/ToF=1.00/0.43 | frame change=0.0000 | truth angle FOV=False | RGB render volume=False | H/V angles=nan/nan deg | truth distance=inf m
[INFO] [1791463496.348731459] [front_tof_monitor]: USV RGB=True | TOF=True | active=front_tof | range=6.72 m | depth ratio=1.00 | window rates RGB/ToF=1.00/0.44 | frame change=0.0000 | truth angle FOV=False | RGB render volume=False | H/V angles=nan/nan deg | truth distance=inf m
[WARN] [1791463496.447918964] [front_tof_monitor]: USV RGB=True | TOF=False | active=front_rgb_only | range=nan m | depth ratio=0.00 | window rates RGB/ToF=1.00/0.43 | frame change=0.0000 | truth angle FOV=False | RGB render volume=False | H/V angles=nan/nan deg | truth distance=inf m
[INFO] [1791463496.548650843] [front_tof_monitor]: USV RGB=True | TOF=True | active=front_tof | range=6.72 m | depth ratio=1.00 | window rates RGB/ToF=1.00/0.43 | frame change=0.0000 | truth angle FOV=False | RGB render volume=False | H/V angles=nan/nan deg | truth distance=inf m
[WARN] [1791463496.648521773] [front_tof_monitor]: USV RGB=True | TOF=False | active=front_rgb_only | range=nan m | depth ratio=0.00 | window rates RGB/ToF=1.00/0.42 | frame change=0.0000 | truth angle FOV=False | RGB render volume=False | H/V angles=nan/nan deg | truth distance=inf m
[INFO] [1791463496.748082546] [front_tof_monitor]: USV RGB=True | TOF=True | active=front_tof | range=6.72 m | depth ratio=1.00 | window rates RGB/ToF=1.00/0.43 | frame change=0.0000 | truth angle FOV=False | RGB render volume=False | H/V angles=nan/nan deg | truth distance=inf m
[WARN] [1791463499.649430605] [front_tof_monitor]: USV RGB=True | TOF=False | active=front_rgb_only | range=nan m | depth ratio=0.00 | window rates RGB/ToF=1.00/0.80 | frame change=0.0000 | truth angle FOV=False | RGB render volume=False | H/V angles=nan/nan deg | truth distance=inf m
[INFO] [1791463499.749821396] [front_tof_monitor]: USV RGB=True | TOF=True | active=front_tof | range=6.72 m | depth ratio=1.00 | window rates RGB/ToF=1.00/0.82 | frame change=0.0000 | truth angle FOV=False | RGB render volume=False | H/V angles=nan/nan deg | truth distance=inf m
[WARN] [1791463499.848372247] [front_tof_monitor]: USV RGB=True | TOF=False | active=front_rgb_only | range=nan m | depth ratio=0.00 | window rates RGB/ToF=1.00/0.80 | frame change=0.0000 | truth angle FOV=False | RGB render volume=False | H/V angles=nan/nan deg | truth distance=inf m
[INFO] [1791463499.948561389] [front_tof_monitor]: USV RGB=True | TOF=True | active=front_tof | range=6.72 m | depth ratio=1.00 | window rates RGB/ToF=1.00/0.80 | frame change=0.0000 | truth angle FOV=False | RGB render volume=False | H/V angles=nan/nan deg | truth distance=inf m
[WARN] [1791463500.548714172] [front_tof_monitor]: USV RGB=True | TOF=False | active=front_rgb_only | range=nan m | depth ratio=0.00 | window rates RGB/ToF=1.00/0.84 | frame change=0.0000 | truth angle FOV=False | RGB render volume=False | H/V angles=nan/nan deg | truth distance=inf m
[INFO] [1791463500.648712161] [front_tof_monitor]: USV RGB=True | TOF=True | active=front_tof | range=6.72 m | depth ratio=1.00 | window rates RGB/ToF=1.00/0.84 | frame change=0.0000 | truth angle FOV=False | RGB render volume=False | H/V angles=nan/nan deg | truth distance=inf m
[WARN] [1791463500.748000516] [front_tof_monitor]: USV RGB=True | TOF=False | active=front_rgb_only | range=nan m | depth ratio=0.00 | window rates RGB/ToF=1.00/0.84 | frame change=0.0000 | truth angle FOV=False | RGB render volume=False | H/V angles=nan/nan deg | truth distance=inf m
[INFO] [1791463500.848845708] [front_tof_monitor]: USV RGB=True | TOF=True | active=front_tof | range=6.72 m | depth ratio=1.00 | window rates RGB/ToF=1.00/0.84 | frame change=0.0000 | truth angle FOV=False | RGB render volume=False | H/V angles=nan/nan deg | truth distance=inf m
[WARN] [1791463500.948597886] [front_tof_monitor]: USV RGB=True | TOF=False | active=front_rgb_only | range=nan m | depth ratio=0.00 | window rates RGB/ToF=1.00/0.82 | frame change=0.0020 | truth angle FOV=False | RGB render volume=False | H/V angles=nan/nan deg | truth distance=inf m
[INFO] [1791463501.048067778] [front_tof_monitor]: USV RGB=True | TOF=True | active=front_tof | range=6.73 m | depth ratio=0.93 | window rates RGB/ToF=1.00/0.84 | frame change=0.0020 | truth angle FOV=False | RGB render volume=False | H/V angles=nan/nan deg | truth distance=inf m
[WARN] [1791463501.448579685] [front_tof_monitor]: USV RGB=True | TOF=False | active=front_rgb_only | range=nan m | depth ratio=0.00 | window rates RGB/ToF=1.00/0.86 | frame change=0.0077 | truth angle FOV=False | RGB render volume=False | H/V angles=nan/nan deg | truth distance=inf m
[INFO] [1791463501.548695350] [front_tof_monitor]: USV RGB=True | TOF=True | active=front_tof | range=6.76 m | depth ratio=0.89 | window rates RGB/ToF=1.00/0.86 | frame change=0.0077 | truth angle FOV=False | RGB render volume=False | H/V angles=nan/nan deg | truth distance=inf m
[WARN] [1791463501.648499930] [front_tof_monitor]: USV RGB=True | TOF=False | active=front_rgb_only | range=nan m | depth ratio=0.00 | window rates RGB/ToF=1.00/0.84 | frame change=0.0118 | truth angle FOV=False | RGB render volume=False | H/V angles=nan/nan deg | truth distance=inf m
[INFO] [1791463501.748450358] [front_tof_monitor]: USV RGB=True | TOF=True | active=front_tof | range=6.78 m | depth ratio=0.95 | window rates RGB/ToF=1.00/0.86 | frame change=0.0118 | truth angle FOV=False | RGB render volume=False | H/V angles=nan/nan deg | truth distance=inf m
[WARN] [1791463501.848384859] [front_tof_monitor]: USV RGB=True | TOF=False | active=front_rgb_only | range=nan m | depth ratio=0.00 | window rates RGB/ToF=1.00/0.84 | frame change=0.0026 | truth angle FOV=False | RGB render volume=False | H/V angles=nan/nan deg | truth distance=inf m
[INFO] [1791463501.948984895] [front_tof_monitor]: USV RGB=True | TOF=True | active=front_tof | range=6.79 m | depth ratio=0.93 | window rates RGB/ToF=1.00/0.84 | frame change=0.0026 | truth angle FOV=False | RGB render volume=False | H/V angles=nan/nan deg | truth distance=inf m
[WARN] [1791463502.048724847] [front_tof_monitor]: USV RGB=True | TOF=False | active=front_rgb_only | range=nan m | depth ratio=0.00 | window rates RGB/ToF=1.00/0.82 | frame change=0.0061 | truth angle FOV=False | RGB render volume=False | H/V angles=nan/nan deg | truth distance=inf m
[INFO] [1791463502.148504939] [front_tof_monitor]: USV RGB=True | TOF=True | active=front_tof | range=6.81 m | depth ratio=0.85 | window rates RGB/ToF=1.00/0.82 | frame change=0.0061 | truth angle FOV=False | RGB render volume=False | H/V angles=nan/nan deg | truth distance=inf m
[WARN] [1791463502.548465658] [front_tof_monitor]: USV RGB=True | TOF=False | active=front_rgb_only | range=nan m | depth ratio=0.00 | window rates RGB/ToF=1.00/0.80 | frame change=0.0094 | truth angle FOV=False | RGB render volume=False | H/V angles=nan/nan deg | truth distance=inf m
[INFO] [1791463502.648032800] [front_tof_monitor]: USV RGB=True | TOF=True | active=front_tof | range=6.82 m | depth ratio=0.75 | window rates RGB/ToF=1.00/0.80 | frame change=0.0094 | truth angle FOV=False | RGB render volume=False | H/V angles=nan/nan deg | truth distance=inf m
[WARN] [1791463502.748213383] [front_tof_monitor]: USV RGB=True | TOF=False | active=front_rgb_only | range=nan m | depth ratio=0.00 | window rates RGB/ToF=1.00/0.78 | frame change=0.0103 | truth angle FOV=False | RGB render volume=False | H/V angles=nan/nan deg | truth distance=inf m
[INFO] [1791463503.148204235] [front_tof_monitor]: USV RGB=True | TOF=True | active=front_tof | range=6.81 m | depth ratio=0.56 | window rates RGB/ToF=1.00/0.72 | frame change=0.0070 | truth angle FOV=False | RGB render volume=False | H/V angles=nan/nan deg | truth distance=inf m
[WARN] [1791463503.248360936] [front_tof_monitor]: USV RGB=True | TOF=False | active=front_rgb_only | range=nan m | depth ratio=0.00 | window rates RGB/ToF=1.00/0.71 | frame change=0.0034 | truth angle FOV=False | RGB render volume=False | H/V angles=nan/nan deg | truth distance=inf m
[INFO] [1791463503.448167195] [front_tof_monitor]: USV RGB=True | TOF=True | active=front_tof | range=6.76 m | depth ratio=0.71 | window rates RGB/ToF=1.00/0.69 | frame change=0.0079 | truth angle FOV=False | RGB render volume=False | H/V angles=nan/nan deg | truth distance=inf m
[WARN] [1791463503.847915031] [front_tof_monitor]: USV RGB=True | TOF=False | active=front_rgb_only | range=nan m | depth ratio=0.00 | window rates RGB/ToF=1.00/0.66 | frame change=0.0071 | truth angle FOV=False | RGB render volume=False | H/V angles=nan/nan deg | truth distance=inf m
[INFO] [1791463504.148077852] [front_tof_monitor]: USV RGB=True | TOF=True | active=front_tof | range=6.86 m | depth ratio=0.68 | window rates RGB/ToF=1.00/0.62 | frame change=0.0151 | truth angle FOV=False | RGB render volume=False | H/V angles=nan/nan deg | truth distance=inf m
[WARN] [1791463504.248532197] [front_tof_monitor]: USV RGB=True | TOF=False | active=front_rgb_only | range=nan m | depth ratio=0.00 | window rates RGB/ToF=1.00/0.61 | frame change=0.0151 | truth angle FOV=False | RGB render volume=False | H/V angles=nan/nan deg | truth distance=inf m
[INFO] [1791463504.348848243] [front_tof_monitor]: USV RGB=True | TOF=True | active=front_tof | range=7.15 m | depth ratio=0.64 | window rates RGB/ToF=1.00/0.60 | frame change=0.0438 | truth angle FOV=False | RGB render volume=False | H/V angles=nan/nan deg | truth distance=inf m
[WARN] [1791463504.748375057] [front_tof_monitor]: USV RGB=True | TOF=False | active=front_rgb_only | range=nan m | depth ratio=0.00 | window rates RGB/ToF=1.00/0.61 | frame change=0.0171 | truth angle FOV=False | RGB render volume=False | H/V angles=nan/nan deg | truth distance=inf m
[INFO] [1791463505.048681369] [front_tof_monitor]: USV RGB=True | TOF=True | active=front_tof | range=9.39 m | depth ratio=1.00 | window rates RGB/ToF=1.00/0.59 | frame change=0.0164 | truth angle FOV=False | RGB render volume=False | H/V angles=nan/nan deg | truth distance=inf m
[WARN] [1791463505.648392753] [front_tof_monitor]: USV RGB=True | TOF=False | active=front_rgb_only | range=nan m | depth ratio=0.00 | window rates RGB/ToF=1.00/0.58 | frame change=0.0123 | truth angle FOV=False | RGB render volume=False | H/V angles=nan/nan deg | truth distance=inf m
[WARN] [1791463505.748518467] [front_tof_monitor]: USV RGB=False | TOF=False | active=none | range=nan m | depth ratio=0.00 | window rates RGB/ToF=0.98/0.58 | frame change=0.0129 | truth angle FOV=False | RGB render volume=False | H/V angles=nan/nan deg | truth distance=inf m
[INFO] [1791463506.348731649] [front_tof_monitor]: USV RGB=True | TOF=True | active=front_tof | range=12.32 m | depth ratio=1.00 | window rates RGB/ToF=0.88/0.51 | frame change=0.0070 | truth angle FOV=False | RGB render volume=False | H/V angles=nan/nan deg | truth distance=inf m
[WARN] [1791463506.548414096] [front_tof_monitor]: USV RGB=True | TOF=False | active=front_rgb_only | range=nan m | depth ratio=0.00 | window rates RGB/ToF=0.88/0.51 | frame change=0.0069 | truth angle FOV=False | RGB render volume=False | H/V angles=nan/nan deg | truth distance=inf m
[INFO] [1791463506.648792218] [front_tof_monitor]: USV RGB=True | TOF=True | active=front_tof | range=14.50 m | depth ratio=1.00 | window rates RGB/ToF=0.88/0.52 | frame change=0.0069 | truth angle FOV=False | RGB render volume=False | H/V angles=nan/nan deg | truth distance=inf m
[WARN] [1791463506.747939183] [front_tof_monitor]: USV RGB=True | TOF=False | active=front_rgb_only | range=nan m | depth ratio=0.00 | window rates RGB/ToF=0.88/0.51 | frame change=0.0056 | truth angle FOV=False | RGB render volume=False | H/V angles=nan/nan deg | truth distance=inf m
[INFO] [1791463507.147954769] [front_tof_monitor]: USV RGB=True | TOF=True | active=front_tof | range=20.27 m | depth ratio=1.00 | window rates RGB/ToF=0.88/0.49 | frame change=0.0063 | truth angle FOV=False | RGB render volume=False | H/V angles=nan/nan deg | truth distance=inf m
[WARN] [1791463507.547793576] [front_tof_monitor]: USV RGB=True | TOF=False | active=front_rgb_only | range=nan m | depth ratio=0.00 | window rates RGB/ToF=0.88/0.47 | frame change=0.0050 | truth angle FOV=False | RGB render volume=False | H/V angles=nan/nan deg | truth distance=inf m
[INFO] [1791463507.648573926] [front_tof_monitor]: USV RGB=True | TOF=True | active=front_tof | range=23.27 m | depth ratio=0.92 | window rates RGB/ToF=0.88/0.49 | frame change=0.0066 | truth angle FOV=False | RGB render volume=False | H/V angles=nan/nan deg | truth distance=inf m
[WARN] [1791463507.747785527] [front_tof_monitor]: USV RGB=True | TOF=False | active=front_rgb_only | range=nan m | depth ratio=0.00 | window rates RGB/ToF=0.88/0.47 | frame change=0.0066 | truth angle FOV=False | RGB render volume=False | H/V angles=nan/nan deg | truth distance=inf m
[INFO] [1791463507.847931658] [front_tof_monitor]: USV RGB=True | TOF=True | active=front_tof | range=24.17 m | depth ratio=0.66 | window rates RGB/ToF=0.88/0.49 | frame change=0.0067 | truth angle FOV=False | RGB render volume=False | H/V angles=nan/nan deg | truth distance=inf m
[WARN] [1791463508.248252605] [front_tof_monitor]: USV RGB=True | TOF=False | active=front_rgb_only | range=nan m | depth ratio=0.00 | window rates RGB/ToF=0.88/0.54 | frame change=0.0010 | truth angle FOV=False | RGB render volume=False | H/V angles=nan/nan deg | truth distance=inf m
[INFO] [1791463508.748064644] [front_tof_monitor]: USV RGB=True | TOF=True | active=front_tof | range=24.83 m | depth ratio=0.79 | window rates RGB/ToF=0.88/0.49 | frame change=0.0024 | truth angle FOV=False | RGB render volume=False | H/V angles=nan/nan deg | truth distance=inf m
[WARN] [1791463508.948362961] [front_tof_monitor]: USV RGB=True | TOF=False | active=front_rgb_only | range=nan m | depth ratio=0.00 | window rates RGB/ToF=0.88/0.49 | frame change=0.0024 | truth angle FOV=False | RGB render volume=False | H/V angles=nan/nan deg | truth distance=inf m
[INFO] [1791463510.448007823] [front_tof_monitor]: USV RGB=True | TOF=True | active=front_tof | range=23.95 m | depth ratio=1.00 | window rates RGB/ToF=0.88/0.33 | frame change=0.0237 | truth angle FOV=False | RGB render volume=False | H/V angles=nan/nan deg | truth distance=inf m
[WARN] [1791463510.548661013] [front_tof_monitor]: USV RGB=True | TOF=False | active=front_rgb_only | range=nan m | depth ratio=0.00 | window rates RGB/ToF=0.88/0.30 | frame change=0.0245 | truth angle FOV=False | RGB render volume=False | H/V angles=nan/nan deg | truth distance=inf m
[INFO] [1791463510.847963885] [front_tof_monitor]: USV RGB=True | TOF=True | active=front_tof | range=24.57 m | depth ratio=0.57 | window rates RGB/ToF=0.90/0.31 | frame change=0.0232 | truth angle FOV=False | RGB render volume=False | H/V angles=nan/nan deg | truth distance=inf m
[WARN] [1791463512.147985247] [front_tof_monitor]: USV RGB=True | TOF=False | active=front_rgb_only | range=nan m | depth ratio=0.00 | window rates RGB/ToF=1.00/0.48 | frame change=0.0213 | truth angle FOV=False | RGB render volume=False | H/V angles=nan/nan deg | truth distance=inf m
[INFO] [1791463513.347920216] [front_tof_monitor]: USV RGB=True | TOF=True | active=front_tof | range=21.88 m | depth ratio=0.81 | window rates RGB/ToF=1.00/0.33 | frame change=0.0027 | truth angle FOV=False | RGB render volume=False | H/V angles=nan/nan deg | truth distance=inf m
[WARN] [1791463513.448351744] [front_tof_monitor]: USV RGB=True | TOF=False | active=front_rgb_only | range=nan m | depth ratio=0.00 | window rates RGB/ToF=1.00/0.33 | frame change=0.0046 | truth angle FOV=False | RGB render volume=False | H/V angles=nan/nan deg | truth distance=inf m
[INFO] [1791463513.548717555] [front_tof_monitor]: USV RGB=True | TOF=True | active=front_tof | range=21.07 m | depth ratio=1.00 | window rates RGB/ToF=1.00/0.36 | frame change=0.0046 | truth angle FOV=False | RGB render volume=False | H/V angles=nan/nan deg | truth distance=inf m
[WARN] [1791463513.747831296] [front_tof_monitor]: USV RGB=True | TOF=False | active=front_rgb_only | range=nan m | depth ratio=0.00 | window rates RGB/ToF=1.00/0.36 | frame change=0.0035 | truth angle FOV=False | RGB render volume=False | H/V angles=nan/nan deg | truth distance=inf m
[INFO] [1791463513.848020573] [front_tof_monitor]: USV RGB=True | TOF=True | active=front_tof | range=20.25 m | depth ratio=1.00 | window rates RGB/ToF=1.00/0.36 | frame change=0.0035 | truth angle FOV=False | RGB render volume=False | H/V angles=nan/nan deg | truth distance=inf m
[WARN] [1791463513.948265188] [front_tof_monitor]: USV RGB=True | TOF=False | active=front_rgb_only | range=nan m | depth ratio=0.00 | window rates RGB/ToF=1.00/0.36 | frame change=0.0016 | truth angle FOV=False | RGB render volume=False | H/V angles=nan/nan deg | truth distance=inf m
[INFO] [1791463514.547987540] [front_tof_monitor]: USV RGB=True | TOF=True | active=front_tof | range=17.99 m | depth ratio=1.00 | window rates RGB/ToF=1.00/0.37 | frame change=0.0037 | truth angle FOV=False | RGB render volume=False | H/V angles=nan/nan deg | truth distance=inf m
[WARN] [1791463514.648022670] [front_tof_monitor]: USV RGB=True | TOF=False | active=front_rgb_only | range=nan m | depth ratio=0.00 | window rates RGB/ToF=1.00/0.37 | frame change=0.0057 | truth angle FOV=False | RGB render volume=False | H/V angles=nan/nan deg | truth distance=inf m
[INFO] [1791463515.148642520] [front_tof_monitor]: USV RGB=True | TOF=True | active=front_tof | range=16.04 m | depth ratio=1.00 | window rates RGB/ToF=1.00/0.40 | frame change=0.0012 | truth angle FOV=False | RGB render volume=False | H/V angles=nan/nan deg | truth distance=inf m
[WARN] [1791463515.348373374] [front_tof_monitor]: USV RGB=True | TOF=False | active=front_rgb_only | range=nan m | depth ratio=0.00 | window rates RGB/ToF=1.00/0.42 | frame change=0.0028 | truth angle FOV=False | RGB render volume=False | H/V angles=nan/nan deg | truth distance=inf m
[INFO] [1791463515.447950820] [front_tof_monitor]: USV RGB=True | TOF=True | active=front_tof | range=15.35 m | depth ratio=1.00 | window rates RGB/ToF=1.00/0.43 | frame change=0.0028 | truth angle FOV=False | RGB render volume=False | H/V angles=nan/nan deg | truth distance=inf m
[WARN] [1791463515.547800831] [front_tof_monitor]: USV RGB=True | TOF=False | active=front_rgb_only | range=nan m | depth ratio=0.00 | window rates RGB/ToF=1.00/0.41 | frame change=0.0026 | truth angle FOV=False | RGB render volume=False | H/V angles=nan/nan deg | truth distance=inf m
[INFO] [1791463515.648517953] [front_tof_monitor]: USV RGB=True | TOF=True | active=front_tof | range=14.83 m | depth ratio=1.00 | window rates RGB/ToF=1.00/0.44 | frame change=0.0026 | truth angle FOV=False | RGB render volume=False | H/V angles=nan/nan deg | truth distance=inf m
[WARN] [1791463515.748607659] [front_tof_monitor]: USV RGB=True | TOF=False | active=front_rgb_only | range=nan m | depth ratio=0.00 | window rates RGB/ToF=1.00/0.44 | frame change=0.0011 | truth angle FOV=False | RGB render volume=False | H/V angles=nan/nan deg | truth distance=inf m
[INFO] [1791463515.848214707] [front_tof_monitor]: USV RGB=True | TOF=True | active=front_tof | range=14.32 m | depth ratio=1.00 | window rates RGB/ToF=1.00/0.45 | frame change=0.0011 | truth angle FOV=False | RGB render volume=False | H/V angles=nan/nan deg | truth distance=inf m
[WARN] [1791463516.448314423] [front_tof_monitor]: USV RGB=True | TOF=False | active=front_rgb_only | range=nan m | depth ratio=0.00 | window rates RGB/ToF=1.00/0.43 | frame change=0.0010 | truth angle FOV=False | RGB render volume=False | H/V angles=nan/nan deg | truth distance=inf m
[INFO] [1791463516.548919515] [front_tof_monitor]: USV RGB=True | TOF=True | active=front_tof | range=12.74 m | depth ratio=1.00 | window rates RGB/ToF=1.00/0.43 | frame change=0.0010 | truth angle FOV=False | RGB render volume=False | H/V angles=nan/nan deg | truth distance=inf m
[WARN] [1791463516.648408830] [front_tof_monitor]: USV RGB=True | TOF=False | active=front_rgb_only | range=nan m | depth ratio=0.00 | window rates RGB/ToF=1.00/0.40 | frame change=0.0014 | truth angle FOV=False | RGB render volume=False | H/V angles=nan/nan deg | truth distance=inf m
[INFO] [1791463516.748779793] [front_tof_monitor]: USV RGB=True | TOF=True | active=front_tof | range=12.33 m | depth ratio=1.00 | window rates RGB/ToF=1.00/0.40 | frame change=0.0014 | truth angle FOV=False | RGB render volume=False | H/V angles=nan/nan deg | truth distance=inf m
[WARN] [1791463516.848449908] [front_tof_monitor]: USV RGB=True | TOF=False | active=front_rgb_only | range=nan m | depth ratio=0.00 | window rates RGB/ToF=1.00/0.38 | frame change=0.0019 | truth angle FOV=False | RGB render volume=False | H/V angles=nan/nan deg | truth distance=inf m
[INFO] [1791463516.948496793] [front_tof_monitor]: USV RGB=True | TOF=True | active=front_tof | range=11.93 m | depth ratio=1.00 | window rates RGB/ToF=1.00/0.39 | frame change=0.0019 | truth angle FOV=False | RGB render volume=False | H/V angles=nan/nan deg | truth distance=inf m
[WARN] [1791463517.348237679] [front_tof_monitor]: USV RGB=True | TOF=False | active=front_rgb_only | range=nan m | depth ratio=0.00 | window rates RGB/ToF=1.00/0.41 | frame change=0.0036 | truth angle FOV=False | RGB render volume=False | H/V angles=nan/nan deg | truth distance=inf m
[INFO] [1791463517.448598016] [front_tof_monitor]: USV RGB=True | TOF=True | active=front_tof | range=10.98 m | depth ratio=1.00 | window rates RGB/ToF=1.00/0.44 | frame change=0.0036 | truth angle FOV=False | RGB render volume=False | H/V angles=nan/nan deg | truth distance=inf m
[WARN] [1791463521.747818882] [front_tof_monitor]: USV RGB=True | TOF=False | active=front_rgb_only | range=nan m | depth ratio=0.00 | window rates RGB/ToF=1.00/0.94 | frame change=0.0066 | truth angle FOV=False | RGB render volume=False | H/V angles=nan/nan deg | truth distance=inf m
[INFO] [1791463521.848776203] [front_tof_monitor]: USV RGB=True | TOF=True | active=front_tof | range=6.50 m | depth ratio=1.00 | window rates RGB/ToF=1.00/0.96 | frame change=0.0066 | truth angle FOV=False | RGB render volume=False | H/V angles=nan/nan deg | truth distance=inf m
[WARN] [1791463521.948484954] [front_tof_monitor]: USV RGB=True | TOF=False | active=front_rgb_only | range=nan m | depth ratio=0.00 | window rates RGB/ToF=1.00/0.94 | frame change=0.0028 | truth angle FOV=False | RGB render volume=False | H/V angles=nan/nan deg | truth distance=inf m
[INFO] [1791463522.048649398] [front_tof_monitor]: USV RGB=True | TOF=True | active=front_tof | range=6.56 m | depth ratio=1.00 | window rates RGB/ToF=1.00/0.94 | frame change=0.0028 | truth angle FOV=False | RGB render volume=False | H/V angles=nan/nan deg | truth distance=inf m
[WARN] [1791463528.148635853] [front_tof_monitor]: USV RGB=True | TOF=False | active=front_rgb_only | range=nan m | depth ratio=0.00 | window rates RGB/ToF=1.00/0.98 | frame change=0.0099 | truth angle FOV=False | RGB render volume=False | H/V angles=nan/nan deg | truth distance=inf m
[INFO] [1791463528.249231871] [front_tof_monitor]: USV RGB=True | TOF=True | active=front_tof | range=6.20 m | depth ratio=1.00 | window rates RGB/ToF=1.00/0.98 | frame change=0.0083 | truth angle FOV=False | RGB render volume=False | H/V angles=nan/nan deg | truth distance=inf m
[WARN] [1791463533.548527572] [front_tof_monitor]: USV RGB=True | TOF=False | active=front_rgb_only | range=nan m | depth ratio=0.00 | window rates RGB/ToF=1.00/0.98 | frame change=0.0016 | truth angle FOV=False | RGB render volume=False | H/V angles=nan/nan deg | truth distance=inf m
[INFO] [1791463533.648646666] [front_tof_monitor]: USV RGB=True | TOF=True | active=front_tof | range=6.47 m | depth ratio=1.00 | window rates RGB/ToF=1.00/0.98 | frame change=0.0038 | truth angle FOV=False | RGB render volume=False | H/V angles=nan/nan deg | truth distance=inf m
[WARN] [1791463533.748508268] [front_tof_monitor]: USV RGB=True | TOF=False | active=front_rgb_only | range=nan m | depth ratio=0.00 | window rates RGB/ToF=1.00/0.96 | frame change=0.0038 | truth angle FOV=False | RGB render volume=False | H/V angles=nan/nan deg | truth distance=inf m
[INFO] [1791463534.148802208] [front_tof_monitor]: USV RGB=True | TOF=True | active=front_tof | range=6.56 m | depth ratio=1.00 | window rates RGB/ToF=1.00/0.90 | frame change=0.0020 | truth angle FOV=False | RGB render volume=False | H/V angles=nan/nan deg | truth distance=inf m
[WARN] [1791463534.248484406] [front_tof_monitor]: USV RGB=True | TOF=False | active=front_rgb_only | range=nan m | depth ratio=0.00 | window rates RGB/ToF=1.00/0.88 | frame change=0.0020 | truth angle FOV=False | RGB render volume=False | H/V angles=nan/nan deg | truth distance=inf m
[INFO] [1791463534.348062494] [front_tof_monitor]: USV RGB=True | TOF=True | active=front_tof | range=6.41 m | depth ratio=1.00 | window rates RGB/ToF=1.00/0.88 | frame change=0.0017 | truth angle FOV=False | RGB render volume=False | H/V angles=nan/nan deg | truth distance=inf m
[WARN] [1791463534.448744367] [front_tof_monitor]: USV RGB=True | TOF=False | active=front_rgb_only | range=nan m | depth ratio=0.00 | window rates RGB/ToF=1.00/0.86 | frame change=0.0017 | truth angle FOV=False | RGB render volume=False | H/V angles=nan/nan deg | truth distance=inf m
[INFO] [1791463534.548727811] [front_tof_monitor]: USV RGB=True | TOF=True | active=front_tof | range=6.31 m | depth ratio=1.00 | window rates RGB/ToF=1.00/0.86 | frame change=0.0023 | truth angle FOV=False | RGB render volume=False | H/V angles=nan/nan deg | truth distance=inf m
[WARN] [1791463534.747904458] [front_tof_monitor]: USV RGB=True | TOF=False | active=front_rgb_only | range=nan m | depth ratio=0.00 | window rates RGB/ToF=1.00/0.84 | frame change=0.0023 | truth angle FOV=False | RGB render volume=False | H/V angles=nan/nan deg | truth distance=inf m
[INFO] [1791463534.848079335] [front_tof_monitor]: USV RGB=True | TOF=True | active=front_tof | range=6.40 m | depth ratio=1.00 | window rates RGB/ToF=1.00/0.84 | frame change=0.0044 | truth angle FOV=False | RGB render volume=False | H/V angles=nan/nan deg | truth distance=inf m
[WARN] [1791463534.948717545] [front_tof_monitor]: USV RGB=True | TOF=False | active=front_rgb_only | range=nan m | depth ratio=0.00 | window rates RGB/ToF=1.00/0.82 | frame change=0.0044 | truth angle FOV=False | RGB render volume=False | H/V angles=nan/nan deg | truth distance=inf m
[INFO] [1791463535.048083312] [front_tof_monitor]: USV RGB=True | TOF=True | active=front_tof | range=6.27 m | depth ratio=1.00 | window rates RGB/ToF=1.00/0.82 | frame change=0.0038 | truth angle FOV=False | RGB render volume=False | H/V angles=nan/nan deg | truth distance=inf m
[WARN] [1791463537.948733043] [front_tof_monitor]: USV RGB=True | TOF=False | active=front_rgb_only | range=nan m | depth ratio=0.00 | window rates RGB/ToF=1.00/0.80 | frame change=0.0065 | truth angle FOV=False | RGB render volume=False | H/V angles=nan/nan deg | truth distance=inf m
[INFO] [1791463538.049061012] [front_tof_monitor]: USV RGB=True | TOF=True | active=front_tof | range=6.20 m | depth ratio=1.00 | window rates RGB/ToF=1.00/0.80 | frame change=0.0073 | truth angle FOV=False | RGB render volume=False | H/V angles=nan/nan deg | truth distance=inf m
[WARN] [1791463538.148493329] [front_tof_monitor]: USV RGB=True | TOF=False | active=front_rgb_only | range=nan m | depth ratio=0.00 | window rates RGB/ToF=1.00/0.78 | frame change=0.0073 | truth angle FOV=False | RGB render volume=False | H/V angles=nan/nan deg | truth distance=inf m
[INFO] [1791463538.249040199] [front_tof_monitor]: USV RGB=True | TOF=True | active=front_tof | range=6.17 m | depth ratio=1.00 | window rates RGB/ToF=1.00/0.78 | frame change=0.0056 | truth angle FOV=False | RGB render volume=False | H/V angles=nan/nan deg | truth distance=inf m
[WARN] [1791463538.348389327] [front_tof_monitor]: USV RGB=True | TOF=False | active=front_rgb_only | range=nan m | depth ratio=0.00 | window rates RGB/ToF=1.00/0.76 | frame change=0.0056 | truth angle FOV=False | RGB render volume=False | H/V angles=nan/nan deg | truth distance=inf m
[INFO] [1791463538.448685996] [front_tof_monitor]: USV RGB=True | TOF=True | active=front_tof | range=6.12 m | depth ratio=1.00 | window rates RGB/ToF=1.00/0.76 | frame change=0.0055 | truth angle FOV=False | RGB render volume=False | H/V angles=nan/nan deg | truth distance=inf m
[WARN] [1791463539.048801744] [front_tof_monitor]: USV RGB=True | TOF=False | active=front_rgb_only | range=nan m | depth ratio=0.00 | window rates RGB/ToF=1.00/0.84 | frame change=0.0042 | truth angle FOV=False | RGB render volume=False | H/V angles=nan/nan deg | truth distance=inf m
[INFO] [1791463539.149660579] [front_tof_monitor]: USV RGB=True | TOF=True | active=front_tof | range=5.96 m | depth ratio=1.00 | window rates RGB/ToF=1.00/0.84 | frame change=0.0066 | truth angle FOV=False | RGB render volume=False | H/V angles=nan/nan deg | truth distance=inf m
[WARN] [1791463539.252786594] [front_tof_monitor]: USV RGB=True | TOF=False | active=front_rgb_only | range=nan m | depth ratio=0.00 | window rates RGB/ToF=1.00/0.84 | frame change=0.0066 | truth angle FOV=False | RGB render volume=False | H/V angles=nan/nan deg | truth distance=inf m
[INFO] [1791463539.349896275] [front_tof_monitor]: USV RGB=True | TOF=True | active=front_tof | range=5.91 m | depth ratio=1.00 | window rates RGB/ToF=1.00/0.84 | frame change=0.0074 | truth angle FOV=False | RGB render volume=False | H/V angles=nan/nan deg | truth distance=inf m
[WARN] [1791463541.348713857] [front_tof_monitor]: USV RGB=True | TOF=False | active=front_rgb_only | range=nan m | depth ratio=0.00 | window rates RGB/ToF=1.00/0.88 | frame change=0.0146 | truth angle FOV=False | RGB render volume=False | H/V angles=nan/nan deg | truth distance=inf m
[INFO] [1791463541.448739586] [front_tof_monitor]: USV RGB=True | TOF=True | active=front_tof | range=6.29 m | depth ratio=1.00 | window rates RGB/ToF=1.00/0.88 | frame change=0.0124 | truth angle FOV=False | RGB render volume=False | H/V angles=nan/nan deg | truth distance=inf m
[WARN] [1791463541.548523763] [front_tof_monitor]: USV RGB=True | TOF=False | active=front_rgb_only | range=nan m | depth ratio=0.00 | window rates RGB/ToF=1.00/0.86 | frame change=0.0124 | truth angle FOV=False | RGB render volume=False | H/V angles=nan/nan deg | truth distance=inf m
[INFO] [1791463541.649026456] [front_tof_monitor]: USV RGB=True | TOF=True | active=front_tof | range=6.37 m | depth ratio=1.00 | window rates RGB/ToF=1.00/0.86 | frame change=0.0080 | truth angle FOV=False | RGB render volume=False | H/V angles=nan/nan deg | truth distance=inf m
[WARN] [1791463542.248646904] [front_tof_monitor]: USV RGB=True | TOF=False | active=front_rgb_only | range=nan m | depth ratio=0.00 | window rates RGB/ToF=1.00/0.84 | frame change=0.0035 | truth angle FOV=False | RGB render volume=False | H/V angles=nan/nan deg | truth distance=inf m
[INFO] [1791463542.448621215] [front_tof_monitor]: USV RGB=True | TOF=True | active=front_tof | range=6.42 m | depth ratio=1.00 | window rates RGB/ToF=1.00/0.82 | frame change=0.0069 | truth angle FOV=False | RGB render volume=False | H/V angles=nan/nan deg | truth distance=inf m
[WARN] [1791463542.548042069] [front_tof_monitor]: USV RGB=True | TOF=False | active=front_rgb_only | range=nan m | depth ratio=0.00 | window rates RGB/ToF=1.00/0.80 | frame change=0.0114 | truth angle FOV=False | RGB render volume=False | H/V angles=nan/nan deg | truth distance=inf m
[INFO] [1791463542.648209831] [front_tof_monitor]: USV RGB=True | TOF=True | active=front_tof | range=6.35 m | depth ratio=1.00 | window rates RGB/ToF=1.00/0.80 | frame change=0.0114 | truth angle FOV=False | RGB render volume=False | H/V angles=nan/nan deg | truth distance=inf m
[WARN] [1791463542.748610022] [front_tof_monitor]: USV RGB=True | TOF=False | active=front_rgb_only | range=nan m | depth ratio=0.00 | window rates RGB/ToF=1.00/0.78 | frame change=0.0088 | truth angle FOV=False | RGB render volume=False | H/V angles=nan/nan deg | truth distance=inf m
[INFO] [1791463542.848955376] [front_tof_monitor]: USV RGB=True | TOF=True | active=front_tof | range=6.31 m | depth ratio=1.00 | window rates RGB/ToF=1.00/0.78 | frame change=0.0088 | truth angle FOV=False | RGB render volume=False | H/V angles=nan/nan deg | truth distance=inf m
[WARN] [1791463543.048587378] [front_tof_monitor]: USV RGB=True | TOF=False | active=front_rgb_only | range=nan m | depth ratio=0.00 | window rates RGB/ToF=1.00/0.78 | frame change=0.0036 | truth angle FOV=False | RGB render volume=False | H/V angles=nan/nan deg | truth distance=inf m
[INFO] [1791463543.248858916] [front_tof_monitor]: USV RGB=True | TOF=True | active=front_tof | range=6.28 m | depth ratio=1.00 | window rates RGB/ToF=1.00/0.78 | frame change=0.0033 | truth angle FOV=False | RGB render volume=False | H/V angles=nan/nan deg | truth distance=inf m
[WARN] [1791463543.348090702] [front_tof_monitor]: USV RGB=True | TOF=False | active=front_rgb_only | range=nan m | depth ratio=0.00 | window rates RGB/ToF=1.00/0.76 | frame change=0.0033 | truth angle FOV=False | RGB render volume=False | H/V angles=nan/nan deg | truth distance=inf m
[INFO] [1791463543.448865209] [front_tof_monitor]: USV RGB=True | TOF=True | active=front_tof | range=6.23 m | depth ratio=1.00 | window rates RGB/ToF=1.00/0.78 | frame change=0.0024 | truth angle FOV=False | RGB render volume=False | H/V angles=nan/nan deg | truth distance=inf m
[WARN] [1791463544.048107101] [front_tof_monitor]: USV RGB=True | TOF=False | active=front_rgb_only | range=nan m | depth ratio=0.00 | window rates RGB/ToF=1.00/0.76 | frame change=0.0072 | truth angle FOV=False | RGB render volume=False | H/V angles=nan/nan deg | truth distance=inf m
[INFO] [1791463544.148220305] [front_tof_monitor]: USV RGB=True | TOF=True | active=front_tof | range=6.21 m | depth ratio=1.00 | window rates RGB/ToF=1.00/0.78 | frame change=0.0061 | truth angle FOV=False | RGB render volume=False | H/V angles=nan/nan deg | truth distance=inf m
[WARN] [1791463544.248283895] [front_tof_monitor]: USV RGB=True | TOF=False | active=front_rgb_only | range=nan m | depth ratio=0.00 | window rates RGB/ToF=1.00/0.76 | frame change=0.0061 | truth angle FOV=False | RGB render volume=False | H/V angles=nan/nan deg | truth distance=inf m
[INFO] [1791463544.348912092] [front_tof_monitor]: USV RGB=True | TOF=True | active=front_tof | range=6.22 m | depth ratio=1.00 | window rates RGB/ToF=1.00/0.78 | frame change=0.0055 | truth angle FOV=False | RGB render volume=False | H/V angles=nan/nan deg | truth distance=inf m
[WARN] [1791463544.748029772] [front_tof_monitor]: USV RGB=True | TOF=False | active=front_rgb_only | range=nan m | depth ratio=0.00 | window rates RGB/ToF=1.00/0.76 | frame change=0.0036 | truth angle FOV=False | RGB render volume=False | H/V angles=nan/nan deg | truth distance=inf m
[INFO] [1791463544.849409550] [front_tof_monitor]: USV RGB=True | TOF=True | active=front_tof | range=6.28 m | depth ratio=1.00 | window rates RGB/ToF=1.00/0.76 | frame change=0.0042 | truth angle FOV=False | RGB render volume=False | H/V angles=nan/nan deg | truth distance=inf m
[WARN] [1791463544.948254182] [front_tof_monitor]: USV RGB=True | TOF=False | active=front_rgb_only | range=nan m | depth ratio=0.00 | window rates RGB/ToF=1.00/0.74 | frame change=0.0042 | truth angle FOV=False | RGB render volume=False | H/V angles=nan/nan deg | truth distance=inf m
[INFO] [1791463545.148851051] [front_tof_monitor]: USV RGB=True | TOF=True | active=front_tof | range=6.33 m | depth ratio=1.00 | window rates RGB/ToF=1.00/0.73 | frame change=0.0037 | truth angle FOV=False | RGB render volume=False | H/V angles=nan/nan deg | truth distance=inf m
[WARN] [1791463545.348255684] [front_tof_monitor]: USV RGB=True | TOF=False | active=front_rgb_only | range=nan m | depth ratio=0.00 | window rates RGB/ToF=1.00/0.71 | frame change=0.0039 | truth angle FOV=False | RGB render volume=False | H/V angles=nan/nan deg | truth distance=inf m
[INFO] [1791463545.448909946] [front_tof_monitor]: USV RGB=True | TOF=True | active=front_tof | range=6.38 m | depth ratio=1.00 | window rates RGB/ToF=1.00/0.70 | frame change=0.0039 | truth angle FOV=False | RGB render volume=False | H/V angles=nan/nan deg | truth distance=inf m
[WARN] [1791463545.548620071] [front_tof_monitor]: USV RGB=True | TOF=False | active=front_rgb_only | range=nan m | depth ratio=0.00 | window rates RGB/ToF=1.00/0.69 | frame change=0.0025 | truth angle FOV=False | RGB render volume=False | H/V angles=nan/nan deg | truth distance=inf m
[INFO] [1791463545.948409205] [front_tof_monitor]: USV RGB=True | TOF=True | active=front_tof | range=6.42 m | depth ratio=1.00 | window rates RGB/ToF=1.00/0.63 | frame change=0.0025 | truth angle FOV=False | RGB render volume=False | H/V angles=nan/nan deg | truth distance=inf m
[WARN] [1791463546.048755543] [front_tof_monitor]: USV RGB=True | TOF=False | active=front_rgb_only | range=nan m | depth ratio=0.00 | window rates RGB/ToF=1.00/0.60 | frame change=0.0013 | truth angle FOV=False | RGB render volume=False | H/V angles=nan/nan deg | truth distance=inf m
[INFO] [1791463546.248997630] [front_tof_monitor]: USV RGB=True | TOF=True | active=front_tof | range=6.42 m | depth ratio=1.00 | window rates RGB/ToF=1.00/0.59 | frame change=0.0015 | truth angle FOV=False | RGB render volume=False | H/V angles=nan/nan deg | truth distance=inf m
[WARN] [1791463546.348680839] [front_tof_monitor]: USV RGB=True | TOF=False | active=front_rgb_only | range=nan m | depth ratio=0.00 | window rates RGB/ToF=1.00/0.57 | frame change=0.0015 | truth angle FOV=False | RGB render volume=False | H/V angles=nan/nan deg | truth distance=inf m
[INFO] [1791463546.448573074] [front_tof_monitor]: USV RGB=True | TOF=True | active=front_tof | range=6.42 m | depth ratio=1.00 | window rates RGB/ToF=1.00/0.59 | frame change=0.0023 | truth angle FOV=False | RGB render volume=False | H/V angles=nan/nan deg | truth distance=inf m
[WARN] [1791463549.348888171] [front_tof_monitor]: USV RGB=True | TOF=False | active=front_rgb_only | range=nan m | depth ratio=0.00 | window rates RGB/ToF=1.00/0.76 | frame change=0.0000 | truth angle FOV=False | RGB render volume=False | H/V angles=nan/nan deg | truth distance=inf m
[INFO] [1791463549.448989118] [front_tof_monitor]: USV RGB=True | TOF=True | active=front_tof | range=6.49 m | depth ratio=1.00 | window rates RGB/ToF=1.00/0.76 | frame change=0.0000 | truth angle FOV=False | RGB render volume=False | H/V angles=nan/nan deg | truth distance=inf m
[WARN] [1791463549.548747921] [front_tof_monitor]: USV RGB=True | TOF=False | active=front_rgb_only | range=nan m | depth ratio=0.00 | window rates RGB/ToF=1.00/0.74 | frame change=0.0000 | truth angle FOV=False | RGB render volume=False | H/V angles=nan/nan deg | truth distance=inf m
[INFO] [1791463549.649241558] [front_tof_monitor]: USV RGB=True | TOF=True | active=front_tof | range=6.51 m | depth ratio=1.00 | window rates RGB/ToF=1.00/0.74 | frame change=0.0016 | truth angle FOV=False | RGB render volume=False | H/V angles=nan/nan deg | truth distance=inf m
[WARN] [1791463549.748633779] [front_tof_monitor]: USV RGB=True | TOF=False | active=front_rgb_only | range=nan m | depth ratio=0.00 | window rates RGB/ToF=1.00/0.74 | frame change=0.0016 | truth angle FOV=False | RGB render volume=False | H/V angles=nan/nan deg | truth distance=inf m
[INFO] [1791463549.848360409] [front_tof_monitor]: USV RGB=True | TOF=True | active=front_tof | range=6.52 m | depth ratio=1.00 | window rates RGB/ToF=1.00/0.75 | frame change=0.0031 | truth angle FOV=False | RGB render volume=False | H/V angles=nan/nan deg | truth distance=inf m
[WARN] [1791463550.048647589] [front_tof_monitor]: USV RGB=True | TOF=False | active=front_rgb_only | range=nan m | depth ratio=0.00 | window rates RGB/ToF=1.00/0.76 | frame change=0.0031 | truth angle FOV=False | RGB render volume=False | H/V angles=nan/nan deg | truth distance=inf m
[INFO] [1791463550.248549124] [front_tof_monitor]: USV RGB=True | TOF=True | active=front_tof | range=6.53 m | depth ratio=1.00 | window rates RGB/ToF=1.00/0.75 | frame change=0.0039 | truth angle FOV=False | RGB render volume=False | H/V angles=nan/nan deg | truth distance=inf m
[WARN] [1791463550.348167055] [front_tof_monitor]: USV RGB=True | TOF=False | active=front_rgb_only | range=nan m | depth ratio=0.00 | window rates RGB/ToF=1.00/0.74 | frame change=0.0000 | truth angle FOV=False | RGB render volume=False | H/V angles=nan/nan deg | truth distance=inf m
[INFO] [1791463550.448361722] [front_tof_monitor]: USV RGB=True | TOF=True | active=front_tof | range=6.52 m | depth ratio=1.00 | window rates RGB/ToF=1.00/0.74 | frame change=0.0000 | truth angle FOV=False | RGB render volume=False | H/V angles=nan/nan deg | truth distance=inf m
[WARN] [1791463550.848833401] [front_tof_monitor]: USV RGB=True | TOF=False | active=front_rgb_only | range=nan m | depth ratio=0.00 | window rates RGB/ToF=1.00/0.80 | frame change=0.0037 | truth angle FOV=False | RGB render volume=False | H/V angles=nan/nan deg | truth distance=inf m
[INFO] [1791463550.948431486] [front_tof_monitor]: USV RGB=True | TOF=True | active=front_tof | range=6.48 m | depth ratio=1.00 | window rates RGB/ToF=1.00/0.80 | frame change=0.0037 | truth angle FOV=False | RGB render volume=False | H/V angles=nan/nan deg | truth distance=inf m
[WARN] [1791463551.048718859] [front_tof_monitor]: USV RGB=True | TOF=False | active=front_rgb_only | range=nan m | depth ratio=0.00 | window rates RGB/ToF=1.00/0.80 | frame change=0.0046 | truth angle FOV=False | RGB render volume=False | H/V angles=nan/nan deg | truth distance=inf m
[INFO] [1791463551.148657765] [front_tof_monitor]: USV RGB=True | TOF=True | active=front_tof | range=6.46 m | depth ratio=1.00 | window rates RGB/ToF=1.00/0.80 | frame change=0.0046 | truth angle FOV=False | RGB render volume=False | H/V angles=nan/nan deg | truth distance=inf m
[WARN] [1791463551.248868968] [front_tof_monitor]: USV RGB=True | TOF=False | active=front_rgb_only | range=nan m | depth ratio=0.00 | window rates RGB/ToF=1.00/0.80 | frame change=0.0004 | truth angle FOV=False | RGB render volume=False | H/V angles=nan/nan deg | truth distance=inf m
[INFO] [1791463551.348930298] [front_tof_monitor]: USV RGB=True | TOF=True | active=front_tof | range=6.43 m | depth ratio=1.00 | window rates RGB/ToF=1.00/0.82 | frame change=0.0004 | truth angle FOV=False | RGB render volume=False | H/V angles=nan/nan deg | truth distance=inf m
[WARN] [1791463551.748121113] [front_tof_monitor]: USV RGB=True | TOF=False | active=front_rgb_only | range=nan m | depth ratio=0.00 | window rates RGB/ToF=1.00/0.80 | frame change=0.0009 | truth angle FOV=False | RGB render volume=False | H/V angles=nan/nan deg | truth distance=inf m
[INFO] [1791463552.048988398] [front_tof_monitor]: USV RGB=True | TOF=True | active=front_tof | range=6.42 m | depth ratio=1.00 | window rates RGB/ToF=1.00/0.76 | frame change=0.0020 | truth angle FOV=False | RGB render volume=False | H/V angles=nan/nan deg | truth distance=inf m
[WARN] [1791463552.648710737] [front_tof_monitor]: USV RGB=True | TOF=False | active=front_rgb_only | range=nan m | depth ratio=0.00 | window rates RGB/ToF=1.00/0.75 | frame change=0.0025 | truth angle FOV=False | RGB render volume=False | H/V angles=nan/nan deg | truth distance=inf m
[INFO] [1791463552.748318317] [front_tof_monitor]: USV RGB=True | TOF=True | active=front_tof | range=6.47 m | depth ratio=1.00 | window rates RGB/ToF=1.00/0.75 | frame change=0.0025 | truth angle FOV=False | RGB render volume=False | H/V angles=nan/nan deg | truth distance=inf m
[WARN] [1791463553.148204098] [front_tof_monitor]: USV RGB=True | TOF=False | active=front_rgb_only | range=nan m | depth ratio=0.00 | window rates RGB/ToF=1.00/0.73 | frame change=0.0057 | truth angle FOV=False | RGB render volume=False | H/V angles=nan/nan deg | truth distance=inf m
[INFO] [1791463553.248438949] [front_tof_monitor]: USV RGB=True | TOF=True | active=front_tof | range=6.52 m | depth ratio=1.00 | window rates RGB/ToF=1.00/0.73 | frame change=0.0057 | truth angle FOV=False | RGB render volume=False | H/V angles=nan/nan deg | truth distance=inf m
[WARN] [1791463554.348770663] [front_tof_monitor]: USV RGB=True | TOF=False | active=front_rgb_only | range=nan m | depth ratio=0.00 | window rates RGB/ToF=1.00/0.72 | frame change=0.0015 | truth angle FOV=False | RGB render volume=False | H/V angles=nan/nan deg | truth distance=inf m
[INFO] [1791463554.449199458] [front_tof_monitor]: USV RGB=True | TOF=True | active=front_tof | range=6.55 m | depth ratio=1.00 | window rates RGB/ToF=1.00/0.72 | frame change=0.0014 | truth angle FOV=False | RGB render volume=False | H/V angles=nan/nan deg | truth distance=inf m
[WARN] [1791463554.548196839] [front_tof_monitor]: USV RGB=True | TOF=False | active=front_rgb_only | range=nan m | depth ratio=0.00 | window rates RGB/ToF=1.00/0.72 | frame change=0.0014 | truth angle FOV=False | RGB render volume=False | H/V angles=nan/nan deg | truth distance=inf m
[INFO] [1791463554.648329582] [front_tof_monitor]: USV RGB=True | TOF=True | active=front_tof | range=6.54 m | depth ratio=1.00 | window rates RGB/ToF=1.00/0.73 | frame change=0.0018 | truth angle FOV=False | RGB render volume=False | H/V angles=nan/nan deg | truth distance=inf m
[WARN] [1791463562.749670002] [front_tof_monitor]: USV RGB=True | TOF=False | active=front_rgb_only | range=nan m | depth ratio=0.00 | window rates RGB/ToF=1.00/0.98 | frame change=0.0035 | truth angle FOV=False | RGB render volume=False | H/V angles=nan/nan deg | truth distance=inf m
[INFO] [1791463562.849089322] [front_tof_monitor]: USV RGB=True | TOF=True | active=front_tof | range=6.19 m | depth ratio=1.00 | window rates RGB/ToF=1.00/0.98 | frame change=0.0046 | truth angle FOV=False | RGB render volume=False | H/V angles=nan/nan deg | truth distance=inf m
[WARN] [1791463565.749753029] [front_tof_monitor]: USV RGB=True | TOF=False | active=front_rgb_only | range=nan m | depth ratio=0.00 | window rates RGB/ToF=1.00/0.96 | frame change=0.0030 | truth angle FOV=False | RGB render volume=False | H/V angles=nan/nan deg | truth distance=inf m
[INFO] [1791463565.849690402] [front_tof_monitor]: USV RGB=True | TOF=True | active=front_tof | range=6.32 m | depth ratio=1.00 | window rates RGB/ToF=1.00/0.96 | frame change=0.0070 | truth angle FOV=False | RGB render volume=False | H/V angles=nan/nan deg | truth distance=inf m
[WARN] [1791463567.549003710] [front_tof_monitor]: USV RGB=True | TOF=False | active=front_rgb_only | range=nan m | depth ratio=0.00 | window rates RGB/ToF=1.00/0.94 | frame change=0.0096 | truth angle FOV=False | RGB render volume=False | H/V angles=nan/nan deg | truth distance=inf m
[INFO] [1791463567.649272559] [front_tof_monitor]: USV RGB=True | TOF=True | active=front_tof | range=6.18 m | depth ratio=1.00 | window rates RGB/ToF=1.00/0.94 | frame change=0.0096 | truth angle FOV=False | RGB render volume=False | H/V angles=nan/nan deg | truth distance=inf m
[WARN] [1791463567.748942115] [front_tof_monitor]: USV RGB=True | TOF=False | active=front_rgb_only | range=nan m | depth ratio=0.00 | window rates RGB/ToF=1.00/0.92 | frame change=0.0073 | truth angle FOV=False | RGB render volume=False | H/V angles=nan/nan deg | truth distance=inf m
[INFO] [1791463567.849305308] [front_tof_monitor]: USV RGB=True | TOF=True | active=front_tof | range=6.17 m | depth ratio=1.00 | window rates RGB/ToF=1.00/0.94 | frame change=0.0073 | truth angle FOV=False | RGB render volume=False | H/V angles=nan/nan deg | truth distance=inf m
[WARN] [1791463567.950043329] [front_tof_monitor]: USV RGB=True | TOF=False | active=front_rgb_only | range=nan m | depth ratio=0.00 | window rates RGB/ToF=1.00/0.92 | frame change=0.0046 | truth angle FOV=False | RGB render volume=False | H/V angles=nan/nan deg | truth distance=inf m
[INFO] [1791463568.049368119] [front_tof_monitor]: USV RGB=True | TOF=True | active=front_tof | range=6.16 m | depth ratio=1.00 | window rates RGB/ToF=1.00/0.92 | frame change=0.0046 | truth angle FOV=False | RGB render volume=False | H/V angles=nan/nan deg | truth distance=inf m
[WARN] [1791463568.448861646] [front_tof_monitor]: USV RGB=True | TOF=False | active=front_rgb_only | range=nan m | depth ratio=0.00 | window rates RGB/ToF=1.00/0.90 | frame change=0.0044 | truth angle FOV=False | RGB render volume=False | H/V angles=nan/nan deg | truth distance=inf m
[INFO] [1791463568.548545757] [front_tof_monitor]: USV RGB=True | TOF=True | active=front_tof | range=6.16 m | depth ratio=1.00 | window rates RGB/ToF=1.00/0.90 | frame change=0.0044 | truth angle FOV=False | RGB render volume=False | H/V angles=nan/nan deg | truth distance=inf m
[WARN] [1791463568.648214637] [front_tof_monitor]: USV RGB=True | TOF=False | active=front_rgb_only | range=nan m | depth ratio=0.00 | window rates RGB/ToF=1.00/0.88 | frame change=0.0032 | truth angle FOV=False | RGB render volume=False | H/V angles=nan/nan deg | truth distance=inf m
[INFO] [1791463568.748509134] [front_tof_monitor]: USV RGB=True | TOF=True | active=front_tof | range=6.14 m | depth ratio=1.00 | window rates RGB/ToF=1.00/0.88 | frame change=0.0032 | truth angle FOV=False | RGB render volume=False | H/V angles=nan/nan deg | truth distance=inf m
[WARN] [1791463568.848516255] [front_tof_monitor]: USV RGB=True | TOF=False | active=front_rgb_only | range=nan m | depth ratio=0.00 | window rates RGB/ToF=1.00/0.86 | frame change=0.0035 | truth angle FOV=False | RGB render volume=False | H/V angles=nan/nan deg | truth distance=inf m
[INFO] [1791463568.948465790] [front_tof_monitor]: USV RGB=True | TOF=True | active=front_tof | range=6.16 m | depth ratio=1.00 | window rates RGB/ToF=1.00/0.86 | frame change=0.0035 | truth angle FOV=False | RGB render volume=False | H/V angles=nan/nan deg | truth distance=inf m
[WARN] [1791463569.348215472] [front_tof_monitor]: USV RGB=True | TOF=False | active=front_rgb_only | range=nan m | depth ratio=0.00 | window rates RGB/ToF=1.00/0.84 | frame change=0.0035 | truth angle FOV=False | RGB render volume=False | H/V angles=nan/nan deg | truth distance=inf m
[INFO] [1791463569.449155052] [front_tof_monitor]: USV RGB=True | TOF=True | active=front_tof | range=6.27 m | depth ratio=1.00 | window rates RGB/ToF=1.00/0.84 | frame change=0.0035 | truth angle FOV=False | RGB render volume=False | H/V angles=nan/nan deg | truth distance=inf m
[WARN] [1791463569.548514769] [front_tof_monitor]: USV RGB=True | TOF=False | active=front_rgb_only | range=nan m | depth ratio=0.00 | window rates RGB/ToF=1.00/0.82 | frame change=0.0144 | truth angle FOV=False | RGB render volume=False | H/V angles=nan/nan deg | truth distance=inf m
[INFO] [1791463569.648549340] [front_tof_monitor]: USV RGB=True | TOF=True | active=front_tof | range=5.96 m | depth ratio=1.00 | window rates RGB/ToF=1.00/0.82 | frame change=0.0144 | truth angle FOV=False | RGB render volume=False | H/V angles=nan/nan deg | truth distance=inf m
[WARN] [1791463570.049977691] [front_tof_monitor]: USV RGB=True | TOF=False | active=front_rgb_only | range=nan m | depth ratio=0.00 | window rates RGB/ToF=1.00/0.80 | frame change=0.0071 | truth angle FOV=False | RGB render volume=False | H/V angles=nan/nan deg | truth distance=inf m
[INFO] [1791463570.149123310] [front_tof_monitor]: USV RGB=True | TOF=True | active=front_tof | range=5.94 m | depth ratio=1.00 | window rates RGB/ToF=1.00/0.80 | frame change=0.0071 | truth angle FOV=False | RGB render volume=False | H/V angles=nan/nan deg | truth distance=inf m
[WARN] [1791463570.248454617] [front_tof_monitor]: USV RGB=True | TOF=False | active=front_rgb_only | range=nan m | depth ratio=0.00 | window rates RGB/ToF=1.00/0.78 | frame change=0.0057 | truth angle FOV=False | RGB render volume=False | H/V angles=nan/nan deg | truth distance=inf m
[INFO] [1791463570.349115087] [front_tof_monitor]: USV RGB=True | TOF=True | active=front_tof | range=5.94 m | depth ratio=1.00 | window rates RGB/ToF=1.00/0.78 | frame change=0.0057 | truth angle FOV=False | RGB render volume=False | H/V angles=nan/nan deg | truth distance=inf m
[WARN] [1791463570.449482495] [front_tof_monitor]: USV RGB=True | TOF=False | active=front_rgb_only | range=nan m | depth ratio=0.00 | window rates RGB/ToF=1.00/0.76 | frame change=0.0015 | truth angle FOV=False | RGB render volume=False | H/V angles=nan/nan deg | truth distance=inf m
[INFO] [1791463570.949083804] [front_tof_monitor]: USV RGB=True | TOF=True | active=front_tof | range=5.93 m | depth ratio=1.00 | window rates RGB/ToF=1.00/0.70 | frame change=0.0061 | truth angle FOV=False | RGB render volume=False | H/V angles=nan/nan deg | truth distance=inf m
[WARN] [1791463571.150021172] [front_tof_monitor]: USV RGB=True | TOF=False | active=front_rgb_only | range=nan m | depth ratio=0.00 | window rates RGB/ToF=1.00/0.69 | frame change=0.0062 | truth angle FOV=False | RGB render volume=False | H/V angles=nan/nan deg | truth distance=inf m
[INFO] [1791463571.249750845] [front_tof_monitor]: USV RGB=True | TOF=True | active=front_tof | range=5.93 m | depth ratio=1.00 | window rates RGB/ToF=1.00/0.68 | frame change=0.0062 | truth angle FOV=False | RGB render volume=False | H/V angles=nan/nan deg | truth distance=inf m
[WARN] [1791463571.348199672] [front_tof_monitor]: USV RGB=True | TOF=False | active=front_rgb_only | range=nan m | depth ratio=0.00 | window rates RGB/ToF=1.00/0.67 | frame change=0.0034 | truth angle FOV=False | RGB render volume=False | H/V angles=nan/nan deg | truth distance=inf m
[INFO] [1791463571.448816529] [front_tof_monitor]: USV RGB=True | TOF=True | active=front_tof | range=5.95 m | depth ratio=1.00 | window rates RGB/ToF=1.00/0.67 | frame change=0.0034 | truth angle FOV=False | RGB render volume=False | H/V angles=nan/nan deg | truth distance=inf m
[WARN] [1791463571.548831762] [front_tof_monitor]: USV RGB=True | TOF=False | active=front_rgb_only | range=nan m | depth ratio=0.00 | window rates RGB/ToF=1.00/0.64 | frame change=0.0037 | truth angle FOV=False | RGB render volume=False | H/V angles=nan/nan deg | truth distance=inf m
[INFO] [1791463571.748766820] [front_tof_monitor]: USV RGB=True | TOF=True | active=front_tof | range=6.04 m | depth ratio=1.00 | window rates RGB/ToF=1.00/0.63 | frame change=0.0015 | truth angle FOV=False | RGB render volume=False | H/V angles=nan/nan deg | truth distance=inf m
[WARN] [1791463571.948812381] [front_tof_monitor]: USV RGB=True | TOF=False | active=front_rgb_only | range=nan m | depth ratio=0.00 | window rates RGB/ToF=1.00/0.61 | frame change=0.0015 | truth angle FOV=False | RGB render volume=False | H/V angles=nan/nan deg | truth distance=inf m
[INFO] [1791463572.050330664] [front_tof_monitor]: USV RGB=True | TOF=True | active=front_tof | range=6.09 m | depth ratio=1.00 | window rates RGB/ToF=1.00/0.60 | frame change=0.0051 | truth angle FOV=False | RGB render volume=False | H/V angles=nan/nan deg | truth distance=inf m
[WARN] [1791463572.148341822] [front_tof_monitor]: USV RGB=True | TOF=False | active=front_rgb_only | range=nan m | depth ratio=0.00 | window rates RGB/ToF=1.00/0.59 | frame change=0.0051 | truth angle FOV=False | RGB render volume=False | H/V angles=nan/nan deg | truth distance=inf m
[INFO] [1791463572.349286391] [front_tof_monitor]: USV RGB=True | TOF=True | active=front_tof | range=6.14 m | depth ratio=1.00 | window rates RGB/ToF=1.00/0.56 | frame change=0.0051 | truth angle FOV=False | RGB render volume=False | H/V angles=nan/nan deg | truth distance=inf m
[WARN] [1791463572.548523497] [front_tof_monitor]: USV RGB=True | TOF=False | active=front_rgb_only | range=nan m | depth ratio=0.00 | window rates RGB/ToF=1.00/0.56 | frame change=0.0059 | truth angle FOV=False | RGB render volume=False | H/V angles=nan/nan deg | truth distance=inf m
[INFO] [1791463572.949177356] [front_tof_monitor]: USV RGB=True | TOF=True | active=front_tof | range=6.20 m | depth ratio=1.00 | window rates RGB/ToF=1.00/0.54 | frame change=0.0074 | truth angle FOV=False | RGB render volume=False | H/V angles=nan/nan deg | truth distance=inf m
[WARN] [1791463573.348239713] [front_tof_monitor]: USV RGB=True | TOF=False | active=front_rgb_only | range=nan m | depth ratio=0.00 | window rates RGB/ToF=1.00/0.52 | frame change=0.0043 | truth angle FOV=False | RGB render volume=False | H/V angles=nan/nan deg | truth distance=inf m
[INFO] [1791463573.448452607] [front_tof_monitor]: USV RGB=True | TOF=True | active=front_tof | range=6.24 m | depth ratio=1.00 | window rates RGB/ToF=1.00/0.53 | frame change=0.0009 | truth angle FOV=False | RGB render volume=False | H/V angles=nan/nan deg | truth distance=inf m
[WARN] [1791463573.549437266] [front_tof_monitor]: USV RGB=True | TOF=False | active=front_rgb_only | range=nan m | depth ratio=0.00 | window rates RGB/ToF=1.00/0.53 | frame change=0.0009 | truth angle FOV=False | RGB render volume=False | H/V angles=nan/nan deg | truth distance=inf m
[INFO] [1791463574.649564947] [front_tof_monitor]: USV RGB=True | TOF=True | active=front_tof | range=6.18 m | depth ratio=1.00 | window rates RGB/ToF=1.00/0.40 | frame change=0.0010 | truth angle FOV=False | RGB render volume=False | H/V angles=nan/nan deg | truth distance=inf m
[WARN] [1791463574.849966011] [front_tof_monitor]: USV RGB=True | TOF=False | active=front_rgb_only | range=nan m | depth ratio=0.00 | window rates RGB/ToF=1.00/0.38 | frame change=0.0050 | truth angle FOV=False | RGB render volume=False | H/V angles=nan/nan deg | truth distance=inf m
[INFO] [1791463574.949673635] [front_tof_monitor]: USV RGB=True | TOF=True | active=front_tof | range=6.16 m | depth ratio=1.00 | window rates RGB/ToF=1.00/0.38 | frame change=0.0050 | truth angle FOV=False | RGB render volume=False | H/V angles=nan/nan deg | truth distance=inf m
[WARN] [1791463575.048201485] [front_tof_monitor]: USV RGB=True | TOF=False | active=front_rgb_only | range=nan m | depth ratio=0.00 | window rates RGB/ToF=1.00/0.37 | frame change=0.0083 | truth angle FOV=False | RGB render volume=False | H/V angles=nan/nan deg | truth distance=inf m
[INFO] [1791463575.148509989] [front_tof_monitor]: USV RGB=True | TOF=True | active=front_tof | range=6.15 m | depth ratio=1.00 | window rates RGB/ToF=1.00/0.39 | frame change=0.0083 | truth angle FOV=False | RGB render volume=False | H/V angles=nan/nan deg | truth distance=inf m
[WARN] [1791463586.648042990] [front_tof_monitor]: USV RGB=True | TOF=False | active=front_rgb_only | range=nan m | depth ratio=0.00 | window rates RGB/ToF=1.00/0.98 | frame change=0.0018 | truth angle FOV=False | RGB render volume=False | H/V angles=nan/nan deg | truth distance=inf m
[INFO] [1791463586.751869017] [front_tof_monitor]: USV RGB=True | TOF=True | active=front_tof | range=6.40 m | depth ratio=1.00 | window rates RGB/ToF=1.00/0.98 | frame change=0.0037 | truth angle FOV=False | RGB render volume=False | H/V angles=nan/nan deg | truth distance=inf m
[WARN] [1791463586.851714519] [front_tof_monitor]: USV RGB=True | TOF=False | active=front_rgb_only | range=nan m | depth ratio=0.00 | window rates RGB/ToF=1.00/0.96 | frame change=0.0037 | truth angle FOV=False | RGB render volume=False | H/V angles=nan/nan deg | truth distance=inf m
[INFO] [1791463586.948704024] [front_tof_monitor]: USV RGB=True | TOF=True | active=front_tof | range=6.36 m | depth ratio=1.00 | window rates RGB/ToF=1.00/0.96 | frame change=0.0056 | truth angle FOV=False | RGB render volume=False | H/V angles=nan/nan deg | truth distance=inf m
[WARN] [1791463589.848206402] [front_tof_monitor]: USV RGB=True | TOF=False | active=front_rgb_only | range=nan m | depth ratio=0.00 | window rates RGB/ToF=1.00/0.94 | frame change=0.0104 | truth angle FOV=False | RGB render volume=False | H/V angles=nan/nan deg | truth distance=inf m
[INFO] [1791463589.949123835] [front_tof_monitor]: USV RGB=True | TOF=True | active=front_tof | range=5.95 m | depth ratio=1.00 | window rates RGB/ToF=1.00/0.94 | frame change=0.0057 | truth angle FOV=False | RGB render volume=False | H/V angles=nan/nan deg | truth distance=inf m
[WARN] [1791463590.048859567] [front_tof_monitor]: USV RGB=True | TOF=False | active=front_rgb_only | range=nan m | depth ratio=0.00 | window rates RGB/ToF=1.00/0.92 | frame change=0.0057 | truth angle FOV=False | RGB render volume=False | H/V angles=nan/nan deg | truth distance=inf m
[INFO] [1791463590.149366867] [front_tof_monitor]: USV RGB=True | TOF=True | active=front_tof | range=5.97 m | depth ratio=1.00 | window rates RGB/ToF=1.00/0.92 | frame change=0.0050 | truth angle FOV=False | RGB render volume=False | H/V angles=nan/nan deg | truth distance=inf m
[WARN] [1791463590.248215191] [front_tof_monitor]: USV RGB=True | TOF=False | active=front_rgb_only | range=nan m | depth ratio=0.00 | window rates RGB/ToF=1.00/0.90 | frame change=0.0050 | truth angle FOV=False | RGB render volume=False | H/V angles=nan/nan deg | truth distance=inf m
[INFO] [1791463590.348284301] [front_tof_monitor]: USV RGB=True | TOF=True | active=front_tof | range=6.00 m | depth ratio=1.00 | window rates RGB/ToF=1.00/0.90 | frame change=0.0041 | truth angle FOV=False | RGB render volume=False | H/V angles=nan/nan deg | truth distance=inf m
[WARN] [1791463590.548170825] [front_tof_monitor]: USV RGB=True | TOF=False | active=front_rgb_only | range=nan m | depth ratio=0.00 | window rates RGB/ToF=1.00/0.88 | frame change=0.0041 | truth angle FOV=False | RGB render volume=False | H/V angles=nan/nan deg | truth distance=inf m
[INFO] [1791463591.249141895] [front_tof_monitor]: USV RGB=True | TOF=True | active=front_tof | range=6.09 m | depth ratio=1.00 | window rates RGB/ToF=1.00/0.76 | frame change=0.0067 | truth angle FOV=False | RGB render volume=False | H/V angles=nan/nan deg | truth distance=inf m
[WARN] [1791463591.348457355] [front_tof_monitor]: USV RGB=True | TOF=False | active=front_rgb_only | range=nan m | depth ratio=0.00 | window rates RGB/ToF=1.00/0.75 | frame change=0.0072 | truth angle FOV=False | RGB render volume=False | H/V angles=nan/nan deg | truth distance=inf m
[INFO] [1791463591.549016378] [front_tof_monitor]: USV RGB=True | TOF=True | active=front_tof | range=6.13 m | depth ratio=1.00 | window rates RGB/ToF=1.00/0.73 | frame change=0.0061 | truth angle FOV=False | RGB render volume=False | H/V angles=nan/nan deg | truth distance=inf m
[WARN] [1791463592.148681593] [front_tof_monitor]: USV RGB=True | TOF=False | active=front_rgb_only | range=nan m | depth ratio=0.00 | window rates RGB/ToF=1.00/0.75 | frame change=0.0042 | truth angle FOV=False | RGB render volume=False | H/V angles=nan/nan deg | truth distance=inf m
[INFO] [1791463592.448906126] [front_tof_monitor]: USV RGB=True | TOF=True | active=front_tof | range=6.12 m | depth ratio=1.00 | window rates RGB/ToF=1.00/0.71 | frame change=0.0114 | truth angle FOV=False | RGB render volume=False | H/V angles=nan/nan deg | truth distance=inf m
[WARN] [1791463592.648979937] [front_tof_monitor]: USV RGB=True | TOF=False | active=front_rgb_only | range=nan m | depth ratio=0.00 | window rates RGB/ToF=1.00/0.68 | frame change=0.0114 | truth angle FOV=False | RGB render volume=False | H/V angles=nan/nan deg | truth distance=inf m
[INFO] [1791463592.748414393] [front_tof_monitor]: USV RGB=True | TOF=True | active=front_tof | range=6.12 m | depth ratio=1.00 | window rates RGB/ToF=1.00/0.68 | frame change=0.0053 | truth angle FOV=False | RGB render volume=False | H/V angles=nan/nan deg | truth distance=inf m
[WARN] [1791463592.848202822] [front_tof_monitor]: USV RGB=True | TOF=False | active=front_rgb_only | range=nan m | depth ratio=0.00 | window rates RGB/ToF=1.00/0.67 | frame change=0.0053 | truth angle FOV=False | RGB render volume=False | H/V angles=nan/nan deg | truth distance=inf m
[INFO] [1791463593.148927006] [front_tof_monitor]: USV RGB=True | TOF=True | active=front_tof | range=6.16 m | depth ratio=1.00 | window rates RGB/ToF=1.00/0.63 | frame change=0.0034 | truth angle FOV=False | RGB render volume=False | H/V angles=nan/nan deg | truth distance=inf m
[WARN] [1791463593.248278053] [front_tof_monitor]: USV RGB=True | TOF=False | active=front_rgb_only | range=nan m | depth ratio=0.00 | window rates RGB/ToF=1.00/0.61 | frame change=0.0034 | truth angle FOV=False | RGB render volume=False | H/V angles=nan/nan deg | truth distance=inf m
[INFO] [1791463593.549035168] [front_tof_monitor]: USV RGB=True | TOF=True | active=front_tof | range=6.18 m | depth ratio=1.00 | window rates RGB/ToF=1.00/0.56 | frame change=0.0006 | truth angle FOV=False | RGB render volume=False | H/V angles=nan/nan deg | truth distance=inf m
[WARN] [1791463593.648673897] [front_tof_monitor]: USV RGB=True | TOF=False | active=front_rgb_only | range=nan m | depth ratio=0.00 | window rates RGB/ToF=1.00/0.55 | frame change=0.0017 | truth angle FOV=False | RGB render volume=False | H/V angles=nan/nan deg | truth distance=inf m
[INFO] [1791463594.649040339] [front_tof_monitor]: USV RGB=True | TOF=True | active=front_tof | range=6.17 m | depth ratio=1.00 | window rates RGB/ToF=1.00/0.36 | frame change=0.0027 | truth angle FOV=False | RGB render volume=False | H/V angles=nan/nan deg | truth distance=inf m
[WARN] [1791463595.048691897] [front_tof_monitor]: USV RGB=True | TOF=False | active=front_rgb_only | range=nan m | depth ratio=0.00 | window rates RGB/ToF=1.00/0.37 | frame change=0.0016 | truth angle FOV=False | RGB render volume=False | H/V angles=nan/nan deg | truth distance=inf m
[INFO] [1791463595.749400392] [front_tof_monitor]: USV RGB=True | TOF=True | active=front_tof | range=6.13 m | depth ratio=1.00 | window rates RGB/ToF=1.00/0.34 | frame change=0.0028 | truth angle FOV=False | RGB render volume=False | H/V angles=nan/nan deg | truth distance=inf m
[WARN] [1791463595.948278521] [front_tof_monitor]: USV RGB=True | TOF=False | active=front_rgb_only | range=nan m | depth ratio=0.00 | window rates RGB/ToF=1.00/0.35 | frame change=0.0010 | truth angle FOV=False | RGB render volume=False | H/V angles=nan/nan deg | truth distance=inf m
[INFO] [1791463596.048368476] [front_tof_monitor]: USV RGB=True | TOF=True | active=front_tof | range=6.15 m | depth ratio=1.00 | window rates RGB/ToF=1.00/0.38 | frame change=0.0010 | truth angle FOV=False | RGB render volume=False | H/V angles=nan/nan deg | truth distance=inf m
[WARN] [1791463596.649489284] [front_tof_monitor]: USV RGB=True | TOF=False | active=front_rgb_only | range=nan m | depth ratio=0.00 | window rates RGB/ToF=1.00/0.42 | frame change=0.0020 | truth angle FOV=False | RGB render volume=False | H/V angles=nan/nan deg | truth distance=inf m
[INFO] [1791463596.748393116] [front_tof_monitor]: USV RGB=True | TOF=True | active=front_tof | range=6.20 m | depth ratio=1.00 | window rates RGB/ToF=1.00/0.43 | frame change=0.0017 | truth angle FOV=False | RGB render volume=False | H/V angles=nan/nan deg | truth distance=inf m
[WARN] [1791463597.549419499] [front_tof_monitor]: USV RGB=True | TOF=False | active=front_rgb_only | range=nan m | depth ratio=0.00 | window rates RGB/ToF=1.00/0.46 | frame change=0.0024 | truth angle FOV=False | RGB render volume=False | H/V angles=nan/nan deg | truth distance=inf m
[INFO] [1791463597.648940319] [front_tof_monitor]: USV RGB=True | TOF=True | active=front_tof | range=6.31 m | depth ratio=1.00 | window rates RGB/ToF=1.00/0.48 | frame change=0.0021 | truth angle FOV=False | RGB render volume=False | H/V angles=nan/nan deg | truth distance=inf m
[WARN] [1791463601.749943592] [front_tof_monitor]: USV RGB=True | TOF=False | active=front_rgb_only | range=nan m | depth ratio=0.00 | window rates RGB/ToF=1.00/0.96 | frame change=0.0064 | truth angle FOV=False | RGB render volume=False | H/V angles=nan/nan deg | truth distance=inf m
[INFO] [1791463601.849592504] [front_tof_monitor]: USV RGB=True | TOF=True | active=front_tof | range=6.06 m | depth ratio=1.00 | window rates RGB/ToF=1.00/0.96 | frame change=0.0056 | truth angle FOV=False | RGB render volume=False | H/V angles=nan/nan deg | truth distance=inf m
[WARN] [1791463601.949423663] [front_tof_monitor]: USV RGB=True | TOF=False | active=front_rgb_only | range=nan m | depth ratio=0.00 | window rates RGB/ToF=1.00/0.94 | frame change=0.0056 | truth angle FOV=False | RGB render volume=False | H/V angles=nan/nan deg | truth distance=inf m
[INFO] [1791463602.049050093] [front_tof_monitor]: USV RGB=True | TOF=True | active=front_tof | range=6.13 m | depth ratio=1.00 | window rates RGB/ToF=1.00/0.94 | frame change=0.0091 | truth angle FOV=False | RGB render volume=False | H/V angles=nan/nan deg | truth distance=inf m
[WARN] [1791463602.248181746] [front_tof_monitor]: USV RGB=True | TOF=False | active=front_rgb_only | range=nan m | depth ratio=0.00 | window rates RGB/ToF=1.00/0.92 | frame change=0.0091 | truth angle FOV=False | RGB render volume=False | H/V angles=nan/nan deg | truth distance=inf m
[INFO] [1791463602.448991598] [front_tof_monitor]: USV RGB=True | TOF=True | active=front_tof | range=6.20 m | depth ratio=1.00 | window rates RGB/ToF=1.00/0.90 | frame change=0.0114 | truth angle FOV=False | RGB render volume=False | H/V angles=nan/nan deg | truth distance=inf m
[WARN] [1791463602.548131104] [front_tof_monitor]: USV RGB=True | TOF=False | active=front_rgb_only | range=nan m | depth ratio=0.00 | window rates RGB/ToF=1.00/0.88 | frame change=0.0088 | truth angle FOV=False | RGB render volume=False | H/V angles=nan/nan deg | truth distance=inf m
[INFO] [1791463602.748383477] [front_tof_monitor]: USV RGB=True | TOF=True | active=front_tof | range=6.26 m | depth ratio=1.00 | window rates RGB/ToF=1.00/0.88 | frame change=0.0103 | truth angle FOV=False | RGB render volume=False | H/V angles=nan/nan deg | truth distance=inf m
[WARN] [1791463605.549033646] [front_tof_monitor]: USV RGB=True | TOF=False | active=front_rgb_only | range=nan m | depth ratio=0.00 | window rates RGB/ToF=1.00/0.86 | frame change=0.0052 | truth angle FOV=False | RGB render volume=False | H/V angles=nan/nan deg | truth distance=inf m
[INFO] [1791463605.648201458] [front_tof_monitor]: USV RGB=True | TOF=True | active=front_tof | range=6.32 m | depth ratio=1.00 | window rates RGB/ToF=1.00/0.86 | frame change=0.0052 | truth angle FOV=False | RGB render volume=False | H/V angles=nan/nan deg | truth distance=inf m
[WARN] [1791463605.747942963] [front_tof_monitor]: USV RGB=True | TOF=False | active=front_rgb_only | range=nan m | depth ratio=0.00 | window rates RGB/ToF=1.00/0.84 | frame change=0.0065 | truth angle FOV=False | RGB render volume=False | H/V angles=nan/nan deg | truth distance=inf m
[INFO] [1791463605.849018091] [front_tof_monitor]: USV RGB=True | TOF=True | active=front_tof | range=6.36 m | depth ratio=1.00 | window rates RGB/ToF=1.00/0.84 | frame change=0.0065 | truth angle FOV=False | RGB render volume=False | H/V angles=nan/nan deg | truth distance=inf m
[WARN] [1791463614.352006718] [front_tof_monitor]: USV RGB=True | TOF=False | active=front_rgb_only | range=nan m | depth ratio=0.00 | window rates RGB/ToF=1.00/0.98 | frame change=0.0033 | truth angle FOV=False | RGB render volume=False | H/V angles=nan/nan deg | truth distance=inf m
[INFO] [1791463614.448836806] [front_tof_monitor]: USV RGB=True | TOF=True | active=front_tof | range=6.77 m | depth ratio=1.00 | window rates RGB/ToF=1.00/0.98 | frame change=0.0041 | truth angle FOV=False | RGB render volume=False | H/V angles=nan/nan deg | truth distance=inf m
[WARN] [1791463614.548631916] [front_tof_monitor]: USV RGB=True | TOF=False | active=front_rgb_only | range=nan m | depth ratio=0.00 | window rates RGB/ToF=1.00/0.96 | frame change=0.0041 | truth angle FOV=False | RGB render volume=False | H/V angles=nan/nan deg | truth distance=inf m
[INFO] [1791463614.648491600] [front_tof_monitor]: USV RGB=True | TOF=True | active=front_tof | range=6.78 m | depth ratio=1.00 | window rates RGB/ToF=1.00/0.96 | frame change=0.0131 | truth angle FOV=False | RGB render volume=False | H/V angles=nan/nan deg | truth distance=inf m
[WARN] [1791463615.051384687] [front_tof_monitor]: USV RGB=True | TOF=False | active=front_rgb_only | range=nan m | depth ratio=0.00 | window rates RGB/ToF=1.00/0.94 | frame change=0.0058 | truth angle FOV=False | RGB render volume=False | H/V angles=nan/nan deg | truth distance=inf m
[INFO] [1791463615.148904249] [front_tof_monitor]: USV RGB=True | TOF=True | active=front_tof | range=6.63 m | depth ratio=1.00 | window rates RGB/ToF=1.00/0.94 | frame change=0.0086 | truth angle FOV=False | RGB render volume=False | H/V angles=nan/nan deg | truth distance=inf m
[WARN] [1791463615.248789144] [front_tof_monitor]: USV RGB=True | TOF=False | active=front_rgb_only | range=nan m | depth ratio=0.00 | window rates RGB/ToF=1.00/0.92 | frame change=0.0086 | truth angle FOV=False | RGB render volume=False | H/V angles=nan/nan deg | truth distance=inf m
[INFO] [1791463615.349106115] [front_tof_monitor]: USV RGB=True | TOF=True | active=front_tof | range=6.51 m | depth ratio=1.00 | window rates RGB/ToF=1.00/0.92 | frame change=0.0074 | truth angle FOV=False | RGB render volume=False | H/V angles=nan/nan deg | truth distance=inf m
[WARN] [1791463615.449151569] [front_tof_monitor]: USV RGB=True | TOF=False | active=front_rgb_only | range=nan m | depth ratio=0.00 | window rates RGB/ToF=1.00/0.90 | frame change=0.0074 | truth angle FOV=False | RGB render volume=False | H/V angles=nan/nan deg | truth distance=inf m
[INFO] [1791463615.549175381] [front_tof_monitor]: USV RGB=True | TOF=True | active=front_tof | range=6.41 m | depth ratio=1.00 | window rates RGB/ToF=1.00/0.90 | frame change=0.0086 | truth angle FOV=False | RGB render volume=False | H/V angles=nan/nan deg | truth distance=inf m
[WARN] [1791463615.949156516] [front_tof_monitor]: USV RGB=True | TOF=False | active=front_rgb_only | range=nan m | depth ratio=0.00 | window rates RGB/ToF=1.00/0.88 | frame change=0.0081 | truth angle FOV=False | RGB render volume=False | H/V angles=nan/nan deg | truth distance=inf m
[INFO] [1791463616.048493213] [front_tof_monitor]: USV RGB=True | TOF=True | active=front_tof | range=6.27 m | depth ratio=1.00 | window rates RGB/ToF=1.00/0.88 | frame change=0.0092 | truth angle FOV=False | RGB render volume=False | H/V angles=nan/nan deg | truth distance=inf m
[WARN] [1791463616.148830367] [front_tof_monitor]: USV RGB=True | TOF=False | active=front_rgb_only | range=nan m | depth ratio=0.00 | window rates RGB/ToF=1.00/0.86 | frame change=0.0092 | truth angle FOV=False | RGB render volume=False | H/V angles=nan/nan deg | truth distance=inf m
[INFO] [1791463616.248215448] [front_tof_monitor]: USV RGB=True | TOF=True | active=front_tof | range=6.25 m | depth ratio=1.00 | window rates RGB/ToF=1.00/0.86 | frame change=0.0103 | truth angle FOV=False | RGB render volume=False | H/V angles=nan/nan deg | truth distance=inf m
[WARN] [1791463616.348063307] [front_tof_monitor]: USV RGB=True | TOF=False | active=front_rgb_only | range=nan m | depth ratio=0.00 | window rates RGB/ToF=1.00/0.84 | frame change=0.0103 | truth angle FOV=False | RGB render volume=False | H/V angles=nan/nan deg | truth distance=inf m
[INFO] [1791463616.748672344] [front_tof_monitor]: USV RGB=True | TOF=True | active=front_tof | range=6.30 m | depth ratio=1.00 | window rates RGB/ToF=1.00/0.78 | frame change=0.0065 | truth angle FOV=False | RGB render volume=False | H/V angles=nan/nan deg | truth distance=inf m
[WARN] [1791463616.848596315] [front_tof_monitor]: USV RGB=True | TOF=False | active=front_rgb_only | range=nan m | depth ratio=0.00 | window rates RGB/ToF=1.00/0.76 | frame change=0.0065 | truth angle FOV=False | RGB render volume=False | H/V angles=nan/nan deg | truth distance=inf m
[INFO] [1791463617.650170713] [front_tof_monitor]: USV RGB=True | TOF=True | active=front_tof | range=6.43 m | depth ratio=1.00 | window rates RGB/ToF=1.00/0.62 | frame change=0.0057 | truth angle FOV=False | RGB render volume=False | H/V angles=nan/nan deg | truth distance=inf m
[WARN] [1791463617.748579392] [front_tof_monitor]: USV RGB=True | TOF=False | active=front_rgb_only | range=nan m | depth ratio=0.00 | window rates RGB/ToF=1.00/0.60 | frame change=0.0057 | truth angle FOV=False | RGB render volume=False | H/V angles=nan/nan deg | truth distance=inf m
[INFO] [1791463617.848213145] [front_tof_monitor]: USV RGB=True | TOF=True | active=front_tof | range=6.43 m | depth ratio=1.00 | window rates RGB/ToF=1.00/0.61 | frame change=0.0082 | truth angle FOV=False | RGB render volume=False | H/V angles=nan/nan deg | truth distance=inf m
[WARN] [1791463617.950662153] [front_tof_monitor]: USV RGB=True | TOF=False | active=front_rgb_only | range=nan m | depth ratio=0.00 | window rates RGB/ToF=1.00/0.58 | frame change=0.0082 | truth angle FOV=False | RGB render volume=False | H/V angles=nan/nan deg | truth distance=inf m
[INFO] [1791463618.150442153] [front_tof_monitor]: USV RGB=True | TOF=True | active=front_tof | range=6.42 m | depth ratio=1.00 | window rates RGB/ToF=1.00/0.56 | frame change=0.0026 | truth angle FOV=False | RGB render volume=False | H/V angles=nan/nan deg | truth distance=inf m
[WARN] [1791463618.249270892] [front_tof_monitor]: USV RGB=True | TOF=False | active=front_rgb_only | range=nan m | depth ratio=0.00 | window rates RGB/ToF=1.00/0.55 | frame change=0.0026 | truth angle FOV=False | RGB render volume=False | H/V angles=nan/nan deg | truth distance=inf m
[INFO] [1791463618.548911988] [front_tof_monitor]: USV RGB=True | TOF=True | active=front_tof | range=6.34 m | depth ratio=1.00 | window rates RGB/ToF=1.00/0.50 | frame change=0.0081 | truth angle FOV=False | RGB render volume=False | H/V angles=nan/nan deg | truth distance=inf m
[WARN] [1791463618.649320471] [front_tof_monitor]: USV RGB=True | TOF=False | active=front_rgb_only | range=nan m | depth ratio=0.00 | window rates RGB/ToF=1.00/0.48 | frame change=0.0081 | truth angle FOV=False | RGB render volume=False | H/V angles=nan/nan deg | truth distance=inf m
[INFO] [1791463618.749368041] [front_tof_monitor]: USV RGB=True | TOF=True | active=front_tof | range=6.27 m | depth ratio=1.00 | window rates RGB/ToF=1.00/0.48 | frame change=0.0071 | truth angle FOV=False | RGB render volume=False | H/V angles=nan/nan deg | truth distance=inf m
[WARN] [1791463619.148764587] [front_tof_monitor]: USV RGB=True | TOF=False | active=front_rgb_only | range=nan m | depth ratio=0.00 | window rates RGB/ToF=1.00/0.47 | frame change=0.0041 | truth angle FOV=False | RGB render volume=False | H/V angles=nan/nan deg | truth distance=inf m
[INFO] [1791463619.250019613] [front_tof_monitor]: USV RGB=True | TOF=True | active=front_tof | range=6.11 m | depth ratio=1.00 | window rates RGB/ToF=1.00/0.47 | frame change=0.0048 | truth angle FOV=False | RGB render volume=False | H/V angles=nan/nan deg | truth distance=inf m
[WARN] [1791463619.848610430] [front_tof_monitor]: USV RGB=True | TOF=False | active=front_rgb_only | range=nan m | depth ratio=0.00 | window rates RGB/ToF=1.00/0.48 | frame change=0.0083 | truth angle FOV=False | RGB render volume=False | H/V angles=nan/nan deg | truth distance=inf m
[INFO] [1791463619.948360863] [front_tof_monitor]: USV RGB=True | TOF=True | active=front_tof | range=5.91 m | depth ratio=1.00 | window rates RGB/ToF=1.00/0.49 | frame change=0.0098 | truth angle FOV=False | RGB render volume=False | H/V angles=nan/nan deg | truth distance=inf m
[WARN] [1791463620.048101675] [front_tof_monitor]: USV RGB=True | TOF=False | active=front_rgb_only | range=nan m | depth ratio=0.00 | window rates RGB/ToF=1.00/0.47 | frame change=0.0098 | truth angle FOV=False | RGB render volume=False | H/V angles=nan/nan deg | truth distance=inf m
[INFO] [1791463620.148695511] [front_tof_monitor]: USV RGB=True | TOF=True | active=front_tof | range=5.90 m | depth ratio=1.00 | window rates RGB/ToF=1.00/0.49 | frame change=0.0102 | truth angle FOV=False | RGB render volume=False | H/V angles=nan/nan deg | truth distance=inf m
[WARN] [1791463620.548725960] [front_tof_monitor]: USV RGB=True | TOF=False | active=front_rgb_only | range=nan m | depth ratio=0.00 | window rates RGB/ToF=1.00/0.51 | frame change=0.0040 | truth angle FOV=False | RGB render volume=False | H/V angles=nan/nan deg | truth distance=inf m
[INFO] [1791463620.648740962] [front_tof_monitor]: USV RGB=True | TOF=True | active=front_tof | range=5.94 m | depth ratio=1.00 | window rates RGB/ToF=1.00/0.50 | frame change=0.0031 | truth angle FOV=False | RGB render volume=False | H/V angles=nan/nan deg | truth distance=inf m
[WARN] [1791463620.748348577] [front_tof_monitor]: USV RGB=True | TOF=False | active=front_rgb_only | range=nan m | depth ratio=0.00 | window rates RGB/ToF=1.00/0.48 | frame change=0.0031 | truth angle FOV=False | RGB render volume=False | H/V angles=nan/nan deg | truth distance=inf m
[INFO] [1791463620.848585794] [front_tof_monitor]: USV RGB=True | TOF=True | active=front_tof | range=6.01 m | depth ratio=1.00 | window rates RGB/ToF=1.00/0.49 | frame change=0.0058 | truth angle FOV=False | RGB render volume=False | H/V angles=nan/nan deg | truth distance=inf m
[WARN] [1791463620.948803653] [front_tof_monitor]: USV RGB=True | TOF=False | active=front_rgb_only | range=nan m | depth ratio=0.00 | window rates RGB/ToF=1.00/0.48 | frame change=0.0058 | truth angle FOV=False | RGB render volume=False | H/V angles=nan/nan deg | truth distance=inf m
[INFO] [1791463621.050941079] [front_tof_monitor]: USV RGB=True | TOF=True | active=front_tof | range=6.07 m | depth ratio=1.00 | window rates RGB/ToF=1.00/0.49 | frame change=0.0085 | truth angle FOV=False | RGB render volume=False | H/V angles=nan/nan deg | truth distance=inf m
[WARN] [1791463623.048437810] [front_tof_monitor]: USV RGB=True | TOF=False | active=front_rgb_only | range=nan m | depth ratio=0.00 | window rates RGB/ToF=1.00/0.78 | frame change=0.0107 | truth angle FOV=False | RGB render volume=False | H/V angles=nan/nan deg | truth distance=inf m
[INFO] [1791463623.148877999] [front_tof_monitor]: USV RGB=True | TOF=True | active=front_tof | range=6.19 m | depth ratio=1.00 | window rates RGB/ToF=1.00/0.78 | frame change=0.0043 | truth angle FOV=False | RGB render volume=False | H/V angles=nan/nan deg | truth distance=inf m
[WARN] [1791463624.749807418] [front_tof_monitor]: USV RGB=True | TOF=False | active=front_rgb_only | range=nan m | depth ratio=0.00 | window rates RGB/ToF=1.00/0.86 | frame change=0.0036 | truth angle FOV=False | RGB render volume=False | H/V angles=nan/nan deg | truth distance=inf m
[INFO] [1791463624.849017736] [front_tof_monitor]: USV RGB=True | TOF=True | active=front_tof | range=6.16 m | depth ratio=1.00 | window rates RGB/ToF=1.00/0.88 | frame change=0.0041 | truth angle FOV=False | RGB render volume=False | H/V angles=nan/nan deg | truth distance=inf m
[WARN] [1791463624.951125678] [front_tof_monitor]: USV RGB=True | TOF=False | active=front_rgb_only | range=nan m | depth ratio=0.00 | window rates RGB/ToF=1.00/0.86 | frame change=0.0041 | truth angle FOV=False | RGB render volume=False | H/V angles=nan/nan deg | truth distance=inf m
[INFO] [1791463625.048482178] [front_tof_monitor]: USV RGB=True | TOF=True | active=front_tof | range=6.20 m | depth ratio=1.00 | window rates RGB/ToF=1.00/0.86 | frame change=0.0039 | truth angle FOV=False | RGB render volume=False | H/V angles=nan/nan deg | truth distance=inf m
[WARN] [1791463625.449892000] [front_tof_monitor]: USV RGB=True | TOF=False | active=front_rgb_only | range=nan m | depth ratio=0.00 | window rates RGB/ToF=1.00/0.86 | frame change=0.0041 | truth angle FOV=False | RGB render volume=False | H/V angles=nan/nan deg | truth distance=inf m
[INFO] [1791463625.548589622] [front_tof_monitor]: USV RGB=True | TOF=True | active=front_tof | range=6.28 m | depth ratio=1.00 | window rates RGB/ToF=1.00/0.86 | frame change=0.0028 | truth angle FOV=False | RGB render volume=False | H/V angles=nan/nan deg | truth distance=inf m
[WARN] [1791463625.648111695] [front_tof_monitor]: USV RGB=True | TOF=False | active=front_rgb_only | range=nan m | depth ratio=0.00 | window rates RGB/ToF=1.00/0.86 | frame change=0.0028 | truth angle FOV=False | RGB render volume=False | H/V angles=nan/nan deg | truth distance=inf m
[INFO] [1791463625.750189845] [front_tof_monitor]: USV RGB=True | TOF=True | active=front_tof | range=6.30 m | depth ratio=1.00 | window rates RGB/ToF=1.00/0.86 | frame change=0.0038 | truth angle FOV=False | RGB render volume=False | H/V angles=nan/nan deg | truth distance=inf m
[WARN] [1791463625.848708330] [front_tof_monitor]: USV RGB=True | TOF=False | active=front_rgb_only | range=nan m | depth ratio=0.00 | window rates RGB/ToF=1.00/0.86 | frame change=0.0038 | truth angle FOV=False | RGB render volume=False | H/V angles=nan/nan deg | truth distance=inf m
[INFO] [1791463625.949325745] [front_tof_monitor]: USV RGB=True | TOF=True | active=front_tof | range=6.31 m | depth ratio=1.00 | window rates RGB/ToF=1.00/0.86 | frame change=0.0009 | truth angle FOV=False | RGB render volume=False | H/V angles=nan/nan deg | truth distance=inf m
[WARN] [1791463626.348544794] [front_tof_monitor]: USV RGB=True | TOF=False | active=front_rgb_only | range=nan m | depth ratio=0.00 | window rates RGB/ToF=1.00/0.86 | frame change=0.0033 | truth angle FOV=False | RGB render volume=False | H/V angles=nan/nan deg | truth distance=inf m
[INFO] [1791463626.448612501] [front_tof_monitor]: USV RGB=True | TOF=True | active=front_tof | range=6.30 m | depth ratio=1.00 | window rates RGB/ToF=1.00/0.86 | frame change=0.0062 | truth angle FOV=False | RGB render volume=False | H/V angles=nan/nan deg | truth distance=inf m
[WARN] [1791463626.548344998] [front_tof_monitor]: USV RGB=True | TOF=False | active=front_rgb_only | range=nan m | depth ratio=0.00 | window rates RGB/ToF=1.00/0.84 | frame change=0.0062 | truth angle FOV=False | RGB render volume=False | H/V angles=nan/nan deg | truth distance=inf m
[INFO] [1791463626.648644347] [front_tof_monitor]: USV RGB=True | TOF=True | active=front_tof | range=6.28 m | depth ratio=1.00 | window rates RGB/ToF=1.00/0.84 | frame change=0.0070 | truth angle FOV=False | RGB render volume=False | H/V angles=nan/nan deg | truth distance=inf m
[WARN] [1791463626.748581706] [front_tof_monitor]: USV RGB=True | TOF=False | active=front_rgb_only | range=nan m | depth ratio=0.00 | window rates RGB/ToF=1.00/0.82 | frame change=0.0070 | truth angle FOV=False | RGB render volume=False | H/V angles=nan/nan deg | truth distance=inf m
[INFO] [1791463626.848275825] [front_tof_monitor]: USV RGB=True | TOF=True | active=front_tof | range=6.27 m | depth ratio=1.00 | window rates RGB/ToF=1.00/0.82 | frame change=0.0043 | truth angle FOV=False | RGB render volume=False | H/V angles=nan/nan deg | truth distance=inf m
[WARN] [1791463627.450108558] [front_tof_monitor]: USV RGB=True | TOF=False | active=front_rgb_only | range=nan m | depth ratio=0.00 | window rates RGB/ToF=1.00/0.80 | frame change=0.0018 | truth angle FOV=False | RGB render volume=False | H/V angles=nan/nan deg | truth distance=inf m
[INFO] [1791463627.548298222] [front_tof_monitor]: USV RGB=True | TOF=True | active=front_tof | range=6.24 m | depth ratio=1.00 | window rates RGB/ToF=1.00/0.80 | frame change=0.0009 | truth angle FOV=False | RGB render volume=False | H/V angles=nan/nan deg | truth distance=inf m
[WARN] [1791463627.650355989] [front_tof_monitor]: USV RGB=True | TOF=False | active=front_rgb_only | range=nan m | depth ratio=0.00 | window rates RGB/ToF=1.00/0.78 | frame change=0.0009 | truth angle FOV=False | RGB render volume=False | H/V angles=nan/nan deg | truth distance=inf m
[INFO] [1791463627.749722977] [front_tof_monitor]: USV RGB=True | TOF=True | active=front_tof | range=6.23 m | depth ratio=1.00 | window rates RGB/ToF=1.00/0.78 | frame change=0.0038 | truth angle FOV=False | RGB render volume=False | H/V angles=nan/nan deg | truth distance=inf m
[WARN] [1791463627.848164040] [front_tof_monitor]: USV RGB=True | TOF=False | active=front_rgb_only | range=nan m | depth ratio=0.00 | window rates RGB/ToF=1.00/0.76 | frame change=0.0038 | truth angle FOV=False | RGB render volume=False | H/V angles=nan/nan deg | truth distance=inf m
[INFO] [1791463627.948607781] [front_tof_monitor]: USV RGB=True | TOF=True | active=front_tof | range=6.22 m | depth ratio=1.00 | window rates RGB/ToF=1.00/0.76 | frame change=0.0072 | truth angle FOV=False | RGB render volume=False | H/V angles=nan/nan deg | truth distance=inf m
[WARN] [1791463628.349180238] [front_tof_monitor]: USV RGB=True | TOF=False | active=front_rgb_only | range=nan m | depth ratio=0.00 | window rates RGB/ToF=1.00/0.76 | frame change=0.0032 | truth angle FOV=False | RGB render volume=False | H/V angles=nan/nan deg | truth distance=inf m
[INFO] [1791463628.449570658] [front_tof_monitor]: USV RGB=True | TOF=True | active=front_tof | range=6.21 m | depth ratio=1.00 | window rates RGB/ToF=1.00/0.76 | frame change=0.0014 | truth angle FOV=False | RGB render volume=False | H/V angles=nan/nan deg | truth distance=inf m
[WARN] [1791463628.548168706] [front_tof_monitor]: USV RGB=True | TOF=False | active=front_rgb_only | range=nan m | depth ratio=0.00 | window rates RGB/ToF=1.00/0.74 | frame change=0.0014 | truth angle FOV=False | RGB render volume=False | H/V angles=nan/nan deg | truth distance=inf m
[INFO] [1791463628.848351470] [front_tof_monitor]: USV RGB=True | TOF=True | active=front_tof | range=6.23 m | depth ratio=1.00 | window rates RGB/ToF=1.00/0.71 | frame change=0.0016 | truth angle FOV=False | RGB render volume=False | H/V angles=nan/nan deg | truth distance=inf m
[WARN] [1791463628.949922297] [front_tof_monitor]: USV RGB=True | TOF=False | active=front_rgb_only | range=nan m | depth ratio=0.00 | window rates RGB/ToF=1.00/0.68 | frame change=0.0016 | truth angle FOV=False | RGB render volume=False | H/V angles=nan/nan deg | truth distance=inf m
[INFO] [1791463629.048703335] [front_tof_monitor]: USV RGB=True | TOF=True | active=front_tof | range=6.24 m | depth ratio=1.00 | window rates RGB/ToF=1.00/0.69 | frame change=0.0044 | truth angle FOV=False | RGB render volume=False | H/V angles=nan/nan deg | truth distance=inf m
[WARN] [1791463629.250850259] [front_tof_monitor]: USV RGB=True | TOF=False | active=front_rgb_only | range=nan m | depth ratio=0.00 | window rates RGB/ToF=1.00/0.66 | frame change=0.0044 | truth angle FOV=False | RGB render volume=False | H/V angles=nan/nan deg | truth distance=inf m
[INFO] [1791463629.349868173] [front_tof_monitor]: USV RGB=True | TOF=True | active=front_tof | range=6.23 m | depth ratio=1.00 | window rates RGB/ToF=1.00/0.66 | frame change=0.0025 | truth angle FOV=False | RGB render volume=False | H/V angles=nan/nan deg | truth distance=inf m
[WARN] [1791463629.450400941] [front_tof_monitor]: USV RGB=True | TOF=False | active=front_rgb_only | range=nan m | depth ratio=0.00 | window rates RGB/ToF=1.00/0.64 | frame change=0.0025 | truth angle FOV=False | RGB render volume=False | H/V angles=nan/nan deg | truth distance=inf m
[INFO] [1791463629.549737688] [front_tof_monitor]: USV RGB=True | TOF=True | active=front_tof | range=6.24 m | depth ratio=1.00 | window rates RGB/ToF=1.00/0.64 | frame change=0.0035 | truth angle FOV=False | RGB render volume=False | H/V angles=nan/nan deg | truth distance=inf m
[WARN] [1791463629.948435046] [front_tof_monitor]: USV RGB=True | TOF=False | active=front_rgb_only | range=nan m | depth ratio=0.00 | window rates RGB/ToF=1.00/0.65 | frame change=0.0055 | truth angle FOV=False | RGB render volume=False | H/V angles=nan/nan deg | truth distance=inf m
[INFO] [1791463630.048411848] [front_tof_monitor]: USV RGB=True | TOF=True | active=front_tof | range=6.19 m | depth ratio=1.00 | window rates RGB/ToF=1.00/0.67 | frame change=0.0044 | truth angle FOV=False | RGB render volume=False | H/V angles=nan/nan deg | truth distance=inf m
[WARN] [1791463630.150457272] [front_tof_monitor]: USV RGB=True | TOF=False | active=front_rgb_only | range=nan m | depth ratio=0.00 | window rates RGB/ToF=1.00/0.64 | frame change=0.0044 | truth angle FOV=False | RGB render volume=False | H/V angles=nan/nan deg | truth distance=inf m
[INFO] [1791463630.248851458] [front_tof_monitor]: USV RGB=True | TOF=True | active=front_tof | range=6.13 m | depth ratio=1.00 | window rates RGB/ToF=1.00/0.65 | frame change=0.0013 | truth angle FOV=False | RGB render volume=False | H/V angles=nan/nan deg | truth distance=inf m
[WARN] [1791463630.848688395] [front_tof_monitor]: USV RGB=True | TOF=False | active=front_rgb_only | range=nan m | depth ratio=0.00 | window rates RGB/ToF=1.00/0.67 | frame change=0.0065 | truth angle FOV=False | RGB render volume=False | H/V angles=nan/nan deg | truth distance=inf m
[INFO] [1791463630.949136831] [front_tof_monitor]: USV RGB=True | TOF=True | active=front_tof | range=5.91 m | depth ratio=1.00 | window rates RGB/ToF=1.00/0.69 | frame change=0.0062 | truth angle FOV=False | RGB render volume=False | H/V angles=nan/nan deg | truth distance=inf m
[WARN] [1791463631.548919411] [front_tof_monitor]: USV RGB=True | TOF=False | active=front_rgb_only | range=nan m | depth ratio=0.00 | window rates RGB/ToF=1.00/0.70 | frame change=0.0068 | truth angle FOV=False | RGB render volume=False | H/V angles=nan/nan deg | truth distance=inf m
[INFO] [1791463631.648947418] [front_tof_monitor]: USV RGB=True | TOF=True | active=front_tof | range=5.80 m | depth ratio=1.00 | window rates RGB/ToF=1.00/0.70 | frame change=0.0060 | truth angle FOV=False | RGB render volume=False | H/V angles=nan/nan deg | truth distance=inf m
[WARN] [1791463632.248267898] [front_tof_monitor]: USV RGB=True | TOF=False | active=front_rgb_only | range=nan m | depth ratio=0.00 | window rates RGB/ToF=1.00/0.70 | frame change=0.0040 | truth angle FOV=False | RGB render volume=False | H/V angles=nan/nan deg | truth distance=inf m
[INFO] [1791463632.349541723] [front_tof_monitor]: USV RGB=True | TOF=True | active=front_tof | range=5.95 m | depth ratio=1.00 | window rates RGB/ToF=1.00/0.70 | frame change=0.0085 | truth angle FOV=False | RGB render volume=False | H/V angles=nan/nan deg | truth distance=inf m
[WARN] [1791463632.749023237] [front_tof_monitor]: USV RGB=True | TOF=False | active=front_rgb_only | range=nan m | depth ratio=0.00 | window rates RGB/ToF=1.00/0.72 | frame change=0.0077 | truth angle FOV=False | RGB render volume=False | H/V angles=nan/nan deg | truth distance=inf m
[INFO] [1791463632.848396827] [front_tof_monitor]: USV RGB=True | TOF=True | active=front_tof | range=6.11 m | depth ratio=1.00 | window rates RGB/ToF=1.00/0.74 | frame change=0.0052 | truth angle FOV=False | RGB render volume=False | H/V angles=nan/nan deg | truth distance=inf m
[WARN] [1791463632.949705092] [front_tof_monitor]: USV RGB=True | TOF=False | active=front_rgb_only | range=nan m | depth ratio=0.00 | window rates RGB/ToF=1.00/0.72 | frame change=0.0052 | truth angle FOV=False | RGB render volume=False | H/V angles=nan/nan deg | truth distance=inf m
[INFO] [1791463633.048972809] [front_tof_monitor]: USV RGB=True | TOF=True | active=front_tof | range=6.18 m | depth ratio=1.00 | window rates RGB/ToF=1.00/0.72 | frame change=0.0045 | truth angle FOV=False | RGB render volume=False | H/V angles=nan/nan deg | truth distance=inf m
[WARN] [1791463633.149109363] [front_tof_monitor]: USV RGB=True | TOF=False | active=front_rgb_only | range=nan m | depth ratio=0.00 | window rates RGB/ToF=1.00/0.70 | frame change=0.0045 | truth angle FOV=False | RGB render volume=False | H/V angles=nan/nan deg | truth distance=inf m
[INFO] [1791463633.448266079] [front_tof_monitor]: USV RGB=True | TOF=True | active=front_tof | range=6.28 m | depth ratio=1.00 | window rates RGB/ToF=1.00/0.69 | frame change=0.0040 | truth angle FOV=False | RGB render volume=False | H/V angles=nan/nan deg | truth distance=inf m
[WARN] [1791463633.549526999] [front_tof_monitor]: USV RGB=True | TOF=False | active=front_rgb_only | range=nan m | depth ratio=0.00 | window rates RGB/ToF=1.00/0.68 | frame change=0.0040 | truth angle FOV=False | RGB render volume=False | H/V angles=nan/nan deg | truth distance=inf m
[INFO] [1791463633.648938587] [front_tof_monitor]: USV RGB=True | TOF=True | active=front_tof | range=6.32 m | depth ratio=1.00 | window rates RGB/ToF=1.00/0.69 | frame change=0.0066 | truth angle FOV=False | RGB render volume=False | H/V angles=nan/nan deg | truth distance=inf m
[WARN] [1791463633.848277993] [front_tof_monitor]: USV RGB=True | TOF=False | active=front_rgb_only | range=nan m | depth ratio=0.00 | window rates RGB/ToF=1.00/0.71 | frame change=0.0066 | truth angle FOV=False | RGB render volume=False | H/V angles=nan/nan deg | truth distance=inf m
[INFO] [1791463633.948685195] [front_tof_monitor]: USV RGB=True | TOF=True | active=front_tof | range=6.31 m | depth ratio=1.00 | window rates RGB/ToF=1.00/0.71 | frame change=0.0070 | truth angle FOV=False | RGB render volume=False | H/V angles=nan/nan deg | truth distance=inf m
[WARN] [1791463634.048153399] [front_tof_monitor]: USV RGB=True | TOF=False | active=front_rgb_only | range=nan m | depth ratio=0.00 | window rates RGB/ToF=1.00/0.71 | frame change=0.0070 | truth angle FOV=False | RGB render volume=False | H/V angles=nan/nan deg | truth distance=inf m
[INFO] [1791463634.148869736] [front_tof_monitor]: USV RGB=True | TOF=True | active=front_tof | range=6.30 m | depth ratio=1.00 | window rates RGB/ToF=1.00/0.70 | frame change=0.0091 | truth angle FOV=False | RGB render volume=False | H/V angles=nan/nan deg | truth distance=inf m
[WARN] [1791463634.248890249] [front_tof_monitor]: USV RGB=True | TOF=False | active=front_rgb_only | range=nan m | depth ratio=0.00 | window rates RGB/ToF=1.00/0.69 | frame change=0.0091 | truth angle FOV=False | RGB render volume=False | H/V angles=nan/nan deg | truth distance=inf m
[INFO] [1791463634.348995856] [front_tof_monitor]: USV RGB=True | TOF=True | active=front_tof | range=6.28 m | depth ratio=1.00 | window rates RGB/ToF=1.00/0.71 | frame change=0.0065 | truth angle FOV=False | RGB render volume=False | H/V angles=nan/nan deg | truth distance=inf m
[WARN] [1791463635.848982310] [front_tof_monitor]: USV RGB=True | TOF=False | active=front_rgb_only | range=nan m | depth ratio=0.00 | window rates RGB/ToF=1.00/0.76 | frame change=0.0023 | truth angle FOV=False | RGB render volume=False | H/V angles=nan/nan deg | truth distance=inf m
[INFO] [1791463635.948901405] [front_tof_monitor]: USV RGB=True | TOF=True | active=front_tof | range=6.12 m | depth ratio=1.00 | window rates RGB/ToF=1.00/0.76 | frame change=0.0008 | truth angle FOV=False | RGB render volume=False | H/V angles=nan/nan deg | truth distance=inf m
[WARN] [1791463636.550577099] [front_tof_monitor]: USV RGB=True | TOF=False | active=front_rgb_only | range=nan m | depth ratio=0.00 | window rates RGB/ToF=1.00/0.76 | frame change=0.0048 | truth angle FOV=False | RGB render volume=False | H/V angles=nan/nan deg | truth distance=inf m
[INFO] [1791463636.648948350] [front_tof_monitor]: USV RGB=True | TOF=True | active=front_tof | range=6.19 m | depth ratio=1.00 | window rates RGB/ToF=1.00/0.76 | frame change=0.0048 | truth angle FOV=False | RGB render volume=False | H/V angles=nan/nan deg | truth distance=inf m
[WARN] [1791463637.448626233] [front_tof_monitor]: USV RGB=True | TOF=False | active=front_rgb_only | range=nan m | depth ratio=0.00 | window rates RGB/ToF=1.00/0.76 | frame change=0.0002 | truth angle FOV=False | RGB render volume=False | H/V angles=nan/nan deg | truth distance=inf m
[INFO] [1791463637.549407543] [front_tof_monitor]: USV RGB=True | TOF=True | active=front_tof | range=6.35 m | depth ratio=1.00 | window rates RGB/ToF=1.00/0.76 | frame change=0.0020 | truth angle FOV=False | RGB render volume=False | H/V angles=nan/nan deg | truth distance=inf m
[WARN] [1791463637.649237963] [front_tof_monitor]: USV RGB=True | TOF=False | active=front_rgb_only | range=nan m | depth ratio=0.00 | window rates RGB/ToF=1.00/0.75 | frame change=0.0020 | truth angle FOV=False | RGB render volume=False | H/V angles=nan/nan deg | truth distance=inf m
[INFO] [1791463637.749417080] [front_tof_monitor]: USV RGB=True | TOF=True | active=front_tof | range=6.38 m | depth ratio=1.00 | window rates RGB/ToF=1.00/0.75 | frame change=0.0026 | truth angle FOV=False | RGB render volume=False | H/V angles=nan/nan deg | truth distance=inf m
[WARN] [1791463638.748727786] [front_tof_monitor]: USV RGB=True | TOF=False | active=front_rgb_only | range=nan m | depth ratio=0.00 | window rates RGB/ToF=1.00/0.84 | frame change=0.0010 | truth angle FOV=False | RGB render volume=False | H/V angles=nan/nan deg | truth distance=inf m
[INFO] [1791463638.848616142] [front_tof_monitor]: USV RGB=True | TOF=True | active=front_tof | range=6.36 m | depth ratio=1.00 | window rates RGB/ToF=1.00/0.84 | frame change=0.0008 | truth angle FOV=False | RGB render volume=False | H/V angles=nan/nan deg | truth distance=inf m
[WARN] [1791463640.648742073] [front_tof_monitor]: USV RGB=True | TOF=False | active=front_rgb_only | range=nan m | depth ratio=0.00 | window rates RGB/ToF=1.00/0.88 | frame change=0.0062 | truth angle FOV=False | RGB render volume=False | H/V angles=nan/nan deg | truth distance=inf m
[INFO] [1791463640.748274176] [front_tof_monitor]: USV RGB=True | TOF=True | active=front_tof | range=6.35 m | depth ratio=1.00 | window rates RGB/ToF=1.00/0.88 | frame change=0.0044 | truth angle FOV=False | RGB render volume=False | H/V angles=nan/nan deg | truth distance=inf m
[WARN] [1791463641.153832478] [front_tof_monitor]: USV RGB=True | TOF=False | active=front_rgb_only | range=nan m | depth ratio=0.00 | window rates RGB/ToF=1.00/0.88 | frame change=0.0026 | truth angle FOV=False | RGB render volume=False | H/V angles=nan/nan deg | truth distance=inf m
[INFO] [1791463641.248804943] [front_tof_monitor]: USV RGB=True | TOF=True | active=front_tof | range=6.42 m | depth ratio=1.00 | window rates RGB/ToF=1.00/0.88 | frame change=0.0065 | truth angle FOV=False | RGB render volume=False | H/V angles=nan/nan deg | truth distance=inf m
[WARN] [1791463641.348558634] [front_tof_monitor]: USV RGB=True | TOF=False | active=front_rgb_only | range=nan m | depth ratio=0.00 | window rates RGB/ToF=1.00/0.86 | frame change=0.0065 | truth angle FOV=False | RGB render volume=False | H/V angles=nan/nan deg | truth distance=inf m
[INFO] [1791463641.748873944] [front_tof_monitor]: USV RGB=True | TOF=True | active=front_tof | range=6.52 m | depth ratio=1.00 | window rates RGB/ToF=1.00/0.82 | frame change=0.0034 | truth angle FOV=False | RGB render volume=False | H/V angles=nan/nan deg | truth distance=inf m
[WARN] [1791463641.847980481] [front_tof_monitor]: USV RGB=True | TOF=False | active=front_rgb_only | range=nan m | depth ratio=0.00 | window rates RGB/ToF=1.00/0.80 | frame change=0.0034 | truth angle FOV=False | RGB render volume=False | H/V angles=nan/nan deg | truth distance=inf m
[INFO] [1791463641.948815631] [front_tof_monitor]: USV RGB=True | TOF=True | active=front_tof | range=6.51 m | depth ratio=1.00 | window rates RGB/ToF=1.00/0.80 | frame change=0.0034 | truth angle FOV=False | RGB render volume=False | H/V angles=nan/nan deg | truth distance=inf m
[WARN] [1791463642.148382485] [front_tof_monitor]: USV RGB=True | TOF=False | active=front_rgb_only | range=nan m | depth ratio=0.00 | window rates RGB/ToF=1.00/0.78 | frame change=0.0042 | truth angle FOV=False | RGB render volume=False | H/V angles=nan/nan deg | truth distance=inf m
[INFO] [1791463642.248823592] [front_tof_monitor]: USV RGB=True | TOF=True | active=front_tof | range=6.49 m | depth ratio=1.00 | window rates RGB/ToF=1.00/0.78 | frame change=0.0042 | truth angle FOV=False | RGB render volume=False | H/V angles=nan/nan deg | truth distance=inf m
[WARN] [1791463642.348545280] [front_tof_monitor]: USV RGB=True | TOF=False | active=front_rgb_only | range=nan m | depth ratio=0.00 | window rates RGB/ToF=1.00/0.76 | frame change=0.0041 | truth angle FOV=False | RGB render volume=False | H/V angles=nan/nan deg | truth distance=inf m
[INFO] [1791463642.448263985] [front_tof_monitor]: USV RGB=True | TOF=True | active=front_tof | range=6.47 m | depth ratio=1.00 | window rates RGB/ToF=1.00/0.76 | frame change=0.0041 | truth angle FOV=False | RGB render volume=False | H/V angles=nan/nan deg | truth distance=inf m
[WARN] [1791463642.848207430] [front_tof_monitor]: USV RGB=True | TOF=False | active=front_rgb_only | range=nan m | depth ratio=0.00 | window rates RGB/ToF=1.00/0.78 | frame change=0.0036 | truth angle FOV=False | RGB render volume=False | H/V angles=nan/nan deg | truth distance=inf m
[INFO] [1791463642.948671561] [front_tof_monitor]: USV RGB=True | TOF=True | active=front_tof | range=6.40 m | depth ratio=1.00 | window rates RGB/ToF=1.00/0.78 | frame change=0.0036 | truth angle FOV=False | RGB render volume=False | H/V angles=nan/nan deg | truth distance=inf m
[WARN] [1791463643.048443640] [front_tof_monitor]: USV RGB=True | TOF=False | active=front_rgb_only | range=nan m | depth ratio=0.00 | window rates RGB/ToF=1.00/0.76 | frame change=0.0056 | truth angle FOV=False | RGB render volume=False | H/V angles=nan/nan deg | truth distance=inf m
[INFO] [1791463643.148231045] [front_tof_monitor]: USV RGB=True | TOF=True | active=front_tof | range=6.38 m | depth ratio=1.00 | window rates RGB/ToF=1.00/0.76 | frame change=0.0056 | truth angle FOV=False | RGB render volume=False | H/V angles=nan/nan deg | truth distance=inf m
[WARN] [1791463643.248073229] [front_tof_monitor]: USV RGB=True | TOF=False | active=front_rgb_only | range=nan m | depth ratio=0.00 | window rates RGB/ToF=1.00/0.75 | frame change=0.0048 | truth angle FOV=False | RGB render volume=False | H/V angles=nan/nan deg | truth distance=inf m
[INFO] [1791463643.348454960] [front_tof_monitor]: USV RGB=True | TOF=True | active=front_tof | range=6.36 m | depth ratio=1.00 | window rates RGB/ToF=1.00/0.74 | frame change=0.0048 | truth angle FOV=False | RGB render volume=False | H/V angles=nan/nan deg | truth distance=inf m
[WARN] [1791463643.748695135] [front_tof_monitor]: USV RGB=True | TOF=False | active=front_rgb_only | range=nan m | depth ratio=0.00 | window rates RGB/ToF=1.00/0.73 | frame change=0.0027 | truth angle FOV=False | RGB render volume=False | H/V angles=nan/nan deg | truth distance=inf m
[INFO] [1791463643.848488656] [front_tof_monitor]: USV RGB=True | TOF=True | active=front_tof | range=6.33 m | depth ratio=1.00 | window rates RGB/ToF=1.00/0.74 | frame change=0.0027 | truth angle FOV=False | RGB render volume=False | H/V angles=nan/nan deg | truth distance=inf m
[WARN] [1791463645.848741322] [front_tof_monitor]: USV RGB=True | TOF=False | active=front_rgb_only | range=nan m | depth ratio=0.00 | window rates RGB/ToF=1.00/0.75 | frame change=0.0006 | truth angle FOV=False | RGB render volume=False | H/V angles=nan/nan deg | truth distance=inf m
[INFO] [1791463645.949139885] [front_tof_monitor]: USV RGB=True | TOF=True | active=front_tof | range=6.49 m | depth ratio=1.00 | window rates RGB/ToF=1.00/0.74 | frame change=0.0013 | truth angle FOV=False | RGB render volume=False | H/V angles=nan/nan deg | truth distance=inf m
[WARN] [1791463648.549150090] [front_tof_monitor]: USV RGB=True | TOF=False | active=front_rgb_only | range=nan m | depth ratio=0.00 | window rates RGB/ToF=1.00/0.94 | frame change=0.0059 | truth angle FOV=False | RGB render volume=False | H/V angles=nan/nan deg | truth distance=inf m
[INFO] [1791463648.649067854] [front_tof_monitor]: USV RGB=True | TOF=True | active=front_tof | range=6.31 m | depth ratio=1.00 | window rates RGB/ToF=1.00/0.94 | frame change=0.0048 | truth angle FOV=False | RGB render volume=False | H/V angles=nan/nan deg | truth distance=inf m
[WARN] [1791463650.648669572] [front_tof_monitor]: USV RGB=True | TOF=False | active=front_rgb_only | range=nan m | depth ratio=0.00 | window rates RGB/ToF=1.00/0.94 | frame change=0.0041 | truth angle FOV=False | RGB render volume=False | H/V angles=nan/nan deg | truth distance=inf m
[INFO] [1791463650.748252465] [front_tof_monitor]: USV RGB=True | TOF=True | active=front_tof | range=5.93 m | depth ratio=1.00 | window rates RGB/ToF=1.00/0.94 | frame change=0.0033 | truth angle FOV=False | RGB render volume=False | H/V angles=nan/nan deg | truth distance=inf m
[WARN] [1791463653.448605783] [front_tof_monitor]: USV RGB=True | TOF=False | active=front_rgb_only | range=nan m | depth ratio=0.00 | window rates RGB/ToF=1.00/0.94 | frame change=0.0067 | truth angle FOV=False | RGB render volume=False | H/V angles=nan/nan deg | truth distance=inf m
[INFO] [1791463653.548273959] [front_tof_monitor]: USV RGB=True | TOF=True | active=front_tof | range=6.24 m | depth ratio=1.00 | window rates RGB/ToF=1.00/0.94 | frame change=0.0027 | truth angle FOV=False | RGB render volume=False | H/V angles=nan/nan deg | truth distance=inf m
[WARN] [1791463654.548346212] [front_tof_monitor]: USV RGB=True | TOF=False | active=front_rgb_only | range=nan m | depth ratio=0.00 | window rates RGB/ToF=1.00/0.94 | frame change=0.0039 | truth angle FOV=False | RGB render volume=False | H/V angles=nan/nan deg | truth distance=inf m
[INFO] [1791463655.249000225] [front_tof_monitor]: USV RGB=True | TOF=True | active=front_tof | range=6.10 m | depth ratio=1.00 | window rates RGB/ToF=1.00/0.82 | frame change=0.0032 | truth angle FOV=False | RGB render volume=False | H/V angles=nan/nan deg | truth distance=inf m
[WARN] [1791463655.348774281] [front_tof_monitor]: USV RGB=True | TOF=False | active=front_rgb_only | range=nan m | depth ratio=0.00 | window rates RGB/ToF=1.00/0.80 | frame change=0.0023 | truth angle FOV=False | RGB render volume=False | H/V angles=nan/nan deg | truth distance=inf m
[INFO] [1791463655.449066808] [front_tof_monitor]: USV RGB=True | TOF=True | active=front_tof | range=6.10 m | depth ratio=1.00 | window rates RGB/ToF=1.00/0.80 | frame change=0.0023 | truth angle FOV=False | RGB render volume=False | H/V angles=nan/nan deg | truth distance=inf m
[WARN] [1791463655.848696970] [front_tof_monitor]: USV RGB=True | TOF=False | active=front_rgb_only | range=nan m | depth ratio=0.00 | window rates RGB/ToF=1.00/0.80 | frame change=0.0027 | truth angle FOV=False | RGB render volume=False | H/V angles=nan/nan deg | truth distance=inf m
[INFO] [1791463655.948910138] [front_tof_monitor]: USV RGB=True | TOF=True | active=front_tof | range=6.10 m | depth ratio=1.00 | window rates RGB/ToF=1.00/0.80 | frame change=0.0027 | truth angle FOV=False | RGB render volume=False | H/V angles=nan/nan deg | truth distance=inf m
[WARN] [1791463656.048772503] [front_tof_monitor]: USV RGB=True | TOF=False | active=front_rgb_only | range=nan m | depth ratio=0.00 | window rates RGB/ToF=1.00/0.78 | frame change=0.0009 | truth angle FOV=False | RGB render volume=False | H/V angles=nan/nan deg | truth distance=inf m
[INFO] [1791463656.148919071] [front_tof_monitor]: USV RGB=True | TOF=True | active=front_tof | range=6.12 m | depth ratio=1.00 | window rates RGB/ToF=1.00/0.78 | frame change=0.0009 | truth angle FOV=False | RGB render volume=False | H/V angles=nan/nan deg | truth distance=inf m
[WARN] [1791463656.248067663] [front_tof_monitor]: USV RGB=True | TOF=False | active=front_rgb_only | range=nan m | depth ratio=0.00 | window rates RGB/ToF=1.00/0.76 | frame change=0.0001 | truth angle FOV=False | RGB render volume=False | H/V angles=nan/nan deg | truth distance=inf m
[INFO] [1791463656.348381873] [front_tof_monitor]: USV RGB=True | TOF=True | active=front_tof | range=6.14 m | depth ratio=1.00 | window rates RGB/ToF=1.00/0.76 | frame change=0.0001 | truth angle FOV=False | RGB render volume=False | H/V angles=nan/nan deg | truth distance=inf m
[WARN] [1791463656.448232909] [front_tof_monitor]: USV RGB=True | TOF=False | active=front_rgb_only | range=nan m | depth ratio=0.00 | window rates RGB/ToF=1.00/0.75 | frame change=0.0002 | truth angle FOV=False | RGB render volume=False | H/V angles=nan/nan deg | truth distance=inf m
[INFO] [1791463656.549122987] [front_tof_monitor]: USV RGB=True | TOF=True | active=front_tof | range=6.16 m | depth ratio=1.00 | window rates RGB/ToF=1.00/0.74 | frame change=0.0002 | truth angle FOV=False | RGB render volume=False | H/V angles=nan/nan deg | truth distance=inf m
[WARN] [1791463656.648114860] [front_tof_monitor]: USV RGB=True | TOF=False | active=front_rgb_only | range=nan m | depth ratio=0.00 | window rates RGB/ToF=1.00/0.73 | frame change=0.0002 | truth angle FOV=False | RGB render volume=False | H/V angles=nan/nan deg | truth distance=inf m
[INFO] [1791463657.148822073] [front_tof_monitor]: USV RGB=True | TOF=True | active=front_tof | range=6.25 m | depth ratio=1.00 | window rates RGB/ToF=1.00/0.64 | frame change=0.0060 | truth angle FOV=False | RGB render volume=False | H/V angles=nan/nan deg | truth distance=inf m
[WARN] [1791463657.248669929] [front_tof_monitor]: USV RGB=True | TOF=False | active=front_rgb_only | range=nan m | depth ratio=0.00 | window rates RGB/ToF=1.00/0.62 | frame change=0.0060 | truth angle FOV=False | RGB render volume=False | H/V angles=nan/nan deg | truth distance=inf m
[INFO] [1791463657.349067225] [front_tof_monitor]: USV RGB=True | TOF=True | active=front_tof | range=6.28 m | depth ratio=1.00 | window rates RGB/ToF=1.00/0.62 | frame change=0.0052 | truth angle FOV=False | RGB render volume=False | H/V angles=nan/nan deg | truth distance=inf m
[WARN] [1791463657.548692231] [front_tof_monitor]: USV RGB=True | TOF=False | active=front_rgb_only | range=nan m | depth ratio=0.00 | window rates RGB/ToF=1.00/0.61 | frame change=0.0052 | truth angle FOV=False | RGB render volume=False | H/V angles=nan/nan deg | truth distance=inf m
[INFO] [1791463657.748623647] [front_tof_monitor]: USV RGB=True | TOF=True | active=front_tof | range=6.33 m | depth ratio=1.00 | window rates RGB/ToF=1.00/0.58 | frame change=0.0021 | truth angle FOV=False | RGB render volume=False | H/V angles=nan/nan deg | truth distance=inf m
[WARN] [1791463657.848667764] [front_tof_monitor]: USV RGB=True | TOF=False | active=front_rgb_only | range=nan m | depth ratio=0.00 | window rates RGB/ToF=1.00/0.56 | frame change=0.0016 | truth angle FOV=False | RGB render volume=False | H/V angles=nan/nan deg | truth distance=inf m
[INFO] [1791463657.948243802] [front_tof_monitor]: USV RGB=True | TOF=True | active=front_tof | range=6.34 m | depth ratio=1.00 | window rates RGB/ToF=1.00/0.57 | frame change=0.0016 | truth angle FOV=False | RGB render volume=False | H/V angles=nan/nan deg | truth distance=inf m
[WARN] [1791463658.048126880] [front_tof_monitor]: USV RGB=True | TOF=False | active=front_rgb_only | range=nan m | depth ratio=0.00 | window rates RGB/ToF=1.00/0.55 | frame change=0.0012 | truth angle FOV=False | RGB render volume=False | H/V angles=nan/nan deg | truth distance=inf m
[INFO] [1791463658.248969158] [front_tof_monitor]: USV RGB=True | TOF=True | active=front_tof | range=6.35 m | depth ratio=1.00 | window rates RGB/ToF=1.00/0.52 | frame change=0.0014 | truth angle FOV=False | RGB render volume=False | H/V angles=nan/nan deg | truth distance=inf m
[WARN] [1791463662.048272453] [front_tof_monitor]: USV RGB=True | TOF=False | active=front_rgb_only | range=nan m | depth ratio=0.00 | window rates RGB/ToF=1.00/0.86 | frame change=0.0099 | truth angle FOV=False | RGB render volume=False | H/V angles=nan/nan deg | truth distance=inf m
[INFO] [1791463662.149032906] [front_tof_monitor]: USV RGB=True | TOF=True | active=front_tof | range=5.91 m | depth ratio=1.00 | window rates RGB/ToF=1.00/0.86 | frame change=0.0060 | truth angle FOV=False | RGB render volume=False | H/V angles=nan/nan deg | truth distance=inf m
[WARN] [1791463662.548848570] [front_tof_monitor]: USV RGB=True | TOF=False | active=front_rgb_only | range=nan m | depth ratio=0.00 | window rates RGB/ToF=1.00/0.88 | frame change=0.0056 | truth angle FOV=False | RGB render volume=False | H/V angles=nan/nan deg | truth distance=inf m
[INFO] [1791463662.648908075] [front_tof_monitor]: USV RGB=True | TOF=True | active=front_tof | range=5.98 m | depth ratio=1.00 | window rates RGB/ToF=1.00/0.90 | frame change=0.0074 | truth angle FOV=False | RGB render volume=False | H/V angles=nan/nan deg | truth distance=inf m
[WARN] [1791463663.048769364] [front_tof_monitor]: USV RGB=True | TOF=False | active=front_rgb_only | range=nan m | depth ratio=0.00 | window rates RGB/ToF=1.00/0.90 | frame change=0.0051 | truth angle FOV=False | RGB render volume=False | H/V angles=nan/nan deg | truth distance=inf m
[INFO] [1791463663.148978589] [front_tof_monitor]: USV RGB=True | TOF=True | active=front_tof | range=6.06 m | depth ratio=1.00 | window rates RGB/ToF=1.00/0.94 | frame change=0.0066 | truth angle FOV=False | RGB render volume=False | H/V angles=nan/nan deg | truth distance=inf m
[WARN] [1791463663.248933704] [front_tof_monitor]: USV RGB=True | TOF=False | active=front_rgb_only | range=nan m | depth ratio=0.00 | window rates RGB/ToF=1.00/0.92 | frame change=0.0066 | truth angle FOV=False | RGB render volume=False | H/V angles=nan/nan deg | truth distance=inf m
[INFO] [1791463663.549009425] [front_tof_monitor]: USV RGB=True | TOF=True | active=front_tof | range=6.11 m | depth ratio=1.00 | window rates RGB/ToF=1.00/0.88 | frame change=0.0054 | truth angle FOV=False | RGB render volume=False | H/V angles=nan/nan deg | truth distance=inf m
[WARN] [1791463663.748667337] [front_tof_monitor]: USV RGB=True | TOF=False | active=front_rgb_only | range=nan m | depth ratio=0.00 | window rates RGB/ToF=1.00/0.86 | frame change=0.0054 | truth angle FOV=False | RGB render volume=False | H/V angles=nan/nan deg | truth distance=inf m
[INFO] [1791463664.149062043] [front_tof_monitor]: USV RGB=True | TOF=True | active=front_tof | range=6.17 m | depth ratio=1.00 | window rates RGB/ToF=1.00/0.80 | frame change=0.0098 | truth angle FOV=False | RGB render volume=False | H/V angles=nan/nan deg | truth distance=inf m
[WARN] [1791463664.348102129] [front_tof_monitor]: USV RGB=True | TOF=False | active=front_rgb_only | range=nan m | depth ratio=0.00 | window rates RGB/ToF=1.00/0.78 | frame change=0.0076 | truth angle FOV=False | RGB render volume=False | H/V angles=nan/nan deg | truth distance=inf m
[INFO] [1791463664.448230835] [front_tof_monitor]: USV RGB=True | TOF=True | active=front_tof | range=6.17 m | depth ratio=1.00 | window rates RGB/ToF=1.00/0.78 | frame change=0.0076 | truth angle FOV=False | RGB render volume=False | H/V angles=nan/nan deg | truth distance=inf m
[WARN] [1791463664.548668981] [front_tof_monitor]: USV RGB=True | TOF=False | active=front_rgb_only | range=nan m | depth ratio=0.00 | window rates RGB/ToF=1.00/0.76 | frame change=0.0073 | truth angle FOV=False | RGB render volume=False | H/V angles=nan/nan deg | truth distance=inf m
[INFO] [1791463664.648268335] [front_tof_monitor]: USV RGB=True | TOF=True | active=front_tof | range=6.18 m | depth ratio=1.00 | window rates RGB/ToF=1.00/0.76 | frame change=0.0073 | truth angle FOV=False | RGB render volume=False | H/V angles=nan/nan deg | truth distance=inf m
[WARN] [1791463664.748609565] [front_tof_monitor]: USV RGB=True | TOF=False | active=front_rgb_only | range=nan m | depth ratio=0.00 | window rates RGB/ToF=1.00/0.75 | frame change=0.0016 | truth angle FOV=False | RGB render volume=False | H/V angles=nan/nan deg | truth distance=inf m
[INFO] [1791463664.948355699] [front_tof_monitor]: USV RGB=True | TOF=True | active=front_tof | range=6.20 m | depth ratio=1.00 | window rates RGB/ToF=1.00/0.73 | frame change=0.0036 | truth angle FOV=False | RGB render volume=False | H/V angles=nan/nan deg | truth distance=inf m
[WARN] [1791463666.048251469] [front_tof_monitor]: USV RGB=True | TOF=False | active=front_rgb_only | range=nan m | depth ratio=0.00 | window rates RGB/ToF=1.00/0.70 | frame change=0.0073 | truth angle FOV=False | RGB render volume=False | H/V angles=nan/nan deg | truth distance=inf m
[INFO] [1791463666.148282228] [front_tof_monitor]: USV RGB=True | TOF=True | active=front_tof | range=6.25 m | depth ratio=1.00 | window rates RGB/ToF=1.00/0.70 | frame change=0.0043 | truth angle FOV=False | RGB render volume=False | H/V angles=nan/nan deg | truth distance=inf m
[WARN] [1791463666.248423722] [front_tof_monitor]: USV RGB=True | TOF=False | active=front_rgb_only | range=nan m | depth ratio=0.00 | window rates RGB/ToF=1.00/0.68 | frame change=0.0043 | truth angle FOV=False | RGB render volume=False | H/V angles=nan/nan deg | truth distance=inf m
[INFO] [1791463666.448996444] [front_tof_monitor]: USV RGB=True | TOF=True | active=front_tof | range=6.25 m | depth ratio=1.00 | window rates RGB/ToF=1.00/0.67 | frame change=0.0022 | truth angle FOV=False | RGB render volume=False | H/V angles=nan/nan deg | truth distance=inf m
[WARN] [1791463666.548141591] [front_tof_monitor]: USV RGB=True | TOF=False | active=front_rgb_only | range=nan m | depth ratio=0.00 | window rates RGB/ToF=1.00/0.64 | frame change=0.0016 | truth angle FOV=False | RGB render volume=False | H/V angles=nan/nan deg | truth distance=inf m
[INFO] [1791463666.849146477] [front_tof_monitor]: USV RGB=True | TOF=True | active=front_tof | range=6.22 m | depth ratio=1.00 | window rates RGB/ToF=1.00/0.60 | frame change=0.0038 | truth angle FOV=False | RGB render volume=False | H/V angles=nan/nan deg | truth distance=inf m
[WARN] [1791463667.048662007] [front_tof_monitor]: USV RGB=True | TOF=False | active=front_rgb_only | range=nan m | depth ratio=0.00 | window rates RGB/ToF=1.00/0.59 | frame change=0.0035 | truth angle FOV=False | RGB render volume=False | H/V angles=nan/nan deg | truth distance=inf m
[INFO] [1791463667.649187567] [front_tof_monitor]: USV RGB=True | TOF=True | active=front_tof | range=6.17 m | depth ratio=1.00 | window rates RGB/ToF=1.00/0.52 | frame change=0.0010 | truth angle FOV=False | RGB render volume=False | H/V angles=nan/nan deg | truth distance=inf m
[WARN] [1791463667.848640716] [front_tof_monitor]: USV RGB=True | TOF=False | active=front_rgb_only | range=nan m | depth ratio=0.00 | window rates RGB/ToF=1.00/0.50 | frame change=0.0010 | truth angle FOV=False | RGB render volume=False | H/V angles=nan/nan deg | truth distance=inf m
[INFO] [1791463667.948967493] [front_tof_monitor]: USV RGB=True | TOF=True | active=front_tof | range=6.17 m | depth ratio=1.00 | window rates RGB/ToF=1.00/0.51 | frame change=0.0020 | truth angle FOV=False | RGB render volume=False | H/V angles=nan/nan deg | truth distance=inf m
[WARN] [1791463668.048631397] [front_tof_monitor]: USV RGB=True | TOF=False | active=front_rgb_only | range=nan m | depth ratio=0.00 | window rates RGB/ToF=1.00/0.50 | frame change=0.0020 | truth angle FOV=False | RGB render volume=False | H/V angles=nan/nan deg | truth distance=inf m
[INFO] [1791463668.148831222] [front_tof_monitor]: USV RGB=True | TOF=True | active=front_tof | range=6.19 m | depth ratio=1.00 | window rates RGB/ToF=1.00/0.51 | frame change=0.0057 | truth angle FOV=False | RGB render volume=False | H/V angles=nan/nan deg | truth distance=inf m
[WARN] [1791463668.249121988] [front_tof_monitor]: USV RGB=True | TOF=False | active=front_rgb_only | range=nan m | depth ratio=0.00 | window rates RGB/ToF=1.00/0.49 | frame change=0.0057 | truth angle FOV=False | RGB render volume=False | H/V angles=nan/nan deg | truth distance=inf m
[INFO] [1791463668.348262136] [front_tof_monitor]: USV RGB=True | TOF=True | active=front_tof | range=6.20 m | depth ratio=1.00 | window rates RGB/ToF=1.00/0.51 | frame change=0.0059 | truth angle FOV=False | RGB render volume=False | H/V angles=nan/nan deg | truth distance=inf m
[WARN] [1791463668.549393121] [front_tof_monitor]: USV RGB=True | TOF=False | active=front_rgb_only | range=nan m | depth ratio=0.00 | window rates RGB/ToF=1.00/0.52 | frame change=0.0059 | truth angle FOV=False | RGB render volume=False | H/V angles=nan/nan deg | truth distance=inf m
[INFO] [1791463668.648225262] [front_tof_monitor]: USV RGB=True | TOF=True | active=front_tof | range=6.23 m | depth ratio=1.00 | window rates RGB/ToF=1.00/0.53 | frame change=0.0064 | truth angle FOV=False | RGB render volume=False | H/V angles=nan/nan deg | truth distance=inf m
[WARN] [1791463668.748908891] [front_tof_monitor]: USV RGB=True | TOF=False | active=front_rgb_only | range=nan m | depth ratio=0.00 | window rates RGB/ToF=1.00/0.52 | frame change=0.0064 | truth angle FOV=False | RGB render volume=False | H/V angles=nan/nan deg | truth distance=inf m
[INFO] [1791463669.148595093] [front_tof_monitor]: USV RGB=True | TOF=True | active=front_tof | range=6.33 m | depth ratio=1.00 | window rates RGB/ToF=1.00/0.53 | frame change=0.0028 | truth angle FOV=False | RGB render volume=False | H/V angles=nan/nan deg | truth distance=inf m
[WARN] [1791463669.349031795] [front_tof_monitor]: USV RGB=True | TOF=False | active=front_rgb_only | range=nan m | depth ratio=0.00 | window rates RGB/ToF=1.00/0.52 | frame change=0.0029 | truth angle FOV=False | RGB render volume=False | H/V angles=nan/nan deg | truth distance=inf m
[INFO] [1791463669.648895864] [front_tof_monitor]: USV RGB=True | TOF=True | active=front_tof | range=6.38 m | depth ratio=1.00 | window rates RGB/ToF=1.00/0.50 | frame change=0.0022 | truth angle FOV=False | RGB render volume=False | H/V angles=nan/nan deg | truth distance=inf m
[WARN] [1791463670.047990204] [front_tof_monitor]: USV RGB=True | TOF=False | active=front_rgb_only | range=nan m | depth ratio=0.00 | window rates RGB/ToF=1.00/0.53 | frame change=0.0011 | truth angle FOV=False | RGB render volume=False | H/V angles=nan/nan deg | truth distance=inf m
[INFO] [1791463670.148845612] [front_tof_monitor]: USV RGB=True | TOF=True | active=front_tof | range=6.39 m | depth ratio=1.00 | window rates RGB/ToF=1.00/0.52 | frame change=0.0011 | truth angle FOV=False | RGB render volume=False | H/V angles=nan/nan deg | truth distance=inf m
[WARN] [1791463670.948506987] [front_tof_monitor]: USV RGB=True | TOF=False | active=front_rgb_only | range=nan m | depth ratio=0.00 | window rates RGB/ToF=1.00/0.50 | frame change=0.0018 | truth angle FOV=False | RGB render volume=False | H/V angles=nan/nan deg | truth distance=inf m
[INFO] [1791463671.048558979] [front_tof_monitor]: USV RGB=True | TOF=True | active=front_tof | range=6.32 m | depth ratio=1.00 | window rates RGB/ToF=1.00/0.51 | frame change=0.0018 | truth angle FOV=False | RGB render volume=False | H/V angles=nan/nan deg | truth distance=inf m
[WARN] [1791463671.649244083] [front_tof_monitor]: USV RGB=True | TOF=False | active=front_rgb_only | range=nan m | depth ratio=0.00 | window rates RGB/ToF=1.00/0.58 | frame change=0.0024 | truth angle FOV=False | RGB render volume=False | H/V angles=nan/nan deg | truth distance=inf m
[INFO] [1791463671.749447147] [front_tof_monitor]: USV RGB=True | TOF=True | active=front_tof | range=6.29 m | depth ratio=1.00 | window rates RGB/ToF=1.00/0.60 | frame change=0.0024 | truth angle FOV=False | RGB render volume=False | H/V angles=nan/nan deg | truth distance=inf m
[WARN] [1791463671.848356279] [front_tof_monitor]: USV RGB=True | TOF=False | active=front_rgb_only | range=nan m | depth ratio=0.00 | window rates RGB/ToF=1.00/0.59 | frame change=0.0000 | truth angle FOV=False | RGB render volume=False | H/V angles=nan/nan deg | truth distance=inf m
[INFO] [1791463671.948706787] [front_tof_monitor]: USV RGB=True | TOF=True | active=front_tof | range=6.29 m | depth ratio=1.00 | window rates RGB/ToF=1.00/0.58 | frame change=0.0000 | truth angle FOV=False | RGB render volume=False | H/V angles=nan/nan deg | truth distance=inf m
[WARN] [1791463672.047985695] [front_tof_monitor]: USV RGB=True | TOF=False | active=front_rgb_only | range=nan m | depth ratio=0.00 | window rates RGB/ToF=1.00/0.57 | frame change=0.0025 | truth angle FOV=False | RGB render volume=False | H/V angles=nan/nan deg | truth distance=inf m
[INFO] [1791463672.148705771] [front_tof_monitor]: USV RGB=True | TOF=True | active=front_tof | range=6.30 m | depth ratio=1.00 | window rates RGB/ToF=1.00/0.60 | frame change=0.0025 | truth angle FOV=False | RGB render volume=False | H/V angles=nan/nan deg | truth distance=inf m
[WARN] [1791463672.347995658] [front_tof_monitor]: USV RGB=True | TOF=False | active=front_rgb_only | range=nan m | depth ratio=0.00 | window rates RGB/ToF=1.00/0.61 | frame change=0.0008 | truth angle FOV=False | RGB render volume=False | H/V angles=nan/nan deg | truth distance=inf m
[INFO] [1791463672.650346172] [front_tof_monitor]: USV RGB=True | TOF=True | active=front_tof | range=6.34 m | depth ratio=1.00 | window rates RGB/ToF=1.00/0.62 | frame change=0.0025 | truth angle FOV=False | RGB render volume=False | H/V angles=nan/nan deg | truth distance=inf m
[WARN] [1791463673.448707548] [front_tof_monitor]: USV RGB=True | TOF=False | active=front_rgb_only | range=nan m | depth ratio=0.00 | window rates RGB/ToF=1.00/0.66 | frame change=0.0020 | truth angle FOV=False | RGB render volume=False | H/V angles=nan/nan deg | truth distance=inf m
[INFO] [1791463673.548618174] [front_tof_monitor]: USV RGB=True | TOF=True | active=front_tof | range=6.44 m | depth ratio=1.00 | window rates RGB/ToF=1.00/0.67 | frame change=0.0033 | truth angle FOV=False | RGB render volume=False | H/V angles=nan/nan deg | truth distance=inf m
[WARN] [1791463673.948265389] [front_tof_monitor]: USV RGB=True | TOF=False | active=front_rgb_only | range=nan m | depth ratio=0.00 | window rates RGB/ToF=1.00/0.72 | frame change=0.0023 | truth angle FOV=False | RGB render volume=False | H/V angles=nan/nan deg | truth distance=inf m
[INFO] [1791463674.048992760] [front_tof_monitor]: USV RGB=True | TOF=True | active=front_tof | range=6.47 m | depth ratio=1.00 | window rates RGB/ToF=1.00/0.73 | frame change=0.0010 | truth angle FOV=False | RGB render volume=False | H/V angles=nan/nan deg | truth distance=inf m
[WARN] [1791463674.848425332] [front_tof_monitor]: USV RGB=True | TOF=False | active=front_rgb_only | range=nan m | depth ratio=0.00 | window rates RGB/ToF=1.00/0.78 | frame change=0.0041 | truth angle FOV=False | RGB render volume=False | H/V angles=nan/nan deg | truth distance=inf m
[INFO] [1791463674.948840330] [front_tof_monitor]: USV RGB=True | TOF=True | active=front_tof | range=6.41 m | depth ratio=1.00 | window rates RGB/ToF=1.00/0.78 | frame change=0.0046 | truth angle FOV=False | RGB render volume=False | H/V angles=nan/nan deg | truth distance=inf m
[WARN] [1791463675.048621857] [front_tof_monitor]: USV RGB=True | TOF=False | active=front_rgb_only | range=nan m | depth ratio=0.00 | window rates RGB/ToF=1.00/0.78 | frame change=0.0046 | truth angle FOV=False | RGB render volume=False | H/V angles=nan/nan deg | truth distance=inf m
[INFO] [1791463675.148916629] [front_tof_monitor]: USV RGB=True | TOF=True | active=front_tof | range=6.39 m | depth ratio=1.00 | window rates RGB/ToF=1.00/0.78 | frame change=0.0037 | truth angle FOV=False | RGB render volume=False | H/V angles=nan/nan deg | truth distance=inf m
[WARN] [1791463675.748494987] [front_tof_monitor]: USV RGB=True | TOF=False | active=front_rgb_only | range=nan m | depth ratio=0.00 | window rates RGB/ToF=1.00/0.76 | frame change=0.0012 | truth angle FOV=False | RGB render volume=False | H/V angles=nan/nan deg | truth distance=inf m
[INFO] [1791463675.849265664] [front_tof_monitor]: USV RGB=True | TOF=True | active=front_tof | range=6.34 m | depth ratio=1.00 | window rates RGB/ToF=1.00/0.76 | frame change=0.0025 | truth angle FOV=False | RGB render volume=False | H/V angles=nan/nan deg | truth distance=inf m
[WARN] [1791463678.049080613] [front_tof_monitor]: USV RGB=True | TOF=False | active=front_rgb_only | range=nan m | depth ratio=0.00 | window rates RGB/ToF=1.00/0.88 | frame change=0.0045 | truth angle FOV=False | RGB render volume=False | H/V angles=nan/nan deg | truth distance=inf m
[INFO] [1791463678.149463623] [front_tof_monitor]: USV RGB=True | TOF=True | active=front_tof | range=6.47 m | depth ratio=1.00 | window rates RGB/ToF=1.00/0.88 | frame change=0.0039 | truth angle FOV=False | RGB render volume=False | H/V angles=nan/nan deg | truth distance=inf m
[WARN] [1791463679.648172171] [front_tof_monitor]: USV RGB=True | TOF=False | active=front_rgb_only | range=nan m | depth ratio=0.00 | window rates RGB/ToF=1.00/0.90 | frame change=0.0073 | truth angle FOV=False | RGB render volume=False | H/V angles=nan/nan deg | truth distance=inf m
[INFO] [1791463679.748339150] [front_tof_monitor]: USV RGB=True | TOF=True | active=front_tof | range=6.18 m | depth ratio=1.00 | window rates RGB/ToF=1.00/0.90 | frame change=0.0084 | truth angle FOV=False | RGB render volume=False | H/V angles=nan/nan deg | truth distance=inf m
[WARN] [1791463680.549389467] [front_tof_monitor]: USV RGB=True | TOF=False | active=front_rgb_only | range=nan m | depth ratio=0.00 | window rates RGB/ToF=1.00/0.92 | frame change=0.0113 | truth angle FOV=False | RGB render volume=False | H/V angles=nan/nan deg | truth distance=inf m
[INFO] [1791463680.648995723] [front_tof_monitor]: USV RGB=True | TOF=True | active=front_tof | range=5.97 m | depth ratio=1.00 | window rates RGB/ToF=1.00/0.92 | frame change=0.0038 | truth angle FOV=False | RGB render volume=False | H/V angles=nan/nan deg | truth distance=inf m
[WARN] [1791463681.449153898] [front_tof_monitor]: USV RGB=True | TOF=False | active=front_rgb_only | range=nan m | depth ratio=0.00 | window rates RGB/ToF=1.00/0.92 | frame change=0.0040 | truth angle FOV=False | RGB render volume=False | H/V angles=nan/nan deg | truth distance=inf m
[INFO] [1791463681.548264424] [front_tof_monitor]: USV RGB=True | TOF=True | active=front_tof | range=6.00 m | depth ratio=1.00 | window rates RGB/ToF=1.00/0.92 | frame change=0.0025 | truth angle FOV=False | RGB render volume=False | H/V angles=nan/nan deg | truth distance=inf m
[WARN] [1791463681.649190190] [front_tof_monitor]: USV RGB=True | TOF=False | active=front_rgb_only | range=nan m | depth ratio=0.00 | window rates RGB/ToF=1.00/0.90 | frame change=0.0025 | truth angle FOV=False | RGB render volume=False | H/V angles=nan/nan deg | truth distance=inf m
[INFO] [1791463681.748807620] [front_tof_monitor]: USV RGB=True | TOF=True | active=front_tof | range=6.04 m | depth ratio=1.00 | window rates RGB/ToF=1.00/0.90 | frame change=0.0040 | truth angle FOV=False | RGB render volume=False | H/V angles=nan/nan deg | truth distance=inf m
[WARN] [1791463683.049809724] [front_tof_monitor]: USV RGB=True | TOF=False | active=front_rgb_only | range=nan m | depth ratio=0.00 | window rates RGB/ToF=1.00/0.88 | frame change=0.0089 | truth angle FOV=False | RGB render volume=False | H/V angles=nan/nan deg | truth distance=inf m
[INFO] [1791463683.148273894] [front_tof_monitor]: USV RGB=True | TOF=True | active=front_tof | range=6.18 m | depth ratio=1.00 | window rates RGB/ToF=1.00/0.90 | frame change=0.0067 | truth angle FOV=False | RGB render volume=False | H/V angles=nan/nan deg | truth distance=inf m
[WARN] [1791463683.249645551] [front_tof_monitor]: USV RGB=True | TOF=False | active=front_rgb_only | range=nan m | depth ratio=0.00 | window rates RGB/ToF=1.00/0.88 | frame change=0.0067 | truth angle FOV=False | RGB render volume=False | H/V angles=nan/nan deg | truth distance=inf m
[INFO] [1791463683.348250065] [front_tof_monitor]: USV RGB=True | TOF=True | active=front_tof | range=6.17 m | depth ratio=1.00 | window rates RGB/ToF=1.00/0.88 | frame change=0.0093 | truth angle FOV=False | RGB render volume=False | H/V angles=nan/nan deg | truth distance=inf m
[WARN] [1791463684.448643184] [front_tof_monitor]: USV RGB=True | TOF=False | active=front_rgb_only | range=nan m | depth ratio=0.00 | window rates RGB/ToF=1.00/0.86 | frame change=0.0039 | truth angle FOV=False | RGB render volume=False | H/V angles=nan/nan deg | truth distance=inf m
[INFO] [1791463684.548503482] [front_tof_monitor]: USV RGB=True | TOF=True | active=front_tof | range=6.10 m | depth ratio=1.00 | window rates RGB/ToF=1.00/0.86 | frame change=0.0008 | truth angle FOV=False | RGB render volume=False | H/V angles=nan/nan deg | truth distance=inf m
[WARN] [1791463685.148680072] [front_tof_monitor]: USV RGB=True | TOF=False | active=front_rgb_only | range=nan m | depth ratio=0.00 | window rates RGB/ToF=1.00/0.86 | frame change=0.0089 | truth angle FOV=False | RGB render volume=False | H/V angles=nan/nan deg | truth distance=inf m
[INFO] [1791463685.248971630] [front_tof_monitor]: USV RGB=True | TOF=True | active=front_tof | range=6.16 m | depth ratio=1.00 | window rates RGB/ToF=1.00/0.86 | frame change=0.0044 | truth angle FOV=False | RGB render volume=False | H/V angles=nan/nan deg | truth distance=inf m
[WARN] [1791463689.849589213] [front_tof_monitor]: USV RGB=True | TOF=False | active=front_rgb_only | range=nan m | depth ratio=0.00 | window rates RGB/ToF=1.00/0.96 | frame change=0.0022 | truth angle FOV=False | RGB render volume=False | H/V angles=nan/nan deg | truth distance=inf m
[INFO] [1791463689.949048671] [front_tof_monitor]: USV RGB=True | TOF=True | active=front_tof | range=5.92 m | depth ratio=1.00 | window rates RGB/ToF=1.00/0.96 | frame change=0.0022 | truth angle FOV=False | RGB render volume=False | H/V angles=nan/nan deg | truth distance=inf m
[WARN] [1791463690.549657865] [front_tof_monitor]: USV RGB=False | TOF=False | active=none | range=nan m | depth ratio=0.00 | window rates RGB/ToF=0.98/0.96 | frame change=0.0256 | truth angle FOV=False | RGB render volume=False | H/V angles=nan/nan deg | truth distance=inf m
[INFO] [1791463690.748018434] [front_tof_monitor]: USV RGB=True | TOF=True | active=front_tof | range=6.05 m | depth ratio=1.00 | window rates RGB/ToF=0.96/0.94 | frame change=0.0139 | truth angle FOV=False | RGB render volume=False | H/V angles=nan/nan deg | truth distance=inf m
[WARN] [1791463692.650097089] [front_tof_monitor]: USV RGB=True | TOF=False | active=front_rgb_only | range=nan m | depth ratio=0.00 | window rates RGB/ToF=0.96/0.92 | frame change=0.0082 | truth angle FOV=False | RGB render volume=False | H/V angles=nan/nan deg | truth distance=inf m
[INFO] [1791463692.748673031] [front_tof_monitor]: USV RGB=True | TOF=True | active=front_tof | range=7.88 m | depth ratio=1.00 | window rates RGB/ToF=0.96/0.92 | frame change=0.0153 | truth angle FOV=False | RGB render volume=False | H/V angles=nan/nan deg | truth distance=inf m
[WARN] [1791463693.149664684] [front_tof_monitor]: USV RGB=True | TOF=False | active=front_rgb_only | range=nan m | depth ratio=0.00 | window rates RGB/ToF=0.96/0.90 | frame change=0.0224 | truth angle FOV=False | RGB render volume=False | H/V angles=nan/nan deg | truth distance=inf m
[INFO] [1791463693.248028524] [front_tof_monitor]: USV RGB=True | TOF=True | active=front_tof | range=7.47 m | depth ratio=1.00 | window rates RGB/ToF=0.96/0.90 | frame change=0.0266 | truth angle FOV=False | RGB render volume=False | H/V angles=nan/nan deg | truth distance=inf m
[WARN] [1791463697.348085540] [front_tof_monitor]: USV RGB=True | TOF=False | active=front_rgb_only | range=nan m | depth ratio=0.00 | window rates RGB/ToF=1.00/0.94 | frame change=0.0086 | truth angle FOV=False | RGB render volume=False | H/V angles=nan/nan deg | truth distance=inf m
[INFO] [1791463697.448603172] [front_tof_monitor]: USV RGB=True | TOF=True | active=front_tof | range=6.35 m | depth ratio=1.00 | window rates RGB/ToF=1.00/0.94 | frame change=0.0053 | truth angle FOV=False | RGB render volume=False | H/V angles=nan/nan deg | truth distance=inf m
[WARN] [1791463697.549049587] [front_tof_monitor]: USV RGB=True | TOF=False | active=front_rgb_only | range=nan m | depth ratio=0.00 | window rates RGB/ToF=1.00/0.92 | frame change=0.0053 | truth angle FOV=False | RGB render volume=False | H/V angles=nan/nan deg | truth distance=inf m
[INFO] [1791463697.648317522] [front_tof_monitor]: USV RGB=True | TOF=True | active=front_tof | range=6.39 m | depth ratio=1.00 | window rates RGB/ToF=1.00/0.92 | frame change=0.0008 | truth angle FOV=False | RGB render volume=False | H/V angles=nan/nan deg | truth distance=inf m
[WARN] [1791463698.048579939] [front_tof_monitor]: USV RGB=True | TOF=False | active=front_rgb_only | range=nan m | depth ratio=0.00 | window rates RGB/ToF=1.00/0.92 | frame change=0.0018 | truth angle FOV=False | RGB render volume=False | H/V angles=nan/nan deg | truth distance=inf m
[INFO] [1791463698.348843755] [front_tof_monitor]: USV RGB=True | TOF=True | active=front_tof | range=6.41 m | depth ratio=1.00 | window rates RGB/ToF=1.00/0.90 | frame change=0.0061 | truth angle FOV=False | RGB render volume=False | H/V angles=nan/nan deg | truth distance=inf m
[WARN] [1791463698.748945351] [front_tof_monitor]: USV RGB=True | TOF=False | active=front_rgb_only | range=nan m | depth ratio=0.00 | window rates RGB/ToF=1.00/0.88 | frame change=0.0032 | truth angle FOV=False | RGB render volume=False | H/V angles=nan/nan deg | truth distance=inf m
[INFO] [1791463698.848199440] [front_tof_monitor]: USV RGB=True | TOF=True | active=front_tof | range=6.37 m | depth ratio=1.00 | window rates RGB/ToF=1.00/0.88 | frame change=0.0024 | truth angle FOV=False | RGB render volume=False | H/V angles=nan/nan deg | truth distance=inf m
[WARN] [1791463698.948191154] [front_tof_monitor]: USV RGB=True | TOF=False | active=front_rgb_only | range=nan m | depth ratio=0.00 | window rates RGB/ToF=1.00/0.86 | frame change=0.0024 | truth angle FOV=False | RGB render volume=False | H/V angles=nan/nan deg | truth distance=inf m
[INFO] [1791463699.249210669] [front_tof_monitor]: USV RGB=True | TOF=True | active=front_tof | range=6.32 m | depth ratio=1.00 | window rates RGB/ToF=1.00/0.82 | frame change=0.0011 | truth angle FOV=False | RGB render volume=False | H/V angles=nan/nan deg | truth distance=inf m
[WARN] [1791463699.448589928] [front_tof_monitor]: USV RGB=True | TOF=False | active=front_rgb_only | range=nan m | depth ratio=0.00 | window rates RGB/ToF=1.00/0.80 | frame change=0.0011 | truth angle FOV=False | RGB render volume=False | H/V angles=nan/nan deg | truth distance=inf m
[INFO] [1791463699.748787701] [front_tof_monitor]: USV RGB=True | TOF=True | active=front_tof | range=6.30 m | depth ratio=1.00 | window rates RGB/ToF=1.00/0.76 | frame change=0.0022 | truth angle FOV=False | RGB render volume=False | H/V angles=nan/nan deg | truth distance=inf m
[WARN] [1791463699.948031117] [front_tof_monitor]: USV RGB=True | TOF=False | active=front_rgb_only | range=nan m | depth ratio=0.00 | window rates RGB/ToF=1.00/0.75 | frame change=0.0022 | truth angle FOV=False | RGB render volume=False | H/V angles=nan/nan deg | truth distance=inf m
[INFO] [1791463700.349163982] [front_tof_monitor]: USV RGB=True | TOF=True | active=front_tof | range=6.33 m | depth ratio=1.00 | window rates RGB/ToF=1.00/0.68 | frame change=0.0028 | truth angle FOV=False | RGB render volume=False | H/V angles=nan/nan deg | truth distance=inf m
[WARN] [1791463700.448390437] [front_tof_monitor]: USV RGB=True | TOF=False | active=front_rgb_only | range=nan m | depth ratio=0.00 | window rates RGB/ToF=1.00/0.66 | frame change=0.0019 | truth angle FOV=False | RGB render volume=False | H/V angles=nan/nan deg | truth distance=inf m
[INFO] [1791463700.748271689] [front_tof_monitor]: USV RGB=True | TOF=True | active=front_tof | range=6.36 m | depth ratio=1.00 | window rates RGB/ToF=1.00/0.63 | frame change=0.0013 | truth angle FOV=False | RGB render volume=False | H/V angles=nan/nan deg | truth distance=inf m
[WARN] [1791463700.848536071] [front_tof_monitor]: USV RGB=True | TOF=False | active=front_rgb_only | range=nan m | depth ratio=0.00 | window rates RGB/ToF=1.00/0.60 | frame change=0.0013 | truth angle FOV=False | RGB render volume=False | H/V angles=nan/nan deg | truth distance=inf m
[INFO] [1791463700.948855937] [front_tof_monitor]: USV RGB=True | TOF=True | active=front_tof | range=6.40 m | depth ratio=1.00 | window rates RGB/ToF=1.00/0.60 | frame change=0.0016 | truth angle FOV=False | RGB render volume=False | H/V angles=nan/nan deg | truth distance=inf m
[WARN] [1791463701.048881646] [front_tof_monitor]: USV RGB=True | TOF=False | active=front_rgb_only | range=nan m | depth ratio=0.00 | window rates RGB/ToF=1.00/0.58 | frame change=0.0016 | truth angle FOV=False | RGB render volume=False | H/V angles=nan/nan deg | truth distance=inf m
[INFO] [1791463701.348992095] [front_tof_monitor]: USV RGB=True | TOF=True | active=front_tof | range=6.46 m | depth ratio=1.00 | window rates RGB/ToF=1.00/0.55 | frame change=0.0007 | truth angle FOV=False | RGB render volume=False | H/V angles=nan/nan deg | truth distance=inf m
[WARN] [1791463701.548173416] [front_tof_monitor]: USV RGB=True | TOF=False | active=front_rgb_only | range=nan m | depth ratio=0.00 | window rates RGB/ToF=1.00/0.53 | frame change=0.0007 | truth angle FOV=False | RGB render volume=False | H/V angles=nan/nan deg | truth distance=inf m
[INFO] [1791463701.649358641] [front_tof_monitor]: USV RGB=True | TOF=True | active=front_tof | range=6.49 m | depth ratio=1.00 | window rates RGB/ToF=1.00/0.52 | frame change=0.0016 | truth angle FOV=False | RGB render volume=False | H/V angles=nan/nan deg | truth distance=inf m
[WARN] [1791463701.748212858] [front_tof_monitor]: USV RGB=True | TOF=False | active=front_rgb_only | range=nan m | depth ratio=0.00 | window rates RGB/ToF=1.00/0.50 | frame change=0.0016 | truth angle FOV=False | RGB render volume=False | H/V angles=nan/nan deg | truth distance=inf m
[INFO] [1791463701.848250767] [front_tof_monitor]: USV RGB=True | TOF=True | active=front_tof | range=6.52 m | depth ratio=1.00 | window rates RGB/ToF=1.00/0.51 | frame change=0.0020 | truth angle FOV=False | RGB render volume=False | H/V angles=nan/nan deg | truth distance=inf m
[WARN] [1791463701.948993673] [front_tof_monitor]: USV RGB=True | TOF=False | active=front_rgb_only | range=nan m | depth ratio=0.00 | window rates RGB/ToF=1.00/0.48 | frame change=0.0020 | truth angle FOV=False | RGB render volume=False | H/V angles=nan/nan deg | truth distance=inf m
[INFO] [1791463702.048825549] [front_tof_monitor]: USV RGB=True | TOF=True | active=front_tof | range=6.53 m | depth ratio=1.00 | window rates RGB/ToF=1.00/0.48 | frame change=0.0004 | truth angle FOV=False | RGB render volume=False | H/V angles=nan/nan deg | truth distance=inf m
[WARN] [1791463702.148644142] [front_tof_monitor]: USV RGB=True | TOF=False | active=front_rgb_only | range=nan m | depth ratio=0.00 | window rates RGB/ToF=1.00/0.47 | frame change=0.0004 | truth angle FOV=False | RGB render volume=False | H/V angles=nan/nan deg | truth distance=inf m
[INFO] [1791463702.349519623] [front_tof_monitor]: USV RGB=True | TOF=True | active=front_tof | range=6.52 m | depth ratio=1.00 | window rates RGB/ToF=1.00/0.46 | frame change=0.0025 | truth angle FOV=False | RGB render volume=False | H/V angles=nan/nan deg | truth distance=inf m
[WARN] [1791463702.448011873] [front_tof_monitor]: USV RGB=True | TOF=False | active=front_rgb_only | range=nan m | depth ratio=0.00 | window rates RGB/ToF=1.00/0.45 | frame change=0.0061 | truth angle FOV=False | RGB render volume=False | H/V angles=nan/nan deg | truth distance=inf m
[INFO] [1791463702.748486711] [front_tof_monitor]: USV RGB=True | TOF=True | active=front_tof | range=6.49 m | depth ratio=1.00 | window rates RGB/ToF=1.00/0.42 | frame change=0.0052 | truth angle FOV=False | RGB render volume=False | H/V angles=nan/nan deg | truth distance=inf m
[WARN] [1791463702.848964517] [front_tof_monitor]: USV RGB=True | TOF=False | active=front_rgb_only | range=nan m | depth ratio=0.00 | window rates RGB/ToF=1.00/0.40 | frame change=0.0052 | truth angle FOV=False | RGB render volume=False | H/V angles=nan/nan deg | truth distance=inf m
[INFO] [1791463702.948289616] [front_tof_monitor]: USV RGB=True | TOF=True | active=front_tof | range=6.47 m | depth ratio=1.00 | window rates RGB/ToF=1.00/0.41 | frame change=0.0032 | truth angle FOV=False | RGB render volume=False | H/V angles=nan/nan deg | truth distance=inf m
[WARN] [1791463703.548673315] [front_tof_monitor]: USV RGB=True | TOF=False | active=front_rgb_only | range=nan m | depth ratio=0.00 | window rates RGB/ToF=1.00/0.45 | frame change=0.0039 | truth angle FOV=False | RGB render volume=False | H/V angles=nan/nan deg | truth distance=inf m
[INFO] [1791463703.648584673] [front_tof_monitor]: USV RGB=True | TOF=True | active=front_tof | range=6.41 m | depth ratio=1.00 | window rates RGB/ToF=1.00/0.44 | frame change=0.0016 | truth angle FOV=False | RGB render volume=False | H/V angles=nan/nan deg | truth distance=inf m
[WARN] [1791463703.748289687] [front_tof_monitor]: USV RGB=True | TOF=False | active=front_rgb_only | range=nan m | depth ratio=0.00 | window rates RGB/ToF=1.00/0.43 | frame change=0.0016 | truth angle FOV=False | RGB render volume=False | H/V angles=nan/nan deg | truth distance=inf m
[INFO] [1791463703.848861454] [front_tof_monitor]: USV RGB=True | TOF=True | active=front_tof | range=6.40 m | depth ratio=1.00 | window rates RGB/ToF=1.00/0.44 | frame change=0.0001 | truth angle FOV=False | RGB render volume=False | H/V angles=nan/nan deg | truth distance=inf m
[WARN] [1791463704.248366267] [front_tof_monitor]: USV RGB=True | TOF=False | active=front_rgb_only | range=nan m | depth ratio=0.00 | window rates RGB/ToF=1.00/0.49 | frame change=0.0015 | truth angle FOV=False | RGB render volume=False | H/V angles=nan/nan deg | truth distance=inf m
[INFO] [1791463705.248856326] [front_tof_monitor]: USV RGB=True | TOF=True | active=front_tof | range=6.51 m | depth ratio=1.00 | window rates RGB/ToF=1.00/0.43 | frame change=0.0037 | truth angle FOV=False | RGB render volume=False | H/V angles=nan/nan deg | truth distance=inf m
[WARN] [1791463705.348735543] [front_tof_monitor]: USV RGB=True | TOF=False | active=front_rgb_only | range=nan m | depth ratio=0.00 | window rates RGB/ToF=1.00/0.43 | frame change=0.0037 | truth angle FOV=False | RGB render volume=False | H/V angles=nan/nan deg | truth distance=inf m
[INFO] [1791463705.448336399] [front_tof_monitor]: USV RGB=True | TOF=True | active=front_tof | range=6.54 m | depth ratio=1.00 | window rates RGB/ToF=1.00/0.43 | frame change=0.0061 | truth angle FOV=False | RGB render volume=False | H/V angles=nan/nan deg | truth distance=inf m
[WARN] [1791463719.248432710] [front_tof_monitor]: USV RGB=True | TOF=False | active=front_rgb_only | range=nan m | depth ratio=0.00 | window rates RGB/ToF=1.00/0.98 | frame change=0.0021 | truth angle FOV=False | RGB render volume=False | H/V angles=nan/nan deg | truth distance=inf m
[INFO] [1791463719.349248580] [front_tof_monitor]: USV RGB=True | TOF=True | active=front_tof | range=5.93 m | depth ratio=1.00 | window rates RGB/ToF=1.00/0.98 | frame change=0.0030 | truth angle FOV=False | RGB render volume=False | H/V angles=nan/nan deg | truth distance=inf m
[WARN] [1791463722.550115695] [front_tof_monitor]: USV RGB=True | TOF=False | active=front_rgb_only | range=nan m | depth ratio=0.00 | window rates RGB/ToF=1.00/0.96 | frame change=0.0044 | truth angle FOV=False | RGB render volume=False | H/V angles=nan/nan deg | truth distance=inf m
[INFO] [1791463722.648534941] [front_tof_monitor]: USV RGB=True | TOF=True | active=front_tof | range=5.88 m | depth ratio=1.00 | window rates RGB/ToF=1.00/0.96 | frame change=0.0044 | truth angle FOV=False | RGB render volume=False | H/V angles=nan/nan deg | truth distance=inf m
[WARN] [1791463722.749426904] [front_tof_monitor]: USV RGB=True | TOF=False | active=front_rgb_only | range=nan m | depth ratio=0.00 | window rates RGB/ToF=1.00/0.94 | frame change=0.0038 | truth angle FOV=False | RGB render volume=False | H/V angles=nan/nan deg | truth distance=inf m
[INFO] [1791463722.849916668] [front_tof_monitor]: USV RGB=True | TOF=True | active=front_tof | range=5.85 m | depth ratio=1.00 | window rates RGB/ToF=1.00/0.94 | frame change=0.0038 | truth angle FOV=False | RGB render volume=False | H/V angles=nan/nan deg | truth distance=inf m
[WARN] [1791463723.448870832] [front_tof_monitor]: USV RGB=True | TOF=False | active=front_rgb_only | range=nan m | depth ratio=0.00 | window rates RGB/ToF=1.00/0.92 | frame change=0.0076 | truth angle FOV=False | RGB render volume=False | H/V angles=nan/nan deg | truth distance=inf m
[INFO] [1791463723.549283269] [front_tof_monitor]: USV RGB=True | TOF=True | active=front_tof | range=5.87 m | depth ratio=1.00 | window rates RGB/ToF=1.00/0.92 | frame change=0.0076 | truth angle FOV=False | RGB render volume=False | H/V angles=nan/nan deg | truth distance=inf m
[WARN] [1791463724.149719363] [front_tof_monitor]: USV RGB=True | TOF=False | active=front_rgb_only | range=nan m | depth ratio=0.00 | window rates RGB/ToF=1.00/0.90 | frame change=0.0072 | truth angle FOV=False | RGB render volume=False | H/V angles=nan/nan deg | truth distance=inf m
[INFO] [1791463724.549170107] [front_tof_monitor]: USV RGB=True | TOF=True | active=front_tof | range=5.94 m | depth ratio=1.00 | window rates RGB/ToF=1.00/0.86 | frame change=0.0037 | truth angle FOV=False | RGB render volume=False | H/V angles=nan/nan deg | truth distance=inf m
[WARN] [1791463724.949013847] [front_tof_monitor]: USV RGB=True | TOF=False | active=front_rgb_only | range=nan m | depth ratio=0.00 | window rates RGB/ToF=1.00/0.84 | frame change=0.0056 | truth angle FOV=False | RGB render volume=False | H/V angles=nan/nan deg | truth distance=inf m
[INFO] [1791463725.049095083] [front_tof_monitor]: USV RGB=True | TOF=True | active=front_tof | range=6.10 m | depth ratio=1.00 | window rates RGB/ToF=1.00/0.84 | frame change=0.0122 | truth angle FOV=False | RGB render volume=False | H/V angles=nan/nan deg | truth distance=inf m
[WARN] [1791463725.148768494] [front_tof_monitor]: USV RGB=True | TOF=False | active=front_rgb_only | range=nan m | depth ratio=0.00 | window rates RGB/ToF=1.00/0.82 | frame change=0.0122 | truth angle FOV=False | RGB render volume=False | H/V angles=nan/nan deg | truth distance=inf m
[INFO] [1791463725.249086800] [front_tof_monitor]: USV RGB=True | TOF=True | active=front_tof | range=6.18 m | depth ratio=1.00 | window rates RGB/ToF=1.00/0.82 | frame change=0.0079 | truth angle FOV=False | RGB render volume=False | H/V angles=nan/nan deg | truth distance=inf m
[WARN] [1791463725.348854727] [front_tof_monitor]: USV RGB=True | TOF=False | active=front_rgb_only | range=nan m | depth ratio=0.00 | window rates RGB/ToF=1.00/0.80 | frame change=0.0079 | truth angle FOV=False | RGB render volume=False | H/V angles=nan/nan deg | truth distance=inf m
[INFO] [1791463725.449168387] [front_tof_monitor]: USV RGB=True | TOF=True | active=front_tof | range=6.23 m | depth ratio=1.00 | window rates RGB/ToF=1.00/0.80 | frame change=0.0040 | truth angle FOV=False | RGB render volume=False | H/V angles=nan/nan deg | truth distance=inf m
[WARN] [1791463725.549410033] [front_tof_monitor]: USV RGB=True | TOF=False | active=front_rgb_only | range=nan m | depth ratio=0.00 | window rates RGB/ToF=1.00/0.78 | frame change=0.0040 | truth angle FOV=False | RGB render volume=False | H/V angles=nan/nan deg | truth distance=inf m
[INFO] [1791463725.648793538] [front_tof_monitor]: USV RGB=True | TOF=True | active=front_tof | range=6.26 m | depth ratio=1.00 | window rates RGB/ToF=1.00/0.78 | frame change=0.0074 | truth angle FOV=False | RGB render volume=False | H/V angles=nan/nan deg | truth distance=inf m
[WARN] [1791463725.848228186] [front_tof_monitor]: USV RGB=True | TOF=False | active=front_rgb_only | range=nan m | depth ratio=0.00 | window rates RGB/ToF=1.00/0.76 | frame change=0.0074 | truth angle FOV=False | RGB render volume=False | H/V angles=nan/nan deg | truth distance=inf m
[INFO] [1791463725.948605390] [front_tof_monitor]: USV RGB=True | TOF=True | active=front_tof | range=6.27 m | depth ratio=1.00 | window rates RGB/ToF=1.00/0.76 | frame change=0.0059 | truth angle FOV=False | RGB render volume=False | H/V angles=nan/nan deg | truth distance=inf m
[WARN] [1791463726.048824659] [front_tof_monitor]: USV RGB=True | TOF=False | active=front_rgb_only | range=nan m | depth ratio=0.00 | window rates RGB/ToF=1.00/0.75 | frame change=0.0059 | truth angle FOV=False | RGB render volume=False | H/V angles=nan/nan deg | truth distance=inf m
[INFO] [1791463726.148376746] [front_tof_monitor]: USV RGB=True | TOF=True | active=front_tof | range=6.26 m | depth ratio=1.00 | window rates RGB/ToF=1.00/0.75 | frame change=0.0055 | truth angle FOV=False | RGB render volume=False | H/V angles=nan/nan deg | truth distance=inf m
[WARN] [1791463726.249219031] [front_tof_monitor]: USV RGB=True | TOF=False | active=front_rgb_only | range=nan m | depth ratio=0.00 | window rates RGB/ToF=1.00/0.72 | frame change=0.0055 | truth angle FOV=False | RGB render volume=False | H/V angles=nan/nan deg | truth distance=inf m
[INFO] [1791463726.748530357] [front_tof_monitor]: USV RGB=True | TOF=True | active=front_tof | range=6.18 m | depth ratio=1.00 | window rates RGB/ToF=1.00/0.65 | frame change=0.0037 | truth angle FOV=False | RGB render volume=False | H/V angles=nan/nan deg | truth distance=inf m
[WARN] [1791463726.848310973] [front_tof_monitor]: USV RGB=True | TOF=False | active=front_rgb_only | range=nan m | depth ratio=0.00 | window rates RGB/ToF=1.00/0.63 | frame change=0.0028 | truth angle FOV=False | RGB render volume=False | H/V angles=nan/nan deg | truth distance=inf m
[INFO] [1791463727.249339197] [front_tof_monitor]: USV RGB=True | TOF=True | active=front_tof | range=6.12 m | depth ratio=1.00 | window rates RGB/ToF=1.00/0.56 | frame change=0.0028 | truth angle FOV=False | RGB render volume=False | H/V angles=nan/nan deg | truth distance=inf m
[WARN] [1791463727.349104745] [front_tof_monitor]: USV RGB=True | TOF=False | active=front_rgb_only | range=nan m | depth ratio=0.00 | window rates RGB/ToF=1.00/0.54 | frame change=0.0035 | truth angle FOV=False | RGB render volume=False | H/V angles=nan/nan deg | truth distance=inf m
[INFO] [1791463727.449269362] [front_tof_monitor]: USV RGB=True | TOF=True | active=front_tof | range=6.12 m | depth ratio=1.00 | window rates RGB/ToF=1.00/0.54 | frame change=0.0035 | truth angle FOV=False | RGB render volume=False | H/V angles=nan/nan deg | truth distance=inf m
[WARN] [1791463727.549670649] [front_tof_monitor]: USV RGB=True | TOF=False | active=front_rgb_only | range=nan m | depth ratio=0.00 | window rates RGB/ToF=1.00/0.54 | frame change=0.0043 | truth angle FOV=False | RGB render volume=False | H/V angles=nan/nan deg | truth distance=inf m
[INFO] [1791463727.650527657] [front_tof_monitor]: USV RGB=True | TOF=True | active=front_tof | range=6.12 m | depth ratio=1.00 | window rates RGB/ToF=1.00/0.54 | frame change=0.0043 | truth angle FOV=False | RGB render volume=False | H/V angles=nan/nan deg | truth distance=inf m
[WARN] [1791463727.749428560] [front_tof_monitor]: USV RGB=True | TOF=False | active=front_rgb_only | range=nan m | depth ratio=0.00 | window rates RGB/ToF=1.00/0.53 | frame change=0.0040 | truth angle FOV=False | RGB render volume=False | H/V angles=nan/nan deg | truth distance=inf m
[INFO] [1791463727.949052943] [front_tof_monitor]: USV RGB=True | TOF=True | active=front_tof | range=6.15 m | depth ratio=1.00 | window rates RGB/ToF=1.00/0.53 | frame change=0.0038 | truth angle FOV=False | RGB render volume=False | H/V angles=nan/nan deg | truth distance=inf m
[WARN] [1791463728.348897284] [front_tof_monitor]: USV RGB=True | TOF=False | active=front_rgb_only | range=nan m | depth ratio=0.00 | window rates RGB/ToF=1.00/0.50 | frame change=0.0038 | truth angle FOV=False | RGB render volume=False | H/V angles=nan/nan deg | truth distance=inf m
[INFO] [1791463728.450596053] [front_tof_monitor]: USV RGB=True | TOF=True | active=front_tof | range=6.21 m | depth ratio=1.00 | window rates RGB/ToF=1.00/0.52 | frame change=0.0038 | truth angle FOV=False | RGB render volume=False | H/V angles=nan/nan deg | truth distance=inf m
[WARN] [1791463728.848291081] [front_tof_monitor]: USV RGB=True | TOF=False | active=front_rgb_only | range=nan m | depth ratio=0.00 | window rates RGB/ToF=1.00/0.50 | frame change=0.0035 | truth angle FOV=False | RGB render volume=False | H/V angles=nan/nan deg | truth distance=inf m
[INFO] [1791463728.950104557] [front_tof_monitor]: USV RGB=True | TOF=True | active=front_tof | range=6.31 m | depth ratio=1.00 | window rates RGB/ToF=1.00/0.51 | frame change=0.0035 | truth angle FOV=False | RGB render volume=False | H/V angles=nan/nan deg | truth distance=inf m
[WARN] [1791463729.551697011] [front_tof_monitor]: USV RGB=True | TOF=False | active=front_rgb_only | range=nan m | depth ratio=0.00 | window rates RGB/ToF=1.00/0.56 | frame change=0.0029 | truth angle FOV=False | RGB render volume=False | H/V angles=nan/nan deg | truth distance=inf m
[INFO] [1791463729.657500746] [front_tof_monitor]: USV RGB=True | TOF=True | active=front_tof | range=6.38 m | depth ratio=1.00 | window rates RGB/ToF=1.00/0.56 | frame change=0.0020 | truth angle FOV=False | RGB render volume=False | H/V angles=nan/nan deg | truth distance=inf m
[WARN] [1791463729.761873368] [front_tof_monitor]: USV RGB=True | TOF=False | active=front_rgb_only | range=nan m | depth ratio=0.00 | window rates RGB/ToF=1.00/0.54 | frame change=0.0020 | truth angle FOV=False | RGB render volume=False | H/V angles=nan/nan deg | truth distance=inf m
[INFO] [1791463729.856880432] [front_tof_monitor]: USV RGB=True | TOF=True | active=front_tof | range=6.35 m | depth ratio=1.00 | window rates RGB/ToF=1.00/0.54 | frame change=0.0084 | truth angle FOV=False | RGB render volume=False | H/V angles=nan/nan deg | truth distance=inf m
[WARN] [1791463746.148196051] [front_tof_monitor]: USV RGB=True | TOF=False | active=front_rgb_only | range=nan m | depth ratio=0.00 | window rates RGB/ToF=1.00/0.98 | frame change=0.0025 | truth angle FOV=False | RGB render volume=False | H/V angles=nan/nan deg | truth distance=inf m
[INFO] [1791463746.249349014] [front_tof_monitor]: USV RGB=True | TOF=True | active=front_tof | range=6.34 m | depth ratio=1.00 | window rates RGB/ToF=1.00/0.98 | frame change=0.0025 | truth angle FOV=False | RGB render volume=False | H/V angles=nan/nan deg | truth distance=inf m
[WARN] [1791463746.648579526] [front_tof_monitor]: USV RGB=True | TOF=False | active=front_rgb_only | range=nan m | depth ratio=0.00 | window rates RGB/ToF=1.00/0.96 | frame change=0.0042 | truth angle FOV=False | RGB render volume=False | H/V angles=nan/nan deg | truth distance=inf m
[INFO] [1791463746.948667514] [front_tof_monitor]: USV RGB=True | TOF=True | active=front_tof | range=6.29 m | depth ratio=1.00 | window rates RGB/ToF=1.00/0.92 | frame change=0.0040 | truth angle FOV=False | RGB render volume=False | H/V angles=nan/nan deg | truth distance=inf m
[WARN] [1791463747.348733457] [front_tof_monitor]: USV RGB=True | TOF=False | active=front_rgb_only | range=nan m | depth ratio=0.00 | window rates RGB/ToF=1.00/0.90 | frame change=0.0051 | truth angle FOV=False | RGB render volume=False | H/V angles=nan/nan deg | truth distance=inf m
[INFO] [1791463747.449014673] [front_tof_monitor]: USV RGB=True | TOF=True | active=front_tof | range=6.26 m | depth ratio=1.00 | window rates RGB/ToF=1.00/0.90 | frame change=0.0051 | truth angle FOV=False | RGB render volume=False | H/V angles=nan/nan deg | truth distance=inf m
[WARN] [1791463747.548246165] [front_tof_monitor]: USV RGB=True | TOF=False | active=front_rgb_only | range=nan m | depth ratio=0.00 | window rates RGB/ToF=1.00/0.88 | frame change=0.0031 | truth angle FOV=False | RGB render volume=False | H/V angles=nan/nan deg | truth distance=inf m
[INFO] [1791463747.649000008] [front_tof_monitor]: USV RGB=True | TOF=True | active=front_tof | range=6.25 m | depth ratio=1.00 | window rates RGB/ToF=1.00/0.88 | frame change=0.0031 | truth angle FOV=False | RGB render volume=False | H/V angles=nan/nan deg | truth distance=inf m
[WARN] [1791463748.048228231] [front_tof_monitor]: USV RGB=True | TOF=False | active=front_rgb_only | range=nan m | depth ratio=0.00 | window rates RGB/ToF=1.00/0.86 | frame change=0.0030 | truth angle FOV=False | RGB render volume=False | H/V angles=nan/nan deg | truth distance=inf m
[INFO] [1791463748.149294392] [front_tof_monitor]: USV RGB=True | TOF=True | active=front_tof | range=6.26 m | depth ratio=1.00 | window rates RGB/ToF=1.00/0.86 | frame change=0.0030 | truth angle FOV=False | RGB render volume=False | H/V angles=nan/nan deg | truth distance=inf m
[WARN] [1791463748.748125858] [front_tof_monitor]: USV RGB=True | TOF=False | active=front_rgb_only | range=nan m | depth ratio=0.00 | window rates RGB/ToF=1.00/0.84 | frame change=0.0012 | truth angle FOV=False | RGB render volume=False | H/V angles=nan/nan deg | truth distance=inf m
[INFO] [1791463749.148975278] [front_tof_monitor]: USV RGB=True | TOF=True | active=front_tof | range=6.37 m | depth ratio=1.00 | window rates RGB/ToF=1.00/0.78 | frame change=0.0028 | truth angle FOV=False | RGB render volume=False | H/V angles=nan/nan deg | truth distance=inf m
[WARN] [1791463764.648538087] [front_tof_monitor]: USV RGB=True | TOF=False | active=front_rgb_only | range=nan m | depth ratio=0.00 | window rates RGB/ToF=1.00/0.98 | frame change=0.0031 | truth angle FOV=False | RGB render volume=False | H/V angles=nan/nan deg | truth distance=inf m
[INFO] [1791463764.748085400] [front_tof_monitor]: USV RGB=True | TOF=True | active=front_tof | range=6.49 m | depth ratio=1.00 | window rates RGB/ToF=1.00/0.98 | frame change=0.0031 | truth angle FOV=False | RGB render volume=False | H/V angles=nan/nan deg | truth distance=inf m
[WARN] [1791463764.848487831] [front_tof_monitor]: USV RGB=True | TOF=False | active=front_rgb_only | range=nan m | depth ratio=0.00 | window rates RGB/ToF=1.00/0.96 | frame change=0.0073 | truth angle FOV=False | RGB render volume=False | H/V angles=nan/nan deg | truth distance=inf m
[INFO] [1791463765.248277418] [front_tof_monitor]: USV RGB=True | TOF=True | active=front_tof | range=6.54 m | depth ratio=1.00 | window rates RGB/ToF=1.00/0.90 | frame change=0.0072 | truth angle FOV=False | RGB render volume=False | H/V angles=nan/nan deg | truth distance=inf m
[WARN] [1791463765.348521079] [front_tof_monitor]: USV RGB=True | TOF=False | active=front_rgb_only | range=nan m | depth ratio=0.00 | window rates RGB/ToF=1.00/0.88 | frame change=0.0042 | truth angle FOV=False | RGB render volume=False | H/V angles=nan/nan deg | truth distance=inf m
[INFO] [1791463765.448121950] [front_tof_monitor]: USV RGB=True | TOF=True | active=front_tof | range=6.58 m | depth ratio=1.00 | window rates RGB/ToF=1.00/0.88 | frame change=0.0042 | truth angle FOV=False | RGB render volume=False | H/V angles=nan/nan deg | truth distance=inf m
[WARN] [1791463765.647913539] [front_tof_monitor]: USV RGB=True | TOF=False | active=front_rgb_only | range=nan m | depth ratio=0.00 | window rates RGB/ToF=1.00/0.86 | frame change=0.0066 | truth angle FOV=False | RGB render volume=False | H/V angles=nan/nan deg | truth distance=inf m
[INFO] [1791463765.748688990] [front_tof_monitor]: USV RGB=True | TOF=True | active=front_tof | range=6.59 m | depth ratio=1.00 | window rates RGB/ToF=1.00/0.86 | frame change=0.0066 | truth angle FOV=False | RGB render volume=False | H/V angles=nan/nan deg | truth distance=inf m
[WARN] [1791463765.848106576] [front_tof_monitor]: USV RGB=True | TOF=False | active=front_rgb_only | range=nan m | depth ratio=0.00 | window rates RGB/ToF=1.00/0.84 | frame change=0.0064 | truth angle FOV=False | RGB render volume=False | H/V angles=nan/nan deg | truth distance=inf m
[INFO] [1791463766.048701970] [front_tof_monitor]: USV RGB=True | TOF=True | active=front_tof | range=6.61 m | depth ratio=1.00 | window rates RGB/ToF=1.00/0.82 | frame change=0.0038 | truth angle FOV=False | RGB render volume=False | H/V angles=nan/nan deg | truth distance=inf m
[WARN] [1791463766.447910345] [front_tof_monitor]: USV RGB=True | TOF=False | active=front_rgb_only | range=nan m | depth ratio=0.00 | window rates RGB/ToF=1.00/0.80 | frame change=0.0046 | truth angle FOV=False | RGB render volume=False | H/V angles=nan/nan deg | truth distance=inf m
[INFO] [1791463766.548080703] [front_tof_monitor]: USV RGB=True | TOF=True | active=front_tof | range=6.60 m | depth ratio=1.00 | window rates RGB/ToF=1.00/0.80 | frame change=0.0035 | truth angle FOV=False | RGB render volume=False | H/V angles=nan/nan deg | truth distance=inf m
[WARN] [1791463766.647910361] [front_tof_monitor]: USV RGB=True | TOF=False | active=front_rgb_only | range=nan m | depth ratio=0.00 | window rates RGB/ToF=1.00/0.78 | frame change=0.0035 | truth angle FOV=False | RGB render volume=False | H/V angles=nan/nan deg | truth distance=inf m
[INFO] [1791463766.748200103] [front_tof_monitor]: USV RGB=True | TOF=True | active=front_tof | range=6.58 m | depth ratio=1.00 | window rates RGB/ToF=1.00/0.78 | frame change=0.0030 | truth angle FOV=False | RGB render volume=False | H/V angles=nan/nan deg | truth distance=inf m
[WARN] [1791463766.848004053] [front_tof_monitor]: USV RGB=True | TOF=False | active=front_rgb_only | range=nan m | depth ratio=0.00 | window rates RGB/ToF=1.00/0.76 | frame change=0.0030 | truth angle FOV=False | RGB render volume=False | H/V angles=nan/nan deg | truth distance=inf m
[INFO] [1791463767.048720136] [front_tof_monitor]: USV RGB=True | TOF=True | active=front_tof | range=6.54 m | depth ratio=1.00 | window rates RGB/ToF=1.00/0.74 | frame change=0.0035 | truth angle FOV=False | RGB render volume=False | H/V angles=nan/nan deg | truth distance=inf m
[WARN] [1791463767.448067793] [front_tof_monitor]: USV RGB=True | TOF=False | active=front_rgb_only | range=nan m | depth ratio=0.00 | window rates RGB/ToF=1.00/0.73 | frame change=0.0028 | truth angle FOV=False | RGB render volume=False | H/V angles=nan/nan deg | truth distance=inf m
