[INFO] [1791463217.704297684] [dual_tof_selector]: DUAL TOF SELECTOR READY | front preferred | loss=3 frames | front recovery=10 frames | down fallback=False
[WARN] [1791463217.783802252] [dual_tof_selector]: ACTIVE CAMERA=none | front RGB/ToF=False/False | down RGB/ToF=False/False
[INFO] [1791463219.083420556] [dual_tof_selector]: ACTIVE CAMERA=front_tof | front RGB/ToF=True/True | down RGB/ToF=False/False
[INFO] [1791463220.583362618] [dual_tof_selector]: ACTIVE CAMERA=front_rgb_only | front RGB/ToF=True/False | down RGB/ToF=False/False
[INFO] [1791463220.683294143] [dual_tof_selector]: ACTIVE CAMERA=front_tof | front RGB/ToF=True/True | down RGB/ToF=False/False
[INFO] [1791463220.783685841] [dual_tof_selector]: ACTIVE CAMERA=front_rgb_only | front RGB/ToF=True/False | down RGB/ToF=False/False
[INFO] [1791463220.883684428] [dual_tof_selector]: ACTIVE CAMERA=front_tof | front RGB/ToF=True/True | down RGB/ToF=False/False
[INFO] [1791463220.983284557] [dual_tof_selector]: ACTIVE CAMERA=front_rgb_only | front RGB/ToF=True/False | down RGB/ToF=False/False
[INFO] [1791463221.383337541] [dual_tof_selector]: ACTIVE CAMERA=front_tof | front RGB/ToF=True/True | down RGB/ToF=False/False
[INFO] [1791463221.483680500] [dual_tof_selector]: ACTIVE CAMERA=front_rgb_only | front RGB/ToF=True/False | down RGB/ToF=False/False
[INFO] [1791463221.683299333] [dual_tof_selector]: ACTIVE CAMERA=front_tof | front RGB/ToF=True/True | down RGB/ToF=False/False
[INFO] [1791463222.083303039] [dual_tof_selector]: ACTIVE CAMERA=front_rgb_only | front RGB/ToF=True/False | down RGB/ToF=False/False
[INFO] [1791463222.383299122] [dual_tof_selector]: ACTIVE CAMERA=front_tof | front RGB/ToF=True/True | down RGB/ToF=False/False
[INFO] [1791463223.183308691] [dual_tof_selector]: ACTIVE CAMERA=front_rgb_only | front RGB/ToF=True/False | down RGB/ToF=False/False
[INFO] [1791463223.283294029] [dual_tof_selector]: ACTIVE CAMERA=front_tof | front RGB/ToF=True/True | down RGB/ToF=False/False
[INFO] [1791463223.383312664] [dual_tof_selector]: ACTIVE CAMERA=front_rgb_only | front RGB/ToF=True/False | down RGB/ToF=False/False
[INFO] [1791463223.583278256] [dual_tof_selector]: ACTIVE CAMERA=front_tof | front RGB/ToF=True/True | down RGB/ToF=False/False
[INFO] [1791463223.683697156] [dual_tof_selector]: ACTIVE CAMERA=front_rgb_only | front RGB/ToF=True/False | down RGB/ToF=False/False
[INFO] [1791463223.783664047] [dual_tof_selector]: ACTIVE CAMERA=front_tof | front RGB/ToF=True/True | down RGB/ToF=False/False
[INFO] [1791463223.983268789] [dual_tof_selector]: ACTIVE CAMERA=front_rgb_only | front RGB/ToF=True/False | down RGB/ToF=False/False
[INFO] [1791463224.083291125] [dual_tof_selector]: ACTIVE CAMERA=front_tof | front RGB/ToF=True/True | down RGB/ToF=False/False
[INFO] [1791463224.183290732] [dual_tof_selector]: ACTIVE CAMERA=front_rgb_only | front RGB/ToF=True/False | down RGB/ToF=False/False
[INFO] [1791463224.983689078] [dual_tof_selector]: ACTIVE CAMERA=front_tof | front RGB/ToF=True/True | down RGB/ToF=False/False
[INFO] [1791463225.083302152] [dual_tof_selector]: ACTIVE CAMERA=front_rgb_only | front RGB/ToF=True/False | down RGB/ToF=False/False
[INFO] [1791463225.183287590] [dual_tof_selector]: ACTIVE CAMERA=front_tof | front RGB/ToF=True/True | down RGB/ToF=False/False
[INFO] [1791463225.384196654] [dual_tof_selector]: ACTIVE CAMERA=front_rgb_only | front RGB/ToF=True/False | down RGB/ToF=False/False
[INFO] [1791463225.483681205] [dual_tof_selector]: ACTIVE CAMERA=front_tof | front RGB/ToF=True/True | down RGB/ToF=False/False
[INFO] [1791463225.583657043] [dual_tof_selector]: ACTIVE CAMERA=front_rgb_only | front RGB/ToF=True/False | down RGB/ToF=False/False
[INFO] [1791463225.683764184] [dual_tof_selector]: ACTIVE CAMERA=front_tof | front RGB/ToF=True/True | down RGB/ToF=False/False
[INFO] [1791463225.783744052] [dual_tof_selector]: ACTIVE CAMERA=front_rgb_only | front RGB/ToF=True/False | down RGB/ToF=False/False
[INFO] [1791463225.883737390] [dual_tof_selector]: ACTIVE CAMERA=front_tof | front RGB/ToF=True/True | down RGB/ToF=False/False
[INFO] [1791463225.983684592] [dual_tof_selector]: ACTIVE CAMERA=front_rgb_only | front RGB/ToF=True/False | down RGB/ToF=False/False
[INFO] [1791463226.283307682] [dual_tof_selector]: ACTIVE CAMERA=front_tof | front RGB/ToF=True/True | down RGB/ToF=False/False
[INFO] [1791463226.383305533] [dual_tof_selector]: ACTIVE CAMERA=front_rgb_only | front RGB/ToF=True/False | down RGB/ToF=False/False
[INFO] [1791463226.483298704] [dual_tof_selector]: ACTIVE CAMERA=front_tof | front RGB/ToF=True/True | down RGB/ToF=False/False
[INFO] [1791463227.083665706] [dual_tof_selector]: ACTIVE CAMERA=front_rgb_only | front RGB/ToF=True/False | down RGB/ToF=False/False
[INFO] [1791463227.283450217] [dual_tof_selector]: ACTIVE CAMERA=front_tof | front RGB/ToF=True/True | down RGB/ToF=False/False
[INFO] [1791463227.383699269] [dual_tof_selector]: ACTIVE CAMERA=front_rgb_only | front RGB/ToF=True/False | down RGB/ToF=False/False
[INFO] [1791463227.583710438] [dual_tof_selector]: ACTIVE CAMERA=front_tof | front RGB/ToF=True/True | down RGB/ToF=False/False
[INFO] [1791463227.983346681] [dual_tof_selector]: ACTIVE CAMERA=front_rgb_only | front RGB/ToF=True/False | down RGB/ToF=False/False
[INFO] [1791463228.283646615] [dual_tof_selector]: ACTIVE CAMERA=front_tof | front RGB/ToF=True/True | down RGB/ToF=False/False
[INFO] [1791463228.383844457] [dual_tof_selector]: ACTIVE CAMERA=front_rgb_only | front RGB/ToF=True/False | down RGB/ToF=False/False
[INFO] [1791463228.589960091] [dual_tof_selector]: ACTIVE CAMERA=front_tof | front RGB/ToF=True/True | down RGB/ToF=False/False
[INFO] [1791463228.785414273] [dual_tof_selector]: ACTIVE CAMERA=front_rgb_only | front RGB/ToF=True/False | down RGB/ToF=False/False
[INFO] [1791463228.983968698] [dual_tof_selector]: ACTIVE CAMERA=front_tof | front RGB/ToF=True/True | down RGB/ToF=False/False
[INFO] [1791463229.090484212] [dual_tof_selector]: ACTIVE CAMERA=front_rgb_only | front RGB/ToF=True/False | down RGB/ToF=False/False
[INFO] [1791463229.683474776] [dual_tof_selector]: ACTIVE CAMERA=front_tof | front RGB/ToF=True/True | down RGB/ToF=False/False
[INFO] [1791463229.783270489] [dual_tof_selector]: ACTIVE CAMERA=front_rgb_only | front RGB/ToF=True/False | down RGB/ToF=False/False
[INFO] [1791463229.883271699] [dual_tof_selector]: ACTIVE CAMERA=front_tof | front RGB/ToF=True/True | down RGB/ToF=False/False
[INFO] [1791463229.983362869] [dual_tof_selector]: ACTIVE CAMERA=front_rgb_only | front RGB/ToF=True/False | down RGB/ToF=False/False
[INFO] [1791463230.283296680] [dual_tof_selector]: ACTIVE CAMERA=front_tof | front RGB/ToF=True/True | down RGB/ToF=False/False
[INFO] [1791463230.483295795] [dual_tof_selector]: ACTIVE CAMERA=front_rgb_only | front RGB/ToF=True/False | down RGB/ToF=False/False
[INFO] [1791463230.583430689] [dual_tof_selector]: ACTIVE CAMERA=front_tof | front RGB/ToF=True/True | down RGB/ToF=False/False
[INFO] [1791463230.683606561] [dual_tof_selector]: ACTIVE CAMERA=front_rgb_only | front RGB/ToF=True/False | down RGB/ToF=False/False
[INFO] [1791463230.783635776] [dual_tof_selector]: ACTIVE CAMERA=front_tof | front RGB/ToF=True/True | down RGB/ToF=False/False
[INFO] [1791463231.383269541] [dual_tof_selector]: ACTIVE CAMERA=front_rgb_only | front RGB/ToF=True/False | down RGB/ToF=False/False
[INFO] [1791463231.583280737] [dual_tof_selector]: ACTIVE CAMERA=front_tof | front RGB/ToF=True/True | down RGB/ToF=False/False
[INFO] [1791463231.683241649] [dual_tof_selector]: ACTIVE CAMERA=front_rgb_only | front RGB/ToF=True/False | down RGB/ToF=False/False
[INFO] [1791463232.083259959] [dual_tof_selector]: ACTIVE CAMERA=front_tof | front RGB/ToF=True/True | down RGB/ToF=False/False
[INFO] [1791463232.183279890] [dual_tof_selector]: ACTIVE CAMERA=front_rgb_only | front RGB/ToF=True/False | down RGB/ToF=False/False
[INFO] [1791463232.283267681] [dual_tof_selector]: ACTIVE CAMERA=front_tof | front RGB/ToF=True/True | down RGB/ToF=False/False
[INFO] [1791463232.483657955] [dual_tof_selector]: ACTIVE CAMERA=front_rgb_only | front RGB/ToF=True/False | down RGB/ToF=False/False
[INFO] [1791463232.583284914] [dual_tof_selector]: ACTIVE CAMERA=front_tof | front RGB/ToF=True/True | down RGB/ToF=False/False
[INFO] [1791463232.683308237] [dual_tof_selector]: ACTIVE CAMERA=front_rgb_only | front RGB/ToF=True/False | down RGB/ToF=False/False
[INFO] [1791463232.783666895] [dual_tof_selector]: ACTIVE CAMERA=front_tof | front RGB/ToF=True/True | down RGB/ToF=False/False
[INFO] [1791463232.883665330] [dual_tof_selector]: ACTIVE CAMERA=front_rgb_only | front RGB/ToF=True/False | down RGB/ToF=False/False
[INFO] [1791463233.783247381] [dual_tof_selector]: ACTIVE CAMERA=front_tof | front RGB/ToF=True/True | down RGB/ToF=False/False
[INFO] [1791463233.883775984] [dual_tof_selector]: ACTIVE CAMERA=front_rgb_only | front RGB/ToF=True/False | down RGB/ToF=False/False
[INFO] [1791463233.983781965] [dual_tof_selector]: ACTIVE CAMERA=front_tof | front RGB/ToF=True/True | down RGB/ToF=False/False
[INFO] [1791463234.083901582] [dual_tof_selector]: ACTIVE CAMERA=front_rgb_only | front RGB/ToF=True/False | down RGB/ToF=False/False
[INFO] [1791463234.183743747] [dual_tof_selector]: ACTIVE CAMERA=front_tof | front RGB/ToF=True/True | down RGB/ToF=False/False
[INFO] [1791463234.283807750] [dual_tof_selector]: ACTIVE CAMERA=front_rgb_only | front RGB/ToF=True/False | down RGB/ToF=False/False
[INFO] [1791463234.383779911] [dual_tof_selector]: ACTIVE CAMERA=front_tof | front RGB/ToF=True/True | down RGB/ToF=False/False
[INFO] [1791463239.383677114] [dual_tof_selector]: ACTIVE CAMERA=front_rgb_only | front RGB/ToF=True/False | down RGB/ToF=False/False
[INFO] [1791463239.483694316] [dual_tof_selector]: ACTIVE CAMERA=front_tof | front RGB/ToF=True/True | down RGB/ToF=False/False
[INFO] [1791463239.883662679] [dual_tof_selector]: ACTIVE CAMERA=front_rgb_only | front RGB/ToF=True/False | down RGB/ToF=False/False
[INFO] [1791463239.983790278] [dual_tof_selector]: ACTIVE CAMERA=front_tof | front RGB/ToF=True/True | down RGB/ToF=False/False
[INFO] [1791463240.083292814] [dual_tof_selector]: ACTIVE CAMERA=front_rgb_only | front RGB/ToF=True/False | down RGB/ToF=False/False
[INFO] [1791463240.183395576] [dual_tof_selector]: ACTIVE CAMERA=front_tof | front RGB/ToF=True/True | down RGB/ToF=False/False
[INFO] [1791463240.283636978] [dual_tof_selector]: ACTIVE CAMERA=front_rgb_only | front RGB/ToF=True/False | down RGB/ToF=False/False
[INFO] [1791463240.984183084] [dual_tof_selector]: ACTIVE CAMERA=front_tof | front RGB/ToF=True/True | down RGB/ToF=False/False
[INFO] [1791463241.083311086] [dual_tof_selector]: ACTIVE CAMERA=front_rgb_only | front RGB/ToF=True/False | down RGB/ToF=False/False
[INFO] [1791463241.283757803] [dual_tof_selector]: ACTIVE CAMERA=front_tof | front RGB/ToF=True/True | down RGB/ToF=False/False
[INFO] [1791463241.684994611] [dual_tof_selector]: ACTIVE CAMERA=front_rgb_only | front RGB/ToF=True/False | down RGB/ToF=False/False
[INFO] [1791463241.783723756] [dual_tof_selector]: ACTIVE CAMERA=front_tof | front RGB/ToF=True/True | down RGB/ToF=False/False
[INFO] [1791463242.184473958] [dual_tof_selector]: ACTIVE CAMERA=front_rgb_only | front RGB/ToF=True/False | down RGB/ToF=False/False
[INFO] [1791463242.284262733] [dual_tof_selector]: ACTIVE CAMERA=front_tof | front RGB/ToF=True/True | down RGB/ToF=False/False
[INFO] [1791463242.384813108] [dual_tof_selector]: ACTIVE CAMERA=front_rgb_only | front RGB/ToF=True/False | down RGB/ToF=False/False
[INFO] [1791463242.483414277] [dual_tof_selector]: ACTIVE CAMERA=front_tof | front RGB/ToF=True/True | down RGB/ToF=False/False
[INFO] [1791463242.883717776] [dual_tof_selector]: ACTIVE CAMERA=front_rgb_only | front RGB/ToF=True/False | down RGB/ToF=False/False
[INFO] [1791463243.583720347] [dual_tof_selector]: ACTIVE CAMERA=front_tof | front RGB/ToF=True/True | down RGB/ToF=False/False
[INFO] [1791463243.684781389] [dual_tof_selector]: ACTIVE CAMERA=front_rgb_only | front RGB/ToF=True/False | down RGB/ToF=False/False
[INFO] [1791463243.783680383] [dual_tof_selector]: ACTIVE CAMERA=front_tof | front RGB/ToF=True/True | down RGB/ToF=False/False
[INFO] [1791463243.883394046] [dual_tof_selector]: ACTIVE CAMERA=front_rgb_only | front RGB/ToF=True/False | down RGB/ToF=False/False
[INFO] [1791463243.983759364] [dual_tof_selector]: ACTIVE CAMERA=front_tof | front RGB/ToF=True/True | down RGB/ToF=False/False
[INFO] [1791463244.385160266] [dual_tof_selector]: ACTIVE CAMERA=front_rgb_only | front RGB/ToF=True/False | down RGB/ToF=False/False
[INFO] [1791463244.484124216] [dual_tof_selector]: ACTIVE CAMERA=front_tof | front RGB/ToF=True/True | down RGB/ToF=False/False
[INFO] [1791463244.583769658] [dual_tof_selector]: ACTIVE CAMERA=front_rgb_only | front RGB/ToF=True/False | down RGB/ToF=False/False
[INFO] [1791463244.684840153] [dual_tof_selector]: ACTIVE CAMERA=front_tof | front RGB/ToF=True/True | down RGB/ToF=False/False
[INFO] [1791463244.783573413] [dual_tof_selector]: ACTIVE CAMERA=front_rgb_only | front RGB/ToF=True/False | down RGB/ToF=False/False
[INFO] [1791463244.883358549] [dual_tof_selector]: ACTIVE CAMERA=front_tof | front RGB/ToF=True/True | down RGB/ToF=False/False
[INFO] [1791463244.985878599] [dual_tof_selector]: ACTIVE CAMERA=front_rgb_only | front RGB/ToF=True/False | down RGB/ToF=False/False
[INFO] [1791463245.283229177] [dual_tof_selector]: ACTIVE CAMERA=front_tof | front RGB/ToF=True/True | down RGB/ToF=False/False
[INFO] [1791463245.383295713] [dual_tof_selector]: ACTIVE CAMERA=front_rgb_only | front RGB/ToF=True/False | down RGB/ToF=False/False
[INFO] [1791463245.483253512] [dual_tof_selector]: ACTIVE CAMERA=front_tof | front RGB/ToF=True/True | down RGB/ToF=False/False
[INFO] [1791463245.583239973] [dual_tof_selector]: ACTIVE CAMERA=front_rgb_only | front RGB/ToF=True/False | down RGB/ToF=False/False
[INFO] [1791463245.783614896] [dual_tof_selector]: ACTIVE CAMERA=front_tof | front RGB/ToF=True/True | down RGB/ToF=False/False
[INFO] [1791463246.383787760] [dual_tof_selector]: ACTIVE CAMERA=front_rgb_only | front RGB/ToF=True/False | down RGB/ToF=False/False
[INFO] [1791463246.483718850] [dual_tof_selector]: ACTIVE CAMERA=front_tof | front RGB/ToF=True/True | down RGB/ToF=False/False
[INFO] [1791463246.583704452] [dual_tof_selector]: ACTIVE CAMERA=front_rgb_only | front RGB/ToF=True/False | down RGB/ToF=False/False
[INFO] [1791463246.683718274] [dual_tof_selector]: ACTIVE CAMERA=front_tof | front RGB/ToF=True/True | down RGB/ToF=False/False
[INFO] [1791463249.484114012] [dual_tof_selector]: ACTIVE CAMERA=front_rgb_only | front RGB/ToF=True/False | down RGB/ToF=False/False
[INFO] [1791463249.583939402] [dual_tof_selector]: ACTIVE CAMERA=front_tof | front RGB/ToF=True/True | down RGB/ToF=False/False
[INFO] [1791463249.683835717] [dual_tof_selector]: ACTIVE CAMERA=front_rgb_only | front RGB/ToF=True/False | down RGB/ToF=False/False
[INFO] [1791463249.783738237] [dual_tof_selector]: ACTIVE CAMERA=front_tof | front RGB/ToF=True/True | down RGB/ToF=False/False
[INFO] [1791463254.585530003] [dual_tof_selector]: ACTIVE CAMERA=front_rgb_only | front RGB/ToF=True/False | down RGB/ToF=False/False
[INFO] [1791463254.684157295] [dual_tof_selector]: ACTIVE CAMERA=front_tof | front RGB/ToF=True/True | down RGB/ToF=False/False
[INFO] [1791463254.784026130] [dual_tof_selector]: ACTIVE CAMERA=front_rgb_only | front RGB/ToF=True/False | down RGB/ToF=False/False
[INFO] [1791463254.883673860] [dual_tof_selector]: ACTIVE CAMERA=front_tof | front RGB/ToF=True/True | down RGB/ToF=False/False
[INFO] [1791463255.483819438] [dual_tof_selector]: ACTIVE CAMERA=front_rgb_only | front RGB/ToF=True/False | down RGB/ToF=False/False
[INFO] [1791463255.583984041] [dual_tof_selector]: ACTIVE CAMERA=front_tof | front RGB/ToF=True/True | down RGB/ToF=False/False
[INFO] [1791463256.383849523] [dual_tof_selector]: ACTIVE CAMERA=front_rgb_only | front RGB/ToF=True/False | down RGB/ToF=False/False
[INFO] [1791463256.483762595] [dual_tof_selector]: ACTIVE CAMERA=front_tof | front RGB/ToF=True/True | down RGB/ToF=False/False
[INFO] [1791463256.584286476] [dual_tof_selector]: ACTIVE CAMERA=front_rgb_only | front RGB/ToF=True/False | down RGB/ToF=False/False
[INFO] [1791463256.983637452] [dual_tof_selector]: ACTIVE CAMERA=front_tof | front RGB/ToF=True/True | down RGB/ToF=False/False
[INFO] [1791463257.083887244] [dual_tof_selector]: ACTIVE CAMERA=front_rgb_only | front RGB/ToF=True/False | down RGB/ToF=False/False
[INFO] [1791463257.184707094] [dual_tof_selector]: ACTIVE CAMERA=front_tof | front RGB/ToF=True/True | down RGB/ToF=False/False
[INFO] [1791463257.283549533] [dual_tof_selector]: ACTIVE CAMERA=front_rgb_only | front RGB/ToF=True/False | down RGB/ToF=False/False
[INFO] [1791463257.383897692] [dual_tof_selector]: ACTIVE CAMERA=front_tof | front RGB/ToF=True/True | down RGB/ToF=False/False
[INFO] [1791463257.483466946] [dual_tof_selector]: ACTIVE CAMERA=front_rgb_only | front RGB/ToF=True/False | down RGB/ToF=False/False
[INFO] [1791463258.083732501] [dual_tof_selector]: ACTIVE CAMERA=front_tof | front RGB/ToF=True/True | down RGB/ToF=False/False
[INFO] [1791463258.683279793] [dual_tof_selector]: ACTIVE CAMERA=front_rgb_only | front RGB/ToF=True/False | down RGB/ToF=False/False
[INFO] [1791463258.783690467] [dual_tof_selector]: ACTIVE CAMERA=front_tof | front RGB/ToF=True/True | down RGB/ToF=False/False
[INFO] [1791463262.283250498] [dual_tof_selector]: ACTIVE CAMERA=front_rgb_only | front RGB/ToF=True/False | down RGB/ToF=False/False
[INFO] [1791463262.383759811] [dual_tof_selector]: ACTIVE CAMERA=front_tof | front RGB/ToF=True/True | down RGB/ToF=False/False
[INFO] [1791463262.783733234] [dual_tof_selector]: ACTIVE CAMERA=front_rgb_only | front RGB/ToF=True/False | down RGB/ToF=False/False
[INFO] [1791463262.883339693] [dual_tof_selector]: ACTIVE CAMERA=front_tof | front RGB/ToF=True/True | down RGB/ToF=False/False
[INFO] [1791463262.983253477] [dual_tof_selector]: ACTIVE CAMERA=front_rgb_only | front RGB/ToF=True/False | down RGB/ToF=False/False
[INFO] [1791463263.383723099] [dual_tof_selector]: ACTIVE CAMERA=front_tof | front RGB/ToF=True/True | down RGB/ToF=False/False
[INFO] [1791463263.783733388] [dual_tof_selector]: ACTIVE CAMERA=front_rgb_only | front RGB/ToF=True/False | down RGB/ToF=False/False
[INFO] [1791463263.983569617] [dual_tof_selector]: ACTIVE CAMERA=front_tof | front RGB/ToF=True/True | down RGB/ToF=False/False
[INFO] [1791463264.083779639] [dual_tof_selector]: ACTIVE CAMERA=front_rgb_only | front RGB/ToF=True/False | down RGB/ToF=False/False
[INFO] [1791463264.383830316] [dual_tof_selector]: ACTIVE CAMERA=front_tof | front RGB/ToF=True/True | down RGB/ToF=False/False
[INFO] [1791463266.584088355] [dual_tof_selector]: ACTIVE CAMERA=front_rgb_only | front RGB/ToF=True/False | down RGB/ToF=False/False
[INFO] [1791463266.683809927] [dual_tof_selector]: ACTIVE CAMERA=front_tof | front RGB/ToF=True/True | down RGB/ToF=False/False
[INFO] [1791463266.783814195] [dual_tof_selector]: ACTIVE CAMERA=front_rgb_only | front RGB/ToF=True/False | down RGB/ToF=False/False
[INFO] [1791463266.883686424] [dual_tof_selector]: ACTIVE CAMERA=front_tof | front RGB/ToF=True/True | down RGB/ToF=False/False
[INFO] [1791463267.283777117] [dual_tof_selector]: ACTIVE CAMERA=front_rgb_only | front RGB/ToF=True/False | down RGB/ToF=False/False
[INFO] [1791463267.883770694] [dual_tof_selector]: ACTIVE CAMERA=front_tof | front RGB/ToF=True/True | down RGB/ToF=False/False
[INFO] [1791463267.983473044] [dual_tof_selector]: ACTIVE CAMERA=front_rgb_only | front RGB/ToF=True/False | down RGB/ToF=False/False
[INFO] [1791463268.083260729] [dual_tof_selector]: ACTIVE CAMERA=front_tof | front RGB/ToF=True/True | down RGB/ToF=False/False
[INFO] [1791463268.183730944] [dual_tof_selector]: ACTIVE CAMERA=front_rgb_only | front RGB/ToF=True/False | down RGB/ToF=False/False
[INFO] [1791463268.383426943] [dual_tof_selector]: ACTIVE CAMERA=front_tof | front RGB/ToF=True/True | down RGB/ToF=False/False
[INFO] [1791463268.483824063] [dual_tof_selector]: ACTIVE CAMERA=front_rgb_only | front RGB/ToF=True/False | down RGB/ToF=False/False
[INFO] [1791463268.683723389] [dual_tof_selector]: ACTIVE CAMERA=front_tof | front RGB/ToF=True/True | down RGB/ToF=False/False
[INFO] [1791463268.783729178] [dual_tof_selector]: ACTIVE CAMERA=front_rgb_only | front RGB/ToF=True/False | down RGB/ToF=False/False
[INFO] [1791463268.883778659] [dual_tof_selector]: ACTIVE CAMERA=front_tof | front RGB/ToF=True/True | down RGB/ToF=False/False
[INFO] [1791463269.083813830] [dual_tof_selector]: ACTIVE CAMERA=front_rgb_only | front RGB/ToF=True/False | down RGB/ToF=False/False
[INFO] [1791463269.183756568] [dual_tof_selector]: ACTIVE CAMERA=front_tof | front RGB/ToF=True/True | down RGB/ToF=False/False
[INFO] [1791463269.283686003] [dual_tof_selector]: ACTIVE CAMERA=front_rgb_only | front RGB/ToF=True/False | down RGB/ToF=False/False
[INFO] [1791463269.483412954] [dual_tof_selector]: ACTIVE CAMERA=front_tof | front RGB/ToF=True/True | down RGB/ToF=False/False
[INFO] [1791463269.583761293] [dual_tof_selector]: ACTIVE CAMERA=front_rgb_only | front RGB/ToF=True/False | down RGB/ToF=False/False
[INFO] [1791463269.683692259] [dual_tof_selector]: ACTIVE CAMERA=front_tof | front RGB/ToF=True/True | down RGB/ToF=False/False
[INFO] [1791463269.783761363] [dual_tof_selector]: ACTIVE CAMERA=front_rgb_only | front RGB/ToF=True/False | down RGB/ToF=False/False
[INFO] [1791463269.883978512] [dual_tof_selector]: ACTIVE CAMERA=front_tof | front RGB/ToF=True/True | down RGB/ToF=False/False
[INFO] [1791463269.983686293] [dual_tof_selector]: ACTIVE CAMERA=front_rgb_only | front RGB/ToF=True/False | down RGB/ToF=False/False
[INFO] [1791463270.083658305] [dual_tof_selector]: ACTIVE CAMERA=front_tof | front RGB/ToF=True/True | down RGB/ToF=False/False
[INFO] [1791463270.283783819] [dual_tof_selector]: ACTIVE CAMERA=front_rgb_only | front RGB/ToF=True/False | down RGB/ToF=False/False
[INFO] [1791463270.783762924] [dual_tof_selector]: ACTIVE CAMERA=front_tof | front RGB/ToF=True/True | down RGB/ToF=False/False
[INFO] [1791463270.983381375] [dual_tof_selector]: ACTIVE CAMERA=front_rgb_only | front RGB/ToF=True/False | down RGB/ToF=False/False
[INFO] [1791463271.083759490] [dual_tof_selector]: ACTIVE CAMERA=front_tof | front RGB/ToF=True/True | down RGB/ToF=False/False
[INFO] [1791463271.183711392] [dual_tof_selector]: ACTIVE CAMERA=front_rgb_only | front RGB/ToF=True/False | down RGB/ToF=False/False
[INFO] [1791463271.283493528] [dual_tof_selector]: ACTIVE CAMERA=front_tof | front RGB/ToF=True/True | down RGB/ToF=False/False
[INFO] [1791463271.383514999] [dual_tof_selector]: ACTIVE CAMERA=front_rgb_only | front RGB/ToF=True/False | down RGB/ToF=False/False
[INFO] [1791463271.483297574] [dual_tof_selector]: ACTIVE CAMERA=front_tof | front RGB/ToF=True/True | down RGB/ToF=False/False
[INFO] [1791463271.583426605] [dual_tof_selector]: ACTIVE CAMERA=front_rgb_only | front RGB/ToF=True/False | down RGB/ToF=False/False
[INFO] [1791463271.684222041] [dual_tof_selector]: ACTIVE CAMERA=front_tof | front RGB/ToF=True/True | down RGB/ToF=False/False
[INFO] [1791463276.683811069] [dual_tof_selector]: ACTIVE CAMERA=front_rgb_only | front RGB/ToF=True/False | down RGB/ToF=False/False
[INFO] [1791463276.783562235] [dual_tof_selector]: ACTIVE CAMERA=front_tof | front RGB/ToF=True/True | down RGB/ToF=False/False
[INFO] [1791463277.884267539] [dual_tof_selector]: ACTIVE CAMERA=front_rgb_only | front RGB/ToF=True/False | down RGB/ToF=False/False
[INFO] [1791463277.985589852] [dual_tof_selector]: ACTIVE CAMERA=front_tof | front RGB/ToF=True/True | down RGB/ToF=False/False
[INFO] [1791463278.783351260] [dual_tof_selector]: ACTIVE CAMERA=front_rgb_only | front RGB/ToF=True/False | down RGB/ToF=False/False
[INFO] [1791463278.883656949] [dual_tof_selector]: ACTIVE CAMERA=front_tof | front RGB/ToF=True/True | down RGB/ToF=False/False
[INFO] [1791463279.284548165] [dual_tof_selector]: ACTIVE CAMERA=front_rgb_only | front RGB/ToF=True/False | down RGB/ToF=False/False
[INFO] [1791463279.383993565] [dual_tof_selector]: ACTIVE CAMERA=front_tof | front RGB/ToF=True/True | down RGB/ToF=False/False
[INFO] [1791463280.384644688] [dual_tof_selector]: ACTIVE CAMERA=front_rgb_only | front RGB/ToF=True/False | down RGB/ToF=False/False
[INFO] [1791463280.485446423] [dual_tof_selector]: ACTIVE CAMERA=front_tof | front RGB/ToF=True/True | down RGB/ToF=False/False
[INFO] [1791463281.483960796] [dual_tof_selector]: ACTIVE CAMERA=front_rgb_only | front RGB/ToF=True/False | down RGB/ToF=False/False
[INFO] [1791463281.583948349] [dual_tof_selector]: ACTIVE CAMERA=front_tof | front RGB/ToF=True/True | down RGB/ToF=False/False
[INFO] [1791463281.683891173] [dual_tof_selector]: ACTIVE CAMERA=front_rgb_only | front RGB/ToF=True/False | down RGB/ToF=False/False
[INFO] [1791463281.783959433] [dual_tof_selector]: ACTIVE CAMERA=front_tof | front RGB/ToF=True/True | down RGB/ToF=False/False
[INFO] [1791463282.383886291] [dual_tof_selector]: ACTIVE CAMERA=front_rgb_only | front RGB/ToF=True/False | down RGB/ToF=False/False
[INFO] [1791463282.483536180] [dual_tof_selector]: ACTIVE CAMERA=front_tof | front RGB/ToF=True/True | down RGB/ToF=False/False
[INFO] [1791463283.483896099] [dual_tof_selector]: ACTIVE CAMERA=front_rgb_only | front RGB/ToF=True/False | down RGB/ToF=False/False
[INFO] [1791463283.584333345] [dual_tof_selector]: ACTIVE CAMERA=front_tof | front RGB/ToF=True/True | down RGB/ToF=False/False
[INFO] [1791463286.383409389] [dual_tof_selector]: ACTIVE CAMERA=front_rgb_only | front RGB/ToF=True/False | down RGB/ToF=False/False
[INFO] [1791463286.483431385] [dual_tof_selector]: ACTIVE CAMERA=front_tof | front RGB/ToF=True/True | down RGB/ToF=False/False
[INFO] [1791463287.484144618] [dual_tof_selector]: ACTIVE CAMERA=front_rgb_only | front RGB/ToF=True/False | down RGB/ToF=False/False
[INFO] [1791463287.584933859] [dual_tof_selector]: ACTIVE CAMERA=front_tof | front RGB/ToF=True/True | down RGB/ToF=False/False
[INFO] [1791463287.684498195] [dual_tof_selector]: ACTIVE CAMERA=front_rgb_only | front RGB/ToF=True/False | down RGB/ToF=False/False
[INFO] [1791463287.883687200] [dual_tof_selector]: ACTIVE CAMERA=front_tof | front RGB/ToF=True/True | down RGB/ToF=False/False
[INFO] [1791463288.287341562] [dual_tof_selector]: ACTIVE CAMERA=front_rgb_only | front RGB/ToF=True/False | down RGB/ToF=False/False
[INFO] [1791463288.385453227] [dual_tof_selector]: ACTIVE CAMERA=front_tof | front RGB/ToF=True/True | down RGB/ToF=False/False
[INFO] [1791463288.484359636] [dual_tof_selector]: ACTIVE CAMERA=front_rgb_only | front RGB/ToF=True/False | down RGB/ToF=False/False
[INFO] [1791463288.584118625] [dual_tof_selector]: ACTIVE CAMERA=front_tof | front RGB/ToF=True/True | down RGB/ToF=False/False
[INFO] [1791463290.283338132] [dual_tof_selector]: ACTIVE CAMERA=front_rgb_only | front RGB/ToF=True/False | down RGB/ToF=False/False
[INFO] [1791463290.383437634] [dual_tof_selector]: ACTIVE CAMERA=front_tof | front RGB/ToF=True/True | down RGB/ToF=False/False
[INFO] [1791463291.883391053] [dual_tof_selector]: ACTIVE CAMERA=front_rgb_only | front RGB/ToF=True/False | down RGB/ToF=False/False
[INFO] [1791463291.984417789] [dual_tof_selector]: ACTIVE CAMERA=front_tof | front RGB/ToF=True/True | down RGB/ToF=False/False
[INFO] [1791463292.083733508] [dual_tof_selector]: ACTIVE CAMERA=front_rgb_only | front RGB/ToF=True/False | down RGB/ToF=False/False
[INFO] [1791463292.183706005] [dual_tof_selector]: ACTIVE CAMERA=front_tof | front RGB/ToF=True/True | down RGB/ToF=False/False
[INFO] [1791463292.383858941] [dual_tof_selector]: ACTIVE CAMERA=front_rgb_only | front RGB/ToF=True/False | down RGB/ToF=False/False
[INFO] [1791463292.683915211] [dual_tof_selector]: ACTIVE CAMERA=front_tof | front RGB/ToF=True/True | down RGB/ToF=False/False
[INFO] [1791463292.783712845] [dual_tof_selector]: ACTIVE CAMERA=front_rgb_only | front RGB/ToF=True/False | down RGB/ToF=False/False
[INFO] [1791463292.883731262] [dual_tof_selector]: ACTIVE CAMERA=front_tof | front RGB/ToF=True/True | down RGB/ToF=False/False
[INFO] [1791463293.083420517] [dual_tof_selector]: ACTIVE CAMERA=front_rgb_only | front RGB/ToF=True/False | down RGB/ToF=False/False
[INFO] [1791463293.183936001] [dual_tof_selector]: ACTIVE CAMERA=front_tof | front RGB/ToF=True/True | down RGB/ToF=False/False
[INFO] [1791463293.283764214] [dual_tof_selector]: ACTIVE CAMERA=front_rgb_only | front RGB/ToF=True/False | down RGB/ToF=False/False
[INFO] [1791463293.384016432] [dual_tof_selector]: ACTIVE CAMERA=front_tof | front RGB/ToF=True/True | down RGB/ToF=False/False
[INFO] [1791463293.483751190] [dual_tof_selector]: ACTIVE CAMERA=front_rgb_only | front RGB/ToF=True/False | down RGB/ToF=False/False
[INFO] [1791463293.683725397] [dual_tof_selector]: ACTIVE CAMERA=front_tof | front RGB/ToF=True/True | down RGB/ToF=False/False
[INFO] [1791463294.683717947] [dual_tof_selector]: ACTIVE CAMERA=front_rgb_only | front RGB/ToF=True/False | down RGB/ToF=False/False
[INFO] [1791463294.783695897] [dual_tof_selector]: ACTIVE CAMERA=front_tof | front RGB/ToF=True/True | down RGB/ToF=False/False
[INFO] [1791463294.883711456] [dual_tof_selector]: ACTIVE CAMERA=front_rgb_only | front RGB/ToF=True/False | down RGB/ToF=False/False
[INFO] [1791463294.984563694] [dual_tof_selector]: ACTIVE CAMERA=front_tof | front RGB/ToF=True/True | down RGB/ToF=False/False
[INFO] [1791463295.083818512] [dual_tof_selector]: ACTIVE CAMERA=front_rgb_only | front RGB/ToF=True/False | down RGB/ToF=False/False
[INFO] [1791463295.183778754] [dual_tof_selector]: ACTIVE CAMERA=front_tof | front RGB/ToF=True/True | down RGB/ToF=False/False
[INFO] [1791463295.583725250] [dual_tof_selector]: ACTIVE CAMERA=front_rgb_only | front RGB/ToF=True/False | down RGB/ToF=False/False
[INFO] [1791463295.783697254] [dual_tof_selector]: ACTIVE CAMERA=front_tof | front RGB/ToF=True/True | down RGB/ToF=False/False
[INFO] [1791463295.883753000] [dual_tof_selector]: ACTIVE CAMERA=front_rgb_only | front RGB/ToF=True/False | down RGB/ToF=False/False
[INFO] [1791463296.183350799] [dual_tof_selector]: ACTIVE CAMERA=front_tof | front RGB/ToF=True/True | down RGB/ToF=False/False
[INFO] [1791463296.283428999] [dual_tof_selector]: ACTIVE CAMERA=front_rgb_only | front RGB/ToF=True/False | down RGB/ToF=False/False
[INFO] [1791463296.383835571] [dual_tof_selector]: ACTIVE CAMERA=front_tof | front RGB/ToF=True/True | down RGB/ToF=False/False
[INFO] [1791463296.783730414] [dual_tof_selector]: ACTIVE CAMERA=front_rgb_only | front RGB/ToF=True/False | down RGB/ToF=False/False
[INFO] [1791463297.083785924] [dual_tof_selector]: ACTIVE CAMERA=front_tof | front RGB/ToF=True/True | down RGB/ToF=False/False
[INFO] [1791463297.183746457] [dual_tof_selector]: ACTIVE CAMERA=front_rgb_only | front RGB/ToF=True/False | down RGB/ToF=False/False
[INFO] [1791463297.283762010] [dual_tof_selector]: ACTIVE CAMERA=front_tof | front RGB/ToF=True/True | down RGB/ToF=False/False
[INFO] [1791463297.383807182] [dual_tof_selector]: ACTIVE CAMERA=front_rgb_only | front RGB/ToF=True/False | down RGB/ToF=False/False
[INFO] [1791463297.483737008] [dual_tof_selector]: ACTIVE CAMERA=front_tof | front RGB/ToF=True/True | down RGB/ToF=False/False
[INFO] [1791463297.683737374] [dual_tof_selector]: ACTIVE CAMERA=front_rgb_only | front RGB/ToF=True/False | down RGB/ToF=False/False
[INFO] [1791463297.783748488] [dual_tof_selector]: ACTIVE CAMERA=front_tof | front RGB/ToF=True/True | down RGB/ToF=False/False
[INFO] [1791463297.883400304] [dual_tof_selector]: ACTIVE CAMERA=front_rgb_only | front RGB/ToF=True/False | down RGB/ToF=False/False
[INFO] [1791463297.983359858] [dual_tof_selector]: ACTIVE CAMERA=front_tof | front RGB/ToF=True/True | down RGB/ToF=False/False
[INFO] [1791463298.083835067] [dual_tof_selector]: ACTIVE CAMERA=front_rgb_only | front RGB/ToF=True/False | down RGB/ToF=False/False
[INFO] [1791463298.183952378] [dual_tof_selector]: ACTIVE CAMERA=front_tof | front RGB/ToF=True/True | down RGB/ToF=False/False
[INFO] [1791463298.583744606] [dual_tof_selector]: ACTIVE CAMERA=front_rgb_only | front RGB/ToF=True/False | down RGB/ToF=False/False
[INFO] [1791463298.683882998] [dual_tof_selector]: ACTIVE CAMERA=front_tof | front RGB/ToF=True/True | down RGB/ToF=False/False
[INFO] [1791463298.783818680] [dual_tof_selector]: ACTIVE CAMERA=front_rgb_only | front RGB/ToF=True/False | down RGB/ToF=False/False
[INFO] [1791463298.983887845] [dual_tof_selector]: ACTIVE CAMERA=front_tof | front RGB/ToF=True/True | down RGB/ToF=False/False
[INFO] [1791463299.083970588] [dual_tof_selector]: ACTIVE CAMERA=front_rgb_only | front RGB/ToF=True/False | down RGB/ToF=False/False
[INFO] [1791463299.383500471] [dual_tof_selector]: ACTIVE CAMERA=front_tof | front RGB/ToF=True/True | down RGB/ToF=False/False
[INFO] [1791463299.483846188] [dual_tof_selector]: ACTIVE CAMERA=front_rgb_only | front RGB/ToF=True/False | down RGB/ToF=False/False
[INFO] [1791463300.083726510] [dual_tof_selector]: ACTIVE CAMERA=front_tof | front RGB/ToF=True/True | down RGB/ToF=False/False
[INFO] [1791463300.183826667] [dual_tof_selector]: ACTIVE CAMERA=front_rgb_only | front RGB/ToF=True/False | down RGB/ToF=False/False
[INFO] [1791463300.284011565] [dual_tof_selector]: ACTIVE CAMERA=front_tof | front RGB/ToF=True/True | down RGB/ToF=False/False
[INFO] [1791463300.683808299] [dual_tof_selector]: ACTIVE CAMERA=front_rgb_only | front RGB/ToF=True/False | down RGB/ToF=False/False
[INFO] [1791463300.883415711] [dual_tof_selector]: ACTIVE CAMERA=front_tof | front RGB/ToF=True/True | down RGB/ToF=False/False
[INFO] [1791463300.983738935] [dual_tof_selector]: ACTIVE CAMERA=front_rgb_only | front RGB/ToF=True/False | down RGB/ToF=False/False
[INFO] [1791463301.183310667] [dual_tof_selector]: ACTIVE CAMERA=front_tof | front RGB/ToF=True/True | down RGB/ToF=False/False
[INFO] [1791463301.383579420] [dual_tof_selector]: ACTIVE CAMERA=front_rgb_only | front RGB/ToF=True/False | down RGB/ToF=False/False
[INFO] [1791463301.483857920] [dual_tof_selector]: ACTIVE CAMERA=front_tof | front RGB/ToF=True/True | down RGB/ToF=False/False
[INFO] [1791463301.584282502] [dual_tof_selector]: ACTIVE CAMERA=front_rgb_only | front RGB/ToF=True/False | down RGB/ToF=False/False
[INFO] [1791463301.883823395] [dual_tof_selector]: ACTIVE CAMERA=front_tof | front RGB/ToF=True/True | down RGB/ToF=False/False
[INFO] [1791463301.983398773] [dual_tof_selector]: ACTIVE CAMERA=front_rgb_only | front RGB/ToF=True/False | down RGB/ToF=False/False
[INFO] [1791463302.283816185] [dual_tof_selector]: ACTIVE CAMERA=front_tof | front RGB/ToF=True/True | down RGB/ToF=False/False
[INFO] [1791463302.483444227] [dual_tof_selector]: ACTIVE CAMERA=front_rgb_only | front RGB/ToF=True/False | down RGB/ToF=False/False
[INFO] [1791463302.783890883] [dual_tof_selector]: ACTIVE CAMERA=front_tof | front RGB/ToF=True/True | down RGB/ToF=False/False
[INFO] [1791463303.383431362] [dual_tof_selector]: ACTIVE CAMERA=front_rgb_only | front RGB/ToF=True/False | down RGB/ToF=False/False
[INFO] [1791463303.483468066] [dual_tof_selector]: ACTIVE CAMERA=front_tof | front RGB/ToF=True/True | down RGB/ToF=False/False
[INFO] [1791463305.183907360] [dual_tof_selector]: ACTIVE CAMERA=front_rgb_only | front RGB/ToF=True/False | down RGB/ToF=False/False
[INFO] [1791463305.284498112] [dual_tof_selector]: ACTIVE CAMERA=front_tof | front RGB/ToF=True/True | down RGB/ToF=False/False
[INFO] [1791463305.883418157] [dual_tof_selector]: ACTIVE CAMERA=front_rgb_only | front RGB/ToF=True/False | down RGB/ToF=False/False
[INFO] [1791463305.983951233] [dual_tof_selector]: ACTIVE CAMERA=front_tof | front RGB/ToF=True/True | down RGB/ToF=False/False
[INFO] [1791463306.083809159] [dual_tof_selector]: ACTIVE CAMERA=front_rgb_only | front RGB/ToF=True/False | down RGB/ToF=False/False
[INFO] [1791463306.183540664] [dual_tof_selector]: ACTIVE CAMERA=front_tof | front RGB/ToF=True/True | down RGB/ToF=False/False
[INFO] [1791463306.783587510] [dual_tof_selector]: ACTIVE CAMERA=front_rgb_only | front RGB/ToF=True/False | down RGB/ToF=False/False
[INFO] [1791463306.883803751] [dual_tof_selector]: ACTIVE CAMERA=front_tof | front RGB/ToF=True/True | down RGB/ToF=False/False
[INFO] [1791463306.983750673] [dual_tof_selector]: ACTIVE CAMERA=front_rgb_only | front RGB/ToF=True/False | down RGB/ToF=False/False
[INFO] [1791463307.083857293] [dual_tof_selector]: ACTIVE CAMERA=front_tof | front RGB/ToF=True/True | down RGB/ToF=False/False
[INFO] [1791463307.483972605] [dual_tof_selector]: ACTIVE CAMERA=front_rgb_only | front RGB/ToF=True/False | down RGB/ToF=False/False
[INFO] [1791463307.783675751] [dual_tof_selector]: ACTIVE CAMERA=front_tof | front RGB/ToF=True/True | down RGB/ToF=False/False
[INFO] [1791463307.883985387] [dual_tof_selector]: ACTIVE CAMERA=front_rgb_only | front RGB/ToF=True/False | down RGB/ToF=False/False
[INFO] [1791463307.983797636] [dual_tof_selector]: ACTIVE CAMERA=front_tof | front RGB/ToF=True/True | down RGB/ToF=False/False
[INFO] [1791463308.184174520] [dual_tof_selector]: ACTIVE CAMERA=front_rgb_only | front RGB/ToF=True/False | down RGB/ToF=False/False
[INFO] [1791463308.284041054] [dual_tof_selector]: ACTIVE CAMERA=front_tof | front RGB/ToF=True/True | down RGB/ToF=False/False
[INFO] [1791463308.384029789] [dual_tof_selector]: ACTIVE CAMERA=front_rgb_only | front RGB/ToF=True/False | down RGB/ToF=False/False
[INFO] [1791463308.483973347] [dual_tof_selector]: ACTIVE CAMERA=front_tof | front RGB/ToF=True/True | down RGB/ToF=False/False
[INFO] [1791463309.084593874] [dual_tof_selector]: ACTIVE CAMERA=front_rgb_only | front RGB/ToF=True/False | down RGB/ToF=False/False
[INFO] [1791463309.683413225] [dual_tof_selector]: ACTIVE CAMERA=front_tof | front RGB/ToF=True/True | down RGB/ToF=False/False
[INFO] [1791463309.783657545] [dual_tof_selector]: ACTIVE CAMERA=front_rgb_only | front RGB/ToF=True/False | down RGB/ToF=False/False
[INFO] [1791463309.883498867] [dual_tof_selector]: ACTIVE CAMERA=front_tof | front RGB/ToF=True/True | down RGB/ToF=False/False
[INFO] [1791463313.684390571] [dual_tof_selector]: ACTIVE CAMERA=front_rgb_only | front RGB/ToF=True/False | down RGB/ToF=False/False
[INFO] [1791463313.784210233] [dual_tof_selector]: ACTIVE CAMERA=front_tof | front RGB/ToF=True/True | down RGB/ToF=False/False
[INFO] [1791463323.083896664] [dual_tof_selector]: ACTIVE CAMERA=front_rgb_only | front RGB/ToF=True/False | down RGB/ToF=False/False
[INFO] [1791463323.183848260] [dual_tof_selector]: ACTIVE CAMERA=front_tof | front RGB/ToF=True/True | down RGB/ToF=False/False
[INFO] [1791463323.783658170] [dual_tof_selector]: ACTIVE CAMERA=front_rgb_only | front RGB/ToF=True/False | down RGB/ToF=False/False
[INFO] [1791463323.883927062] [dual_tof_selector]: ACTIVE CAMERA=front_tof | front RGB/ToF=True/True | down RGB/ToF=False/False
[INFO] [1791463325.584473138] [dual_tof_selector]: ACTIVE CAMERA=front_rgb_only | front RGB/ToF=True/False | down RGB/ToF=False/False
[INFO] [1791463325.684453741] [dual_tof_selector]: ACTIVE CAMERA=front_tof | front RGB/ToF=True/True | down RGB/ToF=False/False
[INFO] [1791463325.783978349] [dual_tof_selector]: ACTIVE CAMERA=front_rgb_only | front RGB/ToF=True/False | down RGB/ToF=False/False
[INFO] [1791463325.883871742] [dual_tof_selector]: ACTIVE CAMERA=front_tof | front RGB/ToF=True/True | down RGB/ToF=False/False
[INFO] [1791463327.883752441] [dual_tof_selector]: ACTIVE CAMERA=front_rgb_only | front RGB/ToF=True/False | down RGB/ToF=False/False
[INFO] [1791463327.983380943] [dual_tof_selector]: ACTIVE CAMERA=front_tof | front RGB/ToF=True/True | down RGB/ToF=False/False
[INFO] [1791463328.383596583] [dual_tof_selector]: ACTIVE CAMERA=front_rgb_only | front RGB/ToF=True/False | down RGB/ToF=False/False
[INFO] [1791463328.484780892] [dual_tof_selector]: ACTIVE CAMERA=front_tof | front RGB/ToF=True/True | down RGB/ToF=False/False
[INFO] [1791463328.583411769] [dual_tof_selector]: ACTIVE CAMERA=front_rgb_only | front RGB/ToF=True/False | down RGB/ToF=False/False
[INFO] [1791463328.685169685] [dual_tof_selector]: ACTIVE CAMERA=front_tof | front RGB/ToF=True/True | down RGB/ToF=False/False
[INFO] [1791463328.784083182] [dual_tof_selector]: ACTIVE CAMERA=front_rgb_only | front RGB/ToF=True/False | down RGB/ToF=False/False
[INFO] [1791463328.883441990] [dual_tof_selector]: ACTIVE CAMERA=front_tof | front RGB/ToF=True/True | down RGB/ToF=False/False
[INFO] [1791463328.983620891] [dual_tof_selector]: ACTIVE CAMERA=front_rgb_only | front RGB/ToF=True/False | down RGB/ToF=False/False
[INFO] [1791463329.584684682] [dual_tof_selector]: ACTIVE CAMERA=front_tof | front RGB/ToF=True/True | down RGB/ToF=False/False
[INFO] [1791463329.783410209] [dual_tof_selector]: ACTIVE CAMERA=front_rgb_only | front RGB/ToF=True/False | down RGB/ToF=False/False
[INFO] [1791463329.883322267] [dual_tof_selector]: ACTIVE CAMERA=front_tof | front RGB/ToF=True/True | down RGB/ToF=False/False
[INFO] [1791463329.983382877] [dual_tof_selector]: ACTIVE CAMERA=front_rgb_only | front RGB/ToF=True/False | down RGB/ToF=False/False
[INFO] [1791463330.083764833] [dual_tof_selector]: ACTIVE CAMERA=front_tof | front RGB/ToF=True/True | down RGB/ToF=False/False
[INFO] [1791463331.183747337] [dual_tof_selector]: ACTIVE CAMERA=front_rgb_only | front RGB/ToF=True/False | down RGB/ToF=False/False
[INFO] [1791463331.283809224] [dual_tof_selector]: ACTIVE CAMERA=front_tof | front RGB/ToF=True/True | down RGB/ToF=False/False
[INFO] [1791463340.283526625] [dual_tof_selector]: ACTIVE CAMERA=front_rgb_only | front RGB/ToF=True/False | down RGB/ToF=False/False
[INFO] [1791463340.384100617] [dual_tof_selector]: ACTIVE CAMERA=front_tof | front RGB/ToF=True/True | down RGB/ToF=False/False
[INFO] [1791463340.783307338] [dual_tof_selector]: ACTIVE CAMERA=front_rgb_only | front RGB/ToF=True/False | down RGB/ToF=False/False
[INFO] [1791463340.883376448] [dual_tof_selector]: ACTIVE CAMERA=front_tof | front RGB/ToF=True/True | down RGB/ToF=False/False
[INFO] [1791463340.983904091] [dual_tof_selector]: ACTIVE CAMERA=front_rgb_only | front RGB/ToF=True/False | down RGB/ToF=False/False
[INFO] [1791463341.083783692] [dual_tof_selector]: ACTIVE CAMERA=front_tof | front RGB/ToF=True/True | down RGB/ToF=False/False
[INFO] [1791463343.983917267] [dual_tof_selector]: ACTIVE CAMERA=front_rgb_only | front RGB/ToF=True/False | down RGB/ToF=False/False
[INFO] [1791463344.083344133] [dual_tof_selector]: ACTIVE CAMERA=front_tof | front RGB/ToF=True/True | down RGB/ToF=False/False
[INFO] [1791463345.184162702] [dual_tof_selector]: ACTIVE CAMERA=front_rgb_only | front RGB/ToF=True/False | down RGB/ToF=False/False
[INFO] [1791463345.283791124] [dual_tof_selector]: ACTIVE CAMERA=front_tof | front RGB/ToF=True/True | down RGB/ToF=False/False
[INFO] [1791463346.283737298] [dual_tof_selector]: ACTIVE CAMERA=front_rgb_only | front RGB/ToF=True/False | down RGB/ToF=False/False
[INFO] [1791463346.383747400] [dual_tof_selector]: ACTIVE CAMERA=front_tof | front RGB/ToF=True/True | down RGB/ToF=False/False
[INFO] [1791463353.283728394] [dual_tof_selector]: ACTIVE CAMERA=front_rgb_only | front RGB/ToF=True/False | down RGB/ToF=False/False
[INFO] [1791463353.383749854] [dual_tof_selector]: ACTIVE CAMERA=front_tof | front RGB/ToF=True/True | down RGB/ToF=False/False
[INFO] [1791463355.483752118] [dual_tof_selector]: ACTIVE CAMERA=front_rgb_only | front RGB/ToF=True/False | down RGB/ToF=False/False
[INFO] [1791463355.583714227] [dual_tof_selector]: ACTIVE CAMERA=front_tof | front RGB/ToF=True/True | down RGB/ToF=False/False
[INFO] [1791463358.083460953] [dual_tof_selector]: ACTIVE CAMERA=front_rgb_only | front RGB/ToF=True/False | down RGB/ToF=False/False
[INFO] [1791463358.183779017] [dual_tof_selector]: ACTIVE CAMERA=front_tof | front RGB/ToF=True/True | down RGB/ToF=False/False
[INFO] [1791463358.283274650] [dual_tof_selector]: ACTIVE CAMERA=front_rgb_only | front RGB/ToF=True/False | down RGB/ToF=False/False
[INFO] [1791463358.383781040] [dual_tof_selector]: ACTIVE CAMERA=front_tof | front RGB/ToF=True/True | down RGB/ToF=False/False
[INFO] [1791463358.783328585] [dual_tof_selector]: ACTIVE CAMERA=front_rgb_only | front RGB/ToF=True/False | down RGB/ToF=False/False
[INFO] [1791463358.883848280] [dual_tof_selector]: ACTIVE CAMERA=front_tof | front RGB/ToF=True/True | down RGB/ToF=False/False
[INFO] [1791463358.983899216] [dual_tof_selector]: ACTIVE CAMERA=front_rgb_only | front RGB/ToF=True/False | down RGB/ToF=False/False
[INFO] [1791463359.083767287] [dual_tof_selector]: ACTIVE CAMERA=front_tof | front RGB/ToF=True/True | down RGB/ToF=False/False
[INFO] [1791463362.783614504] [dual_tof_selector]: ACTIVE CAMERA=front_rgb_only | front RGB/ToF=True/False | down RGB/ToF=False/False
[INFO] [1791463362.883770090] [dual_tof_selector]: ACTIVE CAMERA=front_tof | front RGB/ToF=True/True | down RGB/ToF=False/False
[INFO] [1791463363.484680483] [dual_tof_selector]: ACTIVE CAMERA=front_rgb_only | front RGB/ToF=True/False | down RGB/ToF=False/False
[INFO] [1791463363.584571563] [dual_tof_selector]: ACTIVE CAMERA=front_tof | front RGB/ToF=True/True | down RGB/ToF=False/False
[INFO] [1791463363.683869264] [dual_tof_selector]: ACTIVE CAMERA=front_rgb_only | front RGB/ToF=True/False | down RGB/ToF=False/False
[INFO] [1791463363.783720998] [dual_tof_selector]: ACTIVE CAMERA=front_tof | front RGB/ToF=True/True | down RGB/ToF=False/False
[INFO] [1791463364.384171604] [dual_tof_selector]: ACTIVE CAMERA=front_rgb_only | front RGB/ToF=True/False | down RGB/ToF=False/False
[INFO] [1791463364.483904621] [dual_tof_selector]: ACTIVE CAMERA=front_tof | front RGB/ToF=True/True | down RGB/ToF=False/False
[INFO] [1791463366.383850647] [dual_tof_selector]: ACTIVE CAMERA=front_rgb_only | front RGB/ToF=True/False | down RGB/ToF=False/False
[INFO] [1791463366.484019207] [dual_tof_selector]: ACTIVE CAMERA=front_tof | front RGB/ToF=True/True | down RGB/ToF=False/False
[INFO] [1791463367.483524303] [dual_tof_selector]: ACTIVE CAMERA=front_rgb_only | front RGB/ToF=True/False | down RGB/ToF=False/False
[INFO] [1791463367.583333959] [dual_tof_selector]: ACTIVE CAMERA=front_tof | front RGB/ToF=True/True | down RGB/ToF=False/False
[INFO] [1791463367.683311942] [dual_tof_selector]: ACTIVE CAMERA=front_rgb_only | front RGB/ToF=True/False | down RGB/ToF=False/False
[INFO] [1791463367.783677041] [dual_tof_selector]: ACTIVE CAMERA=front_tof | front RGB/ToF=True/True | down RGB/ToF=False/False
[INFO] [1791463373.183647331] [dual_tof_selector]: ACTIVE CAMERA=front_rgb_only | front RGB/ToF=True/False | down RGB/ToF=False/False
[INFO] [1791463373.283540431] [dual_tof_selector]: ACTIVE CAMERA=front_tof | front RGB/ToF=True/True | down RGB/ToF=False/False
[INFO] [1791463376.583638580] [dual_tof_selector]: ACTIVE CAMERA=front_rgb_only | front RGB/ToF=True/False | down RGB/ToF=False/False
[INFO] [1791463376.683255084] [dual_tof_selector]: ACTIVE CAMERA=front_tof | front RGB/ToF=True/True | down RGB/ToF=False/False
[INFO] [1791463380.485111635] [dual_tof_selector]: ACTIVE CAMERA=front_rgb_only | front RGB/ToF=True/False | down RGB/ToF=False/False
[INFO] [1791463380.584308329] [dual_tof_selector]: ACTIVE CAMERA=front_tof | front RGB/ToF=True/True | down RGB/ToF=False/False
[INFO] [1791463382.583895966] [dual_tof_selector]: ACTIVE CAMERA=front_rgb_only | front RGB/ToF=True/False | down RGB/ToF=False/False
[INFO] [1791463382.684464128] [dual_tof_selector]: ACTIVE CAMERA=front_tof | front RGB/ToF=True/True | down RGB/ToF=False/False
[INFO] [1791463385.783588565] [dual_tof_selector]: ACTIVE CAMERA=front_rgb_only | front RGB/ToF=True/False | down RGB/ToF=False/False
[INFO] [1791463385.883521211] [dual_tof_selector]: ACTIVE CAMERA=front_tof | front RGB/ToF=True/True | down RGB/ToF=False/False
[INFO] [1791463386.483473407] [dual_tof_selector]: ACTIVE CAMERA=front_rgb_only | front RGB/ToF=True/False | down RGB/ToF=False/False
[INFO] [1791463386.583262865] [dual_tof_selector]: ACTIVE CAMERA=front_tof | front RGB/ToF=True/True | down RGB/ToF=False/False
[INFO] [1791463387.184900753] [dual_tof_selector]: ACTIVE CAMERA=front_rgb_only | front RGB/ToF=True/False | down RGB/ToF=False/False
[INFO] [1791463387.284856865] [dual_tof_selector]: ACTIVE CAMERA=front_tof | front RGB/ToF=True/True | down RGB/ToF=False/False
[INFO] [1791463387.384695685] [dual_tof_selector]: ACTIVE CAMERA=front_rgb_only | front RGB/ToF=True/False | down RGB/ToF=False/False
[INFO] [1791463387.584959747] [dual_tof_selector]: ACTIVE CAMERA=front_tof | front RGB/ToF=True/True | down RGB/ToF=False/False
[INFO] [1791463387.984648173] [dual_tof_selector]: ACTIVE CAMERA=front_rgb_only | front RGB/ToF=True/False | down RGB/ToF=False/False
[INFO] [1791463388.384078905] [dual_tof_selector]: ACTIVE CAMERA=front_tof | front RGB/ToF=True/True | down RGB/ToF=False/False
[INFO] [1791463388.784795534] [dual_tof_selector]: ACTIVE CAMERA=front_rgb_only | front RGB/ToF=True/False | down RGB/ToF=False/False
[INFO] [1791463389.084864959] [dual_tof_selector]: ACTIVE CAMERA=front_tof | front RGB/ToF=True/True | down RGB/ToF=False/False
[INFO] [1791463389.284288054] [dual_tof_selector]: ACTIVE CAMERA=front_rgb_only | front RGB/ToF=True/False | down RGB/ToF=False/False
[INFO] [1791463389.383504086] [dual_tof_selector]: ACTIVE CAMERA=front_tof | front RGB/ToF=True/True | down RGB/ToF=False/False
[INFO] [1791463389.483524774] [dual_tof_selector]: ACTIVE CAMERA=front_rgb_only | front RGB/ToF=True/False | down RGB/ToF=False/False
[INFO] [1791463389.585243823] [dual_tof_selector]: ACTIVE CAMERA=front_tof | front RGB/ToF=True/True | down RGB/ToF=False/False
[INFO] [1791463392.684248467] [dual_tof_selector]: ACTIVE CAMERA=front_rgb_only | front RGB/ToF=True/False | down RGB/ToF=False/False
[INFO] [1791463392.784813401] [dual_tof_selector]: ACTIVE CAMERA=front_tof | front RGB/ToF=True/True | down RGB/ToF=False/False
[INFO] [1791463392.884407838] [dual_tof_selector]: ACTIVE CAMERA=front_rgb_only | front RGB/ToF=True/False | down RGB/ToF=False/False
[INFO] [1791463392.986203623] [dual_tof_selector]: ACTIVE CAMERA=front_tof | front RGB/ToF=True/True | down RGB/ToF=False/False
[INFO] [1791463393.083455215] [dual_tof_selector]: ACTIVE CAMERA=front_rgb_only | front RGB/ToF=True/False | down RGB/ToF=False/False
[INFO] [1791463393.183746000] [dual_tof_selector]: ACTIVE CAMERA=front_tof | front RGB/ToF=True/True | down RGB/ToF=False/False
[INFO] [1791463393.584486463] [dual_tof_selector]: ACTIVE CAMERA=front_rgb_only | front RGB/ToF=True/False | down RGB/ToF=False/False
[INFO] [1791463393.685166158] [dual_tof_selector]: ACTIVE CAMERA=front_tof | front RGB/ToF=True/True | down RGB/ToF=False/False
[INFO] [1791463393.783744064] [dual_tof_selector]: ACTIVE CAMERA=front_rgb_only | front RGB/ToF=True/False | down RGB/ToF=False/False
[INFO] [1791463393.884042638] [dual_tof_selector]: ACTIVE CAMERA=front_tof | front RGB/ToF=True/True | down RGB/ToF=False/False
[INFO] [1791463394.284419911] [dual_tof_selector]: ACTIVE CAMERA=front_rgb_only | front RGB/ToF=True/False | down RGB/ToF=False/False
[INFO] [1791463394.783273630] [dual_tof_selector]: ACTIVE CAMERA=front_tof | front RGB/ToF=True/True | down RGB/ToF=False/False
[INFO] [1791463394.983430941] [dual_tof_selector]: ACTIVE CAMERA=front_rgb_only | front RGB/ToF=True/False | down RGB/ToF=False/False
[INFO] [1791463395.085898220] [dual_tof_selector]: ACTIVE CAMERA=front_tof | front RGB/ToF=True/True | down RGB/ToF=False/False
[INFO] [1791463395.384561335] [dual_tof_selector]: ACTIVE CAMERA=front_rgb_only | front RGB/ToF=True/False | down RGB/ToF=False/False
[INFO] [1791463395.484973333] [dual_tof_selector]: ACTIVE CAMERA=front_tof | front RGB/ToF=True/True | down RGB/ToF=False/False
[INFO] [1791463395.883311670] [dual_tof_selector]: ACTIVE CAMERA=front_rgb_only | front RGB/ToF=True/False | down RGB/ToF=False/False
[INFO] [1791463395.984203770] [dual_tof_selector]: ACTIVE CAMERA=front_tof | front RGB/ToF=True/True | down RGB/ToF=False/False
[INFO] [1791463396.584779825] [dual_tof_selector]: ACTIVE CAMERA=front_rgb_only | front RGB/ToF=True/False | down RGB/ToF=False/False
[INFO] [1791463396.684786484] [dual_tof_selector]: ACTIVE CAMERA=front_tof | front RGB/ToF=True/True | down RGB/ToF=False/False
[INFO] [1791463397.783394166] [dual_tof_selector]: ACTIVE CAMERA=front_rgb_only | front RGB/ToF=True/False | down RGB/ToF=False/False
[INFO] [1791463397.884170188] [dual_tof_selector]: ACTIVE CAMERA=front_tof | front RGB/ToF=True/True | down RGB/ToF=False/False
[INFO] [1791463399.584117713] [dual_tof_selector]: ACTIVE CAMERA=front_rgb_only | front RGB/ToF=True/False | down RGB/ToF=False/False
[INFO] [1791463399.685231917] [dual_tof_selector]: ACTIVE CAMERA=front_tof | front RGB/ToF=True/True | down RGB/ToF=False/False
[INFO] [1791463400.484211117] [dual_tof_selector]: ACTIVE CAMERA=front_rgb_only | front RGB/ToF=True/False | down RGB/ToF=False/False
[INFO] [1791463400.583370412] [dual_tof_selector]: ACTIVE CAMERA=front_tof | front RGB/ToF=True/True | down RGB/ToF=False/False
[INFO] [1791463408.683734369] [dual_tof_selector]: ACTIVE CAMERA=front_rgb_only | front RGB/ToF=True/False | down RGB/ToF=False/False
[INFO] [1791463408.783629963] [dual_tof_selector]: ACTIVE CAMERA=front_tof | front RGB/ToF=True/True | down RGB/ToF=False/False
[INFO] [1791463408.883523956] [dual_tof_selector]: ACTIVE CAMERA=front_rgb_only | front RGB/ToF=True/False | down RGB/ToF=False/False
[INFO] [1791463408.983583289] [dual_tof_selector]: ACTIVE CAMERA=front_tof | front RGB/ToF=True/True | down RGB/ToF=False/False
[INFO] [1791463409.383630641] [dual_tof_selector]: ACTIVE CAMERA=front_rgb_only | front RGB/ToF=True/False | down RGB/ToF=False/False
[INFO] [1791463409.883616364] [dual_tof_selector]: ACTIVE CAMERA=front_tof | front RGB/ToF=True/True | down RGB/ToF=False/False
[INFO] [1791463410.283203553] [dual_tof_selector]: ACTIVE CAMERA=front_rgb_only | front RGB/ToF=True/False | down RGB/ToF=False/False
[INFO] [1791463410.383661700] [dual_tof_selector]: ACTIVE CAMERA=front_tof | front RGB/ToF=True/True | down RGB/ToF=False/False
[INFO] [1791463410.483267908] [dual_tof_selector]: ACTIVE CAMERA=front_rgb_only | front RGB/ToF=True/False | down RGB/ToF=False/False
[INFO] [1791463410.583743585] [dual_tof_selector]: ACTIVE CAMERA=front_tof | front RGB/ToF=True/True | down RGB/ToF=False/False
[INFO] [1791463410.983280840] [dual_tof_selector]: ACTIVE CAMERA=front_rgb_only | front RGB/ToF=True/False | down RGB/ToF=False/False
[INFO] [1791463411.083184558] [dual_tof_selector]: ACTIVE CAMERA=front_tof | front RGB/ToF=True/True | down RGB/ToF=False/False
[INFO] [1791463417.983491010] [dual_tof_selector]: ACTIVE CAMERA=front_rgb_only | front RGB/ToF=True/False | down RGB/ToF=False/False
[INFO] [1791463418.084166357] [dual_tof_selector]: ACTIVE CAMERA=front_tof | front RGB/ToF=True/True | down RGB/ToF=False/False
[INFO] [1791463418.184513072] [dual_tof_selector]: ACTIVE CAMERA=front_rgb_only | front RGB/ToF=True/False | down RGB/ToF=False/False
[INFO] [1791463418.285202680] [dual_tof_selector]: ACTIVE CAMERA=front_tof | front RGB/ToF=True/True | down RGB/ToF=False/False
[INFO] [1791463420.085110918] [dual_tof_selector]: ACTIVE CAMERA=front_rgb_only | front RGB/ToF=True/False | down RGB/ToF=False/False
[INFO] [1791463420.184710620] [dual_tof_selector]: ACTIVE CAMERA=front_tof | front RGB/ToF=True/True | down RGB/ToF=False/False
[INFO] [1791463420.584774973] [dual_tof_selector]: ACTIVE CAMERA=front_rgb_only | front RGB/ToF=True/False | down RGB/ToF=False/False
[INFO] [1791463420.685601810] [dual_tof_selector]: ACTIVE CAMERA=front_tof | front RGB/ToF=True/True | down RGB/ToF=False/False
[INFO] [1791463420.783377225] [dual_tof_selector]: ACTIVE CAMERA=front_rgb_only | front RGB/ToF=True/False | down RGB/ToF=False/False
[INFO] [1791463420.884624756] [dual_tof_selector]: ACTIVE CAMERA=front_tof | front RGB/ToF=True/True | down RGB/ToF=False/False
[INFO] [1791463421.084306578] [dual_tof_selector]: ACTIVE CAMERA=front_rgb_only | front RGB/ToF=True/False | down RGB/ToF=False/False
[INFO] [1791463421.185193185] [dual_tof_selector]: ACTIVE CAMERA=front_tof | front RGB/ToF=True/True | down RGB/ToF=False/False
[INFO] [1791463421.285055826] [dual_tof_selector]: ACTIVE CAMERA=front_rgb_only | front RGB/ToF=True/False | down RGB/ToF=False/False
[INFO] [1791463421.384436746] [dual_tof_selector]: ACTIVE CAMERA=front_tof | front RGB/ToF=True/True | down RGB/ToF=False/False
[INFO] [1791463421.485090305] [dual_tof_selector]: ACTIVE CAMERA=front_rgb_only | front RGB/ToF=True/False | down RGB/ToF=False/False
[INFO] [1791463421.585237134] [dual_tof_selector]: ACTIVE CAMERA=front_tof | front RGB/ToF=True/True | down RGB/ToF=False/False
[INFO] [1791463423.985395496] [dual_tof_selector]: ACTIVE CAMERA=front_rgb_only | front RGB/ToF=True/False | down RGB/ToF=False/False
[INFO] [1791463424.083914148] [dual_tof_selector]: ACTIVE CAMERA=front_tof | front RGB/ToF=True/True | down RGB/ToF=False/False
[INFO] [1791463426.083614841] [dual_tof_selector]: ACTIVE CAMERA=front_rgb_only | front RGB/ToF=True/False | down RGB/ToF=False/False
[INFO] [1791463426.185809188] [dual_tof_selector]: ACTIVE CAMERA=front_tof | front RGB/ToF=True/True | down RGB/ToF=False/False
[INFO] [1791463426.283747326] [dual_tof_selector]: ACTIVE CAMERA=front_rgb_only | front RGB/ToF=True/False | down RGB/ToF=False/False
[INFO] [1791463426.985417204] [dual_tof_selector]: ACTIVE CAMERA=front_tof | front RGB/ToF=True/True | down RGB/ToF=False/False
[INFO] [1791463427.085403749] [dual_tof_selector]: ACTIVE CAMERA=front_rgb_only | front RGB/ToF=True/False | down RGB/ToF=False/False
[INFO] [1791463427.284717902] [dual_tof_selector]: ACTIVE CAMERA=front_tof | front RGB/ToF=True/True | down RGB/ToF=False/False
[INFO] [1791463427.485369081] [dual_tof_selector]: ACTIVE CAMERA=front_rgb_only | front RGB/ToF=True/False | down RGB/ToF=False/False
[INFO] [1791463427.584904215] [dual_tof_selector]: ACTIVE CAMERA=front_tof | front RGB/ToF=True/True | down RGB/ToF=False/False
[INFO] [1791463428.384072643] [dual_tof_selector]: ACTIVE CAMERA=front_rgb_only | front RGB/ToF=True/False | down RGB/ToF=False/False
[INFO] [1791463428.484760547] [dual_tof_selector]: ACTIVE CAMERA=front_tof | front RGB/ToF=True/True | down RGB/ToF=False/False
[INFO] [1791463429.984535161] [dual_tof_selector]: ACTIVE CAMERA=front_rgb_only | front RGB/ToF=True/False | down RGB/ToF=False/False
[INFO] [1791463430.083339999] [dual_tof_selector]: ACTIVE CAMERA=front_tof | front RGB/ToF=True/True | down RGB/ToF=False/False
[INFO] [1791463430.185986047] [dual_tof_selector]: ACTIVE CAMERA=front_rgb_only | front RGB/ToF=True/False | down RGB/ToF=False/False
[INFO] [1791463430.285649954] [dual_tof_selector]: ACTIVE CAMERA=front_tof | front RGB/ToF=True/True | down RGB/ToF=False/False
[INFO] [1791463430.685766015] [dual_tof_selector]: ACTIVE CAMERA=front_rgb_only | front RGB/ToF=True/False | down RGB/ToF=False/False
[INFO] [1791463430.985636319] [dual_tof_selector]: ACTIVE CAMERA=front_tof | front RGB/ToF=True/True | down RGB/ToF=False/False
[INFO] [1791463431.084984075] [dual_tof_selector]: ACTIVE CAMERA=front_rgb_only | front RGB/ToF=True/False | down RGB/ToF=False/False
[INFO] [1791463431.184007853] [dual_tof_selector]: ACTIVE CAMERA=front_tof | front RGB/ToF=True/True | down RGB/ToF=False/False
[INFO] [1791463432.483318130] [dual_tof_selector]: ACTIVE CAMERA=front_rgb_only | front RGB/ToF=True/False | down RGB/ToF=False/False
[INFO] [1791463432.583348633] [dual_tof_selector]: ACTIVE CAMERA=front_tof | front RGB/ToF=True/True | down RGB/ToF=False/False
[INFO] [1791463432.983917363] [dual_tof_selector]: ACTIVE CAMERA=front_rgb_only | front RGB/ToF=True/False | down RGB/ToF=False/False
[INFO] [1791463433.083437625] [dual_tof_selector]: ACTIVE CAMERA=front_tof | front RGB/ToF=True/True | down RGB/ToF=False/False
[INFO] [1791463433.184292269] [dual_tof_selector]: ACTIVE CAMERA=front_rgb_only | front RGB/ToF=True/False | down RGB/ToF=False/False
[INFO] [1791463433.283892045] [dual_tof_selector]: ACTIVE CAMERA=front_tof | front RGB/ToF=True/True | down RGB/ToF=False/False
[INFO] [1791463433.685881452] [dual_tof_selector]: ACTIVE CAMERA=front_rgb_only | front RGB/ToF=True/False | down RGB/ToF=False/False
[INFO] [1791463434.085460115] [dual_tof_selector]: ACTIVE CAMERA=front_tof | front RGB/ToF=True/True | down RGB/ToF=False/False
[INFO] [1791463434.483309709] [dual_tof_selector]: ACTIVE CAMERA=front_rgb_only | front RGB/ToF=True/False | down RGB/ToF=False/False
[INFO] [1791463434.583505912] [dual_tof_selector]: ACTIVE CAMERA=front_tof | front RGB/ToF=True/True | down RGB/ToF=False/False
[INFO] [1791463434.983419731] [dual_tof_selector]: ACTIVE CAMERA=front_rgb_only | front RGB/ToF=True/False | down RGB/ToF=False/False
[INFO] [1791463435.083488252] [dual_tof_selector]: ACTIVE CAMERA=front_tof | front RGB/ToF=True/True | down RGB/ToF=False/False
[INFO] [1791463435.184696179] [dual_tof_selector]: ACTIVE CAMERA=front_rgb_only | front RGB/ToF=True/False | down RGB/ToF=False/False
[INFO] [1791463435.284438673] [dual_tof_selector]: ACTIVE CAMERA=front_tof | front RGB/ToF=True/True | down RGB/ToF=False/False
[INFO] [1791463435.686056698] [dual_tof_selector]: ACTIVE CAMERA=front_rgb_only | front RGB/ToF=True/False | down RGB/ToF=False/False
[INFO] [1791463435.785619635] [dual_tof_selector]: ACTIVE CAMERA=front_tof | front RGB/ToF=True/True | down RGB/ToF=False/False
[INFO] [1791463435.884895975] [dual_tof_selector]: ACTIVE CAMERA=front_rgb_only | front RGB/ToF=True/False | down RGB/ToF=False/False
[INFO] [1791463435.983230738] [dual_tof_selector]: ACTIVE CAMERA=front_tof | front RGB/ToF=True/True | down RGB/ToF=False/False
[INFO] [1791463436.584838763] [dual_tof_selector]: ACTIVE CAMERA=front_rgb_only | front RGB/ToF=True/False | down RGB/ToF=False/False
[INFO] [1791463436.683635546] [dual_tof_selector]: ACTIVE CAMERA=front_tof | front RGB/ToF=True/True | down RGB/ToF=False/False
[INFO] [1791463436.785481550] [dual_tof_selector]: ACTIVE CAMERA=front_rgb_only | front RGB/ToF=True/False | down RGB/ToF=False/False
[INFO] [1791463436.884567292] [dual_tof_selector]: ACTIVE CAMERA=front_tof | front RGB/ToF=True/True | down RGB/ToF=False/False
[INFO] [1791463437.285281770] [dual_tof_selector]: ACTIVE CAMERA=front_rgb_only | front RGB/ToF=True/False | down RGB/ToF=False/False
[INFO] [1791463437.585894804] [dual_tof_selector]: ACTIVE CAMERA=front_tof | front RGB/ToF=True/True | down RGB/ToF=False/False
[INFO] [1791463441.184443806] [dual_tof_selector]: ACTIVE CAMERA=front_rgb_only | front RGB/ToF=True/False | down RGB/ToF=False/False
[INFO] [1791463441.284873488] [dual_tof_selector]: ACTIVE CAMERA=front_tof | front RGB/ToF=True/True | down RGB/ToF=False/False
[INFO] [1791463442.483617981] [dual_tof_selector]: ACTIVE CAMERA=front_rgb_only | front RGB/ToF=True/False | down RGB/ToF=False/False
[INFO] [1791463442.584255157] [dual_tof_selector]: ACTIVE CAMERA=front_tof | front RGB/ToF=True/True | down RGB/ToF=False/False
[INFO] [1791463443.184260554] [dual_tof_selector]: ACTIVE CAMERA=front_rgb_only | front RGB/ToF=True/False | down RGB/ToF=False/False
[INFO] [1791463443.284280291] [dual_tof_selector]: ACTIVE CAMERA=front_tof | front RGB/ToF=True/True | down RGB/ToF=False/False
[INFO] [1791463443.383591266] [dual_tof_selector]: ACTIVE CAMERA=front_rgb_only | front RGB/ToF=True/False | down RGB/ToF=False/False
[INFO] [1791463443.483646971] [dual_tof_selector]: ACTIVE CAMERA=front_tof | front RGB/ToF=True/True | down RGB/ToF=False/False
[INFO] [1791463443.683429780] [dual_tof_selector]: ACTIVE CAMERA=front_rgb_only | front RGB/ToF=True/False | down RGB/ToF=False/False
[INFO] [1791463443.784664673] [dual_tof_selector]: ACTIVE CAMERA=front_tof | front RGB/ToF=True/True | down RGB/ToF=False/False
[INFO] [1791463443.885348657] [dual_tof_selector]: ACTIVE CAMERA=front_rgb_only | front RGB/ToF=True/False | down RGB/ToF=False/False
[INFO] [1791463443.984544141] [dual_tof_selector]: ACTIVE CAMERA=front_tof | front RGB/ToF=True/True | down RGB/ToF=False/False
[INFO] [1791463444.083604905] [dual_tof_selector]: ACTIVE CAMERA=front_rgb_only | front RGB/ToF=True/False | down RGB/ToF=False/False
[INFO] [1791463444.283671930] [dual_tof_selector]: ACTIVE CAMERA=front_tof | front RGB/ToF=True/True | down RGB/ToF=False/False
[INFO] [1791463444.683336656] [dual_tof_selector]: ACTIVE CAMERA=front_rgb_only | front RGB/ToF=True/False | down RGB/ToF=False/False
[INFO] [1791463444.783515476] [dual_tof_selector]: ACTIVE CAMERA=front_tof | front RGB/ToF=True/True | down RGB/ToF=False/False
[INFO] [1791463445.584509163] [dual_tof_selector]: ACTIVE CAMERA=front_rgb_only | front RGB/ToF=True/False | down RGB/ToF=False/False
[INFO] [1791463445.683619494] [dual_tof_selector]: ACTIVE CAMERA=front_tof | front RGB/ToF=True/True | down RGB/ToF=False/False
[INFO] [1791463445.783432756] [dual_tof_selector]: ACTIVE CAMERA=front_rgb_only | front RGB/ToF=True/False | down RGB/ToF=False/False
[INFO] [1791463445.884874266] [dual_tof_selector]: ACTIVE CAMERA=front_tof | front RGB/ToF=True/True | down RGB/ToF=False/False
[INFO] [1791463446.083949955] [dual_tof_selector]: ACTIVE CAMERA=front_rgb_only | front RGB/ToF=True/False | down RGB/ToF=False/False
[INFO] [1791463446.284777452] [dual_tof_selector]: ACTIVE CAMERA=front_tof | front RGB/ToF=True/True | down RGB/ToF=False/False
[INFO] [1791463446.384057747] [dual_tof_selector]: ACTIVE CAMERA=front_rgb_only | front RGB/ToF=True/False | down RGB/ToF=False/False
[INFO] [1791463446.585588012] [dual_tof_selector]: ACTIVE CAMERA=front_tof | front RGB/ToF=True/True | down RGB/ToF=False/False
[INFO] [1791463446.984525055] [dual_tof_selector]: ACTIVE CAMERA=front_rgb_only | front RGB/ToF=True/False | down RGB/ToF=False/False
[INFO] [1791463447.583695860] [dual_tof_selector]: ACTIVE CAMERA=front_tof | front RGB/ToF=True/True | down RGB/ToF=False/False
[INFO] [1791463447.984854192] [dual_tof_selector]: ACTIVE CAMERA=front_rgb_only | front RGB/ToF=True/False | down RGB/ToF=False/False
[INFO] [1791463448.484120639] [dual_tof_selector]: ACTIVE CAMERA=front_tof | front RGB/ToF=True/True | down RGB/ToF=False/False
[INFO] [1791463448.884186059] [dual_tof_selector]: ACTIVE CAMERA=front_rgb_only | front RGB/ToF=True/False | down RGB/ToF=False/False
[INFO] [1791463448.984763499] [dual_tof_selector]: ACTIVE CAMERA=front_tof | front RGB/ToF=True/True | down RGB/ToF=False/False
[INFO] [1791463449.084979549] [dual_tof_selector]: ACTIVE CAMERA=front_rgb_only | front RGB/ToF=True/False | down RGB/ToF=False/False
[INFO] [1791463449.183825151] [dual_tof_selector]: ACTIVE CAMERA=front_tof | front RGB/ToF=True/True | down RGB/ToF=False/False
[INFO] [1791463449.784859463] [dual_tof_selector]: ACTIVE CAMERA=front_rgb_only | front RGB/ToF=True/False | down RGB/ToF=False/False
[INFO] [1791463449.884521994] [dual_tof_selector]: ACTIVE CAMERA=front_tof | front RGB/ToF=True/True | down RGB/ToF=False/False
[INFO] [1791463449.983742187] [dual_tof_selector]: ACTIVE CAMERA=front_rgb_only | front RGB/ToF=True/False | down RGB/ToF=False/False
[INFO] [1791463450.085216059] [dual_tof_selector]: ACTIVE CAMERA=front_tof | front RGB/ToF=True/True | down RGB/ToF=False/False
[INFO] [1791463450.184187040] [dual_tof_selector]: ACTIVE CAMERA=front_rgb_only | front RGB/ToF=True/False | down RGB/ToF=False/False
[INFO] [1791463450.583458865] [dual_tof_selector]: ACTIVE CAMERA=front_tof | front RGB/ToF=True/True | down RGB/ToF=False/False
[INFO] [1791463450.683444988] [dual_tof_selector]: ACTIVE CAMERA=front_rgb_only | front RGB/ToF=True/False | down RGB/ToF=False/False
[INFO] [1791463450.783614868] [dual_tof_selector]: ACTIVE CAMERA=front_tof | front RGB/ToF=True/True | down RGB/ToF=False/False
[INFO] [1791463450.883490340] [dual_tof_selector]: ACTIVE CAMERA=front_rgb_only | front RGB/ToF=True/False | down RGB/ToF=False/False
[INFO] [1791463450.983351683] [dual_tof_selector]: ACTIVE CAMERA=front_tof | front RGB/ToF=True/True | down RGB/ToF=False/False
[INFO] [1791463453.983640626] [dual_tof_selector]: ACTIVE CAMERA=front_rgb_only | front RGB/ToF=True/False | down RGB/ToF=False/False
[INFO] [1791463454.083488959] [dual_tof_selector]: ACTIVE CAMERA=front_tof | front RGB/ToF=True/True | down RGB/ToF=False/False
[INFO] [1791463456.883692904] [dual_tof_selector]: ACTIVE CAMERA=front_rgb_only | front RGB/ToF=True/False | down RGB/ToF=False/False
[INFO] [1791463456.983368742] [dual_tof_selector]: ACTIVE CAMERA=front_tof | front RGB/ToF=True/True | down RGB/ToF=False/False
[INFO] [1791463457.583772127] [dual_tof_selector]: ACTIVE CAMERA=front_rgb_only | front RGB/ToF=True/False | down RGB/ToF=False/False
[INFO] [1791463457.683640039] [dual_tof_selector]: ACTIVE CAMERA=front_tof | front RGB/ToF=True/True | down RGB/ToF=False/False
[INFO] [1791463458.283253761] [dual_tof_selector]: ACTIVE CAMERA=front_rgb_only | front RGB/ToF=True/False | down RGB/ToF=False/False
[INFO] [1791463458.383599341] [dual_tof_selector]: ACTIVE CAMERA=front_tof | front RGB/ToF=True/True | down RGB/ToF=False/False
[INFO] [1791463458.483625158] [dual_tof_selector]: ACTIVE CAMERA=front_rgb_only | front RGB/ToF=True/False | down RGB/ToF=False/False
[INFO] [1791463458.583494211] [dual_tof_selector]: ACTIVE CAMERA=front_tof | front RGB/ToF=True/True | down RGB/ToF=False/False
[INFO] [1791463458.683593113] [dual_tof_selector]: ACTIVE CAMERA=front_rgb_only | front RGB/ToF=True/False | down RGB/ToF=False/False
[INFO] [1791463458.883550866] [dual_tof_selector]: ACTIVE CAMERA=front_tof | front RGB/ToF=True/True | down RGB/ToF=False/False
[INFO] [1791463459.083593598] [dual_tof_selector]: ACTIVE CAMERA=front_rgb_only | front RGB/ToF=True/False | down RGB/ToF=False/False
[INFO] [1791463459.183705867] [dual_tof_selector]: ACTIVE CAMERA=front_tof | front RGB/ToF=True/True | down RGB/ToF=False/False
[INFO] [1791463459.283584073] [dual_tof_selector]: ACTIVE CAMERA=front_rgb_only | front RGB/ToF=True/False | down RGB/ToF=False/False
[INFO] [1791463459.383622366] [dual_tof_selector]: ACTIVE CAMERA=front_tof | front RGB/ToF=True/True | down RGB/ToF=False/False
[INFO] [1791463459.483613808] [dual_tof_selector]: ACTIVE CAMERA=front_rgb_only | front RGB/ToF=True/False | down RGB/ToF=False/False
[INFO] [1791463459.584058558] [dual_tof_selector]: ACTIVE CAMERA=front_tof | front RGB/ToF=True/True | down RGB/ToF=False/False
[INFO] [1791463460.183238105] [dual_tof_selector]: ACTIVE CAMERA=front_rgb_only | front RGB/ToF=True/False | down RGB/ToF=False/False
[INFO] [1791463460.283311561] [dual_tof_selector]: ACTIVE CAMERA=front_tof | front RGB/ToF=True/True | down RGB/ToF=False/False
[INFO] [1791463460.383800606] [dual_tof_selector]: ACTIVE CAMERA=front_rgb_only | front RGB/ToF=True/False | down RGB/ToF=False/False
[INFO] [1791463460.483309170] [dual_tof_selector]: ACTIVE CAMERA=front_tof | front RGB/ToF=True/True | down RGB/ToF=False/False
[INFO] [1791463461.884621541] [dual_tof_selector]: ACTIVE CAMERA=front_rgb_only | front RGB/ToF=True/False | down RGB/ToF=False/False
[INFO] [1791463461.986164700] [dual_tof_selector]: ACTIVE CAMERA=front_tof | front RGB/ToF=True/True | down RGB/ToF=False/False
[INFO] [1791463465.383265501] [dual_tof_selector]: ACTIVE CAMERA=front_rgb_only | front RGB/ToF=True/False | down RGB/ToF=False/False
[INFO] [1791463465.484217415] [dual_tof_selector]: ACTIVE CAMERA=front_tof | front RGB/ToF=True/True | down RGB/ToF=False/False
[INFO] [1791463467.383274316] [dual_tof_selector]: ACTIVE CAMERA=front_rgb_only | front RGB/ToF=True/False | down RGB/ToF=False/False
[INFO] [1791463467.483818529] [dual_tof_selector]: ACTIVE CAMERA=front_tof | front RGB/ToF=True/True | down RGB/ToF=False/False
[INFO] [1791463469.283635382] [dual_tof_selector]: ACTIVE CAMERA=front_rgb_only | front RGB/ToF=True/False | down RGB/ToF=False/False
[INFO] [1791463469.383599955] [dual_tof_selector]: ACTIVE CAMERA=front_tof | front RGB/ToF=True/True | down RGB/ToF=False/False
[INFO] [1791463470.683391624] [dual_tof_selector]: ACTIVE CAMERA=front_rgb_only | front RGB/ToF=True/False | down RGB/ToF=False/False
[INFO] [1791463470.785438723] [dual_tof_selector]: ACTIVE CAMERA=front_tof | front RGB/ToF=True/True | down RGB/ToF=False/False
[INFO] [1791463472.084273665] [dual_tof_selector]: ACTIVE CAMERA=front_rgb_only | front RGB/ToF=True/False | down RGB/ToF=False/False
[INFO] [1791463472.184143729] [dual_tof_selector]: ACTIVE CAMERA=front_tof | front RGB/ToF=True/True | down RGB/ToF=False/False
[INFO] [1791463473.684616579] [dual_tof_selector]: ACTIVE CAMERA=front_rgb_only | front RGB/ToF=True/False | down RGB/ToF=False/False
[INFO] [1791463473.783795628] [dual_tof_selector]: ACTIVE CAMERA=front_tof | front RGB/ToF=True/True | down RGB/ToF=False/False
[INFO] [1791463475.483651163] [dual_tof_selector]: ACTIVE CAMERA=front_rgb_only | front RGB/ToF=True/False | down RGB/ToF=False/False
[INFO] [1791463475.584008936] [dual_tof_selector]: ACTIVE CAMERA=front_tof | front RGB/ToF=True/True | down RGB/ToF=False/False
[INFO] [1791463476.184429795] [dual_tof_selector]: ACTIVE CAMERA=front_rgb_only | front RGB/ToF=True/False | down RGB/ToF=False/False
[INFO] [1791463476.284547976] [dual_tof_selector]: ACTIVE CAMERA=front_tof | front RGB/ToF=True/True | down RGB/ToF=False/False
[INFO] [1791463476.384295089] [dual_tof_selector]: ACTIVE CAMERA=front_rgb_only | front RGB/ToF=True/False | down RGB/ToF=False/False
[INFO] [1791463476.485600331] [dual_tof_selector]: ACTIVE CAMERA=front_tof | front RGB/ToF=True/True | down RGB/ToF=False/False
[INFO] [1791463476.583980972] [dual_tof_selector]: ACTIVE CAMERA=front_rgb_only | front RGB/ToF=True/False | down RGB/ToF=False/False
[INFO] [1791463476.784806416] [dual_tof_selector]: ACTIVE CAMERA=front_tof | front RGB/ToF=True/True | down RGB/ToF=False/False
[INFO] [1791463477.185209725] [dual_tof_selector]: ACTIVE CAMERA=front_rgb_only | front RGB/ToF=True/False | down RGB/ToF=False/False
[INFO] [1791463477.283792482] [dual_tof_selector]: ACTIVE CAMERA=front_tof | front RGB/ToF=True/True | down RGB/ToF=False/False
[INFO] [1791463477.383344091] [dual_tof_selector]: ACTIVE CAMERA=front_rgb_only | front RGB/ToF=True/False | down RGB/ToF=False/False
[INFO] [1791463477.484605064] [dual_tof_selector]: ACTIVE CAMERA=front_tof | front RGB/ToF=True/True | down RGB/ToF=False/False
[INFO] [1791463477.684298785] [dual_tof_selector]: ACTIVE CAMERA=front_rgb_only | front RGB/ToF=True/False | down RGB/ToF=False/False
[INFO] [1791463478.183838022] [dual_tof_selector]: ACTIVE CAMERA=front_tof | front RGB/ToF=True/True | down RGB/ToF=False/False
[INFO] [1791463478.284749732] [dual_tof_selector]: ACTIVE CAMERA=front_rgb_only | front RGB/ToF=True/False | down RGB/ToF=False/False
[INFO] [1791463478.384168930] [dual_tof_selector]: ACTIVE CAMERA=front_tof | front RGB/ToF=True/True | down RGB/ToF=False/False
[INFO] [1791463478.783403680] [dual_tof_selector]: ACTIVE CAMERA=front_rgb_only | front RGB/ToF=True/False | down RGB/ToF=False/False
[INFO] [1791463478.883227015] [dual_tof_selector]: ACTIVE CAMERA=front_tof | front RGB/ToF=True/True | down RGB/ToF=False/False
[INFO] [1791463478.985615975] [dual_tof_selector]: ACTIVE CAMERA=front_rgb_only | front RGB/ToF=True/False | down RGB/ToF=False/False
[INFO] [1791463479.084820244] [dual_tof_selector]: ACTIVE CAMERA=front_tof | front RGB/ToF=True/True | down RGB/ToF=False/False
[INFO] [1791463479.183647333] [dual_tof_selector]: ACTIVE CAMERA=front_rgb_only | front RGB/ToF=True/False | down RGB/ToF=False/False
[INFO] [1791463479.286396135] [dual_tof_selector]: ACTIVE CAMERA=front_tof | front RGB/ToF=True/True | down RGB/ToF=False/False
[INFO] [1791463479.883353462] [dual_tof_selector]: ACTIVE CAMERA=front_rgb_only | front RGB/ToF=True/False | down RGB/ToF=False/False
[INFO] [1791463479.984398617] [dual_tof_selector]: ACTIVE CAMERA=front_tof | front RGB/ToF=True/True | down RGB/ToF=False/False
[INFO] [1791463480.883234137] [dual_tof_selector]: ACTIVE CAMERA=front_rgb_only | front RGB/ToF=True/False | down RGB/ToF=False/False
[INFO] [1791463480.983619054] [dual_tof_selector]: ACTIVE CAMERA=front_tof | front RGB/ToF=True/True | down RGB/ToF=False/False
[INFO] [1791463481.583774275] [dual_tof_selector]: ACTIVE CAMERA=front_rgb_only | front RGB/ToF=True/False | down RGB/ToF=False/False
[INFO] [1791463481.683303330] [dual_tof_selector]: ACTIVE CAMERA=front_tof | front RGB/ToF=True/True | down RGB/ToF=False/False
[INFO] [1791463483.683383837] [dual_tof_selector]: ACTIVE CAMERA=front_rgb_only | front RGB/ToF=True/False | down RGB/ToF=False/False
[INFO] [1791463483.783200303] [dual_tof_selector]: ACTIVE CAMERA=front_tof | front RGB/ToF=True/True | down RGB/ToF=False/False
[INFO] [1791463483.883429262] [dual_tof_selector]: ACTIVE CAMERA=front_rgb_only | front RGB/ToF=True/False | down RGB/ToF=False/False
[INFO] [1791463483.983604554] [dual_tof_selector]: ACTIVE CAMERA=front_tof | front RGB/ToF=True/True | down RGB/ToF=False/False
[INFO] [1791463484.083566629] [dual_tof_selector]: ACTIVE CAMERA=front_rgb_only | front RGB/ToF=True/False | down RGB/ToF=False/False
[INFO] [1791463484.683585658] [dual_tof_selector]: ACTIVE CAMERA=front_tof | front RGB/ToF=True/True | down RGB/ToF=False/False
[INFO] [1791463485.083621311] [dual_tof_selector]: ACTIVE CAMERA=front_rgb_only | front RGB/ToF=True/False | down RGB/ToF=False/False
[INFO] [1791463485.183578493] [dual_tof_selector]: ACTIVE CAMERA=front_tof | front RGB/ToF=True/True | down RGB/ToF=False/False
[INFO] [1791463485.283711255] [dual_tof_selector]: ACTIVE CAMERA=front_rgb_only | front RGB/ToF=True/False | down RGB/ToF=False/False
[INFO] [1791463485.383645206] [dual_tof_selector]: ACTIVE CAMERA=front_tof | front RGB/ToF=True/True | down RGB/ToF=False/False
[INFO] [1791463486.683761067] [dual_tof_selector]: ACTIVE CAMERA=front_rgb_only | front RGB/ToF=True/False | down RGB/ToF=False/False
[INFO] [1791463486.783606369] [dual_tof_selector]: ACTIVE CAMERA=front_tof | front RGB/ToF=True/True | down RGB/ToF=False/False
[INFO] [1791463486.883640330] [dual_tof_selector]: ACTIVE CAMERA=front_rgb_only | front RGB/ToF=True/False | down RGB/ToF=False/False
[INFO] [1791463487.083601334] [dual_tof_selector]: ACTIVE CAMERA=front_tof | front RGB/ToF=True/True | down RGB/ToF=False/False
[INFO] [1791463487.283176609] [dual_tof_selector]: ACTIVE CAMERA=front_rgb_only | front RGB/ToF=True/False | down RGB/ToF=False/False
[INFO] [1791463487.583627392] [dual_tof_selector]: ACTIVE CAMERA=front_tof | front RGB/ToF=True/True | down RGB/ToF=False/False
[INFO] [1791463487.683469737] [dual_tof_selector]: ACTIVE CAMERA=front_rgb_only | front RGB/ToF=True/False | down RGB/ToF=False/False
[INFO] [1791463487.783226732] [dual_tof_selector]: ACTIVE CAMERA=front_tof | front RGB/ToF=True/True | down RGB/ToF=False/False
[INFO] [1791463487.883610834] [dual_tof_selector]: ACTIVE CAMERA=front_rgb_only | front RGB/ToF=True/False | down RGB/ToF=False/False
[INFO] [1791463487.983584540] [dual_tof_selector]: ACTIVE CAMERA=front_tof | front RGB/ToF=True/True | down RGB/ToF=False/False
[INFO] [1791463488.183595807] [dual_tof_selector]: ACTIVE CAMERA=front_rgb_only | front RGB/ToF=True/False | down RGB/ToF=False/False
[INFO] [1791463488.483622840] [dual_tof_selector]: ACTIVE CAMERA=front_tof | front RGB/ToF=True/True | down RGB/ToF=False/False
[INFO] [1791463488.883290767] [dual_tof_selector]: ACTIVE CAMERA=front_rgb_only | front RGB/ToF=True/False | down RGB/ToF=False/False
[INFO] [1791463488.983605786] [dual_tof_selector]: ACTIVE CAMERA=front_tof | front RGB/ToF=True/True | down RGB/ToF=False/False
[INFO] [1791463489.083550048] [dual_tof_selector]: ACTIVE CAMERA=front_rgb_only | front RGB/ToF=True/False | down RGB/ToF=False/False
[INFO] [1791463489.183378321] [dual_tof_selector]: ACTIVE CAMERA=front_tof | front RGB/ToF=True/True | down RGB/ToF=False/False
[INFO] [1791463489.283572055] [dual_tof_selector]: ACTIVE CAMERA=front_rgb_only | front RGB/ToF=True/False | down RGB/ToF=False/False
[INFO] [1791463489.583261367] [dual_tof_selector]: ACTIVE CAMERA=front_tof | front RGB/ToF=True/True | down RGB/ToF=False/False
[INFO] [1791463489.683322235] [dual_tof_selector]: ACTIVE CAMERA=front_rgb_only | front RGB/ToF=True/False | down RGB/ToF=False/False
[INFO] [1791463489.783183642] [dual_tof_selector]: ACTIVE CAMERA=front_tof | front RGB/ToF=True/True | down RGB/ToF=False/False
[INFO] [1791463489.983208417] [dual_tof_selector]: ACTIVE CAMERA=front_rgb_only | front RGB/ToF=True/False | down RGB/ToF=False/False
[INFO] [1791463490.683617090] [dual_tof_selector]: ACTIVE CAMERA=front_tof | front RGB/ToF=True/True | down RGB/ToF=False/False
[INFO] [1791463490.883618239] [dual_tof_selector]: ACTIVE CAMERA=front_rgb_only | front RGB/ToF=True/False | down RGB/ToF=False/False
[INFO] [1791463490.983608413] [dual_tof_selector]: ACTIVE CAMERA=front_tof | front RGB/ToF=True/True | down RGB/ToF=False/False
[INFO] [1791463491.083594325] [dual_tof_selector]: ACTIVE CAMERA=front_rgb_only | front RGB/ToF=True/False | down RGB/ToF=False/False
[INFO] [1791463491.383366778] [dual_tof_selector]: ACTIVE CAMERA=front_tof | front RGB/ToF=True/True | down RGB/ToF=False/False
[INFO] [1791463491.583241651] [dual_tof_selector]: ACTIVE CAMERA=front_rgb_only | front RGB/ToF=True/False | down RGB/ToF=False/False
[INFO] [1791463491.683259409] [dual_tof_selector]: ACTIVE CAMERA=front_tof | front RGB/ToF=True/True | down RGB/ToF=False/False
[INFO] [1791463491.783170003] [dual_tof_selector]: ACTIVE CAMERA=front_rgb_only | front RGB/ToF=True/False | down RGB/ToF=False/False
[INFO] [1791463491.883228628] [dual_tof_selector]: ACTIVE CAMERA=front_tof | front RGB/ToF=True/True | down RGB/ToF=False/False
[INFO] [1791463491.983426824] [dual_tof_selector]: ACTIVE CAMERA=front_rgb_only | front RGB/ToF=True/False | down RGB/ToF=False/False
[INFO] [1791463492.083206442] [dual_tof_selector]: ACTIVE CAMERA=front_tof | front RGB/ToF=True/True | down RGB/ToF=False/False
[INFO] [1791463492.183620850] [dual_tof_selector]: ACTIVE CAMERA=front_rgb_only | front RGB/ToF=True/False | down RGB/ToF=False/False
[INFO] [1791463492.684497876] [dual_tof_selector]: ACTIVE CAMERA=front_tof | front RGB/ToF=True/True | down RGB/ToF=False/False
[INFO] [1791463492.783872786] [dual_tof_selector]: ACTIVE CAMERA=front_rgb_only | front RGB/ToF=True/False | down RGB/ToF=False/False
[INFO] [1791463493.183290142] [dual_tof_selector]: ACTIVE CAMERA=front_tof | front RGB/ToF=True/True | down RGB/ToF=False/False
[INFO] [1791463493.285156216] [dual_tof_selector]: ACTIVE CAMERA=front_rgb_only | front RGB/ToF=True/False | down RGB/ToF=False/False
[INFO] [1791463493.384624370] [dual_tof_selector]: ACTIVE CAMERA=front_tof | front RGB/ToF=True/True | down RGB/ToF=False/False
[INFO] [1791463493.484707708] [dual_tof_selector]: ACTIVE CAMERA=front_rgb_only | front RGB/ToF=True/False | down RGB/ToF=False/False
[INFO] [1791463493.584441946] [dual_tof_selector]: ACTIVE CAMERA=front_tof | front RGB/ToF=True/True | down RGB/ToF=False/False
[INFO] [1791463493.684905919] [dual_tof_selector]: ACTIVE CAMERA=front_rgb_only | front RGB/ToF=True/False | down RGB/ToF=False/False
[INFO] [1791463494.183951467] [dual_tof_selector]: ACTIVE CAMERA=front_tof | front RGB/ToF=True/True | down RGB/ToF=False/False
[INFO] [1791463494.383940287] [dual_tof_selector]: ACTIVE CAMERA=front_rgb_only | front RGB/ToF=True/False | down RGB/ToF=False/False
[INFO] [1791463494.484750878] [dual_tof_selector]: ACTIVE CAMERA=front_tof | front RGB/ToF=True/True | down RGB/ToF=False/False
[INFO] [1791463494.585119919] [dual_tof_selector]: ACTIVE CAMERA=front_rgb_only | front RGB/ToF=True/False | down RGB/ToF=False/False
[INFO] [1791463494.684660527] [dual_tof_selector]: ACTIVE CAMERA=front_tof | front RGB/ToF=True/True | down RGB/ToF=False/False
[INFO] [1791463494.784583687] [dual_tof_selector]: ACTIVE CAMERA=front_rgb_only | front RGB/ToF=True/False | down RGB/ToF=False/False
[INFO] [1791463494.884327361] [dual_tof_selector]: ACTIVE CAMERA=front_tof | front RGB/ToF=True/True | down RGB/ToF=False/False
[INFO] [1791463495.285427999] [dual_tof_selector]: ACTIVE CAMERA=front_rgb_only | front RGB/ToF=True/False | down RGB/ToF=False/False
[INFO] [1791463495.383308052] [dual_tof_selector]: ACTIVE CAMERA=front_tof | front RGB/ToF=True/True | down RGB/ToF=False/False
[INFO] [1791463495.483724549] [dual_tof_selector]: ACTIVE CAMERA=front_rgb_only | front RGB/ToF=True/False | down RGB/ToF=False/False
[INFO] [1791463495.684190642] [dual_tof_selector]: ACTIVE CAMERA=front_tof | front RGB/ToF=True/True | down RGB/ToF=False/False
[INFO] [1791463495.784677022] [dual_tof_selector]: ACTIVE CAMERA=front_rgb_only | front RGB/ToF=True/False | down RGB/ToF=False/False
[INFO] [1791463495.884728179] [dual_tof_selector]: ACTIVE CAMERA=front_tof | front RGB/ToF=True/True | down RGB/ToF=False/False
[INFO] [1791463496.084172312] [dual_tof_selector]: ACTIVE CAMERA=front_rgb_only | front RGB/ToF=True/False | down RGB/ToF=False/False
[INFO] [1791463496.184771699] [dual_tof_selector]: ACTIVE CAMERA=front_tof | front RGB/ToF=True/True | down RGB/ToF=False/False
[INFO] [1791463496.285420833] [dual_tof_selector]: ACTIVE CAMERA=front_rgb_only | front RGB/ToF=True/False | down RGB/ToF=False/False
[INFO] [1791463496.385077543] [dual_tof_selector]: ACTIVE CAMERA=front_tof | front RGB/ToF=True/True | down RGB/ToF=False/False
[INFO] [1791463496.484629855] [dual_tof_selector]: ACTIVE CAMERA=front_rgb_only | front RGB/ToF=True/False | down RGB/ToF=False/False
[INFO] [1791463496.583522891] [dual_tof_selector]: ACTIVE CAMERA=front_tof | front RGB/ToF=True/True | down RGB/ToF=False/False
[INFO] [1791463496.684712737] [dual_tof_selector]: ACTIVE CAMERA=front_rgb_only | front RGB/ToF=True/False | down RGB/ToF=False/False
[INFO] [1791463496.784027732] [dual_tof_selector]: ACTIVE CAMERA=front_tof | front RGB/ToF=True/True | down RGB/ToF=False/False
[INFO] [1791463499.684622276] [dual_tof_selector]: ACTIVE CAMERA=front_rgb_only | front RGB/ToF=True/False | down RGB/ToF=False/False
[INFO] [1791463499.783751409] [dual_tof_selector]: ACTIVE CAMERA=front_tof | front RGB/ToF=True/True | down RGB/ToF=False/False
[INFO] [1791463499.883668157] [dual_tof_selector]: ACTIVE CAMERA=front_rgb_only | front RGB/ToF=True/False | down RGB/ToF=False/False
[INFO] [1791463499.984073484] [dual_tof_selector]: ACTIVE CAMERA=front_tof | front RGB/ToF=True/True | down RGB/ToF=False/False
[INFO] [1791463500.584878255] [dual_tof_selector]: ACTIVE CAMERA=front_rgb_only | front RGB/ToF=True/False | down RGB/ToF=False/False
[INFO] [1791463500.684798187] [dual_tof_selector]: ACTIVE CAMERA=front_tof | front RGB/ToF=True/True | down RGB/ToF=False/False
[INFO] [1791463500.784818003] [dual_tof_selector]: ACTIVE CAMERA=front_rgb_only | front RGB/ToF=True/False | down RGB/ToF=False/False
[INFO] [1791463500.883721519] [dual_tof_selector]: ACTIVE CAMERA=front_tof | front RGB/ToF=True/True | down RGB/ToF=False/False
[INFO] [1791463500.983605962] [dual_tof_selector]: ACTIVE CAMERA=front_rgb_only | front RGB/ToF=True/False | down RGB/ToF=False/False
[INFO] [1791463501.083250686] [dual_tof_selector]: ACTIVE CAMERA=front_tof | front RGB/ToF=True/True | down RGB/ToF=False/False
[INFO] [1791463501.484517386] [dual_tof_selector]: ACTIVE CAMERA=front_rgb_only | front RGB/ToF=True/False | down RGB/ToF=False/False
[INFO] [1791463501.583650198] [dual_tof_selector]: ACTIVE CAMERA=front_tof | front RGB/ToF=True/True | down RGB/ToF=False/False
[INFO] [1791463501.684783852] [dual_tof_selector]: ACTIVE CAMERA=front_rgb_only | front RGB/ToF=True/False | down RGB/ToF=False/False
[INFO] [1791463501.784768750] [dual_tof_selector]: ACTIVE CAMERA=front_tof | front RGB/ToF=True/True | down RGB/ToF=False/False
[INFO] [1791463501.883254992] [dual_tof_selector]: ACTIVE CAMERA=front_rgb_only | front RGB/ToF=True/False | down RGB/ToF=False/False
[INFO] [1791463501.984177954] [dual_tof_selector]: ACTIVE CAMERA=front_tof | front RGB/ToF=True/True | down RGB/ToF=False/False
[INFO] [1791463502.083333328] [dual_tof_selector]: ACTIVE CAMERA=front_rgb_only | front RGB/ToF=True/False | down RGB/ToF=False/False
[INFO] [1791463502.183639960] [dual_tof_selector]: ACTIVE CAMERA=front_tof | front RGB/ToF=True/True | down RGB/ToF=False/False
[INFO] [1791463502.583392847] [dual_tof_selector]: ACTIVE CAMERA=front_rgb_only | front RGB/ToF=True/False | down RGB/ToF=False/False
[INFO] [1791463502.683242325] [dual_tof_selector]: ACTIVE CAMERA=front_tof | front RGB/ToF=True/True | down RGB/ToF=False/False
[INFO] [1791463502.783288183] [dual_tof_selector]: ACTIVE CAMERA=front_rgb_only | front RGB/ToF=True/False | down RGB/ToF=False/False
[INFO] [1791463503.183546219] [dual_tof_selector]: ACTIVE CAMERA=front_tof | front RGB/ToF=True/True | down RGB/ToF=False/False
[INFO] [1791463503.283597472] [dual_tof_selector]: ACTIVE CAMERA=front_rgb_only | front RGB/ToF=True/False | down RGB/ToF=False/False
[INFO] [1791463503.483621378] [dual_tof_selector]: ACTIVE CAMERA=front_tof | front RGB/ToF=True/True | down RGB/ToF=False/False
[INFO] [1791463503.883637454] [dual_tof_selector]: ACTIVE CAMERA=front_rgb_only | front RGB/ToF=True/False | down RGB/ToF=False/False
[INFO] [1791463504.183766682] [dual_tof_selector]: ACTIVE CAMERA=front_tof | front RGB/ToF=True/True | down RGB/ToF=False/False
[INFO] [1791463504.283309504] [dual_tof_selector]: ACTIVE CAMERA=front_rgb_only | front RGB/ToF=True/False | down RGB/ToF=False/False
[INFO] [1791463504.383656392] [dual_tof_selector]: ACTIVE CAMERA=front_tof | front RGB/ToF=True/True | down RGB/ToF=False/False
[INFO] [1791463504.783604900] [dual_tof_selector]: ACTIVE CAMERA=front_rgb_only | front RGB/ToF=True/False | down RGB/ToF=False/False
[INFO] [1791463505.083635092] [dual_tof_selector]: ACTIVE CAMERA=front_tof | front RGB/ToF=True/True | down RGB/ToF=False/False
[INFO] [1791463505.683257235] [dual_tof_selector]: ACTIVE CAMERA=front_rgb_only | front RGB/ToF=True/False | down RGB/ToF=False/False
[WARN] [1791463505.783563404] [dual_tof_selector]: ACTIVE CAMERA=none | front RGB/ToF=False/False | down RGB/ToF=False/False
[INFO] [1791463506.383445738] [dual_tof_selector]: ACTIVE CAMERA=front_tof | front RGB/ToF=True/True | down RGB/ToF=False/False
[INFO] [1791463506.583242895] [dual_tof_selector]: ACTIVE CAMERA=front_rgb_only | front RGB/ToF=True/False | down RGB/ToF=False/False
[INFO] [1791463506.683580618] [dual_tof_selector]: ACTIVE CAMERA=front_tof | front RGB/ToF=True/True | down RGB/ToF=False/False
[INFO] [1791463506.783540287] [dual_tof_selector]: ACTIVE CAMERA=front_rgb_only | front RGB/ToF=True/False | down RGB/ToF=False/False
[INFO] [1791463507.183600754] [dual_tof_selector]: ACTIVE CAMERA=front_tof | front RGB/ToF=True/True | down RGB/ToF=False/False
[INFO] [1791463507.583686269] [dual_tof_selector]: ACTIVE CAMERA=front_rgb_only | front RGB/ToF=True/False | down RGB/ToF=False/False
[INFO] [1791463507.683633375] [dual_tof_selector]: ACTIVE CAMERA=front_tof | front RGB/ToF=True/True | down RGB/ToF=False/False
[INFO] [1791463507.783559084] [dual_tof_selector]: ACTIVE CAMERA=front_rgb_only | front RGB/ToF=True/False | down RGB/ToF=False/False
[INFO] [1791463507.883555576] [dual_tof_selector]: ACTIVE CAMERA=front_tof | front RGB/ToF=True/True | down RGB/ToF=False/False
[INFO] [1791463508.283556323] [dual_tof_selector]: ACTIVE CAMERA=front_rgb_only | front RGB/ToF=True/False | down RGB/ToF=False/False
[INFO] [1791463508.783574676] [dual_tof_selector]: ACTIVE CAMERA=front_tof | front RGB/ToF=True/True | down RGB/ToF=False/False
[INFO] [1791463508.983546359] [dual_tof_selector]: ACTIVE CAMERA=front_rgb_only | front RGB/ToF=True/False | down RGB/ToF=False/False
[INFO] [1791463510.483575725] [dual_tof_selector]: ACTIVE CAMERA=front_tof | front RGB/ToF=True/True | down RGB/ToF=False/False
[INFO] [1791463510.583667954] [dual_tof_selector]: ACTIVE CAMERA=front_rgb_only | front RGB/ToF=True/False | down RGB/ToF=False/False
[INFO] [1791463510.883161352] [dual_tof_selector]: ACTIVE CAMERA=front_tof | front RGB/ToF=True/True | down RGB/ToF=False/False
[INFO] [1791463512.183549729] [dual_tof_selector]: ACTIVE CAMERA=front_rgb_only | front RGB/ToF=True/False | down RGB/ToF=False/False
[INFO] [1791463513.383634897] [dual_tof_selector]: ACTIVE CAMERA=front_tof | front RGB/ToF=True/True | down RGB/ToF=False/False
[INFO] [1791463513.483579033] [dual_tof_selector]: ACTIVE CAMERA=front_rgb_only | front RGB/ToF=True/False | down RGB/ToF=False/False
[INFO] [1791463513.583286644] [dual_tof_selector]: ACTIVE CAMERA=front_tof | front RGB/ToF=True/True | down RGB/ToF=False/False
[INFO] [1791463513.783193723] [dual_tof_selector]: ACTIVE CAMERA=front_rgb_only | front RGB/ToF=True/False | down RGB/ToF=False/False
[INFO] [1791463513.883593253] [dual_tof_selector]: ACTIVE CAMERA=front_tof | front RGB/ToF=True/True | down RGB/ToF=False/False
[INFO] [1791463513.983640106] [dual_tof_selector]: ACTIVE CAMERA=front_rgb_only | front RGB/ToF=True/False | down RGB/ToF=False/False
[INFO] [1791463514.583607114] [dual_tof_selector]: ACTIVE CAMERA=front_tof | front RGB/ToF=True/True | down RGB/ToF=False/False
[INFO] [1791463514.683196359] [dual_tof_selector]: ACTIVE CAMERA=front_rgb_only | front RGB/ToF=True/False | down RGB/ToF=False/False
[INFO] [1791463515.183156893] [dual_tof_selector]: ACTIVE CAMERA=front_tof | front RGB/ToF=True/True | down RGB/ToF=False/False
[INFO] [1791463515.383618782] [dual_tof_selector]: ACTIVE CAMERA=front_rgb_only | front RGB/ToF=True/False | down RGB/ToF=False/False
[INFO] [1791463515.483545387] [dual_tof_selector]: ACTIVE CAMERA=front_tof | front RGB/ToF=True/True | down RGB/ToF=False/False
[INFO] [1791463515.583155957] [dual_tof_selector]: ACTIVE CAMERA=front_rgb_only | front RGB/ToF=True/False | down RGB/ToF=False/False
[INFO] [1791463515.683196693] [dual_tof_selector]: ACTIVE CAMERA=front_tof | front RGB/ToF=True/True | down RGB/ToF=False/False
[INFO] [1791463515.783455426] [dual_tof_selector]: ACTIVE CAMERA=front_rgb_only | front RGB/ToF=True/False | down RGB/ToF=False/False
[INFO] [1791463515.883203319] [dual_tof_selector]: ACTIVE CAMERA=front_tof | front RGB/ToF=True/True | down RGB/ToF=False/False
[INFO] [1791463516.483163413] [dual_tof_selector]: ACTIVE CAMERA=front_rgb_only | front RGB/ToF=True/False | down RGB/ToF=False/False
[INFO] [1791463516.583132336] [dual_tof_selector]: ACTIVE CAMERA=front_tof | front RGB/ToF=True/True | down RGB/ToF=False/False
[INFO] [1791463516.683153614] [dual_tof_selector]: ACTIVE CAMERA=front_rgb_only | front RGB/ToF=True/False | down RGB/ToF=False/False
[INFO] [1791463516.783154446] [dual_tof_selector]: ACTIVE CAMERA=front_tof | front RGB/ToF=True/True | down RGB/ToF=False/False
[INFO] [1791463516.883559461] [dual_tof_selector]: ACTIVE CAMERA=front_rgb_only | front RGB/ToF=True/False | down RGB/ToF=False/False
[INFO] [1791463516.983417306] [dual_tof_selector]: ACTIVE CAMERA=front_tof | front RGB/ToF=True/True | down RGB/ToF=False/False
[INFO] [1791463517.383224414] [dual_tof_selector]: ACTIVE CAMERA=front_rgb_only | front RGB/ToF=True/False | down RGB/ToF=False/False
[INFO] [1791463517.483163808] [dual_tof_selector]: ACTIVE CAMERA=front_tof | front RGB/ToF=True/True | down RGB/ToF=False/False
[INFO] [1791463521.783528881] [dual_tof_selector]: ACTIVE CAMERA=front_rgb_only | front RGB/ToF=True/False | down RGB/ToF=False/False
[INFO] [1791463521.883163467] [dual_tof_selector]: ACTIVE CAMERA=front_tof | front RGB/ToF=True/True | down RGB/ToF=False/False
[INFO] [1791463521.983174141] [dual_tof_selector]: ACTIVE CAMERA=front_rgb_only | front RGB/ToF=True/False | down RGB/ToF=False/False
[INFO] [1791463522.083280553] [dual_tof_selector]: ACTIVE CAMERA=front_tof | front RGB/ToF=True/True | down RGB/ToF=False/False
[INFO] [1791463528.183256459] [dual_tof_selector]: ACTIVE CAMERA=front_rgb_only | front RGB/ToF=True/False | down RGB/ToF=False/False
[INFO] [1791463528.283177338] [dual_tof_selector]: ACTIVE CAMERA=front_tof | front RGB/ToF=True/True | down RGB/ToF=False/False
[INFO] [1791463533.583776923] [dual_tof_selector]: ACTIVE CAMERA=front_rgb_only | front RGB/ToF=True/False | down RGB/ToF=False/False
[INFO] [1791463533.683462687] [dual_tof_selector]: ACTIVE CAMERA=front_tof | front RGB/ToF=True/True | down RGB/ToF=False/False
[INFO] [1791463533.783405010] [dual_tof_selector]: ACTIVE CAMERA=front_rgb_only | front RGB/ToF=True/False | down RGB/ToF=False/False
[INFO] [1791463534.183478342] [dual_tof_selector]: ACTIVE CAMERA=front_tof | front RGB/ToF=True/True | down RGB/ToF=False/False
[INFO] [1791463534.284202142] [dual_tof_selector]: ACTIVE CAMERA=front_rgb_only | front RGB/ToF=True/False | down RGB/ToF=False/False
[INFO] [1791463534.383615623] [dual_tof_selector]: ACTIVE CAMERA=front_tof | front RGB/ToF=True/True | down RGB/ToF=False/False
[INFO] [1791463534.483428618] [dual_tof_selector]: ACTIVE CAMERA=front_rgb_only | front RGB/ToF=True/False | down RGB/ToF=False/False
[INFO] [1791463534.584270456] [dual_tof_selector]: ACTIVE CAMERA=front_tof | front RGB/ToF=True/True | down RGB/ToF=False/False
[INFO] [1791463534.784564733] [dual_tof_selector]: ACTIVE CAMERA=front_rgb_only | front RGB/ToF=True/False | down RGB/ToF=False/False
[INFO] [1791463534.883357722] [dual_tof_selector]: ACTIVE CAMERA=front_tof | front RGB/ToF=True/True | down RGB/ToF=False/False
[INFO] [1791463534.983347706] [dual_tof_selector]: ACTIVE CAMERA=front_rgb_only | front RGB/ToF=True/False | down RGB/ToF=False/False
[INFO] [1791463535.083777666] [dual_tof_selector]: ACTIVE CAMERA=front_tof | front RGB/ToF=True/True | down RGB/ToF=False/False
[INFO] [1791463537.983357243] [dual_tof_selector]: ACTIVE CAMERA=front_rgb_only | front RGB/ToF=True/False | down RGB/ToF=False/False
[INFO] [1791463538.083736646] [dual_tof_selector]: ACTIVE CAMERA=front_tof | front RGB/ToF=True/True | down RGB/ToF=False/False
[INFO] [1791463538.183693073] [dual_tof_selector]: ACTIVE CAMERA=front_rgb_only | front RGB/ToF=True/False | down RGB/ToF=False/False
[INFO] [1791463538.283392448] [dual_tof_selector]: ACTIVE CAMERA=front_tof | front RGB/ToF=True/True | down RGB/ToF=False/False
[INFO] [1791463538.383864015] [dual_tof_selector]: ACTIVE CAMERA=front_rgb_only | front RGB/ToF=True/False | down RGB/ToF=False/False
[INFO] [1791463538.483544472] [dual_tof_selector]: ACTIVE CAMERA=front_tof | front RGB/ToF=True/True | down RGB/ToF=False/False
[INFO] [1791463539.083552814] [dual_tof_selector]: ACTIVE CAMERA=front_rgb_only | front RGB/ToF=True/False | down RGB/ToF=False/False
[INFO] [1791463539.183289044] [dual_tof_selector]: ACTIVE CAMERA=front_tof | front RGB/ToF=True/True | down RGB/ToF=False/False
[INFO] [1791463539.284141472] [dual_tof_selector]: ACTIVE CAMERA=front_rgb_only | front RGB/ToF=True/False | down RGB/ToF=False/False
[INFO] [1791463539.383815029] [dual_tof_selector]: ACTIVE CAMERA=front_tof | front RGB/ToF=True/True | down RGB/ToF=False/False
[INFO] [1791463541.383888732] [dual_tof_selector]: ACTIVE CAMERA=front_rgb_only | front RGB/ToF=True/False | down RGB/ToF=False/False
[INFO] [1791463541.483631522] [dual_tof_selector]: ACTIVE CAMERA=front_tof | front RGB/ToF=True/True | down RGB/ToF=False/False
[INFO] [1791463541.583490149] [dual_tof_selector]: ACTIVE CAMERA=front_rgb_only | front RGB/ToF=True/False | down RGB/ToF=False/False
[INFO] [1791463541.683489341] [dual_tof_selector]: ACTIVE CAMERA=front_tof | front RGB/ToF=True/True | down RGB/ToF=False/False
[INFO] [1791463542.283542790] [dual_tof_selector]: ACTIVE CAMERA=front_rgb_only | front RGB/ToF=True/False | down RGB/ToF=False/False
[INFO] [1791463542.483812602] [dual_tof_selector]: ACTIVE CAMERA=front_tof | front RGB/ToF=True/True | down RGB/ToF=False/False
[INFO] [1791463542.583754371] [dual_tof_selector]: ACTIVE CAMERA=front_rgb_only | front RGB/ToF=True/False | down RGB/ToF=False/False
[INFO] [1791463542.683754196] [dual_tof_selector]: ACTIVE CAMERA=front_tof | front RGB/ToF=True/True | down RGB/ToF=False/False
[INFO] [1791463542.783696167] [dual_tof_selector]: ACTIVE CAMERA=front_rgb_only | front RGB/ToF=True/False | down RGB/ToF=False/False
[INFO] [1791463542.883454145] [dual_tof_selector]: ACTIVE CAMERA=front_tof | front RGB/ToF=True/True | down RGB/ToF=False/False
[INFO] [1791463543.083827347] [dual_tof_selector]: ACTIVE CAMERA=front_rgb_only | front RGB/ToF=True/False | down RGB/ToF=False/False
[INFO] [1791463543.283903557] [dual_tof_selector]: ACTIVE CAMERA=front_tof | front RGB/ToF=True/True | down RGB/ToF=False/False
[INFO] [1791463543.383792528] [dual_tof_selector]: ACTIVE CAMERA=front_rgb_only | front RGB/ToF=True/False | down RGB/ToF=False/False
[INFO] [1791463543.483713283] [dual_tof_selector]: ACTIVE CAMERA=front_tof | front RGB/ToF=True/True | down RGB/ToF=False/False
[INFO] [1791463544.083349361] [dual_tof_selector]: ACTIVE CAMERA=front_rgb_only | front RGB/ToF=True/False | down RGB/ToF=False/False
[INFO] [1791463544.183333504] [dual_tof_selector]: ACTIVE CAMERA=front_tof | front RGB/ToF=True/True | down RGB/ToF=False/False
[INFO] [1791463544.283695843] [dual_tof_selector]: ACTIVE CAMERA=front_rgb_only | front RGB/ToF=True/False | down RGB/ToF=False/False
[INFO] [1791463544.383898555] [dual_tof_selector]: ACTIVE CAMERA=front_tof | front RGB/ToF=True/True | down RGB/ToF=False/False
[INFO] [1791463544.786360016] [dual_tof_selector]: ACTIVE CAMERA=front_rgb_only | front RGB/ToF=True/False | down RGB/ToF=False/False
[INFO] [1791463544.883879908] [dual_tof_selector]: ACTIVE CAMERA=front_tof | front RGB/ToF=True/True | down RGB/ToF=False/False
[INFO] [1791463544.984001685] [dual_tof_selector]: ACTIVE CAMERA=front_rgb_only | front RGB/ToF=True/False | down RGB/ToF=False/False
[INFO] [1791463545.183928100] [dual_tof_selector]: ACTIVE CAMERA=front_tof | front RGB/ToF=True/True | down RGB/ToF=False/False
[INFO] [1791463545.383825281] [dual_tof_selector]: ACTIVE CAMERA=front_rgb_only | front RGB/ToF=True/False | down RGB/ToF=False/False
[INFO] [1791463545.483787603] [dual_tof_selector]: ACTIVE CAMERA=front_tof | front RGB/ToF=True/True | down RGB/ToF=False/False
[INFO] [1791463545.583378320] [dual_tof_selector]: ACTIVE CAMERA=front_rgb_only | front RGB/ToF=True/False | down RGB/ToF=False/False
[INFO] [1791463545.983439964] [dual_tof_selector]: ACTIVE CAMERA=front_tof | front RGB/ToF=True/True | down RGB/ToF=False/False
[INFO] [1791463546.083383814] [dual_tof_selector]: ACTIVE CAMERA=front_rgb_only | front RGB/ToF=True/False | down RGB/ToF=False/False
[INFO] [1791463546.283372022] [dual_tof_selector]: ACTIVE CAMERA=front_tof | front RGB/ToF=True/True | down RGB/ToF=False/False
[INFO] [1791463546.383493772] [dual_tof_selector]: ACTIVE CAMERA=front_rgb_only | front RGB/ToF=True/False | down RGB/ToF=False/False
[INFO] [1791463546.483512341] [dual_tof_selector]: ACTIVE CAMERA=front_tof | front RGB/ToF=True/True | down RGB/ToF=False/False
[INFO] [1791463549.383918296] [dual_tof_selector]: ACTIVE CAMERA=front_rgb_only | front RGB/ToF=True/False | down RGB/ToF=False/False
[INFO] [1791463549.483841732] [dual_tof_selector]: ACTIVE CAMERA=front_tof | front RGB/ToF=True/True | down RGB/ToF=False/False
[INFO] [1791463549.583959147] [dual_tof_selector]: ACTIVE CAMERA=front_rgb_only | front RGB/ToF=True/False | down RGB/ToF=False/False
[INFO] [1791463549.683414229] [dual_tof_selector]: ACTIVE CAMERA=front_tof | front RGB/ToF=True/True | down RGB/ToF=False/False
[INFO] [1791463549.783773325] [dual_tof_selector]: ACTIVE CAMERA=front_rgb_only | front RGB/ToF=True/False | down RGB/ToF=False/False
[INFO] [1791463549.883739335] [dual_tof_selector]: ACTIVE CAMERA=front_tof | front RGB/ToF=True/True | down RGB/ToF=False/False
[INFO] [1791463550.083930068] [dual_tof_selector]: ACTIVE CAMERA=front_rgb_only | front RGB/ToF=True/False | down RGB/ToF=False/False
[INFO] [1791463550.283919807] [dual_tof_selector]: ACTIVE CAMERA=front_tof | front RGB/ToF=True/True | down RGB/ToF=False/False
[INFO] [1791463550.383986517] [dual_tof_selector]: ACTIVE CAMERA=front_rgb_only | front RGB/ToF=True/False | down RGB/ToF=False/False
[INFO] [1791463550.484044494] [dual_tof_selector]: ACTIVE CAMERA=front_tof | front RGB/ToF=True/True | down RGB/ToF=False/False
[INFO] [1791463550.883816834] [dual_tof_selector]: ACTIVE CAMERA=front_rgb_only | front RGB/ToF=True/False | down RGB/ToF=False/False
[INFO] [1791463550.984594939] [dual_tof_selector]: ACTIVE CAMERA=front_tof | front RGB/ToF=True/True | down RGB/ToF=False/False
[INFO] [1791463551.083808788] [dual_tof_selector]: ACTIVE CAMERA=front_rgb_only | front RGB/ToF=True/False | down RGB/ToF=False/False
[INFO] [1791463551.183838330] [dual_tof_selector]: ACTIVE CAMERA=front_tof | front RGB/ToF=True/True | down RGB/ToF=False/False
[INFO] [1791463551.284125607] [dual_tof_selector]: ACTIVE CAMERA=front_rgb_only | front RGB/ToF=True/False | down RGB/ToF=False/False
[INFO] [1791463551.383909548] [dual_tof_selector]: ACTIVE CAMERA=front_tof | front RGB/ToF=True/True | down RGB/ToF=False/False
[INFO] [1791463551.783832195] [dual_tof_selector]: ACTIVE CAMERA=front_rgb_only | front RGB/ToF=True/False | down RGB/ToF=False/False
[INFO] [1791463552.083873762] [dual_tof_selector]: ACTIVE CAMERA=front_tof | front RGB/ToF=True/True | down RGB/ToF=False/False
[INFO] [1791463552.683986255] [dual_tof_selector]: ACTIVE CAMERA=front_rgb_only | front RGB/ToF=True/False | down RGB/ToF=False/False
[INFO] [1791463552.783781040] [dual_tof_selector]: ACTIVE CAMERA=front_tof | front RGB/ToF=True/True | down RGB/ToF=False/False
[INFO] [1791463553.183808798] [dual_tof_selector]: ACTIVE CAMERA=front_rgb_only | front RGB/ToF=True/False | down RGB/ToF=False/False
[INFO] [1791463553.283597310] [dual_tof_selector]: ACTIVE CAMERA=front_tof | front RGB/ToF=True/True | down RGB/ToF=False/False
[INFO] [1791463554.383421003] [dual_tof_selector]: ACTIVE CAMERA=front_rgb_only | front RGB/ToF=True/False | down RGB/ToF=False/False
[INFO] [1791463554.483876328] [dual_tof_selector]: ACTIVE CAMERA=front_tof | front RGB/ToF=True/True | down RGB/ToF=False/False
[INFO] [1791463554.583372504] [dual_tof_selector]: ACTIVE CAMERA=front_rgb_only | front RGB/ToF=True/False | down RGB/ToF=False/False
[INFO] [1791463554.683912417] [dual_tof_selector]: ACTIVE CAMERA=front_tof | front RGB/ToF=True/True | down RGB/ToF=False/False
[INFO] [1791463562.783910176] [dual_tof_selector]: ACTIVE CAMERA=front_rgb_only | front RGB/ToF=True/False | down RGB/ToF=False/False
[INFO] [1791463562.883833411] [dual_tof_selector]: ACTIVE CAMERA=front_tof | front RGB/ToF=True/True | down RGB/ToF=False/False
[INFO] [1791463565.783364178] [dual_tof_selector]: ACTIVE CAMERA=front_rgb_only | front RGB/ToF=True/False | down RGB/ToF=False/False
[INFO] [1791463565.883336036] [dual_tof_selector]: ACTIVE CAMERA=front_tof | front RGB/ToF=True/True | down RGB/ToF=False/False
[INFO] [1791463567.583774157] [dual_tof_selector]: ACTIVE CAMERA=front_rgb_only | front RGB/ToF=True/False | down RGB/ToF=False/False
[INFO] [1791463567.683802400] [dual_tof_selector]: ACTIVE CAMERA=front_tof | front RGB/ToF=True/True | down RGB/ToF=False/False
[INFO] [1791463567.784146196] [dual_tof_selector]: ACTIVE CAMERA=front_rgb_only | front RGB/ToF=True/False | down RGB/ToF=False/False
[INFO] [1791463567.883779461] [dual_tof_selector]: ACTIVE CAMERA=front_tof | front RGB/ToF=True/True | down RGB/ToF=False/False
[INFO] [1791463567.983970944] [dual_tof_selector]: ACTIVE CAMERA=front_rgb_only | front RGB/ToF=True/False | down RGB/ToF=False/False
[INFO] [1791463568.083797208] [dual_tof_selector]: ACTIVE CAMERA=front_tof | front RGB/ToF=True/True | down RGB/ToF=False/False
[INFO] [1791463568.483799415] [dual_tof_selector]: ACTIVE CAMERA=front_rgb_only | front RGB/ToF=True/False | down RGB/ToF=False/False
[INFO] [1791463568.583870398] [dual_tof_selector]: ACTIVE CAMERA=front_tof | front RGB/ToF=True/True | down RGB/ToF=False/False
[INFO] [1791463568.683830069] [dual_tof_selector]: ACTIVE CAMERA=front_rgb_only | front RGB/ToF=True/False | down RGB/ToF=False/False
[INFO] [1791463568.783764149] [dual_tof_selector]: ACTIVE CAMERA=front_tof | front RGB/ToF=True/True | down RGB/ToF=False/False
[INFO] [1791463568.883721409] [dual_tof_selector]: ACTIVE CAMERA=front_rgb_only | front RGB/ToF=True/False | down RGB/ToF=False/False
[INFO] [1791463568.983714913] [dual_tof_selector]: ACTIVE CAMERA=front_tof | front RGB/ToF=True/True | down RGB/ToF=False/False
[INFO] [1791463569.383803704] [dual_tof_selector]: ACTIVE CAMERA=front_rgb_only | front RGB/ToF=True/False | down RGB/ToF=False/False
[INFO] [1791463569.483742436] [dual_tof_selector]: ACTIVE CAMERA=front_tof | front RGB/ToF=True/True | down RGB/ToF=False/False
[INFO] [1791463569.583735390] [dual_tof_selector]: ACTIVE CAMERA=front_rgb_only | front RGB/ToF=True/False | down RGB/ToF=False/False
[INFO] [1791463569.683386223] [dual_tof_selector]: ACTIVE CAMERA=front_tof | front RGB/ToF=True/True | down RGB/ToF=False/False
[INFO] [1791463570.083778639] [dual_tof_selector]: ACTIVE CAMERA=front_rgb_only | front RGB/ToF=True/False | down RGB/ToF=False/False
[INFO] [1791463570.183354820] [dual_tof_selector]: ACTIVE CAMERA=front_tof | front RGB/ToF=True/True | down RGB/ToF=False/False
[INFO] [1791463570.283661312] [dual_tof_selector]: ACTIVE CAMERA=front_rgb_only | front RGB/ToF=True/False | down RGB/ToF=False/False
[INFO] [1791463570.383327913] [dual_tof_selector]: ACTIVE CAMERA=front_tof | front RGB/ToF=True/True | down RGB/ToF=False/False
[INFO] [1791463570.483484569] [dual_tof_selector]: ACTIVE CAMERA=front_rgb_only | front RGB/ToF=True/False | down RGB/ToF=False/False
[INFO] [1791463570.983966188] [dual_tof_selector]: ACTIVE CAMERA=front_tof | front RGB/ToF=True/True | down RGB/ToF=False/False
[INFO] [1791463571.183903269] [dual_tof_selector]: ACTIVE CAMERA=front_rgb_only | front RGB/ToF=True/False | down RGB/ToF=False/False
[INFO] [1791463571.283406640] [dual_tof_selector]: ACTIVE CAMERA=front_tof | front RGB/ToF=True/True | down RGB/ToF=False/False
[INFO] [1791463571.383456232] [dual_tof_selector]: ACTIVE CAMERA=front_rgb_only | front RGB/ToF=True/False | down RGB/ToF=False/False
[INFO] [1791463571.483906645] [dual_tof_selector]: ACTIVE CAMERA=front_tof | front RGB/ToF=True/True | down RGB/ToF=False/False
[INFO] [1791463571.583512906] [dual_tof_selector]: ACTIVE CAMERA=front_rgb_only | front RGB/ToF=True/False | down RGB/ToF=False/False
[INFO] [1791463571.783825872] [dual_tof_selector]: ACTIVE CAMERA=front_tof | front RGB/ToF=True/True | down RGB/ToF=False/False
[INFO] [1791463571.983782232] [dual_tof_selector]: ACTIVE CAMERA=front_rgb_only | front RGB/ToF=True/False | down RGB/ToF=False/False
[INFO] [1791463572.083363902] [dual_tof_selector]: ACTIVE CAMERA=front_tof | front RGB/ToF=True/True | down RGB/ToF=False/False
[INFO] [1791463572.183914800] [dual_tof_selector]: ACTIVE CAMERA=front_rgb_only | front RGB/ToF=True/False | down RGB/ToF=False/False
[INFO] [1791463572.383833660] [dual_tof_selector]: ACTIVE CAMERA=front_tof | front RGB/ToF=True/True | down RGB/ToF=False/False
[INFO] [1791463572.583295221] [dual_tof_selector]: ACTIVE CAMERA=front_rgb_only | front RGB/ToF=True/False | down RGB/ToF=False/False
[INFO] [1791463572.983354320] [dual_tof_selector]: ACTIVE CAMERA=front_tof | front RGB/ToF=True/True | down RGB/ToF=False/False
[INFO] [1791463573.383407748] [dual_tof_selector]: ACTIVE CAMERA=front_rgb_only | front RGB/ToF=True/False | down RGB/ToF=False/False
[INFO] [1791463573.483793939] [dual_tof_selector]: ACTIVE CAMERA=front_tof | front RGB/ToF=True/True | down RGB/ToF=False/False
[INFO] [1791463573.583757167] [dual_tof_selector]: ACTIVE CAMERA=front_rgb_only | front RGB/ToF=True/False | down RGB/ToF=False/False
[INFO] [1791463574.683726957] [dual_tof_selector]: ACTIVE CAMERA=front_tof | front RGB/ToF=True/True | down RGB/ToF=False/False
[INFO] [1791463574.883750327] [dual_tof_selector]: ACTIVE CAMERA=front_rgb_only | front RGB/ToF=True/False | down RGB/ToF=False/False
[INFO] [1791463574.983811951] [dual_tof_selector]: ACTIVE CAMERA=front_tof | front RGB/ToF=True/True | down RGB/ToF=False/False
[INFO] [1791463575.083858287] [dual_tof_selector]: ACTIVE CAMERA=front_rgb_only | front RGB/ToF=True/False | down RGB/ToF=False/False
[INFO] [1791463575.183988919] [dual_tof_selector]: ACTIVE CAMERA=front_tof | front RGB/ToF=True/True | down RGB/ToF=False/False
[INFO] [1791463586.684917493] [dual_tof_selector]: ACTIVE CAMERA=front_rgb_only | front RGB/ToF=True/False | down RGB/ToF=False/False
[INFO] [1791463586.784302075] [dual_tof_selector]: ACTIVE CAMERA=front_tof | front RGB/ToF=True/True | down RGB/ToF=False/False
[INFO] [1791463586.884247693] [dual_tof_selector]: ACTIVE CAMERA=front_rgb_only | front RGB/ToF=True/False | down RGB/ToF=False/False
[INFO] [1791463586.984141408] [dual_tof_selector]: ACTIVE CAMERA=front_tof | front RGB/ToF=True/True | down RGB/ToF=False/False
[INFO] [1791463589.883662324] [dual_tof_selector]: ACTIVE CAMERA=front_rgb_only | front RGB/ToF=True/False | down RGB/ToF=False/False
[INFO] [1791463589.983790670] [dual_tof_selector]: ACTIVE CAMERA=front_tof | front RGB/ToF=True/True | down RGB/ToF=False/False
[INFO] [1791463590.083651130] [dual_tof_selector]: ACTIVE CAMERA=front_rgb_only | front RGB/ToF=True/False | down RGB/ToF=False/False
[INFO] [1791463590.183460812] [dual_tof_selector]: ACTIVE CAMERA=front_tof | front RGB/ToF=True/True | down RGB/ToF=False/False
[INFO] [1791463590.283268880] [dual_tof_selector]: ACTIVE CAMERA=front_rgb_only | front RGB/ToF=True/False | down RGB/ToF=False/False
[INFO] [1791463590.383400952] [dual_tof_selector]: ACTIVE CAMERA=front_tof | front RGB/ToF=True/True | down RGB/ToF=False/False
[INFO] [1791463590.583700780] [dual_tof_selector]: ACTIVE CAMERA=front_rgb_only | front RGB/ToF=True/False | down RGB/ToF=False/False
[INFO] [1791463591.283341025] [dual_tof_selector]: ACTIVE CAMERA=front_tof | front RGB/ToF=True/True | down RGB/ToF=False/False
[INFO] [1791463591.383403933] [dual_tof_selector]: ACTIVE CAMERA=front_rgb_only | front RGB/ToF=True/False | down RGB/ToF=False/False
[INFO] [1791463591.583594362] [dual_tof_selector]: ACTIVE CAMERA=front_tof | front RGB/ToF=True/True | down RGB/ToF=False/False
[INFO] [1791463592.183771373] [dual_tof_selector]: ACTIVE CAMERA=front_rgb_only | front RGB/ToF=True/False | down RGB/ToF=False/False
[INFO] [1791463592.483862430] [dual_tof_selector]: ACTIVE CAMERA=front_tof | front RGB/ToF=True/True | down RGB/ToF=False/False
[INFO] [1791463592.683851526] [dual_tof_selector]: ACTIVE CAMERA=front_rgb_only | front RGB/ToF=True/False | down RGB/ToF=False/False
[INFO] [1791463592.784513067] [dual_tof_selector]: ACTIVE CAMERA=front_tof | front RGB/ToF=True/True | down RGB/ToF=False/False
[INFO] [1791463592.883915213] [dual_tof_selector]: ACTIVE CAMERA=front_rgb_only | front RGB/ToF=True/False | down RGB/ToF=False/False
[INFO] [1791463593.183516543] [dual_tof_selector]: ACTIVE CAMERA=front_tof | front RGB/ToF=True/True | down RGB/ToF=False/False
[INFO] [1791463593.283996602] [dual_tof_selector]: ACTIVE CAMERA=front_rgb_only | front RGB/ToF=True/False | down RGB/ToF=False/False
[INFO] [1791463593.583273197] [dual_tof_selector]: ACTIVE CAMERA=front_tof | front RGB/ToF=True/True | down RGB/ToF=False/False
[INFO] [1791463593.684187165] [dual_tof_selector]: ACTIVE CAMERA=front_rgb_only | front RGB/ToF=True/False | down RGB/ToF=False/False
[INFO] [1791463594.684283118] [dual_tof_selector]: ACTIVE CAMERA=front_tof | front RGB/ToF=True/True | down RGB/ToF=False/False
[INFO] [1791463595.084686420] [dual_tof_selector]: ACTIVE CAMERA=front_rgb_only | front RGB/ToF=True/False | down RGB/ToF=False/False
[INFO] [1791463595.783542103] [dual_tof_selector]: ACTIVE CAMERA=front_tof | front RGB/ToF=True/True | down RGB/ToF=False/False
[INFO] [1791463595.983746779] [dual_tof_selector]: ACTIVE CAMERA=front_rgb_only | front RGB/ToF=True/False | down RGB/ToF=False/False
[INFO] [1791463596.084109440] [dual_tof_selector]: ACTIVE CAMERA=front_tof | front RGB/ToF=True/True | down RGB/ToF=False/False
[INFO] [1791463596.683786682] [dual_tof_selector]: ACTIVE CAMERA=front_rgb_only | front RGB/ToF=True/False | down RGB/ToF=False/False
[INFO] [1791463596.784549847] [dual_tof_selector]: ACTIVE CAMERA=front_tof | front RGB/ToF=True/True | down RGB/ToF=False/False
[INFO] [1791463597.583250784] [dual_tof_selector]: ACTIVE CAMERA=front_rgb_only | front RGB/ToF=True/False | down RGB/ToF=False/False
[INFO] [1791463597.683438174] [dual_tof_selector]: ACTIVE CAMERA=front_tof | front RGB/ToF=True/True | down RGB/ToF=False/False
[INFO] [1791463601.783387928] [dual_tof_selector]: ACTIVE CAMERA=front_rgb_only | front RGB/ToF=True/False | down RGB/ToF=False/False
[INFO] [1791463601.883657346] [dual_tof_selector]: ACTIVE CAMERA=front_tof | front RGB/ToF=True/True | down RGB/ToF=False/False
[INFO] [1791463601.983308845] [dual_tof_selector]: ACTIVE CAMERA=front_rgb_only | front RGB/ToF=True/False | down RGB/ToF=False/False
[INFO] [1791463602.083276752] [dual_tof_selector]: ACTIVE CAMERA=front_tof | front RGB/ToF=True/True | down RGB/ToF=False/False
[INFO] [1791463602.284126150] [dual_tof_selector]: ACTIVE CAMERA=front_rgb_only | front RGB/ToF=True/False | down RGB/ToF=False/False
[INFO] [1791463602.483702442] [dual_tof_selector]: ACTIVE CAMERA=front_tof | front RGB/ToF=True/True | down RGB/ToF=False/False
[INFO] [1791463602.583520117] [dual_tof_selector]: ACTIVE CAMERA=front_rgb_only | front RGB/ToF=True/False | down RGB/ToF=False/False
[INFO] [1791463602.783689401] [dual_tof_selector]: ACTIVE CAMERA=front_tof | front RGB/ToF=True/True | down RGB/ToF=False/False
[INFO] [1791463605.583335894] [dual_tof_selector]: ACTIVE CAMERA=front_rgb_only | front RGB/ToF=True/False | down RGB/ToF=False/False
[INFO] [1791463605.683294126] [dual_tof_selector]: ACTIVE CAMERA=front_tof | front RGB/ToF=True/True | down RGB/ToF=False/False
[INFO] [1791463605.783722283] [dual_tof_selector]: ACTIVE CAMERA=front_rgb_only | front RGB/ToF=True/False | down RGB/ToF=False/False
[INFO] [1791463605.883743304] [dual_tof_selector]: ACTIVE CAMERA=front_tof | front RGB/ToF=True/True | down RGB/ToF=False/False
[INFO] [1791463614.383659589] [dual_tof_selector]: ACTIVE CAMERA=front_rgb_only | front RGB/ToF=True/False | down RGB/ToF=False/False
[INFO] [1791463614.483881618] [dual_tof_selector]: ACTIVE CAMERA=front_tof | front RGB/ToF=True/True | down RGB/ToF=False/False
[INFO] [1791463614.583819229] [dual_tof_selector]: ACTIVE CAMERA=front_rgb_only | front RGB/ToF=True/False | down RGB/ToF=False/False
[INFO] [1791463614.683372657] [dual_tof_selector]: ACTIVE CAMERA=front_tof | front RGB/ToF=True/True | down RGB/ToF=False/False
[INFO] [1791463615.083716505] [dual_tof_selector]: ACTIVE CAMERA=front_rgb_only | front RGB/ToF=True/False | down RGB/ToF=False/False
[INFO] [1791463615.183342029] [dual_tof_selector]: ACTIVE CAMERA=front_tof | front RGB/ToF=True/True | down RGB/ToF=False/False
[INFO] [1791463615.283704287] [dual_tof_selector]: ACTIVE CAMERA=front_rgb_only | front RGB/ToF=True/False | down RGB/ToF=False/False
[INFO] [1791463615.383920378] [dual_tof_selector]: ACTIVE CAMERA=front_tof | front RGB/ToF=True/True | down RGB/ToF=False/False
[INFO] [1791463615.483756352] [dual_tof_selector]: ACTIVE CAMERA=front_rgb_only | front RGB/ToF=True/False | down RGB/ToF=False/False
[INFO] [1791463615.583343211] [dual_tof_selector]: ACTIVE CAMERA=front_tof | front RGB/ToF=True/True | down RGB/ToF=False/False
[INFO] [1791463615.983730318] [dual_tof_selector]: ACTIVE CAMERA=front_rgb_only | front RGB/ToF=True/False | down RGB/ToF=False/False
[INFO] [1791463616.083859014] [dual_tof_selector]: ACTIVE CAMERA=front_tof | front RGB/ToF=True/True | down RGB/ToF=False/False
[INFO] [1791463616.183707519] [dual_tof_selector]: ACTIVE CAMERA=front_rgb_only | front RGB/ToF=True/False | down RGB/ToF=False/False
[INFO] [1791463616.284916715] [dual_tof_selector]: ACTIVE CAMERA=front_tof | front RGB/ToF=True/True | down RGB/ToF=False/False
[INFO] [1791463616.383726877] [dual_tof_selector]: ACTIVE CAMERA=front_rgb_only | front RGB/ToF=True/False | down RGB/ToF=False/False
[INFO] [1791463616.783871881] [dual_tof_selector]: ACTIVE CAMERA=front_tof | front RGB/ToF=True/True | down RGB/ToF=False/False
[INFO] [1791463616.883644400] [dual_tof_selector]: ACTIVE CAMERA=front_rgb_only | front RGB/ToF=True/False | down RGB/ToF=False/False
[INFO] [1791463617.683320214] [dual_tof_selector]: ACTIVE CAMERA=front_tof | front RGB/ToF=True/True | down RGB/ToF=False/False
[INFO] [1791463617.783856951] [dual_tof_selector]: ACTIVE CAMERA=front_rgb_only | front RGB/ToF=True/False | down RGB/ToF=False/False
[INFO] [1791463617.883332539] [dual_tof_selector]: ACTIVE CAMERA=front_tof | front RGB/ToF=True/True | down RGB/ToF=False/False
[INFO] [1791463617.983392507] [dual_tof_selector]: ACTIVE CAMERA=front_rgb_only | front RGB/ToF=True/False | down RGB/ToF=False/False
[INFO] [1791463618.183745354] [dual_tof_selector]: ACTIVE CAMERA=front_tof | front RGB/ToF=True/True | down RGB/ToF=False/False
[INFO] [1791463618.283292770] [dual_tof_selector]: ACTIVE CAMERA=front_rgb_only | front RGB/ToF=True/False | down RGB/ToF=False/False
[INFO] [1791463618.583416305] [dual_tof_selector]: ACTIVE CAMERA=front_tof | front RGB/ToF=True/True | down RGB/ToF=False/False
[INFO] [1791463618.683292747] [dual_tof_selector]: ACTIVE CAMERA=front_rgb_only | front RGB/ToF=True/False | down RGB/ToF=False/False
[INFO] [1791463618.783294610] [dual_tof_selector]: ACTIVE CAMERA=front_tof | front RGB/ToF=True/True | down RGB/ToF=False/False
[INFO] [1791463619.183364325] [dual_tof_selector]: ACTIVE CAMERA=front_rgb_only | front RGB/ToF=True/False | down RGB/ToF=False/False
[INFO] [1791463619.283354155] [dual_tof_selector]: ACTIVE CAMERA=front_tof | front RGB/ToF=True/True | down RGB/ToF=False/False
[INFO] [1791463619.883477408] [dual_tof_selector]: ACTIVE CAMERA=front_rgb_only | front RGB/ToF=True/False | down RGB/ToF=False/False
[INFO] [1791463619.983784470] [dual_tof_selector]: ACTIVE CAMERA=front_tof | front RGB/ToF=True/True | down RGB/ToF=False/False
[INFO] [1791463620.083672730] [dual_tof_selector]: ACTIVE CAMERA=front_rgb_only | front RGB/ToF=True/False | down RGB/ToF=False/False
[INFO] [1791463620.183740590] [dual_tof_selector]: ACTIVE CAMERA=front_tof | front RGB/ToF=True/True | down RGB/ToF=False/False
[INFO] [1791463620.583609461] [dual_tof_selector]: ACTIVE CAMERA=front_rgb_only | front RGB/ToF=True/False | down RGB/ToF=False/False
[INFO] [1791463620.683768995] [dual_tof_selector]: ACTIVE CAMERA=front_tof | front RGB/ToF=True/True | down RGB/ToF=False/False
[INFO] [1791463620.783300565] [dual_tof_selector]: ACTIVE CAMERA=front_rgb_only | front RGB/ToF=True/False | down RGB/ToF=False/False
[INFO] [1791463620.883273448] [dual_tof_selector]: ACTIVE CAMERA=front_tof | front RGB/ToF=True/True | down RGB/ToF=False/False
[INFO] [1791463620.983322963] [dual_tof_selector]: ACTIVE CAMERA=front_rgb_only | front RGB/ToF=True/False | down RGB/ToF=False/False
[INFO] [1791463621.083708011] [dual_tof_selector]: ACTIVE CAMERA=front_tof | front RGB/ToF=True/True | down RGB/ToF=False/False
[INFO] [1791463623.084489684] [dual_tof_selector]: ACTIVE CAMERA=front_rgb_only | front RGB/ToF=True/False | down RGB/ToF=False/False
[INFO] [1791463623.183717528] [dual_tof_selector]: ACTIVE CAMERA=front_tof | front RGB/ToF=True/True | down RGB/ToF=False/False
[INFO] [1791463624.783752538] [dual_tof_selector]: ACTIVE CAMERA=front_rgb_only | front RGB/ToF=True/False | down RGB/ToF=False/False
[INFO] [1791463624.883348816] [dual_tof_selector]: ACTIVE CAMERA=front_tof | front RGB/ToF=True/True | down RGB/ToF=False/False
[INFO] [1791463624.983689709] [dual_tof_selector]: ACTIVE CAMERA=front_rgb_only | front RGB/ToF=True/False | down RGB/ToF=False/False
[INFO] [1791463625.083456320] [dual_tof_selector]: ACTIVE CAMERA=front_tof | front RGB/ToF=True/True | down RGB/ToF=False/False
[INFO] [1791463625.483395019] [dual_tof_selector]: ACTIVE CAMERA=front_rgb_only | front RGB/ToF=True/False | down RGB/ToF=False/False
[INFO] [1791463625.583457023] [dual_tof_selector]: ACTIVE CAMERA=front_tof | front RGB/ToF=True/True | down RGB/ToF=False/False
[INFO] [1791463625.683487163] [dual_tof_selector]: ACTIVE CAMERA=front_rgb_only | front RGB/ToF=True/False | down RGB/ToF=False/False
[INFO] [1791463625.783386422] [dual_tof_selector]: ACTIVE CAMERA=front_tof | front RGB/ToF=True/True | down RGB/ToF=False/False
[INFO] [1791463625.884375873] [dual_tof_selector]: ACTIVE CAMERA=front_rgb_only | front RGB/ToF=True/False | down RGB/ToF=False/False
[INFO] [1791463625.983800423] [dual_tof_selector]: ACTIVE CAMERA=front_tof | front RGB/ToF=True/True | down RGB/ToF=False/False
[INFO] [1791463626.383670665] [dual_tof_selector]: ACTIVE CAMERA=front_rgb_only | front RGB/ToF=True/False | down RGB/ToF=False/False
[INFO] [1791463626.484380797] [dual_tof_selector]: ACTIVE CAMERA=front_tof | front RGB/ToF=True/True | down RGB/ToF=False/False
[INFO] [1791463626.583788994] [dual_tof_selector]: ACTIVE CAMERA=front_rgb_only | front RGB/ToF=True/False | down RGB/ToF=False/False
[INFO] [1791463626.683986331] [dual_tof_selector]: ACTIVE CAMERA=front_tof | front RGB/ToF=True/True | down RGB/ToF=False/False
[INFO] [1791463626.783534014] [dual_tof_selector]: ACTIVE CAMERA=front_rgb_only | front RGB/ToF=True/False | down RGB/ToF=False/False
[INFO] [1791463626.883812690] [dual_tof_selector]: ACTIVE CAMERA=front_tof | front RGB/ToF=True/True | down RGB/ToF=False/False
[INFO] [1791463627.484449827] [dual_tof_selector]: ACTIVE CAMERA=front_rgb_only | front RGB/ToF=True/False | down RGB/ToF=False/False
[INFO] [1791463627.583728923] [dual_tof_selector]: ACTIVE CAMERA=front_tof | front RGB/ToF=True/True | down RGB/ToF=False/False
[INFO] [1791463627.683406137] [dual_tof_selector]: ACTIVE CAMERA=front_rgb_only | front RGB/ToF=True/False | down RGB/ToF=False/False
[INFO] [1791463627.784005319] [dual_tof_selector]: ACTIVE CAMERA=front_tof | front RGB/ToF=True/True | down RGB/ToF=False/False
[INFO] [1791463627.884099988] [dual_tof_selector]: ACTIVE CAMERA=front_rgb_only | front RGB/ToF=True/False | down RGB/ToF=False/False
[INFO] [1791463627.983725870] [dual_tof_selector]: ACTIVE CAMERA=front_tof | front RGB/ToF=True/True | down RGB/ToF=False/False
[INFO] [1791463628.384024123] [dual_tof_selector]: ACTIVE CAMERA=front_rgb_only | front RGB/ToF=True/False | down RGB/ToF=False/False
[INFO] [1791463628.483910915] [dual_tof_selector]: ACTIVE CAMERA=front_tof | front RGB/ToF=True/True | down RGB/ToF=False/False
[INFO] [1791463628.583883872] [dual_tof_selector]: ACTIVE CAMERA=front_rgb_only | front RGB/ToF=True/False | down RGB/ToF=False/False
[INFO] [1791463628.883783434] [dual_tof_selector]: ACTIVE CAMERA=front_tof | front RGB/ToF=True/True | down RGB/ToF=False/False
[INFO] [1791463628.983805418] [dual_tof_selector]: ACTIVE CAMERA=front_rgb_only | front RGB/ToF=True/False | down RGB/ToF=False/False
[INFO] [1791463629.083728416] [dual_tof_selector]: ACTIVE CAMERA=front_tof | front RGB/ToF=True/True | down RGB/ToF=False/False
[INFO] [1791463629.283813587] [dual_tof_selector]: ACTIVE CAMERA=front_rgb_only | front RGB/ToF=True/False | down RGB/ToF=False/False
[INFO] [1791463629.383790856] [dual_tof_selector]: ACTIVE CAMERA=front_tof | front RGB/ToF=True/True | down RGB/ToF=False/False
[INFO] [1791463629.483839052] [dual_tof_selector]: ACTIVE CAMERA=front_rgb_only | front RGB/ToF=True/False | down RGB/ToF=False/False
[INFO] [1791463629.584199680] [dual_tof_selector]: ACTIVE CAMERA=front_tof | front RGB/ToF=True/True | down RGB/ToF=False/False
[INFO] [1791463629.983330759] [dual_tof_selector]: ACTIVE CAMERA=front_rgb_only | front RGB/ToF=True/False | down RGB/ToF=False/False
[INFO] [1791463630.083673431] [dual_tof_selector]: ACTIVE CAMERA=front_tof | front RGB/ToF=True/True | down RGB/ToF=False/False
[INFO] [1791463630.183385261] [dual_tof_selector]: ACTIVE CAMERA=front_rgb_only | front RGB/ToF=True/False | down RGB/ToF=False/False
[INFO] [1791463630.283705128] [dual_tof_selector]: ACTIVE CAMERA=front_tof | front RGB/ToF=True/True | down RGB/ToF=False/False
[INFO] [1791463630.883739175] [dual_tof_selector]: ACTIVE CAMERA=front_rgb_only | front RGB/ToF=True/False | down RGB/ToF=False/False
[INFO] [1791463630.983789518] [dual_tof_selector]: ACTIVE CAMERA=front_tof | front RGB/ToF=True/True | down RGB/ToF=False/False
[INFO] [1791463631.583752502] [dual_tof_selector]: ACTIVE CAMERA=front_rgb_only | front RGB/ToF=True/False | down RGB/ToF=False/False
[INFO] [1791463631.683790096] [dual_tof_selector]: ACTIVE CAMERA=front_tof | front RGB/ToF=True/True | down RGB/ToF=False/False
[INFO] [1791463632.284101688] [dual_tof_selector]: ACTIVE CAMERA=front_rgb_only | front RGB/ToF=True/False | down RGB/ToF=False/False
[INFO] [1791463632.383403471] [dual_tof_selector]: ACTIVE CAMERA=front_tof | front RGB/ToF=True/True | down RGB/ToF=False/False
[INFO] [1791463632.783683319] [dual_tof_selector]: ACTIVE CAMERA=front_rgb_only | front RGB/ToF=True/False | down RGB/ToF=False/False
[INFO] [1791463632.883670514] [dual_tof_selector]: ACTIVE CAMERA=front_tof | front RGB/ToF=True/True | down RGB/ToF=False/False
[INFO] [1791463632.983697032] [dual_tof_selector]: ACTIVE CAMERA=front_rgb_only | front RGB/ToF=True/False | down RGB/ToF=False/False
[INFO] [1791463633.083727400] [dual_tof_selector]: ACTIVE CAMERA=front_tof | front RGB/ToF=True/True | down RGB/ToF=False/False
[INFO] [1791463633.183354422] [dual_tof_selector]: ACTIVE CAMERA=front_rgb_only | front RGB/ToF=True/False | down RGB/ToF=False/False
[INFO] [1791463633.483358784] [dual_tof_selector]: ACTIVE CAMERA=front_tof | front RGB/ToF=True/True | down RGB/ToF=False/False
[INFO] [1791463633.583289883] [dual_tof_selector]: ACTIVE CAMERA=front_rgb_only | front RGB/ToF=True/False | down RGB/ToF=False/False
[INFO] [1791463633.683289126] [dual_tof_selector]: ACTIVE CAMERA=front_tof | front RGB/ToF=True/True | down RGB/ToF=False/False
[INFO] [1791463633.883309041] [dual_tof_selector]: ACTIVE CAMERA=front_rgb_only | front RGB/ToF=True/False | down RGB/ToF=False/False
[INFO] [1791463633.983411070] [dual_tof_selector]: ACTIVE CAMERA=front_tof | front RGB/ToF=True/True | down RGB/ToF=False/False
[INFO] [1791463634.083313743] [dual_tof_selector]: ACTIVE CAMERA=front_rgb_only | front RGB/ToF=True/False | down RGB/ToF=False/False
[INFO] [1791463634.184484704] [dual_tof_selector]: ACTIVE CAMERA=front_tof | front RGB/ToF=True/True | down RGB/ToF=False/False
[INFO] [1791463634.283483393] [dual_tof_selector]: ACTIVE CAMERA=front_rgb_only | front RGB/ToF=True/False | down RGB/ToF=False/False
[INFO] [1791463634.384683697] [dual_tof_selector]: ACTIVE CAMERA=front_tof | front RGB/ToF=True/True | down RGB/ToF=False/False
[INFO] [1791463635.884501919] [dual_tof_selector]: ACTIVE CAMERA=front_rgb_only | front RGB/ToF=True/False | down RGB/ToF=False/False
[INFO] [1791463635.983569721] [dual_tof_selector]: ACTIVE CAMERA=front_tof | front RGB/ToF=True/True | down RGB/ToF=False/False
[INFO] [1791463636.583513759] [dual_tof_selector]: ACTIVE CAMERA=front_rgb_only | front RGB/ToF=True/False | down RGB/ToF=False/False
[INFO] [1791463636.683921439] [dual_tof_selector]: ACTIVE CAMERA=front_tof | front RGB/ToF=True/True | down RGB/ToF=False/False
[INFO] [1791463637.483911605] [dual_tof_selector]: ACTIVE CAMERA=front_rgb_only | front RGB/ToF=True/False | down RGB/ToF=False/False
[INFO] [1791463637.583751506] [dual_tof_selector]: ACTIVE CAMERA=front_tof | front RGB/ToF=True/True | down RGB/ToF=False/False
[INFO] [1791463637.683797735] [dual_tof_selector]: ACTIVE CAMERA=front_rgb_only | front RGB/ToF=True/False | down RGB/ToF=False/False
[INFO] [1791463637.783800963] [dual_tof_selector]: ACTIVE CAMERA=front_tof | front RGB/ToF=True/True | down RGB/ToF=False/False
[INFO] [1791463638.783730395] [dual_tof_selector]: ACTIVE CAMERA=front_rgb_only | front RGB/ToF=True/False | down RGB/ToF=False/False
[INFO] [1791463638.883471010] [dual_tof_selector]: ACTIVE CAMERA=front_tof | front RGB/ToF=True/True | down RGB/ToF=False/False
[INFO] [1791463640.683419332] [dual_tof_selector]: ACTIVE CAMERA=front_rgb_only | front RGB/ToF=True/False | down RGB/ToF=False/False
[INFO] [1791463640.783425749] [dual_tof_selector]: ACTIVE CAMERA=front_tof | front RGB/ToF=True/True | down RGB/ToF=False/False
[INFO] [1791463641.183838014] [dual_tof_selector]: ACTIVE CAMERA=front_rgb_only | front RGB/ToF=True/False | down RGB/ToF=False/False
[INFO] [1791463641.283722831] [dual_tof_selector]: ACTIVE CAMERA=front_tof | front RGB/ToF=True/True | down RGB/ToF=False/False
[INFO] [1791463641.383376330] [dual_tof_selector]: ACTIVE CAMERA=front_rgb_only | front RGB/ToF=True/False | down RGB/ToF=False/False
[INFO] [1791463641.783358832] [dual_tof_selector]: ACTIVE CAMERA=front_tof | front RGB/ToF=True/True | down RGB/ToF=False/False
[INFO] [1791463641.883640871] [dual_tof_selector]: ACTIVE CAMERA=front_rgb_only | front RGB/ToF=True/False | down RGB/ToF=False/False
[INFO] [1791463641.983384015] [dual_tof_selector]: ACTIVE CAMERA=front_tof | front RGB/ToF=True/True | down RGB/ToF=False/False
[INFO] [1791463642.183404879] [dual_tof_selector]: ACTIVE CAMERA=front_rgb_only | front RGB/ToF=True/False | down RGB/ToF=False/False
[INFO] [1791463642.283669347] [dual_tof_selector]: ACTIVE CAMERA=front_tof | front RGB/ToF=True/True | down RGB/ToF=False/False
[INFO] [1791463642.383809745] [dual_tof_selector]: ACTIVE CAMERA=front_rgb_only | front RGB/ToF=True/False | down RGB/ToF=False/False
[INFO] [1791463642.483802707] [dual_tof_selector]: ACTIVE CAMERA=front_tof | front RGB/ToF=True/True | down RGB/ToF=False/False
[INFO] [1791463642.883746304] [dual_tof_selector]: ACTIVE CAMERA=front_rgb_only | front RGB/ToF=True/False | down RGB/ToF=False/False
[INFO] [1791463642.983880060] [dual_tof_selector]: ACTIVE CAMERA=front_tof | front RGB/ToF=True/True | down RGB/ToF=False/False
[INFO] [1791463643.083478440] [dual_tof_selector]: ACTIVE CAMERA=front_rgb_only | front RGB/ToF=True/False | down RGB/ToF=False/False
[INFO] [1791463643.183721007] [dual_tof_selector]: ACTIVE CAMERA=front_tof | front RGB/ToF=True/True | down RGB/ToF=False/False
[INFO] [1791463643.283792156] [dual_tof_selector]: ACTIVE CAMERA=front_rgb_only | front RGB/ToF=True/False | down RGB/ToF=False/False
[INFO] [1791463643.383847905] [dual_tof_selector]: ACTIVE CAMERA=front_tof | front RGB/ToF=True/True | down RGB/ToF=False/False
[INFO] [1791463643.783794444] [dual_tof_selector]: ACTIVE CAMERA=front_rgb_only | front RGB/ToF=True/False | down RGB/ToF=False/False
[INFO] [1791463643.883704317] [dual_tof_selector]: ACTIVE CAMERA=front_tof | front RGB/ToF=True/True | down RGB/ToF=False/False
[INFO] [1791463645.883761516] [dual_tof_selector]: ACTIVE CAMERA=front_rgb_only | front RGB/ToF=True/False | down RGB/ToF=False/False
[INFO] [1791463645.983694820] [dual_tof_selector]: ACTIVE CAMERA=front_tof | front RGB/ToF=True/True | down RGB/ToF=False/False
[INFO] [1791463648.583777126] [dual_tof_selector]: ACTIVE CAMERA=front_rgb_only | front RGB/ToF=True/False | down RGB/ToF=False/False
[INFO] [1791463648.683384877] [dual_tof_selector]: ACTIVE CAMERA=front_tof | front RGB/ToF=True/True | down RGB/ToF=False/False
[INFO] [1791463650.683407119] [dual_tof_selector]: ACTIVE CAMERA=front_rgb_only | front RGB/ToF=True/False | down RGB/ToF=False/False
[INFO] [1791463650.783421120] [dual_tof_selector]: ACTIVE CAMERA=front_tof | front RGB/ToF=True/True | down RGB/ToF=False/False
[INFO] [1791463653.483747178] [dual_tof_selector]: ACTIVE CAMERA=front_rgb_only | front RGB/ToF=True/False | down RGB/ToF=False/False
[INFO] [1791463653.583771910] [dual_tof_selector]: ACTIVE CAMERA=front_tof | front RGB/ToF=True/True | down RGB/ToF=False/False
[INFO] [1791463654.583845580] [dual_tof_selector]: ACTIVE CAMERA=front_rgb_only | front RGB/ToF=True/False | down RGB/ToF=False/False
[INFO] [1791463655.283889890] [dual_tof_selector]: ACTIVE CAMERA=front_tof | front RGB/ToF=True/True | down RGB/ToF=False/False
[INFO] [1791463655.383945619] [dual_tof_selector]: ACTIVE CAMERA=front_rgb_only | front RGB/ToF=True/False | down RGB/ToF=False/False
[INFO] [1791463655.484158511] [dual_tof_selector]: ACTIVE CAMERA=front_tof | front RGB/ToF=True/True | down RGB/ToF=False/False
[INFO] [1791463655.883769039] [dual_tof_selector]: ACTIVE CAMERA=front_rgb_only | front RGB/ToF=True/False | down RGB/ToF=False/False
[INFO] [1791463655.983963497] [dual_tof_selector]: ACTIVE CAMERA=front_tof | front RGB/ToF=True/True | down RGB/ToF=False/False
[INFO] [1791463656.083545729] [dual_tof_selector]: ACTIVE CAMERA=front_rgb_only | front RGB/ToF=True/False | down RGB/ToF=False/False
[INFO] [1791463656.183873379] [dual_tof_selector]: ACTIVE CAMERA=front_tof | front RGB/ToF=True/True | down RGB/ToF=False/False
[INFO] [1791463656.283448135] [dual_tof_selector]: ACTIVE CAMERA=front_rgb_only | front RGB/ToF=True/False | down RGB/ToF=False/False
[INFO] [1791463656.383680280] [dual_tof_selector]: ACTIVE CAMERA=front_tof | front RGB/ToF=True/True | down RGB/ToF=False/False
[INFO] [1791463656.484036475] [dual_tof_selector]: ACTIVE CAMERA=front_rgb_only | front RGB/ToF=True/False | down RGB/ToF=False/False
[INFO] [1791463656.583719130] [dual_tof_selector]: ACTIVE CAMERA=front_tof | front RGB/ToF=True/True | down RGB/ToF=False/False
[INFO] [1791463656.683688786] [dual_tof_selector]: ACTIVE CAMERA=front_rgb_only | front RGB/ToF=True/False | down RGB/ToF=False/False
[INFO] [1791463657.183866095] [dual_tof_selector]: ACTIVE CAMERA=front_tof | front RGB/ToF=True/True | down RGB/ToF=False/False
[INFO] [1791463657.283816384] [dual_tof_selector]: ACTIVE CAMERA=front_rgb_only | front RGB/ToF=True/False | down RGB/ToF=False/False
[INFO] [1791463657.383840893] [dual_tof_selector]: ACTIVE CAMERA=front_tof | front RGB/ToF=True/True | down RGB/ToF=False/False
[INFO] [1791463657.583867066] [dual_tof_selector]: ACTIVE CAMERA=front_rgb_only | front RGB/ToF=True/False | down RGB/ToF=False/False
[INFO] [1791463657.783794648] [dual_tof_selector]: ACTIVE CAMERA=front_tof | front RGB/ToF=True/True | down RGB/ToF=False/False
[INFO] [1791463657.883539952] [dual_tof_selector]: ACTIVE CAMERA=front_rgb_only | front RGB/ToF=True/False | down RGB/ToF=False/False
[INFO] [1791463657.983387103] [dual_tof_selector]: ACTIVE CAMERA=front_tof | front RGB/ToF=True/True | down RGB/ToF=False/False
[INFO] [1791463658.083844712] [dual_tof_selector]: ACTIVE CAMERA=front_rgb_only | front RGB/ToF=True/False | down RGB/ToF=False/False
[INFO] [1791463658.283898054] [dual_tof_selector]: ACTIVE CAMERA=front_tof | front RGB/ToF=True/True | down RGB/ToF=False/False
[INFO] [1791463662.083855318] [dual_tof_selector]: ACTIVE CAMERA=front_rgb_only | front RGB/ToF=True/False | down RGB/ToF=False/False
[INFO] [1791463662.183871775] [dual_tof_selector]: ACTIVE CAMERA=front_tof | front RGB/ToF=True/True | down RGB/ToF=False/False
[INFO] [1791463662.583713427] [dual_tof_selector]: ACTIVE CAMERA=front_rgb_only | front RGB/ToF=True/False | down RGB/ToF=False/False
[INFO] [1791463662.683813494] [dual_tof_selector]: ACTIVE CAMERA=front_tof | front RGB/ToF=True/True | down RGB/ToF=False/False
[INFO] [1791463663.083781526] [dual_tof_selector]: ACTIVE CAMERA=front_rgb_only | front RGB/ToF=True/False | down RGB/ToF=False/False
[INFO] [1791463663.183993228] [dual_tof_selector]: ACTIVE CAMERA=front_tof | front RGB/ToF=True/True | down RGB/ToF=False/False
[INFO] [1791463663.283397856] [dual_tof_selector]: ACTIVE CAMERA=front_rgb_only | front RGB/ToF=True/False | down RGB/ToF=False/False
[INFO] [1791463663.583691639] [dual_tof_selector]: ACTIVE CAMERA=front_tof | front RGB/ToF=True/True | down RGB/ToF=False/False
[INFO] [1791463663.784038799] [dual_tof_selector]: ACTIVE CAMERA=front_rgb_only | front RGB/ToF=True/False | down RGB/ToF=False/False
[INFO] [1791463664.183556822] [dual_tof_selector]: ACTIVE CAMERA=front_tof | front RGB/ToF=True/True | down RGB/ToF=False/False
[INFO] [1791463664.383823528] [dual_tof_selector]: ACTIVE CAMERA=front_rgb_only | front RGB/ToF=True/False | down RGB/ToF=False/False
[INFO] [1791463664.483891996] [dual_tof_selector]: ACTIVE CAMERA=front_tof | front RGB/ToF=True/True | down RGB/ToF=False/False
[INFO] [1791463664.583440340] [dual_tof_selector]: ACTIVE CAMERA=front_rgb_only | front RGB/ToF=True/False | down RGB/ToF=False/False
[INFO] [1791463664.683415903] [dual_tof_selector]: ACTIVE CAMERA=front_tof | front RGB/ToF=True/True | down RGB/ToF=False/False
[INFO] [1791463664.783433347] [dual_tof_selector]: ACTIVE CAMERA=front_rgb_only | front RGB/ToF=True/False | down RGB/ToF=False/False
[INFO] [1791463664.983383585] [dual_tof_selector]: ACTIVE CAMERA=front_tof | front RGB/ToF=True/True | down RGB/ToF=False/False
[INFO] [1791463666.083870828] [dual_tof_selector]: ACTIVE CAMERA=front_rgb_only | front RGB/ToF=True/False | down RGB/ToF=False/False
[INFO] [1791463666.183785719] [dual_tof_selector]: ACTIVE CAMERA=front_tof | front RGB/ToF=True/True | down RGB/ToF=False/False
[INFO] [1791463666.283776059] [dual_tof_selector]: ACTIVE CAMERA=front_rgb_only | front RGB/ToF=True/False | down RGB/ToF=False/False
[INFO] [1791463666.483361704] [dual_tof_selector]: ACTIVE CAMERA=front_tof | front RGB/ToF=True/True | down RGB/ToF=False/False
[INFO] [1791463666.583375369] [dual_tof_selector]: ACTIVE CAMERA=front_rgb_only | front RGB/ToF=True/False | down RGB/ToF=False/False
[INFO] [1791463666.883705586] [dual_tof_selector]: ACTIVE CAMERA=front_tof | front RGB/ToF=True/True | down RGB/ToF=False/False
[INFO] [1791463667.083460146] [dual_tof_selector]: ACTIVE CAMERA=front_rgb_only | front RGB/ToF=True/False | down RGB/ToF=False/False
[INFO] [1791463667.683994323] [dual_tof_selector]: ACTIVE CAMERA=front_tof | front RGB/ToF=True/True | down RGB/ToF=False/False
[INFO] [1791463667.883487310] [dual_tof_selector]: ACTIVE CAMERA=front_rgb_only | front RGB/ToF=True/False | down RGB/ToF=False/False
[INFO] [1791463667.983378270] [dual_tof_selector]: ACTIVE CAMERA=front_tof | front RGB/ToF=True/True | down RGB/ToF=False/False
[INFO] [1791463668.083384850] [dual_tof_selector]: ACTIVE CAMERA=front_rgb_only | front RGB/ToF=True/False | down RGB/ToF=False/False
[INFO] [1791463668.183299770] [dual_tof_selector]: ACTIVE CAMERA=front_tof | front RGB/ToF=True/True | down RGB/ToF=False/False
[INFO] [1791463668.283705337] [dual_tof_selector]: ACTIVE CAMERA=front_rgb_only | front RGB/ToF=True/False | down RGB/ToF=False/False
[INFO] [1791463668.383703229] [dual_tof_selector]: ACTIVE CAMERA=front_tof | front RGB/ToF=True/True | down RGB/ToF=False/False
[INFO] [1791463668.583777114] [dual_tof_selector]: ACTIVE CAMERA=front_rgb_only | front RGB/ToF=True/False | down RGB/ToF=False/False
[INFO] [1791463668.683758478] [dual_tof_selector]: ACTIVE CAMERA=front_tof | front RGB/ToF=True/True | down RGB/ToF=False/False
[INFO] [1791463668.783711140] [dual_tof_selector]: ACTIVE CAMERA=front_rgb_only | front RGB/ToF=True/False | down RGB/ToF=False/False
[INFO] [1791463669.183953433] [dual_tof_selector]: ACTIVE CAMERA=front_tof | front RGB/ToF=True/True | down RGB/ToF=False/False
[INFO] [1791463669.384010100] [dual_tof_selector]: ACTIVE CAMERA=front_rgb_only | front RGB/ToF=True/False | down RGB/ToF=False/False
[INFO] [1791463669.683920020] [dual_tof_selector]: ACTIVE CAMERA=front_tof | front RGB/ToF=True/True | down RGB/ToF=False/False
[INFO] [1791463670.083753664] [dual_tof_selector]: ACTIVE CAMERA=front_rgb_only | front RGB/ToF=True/False | down RGB/ToF=False/False
[INFO] [1791463670.183699286] [dual_tof_selector]: ACTIVE CAMERA=front_tof | front RGB/ToF=True/True | down RGB/ToF=False/False
[INFO] [1791463670.983837531] [dual_tof_selector]: ACTIVE CAMERA=front_rgb_only | front RGB/ToF=True/False | down RGB/ToF=False/False
[INFO] [1791463671.084159689] [dual_tof_selector]: ACTIVE CAMERA=front_tof | front RGB/ToF=True/True | down RGB/ToF=False/False
[INFO] [1791463671.683948984] [dual_tof_selector]: ACTIVE CAMERA=front_rgb_only | front RGB/ToF=True/False | down RGB/ToF=False/False
[INFO] [1791463671.784015233] [dual_tof_selector]: ACTIVE CAMERA=front_tof | front RGB/ToF=True/True | down RGB/ToF=False/False
[INFO] [1791463671.885282234] [dual_tof_selector]: ACTIVE CAMERA=front_rgb_only | front RGB/ToF=True/False | down RGB/ToF=False/False
[INFO] [1791463671.984077369] [dual_tof_selector]: ACTIVE CAMERA=front_tof | front RGB/ToF=True/True | down RGB/ToF=False/False
[INFO] [1791463672.083797998] [dual_tof_selector]: ACTIVE CAMERA=front_rgb_only | front RGB/ToF=True/False | down RGB/ToF=False/False
[INFO] [1791463672.183598714] [dual_tof_selector]: ACTIVE CAMERA=front_tof | front RGB/ToF=True/True | down RGB/ToF=False/False
[INFO] [1791463672.383741962] [dual_tof_selector]: ACTIVE CAMERA=front_rgb_only | front RGB/ToF=True/False | down RGB/ToF=False/False
[INFO] [1791463672.683889368] [dual_tof_selector]: ACTIVE CAMERA=front_tof | front RGB/ToF=True/True | down RGB/ToF=False/False
[INFO] [1791463673.483386346] [dual_tof_selector]: ACTIVE CAMERA=front_rgb_only | front RGB/ToF=True/False | down RGB/ToF=False/False
[INFO] [1791463673.584207180] [dual_tof_selector]: ACTIVE CAMERA=front_tof | front RGB/ToF=True/True | down RGB/ToF=False/False
[INFO] [1791463673.984214549] [dual_tof_selector]: ACTIVE CAMERA=front_rgb_only | front RGB/ToF=True/False | down RGB/ToF=False/False
[INFO] [1791463674.083389591] [dual_tof_selector]: ACTIVE CAMERA=front_tof | front RGB/ToF=True/True | down RGB/ToF=False/False
[INFO] [1791463674.883339941] [dual_tof_selector]: ACTIVE CAMERA=front_rgb_only | front RGB/ToF=True/False | down RGB/ToF=False/False
[INFO] [1791463674.983699714] [dual_tof_selector]: ACTIVE CAMERA=front_tof | front RGB/ToF=True/True | down RGB/ToF=False/False
[INFO] [1791463675.083423792] [dual_tof_selector]: ACTIVE CAMERA=front_rgb_only | front RGB/ToF=True/False | down RGB/ToF=False/False
[INFO] [1791463675.183328359] [dual_tof_selector]: ACTIVE CAMERA=front_tof | front RGB/ToF=True/True | down RGB/ToF=False/False
[INFO] [1791463675.783748359] [dual_tof_selector]: ACTIVE CAMERA=front_rgb_only | front RGB/ToF=True/False | down RGB/ToF=False/False
[INFO] [1791463675.883428014] [dual_tof_selector]: ACTIVE CAMERA=front_tof | front RGB/ToF=True/True | down RGB/ToF=False/False
[INFO] [1791463678.083698928] [dual_tof_selector]: ACTIVE CAMERA=front_rgb_only | front RGB/ToF=True/False | down RGB/ToF=False/False
[INFO] [1791463678.183399991] [dual_tof_selector]: ACTIVE CAMERA=front_tof | front RGB/ToF=True/True | down RGB/ToF=False/False
[INFO] [1791463679.683942634] [dual_tof_selector]: ACTIVE CAMERA=front_rgb_only | front RGB/ToF=True/False | down RGB/ToF=False/False
[INFO] [1791463679.783807924] [dual_tof_selector]: ACTIVE CAMERA=front_tof | front RGB/ToF=True/True | down RGB/ToF=False/False
[INFO] [1791463680.583742825] [dual_tof_selector]: ACTIVE CAMERA=front_rgb_only | front RGB/ToF=True/False | down RGB/ToF=False/False
[INFO] [1791463680.683769236] [dual_tof_selector]: ACTIVE CAMERA=front_tof | front RGB/ToF=True/True | down RGB/ToF=False/False
[INFO] [1791463681.483795120] [dual_tof_selector]: ACTIVE CAMERA=front_rgb_only | front RGB/ToF=True/False | down RGB/ToF=False/False
[INFO] [1791463681.583709981] [dual_tof_selector]: ACTIVE CAMERA=front_tof | front RGB/ToF=True/True | down RGB/ToF=False/False
[INFO] [1791463681.683743979] [dual_tof_selector]: ACTIVE CAMERA=front_rgb_only | front RGB/ToF=True/False | down RGB/ToF=False/False
[INFO] [1791463681.784195648] [dual_tof_selector]: ACTIVE CAMERA=front_tof | front RGB/ToF=True/True | down RGB/ToF=False/False
[INFO] [1791463683.084430677] [dual_tof_selector]: ACTIVE CAMERA=front_rgb_only | front RGB/ToF=True/False | down RGB/ToF=False/False
[INFO] [1791463683.183933250] [dual_tof_selector]: ACTIVE CAMERA=front_tof | front RGB/ToF=True/True | down RGB/ToF=False/False
[INFO] [1791463683.284207829] [dual_tof_selector]: ACTIVE CAMERA=front_rgb_only | front RGB/ToF=True/False | down RGB/ToF=False/False
[INFO] [1791463683.383744960] [dual_tof_selector]: ACTIVE CAMERA=front_tof | front RGB/ToF=True/True | down RGB/ToF=False/False
[INFO] [1791463684.483983379] [dual_tof_selector]: ACTIVE CAMERA=front_rgb_only | front RGB/ToF=True/False | down RGB/ToF=False/False
[INFO] [1791463684.584000464] [dual_tof_selector]: ACTIVE CAMERA=front_tof | front RGB/ToF=True/True | down RGB/ToF=False/False
[INFO] [1791463685.183799217] [dual_tof_selector]: ACTIVE CAMERA=front_rgb_only | front RGB/ToF=True/False | down RGB/ToF=False/False
[INFO] [1791463685.283966168] [dual_tof_selector]: ACTIVE CAMERA=front_tof | front RGB/ToF=True/True | down RGB/ToF=False/False
[INFO] [1791463689.883569138] [dual_tof_selector]: ACTIVE CAMERA=front_rgb_only | front RGB/ToF=True/False | down RGB/ToF=False/False
[INFO] [1791463689.983834452] [dual_tof_selector]: ACTIVE CAMERA=front_tof | front RGB/ToF=True/True | down RGB/ToF=False/False
[WARN] [1791463690.584051634] [dual_tof_selector]: ACTIVE CAMERA=none | front RGB/ToF=False/False | down RGB/ToF=False/False
[INFO] [1791463690.783366140] [dual_tof_selector]: ACTIVE CAMERA=front_tof | front RGB/ToF=True/True | down RGB/ToF=False/False
[INFO] [1791463692.683820470] [dual_tof_selector]: ACTIVE CAMERA=front_rgb_only | front RGB/ToF=True/False | down RGB/ToF=False/False
[INFO] [1791463692.783517291] [dual_tof_selector]: ACTIVE CAMERA=front_tof | front RGB/ToF=True/True | down RGB/ToF=False/False
[INFO] [1791463693.183755859] [dual_tof_selector]: ACTIVE CAMERA=front_rgb_only | front RGB/ToF=True/False | down RGB/ToF=False/False
[INFO] [1791463693.283866955] [dual_tof_selector]: ACTIVE CAMERA=front_tof | front RGB/ToF=True/True | down RGB/ToF=False/False
[INFO] [1791463697.384777625] [dual_tof_selector]: ACTIVE CAMERA=front_rgb_only | front RGB/ToF=True/False | down RGB/ToF=False/False
[INFO] [1791463697.483511297] [dual_tof_selector]: ACTIVE CAMERA=front_tof | front RGB/ToF=True/True | down RGB/ToF=False/False
[INFO] [1791463697.583870966] [dual_tof_selector]: ACTIVE CAMERA=front_rgb_only | front RGB/ToF=True/False | down RGB/ToF=False/False
[INFO] [1791463697.685842081] [dual_tof_selector]: ACTIVE CAMERA=front_tof | front RGB/ToF=True/True | down RGB/ToF=False/False
[INFO] [1791463698.084233053] [dual_tof_selector]: ACTIVE CAMERA=front_rgb_only | front RGB/ToF=True/False | down RGB/ToF=False/False
[INFO] [1791463698.384663980] [dual_tof_selector]: ACTIVE CAMERA=front_tof | front RGB/ToF=True/True | down RGB/ToF=False/False
[INFO] [1791463698.783924360] [dual_tof_selector]: ACTIVE CAMERA=front_rgb_only | front RGB/ToF=True/False | down RGB/ToF=False/False
[INFO] [1791463698.883865085] [dual_tof_selector]: ACTIVE CAMERA=front_tof | front RGB/ToF=True/True | down RGB/ToF=False/False
[INFO] [1791463698.983683676] [dual_tof_selector]: ACTIVE CAMERA=front_rgb_only | front RGB/ToF=True/False | down RGB/ToF=False/False
[INFO] [1791463699.283348723] [dual_tof_selector]: ACTIVE CAMERA=front_tof | front RGB/ToF=True/True | down RGB/ToF=False/False
[INFO] [1791463699.484473335] [dual_tof_selector]: ACTIVE CAMERA=front_rgb_only | front RGB/ToF=True/False | down RGB/ToF=False/False
[INFO] [1791463699.783849433] [dual_tof_selector]: ACTIVE CAMERA=front_tof | front RGB/ToF=True/True | down RGB/ToF=False/False
[INFO] [1791463699.983563574] [dual_tof_selector]: ACTIVE CAMERA=front_rgb_only | front RGB/ToF=True/False | down RGB/ToF=False/False
[INFO] [1791463700.384597960] [dual_tof_selector]: ACTIVE CAMERA=front_tof | front RGB/ToF=True/True | down RGB/ToF=False/False
[INFO] [1791463700.484272391] [dual_tof_selector]: ACTIVE CAMERA=front_rgb_only | front RGB/ToF=True/False | down RGB/ToF=False/False
[INFO] [1791463700.783686863] [dual_tof_selector]: ACTIVE CAMERA=front_tof | front RGB/ToF=True/True | down RGB/ToF=False/False
[INFO] [1791463700.883879566] [dual_tof_selector]: ACTIVE CAMERA=front_rgb_only | front RGB/ToF=True/False | down RGB/ToF=False/False
[INFO] [1791463700.984284140] [dual_tof_selector]: ACTIVE CAMERA=front_tof | front RGB/ToF=True/True | down RGB/ToF=False/False
[INFO] [1791463701.084385747] [dual_tof_selector]: ACTIVE CAMERA=front_rgb_only | front RGB/ToF=True/False | down RGB/ToF=False/False
[INFO] [1791463701.384104178] [dual_tof_selector]: ACTIVE CAMERA=front_tof | front RGB/ToF=True/True | down RGB/ToF=False/False
[INFO] [1791463701.583595014] [dual_tof_selector]: ACTIVE CAMERA=front_rgb_only | front RGB/ToF=True/False | down RGB/ToF=False/False
[INFO] [1791463701.684023198] [dual_tof_selector]: ACTIVE CAMERA=front_tof | front RGB/ToF=True/True | down RGB/ToF=False/False
[INFO] [1791463701.783392964] [dual_tof_selector]: ACTIVE CAMERA=front_rgb_only | front RGB/ToF=True/False | down RGB/ToF=False/False
[INFO] [1791463701.883948821] [dual_tof_selector]: ACTIVE CAMERA=front_tof | front RGB/ToF=True/True | down RGB/ToF=False/False
[INFO] [1791463701.983586265] [dual_tof_selector]: ACTIVE CAMERA=front_rgb_only | front RGB/ToF=True/False | down RGB/ToF=False/False
[INFO] [1791463702.084425327] [dual_tof_selector]: ACTIVE CAMERA=front_tof | front RGB/ToF=True/True | down RGB/ToF=False/False
[INFO] [1791463702.184169052] [dual_tof_selector]: ACTIVE CAMERA=front_rgb_only | front RGB/ToF=True/False | down RGB/ToF=False/False
[INFO] [1791463702.384597161] [dual_tof_selector]: ACTIVE CAMERA=front_tof | front RGB/ToF=True/True | down RGB/ToF=False/False
[INFO] [1791463702.484090007] [dual_tof_selector]: ACTIVE CAMERA=front_rgb_only | front RGB/ToF=True/False | down RGB/ToF=False/False
[INFO] [1791463702.783822101] [dual_tof_selector]: ACTIVE CAMERA=front_tof | front RGB/ToF=True/True | down RGB/ToF=False/False
[INFO] [1791463702.884727151] [dual_tof_selector]: ACTIVE CAMERA=front_rgb_only | front RGB/ToF=True/False | down RGB/ToF=False/False
[INFO] [1791463702.984828258] [dual_tof_selector]: ACTIVE CAMERA=front_tof | front RGB/ToF=True/True | down RGB/ToF=False/False
[INFO] [1791463703.584375946] [dual_tof_selector]: ACTIVE CAMERA=front_rgb_only | front RGB/ToF=True/False | down RGB/ToF=False/False
[INFO] [1791463703.683263914] [dual_tof_selector]: ACTIVE CAMERA=front_tof | front RGB/ToF=True/True | down RGB/ToF=False/False
[INFO] [1791463703.785053667] [dual_tof_selector]: ACTIVE CAMERA=front_rgb_only | front RGB/ToF=True/False | down RGB/ToF=False/False
[INFO] [1791463703.883633359] [dual_tof_selector]: ACTIVE CAMERA=front_tof | front RGB/ToF=True/True | down RGB/ToF=False/False
[INFO] [1791463704.283908815] [dual_tof_selector]: ACTIVE CAMERA=front_rgb_only | front RGB/ToF=True/False | down RGB/ToF=False/False
[INFO] [1791463705.285098035] [dual_tof_selector]: ACTIVE CAMERA=front_tof | front RGB/ToF=True/True | down RGB/ToF=False/False
[INFO] [1791463705.384568362] [dual_tof_selector]: ACTIVE CAMERA=front_rgb_only | front RGB/ToF=True/False | down RGB/ToF=False/False
[INFO] [1791463705.484105066] [dual_tof_selector]: ACTIVE CAMERA=front_tof | front RGB/ToF=True/True | down RGB/ToF=False/False
[INFO] [1791463719.283629036] [dual_tof_selector]: ACTIVE CAMERA=front_rgb_only | front RGB/ToF=True/False | down RGB/ToF=False/False
[INFO] [1791463719.383657633] [dual_tof_selector]: ACTIVE CAMERA=front_tof | front RGB/ToF=True/True | down RGB/ToF=False/False
[INFO] [1791463722.583915750] [dual_tof_selector]: ACTIVE CAMERA=front_rgb_only | front RGB/ToF=True/False | down RGB/ToF=False/False
[INFO] [1791463722.683599133] [dual_tof_selector]: ACTIVE CAMERA=front_tof | front RGB/ToF=True/True | down RGB/ToF=False/False
[INFO] [1791463722.784243612] [dual_tof_selector]: ACTIVE CAMERA=front_rgb_only | front RGB/ToF=True/False | down RGB/ToF=False/False
[INFO] [1791463722.883533585] [dual_tof_selector]: ACTIVE CAMERA=front_tof | front RGB/ToF=True/True | down RGB/ToF=False/False
[INFO] [1791463723.483981585] [dual_tof_selector]: ACTIVE CAMERA=front_rgb_only | front RGB/ToF=True/False | down RGB/ToF=False/False
[INFO] [1791463723.583995882] [dual_tof_selector]: ACTIVE CAMERA=front_tof | front RGB/ToF=True/True | down RGB/ToF=False/False
[INFO] [1791463724.183906992] [dual_tof_selector]: ACTIVE CAMERA=front_rgb_only | front RGB/ToF=True/False | down RGB/ToF=False/False
[INFO] [1791463724.583856713] [dual_tof_selector]: ACTIVE CAMERA=front_tof | front RGB/ToF=True/True | down RGB/ToF=False/False
[INFO] [1791463724.983940973] [dual_tof_selector]: ACTIVE CAMERA=front_rgb_only | front RGB/ToF=True/False | down RGB/ToF=False/False
[INFO] [1791463725.083946489] [dual_tof_selector]: ACTIVE CAMERA=front_tof | front RGB/ToF=True/True | down RGB/ToF=False/False
[INFO] [1791463725.183917736] [dual_tof_selector]: ACTIVE CAMERA=front_rgb_only | front RGB/ToF=True/False | down RGB/ToF=False/False
[INFO] [1791463725.283726595] [dual_tof_selector]: ACTIVE CAMERA=front_tof | front RGB/ToF=True/True | down RGB/ToF=False/False
[INFO] [1791463725.384033508] [dual_tof_selector]: ACTIVE CAMERA=front_rgb_only | front RGB/ToF=True/False | down RGB/ToF=False/False
[INFO] [1791463725.484160711] [dual_tof_selector]: ACTIVE CAMERA=front_tof | front RGB/ToF=True/True | down RGB/ToF=False/False
[INFO] [1791463725.583960228] [dual_tof_selector]: ACTIVE CAMERA=front_rgb_only | front RGB/ToF=True/False | down RGB/ToF=False/False
[INFO] [1791463725.684037447] [dual_tof_selector]: ACTIVE CAMERA=front_tof | front RGB/ToF=True/True | down RGB/ToF=False/False
[INFO] [1791463725.884273187] [dual_tof_selector]: ACTIVE CAMERA=front_rgb_only | front RGB/ToF=True/False | down RGB/ToF=False/False
[INFO] [1791463725.983987361] [dual_tof_selector]: ACTIVE CAMERA=front_tof | front RGB/ToF=True/True | down RGB/ToF=False/False
[INFO] [1791463726.083973339] [dual_tof_selector]: ACTIVE CAMERA=front_rgb_only | front RGB/ToF=True/False | down RGB/ToF=False/False
[INFO] [1791463726.183983801] [dual_tof_selector]: ACTIVE CAMERA=front_tof | front RGB/ToF=True/True | down RGB/ToF=False/False
[INFO] [1791463726.283663269] [dual_tof_selector]: ACTIVE CAMERA=front_rgb_only | front RGB/ToF=True/False | down RGB/ToF=False/False
[INFO] [1791463726.783608114] [dual_tof_selector]: ACTIVE CAMERA=front_tof | front RGB/ToF=True/True | down RGB/ToF=False/False
[INFO] [1791463726.884127019] [dual_tof_selector]: ACTIVE CAMERA=front_rgb_only | front RGB/ToF=True/False | down RGB/ToF=False/False
[INFO] [1791463727.284076006] [dual_tof_selector]: ACTIVE CAMERA=front_tof | front RGB/ToF=True/True | down RGB/ToF=False/False
[INFO] [1791463727.383785624] [dual_tof_selector]: ACTIVE CAMERA=front_rgb_only | front RGB/ToF=True/False | down RGB/ToF=False/False
[INFO] [1791463727.483882317] [dual_tof_selector]: ACTIVE CAMERA=front_tof | front RGB/ToF=True/True | down RGB/ToF=False/False
[INFO] [1791463727.583553947] [dual_tof_selector]: ACTIVE CAMERA=front_rgb_only | front RGB/ToF=True/False | down RGB/ToF=False/False
[INFO] [1791463727.684043256] [dual_tof_selector]: ACTIVE CAMERA=front_tof | front RGB/ToF=True/True | down RGB/ToF=False/False
[INFO] [1791463727.783753281] [dual_tof_selector]: ACTIVE CAMERA=front_rgb_only | front RGB/ToF=True/False | down RGB/ToF=False/False
[INFO] [1791463727.983930396] [dual_tof_selector]: ACTIVE CAMERA=front_tof | front RGB/ToF=True/True | down RGB/ToF=False/False
[INFO] [1791463728.384282719] [dual_tof_selector]: ACTIVE CAMERA=front_rgb_only | front RGB/ToF=True/False | down RGB/ToF=False/False
[INFO] [1791463728.483786725] [dual_tof_selector]: ACTIVE CAMERA=front_tof | front RGB/ToF=True/True | down RGB/ToF=False/False
[INFO] [1791463728.884172003] [dual_tof_selector]: ACTIVE CAMERA=front_rgb_only | front RGB/ToF=True/False | down RGB/ToF=False/False
[INFO] [1791463728.983940716] [dual_tof_selector]: ACTIVE CAMERA=front_tof | front RGB/ToF=True/True | down RGB/ToF=False/False
[INFO] [1791463729.591591131] [dual_tof_selector]: ACTIVE CAMERA=front_rgb_only | front RGB/ToF=True/False | down RGB/ToF=False/False
[INFO] [1791463729.690579964] [dual_tof_selector]: ACTIVE CAMERA=front_tof | front RGB/ToF=True/True | down RGB/ToF=False/False
[INFO] [1791463729.790567758] [dual_tof_selector]: ACTIVE CAMERA=front_rgb_only | front RGB/ToF=True/False | down RGB/ToF=False/False
[INFO] [1791463729.890622739] [dual_tof_selector]: ACTIVE CAMERA=front_tof | front RGB/ToF=True/True | down RGB/ToF=False/False
[INFO] [1791463746.183328303] [dual_tof_selector]: ACTIVE CAMERA=front_rgb_only | front RGB/ToF=True/False | down RGB/ToF=False/False
[INFO] [1791463746.284009293] [dual_tof_selector]: ACTIVE CAMERA=front_tof | front RGB/ToF=True/True | down RGB/ToF=False/False
[INFO] [1791463746.683757028] [dual_tof_selector]: ACTIVE CAMERA=front_rgb_only | front RGB/ToF=True/False | down RGB/ToF=False/False
[INFO] [1791463746.983269548] [dual_tof_selector]: ACTIVE CAMERA=front_tof | front RGB/ToF=True/True | down RGB/ToF=False/False
[INFO] [1791463747.384039643] [dual_tof_selector]: ACTIVE CAMERA=front_rgb_only | front RGB/ToF=True/False | down RGB/ToF=False/False
[INFO] [1791463747.485266062] [dual_tof_selector]: ACTIVE CAMERA=front_tof | front RGB/ToF=True/True | down RGB/ToF=False/False
[INFO] [1791463747.583957902] [dual_tof_selector]: ACTIVE CAMERA=front_rgb_only | front RGB/ToF=True/False | down RGB/ToF=False/False
[INFO] [1791463747.683508893] [dual_tof_selector]: ACTIVE CAMERA=front_tof | front RGB/ToF=True/True | down RGB/ToF=False/False
[INFO] [1791463748.085430869] [dual_tof_selector]: ACTIVE CAMERA=front_rgb_only | front RGB/ToF=True/False | down RGB/ToF=False/False
[INFO] [1791463748.183772951] [dual_tof_selector]: ACTIVE CAMERA=front_tof | front RGB/ToF=True/True | down RGB/ToF=False/False
[INFO] [1791463748.783562606] [dual_tof_selector]: ACTIVE CAMERA=front_rgb_only | front RGB/ToF=True/False | down RGB/ToF=False/False
[INFO] [1791463749.183783329] [dual_tof_selector]: ACTIVE CAMERA=front_tof | front RGB/ToF=True/True | down RGB/ToF=False/False
[INFO] [1791463764.683572880] [dual_tof_selector]: ACTIVE CAMERA=front_rgb_only | front RGB/ToF=True/False | down RGB/ToF=False/False
[INFO] [1791463764.783574839] [dual_tof_selector]: ACTIVE CAMERA=front_tof | front RGB/ToF=True/True | down RGB/ToF=False/False
[INFO] [1791463764.883193450] [dual_tof_selector]: ACTIVE CAMERA=front_rgb_only | front RGB/ToF=True/False | down RGB/ToF=False/False
[INFO] [1791463765.283586640] [dual_tof_selector]: ACTIVE CAMERA=front_tof | front RGB/ToF=True/True | down RGB/ToF=False/False
[INFO] [1791463765.383622921] [dual_tof_selector]: ACTIVE CAMERA=front_rgb_only | front RGB/ToF=True/False | down RGB/ToF=False/False
[INFO] [1791463765.483579966] [dual_tof_selector]: ACTIVE CAMERA=front_tof | front RGB/ToF=True/True | down RGB/ToF=False/False
[INFO] [1791463765.683178544] [dual_tof_selector]: ACTIVE CAMERA=front_rgb_only | front RGB/ToF=True/False | down RGB/ToF=False/False
[INFO] [1791463765.783177524] [dual_tof_selector]: ACTIVE CAMERA=front_tof | front RGB/ToF=True/True | down RGB/ToF=False/False
[INFO] [1791463765.883197468] [dual_tof_selector]: ACTIVE CAMERA=front_rgb_only | front RGB/ToF=True/False | down RGB/ToF=False/False
[INFO] [1791463766.083574705] [dual_tof_selector]: ACTIVE CAMERA=front_tof | front RGB/ToF=True/True | down RGB/ToF=False/False
[INFO] [1791463766.483217758] [dual_tof_selector]: ACTIVE CAMERA=front_rgb_only | front RGB/ToF=True/False | down RGB/ToF=False/False
[INFO] [1791463766.583567393] [dual_tof_selector]: ACTIVE CAMERA=front_tof | front RGB/ToF=True/True | down RGB/ToF=False/False
[INFO] [1791463766.683803436] [dual_tof_selector]: ACTIVE CAMERA=front_rgb_only | front RGB/ToF=True/False | down RGB/ToF=False/False
[INFO] [1791463766.783596170] [dual_tof_selector]: ACTIVE CAMERA=front_tof | front RGB/ToF=True/True | down RGB/ToF=False/False
[INFO] [1791463766.883560418] [dual_tof_selector]: ACTIVE CAMERA=front_rgb_only | front RGB/ToF=True/False | down RGB/ToF=False/False
[INFO] [1791463767.083577808] [dual_tof_selector]: ACTIVE CAMERA=front_tof | front RGB/ToF=True/True | down RGB/ToF=False/False
[INFO] [1791463767.483411256] [dual_tof_selector]: ACTIVE CAMERA=front_rgb_only | front RGB/ToF=True/False | down RGB/ToF=False/False
