[INFO] [1791469484.080441729] [front_tof_monitor]: FRONT TOF READY | RGB=/uav/camera/front/image | depth=/uav/camera/front/depth_image | ROS RGB=/camera/front/image_raw | RGB clip=0.1-60.0 m | ToF range=0.1-25.0 m
[INFO] [1791469484.080670748] [front_tof_monitor]: Image diagnostics only; target truth is not subscribed; ToF output is diagnostic only.
[WARN] [1791469484.154251113] [front_tof_monitor]: USV RGB=False | TOF=False | active=none | range=nan m | depth ratio=0.00 | window rates RGB/ToF=0.00/0.00 | frame change=0.0000 | truth angle FOV=False | RGB render volume=False | H/V angles=nan/nan deg | truth distance=inf m
[INFO] [1791469484.556174697] [front_tof_monitor]: USV RGB=True | TOF=True | active=front_tof | range=6.72 m | depth ratio=1.00 | window rates RGB/ToF=0.25/0.25 | frame change=0.3522 | truth angle FOV=False | RGB render volume=False | H/V angles=nan/nan deg | truth distance=inf m
[WARN] [1791469484.754584997] [front_tof_monitor]: USV RGB=True | TOF=False | active=front_rgb_only | range=nan m | depth ratio=0.00 | window rates RGB/ToF=0.50/0.33 | frame change=0.3522 | truth angle FOV=False | RGB render volume=False | H/V angles=nan/nan deg | truth distance=inf m
[INFO] [1791469484.854418212] [front_tof_monitor]: USV RGB=True | TOF=True | active=front_tof | range=6.72 m | depth ratio=1.00 | window rates RGB/ToF=0.57/0.43 | frame change=0.0000 | truth angle FOV=False | RGB render volume=False | H/V angles=nan/nan deg | truth distance=inf m
[WARN] [1791469484.954043090] [front_tof_monitor]: USV RGB=True | TOF=False | active=front_rgb_only | range=nan m | depth ratio=0.00 | window rates RGB/ToF=0.62/0.38 | frame change=0.0000 | truth angle FOV=False | RGB render volume=False | H/V angles=nan/nan deg | truth distance=inf m
[INFO] [1791469485.054193437] [front_tof_monitor]: USV RGB=True | TOF=True | active=front_tof | range=6.72 m | depth ratio=1.00 | window rates RGB/ToF=0.67/0.44 | frame change=0.0000 | truth angle FOV=False | RGB render volume=False | H/V angles=nan/nan deg | truth distance=inf m
[WARN] [1791469485.154363511] [front_tof_monitor]: USV RGB=True | TOF=False | active=front_rgb_only | range=nan m | depth ratio=0.00 | window rates RGB/ToF=0.70/0.40 | frame change=0.0000 | truth angle FOV=False | RGB render volume=False | H/V angles=nan/nan deg | truth distance=inf m
[INFO] [1791469485.254193551] [front_tof_monitor]: USV RGB=True | TOF=True | active=front_tof | range=6.72 m | depth ratio=1.00 | window rates RGB/ToF=0.73/0.45 | frame change=0.0000 | truth angle FOV=False | RGB render volume=False | H/V angles=nan/nan deg | truth distance=inf m
[WARN] [1791469485.854723967] [front_tof_monitor]: USV RGB=True | TOF=False | active=front_rgb_only | range=nan m | depth ratio=0.00 | window rates RGB/ToF=0.82/0.59 | frame change=0.0000 | truth angle FOV=False | RGB render volume=False | H/V angles=nan/nan deg | truth distance=inf m
[INFO] [1791469485.954756631] [front_tof_monitor]: USV RGB=True | TOF=True | active=front_tof | range=6.72 m | depth ratio=1.00 | window rates RGB/ToF=0.83/0.61 | frame change=0.0000 | truth angle FOV=False | RGB render volume=False | H/V angles=nan/nan deg | truth distance=inf m
[WARN] [1791469498.754015719] [front_tof_monitor]: USV RGB=True | TOF=False | active=front_rgb_only | range=nan m | depth ratio=0.00 | window rates RGB/ToF=1.00/0.98 | frame change=0.0000 | truth angle FOV=False | RGB render volume=False | H/V angles=nan/nan deg | truth distance=inf m
[INFO] [1791469498.854774482] [front_tof_monitor]: USV RGB=True | TOF=True | active=front_tof | range=6.72 m | depth ratio=1.00 | window rates RGB/ToF=1.00/0.98 | frame change=0.0000 | truth angle FOV=False | RGB render volume=False | H/V angles=nan/nan deg | truth distance=inf m
[WARN] [1791469498.954012952] [front_tof_monitor]: USV RGB=True | TOF=False | active=front_rgb_only | range=nan m | depth ratio=0.00 | window rates RGB/ToF=1.00/0.96 | frame change=0.0000 | truth angle FOV=False | RGB render volume=False | H/V angles=nan/nan deg | truth distance=inf m
[INFO] [1791469499.054190253] [front_tof_monitor]: USV RGB=True | TOF=True | active=front_tof | range=6.72 m | depth ratio=1.00 | window rates RGB/ToF=1.00/0.96 | frame change=0.0000 | truth angle FOV=False | RGB render volume=False | H/V angles=nan/nan deg | truth distance=inf m
[WARN] [1791469499.153956845] [front_tof_monitor]: USV RGB=True | TOF=False | active=front_rgb_only | range=nan m | depth ratio=0.00 | window rates RGB/ToF=1.00/0.94 | frame change=0.0000 | truth angle FOV=False | RGB render volume=False | H/V angles=nan/nan deg | truth distance=inf m
[INFO] [1791469499.254216263] [front_tof_monitor]: USV RGB=True | TOF=True | active=front_tof | range=6.72 m | depth ratio=1.00 | window rates RGB/ToF=1.00/0.94 | frame change=0.0000 | truth angle FOV=False | RGB render volume=False | H/V angles=nan/nan deg | truth distance=inf m
[WARN] [1791469499.354563256] [front_tof_monitor]: USV RGB=True | TOF=False | active=front_rgb_only | range=nan m | depth ratio=0.00 | window rates RGB/ToF=1.00/0.92 | frame change=0.0000 | truth angle FOV=False | RGB render volume=False | H/V angles=nan/nan deg | truth distance=inf m
[INFO] [1791469499.454169817] [front_tof_monitor]: USV RGB=True | TOF=True | active=front_tof | range=6.72 m | depth ratio=1.00 | window rates RGB/ToF=1.00/0.92 | frame change=0.0000 | truth angle FOV=False | RGB render volume=False | H/V angles=nan/nan deg | truth distance=inf m
[WARN] [1791469500.054239775] [front_tof_monitor]: USV RGB=True | TOF=False | active=front_rgb_only | range=nan m | depth ratio=0.00 | window rates RGB/ToF=1.00/0.90 | frame change=0.0000 | truth angle FOV=False | RGB render volume=False | H/V angles=nan/nan deg | truth distance=inf m
[INFO] [1791469500.154684978] [front_tof_monitor]: USV RGB=True | TOF=True | active=front_tof | range=6.72 m | depth ratio=1.00 | window rates RGB/ToF=1.00/0.90 | frame change=0.0000 | truth angle FOV=False | RGB render volume=False | H/V angles=nan/nan deg | truth distance=inf m
[WARN] [1791469502.154056982] [front_tof_monitor]: USV RGB=True | TOF=False | active=front_rgb_only | range=nan m | depth ratio=0.00 | window rates RGB/ToF=1.00/0.88 | frame change=0.0000 | truth angle FOV=False | RGB render volume=False | H/V angles=nan/nan deg | truth distance=inf m
[INFO] [1791469502.254820174] [front_tof_monitor]: USV RGB=True | TOF=True | active=front_tof | range=6.72 m | depth ratio=1.00 | window rates RGB/ToF=1.00/0.88 | frame change=0.0000 | truth angle FOV=False | RGB render volume=False | H/V angles=nan/nan deg | truth distance=inf m
[WARN] [1791469502.354631012] [front_tof_monitor]: USV RGB=True | TOF=False | active=front_rgb_only | range=nan m | depth ratio=0.00 | window rates RGB/ToF=1.00/0.86 | frame change=0.0000 | truth angle FOV=False | RGB render volume=False | H/V angles=nan/nan deg | truth distance=inf m
[INFO] [1791469502.454771843] [front_tof_monitor]: USV RGB=True | TOF=True | active=front_tof | range=6.72 m | depth ratio=1.00 | window rates RGB/ToF=1.00/0.86 | frame change=0.0000 | truth angle FOV=False | RGB render volume=False | H/V angles=nan/nan deg | truth distance=inf m
[WARN] [1791469502.554028483] [front_tof_monitor]: USV RGB=True | TOF=False | active=front_rgb_only | range=nan m | depth ratio=0.00 | window rates RGB/ToF=1.00/0.84 | frame change=0.0000 | truth angle FOV=False | RGB render volume=False | H/V angles=nan/nan deg | truth distance=inf m
[INFO] [1791469502.654216159] [front_tof_monitor]: USV RGB=True | TOF=True | active=front_tof | range=6.72 m | depth ratio=1.00 | window rates RGB/ToF=1.00/0.84 | frame change=0.0000 | truth angle FOV=False | RGB render volume=False | H/V angles=nan/nan deg | truth distance=inf m
[WARN] [1791469503.054610699] [front_tof_monitor]: USV RGB=True | TOF=False | active=front_rgb_only | range=nan m | depth ratio=0.00 | window rates RGB/ToF=1.00/0.82 | frame change=0.0000 | truth angle FOV=False | RGB render volume=False | H/V angles=nan/nan deg | truth distance=inf m
[INFO] [1791469503.154223670] [front_tof_monitor]: USV RGB=True | TOF=True | active=front_tof | range=6.72 m | depth ratio=1.00 | window rates RGB/ToF=1.00/0.82 | frame change=0.0000 | truth angle FOV=False | RGB render volume=False | H/V angles=nan/nan deg | truth distance=inf m
[WARN] [1791469503.254098283] [front_tof_monitor]: USV RGB=True | TOF=False | active=front_rgb_only | range=nan m | depth ratio=0.00 | window rates RGB/ToF=1.00/0.80 | frame change=0.0000 | truth angle FOV=False | RGB render volume=False | H/V angles=nan/nan deg | truth distance=inf m
[INFO] [1791469503.354367271] [front_tof_monitor]: USV RGB=True | TOF=True | active=front_tof | range=6.72 m | depth ratio=1.00 | window rates RGB/ToF=1.00/0.80 | frame change=0.0000 | truth angle FOV=False | RGB render volume=False | H/V angles=nan/nan deg | truth distance=inf m
[WARN] [1791469503.454023688] [front_tof_monitor]: USV RGB=True | TOF=False | active=front_rgb_only | range=nan m | depth ratio=0.00 | window rates RGB/ToF=1.00/0.78 | frame change=0.0000 | truth angle FOV=False | RGB render volume=False | H/V angles=nan/nan deg | truth distance=inf m
[INFO] [1791469503.554585401] [front_tof_monitor]: USV RGB=True | TOF=True | active=front_tof | range=6.72 m | depth ratio=1.00 | window rates RGB/ToF=1.00/0.78 | frame change=0.0000 | truth angle FOV=False | RGB render volume=False | H/V angles=nan/nan deg | truth distance=inf m
[WARN] [1791469507.154601830] [front_tof_monitor]: USV RGB=True | TOF=False | active=front_rgb_only | range=nan m | depth ratio=0.00 | window rates RGB/ToF=1.00/0.88 | frame change=0.0000 | truth angle FOV=False | RGB render volume=False | H/V angles=nan/nan deg | truth distance=inf m
[INFO] [1791469507.254969424] [front_tof_monitor]: USV RGB=True | TOF=True | active=front_tof | range=6.72 m | depth ratio=1.00 | window rates RGB/ToF=1.00/0.88 | frame change=0.0000 | truth angle FOV=False | RGB render volume=False | H/V angles=nan/nan deg | truth distance=inf m
[WARN] [1791469507.354607175] [front_tof_monitor]: USV RGB=True | TOF=False | active=front_rgb_only | range=nan m | depth ratio=0.00 | window rates RGB/ToF=1.00/0.88 | frame change=0.0000 | truth angle FOV=False | RGB render volume=False | H/V angles=nan/nan deg | truth distance=inf m
[INFO] [1791469507.454195189] [front_tof_monitor]: USV RGB=True | TOF=True | active=front_tof | range=6.72 m | depth ratio=1.00 | window rates RGB/ToF=1.00/0.88 | frame change=0.0000 | truth angle FOV=False | RGB render volume=False | H/V angles=nan/nan deg | truth distance=inf m
[WARN] [1791469507.554615599] [front_tof_monitor]: USV RGB=True | TOF=False | active=front_rgb_only | range=nan m | depth ratio=0.00 | window rates RGB/ToF=1.00/0.88 | frame change=0.0000 | truth angle FOV=False | RGB render volume=False | H/V angles=nan/nan deg | truth distance=inf m
[INFO] [1791469507.654555058] [front_tof_monitor]: USV RGB=True | TOF=True | active=front_tof | range=6.72 m | depth ratio=1.00 | window rates RGB/ToF=1.00/0.88 | frame change=0.0000 | truth angle FOV=False | RGB render volume=False | H/V angles=nan/nan deg | truth distance=inf m
[WARN] [1791469507.754324228] [front_tof_monitor]: USV RGB=True | TOF=False | active=front_rgb_only | range=nan m | depth ratio=0.00 | window rates RGB/ToF=1.00/0.86 | frame change=0.0000 | truth angle FOV=False | RGB render volume=False | H/V angles=nan/nan deg | truth distance=inf m
[INFO] [1791469508.254219179] [front_tof_monitor]: USV RGB=True | TOF=True | active=front_tof | range=6.72 m | depth ratio=1.00 | window rates RGB/ToF=1.00/0.80 | frame change=0.0000 | truth angle FOV=False | RGB render volume=False | H/V angles=nan/nan deg | truth distance=inf m
[WARN] [1791469508.354607813] [front_tof_monitor]: USV RGB=True | TOF=False | active=front_rgb_only | range=nan m | depth ratio=0.00 | window rates RGB/ToF=1.00/0.80 | frame change=0.0000 | truth angle FOV=False | RGB render volume=False | H/V angles=nan/nan deg | truth distance=inf m
[INFO] [1791469508.454215588] [front_tof_monitor]: USV RGB=True | TOF=True | active=front_tof | range=6.72 m | depth ratio=1.00 | window rates RGB/ToF=1.00/0.82 | frame change=0.0000 | truth angle FOV=False | RGB render volume=False | H/V angles=nan/nan deg | truth distance=inf m
[WARN] [1791469508.554010308] [front_tof_monitor]: USV RGB=True | TOF=False | active=front_rgb_only | range=nan m | depth ratio=0.00 | window rates RGB/ToF=1.00/0.80 | frame change=0.0000 | truth angle FOV=False | RGB render volume=False | H/V angles=nan/nan deg | truth distance=inf m
[INFO] [1791469508.654811907] [front_tof_monitor]: USV RGB=True | TOF=True | active=front_tof | range=6.72 m | depth ratio=1.00 | window rates RGB/ToF=1.00/0.80 | frame change=0.0000 | truth angle FOV=False | RGB render volume=False | H/V angles=nan/nan deg | truth distance=inf m
[WARN] [1791469509.054766947] [front_tof_monitor]: USV RGB=True | TOF=False | active=front_rgb_only | range=nan m | depth ratio=0.00 | window rates RGB/ToF=1.00/0.78 | frame change=0.0000 | truth angle FOV=False | RGB render volume=False | H/V angles=nan/nan deg | truth distance=inf m
[INFO] [1791469509.154232389] [front_tof_monitor]: USV RGB=True | TOF=True | active=front_tof | range=6.72 m | depth ratio=1.00 | window rates RGB/ToF=1.00/0.78 | frame change=0.0000 | truth angle FOV=False | RGB render volume=False | H/V angles=nan/nan deg | truth distance=inf m
[WARN] [1791469509.254023348] [front_tof_monitor]: USV RGB=True | TOF=False | active=front_rgb_only | range=nan m | depth ratio=0.00 | window rates RGB/ToF=1.00/0.76 | frame change=0.0000 | truth angle FOV=False | RGB render volume=False | H/V angles=nan/nan deg | truth distance=inf m
[INFO] [1791469509.754212017] [front_tof_monitor]: USV RGB=True | TOF=True | active=front_tof | range=6.72 m | depth ratio=1.00 | window rates RGB/ToF=1.00/0.69 | frame change=0.0000 | truth angle FOV=False | RGB render volume=False | H/V angles=nan/nan deg | truth distance=inf m
[WARN] [1791469509.854217125] [front_tof_monitor]: USV RGB=True | TOF=False | active=front_rgb_only | range=nan m | depth ratio=0.00 | window rates RGB/ToF=1.00/0.66 | frame change=0.0000 | truth angle FOV=False | RGB render volume=False | H/V angles=nan/nan deg | truth distance=inf m
[INFO] [1791469509.954851258] [front_tof_monitor]: USV RGB=True | TOF=True | active=front_tof | range=6.72 m | depth ratio=1.00 | window rates RGB/ToF=1.00/0.67 | frame change=0.0000 | truth angle FOV=False | RGB render volume=False | H/V angles=nan/nan deg | truth distance=inf m
[WARN] [1791469510.054613759] [front_tof_monitor]: USV RGB=True | TOF=False | active=front_rgb_only | range=nan m | depth ratio=0.00 | window rates RGB/ToF=1.00/0.64 | frame change=0.0000 | truth angle FOV=False | RGB render volume=False | H/V angles=nan/nan deg | truth distance=inf m
[INFO] [1791469510.554375534] [front_tof_monitor]: USV RGB=True | TOF=True | active=front_tof | range=6.72 m | depth ratio=1.00 | window rates RGB/ToF=1.00/0.56 | frame change=0.0000 | truth angle FOV=False | RGB render volume=False | H/V angles=nan/nan deg | truth distance=inf m
[WARN] [1791469510.654728749] [front_tof_monitor]: USV RGB=True | TOF=False | active=front_rgb_only | range=nan m | depth ratio=0.00 | window rates RGB/ToF=1.00/0.54 | frame change=0.0000 | truth angle FOV=False | RGB render volume=False | H/V angles=nan/nan deg | truth distance=inf m
[INFO] [1791469510.754830333] [front_tof_monitor]: USV RGB=True | TOF=True | active=front_tof | range=6.72 m | depth ratio=1.00 | window rates RGB/ToF=1.00/0.54 | frame change=0.0000 | truth angle FOV=False | RGB render volume=False | H/V angles=nan/nan deg | truth distance=inf m
[WARN] [1791469510.854695048] [front_tof_monitor]: USV RGB=True | TOF=False | active=front_rgb_only | range=nan m | depth ratio=0.00 | window rates RGB/ToF=1.00/0.53 | frame change=0.0000 | truth angle FOV=False | RGB render volume=False | H/V angles=nan/nan deg | truth distance=inf m
[INFO] [1791469510.954251887] [front_tof_monitor]: USV RGB=True | TOF=True | active=front_tof | range=6.72 m | depth ratio=1.00 | window rates RGB/ToF=1.00/0.53 | frame change=0.0000 | truth angle FOV=False | RGB render volume=False | H/V angles=nan/nan deg | truth distance=inf m
[WARN] [1791469511.154740450] [front_tof_monitor]: USV RGB=True | TOF=False | active=front_rgb_only | range=nan m | depth ratio=0.00 | window rates RGB/ToF=1.00/0.50 | frame change=0.0000 | truth angle FOV=False | RGB render volume=False | H/V angles=nan/nan deg | truth distance=inf m
[INFO] [1791469511.254357885] [front_tof_monitor]: USV RGB=True | TOF=True | active=front_tof | range=6.72 m | depth ratio=1.00 | window rates RGB/ToF=1.00/0.51 | frame change=0.0000 | truth angle FOV=False | RGB render volume=False | H/V angles=nan/nan deg | truth distance=inf m
[WARN] [1791469511.354039954] [front_tof_monitor]: USV RGB=True | TOF=False | active=front_rgb_only | range=nan m | depth ratio=0.00 | window rates RGB/ToF=1.00/0.49 | frame change=0.0000 | truth angle FOV=False | RGB render volume=False | H/V angles=nan/nan deg | truth distance=inf m
[INFO] [1791469512.454565153] [front_tof_monitor]: USV RGB=True | TOF=True | active=front_tof | range=6.72 m | depth ratio=1.00 | window rates RGB/ToF=1.00/0.32 | frame change=0.0000 | truth angle FOV=False | RGB render volume=False | H/V angles=nan/nan deg | truth distance=inf m
[WARN] [1791469512.554858818] [front_tof_monitor]: USV RGB=True | TOF=False | active=front_rgb_only | range=nan m | depth ratio=0.00 | window rates RGB/ToF=1.00/0.32 | frame change=0.0000 | truth angle FOV=False | RGB render volume=False | H/V angles=nan/nan deg | truth distance=inf m
[INFO] [1791469512.655452097] [front_tof_monitor]: USV RGB=True | TOF=True | active=front_tof | range=6.72 m | depth ratio=1.00 | window rates RGB/ToF=1.00/0.32 | frame change=0.0000 | truth angle FOV=False | RGB render volume=False | H/V angles=nan/nan deg | truth distance=inf m
[WARN] [1791469512.754698563] [front_tof_monitor]: USV RGB=True | TOF=False | active=front_rgb_only | range=nan m | depth ratio=0.00 | window rates RGB/ToF=1.00/0.32 | frame change=0.0000 | truth angle FOV=False | RGB render volume=False | H/V angles=nan/nan deg | truth distance=inf m
[INFO] [1791469513.154186597] [front_tof_monitor]: USV RGB=True | TOF=True | active=front_tof | range=6.72 m | depth ratio=1.00 | window rates RGB/ToF=1.00/0.33 | frame change=0.0000 | truth angle FOV=False | RGB render volume=False | H/V angles=nan/nan deg | truth distance=inf m
[WARN] [1791469513.255610526] [front_tof_monitor]: USV RGB=True | TOF=False | active=front_rgb_only | range=nan m | depth ratio=0.00 | window rates RGB/ToF=1.00/0.32 | frame change=0.0000 | truth angle FOV=False | RGB render volume=False | H/V angles=nan/nan deg | truth distance=inf m
[INFO] [1791469513.356352303] [front_tof_monitor]: USV RGB=True | TOF=True | active=front_tof | range=6.72 m | depth ratio=1.00 | window rates RGB/ToF=1.00/0.34 | frame change=0.0000 | truth angle FOV=False | RGB render volume=False | H/V angles=nan/nan deg | truth distance=inf m
[WARN] [1791469513.454459904] [front_tof_monitor]: USV RGB=True | TOF=False | active=front_rgb_only | range=nan m | depth ratio=0.00 | window rates RGB/ToF=1.00/0.33 | frame change=0.0000 | truth angle FOV=False | RGB render volume=False | H/V angles=nan/nan deg | truth distance=inf m
[INFO] [1791469513.554574103] [front_tof_monitor]: USV RGB=True | TOF=True | active=front_tof | range=6.72 m | depth ratio=1.00 | window rates RGB/ToF=1.00/0.34 | frame change=0.0000 | truth angle FOV=False | RGB render volume=False | H/V angles=nan/nan deg | truth distance=inf m
[WARN] [1791469513.754099647] [front_tof_monitor]: USV RGB=True | TOF=False | active=front_rgb_only | range=nan m | depth ratio=0.00 | window rates RGB/ToF=1.00/0.32 | frame change=0.0000 | truth angle FOV=False | RGB render volume=False | H/V angles=nan/nan deg | truth distance=inf m
[INFO] [1791469513.855940602] [front_tof_monitor]: USV RGB=True | TOF=True | active=front_tof | range=6.72 m | depth ratio=1.00 | window rates RGB/ToF=1.00/0.32 | frame change=0.0000 | truth angle FOV=False | RGB render volume=False | H/V angles=nan/nan deg | truth distance=inf m
[WARN] [1791469513.954563619] [front_tof_monitor]: USV RGB=True | TOF=False | active=front_rgb_only | range=nan m | depth ratio=0.00 | window rates RGB/ToF=1.00/0.31 | frame change=0.0000 | truth angle FOV=False | RGB render volume=False | H/V angles=nan/nan deg | truth distance=inf m
[INFO] [1791469514.055724586] [front_tof_monitor]: USV RGB=True | TOF=True | active=front_tof | range=6.72 m | depth ratio=1.00 | window rates RGB/ToF=1.00/0.31 | frame change=0.0000 | truth angle FOV=False | RGB render volume=False | H/V angles=nan/nan deg | truth distance=inf m
[WARN] [1791469514.154333954] [front_tof_monitor]: USV RGB=True | TOF=False | active=front_rgb_only | range=nan m | depth ratio=0.00 | window rates RGB/ToF=1.00/0.30 | frame change=0.0000 | truth angle FOV=False | RGB render volume=False | H/V angles=nan/nan deg | truth distance=inf m
[INFO] [1791469514.255109691] [front_tof_monitor]: USV RGB=True | TOF=True | active=front_tof | range=6.72 m | depth ratio=1.00 | window rates RGB/ToF=1.00/0.32 | frame change=0.0000 | truth angle FOV=False | RGB render volume=False | H/V angles=nan/nan deg | truth distance=inf m
[WARN] [1791469514.854568963] [front_tof_monitor]: USV RGB=True | TOF=False | active=front_rgb_only | range=nan m | depth ratio=0.00 | window rates RGB/ToF=1.00/0.39 | frame change=0.0000 | truth angle FOV=False | RGB render volume=False | H/V angles=nan/nan deg | truth distance=inf m
[INFO] [1791469514.955266698] [front_tof_monitor]: USV RGB=True | TOF=True | active=front_tof | range=6.72 m | depth ratio=1.00 | window rates RGB/ToF=1.00/0.40 | frame change=0.0000 | truth angle FOV=False | RGB render volume=False | H/V angles=nan/nan deg | truth distance=inf m
[WARN] [1791469515.054219304] [front_tof_monitor]: USV RGB=True | TOF=False | active=front_rgb_only | range=nan m | depth ratio=0.00 | window rates RGB/ToF=1.00/0.39 | frame change=0.0000 | truth angle FOV=False | RGB render volume=False | H/V angles=nan/nan deg | truth distance=inf m
[INFO] [1791469515.154523075] [front_tof_monitor]: USV RGB=True | TOF=True | active=front_tof | range=6.72 m | depth ratio=1.00 | window rates RGB/ToF=1.00/0.41 | frame change=0.0000 | truth angle FOV=False | RGB render volume=False | H/V angles=nan/nan deg | truth distance=inf m
[WARN] [1791469517.454650785] [front_tof_monitor]: USV RGB=True | TOF=False | active=front_rgb_only | range=nan m | depth ratio=0.00 | window rates RGB/ToF=1.00/0.75 | frame change=0.0000 | truth angle FOV=False | RGB render volume=False | H/V angles=nan/nan deg | truth distance=inf m
[INFO] [1791469517.754869180] [front_tof_monitor]: USV RGB=True | TOF=True | active=front_tof | range=6.72 m | depth ratio=1.00 | window rates RGB/ToF=1.00/0.73 | frame change=0.0000 | truth angle FOV=False | RGB render volume=False | H/V angles=nan/nan deg | truth distance=inf m
[WARN] [1791469517.954019383] [front_tof_monitor]: USV RGB=True | TOF=False | active=front_rgb_only | range=nan m | depth ratio=0.00 | window rates RGB/ToF=1.00/0.75 | frame change=0.0000 | truth angle FOV=False | RGB render volume=False | H/V angles=nan/nan deg | truth distance=inf m
[INFO] [1791469518.054791244] [front_tof_monitor]: USV RGB=True | TOF=True | active=front_tof | range=6.72 m | depth ratio=1.00 | window rates RGB/ToF=1.00/0.78 | frame change=0.0000 | truth angle FOV=False | RGB render volume=False | H/V angles=nan/nan deg | truth distance=inf m
[WARN] [1791469518.154157262] [front_tof_monitor]: USV RGB=True | TOF=False | active=front_rgb_only | range=nan m | depth ratio=0.00 | window rates RGB/ToF=1.00/0.76 | frame change=0.0000 | truth angle FOV=False | RGB render volume=False | H/V angles=nan/nan deg | truth distance=inf m
[INFO] [1791469518.255870709] [front_tof_monitor]: USV RGB=True | TOF=True | active=front_tof | range=6.72 m | depth ratio=1.00 | window rates RGB/ToF=1.00/0.76 | frame change=0.0000 | truth angle FOV=False | RGB render volume=False | H/V angles=nan/nan deg | truth distance=inf m
[WARN] [1791469518.354716291] [front_tof_monitor]: USV RGB=True | TOF=False | active=front_rgb_only | range=nan m | depth ratio=0.00 | window rates RGB/ToF=1.00/0.76 | frame change=0.0000 | truth angle FOV=False | RGB render volume=False | H/V angles=nan/nan deg | truth distance=inf m
[INFO] [1791469518.454276287] [front_tof_monitor]: USV RGB=True | TOF=True | active=front_tof | range=6.72 m | depth ratio=1.00 | window rates RGB/ToF=1.00/0.78 | frame change=0.0000 | truth angle FOV=False | RGB render volume=False | H/V angles=nan/nan deg | truth distance=inf m
[WARN] [1791469518.655593223] [front_tof_monitor]: USV RGB=True | TOF=False | active=front_rgb_only | range=nan m | depth ratio=0.00 | window rates RGB/ToF=1.00/0.76 | frame change=0.0000 | truth angle FOV=False | RGB render volume=False | H/V angles=nan/nan deg | truth distance=inf m
[INFO] [1791469518.754996862] [front_tof_monitor]: USV RGB=True | TOF=True | active=front_tof | range=6.72 m | depth ratio=1.00 | window rates RGB/ToF=1.00/0.78 | frame change=0.0000 | truth angle FOV=False | RGB render volume=False | H/V angles=nan/nan deg | truth distance=inf m
[WARN] [1791469518.854565041] [front_tof_monitor]: USV RGB=True | TOF=False | active=front_rgb_only | range=nan m | depth ratio=0.00 | window rates RGB/ToF=1.00/0.76 | frame change=0.0000 | truth angle FOV=False | RGB render volume=False | H/V angles=nan/nan deg | truth distance=inf m
[INFO] [1791469519.156482350] [front_tof_monitor]: USV RGB=True | TOF=True | active=front_tof | range=6.72 m | depth ratio=1.00 | window rates RGB/ToF=1.00/0.76 | frame change=0.0000 | truth angle FOV=False | RGB render volume=False | H/V angles=nan/nan deg | truth distance=inf m
[WARN] [1791469519.554352871] [front_tof_monitor]: USV RGB=True | TOF=False | active=front_rgb_only | range=nan m | depth ratio=0.00 | window rates RGB/ToF=1.00/0.74 | frame change=0.0000 | truth angle FOV=False | RGB render volume=False | H/V angles=nan/nan deg | truth distance=inf m
[INFO] [1791469519.656341828] [front_tof_monitor]: USV RGB=True | TOF=True | active=front_tof | range=6.72 m | depth ratio=1.00 | window rates RGB/ToF=1.00/0.74 | frame change=0.0000 | truth angle FOV=False | RGB render volume=False | H/V angles=nan/nan deg | truth distance=inf m
[WARN] [1791469519.755494448] [front_tof_monitor]: USV RGB=True | TOF=False | active=front_rgb_only | range=nan m | depth ratio=0.00 | window rates RGB/ToF=1.00/0.72 | frame change=0.0000 | truth angle FOV=False | RGB render volume=False | H/V angles=nan/nan deg | truth distance=inf m
[INFO] [1791469519.854280745] [front_tof_monitor]: USV RGB=True | TOF=True | active=front_tof | range=6.72 m | depth ratio=1.00 | window rates RGB/ToF=1.00/0.73 | frame change=0.0000 | truth angle FOV=False | RGB render volume=False | H/V angles=nan/nan deg | truth distance=inf m
[WARN] [1791469521.655551847] [front_tof_monitor]: USV RGB=True | TOF=False | active=front_rgb_only | range=nan m | depth ratio=0.00 | window rates RGB/ToF=1.00/0.75 | frame change=0.0000 | truth angle FOV=False | RGB render volume=False | H/V angles=nan/nan deg | truth distance=inf m
[INFO] [1791469521.756282826] [front_tof_monitor]: USV RGB=True | TOF=True | active=front_tof | range=6.72 m | depth ratio=1.00 | window rates RGB/ToF=1.00/0.74 | frame change=0.0000 | truth angle FOV=False | RGB render volume=False | H/V angles=nan/nan deg | truth distance=inf m
[WARN] [1791469523.055488022] [front_tof_monitor]: USV RGB=True | TOF=False | active=front_rgb_only | range=nan m | depth ratio=0.00 | window rates RGB/ToF=1.00/0.80 | frame change=0.0000 | truth angle FOV=False | RGB render volume=False | H/V angles=nan/nan deg | truth distance=inf m
[INFO] [1791469523.154992469] [front_tof_monitor]: USV RGB=True | TOF=True | active=front_tof | range=6.72 m | depth ratio=1.00 | window rates RGB/ToF=1.00/0.82 | frame change=0.0000 | truth angle FOV=False | RGB render volume=False | H/V angles=nan/nan deg | truth distance=inf m
[WARN] [1791469523.256025406] [front_tof_monitor]: USV RGB=True | TOF=False | active=front_rgb_only | range=nan m | depth ratio=0.00 | window rates RGB/ToF=1.00/0.80 | frame change=0.0000 | truth angle FOV=False | RGB render volume=False | H/V angles=nan/nan deg | truth distance=inf m
[INFO] [1791469523.356749046] [front_tof_monitor]: USV RGB=True | TOF=True | active=front_tof | range=6.72 m | depth ratio=1.00 | window rates RGB/ToF=1.00/0.82 | frame change=0.0000 | truth angle FOV=False | RGB render volume=False | H/V angles=nan/nan deg | truth distance=inf m
[WARN] [1791469525.358042530] [front_tof_monitor]: USV RGB=True | TOF=False | active=front_rgb_only | range=nan m | depth ratio=0.00 | window rates RGB/ToF=1.00/0.92 | frame change=0.0000 | truth angle FOV=False | RGB render volume=False | H/V angles=nan/nan deg | truth distance=inf m
[INFO] [1791469525.454732043] [front_tof_monitor]: USV RGB=True | TOF=True | active=front_tof | range=6.72 m | depth ratio=1.00 | window rates RGB/ToF=1.00/0.92 | frame change=0.0000 | truth angle FOV=False | RGB render volume=False | H/V angles=nan/nan deg | truth distance=inf m
[WARN] [1791469526.054818647] [front_tof_monitor]: USV RGB=True | TOF=False | active=front_rgb_only | range=nan m | depth ratio=0.00 | window rates RGB/ToF=1.00/0.90 | frame change=0.0000 | truth angle FOV=False | RGB render volume=False | H/V angles=nan/nan deg | truth distance=inf m
[INFO] [1791469526.154763189] [front_tof_monitor]: USV RGB=True | TOF=True | active=front_tof | range=6.72 m | depth ratio=1.00 | window rates RGB/ToF=1.00/0.90 | frame change=0.0000 | truth angle FOV=False | RGB render volume=False | H/V angles=nan/nan deg | truth distance=inf m
[WARN] [1791469531.254954979] [front_tof_monitor]: USV RGB=True | TOF=False | active=front_rgb_only | range=nan m | depth ratio=0.00 | window rates RGB/ToF=1.00/0.98 | frame change=0.0000 | truth angle FOV=False | RGB render volume=False | H/V angles=nan/nan deg | truth distance=inf m
[INFO] [1791469531.355755454] [front_tof_monitor]: USV RGB=True | TOF=True | active=front_tof | range=6.72 m | depth ratio=1.00 | window rates RGB/ToF=1.00/0.98 | frame change=0.0000 | truth angle FOV=False | RGB render volume=False | H/V angles=nan/nan deg | truth distance=inf m
[WARN] [1791469533.954270091] [front_tof_monitor]: USV RGB=True | TOF=False | active=front_rgb_only | range=nan m | depth ratio=0.00 | window rates RGB/ToF=1.00/0.96 | frame change=0.0000 | truth angle FOV=False | RGB render volume=False | H/V angles=nan/nan deg | truth distance=inf m
[INFO] [1791469534.055002373] [front_tof_monitor]: USV RGB=True | TOF=True | active=front_tof | range=6.72 m | depth ratio=1.00 | window rates RGB/ToF=1.00/0.96 | frame change=0.0000 | truth angle FOV=False | RGB render volume=False | H/V angles=nan/nan deg | truth distance=inf m
[WARN] [1791469534.154668574] [front_tof_monitor]: USV RGB=True | TOF=False | active=front_rgb_only | range=nan m | depth ratio=0.00 | window rates RGB/ToF=1.00/0.94 | frame change=0.0000 | truth angle FOV=False | RGB render volume=False | H/V angles=nan/nan deg | truth distance=inf m
[INFO] [1791469534.255066208] [front_tof_monitor]: USV RGB=True | TOF=True | active=front_tof | range=6.72 m | depth ratio=1.00 | window rates RGB/ToF=1.00/0.94 | frame change=0.0000 | truth angle FOV=False | RGB render volume=False | H/V angles=nan/nan deg | truth distance=inf m
[WARN] [1791469535.954747368] [front_tof_monitor]: USV RGB=True | TOF=False | active=front_rgb_only | range=nan m | depth ratio=0.00 | window rates RGB/ToF=1.00/0.92 | frame change=0.0000 | truth angle FOV=False | RGB render volume=False | H/V angles=nan/nan deg | truth distance=inf m
[INFO] [1791469536.254891191] [front_tof_monitor]: USV RGB=True | TOF=True | active=front_tof | range=6.72 m | depth ratio=1.00 | window rates RGB/ToF=1.00/0.90 | frame change=0.0000 | truth angle FOV=False | RGB render volume=False | H/V angles=nan/nan deg | truth distance=inf m
[WARN] [1791469536.854625891] [front_tof_monitor]: USV RGB=True | TOF=False | active=front_rgb_only | range=nan m | depth ratio=0.00 | window rates RGB/ToF=1.00/0.88 | frame change=0.0000 | truth angle FOV=False | RGB render volume=False | H/V angles=nan/nan deg | truth distance=inf m
[INFO] [1791469536.954804862] [front_tof_monitor]: USV RGB=True | TOF=True | active=front_tof | range=6.72 m | depth ratio=1.00 | window rates RGB/ToF=1.00/0.88 | frame change=0.0000 | truth angle FOV=False | RGB render volume=False | H/V angles=nan/nan deg | truth distance=inf m
[WARN] [1791469537.054609666] [front_tof_monitor]: USV RGB=True | TOF=False | active=front_rgb_only | range=nan m | depth ratio=0.00 | window rates RGB/ToF=1.00/0.86 | frame change=0.0000 | truth angle FOV=False | RGB render volume=False | H/V angles=nan/nan deg | truth distance=inf m
[INFO] [1791469537.154856614] [front_tof_monitor]: USV RGB=True | TOF=True | active=front_tof | range=6.72 m | depth ratio=1.00 | window rates RGB/ToF=1.00/0.86 | frame change=0.0000 | truth angle FOV=False | RGB render volume=False | H/V angles=nan/nan deg | truth distance=inf m
[WARN] [1791469537.254652749] [front_tof_monitor]: USV RGB=True | TOF=False | active=front_rgb_only | range=nan m | depth ratio=0.00 | window rates RGB/ToF=1.00/0.84 | frame change=0.0000 | truth angle FOV=False | RGB render volume=False | H/V angles=nan/nan deg | truth distance=inf m
[INFO] [1791469537.355043007] [front_tof_monitor]: USV RGB=True | TOF=True | active=front_tof | range=6.72 m | depth ratio=1.00 | window rates RGB/ToF=1.00/0.84 | frame change=0.0000 | truth angle FOV=False | RGB render volume=False | H/V angles=nan/nan deg | truth distance=inf m
[WARN] [1791469537.754583239] [front_tof_monitor]: USV RGB=True | TOF=False | active=front_rgb_only | range=nan m | depth ratio=0.00 | window rates RGB/ToF=1.00/0.82 | frame change=0.0000 | truth angle FOV=False | RGB render volume=False | H/V angles=nan/nan deg | truth distance=inf m
[INFO] [1791469538.054815909] [front_tof_monitor]: USV RGB=True | TOF=True | active=front_tof | range=6.72 m | depth ratio=1.00 | window rates RGB/ToF=1.00/0.78 | frame change=0.0000 | truth angle FOV=False | RGB render volume=False | H/V angles=nan/nan deg | truth distance=inf m
[WARN] [1791469542.154307569] [front_tof_monitor]: USV RGB=True | TOF=False | active=front_rgb_only | range=nan m | depth ratio=0.00 | window rates RGB/ToF=1.00/0.90 | frame change=0.0000 | truth angle FOV=False | RGB render volume=False | H/V angles=nan/nan deg | truth distance=inf m
[INFO] [1791469542.254869892] [front_tof_monitor]: USV RGB=True | TOF=True | active=front_tof | range=6.72 m | depth ratio=1.00 | window rates RGB/ToF=1.00/0.92 | frame change=0.0000 | truth angle FOV=False | RGB render volume=False | H/V angles=nan/nan deg | truth distance=inf m
[WARN] [1791469542.354712899] [front_tof_monitor]: USV RGB=True | TOF=False | active=front_rgb_only | range=nan m | depth ratio=0.00 | window rates RGB/ToF=1.00/0.90 | frame change=0.0000 | truth angle FOV=False | RGB render volume=False | H/V angles=nan/nan deg | truth distance=inf m
[INFO] [1791469542.454464769] [front_tof_monitor]: USV RGB=True | TOF=True | active=front_tof | range=6.72 m | depth ratio=1.00 | window rates RGB/ToF=1.00/0.90 | frame change=0.0000 | truth angle FOV=False | RGB render volume=False | H/V angles=nan/nan deg | truth distance=inf m
[WARN] [1791469542.554194379] [front_tof_monitor]: USV RGB=True | TOF=False | active=front_rgb_only | range=nan m | depth ratio=0.00 | window rates RGB/ToF=1.00/0.88 | frame change=0.0000 | truth angle FOV=False | RGB render volume=False | H/V angles=nan/nan deg | truth distance=inf m
[INFO] [1791469542.655559390] [front_tof_monitor]: USV RGB=True | TOF=True | active=front_tof | range=6.72 m | depth ratio=1.00 | window rates RGB/ToF=1.00/0.88 | frame change=0.0000 | truth angle FOV=False | RGB render volume=False | H/V angles=nan/nan deg | truth distance=inf m
[WARN] [1791469542.756746761] [front_tof_monitor]: USV RGB=True | TOF=False | active=front_rgb_only | range=nan m | depth ratio=0.00 | window rates RGB/ToF=1.00/0.88 | frame change=0.0000 | truth angle FOV=False | RGB render volume=False | H/V angles=nan/nan deg | truth distance=inf m
[INFO] [1791469542.855338574] [front_tof_monitor]: USV RGB=True | TOF=True | active=front_tof | range=6.72 m | depth ratio=1.00 | window rates RGB/ToF=1.00/0.90 | frame change=0.0000 | truth angle FOV=False | RGB render volume=False | H/V angles=nan/nan deg | truth distance=inf m
[WARN] [1791469543.254996126] [front_tof_monitor]: USV RGB=True | TOF=False | active=front_rgb_only | range=nan m | depth ratio=0.00 | window rates RGB/ToF=1.00/0.90 | frame change=0.0000 | truth angle FOV=False | RGB render volume=False | H/V angles=nan/nan deg | truth distance=inf m
[INFO] [1791469543.355899426] [front_tof_monitor]: USV RGB=True | TOF=True | active=front_tof | range=6.72 m | depth ratio=1.00 | window rates RGB/ToF=1.00/0.90 | frame change=0.0000 | truth angle FOV=False | RGB render volume=False | H/V angles=nan/nan deg | truth distance=inf m
[WARN] [1791469543.456121126] [front_tof_monitor]: USV RGB=True | TOF=False | active=front_rgb_only | range=nan m | depth ratio=0.00 | window rates RGB/ToF=1.00/0.88 | frame change=0.0000 | truth angle FOV=False | RGB render volume=False | H/V angles=nan/nan deg | truth distance=inf m
[INFO] [1791469543.555428718] [front_tof_monitor]: USV RGB=True | TOF=True | active=front_tof | range=6.72 m | depth ratio=1.00 | window rates RGB/ToF=1.00/0.88 | frame change=0.0000 | truth angle FOV=False | RGB render volume=False | H/V angles=nan/nan deg | truth distance=inf m
[WARN] [1791469543.954865279] [front_tof_monitor]: USV RGB=True | TOF=False | active=front_rgb_only | range=nan m | depth ratio=0.00 | window rates RGB/ToF=1.00/0.86 | frame change=0.0000 | truth angle FOV=False | RGB render volume=False | H/V angles=nan/nan deg | truth distance=inf m
[INFO] [1791469544.055321741] [front_tof_monitor]: USV RGB=True | TOF=True | active=front_tof | range=6.72 m | depth ratio=1.00 | window rates RGB/ToF=1.00/0.86 | frame change=0.0000 | truth angle FOV=False | RGB render volume=False | H/V angles=nan/nan deg | truth distance=inf m
[WARN] [1791469544.155258868] [front_tof_monitor]: USV RGB=True | TOF=False | active=front_rgb_only | range=nan m | depth ratio=0.00 | window rates RGB/ToF=1.00/0.84 | frame change=0.0000 | truth angle FOV=False | RGB render volume=False | H/V angles=nan/nan deg | truth distance=inf m
[INFO] [1791469544.257300357] [front_tof_monitor]: USV RGB=True | TOF=True | active=front_tof | range=6.72 m | depth ratio=1.00 | window rates RGB/ToF=1.00/0.84 | frame change=0.0000 | truth angle FOV=False | RGB render volume=False | H/V angles=nan/nan deg | truth distance=inf m
[WARN] [1791469544.355241297] [front_tof_monitor]: USV RGB=True | TOF=False | active=front_rgb_only | range=nan m | depth ratio=0.00 | window rates RGB/ToF=1.00/0.82 | frame change=0.0000 | truth angle FOV=False | RGB render volume=False | H/V angles=nan/nan deg | truth distance=inf m
[INFO] [1791469544.454391406] [front_tof_monitor]: USV RGB=True | TOF=True | active=front_tof | range=6.72 m | depth ratio=1.00 | window rates RGB/ToF=1.00/0.82 | frame change=0.0000 | truth angle FOV=False | RGB render volume=False | H/V angles=nan/nan deg | truth distance=inf m
[WARN] [1791469544.556339903] [front_tof_monitor]: USV RGB=True | TOF=False | active=front_rgb_only | range=nan m | depth ratio=0.00 | window rates RGB/ToF=1.00/0.80 | frame change=0.0000 | truth angle FOV=False | RGB render volume=False | H/V angles=nan/nan deg | truth distance=inf m
[INFO] [1791469544.954489469] [front_tof_monitor]: USV RGB=True | TOF=True | active=front_tof | range=6.72 m | depth ratio=1.00 | window rates RGB/ToF=1.00/0.74 | frame change=0.0000 | truth angle FOV=False | RGB render volume=False | H/V angles=nan/nan deg | truth distance=inf m
[WARN] [1791469545.054624155] [front_tof_monitor]: USV RGB=True | TOF=False | active=front_rgb_only | range=nan m | depth ratio=0.00 | window rates RGB/ToF=1.00/0.72 | frame change=0.0000 | truth angle FOV=False | RGB render volume=False | H/V angles=nan/nan deg | truth distance=inf m
[INFO] [1791469545.454245462] [front_tof_monitor]: USV RGB=True | TOF=True | active=front_tof | range=6.72 m | depth ratio=1.00 | window rates RGB/ToF=1.00/0.67 | frame change=0.0000 | truth angle FOV=False | RGB render volume=False | H/V angles=nan/nan deg | truth distance=inf m
[WARN] [1791469545.656235605] [front_tof_monitor]: USV RGB=True | TOF=False | active=front_rgb_only | range=nan m | depth ratio=0.00 | window rates RGB/ToF=1.00/0.64 | frame change=0.0000 | truth angle FOV=False | RGB render volume=False | H/V angles=nan/nan deg | truth distance=inf m
[INFO] [1791469545.756084407] [front_tof_monitor]: USV RGB=True | TOF=True | active=front_tof | range=6.72 m | depth ratio=1.00 | window rates RGB/ToF=1.00/0.64 | frame change=0.0000 | truth angle FOV=False | RGB render volume=False | H/V angles=nan/nan deg | truth distance=inf m
[WARN] [1791469545.854143859] [front_tof_monitor]: USV RGB=True | TOF=False | active=front_rgb_only | range=nan m | depth ratio=0.00 | window rates RGB/ToF=1.00/0.62 | frame change=0.0000 | truth angle FOV=False | RGB render volume=False | H/V angles=nan/nan deg | truth distance=inf m
[INFO] [1791469545.955991377] [front_tof_monitor]: USV RGB=True | TOF=True | active=front_tof | range=6.72 m | depth ratio=1.00 | window rates RGB/ToF=1.00/0.62 | frame change=0.0000 | truth angle FOV=False | RGB render volume=False | H/V angles=nan/nan deg | truth distance=inf m
[WARN] [1791469546.054150658] [front_tof_monitor]: USV RGB=True | TOF=False | active=front_rgb_only | range=nan m | depth ratio=0.00 | window rates RGB/ToF=1.00/0.61 | frame change=0.0000 | truth angle FOV=False | RGB render volume=False | H/V angles=nan/nan deg | truth distance=inf m
[INFO] [1791469546.154235423] [front_tof_monitor]: USV RGB=True | TOF=True | active=front_tof | range=6.73 m | depth ratio=0.99 | window rates RGB/ToF=1.00/0.61 | frame change=0.0016 | truth angle FOV=False | RGB render volume=False | H/V angles=nan/nan deg | truth distance=inf m
[WARN] [1791469550.854709971] [front_tof_monitor]: USV RGB=False | TOF=False | active=none | range=nan m | depth ratio=0.00 | window rates RGB/ToF=0.98/0.96 | frame change=0.0152 | truth angle FOV=False | RGB render volume=False | H/V angles=nan/nan deg | truth distance=inf m
[INFO] [1791469551.754175850] [front_tof_monitor]: USV RGB=True | TOF=True | active=front_tof | range=12.71 m | depth ratio=1.00 | window rates RGB/ToF=0.82/0.82 | frame change=0.0129 | truth angle FOV=False | RGB render volume=False | H/V angles=nan/nan deg | truth distance=inf m
[WARN] [1791469552.155355999] [front_tof_monitor]: USV RGB=True | TOF=False | active=front_rgb_only | range=nan m | depth ratio=0.00 | window rates RGB/ToF=0.82/0.80 | frame change=0.0085 | truth angle FOV=False | RGB render volume=False | H/V angles=nan/nan deg | truth distance=inf m
[INFO] [1791469552.255663163] [front_tof_monitor]: USV RGB=True | TOF=True | active=front_tof | range=19.78 m | depth ratio=1.00 | window rates RGB/ToF=0.82/0.80 | frame change=0.0124 | truth angle FOV=False | RGB render volume=False | H/V angles=nan/nan deg | truth distance=inf m
[WARN] [1791469552.354059819] [front_tof_monitor]: USV RGB=True | TOF=False | active=front_rgb_only | range=nan m | depth ratio=0.00 | window rates RGB/ToF=0.82/0.78 | frame change=0.0124 | truth angle FOV=False | RGB render volume=False | H/V angles=nan/nan deg | truth distance=inf m
[INFO] [1791469553.354192877] [front_tof_monitor]: USV RGB=True | TOF=True | active=front_tof | range=23.58 m | depth ratio=0.50 | window rates RGB/ToF=0.82/0.61 | frame change=0.0030 | truth angle FOV=False | RGB render volume=False | H/V angles=nan/nan deg | truth distance=inf m
[WARN] [1791469553.554117693] [front_tof_monitor]: USV RGB=True | TOF=False | active=front_rgb_only | range=nan m | depth ratio=0.00 | window rates RGB/ToF=0.82/0.59 | frame change=0.0030 | truth angle FOV=False | RGB render volume=False | H/V angles=nan/nan deg | truth distance=inf m
[INFO] [1791469556.154964890] [front_tof_monitor]: USV RGB=True | TOF=True | active=front_tof | range=24.82 m | depth ratio=0.93 | window rates RGB/ToF=0.90/0.16 | frame change=0.0076 | truth angle FOV=False | RGB render volume=False | H/V angles=nan/nan deg | truth distance=inf m
[WARN] [1791469559.454705741] [front_tof_monitor]: USV RGB=True | TOF=False | active=front_rgb_only | range=nan m | depth ratio=0.00 | window rates RGB/ToF=1.00/0.65 | frame change=0.0072 | truth angle FOV=False | RGB render volume=False | H/V angles=nan/nan deg | truth distance=inf m
[INFO] [1791469559.554316145] [front_tof_monitor]: USV RGB=True | TOF=True | active=front_tof | range=19.41 m | depth ratio=1.00 | window rates RGB/ToF=1.00/0.67 | frame change=0.0072 | truth angle FOV=False | RGB render volume=False | H/V angles=nan/nan deg | truth distance=inf m
[WARN] [1791469559.654730459] [front_tof_monitor]: USV RGB=True | TOF=False | active=front_rgb_only | range=nan m | depth ratio=0.00 | window rates RGB/ToF=1.00/0.67 | frame change=0.0048 | truth angle FOV=False | RGB render volume=False | H/V angles=nan/nan deg | truth distance=inf m
[INFO] [1791469559.754904614] [front_tof_monitor]: USV RGB=True | TOF=True | active=front_tof | range=18.61 m | depth ratio=1.00 | window rates RGB/ToF=1.00/0.69 | frame change=0.0048 | truth angle FOV=False | RGB render volume=False | H/V angles=nan/nan deg | truth distance=inf m
[WARN] [1791469559.854596203] [front_tof_monitor]: USV RGB=True | TOF=False | active=front_rgb_only | range=nan m | depth ratio=0.00 | window rates RGB/ToF=1.00/0.69 | frame change=0.0012 | truth angle FOV=False | RGB render volume=False | H/V angles=nan/nan deg | truth distance=inf m
[INFO] [1791469560.054502384] [front_tof_monitor]: USV RGB=True | TOF=True | active=front_tof | range=17.81 m | depth ratio=1.00 | window rates RGB/ToF=1.00/0.71 | frame change=0.0009 | truth angle FOV=False | RGB render volume=False | H/V angles=nan/nan deg | truth distance=inf m
[WARN] [1791469560.254774316] [front_tof_monitor]: USV RGB=True | TOF=False | active=front_rgb_only | range=nan m | depth ratio=0.00 | window rates RGB/ToF=1.00/0.73 | frame change=0.0009 | truth angle FOV=False | RGB render volume=False | H/V angles=nan/nan deg | truth distance=inf m
[INFO] [1791469560.354771400] [front_tof_monitor]: USV RGB=True | TOF=True | active=front_tof | range=17.08 m | depth ratio=1.00 | window rates RGB/ToF=1.00/0.75 | frame change=0.0029 | truth angle FOV=False | RGB render volume=False | H/V angles=nan/nan deg | truth distance=inf m
[WARN] [1791469560.454356805] [front_tof_monitor]: USV RGB=True | TOF=False | active=front_rgb_only | range=nan m | depth ratio=0.00 | window rates RGB/ToF=1.00/0.75 | frame change=0.0029 | truth angle FOV=False | RGB render volume=False | H/V angles=nan/nan deg | truth distance=inf m
[INFO] [1791469560.554759612] [front_tof_monitor]: USV RGB=True | TOF=True | active=front_tof | range=16.50 m | depth ratio=1.00 | window rates RGB/ToF=1.00/0.76 | frame change=0.0067 | truth angle FOV=False | RGB render volume=False | H/V angles=nan/nan deg | truth distance=inf m
[WARN] [1791469566.954237612] [front_tof_monitor]: USV RGB=True | TOF=False | active=front_rgb_only | range=nan m | depth ratio=0.00 | window rates RGB/ToF=1.00/0.98 | frame change=0.0065 | truth angle FOV=False | RGB render volume=False | H/V angles=nan/nan deg | truth distance=inf m
[INFO] [1791469567.054235360] [front_tof_monitor]: USV RGB=True | TOF=True | active=front_tof | range=6.37 m | depth ratio=1.00 | window rates RGB/ToF=1.00/0.98 | frame change=0.0121 | truth angle FOV=False | RGB render volume=False | H/V angles=nan/nan deg | truth distance=inf m
[WARN] [1791469567.154681585] [front_tof_monitor]: USV RGB=True | TOF=False | active=front_rgb_only | range=nan m | depth ratio=0.00 | window rates RGB/ToF=1.00/0.96 | frame change=0.0121 | truth angle FOV=False | RGB render volume=False | H/V angles=nan/nan deg | truth distance=inf m
[INFO] [1791469567.554241331] [front_tof_monitor]: USV RGB=True | TOF=True | active=front_tof | range=6.48 m | depth ratio=1.00 | window rates RGB/ToF=1.00/0.90 | frame change=0.0018 | truth angle FOV=False | RGB render volume=False | H/V angles=nan/nan deg | truth distance=inf m
[WARN] [1791469567.654964858] [front_tof_monitor]: USV RGB=True | TOF=False | active=front_rgb_only | range=nan m | depth ratio=0.00 | window rates RGB/ToF=1.00/0.88 | frame change=0.0018 | truth angle FOV=False | RGB render volume=False | H/V angles=nan/nan deg | truth distance=inf m
[INFO] [1791469567.754549328] [front_tof_monitor]: USV RGB=True | TOF=True | active=front_tof | range=6.51 m | depth ratio=1.00 | window rates RGB/ToF=1.00/0.88 | frame change=0.0013 | truth angle FOV=False | RGB render volume=False | H/V angles=nan/nan deg | truth distance=inf m
[WARN] [1791469568.154013664] [front_tof_monitor]: USV RGB=True | TOF=False | active=front_rgb_only | range=nan m | depth ratio=0.00 | window rates RGB/ToF=1.00/0.86 | frame change=0.0054 | truth angle FOV=False | RGB render volume=False | H/V angles=nan/nan deg | truth distance=inf m
[INFO] [1791469568.254303786] [front_tof_monitor]: USV RGB=True | TOF=True | active=front_tof | range=6.54 m | depth ratio=1.00 | window rates RGB/ToF=1.00/0.86 | frame change=0.0045 | truth angle FOV=False | RGB render volume=False | H/V angles=nan/nan deg | truth distance=inf m
[WARN] [1791469568.354206137] [front_tof_monitor]: USV RGB=True | TOF=False | active=front_rgb_only | range=nan m | depth ratio=0.00 | window rates RGB/ToF=1.00/0.84 | frame change=0.0045 | truth angle FOV=False | RGB render volume=False | H/V angles=nan/nan deg | truth distance=inf m
[INFO] [1791469568.454364757] [front_tof_monitor]: USV RGB=True | TOF=True | active=front_tof | range=6.54 m | depth ratio=1.00 | window rates RGB/ToF=1.00/0.84 | frame change=0.0001 | truth angle FOV=False | RGB render volume=False | H/V angles=nan/nan deg | truth distance=inf m
[WARN] [1791469571.754839284] [front_tof_monitor]: USV RGB=True | TOF=False | active=front_rgb_only | range=nan m | depth ratio=0.00 | window rates RGB/ToF=1.00/0.82 | frame change=0.0027 | truth angle FOV=False | RGB render volume=False | H/V angles=nan/nan deg | truth distance=inf m
[INFO] [1791469571.854213841] [front_tof_monitor]: USV RGB=True | TOF=True | active=front_tof | range=6.48 m | depth ratio=1.00 | window rates RGB/ToF=1.00/0.82 | frame change=0.0071 | truth angle FOV=False | RGB render volume=False | H/V angles=nan/nan deg | truth distance=inf m
[WARN] [1791469572.954316023] [front_tof_monitor]: USV RGB=True | TOF=False | active=front_rgb_only | range=nan m | depth ratio=0.00 | window rates RGB/ToF=1.00/0.92 | frame change=0.0054 | truth angle FOV=False | RGB render volume=False | H/V angles=nan/nan deg | truth distance=inf m
[INFO] [1791469573.054770796] [front_tof_monitor]: USV RGB=True | TOF=True | active=front_tof | range=6.12 m | depth ratio=1.00 | window rates RGB/ToF=1.00/0.92 | frame change=0.0067 | truth angle FOV=False | RGB render volume=False | H/V angles=nan/nan deg | truth distance=inf m
[WARN] [1791469573.154666017] [front_tof_monitor]: USV RGB=True | TOF=False | active=front_rgb_only | range=nan m | depth ratio=0.00 | window rates RGB/ToF=1.00/0.92 | frame change=0.0067 | truth angle FOV=False | RGB render volume=False | H/V angles=nan/nan deg | truth distance=inf m
[INFO] [1791469573.254812139] [front_tof_monitor]: USV RGB=True | TOF=True | active=front_tof | range=6.07 m | depth ratio=1.00 | window rates RGB/ToF=1.00/0.92 | frame change=0.0078 | truth angle FOV=False | RGB render volume=False | H/V angles=nan/nan deg | truth distance=inf m
[WARN] [1791469573.654699752] [front_tof_monitor]: USV RGB=True | TOF=False | active=front_rgb_only | range=nan m | depth ratio=0.00 | window rates RGB/ToF=1.00/0.92 | frame change=0.0020 | truth angle FOV=False | RGB render volume=False | H/V angles=nan/nan deg | truth distance=inf m
[INFO] [1791469573.754210933] [front_tof_monitor]: USV RGB=True | TOF=True | active=front_tof | range=6.00 m | depth ratio=1.00 | window rates RGB/ToF=1.00/0.92 | frame change=0.0048 | truth angle FOV=False | RGB render volume=False | H/V angles=nan/nan deg | truth distance=inf m
[WARN] [1791469573.854574254] [front_tof_monitor]: USV RGB=True | TOF=False | active=front_rgb_only | range=nan m | depth ratio=0.00 | window rates RGB/ToF=1.00/0.90 | frame change=0.0048 | truth angle FOV=False | RGB render volume=False | H/V angles=nan/nan deg | truth distance=inf m
[INFO] [1791469574.054179629] [front_tof_monitor]: USV RGB=True | TOF=True | active=front_tof | range=6.05 m | depth ratio=1.00 | window rates RGB/ToF=1.00/0.88 | frame change=0.0038 | truth angle FOV=False | RGB render volume=False | H/V angles=nan/nan deg | truth distance=inf m
[WARN] [1791469574.154006166] [front_tof_monitor]: USV RGB=True | TOF=False | active=front_rgb_only | range=nan m | depth ratio=0.00 | window rates RGB/ToF=1.00/0.86 | frame change=0.0028 | truth angle FOV=False | RGB render volume=False | H/V angles=nan/nan deg | truth distance=inf m
[INFO] [1791469574.254278569] [front_tof_monitor]: USV RGB=True | TOF=True | active=front_tof | range=6.11 m | depth ratio=1.00 | window rates RGB/ToF=1.00/0.86 | frame change=0.0028 | truth angle FOV=False | RGB render volume=False | H/V angles=nan/nan deg | truth distance=inf m
[WARN] [1791469574.454031989] [front_tof_monitor]: USV RGB=True | TOF=False | active=front_rgb_only | range=nan m | depth ratio=0.00 | window rates RGB/ToF=1.00/0.84 | frame change=0.0056 | truth angle FOV=False | RGB render volume=False | H/V angles=nan/nan deg | truth distance=inf m
[INFO] [1791469574.954344538] [front_tof_monitor]: USV RGB=True | TOF=True | active=front_tof | range=6.30 m | depth ratio=1.00 | window rates RGB/ToF=1.00/0.76 | frame change=0.0022 | truth angle FOV=False | RGB render volume=False | H/V angles=nan/nan deg | truth distance=inf m
[WARN] [1791469575.054574146] [front_tof_monitor]: USV RGB=True | TOF=False | active=front_rgb_only | range=nan m | depth ratio=0.00 | window rates RGB/ToF=1.00/0.75 | frame change=0.0054 | truth angle FOV=False | RGB render volume=False | H/V angles=nan/nan deg | truth distance=inf m
[INFO] [1791469575.154565061] [front_tof_monitor]: USV RGB=True | TOF=True | active=front_tof | range=6.33 m | depth ratio=1.00 | window rates RGB/ToF=1.00/0.74 | frame change=0.0054 | truth angle FOV=False | RGB render volume=False | H/V angles=nan/nan deg | truth distance=inf m
[WARN] [1791469575.254833549] [front_tof_monitor]: USV RGB=True | TOF=False | active=front_rgb_only | range=nan m | depth ratio=0.00 | window rates RGB/ToF=1.00/0.73 | frame change=0.0018 | truth angle FOV=False | RGB render volume=False | H/V angles=nan/nan deg | truth distance=inf m
[INFO] [1791469575.754205603] [front_tof_monitor]: USV RGB=True | TOF=True | active=front_tof | range=6.36 m | depth ratio=1.00 | window rates RGB/ToF=1.00/0.65 | frame change=0.0092 | truth angle FOV=False | RGB render volume=False | H/V angles=nan/nan deg | truth distance=inf m
[WARN] [1791469575.854026706] [front_tof_monitor]: USV RGB=True | TOF=False | active=front_rgb_only | range=nan m | depth ratio=0.00 | window rates RGB/ToF=1.00/0.63 | frame change=0.0092 | truth angle FOV=False | RGB render volume=False | H/V angles=nan/nan deg | truth distance=inf m
[INFO] [1791469575.954885543] [front_tof_monitor]: USV RGB=True | TOF=True | active=front_tof | range=6.36 m | depth ratio=1.00 | window rates RGB/ToF=1.00/0.62 | frame change=0.0054 | truth angle FOV=False | RGB render volume=False | H/V angles=nan/nan deg | truth distance=inf m
[WARN] [1791469576.554600789] [front_tof_monitor]: USV RGB=True | TOF=False | active=front_rgb_only | range=nan m | depth ratio=0.00 | window rates RGB/ToF=1.00/0.60 | frame change=0.0064 | truth angle FOV=False | RGB render volume=False | H/V angles=nan/nan deg | truth distance=inf m
[INFO] [1791469576.655069406] [front_tof_monitor]: USV RGB=True | TOF=True | active=front_tof | range=6.21 m | depth ratio=1.00 | window rates RGB/ToF=1.00/0.61 | frame change=0.0038 | truth angle FOV=False | RGB render volume=False | H/V angles=nan/nan deg | truth distance=inf m
[WARN] [1791469581.554781107] [front_tof_monitor]: USV RGB=True | TOF=False | active=front_rgb_only | range=nan m | depth ratio=0.00 | window rates RGB/ToF=1.00/0.96 | frame change=0.0018 | truth angle FOV=False | RGB render volume=False | H/V angles=nan/nan deg | truth distance=inf m
[INFO] [1791469581.654953939] [front_tof_monitor]: USV RGB=True | TOF=True | active=front_tof | range=6.31 m | depth ratio=1.00 | window rates RGB/ToF=1.00/0.98 | frame change=0.0031 | truth angle FOV=False | RGB render volume=False | H/V angles=nan/nan deg | truth distance=inf m
[WARN] [1791469582.254732545] [front_tof_monitor]: USV RGB=True | TOF=False | active=front_rgb_only | range=nan m | depth ratio=0.00 | window rates RGB/ToF=1.00/0.96 | frame change=0.0045 | truth angle FOV=False | RGB render volume=False | H/V angles=nan/nan deg | truth distance=inf m
[INFO] [1791469582.354860533] [front_tof_monitor]: USV RGB=True | TOF=True | active=front_tof | range=6.37 m | depth ratio=1.00 | window rates RGB/ToF=1.00/0.96 | frame change=0.0013 | truth angle FOV=False | RGB render volume=False | H/V angles=nan/nan deg | truth distance=inf m
[WARN] [1791469582.454692130] [front_tof_monitor]: USV RGB=True | TOF=False | active=front_rgb_only | range=nan m | depth ratio=0.00 | window rates RGB/ToF=1.00/0.94 | frame change=0.0013 | truth angle FOV=False | RGB render volume=False | H/V angles=nan/nan deg | truth distance=inf m
[INFO] [1791469582.654599907] [front_tof_monitor]: USV RGB=True | TOF=True | active=front_tof | range=6.39 m | depth ratio=1.00 | window rates RGB/ToF=1.00/0.92 | frame change=0.0057 | truth angle FOV=False | RGB render volume=False | H/V angles=nan/nan deg | truth distance=inf m
[WARN] [1791469583.054626801] [front_tof_monitor]: USV RGB=True | TOF=False | active=front_rgb_only | range=nan m | depth ratio=0.00 | window rates RGB/ToF=1.00/0.90 | frame change=0.0036 | truth angle FOV=False | RGB render volume=False | H/V angles=nan/nan deg | truth distance=inf m
[INFO] [1791469583.154597299] [front_tof_monitor]: USV RGB=True | TOF=True | active=front_tof | range=6.33 m | depth ratio=1.00 | window rates RGB/ToF=1.00/0.90 | frame change=0.0036 | truth angle FOV=False | RGB render volume=False | H/V angles=nan/nan deg | truth distance=inf m
[WARN] [1791469584.154664715] [front_tof_monitor]: USV RGB=True | TOF=False | active=front_rgb_only | range=nan m | depth ratio=0.00 | window rates RGB/ToF=1.00/0.88 | frame change=0.0057 | truth angle FOV=False | RGB render volume=False | H/V angles=nan/nan deg | truth distance=inf m
[INFO] [1791469584.254807478] [front_tof_monitor]: USV RGB=True | TOF=True | active=front_tof | range=5.99 m | depth ratio=1.00 | window rates RGB/ToF=1.00/0.88 | frame change=0.0057 | truth angle FOV=False | RGB render volume=False | H/V angles=nan/nan deg | truth distance=inf m
[WARN] [1791469585.054546960] [front_tof_monitor]: USV RGB=True | TOF=False | active=front_rgb_only | range=nan m | depth ratio=0.00 | window rates RGB/ToF=1.00/0.86 | frame change=0.0096 | truth angle FOV=False | RGB render volume=False | H/V angles=nan/nan deg | truth distance=inf m
[INFO] [1791469585.154909627] [front_tof_monitor]: USV RGB=True | TOF=True | active=front_tof | range=5.84 m | depth ratio=1.00 | window rates RGB/ToF=1.00/0.86 | frame change=0.0096 | truth angle FOV=False | RGB render volume=False | H/V angles=nan/nan deg | truth distance=inf m
[WARN] [1791469585.253969932] [front_tof_monitor]: USV RGB=True | TOF=False | active=front_rgb_only | range=nan m | depth ratio=0.00 | window rates RGB/ToF=1.00/0.84 | frame change=0.0069 | truth angle FOV=False | RGB render volume=False | H/V angles=nan/nan deg | truth distance=inf m
[INFO] [1791469585.354767476] [front_tof_monitor]: USV RGB=True | TOF=True | active=front_tof | range=5.90 m | depth ratio=1.00 | window rates RGB/ToF=1.00/0.84 | frame change=0.0069 | truth angle FOV=False | RGB render volume=False | H/V angles=nan/nan deg | truth distance=inf m
[WARN] [1791469585.754553124] [front_tof_monitor]: USV RGB=True | TOF=False | active=front_rgb_only | range=nan m | depth ratio=0.00 | window rates RGB/ToF=1.00/0.82 | frame change=0.0048 | truth angle FOV=False | RGB render volume=False | H/V angles=nan/nan deg | truth distance=inf m
[INFO] [1791469585.854166220] [front_tof_monitor]: USV RGB=True | TOF=True | active=front_tof | range=6.07 m | depth ratio=1.00 | window rates RGB/ToF=1.00/0.82 | frame change=0.0048 | truth angle FOV=False | RGB render volume=False | H/V angles=nan/nan deg | truth distance=inf m
[WARN] [1791469585.954889996] [front_tof_monitor]: USV RGB=True | TOF=False | active=front_rgb_only | range=nan m | depth ratio=0.00 | window rates RGB/ToF=1.00/0.80 | frame change=0.0044 | truth angle FOV=False | RGB render volume=False | H/V angles=nan/nan deg | truth distance=inf m
[INFO] [1791469586.054780537] [front_tof_monitor]: USV RGB=True | TOF=True | active=front_tof | range=6.15 m | depth ratio=1.00 | window rates RGB/ToF=1.00/0.80 | frame change=0.0044 | truth angle FOV=False | RGB render volume=False | H/V angles=nan/nan deg | truth distance=inf m
[WARN] [1791469586.154607466] [front_tof_monitor]: USV RGB=True | TOF=False | active=front_rgb_only | range=nan m | depth ratio=0.00 | window rates RGB/ToF=1.00/0.78 | frame change=0.0061 | truth angle FOV=False | RGB render volume=False | H/V angles=nan/nan deg | truth distance=inf m
[INFO] [1791469586.254367017] [front_tof_monitor]: USV RGB=True | TOF=True | active=front_tof | range=6.26 m | depth ratio=1.00 | window rates RGB/ToF=1.00/0.78 | frame change=0.0061 | truth angle FOV=False | RGB render volume=False | H/V angles=nan/nan deg | truth distance=inf m
[WARN] [1791469586.354560008] [front_tof_monitor]: USV RGB=True | TOF=False | active=front_rgb_only | range=nan m | depth ratio=0.00 | window rates RGB/ToF=1.00/0.76 | frame change=0.0083 | truth angle FOV=False | RGB render volume=False | H/V angles=nan/nan deg | truth distance=inf m
[INFO] [1791469586.754749366] [front_tof_monitor]: USV RGB=True | TOF=True | active=front_tof | range=6.37 m | depth ratio=1.00 | window rates RGB/ToF=1.00/0.73 | frame change=0.0073 | truth angle FOV=False | RGB render volume=False | H/V angles=nan/nan deg | truth distance=inf m
[WARN] [1791469586.854015389] [front_tof_monitor]: USV RGB=True | TOF=False | active=front_rgb_only | range=nan m | depth ratio=0.00 | window rates RGB/ToF=1.00/0.71 | frame change=0.0095 | truth angle FOV=False | RGB render volume=False | H/V angles=nan/nan deg | truth distance=inf m
[INFO] [1791469586.954762216] [front_tof_monitor]: USV RGB=True | TOF=True | active=front_tof | range=6.40 m | depth ratio=1.00 | window rates RGB/ToF=1.00/0.71 | frame change=0.0095 | truth angle FOV=False | RGB render volume=False | H/V angles=nan/nan deg | truth distance=inf m
[WARN] [1791469587.154140049] [front_tof_monitor]: USV RGB=True | TOF=False | active=front_rgb_only | range=nan m | depth ratio=0.00 | window rates RGB/ToF=1.00/0.68 | frame change=0.0105 | truth angle FOV=False | RGB render volume=False | H/V angles=nan/nan deg | truth distance=inf m
[INFO] [1791469587.354247682] [front_tof_monitor]: USV RGB=True | TOF=True | active=front_tof | range=6.41 m | depth ratio=1.00 | window rates RGB/ToF=1.00/0.69 | frame change=0.0042 | truth angle FOV=False | RGB render volume=False | H/V angles=nan/nan deg | truth distance=inf m
[WARN] [1791469587.454604169] [front_tof_monitor]: USV RGB=True | TOF=False | active=front_rgb_only | range=nan m | depth ratio=0.00 | window rates RGB/ToF=1.00/0.67 | frame change=0.0042 | truth angle FOV=False | RGB render volume=False | H/V angles=nan/nan deg | truth distance=inf m
[INFO] [1791469587.754210934] [front_tof_monitor]: USV RGB=True | TOF=True | active=front_tof | range=6.34 m | depth ratio=1.00 | window rates RGB/ToF=1.00/0.67 | frame change=0.0033 | truth angle FOV=False | RGB render volume=False | H/V angles=nan/nan deg | truth distance=inf m
[WARN] [1791469587.954490417] [front_tof_monitor]: USV RGB=True | TOF=False | active=front_rgb_only | range=nan m | depth ratio=0.00 | window rates RGB/ToF=1.00/0.65 | frame change=0.0033 | truth angle FOV=False | RGB render volume=False | H/V angles=nan/nan deg | truth distance=inf m
[INFO] [1791469588.054469797] [front_tof_monitor]: USV RGB=True | TOF=True | active=front_tof | range=6.31 m | depth ratio=1.00 | window rates RGB/ToF=1.00/0.65 | frame change=0.0060 | truth angle FOV=False | RGB render volume=False | H/V angles=nan/nan deg | truth distance=inf m
[WARN] [1791469595.754061103] [front_tof_monitor]: USV RGB=True | TOF=False | active=front_rgb_only | range=nan m | depth ratio=0.00 | window rates RGB/ToF=1.00/0.98 | frame change=0.0087 | truth angle FOV=False | RGB render volume=False | H/V angles=nan/nan deg | truth distance=inf m
[INFO] [1791469595.854194923] [front_tof_monitor]: USV RGB=True | TOF=True | active=front_tof | range=6.51 m | depth ratio=1.00 | window rates RGB/ToF=1.00/0.98 | frame change=0.0048 | truth angle FOV=False | RGB render volume=False | H/V angles=nan/nan deg | truth distance=inf m
[WARN] [1791469596.455488823] [front_tof_monitor]: USV RGB=True | TOF=False | active=front_rgb_only | range=nan m | depth ratio=0.00 | window rates RGB/ToF=1.00/0.96 | frame change=0.0008 | truth angle FOV=False | RGB render volume=False | H/V angles=nan/nan deg | truth distance=inf m
[INFO] [1791469596.554345708] [front_tof_monitor]: USV RGB=True | TOF=True | active=front_tof | range=6.44 m | depth ratio=1.00 | window rates RGB/ToF=1.00/0.96 | frame change=0.0016 | truth angle FOV=False | RGB render volume=False | H/V angles=nan/nan deg | truth distance=inf m
[WARN] [1791469598.054090304] [front_tof_monitor]: USV RGB=True | TOF=False | active=front_rgb_only | range=nan m | depth ratio=0.00 | window rates RGB/ToF=1.00/0.94 | frame change=0.0039 | truth angle FOV=False | RGB render volume=False | H/V angles=nan/nan deg | truth distance=inf m
[INFO] [1791469598.154907637] [front_tof_monitor]: USV RGB=True | TOF=True | active=front_tof | range=6.52 m | depth ratio=1.00 | window rates RGB/ToF=1.00/0.94 | frame change=0.0039 | truth angle FOV=False | RGB render volume=False | H/V angles=nan/nan deg | truth distance=inf m
[WARN] [1791469598.254166421] [front_tof_monitor]: USV RGB=True | TOF=False | active=front_rgb_only | range=nan m | depth ratio=0.00 | window rates RGB/ToF=1.00/0.92 | frame change=0.0026 | truth angle FOV=False | RGB render volume=False | H/V angles=nan/nan deg | truth distance=inf m
[INFO] [1791469598.354859949] [front_tof_monitor]: USV RGB=True | TOF=True | active=front_tof | range=6.54 m | depth ratio=1.00 | window rates RGB/ToF=1.00/0.92 | frame change=0.0026 | truth angle FOV=False | RGB render volume=False | H/V angles=nan/nan deg | truth distance=inf m
[WARN] [1791469598.954222857] [front_tof_monitor]: USV RGB=True | TOF=False | active=front_rgb_only | range=nan m | depth ratio=0.00 | window rates RGB/ToF=1.00/0.90 | frame change=0.0033 | truth angle FOV=False | RGB render volume=False | H/V angles=nan/nan deg | truth distance=inf m
[INFO] [1791469599.054346546] [front_tof_monitor]: USV RGB=True | TOF=True | active=front_tof | range=6.57 m | depth ratio=1.00 | window rates RGB/ToF=1.00/0.90 | frame change=0.0033 | truth angle FOV=False | RGB render volume=False | H/V angles=nan/nan deg | truth distance=inf m
[WARN] [1791469599.154605988] [front_tof_monitor]: USV RGB=True | TOF=False | active=front_rgb_only | range=nan m | depth ratio=0.00 | window rates RGB/ToF=1.00/0.88 | frame change=0.0051 | truth angle FOV=False | RGB render volume=False | H/V angles=nan/nan deg | truth distance=inf m
[INFO] [1791469599.255151526] [front_tof_monitor]: USV RGB=True | TOF=True | active=front_tof | range=6.56 m | depth ratio=1.00 | window rates RGB/ToF=1.00/0.88 | frame change=0.0051 | truth angle FOV=False | RGB render volume=False | H/V angles=nan/nan deg | truth distance=inf m
[WARN] [1791469599.354063486] [front_tof_monitor]: USV RGB=True | TOF=False | active=front_rgb_only | range=nan m | depth ratio=0.00 | window rates RGB/ToF=1.00/0.86 | frame change=0.0032 | truth angle FOV=False | RGB render volume=False | H/V angles=nan/nan deg | truth distance=inf m
[INFO] [1791469599.754987584] [front_tof_monitor]: USV RGB=True | TOF=True | active=front_tof | range=6.52 m | depth ratio=1.00 | window rates RGB/ToF=1.00/0.80 | frame change=0.0028 | truth angle FOV=False | RGB render volume=False | H/V angles=nan/nan deg | truth distance=inf m
[WARN] [1791469599.854072063] [front_tof_monitor]: USV RGB=True | TOF=False | active=front_rgb_only | range=nan m | depth ratio=0.00 | window rates RGB/ToF=1.00/0.78 | frame change=0.0032 | truth angle FOV=False | RGB render volume=False | H/V angles=nan/nan deg | truth distance=inf m
[INFO] [1791469600.355090139] [front_tof_monitor]: USV RGB=True | TOF=True | active=front_tof | range=6.46 m | depth ratio=1.00 | window rates RGB/ToF=1.00/0.70 | frame change=0.0030 | truth angle FOV=False | RGB render volume=False | H/V angles=nan/nan deg | truth distance=inf m
[WARN] [1791469600.459052400] [front_tof_monitor]: USV RGB=True | TOF=False | active=front_rgb_only | range=nan m | depth ratio=0.00 | window rates RGB/ToF=1.00/0.68 | frame change=0.0030 | truth angle FOV=False | RGB render volume=False | H/V angles=nan/nan deg | truth distance=inf m
[INFO] [1791469600.554709428] [front_tof_monitor]: USV RGB=True | TOF=True | active=front_tof | range=6.44 m | depth ratio=1.00 | window rates RGB/ToF=1.00/0.69 | frame change=0.0003 | truth angle FOV=False | RGB render volume=False | H/V angles=nan/nan deg | truth distance=inf m
[WARN] [1791469600.953999635] [front_tof_monitor]: USV RGB=True | TOF=False | active=front_rgb_only | range=nan m | depth ratio=0.00 | window rates RGB/ToF=1.00/0.69 | frame change=0.0028 | truth angle FOV=False | RGB render volume=False | H/V angles=nan/nan deg | truth distance=inf m
[INFO] [1791469601.054753032] [front_tof_monitor]: USV RGB=True | TOF=True | active=front_tof | range=6.41 m | depth ratio=1.00 | window rates RGB/ToF=1.00/0.69 | frame change=0.0042 | truth angle FOV=False | RGB render volume=False | H/V angles=nan/nan deg | truth distance=inf m
[WARN] [1791469601.154585198] [front_tof_monitor]: USV RGB=True | TOF=False | active=front_rgb_only | range=nan m | depth ratio=0.00 | window rates RGB/ToF=1.00/0.66 | frame change=0.0042 | truth angle FOV=False | RGB render volume=False | H/V angles=nan/nan deg | truth distance=inf m
[INFO] [1791469601.254754081] [front_tof_monitor]: USV RGB=True | TOF=True | active=front_tof | range=6.41 m | depth ratio=1.00 | window rates RGB/ToF=1.00/0.66 | frame change=0.0060 | truth angle FOV=False | RGB render volume=False | H/V angles=nan/nan deg | truth distance=inf m
[WARN] [1791469601.854396679] [front_tof_monitor]: USV RGB=True | TOF=False | active=front_rgb_only | range=nan m | depth ratio=0.00 | window rates RGB/ToF=1.00/0.67 | frame change=0.0006 | truth angle FOV=False | RGB render volume=False | H/V angles=nan/nan deg | truth distance=inf m
[INFO] [1791469601.954833379] [front_tof_monitor]: USV RGB=True | TOF=True | active=front_tof | range=6.43 m | depth ratio=1.00 | window rates RGB/ToF=1.00/0.67 | frame change=0.0049 | truth angle FOV=False | RGB render volume=False | H/V angles=nan/nan deg | truth distance=inf m
[WARN] [1791469602.054538094] [front_tof_monitor]: USV RGB=True | TOF=False | active=front_rgb_only | range=nan m | depth ratio=0.00 | window rates RGB/ToF=1.00/0.64 | frame change=0.0049 | truth angle FOV=False | RGB render volume=False | H/V angles=nan/nan deg | truth distance=inf m
[INFO] [1791469602.154811169] [front_tof_monitor]: USV RGB=True | TOF=True | active=front_tof | range=6.44 m | depth ratio=1.00 | window rates RGB/ToF=1.00/0.65 | frame change=0.0086 | truth angle FOV=False | RGB render volume=False | H/V angles=nan/nan deg | truth distance=inf m
[WARN] [1791469603.454451730] [front_tof_monitor]: USV RGB=True | TOF=False | active=front_rgb_only | range=nan m | depth ratio=0.00 | window rates RGB/ToF=1.00/0.66 | frame change=0.0088 | truth angle FOV=False | RGB render volume=False | H/V angles=nan/nan deg | truth distance=inf m
[INFO] [1791469603.554320776] [front_tof_monitor]: USV RGB=True | TOF=True | active=front_tof | range=6.18 m | depth ratio=1.00 | window rates RGB/ToF=1.00/0.66 | frame change=0.0058 | truth angle FOV=False | RGB render volume=False | H/V angles=nan/nan deg | truth distance=inf m
[WARN] [1791469609.455795911] [front_tof_monitor]: USV RGB=True | TOF=False | active=front_rgb_only | range=nan m | depth ratio=0.00 | window rates RGB/ToF=1.00/0.98 | frame change=0.0053 | truth angle FOV=False | RGB render volume=False | H/V angles=nan/nan deg | truth distance=inf m
[INFO] [1791469609.554173641] [front_tof_monitor]: USV RGB=True | TOF=True | active=front_tof | range=6.24 m | depth ratio=1.00 | window rates RGB/ToF=1.00/0.98 | frame change=0.0053 | truth angle FOV=False | RGB render volume=False | H/V angles=nan/nan deg | truth distance=inf m
[WARN] [1791469609.954020207] [front_tof_monitor]: USV RGB=True | TOF=False | active=front_rgb_only | range=nan m | depth ratio=0.00 | window rates RGB/ToF=1.00/0.96 | frame change=0.0002 | truth angle FOV=False | RGB render volume=False | H/V angles=nan/nan deg | truth distance=inf m
[INFO] [1791469610.054216239] [front_tof_monitor]: USV RGB=True | TOF=True | active=front_tof | range=6.32 m | depth ratio=1.00 | window rates RGB/ToF=1.00/0.96 | frame change=0.0002 | truth angle FOV=False | RGB render volume=False | H/V angles=nan/nan deg | truth distance=inf m
[WARN] [1791469610.154716752] [front_tof_monitor]: USV RGB=True | TOF=False | active=front_rgb_only | range=nan m | depth ratio=0.00 | window rates RGB/ToF=1.00/0.94 | frame change=0.0010 | truth angle FOV=False | RGB render volume=False | H/V angles=nan/nan deg | truth distance=inf m
[INFO] [1791469610.254173443] [front_tof_monitor]: USV RGB=True | TOF=True | active=front_tof | range=6.34 m | depth ratio=1.00 | window rates RGB/ToF=1.00/0.94 | frame change=0.0010 | truth angle FOV=False | RGB render volume=False | H/V angles=nan/nan deg | truth distance=inf m
[WARN] [1791469610.354076651] [front_tof_monitor]: USV RGB=True | TOF=False | active=front_rgb_only | range=nan m | depth ratio=0.00 | window rates RGB/ToF=1.00/0.92 | frame change=0.0030 | truth angle FOV=False | RGB render volume=False | H/V angles=nan/nan deg | truth distance=inf m
[INFO] [1791469610.554399247] [front_tof_monitor]: USV RGB=True | TOF=True | active=front_tof | range=6.38 m | depth ratio=1.00 | window rates RGB/ToF=1.00/0.90 | frame change=0.0053 | truth angle FOV=False | RGB render volume=False | H/V angles=nan/nan deg | truth distance=inf m
[WARN] [1791469611.154552485] [front_tof_monitor]: USV RGB=True | TOF=False | active=front_rgb_only | range=nan m | depth ratio=0.00 | window rates RGB/ToF=1.00/0.88 | frame change=0.0039 | truth angle FOV=False | RGB render volume=False | H/V angles=nan/nan deg | truth distance=inf m
[INFO] [1791469611.354227026] [front_tof_monitor]: USV RGB=True | TOF=True | active=front_tof | range=6.41 m | depth ratio=1.00 | window rates RGB/ToF=1.00/0.86 | frame change=0.0034 | truth angle FOV=False | RGB render volume=False | H/V angles=nan/nan deg | truth distance=inf m
[WARN] [1791469611.454386577] [front_tof_monitor]: USV RGB=True | TOF=False | active=front_rgb_only | range=nan m | depth ratio=0.00 | window rates RGB/ToF=1.00/0.84 | frame change=0.0040 | truth angle FOV=False | RGB render volume=False | H/V angles=nan/nan deg | truth distance=inf m
[INFO] [1791469611.754807623] [front_tof_monitor]: USV RGB=True | TOF=True | active=front_tof | range=6.39 m | depth ratio=1.00 | window rates RGB/ToF=1.00/0.80 | frame change=0.0021 | truth angle FOV=False | RGB render volume=False | H/V angles=nan/nan deg | truth distance=inf m
[WARN] [1791469611.954568397] [front_tof_monitor]: USV RGB=True | TOF=False | active=front_rgb_only | range=nan m | depth ratio=0.00 | window rates RGB/ToF=1.00/0.78 | frame change=0.0026 | truth angle FOV=False | RGB render volume=False | H/V angles=nan/nan deg | truth distance=inf m
[INFO] [1791469612.054752659] [front_tof_monitor]: USV RGB=True | TOF=True | active=front_tof | range=6.35 m | depth ratio=1.00 | window rates RGB/ToF=1.00/0.78 | frame change=0.0026 | truth angle FOV=False | RGB render volume=False | H/V angles=nan/nan deg | truth distance=inf m
[WARN] [1791469612.154280509] [front_tof_monitor]: USV RGB=True | TOF=False | active=front_rgb_only | range=nan m | depth ratio=0.00 | window rates RGB/ToF=1.00/0.76 | frame change=0.0002 | truth angle FOV=False | RGB render volume=False | H/V angles=nan/nan deg | truth distance=inf m
[INFO] [1791469612.254745198] [front_tof_monitor]: USV RGB=True | TOF=True | active=front_tof | range=6.32 m | depth ratio=1.00 | window rates RGB/ToF=1.00/0.76 | frame change=0.0002 | truth angle FOV=False | RGB render volume=False | H/V angles=nan/nan deg | truth distance=inf m
[WARN] [1791469612.354641568] [front_tof_monitor]: USV RGB=True | TOF=False | active=front_rgb_only | range=nan m | depth ratio=0.00 | window rates RGB/ToF=1.00/0.74 | frame change=0.0017 | truth angle FOV=False | RGB render volume=False | H/V angles=nan/nan deg | truth distance=inf m
[INFO] [1791469612.454768323] [front_tof_monitor]: USV RGB=True | TOF=True | active=front_tof | range=6.29 m | depth ratio=1.00 | window rates RGB/ToF=1.00/0.75 | frame change=0.0017 | truth angle FOV=False | RGB render volume=False | H/V angles=nan/nan deg | truth distance=inf m
[WARN] [1791469615.554107818] [front_tof_monitor]: USV RGB=True | TOF=False | active=front_rgb_only | range=nan m | depth ratio=0.00 | window rates RGB/ToF=1.00/0.82 | frame change=0.0041 | truth angle FOV=False | RGB render volume=False | H/V angles=nan/nan deg | truth distance=inf m
[INFO] [1791469615.654167380] [front_tof_monitor]: USV RGB=True | TOF=True | active=front_tof | range=5.94 m | depth ratio=1.00 | window rates RGB/ToF=1.00/0.82 | frame change=0.0081 | truth angle FOV=False | RGB render volume=False | H/V angles=nan/nan deg | truth distance=inf m
[WARN] [1791469615.754670313] [front_tof_monitor]: USV RGB=True | TOF=False | active=front_rgb_only | range=nan m | depth ratio=0.00 | window rates RGB/ToF=1.00/0.80 | frame change=0.0081 | truth angle FOV=False | RGB render volume=False | H/V angles=nan/nan deg | truth distance=inf m
[INFO] [1791469615.854170885] [front_tof_monitor]: USV RGB=True | TOF=True | active=front_tof | range=5.93 m | depth ratio=1.00 | window rates RGB/ToF=1.00/0.80 | frame change=0.0057 | truth angle FOV=False | RGB render volume=False | H/V angles=nan/nan deg | truth distance=inf m
[WARN] [1791469616.254814756] [front_tof_monitor]: USV RGB=True | TOF=False | active=front_rgb_only | range=nan m | depth ratio=0.00 | window rates RGB/ToF=1.00/0.82 | frame change=0.0007 | truth angle FOV=False | RGB render volume=False | H/V angles=nan/nan deg | truth distance=inf m
[INFO] [1791469616.354178526] [front_tof_monitor]: USV RGB=True | TOF=True | active=front_tof | range=6.00 m | depth ratio=1.00 | window rates RGB/ToF=1.00/0.82 | frame change=0.0051 | truth angle FOV=False | RGB render volume=False | H/V angles=nan/nan deg | truth distance=inf m
[WARN] [1791469616.454005010] [front_tof_monitor]: USV RGB=True | TOF=False | active=front_rgb_only | range=nan m | depth ratio=0.00 | window rates RGB/ToF=1.00/0.80 | frame change=0.0051 | truth angle FOV=False | RGB render volume=False | H/V angles=nan/nan deg | truth distance=inf m
[INFO] [1791469616.554312518] [front_tof_monitor]: USV RGB=True | TOF=True | active=front_tof | range=6.05 m | depth ratio=1.00 | window rates RGB/ToF=1.00/0.82 | frame change=0.0083 | truth angle FOV=False | RGB render volume=False | H/V angles=nan/nan deg | truth distance=inf m
[WARN] [1791469616.954531504] [front_tof_monitor]: USV RGB=True | TOF=False | active=front_rgb_only | range=nan m | depth ratio=0.00 | window rates RGB/ToF=1.00/0.84 | frame change=0.0015 | truth angle FOV=False | RGB render volume=False | H/V angles=nan/nan deg | truth distance=inf m
[INFO] [1791469617.054757085] [front_tof_monitor]: USV RGB=True | TOF=True | active=front_tof | range=6.18 m | depth ratio=1.00 | window rates RGB/ToF=1.00/0.86 | frame change=0.0053 | truth angle FOV=False | RGB render volume=False | H/V angles=nan/nan deg | truth distance=inf m
[WARN] [1791469617.154121815] [front_tof_monitor]: USV RGB=True | TOF=False | active=front_rgb_only | range=nan m | depth ratio=0.00 | window rates RGB/ToF=1.00/0.84 | frame change=0.0053 | truth angle FOV=False | RGB render volume=False | H/V angles=nan/nan deg | truth distance=inf m
[INFO] [1791469617.354190414] [front_tof_monitor]: USV RGB=True | TOF=True | active=front_tof | range=6.25 m | depth ratio=1.00 | window rates RGB/ToF=1.00/0.84 | frame change=0.0057 | truth angle FOV=False | RGB render volume=False | H/V angles=nan/nan deg | truth distance=inf m
[WARN] [1791469617.554680701] [front_tof_monitor]: USV RGB=True | TOF=False | active=front_rgb_only | range=nan m | depth ratio=0.00 | window rates RGB/ToF=1.00/0.84 | frame change=0.0046 | truth angle FOV=False | RGB render volume=False | H/V angles=nan/nan deg | truth distance=inf m
[INFO] [1791469617.654862176] [front_tof_monitor]: USV RGB=True | TOF=True | active=front_tof | range=6.28 m | depth ratio=1.00 | window rates RGB/ToF=1.00/0.84 | frame change=0.0046 | truth angle FOV=False | RGB render volume=False | H/V angles=nan/nan deg | truth distance=inf m
[WARN] [1791469617.754872382] [front_tof_monitor]: USV RGB=True | TOF=False | active=front_rgb_only | range=nan m | depth ratio=0.00 | window rates RGB/ToF=1.00/0.82 | frame change=0.0040 | truth angle FOV=False | RGB render volume=False | H/V angles=nan/nan deg | truth distance=inf m
[INFO] [1791469617.854796930] [front_tof_monitor]: USV RGB=True | TOF=True | active=front_tof | range=6.30 m | depth ratio=1.00 | window rates RGB/ToF=1.00/0.82 | frame change=0.0040 | truth angle FOV=False | RGB render volume=False | H/V angles=nan/nan deg | truth distance=inf m
[WARN] [1791469619.758041753] [front_tof_monitor]: USV RGB=True | TOF=False | active=front_rgb_only | range=nan m | depth ratio=0.00 | window rates RGB/ToF=1.00/0.80 | frame change=0.0086 | truth angle FOV=False | RGB render volume=False | H/V angles=nan/nan deg | truth distance=inf m
[INFO] [1791469619.855388252] [front_tof_monitor]: USV RGB=True | TOF=True | active=front_tof | range=6.28 m | depth ratio=1.00 | window rates RGB/ToF=1.00/0.80 | frame change=0.0040 | truth angle FOV=False | RGB render volume=False | H/V angles=nan/nan deg | truth distance=inf m
[WARN] [1791469621.554586719] [front_tof_monitor]: USV RGB=True | TOF=False | active=front_rgb_only | range=nan m | depth ratio=0.00 | window rates RGB/ToF=1.00/0.86 | frame change=0.0003 | truth angle FOV=False | RGB render volume=False | H/V angles=nan/nan deg | truth distance=inf m
[INFO] [1791469621.654719276] [front_tof_monitor]: USV RGB=True | TOF=True | active=front_tof | range=6.32 m | depth ratio=1.00 | window rates RGB/ToF=1.00/0.86 | frame change=0.0032 | truth angle FOV=False | RGB render volume=False | H/V angles=nan/nan deg | truth distance=inf m
[WARN] [1791469621.754967445] [front_tof_monitor]: USV RGB=True | TOF=False | active=front_rgb_only | range=nan m | depth ratio=0.00 | window rates RGB/ToF=1.00/0.84 | frame change=0.0032 | truth angle FOV=False | RGB render volume=False | H/V angles=nan/nan deg | truth distance=inf m
[INFO] [1791469621.854623496] [front_tof_monitor]: USV RGB=True | TOF=True | active=front_tof | range=6.35 m | depth ratio=1.00 | window rates RGB/ToF=1.00/0.84 | frame change=0.0057 | truth angle FOV=False | RGB render volume=False | H/V angles=nan/nan deg | truth distance=inf m
[WARN] [1791469623.354497092] [front_tof_monitor]: USV RGB=True | TOF=False | active=front_rgb_only | range=nan m | depth ratio=0.00 | window rates RGB/ToF=1.00/0.92 | frame change=0.0020 | truth angle FOV=False | RGB render volume=False | H/V angles=nan/nan deg | truth distance=inf m
[INFO] [1791469623.454168260] [front_tof_monitor]: USV RGB=True | TOF=True | active=front_tof | range=6.45 m | depth ratio=1.00 | window rates RGB/ToF=1.00/0.92 | frame change=0.0057 | truth angle FOV=False | RGB render volume=False | H/V angles=nan/nan deg | truth distance=inf m
[WARN] [1791469624.755003310] [front_tof_monitor]: USV RGB=True | TOF=False | active=front_rgb_only | range=nan m | depth ratio=0.00 | window rates RGB/ToF=1.00/0.90 | frame change=0.0060 | truth angle FOV=False | RGB render volume=False | H/V angles=nan/nan deg | truth distance=inf m
[INFO] [1791469624.854161147] [front_tof_monitor]: USV RGB=True | TOF=True | active=front_tof | range=6.38 m | depth ratio=1.00 | window rates RGB/ToF=1.00/0.92 | frame change=0.0035 | truth angle FOV=False | RGB render volume=False | H/V angles=nan/nan deg | truth distance=inf m
[WARN] [1791469626.555432537] [front_tof_monitor]: USV RGB=True | TOF=False | active=front_rgb_only | range=nan m | depth ratio=0.00 | window rates RGB/ToF=1.00/0.92 | frame change=0.0019 | truth angle FOV=False | RGB render volume=False | H/V angles=nan/nan deg | truth distance=inf m
[INFO] [1791469626.654242391] [front_tof_monitor]: USV RGB=True | TOF=True | active=front_tof | range=6.57 m | depth ratio=1.00 | window rates RGB/ToF=1.00/0.92 | frame change=0.0030 | truth angle FOV=False | RGB render volume=False | H/V angles=nan/nan deg | truth distance=inf m
[WARN] [1791469631.654027432] [front_tof_monitor]: USV RGB=True | TOF=False | active=front_rgb_only | range=nan m | depth ratio=0.00 | window rates RGB/ToF=1.00/0.98 | frame change=0.0009 | truth angle FOV=False | RGB render volume=False | H/V angles=nan/nan deg | truth distance=inf m
[INFO] [1791469631.754192154] [front_tof_monitor]: USV RGB=True | TOF=True | active=front_tof | range=6.52 m | depth ratio=1.00 | window rates RGB/ToF=1.00/0.98 | frame change=0.0009 | truth angle FOV=False | RGB render volume=False | H/V angles=nan/nan deg | truth distance=inf m
[WARN] [1791469631.856544192] [front_tof_monitor]: USV RGB=True | TOF=False | active=front_rgb_only | range=nan m | depth ratio=0.00 | window rates RGB/ToF=1.00/0.96 | frame change=0.0012 | truth angle FOV=False | RGB render volume=False | H/V angles=nan/nan deg | truth distance=inf m
[INFO] [1791469631.954309677] [front_tof_monitor]: USV RGB=True | TOF=True | active=front_tof | range=6.49 m | depth ratio=1.00 | window rates RGB/ToF=1.00/0.96 | frame change=0.0012 | truth angle FOV=False | RGB render volume=False | H/V angles=nan/nan deg | truth distance=inf m
[WARN] [1791469632.355205790] [front_tof_monitor]: USV RGB=True | TOF=False | active=front_rgb_only | range=nan m | depth ratio=0.00 | window rates RGB/ToF=1.00/0.94 | frame change=0.0046 | truth angle FOV=False | RGB render volume=False | H/V angles=nan/nan deg | truth distance=inf m
[INFO] [1791469632.454567694] [front_tof_monitor]: USV RGB=True | TOF=True | active=front_tof | range=6.40 m | depth ratio=1.00 | window rates RGB/ToF=1.00/0.94 | frame change=0.0046 | truth angle FOV=False | RGB render volume=False | H/V angles=nan/nan deg | truth distance=inf m
[WARN] [1791469632.854779583] [front_tof_monitor]: USV RGB=True | TOF=False | active=front_rgb_only | range=nan m | depth ratio=0.00 | window rates RGB/ToF=1.00/0.92 | frame change=0.0045 | truth angle FOV=False | RGB render volume=False | H/V angles=nan/nan deg | truth distance=inf m
[INFO] [1791469632.954427782] [front_tof_monitor]: USV RGB=True | TOF=True | active=front_tof | range=6.32 m | depth ratio=1.00 | window rates RGB/ToF=1.00/0.92 | frame change=0.0045 | truth angle FOV=False | RGB render volume=False | H/V angles=nan/nan deg | truth distance=inf m
[WARN] [1791469633.054005640] [front_tof_monitor]: USV RGB=True | TOF=False | active=front_rgb_only | range=nan m | depth ratio=0.00 | window rates RGB/ToF=1.00/0.90 | frame change=0.0032 | truth angle FOV=False | RGB render volume=False | H/V angles=nan/nan deg | truth distance=inf m
[INFO] [1791469633.154239660] [front_tof_monitor]: USV RGB=True | TOF=True | active=front_tof | range=6.27 m | depth ratio=1.00 | window rates RGB/ToF=1.00/0.90 | frame change=0.0032 | truth angle FOV=False | RGB render volume=False | H/V angles=nan/nan deg | truth distance=inf m
[WARN] [1791469633.253955231] [front_tof_monitor]: USV RGB=True | TOF=False | active=front_rgb_only | range=nan m | depth ratio=0.00 | window rates RGB/ToF=1.00/0.88 | frame change=0.0048 | truth angle FOV=False | RGB render volume=False | H/V angles=nan/nan deg | truth distance=inf m
[INFO] [1791469633.354221801] [front_tof_monitor]: USV RGB=True | TOF=True | active=front_tof | range=6.27 m | depth ratio=1.00 | window rates RGB/ToF=1.00/0.88 | frame change=0.0048 | truth angle FOV=False | RGB render volume=False | H/V angles=nan/nan deg | truth distance=inf m
[WARN] [1791469633.554164922] [front_tof_monitor]: USV RGB=True | TOF=False | active=front_rgb_only | range=nan m | depth ratio=0.00 | window rates RGB/ToF=1.00/0.86 | frame change=0.0098 | truth angle FOV=False | RGB render volume=False | H/V angles=nan/nan deg | truth distance=inf m
[INFO] [1791469633.654178615] [front_tof_monitor]: USV RGB=True | TOF=True | active=front_tof | range=6.23 m | depth ratio=1.00 | window rates RGB/ToF=1.00/0.86 | frame change=0.0098 | truth angle FOV=False | RGB render volume=False | H/V angles=nan/nan deg | truth distance=inf m
[WARN] [1791469633.755232150] [front_tof_monitor]: USV RGB=True | TOF=False | active=front_rgb_only | range=nan m | depth ratio=0.00 | window rates RGB/ToF=1.00/0.84 | frame change=0.0104 | truth angle FOV=False | RGB render volume=False | H/V angles=nan/nan deg | truth distance=inf m
[INFO] [1791469633.854162096] [front_tof_monitor]: USV RGB=True | TOF=True | active=front_tof | range=6.20 m | depth ratio=1.00 | window rates RGB/ToF=1.00/0.84 | frame change=0.0104 | truth angle FOV=False | RGB render volume=False | H/V angles=nan/nan deg | truth distance=inf m
[WARN] [1791469645.454520689] [front_tof_monitor]: USV RGB=True | TOF=False | active=front_rgb_only | range=nan m | depth ratio=0.00 | window rates RGB/ToF=1.00/0.98 | frame change=0.0052 | truth angle FOV=False | RGB render volume=False | H/V angles=nan/nan deg | truth distance=inf m
[INFO] [1791469645.554706083] [front_tof_monitor]: USV RGB=True | TOF=True | active=front_tof | range=5.91 m | depth ratio=1.00 | window rates RGB/ToF=1.00/0.98 | frame change=0.0052 | truth angle FOV=False | RGB render volume=False | H/V angles=nan/nan deg | truth distance=inf m
[WARN] [1791469647.954623915] [front_tof_monitor]: USV RGB=True | TOF=False | active=front_rgb_only | range=nan m | depth ratio=0.00 | window rates RGB/ToF=1.00/0.96 | frame change=0.0084 | truth angle FOV=False | RGB render volume=False | H/V angles=nan/nan deg | truth distance=inf m
[INFO] [1791469648.054793594] [front_tof_monitor]: USV RGB=True | TOF=True | active=front_tof | range=6.27 m | depth ratio=1.00 | window rates RGB/ToF=1.00/0.96 | frame change=0.0084 | truth angle FOV=False | RGB render volume=False | H/V angles=nan/nan deg | truth distance=inf m
[WARN] [1791469648.154087075] [front_tof_monitor]: USV RGB=True | TOF=False | active=front_rgb_only | range=nan m | depth ratio=0.00 | window rates RGB/ToF=1.00/0.94 | frame change=0.0096 | truth angle FOV=False | RGB render volume=False | H/V angles=nan/nan deg | truth distance=inf m
[INFO] [1791469648.254778098] [front_tof_monitor]: USV RGB=True | TOF=True | active=front_tof | range=6.26 m | depth ratio=1.00 | window rates RGB/ToF=1.00/0.94 | frame change=0.0096 | truth angle FOV=False | RGB render volume=False | H/V angles=nan/nan deg | truth distance=inf m
[WARN] [1791469648.653997050] [front_tof_monitor]: USV RGB=True | TOF=False | active=front_rgb_only | range=nan m | depth ratio=0.00 | window rates RGB/ToF=1.00/0.92 | frame change=0.0069 | truth angle FOV=False | RGB render volume=False | H/V angles=nan/nan deg | truth distance=inf m
[INFO] [1791469648.754188330] [front_tof_monitor]: USV RGB=True | TOF=True | active=front_tof | range=6.21 m | depth ratio=1.00 | window rates RGB/ToF=1.00/0.92 | frame change=0.0069 | truth angle FOV=False | RGB render volume=False | H/V angles=nan/nan deg | truth distance=inf m
[WARN] [1791469648.854535076] [front_tof_monitor]: USV RGB=True | TOF=False | active=front_rgb_only | range=nan m | depth ratio=0.00 | window rates RGB/ToF=1.00/0.90 | frame change=0.0021 | truth angle FOV=False | RGB render volume=False | H/V angles=nan/nan deg | truth distance=inf m
[INFO] [1791469648.954740698] [front_tof_monitor]: USV RGB=True | TOF=True | active=front_tof | range=6.20 m | depth ratio=1.00 | window rates RGB/ToF=1.00/0.90 | frame change=0.0021 | truth angle FOV=False | RGB render volume=False | H/V angles=nan/nan deg | truth distance=inf m
[WARN] [1791469649.054005406] [front_tof_monitor]: USV RGB=True | TOF=False | active=front_rgb_only | range=nan m | depth ratio=0.00 | window rates RGB/ToF=1.00/0.88 | frame change=0.0022 | truth angle FOV=False | RGB render volume=False | H/V angles=nan/nan deg | truth distance=inf m
[INFO] [1791469649.154826973] [front_tof_monitor]: USV RGB=True | TOF=True | active=front_tof | range=6.20 m | depth ratio=1.00 | window rates RGB/ToF=1.00/0.88 | frame change=0.0022 | truth angle FOV=False | RGB render volume=False | H/V angles=nan/nan deg | truth distance=inf m
[WARN] [1791469649.554310750] [front_tof_monitor]: USV RGB=True | TOF=False | active=front_rgb_only | range=nan m | depth ratio=0.00 | window rates RGB/ToF=1.00/0.86 | frame change=0.0098 | truth angle FOV=False | RGB render volume=False | H/V angles=nan/nan deg | truth distance=inf m
[INFO] [1791469649.654501853] [front_tof_monitor]: USV RGB=True | TOF=True | active=front_tof | range=6.21 m | depth ratio=1.00 | window rates RGB/ToF=1.00/0.86 | frame change=0.0098 | truth angle FOV=False | RGB render volume=False | H/V angles=nan/nan deg | truth distance=inf m
[WARN] [1791469649.754612653] [front_tof_monitor]: USV RGB=True | TOF=False | active=front_rgb_only | range=nan m | depth ratio=0.00 | window rates RGB/ToF=1.00/0.84 | frame change=0.0076 | truth angle FOV=False | RGB render volume=False | H/V angles=nan/nan deg | truth distance=inf m
[INFO] [1791469649.854679410] [front_tof_monitor]: USV RGB=True | TOF=True | active=front_tof | range=6.23 m | depth ratio=1.00 | window rates RGB/ToF=1.00/0.84 | frame change=0.0076 | truth angle FOV=False | RGB render volume=False | H/V angles=nan/nan deg | truth distance=inf m
[WARN] [1791469650.254606499] [front_tof_monitor]: USV RGB=True | TOF=False | active=front_rgb_only | range=nan m | depth ratio=0.00 | window rates RGB/ToF=1.00/0.82 | frame change=0.0023 | truth angle FOV=False | RGB render volume=False | H/V angles=nan/nan deg | truth distance=inf m
[INFO] [1791469650.354535522] [front_tof_monitor]: USV RGB=True | TOF=True | active=front_tof | range=6.30 m | depth ratio=1.00 | window rates RGB/ToF=1.00/0.82 | frame change=0.0023 | truth angle FOV=False | RGB render volume=False | H/V angles=nan/nan deg | truth distance=inf m
[WARN] [1791469650.454242725] [front_tof_monitor]: USV RGB=True | TOF=False | active=front_rgb_only | range=nan m | depth ratio=0.00 | window rates RGB/ToF=1.00/0.80 | frame change=0.0044 | truth angle FOV=False | RGB render volume=False | H/V angles=nan/nan deg | truth distance=inf m
[INFO] [1791469650.554862436] [front_tof_monitor]: USV RGB=True | TOF=True | active=front_tof | range=6.32 m | depth ratio=1.00 | window rates RGB/ToF=1.00/0.82 | frame change=0.0044 | truth angle FOV=False | RGB render volume=False | H/V angles=nan/nan deg | truth distance=inf m
[WARN] [1791469650.654680431] [front_tof_monitor]: USV RGB=True | TOF=False | active=front_rgb_only | range=nan m | depth ratio=0.00 | window rates RGB/ToF=1.00/0.80 | frame change=0.0039 | truth angle FOV=False | RGB render volume=False | H/V angles=nan/nan deg | truth distance=inf m
[INFO] [1791469650.754788735] [front_tof_monitor]: USV RGB=True | TOF=True | active=front_tof | range=6.35 m | depth ratio=1.00 | window rates RGB/ToF=1.00/0.80 | frame change=0.0039 | truth angle FOV=False | RGB render volume=False | H/V angles=nan/nan deg | truth distance=inf m
[WARN] [1791469650.954000330] [front_tof_monitor]: USV RGB=True | TOF=False | active=front_rgb_only | range=nan m | depth ratio=0.00 | window rates RGB/ToF=1.00/0.78 | frame change=0.0022 | truth angle FOV=False | RGB render volume=False | H/V angles=nan/nan deg | truth distance=inf m
[INFO] [1791469651.054278182] [front_tof_monitor]: USV RGB=True | TOF=True | active=front_tof | range=6.37 m | depth ratio=1.00 | window rates RGB/ToF=1.00/0.78 | frame change=0.0022 | truth angle FOV=False | RGB render volume=False | H/V angles=nan/nan deg | truth distance=inf m
[WARN] [1791469651.154703457] [front_tof_monitor]: USV RGB=True | TOF=False | active=front_rgb_only | range=nan m | depth ratio=0.00 | window rates RGB/ToF=1.00/0.76 | frame change=0.0009 | truth angle FOV=False | RGB render volume=False | H/V angles=nan/nan deg | truth distance=inf m
[INFO] [1791469651.454950067] [front_tof_monitor]: USV RGB=True | TOF=True | active=front_tof | range=6.38 m | depth ratio=1.00 | window rates RGB/ToF=1.00/0.73 | frame change=0.0017 | truth angle FOV=False | RGB render volume=False | H/V angles=nan/nan deg | truth distance=inf m
[WARN] [1791469652.054410107] [front_tof_monitor]: USV RGB=True | TOF=False | active=front_rgb_only | range=nan m | depth ratio=0.00 | window rates RGB/ToF=1.00/0.71 | frame change=0.0011 | truth angle FOV=False | RGB render volume=False | H/V angles=nan/nan deg | truth distance=inf m
[INFO] [1791469652.154276267] [front_tof_monitor]: USV RGB=True | TOF=True | active=front_tof | range=6.34 m | depth ratio=1.00 | window rates RGB/ToF=1.00/0.71 | frame change=0.0011 | truth angle FOV=False | RGB render volume=False | H/V angles=nan/nan deg | truth distance=inf m
[WARN] [1791469652.254627307] [front_tof_monitor]: USV RGB=True | TOF=False | active=front_rgb_only | range=nan m | depth ratio=0.00 | window rates RGB/ToF=1.00/0.69 | frame change=0.0003 | truth angle FOV=False | RGB render volume=False | H/V angles=nan/nan deg | truth distance=inf m
[INFO] [1791469652.354271212] [front_tof_monitor]: USV RGB=True | TOF=True | active=front_tof | range=6.33 m | depth ratio=1.00 | window rates RGB/ToF=1.00/0.69 | frame change=0.0003 | truth angle FOV=False | RGB render volume=False | H/V angles=nan/nan deg | truth distance=inf m
[WARN] [1791469652.754746330] [front_tof_monitor]: USV RGB=True | TOF=False | active=front_rgb_only | range=nan m | depth ratio=0.00 | window rates RGB/ToF=1.00/0.67 | frame change=0.0046 | truth angle FOV=False | RGB render volume=False | H/V angles=nan/nan deg | truth distance=inf m
[INFO] [1791469652.854157282] [front_tof_monitor]: USV RGB=True | TOF=True | active=front_tof | range=6.32 m | depth ratio=1.00 | window rates RGB/ToF=1.00/0.67 | frame change=0.0046 | truth angle FOV=False | RGB render volume=False | H/V angles=nan/nan deg | truth distance=inf m
[WARN] [1791469652.954641883] [front_tof_monitor]: USV RGB=True | TOF=False | active=front_rgb_only | range=nan m | depth ratio=0.00 | window rates RGB/ToF=1.00/0.66 | frame change=0.0035 | truth angle FOV=False | RGB render volume=False | H/V angles=nan/nan deg | truth distance=inf m
[INFO] [1791469653.154266874] [front_tof_monitor]: USV RGB=True | TOF=True | active=front_tof | range=6.33 m | depth ratio=1.00 | window rates RGB/ToF=1.00/0.65 | frame change=0.0011 | truth angle FOV=False | RGB render volume=False | H/V angles=nan/nan deg | truth distance=inf m
[WARN] [1791469653.554054193] [front_tof_monitor]: USV RGB=True | TOF=False | active=front_rgb_only | range=nan m | depth ratio=0.00 | window rates RGB/ToF=1.00/0.65 | frame change=0.0024 | truth angle FOV=False | RGB render volume=False | H/V angles=nan/nan deg | truth distance=inf m
[INFO] [1791469653.854165399] [front_tof_monitor]: USV RGB=True | TOF=True | active=front_tof | range=6.41 m | depth ratio=1.00 | window rates RGB/ToF=1.00/0.63 | frame change=0.0038 | truth angle FOV=False | RGB render volume=False | H/V angles=nan/nan deg | truth distance=inf m
[WARN] [1791469657.854582201] [front_tof_monitor]: USV RGB=True | TOF=False | active=front_rgb_only | range=nan m | depth ratio=0.00 | window rates RGB/ToF=1.00/0.88 | frame change=0.0027 | truth angle FOV=False | RGB render volume=False | H/V angles=nan/nan deg | truth distance=inf m
[INFO] [1791469657.954638566] [front_tof_monitor]: USV RGB=True | TOF=True | active=front_tof | range=6.47 m | depth ratio=1.00 | window rates RGB/ToF=1.00/0.88 | frame change=0.0027 | truth angle FOV=False | RGB render volume=False | H/V angles=nan/nan deg | truth distance=inf m
[WARN] [1791469658.554838770] [front_tof_monitor]: USV RGB=True | TOF=False | active=front_rgb_only | range=nan m | depth ratio=0.00 | window rates RGB/ToF=1.00/0.92 | frame change=0.0033 | truth angle FOV=False | RGB render volume=False | H/V angles=nan/nan deg | truth distance=inf m
[INFO] [1791469658.654184598] [front_tof_monitor]: USV RGB=True | TOF=True | active=front_tof | range=6.55 m | depth ratio=1.00 | window rates RGB/ToF=1.00/0.92 | frame change=0.0037 | truth angle FOV=False | RGB render volume=False | H/V angles=nan/nan deg | truth distance=inf m
[WARN] [1791469658.754779391] [front_tof_monitor]: USV RGB=True | TOF=False | active=front_rgb_only | range=nan m | depth ratio=0.00 | window rates RGB/ToF=1.00/0.92 | frame change=0.0037 | truth angle FOV=False | RGB render volume=False | H/V angles=nan/nan deg | truth distance=inf m
[INFO] [1791469658.854915206] [front_tof_monitor]: USV RGB=True | TOF=True | active=front_tof | range=6.57 m | depth ratio=1.00 | window rates RGB/ToF=1.00/0.94 | frame change=0.0001 | truth angle FOV=False | RGB render volume=False | H/V angles=nan/nan deg | truth distance=inf m
[WARN] [1791469659.256388310] [front_tof_monitor]: USV RGB=True | TOF=False | active=front_rgb_only | range=nan m | depth ratio=0.00 | window rates RGB/ToF=1.00/0.92 | frame change=0.0008 | truth angle FOV=False | RGB render volume=False | H/V angles=nan/nan deg | truth distance=inf m
[INFO] [1791469659.358631453] [front_tof_monitor]: USV RGB=True | TOF=True | active=front_tof | range=6.57 m | depth ratio=1.00 | window rates RGB/ToF=1.00/0.92 | frame change=0.0001 | truth angle FOV=False | RGB render volume=False | H/V angles=nan/nan deg | truth distance=inf m
[WARN] [1791469659.454221461] [front_tof_monitor]: USV RGB=True | TOF=False | active=front_rgb_only | range=nan m | depth ratio=0.00 | window rates RGB/ToF=1.00/0.90 | frame change=0.0001 | truth angle FOV=False | RGB render volume=False | H/V angles=nan/nan deg | truth distance=inf m
[INFO] [1791469659.554845665] [front_tof_monitor]: USV RGB=True | TOF=True | active=front_tof | range=6.56 m | depth ratio=1.00 | window rates RGB/ToF=1.00/0.90 | frame change=0.0039 | truth angle FOV=False | RGB render volume=False | H/V angles=nan/nan deg | truth distance=inf m
[WARN] [1791469659.654000077] [front_tof_monitor]: USV RGB=True | TOF=False | active=front_rgb_only | range=nan m | depth ratio=0.00 | window rates RGB/ToF=1.00/0.88 | frame change=0.0039 | truth angle FOV=False | RGB render volume=False | H/V angles=nan/nan deg | truth distance=inf m
[INFO] [1791469659.754524143] [front_tof_monitor]: USV RGB=True | TOF=True | active=front_tof | range=6.55 m | depth ratio=1.00 | window rates RGB/ToF=1.00/0.88 | frame change=0.0067 | truth angle FOV=False | RGB render volume=False | H/V angles=nan/nan deg | truth distance=inf m
[WARN] [1791469660.355249312] [front_tof_monitor]: USV RGB=True | TOF=False | active=front_rgb_only | range=nan m | depth ratio=0.00 | window rates RGB/ToF=1.00/0.86 | frame change=0.0002 | truth angle FOV=False | RGB render volume=False | H/V angles=nan/nan deg | truth distance=inf m
[INFO] [1791469660.454886173] [front_tof_monitor]: USV RGB=True | TOF=True | active=front_tof | range=6.46 m | depth ratio=1.00 | window rates RGB/ToF=1.00/0.86 | frame change=0.0009 | truth angle FOV=False | RGB render volume=False | H/V angles=nan/nan deg | truth distance=inf m
[WARN] [1791469661.954671505] [front_tof_monitor]: USV RGB=True | TOF=False | active=front_rgb_only | range=nan m | depth ratio=0.00 | window rates RGB/ToF=1.00/0.84 | frame change=0.0033 | truth angle FOV=False | RGB render volume=False | H/V angles=nan/nan deg | truth distance=inf m
[INFO] [1791469662.054243745] [front_tof_monitor]: USV RGB=True | TOF=True | active=front_tof | range=6.49 m | depth ratio=1.00 | window rates RGB/ToF=1.00/0.84 | frame change=0.0033 | truth angle FOV=False | RGB render volume=False | H/V angles=nan/nan deg | truth distance=inf m
[WARN] [1791469662.154510179] [front_tof_monitor]: USV RGB=True | TOF=False | active=front_rgb_only | range=nan m | depth ratio=0.00 | window rates RGB/ToF=1.00/0.82 | frame change=0.0026 | truth angle FOV=False | RGB render volume=False | H/V angles=nan/nan deg | truth distance=inf m
[INFO] [1791469662.554780874] [front_tof_monitor]: USV RGB=True | TOF=True | active=front_tof | range=6.53 m | depth ratio=1.00 | window rates RGB/ToF=1.00/0.76 | frame change=0.0009 | truth angle FOV=False | RGB render volume=False | H/V angles=nan/nan deg | truth distance=inf m
[WARN] [1791469662.653964016] [front_tof_monitor]: USV RGB=True | TOF=False | active=front_rgb_only | range=nan m | depth ratio=0.00 | window rates RGB/ToF=1.00/0.75 | frame change=0.0031 | truth angle FOV=False | RGB render volume=False | H/V angles=nan/nan deg | truth distance=inf m
[INFO] [1791469662.754447039] [front_tof_monitor]: USV RGB=True | TOF=True | active=front_tof | range=6.54 m | depth ratio=1.00 | window rates RGB/ToF=1.00/0.75 | frame change=0.0031 | truth angle FOV=False | RGB render volume=False | H/V angles=nan/nan deg | truth distance=inf m
[WARN] [1791469662.854635292] [front_tof_monitor]: USV RGB=True | TOF=False | active=front_rgb_only | range=nan m | depth ratio=0.00 | window rates RGB/ToF=1.00/0.73 | frame change=0.0080 | truth angle FOV=False | RGB render volume=False | H/V angles=nan/nan deg | truth distance=inf m
[INFO] [1791469662.954178182] [front_tof_monitor]: USV RGB=True | TOF=True | active=front_tof | range=6.53 m | depth ratio=1.00 | window rates RGB/ToF=1.00/0.75 | frame change=0.0080 | truth angle FOV=False | RGB render volume=False | H/V angles=nan/nan deg | truth distance=inf m
[WARN] [1791469663.154555754] [front_tof_monitor]: USV RGB=True | TOF=False | active=front_rgb_only | range=nan m | depth ratio=0.00 | window rates RGB/ToF=1.00/0.73 | frame change=0.0073 | truth angle FOV=False | RGB render volume=False | H/V angles=nan/nan deg | truth distance=inf m
[INFO] [1791469663.254737331] [front_tof_monitor]: USV RGB=True | TOF=True | active=front_tof | range=6.48 m | depth ratio=1.00 | window rates RGB/ToF=1.00/0.73 | frame change=0.0073 | truth angle FOV=False | RGB render volume=False | H/V angles=nan/nan deg | truth distance=inf m
[WARN] [1791469663.354531091] [front_tof_monitor]: USV RGB=True | TOF=False | active=front_rgb_only | range=nan m | depth ratio=0.00 | window rates RGB/ToF=1.00/0.71 | frame change=0.0029 | truth angle FOV=False | RGB render volume=False | H/V angles=nan/nan deg | truth distance=inf m
[INFO] [1791469663.454778578] [front_tof_monitor]: USV RGB=True | TOF=True | active=front_tof | range=6.44 m | depth ratio=1.00 | window rates RGB/ToF=1.00/0.71 | frame change=0.0029 | truth angle FOV=False | RGB render volume=False | H/V angles=nan/nan deg | truth distance=inf m
[WARN] [1791469663.554008598] [front_tof_monitor]: USV RGB=True | TOF=False | active=front_rgb_only | range=nan m | depth ratio=0.00 | window rates RGB/ToF=1.00/0.69 | frame change=0.0057 | truth angle FOV=False | RGB render volume=False | H/V angles=nan/nan deg | truth distance=inf m
[INFO] [1791469663.654132661] [front_tof_monitor]: USV RGB=True | TOF=True | active=front_tof | range=6.38 m | depth ratio=1.00 | window rates RGB/ToF=1.00/0.71 | frame change=0.0057 | truth angle FOV=False | RGB render volume=False | H/V angles=nan/nan deg | truth distance=inf m
[WARN] [1791469664.053976966] [front_tof_monitor]: USV RGB=True | TOF=False | active=front_rgb_only | range=nan m | depth ratio=0.00 | window rates RGB/ToF=1.00/0.71 | frame change=0.0022 | truth angle FOV=False | RGB render volume=False | H/V angles=nan/nan deg | truth distance=inf m
[INFO] [1791469664.154249747] [front_tof_monitor]: USV RGB=True | TOF=True | active=front_tof | range=6.22 m | depth ratio=1.00 | window rates RGB/ToF=1.00/0.70 | frame change=0.0022 | truth angle FOV=False | RGB render volume=False | H/V angles=nan/nan deg | truth distance=inf m
