measurement_stamp,receipt_stamp,processed_stamp,published_stamp,source,valid,observation_valid,truth_available,rejection_reason,rgb_raw_stamp,depth_raw_stamp,rgb_receipt_stamp,depth_receipt_stamp,rgb_mapped_stamp,depth_mapped_stamp,image_measurement_stamp,rgb_depth_acquisition_skew,pose_history_start_stamp,pose_history_end_stamp,position_source_stamp,position_mapped_stamp,attitude_source_stamp,attitude_mapped_stamp,position_history_start_stamp,position_history_end_stamp,attitude_history_start_stamp,attitude_history_end_stamp,image_clock_offset,image_clock_mapping_mode,image_clock_status,image_clock_reset_count,image_clock_anchor_sim_stamp,image_clock_anchor_system_stamp,image_clock_reference_age,image_clock_sync_quality,image_measurement_time_source,px4_clock_offset,px4_clock_reset_count,px4_clock_calibration_count,px4_clock_recalibration_count,px4_clock_status,approach_phase,distance_bin,motion_regime,confidence,red_pixel_count,valid_depth_ratio,target_range,view_angle,image_bearing,px4_heading,geometry_diagnostics_enabled,mask_centroid_u,mask_centroid_v,projection_centroid_u,projection_centroid_v,mask_bbox_left,mask_bbox_top,mask_bbox_right,mask_bbox_bottom,valid_depth_count,depth_min,depth_median,depth_mad,camera_fx,camera_fy,camera_cx,camera_cy,camera_translation_x,camera_translation_y,camera_translation_z,camera_pitch_down,surface_camera_x,surface_camera_y,surface_camera_z,center_camera_x,center_camera_y,center_camera_z,target_body_flu_x,target_body_flu_y,target_body_flu_z,interpolated_uav_x,interpolated_uav_y,interpolated_uav_z,interpolated_attitude_w,interpolated_attitude_x,interpolated_attitude_y,interpolated_attitude_z,target_reference_z_offset,gazebo_entity_available,gazebo_entity_clock_status,gazebo_entity_clock_reset_count,gazebo_entity_raw_stamp,gazebo_entity_mapped_stamp,gazebo_entity_center_x,gazebo_entity_center_y,gazebo_entity_center_z,gazebo_entity_reference_x,gazebo_entity_reference_y,gazebo_entity_reference_z,entity_expected_projection_u,entity_expected_projection_v,projection_error_u,projection_error_v,entity_expected_camera_x,entity_expected_camera_y,entity_expected_camera_z,camera_center_error_x,camera_center_error_y,camera_center_error_z,camera_center_error_3d,entity_expected_body_flu_x,entity_expected_body_flu_y,entity_expected_body_flu_z,body_flu_error_x,body_flu_error_y,body_flu_error_z,body_flu_error_3d,vision_to_entity_x,vision_to_entity_y,vision_to_entity_z,vision_to_entity_3d,entity_to_truth_x,entity_to_truth_y,entity_to_truth_z,entity_to_truth_3d,position_x,position_y,position_z,covariance_xx,covariance_yy,covariance_zz,truth_x,truth_y,truth_z,error_x,error_y,error_z,horizontal_error,position_3d_error,observation_age,gazebo_uav_diagnostics_enabled,heading_diagnostics_status,heading_reference_source,uav_position_reference_status,reference_heading,delta_yaw,predicted_lateral_error,actual_lateral_error,heading_induced_error_x,heading_induced_error_y,uav_reference_position_x,uav_reference_position_y,uav_reference_position_z,uav_reference_attitude_w,uav_reference_attitude_x,uav_reference_attitude_y,uav_reference_attitude_z,attitude_counterfactual_status,attitude_counterfactual_error_x,attitude_counterfactual_error_y,attitude_counterfactual_error_z,uav_pose_query_ros_stamp,uav_pose_status,uav_pose_left_sim_stamp,uav_pose_right_sim_stamp,uav_pose_left_ros_stamp,uav_pose_right_ros_stamp,uav_pose_fraction,uav_pose_interval
1791356356.2166822,1791356356.2486224,1791356356.2621512,1791356356.2622056,front_rgbd_red_sphere,True,True,True,,24.052,24.052,1791356356.2486224,1791356356.2474937,1791356356.2166822,1791356356.2166822,1791356356.2166822,0.0,1791356355.204671,1791356356.2206717,1791356356.221519,1791356356.2206717,1791356356.225519,1791356356.224677,1791356355.204671,1791356356.2206717,1791356355.204671,1791356356.224677,1791356332.1646821,GAZEBO_CLOCK_SYSTEM_INTERPOLATION,MAPPED_EXACT,0,24.052,1791356356.2166822,0.004318952560424805,0.0,RGB,0.0,0,1,0,UNCALIBRATED,PREPARATION,MID,UNKNOWN,1.0,343,1.0,7.824829578399658,0.49454113841056824,nan,nan,False,0.0,0.0,0.0,0.0,0,0,0,0,0,0.0,0.0,0.0,0.0,0.0,0.0,0.0,0.0,0.0,0.0,0.0,0.0,0.0,0.0,6.887309948966062,0.011273270806428926,3.7138644971702117,0.0,0.0,0.0,0.0,0.0,0.0,0.0,0.0,0.0,0.0,0.0,False,DISABLED,0,nan,nan,nan,nan,nan,nan,nan,nan,nan,nan,nan,nan,nan,nan,nan,nan,nan,nan,nan,nan,nan,nan,nan,nan,nan,nan,nan,nan,nan,nan,nan,nan,nan,nan,8.040174120537678,0.09567222520455887,0.012402214395365707,0.0250425225102266,0.0250425225102266,0.0250425225102266,8.000000201697738,0.0034030582408185028,0.014240303010840233,0.04017391883994037,0.09226916696374036,-0.0018380886154745254,0.10063569410075489,0.10065247884130352,0.03194022178649902,False,DISABLED,none,MODEL_ORIGIN_FRAME_NOT_ESTABLISHED,nan,nan,nan,nan,nan,nan,nan,nan,nan,nan,nan,nan,nan,NOT_EVALUATED,nan,nan,nan,nan,DISABLED,nan,nan,nan,nan,nan,nan
1791356356.26469,1791356356.2991056,1791356356.3082974,1791356356.3083649,front_rgbd_red_sphere,True,True,True,,24.1,24.1,1791356356.29477,1791356356.2991056,1791356356.26469,1791356356.26469,1791356356.26469,0.0,1791356355.2846649,1791356356.284676,1791356356.285519,1791356356.284676,1791356356.285519,1791356356.284676,1791356355.2846649,1791356356.284676,1791356355.2846649,1791356356.284676,1791356332.16469,GAZEBO_CLOCK_SYSTEM_INTERPOLATION,MAPPED_EXACT,0,24.1,1791356356.26469,0.0031228065490722656,0.0,RGB,0.0,0,1,0,UNCALIBRATED,PREPARATION,MID,UNKNOWN,1.0,341,1.0,7.824792385101318,0.4930427074432373,nan,nan,False,0.0,0.0,0.0,0.0,0,0,0,0,0,0.0,0.0,0.0,0.0,0.0,0.0,0.0,0.0,0.0,0.0,0.0,0.0,0.0,0.0,6.892834503041318,0.007025399740530958,3.7035330581348207,0.0,0.0,0.0,0.0,0.0,0.0,0.0,0.0,0.0,0.0,0.0,False,DISABLED,0,nan,nan,nan,nan,nan,nan,nan,nan,nan,nan,nan,nan,nan,nan,nan,nan,nan,nan,nan,nan,nan,nan,nan,nan,nan,nan,nan,nan,nan,nan,nan,nan,nan,nan,8.041100904196862,0.10046415333385562,0.023590811243057952,0.025042405015932082,0.025042405015932082,0.025042405015932082,8.000001079924012,0.008654589569260311,0.025427941392671752,0.04109982427284997,0.09180956376459531,-0.0018371301496137998,0.10058922185753522,0.10060599684457712,0.03441572189331055,False,DISABLED,none,MODEL_ORIGIN_FRAME_NOT_ESTABLISHED,nan,nan,nan,nan,nan,nan,nan,nan,nan,nan,nan,nan,nan,NOT_EVALUATED,nan,nan,nan,nan,DISABLED,nan,nan,nan,nan,nan,nan
1791356356.3166742,1791356356.3399708,1791356356.344899,1791356356.3449283,front_rgbd_red_sphere,True,True,True,,24.152,24.152,1791356356.3399708,1791356356.3375,1791356356.3166742,1791356356.3166742,1791356356.3166742,0.0,1791356355.304675,1791356356.3246734,1791356356.3255188,1791356356.3246734,1791356356.3255188,1791356356.3246734,1791356355.3006773,1791356356.3246734,1791356355.304675,1791356356.3246734,1791356332.1646743,GAZEBO_CLOCK_SYSTEM_INTERPOLATION,MAPPED_EXACT,0,24.152,1791356356.3166742,0.003775358200073242,0.0,RGB,0.0,0,1,0,UNCALIBRATED,PREPARATION,MID,UNKNOWN,1.0,338,1.0,7.8246893882751465,0.4915544092655182,nan,nan,False,0.0,0.0,0.0,0.0,0,0,0,0,0,0.0,0.0,0.0,0.0,0.0,0.0,0.0,0.0,0.0,0.0,0.0,0.0,0.0,0.0,6.8982481835750935,0.0002233849502024654,3.6932286407540325,0.0,0.0,0.0,0.0,0.0,0.0,0.0,0.0,0.0,0.0,0.0,False,DISABLED,0,nan,nan,nan,nan,nan,nan,nan,nan,nan,nan,nan,nan,nan,nan,nan,nan,nan,nan,nan,nan,nan,nan,nan,nan,nan,nan,nan,nan,nan,nan,nan,nan,nan,nan,8.041871888525991,0.10800906739828953,0.03488797429298057,0.025042079792020576,0.025042079792020576,0.025042079792020576,8.000003852066813,0.016936639991169816,0.03738985366069685,0.041868036459177915,0.09107242740711971,-0.0025018793677162796,0.10023532067476085,0.10026653933961592,0.023296594619750977,False,DISABLED,none,MODEL_ORIGIN_FRAME_NOT_ESTABLISHED,nan,nan,nan,nan,nan,nan,nan,nan,nan,nan,nan,nan,nan,NOT_EVALUATED,nan,nan,nan,nan,DISABLED,nan,nan,nan,nan,nan,nan
1791356356.3646758,1791356356.3846333,1791356356.400635,1791356356.4006944,front_rgbd_red_sphere,True,True,True,,24.2,24.2,1791356356.3846333,1791356356.3826418,1791356356.3646758,1791356356.3646758,1791356356.3646758,0.0,1791356355.3647006,1791356356.3806798,1791356356.3815188,1791356356.3806798,1791356356.385519,1791356356.3846765,1791356355.3647006,1791356356.3806798,1791356355.3647006,1791356356.3846765,1791356332.1646757,GAZEBO_CLOCK_SYSTEM_INTERPOLATION,MAPPED_EXACT,0,24.2,1791356356.3646758,0.0010788440704345703,0.0,RGB,0.0,0,1,0,UNCALIBRATED,PREPARATION,MID,UNKNOWN,1.0,340,1.0,7.824761390686035,0.49010351300239563,nan,nan,False,0.0,0.0,0.0,0.0,0,0,0,0,0,0.0,0.0,0.0,0.0,0.0,0.0,0.0,0.0,0.0,0.0,0.0,0.0,0.0,0.0,6.903662834662498,-0.009016759593786894,3.6832388743859106,0.0,0.0,0.0,0.0,0.0,0.0,0.0,0.0,0.0,0.0,0.0,False,DISABLED,0,nan,nan,nan,nan,nan,nan,nan,nan,nan,nan,nan,nan,nan,nan,nan,nan,nan,nan,nan,nan,nan,nan,nan,nan,nan,nan,nan,nan,nan,nan,nan,nan,nan,nan,8.042413971983004,0.11781974315931208,0.04580067382008268,0.02504230723062067,0.02504230723062067,0.02504230723062067,8.000009547580904,0.02700416018583781,0.048229181853059994,0.04240442440210046,0.09081558297347428,-0.002428508032977311,0.10022776720891993,0.10025718413635842,0.019957542419433594,False,DISABLED,none,MODEL_ORIGIN_FRAME_NOT_ESTABLISHED,nan,nan,nan,nan,nan,nan,nan,nan,nan,nan,nan,nan,nan,NOT_EVALUATED,nan,nan,nan,nan,DISABLED,nan,nan,nan,nan,nan,nan
1791356356.4166749,1791356356.4412627,1791356356.4531696,1791356356.4532487,front_rgbd_red_sphere,True,True,True,,24.252,24.252,1791356356.4412627,1791356356.438538,1791356356.4166749,1791356356.4166749,1791356356.4166749,0.0,1791356355.4246678,1791356356.4206822,1791356356.4215188,1791356356.4206822,1791356356.425519,1791356356.4246805,1791356355.4206738,1791356356.4206822,1791356355.4246678,1791356356.4246805,1791356332.1646748,GAZEBO_CLOCK_SYSTEM_INTERPOLATION,MAPPED_EXACT,0,24.252,1791356356.4166749,0.001985788345336914,0.0,RGB,0.0,0,1,0,UNCALIBRATED,PREPARATION,MID,STRAIGHT,1.0,338,1.0,7.824711799621582,0.4886852502822876,nan,nan,False,0.0,0.0,0.0,0.0,0,0,0,0,0,0.0,0.0,0.0,0.0,0.0,0.0,0.0,0.0,0.0,0.0,0.0,0.0,0.0,0.0,6.908836011573897,-0.020772769054626217,3.673373082287654,0.0,0.0,0.0,0.0,0.0,0.0,0.0,0.0,0.0,0.0,0.0,False,DISABLED,0,nan,nan,nan,nan,nan,nan,nan,nan,nan,nan,nan,nan,nan,nan,nan,nan,nan,nan,nan,nan,nan,nan,nan,nan,nan,nan,nan,nan,nan,nan,nan,nan,nan,nan,8.042503263463715,0.1303784283033299,0.05620498402392976,0.02504215067714504,0.02504215067714504,0.02504215067714504,8.00002111157554,0.04046584425587288,0.0596205310905074,0.04248215188817461,0.08991258404745703,-0.003415547066577637,0.09944348143111725,0.09950212038396453,0.02458786964416504,False,DISABLED,none,MODEL_ORIGIN_FRAME_NOT_ESTABLISHED,nan,nan,nan,nan,nan,nan,nan,nan,nan,nan,nan,nan,nan,NOT_EVALUATED,nan,nan,nan,nan,DISABLED,nan,nan,nan,nan,nan,nan
1791356356.4646938,1791356356.4930475,1791356356.4965372,1791356356.4965584,front_rgbd_red_sphere,True,True,True,,24.3,24.3,1791356356.4930475,1791356356.4914744,1791356356.4646938,1791356356.4646938,1791356356.4646938,0.0,1791356355.4846745,1791356356.4846747,1791356356.485519,1791356356.4846747,1791356356.485519,1791356356.4846747,1791356355.4846745,1791356356.4846747,1791356355.4846745,1791356356.4846747,1791356332.1646938,GAZEBO_CLOCK_SYSTEM_INTERPOLATION,MAPPED_EXACT,0,24.3,1791356356.4646938,0.0008921623229980469,0.0,RGB,0.0,0,1,0,UNCALIBRATED,PREPARATION,MID,STRAIGHT,1.0,337,1.0,7.824819564819336,0.48731279373168945,nan,nan,False,0.0,0.0,0.0,0.0,0,0,0,0,0,0.0,0.0,0.0,0.0,0.0,0.0,0.0,0.0,0.0,0.0,0.0,0.0,0.0,0.0,6.913966293247393,-0.03513806150094556,3.6638280410252255,0.0,0.0,0.0,0.0,0.0,0.0,0.0,0.0,0.0,0.0,0.0,False,DISABLED,0,nan,nan,nan,nan,nan,nan,nan,nan,nan,nan,nan,nan,nan,nan,nan,nan,nan,nan,nan,nan,nan,nan,nan,nan,nan,nan,nan,nan,nan,nan,nan,nan,nan,nan,8.042522234347262,0.14526663417389538,0.06646550824032704,0.02504249128024649,0.02504249128024649,0.02504249128024649,8.000039101362905,0.055310782605299924,0.06981640853685528,0.042483132984356686,0.08995585156859545,-0.0033509002965282364,0.09948302277071054,0.09953944118988707,0.02835369110107422,False,DISABLED,none,MODEL_ORIGIN_FRAME_NOT_ESTABLISHED,nan,nan,nan,nan,nan,nan,nan,nan,nan,nan,nan,nan,nan,NOT_EVALUATED,nan,nan,nan,nan,DISABLED,nan,nan,nan,nan,nan,nan
1791356356.5166702,1791356356.5400515,1791356356.5476196,1791356356.5476701,front_rgbd_red_sphere,True,True,True,,24.352,24.352,1791356356.5400515,1791356356.5392938,1791356356.5166702,1791356356.5166702,1791356356.5166702,0.0,1791356355.5246613,1791356356.5246646,1791356356.525519,1791356356.5246646,1791356356.525519,1791356356.5246646,1791356355.5246613,1791356356.5246646,1791356355.5246613,1791356356.5246646,1791356332.1646702,GAZEBO_CLOCK_SYSTEM_INTERPOLATION,MAPPED_EXACT,0,24.352,1791356356.5166702,0.0036542415618896484,0.0,RGB,0.0,0,1,0,UNCALIBRATED,PREPARATION,MID,STRAIGHT,1.0,335,1.0,7.824907302856445,0.4860159158706665,nan,nan,False,0.0,0.0,0.0,0.0,0,0,0,0,0,0.0,0.0,0.0,0.0,0.0,0.0,0.0,0.0,0.0,0.0,0.0,0.0,0.0,0.0,6.918789642435358,-0.05178355794292866,3.654700949708589,0.0,0.0,0.0,0.0,0.0,0.0,0.0,0.0,0.0,0.0,0.0,False,DISABLED,0,nan,nan,nan,nan,nan,nan,nan,nan,nan,nan,nan,nan,nan,nan,nan,nan,nan,nan,nan,nan,nan,nan,nan,nan,nan,nan,nan,nan,nan,nan,nan,nan,nan,nan,8.042353276066926,0.16240051580275208,0.07600319540696093,0.02504276838364431,0.02504276838364431,0.02504276838364431,8.000069685546263,0.07403808343939365,0.08042111486814979,0.042283590520662884,0.08836243236335843,-0.004417919461188857,0.09795826397240912,0.09805783748815664,0.02338123321533203,False,DISABLED,none,MODEL_ORIGIN_FRAME_NOT_ESTABLISHED,nan,nan,nan,nan,nan,nan,nan,nan,nan,nan,nan,nan,nan,NOT_EVALUATED,nan,nan,nan,nan,DISABLED,nan,nan,nan,nan,nan,nan
1791356356.5646682,1791356356.5995705,1791356356.6076639,1791356356.6076915,front_rgbd_red_sphere,True,True,True,,24.4,24.4,1791356356.5949914,1791356356.5995705,1791356356.5646682,1791356356.5646682,1791356356.5646682,0.0,1791356355.5806768,1791356356.580694,1791356356.581519,1791356356.580694,1791356356.5855188,1791356356.5846648,1791356355.5806768,1791356356.580694,1791356355.5646904,1791356356.5846648,1791356332.164668,GAZEBO_CLOCK_SYSTEM_INTERPOLATION,MAPPED_EXACT,0,24.4,1791356356.5646682,0.0033562183380126953,0.0,RGB,0.0,0,1,0,UNCALIBRATED,PREPARATION,MID,STRAIGHT,1.0,334,1.0,7.825171947479248,0.48478245735168457,nan,nan,False,0.0,0.0,0.0,0.0,0,0,0,0,0,0.0,0.0,0.0,0.0,0.0,0.0,0.0,0.0,0.0,0.0,0.0,0.0,0.0,0.0,6.923527229243864,-0.07106119639371222,3.6459621849485133,0.0,0.0,0.0,0.0,0.0,0.0,0.0,0.0,0.0,0.0,0.0,False,DISABLED,0,nan,nan,nan,nan,nan,nan,nan,nan,nan,nan,nan,nan,nan,nan,nan,nan,nan,nan,nan,nan,nan,nan,nan,nan,nan,nan,nan,nan,nan,nan,nan,nan,nan,nan,8.042164600445536,0.18208619984052868,0.08521846161195146,0.02504360737078862,0.02504360737078862,0.02504360737078862,8.000111137075454,0.09366169484328594,0.08970697332688712,0.042053463370082866,0.08842450499724273,-0.004488511714935667,0.09791520242243441,0.09801802692791475,0.034902334213256836,False,DISABLED,none,MODEL_ORIGIN_FRAME_NOT_ESTABLISHED,nan,nan,nan,nan,nan,nan,nan,nan,nan,nan,nan,nan,nan,NOT_EVALUATED,nan,nan,nan,nan,DISABLED,nan,nan,nan,nan,nan,nan
1791356356.6166725,1791356356.6511562,1791356356.6607282,1791356356.6607594,front_rgbd_red_sphere,True,True,True,,24.452,24.452,1791356356.6511562,1791356356.6495595,1791356356.6166725,1791356356.6166725,1791356356.6166725,0.0,1791356355.624668,1791356356.6446605,1791356356.645519,1791356356.6446605,1791356356.645519,1791356356.6446605,1791356355.6206782,1791356356.6446605,1791356355.624668,1791356356.6446605,1791356332.1646726,GAZEBO_CLOCK_SYSTEM_INTERPOLATION,MAPPED_EXACT,0,24.452,1791356356.6166725,0.004351377487182617,0.0,RGB,0.0,0,1,0,UNCALIBRATED,PREPARATION,MID,STRAIGHT,1.0,334,1.0,7.82553243637085,0.48363086581230164,nan,nan,False,0.0,0.0,0.0,0.0,0,0,0,0,0,0.0,0.0,0.0,0.0,0.0,0.0,0.0,0.0,0.0,0.0,0.0,0.0,0.0,0.0,6.928041183296082,-0.09288722572540209,3.637660979112259,0.0,0.0,0.0,0.0,0.0,0.0,0.0,0.0,0.0,0.0,0.0,False,DISABLED,0,nan,nan,nan,nan,nan,nan,nan,nan,nan,nan,nan,nan,nan,nan,nan,nan,nan,nan,nan,nan,nan,nan,nan,nan,nan,nan,nan,nan,nan,nan,nan,nan,nan,nan,8.04191972971806,0.20407925458932397,0.09402987738227914,0.0250447481263618,0.0250447481263618,0.0250447481263618,8.000174584647187,0.1175606189259218,0.0992101753777394,0.041745145070873235,0.08651863566340216,-0.00518029799546027,0.09606316387692411,0.09620273874150645,0.03448367118835449,False,DISABLED,none,MODEL_ORIGIN_FRAME_NOT_ESTABLISHED,nan,nan,nan,nan,nan,nan,nan,nan,nan,nan,nan,nan,nan,NOT_EVALUATED,nan,nan,nan,nan,DISABLED,nan,nan,nan,nan,nan,nan
1791356356.6646745,1791356356.6855085,1791356356.6954339,1791356356.6954603,front_rgbd_red_sphere,True,True,True,,24.5,24.5,1791356356.6855085,1791356356.6837986,1791356356.6646745,1791356356.6646745,1791356356.6646745,0.0,1791356355.6846828,1791356356.6847012,1791356356.685519,1791356356.6847012,1791356356.685519,1791356356.6847012,1791356355.6846828,1791356356.6847012,1791356355.6846828,1791356356.6847012,1791356332.1646745,GAZEBO_CLOCK_SYSTEM_INTERPOLATION,MAPPED_EXACT,0,24.5,1791356356.6646745,0.00286102294921875,0.0,RGB,0.0,0,1,0,UNCALIBRATED,PREPARATION,MID,STRAIGHT,1.0,337,1.0,7.825942516326904,0.48258811235427856,nan,nan,False,0.0,0.0,0.0,0.0,0,0,0,0,0,0.0,0.0,0.0,0.0,0.0,0.0,0.0,0.0,0.0,0.0,0.0,0.0,0.0,0.0,6.932195044610874,-0.11703529838712967,3.6299246156447325,0.0,0.0,0.0,0.0,0.0,0.0,0.0,0.0,0.0,0.0,0.0,False,DISABLED,0,nan,nan,nan,nan,nan,nan,nan,nan,nan,nan,nan,nan,nan,nan,nan,nan,nan,nan,nan,nan,nan,nan,nan,nan,nan,nan,nan,nan,nan,nan,nan,nan,nan,nan,8.041613480097238,0.22837786690187453,0.10213556682509417,0.025046046025910946,0.025046046025910946,0.025046046025910946,8.000254508900085,0.14206425179131416,0.1074063262467086,0.04135897119715359,0.08631361511056038,-0.005270759421614424,0.09571104770057079,0.09585606687540166,0.020833969116210938,False,DISABLED,none,MODEL_ORIGIN_FRAME_NOT_ESTABLISHED,nan,nan,nan,nan,nan,nan,nan,nan,nan,nan,nan,nan,nan,NOT_EVALUATED,nan,nan,nan,nan,DISABLED,nan,nan,nan,nan,nan,nan
1791356356.1646674,1791356356.1970632,1791356356.2076304,1791356356.2076776,front_rgbd_red_sphere,True,True,False,,24.0,24.0,1791356356.1970632,1791356356.1855834,1791356356.1646674,1791356356.1646674,1791356356.1646674,0.0,1791356355.1646848,1791356356.1806612,1791356356.181519,1791356356.1806612,1791356356.185519,1791356356.1846795,1791356355.1646848,1791356356.1806612,1791356355.1646848,1791356356.1846795,1791356332.1646674,GAZEBO_CLOCK_SYSTEM_INTERPOLATION,MAPPED_EXACT,0,24.0,1791356356.1646674,0.0009596347808837891,0.0,RGB,0.0,0,1,0,UNCALIBRATED,PREPARATION,MID,STRAIGHT,1.0,342,1.0,7.824900150299072,0.4956086575984955,nan,nan,False,0.0,0.0,0.0,0.0,0,0,0,0,0,0.0,0.0,0.0,0.0,0.0,0.0,0.0,0.0,0.0,0.0,0.0,0.0,0.0,0.0,6.883403605619502,0.012528095027021457,3.7212444799706583,0.0,0.0,0.0,0.0,0.0,0.0,0.0,0.0,0.0,0.0,0.0,False,DISABLED,0,nan,nan,nan,nan,nan,nan,nan,nan,nan,nan,nan,nan,nan,nan,nan,nan,nan,nan,nan,nan,nan,nan,nan,nan,nan,nan,nan,nan,nan,nan,nan,nan,nan,nan,8.039180316076552,0.09388465885673351,0.004432655997686108,0.02504274653101102,0.02504274653101102,0.02504274653101102,nan,nan,nan,nan,nan,nan,nan,nan,0.03239583969116211,False,DISABLED,none,MODEL_ORIGIN_FRAME_NOT_ESTABLISHED,nan,nan,nan,nan,nan,nan,nan,nan,nan,nan,nan,nan,nan,NOT_EVALUATED,nan,nan,nan,nan,DISABLED,nan,nan,nan,nan,nan,nan
1791356356.7166688,1791356356.7445016,1791356356.7506762,1791356356.7507427,front_rgbd_red_sphere,True,True,True,,24.552,24.552,1791356356.7445016,1791356356.733092,1791356356.7166688,1791356356.7166688,1791356356.7166688,0.0,1791356355.7246635,1791356356.724664,1791356356.725519,1791356356.724664,1791356356.725519,1791356356.724664,1791356355.7246635,1791356356.724664,1791356355.7246635,1791356356.724664,1791356332.1646688,GAZEBO_CLOCK_SYSTEM_INTERPOLATION,MAPPED_EXACT,0,24.552,1791356356.7166688,0.004209995269775391,0.0,RGB,0.0,0,1,0,UNCALIBRATED,PREPARATION,MID,STRAIGHT,1.0,333,1.0,7.826604843139648,0.48165279626846313,nan,nan,False,0.0,0.0,0.0,0.0,0,0,0,0,0,0.0,0.0,0.0,0.0,0.0,0.0,0.0,0.0,0.0,0.0,0.0,0.0,0.0,0.0,6.936175809617933,-0.14383716065510654,3.6227779440820864,0.0,0.0,0.0,0.0,0.0,0.0,0.0,0.0,0.0,0.0,0.0,False,DISABLED,0,nan,nan,nan,nan,nan,nan,nan,nan,nan,nan,nan,nan,nan,nan,nan,nan,nan,nan,nan,nan,nan,nan,nan,nan,nan,nan,nan,nan,nan,nan,nan,nan,nan,nan,8.041378502935641,0.25506128557371316,0.10988303937746519,0.025048142217971015,0.025048142217971015,0.025048142217971015,8.000368850023065,0.17114792703869358,0.11557267428486977,0.0410096529125763,0.08391335853501958,-0.005689634907404581,0.0933983049773213,0.09357144499267006,0.027832746505737305,False,DISABLED,none,MODEL_ORIGIN_FRAME_NOT_ESTABLISHED,nan,nan,nan,nan,nan,nan,nan,nan,nan,nan,nan,nan,nan,NOT_EVALUATED,nan,nan,nan,nan,DISABLED,nan,nan,nan,nan,nan,nan
1791356356.764682,1791356356.7942362,1791356356.7975135,1791356356.7975357,front_rgbd_red_sphere,True,True,True,,24.6,24.6,1791356356.7882717,1791356356.7942362,1791356356.764682,1791356356.764682,1791356356.764682,0.0,1791356355.7846785,1791356356.7806683,1791356356.781519,1791356356.7806683,1791356356.785519,1791356356.7847195,1791356355.7646937,1791356356.7806683,1791356355.7846785,1791356356.7847195,1791356332.1646821,GAZEBO_CLOCK_SYSTEM_INTERPOLATION,MAPPED_EXACT,0,24.6,1791356356.764682,0.0018153190612792969,0.0,RGB,0.0,0,1,0,UNCALIBRATED,PREPARATION,MID,STRAIGHT,1.0,332,1.0,7.827300071716309,0.4808392822742462,nan,nan,False,0.0,0.0,0.0,0.0,0,0,0,0,0,0.0,0.0,0.0,0.0,0.0,0.0,0.0,0.0,0.0,0.0,0.0,0.0,0.0,0.0,6.939739412010875,-0.1731885093826433,3.6161649837898366,0.0,0.0,0.0,0.0,0.0,0.0,0.0,0.0,0.0,0.0,0.0,False,DISABLED,0,nan,nan,nan,nan,nan,nan,nan,nan,nan,nan,nan,nan,nan,nan,nan,nan,nan,nan,nan,nan,nan,nan,nan,nan,nan,nan,nan,nan,nan,nan,nan,nan,nan,nan,8.041045943293511,0.28438782155330283,0.11708999980503992,0.025050342785071525,0.025050342785071525,0.025050342785071525,8.000505149560288,0.20039943772449997,0.12243417208885332,0.04054079373322317,0.08398838382880286,-0.005344172283813398,0.09326094881939632,0.09341394302829284,0.029554128646850586,False,DISABLED,none,MODEL_ORIGIN_FRAME_NOT_ESTABLISHED,nan,nan,nan,nan,nan,nan,nan,nan,nan,nan,nan,nan,nan,NOT_EVALUATED,nan,nan,nan,nan,DISABLED,nan,nan,nan,nan,nan,nan
1791356356.8166745,1791356356.836167,1791356356.8446145,1791356356.844672,front_rgbd_red_sphere,True,True,True,,24.652,24.652,1791356356.836167,1791356356.834497,1791356356.8166745,1791356356.8166745,1791356356.8166745,0.0,1791356355.8246658,1791356356.8206813,1791356356.821519,1791356356.8206813,1791356356.8255188,1791356356.8246808,1791356355.820675,1791356356.8206813,1791356355.8246658,1791356356.8246808,1791356332.1646745,GAZEBO_CLOCK_SYSTEM_INTERPOLATION,MAPPED_EXACT,0,24.652,1791356356.8166745,0.004164218902587891,0.0,RGB,0.0,0,1,0,UNCALIBRATED,PREPARATION,MID,STRAIGHT,1.0,332,1.0,7.828335285186768,0.48016420006752014,nan,nan,False,0.0,0.0,0.0,0.0,0,0,0,0,0,0.0,0.0,0.0,0.0,0.0,0.0,0.0,0.0,0.0,0.0,0.0,0.0,0.0,0.0,6.943100135405734,-0.20495717863706808,3.610289343826934,0.0,0.0,0.0,0.0,0.0,0.0,0.0,0.0,0.0,0.0,0.0,False,DISABLED,0,nan,nan,nan,nan,nan,nan,nan,nan,nan,nan,nan,nan,nan,nan,nan,nan,nan,nan,nan,nan,nan,nan,nan,nan,nan,nan,nan,nan,nan,nan,nan,nan,nan,nan,8.040870632520813,0.31617091934488073,0.12360589117627557,0.025053620344885712,0.025053620344885712,0.025053620344885712,8.000692220111807,0.23469718924893934,0.1290804496579292,0.04017841240900566,0.08147373009594139,-0.005474558481653624,0.09084202507350024,0.09100683661145184,0.019492626190185547,False,DISABLED,none,MODEL_ORIGIN_FRAME_NOT_ESTABLISHED,nan,nan,nan,nan,nan,nan,nan,nan,nan,nan,nan,nan,nan,NOT_EVALUATED,nan,nan,nan,nan,DISABLED,nan,nan,nan,nan,nan,nan
1791356356.864682,1791356356.8862703,1791356356.8986306,1791356356.8986673,front_rgbd_red_sphere,True,True,True,,24.7,24.7,1791356356.8862703,1791356356.8834715,1791356356.864682,1791356356.864682,1791356356.864682,0.0,1791356355.884674,1791356356.884679,1791356356.885519,1791356356.884679,1791356356.885519,1791356356.884679,1791356355.884674,1791356356.884679,1791356355.884674,1791356356.884679,1791356332.164682,GAZEBO_CLOCK_SYSTEM_INTERPOLATION,MAPPED_EXACT,0,24.7,1791356356.864682,0.003953695297241211,0.0,RGB,0.0,0,1,0,UNCALIBRATED,PREPARATION,MID,STRAIGHT,1.0,334,1.0,7.829595565795898,0.47964388132095337,nan,nan,False,0.0,0.0,0.0,0.0,0,0,0,0,0,0.0,0.0,0.0,0.0,0.0,0.0,0.0,0.0,0.0,0.0,0.0,0.0,0.0,0.0,6.946098798069615,-0.239176559140172,3.6051457790705657,0.0,0.0,0.0,0.0,0.0,0.0,0.0,0.0,0.0,0.0,0.0,False,DISABLED,0,nan,nan,nan,nan,nan,nan,nan,nan,nan,nan,nan,nan,nan,nan,nan,nan,nan,nan,nan,nan,nan,nan,nan,nan,nan,nan,nan,nan,nan,nan,nan,nan,nan,nan,8.04066231076847,0.35046388841278264,0.12932593878261828,0.025057610245537258,0.025057610245537258,0.025057610245537258,8.000906809350232,0.26870567365335746,0.13444495558900976,0.039755501418238026,0.08175821475942519,-0.005119016806391485,0.09091152607708121,0.09105553199409651,0.02158832550048828,False,DISABLED,none,MODEL_ORIGIN_FRAME_NOT_ESTABLISHED,nan,nan,nan,nan,nan,nan,nan,nan,nan,nan,nan,nan,nan,NOT_EVALUATED,nan,nan,nan,nan,DISABLED,nan,nan,nan,nan,nan,nan
1791356356.9166718,1791356356.9506598,1791356356.961783,1791356356.9618306,front_rgbd_red_sphere,True,True,True,,24.752,24.752,1791356356.9506598,1791356356.947571,1791356356.9166718,1791356356.9166718,1791356356.9166718,0.0,1791356355.9446728,1791356356.9406793,1791356356.941519,1791356356.9406793,1791356356.945519,1791356356.944676,1791356355.940674,1791356356.9406793,1791356355.9446728,1791356356.944676,1791356332.1646717,GAZEBO_CLOCK_SYSTEM_INTERPOLATION,MAPPED_EXACT,0,24.752,1791356356.9166718,0.0041141510009765625,0.0,RGB,0.0,0,1,0,UNCALIBRATED,PREPARATION,MID,STRAIGHT,1.0,327,1.0,7.831071853637695,0.479281485080719,nan,nan,False,0.0,0.0,0.0,0.0,0,0,0,0,0,0.0,0.0,0.0,0.0,0.0,0.0,0.0,0.0,0.0,0.0,0.0,0.0,0.0,0.0,6.948717332707616,-0.2760458770262453,3.6006679455914474,0.0,0.0,0.0,0.0,0.0,0.0,0.0,0.0,0.0,0.0,0.0,False,DISABLED,0,nan,nan,nan,nan,nan,nan,nan,nan,nan,nan,nan,nan,nan,nan,nan,nan,nan,nan,nan,nan,nan,nan,nan,nan,nan,nan,nan,nan,nan,nan,nan,nan,nan,nan,8.040353555186135,0.38703590262144844,0.1341328891431905,0.02506228303214066,0.02506228303214066,0.02506228303214066,8.001192068645405,0.3081799711132494,0.1394017527961372,0.039161486540729484,0.07885593150819903,-0.005268863652946709,0.08804476112810752,0.08820227256878847,0.033987998962402344,False,DISABLED,none,MODEL_ORIGIN_FRAME_NOT_ESTABLISHED,nan,nan,nan,nan,nan,nan,nan,nan,nan,nan,nan,nan,nan,NOT_EVALUATED,nan,nan,nan,nan,DISABLED,nan,nan,nan,nan,nan,nan
1791356356.9646823,1791356356.9892395,1791356356.9951377,1791356356.9951622,front_rgbd_red_sphere,True,True,True,,24.8,24.8,1791356356.9892395,1791356356.987099,1791356356.9646823,1791356356.9646823,1791356356.9646823,0.0,1791356355.9646735,1791356356.9806793,1791356356.981519,1791356356.9806793,1791356356.985519,1791356356.9846756,1791356355.9646735,1791356356.9806793,1791356355.9646735,1791356356.9846756,1791356332.1646824,GAZEBO_CLOCK_SYSTEM_INTERPOLATION,MAPPED_EXACT,0,24.8,1791356356.9646823,0.002185344696044922,0.0,RGB,0.0,0,1,0,UNCALIBRATED,PREPARATION,MID,STRAIGHT,1.0,329,1.0,7.832997798919678,0.4790915250778198,nan,nan,False,0.0,0.0,0.0,0.0,0,0,0,0,0,0.0,0.0,0.0,0.0,0.0,0.0,0.0,0.0,0.0,0.0,0.0,0.0,0.0,0.0,6.9511123903119145,-0.3152086888701531,3.5970173525935305,0.0,0.0,0.0,0.0,0.0,0.0,0.0,0.0,0.0,0.0,0.0,False,DISABLED,0,nan,nan,nan,nan,nan,nan,nan,nan,nan,nan,nan,nan,nan,nan,nan,nan,nan,nan,nan,nan,nan,nan,nan,nan,nan,nan,nan,nan,nan,nan,nan,nan,nan,nan,8.04023763689114,0.4256958785995287,0.1381599289865419,0.025068381788014387,0.025068381788014387,0.025068381788014387,8.001511703559723,0.3471183506771993,0.14316113081448964,0.03872593333141694,0.07857752792232936,-0.005001201827947749,0.0876020879133243,0.08774473104692763,0.024557113647460938,False,DISABLED,none,MODEL_ORIGIN_FRAME_NOT_ESTABLISHED,nan,nan,nan,nan,nan,nan,nan,nan,nan,nan,nan,nan,nan,NOT_EVALUATED,nan,nan,nan,nan,DISABLED,nan,nan,nan,nan,nan,nan
1791356357.0166771,1791356357.046079,1791356357.0508225,1791356357.0508823,front_rgbd_red_sphere,True,True,True,,24.852,24.852,1791356357.0390823,1791356357.046079,1791356357.0166771,1791356357.0166771,1791356357.0166771,0.0,1791356356.0206785,1791356357.020683,1791356357.021518,1791356357.020683,1791356357.025518,1791356357.024667,1791356356.0206785,1791356357.020683,1791356356.0046809,1791356357.024667,1791356332.1646771,GAZEBO_CLOCK_SYSTEM_INTERPOLATION,MAPPED_EXACT,0,24.852,1791356357.0166771,0.0016999244689941406,0.0,RGB,0.0,0,1,0,UNCALIBRATED,PREPARATION,MID,STRAIGHT,1.0,331,1.0,7.835092544555664,0.47909051179885864,nan,nan,False,0.0,0.0,0.0,0.0,0,0,0,0,0,0.0,0.0,0.0,0.0,0.0,0.0,0.0,0.0,0.0,0.0,0.0,0.0,0.0,0.0,6.952974999096259,-0.35695818410101854,3.5940776807926627,0.0,0.0,0.0,0.0,0.0,0.0,0.0,0.0,0.0,0.0,0.0,False,DISABLED,0,nan,nan,nan,nan,nan,nan,nan,nan,nan,nan,nan,nan,nan,nan,nan,nan,nan,nan,nan,nan,nan,nan,nan,nan,nan,nan,nan,nan,nan,nan,nan,nan,nan,nan,8.04014418570979,0.4665705909688314,0.1410269698114507,0.025075015524199478,0.025075015524199478,0.025075015524199478,8.00192532666748,0.39181329098006745,0.14630481511725943,0.038218859042309816,0.07475729998876396,-0.005277845305808743,0.08396031853266157,0.08412604079105376,0.029401779174804688,False,DISABLED,none,MODEL_ORIGIN_FRAME_NOT_ESTABLISHED,nan,nan,nan,nan,nan,nan,nan,nan,nan,nan,nan,nan,nan,NOT_EVALUATED,nan,nan,nan,nan,DISABLED,nan,nan,nan,nan,nan,nan
1791356357.0646725,1791356357.0851977,1791356357.0943732,1791356357.094401,front_rgbd_red_sphere,True,True,True,,24.9,24.9,1791356357.0851977,1791356357.0834918,1791356357.0646725,1791356357.0646725,1791356357.0646725,0.0,1791356356.0846756,1791356357.0846777,1791356357.085518,1791356357.0846777,1791356357.085518,1791356357.0846777,1791356356.0846756,1791356357.0846777,1791356356.0846756,1791356357.0846777,1791356332.1646724,GAZEBO_CLOCK_SYSTEM_INTERPOLATION,MAPPED_EXACT,0,24.9,1791356357.0646725,0.002168416976928711,0.0,RGB,0.0,0,1,0,UNCALIBRATED,PREPARATION,MID,STRAIGHT,1.0,334,1.0,7.837732791900635,0.47929754853248596,nan,nan,False,0.0,0.0,0.0,0.0,0,0,0,0,0,0.0,0.0,0.0,0.0,0.0,0.0,0.0,0.0,0.0,0.0,0.0,0.0,0.0,0.0,6.954569888213116,-0.40122450526549613,3.5920792440729956,0.0,0.0,0.0,0.0,0.0,0.0,0.0,0.0,0.0,0.0,0.0,False,DISABLED,0,nan,nan,nan,nan,nan,nan,nan,nan,nan,nan,nan,nan,nan,nan,nan,nan,nan,nan,nan,nan,nan,nan,nan,nan,nan,nan,nan,nan,nan,nan,nan,nan,nan,nan,8.040277546610637,0.5099294664365391,0.14305879810206962,0.02508337828411437,0.02508337828411437,0.02508337828411437,8.002377459661854,0.4354597432471976,0.1483422801562602,0.037900086948782885,0.07446972318934153,-0.005283482054190575,0.08355929788253641,0.08372616941697147,0.020525217056274414,False,DISABLED,none,MODEL_ORIGIN_FRAME_NOT_ESTABLISHED,nan,nan,nan,nan,nan,nan,nan,nan,nan,nan,nan,nan,nan,NOT_EVALUATED,nan,nan,nan,nan,DISABLED,nan,nan,nan,nan,nan,nan
1791356357.1166713,1791356357.147236,1791356357.15503,1791356357.155076,front_rgbd_red_sphere,True,True,True,,24.952,24.952,1791356357.147236,1791356357.1441655,1791356357.1166713,1791356357.1166713,1791356357.1166713,0.0,1791356356.1246686,1791356357.1246774,1791356357.1255178,1791356357.1246774,1791356357.1255178,1791356357.1246774,1791356356.1246686,1791356357.1246774,1791356356.1246686,1791356357.1246774,1791356332.1646714,GAZEBO_CLOCK_SYSTEM_INTERPOLATION,MAPPED_EXACT,0,24.952,1791356357.1166713,0.0028693675994873047,0.0,RGB,0.0,0,1,0,UNCALIBRATED,PREPARATION,MID,STRAIGHT,1.0,333,1.0,7.840787410736084,0.4797094166278839,nan,nan,False,0.0,0.0,0.0,0.0,0,0,0,0,0,0.0,0.0,0.0,0.0,0.0,0.0,0.0,0.0,0.0,0.0,0.0,0.0,0.0,0.0,6.955790583616014,-0.44794102048351814,3.590860115358624,0.0,0.0,0.0,0.0,0.0,0.0,0.0,0.0,0.0,0.0,0.0,False,DISABLED,0,nan,nan,nan,nan,nan,nan,nan,nan,nan,nan,nan,nan,nan,nan,nan,nan,nan,nan,nan,nan,nan,nan,nan,nan,nan,nan,nan,nan,nan,nan,nan,nan,nan,nan,8.040444830024445,0.5558955103185181,0.1440335100516011,0.02509305517493474,0.02509305517493474,0.02509305517493474,8.002952788081291,0.48535668698766304,0.14959688619615655,0.037492041943153254,0.0705388233308551,-0.00556337614455546,0.07988353275843996,0.0800770251701108,0.03056478500366211,False,DISABLED,none,MODEL_ORIGIN_FRAME_NOT_ESTABLISHED,nan,nan,nan,nan,nan,nan,nan,nan,nan,nan,nan,nan,nan,NOT_EVALUATED,nan,nan,nan,nan,DISABLED,nan,nan,nan,nan,nan,nan
1791356357.1646795,1791356357.1953275,1791356357.1996505,1791356357.1997051,front_rgbd_red_sphere,True,True,True,,25.0,25.0,1791356357.1872203,1791356357.1953275,1791356357.1646795,1791356357.1646795,1791356357.1646795,0.0,1791356356.1846795,1791356357.1806853,1791356357.1815178,1791356357.1806853,1791356357.185518,1791356357.1846833,1791356356.1806612,1791356357.1806853,1791356356.1846795,1791356357.1846833,1791356332.1646795,GAZEBO_CLOCK_SYSTEM_INTERPOLATION,MAPPED_EXACT,0,25.0,1791356357.1646795,0.002973794937133789,0.0,RGB,0.0,0,1,0,UNCALIBRATED,PREPARATION,MID,STRAIGHT,1.0,332,1.0,7.8443169593811035,0.4803456962108612,nan,nan,False,0.0,0.0,0.0,0.0,0,0,0,0,0,0.0,0.0,0.0,0.0,0.0,0.0,0.0,0.0,0.0,0.0,0.0,0.0,0.0,0.0,6.9566165130198945,-0.49725113072625415,3.5904780866522112,0.0,0.0,0.0,0.0,0.0,0.0,0.0,0.0,0.0,0.0,0.0,False,DISABLED,0,nan,nan,nan,nan,nan,nan,nan,nan,nan,nan,nan,nan,nan,nan,nan,nan,nan,nan,nan,nan,nan,nan,nan,nan,nan,nan,nan,nan,nan,nan,nan,nan,nan,nan,8.040556457634496,0.6046449593225671,0.14431680783232448,0.025104237249190014,0.025104237249190014,0.025104237249190014,8.003570993512998,0.5338072245356194,0.1498716278245981,0.03698546412149817,0.07083773478694777,-0.005554819992273613,0.07991188413514337,0.08010471428808133,0.030647993087768555,False,DISABLED,none,MODEL_ORIGIN_FRAME_NOT_ESTABLISHED,nan,nan,nan,nan,nan,nan,nan,nan,nan,nan,nan,nan,nan,NOT_EVALUATED,nan,nan,nan,nan,DISABLED,nan,nan,nan,nan,nan,nan
1791356357.2166758,1791356357.2448413,1791356357.248886,1791356357.2489269,front_rgbd_red_sphere,True,True,True,,25.052,25.052,1791356357.236088,1791356357.2448413,1791356357.2166758,1791356357.2166758,1791356357.2166758,0.0,1791356356.2046854,1791356357.2206714,1791356357.2215178,1791356357.2206714,1791356357.225518,1791356357.2246718,1791356356.2046854,1791356357.2206714,1791356356.2046854,1791356357.2246718,1791356332.1646757,GAZEBO_CLOCK_SYSTEM_INTERPOLATION,MAPPED_EXACT,0,25.052,1791356357.2166758,0.0005993843078613281,0.0,RGB,0.0,0,1,0,UNCALIBRATED,PREPARATION,MID,STRAIGHT,1.0,332,1.0,7.848473072052002,0.4812135696411133,nan,nan,False,0.0,0.0,0.0,0.0,0,0,0,0,0,0.0,0.0,0.0,0.0,0.0,0.0,0.0,0.0,0.0,0.0,0.0,0.0,0.0,0.0,6.9571524103221485,-0.548980679132244,3.5909862255170535,0.0,0.0,0.0,0.0,0.0,0.0,0.0,0.0,0.0,0.0,0.0,False,DISABLED,0,nan,nan,nan,nan,nan,nan,nan,nan,nan,nan,nan,nan,nan,nan,nan,nan,nan,nan,nan,nan,nan,nan,nan,nan,nan,nan,nan,nan,nan,nan,nan,nan,nan,nan,8.040691451945662,0.6560069370787229,0.14385780845828267,0.02511741026645933,0.02511741026645933,0.02511741026645933,8.004345693806634,0.5889178080739822,0.14920601142293122,0.03634575813902785,0.06708912900474073,-0.005348202964648552,0.07630180446958941,0.07648900993127397,0.028165578842163086,False,DISABLED,none,MODEL_ORIGIN_FRAME_NOT_ESTABLISHED,nan,nan,nan,nan,nan,nan,nan,nan,nan,nan,nan,nan,nan,NOT_EVALUATED,nan,nan,nan,nan,DISABLED,nan,nan,nan,nan,nan,nan
1791356357.264665,1791356357.298769,1791356357.3119862,1791356357.3120313,front_rgbd_red_sphere,True,True,True,,25.1,25.1,1791356357.298769,1791356357.288806,1791356357.264665,1791356357.264665,1791356357.264665,0.0,1791356356.284676,1791356357.2846763,1791356357.285518,1791356357.2846763,1791356357.285518,1791356357.2846763,1791356356.284676,1791356357.2846763,1791356356.284676,1791356357.2846763,1791356332.164665,GAZEBO_CLOCK_SYSTEM_INTERPOLATION,MAPPED_EXACT,0,25.1,1791356357.264665,0.0025403499603271484,0.0,RGB,0.0,0,1,0,UNCALIBRATED,PREPARATION,MID,STRAIGHT,1.0,334,1.0,7.853330612182617,0.4823240041732788,nan,nan,False,0.0,0.0,0.0,0.0,0,0,0,0,0,0.0,0.0,0.0,0.0,0.0,0.0,0.0,0.0,0.0,0.0,0.0,0.0,0.0,0.0,6.957417643579181,-0.6032549594281571,3.5923845875874414,0.0,0.0,0.0,0.0,0.0,0.0,0.0,0.0,0.0,0.0,0.0,False,DISABLED,0,nan,nan,nan,nan,nan,nan,nan,nan,nan,nan,nan,nan,nan,nan,nan,nan,nan,nan,nan,nan,nan,nan,nan,nan,nan,nan,nan,nan,nan,nan,nan,nan,nan,nan,8.040919218501495,0.7101252063904893,0.14251753432924918,0.02513280958073296,0.02513280958073296,0.02513280958073296,8.005166502244187,0.64217188155793,0.14770975272244835,0.03575271625730814,0.06795332483255923,-0.005192218393199166,0.07678483623460361,0.07696018585877747,0.034104108810424805,False,DISABLED,none,MODEL_ORIGIN_FRAME_NOT_ESTABLISHED,nan,nan,nan,nan,nan,nan,nan,nan,nan,nan,nan,nan,nan,NOT_EVALUATED,nan,nan,nan,nan,DISABLED,nan,nan,nan,nan,nan,nan
1791356357.316668,1791356357.3515162,1791356357.3567965,1791356357.3568432,front_rgbd_red_sphere,True,True,True,,25.152,25.152,1791356357.3515162,1791356357.349619,1791356357.316668,1791356357.316668,1791356357.316668,0.0,1791356356.344663,1791356357.3406758,1791356357.341518,1791356357.3406758,1791356357.3455179,1791356357.344667,1791356356.3406744,1791356357.3406758,1791356356.344663,1791356357.344667,1791356332.164668,GAZEBO_CLOCK_SYSTEM_INTERPOLATION,MAPPED_EXACT,0,25.152,1791356357.316668,0.0039823055267333984,0.0,RGB,0.0,0,1,0,UNCALIBRATED,PREPARATION,MID,STRAIGHT,1.0,335,1.0,7.85875940322876,0.4836834669113159,nan,nan,False,0.0,0.0,0.0,0.0,0,0,0,0,0,0.0,0.0,0.0,0.0,0.0,0.0,0.0,0.0,0.0,0.0,0.0,0.0,0.0,0.0,6.957265081693232,-0.6600065843609508,3.5945727482922982,0.0,0.0,0.0,0.0,0.0,0.0,0.0,0.0,0.0,0.0,0.0,False,DISABLED,0,nan,nan,nan,nan,nan,nan,nan,nan,nan,nan,nan,nan,nan,nan,nan,nan,nan,nan,nan,nan,nan,nan,nan,nan,nan,nan,nan,nan,nan,nan,nan,nan,nan,nan,8.041059780007519,0.7667765059227994,0.14029032724862212,0.02515002497959297,0.02515002497959297,0.02515002497959297,8.006181180312717,0.7024401303425826,0.14514160425049816,0.03487859969480134,0.06433637558021688,-0.004851277001876042,0.07318255215192294,0.07334317165229394,0.03484821319580078,False,DISABLED,none,MODEL_ORIGIN_FRAME_NOT_ESTABLISHED,nan,nan,nan,nan,nan,nan,nan,nan,nan,nan,nan,nan,nan,NOT_EVALUATED,nan,nan,nan,nan,DISABLED,nan,nan,nan,nan,nan,nan
1791356357.3646755,1791356357.3860195,1791356357.3917406,1791356357.3917682,front_rgbd_red_sphere,True,True,True,,25.2,25.2,1791356357.3860195,1791356357.3847759,1791356357.3646755,1791356357.3646755,1791356357.3646755,0.0,1791356356.344663,1791356357.3646755,1791356357.3655179,1791356357.3646755,1791356357.3655179,1791356357.3646755,1791356356.3406744,1791356357.3646755,1791356356.344663,1791356357.3646755,1791356332.1646755,GAZEBO_CLOCK_SYSTEM_INTERPOLATION,MAPPED_EXACT,0,25.2,1791356357.3646755,0.0017497539520263672,0.0,RGB,0.0,0,1,0,UNCALIBRATED,PREPARATION,MID,STRAIGHT,1.0,331,1.0,7.8649001121521,0.4853125214576721,nan,nan,False,0.0,0.0,0.0,0.0,0,0,0,0,0,0.0,0.0,0.0,0.0,0.0,0.0,0.0,0.0,0.0,0.0,0.0,0.0,0.0,0.0,6.956733867168204,-0.7193534176494341,3.5976434656231455,0.0,0.0,0.0,0.0,0.0,0.0,0.0,0.0,0.0,0.0,0.0,False,DISABLED,0,nan,nan,nan,nan,nan,nan,nan,nan,nan,nan,nan,nan,nan,nan,nan,nan,nan,nan,nan,nan,nan,nan,nan,nan,nan,nan,nan,nan,nan,nan,nan,nan,nan,nan,8.041184163755513,0.8263000576754551,0.1371597074323031,0.02516950559108784,0.02516950559108784,0.02516950559108784,8.007244114019006,0.7604721857605581,0.141913541517432,0.03394004973650766,0.06582787191489703,-0.0047538340851288885,0.07406237706798711,0.07421478717526338,0.02134394645690918,False,DISABLED,none,MODEL_ORIGIN_FRAME_NOT_ESTABLISHED,nan,nan,nan,nan,nan,nan,nan,nan,nan,nan,nan,nan,nan,NOT_EVALUATED,nan,nan,nan,nan,DISABLED,nan,nan,nan,nan,nan,nan
1791356357.4166877,1791356357.4364102,1791356357.4403756,1791356357.4404151,front_rgbd_red_sphere,True,True,True,,25.252,25.252,1791356357.4364102,1791356357.4353297,1791356357.4166877,1791356357.4166877,1791356357.4166877,0.0,1791356356.404679,1791356357.4206727,1791356357.4215178,1791356357.4206727,1791356357.425518,1791356357.4246655,1791356356.404679,1791356357.4206727,1791356356.404679,1791356357.4246655,1791356332.1646876,GAZEBO_CLOCK_SYSTEM_INTERPOLATION,MAPPED_EXACT,0,25.252,1791356357.4166877,0.003988981246948242,0.0,RGB,0.0,0,1,0,UNCALIBRATED,PREPARATION,MID,STRAIGHT,1.0,333,1.0,7.872072219848633,0.4872024953365326,nan,nan,False,0.0,0.0,0.0,0.0,0,0,0,0,0,0.0,0.0,0.0,0.0,0.0,0.0,0.0,0.0,0.0,0.0,0.0,0.0,0.0,0.0,6.956124917860319,-0.7811018379115255,3.6016282254544554,0.0,0.0,0.0,0.0,0.0,0.0,0.0,0.0,0.0,0.0,0.0,False,DISABLED,0,nan,nan,nan,nan,nan,nan,nan,nan,nan,nan,nan,nan,nan,nan,nan,nan,nan,nan,nan,nan,nan,nan,nan,nan,nan,nan,nan,nan,nan,nan,nan,nan,nan,nan,8.041689351556112,0.8880592164074012,0.13326605497082,0.025192267412037853,0.025192267412037853,0.025192267412037853,8.008545251149595,0.825965899722582,0.1375038371159306,0.03314410040651694,0.0620933166848191,-0.004237782145110586,0.07038544855777017,0.07051290779841608,0.019722461700439453,False,DISABLED,none,MODEL_ORIGIN_FRAME_NOT_ESTABLISHED,nan,nan,nan,nan,nan,nan,nan,nan,nan,nan,nan,nan,nan,NOT_EVALUATED,nan,nan,nan,nan,DISABLED,nan,nan,nan,nan,nan,nan
1791356357.4646916,1791356357.4935596,1791356357.4969654,1791356357.4969878,front_rgbd_red_sphere,True,True,True,,25.3,25.3,1791356357.4848218,1791356357.4935596,1791356357.4646916,1791356357.4646916,1791356357.4646916,0.0,1791356356.4846747,1791356357.4846773,1791356357.485518,1791356357.4846773,1791356357.485518,1791356357.4846773,1791356356.4846747,1791356357.4846773,1791356356.4846747,1791356357.4846773,1791356332.1646917,GAZEBO_CLOCK_SYSTEM_INTERPOLATION,MAPPED_EXACT,0,25.3,1791356357.4646916,0.0012195110321044922,0.0,RGB,0.0,0,1,0,UNCALIBRATED,PREPARATION,MID,STRAIGHT,1.0,330,1.0,7.879953384399414,0.4893752634525299,nan,nan,False,0.0,0.0,0.0,0.0,0,0,0,0,0,0.0,0.0,0.0,0.0,0.0,0.0,0.0,0.0,0.0,0.0,0.0,0.0,0.0,0.0,6.95505732461331,-0.8453955283398424,3.6064040663408448,0.0,0.0,0.0,0.0,0.0,0.0,0.0,0.0,0.0,0.0,0.0,False,DISABLED,0,nan,nan,nan,nan,nan,nan,nan,nan,nan,nan,nan,nan,nan,nan,nan,nan,nan,nan,nan,nan,nan,nan,nan,nan,nan,nan,nan,nan,nan,nan,nan,nan,nan,nan,8.04222460858942,0.9524814203360676,0.12850373707346152,0.025217292137979175,0.025217292137979175,0.025217292137979175,8.009895278108853,0.8888334229229216,0.1326188537874499,0.0323293304805663,0.06364799741314608,-0.00411511671398837,0.07138804650657926,0.07150655473168366,0.02886795997619629,False,DISABLED,none,MODEL_ORIGIN_FRAME_NOT_ESTABLISHED,nan,nan,nan,nan,nan,nan,nan,nan,nan,nan,nan,nan,nan,NOT_EVALUATED,nan,nan,nan,nan,DISABLED,nan,nan,nan,nan,nan,nan
1791356357.5166721,1791356357.5369868,1791356357.5415242,1791356357.5415466,front_rgbd_red_sphere,True,True,True,,25.352,25.352,1791356357.5369868,1791356357.5355859,1791356357.5166721,1791356357.5166721,1791356357.5166721,0.0,1791356356.5246646,1791356357.5246756,1791356357.525518,1791356357.5246756,1791356357.525518,1791356357.5246756,1791356356.5246646,1791356357.5246756,1791356356.5246646,1791356357.5246756,1791356332.1646721,GAZEBO_CLOCK_SYSTEM_INTERPOLATION,MAPPED_EXACT,0,25.352,1791356357.5166721,0.0009112358093261719,0.0,RGB,0.0,0,1,0,UNCALIBRATED,PREPARATION,MID,STRAIGHT,1.0,336,1.0,7.888757228851318,0.4918179512023926,nan,nan,False,0.0,0.0,0.0,0.0,0,0,0,0,0,0.0,0.0,0.0,0.0,0.0,0.0,0.0,0.0,0.0,0.0,0.0,0.0,0.0,0.0,6.9537488479578915,-0.9120439984105486,3.6119308339105607,0.0,0.0,0.0,0.0,0.0,0.0,0.0,0.0,0.0,0.0,0.0,False,DISABLED,0,nan,nan,nan,nan,nan,nan,nan,nan,nan,nan,nan,nan,nan,nan,nan,nan,nan,nan,nan,nan,nan,nan,nan,nan,nan,nan,nan,nan,nan,nan,nan,nan,nan,nan,8.042864840743018,1.0194502454255563,0.122823221779775,0.0252452608349306,0.0252452608349306,0.0252452608349306,8.0115317941203,0.9595181572699291,0.12647695829049094,0.031333046622718186,0.05993208815562723,-0.0036537365107159325,0.06762850731278419,0.06772713482678154,0.020314693450927734,False,DISABLED,none,MODEL_ORIGIN_FRAME_NOT_ESTABLISHED,nan,nan,nan,nan,nan,nan,nan,nan,nan,nan,nan,nan,nan,NOT_EVALUATED,nan,nan,nan,nan,DISABLED,nan,nan,nan,nan,nan,nan
1791356357.5646744,1791356357.5936456,1791356357.5998166,1791356357.5998666,front_rgbd_red_sphere,True,True,True,,25.4,25.4,1791356357.5936456,1791356357.581927,1791356357.5646744,1791356357.5646744,1791356357.5646744,0.0,1791356356.5846648,1791356357.580672,1791356357.581518,1791356357.580672,1791356357.585518,1791356357.5846765,1791356356.564668,1791356357.580672,1791356356.5846648,1791356357.5846765,1791356332.1646743,GAZEBO_CLOCK_SYSTEM_INTERPOLATION,MAPPED_EXACT,0,25.4,1791356357.5646744,0.0012917518615722656,0.0,RGB,0.0,0,1,0,UNCALIBRATED,PREPARATION,MID,STRAIGHT,1.0,332,1.0,7.898608684539795,0.49455124139785767,nan,nan,False,0.0,0.0,0.0,0.0,0,0,0,0,0,0.0,0.0,0.0,0.0,0.0,0.0,0.0,0.0,0.0,0.0,0.0,0.0,0.0,0.0,6.95221145007709,-0.9813638503006721,3.6182452097466653,0.0,0.0,0.0,0.0,0.0,0.0,0.0,0.0,0.0,0.0,0.0,False,DISABLED,0,nan,nan,nan,nan,nan,nan,nan,nan,nan,nan,nan,nan,nan,nan,nan,nan,nan,nan,nan,nan,nan,nan,nan,nan,nan,nan,nan,nan,nan,nan,nan,nan,nan,nan,8.043548781341391,1.0891732495411524,0.11637788616583666,0.02527657546815516,0.02527657546815516,0.02527657546815516,8.013215073007675,1.0271564177811603,0.12005981674771031,0.030333708333715848,0.062016831759992064,-0.0036819305818736464,0.06903782501514732,0.06913593780105858,0.028971195220947266,False,DISABLED,none,MODEL_ORIGIN_FRAME_NOT_ESTABLISHED,nan,nan,nan,nan,nan,nan,nan,nan,nan,nan,nan,nan,nan,NOT_EVALUATED,nan,nan,nan,nan,DISABLED,nan,nan,nan,nan,nan,nan
1791356357.6166706,1791356357.6453595,1791356357.6513412,1791356357.6513984,front_rgbd_red_sphere,True,True,True,,25.452,25.452,1791356357.6453595,1791356357.6442318,1791356357.6166706,1791356357.6166706,1791356357.6166706,0.0,1791356356.6246696,1791356357.6206772,1791356357.621518,1791356357.6206772,1791356357.6255178,1791356357.624675,1791356356.6046813,1791356357.6206772,1791356356.6246696,1791356357.624675,1791356332.1646707,GAZEBO_CLOCK_SYSTEM_INTERPOLATION,MAPPED_EXACT,0,25.452,1791356357.6166706,0.0011472702026367188,0.0,RGB,0.0,0,1,0,UNCALIBRATED,PREPARATION,MID,STRAIGHT,1.0,332,1.0,7.909722328186035,0.49757474660873413,nan,nan,False,0.0,0.0,0.0,0.0,0,0,0,0,0,0.0,0.0,0.0,0.0,0.0,0.0,0.0,0.0,0.0,0.0,0.0,0.0,0.0,0.0,6.950610912195369,-1.053053878796819,3.6254371980236577,0.0,0.0,0.0,0.0,0.0,0.0,0.0,0.0,0.0,0.0,0.0,False,DISABLED,0,nan,nan,nan,nan,nan,nan,nan,nan,nan,nan,nan,nan,nan,nan,nan,nan,nan,nan,nan,nan,nan,nan,nan,nan,nan,nan,nan,nan,nan,nan,nan,nan,nan,nan,8.044471093676886,1.1615822373364928,0.10918949868516964,0.025311926876823505,0.025311926876823505,0.025311926876823505,8.015239702022605,1.1030093474749416,0.11233979673687605,0.02923139165428168,0.05857288986155118,-0.0031502980517064127,0.06546187963066302,0.06553763851859479,0.028688907623291016,False,DISABLED,none,MODEL_ORIGIN_FRAME_NOT_ESTABLISHED,nan,nan,nan,nan,nan,nan,nan,nan,nan,nan,nan,nan,nan,NOT_EVALUATED,nan,nan,nan,nan,DISABLED,nan,nan,nan,nan,nan,nan
1791356357.6646733,1791356357.69532,1791356357.699005,1791356357.6990366,front_rgbd_red_sphere,True,True,True,,25.5,25.5,1791356357.69532,1791356357.6939485,1791356357.6646733,1791356357.6646733,1791356357.6646733,0.0,1791356356.6646745,1791356357.6846812,1791356357.685518,1791356357.6846812,1791356357.685518,1791356357.6846812,1791356356.6606686,1791356357.6846812,1791356356.6646745,1791356357.6846812,1791356332.1646733,GAZEBO_CLOCK_SYSTEM_INTERPOLATION,MAPPED_EXACT,0,25.5,1791356357.6646733,0.002862215042114258,0.0,RGB,0.0,0,1,0,UNCALIBRATED,PREPARATION,MID,STRAIGHT,1.0,334,1.0,7.921846389770508,0.5008915662765503,nan,nan,False,0.0,0.0,0.0,0.0,0,0,0,0,0,0.0,0.0,0.0,0.0,0.0,0.0,0.0,0.0,0.0,0.0,0.0,0.0,0.0,0.0,6.948685311227467,-1.1273757678246281,3.6332416358520088,0.0,0.0,0.0,0.0,0.0,0.0,0.0,0.0,0.0,0.0,0.0,False,DISABLED,0,nan,nan,nan,nan,nan,nan,nan,nan,nan,nan,nan,nan,nan,nan,nan,nan,nan,nan,nan,nan,nan,nan,nan,nan,nan,nan,nan,nan,nan,nan,nan,nan,nan,nan,8.045436152839772,1.236592461513461,0.10117655920029273,0.025350518891749232,0.025350518891749232,0.025350518891749232,8.017307568239051,1.1754319699993803,0.10454785793601044,0.02812858460072043,0.06116049151408065,-0.0033712987357177177,0.0673188160463612,0.0674031798140805,0.030646562576293945,False,DISABLED,none,MODEL_ORIGIN_FRAME_NOT_ESTABLISHED,nan,nan,nan,nan,nan,nan,nan,nan,nan,nan,nan,nan,nan,NOT_EVALUATED,nan,nan,nan,nan,DISABLED,nan,nan,nan,nan,nan,nan
1791356357.716677,1791356357.744841,1791356357.7482061,1791356357.7482285,front_rgbd_red_sphere,True,True,True,,25.552,25.552,1791356357.744841,1791356357.7436564,1791356357.716677,1791356357.716677,1791356357.716677,0.0,1791356356.724664,1791356357.7246783,1791356357.725518,1791356357.7246783,1791356357.725518,1791356357.7246783,1791356356.724664,1791356357.7246783,1791356356.724664,1791356357.7246783,1791356332.164677,GAZEBO_CLOCK_SYSTEM_INTERPOLATION,MAPPED_EXACT,0,25.552,1791356357.716677,0.0005156993865966797,0.0,RGB,0.0,0,1,0,UNCALIBRATED,PREPARATION,MID,STRAIGHT,1.0,333,1.0,7.935266494750977,0.5044934749603271,nan,nan,False,0.0,0.0,0.0,0.0,0,0,0,0,0,0.0,0.0,0.0,0.0,0.0,0.0,0.0,0.0,0.0,0.0,0.0,0.0,0.0,0.0,6.946686142954006,-1.2040665341086956,3.64173394470046,0.0,0.0,0.0,0.0,0.0,0.0,0.0,0.0,0.0,0.0,0.0,False,DISABLED,0,nan,nan,nan,nan,nan,nan,nan,nan,nan,nan,nan,nan,nan,nan,nan,nan,nan,nan,nan,nan,nan,nan,nan,nan,nan,nan,nan,nan,nan,nan,nan,nan,nan,nan,8.046655925246567,1.3141775111684206,0.09249499950256418,0.025393271096618035,0.025393271096618035,0.025393271096618035,8.019779226752206,1.256504493152089,0.09543422285212495,0.026876698494360696,0.05767301801633162,-0.002939223349560774,0.06362809072311444,0.06369594149525923,0.028164148330688477,False,DISABLED,none,MODEL_ORIGIN_FRAME_NOT_ESTABLISHED,nan,nan,nan,nan,nan,nan,nan,nan,nan,nan,nan,nan,nan,NOT_EVALUATED,nan,nan,nan,nan,DISABLED,nan,nan,nan,nan,nan,nan
1791356357.7646747,1791356357.7843866,1791356357.7909143,1791356357.7909439,front_rgbd_red_sphere,True,True,True,,25.6,25.6,1791356357.7843866,1791356357.7832887,1791356357.7646747,1791356357.7646747,1791356357.7646747,0.0,1791356356.7446673,1791356357.764675,1791356357.765518,1791356357.764675,1791356357.765518,1791356357.764675,1791356356.740663,1791356357.764675,1791356356.7446673,1791356357.764675,1791356332.1646748,GAZEBO_CLOCK_SYSTEM_INTERPOLATION,MAPPED_EXACT,0,25.6,1791356357.7646747,0.004133701324462891,0.0,RGB,0.0,0,1,0,UNCALIBRATED,PREPARATION,MID,STRAIGHT,1.0,335,1.0,7.9501953125,0.508394718170166,nan,nan,False,0.0,0.0,0.0,0.0,0,0,0,0,0,0.0,0.0,0.0,0.0,0.0,0.0,0.0,0.0,0.0,0.0,0.0,0.0,0.0,0.0,6.9447108625317355,-1.2833351447491417,3.6509792961251946,0.0,0.0,0.0,0.0,0.0,0.0,0.0,0.0,0.0,0.0,0.0,False,DISABLED,0,nan,nan,nan,nan,nan,nan,nan,nan,nan,nan,nan,nan,nan,nan,nan,nan,nan,nan,nan,nan,nan,nan,nan,nan,nan,nan,nan,nan,nan,nan,nan,nan,nan,nan,8.04818839288766,1.3939949781234529,0.08340258390689792,0.025440873526525982,0.025440873526525982,0.025440873526525982,8.022286339074912,1.333700282700472,0.08646030762010734,0.02590205381274835,0.060294695422980826,-0.0030577237132094204,0.06562291282675996,0.06569411208148611,0.019711971282958984,False,DISABLED,none,MODEL_ORIGIN_FRAME_NOT_ESTABLISHED,nan,nan,nan,nan,nan,nan,nan,nan,nan,nan,nan,nan,nan,NOT_EVALUATED,nan,nan,nan,nan,DISABLED,nan,nan,nan,nan,nan,nan
1791356357.816671,1791356357.8358479,1791356357.8409455,1791356357.8409784,front_rgbd_red_sphere,True,True,True,,25.652,25.652,1791356357.8358479,1791356357.8334868,1791356357.816671,1791356357.816671,1791356357.816671,0.0,1791356356.8046741,1791356357.8206775,1791356357.821518,1791356357.8206775,1791356357.825518,1791356357.824666,1791356356.8046741,1791356357.8206775,1791356356.8046741,1791356357.824666,1791356332.164671,GAZEBO_CLOCK_SYSTEM_INTERPOLATION,MAPPED_EXACT,0,25.652,1791356357.816671,0.0036346912384033203,0.0,RGB,0.0,0,1,0,UNCALIBRATED,PREPARATION,MID,STRAIGHT,1.0,337,1.0,7.966344356536865,0.5125870704650879,nan,nan,False,0.0,0.0,0.0,0.0,0,0,0,0,0,0.0,0.0,0.0,0.0,0.0,0.0,0.0,0.0,0.0,0.0,0.0,0.0,0.0,0.0,6.942498864310779,-1.365043840999972,3.66073835227678,0.0,0.0,0.0,0.0,0.0,0.0,0.0,0.0,0.0,0.0,0.0,False,DISABLED,0,nan,nan,nan,nan,nan,nan,nan,nan,nan,nan,nan,nan,nan,nan,nan,nan,nan,nan,nan,nan,nan,nan,nan,nan,nan,nan,nan,nan,nan,nan,nan,nan,nan,nan,8.049518715687173,1.4765785165795828,0.07384832345359016,0.025492414819468373,0.025492414819468373,0.025492414819468373,8.025265729236024,1.4199558955128015,0.07618075693276753,0.024252986451148928,0.05662262106678129,-0.002332433479177373,0.06159812146707006,0.06164226483677174,0.019176959991455078,False,DISABLED,none,MODEL_ORIGIN_FRAME_NOT_ESTABLISHED,nan,nan,nan,nan,nan,nan,nan,nan,nan,nan,nan,nan,nan,NOT_EVALUATED,nan,nan,nan,nan,DISABLED,nan,nan,nan,nan,nan,nan
1791356357.8646631,1791356357.896097,1791356357.9005773,1791356357.9006317,front_rgbd_red_sphere,True,True,True,,25.7,25.7,1791356357.896097,1791356357.884026,1791356357.8646631,1791356357.8646631,1791356357.8646631,0.0,1791356356.8646817,1791356357.884677,1791356357.8855178,1791356357.884677,1791356357.8855178,1791356357.884677,1791356356.8606586,1791356357.884677,1791356356.8646817,1791356357.884677,1791356332.164663,GAZEBO_CLOCK_SYSTEM_INTERPOLATION,MAPPED_EXACT,0,25.7,1791356357.8646631,0.0037081241607666016,0.0,RGB,0.0,0,1,0,UNCALIBRATED,PREPARATION,MID,STRAIGHT,1.0,339,1.0,7.984476089477539,0.5170755386352539,nan,nan,False,0.0,0.0,0.0,0.0,0,0,0,0,0,0.0,0.0,0.0,0.0,0.0,0.0,0.0,0.0,0.0,0.0,0.0,0.0,0.0,0.0,6.940654227209546,-1.4495078402416635,3.6712540601422967,0.0,0.0,0.0,0.0,0.0,0.0,0.0,0.0,0.0,0.0,0.0,False,DISABLED,0,nan,nan,nan,nan,nan,nan,nan,nan,nan,nan,nan,nan,nan,nan,nan,nan,nan,nan,nan,nan,nan,nan,nan,nan,nan,nan,nan,nan,nan,nan,nan,nan,nan,nan,8.051362759194173,1.5621436746206692,0.06384108667152727,0.025550347992158155,0.025550347992158155,0.025550347992158155,8.028271638986727,1.5019551531490543,0.06624177135412113,0.023091120207446636,0.06018852147161491,-0.0024006846825938566,0.06446594410519246,0.06451062886314968,0.031433820724487305,False,DISABLED,none,MODEL_ORIGIN_FRAME_NOT_ESTABLISHED,nan,nan,nan,nan,nan,nan,nan,nan,nan,nan,nan,nan,nan,NOT_EVALUATED,nan,nan,nan,nan,DISABLED,nan,nan,nan,nan,nan,nan
1791356357.9166713,1791356357.9467142,1791356357.951164,1791356357.9511962,front_rgbd_red_sphere,True,True,True,,25.752,25.752,1791356357.9467142,1791356357.9347534,1791356357.9166713,1791356357.9166713,1791356357.9166713,0.0,1791356356.9046738,1791356357.9246752,1791356357.925518,1791356357.9246752,1791356357.925518,1791356357.9246752,1791356356.9006855,1791356357.9246752,1791356356.9046738,1791356357.9246752,1791356332.1646712,GAZEBO_CLOCK_SYSTEM_INTERPOLATION,MAPPED_EXACT,0,25.752,1791356357.9166713,0.0023164749145507812,0.0,RGB,0.0,0,1,0,UNCALIBRATED,PREPARATION,MID,STRAIGHT,1.0,341,1.0,8.003592491149902,0.5218228101730347,nan,nan,False,0.0,0.0,0.0,0.0,0,0,0,0,0,0.0,0.0,0.0,0.0,0.0,0.0,0.0,0.0,0.0,0.0,0.0,0.0,0.0,0.0,6.938410909189768,-1.5358783193666548,3.6819874332619387,0.0,0.0,0.0,0.0,0.0,0.0,0.0,0.0,0.0,0.0,0.0,False,DISABLED,0,nan,nan,nan,nan,nan,nan,nan,nan,nan,nan,nan,nan,nan,nan,nan,nan,nan,nan,nan,nan,nan,nan,nan,nan,nan,nan,nan,nan,nan,nan,nan,nan,nan,nan,8.05299189442869,1.6498215792770328,0.0532414029914115,0.025611498632165802,0.025611498632165802,0.025611498632165802,8.031824798751947,1.5933967964831386,0.0550485022630179,0.02116709567674313,0.05642478279389418,-0.0018070992716063966,0.06026443439315211,0.060291522293801594,0.03004288673400879,False,DISABLED,none,MODEL_ORIGIN_FRAME_NOT_ESTABLISHED,nan,nan,nan,nan,nan,nan,nan,nan,nan,nan,nan,nan,nan,NOT_EVALUATED,nan,nan,nan,nan,DISABLED,nan,nan,nan,nan,nan,nan
1791356357.9646764,1791356357.9961429,1791356358.0022748,1791356358.0023196,front_rgbd_red_sphere,True,True,True,,25.8,25.8,1791356357.9876823,1791356357.9961429,1791356357.9646764,1791356357.9646764,1791356357.9646764,0.0,1791356356.9846756,1791356357.9890838,1791356357.989518,1791356357.9890838,1791356357.989518,1791356357.9890838,1791356356.9806793,1791356357.9890838,1791356356.9846756,1791356357.9890838,1791356332.1646764,GAZEBO_CLOCK_SYSTEM_INTERPOLATION,MAPPED_EXACT,0,25.8,1791356357.9646764,0.003867626190185547,0.0,RGB,0.0,0,1,0,UNCALIBRATED,PREPARATION,MID,STRAIGHT,1.0,340,1.0,8.024818420410156,0.5268755555152893,nan,nan,False,0.0,0.0,0.0,0.0,0,0,0,0,0,0.0,0.0,0.0,0.0,0.0,0.0,0.0,0.0,0.0,0.0,0.0,0.0,0.0,0.0,6.936511892823776,-1.6252051417698579,3.6934030987503883,0.0,0.0,0.0,0.0,0.0,0.0,0.0,0.0,0.0,0.0,0.0,False,DISABLED,0,nan,nan,nan,nan,nan,nan,nan,nan,nan,nan,nan,nan,nan,nan,nan,nan,nan,nan,nan,nan,nan,nan,nan,nan,nan,nan,nan,nan,nan,nan,nan,nan,nan,nan,8.05527622545331,1.7405220994079602,0.042361278976798256,0.025679481491524218,0.025679481491524218,0.025679481491524218,8.035390763049339,1.6801472975997611,0.044395401776756285,0.019885462403971488,0.0603748018081991,-0.0020341227999580297,0.06356530742786574,0.06359784559216132,0.03146648406982422,False,DISABLED,none,MODEL_ORIGIN_FRAME_NOT_ESTABLISHED,nan,nan,nan,nan,nan,nan,nan,nan,nan,nan,nan,nan,nan,NOT_EVALUATED,nan,nan,nan,nan,DISABLED,nan,nan,nan,nan,nan,nan
1791356358.016679,1791356358.0567408,1791356358.0635388,1791356358.0635881,front_rgbd_red_sphere,True,True,True,,25.852,25.852,1791356358.0567408,1791356358.0435722,1791356358.016679,1791356358.016679,1791356358.016679,0.0,1791356357.0446653,1791356358.044682,1791356358.045521,1791356358.044682,1791356358.045521,1791356358.044682,1791356357.0446653,1791356358.044682,1791356357.0446653,1791356358.044682,1791356332.164679,GAZEBO_CLOCK_SYSTEM_INTERPOLATION,MAPPED_EXACT,0,25.852,1791356358.016679,0.0006959438323974609,0.0,RGB,0.0,0,1,0,UNCALIBRATED,PREPARATION,MID,STRAIGHT,1.0,343,1.0,8.047619819641113,0.5321983098983765,nan,nan,False,0.0,0.0,0.0,0.0,0,0,0,0,0,0.0,0.0,0.0,0.0,0.0,0.0,0.0,0.0,0.0,0.0,0.0,0.0,0.0,0.0,6.934583479664699,-1.7168954783247483,3.7051334318669378,0.0,0.0,0.0,0.0,0.0,0.0,0.0,0.0,0.0,0.0,0.0,False,DISABLED,0,nan,nan,nan,nan,nan,nan,nan,nan,nan,nan,nan,nan,nan,nan,nan,nan,nan,nan,nan,nan,nan,nan,nan,nan,nan,nan,nan,nan,nan,nan,nan,nan,nan,nan,8.057561037406543,1.8333391822707423,0.031038258129935714,0.025752611604646404,0.025752611604646404,0.025752611604646404,8.039587254832274,1.776769550910365,0.032564799120726136,0.017973782574269848,0.056569631360377404,-0.0015265409907904218,0.05935638173167331,0.05937600845183755,0.04006171226501465,False,DISABLED,none,MODEL_ORIGIN_FRAME_NOT_ESTABLISHED,nan,nan,nan,nan,nan,nan,nan,nan,nan,nan,nan,nan,nan,NOT_EVALUATED,nan,nan,nan,nan,DISABLED,nan,nan,nan,nan,nan,nan
1791356358.0646775,1791356358.0986168,1791356358.105374,1791356358.1054173,front_rgbd_red_sphere,True,True,True,,25.9,25.9,1791356358.0986168,1791356358.096413,1791356358.0646775,1791356358.0646775,1791356358.0646775,0.0,1791356357.0846777,1791356358.0846825,1791356358.085521,1791356358.0846825,1791356358.085521,1791356358.0846825,1791356357.0846777,1791356358.0846825,1791356357.0846777,1791356358.0846825,1791356332.1646774,GAZEBO_CLOCK_SYSTEM_INTERPOLATION,MAPPED_EXACT,0,25.9,1791356358.0646775,0.0023529529571533203,0.0,RGB,0.0,0,1,0,UNCALIBRATED,PREPARATION,MID,STRAIGHT,1.0,344,1.0,8.072386741638184,0.5377861857414246,nan,nan,False,0.0,0.0,0.0,0.0,0,0,0,0,0,0.0,0.0,0.0,0.0,0.0,0.0,0.0,0.0,0.0,0.0,0.0,0.0,0.0,0.0,6.932927125040285,-1.8110747943760592,3.717251017898335,0.0,0.0,0.0,0.0,0.0,0.0,0.0,0.0,0.0,0.0,0.0,False,DISABLED,0,nan,nan,nan,nan,nan,nan,nan,nan,nan,nan,nan,nan,nan,nan,nan,nan,nan,nan,nan,nan,nan,nan,nan,nan,nan,nan,nan,nan,nan,nan,nan,nan,nan,nan,8.060014971044689,1.9284191564288118,0.019354060238666038,0.025832161130288547,0.025832161130288547,0.025832161130288547,8.043782064137098,1.8683249457255935,0.021452686033869277,0.01623290690759127,0.0600942107032183,-0.00209862579520324,0.06224806363826365,0.06228343003513546,0.033939361572265625,False,DISABLED,none,MODEL_ORIGIN_FRAME_NOT_ESTABLISHED,nan,nan,nan,nan,nan,nan,nan,nan,nan,nan,nan,nan,nan,NOT_EVALUATED,nan,nan,nan,nan,DISABLED,nan,nan,nan,nan,nan,nan
1791356358.1166742,1791356358.136922,1791356358.1404858,1791356358.1405113,front_rgbd_red_sphere,True,True,True,,25.952,25.952,1791356358.136922,1791356358.1351933,1791356358.1166742,1791356358.1166742,1791356358.1166742,0.0,1791356357.1046727,1791356358.1246736,1791356358.125521,1791356358.1246736,1791356358.125521,1791356358.1246736,1791356357.1006737,1791356358.1246736,1791356357.1046727,1791356358.1246736,1791356332.1646743,GAZEBO_CLOCK_SYSTEM_INTERPOLATION,MAPPED_EXACT,0,25.952,1791356358.1166742,0.0006566047668457031,0.0,RGB,0.0,0,1,0,UNCALIBRATED,PREPARATION,MID,STRAIGHT,1.0,346,1.0,8.099115371704102,0.54364413022995,nan,nan,False,0.0,0.0,0.0,0.0,0,0,0,0,0,0.0,0.0,0.0,0.0,0.0,0.0,0.0,0.0,0.0,0.0,0.0,0.0,0.0,0.0,6.931461235389691,-1.9078334633176381,3.7297037958043653,0.0,0.0,0.0,0.0,0.0,0.0,0.0,0.0,0.0,0.0,0.0,False,DISABLED,0,nan,nan,nan,nan,nan,nan,nan,nan,nan,nan,nan,nan,nan,nan,nan,nan,nan,nan,nan,nan,nan,nan,nan,nan,nan,nan,nan,nan,nan,nan,nan,nan,nan,nan,8.062557876465535,2.026097336781854,0.007204173607863074,0.025918152366616837,0.025918152366616837,0.025918152366616837,8.048696435570479,1.9701246312790535,0.009274998042097339,0.013861440895055921,0.055972705502800535,-0.0020708244342342655,0.05766353531470617,0.05770070726453696,0.020247697830200195,False,DISABLED,none,MODEL_ORIGIN_FRAME_NOT_ESTABLISHED,nan,nan,nan,nan,nan,nan,nan,nan,nan,nan,nan,nan,nan,NOT_EVALUATED,nan,nan,nan,nan,DISABLED,nan,nan,nan,nan,nan,nan
1791356358.1646783,1791356358.191982,1791356358.1978753,1791356358.1979368,front_rgbd_red_sphere,True,True,True,,26.0,26.0,1791356358.191982,1791356358.190872,1791356358.1646783,1791356358.1646783,1791356358.1646783,0.0,1791356357.1646795,1791356358.1806743,1791356358.181521,1791356358.1806743,1791356358.185521,1791356358.1846733,1791356357.1646795,1791356358.1806743,1791356357.1646795,1791356358.1846733,1791356332.1646783,GAZEBO_CLOCK_SYSTEM_INTERPOLATION,MAPPED_EXACT,0,26.0,1791356358.1646783,0.003619670867919922,0.0,RGB,0.0,0,1,0,UNCALIBRATED,PREPARATION,MID,STRAIGHT,1.0,346,1.0,8.127849578857422,0.5497370362281799,nan,nan,False,0.0,0.0,0.0,0.0,0,0,0,0,0,0.0,0.0,0.0,0.0,0.0,0.0,0.0,0.0,0.0,0.0,0.0,0.0,0.0,0.0,6.93030753228529,-2.006819174744944,3.7423850706731594,0.0,0.0,0.0,0.0,0.0,0.0,0.0,0.0,0.0,0.0,0.0,False,DISABLED,0,nan,nan,nan,nan,nan,nan,nan,nan,nan,nan,nan,nan,nan,nan,nan,nan,nan,nan,nan,nan,nan,nan,nan,nan,nan,nan,nan,nan,nan,nan,nan,nan,nan,nan,8.065428317065216,2.1258225601516165,-0.005088937998548815,0.026010751801509406,0.026010751801509406,0.026010751801509406,8.053592551398111,2.0665068840368583,-0.0020254365344717917,0.011835765667104425,0.05931567611475819,-0.003063501464077023,0.06048499633692229,0.060562528209264055,0.027303695678710938,False,DISABLED,none,MODEL_ORIGIN_FRAME_NOT_ESTABLISHED,nan,nan,nan,nan,nan,nan,nan,nan,nan,nan,nan,nan,nan,NOT_EVALUATED,nan,nan,nan,nan,DISABLED,nan,nan,nan,nan,nan,nan
1791356358.2166862,1791356358.2458887,1791356358.2517128,1791356358.2517579,front_rgbd_red_sphere,True,True,True,,26.052,26.052,1791356358.2458887,1791356358.2442586,1791356358.2166862,1791356358.2166862,1791356358.2166862,0.0,1791356357.2206714,1791356358.220673,1791356358.221521,1791356358.220673,1791356358.2255208,1791356358.224668,1791356357.2206714,1791356358.220673,1791356357.2046785,1791356358.224668,1791356332.1646862,GAZEBO_CLOCK_SYSTEM_INTERPOLATION,MAPPED_EXACT,0,26.052,1791356358.2166862,0.0015692710876464844,0.0,RGB,0.0,0,1,0,UNCALIBRATED,PREPARATION,MID,STRAIGHT,1.0,350,1.0,8.158690452575684,0.5560911297798157,nan,nan,False,0.0,0.0,0.0,0.0,0,0,0,0,0,0.0,0.0,0.0,0.0,0.0,0.0,0.0,0.0,0.0,0.0,0.0,0.0,0.0,0.0,6.9293797233779655,-2.1085427115871407,3.7552602505688344,0.0,0.0,0.0,0.0,0.0,0.0,0.0,0.0,0.0,0.0,0.0,False,DISABLED,0,nan,nan,nan,nan,nan,nan,nan,nan,nan,nan,nan,nan,nan,nan,nan,nan,nan,nan,nan,nan,nan,nan,nan,nan,nan,nan,nan,nan,nan,nan,nan,nan,nan,nan,8.068609606156937,2.227969459209213,-0.01757271925171111,0.02611032877695943,0.02611032877695943,0.02611032877695943,8.059303458946225,2.173469633265967,-0.01424891603898062,0.009306147210711657,0.054499825943246094,-0.0033238032127304914,0.05528865528977492,0.05538847417602794,0.02920246124267578,False,DISABLED,none,MODEL_ORIGIN_FRAME_NOT_ESTABLISHED,nan,nan,nan,nan,nan,nan,nan,nan,nan,nan,nan,nan,nan,NOT_EVALUATED,nan,nan,nan,nan,DISABLED,nan,nan,nan,nan,nan,nan
1791356358.2646673,1791356358.2935793,1791356358.2986856,1791356358.2987173,front_rgbd_red_sphere,True,True,True,,26.1,26.1,1791356358.2838113,1791356358.2935793,1791356358.2646673,1791356358.2646673,1791356358.2646673,0.0,1791356357.2846763,1791356358.284678,1791356358.285521,1791356358.284678,1791356358.285521,1791356358.284678,1791356357.2846763,1791356358.284678,1791356357.2846763,1791356358.284678,1791356332.1646674,GAZEBO_CLOCK_SYSTEM_INTERPOLATION,MAPPED_EXACT,0,26.1,1791356358.2646673,0.0013756752014160156,0.0,RGB,0.0,0,1,0,UNCALIBRATED,PREPARATION,MID,STRAIGHT,1.0,348,1.0,8.191829681396484,0.5626527070999146,nan,nan,False,0.0,0.0,0.0,0.0,0,0,0,0,0,0.0,0.0,0.0,0.0,0.0,0.0,0.0,0.0,0.0,0.0,0.0,0.0,0.0,0.0,6.929002516923658,-2.2125104176064947,3.7682624726050418,0.0,0.0,0.0,0.0,0.0,0.0,0.0,0.0,0.0,0.0,0.0,False,DISABLED,0,nan,nan,nan,nan,nan,nan,nan,nan,nan,nan,nan,nan,nan,nan,nan,nan,nan,nan,nan,nan,nan,nan,nan,nan,nan,nan,nan,nan,nan,nan,nan,nan,nan,nan,8.072270566667274,2.3324491531950047,-0.02989656927664358,0.02621753617950021,0.02621753617950021,0.02621753617950021,8.064967185140446,2.2745151694323726,-0.025441366001662635,0.00730338152682819,0.057933983762632035,-0.004455203274980946,0.05839251541366691,0.05856222923144856,0.028912067413330078,False,DISABLED,none,MODEL_ORIGIN_FRAME_NOT_ESTABLISHED,nan,nan,nan,nan,nan,nan,nan,nan,nan,nan,nan,nan,nan,NOT_EVALUATED,nan,nan,nan,nan,DISABLED,nan,nan,nan,nan,nan,nan
1791356358.316666,1791356358.3340526,1791356358.3391926,1791356358.3392189,front_rgbd_red_sphere,True,True,True,,26.152,26.152,1791356358.3340526,1791356358.332911,1791356358.316666,1791356358.316666,1791356358.316666,0.0,1791356357.3246777,1791356358.3246918,1791356358.325521,1791356358.3246918,1791356358.325521,1791356358.3246918,1791356357.3246777,1791356358.3246918,1791356357.3246777,1791356358.3246918,1791356332.164666,GAZEBO_CLOCK_SYSTEM_INTERPOLATION,MAPPED_EXACT,0,26.152,1791356358.316666,0.0017786026000976562,0.0,RGB,0.0,0,1,0,UNCALIBRATED,PREPARATION,MID,STRAIGHT,1.0,354,1.0,8.22730541229248,0.5694653391838074,nan,nan,False,0.0,0.0,0.0,0.0,0,0,0,0,0,0.0,0.0,0.0,0.0,0.0,0.0,0.0,0.0,0.0,0.0,0.0,0.0,0.0,0.0,6.9289489265010165,-2.3193037367562104,3.7814081070564223,0.0,0.0,0.0,0.0,0.0,0.0,0.0,0.0,0.0,0.0,0.0,False,DISABLED,0,nan,nan,nan,nan,nan,nan,nan,nan,nan,nan,nan,nan,nan,nan,nan,nan,nan,nan,nan,nan,nan,nan,nan,nan,nan,nan,nan,nan,nan,nan,nan,nan,nan,nan,8.076236012635022,2.439512954932726,-0.04233859956398761,0.026332543300376935,0.026332543300376935,0.026332543300376935,8.071557497120384,2.3866325402351674,-0.03741001648495021,0.0046785155146373825,0.05288041469755855,-0.004928583079037402,0.05308697359999409,0.05331526701774496,0.017386674880981445,False,DISABLED,none,MODEL_ORIGIN_FRAME_NOT_ESTABLISHED,nan,nan,nan,nan,nan,nan,nan,nan,nan,nan,nan,nan,nan,NOT_EVALUATED,nan,nan,nan,nan,DISABLED,nan,nan,nan,nan,nan,nan
1791356358.3646808,1791356358.3922772,1791356358.398269,1791356358.398326,front_rgbd_red_sphere,True,True,True,,26.2,26.2,1791356358.3922772,1791356358.381343,1791356358.3646808,1791356358.3646808,1791356358.3646808,0.0,1791356357.3646755,1791356358.380665,1791356358.381521,1791356358.380665,1791356358.385521,1791356358.384677,1791356357.3646755,1791356358.380665,1791356357.3646755,1791356358.384677,1791356332.1646807,GAZEBO_CLOCK_SYSTEM_INTERPOLATION,MAPPED_EXACT,0,26.2,1791356358.3646808,0.0039196014404296875,0.0,RGB,0.0,0,1,0,UNCALIBRATED,PREPARATION,MID,STRAIGHT,1.0,354,1.0,8.265180587768555,0.5764622688293457,nan,nan,False,0.0,0.0,0.0,0.0,0,0,0,0,0,0.0,0.0,0.0,0.0,0.0,0.0,0.0,0.0,0.0,0.0,0.0,0.0,0.0,0.0,6.929495768618611,-2.42818940779981,3.7946269551556377,0.0,0.0,0.0,0.0,0.0,0.0,0.0,0.0,0.0,0.0,0.0,False,DISABLED,0,nan,nan,nan,nan,nan,nan,nan,nan,nan,nan,nan,nan,nan,nan,nan,nan,nan,nan,nan,nan,nan,nan,nan,nan,nan,nan,nan,nan,nan,nan,nan,nan,nan,nan,8.080825091782046,2.548529036795109,-0.05474548259124645,0.026455609756084183,0.026455609756084183,0.026455609756084183,8.078080498199421,2.4925582535700865,-0.048243334622370314,0.002744593582624688,0.05597078322502247,-0.006502147968876139,0.056038035018692804,0.056413999122251576,0.027596473693847656,False,DISABLED,none,MODEL_ORIGIN_FRAME_NOT_ESTABLISHED,nan,nan,nan,nan,nan,nan,nan,nan,nan,nan,nan,nan,nan,NOT_EVALUATED,nan,nan,nan,nan,DISABLED,nan,nan,nan,nan,nan,nan
1791356358.4166734,1791356358.4436405,1791356358.4485664,1791356358.448598,front_rgbd_red_sphere,True,True,True,,26.252,26.252,1791356358.4436405,1791356358.4309814,1791356358.4166734,1791356358.4166734,1791356358.4166734,0.0,1791356357.4246655,1791356358.4206781,1791356358.421521,1791356358.4206781,1791356358.425521,1791356358.4246812,1791356357.4206727,1791356358.4206781,1791356357.4246655,1791356358.4246812,1791356332.1646733,GAZEBO_CLOCK_SYSTEM_INTERPOLATION,MAPPED_EXACT,0,26.252,1791356358.4166734,0.0034689903259277344,0.0,RGB,0.0,0,1,0,UNCALIBRATED,PREPARATION,MID,STRAIGHT,1.0,356,1.0,8.305342674255371,0.5836694836616516,nan,nan,False,0.0,0.0,0.0,0.0,0,0,0,0,0,0.0,0.0,0.0,0.0,0.0,0.0,0.0,0.0,0.0,0.0,0.0,0.0,0.0,0.0,6.930360444670204,-2.5397633675852394,3.8076794703061028,0.0,0.0,0.0,0.0,0.0,0.0,0.0,0.0,0.0,0.0,0.0,False,DISABLED,0,nan,nan,nan,nan,nan,nan,nan,nan,nan,nan,nan,nan,nan,nan,nan,nan,nan,nan,nan,nan,nan,nan,nan,nan,nan,nan,nan,nan,nan,nan,nan,nan,nan,nan,8.0854792331157,2.6603758769445114,-0.06639090088491573,0.026586419946606137,0.026586419946606137,0.026586419946606137,8.085636435278264,2.609787917355584,-0.05965834711632845,-0.00015720216256376318,0.05058795958892759,-0.006732553768587279,0.05058820384131943,0.051034239958461264,0.02696704864501953,False,DISABLED,none,MODEL_ORIGIN_FRAME_NOT_ESTABLISHED,nan,nan,nan,nan,nan,nan,nan,nan,nan,nan,nan,nan,nan,NOT_EVALUATED,nan,nan,nan,nan,DISABLED,nan,nan,nan,nan,nan,nan
1791356358.4646716,1791356358.4916813,1791356358.4977424,1791356358.4977882,front_rgbd_red_sphere,True,True,True,,26.3,26.3,1791356358.4835188,1791356358.4916813,1791356358.4646716,1791356358.4646716,1791356358.4646716,0.0,1791356357.4646919,1791356358.484673,1791356358.4855208,1791356358.484673,1791356358.4855208,1791356358.484673,1791356357.460673,1791356358.484673,1791356357.4646919,1791356358.484673,1791356332.1646717,GAZEBO_CLOCK_SYSTEM_INTERPOLATION,MAPPED_EXACT,0,26.3,1791356358.4646716,0.003312349319458008,0.0,RGB,0.0,0,1,0,UNCALIBRATED,PREPARATION,MID,STRAIGHT,1.0,355,1.0,8.348355293273926,0.5910556316375732,nan,nan,False,0.0,0.0,0.0,0.0,0,0,0,0,0,0.0,0.0,0.0,0.0,0.0,0.0,0.0,0.0,0.0,0.0,0.0,0.0,0.0,0.0,6.932081255801805,-2.653764442666096,3.8208404610273226,0.0,0.0,0.0,0.0,0.0,0.0,0.0,0.0,0.0,0.0,0.0,False,DISABLED,0,nan,nan,nan,nan,nan,nan,nan,nan,nan,nan,nan,nan,nan,nan,nan,nan,nan,nan,nan,nan,nan,nan,nan,nan,nan,nan,nan,nan,nan,nan,nan,nan,nan,nan,8.090943195552201,2.7743508829768864,-0.07775670243781235,0.026726872467266637,0.026726872467266637,0.026726872467266637,8.093088251030148,2.7203591097233937,-0.06984286058269296,-0.0021450554779463005,0.05399177325349269,-0.007913841855119397,0.054034367231050616,0.05461082067656442,0.02700972557067871,False,DISABLED,none,MODEL_ORIGIN_FRAME_NOT_ESTABLISHED,nan,nan,nan,nan,nan,nan,nan,nan,nan,nan,nan,nan,nan,NOT_EVALUATED,nan,nan,nan,nan,DISABLED,nan,nan,nan,nan,nan,nan
1791356358.516678,1791356358.5316916,1791356358.5356808,1791356358.5357106,front_rgbd_red_sphere,True,True,True,,26.352,26.352,1791356358.5316916,1791356358.5298674,1791356358.516678,1791356358.516678,1791356358.516678,0.0,1791356357.5246756,1791356358.5246813,1791356358.5255208,1791356358.5246813,1791356358.5255208,1791356358.5246813,1791356357.5246756,1791356358.5246813,1791356357.5246756,1791356358.5246813,1791356332.164678,GAZEBO_CLOCK_SYSTEM_INTERPOLATION,MAPPED_EXACT,0,26.352,1791356358.516678,0.003245115280151367,0.0,RGB,0.0,0,1,0,UNCALIBRATED,PREPARATION,MID,STRAIGHT,1.0,359,1.0,8.393823623657227,0.5986249446868896,nan,nan,False,0.0,0.0,0.0,0.0,0,0,0,0,0,0.0,0.0,0.0,0.0,0.0,0.0,0.0,0.0,0.0,0.0,0.0,0.0,0.0,0.0,6.934232241531336,-2.770355038770108,3.833775299339782,0.0,0.0,0.0,0.0,0.0,0.0,0.0,0.0,0.0,0.0,0.0,False,DISABLED,0,nan,nan,nan,nan,nan,nan,nan,nan,nan,nan,nan,nan,nan,nan,nan,nan,nan,nan,nan,nan,nan,nan,nan,nan,nan,nan,nan,nan,nan,nan,nan,nan,nan,nan,8.096519154334198,2.890915207166025,-0.08842141202979764,0.026875745659938746,0.026875745659938746,0.026875745659938746,8.101704132516913,2.842725279144501,-0.08042778955417014,-0.0051849781827151276,0.04818992802152389,-0.007993622475627502,0.04846806331467026,0.04912281711951934,0.015013456344604492,False,DISABLED,none,MODEL_ORIGIN_FRAME_NOT_ESTABLISHED,nan,nan,nan,nan,nan,nan,nan,nan,nan,nan,nan,nan,nan,NOT_EVALUATED,nan,nan,nan,nan,DISABLED,nan,nan,nan,nan,nan,nan
1791356358.5646775,1791356358.5899653,1791356358.5938926,1791356358.5939138,front_rgbd_red_sphere,True,True,True,,26.4,26.4,1791356358.5818086,1791356358.5899653,1791356358.5646775,1791356358.5646775,1791356358.5646775,0.0,1791356357.580672,1791356358.5806782,1791356358.581521,1791356358.5806782,1791356358.585521,1791356358.5846753,1791356357.580672,1791356358.5806782,1791356357.5646744,1791356358.5846753,1791356332.1646774,GAZEBO_CLOCK_SYSTEM_INTERPOLATION,MAPPED_EXACT,0,26.4,1791356358.5646775,0.002164125442504883,0.0,RGB,0.0,0,1,0,UNCALIBRATED,PREPARATION,MID,STRAIGHT,1.0,359,1.0,8.441967010498047,0.60634446144104,nan,nan,False,0.0,0.0,0.0,0.0,0,0,0,0,0,0.0,0.0,0.0,0.0,0.0,0.0,0.0,0.0,0.0,0.0,0.0,0.0,0.0,0.0,6.937073769829682,-2.8892790514913,3.846540969617886,0.0,0.0,0.0,0.0,0.0,0.0,0.0,0.0,0.0,0.0,0.0,False,DISABLED,0,nan,nan,nan,nan,nan,nan,nan,nan,nan,nan,nan,nan,nan,nan,nan,nan,nan,nan,nan,nan,nan,nan,nan,nan,nan,nan,nan,nan,nan,nan,nan,nan,nan,nan,8.10261445166933,3.0098088177390916,-0.09861518048694634,0.027033827206550766,0.027033827206550766,0.027033827206550766,8.110184183582723,2.958107414075598,-0.0897294974804968,-0.007569731913392275,0.05170140366349374,-0.00888568300644954,0.052252616987249104,0.053002748461822805,0.025287866592407227,False,DISABLED,none,MODEL_ORIGIN_FRAME_NOT_ESTABLISHED,nan,nan,nan,nan,nan,nan,nan,nan,nan,nan,nan,nan,nan,NOT_EVALUATED,nan,nan,nan,nan,DISABLED,nan,nan,nan,nan,nan,nan
1791356358.6166997,1791356358.6417105,1791356358.6483748,1791356358.648406,front_rgbd_red_sphere,True,True,True,,26.452,26.452,1791356358.6417105,1791356358.629932,1791356358.6166997,1791356358.6166997,1791356358.6166997,0.0,1791356357.624675,1791356358.6206768,1791356358.621521,1791356358.6206768,1791356358.625521,1791356358.6246772,1791356357.604676,1791356358.6206768,1791356357.624675,1791356358.6246772,1791356332.1646998,GAZEBO_CLOCK_SYSTEM_INTERPOLATION,MAPPED_EXACT,0,26.452,1791356358.6166997,0.0014400482177734375,0.0,RGB,0.0,0,1,0,UNCALIBRATED,PREPARATION,MID,STRAIGHT,1.0,361,1.0,8.49310302734375,0.6142041683197021,nan,nan,False,0.0,0.0,0.0,0.0,0,0,0,0,0,0.0,0.0,0.0,0.0,0.0,0.0,0.0,0.0,0.0,0.0,0.0,0.0,0.0,0.0,6.94083847223627,-3.010699384840119,3.859177376422075,0.0,0.0,0.0,0.0,0.0,0.0,0.0,0.0,0.0,0.0,0.0,False,DISABLED,0,nan,nan,nan,nan,nan,nan,nan,nan,nan,nan,nan,nan,nan,nan,nan,nan,nan,nan,nan,nan,nan,nan,nan,nan,nan,nan,nan,nan,nan,nan,nan,nan,nan,nan,8.109225869101227,3.1313101088081083,-0.10810097047470107,0.02720224483894325,0.02720224483894325,0.02720224483894325,8.119963048020614,3.085660898936367,-0.09922758919197014,-0.010737178919386636,0.04564920987174137,-0.008873381282730936,0.04689496106258337,0.04772708108034609,0.02501082420349121,False,DISABLED,none,MODEL_ORIGIN_FRAME_NOT_ESTABLISHED,nan,nan,nan,nan,nan,nan,nan,nan,nan,nan,nan,nan,nan,NOT_EVALUATED,nan,nan,nan,nan,DISABLED,nan,nan,nan,nan,nan,nan
1791356358.6646755,1791356358.6908424,1791356358.6964786,1791356358.6965055,front_rgbd_red_sphere,True,True,True,,26.5,26.5,1791356358.6824358,1791356358.6908424,1791356358.6646755,1791356358.6646755,1791356358.6646755,0.0,1791356357.6646733,1791356358.6846712,1791356358.685521,1791356358.6846712,1791356358.685521,1791356358.6846712,1791356357.6606748,1791356358.6846712,1791356357.6646733,1791356358.6846712,1791356332.1646755,GAZEBO_CLOCK_SYSTEM_INTERPOLATION,MAPPED_EXACT,0,26.5,1791356358.6646755,0.003010272979736328,0.0,RGB,0.0,0,1,0,UNCALIBRATED,PREPARATION,MID,STRAIGHT,1.0,363,1.0,8.547016143798828,0.6222115159034729,nan,nan,False,0.0,0.0,0.0,0.0,0,0,0,0,0,0.0,0.0,0.0,0.0,0.0,0.0,0.0,0.0,0.0,0.0,0.0,0.0,0.0,0.0,6.945232522200349,-3.1346885484160643,3.871557525908798,0.0,0.0,0.0,0.0,0.0,0.0,0.0,0.0,0.0,0.0,0.0,False,DISABLED,0,nan,nan,nan,nan,nan,nan,nan,nan,nan,nan,nan,nan,nan,nan,nan,nan,nan,nan,nan,nan,nan,nan,nan,nan,nan,nan,nan,nan,nan,nan,nan,nan,nan,nan,8.116213341839762,3.255182422656056,-0.11697716998751079,0.027380374287025413,0.027380374287025413,0.027380374287025413,8.129548854710553,3.205637901879031,-0.10740153101495746,-0.013335512870790822,0.04954452077702509,-0.009575638972553327,0.05130784971670611,0.052193757330592526,0.026166915893554688,False,DISABLED,none,MODEL_ORIGIN_FRAME_NOT_ESTABLISHED,nan,nan,nan,nan,nan,nan,nan,nan,nan,nan,nan,nan,nan,NOT_EVALUATED,nan,nan,nan,nan,DISABLED,nan,nan,nan,nan,nan,nan
1791356358.7167094,1791356358.7315097,1791356358.7357469,1791356358.735781,front_rgbd_red_sphere,True,True,True,,26.552,26.552,1791356358.7315097,1791356358.730792,1791356358.7167094,1791356358.7167094,1791356358.7167094,0.0,1791356357.7046747,1791356358.7246766,1791356358.7255208,1791356358.7246766,1791356358.7255208,1791356358.7246766,1791356357.7006767,1791356358.7246766,1791356357.7046747,1791356358.7246766,1791356332.1647093,GAZEBO_CLOCK_SYSTEM_INTERPOLATION,MAPPED_EXACT,0,26.552,1791356358.7167094,0.003055095672607422,0.0,RGB,0.0,0,1,0,UNCALIBRATED,PREPARATION,MID,STRAIGHT,1.0,364,1.0,8.60384750366211,0.6303213834762573,nan,nan,False,0.0,0.0,0.0,0.0,0,0,0,0,0,0.0,0.0,0.0,0.0,0.0,0.0,0.0,0.0,0.0,0.0,0.0,0.0,0.0,0.0,6.950515944990001,-3.260947531106889,3.883650280580102,0.0,0.0,0.0,0.0,0.0,0.0,0.0,0.0,0.0,0.0,0.0,False,DISABLED,0,nan,nan,nan,nan,nan,nan,nan,nan,nan,nan,nan,nan,nan,nan,nan,nan,nan,nan,nan,nan,nan,nan,nan,nan,nan,nan,nan,nan,nan,nan,nan,nan,nan,nan,8.123599993124792,3.3811139925725633,-0.12497133721481718,0.02756877487170666,0.02756877487170666,0.02756877487170666,8.140598117816708,3.338411152296519,-0.11558089438749637,-0.016998124691916416,0.042702840276044096,-0.009390442827320808,0.04596160148083694,0.04691107787267793,0.014800310134887695,False,DISABLED,none,MODEL_ORIGIN_FRAME_NOT_ESTABLISHED,nan,nan,nan,nan,nan,nan,nan,nan,nan,nan,nan,nan,nan,NOT_EVALUATED,nan,nan,nan,nan,DISABLED,nan,nan,nan,nan,nan,nan
1791356358.7646751,1791356358.7842128,1791356358.7900274,1791356358.7900624,front_rgbd_red_sphere,True,True,True,,26.6,26.6,1791356358.7842128,1791356358.7825823,1791356358.7646751,1791356358.7646751,1791356358.7646751,0.0,1791356357.764675,1791356358.7646751,1791356358.7655208,1791356358.7646751,1791356358.7655208,1791356358.7646751,1791356357.764675,1791356358.7646751,1791356357.764675,1791356358.7646751,1791356332.1646752,GAZEBO_CLOCK_SYSTEM_INTERPOLATION,MAPPED_EXACT,0,26.6,1791356358.7646751,0.003954648971557617,0.0,RGB,0.0,0,1,0,UNCALIBRATED,PREPARATION,MID,STRAIGHT,1.0,367,1.0,8.663753509521484,0.6385470628738403,nan,nan,False,0.0,0.0,0.0,0.0,0,0,0,0,0,0.0,0.0,0.0,0.0,0.0,0.0,0.0,0.0,0.0,0.0,0.0,0.0,0.0,0.0,6.956670214975107,-3.3898298058407335,3.8954362865098195,0.0,0.0,0.0,0.0,0.0,0.0,0.0,0.0,0.0,0.0,0.0,False,DISABLED,0,nan,nan,nan,nan,nan,nan,nan,nan,nan,nan,nan,nan,nan,nan,nan,nan,nan,nan,nan,nan,nan,nan,nan,nan,nan,nan,nan,nan,nan,nan,nan,nan,nan,nan,8.131511406598998,3.5096856815128525,-0.13203185491824326,0.027768069176051326,0.027768069176051326,0.027768069176051326,8.151398740696935,3.4631186615659892,-0.12243685361611441,-0.019887334097937526,0.0465670199468633,-0.009595001302128855,0.05063589047557624,0.05153695231814166,0.019537687301635742,False,DISABLED,none,MODEL_ORIGIN_FRAME_NOT_ESTABLISHED,nan,nan,nan,nan,nan,nan,nan,nan,nan,nan,nan,nan,nan,NOT_EVALUATED,nan,nan,nan,nan,DISABLED,nan,nan,nan,nan,nan,nan
1791356358.8166704,1791356358.8332837,1791356358.8391953,1791356358.8392377,front_rgbd_red_sphere,True,True,True,,26.652,26.652,1791356358.8332837,1791356358.8322196,1791356358.8166704,1791356358.8166704,1791356358.8166704,0.0,1791356357.824666,1791356358.8207045,1791356358.8215208,1791356358.8207045,1791356358.825521,1791356358.8246784,1791356357.8206775,1791356358.8207045,1791356357.824666,1791356358.8246784,1791356332.1646705,GAZEBO_CLOCK_SYSTEM_INTERPOLATION,MAPPED_EXACT,0,26.652,1791356358.8166704,0.0011878013610839844,0.0,RGB,0.0,0,1,0,UNCALIBRATED,PREPARATION,MID,STRAIGHT,1.0,369,1.0,8.726655960083008,0.6468597054481506,nan,nan,False,0.0,0.0,0.0,0.0,0,0,0,0,0,0.0,0.0,0.0,0.0,0.0,0.0,0.0,0.0,0.0,0.0,0.0,0.0,0.0,0.0,6.963699904377282,-3.521072727786613,3.9068475105340483,0.0,0.0,0.0,0.0,0.0,0.0,0.0,0.0,0.0,0.0,0.0,False,DISABLED,0,nan,nan,nan,nan,nan,nan,nan,nan,nan,nan,nan,nan,nan,nan,nan,nan,nan,nan,nan,nan,nan,nan,nan,nan,nan,nan,nan,nan,nan,nan,nan,nan,nan,nan,8.140009646934017,3.640366565464001,-0.13821248502043532,0.027978102485403403,0.027978102485403403,0.027978102485403403,8.163807313286432,3.600861673045994,-0.12908227608985817,-0.023797666352415092,0.03950489241800703,-0.009130208930577144,0.04611903564450561,0.04701410600974105,0.016613245010375977,False,DISABLED,none,MODEL_ORIGIN_FRAME_NOT_ESTABLISHED,nan,nan,nan,nan,nan,nan,nan,nan,nan,nan,nan,nan,nan,NOT_EVALUATED,nan,nan,nan,nan,DISABLED,nan,nan,nan,nan,nan,nan
1791356358.8646722,1791356358.8819199,1791356358.8959012,1791356358.8959455,front_rgbd_red_sphere,True,True,True,,26.7,26.7,1791356358.8819199,1791356358.8804228,1791356358.8646722,1791356358.8646722,1791356358.8646722,0.0,1791356357.8646631,1791356358.8846684,1791356358.885521,1791356358.8846684,1791356358.885521,1791356358.8846684,1791356357.8606653,1791356358.8846684,1791356357.8646631,1791356358.8846684,1791356332.1646721,GAZEBO_CLOCK_SYSTEM_INTERPOLATION,MAPPED_EXACT,0,26.7,1791356358.8646722,0.0022623538970947266,0.0,RGB,0.0,0,1,0,UNCALIBRATED,PREPARATION,MID,STRAIGHT,1.0,370,1.0,8.792813301086426,0.6552472710609436,nan,nan,False,0.0,0.0,0.0,0.0,0,0,0,0,0,0.0,0.0,0.0,0.0,0.0,0.0,0.0,0.0,0.0,0.0,0.0,0.0,0.0,0.0,6.971798157561658,-3.6547371338380206,3.9179715361804943,0.0,0.0,0.0,0.0,0.0,0.0,0.0,0.0,0.0,0.0,0.0,False,DISABLED,0,nan,nan,nan,nan,nan,nan,nan,nan,nan,nan,nan,nan,nan,nan,nan,nan,nan,nan,nan,nan,nan,nan,nan,nan,nan,nan,nan,nan,nan,nan,nan,nan,nan,nan,8.149520673939122,3.7733936441415663,-0.14389867175064736,0.02819985943743547,0.02819985943743547,0.02819985943743547,8.175931317351537,3.730344378126213,-0.13445379095974888,-0.02641064341241517,0.043049266015353194,-0.009444880790898474,0.05050506301271579,0.05138061076975122,0.017247676849365234,False,DISABLED,none,MODEL_ORIGIN_FRAME_NOT_ESTABLISHED,nan,nan,nan,nan,nan,nan,nan,nan,nan,nan,nan,nan,nan,NOT_EVALUATED,nan,nan,nan,nan,DISABLED,nan,nan,nan,nan,nan,nan
1791356358.916675,1791356358.9349918,1791356358.9390154,1791356358.9390426,front_rgbd_red_sphere,True,True,True,,26.752,26.752,1791356358.9349918,1791356358.9329247,1791356358.916675,1791356358.916675,1791356358.916675,0.0,1791356357.9246752,1791356358.9246879,1791356358.925521,1791356358.9246879,1791356358.925521,1791356358.9246879,1791356357.9246752,1791356358.9246879,1791356357.9246752,1791356358.9246879,1791356332.164675,GAZEBO_CLOCK_SYSTEM_INTERPOLATION,MAPPED_EXACT,0,26.752,1791356358.916675,0.002597808837890625,0.0,RGB,0.0,0,1,0,UNCALIBRATED,PREPARATION,MID,STRAIGHT,1.0,370,1.0,8.862122535705566,0.6637012362480164,nan,nan,False,0.0,0.0,0.0,0.0,0,0,0,0,0,0.0,0.0,0.0,0.0,0.0,0.0,0.0,0.0,0.0,0.0,0.0,0.0,0.0,0.0,6.980849180246688,-3.790891808680117,3.9286251370198064,0.0,0.0,0.0,0.0,0.0,0.0,0.0,0.0,0.0,0.0,0.0,False,DISABLED,0,nan,nan,nan,nan,nan,nan,nan,nan,nan,nan,nan,nan,nan,nan,nan,nan,nan,nan,nan,nan,nan,nan,nan,nan,nan,nan,nan,nan,nan,nan,nan,nan,nan,nan,8.159882348979783,3.908523893550701,-0.14884763484030722,0.028433116805970257,0.028433116805970257,0.028433116805970257,8.189828434235396,3.8732106701026376,-0.13941121670478512,-0.029946085255613042,0.035313223448063535,-0.009436418135522096,0.04630109904126801,0.04725291271083423,0.01831674575805664,False,DISABLED,none,MODEL_ORIGIN_FRAME_NOT_ESTABLISHED,nan,nan,nan,nan,nan,nan,nan,nan,nan,nan,nan,nan,nan,NOT_EVALUATED,nan,nan,nan,nan,DISABLED,nan,nan,nan,nan,nan,nan
1791356358.9646754,1791356358.9826522,1791356358.9866433,1791356358.9866755,front_rgbd_red_sphere,True,True,True,,26.8,26.8,1791356358.9826522,1791356358.9806552,1791356358.9646754,1791356358.9646754,1791356358.9646754,0.0,1791356357.9446616,1791356358.9646754,1791356358.9655209,1791356358.9646754,1791356358.9655209,1791356358.9646754,1791356357.9406757,1791356358.9646754,1791356357.9446616,1791356358.9646754,1791356332.1646755,GAZEBO_CLOCK_SYSTEM_INTERPOLATION,MAPPED_EXACT,0,26.8,1791356358.9646754,0.00229644775390625,0.0,RGB,0.0,0,1,0,UNCALIBRATED,PREPARATION,MID,STRAIGHT,1.0,373,1.0,8.934747695922852,0.672198474407196,nan,nan,False,0.0,0.0,0.0,0.0,0,0,0,0,0,0.0,0.0,0.0,0.0,0.0,0.0,0.0,0.0,0.0,0.0,0.0,0.0,0.0,0.0,6.9910341087454615,-3.929358576685839,3.93894731280958,0.0,0.0,0.0,0.0,0.0,0.0,0.0,0.0,0.0,0.0,0.0,False,DISABLED,0,nan,nan,nan,nan,nan,nan,nan,nan,nan,nan,nan,nan,nan,nan,nan,nan,nan,nan,nan,nan,nan,nan,nan,nan,nan,nan,nan,nan,nan,nan,nan,nan,nan,nan,8.171326239142415,4.046171832796948,-0.15285237732780105,0.02867856914220734,0.02867856914220734,0.02867856914220734,8.203380198522671,4.007396118269531,-0.143161726795223,-0.03205395938025646,0.038775714527417016,-0.00969065053257806,0.05030916764430585,0.051233983417331756,0.017976760864257812,False,DISABLED,none,MODEL_ORIGIN_FRAME_NOT_ESTABLISHED,nan,nan,nan,nan,nan,nan,nan,nan,nan,nan,nan,nan,nan,NOT_EVALUATED,nan,nan,nan,nan,DISABLED,nan,nan,nan,nan,nan,nan
1791356359.0166726,1791356359.044486,1791356359.048278,1791356359.0483093,front_rgbd_red_sphere,True,True,True,,26.852,26.852,1791356359.044486,1791356359.032772,1791356359.0166726,1791356359.0166726,1791356359.0166726,0.0,1791356358.0046728,1791356359.0206714,1791356359.0215209,1791356359.0206714,1791356359.0255208,1791356359.0246654,1791356358.0046728,1791356359.0206714,1791356358.0046728,1791356359.0246654,1791356332.1646726,GAZEBO_CLOCK_SYSTEM_INTERPOLATION,MAPPED_EXACT,0,26.852,1791356359.0166726,0.0041272640228271484,0.0,RGB,0.0,0,1,0,UNCALIBRATED,PREPARATION,MID,STRAIGHT,1.0,372,1.0,9.010726928710938,0.6807627081871033,nan,nan,False,0.0,0.0,0.0,0.0,0,0,0,0,0,0.0,0.0,0.0,0.0,0.0,0.0,0.0,0.0,0.0,0.0,0.0,0.0,0.0,0.0,7.002171970839082,-4.070580532985934,3.948817360245962,0.0,0.0,0.0,0.0,0.0,0.0,0.0,0.0,0.0,0.0,0.0,False,DISABLED,0,nan,nan,nan,nan,nan,nan,nan,nan,nan,nan,nan,nan,nan,nan,nan,nan,nan,nan,nan,nan,nan,nan,nan,nan,nan,nan,nan,nan,nan,nan,nan,nan,nan,nan,8.183684624726093,4.186532928808776,-0.15622432812855064,0.02893648248768152,0.02893648248768152,0.02893648248768152,8.218873965426457,4.155239125435508,-0.146305039448324,-0.035189340700364724,0.03129380337326815,-0.009919288680226651,0.04709131372653681,0.04812467263694151,0.027813434600830078,False,DISABLED,none,MODEL_ORIGIN_FRAME_NOT_ESTABLISHED,nan,nan,nan,nan,nan,nan,nan,nan,nan,nan,nan,nan,nan,NOT_EVALUATED,nan,nan,nan,nan,DISABLED,nan,nan,nan,nan,nan,nan
1791356359.0646753,1791356359.09828,1791356359.103736,1791356359.1037781,front_rgbd_red_sphere,True,True,True,,26.9,26.9,1791356359.09828,1791356359.0867333,1791356359.0646753,1791356359.0646753,1791356359.0646753,0.0,1791356358.0646775,1791356359.0846817,1791356359.085521,1791356359.0846817,1791356359.085521,1791356359.0846817,1791356358.0606775,1791356359.0846817,1791356358.0646775,1791356359.0846817,1791356332.1646752,GAZEBO_CLOCK_SYSTEM_INTERPOLATION,MAPPED_EXACT,0,26.9,1791356359.0646753,0.0019876956939697266,0.0,RGB,0.0,0,1,0,UNCALIBRATED,PREPARATION,MID,STRAIGHT,1.0,377,1.0,9.089856147766113,0.689327597618103,nan,nan,False,0.0,0.0,0.0,0.0,0,0,0,0,0,0.0,0.0,0.0,0.0,0.0,0.0,0.0,0.0,0.0,0.0,0.0,0.0,0.0,0.0,7.01440448792522,-4.21378082902009,3.9582410277358644,0.0,0.0,0.0,0.0,0.0,0.0,0.0,0.0,0.0,0.0,0.0,False,DISABLED,0,nan,nan,nan,nan,nan,nan,nan,nan,nan,nan,nan,nan,nan,nan,nan,nan,nan,nan,nan,nan,nan,nan,nan,nan,nan,nan,nan,nan,nan,nan,nan,nan,nan,nan,8.197008005046298,4.329170339170578,-0.15870703657256674,0.029206319526260374,0.029206319526260374,0.029206319526260374,8.233967684382268,4.294109233566651,-0.14834270996553092,-0.03695967933597011,0.03506110560392717,-0.010364326607035818,0.05094407740638227,0.05198767439311725,0.03360462188720703,False,DISABLED,none,MODEL_ORIGIN_FRAME_NOT_ESTABLISHED,nan,nan,nan,nan,nan,nan,nan,nan,nan,nan,nan,nan,nan,NOT_EVALUATED,nan,nan,nan,nan,DISABLED,nan,nan,nan,nan,nan,nan
1791356359.1166735,1791356359.137996,1791356359.1421335,1791356359.1421864,front_rgbd_red_sphere,True,True,True,,26.952,26.952,1791356359.137996,1791356359.1359308,1791356359.1166735,1791356359.1166735,1791356359.1166735,0.0,1791356358.1047153,1791356359.1246734,1791356359.125521,1791356359.1246734,1791356359.125521,1791356359.1246734,1791356358.1006851,1791356359.1246734,1791356358.1047153,1791356359.1246734,1791356332.1646736,GAZEBO_CLOCK_SYSTEM_INTERPOLATION,MAPPED_EXACT,0,26.952,1791356359.1166735,0.0016453266143798828,0.0,RGB,0.0,0,1,0,UNCALIBRATED,PREPARATION,MID,STRAIGHT,1.0,378,1.0,9.172778129577637,0.6979255676269531,nan,nan,False,0.0,0.0,0.0,0.0,0,0,0,0,0,0.0,0.0,0.0,0.0,0.0,0.0,0.0,0.0,0.0,0.0,0.0,0.0,0.0,0.0,7.0279708751025005,-4.359774070707602,3.9673482601051555,0.0,0.0,0.0,0.0,0.0,0.0,0.0,0.0,0.0,0.0,0.0,False,DISABLED,0,nan,nan,nan,nan,nan,nan,nan,nan,nan,nan,nan,nan,nan,nan,nan,nan,nan,nan,nan,nan,nan,nan,nan,nan,nan,nan,nan,nan,nan,nan,nan,nan,nan,nan,8.211393434335212,4.475068727626229,-0.16039257174616267,0.029490430526430342,0.029490430526430342,0.029490430526430342,8.251196275579765,4.4470121216494025,-0.14959693113767633,-0.03980284124455302,0.028056605976826354,-0.01079564060848634,0.04869742611348139,0.04987970695809648,0.02132248878479004,False,DISABLED,none,MODEL_ORIGIN_FRAME_NOT_ESTABLISHED,nan,nan,nan,nan,nan,nan,nan,nan,nan,nan,nan,nan,nan,NOT_EVALUATED,nan,nan,nan,nan,DISABLED,nan,nan,nan,nan,nan,nan
1791356359.1646674,1791356359.192229,1791356359.1960912,1791356359.196121,front_rgbd_red_sphere,True,True,True,,27.0,27.0,1791356359.1841447,1791356359.192229,1791356359.1646674,1791356359.1646674,1791356359.1646674,0.0,1791356358.1646783,1791356359.1806724,1791356359.181521,1791356359.1806724,1791356359.185521,1791356359.184671,1791356358.1646783,1791356359.1806724,1791356358.1646783,1791356359.184671,1791356332.1646674,GAZEBO_CLOCK_SYSTEM_INTERPOLATION,MAPPED_EXACT,0,27.0,1791356359.1646674,0.0037686824798583984,0.0,RGB,0.0,0,1,0,UNCALIBRATED,PREPARATION,MID,STRAIGHT,1.0,380,1.0,9.259185791015625,0.7065346240997314,nan,nan,False,0.0,0.0,0.0,0.0,0,0,0,0,0,0.0,0.0,0.0,0.0,0.0,0.0,0.0,0.0,0.0,0.0,0.0,0.0,0.0,0.0,7.042686389195694,-4.508232792566563,3.976043980126609,0.0,0.0,0.0,0.0,0.0,0.0,0.0,0.0,0.0,0.0,0.0,False,DISABLED,0,nan,nan,nan,nan,nan,nan,nan,nan,nan,nan,nan,nan,nan,nan,nan,nan,nan,nan,nan,nan,nan,nan,nan,nan,nan,nan,nan,nan,nan,nan,nan,nan,nan,nan,8.226709457792104,4.623655485817742,-0.16120870573226526,0.029787949176029418,0.029787949176029418,0.029787949176029418,8.267942001708251,4.590455924467212,-0.14987158054208707,-0.041232543916146724,0.03319956135053026,-0.011337125190178182,0.05293707161965602,0.05413745431069292,0.027561664581298828,False,DISABLED,none,MODEL_ORIGIN_FRAME_NOT_ESTABLISHED,nan,nan,nan,nan,nan,nan,nan,nan,nan,nan,nan,nan,nan,NOT_EVALUATED,nan,nan,nan,nan,DISABLED,nan,nan,nan,nan,nan,nan
1791356359.216673,1791356359.2348864,1791356359.239848,1791356359.2398918,front_rgbd_red_sphere,True,True,True,,27.052,27.052,1791356359.2348864,1791356359.233694,1791356359.216673,1791356359.216673,1791356359.216673,0.0,1791356358.224668,1791356359.2206812,1791356359.221521,1791356359.2206812,1791356359.2255208,1791356359.2246768,1791356358.220673,1791356359.2206812,1791356358.224668,1791356359.2246768,1791356332.1646729,GAZEBO_CLOCK_SYSTEM_INTERPOLATION,MAPPED_EXACT,0,27.052,1791356359.216673,0.0024657249450683594,0.0,RGB,0.0,0,1,0,UNCALIBRATED,PREPARATION,MID,STRAIGHT,1.0,379,1.0,9.348965644836426,0.7151212096214294,nan,nan,False,0.0,0.0,0.0,0.0,0,0,0,0,0,0.0,0.0,0.0,0.0,0.0,0.0,0.0,0.0,0.0,0.0,0.0,0.0,0.0,0.0,7.058598083071048,-4.658821624091298,3.9843114596600087,0.0,0.0,0.0,0.0,0.0,0.0,0.0,0.0,0.0,0.0,0.0,False,DISABLED,0,nan,nan,nan,nan,nan,nan,nan,nan,nan,nan,nan,nan,nan,nan,nan,nan,nan,nan,nan,nan,nan,nan,nan,nan,nan,nan,nan,nan,nan,nan,nan,nan,nan,nan,8.242970904177694,4.774451272413282,-0.1609014239996696,0.03009866182292384,0.03009866182292384,0.03009866182292384,8.287045398001595,4.748439764774917,-0.14920536594549316,-0.04407449382390105,0.026011507638365572,-0.01169605805417645,0.05117772499294827,0.0524972123970455,0.018213510513305664,False,DISABLED,none,MODEL_ORIGIN_FRAME_NOT_ESTABLISHED,nan,nan,nan,nan,nan,nan,nan,nan,nan,nan,nan,nan,nan,NOT_EVALUATED,nan,nan,nan,nan,DISABLED,nan,nan,nan,nan,nan,nan
1791356359.2646708,1791356359.2940083,1791356359.2989762,1791356359.2990012,front_rgbd_red_sphere,True,True,True,,27.1,27.1,1791356359.2940083,1791356359.282472,1791356359.2646708,1791356359.2646708,1791356359.2646708,0.0,1791356358.2646673,1791356359.284672,1791356359.285521,1791356359.284672,1791356359.285521,1791356359.284672,1791356358.2606575,1791356359.284672,1791356358.2646673,1791356359.284672,1791356332.164671,GAZEBO_CLOCK_SYSTEM_INTERPOLATION,MAPPED_EXACT,0,27.1,1791356359.2646708,0.0016717910766601562,0.0,RGB,0.0,0,1,0,UNCALIBRATED,PREPARATION,MID,STRAIGHT,1.0,383,1.0,9.442689895629883,0.7237274050712585,nan,nan,False,0.0,0.0,0.0,0.0,0,0,0,0,0,0.0,0.0,0.0,0.0,0.0,0.0,0.0,0.0,0.0,0.0,0.0,0.0,0.0,0.0,7.075810876258734,-4.812418820970006,3.992232615921499,0.0,0.0,0.0,0.0,0.0,0.0,0.0,0.0,0.0,0.0,0.0,False,DISABLED,0,nan,nan,nan,nan,nan,nan,nan,nan,nan,nan,nan,nan,nan,nan,nan,nan,nan,nan,nan,nan,nan,nan,nan,nan,nan,nan,nan,nan,nan,nan,nan,nan,nan,nan,8.26010564649239,4.928295528552123,-0.15968529370715262,0.03042474368163029,0.03042474368163029,0.03042474368163029,8.30557994309999,4.896519634418732,-0.14771099999565288,-0.04547429660760116,0.03177589413339099,-0.011974293711499745,0.05547629313438812,0.056753879249103495,0.029337406158447266,False,DISABLED,none,MODEL_ORIGIN_FRAME_NOT_ESTABLISHED,nan,nan,nan,nan,nan,nan,nan,nan,nan,nan,nan,nan,nan,NOT_EVALUATED,nan,nan,nan,nan,DISABLED,nan,nan,nan,nan,nan,nan
1791356359.316672,1791356359.3455274,1791356359.3502157,1791356359.350269,front_rgbd_red_sphere,True,True,True,,27.152,27.152,1791356359.3455274,1791356359.3346865,1791356359.316672,1791356359.316672,1791356359.316672,0.0,1791356358.3046722,1791356359.3246682,1791356359.325521,1791356359.3246682,1791356359.325521,1791356359.3246682,1791356358.3006783,1791356359.3246682,1791356358.3046722,1791356359.3246682,1791356332.1646721,GAZEBO_CLOCK_SYSTEM_INTERPOLATION,MAPPED_EXACT,0,27.152,1791356359.316672,0.0014982223510742188,0.0,RGB,0.0,0,1,0,UNCALIBRATED,PREPARATION,MID,STRAIGHT,1.0,387,1.0,9.539588928222656,0.7322468757629395,nan,nan,False,0.0,0.0,0.0,0.0,0,0,0,0,0,0.0,0.0,0.0,0.0,0.0,0.0,0.0,0.0,0.0,0.0,0.0,0.0,0.0,0.0,7.094345310091564,-4.967403215127524,3.999864733139997,0.0,0.0,0.0,0.0,0.0,0.0,0.0,0.0,0.0,0.0,0.0,False,DISABLED,0,nan,nan,nan,nan,nan,nan,nan,nan,nan,nan,nan,nan,nan,nan,nan,nan,nan,nan,nan,nan,nan,nan,nan,nan,nan,nan,nan,nan,nan,nan,nan,nan,nan,nan,8.278380323501262,5.083440324863418,-0.15753520081693367,0.03076371633052181,0.03076371633052181,0.03076371633052181,8.32669213294273,5.059492702101123,-0.14514091660464304,-0.04831180944146851,0.023947622762295673,-0.012394284212290635,0.05392142030282574,0.05532755053866947,0.028855323791503906,False,DISABLED,none,MODEL_ORIGIN_FRAME_NOT_ESTABLISHED,nan,nan,nan,nan,nan,nan,nan,nan,nan,nan,nan,nan,nan,NOT_EVALUATED,nan,nan,nan,nan,DISABLED,nan,nan,nan,nan,nan,nan
1791356359.3646743,1791356359.3851452,1791356359.390432,1791356359.3904593,front_rgbd_red_sphere,True,True,True,,27.2,27.2,1791356359.3851452,1791356359.3829417,1791356359.3646743,1791356359.3646743,1791356359.3646743,0.0,1791356358.344674,1791356359.3646743,1791356359.365521,1791356359.3646743,1791356359.365521,1791356359.3646743,1791356358.340672,1791356359.3646743,1791356358.344674,1791356359.3646743,1791356332.1646743,GAZEBO_CLOCK_SYSTEM_INTERPOLATION,MAPPED_EXACT,0,27.2,1791356359.3646743,0.0010302066802978516,0.0,RGB,0.0,0,1,0,UNCALIBRATED,PREPARATION,MID,STRAIGHT,1.0,380,1.0,9.640118598937988,0.7407490611076355,nan,nan,False,0.0,0.0,0.0,0.0,0,0,0,0,0,0.0,0.0,0.0,0.0,0.0,0.0,0.0,0.0,0.0,0.0,0.0,0.0,0.0,0.0,7.114053665876832,-5.125024220002561,4.007026312442339,0.0,0.0,0.0,0.0,0.0,0.0,0.0,0.0,0.0,0.0,0.0,False,DISABLED,0,nan,nan,nan,nan,nan,nan,nan,nan,nan,nan,nan,nan,nan,nan,nan,nan,nan,nan,nan,nan,nan,nan,nan,nan,nan,nan,nan,nan,nan,nan,nan,nan,nan,nan,8.297440057810949,5.241182913510615,-0.15458255274604166,0.031117379531677303,0.031117379531677303,0.031117379531677303,8.347155567381444,5.212202799867257,-0.1419104008314429,-0.04971550957049509,0.02898011364335762,-0.01267215191459875,0.05754545054681483,0.05892420820666647,0.020470857620239258,False,DISABLED,none,MODEL_ORIGIN_FRAME_NOT_ESTABLISHED,nan,nan,nan,nan,nan,nan,nan,nan,nan,nan,nan,nan,nan,NOT_EVALUATED,nan,nan,nan,nan,DISABLED,nan,nan,nan,nan,nan,nan
1791356359.4166694,1791356359.4365609,1791356359.4405503,1791356359.440579,front_rgbd_red_sphere,True,True,True,,27.252,27.252,1791356359.4365609,1791356359.4355586,1791356359.4166694,1791356359.4166694,1791356359.4166694,0.0,1791356358.4046679,1791356359.4206753,1791356359.421521,1791356359.4206753,1791356359.425521,1791356359.4246752,1791356358.4046679,1791356359.4206753,1791356358.4046679,1791356359.4246752,1791356332.1646693,GAZEBO_CLOCK_SYSTEM_INTERPOLATION,MAPPED_EXACT,0,27.252,1791356359.4166694,0.004183530807495117,0.0,RGB,0.0,0,1,0,UNCALIBRATED,PREPARATION,MID,STRAIGHT,1.0,383,1.0,9.7446928024292,0.7492257952690125,nan,nan,False,0.0,0.0,0.0,0.0,0,0,0,0,0,0.0,0.0,0.0,0.0,0.0,0.0,0.0,0.0,0.0,0.0,0.0,0.0,0.0,0.0,7.135223701114368,-5.2853967607756225,4.014000899670317,0.0,0.0,0.0,0.0,0.0,0.0,0.0,0.0,0.0,0.0,0.0,False,DISABLED,0,nan,nan,nan,nan,nan,nan,nan,nan,nan,nan,nan,nan,nan,nan,nan,nan,nan,nan,nan,nan,nan,nan,nan,nan,nan,nan,nan,nan,nan,nan,nan,nan,nan,nan,8.317619933174125,5.401491821730119,-0.15070563938603915,0.03148741255526436,0.03148741255526436,0.03148741255526436,8.370411363232048,5.380026929639689,-0.13750284626647416,-0.05279143005792264,0.0214648920904299,-0.013202793119564987,0.056988390747715785,0.05849778137820588,0.01989150047302246,False,DISABLED,none,MODEL_ORIGIN_FRAME_NOT_ESTABLISHED,nan,nan,nan,nan,nan,nan,nan,nan,nan,nan,nan,nan,nan,NOT_EVALUATED,nan,nan,nan,nan,DISABLED,nan,nan,nan,nan,nan,nan
1791356359.4646642,1791356359.4976745,1791356359.50392,1791356359.5039706,front_rgbd_red_sphere,True,True,True,,27.3,27.3,1791356359.4976745,1791356359.4861836,1791356359.4646642,1791356359.4646642,1791356359.4646642,0.0,1791356358.484673,1791356359.4846768,1791356359.4855208,1791356359.4846768,1791356359.4855208,1791356359.4846768,1791356358.484673,1791356359.4846768,1791356358.484673,1791356359.4846768,1791356332.1646643,GAZEBO_CLOCK_SYSTEM_INTERPOLATION,MAPPED_EXACT,0,27.3,1791356359.4646642,0.0014295578002929688,0.0,RGB,0.0,0,1,0,UNCALIBRATED,PREPARATION,MID,STRAIGHT,1.0,384,1.0,9.852930068969727,0.7576515674591064,nan,nan,False,0.0,0.0,0.0,0.0,0,0,0,0,0,0.0,0.0,0.0,0.0,0.0,0.0,0.0,0.0,0.0,0.0,0.0,0.0,0.0,0.0,7.157680089188313,-5.448167661912233,4.0206119943934535,0.0,0.0,0.0,0.0,0.0,0.0,0.0,0.0,0.0,0.0,0.0,False,DISABLED,0,nan,nan,nan,nan,nan,nan,nan,nan,nan,nan,nan,nan,nan,nan,nan,nan,nan,nan,nan,nan,nan,nan,nan,nan,nan,nan,nan,nan,nan,nan,nan,nan,nan,nan,8.338663531528598,5.564104323066961,-0.1456847955107627,0.03187271211016519,0.03187271211016519,0.03187271211016519,8.392931979323759,5.537252121925127,-0.13262057383514703,-0.05426844779516138,0.02685220114183373,-0.013064221675615661,0.060548370186633865,0.06194173891849727,0.033010244369506836,False,DISABLED,none,MODEL_ORIGIN_FRAME_NOT_ESTABLISHED,nan,nan,nan,nan,nan,nan,nan,nan,nan,nan,nan,nan,nan,NOT_EVALUATED,nan,nan,nan,nan,DISABLED,nan,nan,nan,nan,nan,nan
1791356359.51668,1791356359.5430603,1791356359.54836,1791356359.5484343,front_rgbd_red_sphere,True,True,True,,27.352,27.352,1791356359.5430603,1791356359.5420747,1791356359.51668,1791356359.51668,1791356359.51668,0.0,1791356358.5046642,1791356359.5246623,1791356359.5255208,1791356359.5246623,1791356359.5255208,1791356359.5246623,1791356358.500678,1791356359.5246623,1791356358.5046642,1791356359.5246623,1791356332.16468,GAZEBO_CLOCK_SYSTEM_INTERPOLATION,MAPPED_EXACT,0,27.352,1791356359.51668,0.0026216506958007812,0.0,RGB,0.0,0,1,0,UNCALIBRATED,PREPARATION,MID,STRAIGHT,1.0,386,1.0,9.964844703674316,0.7660149335861206,nan,nan,False,0.0,0.0,0.0,0.0,0,0,0,0,0,0.0,0.0,0.0,0.0,0.0,0.0,0.0,0.0,0.0,0.0,0.0,0.0,0.0,0.0,7.181455317470122,-5.613149209007187,4.027081628391713,0.0,0.0,0.0,0.0,0.0,0.0,0.0,0.0,0.0,0.0,0.0,False,DISABLED,0,nan,nan,nan,nan,nan,nan,nan,nan,nan,nan,nan,nan,nan,nan,nan,nan,nan,nan,nan,nan,nan,nan,nan,nan,nan,nan,nan,nan,nan,nan,nan,nan,nan,nan,8.360717328806448,5.728718362256402,-0.14019613419295202,0.03227356470169445,0.03227356470169445,0.03227356470169445,8.41852239630649,5.710125090342763,-0.12647752926414732,-0.05780506750004122,0.018593271913639242,-0.013718604928804695,0.06072178842177532,0.062252194421815135,0.026380300521850586,False,DISABLED,none,MODEL_ORIGIN_FRAME_NOT_ESTABLISHED,nan,nan,nan,nan,nan,nan,nan,nan,nan,nan,nan,nan,nan,NOT_EVALUATED,nan,nan,nan,nan,DISABLED,nan,nan,nan,nan,nan,nan
1791356359.5646718,1791356359.5936482,1791356359.598207,1791356359.5982606,front_rgbd_red_sphere,True,True,True,,27.4,27.4,1791356359.5936482,1791356359.5921896,1791356359.5646718,1791356359.5646718,1791356359.5646718,0.0,1791356358.5846753,1791356359.5806818,1791356359.581521,1791356359.5806818,1791356359.585521,1791356359.584677,1791356358.5806782,1791356359.5806818,1791356358.5846753,1791356359.584677,1791356332.1646717,GAZEBO_CLOCK_SYSTEM_INTERPOLATION,MAPPED_EXACT,0,27.4,1791356359.5646718,0.0011816024780273438,0.0,RGB,0.0,0,1,0,UNCALIBRATED,PREPARATION,FAR,STRAIGHT,1.0,380,1.0,10.080544471740723,0.7743015885353088,nan,nan,False,0.0,0.0,0.0,0.0,0,0,0,0,0,0.0,0.0,0.0,0.0,0.0,0.0,0.0,0.0,0.0,0.0,0.0,0.0,0.0,0.0,7.206677243385114,-5.780371967491524,4.033419359442513,0.0,0.0,0.0,0.0,0.0,0.0,0.0,0.0,0.0,0.0,0.0,False,DISABLED,0,nan,nan,nan,nan,nan,nan,nan,nan,nan,nan,nan,nan,nan,nan,nan,nan,nan,nan,nan,nan,nan,nan,nan,nan,nan,nan,nan,nan,nan,nan,nan,nan,nan,nan,8.383843854506036,5.89549463384259,-0.13373695094885557,0.03269060737861415,0.03269060737861415,0.03269060737861415,8.443255286657173,5.871858872360748,-0.12006210694356122,-0.05941143215113698,0.023635761481842543,-0.013674844005294354,0.06394034321987727,0.06538630475600253,0.0289764404296875,False,DISABLED,none,MODEL_ORIGIN_FRAME_NOT_ESTABLISHED,nan,nan,nan,nan,nan,nan,nan,nan,nan,nan,nan,nan,nan,NOT_EVALUATED,nan,nan,nan,nan,DISABLED,nan,nan,nan,nan,nan,nan
1791356359.616673,1791356359.6424434,1791356359.6461818,1791356359.6462169,front_rgbd_red_sphere,True,True,True,,27.452,27.452,1791356359.6424434,1791356359.6414652,1791356359.616673,1791356359.616673,1791356359.616673,0.0,1791356358.604672,1791356359.6206715,1791356359.621521,1791356359.6206715,1791356359.625521,1791356359.6246686,1791356358.604672,1791356359.6206715,1791356358.604672,1791356359.6246686,1791356332.164673,GAZEBO_CLOCK_SYSTEM_INTERPOLATION,MAPPED_EXACT,0,27.452,1791356359.616673,0.0020623207092285156,0.0,RGB,0.0,0,1,0,UNCALIBRATED,PREPARATION,FAR,TURNING,1.0,384,1.0,10.200130462646484,0.7825233936309814,nan,nan,False,0.0,0.0,0.0,0.0,0,0,0,0,0,0.0,0.0,0.0,0.0,0.0,0.0,0.0,0.0,0.0,0.0,0.0,0.0,0.0,0.0,7.233285829803817,-5.9501421524081115,4.0395589877396025,0.0,0.0,0.0,0.0,0.0,0.0,0.0,0.0,0.0,0.0,0.0,False,DISABLED,0,nan,nan,nan,nan,nan,nan,nan,nan,nan,nan,nan,nan,nan,nan,nan,nan,nan,nan,nan,nan,nan,nan,nan,nan,nan,nan,nan,nan,nan,nan,nan,nan,nan,nan,8.40803672088891,6.064706595678616,-0.1263991705646184,0.03312447326022094,0.03312447326022094,0.03312447326022094,8.47132255025194,6.0495610506416915,-0.11234014944007437,-0.06328582936303029,0.015145545036924446,-0.014059021124544047,0.0650729108971782,0.06657431792825572,0.02577042579650879,False,DISABLED,none,MODEL_ORIGIN_FRAME_NOT_ESTABLISHED,nan,nan,nan,nan,nan,nan,nan,nan,nan,nan,nan,nan,nan,NOT_EVALUATED,nan,nan,nan,nan,DISABLED,nan,nan,nan,nan,nan,nan
1791356359.6646976,1791356359.682648,1791356359.695919,1791356359.6959622,front_rgbd_red_sphere,True,True,True,,27.5,27.5,1791356359.682648,1791356359.681628,1791356359.6646976,1791356359.6646976,1791356359.6646976,0.0,1791356358.6846712,1791356359.6846855,1791356359.685521,1791356359.6846855,1791356359.685521,1791356359.6846855,1791356358.6846712,1791356359.6846855,1791356358.6846712,1791356359.6846855,1791356332.1646976,GAZEBO_CLOCK_SYSTEM_INTERPOLATION,MAPPED_EXACT,0,27.5,1791356359.6646976,0.001901865005493164,0.0,RGB,0.0,0,1,0,UNCALIBRATED,PREPARATION,FAR,TURNING,1.0,384,1.0,10.323667526245117,0.7906543016433716,nan,nan,False,0.0,0.0,0.0,0.0,0,0,0,0,0,0.0,0.0,0.0,0.0,0.0,0.0,0.0,0.0,0.0,0.0,0.0,0.0,0.0,0.0,7.261465301317023,-6.122168571964424,4.045773878444432,0.0,0.0,0.0,0.0,0.0,0.0,0.0,0.0,0.0,0.0,0.0,False,DISABLED,0,nan,nan,nan,nan,nan,nan,nan,nan,nan,nan,nan,nan,nan,nan,nan,nan,nan,nan,nan,nan,nan,nan,nan,nan,nan,nan,nan,nan,nan,nan,nan,nan,nan,nan,8.43369573845715,6.2362695275627384,-0.11857730585893783,0.033575679414843615,0.033575679414843615,0.033575679414843615,8.498460392496083,6.215972530008696,-0.10454035076297231,-0.0647646540389335,0.02029699755404213,-0.014036955095965517,0.06787067498184719,0.06930703161193451,0.01795029640197754,False,DISABLED,none,MODEL_ORIGIN_FRAME_NOT_ESTABLISHED,nan,nan,nan,nan,nan,nan,nan,nan,nan,nan,nan,nan,nan,NOT_EVALUATED,nan,nan,nan,nan,DISABLED,nan,nan,nan,nan,nan,nan
1791356359.716678,1791356359.7413383,1791356359.7450044,1791356359.7450278,front_rgbd_red_sphere,True,True,True,,27.552,27.552,1791356359.7329013,1791356359.7413383,1791356359.716678,1791356359.716678,1791356359.716678,0.0,1791356358.7246766,1791356359.7246773,1791356359.7255208,1791356359.7246773,1791356359.7255208,1791356359.7246773,1791356358.7246766,1791356359.7246773,1791356358.7246766,1791356359.7246773,1791356332.1646779,GAZEBO_CLOCK_SYSTEM_INTERPOLATION,MAPPED_EXACT,0,27.552,1791356359.716678,0.0011391639709472656,0.0,RGB,0.0,0,1,0,UNCALIBRATED,PREPARATION,FAR,TURNING,1.0,385,1.0,10.450716018676758,0.7986946702003479,nan,nan,False,0.0,0.0,0.0,0.0,0,0,0,0,0,0.0,0.0,0.0,0.0,0.0,0.0,0.0,0.0,0.0,0.0,0.0,0.0,0.0,0.0,7.290863390581226,-6.296247520513268,4.051917600200271,0.0,0.0,0.0,0.0,0.0,0.0,0.0,0.0,0.0,0.0,0.0,False,DISABLED,0,nan,nan,nan,nan,nan,nan,nan,nan,nan,nan,nan,nan,nan,nan,nan,nan,nan,nan,nan,nan,nan,nan,nan,nan,nan,nan,nan,nan,nan,nan,nan,nan,nan,nan,8.460274460307618,6.410123658717948,-0.10999702405001205,0.03404289088116582,0.03404289088116582,0.03404289088116582,8.529184523367395,6.398470928609204,-0.09542907831742738,-0.06891006305977676,0.011652730108743903,-0.014567945732584672,0.06988836033195826,0.07139053125420183,0.024660348892211914,False,DISABLED,none,MODEL_ORIGIN_FRAME_NOT_ESTABLISHED,nan,nan,nan,nan,nan,nan,nan,nan,nan,nan,nan,nan,nan,NOT_EVALUATED,nan,nan,nan,nan,DISABLED,nan,nan,nan,nan,nan,nan
1791356359.7646706,1791356359.7913573,1791356359.7960505,1791356359.796098,front_rgbd_red_sphere,True,True,True,,27.6,27.6,1791356359.782559,1791356359.7913573,1791356359.7646706,1791356359.7646706,1791356359.7646706,0.0,1791356358.7846713,1791356359.7806742,1791356359.7815208,1791356359.7806742,1791356359.785521,1791356359.784679,1791356358.7806735,1791356359.7806742,1791356358.7846713,1791356359.784679,1791356332.1646707,GAZEBO_CLOCK_SYSTEM_INTERPOLATION,MAPPED_EXACT,0,27.6,1791356359.7646706,0.0028853416442871094,0.0,RGB,0.0,0,1,0,UNCALIBRATED,PREPARATION,FAR,TURNING,1.0,386,1.0,10.582002639770508,0.8066573739051819,nan,nan,False,0.0,0.0,0.0,0.0,0,0,0,0,0,0.0,0.0,0.0,0.0,0.0,0.0,0.0,0.0,0.0,0.0,0.0,0.0,0.0,0.0,7.321852669748834,-6.473091264958271,4.058120048533,0.0,0.0,0.0,0.0,0.0,0.0,0.0,0.0,0.0,0.0,0.0,False,DISABLED,0,nan,nan,nan,nan,nan,nan,nan,nan,nan,nan,nan,nan,nan,nan,nan,nan,nan,nan,nan,nan,nan,nan,nan,nan,nan,nan,nan,nan,nan,nan,nan,nan,nan,nan,8.488187630187515,6.586790233092369,-0.10075395162179418,0.034529081420626835,0.034529081420626835,0.034529081420626835,8.558834851299013,6.569135582484597,-0.08645436027824388,-0.07064722111149813,0.017654650607772382,-0.0142995913435503,0.07281975376818726,0.07421047669602968,0.026686668395996094,False,DISABLED,none,MODEL_ORIGIN_FRAME_NOT_ESTABLISHED,nan,nan,nan,nan,nan,nan,nan,nan,nan,nan,nan,nan,nan,NOT_EVALUATED,nan,nan,nan,nan,DISABLED,nan,nan,nan,nan,nan,nan
1791356359.8166726,1791356359.835151,1791356359.8413916,1791356359.8414333,front_rgbd_red_sphere,True,True,True,,27.652,27.652,1791356359.835151,1791356359.833139,1791356359.8166726,1791356359.8166726,1791356359.8166726,0.0,1791356358.8046708,1791356359.820674,1791356359.8215208,1791356359.820674,1791356359.825521,1791356359.8246617,1791356358.8046708,1791356359.820674,1791356358.8046708,1791356359.8246617,1791356332.1646726,GAZEBO_CLOCK_SYSTEM_INTERPOLATION,MAPPED_EXACT,0,27.652,1791356359.8166726,0.0029091835021972656,0.0,RGB,0.0,0,1,0,UNCALIBRATED,PREPARATION,FAR,TURNING,1.0,381,1.0,10.716943740844727,0.8145036697387695,nan,nan,False,0.0,0.0,0.0,0.0,0,0,0,0,0,0.0,0.0,0.0,0.0,0.0,0.0,0.0,0.0,0.0,0.0,0.0,0.0,0.0,0.0,7.354283038387784,-6.651835736795995,4.064539823583791,0.0,0.0,0.0,0.0,0.0,0.0,0.0,0.0,0.0,0.0,0.0,False,DISABLED,0,nan,nan,nan,nan,nan,nan,nan,nan,nan,nan,nan,nan,nan,nan,nan,nan,nan,nan,nan,nan,nan,nan,nan,nan,nan,nan,nan,nan,nan,nan,nan,nan,nan,nan,8.51694283944863,6.765851920389305,-0.09103401005744088,0.03503239803976141,0.03503239803976141,0.03503239803976141,8.592420333195134,6.756478104577173,-0.076174035815744,-0.07547749374650436,0.009373815812131703,-0.014859974241696883,0.07605734997443295,0.07749541482950634,0.0184783935546875,False,DISABLED,none,MODEL_ORIGIN_FRAME_NOT_ESTABLISHED,nan,nan,nan,nan,nan,nan,nan,nan,nan,nan,nan,nan,nan,NOT_EVALUATED,nan,nan,nan,nan,DISABLED,nan,nan,nan,nan,nan,nan
1791356359.8646758,1791356359.8859997,1791356359.8957088,1791356359.89576,front_rgbd_red_sphere,True,True,True,,27.7,27.7,1791356359.8859997,1791356359.8834884,1791356359.8646758,1791356359.8646758,1791356359.8646758,0.0,1791356358.8846684,1791356359.8846798,1791356359.885521,1791356359.8846798,1791356359.885521,1791356359.8846798,1791356358.8846684,1791356359.8846798,1791356358.8846684,1791356359.8846798,1791356332.1646757,GAZEBO_CLOCK_SYSTEM_INTERPOLATION,MAPPED_EXACT,0,27.7,1791356359.8646758,0.002111673355102539,0.0,RGB,0.0,0,1,0,UNCALIBRATED,PREPARATION,FAR,TURNING,1.0,389,1.0,10.855741500854492,0.8224656581878662,nan,nan,False,0.0,0.0,0.0,0.0,0,0,0,0,0,0.0,0.0,0.0,0.0,0.0,0.0,0.0,0.0,0.0,0.0,0.0,0.0,0.0,0.0,7.3864245955854395,-6.832922942711587,4.074190096586147,0.0,0.0,0.0,0.0,0.0,0.0,0.0,0.0,0.0,0.0,0.0,False,DISABLED,0,nan,nan,nan,nan,nan,nan,nan,nan,nan,nan,nan,nan,nan,nan,nan,nan,nan,nan,nan,nan,nan,nan,nan,nan,nan,nan,nan,nan,nan,nan,nan,nan,nan,nan,8.547129529231855,6.94740115838612,-0.08118339209551301,0.03555389973729871,0.03555389973729871,0.03555389973729871,8.624792438949893,6.931525430840678,-0.06623695290816992,-0.07766290971803791,0.015875727545441976,-0.014946439187343091,0.07926894897101394,0.08066574437361969,0.02132391929626465,False,DISABLED,none,MODEL_ORIGIN_FRAME_NOT_ESTABLISHED,nan,nan,nan,nan,nan,nan,nan,nan,nan,nan,nan,nan,nan,NOT_EVALUATED,nan,nan,nan,nan,DISABLED,nan,nan,nan,nan,nan,nan
1791356359.9166749,1791356359.9438455,1791356359.949012,1791356359.9490643,front_rgbd_red_sphere,True,True,True,,27.752,27.752,1791356359.935754,1791356359.9438455,1791356359.9166749,1791356359.9166749,1791356359.9166749,0.0,1791356358.9046726,1791356359.9246755,1791356359.925521,1791356359.9246755,1791356359.925521,1791356359.9246755,1791356358.90068,1791356359.9246755,1791356358.9046726,1791356359.9246755,1791356332.1646748,GAZEBO_CLOCK_SYSTEM_INTERPOLATION,MAPPED_EXACT,0,27.752,1791356359.9166749,0.0034172534942626953,0.0,RGB,0.0,0,1,0,UNCALIBRATED,PREPARATION,FAR,TURNING,1.0,389,1.0,10.998133659362793,0.8323724865913391,nan,nan,False,0.0,0.0,0.0,0.0,0,0,0,0,0,0.0,0.0,0.0,0.0,0.0,0.0,0.0,0.0,0.0,0.0,0.0,0.0,0.0,0.0,7.403098292918685,-7.016806097590453,4.113091452353883,0.0,0.0,0.0,0.0,0.0,0.0,0.0,0.0,0.0,0.0,0.0,False,DISABLED,0,nan,nan,nan,nan,nan,nan,nan,nan,nan,nan,nan,nan,nan,nan,nan,nan,nan,nan,nan,nan,nan,nan,nan,nan,nan,nan,nan,nan,nan,nan,nan,nan,nan,nan,8.579932827796991,7.131520830190254,-0.07183272805302787,0.03609290988663891,0.03609290988663891,0.03609290988663891,8.661425181996314,7.1235697482422236,-0.055044995663764605,-0.0814923541993231,0.007951081948030847,-0.016787732389263267,0.08187932276889102,0.08358260259088462,0.027170658111572266,False,DISABLED,none,MODEL_ORIGIN_FRAME_NOT_ESTABLISHED,nan,nan,nan,nan,nan,nan,nan,nan,nan,nan,nan,nan,nan,NOT_EVALUATED,nan,nan,nan,nan,DISABLED,nan,nan,nan,nan,nan,nan
1791356359.9646788,1791356359.985057,1791356359.9897027,1791356359.9897234,front_rgbd_red_sphere,True,True,True,,27.8,27.8,1791356359.985057,1791356359.9829538,1791356359.9646788,1791356359.9646788,1791356359.9646788,0.0,1791356358.9646754,1791356359.9646788,1791356359.9655209,1791356359.9646788,1791356359.9655209,1791356359.9646788,1791356358.9646754,1791356359.9646788,1791356358.9646754,1791356359.9646788,1791356332.1646788,GAZEBO_CLOCK_SYSTEM_INTERPOLATION,MAPPED_EXACT,0,27.8,1791356359.9646788,0.0008378028869628906,0.0,RGB,0.0,0,1,0,UNCALIBRATED,PREPARATION,FAR,TURNING,1.0,389,1.0,11.14408016204834,0.8421326279640198,nan,nan,False,0.0,0.0,0.0,0.0,0,0,0,0,0,0.0,0.0,0.0,0.0,0.0,0.0,0.0,0.0,0.0,0.0,0.0,0.0,0.0,0.0,7.420545232685288,-7.202684006528757,4.15299600082843,0.0,0.0,0.0,0.0,0.0,0.0,0.0,0.0,0.0,0.0,0.0,False,DISABLED,0,nan,nan,nan,nan,nan,nan,nan,nan,nan,nan,nan,nan,nan,nan,nan,nan,nan,nan,nan,nan,nan,nan,nan,nan,nan,nan,nan,nan,nan,nan,nan,nan,nan,nan,8.614329813544341,7.317941900166939,-0.06024228827805511,0.03664958079530925,0.03664958079530925,0.03664958079530925,8.696725351608546,7.30301827180162,-0.04438577435560263,-0.08239553806420474,0.014923628365318464,-0.015856513922452485,0.08373612945721787,0.08522422431591196,0.02037835121154785,False,DISABLED,none,MODEL_ORIGIN_FRAME_NOT_ESTABLISHED,nan,nan,nan,nan,nan,nan,nan,nan,nan,nan,nan,nan,nan,NOT_EVALUATED,nan,nan,nan,nan,DISABLED,nan,nan,nan,nan,nan,nan
1791356360.0166817,1791356360.0364718,1791356360.0425632,1791356360.0426023,front_rgbd_red_sphere,True,True,True,,27.852,27.852,1791356360.0364718,1791356360.0356493,1791356360.0166817,1791356360.0166817,1791356360.0166817,0.0,1791356359.0246654,1791356360.0206776,1791356360.02152,1791356360.0206776,1791356360.0255198,1791356360.0246737,1791356359.0206714,1791356360.0206776,1791356359.0246654,1791356360.0246737,1791356332.1646817,GAZEBO_CLOCK_SYSTEM_INTERPOLATION,MAPPED_EXACT,0,27.852,1791356360.0166817,0.004132509231567383,0.0,RGB,0.0,0,1,0,UNCALIBRATED,PREPARATION,FAR,TURNING,1.0,393,1.0,11.2939453125,0.8513188362121582,nan,nan,False,0.0,0.0,0.0,0.0,0,0,0,0,0,0.0,0.0,0.0,0.0,0.0,0.0,0.0,0.0,0.0,0.0,0.0,0.0,0.0,0.0,7.442617046206179,-7.391076112809021,4.187200510845674,0.0,0.0,0.0,0.0,0.0,0.0,0.0,0.0,0.0,0.0,0.0,False,DISABLED,0,nan,nan,nan,nan,nan,nan,nan,nan,nan,nan,nan,nan,nan,nan,nan,nan,nan,nan,nan,nan,nan,nan,nan,nan,nan,nan,nan,nan,nan,nan,nan,nan,nan,nan,8.65024310376952,7.506996652114274,-0.0483276199295527,0.037225632913518394,0.037225632913518394,0.037225632913518394,8.736609662140047,7.49964637818296,-0.03256071606156619,-0.08636655837052665,0.007350273931313822,-0.015766903867986508,0.0866787686324335,0.08810110208855089,0.019790172576904297,False,DISABLED,none,MODEL_ORIGIN_FRAME_NOT_ESTABLISHED,nan,nan,nan,nan,nan,nan,nan,nan,nan,nan,nan,nan,nan,NOT_EVALUATED,nan,nan,nan,nan,DISABLED,nan,nan,nan,nan,nan,nan
1791356360.0646758,1791356360.0850863,1791356360.0957122,1791356360.095739,front_rgbd_red_sphere,True,True,True,,27.9,27.9,1791356360.0850863,1791356360.083879,1791356360.0646758,1791356360.0646758,1791356360.0646758,0.0,1791356359.0846817,1791356360.0846865,1791356360.08552,1791356360.0846865,1791356360.08552,1791356360.0846865,1791356359.0846817,1791356360.0846865,1791356359.0846817,1791356360.0846865,1791356332.1646757,GAZEBO_CLOCK_SYSTEM_INTERPOLATION,MAPPED_EXACT,0,27.9,1791356360.0646758,0.0019617080688476562,0.0,RGB,0.0,0,1,0,UNCALIBRATED,PREPARATION,FAR,TURNING,1.0,393,1.0,11.447553634643555,0.8593255877494812,nan,nan,False,0.0,0.0,0.0,0.0,0,0,0,0,0,0.0,0.0,0.0,0.0,0.0,0.0,0.0,0.0,0.0,0.0,0.0,0.0,0.0,0.0,7.474661903774899,-7.5814855387050155,4.206778339964357,0.0,0.0,0.0,0.0,0.0,0.0,0.0,0.0,0.0,0.0,0.0,False,DISABLED,0,nan,nan,nan,nan,nan,nan,nan,nan,nan,nan,nan,nan,nan,nan,nan,nan,nan,nan,nan,nan,nan,nan,nan,nan,nan,nan,nan,nan,nan,nan,nan,nan,nan,nan,8.687339384970207,7.697944740532331,-0.036014025156628104,0.03782073310459886,0.03782073310459886,0.03782073310459886,8.775015554561389,7.683302476309896,-0.021449544705450543,-0.08767616959118207,0.014642264222435308,-0.014564480451177562,0.08889041914481745,0.0900756943162475,0.020410537719726562,False,DISABLED,none,MODEL_ORIGIN_FRAME_NOT_ESTABLISHED,nan,nan,nan,nan,nan,nan,nan,nan,nan,nan,nan,nan,nan,NOT_EVALUATED,nan,nan,nan,nan,DISABLED,nan,nan,nan,nan,nan,nan
1791356360.116676,1791356360.1480415,1791356360.1538944,1791356360.1539311,front_rgbd_red_sphere,True,True,True,,27.952,27.952,1791356360.1480415,1791356360.1364279,1791356360.116676,1791356360.116676,1791356360.116676,0.0,1791356359.1246734,1791356360.1246762,1791356360.12552,1791356360.1246762,1791356360.12552,1791356360.1246762,1791356359.1246734,1791356360.1246762,1791356359.1246734,1791356360.1246762,1791356332.1646762,GAZEBO_CLOCK_SYSTEM_INTERPOLATION,MAPPED_EXACT,0,27.952,1791356360.116676,0.003777742385864258,0.0,RGB,0.0,0,1,0,UNCALIBRATED,PREPARATION,FAR,TURNING,1.0,392,1.0,11.605003356933594,0.8662704825401306,nan,nan,False,0.0,0.0,0.0,0.0,0,0,0,0,0,0.0,0.0,0.0,0.0,0.0,0.0,0.0,0.0,0.0,0.0,0.0,0.0,0.0,0.0,7.516243204741993,-7.774158243396516,4.212440425495908,0.0,0.0,0.0,0.0,0.0,0.0,0.0,0.0,0.0,0.0,0.0,False,DISABLED,0,nan,nan,nan,nan,nan,nan,nan,nan,nan,nan,nan,nan,nan,nan,nan,nan,nan,nan,nan,nan,nan,nan,nan,nan,nan,nan,nan,nan,nan,nan,nan,nan,nan,nan,8.725765252571115,7.891345477456259,-0.023451768036811094,0.03843561561694407,0.03843561561694407,0.03843561561694407,8.818420092369749,7.884635605512056,-0.009270807929697537,-0.09265483979863376,0.0067098719442029164,-0.014180960107113557,0.09289747961929908,0.0939736204962735,0.031365394592285156,False,DISABLED,none,MODEL_ORIGIN_FRAME_NOT_ESTABLISHED,nan,nan,nan,nan,nan,nan,nan,nan,nan,nan,nan,nan,nan,NOT_EVALUATED,nan,nan,nan,nan,DISABLED,nan,nan,nan,nan,nan,nan
1791356360.1646721,1791356360.1910105,1791356360.1946743,1791356360.194696,front_rgbd_red_sphere,True,True,True,,28.0,28.0,1791356360.183455,1791356360.1910105,1791356360.1646721,1791356360.1646721,1791356360.1646721,0.0,1791356359.184671,1791356360.180669,1791356360.18152,1791356360.180669,1791356360.18552,1791356360.1846833,1791356359.1646674,1791356360.180669,1791356359.184671,1791356360.1846833,1791356332.1646721,GAZEBO_CLOCK_SYSTEM_INTERPOLATION,MAPPED_EXACT,0,28.0,1791356360.1646721,0.0025844573974609375,0.0,RGB,0.0,0,1,0,UNCALIBRATED,PREPARATION,FAR,TURNING,1.0,385,1.0,11.76595687866211,0.8723044991493225,nan,nan,False,0.0,0.0,0.0,0.0,0,0,0,0,0,0.0,0.0,0.0,0.0,0.0,0.0,0.0,0.0,0.0,0.0,0.0,0.0,0.0,0.0,7.566256714888585,-7.968638230435351,4.205984385780056,0.0,0.0,0.0,0.0,0.0,0.0,0.0,0.0,0.0,0.0,0.0,False,DISABLED,0,nan,nan,nan,nan,nan,nan,nan,nan,nan,nan,nan,nan,nan,nan,nan,nan,nan,nan,nan,nan,nan,nan,nan,nan,nan,nan,nan,nan,nan,nan,nan,nan,nan,nan,8.765363691805588,8.08670626078253,-0.01040767339971399,0.03906930501633304,0.03906930501633304,0.03906930501633304,8.859992200801068,8.071737164820327,0.002025617123307924,-0.09462850899548059,0.014969095962202417,-0.012433290523021914,0.09580515930070455,0.09660856722808407,0.02633833885192871,False,DISABLED,none,MODEL_ORIGIN_FRAME_NOT_ESTABLISHED,nan,nan,nan,nan,nan,nan,nan,nan,nan,nan,nan,nan,nan,NOT_EVALUATED,nan,nan,nan,nan,DISABLED,nan,nan,nan,nan,nan,nan
1791356360.2166774,1791356360.2455485,1791356360.251804,1791356360.2518513,front_rgbd_red_sphere,True,True,True,,28.052,28.052,1791356360.23647,1791356360.2455485,1791356360.2166774,1791356360.2166774,1791356360.2166774,0.0,1791356359.2046745,1791356360.2206745,1791356360.22152,1791356360.2206745,1791356360.22552,1791356360.2246616,1791356359.2046745,1791356360.2206745,1791356359.2046745,1791356360.2246616,1791356332.1646774,GAZEBO_CLOCK_SYSTEM_INTERPOLATION,MAPPED_EXACT,0,28.052,1791356360.2166774,0.0014004707336425781,0.0,RGB,0.0,0,1,0,UNCALIBRATED,PREPARATION,FAR,TURNING,1.0,388,1.0,11.92924976348877,0.8774988055229187,nan,nan,False,0.0,0.0,0.0,0.0,0,0,0,0,0,0.0,0.0,0.0,0.0,0.0,0.0,0.0,0.0,0.0,0.0,0.0,0.0,0.0,0.0,7.623708066716,-8.163776264766483,4.187939541033591,0.0,0.0,0.0,0.0,0.0,0.0,0.0,0.0,0.0,0.0,0.0,False,DISABLED,0,nan,nan,nan,nan,nan,nan,nan,nan,nan,nan,nan,nan,nan,nan,nan,nan,nan,nan,nan,nan,nan,nan,nan,nan,nan,nan,nan,nan,nan,nan,nan,nan,nan,nan,8.80612472953728,8.282739069235435,0.0020871770896773723,0.03971750049352286,0.03971750049352286,0.03971750049352286,8.906420164977478,8.274525746001997,0.0142493153460874,-0.10029543544019681,0.00821332323343782,-0.012162138256410028,0.10063117334442452,0.10136345818707868,0.02887105941772461,False,DISABLED,none,MODEL_ORIGIN_FRAME_NOT_ESTABLISHED,nan,nan,nan,nan,nan,nan,nan,nan,nan,nan,nan,nan,nan,NOT_EVALUATED,nan,nan,nan,nan,DISABLED,nan,nan,nan,nan,nan,nan
1791356360.2646677,1791356360.285017,1791356360.2934582,1791356360.2934806,front_rgbd_red_sphere,True,True,True,,28.1,28.1,1791356360.285017,1791356360.2821598,1791356360.2646677,1791356360.2646677,1791356360.2646677,0.0,1791356359.284672,1791356360.284687,1791356360.2855198,1791356360.284687,1791356360.2855198,1791356360.284687,1791356359.284672,1791356360.284687,1791356359.284672,1791356360.284687,1791356332.1646678,GAZEBO_CLOCK_SYSTEM_INTERPOLATION,MAPPED_EXACT,0,28.1,1791356360.2646677,0.0016169548034667969,0.0,RGB,0.0,0,1,0,UNCALIBRATED,PREPARATION,FAR,TURNING,1.0,380,1.0,12.094245910644531,0.8822668194770813,nan,nan,False,0.0,0.0,0.0,0.0,0,0,0,0,0,0.0,0.0,0.0,0.0,0.0,0.0,0.0,0.0,0.0,0.0,0.0,0.0,0.0,0.0,7.684712580265904,-8.358448966920102,4.1656097363286015,0.0,0.0,0.0,0.0,0.0,0.0,0.0,0.0,0.0,0.0,0.0,False,DISABLED,0,nan,nan,nan,nan,nan,nan,nan,nan,nan,nan,nan,nan,nan,nan,nan,nan,nan,nan,nan,nan,nan,nan,nan,nan,nan,nan,nan,nan,nan,nan,nan,nan,nan,nan,8.848327961128474,8.477991454812424,0.014032388467617396,0.040377871357047866,0.040377871357047866,0.040377871357047866,8.950476417243493,8.461352115720526,0.025445053663135892,-0.10214845611501921,0.0166393390918973,-0.011412665195518496,0.103494805145462,0.10412215719510495,0.02034926414489746,False,DISABLED,none,MODEL_ORIGIN_FRAME_NOT_ESTABLISHED,nan,nan,nan,nan,nan,nan,nan,nan,nan,nan,nan,nan,nan,NOT_EVALUATED,nan,nan,nan,nan,DISABLED,nan,nan,nan,nan,nan,nan
1791356360.3166697,1791356360.3371713,1791356360.341507,1791356360.3415337,front_rgbd_red_sphere,True,True,True,,28.152,28.152,1791356360.3371713,1791356360.3351321,1791356360.3166697,1791356360.3166697,1791356360.3166697,0.0,1791356359.3246682,1791356360.3246746,1791356360.3255198,1791356360.3246746,1791356360.3255198,1791356360.3246746,1791356359.3246682,1791356360.3246746,1791356359.3246682,1791356360.3246746,1791356332.1646698,GAZEBO_CLOCK_SYSTEM_INTERPOLATION,MAPPED_EXACT,0,28.152,1791356360.3166697,0.001058816909790039,0.0,RGB,0.0,0,1,0,UNCALIBRATED,PREPARATION,FAR,TURNING,1.0,379,1.0,12.261013984680176,0.8864928483963013,nan,nan,False,0.0,0.0,0.0,0.0,0,0,0,0,0,0.0,0.0,0.0,0.0,0.0,0.0,0.0,0.0,0.0,0.0,0.0,0.0,0.0,0.0,7.750597050504691,-8.553067997396159,4.135907369052861,0.0,0.0,0.0,0.0,0.0,0.0,0.0,0.0,0.0,0.0,0.0,False,DISABLED,0,nan,nan,nan,nan,nan,nan,nan,nan,nan,nan,nan,nan,nan,nan,nan,nan,nan,nan,nan,nan,nan,nan,nan,nan,nan,nan,nan,nan,nan,nan,nan,nan,nan,nan,8.892438783371622,8.672562840475699,0.026089001212176777,0.04105086755255847,0.04105086755255847,0.04105086755255847,8.99953562619838,8.66340582334294,0.03740776017843987,-0.10709684282675802,0.009157017132759293,-0.011318758966263096,0.10748760256991947,0.10808190880422736,0.02050161361694336,False,DISABLED,none,MODEL_ORIGIN_FRAME_NOT_ESTABLISHED,nan,nan,nan,nan,nan,nan,nan,nan,nan,nan,nan,nan,nan,NOT_EVALUATED,nan,nan,nan,nan,DISABLED,nan,nan,nan,nan,nan,nan
1791356360.3646688,1791356360.381554,1791356360.3878691,1791356360.38794,front_rgbd_red_sphere,True,True,True,,28.2,28.2,1791356360.381554,1791356360.379374,1791356360.3646688,1791356360.3646688,1791356360.3646688,0.0,1791356359.344662,1791356360.3646688,1791356360.36552,1791356360.3646688,1791356360.36552,1791356360.3646688,1791356359.3406863,1791356360.3646688,1791356359.344662,1791356360.3646688,1791356332.1646688,GAZEBO_CLOCK_SYSTEM_INTERPOLATION,MAPPED_EXACT,0,28.2,1791356360.3646688,0.0014386177062988281,0.0,RGB,0.0,0,1,0,UNCALIBRATED,PREPARATION,FAR,TURNING,1.0,370,1.0,12.429484367370605,0.8906168937683105,nan,nan,False,0.0,0.0,0.0,0.0,0,0,0,0,0,0.0,0.0,0.0,0.0,0.0,0.0,0.0,0.0,0.0,0.0,0.0,0.0,0.0,0.0,7.817307139698313,-8.747417297743636,4.1066398883038335,0.0,0.0,0.0,0.0,0.0,0.0,0.0,0.0,0.0,0.0,0.0,False,DISABLED,0,nan,nan,nan,nan,nan,nan,nan,nan,nan,nan,nan,nan,nan,nan,nan,nan,nan,nan,nan,nan,nan,nan,nan,nan,nan,nan,nan,nan,nan,nan,nan,nan,nan,nan,8.938124702278683,8.866342723417066,0.03770830157065935,0.041736384767474884,0.041736384767474884,0.041736384767474884,9.04607054650705,8.849625314028751,0.048231516341707366,-0.10794584422836628,0.01671740938831512,-0.010523214771048013,0.10923267397089227,0.10973839397379957,0.016885042190551758,False,DISABLED,none,MODEL_ORIGIN_FRAME_NOT_ESTABLISHED,nan,nan,nan,nan,nan,nan,nan,nan,nan,nan,nan,nan,nan,NOT_EVALUATED,nan,nan,nan,nan,DISABLED,nan,nan,nan,nan,nan,nan
1791356360.4166734,1791356360.4478495,1791356360.4539328,1791356360.4539728,front_rgbd_red_sphere,True,True,True,,28.252,28.252,1791356360.4478495,1791356360.4363701,1791356360.4166734,1791356360.4166734,1791356360.4166734,0.0,1791356359.4046671,1791356360.4206717,1791356360.42152,1791356360.4206717,1791356360.42552,1791356360.424665,1791356359.4046671,1791356360.4206717,1791356359.4046671,1791356360.424665,1791356332.1646733,GAZEBO_CLOCK_SYSTEM_INTERPOLATION,MAPPED_EXACT,0,28.252,1791356360.4166734,0.0034165382385253906,0.0,RGB,0.0,0,1,0,UNCALIBRATED,PREPARATION,FAR,TURNING,1.0,368,1.0,12.599285125732422,0.8943946957588196,nan,nan,False,0.0,0.0,0.0,0.0,0,0,0,0,0,0.0,0.0,0.0,0.0,0.0,0.0,0.0,0.0,0.0,0.0,0.0,0.0,0.0,0.0,7.88703820217812,-8.941397339669184,4.072838885463634,0.0,0.0,0.0,0.0,0.0,0.0,0.0,0.0,0.0,0.0,0.0,False,DISABLED,0,nan,nan,nan,nan,nan,nan,nan,nan,nan,nan,nan,nan,nan,nan,nan,nan,nan,nan,nan,nan,nan,nan,nan,nan,nan,nan,nan,nan,nan,nan,nan,nan,nan,nan,8.986166819687092,9.058596517523576,0.048430555811739384,0.0424330529536503,0.0424330529536503,0.0424330529536503,9.097874478456601,9.051099941163878,0.05965112293419826,-0.11170765876950917,0.007496576359697471,-0.011220567122458877,0.1119589196307372,0.11251977964532048,0.031176090240478516,False,DISABLED,none,MODEL_ORIGIN_FRAME_NOT_ESTABLISHED,nan,nan,nan,nan,nan,nan,nan,nan,nan,nan,nan,nan,nan,NOT_EVALUATED,nan,nan,nan,nan,DISABLED,nan,nan,nan,nan,nan,nan
1791356360.4646692,1791356360.492361,1791356360.495755,1791356360.495782,front_rgbd_red_sphere,True,True,True,,28.3,28.3,1791356360.492361,1791356360.491861,1791356360.4646692,1791356360.4646692,1791356360.4646692,0.0,1791356359.4646642,1791356360.4846723,1791356360.48552,1791356360.4846723,1791356360.48552,1791356360.4846723,1791356359.4606602,1791356360.4846723,1791356359.4646642,1791356360.4846723,1791356332.1646693,GAZEBO_CLOCK_SYSTEM_INTERPOLATION,MAPPED_EXACT,0,28.3,1791356360.4646692,0.0039014816284179688,0.0,RGB,0.0,0,1,0,UNCALIBRATED,PREPARATION,FAR,TURNING,1.0,331,1.0,12.770543098449707,0.8982277512550354,nan,nan,False,0.0,0.0,0.0,0.0,0,0,0,0,0,0.0,0.0,0.0,0.0,0.0,0.0,0.0,0.0,0.0,0.0,0.0,0.0,0.0,0.0,7.956012883646491,-9.134715285361198,4.042969708611967,0.0,0.0,0.0,0.0,0.0,0.0,0.0,0.0,0.0,0.0,0.0,False,DISABLED,0,nan,nan,nan,nan,nan,nan,nan,nan,nan,nan,nan,nan,nan,nan,nan,nan,nan,nan,nan,nan,nan,nan,nan,nan,nan,nan,nan,nan,nan,nan,nan,nan,nan,nan,9.035990752031847,9.249900537046518,0.059045264344606385,0.04314154563510101,0.04314154563510101,0.04314154563510101,9.146965392993822,9.236720833598987,0.06983961943835088,-0.11097464096197562,0.0131797034475305,-0.01079435509374449,0.11175453243427869,0.11227463480899902,0.02769184112548828,False,DISABLED,none,MODEL_ORIGIN_FRAME_NOT_ESTABLISHED,nan,nan,nan,nan,nan,nan,nan,nan,nan,nan,nan,nan,nan,NOT_EVALUATED,nan,nan,nan,nan,DISABLED,nan,nan,nan,nan,nan,nan
1791356360.5166707,1791356360.5446107,1791356360.550504,1791356360.5505505,front_rgbd_red_sphere,True,True,True,,28.352,28.352,1791356360.5446107,1791356360.5332365,1791356360.5166707,1791356360.5166707,1791356360.5166707,0.0,1791356359.5246623,1791356360.524675,1791356360.5255198,1791356360.524675,1791356360.5255198,1791356360.524675,1791356359.5246623,1791356360.524675,1791356359.5246623,1791356360.524675,1791356332.1646707,GAZEBO_CLOCK_SYSTEM_INTERPOLATION,MAPPED_EXACT,0,28.352,1791356360.5166707,0.0004124641418457031,0.0,RGB,0.0,0,1,0,UNCALIBRATED,PREPARATION,FAR,TURNING,1.0,274,1.0,12.94308853149414,0.9017781615257263,nan,nan,False,0.0,0.0,0.0,0.0,0,0,0,0,0,0.0,0.0,0.0,0.0,0.0,0.0,0.0,0.0,0.0,0.0,0.0,0.0,0.0,0.0,8.027512252774176,-9.327563349824418,4.009881898349882,0.0,0.0,0.0,0.0,0.0,0.0,0.0,0.0,0.0,0.0,0.0,False,DISABLED,0,nan,nan,nan,nan,nan,nan,nan,nan,nan,nan,nan,nan,nan,nan,nan,nan,nan,nan,nan,nan,nan,nan,nan,nan,nan,nan,nan,nan,nan,nan,nan,nan,nan,nan,9.087653609651987,9.440275744050018,0.069182548946434,0.04386129622832822,0.04386129622832822,0.04386129622832822,9.201550455545567,9.43742584474899,0.08042692317088432,-0.11389684589357962,0.0028498993010277474,-0.01124437422445032,0.1139324950597143,0.11448602265006548,0.027940034866333008,False,DISABLED,none,MODEL_ORIGIN_FRAME_NOT_ESTABLISHED,nan,nan,nan,nan,nan,nan,nan,nan,nan,nan,nan,nan,nan,NOT_EVALUATED,nan,nan,nan,nan,DISABLED,nan,nan,nan,nan,nan,nan
1791356360.5646682,1791356360.5907218,1791356360.5941813,1791356360.594203,front_rgbd_red_sphere,True,True,True,,28.4,28.4,1791356360.581733,1791356360.5907218,1791356360.5646682,1791356360.5646682,1791356360.5646682,0.0,1791356359.584677,1791356360.5806737,1791356360.5815198,1791356360.5806737,1791356360.58552,1791356360.5846772,1791356359.5646718,1791356360.5806737,1791356359.584677,1791356360.5846772,1791356332.164668,GAZEBO_CLOCK_SYSTEM_INTERPOLATION,MAPPED_EXACT,0,28.4,1791356360.5646682,0.0022704601287841797,0.0,RGB,0.0,0,1,0,UNCALIBRATED,PREPARATION,FAR,TURNING,1.0,210,1.0,13.117576599121094,0.9054374694824219,nan,nan,False,0.0,0.0,0.0,0.0,0,0,0,0,0,0.0,0.0,0.0,0.0,0.0,0.0,0.0,0.0,0.0,0.0,0.0,0.0,0.0,0.0,8.098024596396051,-9.520173663148471,3.9823505538208606,0.0,0.0,0.0,0.0,0.0,0.0,0.0,0.0,0.0,0.0,0.0,False,DISABLED,0,nan,nan,nan,nan,nan,nan,nan,nan,nan,nan,nan,nan,nan,nan,nan,nan,nan,nan,nan,nan,nan,nan,nan,nan,nan,nan,nan,nan,nan,nan,nan,nan,nan,nan,9.141453209682052,9.629993008769627,0.0786283708620576,0.04459520559730394,0.04459520559730394,0.04459520559730394,9.25323614399911,9.622294251480001,0.08972392310636976,-0.1117829343170591,0.007698757289626101,-0.011095552244312162,0.1120477365605237,0.11259576611908097,0.026053667068481445,False,DISABLED,none,MODEL_ORIGIN_FRAME_NOT_ESTABLISHED,nan,nan,nan,nan,nan,nan,nan,nan,nan,nan,nan,nan,nan,NOT_EVALUATED,nan,nan,nan,nan,DISABLED,nan,nan,nan,nan,nan,nan
1791356360.616672,1791356360.6460571,1791356360.6501408,1791356360.6501849,front_rgbd_red_sphere,True,True,True,,28.452,28.452,1791356360.6371891,1791356360.6460571,1791356360.616672,1791356360.616672,1791356360.616672,0.0,1791356359.6246686,1791356360.6206756,1791356360.6215198,1791356360.6206756,1791356360.62552,1791356360.6246717,1791356359.6206715,1791356360.6206756,1791356359.6246686,1791356360.6246717,1791356332.1646721,GAZEBO_CLOCK_SYSTEM_INTERPOLATION,MAPPED_EXACT,0,28.452,1791356360.616672,0.001650094985961914,0.0,RGB,0.0,0,1,0,UNCALIBRATED,PREPARATION,FAR,TURNING,1.0,145,1.0,13.293458938598633,0.908901035785675,nan,nan,False,0.0,0.0,0.0,0.0,0,0,0,0,0,0.0,0.0,0.0,0.0,0.0,0.0,0.0,0.0,0.0,0.0,0.0,0.0,0.0,0.0,8.170332634708389,-9.712556043220209,3.9532223769044705,0.0,0.0,0.0,0.0,0.0,0.0,0.0,0.0,0.0,0.0,0.0,False,DISABLED,0,nan,nan,nan,nan,nan,nan,nan,nan,nan,nan,nan,nan,nan,nan,nan,nan,nan,nan,nan,nan,nan,nan,nan,nan,nan,nan,nan,nan,nan,nan,nan,nan,nan,nan,9.197156260331484,9.818964450810155,0.08773593169067667,0.04534113885457807,0.04534113885457807,0.04534113885457807,9.310689551643614,9.822225843133426,0.0992216507611399,-0.1135332913121303,-0.0032613923232709396,-0.011485719070463224,0.1135801255328208,0.11415939146043542,0.029385089874267578,False,DISABLED,none,MODEL_ORIGIN_FRAME_NOT_ESTABLISHED,nan,nan,nan,nan,nan,nan,nan,nan,nan,nan,nan,nan,nan,NOT_EVALUATED,nan,nan,nan,nan,DISABLED,nan,nan,nan,nan,nan,nan
1791356360.6646602,1791356360.6844292,1791356360.6960084,1791356360.6960447,front_rgbd_red_sphere,True,True,True,,28.5,28.5,1791356360.6844292,1791356360.6821673,1791356360.6646602,1791356360.6646602,1791356360.6646602,0.0,1791356359.6646976,1791356360.684674,1791356360.68552,1791356360.684674,1791356360.68552,1791356360.684674,1791356359.6606553,1791356360.684674,1791356359.6646976,1791356360.684674,1791356332.1646602,GAZEBO_CLOCK_SYSTEM_INTERPOLATION,MAPPED_EXACT,0,28.5,1791356360.6646602,0.002191781997680664,0.0,RGB,0.0,0,1,0,UNCALIBRATED,PREPARATION,FAR,TURNING,1.0,87,1.0,13.470956802368164,0.9123871326446533,nan,nan,False,0.0,0.0,0.0,0.0,0,0,0,0,0,0.0,0.0,0.0,0.0,0.0,0.0,0.0,0.0,0.0,0.0,0.0,0.0,0.0,0.0,8.242330654442789,-9.904093259286482,3.9293247592098224,0.0,0.0,0.0,0.0,0.0,0.0,0.0,0.0,0.0,0.0,0.0,False,DISABLED,0,nan,nan,nan,nan,nan,nan,nan,nan,nan,nan,nan,nan,nan,nan,nan,nan,nan,nan,nan,nan,nan,nan,nan,nan,nan,nan,nan,nan,nan,nan,nan,nan,nan,nan,9.254639882018013,10.007584359353368,0.09637468630577523,0.046100197612378754,0.046100197612378754,0.046100197612378754,9.365066887199758,10.006380791281078,0.10740321738687104,-0.11042700518174442,0.00120356807228994,-0.011028531081095819,0.11043356396274479,0.11098288402866607,0.019768953323364258,False,DISABLED,none,MODEL_ORIGIN_FRAME_NOT_ESTABLISHED,nan,nan,nan,nan,nan,nan,nan,nan,nan,nan,nan,nan,nan,NOT_EVALUATED,nan,nan,nan,nan,DISABLED,nan,nan,nan,nan,nan,nan
1791356360.716673,1791356360.7390618,1791356360.745025,1791356360.745065,front_rgbd_red_sphere,True,True,True,,28.552,28.552,1791356360.7390618,1791356360.7373297,1791356360.716673,1791356360.716673,1791356360.716673,0.0,1791356359.7046757,1791356360.7246764,1791356360.72552,1791356360.7246764,1791356360.72552,1791356360.7246764,1791356359.7006702,1791356360.7246764,1791356359.7046757,1791356360.7246764,1791356332.1646729,GAZEBO_CLOCK_SYSTEM_INTERPOLATION,MAPPED_EXACT,0,28.552,1791356360.716673,0.0027618408203125,0.0,RGB,0.0,0,1,0,UNCALIBRATED,PREPARATION,FAR,TURNING,1.0,35,1.0,13.649118423461914,0.9157042503356934,nan,nan,False,0.0,0.0,0.0,0.0,0,0,0,0,0,0.0,0.0,0.0,0.0,0.0,0.0,0.0,0.0,0.0,0.0,0.0,0.0,0.0,0.0,8.315482822153315,-10.09491024415111,3.9043510730961417,0.0,0.0,0.0,0.0,0.0,0.0,0.0,0.0,0.0,0.0,0.0,False,DISABLED,0,nan,nan,nan,nan,nan,nan,nan,nan,nan,nan,nan,nan,nan,nan,nan,nan,nan,nan,nan,nan,nan,nan,nan,nan,nan,nan,nan,nan,nan,nan,nan,nan,nan,nan,9.312638340828588,10.196090463978143,0.10413613168683666,0.046868431418613556,0.046868431418613556,0.046868431418613556,9.42546883792582,10.20547149407566,0.11557646829857551,-0.11283049709723159,-0.009381030097516785,-0.01144033661173885,0.11321980745831933,0.11379633606882426,0.022388935089111328,False,DISABLED,none,MODEL_ORIGIN_FRAME_NOT_ESTABLISHED,nan,nan,nan,nan,nan,nan,nan,nan,nan,nan,nan,nan,nan,NOT_EVALUATED,nan,nan,nan,nan,DISABLED,nan,nan,nan,nan,nan,nan
1791356360.764665,1791356360.796892,1791356360.8006275,1791356360.8006275,front_rgbd_red_sphere,False,False,True,TARGET_VECTOR_INVALID,28.6,28.6,1791356360.796892,1791356360.7845657,1791356360.764665,1791356360.764665,1791356360.764665,0.0,1791356359.7646706,1791356360.7806628,1791356360.78152,1791356360.7806628,1791356360.7855198,1791356360.7846756,1791356359.7646706,1791356360.7806628,1791356359.7646706,1791356360.7846756,1791356332.164665,GAZEBO_CLOCK_SYSTEM_INTERPOLATION,MAPPED_EXACT,0,28.6,1791356360.764665,0.0006344318389892578,0.0,RGB,0.0,0,1,0,UNCALIBRATED,PREPARATION,UNKNOWN,TURNING,0.0,0,0.0,nan,nan,nan,nan,False,0.0,0.0,0.0,0.0,0,0,0,0,0,0.0,0.0,0.0,0.0,0.0,0.0,0.0,0.0,0.0,0.0,0.0,0.0,0.0,0.0,0.0,0.0,0.0,0.0,0.0,0.0,0.0,0.0,0.0,0.0,0.0,0.0,0.0,0.0,False,DISABLED,0,nan,nan,nan,nan,nan,nan,nan,nan,nan,nan,nan,nan,nan,nan,nan,nan,nan,nan,nan,nan,nan,nan,nan,nan,nan,nan,nan,nan,nan,nan,nan,nan,nan,nan,nan,nan,nan,nan,nan,nan,9.48256395643984,10.38868754387543,0.12243420029313484,nan,nan,nan,nan,nan,0.0322270393371582,False,DISABLED,none,MODEL_ORIGIN_FRAME_NOT_ESTABLISHED,nan,nan,nan,nan,nan,nan,nan,nan,nan,nan,nan,nan,nan,NOT_EVALUATED,nan,nan,nan,nan,DISABLED,nan,nan,nan,nan,nan,nan
1791356360.8166687,1791356360.8391109,1791356360.8415182,1791356360.8415182,front_rgbd_red_sphere,False,False,True,IMAGE_INVALID,28.652,28.652,1791356360.8391109,1791356360.8371308,1791356360.8166687,1791356360.8166687,1791356360.8166687,0.0,1791356359.8246617,1791356360.8206804,1791356360.8215199,1791356360.8206804,1791356360.8255198,1791356360.8246753,1791356359.820674,1791356360.8206804,1791356359.8246617,1791356360.8246753,1791356332.1646688,GAZEBO_CLOCK_SYSTEM_INTERPOLATION,MAPPED_EXACT,0,28.652,1791356360.8166687,0.002823352813720703,0.0,RGB,0.0,0,1,0,UNCALIBRATED,PREPARATION,UNKNOWN,TURNING,0.0,0,0.0,nan,nan,nan,nan,False,0.0,0.0,0.0,0.0,0,0,0,0,0,0.0,0.0,0.0,0.0,0.0,0.0,0.0,0.0,0.0,0.0,0.0,0.0,0.0,0.0,0.0,0.0,0.0,0.0,0.0,0.0,0.0,0.0,0.0,0.0,0.0,0.0,0.0,0.0,False,DISABLED,0,nan,nan,nan,nan,nan,nan,nan,nan,nan,nan,nan,nan,nan,nan,nan,nan,nan,nan,nan,nan,nan,nan,nan,nan,nan,nan,nan,nan,nan,nan,nan,nan,nan,nan,nan,nan,nan,nan,nan,nan,9.545969806703756,10.586784140183845,0.1290797208661061,nan,nan,nan,nan,nan,0.022442102432250977,False,DISABLED,none,MODEL_ORIGIN_FRAME_NOT_ESTABLISHED,nan,nan,nan,nan,nan,nan,nan,nan,nan,nan,nan,nan,nan,NOT_EVALUATED,nan,nan,nan,nan,DISABLED,nan,nan,nan,nan,nan,nan
1791356360.8646855,1791356360.8917484,1791356360.8943183,1791356360.8943183,front_rgbd_red_sphere,False,False,True,IMAGE_INVALID,28.7,28.7,1791356360.883007,1791356360.8917484,1791356360.8646855,1791356360.8646855,1791356360.8646855,0.0,1791356359.8646758,1791356360.8846745,1791356360.88552,1791356360.8846745,1791356360.88552,1791356360.8846745,1791356359.8606546,1791356360.8846745,1791356359.8646758,1791356360.8846745,1791356332.1646855,GAZEBO_CLOCK_SYSTEM_INTERPOLATION,MAPPED_EXACT,0,28.7,1791356360.8646855,0.0034139156341552734,0.0,RGB,0.0,0,1,0,UNCALIBRATED,PREPARATION,UNKNOWN,TURNING,0.0,0,0.0,nan,nan,nan,nan,False,0.0,0.0,0.0,0.0,0,0,0,0,0,0.0,0.0,0.0,0.0,0.0,0.0,0.0,0.0,0.0,0.0,0.0,0.0,0.0,0.0,0.0,0.0,0.0,0.0,0.0,0.0,0.0,0.0,0.0,0.0,0.0,0.0,0.0,0.0,False,DISABLED,0,nan,nan,nan,nan,nan,nan,nan,nan,nan,nan,nan,nan,nan,nan,nan,nan,nan,nan,nan,nan,nan,nan,nan,nan,nan,nan,nan,nan,nan,nan,nan,nan,nan,nan,nan,nan,nan,nan,nan,nan,9.605937534873856,10.769234399386576,0.13445366232947165,nan,nan,nan,nan,nan,0.02706289291381836,False,DISABLED,none,MODEL_ORIGIN_FRAME_NOT_ESTABLISHED,nan,nan,nan,nan,nan,nan,nan,nan,nan,nan,nan,nan,nan,NOT_EVALUATED,nan,nan,nan,nan,DISABLED,nan,nan,nan,nan,nan,nan
1791356360.9166713,1791356360.9478047,1791356360.9515212,1791356360.9515212,front_rgbd_red_sphere,False,False,True,IMAGE_INVALID,28.752,28.752,1791356360.9478047,1791356360.946848,1791356360.9166713,1791356360.9166713,1791356360.9166713,0.0,1791356359.9246755,1791356360.924678,1791356360.92552,1791356360.924678,1791356360.92552,1791356360.924678,1791356359.9246755,1791356360.924678,1791356359.9246755,1791356360.924678,1791356332.1646712,GAZEBO_CLOCK_SYSTEM_INTERPOLATION,MAPPED_EXACT,0,28.752,1791356360.9166713,0.0033855438232421875,0.0,RGB,0.0,0,1,0,UNCALIBRATED,PREPARATION,UNKNOWN,TURNING,0.0,0,0.0,nan,nan,nan,nan,False,0.0,0.0,0.0,0.0,0,0,0,0,0,0.0,0.0,0.0,0.0,0.0,0.0,0.0,0.0,0.0,0.0,0.0,0.0,0.0,0.0,0.0,0.0,0.0,0.0,0.0,0.0,0.0,0.0,0.0,0.0,0.0,0.0,0.0,0.0,False,DISABLED,0,nan,nan,nan,nan,nan,nan,nan,nan,nan,nan,nan,nan,nan,nan,nan,nan,nan,nan,nan,nan,nan,nan,nan,nan,nan,nan,nan,nan,nan,nan,nan,nan,nan,nan,nan,nan,nan,nan,nan,nan,9.672439154725755,10.966270285495334,0.13940836722692637,nan,nan,nan,nan,nan,0.031133413314819336,False,DISABLED,none,MODEL_ORIGIN_FRAME_NOT_ESTABLISHED,nan,nan,nan,nan,nan,nan,nan,nan,nan,nan,nan,nan,nan,NOT_EVALUATED,nan,nan,nan,nan,DISABLED,nan,nan,nan,nan,nan,nan
1791356360.964696,1791356360.9930322,1791356360.9953878,1791356360.9953878,front_rgbd_red_sphere,False,False,True,IMAGE_INVALID,28.8,28.8,1791356360.9842424,1791356360.9930322,1791356360.964696,1791356360.964696,1791356360.964696,0.0,1791356359.9646788,1791356360.9806736,1791356360.98152,1791356360.9806736,1791356360.98552,1791356360.9846764,1791356359.9646788,1791356360.9806736,1791356359.9646788,1791356360.9846764,1791356332.164696,GAZEBO_CLOCK_SYSTEM_INTERPOLATION,MAPPED_EXACT,0,28.8,1791356360.964696,0.0008513927459716797,0.0,RGB,0.0,0,1,0,UNCALIBRATED,PREPARATION,UNKNOWN,TURNING,0.0,0,0.0,nan,nan,nan,nan,False,0.0,0.0,0.0,0.0,0,0,0,0,0,0.0,0.0,0.0,0.0,0.0,0.0,0.0,0.0,0.0,0.0,0.0,0.0,0.0,0.0,0.0,0.0,0.0,0.0,0.0,0.0,0.0,0.0,0.0,0.0,0.0,0.0,0.0,0.0,False,DISABLED,0,nan,nan,nan,nan,nan,nan,nan,nan,nan,nan,nan,nan,nan,nan,nan,nan,nan,nan,nan,nan,nan,nan,nan,nan,nan,nan,nan,nan,nan,nan,nan,nan,nan,nan,nan,nan,nan,nan,nan,nan,9.735332846988722,11.147775432727885,0.14316152970598667,nan,nan,nan,nan,nan,0.028336286544799805,False,DISABLED,none,MODEL_ORIGIN_FRAME_NOT_ESTABLISHED,nan,nan,nan,nan,nan,nan,nan,nan,nan,nan,nan,nan,nan,NOT_EVALUATED,nan,nan,nan,nan,DISABLED,nan,nan,nan,nan,nan,nan
1791356361.016673,1791356361.047235,1791356361.048902,1791356361.048902,front_rgbd_red_sphere,False,False,True,IMAGE_INVALID,28.852,28.852,1791356361.047235,1791356361.0461981,1791356361.016673,1791356361.016673,1791356361.016673,0.0,1791356360.0246737,1791356361.020675,1791356361.021519,1791356361.020675,1791356361.025519,1791356361.0246747,1791356360.0046773,1791356361.020675,1791356360.0246737,1791356361.0246747,1791356332.164673,GAZEBO_CLOCK_SYSTEM_INTERPOLATION,MAPPED_EXACT,0,28.852,1791356361.016673,0.0028100013732910156,0.0,RGB,0.0,0,1,0,UNCALIBRATED,PREPARATION,UNKNOWN,TURNING,0.0,0,0.0,nan,nan,nan,nan,False,0.0,0.0,0.0,0.0,0,0,0,0,0,0.0,0.0,0.0,0.0,0.0,0.0,0.0,0.0,0.0,0.0,0.0,0.0,0.0,0.0,0.0,0.0,0.0,0.0,0.0,0.0,0.0,0.0,0.0,0.0,0.0,0.0,0.0,0.0,False,DISABLED,0,nan,nan,nan,nan,nan,nan,nan,nan,nan,nan,nan,nan,nan,nan,nan,nan,nan,nan,nan,nan,nan,nan,nan,nan,nan,nan,nan,nan,nan,nan,nan,nan,nan,nan,nan,nan,nan,nan,nan,nan,9.805019190301117,11.343655444879413,0.1463039329271182,nan,nan,nan,nan,nan,0.03056192398071289,False,DISABLED,none,MODEL_ORIGIN_FRAME_NOT_ESTABLISHED,nan,nan,nan,nan,nan,nan,nan,nan,nan,nan,nan,nan,nan,NOT_EVALUATED,nan,nan,nan,nan,DISABLED,nan,nan,nan,nan,nan,nan
1791356361.064666,1791356361.091589,1791356361.0931907,1791356361.0931907,front_rgbd_red_sphere,False,False,True,IMAGE_INVALID,28.9,28.9,1791356361.091589,1791356361.080241,1791356361.064666,1791356361.064666,1791356361.064666,0.0,1791356360.0646756,1791356361.0846806,1791356361.0855188,1791356361.0846806,1791356361.0855188,1791356361.0846806,1791356360.060658,1791356361.0846806,1791356360.0646756,1791356361.0846806,1791356332.164666,GAZEBO_CLOCK_SYSTEM_INTERPOLATION,MAPPED_EXACT,0,28.9,1791356361.064666,0.0031120777130126953,0.0,RGB,0.0,0,1,0,UNCALIBRATED,PREPARATION,UNKNOWN,TURNING,0.0,0,0.0,nan,nan,nan,nan,False,0.0,0.0,0.0,0.0,0,0,0,0,0,0.0,0.0,0.0,0.0,0.0,0.0,0.0,0.0,0.0,0.0,0.0,0.0,0.0,0.0,0.0,0.0,0.0,0.0,0.0,0.0,0.0,0.0,0.0,0.0,0.0,0.0,0.0,0.0,False,DISABLED,0,nan,nan,nan,nan,nan,nan,nan,nan,nan,nan,nan,nan,nan,nan,nan,nan,nan,nan,nan,nan,nan,nan,nan,nan,nan,nan,nan,nan,nan,nan,nan,nan,nan,nan,nan,nan,nan,nan,nan,nan,9.870892924089558,11.524035281543307,0.1483425259731342,nan,nan,nan,nan,nan,0.026922941207885742,False,DISABLED,none,MODEL_ORIGIN_FRAME_NOT_ESTABLISHED,nan,nan,nan,nan,nan,nan,nan,nan,nan,nan,nan,nan,nan,NOT_EVALUATED,nan,nan,nan,nan,DISABLED,nan,nan,nan,nan,nan,nan
1791356361.1166713,1791356361.1499233,1791356361.1536708,1791356361.1536708,front_rgbd_red_sphere,False,False,True,IMAGE_INVALID,28.952,28.952,1791356361.1499233,1791356361.1478944,1791356361.1166713,1791356361.1166713,1791356361.1166713,0.0,1791356360.144661,1791356361.1406758,1791356361.1415188,1791356361.1406758,1791356361.145519,1791356361.144674,1791356360.14067,1791356361.1406758,1791356360.144661,1791356361.144674,1791356332.1646714,GAZEBO_CLOCK_SYSTEM_INTERPOLATION,MAPPED_EXACT,0,28.952,1791356361.1166713,0.002742767333984375,0.0,RGB,0.0,0,1,0,UNCALIBRATED,PREPARATION,UNKNOWN,TURNING,0.0,0,0.0,nan,nan,nan,nan,False,0.0,0.0,0.0,0.0,0,0,0,0,0,0.0,0.0,0.0,0.0,0.0,0.0,0.0,0.0,0.0,0.0,0.0,0.0,0.0,0.0,0.0,0.0,0.0,0.0,0.0,0.0,0.0,0.0,0.0,0.0,0.0,0.0,0.0,0.0,False,DISABLED,0,nan,nan,nan,nan,nan,nan,nan,nan,nan,nan,nan,nan,nan,nan,nan,nan,nan,nan,nan,nan,nan,nan,nan,nan,nan,nan,nan,nan,nan,nan,nan,nan,nan,nan,nan,nan,nan,nan,nan,nan,9.943921251436874,11.718823992791018,0.149596942758524,nan,nan,nan,nan,nan,0.03325200080871582,False,DISABLED,none,MODEL_ORIGIN_FRAME_NOT_ESTABLISHED,nan,nan,nan,nan,nan,nan,nan,nan,nan,nan,nan,nan,nan,NOT_EVALUATED,nan,nan,nan,nan,DISABLED,nan,nan,nan,nan,nan,nan
1791356361.1646624,1791356361.1949482,1791356361.1983027,1791356361.1983027,front_rgbd_red_sphere,False,False,True,IMAGE_INVALID,29.0,29.0,1791356361.1949482,1791356361.1940062,1791356361.1646624,1791356361.1646624,1791356361.1646624,0.0,1791356360.180669,1791356361.180676,1791356361.181519,1791356361.180676,1791356361.185519,1791356361.1846783,1791356360.180669,1791356361.180676,1791356360.1646721,1791356361.1846783,1791356332.1646624,GAZEBO_CLOCK_SYSTEM_INTERPOLATION,MAPPED_EXACT,0,29.0,1791356361.1646624,0.00275421142578125,0.0,RGB,0.0,0,1,0,UNCALIBRATED,PREPARATION,UNKNOWN,TURNING,0.0,0,0.0,nan,nan,nan,nan,False,0.0,0.0,0.0,0.0,0,0,0,0,0,0.0,0.0,0.0,0.0,0.0,0.0,0.0,0.0,0.0,0.0,0.0,0.0,0.0,0.0,0.0,0.0,0.0,0.0,0.0,0.0,0.0,0.0,0.0,0.0,0.0,0.0,0.0,0.0,False,DISABLED,0,nan,nan,nan,nan,nan,nan,nan,nan,nan,nan,nan,nan,nan,nan,nan,nan,nan,nan,nan,nan,nan,nan,nan,nan,nan,nan,nan,nan,nan,nan,nan,nan,nan,nan,nan,nan,nan,nan,nan,nan,10.012843090092174,11.897923821403504,0.14987145630238907,nan,nan,nan,nan,nan,0.03028583526611328,False,DISABLED,none,MODEL_ORIGIN_FRAME_NOT_ESTABLISHED,nan,nan,nan,nan,nan,nan,nan,nan,nan,nan,nan,nan,nan,NOT_EVALUATED,nan,nan,nan,nan,DISABLED,nan,nan,nan,nan,nan,nan
1791356361.2166717,1791356361.237183,1791356361.239142,1791356361.239142,front_rgbd_red_sphere,False,False,False,IMAGE_INVALID,29.052,29.052,1791356361.237183,1791356361.2360425,1791356361.2166717,1791356361.2166717,1791356361.2166717,0.0,1791356360.2246616,1791356361.220674,1791356361.221519,1791356361.220674,1791356361.225519,1791356361.2246704,1791356360.2046769,1791356361.220674,1791356360.2246616,1791356361.2246704,1791356332.1646717,GAZEBO_CLOCK_SYSTEM_INTERPOLATION,MAPPED_EXACT,0,29.052,1791356361.2166717,0.0010650157928466797,0.0,RGB,0.0,0,1,0,UNCALIBRATED,PREPARATION,UNKNOWN,TURNING,0.0,0,0.0,nan,nan,nan,nan,False,0.0,0.0,0.0,0.0,0,0,0,0,0,0.0,0.0,0.0,0.0,0.0,0.0,0.0,0.0,0.0,0.0,0.0,0.0,0.0,0.0,0.0,0.0,0.0,0.0,0.0,0.0,0.0,0.0,0.0,0.0,0.0,0.0,0.0,0.0,False,DISABLED,0,nan,nan,nan,nan,nan,nan,nan,nan,nan,nan,nan,nan,nan,nan,nan,nan,nan,nan,nan,nan,nan,nan,nan,nan,nan,nan,nan,nan,nan,nan,nan,nan,nan,nan,nan,nan,nan,nan,nan,nan,nan,nan,nan,nan,nan,nan,nan,nan,0.020511388778686523,False,DISABLED,none,MODEL_ORIGIN_FRAME_NOT_ESTABLISHED,nan,nan,nan,nan,nan,nan,nan,nan,nan,nan,nan,nan,nan,NOT_EVALUATED,nan,nan,nan,nan,DISABLED,nan,nan,nan,nan,nan,nan
1791356361.2646723,1791356361.2935302,1791356361.2949924,1791356361.2949924,front_rgbd_red_sphere,False,False,True,IMAGE_INVALID,29.1,29.1,1791356361.285598,1791356361.2935302,1791356361.2646723,1791356361.2646723,1791356361.2646723,0.0,1791356360.2646677,1791356361.2846835,1791356361.285519,1791356361.2846835,1791356361.285519,1791356361.2846835,1791356360.2606573,1791356361.2846835,1791356360.2646677,1791356361.2846835,1791356332.1646724,GAZEBO_CLOCK_SYSTEM_INTERPOLATION,MAPPED_EXACT,0,29.1,1791356361.2646723,0.0011205673217773438,0.0,RGB,0.0,0,1,0,UNCALIBRATED,PREPARATION,UNKNOWN,TURNING,0.0,0,0.0,nan,nan,nan,nan,False,0.0,0.0,0.0,0.0,0,0,0,0,0,0.0,0.0,0.0,0.0,0.0,0.0,0.0,0.0,0.0,0.0,0.0,0.0,0.0,0.0,0.0,0.0,0.0,0.0,0.0,0.0,0.0,0.0,0.0,0.0,0.0,0.0,0.0,0.0,False,DISABLED,0,nan,nan,nan,nan,nan,nan,nan,nan,nan,nan,nan,nan,nan,nan,nan,nan,nan,nan,nan,nan,nan,nan,nan,nan,nan,nan,nan,nan,nan,nan,nan,nan,nan,nan,nan,nan,nan,nan,nan,nan,10.161469372763486,12.2694408317046,0.14770914591763798,nan,nan,nan,nan,nan,0.028857946395874023,False,DISABLED,none,MODEL_ORIGIN_FRAME_NOT_ESTABLISHED,nan,nan,nan,nan,nan,nan,nan,nan,nan,nan,nan,nan,nan,NOT_EVALUATED,nan,nan,nan,nan,DISABLED,nan,nan,nan,nan,nan,nan
1791356361.3166685,1791356361.3455715,1791356361.3484623,1791356361.3484623,front_rgbd_red_sphere,False,False,True,IMAGE_INVALID,29.152,29.152,1791356361.337265,1791356361.3455715,1791356361.3166685,1791356361.3166685,1791356361.3166685,0.0,1791356360.3246746,1791356361.3246799,1791356361.3255188,1791356361.3246799,1791356361.3255188,1791356361.3246799,1791356360.3246746,1791356361.3246799,1791356360.3246746,1791356361.3246799,1791356332.1646686,GAZEBO_CLOCK_SYSTEM_INTERPOLATION,MAPPED_EXACT,0,29.152,1791356361.3166685,0.0014774799346923828,0.0,RGB,0.0,0,1,0,UNCALIBRATED,PREPARATION,UNKNOWN,TURNING,0.0,0,0.0,nan,nan,nan,nan,False,0.0,0.0,0.0,0.0,0,0,0,0,0,0.0,0.0,0.0,0.0,0.0,0.0,0.0,0.0,0.0,0.0,0.0,0.0,0.0,0.0,0.0,0.0,0.0,0.0,0.0,0.0,0.0,0.0,0.0,0.0,0.0,0.0,0.0,0.0,False,DISABLED,0,nan,nan,nan,nan,nan,nan,nan,nan,nan,nan,nan,nan,nan,nan,nan,nan,nan,nan,nan,nan,nan,nan,nan,nan,nan,nan,nan,nan,nan,nan,nan,nan,nan,nan,nan,nan,nan,nan,nan,nan,10.24132260588804,12.461270353506523,0.1451430091772666,nan,nan,nan,nan,nan,0.02890300750732422,False,DISABLED,none,MODEL_ORIGIN_FRAME_NOT_ESTABLISHED,nan,nan,nan,nan,nan,nan,nan,nan,nan,nan,nan,nan,nan,NOT_EVALUATED,nan,nan,nan,nan,DISABLED,nan,nan,nan,nan,nan,nan
1791356361.3646743,1791356361.392545,1791356361.394944,1791356361.394944,front_rgbd_red_sphere,False,False,True,IMAGE_INVALID,29.2,29.2,1791356361.3838782,1791356361.392545,1791356361.3646743,1791356361.3646743,1791356361.3646743,0.0,1791356360.3646688,1791356361.3806658,1791356361.3815188,1791356361.3806658,1791356361.385519,1791356361.3846645,1791356360.3646688,1791356361.3806658,1791356360.3646688,1791356361.3846645,1791356332.1646743,GAZEBO_CLOCK_SYSTEM_INTERPOLATION,MAPPED_EXACT,0,29.2,1791356361.3646743,0.00028061866760253906,0.0,RGB,0.0,0,1,0,UNCALIBRATED,PREPARATION,UNKNOWN,TURNING,0.0,0,0.0,nan,nan,nan,nan,False,0.0,0.0,0.0,0.0,0,0,0,0,0,0.0,0.0,0.0,0.0,0.0,0.0,0.0,0.0,0.0,0.0,0.0,0.0,0.0,0.0,0.0,0.0,0.0,0.0,0.0,0.0,0.0,0.0,0.0,0.0,0.0,0.0,0.0,0.0,False,DISABLED,0,nan,nan,nan,nan,nan,nan,nan,nan,nan,nan,nan,nan,nan,nan,nan,nan,nan,nan,nan,nan,nan,nan,nan,nan,nan,nan,nan,nan,nan,nan,nan,nan,nan,nan,nan,nan,nan,nan,nan,nan,10.316771717205196,12.637837584232939,0.14191408551526807,nan,nan,nan,nan,nan,0.027870655059814453,False,DISABLED,none,MODEL_ORIGIN_FRAME_NOT_ESTABLISHED,nan,nan,nan,nan,nan,nan,nan,nan,nan,nan,nan,nan,nan,NOT_EVALUATED,nan,nan,nan,nan,DISABLED,nan,nan,nan,nan,nan,nan
1791356361.4166696,1791356361.4455502,1791356361.4478176,1791356361.4478176,front_rgbd_red_sphere,False,False,True,IMAGE_INVALID,29.252,29.252,1791356361.4455502,1791356361.444438,1791356361.4166696,1791356361.4166696,1791356361.4166696,0.0,1791356360.424665,1791356361.4206731,1791356361.4215188,1791356361.4206731,1791356361.425519,1791356361.4246697,1791356360.4206717,1791356361.4206731,1791356360.424665,1791356361.4246697,1791356332.1646695,GAZEBO_CLOCK_SYSTEM_INTERPOLATION,MAPPED_EXACT,0,29.252,1791356361.4166696,0.0012023448944091797,0.0,RGB,0.0,0,1,0,UNCALIBRATED,PREPARATION,UNKNOWN,TURNING,0.0,0,0.0,nan,nan,nan,nan,False,0.0,0.0,0.0,0.0,0,0,0,0,0,0.0,0.0,0.0,0.0,0.0,0.0,0.0,0.0,0.0,0.0,0.0,0.0,0.0,0.0,0.0,0.0,0.0,0.0,0.0,0.0,0.0,0.0,0.0,0.0,0.0,0.0,0.0,0.0,False,DISABLED,0,nan,nan,nan,nan,nan,nan,nan,nan,nan,nan,nan,nan,nan,nan,nan,nan,nan,nan,nan,nan,nan,nan,nan,nan,nan,nan,nan,nan,nan,nan,nan,nan,nan,nan,nan,nan,nan,nan,nan,nan,10.400374334609664,12.82839849689602,0.13750288310503025,nan,nan,nan,nan,nan,0.028880596160888672,False,DISABLED,none,MODEL_ORIGIN_FRAME_NOT_ESTABLISHED,nan,nan,nan,nan,nan,nan,nan,nan,nan,nan,nan,nan,nan,NOT_EVALUATED,nan,nan,nan,nan,DISABLED,nan,nan,nan,nan,nan,nan
1791356361.4646842,1791356361.4942174,1791356361.4966028,1791356361.4966028,front_rgbd_red_sphere,False,False,True,IMAGE_INVALID,29.3,29.3,1791356361.4859524,1791356361.4942174,1791356361.4646842,1791356361.4646842,1791356361.4646842,0.0,1791356360.4846723,1791356361.4846778,1791356361.485519,1791356361.4846778,1791356361.485519,1791356361.4846778,1791356360.4846723,1791356361.4846778,1791356360.4846723,1791356361.4846778,1791356332.1646843,GAZEBO_CLOCK_SYSTEM_INTERPOLATION,MAPPED_EXACT,0,29.3,1791356361.4646842,0.0018787384033203125,0.0,RGB,0.0,0,1,0,UNCALIBRATED,PREPARATION,UNKNOWN,TURNING,0.0,0,0.0,nan,nan,nan,nan,False,0.0,0.0,0.0,0.0,0,0,0,0,0,0.0,0.0,0.0,0.0,0.0,0.0,0.0,0.0,0.0,0.0,0.0,0.0,0.0,0.0,0.0,0.0,0.0,0.0,0.0,0.0,0.0,0.0,0.0,0.0,0.0,0.0,0.0,0.0,False,DISABLED,0,nan,nan,nan,nan,nan,nan,nan,nan,nan,nan,nan,nan,nan,nan,nan,nan,nan,nan,nan,nan,nan,nan,nan,nan,nan,nan,nan,nan,nan,nan,nan,nan,nan,nan,nan,nan,nan,nan,nan,nan,10.479235387970293,13.003480514027254,0.1326189129083301,nan,nan,nan,nan,nan,0.02953314781188965,False,DISABLED,none,MODEL_ORIGIN_FRAME_NOT_ESTABLISHED,nan,nan,nan,nan,nan,nan,nan,nan,nan,nan,nan,nan,nan,NOT_EVALUATED,nan,nan,nan,nan,DISABLED,nan,nan,nan,nan,nan,nan
1791356361.516668,1791356361.536504,1791356361.538672,1791356361.538672,front_rgbd_red_sphere,False,False,False,IMAGE_INVALID,29.352,29.352,1791356361.536504,1791356361.535486,1791356361.516668,1791356361.516668,1791356361.516668,0.0,1791356360.524675,1791356361.524676,1791356361.525519,1791356361.524676,1791356361.525519,1791356361.524676,1791356360.524675,1791356361.524676,1791356360.524675,1791356361.524676,1791356332.164668,GAZEBO_CLOCK_SYSTEM_INTERPOLATION,MAPPED_EXACT,0,29.352,1791356361.516668,0.004158496856689453,0.0,RGB,0.0,0,1,0,UNCALIBRATED,PREPARATION,UNKNOWN,TURNING,0.0,0,0.0,nan,nan,nan,nan,False,0.0,0.0,0.0,0.0,0,0,0,0,0,0.0,0.0,0.0,0.0,0.0,0.0,0.0,0.0,0.0,0.0,0.0,0.0,0.0,0.0,0.0,0.0,0.0,0.0,0.0,0.0,0.0,0.0,0.0,0.0,0.0,0.0,0.0,0.0,False,DISABLED,0,nan,nan,nan,nan,nan,nan,nan,nan,nan,nan,nan,nan,nan,nan,nan,nan,nan,nan,nan,nan,nan,nan,nan,nan,nan,nan,nan,nan,nan,nan,nan,nan,nan,nan,nan,nan,nan,nan,nan,nan,nan,nan,nan,nan,nan,nan,nan,nan,0.019835948944091797,False,DISABLED,none,MODEL_ORIGIN_FRAME_NOT_ESTABLISHED,nan,nan,nan,nan,nan,nan,nan,nan,nan,nan,nan,nan,nan,NOT_EVALUATED,nan,nan,nan,nan,DISABLED,nan,nan,nan,nan,nan,nan
1791356361.5646667,1791356361.5858183,1791356361.5928676,1791356361.5928676,front_rgbd_red_sphere,False,False,True,IMAGE_INVALID,29.4,29.4,1791356361.5858183,1791356361.5835786,1791356361.5646667,1791356361.5646667,1791356361.5646667,0.0,1791356360.564668,1791356361.5806677,1791356361.581519,1791356361.5806677,1791356361.5855188,1791356361.584677,1791356360.564668,1791356361.5806677,1791356360.564668,1791356361.584677,1791356332.1646667,GAZEBO_CLOCK_SYSTEM_INTERPOLATION,MAPPED_EXACT,0,29.4,1791356361.5646667,0.0021865367889404297,0.0,RGB,0.0,0,1,0,UNCALIBRATED,PREPARATION,UNKNOWN,TURNING,0.0,0,0.0,nan,nan,nan,nan,False,0.0,0.0,0.0,0.0,0,0,0,0,0,0.0,0.0,0.0,0.0,0.0,0.0,0.0,0.0,0.0,0.0,0.0,0.0,0.0,0.0,0.0,0.0,0.0,0.0,0.0,0.0,0.0,0.0,0.0,0.0,0.0,0.0,0.0,0.0,False,DISABLED,0,nan,nan,nan,nan,nan,nan,nan,nan,nan,nan,nan,nan,nan,nan,nan,nan,nan,nan,nan,nan,nan,nan,nan,nan,nan,nan,nan,nan,nan,nan,nan,nan,nan,nan,nan,nan,nan,nan,nan,nan,10.648901213625017,13.365650135216901,0.12006225849307783,nan,nan,nan,nan,nan,0.02115154266357422,False,DISABLED,none,MODEL_ORIGIN_FRAME_NOT_ESTABLISHED,nan,nan,nan,nan,nan,nan,nan,nan,nan,nan,nan,nan,nan,NOT_EVALUATED,nan,nan,nan,nan,DISABLED,nan,nan,nan,nan,nan,nan
1791356361.6166716,1791356361.6385508,1791356361.6410573,1791356361.6410573,front_rgbd_red_sphere,False,False,False,IMAGE_INVALID,29.452,29.452,1791356361.6385508,1791356361.6365836,1791356361.6166716,1791356361.6166716,1791356361.6166716,0.0,1791356360.6246717,1791356361.6206758,1791356361.6215189,1791356361.6206758,1791356361.625519,1791356361.6246731,1791356360.6206756,1791356361.6206758,1791356360.6246717,1791356361.6246731,1791356332.1646717,GAZEBO_CLOCK_SYSTEM_INTERPOLATION,MAPPED_EXACT,0,29.452,1791356361.6166716,0.0024526119232177734,0.0,RGB,0.0,0,1,0,UNCALIBRATED,PREPARATION,UNKNOWN,TURNING,0.0,0,0.0,nan,nan,nan,nan,False,0.0,0.0,0.0,0.0,0,0,0,0,0,0.0,0.0,0.0,0.0,0.0,0.0,0.0,0.0,0.0,0.0,0.0,0.0,0.0,0.0,0.0,0.0,0.0,0.0,0.0,0.0,0.0,0.0,0.0,0.0,0.0,0.0,0.0,0.0,False,DISABLED,0,nan,nan,nan,nan,nan,nan,nan,nan,nan,nan,nan,nan,nan,nan,nan,nan,nan,nan,nan,nan,nan,nan,nan,nan,nan,nan,nan,nan,nan,nan,nan,nan,nan,nan,nan,nan,nan,nan,nan,nan,nan,nan,nan,nan,nan,nan,nan,nan,0.021879196166992188,False,DISABLED,none,MODEL_ORIGIN_FRAME_NOT_ESTABLISHED,nan,nan,nan,nan,nan,nan,nan,nan,nan,nan,nan,nan,nan,NOT_EVALUATED,nan,nan,nan,nan,DISABLED,nan,nan,nan,nan,nan,nan
1791356361.6646829,1791356361.6844873,1791356361.6930532,1791356361.6930532,front_rgbd_red_sphere,False,False,True,IMAGE_INVALID,29.5,29.5,1791356361.6844873,1791356361.682745,1791356361.6646829,1791356361.6646829,1791356361.6646829,0.0,1791356360.684674,1791356361.6846807,1791356361.685519,1791356361.6846807,1791356361.685519,1791356361.6846807,1791356360.684674,1791356361.6846807,1791356360.684674,1791356361.6846807,1791356332.1646829,GAZEBO_CLOCK_SYSTEM_INTERPOLATION,MAPPED_EXACT,0,29.5,1791356361.6646829,0.0022580623626708984,0.0,RGB,0.0,0,1,0,UNCALIBRATED,PREPARATION,UNKNOWN,TURNING,0.0,0,0.0,nan,nan,nan,nan,False,0.0,0.0,0.0,0.0,0,0,0,0,0,0.0,0.0,0.0,0.0,0.0,0.0,0.0,0.0,0.0,0.0,0.0,0.0,0.0,0.0,0.0,0.0,0.0,0.0,0.0,0.0,0.0,0.0,0.0,0.0,0.0,0.0,0.0,0.0,False,DISABLED,0,nan,nan,nan,nan,nan,nan,nan,nan,nan,nan,nan,nan,nan,nan,nan,nan,nan,nan,nan,nan,nan,nan,nan,nan,nan,nan,nan,nan,nan,nan,nan,nan,nan,nan,nan,nan,nan,nan,nan,nan,10.826079050252147,13.724196021444833,0.10455037328890376,nan,nan,nan,nan,nan,0.01980447769165039,False,DISABLED,none,MODEL_ORIGIN_FRAME_NOT_ESTABLISHED,nan,nan,nan,nan,nan,nan,nan,nan,nan,nan,nan,nan,nan,NOT_EVALUATED,nan,nan,nan,nan,DISABLED,nan,nan,nan,nan,nan,nan
1791356361.7166674,1791356361.747587,1791356361.7505686,1791356361.7505686,front_rgbd_red_sphere,False,False,True,IMAGE_INVALID,29.552,29.552,1791356361.747587,1791356361.7358856,1791356361.7166674,1791356361.7166674,1791356361.7166674,0.0,1791356360.7046778,1791356361.7246745,1791356361.725519,1791356361.7246745,1791356361.725519,1791356361.7246745,1791356360.7006779,1791356361.7246745,1791356360.7046778,1791356361.7246745,1791356332.1646674,GAZEBO_CLOCK_SYSTEM_INTERPOLATION,MAPPED_EXACT,0,29.552,1791356361.7166674,0.0032553672790527344,0.0,RGB,0.0,0,1,0,UNCALIBRATED,PREPARATION,UNKNOWN,TURNING,0.0,0,0.0,nan,nan,nan,nan,False,0.0,0.0,0.0,0.0,0,0,0,0,0,0.0,0.0,0.0,0.0,0.0,0.0,0.0,0.0,0.0,0.0,0.0,0.0,0.0,0.0,0.0,0.0,0.0,0.0,0.0,0.0,0.0,0.0,0.0,0.0,0.0,0.0,0.0,0.0,False,DISABLED,0,nan,nan,nan,nan,nan,nan,nan,nan,nan,nan,nan,nan,nan,nan,nan,nan,nan,nan,nan,nan,nan,nan,nan,nan,nan,nan,nan,nan,nan,nan,nan,nan,nan,nan,nan,nan,nan,nan,nan,nan,10.921329442699882,13.909218252192707,0.09543338162200843,nan,nan,nan,nan,nan,0.030919551849365234,False,DISABLED,none,MODEL_ORIGIN_FRAME_NOT_ESTABLISHED,nan,nan,nan,nan,nan,nan,nan,nan,nan,nan,nan,nan,nan,NOT_EVALUATED,nan,nan,nan,nan,DISABLED,nan,nan,nan,nan,nan,nan
1791356361.7646778,1791356361.792405,1791356361.793993,1791356361.793993,front_rgbd_red_sphere,False,False,True,IMAGE_INVALID,29.6,29.6,1791356361.792405,1791356361.7913382,1791356361.7646778,1791356361.7646778,1791356361.7646778,0.0,1791356360.7806628,1791356361.7806737,1791356361.781519,1791356361.7806737,1791356361.785519,1791356361.7846751,1791356360.7806628,1791356361.7806737,1791356360.764665,1791356361.7846751,1791356332.1646779,GAZEBO_CLOCK_SYSTEM_INTERPOLATION,MAPPED_EXACT,0,29.6,1791356361.7646778,0.004002094268798828,0.0,RGB,0.0,0,1,0,UNCALIBRATED,PREPARATION,UNKNOWN,TURNING,0.0,0,0.0,nan,nan,nan,nan,False,0.0,0.0,0.0,0.0,0,0,0,0,0,0.0,0.0,0.0,0.0,0.0,0.0,0.0,0.0,0.0,0.0,0.0,0.0,0.0,0.0,0.0,0.0,0.0,0.0,0.0,0.0,0.0,0.0,0.0,0.0,0.0,0.0,0.0,0.0,False,DISABLED,0,nan,nan,nan,nan,nan,nan,nan,nan,nan,nan,nan,nan,nan,nan,nan,nan,nan,nan,nan,nan,nan,nan,nan,nan,nan,nan,nan,nan,nan,nan,nan,nan,nan,nan,nan,nan,nan,nan,nan,nan,11.011091749828338,14.078911638229114,0.0864580547916748,nan,nan,nan,nan,nan,0.027727127075195312,False,DISABLED,none,MODEL_ORIGIN_FRAME_NOT_ESTABLISHED,nan,nan,nan,nan,nan,nan,nan,nan,nan,nan,nan,nan,nan,NOT_EVALUATED,nan,nan,nan,nan,DISABLED,nan,nan,nan,nan,nan,nan
1791356361.8166747,1791356361.8470583,1791356361.848409,1791356361.848409,front_rgbd_red_sphere,False,False,True,IMAGE_INVALID,29.652,29.652,1791356361.8470583,1791356361.846076,1791356361.8166747,1791356361.8166747,1791356361.8166747,0.0,1791356360.8046718,1791356361.8206763,1791356361.821519,1791356361.8206763,1791356361.8255188,1791356361.8246732,1791356360.8046718,1791356361.8206763,1791356360.8046718,1791356361.8246732,1791356332.1646748,GAZEBO_CLOCK_SYSTEM_INTERPOLATION,MAPPED_EXACT,0,29.652,1791356361.8166747,0.0025920867919921875,0.0,RGB,0.0,0,1,0,UNCALIBRATED,PREPARATION,UNKNOWN,TURNING,0.0,0,0.0,nan,nan,nan,nan,False,0.0,0.0,0.0,0.0,0,0,0,0,0,0.0,0.0,0.0,0.0,0.0,0.0,0.0,0.0,0.0,0.0,0.0,0.0,0.0,0.0,0.0,0.0,0.0,0.0,0.0,0.0,0.0,0.0,0.0,0.0,0.0,0.0,0.0,0.0,False,DISABLED,0,nan,nan,nan,nan,nan,nan,nan,nan,nan,nan,nan,nan,nan,nan,nan,nan,nan,nan,nan,nan,nan,nan,nan,nan,nan,nan,nan,nan,nan,nan,nan,nan,nan,nan,nan,nan,nan,nan,nan,nan,11.110413053416563,14.261597897280694,0.07618243662953124,nan,nan,nan,nan,nan,0.030383586883544922,False,DISABLED,none,MODEL_ORIGIN_FRAME_NOT_ESTABLISHED,nan,nan,nan,nan,nan,nan,nan,nan,nan,nan,nan,nan,nan,NOT_EVALUATED,nan,nan,nan,nan,DISABLED,nan,nan,nan,nan,nan,nan
1791356361.8646731,1791356361.8941886,1791356361.8954654,1791356361.8954654,front_rgbd_red_sphere,False,False,True,IMAGE_INVALID,29.7,29.7,1791356361.8941886,1791356361.893044,1791356361.8646731,1791356361.8646731,1791356361.8646731,0.0,1791356360.8646855,1791356361.8846705,1791356361.885519,1791356361.8846705,1791356361.885519,1791356361.8846705,1791356360.8606622,1791356361.8846705,1791356360.8646855,1791356361.8846705,1791356332.164673,GAZEBO_CLOCK_SYSTEM_INTERPOLATION,MAPPED_EXACT,0,29.7,1791356361.8646731,0.001712799072265625,0.0,RGB,0.0,0,1,0,UNCALIBRATED,PREPARATION,UNKNOWN,TURNING,0.0,0,0.0,nan,nan,nan,nan,False,0.0,0.0,0.0,0.0,0,0,0,0,0,0.0,0.0,0.0,0.0,0.0,0.0,0.0,0.0,0.0,0.0,0.0,0.0,0.0,0.0,0.0,0.0,0.0,0.0,0.0,0.0,0.0,0.0,0.0,0.0,0.0,0.0,0.0,0.0,False,DISABLED,0,nan,nan,nan,nan,nan,nan,nan,nan,nan,nan,nan,nan,nan,nan,nan,nan,nan,nan,nan,nan,nan,nan,nan,nan,nan,nan,nan,nan,nan,nan,nan,nan,nan,nan,nan,nan,nan,nan,nan,nan,11.204081100394056,14.429203700867355,0.06624298172373685,nan,nan,nan,nan,nan,0.029515504837036133,False,DISABLED,none,MODEL_ORIGIN_FRAME_NOT_ESTABLISHED,nan,nan,nan,nan,nan,nan,nan,nan,nan,nan,nan,nan,nan,NOT_EVALUATED,nan,nan,nan,nan,DISABLED,nan,nan,nan,nan,nan,nan
1791356361.9166727,1791356361.939184,1791356361.9407976,1791356361.9407976,front_rgbd_red_sphere,False,False,False,IMAGE_INVALID,29.752,29.752,1791356361.939184,1791356361.9372876,1791356361.9166727,1791356361.9166727,1791356361.9166727,0.0,1791356360.9046762,1791356361.924663,1791356361.925519,1791356361.924663,1791356361.925519,1791356361.924663,1791356360.9006739,1791356361.924663,1791356360.9046762,1791356361.924663,1791356332.1646726,GAZEBO_CLOCK_SYSTEM_INTERPOLATION,MAPPED_EXACT,0,29.752,1791356361.9166727,0.002809762954711914,0.0,RGB,0.0,0,1,0,UNCALIBRATED,PREPARATION,UNKNOWN,TURNING,0.0,0,0.0,nan,nan,nan,nan,False,0.0,0.0,0.0,0.0,0,0,0,0,0,0.0,0.0,0.0,0.0,0.0,0.0,0.0,0.0,0.0,0.0,0.0,0.0,0.0,0.0,0.0,0.0,0.0,0.0,0.0,0.0,0.0,0.0,0.0,0.0,0.0,0.0,0.0,0.0,False,DISABLED,0,nan,nan,nan,nan,nan,nan,nan,nan,nan,nan,nan,nan,nan,nan,nan,nan,nan,nan,nan,nan,nan,nan,nan,nan,nan,nan,nan,nan,nan,nan,nan,nan,nan,nan,nan,nan,nan,nan,nan,nan,nan,nan,nan,nan,nan,nan,nan,nan,0.02251124382019043,False,DISABLED,none,MODEL_ORIGIN_FRAME_NOT_ESTABLISHED,nan,nan,nan,nan,nan,nan,nan,nan,nan,nan,nan,nan,nan,NOT_EVALUATED,nan,nan,nan,nan,DISABLED,nan,nan,nan,nan,nan,nan
1791356361.964667,1791356361.9841256,1791356361.9861503,1791356361.9861503,front_rgbd_red_sphere,False,False,False,IMAGE_INVALID,29.8,29.8,1791356361.9841256,1791356361.981919,1791356361.964667,1791356361.964667,1791356361.964667,0.0,1791356360.9446735,1791356361.964667,1791356361.965519,1791356361.964667,1791356361.965519,1791356361.964667,1791356360.9406748,1791356361.964667,1791356360.9446735,1791356361.964667,1791356332.1646671,GAZEBO_CLOCK_SYSTEM_INTERPOLATION,MAPPED_EXACT,0,29.8,1791356361.964667,0.003755807876586914,0.0,RGB,0.0,0,1,0,UNCALIBRATED,PREPARATION,UNKNOWN,TURNING,0.0,0,0.0,nan,nan,nan,nan,False,0.0,0.0,0.0,0.0,0,0,0,0,0,0.0,0.0,0.0,0.0,0.0,0.0,0.0,0.0,0.0,0.0,0.0,0.0,0.0,0.0,0.0,0.0,0.0,0.0,0.0,0.0,0.0,0.0,0.0,0.0,0.0,0.0,0.0,0.0,False,DISABLED,0,nan,nan,nan,nan,nan,nan,nan,nan,nan,nan,nan,nan,nan,nan,nan,nan,nan,nan,nan,nan,nan,nan,nan,nan,nan,nan,nan,nan,nan,nan,nan,nan,nan,nan,nan,nan,nan,nan,nan,nan,nan,nan,nan,nan,nan,nan,nan,nan,0.019458532333374023,False,DISABLED,none,MODEL_ORIGIN_FRAME_NOT_ESTABLISHED,nan,nan,nan,nan,nan,nan,nan,nan,nan,nan,nan,nan,nan,NOT_EVALUATED,nan,nan,nan,nan,DISABLED,nan,nan,nan,nan,nan,nan
1791356362.0166683,1791356362.0475967,1791356362.0503197,1791356362.0503197,front_rgbd_red_sphere,False,False,True,IMAGE_INVALID,29.852,29.852,1791356362.0475967,1791356362.0466237,1791356362.0166683,1791356362.0166683,1791356362.0166683,0.0,1791356361.020675,1791356362.020677,1791356362.021518,1791356362.020677,1791356362.025518,1791356362.0246742,1791356361.020675,1791356362.020677,1791356361.0046723,1791356362.0246742,1791356332.1646683,GAZEBO_CLOCK_SYSTEM_INTERPOLATION,MAPPED_EXACT,0,29.852,1791356362.0166683,0.0032286643981933594,0.0,RGB,0.0,0,1,0,UNCALIBRATED,PREPARATION,UNKNOWN,TURNING,0.0,0,0.0,nan,nan,nan,nan,False,0.0,0.0,0.0,0.0,0,0,0,0,0,0.0,0.0,0.0,0.0,0.0,0.0,0.0,0.0,0.0,0.0,0.0,0.0,0.0,0.0,0.0,0.0,0.0,0.0,0.0,0.0,0.0,0.0,0.0,0.0,0.0,0.0,0.0,0.0,False,DISABLED,0,nan,nan,nan,nan,nan,nan,nan,nan,nan,nan,nan,nan,nan,nan,nan,nan,nan,nan,nan,nan,nan,nan,nan,nan,nan,nan,nan,nan,nan,nan,nan,nan,nan,nan,nan,nan,nan,nan,nan,nan,11.513483372665393,14.952577633660296,0.032563484386762306,nan,nan,nan,nan,nan,0.030928373336791992,False,DISABLED,none,MODEL_ORIGIN_FRAME_NOT_ESTABLISHED,nan,nan,nan,nan,nan,nan,nan,nan,nan,nan,nan,nan,nan,NOT_EVALUATED,nan,nan,nan,nan,DISABLED,nan,nan,nan,nan,nan,nan
1791356362.0646698,1791356362.084768,1791356362.0931098,1791356362.0931098,front_rgbd_red_sphere,False,False,True,IMAGE_INVALID,29.9,29.9,1791356362.084768,1791356362.0837061,1791356362.0646698,1791356362.0646698,1791356362.0646698,0.0,1791356361.0846806,1791356362.0847185,1791356362.085518,1791356362.0847185,1791356362.085518,1791356362.0847185,1791356361.0846806,1791356362.0847185,1791356361.0846806,1791356362.0847185,1791356332.1646698,GAZEBO_CLOCK_SYSTEM_INTERPOLATION,MAPPED_EXACT,0,29.9,1791356362.0646698,0.002361774444580078,0.0,RGB,0.0,0,1,0,UNCALIBRATED,PREPARATION,UNKNOWN,TURNING,0.0,0,0.0,nan,nan,nan,nan,False,0.0,0.0,0.0,0.0,0,0,0,0,0,0.0,0.0,0.0,0.0,0.0,0.0,0.0,0.0,0.0,0.0,0.0,0.0,0.0,0.0,0.0,0.0,0.0,0.0,0.0,0.0,0.0,0.0,0.0,0.0,0.0,0.0,0.0,0.0,False,DISABLED,0,nan,nan,nan,nan,nan,nan,nan,nan,nan,nan,nan,nan,nan,nan,nan,nan,nan,nan,nan,nan,nan,nan,nan,nan,nan,nan,nan,nan,nan,nan,nan,nan,nan,nan,nan,nan,nan,nan,nan,nan,11.61534558222318,15.115368543112341,0.021448440560930176,nan,nan,nan,nan,nan,0.020098209381103516,False,DISABLED,none,MODEL_ORIGIN_FRAME_NOT_ESTABLISHED,nan,nan,nan,nan,nan,nan,nan,nan,nan,nan,nan,nan,nan,NOT_EVALUATED,nan,nan,nan,nan,DISABLED,nan,nan,nan,nan,nan,nan
1791356362.1166728,1791356362.1474743,1791356362.1507788,1791356362.1507788,front_rgbd_red_sphere,False,False,True,IMAGE_INVALID,29.952,29.952,1791356362.1474743,1791356362.1365619,1791356362.1166728,1791356362.1166728,1791356362.1166728,0.0,1791356361.1046746,1791356362.1246693,1791356362.1255178,1791356362.1246693,1791356362.1255178,1791356362.1246693,1791356361.1006792,1791356362.1246693,1791356361.1046746,1791356362.1246693,1791356332.1646729,GAZEBO_CLOCK_SYSTEM_INTERPOLATION,MAPPED_EXACT,0,29.952,1791356362.1166728,0.003182649612426758,0.0,RGB,0.0,0,1,0,UNCALIBRATED,PREPARATION,UNKNOWN,TURNING,0.0,0,0.0,nan,nan,nan,nan,False,0.0,0.0,0.0,0.0,0,0,0,0,0,0.0,0.0,0.0,0.0,0.0,0.0,0.0,0.0,0.0,0.0,0.0,0.0,0.0,0.0,0.0,0.0,0.0,0.0,0.0,0.0,0.0,0.0,0.0,0.0,0.0,0.0,0.0,0.0,False,DISABLED,0,nan,nan,nan,nan,nan,nan,nan,nan,nan,nan,nan,nan,nan,nan,nan,nan,nan,nan,nan,nan,nan,nan,nan,nan,nan,nan,nan,nan,nan,nan,nan,nan,nan,nan,nan,nan,nan,nan,nan,nan,11.728010037531615,15.290265176448093,0.009270369665899222,nan,nan,nan,nan,nan,0.03080153465270996,False,DISABLED,none,MODEL_ORIGIN_FRAME_NOT_ESTABLISHED,nan,nan,nan,nan,nan,nan,nan,nan,nan,nan,nan,nan,nan,NOT_EVALUATED,nan,nan,nan,nan,DISABLED,nan,nan,nan,nan,nan,nan
1791356362.1646671,1791356362.196774,1791356362.1995282,1791356362.1995282,front_rgbd_red_sphere,False,False,True,IMAGE_INVALID,30.0,30.0,1791356362.196774,1791356362.1856565,1791356362.1646671,1791356362.1646671,1791356362.1646671,0.0,1791356361.1646624,1791356362.180671,1791356362.1815178,1791356362.180671,1791356362.185518,1791356362.1846757,1791356361.1646624,1791356362.180671,1791356361.1646624,1791356362.1846757,1791356332.1646671,GAZEBO_CLOCK_SYSTEM_INTERPOLATION,MAPPED_EXACT,0,30.0,1791356362.1646671,0.0006225109100341797,0.0,RGB,0.0,0,1,0,UNCALIBRATED,PREPARATION,UNKNOWN,TURNING,0.0,0,0.0,nan,nan,nan,nan,False,0.0,0.0,0.0,0.0,0,0,0,0,0,0.0,0.0,0.0,0.0,0.0,0.0,0.0,0.0,0.0,0.0,0.0,0.0,0.0,0.0,0.0,0.0,0.0,0.0,0.0,0.0,0.0,0.0,0.0,0.0,0.0,0.0,0.0,0.0,False,DISABLED,0,nan,nan,nan,nan,nan,nan,nan,nan,nan,nan,nan,nan,nan,nan,nan,nan,nan,nan,nan,nan,nan,nan,nan,nan,nan,nan,nan,nan,nan,nan,nan,nan,nan,nan,nan,nan,nan,nan,nan,nan,11.834106523856434,15.450207465490353,-0.002020789793159443,nan,nan,nan,nan,nan,0.032106876373291016,False,DISABLED,none,MODEL_ORIGIN_FRAME_NOT_ESTABLISHED,nan,nan,nan,nan,nan,nan,nan,nan,nan,nan,nan,nan,nan,NOT_EVALUATED,nan,nan,nan,nan,DISABLED,nan,nan,nan,nan,nan,nan
1791356362.2166731,1791356362.2366288,1791356362.239477,1791356362.239477,front_rgbd_red_sphere,False,False,False,IMAGE_INVALID,30.052,30.052,1791356362.2366288,1791356362.2353594,1791356362.2166731,1791356362.2166731,1791356362.2166731,0.0,1791356361.2246704,1791356362.220675,1791356362.2215178,1791356362.220675,1791356362.225518,1791356362.2246768,1791356361.220674,1791356362.220675,1791356361.2246704,1791356362.2246768,1791356332.164673,GAZEBO_CLOCK_SYSTEM_INTERPOLATION,MAPPED_EXACT,0,30.052,1791356362.2166731,0.0004885196685791016,0.0,RGB,0.0,0,1,0,UNCALIBRATED,PREPARATION,UNKNOWN,TURNING,0.0,0,0.0,nan,nan,nan,nan,False,0.0,0.0,0.0,0.0,0,0,0,0,0,0.0,0.0,0.0,0.0,0.0,0.0,0.0,0.0,0.0,0.0,0.0,0.0,0.0,0.0,0.0,0.0,0.0,0.0,0.0,0.0,0.0,0.0,0.0,0.0,0.0,0.0,0.0,0.0,False,DISABLED,0,nan,nan,nan,nan,nan,nan,nan,nan,nan,nan,nan,nan,nan,nan,nan,nan,nan,nan,nan,nan,nan,nan,nan,nan,nan,nan,nan,nan,nan,nan,nan,nan,nan,nan,nan,nan,nan,nan,nan,nan,nan,nan,nan,nan,nan,nan,nan,nan,0.01995563507080078,False,DISABLED,none,MODEL_ORIGIN_FRAME_NOT_ESTABLISHED,nan,nan,nan,nan,nan,nan,nan,nan,nan,nan,nan,nan,nan,NOT_EVALUATED,nan,nan,nan,nan,DISABLED,nan,nan,nan,nan,nan,nan
1791356362.2646623,1791356362.2938912,1791356362.2953014,1791356362.2953014,front_rgbd_red_sphere,False,False,True,IMAGE_INVALID,30.1,30.1,1791356362.2938912,1791356362.2929192,1791356362.2646623,1791356362.2646623,1791356362.2646623,0.0,1791356361.2646723,1791356362.284666,1791356362.285518,1791356362.284666,1791356362.285518,1791356362.284666,1791356361.260669,1791356362.284666,1791356361.2646723,1791356362.284666,1791356332.1646624,GAZEBO_CLOCK_SYSTEM_INTERPOLATION,MAPPED_EXACT,0,30.1,1791356362.2646623,0.0014612674713134766,0.0,RGB,0.0,0,1,0,UNCALIBRATED,PREPARATION,UNKNOWN,TURNING,0.0,0,0.0,nan,nan,nan,nan,False,0.0,0.0,0.0,0.0,0,0,0,0,0,0.0,0.0,0.0,0.0,0.0,0.0,0.0,0.0,0.0,0.0,0.0,0.0,0.0,0.0,0.0,0.0,0.0,0.0,0.0,0.0,0.0,0.0,0.0,0.0,0.0,0.0,0.0,0.0,False,DISABLED,0,nan,nan,nan,nan,nan,nan,nan,nan,nan,nan,nan,nan,nan,nan,nan,nan,nan,nan,nan,nan,nan,nan,nan,nan,nan,nan,nan,nan,nan,nan,nan,nan,nan,nan,nan,nan,nan,nan,nan,nan,12.062035250378443,15.778938764015951,-0.025443453810167622,nan,nan,nan,nan,nan,0.029228925704956055,False,DISABLED,none,MODEL_ORIGIN_FRAME_NOT_ESTABLISHED,nan,nan,nan,nan,nan,nan,nan,nan,nan,nan,nan,nan,nan,NOT_EVALUATED,nan,nan,nan,nan,DISABLED,nan,nan,nan,nan,nan,nan
1791356362.316665,1791356362.3781548,1791356362.3809173,1791356362.3809173,front_rgbd_red_sphere,False,False,True,IMAGE_INVALID,30.152,30.152,1791356362.3781548,1791356362.3762221,1791356362.316665,1791356362.316665,1791356362.316665,0.0,1791356361.364674,1791356362.3646753,1791356362.3655179,1791356362.3646753,1791356362.3655179,1791356362.3646753,1791356361.364674,1791356362.3646753,1791356361.364674,1791356362.3646753,1791356332.164665,GAZEBO_CLOCK_SYSTEM_INTERPOLATION,MAPPED_EXACT,0,30.152,1791356362.316665,0.0016942024230957031,0.0,RGB,0.0,0,1,0,UNCALIBRATED,PREPARATION,UNKNOWN,TURNING,0.0,0,0.0,nan,nan,nan,nan,False,0.0,0.0,0.0,0.0,0,0,0,0,0,0.0,0.0,0.0,0.0,0.0,0.0,0.0,0.0,0.0,0.0,0.0,0.0,0.0,0.0,0.0,0.0,0.0,0.0,0.0,0.0,0.0,0.0,0.0,0.0,0.0,0.0,0.0,0.0,False,DISABLED,0,nan,nan,nan,nan,nan,nan,nan,nan,nan,nan,nan,nan,nan,nan,nan,nan,nan,nan,nan,nan,nan,nan,nan,nan,nan,nan,nan,nan,nan,nan,nan,nan,nan,nan,nan,nan,nan,nan,nan,nan,12.184246925128889,15.947238292107038,-0.03741035661141447,nan,nan,nan,nan,nan,0.06148982048034668,False,DISABLED,none,MODEL_ORIGIN_FRAME_NOT_ESTABLISHED,nan,nan,nan,nan,nan,nan,nan,nan,nan,nan,nan,nan,nan,NOT_EVALUATED,nan,nan,nan,nan,DISABLED,nan,nan,nan,nan,nan,nan
1791356362.3646753,1791356362.4016027,1791356362.4041955,1791356362.4041955,front_rgbd_red_sphere,False,False,True,IMAGE_INVALID,30.2,30.2,1791356362.3928025,1791356362.4016027,1791356362.3646753,1791356362.3646753,1791356362.3646753,0.0,1791356361.3846645,1791356362.3848634,1791356362.381518,1791356362.3848634,1791356362.3855178,1791356362.388885,1791356361.3806658,1791356362.3848634,1791356361.3846645,1791356362.388885,1791356332.1646752,GAZEBO_CLOCK_SYSTEM_INTERPOLATION,MAPPED_EXACT,0,30.2,1791356362.3646753,0.0012807846069335938,0.0,RGB,0.0,0,1,0,UNCALIBRATED,PREPARATION,UNKNOWN,TURNING,0.0,0,0.0,nan,nan,nan,nan,False,0.0,0.0,0.0,0.0,0,0,0,0,0,0.0,0.0,0.0,0.0,0.0,0.0,0.0,0.0,0.0,0.0,0.0,0.0,0.0,0.0,0.0,0.0,0.0,0.0,0.0,0.0,0.0,0.0,0.0,0.0,0.0,0.0,0.0,0.0,False,DISABLED,0,nan,nan,nan,nan,nan,nan,nan,nan,nan,nan,nan,nan,nan,nan,nan,nan,nan,nan,nan,nan,nan,nan,nan,nan,nan,nan,nan,nan,nan,nan,nan,nan,nan,nan,nan,nan,nan,nan,nan,nan,12.299271367537,16.10080758674939,-0.04823002461212303,nan,nan,nan,nan,nan,0.03692746162414551,False,DISABLED,none,MODEL_ORIGIN_FRAME_NOT_ESTABLISHED,nan,nan,nan,nan,nan,nan,nan,nan,nan,nan,nan,nan,nan,NOT_EVALUATED,nan,nan,nan,nan,DISABLED,nan,nan,nan,nan,nan,nan
1791356362.4208446,1791356362.4384043,1791356362.4441094,1791356362.444151,front_rgbd_red_sphere,True,True,True,,30.252,30.252,1791356362.4384043,1791356362.4355707,1791356362.4208446,1791356362.4208446,1791356362.4208446,0.0,1791356361.4246697,1791356362.424856,1791356362.4215178,1791356362.424856,1791356362.425518,1791356362.4288483,1791356361.4206731,1791356362.424856,1791356361.4246697,1791356362.4288483,1791356332.1688445,GAZEBO_CLOCK_SYSTEM_INTERPOLATION,MAPPED_EXACT,0,30.252,1791356362.4208446,0.0019681453704833984,0.0,RGB,0.0,0,1,0,UNCALIBRATED,PREPARATION,FAR,TURNING,1.0,46,1.0,20.278308868408203,0.8937954306602478,nan,nan,False,0.0,0.0,0.0,0.0,0,0,0,0,0,0.0,0.0,0.0,0.0,0.0,0.0,0.0,0.0,0.0,0.0,0.0,0.0,0.0,0.0,12.703512810701293,-15.133508264458612,4.561526687197453,0.0,0.0,0.0,0.0,0.0,0.0,0.0,0.0,0.0,0.0,0.0,False,DISABLED,0,nan,nan,nan,nan,nan,nan,nan,nan,nan,nan,nan,nan,nan,nan,nan,nan,nan,nan,nan,nan,nan,nan,nan,nan,nan,nan,nan,nan,nan,nan,nan,nan,nan,nan,12.235862687473324,16.281680083969313,-0.08372055743462975,0.07996627877068828,0.07996627877068828,0.07996627877068828,12.436743652015274,16.278438885351104,-0.06054629398342747,-0.20088096454195004,0.00324119861820904,-0.023174263451202277,0.20090711108317413,0.20223924883734265,0.01755976676940918,False,DISABLED,none,MODEL_ORIGIN_FRAME_NOT_ESTABLISHED,nan,nan,nan,nan,nan,nan,nan,nan,nan,nan,nan,nan,nan,NOT_EVALUATED,nan,nan,nan,nan,DISABLED,nan,nan,nan,nan,nan,nan
1791356362.4688659,1791356362.4897714,1791356362.4997604,1791356362.4998088,front_rgbd_red_sphere,True,True,True,,30.3,30.3,1791356362.4897714,1791356362.4883852,1791356362.4688659,1791356362.4688659,1791356362.4688659,0.0,1791356361.4846778,1791356362.4889004,1791356362.485518,1791356362.4889004,1791356362.485518,1791356362.4889004,1791356361.4846778,1791356362.4889004,1791356361.4846778,1791356362.4889004,1791356332.168866,GAZEBO_CLOCK_SYSTEM_INTERPOLATION,MAPPED_EXACT,0,30.3,1791356362.4688659,0.0018463134765625,0.0,RGB,0.0,0,1,0,UNCALIBRATED,PREPARATION,FAR,TURNING,1.0,133,1.0,20.47994613647461,0.8776489496231079,nan,nan,False,0.0,0.0,0.0,0.0,0,0,0,0,0,0.0,0.0,0.0,0.0,0.0,0.0,0.0,0.0,0.0,0.0,0.0,0.0,0.0,0.0,13.085895382105317,-15.03576788536872,4.702466342991077,0.0,0.0,0.0,0.0,0.0,0.0,0.0,0.0,0.0,0.0,0.0,False,DISABLED,0,nan,nan,nan,nan,nan,nan,nan,nan,nan,nan,nan,nan,nan,nan,nan,nan,nan,nan,nan,nan,nan,nan,nan,nan,nan,nan,nan,nan,nan,nan,nan,nan,nan,nan,12.357656759655704,16.439933494090212,-0.09603912413401877,0.0811107289950927,0.0811107289950927,0.0811107289950927,12.556852069096484,16.42850849049228,-0.07071308412110555,-0.19919530944078012,0.011425003597931749,-0.02532604001291322,0.19952268545311058,0.20112361948104598,0.020905494689941406,False,DISABLED,none,MODEL_ORIGIN_FRAME_NOT_ESTABLISHED,nan,nan,nan,nan,nan,nan,nan,nan,nan,nan,nan,nan,nan,NOT_EVALUATED,nan,nan,nan,nan,DISABLED,nan,nan,nan,nan,nan,nan
1791356362.5208607,1791356362.5390239,1791356362.5430896,1791356362.543118,front_rgbd_red_sphere,True,True,True,,30.352,30.352,1791356362.5390239,1791356362.5365183,1791356362.5208607,1791356362.5208607,1791356362.5208607,0.0,1791356361.524676,1791356362.5288548,1791356362.525518,1791356362.5288548,1791356362.525518,1791356362.5288548,1791356361.524676,1791356362.5288548,1791356361.524676,1791356362.5288548,1791356332.1688607,GAZEBO_CLOCK_SYSTEM_INTERPOLATION,MAPPED_EXACT,0,30.352,1791356362.5208607,0.002512693405151367,0.0,RGB,0.0,0,1,0,UNCALIBRATED,PREPARATION,FAR,TURNING,1.0,121,1.0,20.681007385253906,0.8589926362037659,nan,nan,False,0.0,0.0,0.0,0.0,0,0,0,0,0,0.0,0.0,0.0,0.0,0.0,0.0,0.0,0.0,0.0,0.0,0.0,0.0,0.0,0.0,13.508845259789142,-14.88737001949604,4.856063761183513,0.0,0.0,0.0,0.0,0.0,0.0,0.0,0.0,0.0,0.0,0.0,False,DISABLED,0,nan,nan,nan,nan,nan,nan,nan,nan,nan,nan,nan,nan,nan,nan,nan,nan,nan,nan,nan,nan,nan,nan,nan,nan,nan,nan,nan,nan,nan,nan,nan,nan,nan,nan,12.481481313911853,16.595651611695004,-0.10776029315631724,0.08226001501482127,0.08226001501482127,0.08226001501482127,12.68931006806094,16.588717986011012,-0.08125549787288322,-0.2078287541490873,0.0069336256839918065,-0.026504795283434024,0.2079443825071682,0.20962674063512085,0.018163204193115234,False,DISABLED,none,MODEL_ORIGIN_FRAME_NOT_ESTABLISHED,nan,nan,nan,nan,nan,nan,nan,nan,nan,nan,nan,nan,nan,NOT_EVALUATED,nan,nan,nan,nan,DISABLED,nan,nan,nan,nan,nan,nan
1791356362.5688589,1791356362.5989506,1791356362.6047437,1791356362.6047916,front_rgbd_red_sphere,True,True,True,,30.4,30.4,1791356362.5989506,1791356362.587894,1791356362.5688589,1791356362.5688589,1791356362.5688589,0.0,1791356361.584677,1791356362.5848656,1791356362.581518,1791356362.5848656,1791356362.585518,1791356362.5888577,1791356361.5806677,1791356362.5848656,1791356361.584677,1791356362.5888577,1791356332.1688588,GAZEBO_CLOCK_SYSTEM_INTERPOLATION,MAPPED_EXACT,0,30.4,1791356362.5688589,0.0027201175689697266,0.0,RGB,0.0,0,1,0,UNCALIBRATED,PREPARATION,FAR,TURNING,1.0,108,1.0,20.882675170898438,0.8406314253807068,nan,nan,False,0.0,0.0,0.0,0.0,0,0,0,0,0,0.0,0.0,0.0,0.0,0.0,0.0,0.0,0.0,0.0,0.0,0.0,0.0,0.0,0.0,13.928587951250298,-14.727849472568597,5.017075100576384,0.0,0.0,0.0,0.0,0.0,0.0,0.0,0.0,0.0,0.0,0.0,False,DISABLED,0,nan,nan,nan,nan,nan,nan,nan,nan,nan,nan,nan,nan,nan,nan,nan,nan,nan,nan,nan,nan,nan,nan,nan,nan,nan,nan,nan,nan,nan,nan,nan,nan,nan,nan,12.609930291485597,16.749502116728628,-0.11931772013498149,0.0834208970218692,0.0834208970218692,0.0834208970218692,12.814067761489923,16.734665692264418,-0.09051123262850316,-0.20413747000432636,0.014836424464210296,-0.028806487506478323,0.20467590515409834,0.2066931055287291,0.03009176254272461,False,DISABLED,none,MODEL_ORIGIN_FRAME_NOT_ESTABLISHED,nan,nan,nan,nan,nan,nan,nan,nan,nan,nan,nan,nan,nan,NOT_EVALUATED,nan,nan,nan,nan,DISABLED,nan,nan,nan,nan,nan,nan
1791356362.6208565,1791356362.6385026,1791356362.6428537,1791356362.642891,front_rgbd_red_sphere,True,True,True,,30.452,30.452,1791356362.6385026,1791356362.6357565,1791356362.6208565,1791356362.6208565,1791356362.6208565,0.0,1791356361.6246731,1791356362.624862,1791356362.621518,1791356362.624862,1791356362.6255178,1791356362.6288574,1791356361.6206758,1791356362.624862,1791356361.6246731,1791356362.6288574,1791356332.1688566,GAZEBO_CLOCK_SYSTEM_INTERPOLATION,MAPPED_EXACT,0,30.452,1791356362.6208565,0.002096414566040039,0.0,RGB,0.0,0,1,0,UNCALIBRATED,PREPARATION,FAR,TURNING,1.0,102,1.0,21.083955764770508,0.8192216753959656,nan,nan,False,0.0,0.0,0.0,0.0,0,0,0,0,0,0.0,0.0,0.0,0.0,0.0,0.0,0.0,0.0,0.0,0.0,0.0,0.0,0.0,0.0,14.39591622207828,-14.499669213431837,5.200999175968226,0.0,0.0,0.0,0.0,0.0,0.0,0.0,0.0,0.0,0.0,0.0,False,DISABLED,0,nan,nan,nan,nan,nan,nan,nan,nan,nan,nan,nan,nan,nan,nan,nan,nan,nan,nan,nan,nan,nan,nan,nan,nan,nan,nan,nan,nan,nan,nan,nan,nan,nan,nan,12.740586575456748,16.901142303971028,-0.12978333880058884,0.08458765007351732,0.08458765007351732,0.08458765007351732,12.951851765584445,16.89051559660838,-0.09996043293328882,-0.21126519012769762,0.010626707362646926,-0.02982290586730002,0.21153228469683666,0.21362423360525695,0.017646074295043945,False,DISABLED,none,MODEL_ORIGIN_FRAME_NOT_ESTABLISHED,nan,nan,nan,nan,nan,nan,nan,nan,nan,nan,nan,nan,nan,NOT_EVALUATED,nan,nan,nan,nan,DISABLED,nan,nan,nan,nan,nan,nan
1791356362.6688545,1791356362.690466,1791356362.697222,1791356362.6972704,front_rgbd_red_sphere,True,True,True,,30.5,30.5,1791356362.690466,1791356362.6882753,1791356362.6688545,1791356362.6688545,1791356362.6688545,0.0,1791356361.6846807,1791356362.6888518,1791356362.685518,1791356362.6888518,1791356362.685518,1791356362.6888518,1791356361.6846807,1791356362.6888518,1791356361.6846807,1791356362.6888518,1791356332.1688545,GAZEBO_CLOCK_SYSTEM_INTERPOLATION,MAPPED_EXACT,0,30.5,1791356362.6688545,0.0012826919555664062,0.0,RGB,0.0,0,1,0,UNCALIBRATED,PREPARATION,FAR,TURNING,1.0,91,1.0,21.285154342651367,0.7979832291603088,nan,nan,False,0.0,0.0,0.0,0.0,0,0,0,0,0,0.0,0.0,0.0,0.0,0.0,0.0,0.0,0.0,0.0,0.0,0.0,0.0,0.0,0.0,14.860273680581432,-14.253966622616,5.390224185964174,0.0,0.0,0.0,0.0,0.0,0.0,0.0,0.0,0.0,0.0,0.0,False,DISABLED,0,nan,nan,nan,nan,nan,nan,nan,nan,nan,nan,nan,nan,nan,nan,nan,nan,nan,nan,nan,nan,nan,nan,nan,nan,nan,nan,nan,nan,nan,nan,nan,nan,nan,nan,12.875680889604096,17.04986991662824,-0.1389113831020305,0.08576202920113857,0.08576202920113857,0.08576202920113857,13.081478966649179,17.032141285858668,-0.10808777904274817,-0.2057980770450829,0.01772863076957165,-0.03082360405928232,0.20656028869174656,0.20884742620300853,0.021611452102661133,False,DISABLED,none,MODEL_ORIGIN_FRAME_NOT_ESTABLISHED,nan,nan,nan,nan,nan,nan,nan,nan,nan,nan,nan,nan,nan,NOT_EVALUATED,nan,nan,nan,nan,DISABLED,nan,nan,nan,nan,nan,nan
1791356362.720855,1791356362.7421942,1791356362.7475169,1791356362.7475564,front_rgbd_red_sphere,True,True,True,,30.552,30.552,1791356362.7421942,1791356362.7402813,1791356362.720855,1791356362.720855,1791356362.720855,0.0,1791356361.7246745,1791356362.7288456,1791356362.725518,1791356362.7288456,1791356362.725518,1791356362.7288456,1791356361.7246745,1791356362.7288456,1791356361.7246745,1791356362.7288456,1791356332.168855,GAZEBO_CLOCK_SYSTEM_INTERPOLATION,MAPPED_EXACT,0,30.552,1791356362.720855,0.001730203628540039,0.0,RGB,0.0,0,1,0,UNCALIBRATED,PREPARATION,FAR,TURNING,1.0,85,1.0,21.485891342163086,0.773431122303009,nan,nan,False,0.0,0.0,0.0,0.0,0,0,0,0,0,0.0,0.0,0.0,0.0,0.0,0.0,0.0,0.0,0.0,0.0,0.0,0.0,0.0,0.0,15.37354030612049,-13.926245197017627,5.599773346113814,0.0,0.0,0.0,0.0,0.0,0.0,0.0,0.0,0.0,0.0,0.0,False,DISABLED,0,nan,nan,nan,nan,nan,nan,nan,nan,nan,nan,nan,nan,nan,nan,nan,nan,nan,nan,nan,nan,nan,nan,nan,nan,nan,nan,nan,nan,nan,nan,nan,nan,nan,nan,13.01186416874586,17.196936085400097,-0.1475450614095583,0.08694177629798286,0.08694177629798286,0.08694177629798286,13.22458077393723,17.183105918624033,-0.11620241425247478,-0.21271660519137114,0.013830166776063635,-0.03134264715708353,0.21316572810185835,0.2154576273145345,0.02133917808532715,False,DISABLED,none,MODEL_ORIGIN_FRAME_NOT_ESTABLISHED,nan,nan,nan,nan,nan,nan,nan,nan,nan,nan,nan,nan,nan,NOT_EVALUATED,nan,nan,nan,nan,DISABLED,nan,nan,nan,nan,nan,nan
1791356362.7688591,1791356362.7909648,1791356362.7947798,1791356362.794802,front_rgbd_red_sphere,True,True,True,,30.6,30.6,1791356362.7909648,1791356362.7891262,1791356362.7688591,1791356362.7688591,1791356362.7688591,0.0,1791356361.7646778,1791356362.7688594,1791356362.765518,1791356362.7688594,1791356362.765518,1791356362.7688594,1791356361.7646778,1791356362.7688594,1791356361.7646778,1791356362.7688594,1791356332.1688592,GAZEBO_CLOCK_SYSTEM_INTERPOLATION,MAPPED_EXACT,0,30.6,1791356362.7688591,0.00235748291015625,0.0,RGB,0.0,0,1,0,UNCALIBRATED,PREPARATION,FAR,TURNING,1.0,77,1.0,21.68654441833496,0.7494826912879944,nan,nan,False,0.0,0.0,0.0,0.0,0,0,0,0,0,0.0,0.0,0.0,0.0,0.0,0.0,0.0,0.0,0.0,0.0,0.0,0.0,0.0,0.0,15.87544816500362,-13.585290921136215,5.806566585089795,0.0,0.0,0.0,0.0,0.0,0.0,0.0,0.0,0.0,0.0,0.0,False,DISABLED,0,nan,nan,nan,nan,nan,nan,nan,nan,nan,nan,nan,nan,nan,nan,nan,nan,nan,nan,nan,nan,nan,nan,nan,nan,nan,nan,nan,nan,nan,nan,nan,nan,nan,nan,13.151758868397566,17.341382067726208,-0.1546627468562815,0.08812909065661376,0.08812909065661376,0.08812909065661376,13.359196963511556,17.320078543606662,-0.12300395860145272,-0.20743809511398936,0.021303524119545614,-0.03165878825482879,0.20852914291396432,0.2109186628020305,0.022105693817138672,False,DISABLED,none,MODEL_ORIGIN_FRAME_NOT_ESTABLISHED,nan,nan,nan,nan,nan,nan,nan,nan,nan,nan,nan,nan,nan,NOT_EVALUATED,nan,nan,nan,nan,DISABLED,nan,nan,nan,nan,nan,nan
1791356362.8208601,1791356362.8389988,1791356362.8448336,1791356362.844881,front_rgbd_red_sphere,True,True,True,,30.652,30.652,1791356362.8389988,1791356362.8372002,1791356362.8208601,1791356362.8208601,1791356362.8208601,0.0,1791356361.8246732,1791356362.8248594,1791356362.821518,1791356362.8248594,1791356362.825518,1791356362.8288522,1791356361.8206763,1791356362.8248594,1791356361.8246732,1791356362.8288522,1791356332.1688602,GAZEBO_CLOCK_SYSTEM_INTERPOLATION,MAPPED_EXACT,0,30.652,1791356362.8208601,0.0026221275329589844,0.0,RGB,0.0,0,1,0,UNCALIBRATED,PREPARATION,FAR,TURNING,1.0,71,1.0,21.88683319091797,0.7223950624465942,nan,nan,False,0.0,0.0,0.0,0.0,0,0,0,0,0,0.0,0.0,0.0,0.0,0.0,0.0,0.0,0.0,0.0,0.0,0.0,0.0,0.0,0.0,16.420033579967512,-13.156563826993054,6.026670376699249,0.0,0.0,0.0,0.0,0.0,0.0,0.0,0.0,0.0,0.0,0.0,False,DISABLED,0,nan,nan,nan,nan,nan,nan,nan,nan,nan,nan,nan,nan,nan,nan,nan,nan,nan,nan,nan,nan,nan,nan,nan,nan,nan,nan,nan,nan,nan,nan,nan,nan,nan,nan,13.293100899102848,17.48382424882291,-0.16142024678245231,0.08932227479352782,0.08932227479352782,0.08932227479352782,13.50759678983677,17.465649877594196,-0.12958046829128128,-0.2144958907339216,0.01817437122871368,-0.031839778491171034,0.21526447665905662,0.21760644844687937,0.018138647079467773,False,DISABLED,none,MODEL_ORIGIN_FRAME_NOT_ESTABLISHED,nan,nan,nan,nan,nan,nan,nan,nan,nan,nan,nan,nan,nan,NOT_EVALUATED,nan,nan,nan,nan,DISABLED,nan,nan,nan,nan,nan,nan
1791356362.86886,1791356362.8924553,1791356362.897902,1791356362.89793,front_rgbd_red_sphere,True,True,True,,30.7,30.7,1791356362.8924553,1791356362.8904226,1791356362.86886,1791356362.86886,1791356362.86886,0.0,1791356361.8846705,1791356362.8888693,1791356362.8855178,1791356362.8888693,1791356362.8855178,1791356362.8888693,1791356361.8846705,1791356362.8888693,1791356361.8846705,1791356362.8888693,1791356332.16886,GAZEBO_CLOCK_SYSTEM_INTERPOLATION,MAPPED_EXACT,0,30.7,1791356362.86886,0.0017194747924804688,0.0,RGB,0.0,0,1,0,UNCALIBRATED,PREPARATION,FAR,TURNING,1.0,64,1.0,22.087547302246094,0.6965647339820862,nan,nan,False,0.0,0.0,0.0,0.0,0,0,0,0,0,0.0,0.0,0.0,0.0,0.0,0.0,0.0,0.0,0.0,0.0,0.0,0.0,0.0,0.0,16.942269303848843,-12.72468725979438,6.237112722997939,0.0,0.0,0.0,0.0,0.0,0.0,0.0,0.0,0.0,0.0,0.0,False,DISABLED,0,nan,nan,nan,nan,nan,nan,nan,nan,nan,nan,nan,nan,nan,nan,nan,nan,nan,nan,nan,nan,nan,nan,nan,nan,nan,nan,nan,nan,nan,nan,nan,nan,nan,nan,13.438514141773236,17.623675730344765,-0.1673190704988316,0.09052604812976905,0.09052604812976905,0.09052604812976905,13.647116757216459,17.597439663567133,-0.1348833118640311,-0.20860261544322256,0.02623606677763135,-0.0324357586348005,0.21024600440843894,0.21273330911713934,0.023595333099365234,False,DISABLED,none,MODEL_ORIGIN_FRAME_NOT_ESTABLISHED,nan,nan,nan,nan,nan,nan,nan,nan,nan,nan,nan,nan,nan,NOT_EVALUATED,nan,nan,nan,nan,DISABLED,nan,nan,nan,nan,nan,nan
1791356362.9208615,1791356362.940092,1791356362.9449582,1791356362.9449856,front_rgbd_red_sphere,True,True,True,,30.752,30.752,1791356362.940092,1791356362.9387174,1791356362.9208615,1791356362.9208615,1791356362.9208615,0.0,1791356361.924663,1791356362.9288466,1791356362.925518,1791356362.9288466,1791356362.925518,1791356362.9288466,1791356361.924663,1791356362.9288466,1791356361.924663,1791356362.9288466,1791356332.1688614,GAZEBO_CLOCK_SYSTEM_INTERPOLATION,MAPPED_EXACT,0,30.752,1791356362.9208615,0.003654003143310547,0.0,RGB,0.0,0,1,0,UNCALIBRATED,PREPARATION,FAR,TURNING,1.0,60,1.0,22.287824630737305,0.6680701375007629,nan,nan,False,0.0,0.0,0.0,0.0,0,0,0,0,0,0.0,0.0,0.0,0.0,0.0,0.0,0.0,0.0,0.0,0.0,0.0,0.0,0.0,0.0,17.496358220653963,-12.20478775991672,6.455057149068803,0.0,0.0,0.0,0.0,0.0,0.0,0.0,0.0,0.0,0.0,0.0,False,DISABLED,0,nan,nan,nan,nan,nan,nan,nan,nan,nan,nan,nan,nan,nan,nan,nan,nan,nan,nan,nan,nan,nan,nan,nan,nan,nan,nan,nan,nan,nan,nan,nan,nan,nan,nan,13.584407916031605,17.761712250793128,-0.1726861294759589,0.09173523633662858,0.09173523633662858,0.09173523633662858,13.801014902518698,17.737343790428017,-0.1397686218590959,-0.21660698648709342,0.024368460365110423,-0.03291750761686302,0.21797341226761083,0.2204449381666362,0.01923060417175293,False,DISABLED,none,MODEL_ORIGIN_FRAME_NOT_ESTABLISHED,nan,nan,nan,nan,nan,nan,nan,nan,nan,nan,nan,nan,nan,NOT_EVALUATED,nan,nan,nan,nan,DISABLED,nan,nan,nan,nan,nan,nan
1791356362.9688518,1791356362.9943953,1791356363.0007043,1791356363.0007489,front_rgbd_red_sphere,True,True,True,,30.8,30.8,1791356362.9943953,1791356362.9926534,1791356362.9688518,1791356362.9688518,1791356362.9688518,0.0,1791356361.984681,1791356362.9848773,1791356362.981518,1791356362.9848773,1791356362.985518,1791356362.9888575,1791356361.9806993,1791356362.9848773,1791356361.984681,1791356362.9888575,1791356332.1688519,GAZEBO_CLOCK_SYSTEM_INTERPOLATION,MAPPED_EXACT,0,30.8,1791356362.9688518,0.0023794174194335938,0.0,RGB,0.0,0,1,0,UNCALIBRATED,PREPARATION,FAR,TURNING,1.0,54,1.0,22.4879150390625,0.6415222883224487,nan,nan,False,0.0,0.0,0.0,0.0,0,0,0,0,0,0.0,0.0,0.0,0.0,0.0,0.0,0.0,0.0,0.0,0.0,0.0,0.0,0.0,0.0,18.01699610190235,-11.693522335239038,6.660005105906417,0.0,0.0,0.0,0.0,0.0,0.0,0.0,0.0,0.0,0.0,0.0,False,DISABLED,0,nan,nan,nan,nan,nan,nan,nan,nan,nan,nan,nan,nan,nan,nan,nan,nan,nan,nan,nan,nan,nan,nan,nan,nan,nan,nan,nan,nan,nan,nan,nan,nan,nan,nan,13.734050759230243,17.896690878901424,-0.1778419223171403,0.0929512906958592,0.0929512906958592,0.0929512906958592,13.945630641381262,17.86369381366415,-0.14344811801889523,-0.2115798821510193,0.03299706523727508,-0.03439380429824507,0.21413746249853668,0.21688196471679747,0.0255434513092041,False,DISABLED,none,MODEL_ORIGIN_FRAME_NOT_ESTABLISHED,nan,nan,nan,nan,nan,nan,nan,nan,nan,nan,nan,nan,nan,NOT_EVALUATED,nan,nan,nan,nan,DISABLED,nan,nan,nan,nan,nan,nan
1791356363.020857,1791356363.0514305,1791356363.056745,1791356363.0567749,front_rgbd_red_sphere,True,True,True,,30.852,30.852,1791356363.0514305,1791356363.0392852,1791356363.020857,1791356363.020857,1791356363.020857,0.0,1791356362.0246742,1791356363.0248532,1791356363.02153,1791356363.0248532,1791356363.0255299,1791356363.028851,1791356362.020677,1791356363.0248532,1791356362.0246742,1791356363.028851,1791356332.168857,GAZEBO_CLOCK_SYSTEM_INTERPOLATION,MAPPED_EXACT,0,30.852,1791356363.020857,0.003050565719604492,0.0,RGB,0.0,0,1,0,UNCALIBRATED,PREPARATION,FAR,TURNING,1.0,48,1.0,22.687835693359375,0.6129125952720642,nan,nan,False,0.0,0.0,0.0,0.0,0,0,0,0,0,0.0,0.0,0.0,0.0,0.0,0.0,0.0,0.0,0.0,0.0,0.0,0.0,0.0,0.0,18.5581049402894,-11.097129408251433,6.869374692690931,0.0,0.0,0.0,0.0,0.0,0.0,0.0,0.0,0.0,0.0,0.0,False,DISABLED,0,nan,nan,nan,nan,nan,nan,nan,nan,nan,nan,nan,nan,nan,nan,nan,nan,nan,nan,nan,nan,nan,nan,nan,nan,nan,nan,nan,nan,nan,nan,nan,nan,nan,nan,13.885198767454854,18.029454567178078,-0.18265879838528404,0.0941743205841203,0.0941743205841203,0.0941743205841203,14.10502522647037,17.997453782048392,-0.14651912563731295,-0.21982645901551656,0.03200078512968574,-0.036139672747971086,0.22214347240514834,0.2250639870760032,0.030573368072509766,False,DISABLED,none,MODEL_ORIGIN_FRAME_NOT_ESTABLISHED,nan,nan,nan,nan,nan,nan,nan,nan,nan,nan,nan,nan,nan,NOT_EVALUATED,nan,nan,nan,nan,DISABLED,nan,nan,nan,nan,nan,nan
1791356363.0688558,1791356363.0957563,1791356363.1021469,1791356363.1021855,front_rgbd_red_sphere,True,True,True,,30.9,30.9,1791356363.0957563,1791356363.0944567,1791356363.0688558,1791356363.0688558,1791356363.0688558,0.0,1791356362.0847185,1791356363.0888598,1791356363.0855298,1791356363.0888598,1791356363.0855298,1791356363.0888598,1791356362.0847185,1791356363.0888598,1791356362.0847185,1791356363.0888598,1791356332.1688557,GAZEBO_CLOCK_SYSTEM_INTERPOLATION,MAPPED_EXACT,0,30.9,1791356363.0688558,0.0031888484954833984,0.0,RGB,0.0,0,1,0,UNCALIBRATED,PREPARATION,FAR,TURNING,1.0,45,1.0,22.886667251586914,0.5867455005645752,nan,nan,False,0.0,0.0,0.0,0.0,0,0,0,0,0,0.0,0.0,0.0,0.0,0.0,0.0,0.0,0.0,0.0,0.0,0.0,0.0,0.0,0.0,19.05880179349541,-10.520215600284914,7.063047573351659,0.0,0.0,0.0,0.0,0.0,0.0,0.0,0.0,0.0,0.0,0.0,False,DISABLED,0,nan,nan,nan,nan,nan,nan,nan,nan,nan,nan,nan,nan,nan,nan,nan,nan,nan,nan,nan,nan,nan,nan,nan,nan,nan,nan,nan,nan,nan,nan,nan,nan,nan,nan,14.03884128661918,18.15876904365366,-0.18592025697256837,0.09539861669713216,0.09539861669713216,0.09539861669713216,14.25461487154463,18.11783894010457,-0.14848092136057683,-0.21577358492545073,0.040930103549090546,-0.03743933561199153,0.21962129525189486,0.22278962538499703,0.026900529861450195,False,DISABLED,none,MODEL_ORIGIN_FRAME_NOT_ESTABLISHED,nan,nan,nan,nan,nan,nan,nan,nan,nan,nan,nan,nan,nan,NOT_EVALUATED,nan,nan,nan,nan,DISABLED,nan,nan,nan,nan,nan,nan
1791356363.1208596,1791356363.139576,1791356363.1450596,1791356363.1451082,front_rgbd_red_sphere,True,True,True,,30.952,30.952,1791356363.139576,1791356363.1381705,1791356363.1208596,1791356363.1208596,1791356363.1208596,0.0,1791356362.1246693,1791356363.128845,1791356363.12553,1791356363.128845,1791356363.12553,1791356363.128845,1791356362.1246693,1791356363.128845,1791356362.1246693,1791356363.128845,1791356332.1688597,GAZEBO_CLOCK_SYSTEM_INTERPOLATION,MAPPED_EXACT,0,30.952,1791356363.1208596,0.0030858516693115234,0.0,RGB,0.0,0,1,0,UNCALIBRATED,PREPARATION,FAR,TURNING,1.0,41,1.0,23.086400985717773,0.5590388178825378,nan,nan,False,0.0,0.0,0.0,0.0,0,0,0,0,0,0.0,0.0,0.0,0.0,0.0,0.0,0.0,0.0,0.0,0.0,0.0,0.0,0.0,0.0,19.57184939399576,-9.861840835141832,7.257321373220162,0.0,0.0,0.0,0.0,0.0,0.0,0.0,0.0,0.0,0.0,0.0,False,DISABLED,0,nan,nan,nan,nan,nan,nan,nan,nan,nan,nan,nan,nan,nan,nan,nan,nan,nan,nan,nan,nan,nan,nan,nan,nan,nan,nan,nan,nan,nan,nan,nan,nan,nan,nan,14.19495461401985,18.286241825461982,-0.18913688336949613,0.09663643213970384,0.09663643213970384,0.09663643213970384,14.419303826535616,18.244849839666735,-0.14965833704336515,-0.2243492125157669,0.041391985795247166,-0.03947854632613099,0.2281356299321057,0.231526286336008,0.01871633529663086,False,DISABLED,none,MODEL_ORIGIN_FRAME_NOT_ESTABLISHED,nan,nan,nan,nan,nan,nan,nan,nan,nan,nan,nan,nan,nan,NOT_EVALUATED,nan,nan,nan,nan,DISABLED,nan,nan,nan,nan,nan,nan
1791356363.1688583,1791356363.187131,1791356363.1916165,1791356363.1916416,front_rgbd_red_sphere,True,True,True,,31.0,31.0,1791356363.187131,1791356363.1851485,1791356363.1688583,1791356363.1688583,1791356363.1688583,0.0,1791356362.1646671,1791356363.1688583,1791356363.16553,1791356363.1688583,1791356363.16553,1791356363.1688583,1791356362.1646671,1791356363.1688583,1791356362.1646671,1791356363.1688583,1791356332.1688583,GAZEBO_CLOCK_SYSTEM_INTERPOLATION,MAPPED_EXACT,0,31.0,1791356363.1688583,0.0027441978454589844,0.0,RGB,0.0,0,1,0,UNCALIBRATED,PREPARATION,FAR,TURNING,1.0,42,1.0,23.28507423400879,0.5342042446136475,nan,nan,False,0.0,0.0,0.0,0.0,0,0,0,0,0,0.0,0.0,0.0,0.0,0.0,0.0,0.0,0.0,0.0,0.0,0.0,0.0,0.0,0.0,20.04085958513546,-9.234467832668368,7.435269400424269,0.0,0.0,0.0,0.0,0.0,0.0,0.0,0.0,0.0,0.0,0.0,False,DISABLED,0,nan,nan,nan,nan,nan,nan,nan,nan,nan,nan,nan,nan,nan,nan,nan,nan,nan,nan,nan,nan,nan,nan,nan,nan,nan,nan,nan,nan,nan,nan,nan,nan,nan,nan,14.353185301886134,18.410501969176654,-0.1911531965527135,0.09787558671904042,0.09787558671904042,0.09787558671904042,14.573749114903379,18.35880084386366,-0.14985497044662774,-0.22056381301724493,0.05170112531299509,-0.04129822610608577,0.22654227413738082,0.23027580300770983,0.01827263832092285,False,DISABLED,none,MODEL_ORIGIN_FRAME_NOT_ESTABLISHED,nan,nan,nan,nan,nan,nan,nan,nan,nan,nan,nan,nan,nan,NOT_EVALUATED,nan,nan,nan,nan,DISABLED,nan,nan,nan,nan,nan,nan
1791356363.2208633,1791356363.2454054,1791356363.2494404,1791356363.2494667,front_rgbd_red_sphere,True,True,True,,31.052,31.052,1791356363.2373054,1791356363.2454054,1791356363.2208633,1791356363.2208633,1791356363.2208633,0.0,1791356362.2246768,1791356363.22486,1791356363.22153,1791356363.22486,1791356363.22553,1791356363.2288625,1791356362.220675,1791356363.22486,1791356362.2246768,1791356363.2288625,1791356332.1688633,GAZEBO_CLOCK_SYSTEM_INTERPOLATION,MAPPED_EXACT,0,31.052,1791356363.2208633,0.0009860992431640625,0.0,RGB,0.0,0,1,0,UNCALIBRATED,PREPARATION,FAR,TURNING,1.0,38,1.0,23.483642578125,0.5085576176643372,nan,nan,False,0.0,0.0,0.0,0.0,0,0,0,0,0,0.0,0.0,0.0,0.0,0.0,0.0,0.0,0.0,0.0,0.0,0.0,0.0,0.0,0.0,20.511735340064934,-8.536474304889872,7.607813786075573,0.0,0.0,0.0,0.0,0.0,0.0,0.0,0.0,0.0,0.0,0.0,False,DISABLED,0,nan,nan,nan,nan,nan,nan,nan,nan,nan,nan,nan,nan,nan,nan,nan,nan,nan,nan,nan,nan,nan,nan,nan,nan,nan,nan,nan,nan,nan,nan,nan,nan,nan,nan,14.51325774641108,18.53176606724987,-0.1922223254946162,0.09912198064094356,0.09912198064094356,0.09912198064094356,14.743710349716185,18.478663725235183,-0.1491128289951485,-0.23045260330510509,0.05310234201468589,-0.043109496499467714,0.23649156665205803,0.24038862241375408,0.02454209327697754,False,DISABLED,none,MODEL_ORIGIN_FRAME_NOT_ESTABLISHED,nan,nan,nan,nan,nan,nan,nan,nan,nan,nan,nan,nan,nan,NOT_EVALUATED,nan,nan,nan,nan,DISABLED,nan,nan,nan,nan,nan,nan
1791356363.2688565,1791356363.2928803,1791356363.29757,1791356363.2975955,front_rgbd_red_sphere,True,True,True,,31.1,31.1,1791356363.2842274,1791356363.2928803,1791356363.2688565,1791356363.2688565,1791356363.2688565,0.0,1791356362.284666,1791356363.2888615,1791356363.2855299,1791356363.2888615,1791356363.2855299,1791356363.2888615,1791356362.284666,1791356363.2888615,1791356362.284666,1791356363.2888615,1791356332.1688566,GAZEBO_CLOCK_SYSTEM_INTERPOLATION,MAPPED_EXACT,0,31.1,1791356363.2688565,0.0014083385467529297,0.0,RGB,0.0,0,1,0,UNCALIBRATED,PREPARATION,FAR,TURNING,1.0,37,1.0,23.680418014526367,0.48620298504829407,nan,nan,False,0.0,0.0,0.0,0.0,0,0,0,0,0,0.0,0.0,0.0,0.0,0.0,0.0,0.0,0.0,0.0,0.0,0.0,0.0,0.0,0.0,20.936176029656625,-7.887109907076172,7.760941472852258,0.0,0.0,0.0,0.0,0.0,0.0,0.0,0.0,0.0,0.0,0.0,False,DISABLED,0,nan,nan,nan,nan,nan,nan,nan,nan,nan,nan,nan,nan,nan,nan,nan,nan,nan,nan,nan,nan,nan,nan,nan,nan,nan,nan,nan,nan,nan,nan,nan,nan,nan,nan,14.674000649512763,18.6499034925361,-0.19205726393253414,0.10036488650172007,0.10036488650172007,0.10036488650172007,14.903020051305003,18.58584330103938,-0.14754008161657775,-0.22901940179223956,0.06406019149672204,-0.04451718231595639,0.23780999670298128,0.2419408482526753,0.024023771286010742,False,DISABLED,none,MODEL_ORIGIN_FRAME_NOT_ESTABLISHED,nan,nan,nan,nan,nan,nan,nan,nan,nan,nan,nan,nan,nan,NOT_EVALUATED,nan,nan,nan,nan,DISABLED,nan,nan,nan,nan,nan,nan
1791356363.3208604,1791356363.3494928,1791356363.3588467,1791356363.3588963,front_rgbd_red_sphere,True,True,True,,31.152,31.152,1791356363.3401916,1791356363.3494928,1791356363.3208604,1791356363.3208604,1791356363.3208604,0.0,1791356362.3246675,1791356363.3288534,1791356363.3255298,1791356363.3288534,1791356363.3255298,1791356363.3288534,1791356362.3246675,1791356363.3288534,1791356362.3246675,1791356363.3288534,1791356332.1688604,GAZEBO_CLOCK_SYSTEM_INTERPOLATION,MAPPED_EXACT,0,31.152,1791356363.3208604,0.0016362667083740234,0.0,RGB,0.0,0,1,0,UNCALIBRATED,PREPARATION,FAR,TURNING,1.0,38,1.0,23.877965927124023,0.46384161710739136,nan,nan,False,0.0,0.0,0.0,0.0,0,0,0,0,0,0.0,0.0,0.0,0.0,0.0,0.0,0.0,0.0,0.0,0.0,0.0,0.0,0.0,0.0,21.35503076410227,-7.185122282959133,7.905313169285572,0.0,0.0,0.0,0.0,0.0,0.0,0.0,0.0,0.0,0.0,0.0,False,DISABLED,0,nan,nan,nan,nan,nan,nan,nan,nan,nan,nan,nan,nan,nan,nan,nan,nan,nan,nan,nan,nan,nan,nan,nan,nan,nan,nan,nan,nan,nan,nan,nan,nan,nan,nan,14.837361843868036,18.76530055187753,-0.19126134154692348,0.10162047659126734,0.10162047659126734,0.10162047659126734,15.078115317473094,18.698099824967667,-0.144895259436047,-0.24075347360505717,0.06720072690986356,-0.04636608211087648,0.24995634168813366,0.2542203499337289,0.028632402420043945,False,DISABLED,none,MODEL_ORIGIN_FRAME_NOT_ESTABLISHED,nan,nan,nan,nan,nan,nan,nan,nan,nan,nan,nan,nan,nan,NOT_EVALUATED,nan,nan,nan,nan,DISABLED,nan,nan,nan,nan,nan,nan
1791356363.3688612,1791356363.39288,1791356363.3983614,1791356363.398419,front_rgbd_red_sphere,True,True,True,,31.2,31.2,1791356363.39288,1791356363.3919039,1791356363.3688612,1791356363.3688612,1791356363.3688612,0.0,1791356362.3646753,1791356363.3688612,1791356363.36553,1791356363.3688612,1791356363.36553,1791356363.3688612,1791356362.3646753,1791356363.3688612,1791356362.3646753,1791356363.3688612,1791356332.1688612,GAZEBO_CLOCK_SYSTEM_INTERPOLATION,MAPPED_EXACT,0,31.2,1791356363.3688612,0.00040602684020996094,0.0,RGB,0.0,0,1,0,UNCALIBRATED,PREPARATION,FAR,TURNING,1.0,32,1.0,24.074535369873047,0.4449964761734009,nan,nan,False,0.0,0.0,0.0,0.0,0,0,0,0,0,0.0,0.0,0.0,0.0,0.0,0.0,0.0,0.0,0.0,0.0,0.0,0.0,0.0,0.0,21.729968338047968,-6.547775560392278,8.032330214276634,0.0,0.0,0.0,0.0,0.0,0.0,0.0,0.0,0.0,0.0,0.0,False,DISABLED,0,nan,nan,nan,nan,nan,nan,nan,nan,nan,nan,nan,nan,nan,nan,nan,nan,nan,nan,nan,nan,nan,nan,nan,nan,nan,nan,nan,nan,nan,nan,nan,nan,nan,nan,15.00249634308187,18.877886577683295,-0.18957729193170175,0.10287757714405603,0.10287757714405603,0.10287757714405603,15.242034552514935,18.798029758009566,-0.1415921121097677,-0.23953820943306603,0.07985681967372926,-0.047985179821934065,0.2524988424266573,0.25701798168483325,0.02401876449584961,False,DISABLED,none,MODEL_ORIGIN_FRAME_NOT_ESTABLISHED,nan,nan,nan,nan,nan,nan,nan,nan,nan,nan,nan,nan,nan,NOT_EVALUATED,nan,nan,nan,nan,DISABLED,nan,nan,nan,nan,nan,nan
1791356363.4208584,1791356363.4392135,1791356363.4445105,1791356363.444539,front_rgbd_red_sphere,True,True,True,,31.252,31.252,1791356363.4392135,1791356363.4382155,1791356363.4208584,1791356363.4208584,1791356363.4208584,0.0,1791356362.4288483,1791356363.424865,1791356363.42153,1791356363.424865,1791356363.42553,1791356363.4288626,1791356362.424856,1791356363.424865,1791356362.4288483,1791356363.4288626,1791356332.1688583,GAZEBO_CLOCK_SYSTEM_INTERPOLATION,MAPPED_EXACT,0,31.252,1791356363.4208584,0.0027801990509033203,0.0,RGB,0.0,0,1,0,UNCALIBRATED,PREPARATION,FAR,TURNING,1.0,32,1.0,24.270498275756836,0.4267279803752899,nan,nan,False,0.0,0.0,0.0,0.0,0,0,0,0,0,0.0,0.0,0.0,0.0,0.0,0.0,0.0,0.0,0.0,0.0,0.0,0.0,0.0,0.0,22.09403827195746,-5.876053050610773,8.147548314326109,0.0,0.0,0.0,0.0,0.0,0.0,0.0,0.0,0.0,0.0,0.0,False,DISABLED,0,nan,nan,nan,nan,nan,nan,nan,nan,nan,nan,nan,nan,nan,nan,nan,nan,nan,nan,nan,nan,nan,nan,nan,nan,nan,nan,nan,nan,nan,nan,nan,nan,nan,nan,15.170999759502038,18.985454858319244,-0.1869712963893297,0.1041385037155997,0.1041385037155997,0.1041385037155997,15.422041283395352,18.902235015290767,-0.13711001767801928,-0.25104152389331347,0.08321984302847696,-0.04986127871131041,0.264475686958861,0.2691347917068479,0.018355131149291992,False,DISABLED,none,MODEL_ORIGIN_FRAME_NOT_ESTABLISHED,nan,nan,nan,nan,nan,nan,nan,nan,nan,nan,nan,nan,nan,NOT_EVALUATED,nan,nan,nan,nan,DISABLED,nan,nan,nan,nan,nan,nan
1791356363.4688644,1791356363.499048,1791356363.5038686,1791356363.5039039,front_rgbd_red_sphere,True,True,True,,31.3,31.3,1791356363.499048,1791356363.497766,1791356363.4688644,1791356363.4688644,1791356363.4688644,0.0,1791356362.468866,1791356363.4888632,1791356363.48553,1791356363.4888632,1791356363.48553,1791356363.4888632,1791356362.4648488,1791356363.4888632,1791356362.468866,1791356363.4888632,1791356332.1688645,GAZEBO_CLOCK_SYSTEM_INTERPOLATION,MAPPED_EXACT,0,31.3,1791356363.4688644,0.0024275779724121094,0.0,RGB,0.0,0,1,0,UNCALIBRATED,PREPARATION,FAR,TURNING,1.0,30,1.0,24.464365005493164,0.41181108355522156,nan,nan,False,0.0,0.0,0.0,0.0,0,0,0,0,0,0.0,0.0,0.0,0.0,0.0,0.0,0.0,0.0,0.0,0.0,0.0,0.0,0.0,0.0,22.419080410462527,-5.276281481641538,8.24929269750205,0.0,0.0,0.0,0.0,0.0,0.0,0.0,0.0,0.0,0.0,0.0,False,DISABLED,0,nan,nan,nan,nan,nan,nan,nan,nan,nan,nan,nan,nan,nan,nan,nan,nan,nan,nan,nan,nan,nan,nan,nan,nan,nan,nan,nan,nan,nan,nan,nan,nan,nan,nan,15.340509920937716,19.089693503613027,-0.18342824061999424,0.10539349787700868,0.10539349787700868,0.10539349787700868,15.590412343231286,18.994562052180566,-0.1321559828016096,-0.24990242229356951,0.09513145143246149,-0.05127225781838465,0.2673971086602103,0.27226835684969936,0.03018355369567871,False,DISABLED,none,MODEL_ORIGIN_FRAME_NOT_ESTABLISHED,nan,nan,nan,nan,nan,nan,nan,nan,nan,nan,nan,nan,nan,NOT_EVALUATED,nan,nan,nan,nan,DISABLED,nan,nan,nan,nan,nan,nan
1791356363.5208552,1791356363.5387757,1791356363.5436285,1791356363.5436542,front_rgbd_red_sphere,True,True,True,,31.352,31.352,1791356363.5387757,1791356363.5367455,1791356363.5208552,1791356363.5208552,1791356363.5208552,0.0,1791356362.5288548,1791356363.5288577,1791356363.5255299,1791356363.5288577,1791356363.5255299,1791356363.5288577,1791356362.5288548,1791356363.5288577,1791356362.5288548,1791356363.5288577,1791356332.1688552,GAZEBO_CLOCK_SYSTEM_INTERPOLATION,MAPPED_EXACT,0,31.352,1791356363.5208552,0.0023682117462158203,0.0,RGB,0.0,0,1,0,UNCALIBRATED,PREPARATION,FAR,TURNING,1.0,30,1.0,24.657920837402344,0.3977894186973572,nan,nan,False,0.0,0.0,0.0,0.0,0,0,0,0,0,0.0,0.0,0.0,0.0,0.0,0.0,0.0,0.0,0.0,0.0,0.0,0.0,0.0,0.0,22.73261985386819,-4.658533923088402,8.339011291275016,0.0,0.0,0.0,0.0,0.0,0.0,0.0,0.0,0.0,0.0,0.0,False,DISABLED,0,nan,nan,nan,nan,nan,nan,nan,nan,nan,nan,nan,nan,nan,nan,nan,nan,nan,nan,nan,nan,nan,nan,nan,nan,nan,nan,nan,nan,nan,nan,nan,nan,nan,nan,15.512025094967795,19.190293596670994,-0.1785508080897617,0.10665397841846815,0.10665397841846815,0.10665397841846815,15.774944896006811,19.090254446192333,-0.12595091866232738,-0.2629198010390166,0.1000391504786613,-0.05259988942743432,0.2813088221277255,0.28618420951315016,0.017920494079589844,False,DISABLED,none,MODEL_ORIGIN_FRAME_NOT_ESTABLISHED,nan,nan,nan,nan,nan,nan,nan,nan,nan,nan,nan,nan,nan,NOT_EVALUATED,nan,nan,nan,nan,DISABLED,nan,nan,nan,nan,nan,nan
1791356363.5688503,1791356363.5976279,1791356363.6021013,1791356363.6021392,front_rgbd_red_sphere,True,True,True,,31.4,31.4,1791356363.5976279,1791356363.5967882,1791356363.5688503,1791356363.5688503,1791356363.5688503,0.0,1791356362.5888577,1791356363.5848508,1791356363.5815299,1791356363.5848508,1791356363.5855298,1791356363.5888598,1791356362.5688589,1791356363.5848508,1791356362.5888577,1791356363.5888598,1791356332.1688502,GAZEBO_CLOCK_SYSTEM_INTERPOLATION,MAPPED_EXACT,0,31.4,1791356363.5688503,0.0011031627655029297,0.0,RGB,0.0,0,1,0,UNCALIBRATED,PREPARATION,FAR,TURNING,1.0,30,1.0,24.850343704223633,0.38661760091781616,nan,nan,False,0.0,0.0,0.0,0.0,0,0,0,0,0,0.0,0.0,0.0,0.0,0.0,0.0,0.0,0.0,0.0,0.0,0.0,0.0,0.0,0.0,23.016133144442932,-4.117175201501645,8.417011631677955,0.0,0.0,0.0,0.0,0.0,0.0,0.0,0.0,0.0,0.0,0.0,False,DISABLED,0,nan,nan,nan,nan,nan,nan,nan,nan,nan,nan,nan,nan,nan,nan,nan,nan,nan,nan,nan,nan,nan,nan,nan,nan,nan,nan,nan,nan,nan,nan,nan,nan,nan,nan,15.68524092496551,19.288091602610173,-0.17261588914727793,0.10791451068036226,0.10791451068036226,0.10791451068036226,15.947357345012117,19.174562802680057,-0.11947290943353228,-0.2621164200466062,0.11352879993011555,-0.05314297971374565,0.2856462953927831,0.2905477282039505,0.028777599334716797,False,DISABLED,none,MODEL_ORIGIN_FRAME_NOT_ESTABLISHED,nan,nan,nan,nan,nan,nan,nan,nan,nan,nan,nan,nan,nan,NOT_EVALUATED,nan,nan,nan,nan,DISABLED,nan,nan,nan,nan,nan,nan
1791356363.620888,1791356363.6391513,1791356363.6445897,1791356363.6446319,front_rgbd_red_sphere,True,True,True,,31.452,31.452,1791356363.6391513,1791356363.6369026,1791356363.620888,1791356363.620888,1791356363.620888,0.0,1791356362.6288574,1791356363.62486,1791356363.6215298,1791356363.62486,1791356363.62553,1791356363.628858,1791356362.6088598,1791356363.62486,1791356362.6288574,1791356363.628858,1791356332.168888,GAZEBO_CLOCK_SYSTEM_INTERPOLATION,MAPPED_EXACT,0,31.452,1791356363.620888,0.0027120113372802734,0.0,RGB,0.0,0,1,0,UNCALIBRATED,PREPARATION,FAR,TURNING,1.0,28,1.0,25.041479110717773,0.3763764202594757,nan,nan,False,0.0,0.0,0.0,0.0,0,0,0,0,0,0.0,0.0,0.0,0.0,0.0,0.0,0.0,0.0,0.0,0.0,0.0,0.0,0.0,0.0,23.288641101440234,-3.572928327820982,8.48228075718271,0.0,0.0,0.0,0.0,0.0,0.0,0.0,0.0,0.0,0.0,0.0,False,DISABLED,0,nan,nan,nan,nan,nan,nan,nan,nan,nan,nan,nan,nan,nan,nan,nan,nan,nan,nan,nan,nan,nan,nan,nan,nan,nan,nan,nan,nan,nan,nan,nan,nan,nan,nan,15.860694114278285,19.3805112235417,-0.16553757803428132,0.10917393840187935,0.10917393840187935,0.10917393840187935,16.136461123385757,19.26157721412136,-0.11168442059042888,-0.2757670091074722,0.11893400942033949,-0.05385315744385244,0.3003210647105495,0.30511129850523466,0.01826333999633789,False,DISABLED,none,MODEL_ORIGIN_FRAME_NOT_ESTABLISHED,nan,nan,nan,nan,nan,nan,nan,nan,nan,nan,nan,nan,nan,NOT_EVALUATED,nan,nan,nan,nan,DISABLED,nan,nan,nan,nan,nan,nan
1791356363.6688588,1791356363.6970394,1791356363.70194,1791356363.7019823,front_rgbd_red_sphere,True,True,True,,31.5,31.5,1791356363.6970394,1791356363.6853764,1791356363.6688588,1791356363.6688588,1791356363.6688588,0.0,1791356362.6888518,1791356363.68886,1791356363.68553,1791356363.68886,1791356363.68553,1791356363.68886,1791356362.6888518,1791356363.68886,1791356362.6888518,1791356363.68886,1791356332.1688588,GAZEBO_CLOCK_SYSTEM_INTERPOLATION,MAPPED_EXACT,0,31.5,1791356363.6688588,0.0005145072937011719,0.0,RGB,0.0,0,1,0,UNCALIBRATED,PREPARATION,FAR,TURNING,1.0,28,1.0,25.230388641357422,0.36833474040031433,nan,nan,False,0.0,0.0,0.0,0.0,0,0,0,0,0,0.0,0.0,0.0,0.0,0.0,0.0,0.0,0.0,0.0,0.0,0.0,0.0,0.0,0.0,23.538141749830004,-3.1024131814082914,8.53834990812226,0.0,0.0,0.0,0.0,0.0,0.0,0.0,0.0,0.0,0.0,0.0,False,DISABLED,0,nan,nan,nan,nan,nan,nan,nan,nan,nan,nan,nan,nan,nan,nan,nan,nan,nan,nan,nan,nan,nan,nan,nan,nan,nan,nan,nan,nan,nan,nan,nan,nan,nan,nan,16.03818221414878,19.468492872175688,-0.15752344193932094,0.11042587196974375,0.11042587196974375,0.11042587196974375,16.312623219232353,19.337586537845894,-0.1038407017718312,-0.27444100508357394,0.1309063343297936,-0.05368274016748974,0.3040630422115551,0.3087655586862566,0.028180599212646484,False,DISABLED,none,MODEL_ORIGIN_FRAME_NOT_ESTABLISHED,nan,nan,nan,nan,nan,nan,nan,nan,nan,nan,nan,nan,nan,NOT_EVALUATED,nan,nan,nan,nan,DISABLED,nan,nan,nan,nan,nan,nan
1791356363.7208586,1791356363.7407358,1791356363.7447343,1791356363.7447603,front_rgbd_red_sphere,True,True,True,,31.552,31.552,1791356363.7407358,1791356363.739016,1791356363.7208586,1791356363.7208586,1791356363.7208586,0.0,1791356362.7288456,1791356363.7288609,1791356363.72553,1791356363.7288609,1791356363.72553,1791356363.7288609,1791356362.7288456,1791356363.7288609,1791356362.7288456,1791356363.7288609,1791356332.1688585,GAZEBO_CLOCK_SYSTEM_INTERPOLATION,MAPPED_EXACT,0,31.552,1791356363.7208586,0.004209280014038086,0.0,RGB,0.0,0,1,0,UNCALIBRATED,PREPARATION,FAR,TURNING,1.0,26,1.0,25.418827056884766,0.3610208332538605,nan,nan,False,0.0,0.0,0.0,0.0,0,0,0,0,0,0.0,0.0,0.0,0.0,0.0,0.0,0.0,0.0,0.0,0.0,0.0,0.0,0.0,0.0,23.780247074136906,-2.6376425056282073,8.582511653551066,0.0,0.0,0.0,0.0,0.0,0.0,0.0,0.0,0.0,0.0,0.0,False,DISABLED,0,nan,nan,nan,nan,nan,nan,nan,nan,nan,nan,nan,nan,nan,nan,nan,nan,nan,nan,nan,nan,nan,nan,nan,nan,nan,nan,nan,nan,nan,nan,nan,nan,nan,nan,16.219158382252083,19.551331221209143,-0.1491025577773492,0.11168180626378396,0.11168180626378396,0.11168180626378396,16.505478701774518,19.415421855632832,-0.09467746078453343,-0.2863203195224351,0.1359093655763104,-0.05442509699281578,0.31693955420992265,0.3215785630378087,0.019877195358276367,False,DISABLED,none,MODEL_ORIGIN_FRAME_NOT_ESTABLISHED,nan,nan,nan,nan,nan,nan,nan,nan,nan,nan,nan,nan,nan,NOT_EVALUATED,nan,nan,nan,nan,DISABLED,nan,nan,nan,nan,nan,nan
1791356363.7688518,1791356363.791208,1791356363.796658,1791356363.796702,front_rgbd_red_sphere,True,True,True,,31.6,31.6,1791356363.791208,1791356363.7889667,1791356363.7688518,1791356363.7688518,1791356363.7688518,0.0,1791356362.7488537,1791356363.7688518,1791356363.7655299,1791356363.7688518,1791356363.7655299,1791356363.7688518,1791356362.7448537,1791356363.7688518,1791356362.7488537,1791356363.7688518,1791356332.1688519,GAZEBO_CLOCK_SYSTEM_INTERPOLATION,MAPPED_EXACT,0,31.6,1791356363.7688518,0.0027780532836914062,0.0,RGB,0.0,0,1,0,UNCALIBRATED,PREPARATION,FAR,TURNING,1.0,23,1.0,25.604578018188477,0.35534101724624634,nan,nan,False,0.0,0.0,0.0,0.0,0,0,0,0,0,0.0,0.0,0.0,0.0,0.0,0.0,0.0,0.0,0.0,0.0,0.0,0.0,0.0,0.0,24.005005586448036,-2.2377361218595695,8.622449077345557,0.0,0.0,0.0,0.0,0.0,0.0,0.0,0.0,0.0,0.0,0.0,False,DISABLED,0,nan,nan,nan,nan,nan,nan,nan,nan,nan,nan,nan,nan,nan,nan,nan,nan,nan,nan,nan,nan,nan,nan,nan,nan,nan,nan,nan,nan,nan,nan,nan,nan,nan,nan,16.40112494947777,19.630156291420814,-0.13995680611162425,0.11292676227776528,0.11292676227776528,0.11292676227776528,16.685181820858425,19.482971011534147,-0.0856545174823824,-0.28405687138065616,0.14718527988666708,-0.05430228862924186,0.3199246986306046,0.3245004643205563,0.022356271743774414,False,DISABLED,none,MODEL_ORIGIN_FRAME_NOT_ESTABLISHED,nan,nan,nan,nan,nan,nan,nan,nan,nan,nan,nan,nan,nan,NOT_EVALUATED,nan,nan,nan,nan,DISABLED,nan,nan,nan,nan,nan,nan
1791356363.820859,1791356363.8386805,1791356363.843394,1791356363.843444,front_rgbd_red_sphere,True,True,True,,31.652,31.652,1791356363.8386805,1791356363.8363242,1791356363.820859,1791356363.820859,1791356363.820859,0.0,1791356362.8288522,1791356363.8248906,1791356363.8215299,1791356363.8248906,1791356363.8255298,1791356363.8288534,1791356362.8248594,1791356363.8248906,1791356362.8288522,1791356363.8288534,1791356332.168859,GAZEBO_CLOCK_SYSTEM_INTERPOLATION,MAPPED_EXACT,0,31.652,1791356363.820859,0.0021626949310302734,0.0,RGB,0.0,0,1,0,UNCALIBRATED,PREPARATION,FAR,TURNING,1.0,27,1.0,25.789310455322266,0.35021546483039856,nan,nan,False,0.0,0.0,0.0,0.0,0,0,0,0,0,0.0,0.0,0.0,0.0,0.0,0.0,0.0,0.0,0.0,0.0,0.0,0.0,0.0,0.0,24.223867819930664,-1.8473114413474647,8.65333237755791,0.0,0.0,0.0,0.0,0.0,0.0,0.0,0.0,0.0,0.0,0.0,False,DISABLED,0,nan,nan,nan,nan,nan,nan,nan,nan,nan,nan,nan,nan,nan,nan,nan,nan,nan,nan,nan,nan,nan,nan,nan,nan,nan,nan,nan,nan,nan,nan,nan,nan,nan,nan,16.587055086837445,19.70265843953254,-0.13019883706249707,0.11417174475822797,0.11417174475822797,0.11417174475822797,16.881547017809883,19.551489042738854,-0.07533438852411607,-0.29449193097243764,0.15116939679368713,-0.054864448538381,0.33102520135911434,0.33554104316500966,0.017821550369262695,False,DISABLED,none,MODEL_ORIGIN_FRAME_NOT_ESTABLISHED,nan,nan,nan,nan,nan,nan,nan,nan,nan,nan,nan,nan,nan,NOT_EVALUATED,nan,nan,nan,nan,DISABLED,nan,nan,nan,nan,nan,nan
1791356363.8688555,1791356363.8889368,1791356363.8970602,1791356363.8970842,front_rgbd_red_sphere,True,True,True,,31.7,31.7,1791356363.8889368,1791356363.8870654,1791356363.8688555,1791356363.8688555,1791356363.8688555,0.0,1791356362.8888693,1791356363.8888748,1791356363.88553,1791356363.8888748,1791356363.88553,1791356363.8888748,1791356362.8888693,1791356363.8888748,1791356362.8888693,1791356363.8888748,1791356332.1688554,GAZEBO_CLOCK_SYSTEM_INTERPOLATION,MAPPED_EXACT,0,31.7,1791356363.8688555,0.0012707710266113281,0.0,RGB,0.0,0,1,0,UNCALIBRATED,PREPARATION,FAR,TURNING,1.0,24,1.0,25.971466064453125,0.34628844261169434,nan,nan,False,0.0,0.0,0.0,0.0,0,0,0,0,0,0.0,0.0,0.0,0.0,0.0,0.0,0.0,0.0,0.0,0.0,0.0,0.0,0.0,0.0,24.42977194837003,-1.5118017315906336,8.684339263320386,0.0,0.0,0.0,0.0,0.0,0.0,0.0,0.0,0.0,0.0,0.0,False,DISABLED,0,nan,nan,nan,nan,nan,nan,nan,nan,nan,nan,nan,nan,nan,nan,nan,nan,nan,nan,nan,nan,nan,nan,nan,nan,nan,nan,nan,nan,nan,nan,nan,nan,nan,nan,16.775011668977662,19.77062175490422,-0.12034570799567618,0.11540605076518827,0.11540605076518827,0.11540605076518827,17.064298835210074,19.61037014906283,-0.06535760776729335,-0.2892871662324126,0.1602516058413883,-0.054988100228382825,0.3307077890245756,0.3352481661221279,0.020081281661987305,False,DISABLED,none,MODEL_ORIGIN_FRAME_NOT_ESTABLISHED,nan,nan,nan,nan,nan,nan,nan,nan,nan,nan,nan,nan,nan,NOT_EVALUATED,nan,nan,nan,nan,DISABLED,nan,nan,nan,nan,nan,nan
1791356363.9208531,1791356363.9491684,1791356363.9560034,1791356363.956044,front_rgbd_red_sphere,True,True,True,,31.752,31.752,1791356363.9411318,1791356363.9491684,1791356363.9208531,1791356363.9208531,1791356363.9208531,0.0,1791356362.9288466,1791356363.928864,1791356363.92553,1791356363.928864,1791356363.92553,1791356363.928864,1791356362.9288466,1791356363.928864,1791356362.9288466,1791356363.928864,1791356332.168853,GAZEBO_CLOCK_SYSTEM_INTERPOLATION,MAPPED_EXACT,0,31.752,1791356363.9208531,0.0009083747863769531,0.0,RGB,0.0,0,1,0,UNCALIBRATED,PREPARATION,FAR,TURNING,1.0,26,1.0,26.15101432800293,0.34281057119369507,nan,nan,False,0.0,0.0,0.0,0.0,0,0,0,0,0,0.0,0.0,0.0,0.0,0.0,0.0,0.0,0.0,0.0,0.0,0.0,0.0,0.0,0.0,24.629382211071636,-1.1869513022018907,8.709777418919963,0.0,0.0,0.0,0.0,0.0,0.0,0.0,0.0,0.0,0.0,0.0,False,DISABLED,0,nan,nan,nan,nan,nan,nan,nan,nan,nan,nan,nan,nan,nan,nan,nan,nan,nan,nan,nan,nan,nan,nan,nan,nan,nan,nan,nan,nan,nan,nan,nan,nan,nan,nan,16.96548914715965,19.831529756024533,-0.11060574822060548,0.11662917715302987,0.11662917715302987,0.11662917715302987,17.263687521705204,19.66942469050009,-0.054136573856536,-0.298198374545553,0.16210506552444315,-0.05646917436406948,0.33941173057260987,0.344077157776644,0.028315305709838867,False,DISABLED,none,MODEL_ORIGIN_FRAME_NOT_ESTABLISHED,nan,nan,nan,nan,nan,nan,nan,nan,nan,nan,nan,nan,nan,NOT_EVALUATED,nan,nan,nan,nan,DISABLED,nan,nan,nan,nan,nan,nan
1791356363.9688478,1791356363.992524,1791356363.9980109,1791356363.9980316,front_rgbd_red_sphere,True,True,True,,31.8,31.8,1791356363.992524,1791356363.9908795,1791356363.9688478,1791356363.9688478,1791356363.9688478,0.0,1791356362.948856,1791356363.9688478,1791356363.96553,1791356363.9688478,1791356363.96553,1791356363.9688478,1791356362.9448576,1791356363.9688478,1791356362.948856,1791356363.9688478,1791356332.1688478,GAZEBO_CLOCK_SYSTEM_INTERPOLATION,MAPPED_EXACT,0,31.8,1791356363.9688478,0.004067182540893555,0.0,RGB,0.0,0,1,0,UNCALIBRATED,PREPARATION,FAR,TURNING,1.0,23,1.0,26.329267501831055,0.3401367962360382,nan,nan,False,0.0,0.0,0.0,0.0,0,0,0,0,0,0.0,0.0,0.0,0.0,0.0,0.0,0.0,0.0,0.0,0.0,0.0,0.0,0.0,0.0,24.82083808930515,-0.9060157502437072,8.73701538716821,0.0,0.0,0.0,0.0,0.0,0.0,0.0,0.0,0.0,0.0,0.0,False,DISABLED,0,nan,nan,nan,nan,nan,nan,nan,nan,nan,nan,nan,nan,nan,nan,nan,nan,nan,nan,nan,nan,nan,nan,nan,nan,nan,nan,nan,nan,nan,nan,nan,nan,nan,nan,17.157906160941675,19.889524802271385,-0.10007186630076242,0.11784985794245184,0.11784985794245184,0.11784985794245184,17.448956460874747,19.71952290937769,-0.04345740767608963,-0.2910502999330724,0.17000189289369416,-0.05661445862467279,0.3370621911139997,0.34178372928496065,0.023676156997680664,False,DISABLED,none,MODEL_ORIGIN_FRAME_NOT_ESTABLISHED,nan,nan,nan,nan,nan,nan,nan,nan,nan,nan,nan,nan,nan,NOT_EVALUATED,nan,nan,nan,nan,DISABLED,nan,nan,nan,nan,nan,nan
1791356364.020851,1791356364.039029,1791356364.044812,1791356364.0448382,front_rgbd_red_sphere,True,True,True,,31.852,31.852,1791356364.039029,1791356364.0371234,1791356364.020851,1791356364.020851,1791356364.020851,0.0,1791356363.0248532,1791356364.0248678,1791356364.0215418,1791356364.0248678,1791356364.025542,1791356364.0288463,1791356363.0248532,1791356364.0248678,1791356363.0088592,1791356364.0288463,1791356332.168851,GAZEBO_CLOCK_SYSTEM_INTERPOLATION,MAPPED_EXACT,0,31.852,1791356364.020851,0.002550363540649414,0.0,RGB,0.0,0,1,0,UNCALIBRATED,PREPARATION,FAR,TURNING,1.0,25,0.9599999785423279,26.503732681274414,0.3377879559993744,nan,nan,False,0.0,0.0,0.0,0.0,0,0,0,0,0,0.0,0.0,0.0,0.0,0.0,0.0,0.0,0.0,0.0,0.0,0.0,0.0,0.0,0.0,25.006007188451726,-0.6362643251031095,8.760283688306782,0.0,0.0,0.0,0.0,0.0,0.0,0.0,0.0,0.0,0.0,0.0,False,DISABLED,0,nan,nan,nan,nan,nan,nan,nan,nan,nan,nan,nan,nan,nan,nan,nan,nan,nan,nan,nan,nan,nan,nan,nan,nan,nan,nan,nan,nan,nan,nan,nan,nan,nan,nan,17.3509669295695,19.94066904031785,-0.08978952304819904,0.11905075065297244,0.11905075065297244,0.11905075065297244,17.65096909423874,19.769081850475107,-0.031607500519413946,-0.300002164669241,0.17158718984274302,-0.05818202252878509,0.3456059353141377,0.3504691288400449,0.01817798614501953,False,DISABLED,none,MODEL_ORIGIN_FRAME_NOT_ESTABLISHED,nan,nan,nan,nan,nan,nan,nan,nan,nan,nan,nan,nan,nan,NOT_EVALUATED,nan,nan,nan,nan,DISABLED,nan,nan,nan,nan,nan,nan
1791356364.0688586,1791356364.099518,1791356364.1020682,1791356364.1020682,front_rgbd_red_sphere,False,False,True,DEPTH_RATIO_LOW,31.9,31.9,1791356364.099518,1791356364.098759,1791356364.0688586,1791356364.0688586,1791356364.0688586,0.0,1791356363.0688555,1791356364.0888505,1791356364.085542,1791356364.0888505,1791356364.085542,1791356364.0888505,1791356363.0648599,1791356364.0888505,1791356363.0688555,1791356364.0888505,1791356332.1688585,GAZEBO_CLOCK_SYSTEM_INTERPOLATION,MAPPED_EXACT,0,31.9,1791356364.0688586,0.002983570098876953,0.0,RGB,0.0,0,1,0,UNCALIBRATED,PREPARATION,UNKNOWN,TURNING,0.0,0,0.0,nan,nan,nan,nan,False,0.0,0.0,0.0,0.0,0,0,0,0,0,0.0,0.0,0.0,0.0,0.0,0.0,0.0,0.0,0.0,0.0,0.0,0.0,0.0,0.0,0.0,0.0,0.0,0.0,0.0,0.0,0.0,0.0,0.0,0.0,0.0,0.0,0.0,0.0,False,DISABLED,0,nan,nan,nan,nan,nan,nan,nan,nan,nan,nan,nan,nan,nan,nan,nan,nan,nan,nan,nan,nan,nan,nan,nan,nan,nan,nan,nan,nan,nan,nan,nan,nan,nan,nan,nan,nan,nan,nan,nan,nan,17.838483034937422,19.810425996122476,-0.020478896298722897,nan,nan,nan,nan,nan,0.03065943717956543,False,DISABLED,none,MODEL_ORIGIN_FRAME_NOT_ESTABLISHED,nan,nan,nan,nan,nan,nan,nan,nan,nan,nan,nan,nan,nan,NOT_EVALUATED,nan,nan,nan,nan,DISABLED,nan,nan,nan,nan,nan,nan
1791356364.1208532,1791356364.1395218,1791356364.1425219,1791356364.1425219,front_rgbd_red_sphere,False,False,True,DEPTH_RATIO_LOW,31.952,31.952,1791356364.1395218,1791356364.1380734,1791356364.1208532,1791356364.1208532,1791356364.1208532,0.0,1791356363.128845,1791356364.1288478,1791356364.125542,1791356364.1288478,1791356364.125542,1791356364.1288478,1791356363.128845,1791356364.1288478,1791356363.128845,1791356364.1288478,1791356332.1688533,GAZEBO_CLOCK_SYSTEM_INTERPOLATION,MAPPED_EXACT,0,31.952,1791356364.1208532,0.003100156784057617,0.0,RGB,0.0,0,1,0,UNCALIBRATED,PREPARATION,UNKNOWN,TURNING,0.0,0,0.0,nan,nan,nan,nan,False,0.0,0.0,0.0,0.0,0,0,0,0,0,0.0,0.0,0.0,0.0,0.0,0.0,0.0,0.0,0.0,0.0,0.0,0.0,0.0,0.0,0.0,0.0,0.0,0.0,0.0,0.0,0.0,0.0,0.0,0.0,0.0,0.0,0.0,0.0,False,DISABLED,0,nan,nan,nan,nan,nan,nan,nan,nan,nan,nan,nan,nan,nan,nan,nan,nan,nan,nan,nan,nan,nan,nan,nan,nan,nan,nan,nan,nan,nan,nan,nan,nan,nan,nan,nan,nan,nan,nan,nan,nan,18.04257690100384,19.850504403277178,-0.00829541211924795,nan,nan,nan,nan,nan,0.018668651580810547,False,DISABLED,none,MODEL_ORIGIN_FRAME_NOT_ESTABLISHED,nan,nan,nan,nan,nan,nan,nan,nan,nan,nan,nan,nan,nan,NOT_EVALUATED,nan,nan,nan,nan,DISABLED,nan,nan,nan,nan,nan,nan
1791356364.1688569,1791356364.1885188,1791356364.1914241,1791356364.1914241,front_rgbd_red_sphere,False,False,False,DEPTH_RATIO_LOW,32.0,32.0,1791356364.1885188,1791356364.1866794,1791356364.1688569,1791356364.1688569,1791356364.1688569,0.0,1791356363.1488562,1791356364.1688569,1791356364.165542,1791356364.1688569,1791356364.165542,1791356364.1688569,1791356363.1448505,1791356364.1688569,1791356363.1488562,1791356364.1688569,1791356332.1688569,GAZEBO_CLOCK_SYSTEM_INTERPOLATION,MAPPED_EXACT,0,32.0,1791356364.1688569,0.004271984100341797,0.0,RGB,0.0,0,1,0,UNCALIBRATED,PREPARATION,UNKNOWN,TURNING,0.0,0,0.0,nan,nan,nan,nan,False,0.0,0.0,0.0,0.0,0,0,0,0,0,0.0,0.0,0.0,0.0,0.0,0.0,0.0,0.0,0.0,0.0,0.0,0.0,0.0,0.0,0.0,0.0,0.0,0.0,0.0,0.0,0.0,0.0,0.0,0.0,0.0,0.0,0.0,0.0,False,DISABLED,0,nan,nan,nan,nan,nan,nan,nan,nan,nan,nan,nan,nan,nan,nan,nan,nan,nan,nan,nan,nan,nan,nan,nan,nan,nan,nan,nan,nan,nan,nan,nan,nan,nan,nan,nan,nan,nan,nan,nan,nan,nan,nan,nan,nan,nan,nan,nan,nan,0.019661903381347656,False,DISABLED,none,MODEL_ORIGIN_FRAME_NOT_ESTABLISHED,nan,nan,nan,nan,nan,nan,nan,nan,nan,nan,nan,nan,nan,NOT_EVALUATED,nan,nan,nan,nan,DISABLED,nan,nan,nan,nan,nan,nan
1791356364.220854,1791356364.2417924,1791356364.2445712,1791356364.2445712,front_rgbd_red_sphere,False,False,True,DEPTH_RATIO_LOW,32.052,32.052,1791356364.2417924,1791356364.2404258,1791356364.220854,1791356364.220854,1791356364.220854,0.0,1791356363.22486,1791356364.2248611,1791356364.221542,1791356364.2248611,1791356364.2255418,1791356364.2288578,1791356363.22486,1791356364.2248611,1791356363.208839,1791356364.2288578,1791356332.168854,GAZEBO_CLOCK_SYSTEM_INTERPOLATION,MAPPED_EXACT,0,32.052,1791356364.220854,0.0014293193817138672,0.0,RGB,0.0,0,1,0,UNCALIBRATED,PREPARATION,UNKNOWN,TURNING,0.0,0,0.0,nan,nan,nan,nan,False,0.0,0.0,0.0,0.0,0,0,0,0,0,0.0,0.0,0.0,0.0,0.0,0.0,0.0,0.0,0.0,0.0,0.0,0.0,0.0,0.0,0.0,0.0,0.0,0.0,0.0,0.0,0.0,0.0,0.0,0.0,0.0,0.0,0.0,0.0,False,DISABLED,0,nan,nan,nan,nan,nan,nan,nan,nan,nan,nan,nan,nan,nan,nan,nan,nan,nan,nan,nan,nan,nan,nan,nan,nan,nan,nan,nan,nan,nan,nan,nan,nan,nan,nan,nan,nan,nan,nan,nan,nan,18.43746318341411,19.91383433684971,0.015217909774931567,nan,nan,nan,nan,nan,0.020938396453857422,False,DISABLED,none,MODEL_ORIGIN_FRAME_NOT_ESTABLISHED,nan,nan,nan,nan,nan,nan,nan,nan,nan,nan,nan,nan,nan,NOT_EVALUATED,nan,nan,nan,nan,DISABLED,nan,nan,nan,nan,nan,nan
1791356364.268859,1791356364.287313,1791356364.2971623,1791356364.2971623,front_rgbd_red_sphere,False,False,True,DEPTH_RATIO_LOW,32.1,32.1,1791356364.287313,1791356364.2860422,1791356364.268859,1791356364.268859,1791356364.268859,0.0,1791356363.2688565,1791356364.288859,1791356364.285542,1791356364.288859,1791356364.285542,1791356364.288859,1791356363.264855,1791356364.288859,1791356363.2688565,1791356364.288859,1791356332.168859,GAZEBO_CLOCK_SYSTEM_INTERPOLATION,MAPPED_EXACT,0,32.1,1791356364.268859,0.0019354820251464844,0.0,RGB,0.0,0,1,0,UNCALIBRATED,PREPARATION,UNKNOWN,TURNING,0.0,0,0.0,nan,nan,nan,nan,False,0.0,0.0,0.0,0.0,0,0,0,0,0,0.0,0.0,0.0,0.0,0.0,0.0,0.0,0.0,0.0,0.0,0.0,0.0,0.0,0.0,0.0,0.0,0.0,0.0,0.0,0.0,0.0,0.0,0.0,0.0,0.0,0.0,0.0,0.0,False,DISABLED,0,nan,nan,nan,nan,nan,nan,nan,nan,nan,nan,nan,nan,nan,nan,nan,nan,nan,nan,nan,nan,nan,nan,nan,nan,nan,nan,nan,nan,nan,nan,nan,nan,nan,nan,nan,nan,nan,nan,nan,nan,18.62797030384695,19.93789552034259,0.026408368616757685,nan,nan,nan,nan,nan,0.01845407485961914,False,DISABLED,none,MODEL_ORIGIN_FRAME_NOT_ESTABLISHED,nan,nan,nan,nan,nan,nan,nan,nan,nan,nan,nan,nan,nan,NOT_EVALUATED,nan,nan,nan,nan,DISABLED,nan,nan,nan,nan,nan,nan
1791356364.320855,1791356364.3480206,1791356364.351003,1791356364.351003,front_rgbd_red_sphere,False,False,True,DEPTH_RATIO_LOW,32.152,32.152,1791356364.3394692,1791356364.3480206,1791356364.320855,1791356364.320855,1791356364.320855,0.0,1791356363.3088489,1791356364.328847,1791356364.325542,1791356364.328847,1791356364.325542,1791356364.328847,1791356363.3048704,1791356364.328847,1791356363.3088489,1791356364.328847,1791356332.168855,GAZEBO_CLOCK_SYSTEM_INTERPOLATION,MAPPED_EXACT,0,32.152,1791356364.320855,0.0034537315368652344,0.0,RGB,0.0,0,1,0,UNCALIBRATED,PREPARATION,UNKNOWN,TURNING,0.0,0,0.0,nan,nan,nan,nan,False,0.0,0.0,0.0,0.0,0,0,0,0,0,0.0,0.0,0.0,0.0,0.0,0.0,0.0,0.0,0.0,0.0,0.0,0.0,0.0,0.0,0.0,0.0,0.0,0.0,0.0,0.0,0.0,0.0,0.0,0.0,0.0,0.0,0.0,0.0,False,DISABLED,0,nan,nan,nan,nan,nan,nan,nan,nan,nan,nan,nan,nan,nan,nan,nan,nan,nan,nan,nan,nan,nan,nan,nan,nan,nan,nan,nan,nan,nan,nan,nan,nan,nan,nan,nan,nan,nan,nan,nan,nan,18.83475872343451,19.959406263994584,0.038354583762637263,nan,nan,nan,nan,nan,0.027165651321411133,False,DISABLED,none,MODEL_ORIGIN_FRAME_NOT_ESTABLISHED,nan,nan,nan,nan,nan,nan,nan,nan,nan,nan,nan,nan,nan,NOT_EVALUATED,nan,nan,nan,nan,DISABLED,nan,nan,nan,nan,nan,nan
1791356364.368858,1791356364.3910022,1791356364.3947225,1791356364.3947225,front_rgbd_red_sphere,False,False,True,DEPTH_RATIO_LOW,32.2,32.2,1791356364.3910022,1791356364.3888333,1791356364.368858,1791356364.368858,1791356364.368858,0.0,1791356363.3488479,1791356364.368858,1791356364.365542,1791356364.368858,1791356364.365542,1791356364.368858,1791356363.3448453,1791356364.368858,1791356363.3488479,1791356364.368858,1791356332.168858,GAZEBO_CLOCK_SYSTEM_INTERPOLATION,MAPPED_EXACT,0,32.2,1791356364.368858,0.002582073211669922,0.0,RGB,0.0,0,1,0,UNCALIBRATED,PREPARATION,UNKNOWN,TURNING,0.0,0,0.0,nan,nan,nan,nan,False,0.0,0.0,0.0,0.0,0,0,0,0,0,0.0,0.0,0.0,0.0,0.0,0.0,0.0,0.0,0.0,0.0,0.0,0.0,0.0,0.0,0.0,0.0,0.0,0.0,0.0,0.0,0.0,0.0,0.0,0.0,0.0,0.0,0.0,0.0,False,DISABLED,0,nan,nan,nan,nan,nan,nan,nan,nan,nan,nan,nan,nan,nan,nan,nan,nan,nan,nan,nan,nan,nan,nan,nan,nan,nan,nan,nan,nan,nan,nan,nan,nan,nan,nan,nan,nan,nan,nan,nan,nan,19.026173448665343,19.975095545361413,0.0491632025564108,nan,nan,nan,nan,nan,0.022144079208374023,False,DISABLED,none,MODEL_ORIGIN_FRAME_NOT_ESTABLISHED,nan,nan,nan,nan,nan,nan,nan,nan,nan,nan,nan,nan,nan,NOT_EVALUATED,nan,nan,nan,nan,DISABLED,nan,nan,nan,nan,nan,nan
1791356364.4208598,1791356364.442079,1791356364.4449806,1791356364.4449806,front_rgbd_red_sphere,False,False,True,DEPTH_RATIO_LOW,32.252,32.252,1791356364.442079,1791356364.4406667,1791356364.4208598,1791356364.4208598,1791356364.4208598,0.0,1791356363.4088507,1791356364.4248626,1791356364.421542,1791356364.4248626,1791356364.4255419,1791356364.4288592,1791356363.4088507,1791356364.4248626,1791356363.4088507,1791356364.4288592,1791356332.1688597,GAZEBO_CLOCK_SYSTEM_INTERPOLATION,MAPPED_EXACT,0,32.252,1791356364.4208598,0.0017185211181640625,0.0,RGB,0.0,0,1,0,UNCALIBRATED,PREPARATION,UNKNOWN,TURNING,0.0,0,0.0,nan,nan,nan,nan,False,0.0,0.0,0.0,0.0,0,0,0,0,0,0.0,0.0,0.0,0.0,0.0,0.0,0.0,0.0,0.0,0.0,0.0,0.0,0.0,0.0,0.0,0.0,0.0,0.0,0.0,0.0,0.0,0.0,0.0,0.0,0.0,0.0,0.0,0.0,False,DISABLED,0,nan,nan,nan,nan,nan,nan,nan,nan,nan,nan,nan,nan,nan,nan,nan,nan,nan,nan,nan,nan,nan,nan,nan,nan,nan,nan,nan,nan,nan,nan,nan,nan,nan,nan,nan,nan,nan,nan,nan,nan,19.233789250420834,19.987672766667274,0.060553681052710834,nan,nan,nan,nan,nan,0.021219253540039062,False,DISABLED,none,MODEL_ORIGIN_FRAME_NOT_ESTABLISHED,nan,nan,nan,nan,nan,nan,nan,nan,nan,nan,nan,nan,nan,NOT_EVALUATED,nan,nan,nan,nan,DISABLED,nan,nan,nan,nan,nan,nan
1791356364.4688559,1791356364.5018497,1791356364.5048018,1791356364.5048018,front_rgbd_red_sphere,False,False,True,DEPTH_RATIO_LOW,32.3,32.3,1791356364.5018497,1791356364.4890747,1791356364.4688559,1791356364.4688559,1791356364.4688559,0.0,1791356363.4688644,1791356364.4888625,1791356364.4855418,1791356364.4888625,1791356364.4855418,1791356364.4888625,1791356363.464881,1791356364.4888625,1791356363.4688644,1791356364.4888625,1791356332.168856,GAZEBO_CLOCK_SYSTEM_INTERPOLATION,MAPPED_EXACT,0,32.3,1791356364.4688559,0.0016148090362548828,0.0,RGB,0.0,0,1,0,UNCALIBRATED,PREPARATION,UNKNOWN,TURNING,0.0,0,0.0,nan,nan,nan,nan,False,0.0,0.0,0.0,0.0,0,0,0,0,0,0.0,0.0,0.0,0.0,0.0,0.0,0.0,0.0,0.0,0.0,0.0,0.0,0.0,0.0,0.0,0.0,0.0,0.0,0.0,0.0,0.0,0.0,0.0,0.0,0.0,0.0,0.0,0.0,False,DISABLED,0,nan,nan,nan,nan,nan,nan,nan,nan,nan,nan,nan,nan,nan,nan,nan,nan,nan,nan,nan,nan,nan,nan,nan,nan,nan,nan,nan,nan,nan,nan,nan,nan,nan,nan,nan,nan,nan,nan,nan,nan,19.425565763623947,19.99523456024921,0.07070534930301185,nan,nan,nan,nan,nan,0.03299379348754883,False,DISABLED,none,MODEL_ORIGIN_FRAME_NOT_ESTABLISHED,nan,nan,nan,nan,nan,nan,nan,nan,nan,nan,nan,nan,nan,NOT_EVALUATED,nan,nan,nan,nan,DISABLED,nan,nan,nan,nan,nan,nan
1791356364.5208533,1791356364.5472798,1791356364.5505989,1791356364.5505989,front_rgbd_red_sphere,False,False,True,DEPTH_RATIO_LOW,32.352,32.352,1791356364.5472798,1791356364.5373077,1791356364.5208533,1791356364.5208533,1791356364.5208533,0.0,1791356363.508851,1791356364.5288556,1791356364.525542,1791356364.5288556,1791356364.525542,1791356364.5288556,1791356363.5048559,1791356364.5288556,1791356363.508851,1791356364.5288556,1791356332.1688533,GAZEBO_CLOCK_SYSTEM_INTERPOLATION,MAPPED_EXACT,0,32.352,1791356364.5208533,0.002775907516479492,0.0,RGB,0.0,0,1,0,UNCALIBRATED,PREPARATION,UNKNOWN,TURNING,0.0,0,0.0,nan,nan,nan,nan,False,0.0,0.0,0.0,0.0,0,0,0,0,0,0.0,0.0,0.0,0.0,0.0,0.0,0.0,0.0,0.0,0.0,0.0,0.0,0.0,0.0,0.0,0.0,0.0,0.0,0.0,0.0,0.0,0.0,0.0,0.0,0.0,0.0,0.0,0.0,False,DISABLED,0,nan,nan,nan,nan,nan,nan,nan,nan,nan,nan,nan,nan,nan,nan,nan,nan,nan,nan,nan,nan,nan,nan,nan,nan,nan,nan,nan,nan,nan,nan,nan,nan,nan,nan,nan,nan,nan,nan,nan,nan,19.633544384747406,19.999171361189937,0.08125574561735419,nan,nan,nan,nan,nan,0.02642655372619629,False,DISABLED,none,MODEL_ORIGIN_FRAME_NOT_ESTABLISHED,nan,nan,nan,nan,nan,nan,nan,nan,nan,nan,nan,nan,nan,NOT_EVALUATED,nan,nan,nan,nan,DISABLED,nan,nan,nan,nan,nan,nan
1791356364.5688605,1791356364.5895572,1791356364.5914595,1791356364.5914595,front_rgbd_red_sphere,False,False,False,DEPTH_RATIO_LOW,32.4,32.4,1791356364.5895572,1791356364.5886145,1791356364.5688605,1791356364.5688605,1791356364.5688605,0.0,1791356363.56885,1791356364.5688605,1791356364.565542,1791356364.5688605,1791356364.565542,1791356364.5688605,1791356363.56885,1791356364.5688605,1791356363.56885,1791356364.5688605,1791356332.1688604,GAZEBO_CLOCK_SYSTEM_INTERPOLATION,MAPPED_EXACT,0,32.4,1791356364.5688605,0.0011105537414550781,0.0,RGB,0.0,0,1,0,UNCALIBRATED,PREPARATION,UNKNOWN,TURNING,0.0,0,0.0,nan,nan,nan,nan,False,0.0,0.0,0.0,0.0,0,0,0,0,0,0.0,0.0,0.0,0.0,0.0,0.0,0.0,0.0,0.0,0.0,0.0,0.0,0.0,0.0,0.0,0.0,0.0,0.0,0.0,0.0,0.0,0.0,0.0,0.0,0.0,0.0,0.0,0.0,False,DISABLED,0,nan,nan,nan,nan,nan,nan,nan,nan,nan,nan,nan,nan,nan,nan,nan,nan,nan,nan,nan,nan,nan,nan,nan,nan,nan,nan,nan,nan,nan,nan,nan,nan,nan,nan,nan,nan,nan,nan,nan,nan,nan,nan,nan,nan,nan,nan,nan,nan,0.020696640014648438,False,DISABLED,none,MODEL_ORIGIN_FRAME_NOT_ESTABLISHED,nan,nan,nan,nan,nan,nan,nan,nan,nan,nan,nan,nan,nan,NOT_EVALUATED,nan,nan,nan,nan,DISABLED,nan,nan,nan,nan,nan,nan
1791356364.6208594,1791356364.6385312,1791356364.6407862,1791356364.6407862,front_rgbd_red_sphere,False,False,False,DEPTH_RATIO_LOW,32.452,32.452,1791356364.6385312,1791356364.6368268,1791356364.6208594,1791356364.6208594,1791356364.6208594,0.0,1791356363.62486,1791356364.624861,1791356364.621542,1791356364.624861,1791356364.625542,1791356364.6288536,1791356363.62486,1791356364.624861,1791356363.608844,1791356364.6288536,1791356332.1688595,GAZEBO_CLOCK_SYSTEM_INTERPOLATION,MAPPED_EXACT,0,32.452,1791356364.6208594,0.002089262008666992,0.0,RGB,0.0,0,1,0,UNCALIBRATED,PREPARATION,UNKNOWN,TURNING,0.0,0,0.0,nan,nan,nan,nan,False,0.0,0.0,0.0,0.0,0,0,0,0,0,0.0,0.0,0.0,0.0,0.0,0.0,0.0,0.0,0.0,0.0,0.0,0.0,0.0,0.0,0.0,0.0,0.0,0.0,0.0,0.0,0.0,0.0,0.0,0.0,0.0,0.0,0.0,0.0,False,DISABLED,0,nan,nan,nan,nan,nan,nan,nan,nan,nan,nan,nan,nan,nan,nan,nan,nan,nan,nan,nan,nan,nan,nan,nan,nan,nan,nan,nan,nan,nan,nan,nan,nan,nan,nan,nan,nan,nan,nan,nan,nan,nan,nan,nan,nan,nan,nan,nan,nan,0.017671823501586914,False,DISABLED,none,MODEL_ORIGIN_FRAME_NOT_ESTABLISHED,nan,nan,nan,nan,nan,nan,nan,nan,nan,nan,nan,nan,nan,NOT_EVALUATED,nan,nan,nan,nan,DISABLED,nan,nan,nan,nan,nan,nan
1791356364.6688612,1791356364.700072,1791356364.7035096,1791356364.7035096,front_rgbd_red_sphere,False,False,True,DEPTH_RATIO_LOW,32.5,32.5,1791356364.700072,1791356364.6887968,1791356364.6688612,1791356364.6688612,1791356364.6688612,0.0,1791356363.68886,1791356364.6888633,1791356364.6855419,1791356364.6888633,1791356364.6855419,1791356364.6888633,1791356363.68886,1791356364.6888633,1791356363.68886,1791356364.6888633,1791356332.1688612,GAZEBO_CLOCK_SYSTEM_INTERPOLATION,MAPPED_EXACT,0,32.5,1791356364.6688612,0.0036597251892089844,0.0,RGB,0.0,0,1,0,UNCALIBRATED,PREPARATION,UNKNOWN,TURNING,0.0,0,0.0,nan,nan,nan,nan,False,0.0,0.0,0.0,0.0,0,0,0,0,0,0.0,0.0,0.0,0.0,0.0,0.0,0.0,0.0,0.0,0.0,0.0,0.0,0.0,0.0,0.0,0.0,0.0,0.0,0.0,0.0,0.0,0.0,0.0,0.0,0.0,0.0,0.0,0.0,False,DISABLED,0,nan,nan,nan,nan,nan,nan,nan,nan,nan,nan,nan,nan,nan,nan,nan,nan,nan,nan,nan,nan,nan,nan,nan,nan,nan,nan,nan,nan,nan,nan,nan,nan,nan,nan,nan,nan,nan,nan,nan,nan,20.22532330940944,19.986773824678583,0.10808642439729789,nan,nan,nan,nan,nan,0.031210899353027344,False,DISABLED,none,MODEL_ORIGIN_FRAME_NOT_ESTABLISHED,nan,nan,nan,nan,nan,nan,nan,nan,nan,nan,nan,nan,nan,NOT_EVALUATED,nan,nan,nan,nan,DISABLED,nan,nan,nan,nan,nan,nan
1791356364.720859,1791356364.7414067,1791356364.7444782,1791356364.7444782,front_rgbd_red_sphere,False,False,True,DEPTH_RATIO_LOW,32.552,32.552,1791356364.7414067,1791356364.7403738,1791356364.720859,1791356364.720859,1791356364.720859,0.0,1791356363.7088552,1791356364.7288456,1791356364.7255418,1791356364.7288456,1791356364.7255418,1791356364.7288456,1791356363.7048597,1791356364.7288456,1791356363.7088552,1791356364.7288456,1791356332.168859,GAZEBO_CLOCK_SYSTEM_INTERPOLATION,MAPPED_EXACT,0,32.552,1791356364.720859,0.0010290145874023438,0.0,RGB,0.0,0,1,0,UNCALIBRATED,PREPARATION,UNKNOWN,TURNING,0.0,0,0.0,nan,nan,nan,nan,False,0.0,0.0,0.0,0.0,0,0,0,0,0,0.0,0.0,0.0,0.0,0.0,0.0,0.0,0.0,0.0,0.0,0.0,0.0,0.0,0.0,0.0,0.0,0.0,0.0,0.0,0.0,0.0,0.0,0.0,0.0,0.0,0.0,0.0,0.0,False,DISABLED,0,nan,nan,nan,nan,nan,nan,nan,nan,nan,nan,nan,nan,nan,nan,nan,nan,nan,nan,nan,nan,nan,nan,nan,nan,nan,nan,nan,nan,nan,nan,nan,nan,nan,nan,nan,nan,nan,nan,nan,nan,20.4329475085056,19.974463060839124,0.11620075420918977,nan,nan,nan,nan,nan,0.02054762840270996,False,DISABLED,none,MODEL_ORIGIN_FRAME_NOT_ESTABLISHED,nan,nan,nan,nan,nan,nan,nan,nan,nan,nan,nan,nan,nan,NOT_EVALUATED,nan,nan,nan,nan,DISABLED,nan,nan,nan,nan,nan,nan
1791356364.7688668,1791356364.7994804,1791356364.801991,1791356364.801991,front_rgbd_red_sphere,False,False,True,DEPTH_RATIO_LOW,32.6,32.6,1791356364.7994804,1791356364.7875702,1791356364.7688668,1791356364.7688668,1791356364.7688668,0.0,1791356363.7888527,1791356364.784851,1791356364.7815418,1791356364.784851,1791356364.785542,1791356364.7888587,1791356363.7688518,1791356364.784851,1791356363.7888527,1791356364.7888587,1791356332.1688669,GAZEBO_CLOCK_SYSTEM_INTERPOLATION,MAPPED_EXACT,0,32.6,1791356364.7688668,0.0030379295349121094,0.0,RGB,0.0,0,1,0,UNCALIBRATED,PREPARATION,UNKNOWN,TURNING,0.0,0,0.0,nan,nan,nan,nan,False,0.0,0.0,0.0,0.0,0,0,0,0,0,0.0,0.0,0.0,0.0,0.0,0.0,0.0,0.0,0.0,0.0,0.0,0.0,0.0,0.0,0.0,0.0,0.0,0.0,0.0,0.0,0.0,0.0,0.0,0.0,0.0,0.0,0.0,0.0,False,DISABLED,0,nan,nan,nan,nan,nan,nan,nan,nan,nan,nan,nan,nan,nan,nan,nan,nan,nan,nan,nan,nan,nan,nan,nan,nan,nan,nan,nan,nan,nan,nan,nan,nan,nan,nan,nan,nan,nan,nan,nan,nan,20.624461709488656,19.95953848163212,0.12300395074580596,nan,nan,nan,nan,nan,0.03061366081237793,False,DISABLED,none,MODEL_ORIGIN_FRAME_NOT_ESTABLISHED,nan,nan,nan,nan,nan,nan,nan,nan,nan,nan,nan,nan,nan,NOT_EVALUATED,nan,nan,nan,nan,DISABLED,nan,nan,nan,nan,nan,nan
1791356364.8208556,1791356364.851724,1791356364.8541293,1791356364.8541293,front_rgbd_red_sphere,False,False,True,DEPTH_RATIO_LOW,32.652,32.652,1791356364.851724,1791356364.8500419,1791356364.8208556,1791356364.8208556,1791356364.8208556,0.0,1791356363.8288534,1791356364.8248622,1791356364.821542,1791356364.8248622,1791356364.825542,1791356364.8288593,1791356363.8088486,1791356364.8248622,1791356363.8288534,1791356364.8288593,1791356332.1688557,GAZEBO_CLOCK_SYSTEM_INTERPOLATION,MAPPED_EXACT,0,32.652,1791356364.8208556,0.003256559371948242,0.0,RGB,0.0,0,1,0,UNCALIBRATED,PREPARATION,UNKNOWN,TURNING,0.0,0,0.0,nan,nan,nan,nan,False,0.0,0.0,0.0,0.0,0,0,0,0,0,0.0,0.0,0.0,0.0,0.0,0.0,0.0,0.0,0.0,0.0,0.0,0.0,0.0,0.0,0.0,0.0,0.0,0.0,0.0,0.0,0.0,0.0,0.0,0.0,0.0,0.0,0.0,0.0,False,DISABLED,0,nan,nan,nan,nan,nan,nan,nan,nan,nan,nan,nan,nan,nan,nan,nan,nan,nan,nan,nan,nan,nan,nan,nan,nan,nan,nan,nan,nan,nan,nan,nan,nan,nan,nan,nan,nan,nan,nan,nan,nan,20.831466938531428,19.939668743931815,0.12958298787078398,nan,nan,nan,nan,nan,0.0308682918548584,False,DISABLED,none,MODEL_ORIGIN_FRAME_NOT_ESTABLISHED,nan,nan,nan,nan,nan,nan,nan,nan,nan,nan,nan,nan,nan,NOT_EVALUATED,nan,nan,nan,nan,DISABLED,nan,nan,nan,nan,nan,nan
1791356364.8688605,1791356364.9037538,1791356364.907381,1791356364.907381,front_rgbd_red_sphere,False,False,True,DEPTH_RATIO_LOW,32.7,32.7,1791356364.9037538,1791356364.9021437,1791356364.8688605,1791356364.8688605,1791356364.8688605,0.0,1791356363.8688555,1791356364.8888493,1791356364.885542,1791356364.8888493,1791356364.885542,1791356364.8888493,1791356363.864895,1791356364.8888493,1791356363.8688555,1791356364.8888493,1791356332.1688604,GAZEBO_CLOCK_SYSTEM_INTERPOLATION,MAPPED_EXACT,0,32.7,1791356364.8688605,0.003559589385986328,0.0,RGB,0.0,0,1,0,UNCALIBRATED,PREPARATION,UNKNOWN,TURNING,0.0,0,0.0,nan,nan,nan,nan,False,0.0,0.0,0.0,0.0,0,0,0,0,0,0.0,0.0,0.0,0.0,0.0,0.0,0.0,0.0,0.0,0.0,0.0,0.0,0.0,0.0,0.0,0.0,0.0,0.0,0.0,0.0,0.0,0.0,0.0,0.0,0.0,0.0,0.0,0.0,False,DISABLED,0,nan,nan,nan,nan,nan,nan,nan,nan,nan,nan,nan,nan,nan,nan,nan,nan,nan,nan,nan,nan,nan,nan,nan,nan,nan,nan,nan,nan,nan,nan,nan,nan,nan,nan,nan,nan,nan,nan,nan,nan,21.022254245614974,19.91795256731375,0.13488783691656384,nan,nan,nan,nan,nan,0.03489327430725098,False,DISABLED,none,MODEL_ORIGIN_FRAME_NOT_ESTABLISHED,nan,nan,nan,nan,nan,nan,nan,nan,nan,nan,nan,nan,nan,NOT_EVALUATED,nan,nan,nan,nan,DISABLED,nan,nan,nan,nan,nan,nan
1791356364.9208603,1791356364.941685,1791356364.9438455,1791356364.9438455,front_rgbd_red_sphere,False,False,True,DEPTH_RATIO_LOW,32.752,32.752,1791356364.941685,1791356364.9400961,1791356364.9208603,1791356364.9208603,1791356364.9208603,0.0,1791356363.9088593,1791356364.9288592,1791356364.9255419,1791356364.9288592,1791356364.9255419,1791356364.9288592,1791356363.9048524,1791356364.9288592,1791356363.9088593,1791356364.9288592,1791356332.1688602,GAZEBO_CLOCK_SYSTEM_INTERPOLATION,MAPPED_EXACT,0,32.752,1791356364.9208603,0.0012979507446289062,0.0,RGB,0.0,0,1,0,UNCALIBRATED,PREPARATION,UNKNOWN,TURNING,0.0,0,0.0,nan,nan,nan,nan,False,0.0,0.0,0.0,0.0,0,0,0,0,0,0.0,0.0,0.0,0.0,0.0,0.0,0.0,0.0,0.0,0.0,0.0,0.0,0.0,0.0,0.0,0.0,0.0,0.0,0.0,0.0,0.0,0.0,0.0,0.0,0.0,0.0,0.0,0.0,False,DISABLED,0,nan,nan,nan,nan,nan,nan,nan,nan,nan,nan,nan,nan,nan,nan,nan,nan,nan,nan,nan,nan,nan,nan,nan,nan,nan,nan,nan,nan,nan,nan,nan,nan,nan,nan,nan,nan,nan,nan,nan,nan,21.228486732166623,19.89091168743119,0.13977260933863572,nan,nan,nan,nan,nan,0.020824670791625977,False,DISABLED,none,MODEL_ORIGIN_FRAME_NOT_ESTABLISHED,nan,nan,nan,nan,nan,nan,nan,nan,nan,nan,nan,nan,nan,NOT_EVALUATED,nan,nan,nan,nan,DISABLED,nan,nan,nan,nan,nan,nan
1791356364.9688506,1791356364.9895535,1791356364.992764,1791356364.992764,front_rgbd_red_sphere,False,False,True,DEPTH_RATIO_LOW,32.8,32.8,1791356364.9895535,1791356364.9875174,1791356364.9688506,1791356364.9688506,1791356364.9688506,0.0,1791356363.9688478,1791356364.9688506,1791356364.9655418,1791356364.9688506,1791356364.9655418,1791356364.9688506,1791356363.9688478,1791356364.9688506,1791356363.9688478,1791356364.9688506,1791356332.1688507,GAZEBO_CLOCK_SYSTEM_INTERPOLATION,MAPPED_EXACT,0,32.8,1791356364.9688506,0.0012581348419189453,0.0,RGB,0.0,0,1,0,UNCALIBRATED,PREPARATION,UNKNOWN,TURNING,0.0,0,0.0,nan,nan,nan,nan,False,0.0,0.0,0.0,0.0,0,0,0,0,0,0.0,0.0,0.0,0.0,0.0,0.0,0.0,0.0,0.0,0.0,0.0,0.0,0.0,0.0,0.0,0.0,0.0,0.0,0.0,0.0,0.0,0.0,0.0,0.0,0.0,0.0,0.0,0.0,False,DISABLED,0,nan,nan,nan,nan,nan,nan,nan,nan,nan,nan,nan,nan,nan,nan,nan,nan,nan,nan,nan,nan,nan,nan,nan,nan,nan,nan,nan,nan,nan,nan,nan,nan,nan,nan,nan,nan,nan,nan,nan,nan,21.418270343436028,19.862783535837657,0.14344799082101548,nan,nan,nan,nan,nan,0.020702838897705078,False,DISABLED,none,MODEL_ORIGIN_FRAME_NOT_ESTABLISHED,nan,nan,nan,nan,nan,nan,nan,nan,nan,nan,nan,nan,nan,NOT_EVALUATED,nan,nan,nan,nan,DISABLED,nan,nan,nan,nan,nan,nan
1791356365.0208576,1791356365.0487096,1791356365.0523663,1791356365.0523663,front_rgbd_red_sphere,False,False,True,DEPTH_RATIO_LOW,32.852,32.852,1791356365.0487096,1791356365.037768,1791356365.0208576,1791356365.0208576,1791356365.0208576,0.0,1791356364.0288463,1791356365.0328557,1791356365.029558,1791356365.0328557,1791356365.029558,1791356365.0328717,1791356364.0248678,1791356365.0328557,1791356364.0288463,1791356365.0328717,1791356332.1688576,GAZEBO_CLOCK_SYSTEM_INTERPOLATION,MAPPED_EXACT,0,32.852,1791356365.0208576,0.00428462028503418,0.0,RGB,0.0,0,1,0,UNCALIBRATED,PREPARATION,UNKNOWN,TURNING,0.0,0,0.0,nan,nan,nan,nan,False,0.0,0.0,0.0,0.0,0,0,0,0,0,0.0,0.0,0.0,0.0,0.0,0.0,0.0,0.0,0.0,0.0,0.0,0.0,0.0,0.0,0.0,0.0,0.0,0.0,0.0,0.0,0.0,0.0,0.0,0.0,0.0,0.0,0.0,0.0,False,DISABLED,0,nan,nan,nan,nan,nan,nan,nan,nan,nan,nan,nan,nan,nan,nan,nan,nan,nan,nan,nan,nan,nan,nan,nan,nan,nan,nan,nan,nan,nan,nan,nan,nan,nan,nan,nan,nan,nan,nan,nan,nan,21.6234998022101,19.82896979135595,0.14651774940262366,nan,nan,nan,nan,nan,0.02785205841064453,False,DISABLED,none,MODEL_ORIGIN_FRAME_NOT_ESTABLISHED,nan,nan,nan,nan,nan,nan,nan,nan,nan,nan,nan,nan,nan,NOT_EVALUATED,nan,nan,nan,nan,DISABLED,nan,nan,nan,nan,nan,nan
1791356365.0688531,1791356365.092813,1791356365.095577,1791356365.095577,front_rgbd_red_sphere,False,False,True,DEPTH_RATIO_LOW,32.9,32.9,1791356365.092813,1791356365.0911,1791356365.0688531,1791356365.0688531,1791356365.0688531,0.0,1791356364.0888505,1791356365.0888593,1791356365.085558,1791356365.0888593,1791356365.085558,1791356365.0888593,1791356364.0888505,1791356365.0888593,1791356364.0888505,1791356365.0888593,1791356332.168853,GAZEBO_CLOCK_SYSTEM_INTERPOLATION,MAPPED_EXACT,0,32.9,1791356365.0688531,0.0014090538024902344,0.0,RGB,0.0,0,1,0,UNCALIBRATED,PREPARATION,UNKNOWN,TURNING,0.0,0,0.0,nan,nan,nan,nan,False,0.0,0.0,0.0,0.0,0,0,0,0,0,0.0,0.0,0.0,0.0,0.0,0.0,0.0,0.0,0.0,0.0,0.0,0.0,0.0,0.0,0.0,0.0,0.0,0.0,0.0,0.0,0.0,0.0,0.0,0.0,0.0,0.0,0.0,0.0,False,DISABLED,0,nan,nan,nan,nan,nan,nan,nan,nan,nan,nan,nan,nan,nan,nan,nan,nan,nan,nan,nan,nan,nan,nan,nan,nan,nan,nan,nan,nan,nan,nan,nan,nan,nan,nan,nan,nan,nan,nan,nan,nan,21.812460816466487,19.79474047525106,0.14848018473808686,nan,nan,nan,nan,nan,0.023959875106811523,False,DISABLED,none,MODEL_ORIGIN_FRAME_NOT_ESTABLISHED,nan,nan,nan,nan,nan,nan,nan,nan,nan,nan,nan,nan,nan,NOT_EVALUATED,nan,nan,nan,nan,DISABLED,nan,nan,nan,nan,nan,nan
1791356365.1208587,1791356365.141931,1791356365.1436558,1791356365.1436558,front_rgbd_red_sphere,False,False,True,DEPTH_RATIO_LOW,32.952,32.952,1791356365.141931,1791356365.1400845,1791356365.1208587,1791356365.1208587,1791356365.1208587,0.0,1791356364.1288478,1791356365.128859,1791356365.125558,1791356365.128859,1791356365.125558,1791356365.128859,1791356364.1288478,1791356365.128859,1791356364.1288478,1791356365.128859,1791356332.1688588,GAZEBO_CLOCK_SYSTEM_INTERPOLATION,MAPPED_EXACT,0,32.952,1791356365.1208587,0.0013508796691894531,0.0,RGB,0.0,0,1,0,UNCALIBRATED,PREPARATION,UNKNOWN,TURNING,0.0,0,0.0,nan,nan,nan,nan,False,0.0,0.0,0.0,0.0,0,0,0,0,0,0.0,0.0,0.0,0.0,0.0,0.0,0.0,0.0,0.0,0.0,0.0,0.0,0.0,0.0,0.0,0.0,0.0,0.0,0.0,0.0,0.0,0.0,0.0,0.0,0.0,0.0,0.0,0.0,False,DISABLED,0,nan,nan,nan,nan,nan,nan,nan,nan,nan,nan,nan,nan,nan,nan,nan,nan,nan,nan,nan,nan,nan,nan,nan,nan,nan,nan,nan,nan,nan,nan,nan,nan,nan,nan,nan,nan,nan,nan,nan,nan,22.016518808305662,19.754535483558573,0.14965747977818872,nan,nan,nan,nan,nan,0.0210723876953125,False,DISABLED,none,MODEL_ORIGIN_FRAME_NOT_ESTABLISHED,nan,nan,nan,nan,nan,nan,nan,nan,nan,nan,nan,nan,nan,NOT_EVALUATED,nan,nan,nan,nan,DISABLED,nan,nan,nan,nan,nan,nan
1791356365.1688626,1791356365.1923065,1791356365.1940746,1791356365.1940746,front_rgbd_red_sphere,False,False,True,DEPTH_RATIO_LOW,33.0,33.0,1791356365.1923065,1791356365.1902714,1791356365.1688626,1791356365.1688626,1791356365.1688626,0.0,1791356364.1688569,1791356365.1688626,1791356365.1655579,1791356365.1688626,1791356365.1655579,1791356365.1688626,1791356364.1688569,1791356365.1688626,1791356364.1688569,1791356365.1688626,1791356332.1688626,GAZEBO_CLOCK_SYSTEM_INTERPOLATION,MAPPED_EXACT,0,33.0,1791356365.1688626,0.003707408905029297,0.0,RGB,0.0,0,1,0,UNCALIBRATED,PREPARATION,UNKNOWN,TURNING,0.0,0,0.0,nan,nan,nan,nan,False,0.0,0.0,0.0,0.0,0,0,0,0,0,0.0,0.0,0.0,0.0,0.0,0.0,0.0,0.0,0.0,0.0,0.0,0.0,0.0,0.0,0.0,0.0,0.0,0.0,0.0,0.0,0.0,0.0,0.0,0.0,0.0,0.0,0.0,0.0,False,DISABLED,0,nan,nan,nan,nan,nan,nan,nan,nan,nan,nan,nan,nan,nan,nan,nan,nan,nan,nan,nan,nan,nan,nan,nan,nan,nan,nan,nan,nan,nan,nan,nan,nan,nan,nan,nan,nan,nan,nan,nan,nan,22.204371137569225,19.714579765618293,0.14985562327615853,nan,nan,nan,nan,nan,0.023443937301635742,False,DISABLED,none,MODEL_ORIGIN_FRAME_NOT_ESTABLISHED,nan,nan,nan,nan,nan,nan,nan,nan,nan,nan,nan,nan,nan,NOT_EVALUATED,nan,nan,nan,nan,DISABLED,nan,nan,nan,nan,nan,nan
1791356365.2208543,1791356365.2406158,1791356365.242566,1791356365.242566,front_rgbd_red_sphere,False,False,True,DEPTH_RATIO_LOW,33.052,33.052,1791356365.2406158,1791356365.2396698,1791356365.2208543,1791356365.2208543,1791356365.2208543,0.0,1791356364.2288578,1791356365.2248497,1791356365.2215579,1791356365.2248497,1791356365.2255578,1791356365.22886,1791356364.2088485,1791356365.2248497,1791356364.2288578,1791356365.22886,1791356332.1688542,GAZEBO_CLOCK_SYSTEM_INTERPOLATION,MAPPED_EXACT,0,33.052,1791356365.2208543,0.004008293151855469,0.0,RGB,0.0,0,1,0,UNCALIBRATED,PREPARATION,UNKNOWN,TURNING,0.0,0,0.0,nan,nan,nan,nan,False,0.0,0.0,0.0,0.0,0,0,0,0,0,0.0,0.0,0.0,0.0,0.0,0.0,0.0,0.0,0.0,0.0,0.0,0.0,0.0,0.0,0.0,0.0,0.0,0.0,0.0,0.0,0.0,0.0,0.0,0.0,0.0,0.0,0.0,0.0,False,DISABLED,0,nan,nan,nan,nan,nan,nan,nan,nan,nan,nan,nan,nan,nan,nan,nan,nan,nan,nan,nan,nan,nan,nan,nan,nan,nan,nan,nan,nan,nan,nan,nan,nan,nan,nan,nan,nan,nan,nan,nan,nan,22.407120135803652,19.66836615300467,0.14911279099026892,nan,nan,nan,nan,nan,0.01976156234741211,False,DISABLED,none,MODEL_ORIGIN_FRAME_NOT_ESTABLISHED,nan,nan,nan,nan,nan,nan,nan,nan,nan,nan,nan,nan,nan,NOT_EVALUATED,nan,nan,nan,nan,DISABLED,nan,nan,nan,nan,nan,nan
1791356365.268859,1791356365.2993221,1791356365.3017728,1791356365.3017728,front_rgbd_red_sphere,False,False,True,DEPTH_RATIO_LOW,33.1,33.1,1791356365.2898023,1791356365.2993221,1791356365.268859,1791356365.268859,1791356365.268859,0.0,1791356364.288859,1791356365.2888608,1791356365.285558,1791356365.2888608,1791356365.285558,1791356365.2888608,1791356364.288859,1791356365.2888608,1791356364.288859,1791356365.2888608,1791356332.168859,GAZEBO_CLOCK_SYSTEM_INTERPOLATION,MAPPED_EXACT,0,33.1,1791356365.268859,0.002771615982055664,0.0,RGB,0.0,0,1,0,UNCALIBRATED,PREPARATION,UNKNOWN,TURNING,0.0,0,0.0,nan,nan,nan,nan,False,0.0,0.0,0.0,0.0,0,0,0,0,0,0.0,0.0,0.0,0.0,0.0,0.0,0.0,0.0,0.0,0.0,0.0,0.0,0.0,0.0,0.0,0.0,0.0,0.0,0.0,0.0,0.0,0.0,0.0,0.0,0.0,0.0,0.0,0.0,False,DISABLED,0,nan,nan,nan,nan,nan,nan,nan,nan,nan,nan,nan,nan,nan,nan,nan,nan,nan,nan,nan,nan,nan,nan,nan,nan,nan,nan,nan,nan,nan,nan,nan,nan,nan,nan,nan,nan,nan,nan,nan,nan,22.593698645639364,19.623033792156082,0.14754054640301587,nan,nan,nan,nan,nan,0.030463218688964844,False,DISABLED,none,MODEL_ORIGIN_FRAME_NOT_ESTABLISHED,nan,nan,nan,nan,nan,nan,nan,nan,nan,nan,nan,nan,nan,NOT_EVALUATED,nan,nan,nan,nan,DISABLED,nan,nan,nan,nan,nan,nan
1791356365.3208694,1791356365.348792,1791356365.3523097,1791356365.3523097,front_rgbd_red_sphere,False,False,True,DEPTH_RATIO_LOW,33.152,33.152,1791356365.348792,1791356365.336974,1791356365.3208694,1791356365.3208694,1791356365.3208694,0.0,1791356364.328847,1791356365.3288567,1791356365.325558,1791356365.3288567,1791356365.325558,1791356365.3288567,1791356364.328847,1791356365.3288567,1791356364.328847,1791356365.3288567,1791356332.1688695,GAZEBO_CLOCK_SYSTEM_INTERPOLATION,MAPPED_EXACT,0,33.152,1791356365.3208694,0.0005414485931396484,0.0,RGB,0.0,0,1,0,UNCALIBRATED,PREPARATION,UNKNOWN,TURNING,0.0,0,0.0,nan,nan,nan,nan,False,0.0,0.0,0.0,0.0,0,0,0,0,0,0.0,0.0,0.0,0.0,0.0,0.0,0.0,0.0,0.0,0.0,0.0,0.0,0.0,0.0,0.0,0.0,0.0,0.0,0.0,0.0,0.0,0.0,0.0,0.0,0.0,0.0,0.0,0.0,False,DISABLED,0,nan,nan,nan,nan,nan,nan,nan,nan,nan,nan,nan,nan,nan,nan,nan,nan,nan,nan,nan,nan,nan,nan,nan,nan,nan,nan,nan,nan,nan,nan,nan,nan,nan,nan,nan,nan,nan,nan,nan,nan,22.79515628410648,19.571144501378125,0.14489477851385052,nan,nan,nan,nan,nan,0.027922630310058594,False,DISABLED,none,MODEL_ORIGIN_FRAME_NOT_ESTABLISHED,nan,nan,nan,nan,nan,nan,nan,nan,nan,nan,nan,nan,nan,NOT_EVALUATED,nan,nan,nan,nan,DISABLED,nan,nan,nan,nan,nan,nan
1791356365.3688579,1791356365.3888483,1791356365.3911486,1791356365.3911486,front_rgbd_red_sphere,False,False,False,DEPTH_RATIO_LOW,33.2,33.2,1791356365.3888483,1791356365.386779,1791356365.3688579,1791356365.3688579,1791356365.3688579,0.0,1791356364.3488538,1791356365.3688579,1791356365.365558,1791356365.3688579,1791356365.365558,1791356365.3688579,1791356364.3448524,1791356365.3688579,1791356364.3488538,1791356365.3688579,1791356332.1688578,GAZEBO_CLOCK_SYSTEM_INTERPOLATION,MAPPED_EXACT,0,33.2,1791356365.3688579,0.0005083084106445312,0.0,RGB,0.0,0,1,0,UNCALIBRATED,PREPARATION,UNKNOWN,TURNING,0.0,0,0.0,nan,nan,nan,nan,False,0.0,0.0,0.0,0.0,0,0,0,0,0,0.0,0.0,0.0,0.0,0.0,0.0,0.0,0.0,0.0,0.0,0.0,0.0,0.0,0.0,0.0,0.0,0.0,0.0,0.0,0.0,0.0,0.0,0.0,0.0,0.0,0.0,0.0,0.0,False,DISABLED,0,nan,nan,nan,nan,nan,nan,nan,nan,nan,nan,nan,nan,nan,nan,nan,nan,nan,nan,nan,nan,nan,nan,nan,nan,nan,nan,nan,nan,nan,nan,nan,nan,nan,nan,nan,nan,nan,nan,nan,nan,nan,nan,nan,nan,nan,nan,nan,nan,0.01999044418334961,False,DISABLED,none,MODEL_ORIGIN_FRAME_NOT_ESTABLISHED,nan,nan,nan,nan,nan,nan,nan,nan,nan,nan,nan,nan,nan,NOT_EVALUATED,nan,nan,nan,nan,DISABLED,nan,nan,nan,nan,nan,nan
1791356365.4208608,1791356365.4403088,1791356365.4434154,1791356365.4434154,front_rgbd_red_sphere,False,False,True,DEPTH_RATIO_LOW,33.252,33.252,1791356365.4403088,1791356365.4384081,1791356365.4208608,1791356365.4208608,1791356365.4208608,0.0,1791356364.4088583,1791356365.4248607,1791356365.421558,1791356365.4248607,1791356365.4255579,1791356365.4288588,1791356364.4088583,1791356365.4248607,1791356364.4088583,1791356365.4288588,1791356332.1688607,GAZEBO_CLOCK_SYSTEM_INTERPOLATION,MAPPED_EXACT,0,33.252,1791356365.4208608,0.0038204193115234375,0.0,RGB,0.0,0,1,0,UNCALIBRATED,PREPARATION,UNKNOWN,TURNING,0.0,0,0.0,nan,nan,nan,nan,False,0.0,0.0,0.0,0.0,0,0,0,0,0,0.0,0.0,0.0,0.0,0.0,0.0,0.0,0.0,0.0,0.0,0.0,0.0,0.0,0.0,0.0,0.0,0.0,0.0,0.0,0.0,0.0,0.0,0.0,0.0,0.0,0.0,0.0,0.0,False,DISABLED,0,nan,nan,nan,nan,nan,nan,nan,nan,nan,nan,nan,nan,nan,nan,nan,nan,nan,nan,nan,nan,nan,nan,nan,nan,nan,nan,nan,nan,nan,nan,nan,nan,nan,nan,nan,nan,nan,nan,nan,nan,23.18035601238788,19.46357810668172,0.13711073496533943,nan,nan,nan,nan,nan,0.019448041915893555,False,DISABLED,none,MODEL_ORIGIN_FRAME_NOT_ESTABLISHED,nan,nan,nan,nan,nan,nan,nan,nan,nan,nan,nan,nan,nan,NOT_EVALUATED,nan,nan,nan,nan,DISABLED,nan,nan,nan,nan,nan,nan
1791356365.4688618,1791356365.5011904,1791356365.5042012,1791356365.5042012,front_rgbd_red_sphere,False,False,True,DEPTH_RATIO_LOW,33.3,33.3,1791356365.5011904,1791356365.489702,1791356365.4688618,1791356365.4688618,1791356365.4688618,0.0,1791356364.4888625,1791356365.488864,1791356365.485558,1791356365.488864,1791356365.485558,1791356365.488864,1791356364.4888625,1791356365.488864,1791356364.4888625,1791356365.488864,1791356332.1688619,GAZEBO_CLOCK_SYSTEM_INTERPOLATION,MAPPED_EXACT,0,33.3,1791356365.4688618,0.0008897781372070312,0.0,RGB,0.0,0,1,0,UNCALIBRATED,PREPARATION,UNKNOWN,TURNING,0.0,0,0.0,nan,nan,nan,nan,False,0.0,0.0,0.0,0.0,0,0,0,0,0,0.0,0.0,0.0,0.0,0.0,0.0,0.0,0.0,0.0,0.0,0.0,0.0,0.0,0.0,0.0,0.0,0.0,0.0,0.0,0.0,0.0,0.0,0.0,0.0,0.0,0.0,0.0,0.0,False,DISABLED,0,nan,nan,nan,nan,nan,nan,nan,nan,nan,nan,nan,nan,nan,nan,nan,nan,nan,nan,nan,nan,nan,nan,nan,nan,nan,nan,nan,nan,nan,nan,nan,nan,nan,nan,nan,nan,nan,nan,nan,nan,23.364243445930125,19.408445623089882,0.13215841532413208,nan,nan,nan,nan,nan,0.03232860565185547,False,DISABLED,none,MODEL_ORIGIN_FRAME_NOT_ESTABLISHED,nan,nan,nan,nan,nan,nan,nan,nan,nan,nan,nan,nan,nan,NOT_EVALUATED,nan,nan,nan,nan,DISABLED,nan,nan,nan,nan,nan,nan
1791356365.520866,1791356365.539974,1791356365.542673,1791356365.542673,front_rgbd_red_sphere,False,False,True,DEPTH_RATIO_LOW,33.352,33.352,1791356365.539974,1791356365.5370708,1791356365.520866,1791356365.520866,1791356365.520866,0.0,1791356364.5288556,1791356365.528861,1791356365.525558,1791356365.528861,1791356365.525558,1791356365.528861,1791356364.5288556,1791356365.528861,1791356364.5288556,1791356365.528861,1791356332.168866,GAZEBO_CLOCK_SYSTEM_INTERPOLATION,MAPPED_EXACT,0,33.352,1791356365.520866,0.0035402774810791016,0.0,RGB,0.0,0,1,0,UNCALIBRATED,PREPARATION,UNKNOWN,TURNING,0.0,0,0.0,nan,nan,nan,nan,False,0.0,0.0,0.0,0.0,0,0,0,0,0,0.0,0.0,0.0,0.0,0.0,0.0,0.0,0.0,0.0,0.0,0.0,0.0,0.0,0.0,0.0,0.0,0.0,0.0,0.0,0.0,0.0,0.0,0.0,0.0,0.0,0.0,0.0,0.0,False,DISABLED,0,nan,nan,nan,nan,nan,nan,nan,nan,nan,nan,nan,nan,nan,nan,nan,nan,nan,nan,nan,nan,nan,nan,nan,nan,nan,nan,nan,nan,nan,nan,nan,nan,nan,nan,nan,nan,nan,nan,nan,nan,23.56273722001207,19.346269404950185,0.12595017031331446,nan,nan,nan,nan,nan,0.019108057022094727,False,DISABLED,none,MODEL_ORIGIN_FRAME_NOT_ESTABLISHED,nan,nan,nan,nan,nan,nan,nan,nan,nan,nan,nan,nan,nan,NOT_EVALUATED,nan,nan,nan,nan,DISABLED,nan,nan,nan,nan,nan,nan
1791356365.568854,1791356365.5874064,1791356365.589916,1791356365.589916,front_rgbd_red_sphere,False,False,False,DEPTH_RATIO_LOW,33.4,33.4,1791356365.5874064,1791356365.58618,1791356365.568854,1791356365.568854,1791356365.568854,0.0,1791356364.5488565,1791356365.568854,1791356365.565558,1791356365.568854,1791356365.565558,1791356365.568854,1791356364.5448487,1791356365.568854,1791356364.5488565,1791356365.568854,1791356332.168854,GAZEBO_CLOCK_SYSTEM_INTERPOLATION,MAPPED_EXACT,0,33.4,1791356365.568854,0.0028951168060302734,0.0,RGB,0.0,0,1,0,UNCALIBRATED,PREPARATION,UNKNOWN,TURNING,0.0,0,0.0,nan,nan,nan,nan,False,0.0,0.0,0.0,0.0,0,0,0,0,0,0.0,0.0,0.0,0.0,0.0,0.0,0.0,0.0,0.0,0.0,0.0,0.0,0.0,0.0,0.0,0.0,0.0,0.0,0.0,0.0,0.0,0.0,0.0,0.0,0.0,0.0,0.0,0.0,False,DISABLED,0,nan,nan,nan,nan,nan,nan,nan,nan,nan,nan,nan,nan,nan,nan,nan,nan,nan,nan,nan,nan,nan,nan,nan,nan,nan,nan,nan,nan,nan,nan,nan,nan,nan,nan,nan,nan,nan,nan,nan,nan,nan,nan,nan,nan,nan,nan,nan,nan,0.018552303314208984,False,DISABLED,none,MODEL_ORIGIN_FRAME_NOT_ESTABLISHED,nan,nan,nan,nan,nan,nan,nan,nan,nan,nan,nan,nan,nan,NOT_EVALUATED,nan,nan,nan,nan,DISABLED,nan,nan,nan,nan,nan,nan
1791356365.6208515,1791356365.649652,1791356365.652359,1791356365.652359,front_rgbd_red_sphere,False,False,True,DEPTH_RATIO_LOW,33.452,33.452,1791356365.649652,1791356365.6373732,1791356365.6208515,1791356365.6208515,1791356365.6208515,0.0,1791356364.6088493,1791356365.6248515,1791356365.621558,1791356365.6248515,1791356365.625558,1791356365.6288466,1791356364.6088493,1791356365.6248515,1791356364.6088493,1791356365.6288466,1791356332.1688516,GAZEBO_CLOCK_SYSTEM_INTERPOLATION,MAPPED_EXACT,0,33.452,1791356365.6208515,0.0014445781707763672,0.0,RGB,0.0,0,1,0,UNCALIBRATED,PREPARATION,UNKNOWN,TURNING,0.0,0,0.0,nan,nan,nan,nan,False,0.0,0.0,0.0,0.0,0,0,0,0,0,0.0,0.0,0.0,0.0,0.0,0.0,0.0,0.0,0.0,0.0,0.0,0.0,0.0,0.0,0.0,0.0,0.0,0.0,0.0,0.0,0.0,0.0,0.0,0.0,0.0,0.0,0.0,0.0,False,DISABLED,0,nan,nan,nan,nan,nan,nan,nan,nan,nan,nan,nan,nan,nan,nan,nan,nan,nan,nan,nan,nan,nan,nan,nan,nan,nan,nan,nan,nan,nan,nan,nan,nan,nan,nan,nan,nan,nan,nan,nan,nan,23.942283847066438,19.219798264852777,0.11168505280919709,nan,nan,nan,nan,nan,0.028800487518310547,False,DISABLED,none,MODEL_ORIGIN_FRAME_NOT_ESTABLISHED,nan,nan,nan,nan,nan,nan,nan,nan,nan,nan,nan,nan,nan,NOT_EVALUATED,nan,nan,nan,nan,DISABLED,nan,nan,nan,nan,nan,nan
1791356365.668857,1791356365.6974998,1791356365.700293,1791356365.700293,front_rgbd_red_sphere,False,False,True,DEPTH_RATIO_LOW,33.5,33.5,1791356365.6974998,1791356365.6861334,1791356365.668857,1791356365.668857,1791356365.668857,0.0,1791356364.6688612,1791356365.688861,1791356365.6855578,1791356365.688861,1791356365.6855578,1791356365.688861,1791356364.6648605,1791356365.688861,1791356364.6688612,1791356365.688861,1791356332.168857,GAZEBO_CLOCK_SYSTEM_INTERPOLATION,MAPPED_EXACT,0,33.5,1791356365.668857,0.0010440349578857422,0.0,RGB,0.0,0,1,0,UNCALIBRATED,PREPARATION,UNKNOWN,TURNING,0.0,0,0.0,nan,nan,nan,nan,False,0.0,0.0,0.0,0.0,0,0,0,0,0,0.0,0.0,0.0,0.0,0.0,0.0,0.0,0.0,0.0,0.0,0.0,0.0,0.0,0.0,0.0,0.0,0.0,0.0,0.0,0.0,0.0,0.0,0.0,0.0,0.0,0.0,0.0,0.0,False,DISABLED,0,nan,nan,nan,nan,nan,nan,nan,nan,nan,nan,nan,nan,nan,nan,nan,nan,nan,nan,nan,nan,nan,nan,nan,nan,nan,nan,nan,nan,nan,nan,nan,nan,nan,nan,nan,nan,nan,nan,nan,nan,24.123405258925366,19.156010264247552,0.10383476465708896,nan,nan,nan,nan,nan,0.028642654418945312,False,DISABLED,none,MODEL_ORIGIN_FRAME_NOT_ESTABLISHED,nan,nan,nan,nan,nan,nan,nan,nan,nan,nan,nan,nan,nan,NOT_EVALUATED,nan,nan,nan,nan,DISABLED,nan,nan,nan,nan,nan,nan
1791356365.7208586,1791356365.7498777,1791356365.7536647,1791356365.7536647,front_rgbd_red_sphere,False,False,True,DEPTH_RATIO_LOW,33.552,33.552,1791356365.7498777,1791356365.7483423,1791356365.7208586,1791356365.7208586,1791356365.7208586,0.0,1791356364.7288456,1791356365.728857,1791356365.7255578,1791356365.728857,1791356365.7255578,1791356365.728857,1791356364.7288456,1791356365.728857,1791356364.7288456,1791356365.728857,1791356332.1688585,GAZEBO_CLOCK_SYSTEM_INTERPOLATION,MAPPED_EXACT,0,33.552,1791356365.7208586,0.0018286705017089844,0.0,RGB,0.0,0,1,0,UNCALIBRATED,PREPARATION,UNKNOWN,TURNING,0.0,0,0.0,nan,nan,nan,nan,False,0.0,0.0,0.0,0.0,0,0,0,0,0,0.0,0.0,0.0,0.0,0.0,0.0,0.0,0.0,0.0,0.0,0.0,0.0,0.0,0.0,0.0,0.0,0.0,0.0,0.0,0.0,0.0,0.0,0.0,0.0,0.0,0.0,0.0,0.0,False,DISABLED,0,nan,nan,nan,nan,nan,nan,nan,nan,nan,nan,nan,nan,nan,nan,nan,nan,nan,nan,nan,nan,nan,nan,nan,nan,nan,nan,nan,nan,nan,nan,nan,nan,nan,nan,nan,nan,nan,nan,nan,nan,24.31875789665272,19.084794019790742,0.09467376538145275,nan,nan,nan,nan,nan,0.02901911735534668,False,DISABLED,none,MODEL_ORIGIN_FRAME_NOT_ESTABLISHED,nan,nan,nan,nan,nan,nan,nan,nan,nan,nan,nan,nan,nan,NOT_EVALUATED,nan,nan,nan,nan,DISABLED,nan,nan,nan,nan,nan,nan
1791356365.768858,1791356365.7952514,1791356365.7968216,1791356365.7968216,front_rgbd_red_sphere,False,False,True,DEPTH_RATIO_LOW,33.6,33.6,1791356365.7865489,1791356365.7952514,1791356365.768858,1791356365.768858,1791356365.768858,0.0,1791356364.7888587,1791356365.7848513,1791356365.781558,1791356365.7848513,1791356365.785558,1791356365.788862,1791356364.784851,1791356365.7848513,1791356364.7888587,1791356365.788862,1791356332.168858,GAZEBO_CLOCK_SYSTEM_INTERPOLATION,MAPPED_EXACT,0,33.6,1791356365.768858,0.0026035308837890625,0.0,RGB,0.0,0,1,0,UNCALIBRATED,PREPARATION,UNKNOWN,TURNING,0.0,0,0.0,nan,nan,nan,nan,False,0.0,0.0,0.0,0.0,0,0,0,0,0,0.0,0.0,0.0,0.0,0.0,0.0,0.0,0.0,0.0,0.0,0.0,0.0,0.0,0.0,0.0,0.0,0.0,0.0,0.0,0.0,0.0,0.0,0.0,0.0,0.0,0.0,0.0,0.0,False,DISABLED,0,nan,nan,nan,nan,nan,nan,nan,nan,nan,nan,nan,nan,nan,nan,nan,nan,nan,nan,nan,nan,nan,nan,nan,nan,nan,nan,nan,nan,nan,nan,nan,nan,nan,nan,nan,nan,nan,nan,nan,nan,24.498362121099063,19.017117131404785,0.0856534215232164,nan,nan,nan,nan,nan,0.026393413543701172,False,DISABLED,none,MODEL_ORIGIN_FRAME_NOT_ESTABLISHED,nan,nan,nan,nan,nan,nan,nan,nan,nan,nan,nan,nan,nan,NOT_EVALUATED,nan,nan,nan,nan,DISABLED,nan,nan,nan,nan,nan,nan
1791356365.8208485,1791356365.8467383,1791356365.8496828,1791356365.8496828,front_rgbd_red_sphere,False,False,True,DEPTH_RATIO_LOW,33.652,33.652,1791356365.8467383,1791356365.8454726,1791356365.8208485,1791356365.8208485,1791356365.8208485,0.0,1791356364.8088582,1791356365.8248568,1791356365.821558,1791356365.8248568,1791356365.825558,1791356365.8288474,1791356364.8088582,1791356365.8248568,1791356364.8088582,1791356365.8288474,1791356332.1688485,GAZEBO_CLOCK_SYSTEM_INTERPOLATION,MAPPED_EXACT,0,33.652,1791356365.8208485,0.0022182464599609375,0.0,RGB,0.0,0,1,0,UNCALIBRATED,PREPARATION,UNKNOWN,TURNING,0.0,0,0.0,nan,nan,nan,nan,False,0.0,0.0,0.0,0.0,0,0,0,0,0,0.0,0.0,0.0,0.0,0.0,0.0,0.0,0.0,0.0,0.0,0.0,0.0,0.0,0.0,0.0,0.0,0.0,0.0,0.0,0.0,0.0,0.0,0.0,0.0,0.0,0.0,0.0,0.0,False,DISABLED,0,nan,nan,nan,nan,nan,nan,nan,nan,nan,nan,nan,nan,nan,nan,nan,nan,nan,nan,nan,nan,nan,nan,nan,nan,nan,nan,nan,nan,nan,nan,nan,nan,nan,nan,nan,nan,nan,nan,nan,nan,24.692242932682227,18.941755965989472,0.0753325295108044,nan,nan,nan,nan,nan,0.025889873504638672,False,DISABLED,none,MODEL_ORIGIN_FRAME_NOT_ESTABLISHED,nan,nan,nan,nan,nan,nan,nan,nan,nan,nan,nan,nan,nan,NOT_EVALUATED,nan,nan,nan,nan,DISABLED,nan,nan,nan,nan,nan,nan
1791356365.8688586,1791356365.895625,1791356365.8973582,1791356365.8973582,front_rgbd_red_sphere,False,False,True,DEPTH_RATIO_LOW,33.7,33.7,1791356365.8868654,1791356365.895625,1791356365.8688586,1791356365.8688586,1791356365.8688586,0.0,1791356364.8888493,1791356365.8888578,1791356365.885558,1791356365.8888578,1791356365.885558,1791356365.8888578,1791356364.8888493,1791356365.8888578,1791356364.8888493,1791356365.8888578,1791356332.1688585,GAZEBO_CLOCK_SYSTEM_INTERPOLATION,MAPPED_EXACT,0,33.7,1791356365.8688586,0.00298309326171875,0.0,RGB,0.0,0,1,0,UNCALIBRATED,PREPARATION,UNKNOWN,TURNING,0.0,0,0.0,nan,nan,nan,nan,False,0.0,0.0,0.0,0.0,0,0,0,0,0,0.0,0.0,0.0,0.0,0.0,0.0,0.0,0.0,0.0,0.0,0.0,0.0,0.0,0.0,0.0,0.0,0.0,0.0,0.0,0.0,0.0,0.0,0.0,0.0,0.0,0.0,0.0,0.0,False,DISABLED,0,nan,nan,nan,nan,nan,nan,nan,nan,nan,nan,nan,nan,nan,nan,nan,nan,nan,nan,nan,nan,nan,nan,nan,nan,nan,nan,nan,nan,nan,nan,nan,nan,nan,nan,nan,nan,nan,nan,nan,nan,24.870548402974404,18.870346046738867,0.06535253036892104,nan,nan,nan,nan,nan,0.026766538619995117,False,DISABLED,none,MODEL_ORIGIN_FRAME_NOT_ESTABLISHED,nan,nan,nan,nan,nan,nan,nan,nan,nan,nan,nan,nan,nan,NOT_EVALUATED,nan,nan,nan,nan,DISABLED,nan,nan,nan,nan,nan,nan
1791356365.9208596,1791356365.940253,1791356365.9431028,1791356365.9431028,front_rgbd_red_sphere,False,False,True,DEPTH_RATIO_LOW,33.752,33.752,1791356365.940253,1791356365.938436,1791356365.9208596,1791356365.9208596,1791356365.9208596,0.0,1791356364.9088552,1791356365.9288583,1791356365.9255579,1791356365.9288583,1791356365.9255579,1791356365.9288583,1791356364.9048595,1791356365.9288583,1791356364.9088552,1791356365.9288583,1791356332.1688595,GAZEBO_CLOCK_SYSTEM_INTERPOLATION,MAPPED_EXACT,0,33.752,1791356365.9208596,0.003760814666748047,0.0,RGB,0.0,0,1,0,UNCALIBRATED,PREPARATION,UNKNOWN,TURNING,0.0,0,0.0,nan,nan,nan,nan,False,0.0,0.0,0.0,0.0,0,0,0,0,0,0.0,0.0,0.0,0.0,0.0,0.0,0.0,0.0,0.0,0.0,0.0,0.0,0.0,0.0,0.0,0.0,0.0,0.0,0.0,0.0,0.0,0.0,0.0,0.0,0.0,0.0,0.0,0.0,False,DISABLED,0,nan,nan,nan,nan,nan,nan,nan,nan,nan,nan,nan,nan,nan,nan,nan,nan,nan,nan,nan,nan,nan,nan,nan,nan,nan,nan,nan,nan,nan,nan,nan,nan,nan,nan,nan,nan,nan,nan,nan,nan,25.062802056667774,18.79115141644016,0.05413354871501666,nan,nan,nan,nan,nan,0.019393444061279297,False,DISABLED,none,MODEL_ORIGIN_FRAME_NOT_ESTABLISHED,nan,nan,nan,nan,nan,nan,nan,nan,nan,nan,nan,nan,nan,NOT_EVALUATED,nan,nan,nan,nan,DISABLED,nan,nan,nan,nan,nan,nan
1791356365.968858,1791356365.9885309,1791356365.9905365,1791356365.9905365,front_rgbd_red_sphere,False,False,False,DEPTH_RATIO_LOW,33.8,33.8,1791356365.9885309,1791356365.9869177,1791356365.968858,1791356365.968858,1791356365.968858,0.0,1791356364.9688506,1791356365.968858,1791356365.9655578,1791356365.968858,1791356365.9655578,1791356365.968858,1791356364.9688506,1791356365.968858,1791356364.9688506,1791356365.968858,1791356332.168858,GAZEBO_CLOCK_SYSTEM_INTERPOLATION,MAPPED_EXACT,0,33.8,1791356365.968858,0.00393366813659668,0.0,RGB,0.0,0,1,0,UNCALIBRATED,PREPARATION,UNKNOWN,TURNING,0.0,0,0.0,nan,nan,nan,nan,False,0.0,0.0,0.0,0.0,0,0,0,0,0,0.0,0.0,0.0,0.0,0.0,0.0,0.0,0.0,0.0,0.0,0.0,0.0,0.0,0.0,0.0,0.0,0.0,0.0,0.0,0.0,0.0,0.0,0.0,0.0,0.0,0.0,0.0,0.0,False,DISABLED,0,nan,nan,nan,nan,nan,nan,nan,nan,nan,nan,nan,nan,nan,nan,nan,nan,nan,nan,nan,nan,nan,nan,nan,nan,nan,nan,nan,nan,nan,nan,nan,nan,nan,nan,nan,nan,nan,nan,nan,nan,nan,nan,nan,nan,nan,nan,nan,nan,0.019672870635986328,False,DISABLED,none,MODEL_ORIGIN_FRAME_NOT_ESTABLISHED,nan,nan,nan,nan,nan,nan,nan,nan,nan,nan,nan,nan,nan,NOT_EVALUATED,nan,nan,nan,nan,DISABLED,nan,nan,nan,nan,nan,nan
1791356366.0208507,1791356366.0409353,1791356366.0439959,1791356366.0439959,front_rgbd_red_sphere,False,False,True,DEPTH_RATIO_LOW,33.852,33.852,1791356366.0409353,1791356366.0389025,1791356366.0208507,1791356366.0208507,1791356366.0208507,0.0,1791356365.0088463,1791356366.024849,1791356366.0215578,1791356366.024849,1791356366.025558,1791356366.028847,1791356365.0088463,1791356366.024849,1791356365.0088463,1791356366.028847,1791356332.1688507,GAZEBO_CLOCK_SYSTEM_INTERPOLATION,MAPPED_EXACT,0,33.852,1791356366.0208507,0.0006422996520996094,0.0,RGB,0.0,0,1,0,UNCALIBRATED,PREPARATION,UNKNOWN,TURNING,0.0,0,0.0,nan,nan,nan,nan,False,0.0,0.0,0.0,0.0,0,0,0,0,0,0.0,0.0,0.0,0.0,0.0,0.0,0.0,0.0,0.0,0.0,0.0,0.0,0.0,0.0,0.0,0.0,0.0,0.0,0.0,0.0,0.0,0.0,0.0,0.0,0.0,0.0,0.0,0.0,False,DISABLED,0,nan,nan,nan,nan,nan,nan,nan,nan,nan,nan,nan,nan,nan,nan,nan,nan,nan,nan,nan,nan,nan,nan,nan,nan,nan,nan,nan,nan,nan,nan,nan,nan,nan,nan,nan,nan,nan,nan,nan,nan,25.43035574751979,18.63348396822478,0.031604873304273015,nan,nan,nan,nan,nan,0.020084619522094727,False,DISABLED,none,MODEL_ORIGIN_FRAME_NOT_ESTABLISHED,nan,nan,nan,nan,nan,nan,nan,nan,nan,nan,nan,nan,nan,NOT_EVALUATED,nan,nan,nan,nan,DISABLED,nan,nan,nan,nan,nan,nan
1791356366.0688584,1791356366.0906565,1791356366.0969617,1791356366.0969617,front_rgbd_red_sphere,False,False,True,DEPTH_RATIO_LOW,33.9,33.9,1791356366.0906565,1791356366.0886402,1791356366.0688584,1791356366.0688584,1791356366.0688584,0.0,1791356365.0688531,1791356366.0888577,1791356366.0855699,1791356366.0888577,1791356366.0855699,1791356366.0888577,1791356365.064853,1791356366.0888577,1791356365.0688531,1791356366.0888577,1791356332.1688583,GAZEBO_CLOCK_SYSTEM_INTERPOLATION,MAPPED_EXACT,0,33.9,1791356366.0688584,0.0018076896667480469,0.0,RGB,0.0,0,1,0,UNCALIBRATED,PREPARATION,UNKNOWN,TURNING,0.0,0,0.0,nan,nan,nan,nan,False,0.0,0.0,0.0,0.0,0,0,0,0,0,0.0,0.0,0.0,0.0,0.0,0.0,0.0,0.0,0.0,0.0,0.0,0.0,0.0,0.0,0.0,0.0,0.0,0.0,0.0,0.0,0.0,0.0,0.0,0.0,0.0,0.0,0.0,0.0,False,DISABLED,0,nan,nan,nan,nan,nan,nan,nan,nan,nan,nan,nan,nan,nan,nan,nan,nan,nan,nan,nan,nan,nan,nan,nan,nan,nan,nan,nan,nan,nan,nan,nan,nan,nan,nan,nan,nan,nan,nan,nan,nan,25.605795513126772,18.555384813862425,0.02047591760749127,nan,nan,nan,nan,nan,0.021798133850097656,False,DISABLED,none,MODEL_ORIGIN_FRAME_NOT_ESTABLISHED,nan,nan,nan,nan,nan,nan,nan,nan,nan,nan,nan,nan,nan,NOT_EVALUATED,nan,nan,nan,nan,DISABLED,nan,nan,nan,nan,nan,nan
1791356366.1208596,1791356366.141945,1791356366.1449292,1791356366.1449292,front_rgbd_red_sphere,False,False,True,DEPTH_RATIO_LOW,33.952,33.952,1791356366.141945,1791356366.1407497,1791356366.1208596,1791356366.1208596,1791356366.1208596,0.0,1791356365.1088552,1791356366.1288521,1791356366.1255698,1791356366.1288521,1791356366.1255698,1791356366.1288521,1791356365.1048596,1791356366.1288521,1791356365.1088552,1791356366.1288521,1791356332.1688597,GAZEBO_CLOCK_SYSTEM_INTERPOLATION,MAPPED_EXACT,0,33.952,1791356366.1208596,0.0014500617980957031,0.0,RGB,0.0,0,1,0,UNCALIBRATED,PREPARATION,UNKNOWN,TURNING,0.0,0,0.0,nan,nan,nan,nan,False,0.0,0.0,0.0,0.0,0,0,0,0,0,0.0,0.0,0.0,0.0,0.0,0.0,0.0,0.0,0.0,0.0,0.0,0.0,0.0,0.0,0.0,0.0,0.0,0.0,0.0,0.0,0.0,0.0,0.0,0.0,0.0,0.0,0.0,0.0,False,DISABLED,0,nan,nan,nan,nan,nan,nan,nan,nan,nan,nan,nan,nan,nan,nan,nan,nan,nan,nan,nan,nan,nan,nan,nan,nan,nan,nan,nan,nan,nan,nan,nan,nan,nan,nan,nan,nan,nan,nan,nan,nan,25.7950936933927,18.46911137541974,0.008290989059166275,nan,nan,nan,nan,nan,0.021085262298583984,False,DISABLED,none,MODEL_ORIGIN_FRAME_NOT_ESTABLISHED,nan,nan,nan,nan,nan,nan,nan,nan,nan,nan,nan,nan,nan,NOT_EVALUATED,nan,nan,nan,nan,DISABLED,nan,nan,nan,nan,nan,nan
1791356366.1688533,1791356366.1896887,1791356366.1925054,1791356366.1925054,front_rgbd_red_sphere,False,False,True,DEPTH_RATIO_LOW,34.0,34.0,1791356366.1896887,1791356366.1876514,1791356366.1688533,1791356366.1688533,1791356366.1688533,0.0,1791356365.1488526,1791356366.1688533,1791356366.16557,1791356366.1688533,1791356366.16557,1791356366.1688533,1791356365.144854,1791356366.1688533,1791356365.1488526,1791356366.1688533,1791356332.1688533,GAZEBO_CLOCK_SYSTEM_INTERPOLATION,MAPPED_EXACT,0,34.0,1791356366.1688533,0.0013713836669921875,0.0,RGB,0.0,0,1,0,UNCALIBRATED,PREPARATION,UNKNOWN,TURNING,0.0,0,0.0,nan,nan,nan,nan,False,0.0,0.0,0.0,0.0,0,0,0,0,0,0.0,0.0,0.0,0.0,0.0,0.0,0.0,0.0,0.0,0.0,0.0,0.0,0.0,0.0,0.0,0.0,0.0,0.0,0.0,0.0,0.0,0.0,0.0,0.0,0.0,0.0,0.0,0.0,False,DISABLED,0,nan,nan,nan,nan,nan,nan,nan,nan,nan,nan,nan,nan,nan,nan,nan,nan,nan,nan,nan,nan,nan,nan,nan,nan,nan,nan,nan,nan,nan,nan,nan,nan,nan,nan,nan,nan,nan,nan,nan,nan,25.969132795909466,18.387964316458213,-0.0030073127033273983,nan,nan,nan,nan,nan,0.020835399627685547,False,DISABLED,none,MODEL_ORIGIN_FRAME_NOT_ESTABLISHED,nan,nan,nan,nan,nan,nan,nan,nan,nan,nan,nan,nan,nan,NOT_EVALUATED,nan,nan,nan,nan,DISABLED,nan,nan,nan,nan,nan,nan
1791356366.2208607,1791356366.249206,1791356366.252325,1791356366.252325,front_rgbd_red_sphere,False,False,True,DEPTH_RATIO_LOW,34.052,34.052,1791356366.249206,1791356366.2376804,1791356366.2208607,1791356366.2208607,1791356366.2208607,0.0,1791356365.2248497,1791356366.2248611,1791356366.22157,1791356366.2248611,1791356366.22557,1791356366.2288585,1791356365.2248497,1791356366.2248611,1791356365.208859,1791356366.2288585,1791356332.1688607,GAZEBO_CLOCK_SYSTEM_INTERPOLATION,MAPPED_EXACT,0,34.052,1791356366.2208607,0.0010094642639160156,0.0,RGB,0.0,0,1,0,UNCALIBRATED,PREPARATION,UNKNOWN,TURNING,0.0,0,0.0,nan,nan,nan,nan,False,0.0,0.0,0.0,0.0,0,0,0,0,0,0.0,0.0,0.0,0.0,0.0,0.0,0.0,0.0,0.0,0.0,0.0,0.0,0.0,0.0,0.0,0.0,0.0,0.0,0.0,0.0,0.0,0.0,0.0,0.0,0.0,0.0,0.0,0.0,False,DISABLED,0,nan,nan,nan,nan,nan,nan,nan,nan,nan,nan,nan,nan,nan,nan,nan,nan,nan,nan,nan,nan,nan,nan,nan,nan,nan,nan,nan,nan,nan,nan,nan,nan,nan,nan,nan,nan,nan,nan,nan,nan,26.156961603288114,18.29847229837364,-0.015228127439529757,nan,nan,nan,nan,nan,0.028345346450805664,False,DISABLED,none,MODEL_ORIGIN_FRAME_NOT_ESTABLISHED,nan,nan,nan,nan,nan,nan,nan,nan,nan,nan,nan,nan,nan,NOT_EVALUATED,nan,nan,nan,nan,DISABLED,nan,nan,nan,nan,nan,nan
1791356366.2688532,1791356366.2899287,1791356366.2956293,1791356366.2956293,front_rgbd_red_sphere,False,False,True,DEPTH_RATIO_LOW,34.1,34.1,1791356366.2899287,1791356366.2878633,1791356366.2688532,1791356366.2688532,1791356366.2688532,0.0,1791356365.2688591,1791356366.2888587,1791356366.28557,1791356366.2888587,1791356366.28557,1791356366.2888587,1791356365.2648602,1791356366.2888587,1791356365.2688591,1791356366.2888587,1791356332.1688533,GAZEBO_CLOCK_SYSTEM_INTERPOLATION,MAPPED_EXACT,0,34.1,1791356366.2688532,0.0014224052429199219,0.0,RGB,0.0,0,1,0,UNCALIBRATED,PREPARATION,UNKNOWN,TURNING,0.0,0,0.0,nan,nan,nan,nan,False,0.0,0.0,0.0,0.0,0,0,0,0,0,0.0,0.0,0.0,0.0,0.0,0.0,0.0,0.0,0.0,0.0,0.0,0.0,0.0,0.0,0.0,0.0,0.0,0.0,0.0,0.0,0.0,0.0,0.0,0.0,0.0,0.0,0.0,0.0,False,DISABLED,0,nan,nan,nan,nan,nan,nan,nan,nan,nan,nan,nan,nan,nan,nan,nan,nan,nan,nan,nan,nan,nan,nan,nan,nan,nan,nan,nan,nan,nan,nan,nan,nan,nan,nan,nan,nan,nan,nan,nan,nan,26.329582685796744,18.21447967694275,-0.026414769287723842,nan,nan,nan,nan,nan,0.02107548713684082,False,DISABLED,none,MODEL_ORIGIN_FRAME_NOT_ESTABLISHED,nan,nan,nan,nan,nan,nan,nan,nan,nan,nan,nan,nan,nan,NOT_EVALUATED,nan,nan,nan,nan,DISABLED,nan,nan,nan,nan,nan,nan
1791356366.3208601,1791356366.3406804,1791356366.343505,1791356366.343505,front_rgbd_red_sphere,False,False,True,DEPTH_RATIO_LOW,34.152,34.152,1791356366.3406804,1791356366.3388994,1791356366.3208601,1791356366.3208601,1791356366.3208601,0.0,1791356365.3288567,1791356366.328861,1791356366.3255699,1791356366.328861,1791356366.3255699,1791356366.328861,1791356365.3288567,1791356366.328861,1791356365.3288567,1791356366.328861,1791356332.1688602,GAZEBO_CLOCK_SYSTEM_INTERPOLATION,MAPPED_EXACT,0,34.152,1791356366.3208601,0.004152774810791016,0.0,RGB,0.0,0,1,0,UNCALIBRATED,PREPARATION,UNKNOWN,TURNING,0.0,0,0.0,nan,nan,nan,nan,False,0.0,0.0,0.0,0.0,0,0,0,0,0,0.0,0.0,0.0,0.0,0.0,0.0,0.0,0.0,0.0,0.0,0.0,0.0,0.0,0.0,0.0,0.0,0.0,0.0,0.0,0.0,0.0,0.0,0.0,0.0,0.0,0.0,0.0,0.0,False,DISABLED,0,nan,nan,nan,nan,nan,nan,nan,nan,nan,nan,nan,nan,nan,nan,nan,nan,nan,nan,nan,nan,nan,nan,nan,nan,nan,nan,nan,nan,nan,nan,nan,nan,nan,nan,nan,nan,nan,nan,nan,nan,26.515829816531756,18.12202765552186,-0.038361539281633106,nan,nan,nan,nan,nan,0.019820213317871094,False,DISABLED,none,MODEL_ORIGIN_FRAME_NOT_ESTABLISHED,nan,nan,nan,nan,nan,nan,nan,nan,nan,nan,nan,nan,nan,NOT_EVALUATED,nan,nan,nan,nan,DISABLED,nan,nan,nan,nan,nan,nan
1791356366.3688858,1791356366.3906102,1791356366.3955398,1791356366.3955398,front_rgbd_red_sphere,False,False,True,DEPTH_RATIO_LOW,34.2,34.2,1791356366.3906102,1791356366.3888085,1791356366.3688858,1791356366.3688858,1791356366.3688858,0.0,1791356365.3848498,1791356366.3848605,1791356366.3815699,1791356366.3848605,1791356366.3855698,1791356366.3888547,1791356365.3848498,1791356366.3848605,1791356365.3688579,1791356366.3888547,1791356332.1688857,GAZEBO_CLOCK_SYSTEM_INTERPOLATION,MAPPED_EXACT,0,34.2,1791356366.3688858,0.001360177993774414,0.0,RGB,0.0,0,1,0,UNCALIBRATED,PREPARATION,UNKNOWN,TURNING,0.0,0,0.0,nan,nan,nan,nan,False,0.0,0.0,0.0,0.0,0,0,0,0,0,0.0,0.0,0.0,0.0,0.0,0.0,0.0,0.0,0.0,0.0,0.0,0.0,0.0,0.0,0.0,0.0,0.0,0.0,0.0,0.0,0.0,0.0,0.0,0.0,0.0,0.0,0.0,0.0,False,DISABLED,0,nan,nan,nan,nan,nan,nan,nan,nan,nan,nan,nan,nan,nan,nan,nan,nan,nan,nan,nan,nan,nan,nan,nan,nan,nan,nan,nan,nan,nan,nan,nan,nan,nan,nan,nan,nan,nan,nan,nan,nan,26.687216643583277,18.035282207997426,-0.049171180702084025,nan,nan,nan,nan,nan,0.021724462509155273,False,DISABLED,none,MODEL_ORIGIN_FRAME_NOT_ESTABLISHED,nan,nan,nan,nan,nan,nan,nan,nan,nan,nan,nan,nan,nan,NOT_EVALUATED,nan,nan,nan,nan,DISABLED,nan,nan,nan,nan,nan,nan
1791356366.4208627,1791356366.4413197,1791356366.4433033,1791356366.4433033,front_rgbd_red_sphere,False,False,True,DEPTH_RATIO_LOW,34.252,34.252,1791356366.4413197,1791356366.4396958,1791356366.4208627,1791356366.4208627,1791356366.4208627,0.0,1791356365.4248607,1791356366.4248617,1791356366.4215698,1791356366.4248617,1791356366.42557,1791356366.4288542,1791356365.4248607,1791356366.4248617,1791356365.4088511,1791356366.4288542,1791356332.1688626,GAZEBO_CLOCK_SYSTEM_INTERPOLATION,MAPPED_EXACT,0,34.252,1791356366.4208627,0.0008780956268310547,0.0,RGB,0.0,0,1,0,UNCALIBRATED,PREPARATION,UNKNOWN,TURNING,0.0,0,0.0,nan,nan,nan,nan,False,0.0,0.0,0.0,0.0,0,0,0,0,0,0.0,0.0,0.0,0.0,0.0,0.0,0.0,0.0,0.0,0.0,0.0,0.0,0.0,0.0,0.0,0.0,0.0,0.0,0.0,0.0,0.0,0.0,0.0,0.0,0.0,0.0,0.0,0.0,False,DISABLED,0,nan,nan,nan,nan,nan,nan,nan,nan,nan,nan,nan,nan,nan,nan,nan,nan,nan,nan,nan,nan,nan,nan,nan,nan,nan,nan,nan,nan,nan,nan,nan,nan,nan,nan,nan,nan,nan,nan,nan,nan,26.872008319278944,17.940001695572985,-0.060556128906370146,nan,nan,nan,nan,nan,0.020457029342651367,False,DISABLED,none,MODEL_ORIGIN_FRAME_NOT_ESTABLISHED,nan,nan,nan,nan,nan,nan,nan,nan,nan,nan,nan,nan,nan,NOT_EVALUATED,nan,nan,nan,nan,DISABLED,nan,nan,nan,nan,nan,nan
1791356366.4688919,1791356366.5029197,1791356366.5060592,1791356366.5060592,front_rgbd_red_sphere,False,False,True,DEPTH_RATIO_LOW,34.3,34.3,1791356366.5029197,1791356366.49161,1791356366.4688919,1791356366.4688919,1791356366.4688919,0.0,1791356365.4688618,1791356366.488862,1791356366.48557,1791356366.488862,1791356366.48557,1791356366.488862,1791356365.4648542,1791356366.488862,1791356365.4688618,1791356366.488862,1791356332.168892,GAZEBO_CLOCK_SYSTEM_INTERPOLATION,MAPPED_EXACT,0,34.3,1791356366.4688919,0.0024759769439697266,0.0,RGB,0.0,0,1,0,UNCALIBRATED,PREPARATION,UNKNOWN,TURNING,0.0,0,0.0,nan,nan,nan,nan,False,0.0,0.0,0.0,0.0,0,0,0,0,0,0.0,0.0,0.0,0.0,0.0,0.0,0.0,0.0,0.0,0.0,0.0,0.0,0.0,0.0,0.0,0.0,0.0,0.0,0.0,0.0,0.0,0.0,0.0,0.0,0.0,0.0,0.0,0.0,False,DISABLED,0,nan,nan,nan,nan,nan,nan,nan,nan,nan,nan,nan,nan,nan,nan,nan,nan,nan,nan,nan,nan,nan,nan,nan,nan,nan,nan,nan,nan,nan,nan,nan,nan,nan,nan,nan,nan,nan,nan,nan,nan,27.042114809314903,17.850693567973387,-0.07071728942487354,nan,nan,nan,nan,nan,0.034027814865112305,False,DISABLED,none,MODEL_ORIGIN_FRAME_NOT_ESTABLISHED,nan,nan,nan,nan,nan,nan,nan,nan,nan,nan,nan,nan,nan,NOT_EVALUATED,nan,nan,nan,nan,DISABLED,nan,nan,nan,nan,nan,nan
1791356366.520851,1791356366.5542598,1791356366.5622573,1791356366.5622573,front_rgbd_red_sphere,False,False,True,DEPTH_RATIO_LOW,34.352,34.352,1791356366.5542598,1791356366.5525062,1791356366.520851,1791356366.520851,1791356366.520851,0.0,1791356365.5488548,1791356366.5448542,1791356366.54157,1791356366.5448542,1791356366.54557,1791356366.5488605,1791356365.5448527,1791356366.5448542,1791356365.5488548,1791356366.5488605,1791356332.168851,GAZEBO_CLOCK_SYSTEM_INTERPOLATION,MAPPED_EXACT,0,34.352,1791356366.520851,0.004094362258911133,0.0,RGB,0.0,0,1,0,UNCALIBRATED,PREPARATION,UNKNOWN,TURNING,0.0,0,0.0,nan,nan,nan,nan,False,0.0,0.0,0.0,0.0,0,0,0,0,0,0.0,0.0,0.0,0.0,0.0,0.0,0.0,0.0,0.0,0.0,0.0,0.0,0.0,0.0,0.0,0.0,0.0,0.0,0.0,0.0,0.0,0.0,0.0,0.0,0.0,0.0,0.0,0.0,False,DISABLED,0,nan,nan,nan,nan,nan,nan,nan,nan,nan,nan,nan,nan,nan,nan,nan,nan,nan,nan,nan,nan,nan,nan,nan,nan,nan,nan,nan,nan,nan,nan,nan,nan,nan,nan,nan,nan,nan,nan,nan,nan,27.2254248221326,17.752780071710497,-0.08125673918267164,nan,nan,nan,nan,nan,0.03340888023376465,False,DISABLED,none,MODEL_ORIGIN_FRAME_NOT_ESTABLISHED,nan,nan,nan,nan,nan,nan,nan,nan,nan,nan,nan,nan,nan,NOT_EVALUATED,nan,nan,nan,nan,DISABLED,nan,nan,nan,nan,nan,nan
1791356366.5688508,1791356366.5931575,1791356366.5969038,1791356366.5969038,front_rgbd_red_sphere,False,False,True,DEPTH_RATIO_LOW,34.4,34.4,1791356366.5931575,1791356366.5917146,1791356366.5688508,1791356366.5688508,1791356366.5688508,0.0,1791356365.568854,1791356366.5848613,1791356366.58157,1791356366.5848613,1791356366.5855699,1791356366.5888557,1791356365.568854,1791356366.5848613,1791356365.568854,1791356366.5888557,1791356332.1688507,GAZEBO_CLOCK_SYSTEM_INTERPOLATION,MAPPED_EXACT,0,34.4,1791356366.5688508,0.0018482208251953125,0.0,RGB,0.0,0,1,0,UNCALIBRATED,PREPARATION,UNKNOWN,TURNING,0.0,0,0.0,nan,nan,nan,nan,False,0.0,0.0,0.0,0.0,0,0,0,0,0,0.0,0.0,0.0,0.0,0.0,0.0,0.0,0.0,0.0,0.0,0.0,0.0,0.0,0.0,0.0,0.0,0.0,0.0,0.0,0.0,0.0,0.0,0.0,0.0,0.0,0.0,0.0,0.0,False,DISABLED,0,nan,nan,nan,nan,nan,nan,nan,nan,nan,nan,nan,nan,nan,nan,nan,nan,nan,nan,nan,nan,nan,nan,nan,nan,nan,nan,nan,nan,nan,nan,nan,nan,nan,nan,nan,nan,nan,nan,nan,nan,27.394082316291257,17.661165543275594,-0.09050879764052391,nan,nan,nan,nan,nan,0.024306774139404297,False,DISABLED,none,MODEL_ORIGIN_FRAME_NOT_ESTABLISHED,nan,nan,nan,nan,nan,nan,nan,nan,nan,nan,nan,nan,nan,NOT_EVALUATED,nan,nan,nan,nan,DISABLED,nan,nan,nan,nan,nan,nan
1791356366.6208558,1791356366.6601164,1791356366.6624575,1791356366.6624575,front_rgbd_red_sphere,False,False,True,DEPTH_RATIO_LOW,34.452,34.452,1791356366.6601164,1791356366.643436,1791356366.6208558,1791356366.6208558,1791356366.6208558,0.0,1791356365.6488497,1791356366.6488519,1791356366.6455698,1791356366.6488519,1791356366.6455698,1791356366.6488519,1791356365.6488497,1791356366.6488519,1791356365.6488497,1791356366.6488519,1791356332.168856,GAZEBO_CLOCK_SYSTEM_INTERPOLATION,MAPPED_EXACT,0,34.452,1791356366.6208558,0.0036203861236572266,0.0,RGB,0.0,0,1,0,UNCALIBRATED,PREPARATION,UNKNOWN,TURNING,0.0,0,0.0,nan,nan,nan,nan,False,0.0,0.0,0.0,0.0,0,0,0,0,0,0.0,0.0,0.0,0.0,0.0,0.0,0.0,0.0,0.0,0.0,0.0,0.0,0.0,0.0,0.0,0.0,0.0,0.0,0.0,0.0,0.0,0.0,0.0,0.0,0.0,0.0,0.0,0.0,False,DISABLED,0,nan,nan,nan,nan,nan,nan,nan,nan,nan,nan,nan,nan,nan,nan,nan,nan,nan,nan,nan,nan,nan,nan,nan,nan,nan,nan,nan,nan,nan,nan,nan,nan,nan,nan,nan,nan,nan,nan,nan,nan,27.57615119175148,17.560661289803512,-0.09995514093342094,nan,nan,nan,nan,nan,0.0392606258392334,False,DISABLED,none,MODEL_ORIGIN_FRAME_NOT_ESTABLISHED,nan,nan,nan,nan,nan,nan,nan,nan,nan,nan,nan,nan,nan,NOT_EVALUATED,nan,nan,nan,nan,DISABLED,nan,nan,nan,nan,nan,nan
1791356366.668844,1791356366.704704,1791356366.7067318,1791356366.7067318,front_rgbd_red_sphere,False,False,True,DEPTH_RATIO_LOW,34.5,34.5,1791356366.6962523,1791356366.704704,1791356366.668844,1791356366.668844,1791356366.668844,0.0,1791356365.688861,1791356366.6888697,1791356366.68557,1791356366.6888697,1791356366.68557,1791356366.6888697,1791356365.688861,1791356366.6888697,1791356365.688861,1791356366.6888697,1791356332.168844,GAZEBO_CLOCK_SYSTEM_INTERPOLATION,MAPPED_EXACT,0,34.5,1791356366.668844,0.004129171371459961,0.0,RGB,0.0,0,1,0,UNCALIBRATED,PREPARATION,UNKNOWN,TURNING,0.0,0,0.0,nan,nan,nan,nan,False,0.0,0.0,0.0,0.0,0,0,0,0,0,0.0,0.0,0.0,0.0,0.0,0.0,0.0,0.0,0.0,0.0,0.0,0.0,0.0,0.0,0.0,0.0,0.0,0.0,0.0,0.0,0.0,0.0,0.0,0.0,0.0,0.0,0.0,0.0,False,DISABLED,0,nan,nan,nan,nan,nan,nan,nan,nan,nan,nan,nan,nan,nan,nan,nan,nan,nan,nan,nan,nan,nan,nan,nan,nan,nan,nan,nan,nan,nan,nan,nan,nan,nan,nan,nan,nan,nan,nan,nan,nan,27.74349172258992,17.466824314141245,-0.10807678644387606,nan,nan,nan,nan,nan,0.03586006164550781,False,DISABLED,none,MODEL_ORIGIN_FRAME_NOT_ESTABLISHED,nan,nan,nan,nan,nan,nan,nan,nan,nan,nan,nan,nan,nan,NOT_EVALUATED,nan,nan,nan,nan,DISABLED,nan,nan,nan,nan,nan,nan
1791356366.720848,1791356366.749815,1791356366.7551525,1791356366.7551525,front_rgbd_red_sphere,False,False,True,DEPTH_RATIO_LOW,34.552,34.552,1791356366.749815,1791356366.7461233,1791356366.720848,1791356366.720848,1791356366.720848,0.0,1791356365.7088423,1791356366.728857,1791356366.72557,1791356366.728857,1791356366.72557,1791356366.728857,1791356365.7048547,1791356366.728857,1791356365.7088423,1791356366.728857,1791356332.168848,GAZEBO_CLOCK_SYSTEM_INTERPOLATION,MAPPED_EXACT,0,34.552,1791356366.720848,0.0015172958374023438,0.0,RGB,0.0,0,1,0,UNCALIBRATED,PREPARATION,UNKNOWN,TURNING,0.0,0,0.0,nan,nan,nan,nan,False,0.0,0.0,0.0,0.0,0,0,0,0,0,0.0,0.0,0.0,0.0,0.0,0.0,0.0,0.0,0.0,0.0,0.0,0.0,0.0,0.0,0.0,0.0,0.0,0.0,0.0,0.0,0.0,0.0,0.0,0.0,0.0,0.0,0.0,0.0,False,DISABLED,0,nan,nan,nan,nan,nan,nan,nan,nan,nan,nan,nan,nan,nan,nan,nan,nan,nan,nan,nan,nan,nan,nan,nan,nan,nan,nan,nan,nan,nan,nan,nan,nan,nan,nan,nan,nan,nan,nan,nan,nan,27.923884456265316,17.36413464580181,-0.11617505878458866,nan,nan,nan,nan,nan,0.028966903686523438,False,DISABLED,none,MODEL_ORIGIN_FRAME_NOT_ESTABLISHED,nan,nan,nan,nan,nan,nan,nan,nan,nan,nan,nan,nan,nan,NOT_EVALUATED,nan,nan,nan,nan,DISABLED,nan,nan,nan,nan,nan,nan
1791356366.7688644,1791356366.8065522,1791356366.8083062,1791356366.8083062,front_rgbd_red_sphere,False,False,True,DEPTH_RATIO_LOW,34.6,34.6,1791356366.7998462,1791356366.8065522,1791356366.7688644,1791356366.7688644,1791356366.7688644,0.0,1791356365.7848513,1791356366.7848635,1791356366.78157,1791356366.7848635,1791356366.78557,1791356366.7888598,1791356365.7848513,1791356366.7848635,1791356365.7688582,1791356366.7888598,1791356332.1688645,GAZEBO_CLOCK_SYSTEM_INTERPOLATION,MAPPED_EXACT,0,34.6,1791356366.7688644,0.0019791126251220703,0.0,RGB,0.0,0,1,0,UNCALIBRATED,PREPARATION,UNKNOWN,TURNING,0.0,0,0.0,nan,nan,nan,nan,False,0.0,0.0,0.0,0.0,0,0,0,0,0,0.0,0.0,0.0,0.0,0.0,0.0,0.0,0.0,0.0,0.0,0.0,0.0,0.0,0.0,0.0,0.0,0.0,0.0,0.0,0.0,0.0,0.0,0.0,0.0,0.0,0.0,0.0,0.0,False,DISABLED,0,nan,nan,nan,nan,nan,nan,nan,nan,nan,nan,nan,nan,nan,nan,nan,nan,nan,nan,nan,nan,nan,nan,nan,nan,nan,nan,nan,nan,nan,nan,nan,nan,nan,nan,nan,nan,nan,nan,nan,nan,28.090244504375047,17.26803369628613,-0.12298250115114183,nan,nan,nan,nan,nan,0.03768777847290039,False,DISABLED,none,MODEL_ORIGIN_FRAME_NOT_ESTABLISHED,nan,nan,nan,nan,nan,nan,nan,nan,nan,nan,nan,nan,nan,NOT_EVALUATED,nan,nan,nan,nan,DISABLED,nan,nan,nan,nan,nan,nan
1791356366.8208528,1791356366.856626,1791356366.8622565,1791356366.8622565,front_rgbd_red_sphere,False,False,True,DEPTH_RATIO_LOW,34.652,34.652,1791356366.856626,1791356366.8552296,1791356366.8208528,1791356366.8208528,1791356366.8208528,0.0,1791356365.8488576,1791356366.848859,1791356366.8455698,1791356366.848859,1791356366.8455698,1791356366.848859,1791356365.8488576,1791356366.848859,1791356365.8488576,1791356366.848859,1791356332.1688528,GAZEBO_CLOCK_SYSTEM_INTERPOLATION,MAPPED_EXACT,0,34.652,1791356366.8208528,0.0044133663177490234,0.0,RGB,0.0,0,1,0,UNCALIBRATED,PREPARATION,UNKNOWN,TURNING,0.0,0,0.0,nan,nan,nan,nan,False,0.0,0.0,0.0,0.0,0,0,0,0,0,0.0,0.0,0.0,0.0,0.0,0.0,0.0,0.0,0.0,0.0,0.0,0.0,0.0,0.0,0.0,0.0,0.0,0.0,0.0,0.0,0.0,0.0,0.0,0.0,0.0,0.0,0.0,0.0,False,DISABLED,0,nan,nan,nan,nan,nan,nan,nan,nan,nan,nan,nan,nan,nan,nan,nan,nan,nan,nan,nan,nan,nan,nan,nan,nan,nan,nan,nan,nan,nan,nan,nan,nan,nan,nan,nan,nan,nan,nan,nan,nan,28.26998059365855,17.162723347269015,-0.12957385755196527,nan,nan,nan,nan,nan,0.035773277282714844,False,DISABLED,none,MODEL_ORIGIN_FRAME_NOT_ESTABLISHED,nan,nan,nan,nan,nan,nan,nan,nan,nan,nan,nan,nan,nan,NOT_EVALUATED,nan,nan,nan,nan,DISABLED,nan,nan,nan,nan,nan,nan
1791356366.8688624,1791356366.8919213,1791356366.89544,1791356366.89544,front_rgbd_red_sphere,False,False,True,DEPTH_RATIO_LOW,34.7,34.7,1791356366.8919213,1791356366.8899715,1791356366.8688624,1791356366.8688624,1791356366.8688624,0.0,1791356365.8888578,1791356366.8888686,1791356366.8855698,1791356366.8888686,1791356366.8855698,1791356366.8888686,1791356365.8888578,1791356366.8888686,1791356365.8888578,1791356366.8888686,1791356332.1688623,GAZEBO_CLOCK_SYSTEM_INTERPOLATION,MAPPED_EXACT,0,34.7,1791356366.8688624,0.0012292861938476562,0.0,RGB,0.0,0,1,0,UNCALIBRATED,PREPARATION,UNKNOWN,TURNING,0.0,0,0.0,nan,nan,nan,nan,False,0.0,0.0,0.0,0.0,0,0,0,0,0,0.0,0.0,0.0,0.0,0.0,0.0,0.0,0.0,0.0,0.0,0.0,0.0,0.0,0.0,0.0,0.0,0.0,0.0,0.0,0.0,0.0,0.0,0.0,0.0,0.0,0.0,0.0,0.0,False,DISABLED,0,nan,nan,nan,nan,nan,nan,nan,nan,nan,nan,nan,nan,nan,nan,nan,nan,nan,nan,nan,nan,nan,nan,nan,nan,nan,nan,nan,nan,nan,nan,nan,nan,nan,nan,nan,nan,nan,nan,nan,nan,28.43526910041977,17.064531053511104,-0.13488642126816175,nan,nan,nan,nan,nan,0.02305889129638672,False,DISABLED,none,MODEL_ORIGIN_FRAME_NOT_ESTABLISHED,nan,nan,nan,nan,nan,nan,nan,nan,nan,nan,nan,nan,nan,NOT_EVALUATED,nan,nan,nan,nan,DISABLED,nan,nan,nan,nan,nan,nan
1791356366.920839,1791356366.9520457,1791356366.957921,1791356366.957921,front_rgbd_red_sphere,False,False,True,DEPTH_RATIO_LOW,34.752,34.752,1791356366.9520457,1791356366.9444685,1791356366.920839,1791356366.920839,1791356366.920839,0.0,1791356365.9088564,1791356366.9288502,1791356366.92557,1791356366.9288502,1791356366.92557,1791356366.9288502,1791356365.9048562,1791356366.9288502,1791356365.9088564,1791356366.9288502,1791356332.168839,GAZEBO_CLOCK_SYSTEM_INTERPOLATION,MAPPED_EXACT,0,34.752,1791356366.920839,0.004481077194213867,0.0,RGB,0.0,0,1,0,UNCALIBRATED,PREPARATION,UNKNOWN,TURNING,0.0,0,0.0,nan,nan,nan,nan,False,0.0,0.0,0.0,0.0,0,0,0,0,0,0.0,0.0,0.0,0.0,0.0,0.0,0.0,0.0,0.0,0.0,0.0,0.0,0.0,0.0,0.0,0.0,0.0,0.0,0.0,0.0,0.0,0.0,0.0,0.0,0.0,0.0,0.0,0.0,False,DISABLED,0,nan,nan,nan,nan,nan,nan,nan,nan,nan,nan,nan,nan,nan,nan,nan,nan,nan,nan,nan,nan,nan,nan,nan,nan,nan,nan,nan,nan,nan,nan,nan,nan,nan,nan,nan,nan,nan,nan,nan,nan,28.61285997146883,16.95761716455071,-0.13975359984962446,nan,nan,nan,nan,nan,0.031206607818603516,False,DISABLED,none,MODEL_ORIGIN_FRAME_NOT_ESTABLISHED,nan,nan,nan,nan,nan,nan,nan,nan,nan,nan,nan,nan,nan,NOT_EVALUATED,nan,nan,nan,nan,DISABLED,nan,nan,nan,nan,nan,nan
1791356366.9688556,1791356367.000723,1791356367.006887,1791356367.006887,front_rgbd_red_sphere,False,False,True,DEPTH_RATIO_LOW,34.8,34.8,1791356367.000723,1791356366.9974368,1791356366.9688556,1791356366.9688556,1791356366.9688556,0.0,1791356365.988854,1791356366.9848728,1791356366.98157,1791356366.9848728,1791356366.98557,1791356366.98888,1791356365.984861,1791356366.9848728,1791356365.988854,1791356366.98888,1791356332.1688557,GAZEBO_CLOCK_SYSTEM_INTERPOLATION,MAPPED_EXACT,0,34.8,1791356366.9688556,0.0009071826934814453,0.0,RGB,0.0,0,1,0,UNCALIBRATED,PREPARATION,UNKNOWN,TURNING,0.0,0,0.0,nan,nan,nan,nan,False,0.0,0.0,0.0,0.0,0,0,0,0,0,0.0,0.0,0.0,0.0,0.0,0.0,0.0,0.0,0.0,0.0,0.0,0.0,0.0,0.0,0.0,0.0,0.0,0.0,0.0,0.0,0.0,0.0,0.0,0.0,0.0,0.0,0.0,0.0,False,DISABLED,0,nan,nan,nan,nan,nan,nan,nan,nan,nan,nan,nan,nan,nan,nan,nan,nan,nan,nan,nan,nan,nan,nan,nan,nan,nan,nan,nan,nan,nan,nan,nan,nan,nan,nan,nan,nan,nan,nan,nan,nan,28.776506899160594,16.857818936725366,-0.14343135947042676,nan,nan,nan,nan,nan,0.031867265701293945,False,DISABLED,none,MODEL_ORIGIN_FRAME_NOT_ESTABLISHED,nan,nan,nan,nan,nan,nan,nan,nan,nan,nan,nan,nan,nan,NOT_EVALUATED,nan,nan,nan,nan,DISABLED,nan,nan,nan,nan,nan,nan
1791356367.0208533,1791356367.0535827,1791356367.057514,1791356367.057514,front_rgbd_red_sphere,False,False,True,DEPTH_RATIO_LOW,34.852,34.852,1791356367.0535827,1791356367.0402586,1791356367.0208533,1791356367.0208533,1791356367.0208533,0.0,1791356366.048852,1791356367.0488548,1791356367.0455818,1791356367.0488548,1791356367.0455818,1791356367.0488548,1791356366.048852,1791356367.0488548,1791356366.048852,1791356367.0488548,1791356332.1688533,GAZEBO_CLOCK_SYSTEM_INTERPOLATION,MAPPED_EXACT,0,34.852,1791356367.0208533,0.002760171890258789,0.0,RGB,0.0,0,1,0,UNCALIBRATED,PREPARATION,UNKNOWN,TURNING,0.0,0,0.0,nan,nan,nan,nan,False,0.0,0.0,0.0,0.0,0,0,0,0,0,0.0,0.0,0.0,0.0,0.0,0.0,0.0,0.0,0.0,0.0,0.0,0.0,0.0,0.0,0.0,0.0,0.0,0.0,0.0,0.0,0.0,0.0,0.0,0.0,0.0,0.0,0.0,0.0,False,DISABLED,0,nan,nan,nan,nan,nan,nan,nan,nan,nan,nan,nan,nan,nan,nan,nan,nan,nan,nan,nan,nan,nan,nan,nan,nan,nan,nan,nan,nan,nan,nan,nan,nan,nan,nan,nan,nan,nan,nan,nan,nan,28.954006885256454,16.748208926470095,-0.14651423640458078,nan,nan,nan,nan,nan,0.032729387283325195,False,DISABLED,none,MODEL_ORIGIN_FRAME_NOT_ESTABLISHED,nan,nan,nan,nan,nan,nan,nan,nan,nan,nan,nan,nan,nan,NOT_EVALUATED,nan,nan,nan,nan,DISABLED,nan,nan,nan,nan,nan,nan
1791356367.0688577,1791356367.1025238,1791356367.105479,1791356367.105479,front_rgbd_red_sphere,False,False,True,DEPTH_RATIO_LOW,34.9,34.9,1791356367.0950756,1791356367.1025238,1791356367.0688577,1791356367.0688577,1791356367.0688577,0.0,1791356366.0888577,1791356367.0888805,1791356367.085582,1791356367.0888805,1791356367.085582,1791356367.0888805,1791356366.0888577,1791356367.0888805,1791356366.0888577,1791356367.0888805,1791356332.1688576,GAZEBO_CLOCK_SYSTEM_INTERPOLATION,MAPPED_EXACT,0,34.9,1791356367.0688577,0.0025506019592285156,0.0,RGB,0.0,0,1,0,UNCALIBRATED,PREPARATION,UNKNOWN,TURNING,0.0,0,0.0,nan,nan,nan,nan,False,0.0,0.0,0.0,0.0,0,0,0,0,0,0.0,0.0,0.0,0.0,0.0,0.0,0.0,0.0,0.0,0.0,0.0,0.0,0.0,0.0,0.0,0.0,0.0,0.0,0.0,0.0,0.0,0.0,0.0,0.0,0.0,0.0,0.0,0.0,False,DISABLED,0,nan,nan,nan,nan,nan,nan,nan,nan,nan,nan,nan,nan,nan,nan,nan,nan,nan,nan,nan,nan,nan,nan,nan,nan,nan,nan,nan,nan,nan,nan,nan,nan,nan,nan,nan,nan,nan,nan,nan,nan,29.116867531220834,16.646392970113464,-0.14847677741070053,nan,nan,nan,nan,nan,0.033666133880615234,False,DISABLED,none,MODEL_ORIGIN_FRAME_NOT_ESTABLISHED,nan,nan,nan,nan,nan,nan,nan,nan,nan,nan,nan,nan,nan,NOT_EVALUATED,nan,nan,nan,nan,DISABLED,nan,nan,nan,nan,nan,nan
1791356367.1208594,1791356367.1488311,1791356367.15264,1791356367.15264,front_rgbd_red_sphere,False,False,True,DEPTH_RATIO_LOW,34.952,34.952,1791356367.1404986,1791356367.1488311,1791356367.1208594,1791356367.1208594,1791356367.1208594,0.0,1791356366.1288521,1791356367.128859,1791356367.125582,1791356367.128859,1791356367.125582,1791356367.128859,1791356366.1288521,1791356367.128859,1791356366.1288521,1791356367.128859,1791356332.1688595,GAZEBO_CLOCK_SYSTEM_INTERPOLATION,MAPPED_EXACT,0,34.952,1791356367.1208594,0.00044798851013183594,0.0,RGB,0.0,0,1,0,UNCALIBRATED,PREPARATION,UNKNOWN,TURNING,0.0,0,0.0,nan,nan,nan,nan,False,0.0,0.0,0.0,0.0,0,0,0,0,0,0.0,0.0,0.0,0.0,0.0,0.0,0.0,0.0,0.0,0.0,0.0,0.0,0.0,0.0,0.0,0.0,0.0,0.0,0.0,0.0,0.0,0.0,0.0,0.0,0.0,0.0,0.0,0.0,False,DISABLED,0,nan,nan,nan,nan,nan,nan,nan,nan,nan,nan,nan,nan,nan,nan,nan,nan,nan,nan,nan,nan,nan,nan,nan,nan,nan,nan,nan,nan,nan,nan,nan,nan,nan,nan,nan,nan,nan,nan,nan,nan,29.29277393208239,16.53512149225065,-0.14965831048810813,nan,nan,nan,nan,nan,0.027971744537353516,False,DISABLED,none,MODEL_ORIGIN_FRAME_NOT_ESTABLISHED,nan,nan,nan,nan,nan,nan,nan,nan,nan,nan,nan,nan,nan,NOT_EVALUATED,nan,nan,nan,nan,DISABLED,nan,nan,nan,nan,nan,nan
1791356367.1688569,1791356367.200086,1791356367.2047274,1791356367.2047274,front_rgbd_red_sphere,False,False,True,DEPTH_RATIO_LOW,35.0,35.0,1791356367.200086,1791356367.1987448,1791356367.1688569,1791356367.1688569,1791356367.1688569,0.0,1791356366.1888592,1791356367.18489,1791356367.181582,1791356367.18489,1791356367.185582,1791356367.1888611,1791356366.1848583,1791356367.18489,1791356366.1888592,1791356367.1888611,1791356332.1688569,GAZEBO_CLOCK_SYSTEM_INTERPOLATION,MAPPED_EXACT,0,35.0,1791356367.1688569,0.003473520278930664,0.0,RGB,0.0,0,1,0,UNCALIBRATED,PREPARATION,UNKNOWN,TURNING,0.0,0,0.0,nan,nan,nan,nan,False,0.0,0.0,0.0,0.0,0,0,0,0,0,0.0,0.0,0.0,0.0,0.0,0.0,0.0,0.0,0.0,0.0,0.0,0.0,0.0,0.0,0.0,0.0,0.0,0.0,0.0,0.0,0.0,0.0,0.0,0.0,0.0,0.0,0.0,0.0,False,DISABLED,0,nan,nan,nan,nan,nan,nan,nan,nan,nan,nan,nan,nan,nan,nan,nan,nan,nan,nan,nan,nan,nan,nan,nan,nan,nan,nan,nan,nan,nan,nan,nan,nan,nan,nan,nan,nan,nan,nan,nan,nan,29.454708904118903,16.431491335340432,-0.149854934285373,nan,nan,nan,nan,nan,0.031229257583618164,False,DISABLED,none,MODEL_ORIGIN_FRAME_NOT_ESTABLISHED,nan,nan,nan,nan,nan,nan,nan,nan,nan,nan,nan,nan,nan,NOT_EVALUATED,nan,nan,nan,nan,DISABLED,nan,nan,nan,nan,nan,nan
1791356367.2208588,1791356367.2474895,1791356367.2567186,1791356367.2567186,front_rgbd_red_sphere,False,False,True,DEPTH_RATIO_LOW,35.052,35.052,1791356367.2474895,1791356367.2454762,1791356367.2208588,1791356367.2208588,1791356367.2208588,0.0,1791356366.2088487,1791356367.224852,1791356367.221582,1791356367.224852,1791356367.225582,1791356367.2288494,1791356366.2088487,1791356367.224852,1791356366.2088487,1791356367.2288494,1791356332.1688588,GAZEBO_CLOCK_SYSTEM_INTERPOLATION,MAPPED_EXACT,0,35.052,1791356367.2208588,0.0036973953247070312,0.0,RGB,0.0,0,1,0,UNCALIBRATED,PREPARATION,UNKNOWN,STRAIGHT,0.0,0,0.0,nan,nan,nan,nan,False,0.0,0.0,0.0,0.0,0,0,0,0,0,0.0,0.0,0.0,0.0,0.0,0.0,0.0,0.0,0.0,0.0,0.0,0.0,0.0,0.0,0.0,0.0,0.0,0.0,0.0,0.0,0.0,0.0,0.0,0.0,0.0,0.0,0.0,0.0,False,DISABLED,0,nan,nan,nan,nan,nan,nan,nan,nan,nan,nan,nan,nan,nan,nan,nan,nan,nan,nan,nan,nan,nan,nan,nan,nan,nan,nan,nan,nan,nan,nan,nan,nan,nan,nan,nan,nan,nan,nan,nan,nan,29.62875547136438,16.318859909922093,-0.14911143098074722,nan,nan,nan,nan,nan,0.026630640029907227,False,DISABLED,none,MODEL_ORIGIN_FRAME_NOT_ESTABLISHED,nan,nan,nan,nan,nan,nan,nan,nan,nan,nan,nan,nan,nan,NOT_EVALUATED,nan,nan,nan,nan,DISABLED,nan,nan,nan,nan,nan,nan
1791356367.268843,1791356367.2930567,1791356367.2970188,1791356367.2970188,front_rgbd_red_sphere,False,False,True,DEPTH_RATIO_LOW,35.1,35.1,1791356367.2930567,1791356367.2919183,1791356367.268843,1791356367.268843,1791356367.268843,0.0,1791356366.2888587,1791356367.288891,1791356367.2855818,1791356367.288891,1791356367.2855818,1791356367.288891,1791356366.2888587,1791356367.288891,1791356366.2888587,1791356367.288891,1791356332.168843,GAZEBO_CLOCK_SYSTEM_INTERPOLATION,MAPPED_EXACT,0,35.1,1791356367.268843,0.005799770355224609,0.0,RGB,0.0,0,1,0,UNCALIBRATED,PREPARATION,UNKNOWN,STRAIGHT,0.0,0,0.0,nan,nan,nan,nan,False,0.0,0.0,0.0,0.0,0,0,0,0,0,0.0,0.0,0.0,0.0,0.0,0.0,0.0,0.0,0.0,0.0,0.0,0.0,0.0,0.0,0.0,0.0,0.0,0.0,0.0,0.0,0.0,0.0,0.0,0.0,0.0,0.0,0.0,0.0,False,DISABLED,0,nan,nan,nan,nan,nan,nan,nan,nan,nan,nan,nan,nan,nan,nan,nan,nan,nan,nan,nan,nan,nan,nan,nan,nan,nan,nan,nan,nan,nan,nan,nan,nan,nan,nan,nan,nan,nan,nan,nan,nan,29.78947033526213,16.213730826009638,-0.1475500486229559,nan,nan,nan,nan,nan,0.024213790893554688,False,DISABLED,none,MODEL_ORIGIN_FRAME_NOT_ESTABLISHED,nan,nan,nan,nan,nan,nan,nan,nan,nan,nan,nan,nan,nan,NOT_EVALUATED,nan,nan,nan,nan,DISABLED,nan,nan,nan,nan,nan,nan
1791356367.32085,1791356367.3470564,1791356367.3527381,1791356367.352793,front_rgbd_red_sphere,True,True,True,,35.152,35.152,1791356367.3470564,1791356367.3452117,1791356367.32085,1791356367.32085,1791356367.32085,0.0,1791356366.3088558,1791356367.3288472,1791356367.325582,1791356367.3288472,1791356367.325582,1791356367.3288472,1791356366.3048606,1791356367.3288472,1791356366.3088558,1791356367.3288472,1791356332.16885,GAZEBO_CLOCK_SYSTEM_INTERPOLATION,MAPPED_EXACT,0,35.152,1791356367.32085,0.0024521350860595703,0.0,RGB,0.0,0,1,0,UNCALIBRATED,PREPARATION,FAR,STRAIGHT,0.75,30,0.5,32.4252815246582,0.6841364502906799,nan,nan,False,0.0,0.0,0.0,0.0,0,0,0,0,0,0.0,0.0,0.0,0.0,0.0,0.0,0.0,0.0,0.0,0.0,0.0,0.0,0.0,0.0,25.128461205480534,2.7426764505234775,20.308544740303798,0.0,0.0,0.0,0.0,0.0,0.0,0.0,0.0,0.0,0.0,0.0,False,DISABLED,0,nan,nan,nan,nan,nan,nan,nan,nan,nan,nan,nan,nan,nan,nan,nan,nan,nan,nan,nan,nan,nan,nan,nan,nan,nan,nan,nan,nan,nan,nan,nan,nan,nan,nan,29.84472801195625,16.509922482288744,-0.15968242937576166,0.16342033167598624,0.16342033167598624,0.16342033167598624,29.963232958171254,16.09884243982098,-0.14489830461906628,-0.11850494621500474,0.41108004246776275,-0.014784124756695383,0.427820316947102,0.4280756871600399,0.026206493377685547,False,DISABLED,none,MODEL_ORIGIN_FRAME_NOT_ESTABLISHED,nan,nan,nan,nan,nan,nan,nan,nan,nan,nan,nan,nan,nan,NOT_EVALUATED,nan,nan,nan,nan,DISABLED,nan,nan,nan,nan,nan,nan
1791356367.368863,1791356367.3941083,1791356367.3978643,1791356367.397905,front_rgbd_red_sphere,True,True,True,,35.2,35.2,1791356367.3941083,1791356367.3924103,1791356367.368863,1791356367.368863,1791356367.368863,0.0,1791356366.3888547,1791356367.3848634,1791356367.381582,1791356367.3848634,1791356367.385582,1791356367.3888829,1791356366.3848605,1791356367.3848634,1791356366.3888547,1791356367.3888829,1791356332.168863,GAZEBO_CLOCK_SYSTEM_INTERPOLATION,MAPPED_EXACT,0,35.2,1791356367.368863,0.002008199691772461,0.0,RGB,0.0,0,1,0,UNCALIBRATED,PREPARATION,FAR,STRAIGHT,1.0,31,0.774193525314331,32.372989654541016,0.6864491105079651,nan,nan,False,0.0,0.0,0.0,0.0,0,0,0,0,0,0.0,0.0,0.0,0.0,0.0,0.0,0.0,0.0,0.0,0.0,0.0,0.0,0.0,0.0,25.04055444941114,2.7410369137931707,20.33391007283583,0.0,0.0,0.0,0.0,0.0,0.0,0.0,0.0,0.0,0.0,0.0,False,DISABLED,0,nan,nan,nan,nan,nan,nan,nan,nan,nan,nan,nan,nan,nan,nan,nan,nan,nan,nan,nan,nan,nan,nan,nan,nan,nan,nan,nan,nan,nan,nan,nan,nan,nan,nan,30.02411059431018,16.377532745016097,-0.15513118296167677,0.16299784061032574,0.16299784061032574,0.16299784061032574,30.122908303554638,15.99217720230808,-0.1415979441600231,-0.09879770924445808,0.38535554270801775,-0.013533238801653663,0.39781890559366756,0.3980490298948183,0.025245189666748047,False,DISABLED,none,MODEL_ORIGIN_FRAME_NOT_ESTABLISHED,nan,nan,nan,nan,nan,nan,nan,nan,nan,nan,nan,nan,nan,NOT_EVALUATED,nan,nan,nan,nan,DISABLED,nan,nan,nan,nan,nan,nan
1791356367.42086,1791356367.4391613,1791356367.4432743,1791356367.4432983,front_rgbd_red_sphere,True,True,True,,35.252,35.252,1791356367.4391613,1791356367.4366913,1791356367.42086,1791356367.42086,1791356367.42086,0.0,1791356366.4288542,1791356367.4248612,1791356367.421582,1791356367.4248612,1791356367.425582,1791356367.4288578,1791356366.4088507,1791356367.4248612,1791356366.4288542,1791356367.4288578,1791356332.16886,GAZEBO_CLOCK_SYSTEM_INTERPOLATION,MAPPED_EXACT,0,35.252,1791356367.42086,0.0026700496673583984,0.0,RGB,0.0,0,1,0,UNCALIBRATED,PREPARATION,FAR,STRAIGHT,1.0,31,0.9354838728904724,32.30122756958008,0.6887082457542419,nan,nan,False,0.0,0.0,0.0,0.0,0,0,0,0,0,0.0,0.0,0.0,0.0,0.0,0.0,0.0,0.0,0.0,0.0,0.0,0.0,0.0,0.0,24.938730556708194,2.722754673257286,20.347371542997113,0.0,0.0,0.0,0.0,0.0,0.0,0.0,0.0,0.0,0.0,0.0,False,DISABLED,0,nan,nan,nan,nan,nan,nan,nan,nan,nan,nan,nan,nan,nan,nan,nan,nan,nan,nan,nan,nan,nan,nan,nan,nan,nan,nan,nan,nan,nan,nan,nan,nan,nan,nan,30.202207108894168,16.246247405566066,-0.1504709988859529,0.16241888200931487,0.16241888200931487,0.16241888200931487,30.295485442710998,15.875731693512803,-0.13711242524252812,-0.09327833381682993,0.3705157120532636,-0.01335857364342477,0.3820768776541979,0.3823103345814336,0.01830124855041504,False,DISABLED,none,MODEL_ORIGIN_FRAME_NOT_ESTABLISHED,nan,nan,nan,nan,nan,nan,nan,nan,nan,nan,nan,nan,nan,NOT_EVALUATED,nan,nan,nan,nan,DISABLED,nan,nan,nan,nan,nan,nan
1791356367.4688535,1791356367.5037847,1791356367.507884,1791356367.5079117,front_rgbd_red_sphere,True,True,True,,35.3,35.3,1791356367.494975,1791356367.5037847,1791356367.4688535,1791356367.4688535,1791356367.4688535,0.0,1791356366.488862,1791356367.488897,1791356367.4855819,1791356367.488897,1791356367.4855819,1791356367.488897,1791356366.488862,1791356367.488897,1791356366.488862,1791356367.488897,1791356332.1688535,GAZEBO_CLOCK_SYSTEM_INTERPOLATION,MAPPED_EXACT,0,35.3,1791356367.4688535,0.0033376216888427734,0.0,RGB,0.0,0,1,0,UNCALIBRATED,PREPARATION,FAR,STRAIGHT,1.0,31,1.0,32.23554992675781,0.6905902028083801,nan,nan,False,0.0,0.0,0.0,0.0,0,0,0,0,0,0.0,0.0,0.0,0.0,0.0,0.0,0.0,0.0,0.0,0.0,0.0,0.0,0.0,0.0,24.84942595575487,2.720220068096739,20.352817365743626,0.0,0.0,0.0,0.0,0.0,0.0,0.0,0.0,0.0,0.0,0.0,False,DISABLED,0,nan,nan,nan,nan,nan,nan,nan,nan,nan,nan,nan,nan,nan,nan,nan,nan,nan,nan,nan,nan,nan,nan,nan,nan,nan,nan,nan,nan,nan,nan,nan,nan,nan,nan,30.377861563919755,16.116922844239678,-0.14337659630078375,0.16188995567834816,0.16188995567834816,0.16188995567834816,30.454102142213088,15.76764829933911,-0.13216027497950683,-0.07624057829333353,0.34927454490056853,-0.011216321321276923,0.3574987181711302,0.3576746277805896,0.034931182861328125,False,DISABLED,none,MODEL_ORIGIN_FRAME_NOT_ESTABLISHED,nan,nan,nan,nan,nan,nan,nan,nan,nan,nan,nan,nan,nan,NOT_EVALUATED,nan,nan,nan,nan,DISABLED,nan,nan,nan,nan,nan,nan
1791356367.520854,1791356367.5434833,1791356367.5487392,1791356367.5487845,front_rgbd_red_sphere,True,True,True,,35.352,35.352,1791356367.5434833,1791356367.5416667,1791356367.520854,1791356367.520854,1791356367.520854,0.0,1791356366.5088518,1791356367.5288603,1791356367.5255818,1791356367.5288603,1791356367.5255818,1791356367.5288603,1791356366.5048554,1791356367.5288603,1791356366.5088518,1791356367.5288603,1791356332.168854,GAZEBO_CLOCK_SYSTEM_INTERPOLATION,MAPPED_EXACT,0,35.352,1791356367.520854,0.002916097640991211,0.0,RGB,0.0,0,1,0,UNCALIBRATED,PREPARATION,FAR,STRAIGHT,1.0,32,1.0,32.15025329589844,0.6916296482086182,nan,nan,False,0.0,0.0,0.0,0.0,0,0,0,0,0,0.0,0.0,0.0,0.0,0.0,0.0,0.0,0.0,0.0,0.0,0.0,0.0,0.0,0.0,24.762369608926537,2.6997852140619347,20.326703598874722,0.0,0.0,0.0,0.0,0.0,0.0,0.0,0.0,0.0,0.0,0.0,False,DISABLED,0,nan,nan,nan,nan,nan,nan,nan,nan,nan,nan,nan,nan,nan,nan,nan,nan,nan,nan,nan,nan,nan,nan,nan,nan,nan,nan,nan,nan,nan,nan,nan,nan,nan,nan,30.55328003876937,15.988310931120683,-0.13559891624831616,0.16120426911853145,0.16120426911853145,0.16120426911853145,30.625508727717108,15.649741904577162,-0.125953166993192,-0.07222868894773882,0.33856902654352083,-0.009645749255124153,0.3461877658753072,0.34632211843950894,0.022629261016845703,False,DISABLED,none,MODEL_ORIGIN_FRAME_NOT_ESTABLISHED,nan,nan,nan,nan,nan,nan,nan,nan,nan,nan,nan,nan,nan,NOT_EVALUATED,nan,nan,nan,nan,DISABLED,nan,nan,nan,nan,nan,nan
1791356367.5688617,1791356367.5922265,1791356367.5979698,1791356367.5980148,front_rgbd_red_sphere,True,True,True,,35.4,35.4,1791356367.5922265,1791356367.5888913,1791356367.5688617,1791356367.5688617,1791356367.5688617,0.0,1791356366.5688505,1791356367.5688617,1791356367.565582,1791356367.5688617,1791356367.565582,1791356367.5688617,1791356366.5688505,1791356367.5688617,1791356366.5688505,1791356367.5688617,1791356332.1688616,GAZEBO_CLOCK_SYSTEM_INTERPOLATION,MAPPED_EXACT,0,35.4,1791356367.5688617,0.003610372543334961,0.0,RGB,0.0,0,1,0,UNCALIBRATED,PREPARATION,FAR,STRAIGHT,1.0,33,1.0,32.07115936279297,0.6917526721954346,nan,nan,False,0.0,0.0,0.0,0.0,0,0,0,0,0,0.0,0.0,0.0,0.0,0.0,0.0,0.0,0.0,0.0,0.0,0.0,0.0,0.0,0.0,24.698935065120438,2.6882279535721456,20.280414191154815,0.0,0.0,0.0,0.0,0.0,0.0,0.0,0.0,0.0,0.0,0.0,False,DISABLED,0,nan,nan,nan,nan,nan,nan,nan,nan,nan,nan,nan,nan,nan,nan,nan,nan,nan,nan,nan,nan,nan,nan,nan,nan,nan,nan,nan,nan,nan,nan,nan,nan,nan,nan,30.72364390392144,15.86405558542514,-0.1267083827711159,0.16056976874496123,0.16056976874496123,0.16056976874496123,30.783238381891803,15.540222782881804,-0.11947098484389755,-0.05959447797036077,0.32383280254333613,-0.00723739792721835,0.32927068774434076,0.3293502174530754,0.023364782333374023,False,DISABLED,none,MODEL_ORIGIN_FRAME_NOT_ESTABLISHED,nan,nan,nan,nan,nan,nan,nan,nan,nan,nan,nan,nan,nan,NOT_EVALUATED,nan,nan,nan,nan,DISABLED,nan,nan,nan,nan,nan,nan
1791356367.6208763,1791356367.6464453,1791356367.6508112,1791356367.650864,front_rgbd_red_sphere,True,True,True,,35.452,35.452,1791356367.6464453,1791356367.6443825,1791356367.6208763,1791356367.6208763,1791356367.6208763,0.0,1791356366.6088555,1791356367.6248522,1791356367.621582,1791356367.6248522,1791356367.625582,1791356367.628845,1791356366.6088555,1791356367.6248522,1791356366.6088555,1791356367.628845,1791356332.1688764,GAZEBO_CLOCK_SYSTEM_INTERPOLATION,MAPPED_EXACT,0,35.452,1791356367.6208763,0.0018224716186523438,0.0,RGB,0.0,0,1,0,UNCALIBRATED,PREPARATION,FAR,STRAIGHT,1.0,29,1.0,31.96990203857422,0.6910631656646729,nan,nan,False,0.0,0.0,0.0,0.0,0,0,0,0,0,0.0,0.0,0.0,0.0,0.0,0.0,0.0,0.0,0.0,0.0,0.0,0.0,0.0,0.0,24.63501030859663,2.65551509965357,20.202455325809353,0.0,0.0,0.0,0.0,0.0,0.0,0.0,0.0,0.0,0.0,0.0,False,DISABLED,0,nan,nan,nan,nan,nan,nan,nan,nan,nan,nan,nan,nan,nan,nan,nan,nan,nan,nan,nan,nan,nan,nan,nan,nan,nan,nan,nan,nan,nan,nan,nan,nan,nan,nan,30.893242416638515,15.7392734506174,-0.11761059731868867,0.15975931417174655,0.15975931417174655,0.15975931417174655,30.953492223078836,15.420940304781823,-0.111693910292538,-0.06024980644032141,0.31833314583557737,-0.005916687026150669,0.3239846152422537,0.32403863673802324,0.02556896209716797,False,DISABLED,none,MODEL_ORIGIN_FRAME_NOT_ESTABLISHED,nan,nan,nan,nan,nan,nan,nan,nan,nan,nan,nan,nan,nan,NOT_EVALUATED,nan,nan,nan,nan,DISABLED,nan,nan,nan,nan,nan,nan
1791356367.6688545,1791356367.6987848,1791356367.705673,1791356367.7056987,front_rgbd_red_sphere,True,True,True,,35.5,35.5,1791356367.6987848,1791356367.6867816,1791356367.6688545,1791356367.6688545,1791356367.6688545,0.0,1791356366.668844,1791356367.6888604,1791356367.685582,1791356367.6888604,1791356367.685582,1791356367.6888604,1791356366.6648757,1791356367.6888604,1791356366.668844,1791356367.6888604,1791356332.1688545,GAZEBO_CLOCK_SYSTEM_INTERPOLATION,MAPPED_EXACT,0,35.5,1791356367.6688545,0.002233266830444336,0.0,RGB,0.0,0,1,0,UNCALIBRATED,PREPARATION,FAR,STRAIGHT,1.0,31,1.0,31.877653121948242,0.689937174320221,nan,nan,False,0.0,0.0,0.0,0.0,0,0,0,0,0,0.0,0.0,0.0,0.0,0.0,0.0,0.0,0.0,0.0,0.0,0.0,0.0,0.0,0.0,24.58678859419292,2.634627011156174,20.11798645424079,0.0,0.0,0.0,0.0,0.0,0.0,0.0,0.0,0.0,0.0,0.0,False,DISABLED,0,nan,nan,nan,nan,nan,nan,nan,nan,nan,nan,nan,nan,nan,nan,nan,nan,nan,nan,nan,nan,nan,nan,nan,nan,nan,nan,nan,nan,nan,nan,nan,nan,nan,nan,31.06070392479228,15.616985751220545,-0.10767308855970897,0.15902272726474592,0.15902272726474592,0.15902272726474592,31.110326466181572,15.31008235145679,-0.10384398493844982,-0.04962254138929367,0.3069033997637547,-0.0038291036212591556,0.3108891979475697,0.31091277785743304,0.02993035316467285,False,DISABLED,none,MODEL_ORIGIN_FRAME_NOT_ESTABLISHED,nan,nan,nan,nan,nan,nan,nan,nan,nan,nan,nan,nan,nan,NOT_EVALUATED,nan,nan,nan,nan,DISABLED,nan,nan,nan,nan,nan,nan
1791356367.720861,1791356367.7570941,1791356367.7630816,1791356367.763109,front_rgbd_red_sphere,True,True,True,,35.552,35.552,1791356367.745759,1791356367.7570941,1791356367.720861,1791356367.720861,1791356367.720861,0.0,1791356366.728857,1791356367.744855,1791356367.741582,1791356367.744855,1791356367.7455819,1791356367.7488558,1791356366.728857,1791356367.744855,1791356366.728857,1791356367.7488558,1791356332.168861,GAZEBO_CLOCK_SYSTEM_INTERPOLATION,MAPPED_EXACT,0,35.552,1791356367.720861,0.0020720958709716797,0.0,RGB,0.0,0,1,0,UNCALIBRATED,PREPARATION,FAR,STRAIGHT,1.0,32,1.0,31.76245880126953,0.6878100633621216,nan,nan,False,0.0,0.0,0.0,0.0,0,0,0,0,0,0.0,0.0,0.0,0.0,0.0,0.0,0.0,0.0,0.0,0.0,0.0,0.0,0.0,0.0,24.540886941114387,2.59260218886306,19.996925720890562,0.0,0.0,0.0,0.0,0.0,0.0,0.0,0.0,0.0,0.0,0.0,False,DISABLED,0,nan,nan,nan,nan,nan,nan,nan,nan,nan,nan,nan,nan,nan,nan,nan,nan,nan,nan,nan,nan,nan,nan,nan,nan,nan,nan,nan,nan,nan,nan,nan,nan,nan,nan,31.22659508824767,15.495825021881197,-0.09706274743411386,0.15810530887996477,0.15810530887996477,0.15810530887996477,31.279567931622843,15.189424353645746,-0.09468681678434132,-0.05297284337517283,0.306400668235451,-0.0023759306497725396,0.3109461233564128,0.31095520043381497,0.03623318672180176,False,DISABLED,none,MODEL_ORIGIN_FRAME_NOT_ESTABLISHED,nan,nan,nan,nan,nan,nan,nan,nan,nan,nan,nan,nan,nan,NOT_EVALUATED,nan,nan,nan,nan,DISABLED,nan,nan,nan,nan,nan,nan
1791356367.7688458,1791356367.7932203,1791356367.7976832,1791356367.7977076,front_rgbd_red_sphere,True,True,True,,35.6,35.6,1791356367.7932203,1791356367.790254,1791356367.7688458,1791356367.7688458,1791356367.7688458,0.0,1791356366.7888598,1791356367.7848647,1791356367.7815819,1791356367.7848647,1791356367.7855818,1791356367.7888682,1791356366.7848635,1791356367.7848647,1791356366.7888598,1791356367.7888682,1791356332.168846,GAZEBO_CLOCK_SYSTEM_INTERPOLATION,MAPPED_EXACT,0,35.6,1791356367.7688458,0.001397848129272461,0.0,RGB,0.0,0,1,0,UNCALIBRATED,PREPARATION,FAR,STRAIGHT,1.0,30,1.0,31.657651901245117,0.6852801442146301,nan,nan,False,0.0,0.0,0.0,0.0,0,0,0,0,0,0.0,0.0,0.0,0.0,0.0,0.0,0.0,0.0,0.0,0.0,0.0,0.0,0.0,0.0,24.51067616032556,2.5675943578294897,19.87060911656591,0.0,0.0,0.0,0.0,0.0,0.0,0.0,0.0,0.0,0.0,0.0,False,DISABLED,0,nan,nan,nan,nan,nan,nan,nan,nan,nan,nan,nan,nan,nan,nan,nan,nan,nan,nan,nan,nan,nan,nan,nan,nan,nan,nan,nan,nan,nan,nan,nan,nan,nan,nan,31.39127868700152,15.37573247420435,-0.08608869327142793,0.1572729315969631,0.1572729315969631,0.1572729315969631,31.43536150516547,15.077414883094951,-0.08567049323141084,-0.04408281816395032,0.2983175911093987,-0.0004182000400170943,0.30155709247601903,0.3015573824562479,0.02437448501586914,False,DISABLED,none,MODEL_ORIGIN_FRAME_NOT_ESTABLISHED,nan,nan,nan,nan,nan,nan,nan,nan,nan,nan,nan,nan,nan,NOT_EVALUATED,nan,nan,nan,nan,DISABLED,nan,nan,nan,nan,nan,nan
1791356367.8208618,1791356367.842853,1791356367.8463783,1791356367.8464,front_rgbd_red_sphere,True,True,True,,35.652,35.652,1791356367.842853,1791356367.8412454,1791356367.8208618,1791356367.8208618,1791356367.8208618,0.0,1791356366.808853,1791356367.8248591,1791356367.8215818,1791356367.8248591,1791356367.825582,1791356367.8288536,1791356366.808853,1791356367.8248591,1791356366.808853,1791356367.8288536,1791356332.1688619,GAZEBO_CLOCK_SYSTEM_INTERPOLATION,MAPPED_EXACT,0,35.652,1791356367.8208618,0.0022399425506591797,0.0,RGB,0.0,0,1,0,UNCALIBRATED,PREPARATION,FAR,STRAIGHT,1.0,28,1.0,31.528221130371094,0.6819539666175842,nan,nan,False,0.0,0.0,0.0,0.0,0,0,0,0,0,0.0,0.0,0.0,0.0,0.0,0.0,0.0,0.0,0.0,0.0,0.0,0.0,0.0,0.0,24.476700740749028,2.5244131225473665,19.711599513812285,0.0,0.0,0.0,0.0,0.0,0.0,0.0,0.0,0.0,0.0,0.0,False,DISABLED,0,nan,nan,nan,nan,nan,nan,nan,nan,nan,nan,nan,nan,nan,nan,nan,nan,nan,nan,nan,nan,nan,nan,nan,nan,nan,nan,nan,nan,nan,nan,nan,nan,nan,nan,31.55443773106752,15.255734810359273,-0.07520799304717668,0.1562480226254749,0.1562480226254749,0.1562480226254749,31.604010537582635,14.955169241220423,-0.07533607455646091,-0.04957280651511553,0.30056556913885046,0.000128081509284228,0.30462620454837136,0.30462623147460427,0.021991252899169922,False,DISABLED,none,MODEL_ORIGIN_FRAME_NOT_ESTABLISHED,nan,nan,nan,nan,nan,nan,nan,nan,nan,nan,nan,nan,nan,NOT_EVALUATED,nan,nan,nan,nan,DISABLED,nan,nan,nan,nan,nan,nan
1791356367.8688583,1791356367.8945305,1791356367.8983016,1791356367.8983324,front_rgbd_red_sphere,True,True,True,,35.7,35.7,1791356367.8945305,1791356367.8924847,1791356367.8688583,1791356367.8688583,1791356367.8688583,0.0,1791356366.8688622,1791356367.8888566,1791356367.885582,1791356367.8888566,1791356367.885582,1791356367.8888566,1791356366.8648684,1791356367.8888566,1791356366.8688622,1791356367.8888566,1791356332.1688583,GAZEBO_CLOCK_SYSTEM_INTERPOLATION,MAPPED_EXACT,0,35.7,1791356367.8688583,0.0019106864929199219,0.0,RGB,0.0,0,1,0,UNCALIBRATED,PREPARATION,FAR,STRAIGHT,1.0,31,1.0,31.41006088256836,0.6783691048622131,nan,nan,False,0.0,0.0,0.0,0.0,0,0,0,0,0,0.0,0.0,0.0,0.0,0.0,0.0,0.0,0.0,0.0,0.0,0.0,0.0,0.0,0.0,24.455785377633525,2.4996587661926393,19.551425324224663,0.0,0.0,0.0,0.0,0.0,0.0,0.0,0.0,0.0,0.0,0.0,False,DISABLED,0,nan,nan,nan,nan,nan,nan,nan,nan,nan,nan,nan,nan,nan,nan,nan,nan,nan,nan,nan,nan,nan,nan,nan,nan,nan,nan,nan,nan,nan,nan,nan,nan,nan,nan,31.71713679241263,15.134470000129681,-0.06353412135447728,0.15531529488882612,0.15531529488882612,0.15531529488882612,31.759072048402654,14.841864603606453,-0.0653577633026319,-0.04193525599002257,0.2926053965232285,0.001823641948154625,0.2955951348880162,0.29560076021454945,0.025672197341918945,False,DISABLED,none,MODEL_ORIGIN_FRAME_NOT_ESTABLISHED,nan,nan,nan,nan,nan,nan,nan,nan,nan,nan,nan,nan,nan,NOT_EVALUATED,nan,nan,nan,nan,DISABLED,nan,nan,nan,nan,nan,nan
1791356367.9208572,1791356367.9445498,1791356367.9480786,1791356367.9481077,front_rgbd_red_sphere,True,True,True,,35.752,35.752,1791356367.9445498,1791356367.9430196,1791356367.9208572,1791356367.9208572,1791356367.9208572,0.0,1791356366.9288502,1791356367.9288595,1791356367.925582,1791356367.9288595,1791356367.925582,1791356367.9288595,1791356366.9288502,1791356367.9288595,1791356366.9288502,1791356367.9288595,1791356332.168857,GAZEBO_CLOCK_SYSTEM_INTERPOLATION,MAPPED_EXACT,0,35.752,1791356367.9208572,0.003918886184692383,0.0,RGB,0.0,0,1,0,UNCALIBRATED,PREPARATION,FAR,STRAIGHT,1.0,29,1.0,31.2677001953125,0.6738016605377197,nan,nan,False,0.0,0.0,0.0,0.0,0,0,0,0,0,0.0,0.0,0.0,0.0,0.0,0.0,0.0,0.0,0.0,0.0,0.0,0.0,0.0,0.0,24.434308055131197,2.460491631538178,19.35406101243538,0.0,0.0,0.0,0.0,0.0,0.0,0.0,0.0,0.0,0.0,0.0,False,DISABLED,0,nan,nan,nan,nan,nan,nan,nan,nan,nan,nan,nan,nan,nan,nan,nan,nan,nan,nan,nan,nan,nan,nan,nan,nan,nan,nan,nan,nan,nan,nan,nan,nan,nan,nan,31.88104722963566,15.009485799493138,-0.05232678973039112,0.1541952318026431,0.1541952318026431,0.1541952318026431,31.92659153184005,14.718503231937431,-0.054133133565922385,-0.045544302204390874,0.29098256755570695,0.0018063438355312642,0.29452527579920273,0.2945308149627957,0.023692607879638672,False,DISABLED,none,MODEL_ORIGIN_FRAME_NOT_ESTABLISHED,nan,nan,nan,nan,nan,nan,nan,nan,nan,nan,nan,nan,nan,NOT_EVALUATED,nan,nan,nan,nan,DISABLED,nan,nan,nan,nan,nan,nan
1791356367.9688513,1791356367.9953814,1791356368.0006478,1791356368.0006976,front_rgbd_red_sphere,True,True,True,,35.8,35.8,1791356367.9953814,1791356367.992783,1791356367.9688513,1791356367.9688513,1791356367.9688513,0.0,1791356366.9688556,1791356367.984863,1791356367.981582,1791356367.984863,1791356367.9855819,1791356367.9888682,1791356366.9688556,1791356367.984863,1791356366.9688556,1791356367.9888682,1791356332.1688514,GAZEBO_CLOCK_SYSTEM_INTERPOLATION,MAPPED_EXACT,0,35.8,1791356367.9688513,0.002771615982055664,0.0,RGB,0.0,0,1,0,UNCALIBRATED,PREPARATION,FAR,STRAIGHT,1.0,30,1.0,31.13753318786621,0.6689633727073669,nan,nan,False,0.0,0.0,0.0,0.0,0,0,0,0,0,0.0,0.0,0.0,0.0,0.0,0.0,0.0,0.0,0.0,0.0,0.0,0.0,0.0,0.0,24.42630482569614,2.4409034045750992,19.155772343832005,0.0,0.0,0.0,0.0,0.0,0.0,0.0,0.0,0.0,0.0,0.0,False,DISABLED,0,nan,nan,nan,nan,nan,nan,nan,nan,nan,nan,nan,nan,nan,nan,nan,nan,nan,nan,nan,nan,nan,nan,nan,nan,nan,nan,nan,nan,nan,nan,nan,nan,nan,nan,32.04444613982184,14.881475092282194,-0.03946744433712185,0.15317465265699268,0.15317465265699268,0.15317465265699268,32.080710792526126,14.604135768135992,-0.043454707099472585,-0.0362646527042898,0.27733932414620277,0.0039872627623507365,0.2797002426771119,0.2797286614166866,0.026530027389526367,False,DISABLED,none,MODEL_ORIGIN_FRAME_NOT_ESTABLISHED,nan,nan,nan,nan,nan,nan,nan,nan,nan,nan,nan,nan,nan,NOT_EVALUATED,nan,nan,nan,nan,DISABLED,nan,nan,nan,nan,nan,nan
1791356368.020854,1791356368.0441365,1791356368.0479968,1791356368.0480232,front_rgbd_red_sphere,True,True,True,,35.852,35.852,1791356368.0441365,1791356368.0429547,1791356368.020854,1791356368.020854,1791356368.020854,0.0,1791356367.0288465,1791356368.0248618,1791356368.021582,1791356368.0248618,1791356368.0255818,1791356368.02886,1791356367.0248518,1791356368.0248618,1791356367.0288465,1791356368.02886,1791356332.168854,GAZEBO_CLOCK_SYSTEM_INTERPOLATION,MAPPED_EXACT,0,35.852,1791356368.020854,0.003568887710571289,0.0,RGB,0.0,0,1,0,UNCALIBRATED,PREPARATION,FAR,STRAIGHT,1.0,30,1.0,30.98225212097168,0.6615802049636841,nan,nan,False,0.0,0.0,0.0,0.0,0,0,0,0,0,0.0,0.0,0.0,0.0,0.0,0.0,0.0,0.0,0.0,0.0,0.0,0.0,0.0,0.0,24.44569082213212,2.4140108642305114,18.880697289190923,0.0,0.0,0.0,0.0,0.0,0.0,0.0,0.0,0.0,0.0,0.0,False,DISABLED,0,nan,nan,nan,nan,nan,nan,nan,nan,nan,nan,nan,nan,nan,nan,nan,nan,nan,nan,nan,nan,nan,nan,nan,nan,nan,nan,nan,nan,nan,nan,nan,nan,nan,nan,32.2094922110546,14.747666188295081,-0.026217041484079162,0.1519616020512798,0.1519616020512798,0.1519616020512798,32.247253707099176,14.479631798865178,-0.0316098226166187,-0.03776149604457402,0.26803438942990354,0.005392781132539541,0.27068129691684567,0.2707350117530591,0.023282527923583984,False,DISABLED,none,MODEL_ORIGIN_FRAME_NOT_ESTABLISHED,nan,nan,nan,nan,nan,nan,nan,nan,nan,nan,nan,nan,nan,NOT_EVALUATED,nan,nan,nan,nan,DISABLED,nan,nan,nan,nan,nan,nan
1791356368.06885,1791356368.1041563,1791356368.1102216,1791356368.110259,front_rgbd_red_sphere,True,True,True,,35.9,35.9,1791356368.1041563,1791356368.0924344,1791356368.06885,1791356368.06885,1791356368.06885,0.0,1791356367.0688577,1791356368.0888572,1791356368.085594,1791356368.0888572,1791356368.085594,1791356368.0888572,1791356367.0648642,1791356368.0888572,1791356367.0688577,1791356368.0888572,1791356332.16885,GAZEBO_CLOCK_SYSTEM_INTERPOLATION,MAPPED_EXACT,0,35.9,1791356368.06885,0.003645658493041992,0.0,RGB,0.0,0,1,0,UNCALIBRATED,PREPARATION,FAR,STRAIGHT,1.0,30,1.0,30.841384887695312,0.6523737907409668,nan,nan,False,0.0,0.0,0.0,0.0,0,0,0,0,0,0.0,0.0,0.0,0.0,0.0,0.0,0.0,0.0,0.0,0.0,0.0,0.0,0.0,0.0,24.507951422946242,2.4165460398081473,18.566412817071807,0.0,0.0,0.0,0.0,0.0,0.0,0.0,0.0,0.0,0.0,0.0,False,DISABLED,0,nan,nan,nan,nan,nan,nan,nan,nan,nan,nan,nan,nan,nan,nan,nan,nan,nan,nan,nan,nan,nan,nan,nan,nan,nan,nan,nan,nan,nan,nan,nan,nan,nan,nan,32.374306646018894,14.611303793931214,-0.009952941936029747,0.15086532313961248,0.15086532313961248,0.15086532313961248,32.400599097401305,14.364152609687224,-0.020485321753705082,-0.02629245138241032,0.24715118424398952,0.010532379817675335,0.2485457721887517,0.24876883224698113,0.03530621528625488,False,DISABLED,none,MODEL_ORIGIN_FRAME_NOT_ESTABLISHED,nan,nan,nan,nan,nan,nan,nan,nan,nan,nan,nan,nan,nan,NOT_EVALUATED,nan,nan,nan,nan,DISABLED,nan,nan,nan,nan,nan,nan
1791356368.1208558,1791356368.1459627,1791356368.1528165,1791356368.1528637,front_rgbd_red_sphere,True,True,True,,35.952,35.952,1791356368.1459627,1791356368.1446145,1791356368.1208558,1791356368.1208558,1791356368.1208558,0.0,1791356367.1088598,1791356368.1288588,1791356368.125594,1791356368.1288588,1791356368.125594,1791356368.1288588,1791356367.104857,1791356368.1288588,1791356367.1088598,1791356368.1288588,1791356332.168856,GAZEBO_CLOCK_SYSTEM_INTERPOLATION,MAPPED_EXACT,0,35.952,1791356368.1208558,0.0014717578887939453,0.0,RGB,0.0,0,1,0,UNCALIBRATED,PREPARATION,FAR,STRAIGHT,1.0,31,1.0,30.67402458190918,0.6399081349372864,nan,nan,False,0.0,0.0,0.0,0.0,0,0,0,0,0,0.0,0.0,0.0,0.0,0.0,0.0,0.0,0.0,0.0,0.0,0.0,0.0,0.0,0.0,24.605188293282986,2.421754790627358,18.15531880251049,0.0,0.0,0.0,0.0,0.0,0.0,0.0,0.0,0.0,0.0,0.0,False,DISABLED,0,nan,nan,nan,nan,nan,nan,nan,nan,nan,nan,nan,nan,nan,nan,nan,nan,nan,nan,nan,nan,nan,nan,nan,nan,nan,nan,nan,nan,nan,nan,nan,nan,nan,nan,32.53982152256129,14.46963656512446,0.001820698797134368,0.1495680182383984,0.1495680182383984,0.1495680182383984,32.5663752448769,14.238426868827359,-0.008298955104275273,-0.026553722315611594,0.23120969629710153,0.01011965390140964,0.23272950786398475,0.23294941774062639,0.02510690689086914,False,DISABLED,none,MODEL_ORIGIN_FRAME_NOT_ESTABLISHED,nan,nan,nan,nan,nan,nan,nan,nan,nan,nan,nan,nan,nan,NOT_EVALUATED,nan,nan,nan,nan,DISABLED,nan,nan,nan,nan,nan,nan
1791356368.1688628,1791356368.198312,1791356368.2062492,1791356368.2063022,front_rgbd_red_sphere,True,True,True,,36.0,36.0,1791356368.190978,1791356368.198312,1791356368.1688628,1791356368.1688628,1791356368.1688628,0.0,1791356367.1888611,1791356368.1848729,1791356368.181594,1791356368.1848729,1791356368.1855938,1791356368.1888752,1791356367.1688569,1791356368.1848729,1791356367.1888611,1791356368.1888752,1791356332.1688628,GAZEBO_CLOCK_SYSTEM_INTERPOLATION,MAPPED_EXACT,0,36.0,1791356368.1688628,0.001863718032836914,0.0,RGB,0.0,0,1,0,UNCALIBRATED,PREPARATION,FAR,STRAIGHT,1.0,28,1.0,30.523393630981445,0.6268143653869629,nan,nan,False,0.0,0.0,0.0,0.0,0,0,0,0,0,0.0,0.0,0.0,0.0,0.0,0.0,0.0,0.0,0.0,0.0,0.0,0.0,0.0,0.0,24.720902366680413,2.4545176098755865,17.73498922998281,0.0,0.0,0.0,0.0,0.0,0.0,0.0,0.0,0.0,0.0,0.0,False,DISABLED,0,nan,nan,nan,nan,nan,nan,nan,nan,nan,nan,nan,nan,nan,nan,nan,nan,nan,nan,nan,nan,nan,nan,nan,nan,nan,nan,nan,nan,nan,nan,nan,nan,nan,nan,32.70576312986793,14.326046507688016,0.014955381134955259,0.1484051799745235,0.1484051799745235,0.1484051799745235,32.71907488389216,14.1218067503146,0.0030058008914725124,-0.013311754024229572,0.2042397573734167,0.011949580243482746,0.2046731083634431,0.20502164216284374,0.0294492244720459,False,DISABLED,none,MODEL_ORIGIN_FRAME_NOT_ESTABLISHED,nan,nan,nan,nan,nan,nan,nan,nan,nan,nan,nan,nan,nan,NOT_EVALUATED,nan,nan,nan,nan,DISABLED,nan,nan,nan,nan,nan,nan
1791356368.2208533,1791356368.2520213,1791356368.2575052,1791356368.257529,front_rgbd_red_sphere,True,True,True,,36.052,36.052,1791356368.2520213,1791356368.2401824,1791356368.2208533,1791356368.2208533,1791356368.2208533,0.0,1791356367.2288494,1791356368.2248745,1791356368.2215939,1791356368.2248745,1791356368.2255938,1791356368.2288625,1791356367.224852,1791356368.2248745,1791356367.2288494,1791356368.2288625,1791356332.1688533,GAZEBO_CLOCK_SYSTEM_INTERPOLATION,MAPPED_EXACT,0,36.052,1791356368.2208533,0.0037620067596435547,0.0,RGB,0.0,0,1,0,UNCALIBRATED,PREPARATION,FAR,STRAIGHT,1.0,27,1.0,30.345003128051758,0.6113508939743042,nan,nan,False,0.0,0.0,0.0,0.0,0,0,0,0,0,0.0,0.0,0.0,0.0,0.0,0.0,0.0,0.0,0.0,0.0,0.0,0.0,0.0,0.0,24.848716080559168,2.4866749053793544,17.238822595127644,0.0,0.0,0.0,0.0,0.0,0.0,0.0,0.0,0.0,0.0,0.0,False,DISABLED,0,nan,nan,nan,nan,nan,nan,nan,nan,nan,nan,nan,nan,nan,nan,nan,nan,nan,nan,nan,nan,nan,nan,nan,nan,nan,nan,nan,nan,nan,nan,nan,nan,nan,nan,32.87038558511666,14.179063030960027,0.02488762911630188,0.14703393060368977,0.14703393060368977,0.14703393060368977,32.88398711243175,13.995005920720345,0.015224521337991535,-0.013601527315088902,0.18405711023968152,0.009663107778310344,0.18455899158557781,0.18481178811704796,0.031167984008789062,False,DISABLED,none,MODEL_ORIGIN_FRAME_NOT_ESTABLISHED,nan,nan,nan,nan,nan,nan,nan,nan,nan,nan,nan,nan,nan,NOT_EVALUATED,nan,nan,nan,nan,DISABLED,nan,nan,nan,nan,nan,nan
1791356368.2688556,1791356368.2904642,1791356368.2974164,1791356368.2974384,front_rgbd_red_sphere,True,True,True,,36.1,36.1,1791356368.2904642,1791356368.2890437,1791356368.2688556,1791356368.2688556,1791356368.2688556,0.0,1791356367.268843,1791356368.28886,1791356368.285594,1791356368.28886,1791356368.285594,1791356368.28886,1791356367.2648726,1791356368.28886,1791356367.268843,1791356368.28886,1791356332.1688557,GAZEBO_CLOCK_SYSTEM_INTERPOLATION,MAPPED_EXACT,0,36.1,1791356368.2688556,0.001489877700805664,0.0,RGB,0.0,0,1,0,UNCALIBRATED,PREPARATION,FAR,STRAIGHT,1.0,28,1.0,30.18515396118164,0.5966019630432129,nan,nan,False,0.0,0.0,0.0,0.0,0,0,0,0,0,0.0,0.0,0.0,0.0,0.0,0.0,0.0,0.0,0.0,0.0,0.0,0.0,0.0,0.0,24.97065469382565,2.53777850639574,16.76811323506695,0.0,0.0,0.0,0.0,0.0,0.0,0.0,0.0,0.0,0.0,0.0,False,DISABLED,0,nan,nan,nan,nan,nan,nan,nan,nan,nan,nan,nan,nan,nan,nan,nan,nan,nan,nan,nan,nan,nan,nan,nan,nan,nan,nan,nan,nan,nan,nan,nan,nan,nan,nan,33.035209069067974,14.034254042798144,0.03409180427050723,0.14581060050375144,0.14581060050375144,0.14581060050375144,33.03585510885669,13.877453662333574,0.02641565654268863,-0.0006460397887124714,0.15680038046457057,0.007676147727818602,0.15680171134666446,0.1569894898557925,0.021608591079711914,False,DISABLED,none,MODEL_ORIGIN_FRAME_NOT_ESTABLISHED,nan,nan,nan,nan,nan,nan,nan,nan,nan,nan,nan,nan,nan,NOT_EVALUATED,nan,nan,nan,nan,DISABLED,nan,nan,nan,nan,nan,nan
1791356368.320866,1791356368.3448393,1791356368.3511333,1791356368.351273,front_rgbd_red_sphere,True,True,True,,36.152,36.152,1791356368.3448393,1791356368.3392959,1791356368.320866,1791356368.320866,1791356368.320866,0.0,1791356367.3288472,1791356368.328858,1791356368.325594,1791356368.328858,1791356368.325594,1791356368.328858,1791356367.3288472,1791356368.328858,1791356367.3288472,1791356368.328858,1791356332.1688662,GAZEBO_CLOCK_SYSTEM_INTERPOLATION,MAPPED_EXACT,0,36.152,1791356368.320866,0.00061798095703125,0.0,RGB,0.0,0,1,0,UNCALIBRATED,PREPARATION,FAR,STRAIGHT,1.0,26,0.7692307829856873,29.998456954956055,0.5803022980690002,nan,nan,False,0.0,0.0,0.0,0.0,0,0,0,0,0,0.0,0.0,0.0,0.0,0.0,0.0,0.0,0.0,0.0,0.0,0.0,0.0,0.0,0.0,25.08761730249956,2.58190754150802,16.24354090060051,0.0,0.0,0.0,0.0,0.0,0.0,0.0,0.0,0.0,0.0,0.0,False,DISABLED,0,nan,nan,nan,nan,nan,nan,nan,nan,nan,nan,nan,nan,nan,nan,nan,nan,nan,nan,nan,nan,nan,nan,nan,nan,nan,nan,nan,nan,nan,nan,nan,nan,nan,nan,33.19855118632014,13.888833697187156,0.04215620131107395,0.14438827180130637,0.14438827180130637,0.14438827180130637,33.199662409740604,13.74983770991998,0.038345903902831574,-0.0011112234204659899,0.138995987267176,0.0038102974082423746,0.13900042911396765,0.13905264348514343,0.02397322654724121,False,DISABLED,none,MODEL_ORIGIN_FRAME_NOT_ESTABLISHED,nan,nan,nan,nan,nan,nan,nan,nan,nan,nan,nan,nan,nan,NOT_EVALUATED,nan,nan,nan,nan,DISABLED,nan,nan,nan,nan,nan,nan
1791356368.3688521,1791356368.3950136,1791356368.397572,1791356368.397572,front_rgbd_red_sphere,False,False,True,DEPTH_RATIO_LOW,36.2,36.2,1791356368.3950136,1791356368.3929052,1791356368.3688521,1791356368.3688521,1791356368.3688521,0.0,1791356367.3848634,1791356368.3848653,1791356368.381594,1791356368.3848653,1791356368.385594,1791356368.3888571,1791356367.3848634,1791356368.3848653,1791356367.368863,1791356368.3888571,1791356332.168852,GAZEBO_CLOCK_SYSTEM_INTERPOLATION,MAPPED_EXACT,0,36.2,1791356368.3688521,0.002438068389892578,0.0,RGB,0.0,0,1,0,UNCALIBRATED,PREPARATION,UNKNOWN,STRAIGHT,0.0,0,0.0,nan,nan,nan,nan,False,0.0,0.0,0.0,0.0,0,0,0,0,0,0.0,0.0,0.0,0.0,0.0,0.0,0.0,0.0,0.0,0.0,0.0,0.0,0.0,0.0,0.0,0.0,0.0,0.0,0.0,0.0,0.0,0.0,0.0,0.0,0.0,0.0,0.0,0.0,False,DISABLED,0,nan,nan,nan,nan,nan,nan,nan,nan,nan,nan,nan,nan,nan,nan,nan,nan,nan,nan,nan,nan,nan,nan,nan,nan,nan,nan,nan,nan,nan,nan,nan,nan,nan,nan,nan,nan,nan,nan,nan,nan,33.350750507216034,13.631381702552648,0.04915068329475213,nan,nan,nan,nan,nan,0.02616143226623535,False,DISABLED,none,MODEL_ORIGIN_FRAME_NOT_ESTABLISHED,nan,nan,nan,nan,nan,nan,nan,nan,nan,nan,nan,nan,nan,NOT_EVALUATED,nan,nan,nan,nan,DISABLED,nan,nan,nan,nan,nan,nan
1791356368.420855,1791356368.4390872,1791356368.4421337,1791356368.4421337,front_rgbd_red_sphere,False,False,True,DEPTH_RATIO_LOW,36.252,36.252,1791356368.4390872,1791356368.4370196,1791356368.420855,1791356368.420855,1791356368.420855,0.0,1791356367.4088557,1791356368.4248574,1791356368.421594,1791356368.4248574,1791356368.4255939,1791356368.428848,1791356367.4088557,1791356368.4248574,1791356367.4088557,1791356368.428848,1791356332.168855,GAZEBO_CLOCK_SYSTEM_INTERPOLATION,MAPPED_EXACT,0,36.252,1791356368.420855,0.0027463436126708984,0.0,RGB,0.0,0,1,0,UNCALIBRATED,PREPARATION,UNKNOWN,STRAIGHT,0.0,0,0.0,nan,nan,nan,nan,False,0.0,0.0,0.0,0.0,0,0,0,0,0,0.0,0.0,0.0,0.0,0.0,0.0,0.0,0.0,0.0,0.0,0.0,0.0,0.0,0.0,0.0,0.0,0.0,0.0,0.0,0.0,0.0,0.0,0.0,0.0,0.0,0.0,0.0,0.0,False,DISABLED,0,nan,nan,nan,nan,nan,nan,nan,nan,nan,nan,nan,nan,nan,nan,nan,nan,nan,nan,nan,nan,nan,nan,nan,nan,nan,nan,nan,nan,nan,nan,nan,nan,nan,nan,nan,nan,nan,nan,nan,nan,33.51420274080525,13.502435933330485,0.06055116078346697,nan,nan,nan,nan,nan,0.018232107162475586,False,DISABLED,none,MODEL_ORIGIN_FRAME_NOT_ESTABLISHED,nan,nan,nan,nan,nan,nan,nan,nan,nan,nan,nan,nan,nan,NOT_EVALUATED,nan,nan,nan,nan,DISABLED,nan,nan,nan,nan,nan,nan
1791356368.4688544,1791356368.4936569,1791356368.4971697,1791356368.4971697,front_rgbd_red_sphere,False,False,True,DEPTH_RATIO_LOW,36.3,36.3,1791356368.4936569,1791356368.4917822,1791356368.4688544,1791356368.4688544,1791356368.4688544,0.0,1791356367.4688535,1791356368.4888616,1791356368.485594,1791356368.4888616,1791356368.485594,1791356368.4888616,1791356367.4648595,1791356368.4888616,1791356367.4688535,1791356368.4888616,1791356332.1688545,GAZEBO_CLOCK_SYSTEM_INTERPOLATION,MAPPED_EXACT,0,36.3,1791356368.4688544,0.0020852088928222656,0.0,RGB,0.0,0,1,0,UNCALIBRATED,PREPARATION,UNKNOWN,STRAIGHT,0.0,0,0.0,nan,nan,nan,nan,False,0.0,0.0,0.0,0.0,0,0,0,0,0,0.0,0.0,0.0,0.0,0.0,0.0,0.0,0.0,0.0,0.0,0.0,0.0,0.0,0.0,0.0,0.0,0.0,0.0,0.0,0.0,0.0,0.0,0.0,0.0,0.0,0.0,0.0,0.0,False,DISABLED,0,nan,nan,nan,nan,nan,nan,nan,nan,nan,nan,nan,nan,nan,nan,nan,nan,nan,nan,nan,nan,nan,nan,nan,nan,nan,nan,nan,nan,nan,nan,nan,nan,nan,nan,nan,nan,nan,nan,nan,nan,33.66450235704456,13.383140547650044,0.07070003310873464,nan,nan,nan,nan,nan,0.024802446365356445,False,DISABLED,none,MODEL_ORIGIN_FRAME_NOT_ESTABLISHED,nan,nan,nan,nan,nan,nan,nan,nan,nan,nan,nan,nan,nan,NOT_EVALUATED,nan,nan,nan,nan,DISABLED,nan,nan,nan,nan,nan,nan
1791356368.5208602,1791356368.5448422,1791356368.5471365,1791356368.5471365,front_rgbd_red_sphere,False,False,True,DEPTH_RATIO_LOW,36.352,36.352,1791356368.5448422,1791356368.541956,1791356368.5208602,1791356368.5208602,1791356368.5208602,0.0,1791356367.508851,1791356368.5288565,1791356368.525594,1791356368.5288565,1791356368.525594,1791356368.5288565,1791356367.5048537,1791356368.5288565,1791356367.508851,1791356368.5288565,1791356332.1688602,GAZEBO_CLOCK_SYSTEM_INTERPOLATION,MAPPED_EXACT,0,36.352,1791356368.5208602,0.004286766052246094,0.0,RGB,0.0,0,1,0,UNCALIBRATED,PREPARATION,UNKNOWN,STRAIGHT,0.0,0,0.0,nan,nan,nan,nan,False,0.0,0.0,0.0,0.0,0,0,0,0,0,0.0,0.0,0.0,0.0,0.0,0.0,0.0,0.0,0.0,0.0,0.0,0.0,0.0,0.0,0.0,0.0,0.0,0.0,0.0,0.0,0.0,0.0,0.0,0.0,0.0,0.0,0.0,0.0,False,DISABLED,0,nan,nan,nan,nan,nan,nan,nan,nan,nan,nan,nan,nan,nan,nan,nan,nan,nan,nan,nan,nan,nan,nan,nan,nan,nan,nan,nan,nan,nan,nan,nan,nan,nan,nan,nan,nan,nan,nan,nan,nan,33.826773032614526,13.253581508984922,0.08123116151138943,nan,nan,nan,nan,nan,0.02398204803466797,False,DISABLED,none,MODEL_ORIGIN_FRAME_NOT_ESTABLISHED,nan,nan,nan,nan,nan,nan,nan,nan,nan,nan,nan,nan,nan,NOT_EVALUATED,nan,nan,nan,nan,DISABLED,nan,nan,nan,nan,nan,nan
1791356368.5688512,1791356368.6007745,1791356368.605127,1791356368.605127,front_rgbd_red_sphere,False,False,True,DEPTH_RATIO_LOW,36.4,36.4,1791356368.59359,1791356368.6007745,1791356368.5688512,1791356368.5688512,1791356368.5688512,0.0,1791356367.5688617,1791356368.5848584,1791356368.581594,1791356368.5848584,1791356368.585594,1791356368.5888588,1791356367.5688617,1791356368.5848584,1791356367.5688617,1791356368.5888588,1791356332.1688511,GAZEBO_CLOCK_SYSTEM_INTERPOLATION,MAPPED_EXACT,0,36.4,1791356368.5688512,0.004544973373413086,0.0,RGB,0.0,0,1,0,UNCALIBRATED,PREPARATION,UNKNOWN,STRAIGHT,0.0,0,0.0,nan,nan,nan,nan,False,0.0,0.0,0.0,0.0,0,0,0,0,0,0.0,0.0,0.0,0.0,0.0,0.0,0.0,0.0,0.0,0.0,0.0,0.0,0.0,0.0,0.0,0.0,0.0,0.0,0.0,0.0,0.0,0.0,0.0,0.0,0.0,0.0,0.0,0.0,False,DISABLED,0,nan,nan,nan,nan,nan,nan,nan,nan,nan,nan,nan,nan,nan,nan,nan,nan,nan,nan,nan,nan,nan,nan,nan,nan,nan,nan,nan,nan,nan,nan,nan,nan,nan,nan,nan,nan,nan,nan,nan,nan,33.976571672568866,13.133282577274333,0.09049439851236162,nan,nan,nan,nan,nan,0.03192329406738281,False,DISABLED,none,MODEL_ORIGIN_FRAME_NOT_ESTABLISHED,nan,nan,nan,nan,nan,nan,nan,nan,nan,nan,nan,nan,nan,NOT_EVALUATED,nan,nan,nan,nan,DISABLED,nan,nan,nan,nan,nan,nan
1791356368.6208587,1791356368.6475499,1791356368.6504204,1791356368.6504204,front_rgbd_red_sphere,False,False,True,DEPTH_RATIO_LOW,36.452,36.452,1791356368.6475499,1791356368.6450405,1791356368.6208587,1791356368.6208587,1791356368.6208587,0.0,1791356367.628845,1791356368.624863,1791356368.621594,1791356368.624863,1791356368.625594,1791356368.6288636,1791356367.6248522,1791356368.624863,1791356367.628845,1791356368.6288636,1791356332.1688588,GAZEBO_CLOCK_SYSTEM_INTERPOLATION,MAPPED_EXACT,0,36.452,1791356368.6208587,0.0031256675720214844,0.0,RGB,0.0,0,1,0,UNCALIBRATED,PREPARATION,UNKNOWN,STRAIGHT,0.0,0,0.0,nan,nan,nan,nan,False,0.0,0.0,0.0,0.0,0,0,0,0,0,0.0,0.0,0.0,0.0,0.0,0.0,0.0,0.0,0.0,0.0,0.0,0.0,0.0,0.0,0.0,0.0,0.0,0.0,0.0,0.0,0.0,0.0,0.0,0.0,0.0,0.0,0.0,0.0,False,DISABLED,0,nan,nan,nan,nan,nan,nan,nan,nan,nan,nan,nan,nan,nan,nan,nan,nan,nan,nan,nan,nan,nan,nan,nan,nan,nan,nan,nan,nan,nan,nan,nan,nan,nan,nan,nan,nan,nan,nan,nan,nan,34.138463363049134,13.002531899016724,0.09994673295413109,nan,nan,nan,nan,nan,0.026691198348999023,False,DISABLED,none,MODEL_ORIGIN_FRAME_NOT_ESTABLISHED,nan,nan,nan,nan,nan,nan,nan,nan,nan,nan,nan,nan,nan,NOT_EVALUATED,nan,nan,nan,nan,DISABLED,nan,nan,nan,nan,nan,nan
1791356368.66886,1791356368.6925077,1791356368.6968343,1791356368.6968343,front_rgbd_red_sphere,False,False,True,DEPTH_RATIO_LOW,36.5,36.5,1791356368.6925077,1791356368.690282,1791356368.66886,1791356368.66886,1791356368.66886,0.0,1791356367.6688545,1791356368.6888602,1791356368.6855938,1791356368.6888602,1791356368.6855938,1791356368.6888602,1791356367.664861,1791356368.6888602,1791356367.6688545,1791356368.6888602,1791356332.16886,GAZEBO_CLOCK_SYSTEM_INTERPOLATION,MAPPED_EXACT,0,36.5,1791356368.66886,0.0016226768493652344,0.0,RGB,0.0,0,1,0,UNCALIBRATED,PREPARATION,UNKNOWN,STRAIGHT,0.0,0,0.0,nan,nan,nan,nan,False,0.0,0.0,0.0,0.0,0,0,0,0,0,0.0,0.0,0.0,0.0,0.0,0.0,0.0,0.0,0.0,0.0,0.0,0.0,0.0,0.0,0.0,0.0,0.0,0.0,0.0,0.0,0.0,0.0,0.0,0.0,0.0,0.0,0.0,0.0,False,DISABLED,0,nan,nan,nan,nan,nan,nan,nan,nan,nan,nan,nan,nan,nan,nan,nan,nan,nan,nan,nan,nan,nan,nan,nan,nan,nan,nan,nan,nan,nan,nan,nan,nan,nan,nan,nan,nan,nan,nan,nan,nan,34.28752867218621,12.881467014602343,0.10807704102670765,nan,nan,nan,nan,nan,0.023647785186767578,False,DISABLED,none,MODEL_ORIGIN_FRAME_NOT_ESTABLISHED,nan,nan,nan,nan,nan,nan,nan,nan,nan,nan,nan,nan,nan,NOT_EVALUATED,nan,nan,nan,nan,DISABLED,nan,nan,nan,nan,nan,nan
1791356368.7208552,1791356368.7561092,1791356368.7658622,1791356368.7658622,front_rgbd_red_sphere,False,False,True,DEPTH_RATIO_LOW,36.552,36.552,1791356368.751653,1791356368.7561092,1791356368.7208552,1791356368.7208552,1791356368.7208552,0.0,1791356367.7488558,1791356368.7448688,1791356368.7415938,1791356368.7448688,1791356368.745594,1791356368.7488644,1791356367.744855,1791356368.7448688,1791356367.7488558,1791356368.7488644,1791356332.1688552,GAZEBO_CLOCK_SYSTEM_INTERPOLATION,MAPPED_EXACT,0,36.552,1791356368.7208552,0.006924629211425781,0.0,RGB,0.0,0,1,0,UNCALIBRATED,PREPARATION,UNKNOWN,STRAIGHT,0.0,0,0.0,nan,nan,nan,nan,False,0.0,0.0,0.0,0.0,0,0,0,0,0,0.0,0.0,0.0,0.0,0.0,0.0,0.0,0.0,0.0,0.0,0.0,0.0,0.0,0.0,0.0,0.0,0.0,0.0,0.0,0.0,0.0,0.0,0.0,0.0,0.0,0.0,0.0,0.0,False,DISABLED,0,nan,nan,nan,nan,nan,nan,nan,nan,nan,nan,nan,nan,nan,nan,nan,nan,nan,nan,nan,nan,nan,nan,nan,nan,nan,nan,nan,nan,nan,nan,nan,nan,nan,nan,nan,nan,nan,nan,nan,nan,34.448450698989454,12.750061118497994,0.11618144527451203,nan,nan,nan,nan,nan,0.03525400161743164,False,DISABLED,none,MODEL_ORIGIN_FRAME_NOT_ESTABLISHED,nan,nan,nan,nan,nan,nan,nan,nan,nan,nan,nan,nan,nan,NOT_EVALUATED,nan,nan,nan,nan,DISABLED,nan,nan,nan,nan,nan,nan
1791356368.7688725,1791356368.7979767,1791356368.8005123,1791356368.8005123,front_rgbd_red_sphere,False,False,True,DEPTH_RATIO_LOW,36.6,36.6,1791356368.7979767,1791356368.7956696,1791356368.7688725,1791356368.7688725,1791356368.7688725,0.0,1791356367.7688458,1791356368.7848563,1791356368.781594,1791356368.7848563,1791356368.785594,1791356368.788865,1791356367.7688458,1791356368.7848563,1791356367.7688458,1791356368.788865,1791356332.1688726,GAZEBO_CLOCK_SYSTEM_INTERPOLATION,MAPPED_EXACT,0,36.6,1791356368.7688725,0.0013532638549804688,0.0,RGB,0.0,0,1,0,UNCALIBRATED,PREPARATION,UNKNOWN,STRAIGHT,0.0,0,0.0,nan,nan,nan,nan,False,0.0,0.0,0.0,0.0,0,0,0,0,0,0.0,0.0,0.0,0.0,0.0,0.0,0.0,0.0,0.0,0.0,0.0,0.0,0.0,0.0,0.0,0.0,0.0,0.0,0.0,0.0,0.0,0.0,0.0,0.0,0.0,0.0,0.0,0.0,False,DISABLED,0,nan,nan,nan,nan,nan,nan,nan,nan,nan,nan,nan,nan,nan,nan,nan,nan,nan,nan,nan,nan,nan,nan,nan,nan,nan,nan,nan,nan,nan,nan,nan,nan,nan,nan,nan,nan,nan,nan,nan,nan,34.59701483827122,12.628098407576942,0.12299185461814074,nan,nan,nan,nan,nan,0.029104232788085938,False,DISABLED,none,MODEL_ORIGIN_FRAME_NOT_ESTABLISHED,nan,nan,nan,nan,nan,nan,nan,nan,nan,nan,nan,nan,nan,NOT_EVALUATED,nan,nan,nan,nan,DISABLED,nan,nan,nan,nan,nan,nan
1791356368.8208537,1791356368.842007,1791356368.8451045,1791356368.8451045,front_rgbd_red_sphere,False,False,True,DEPTH_RATIO_LOW,36.652,36.652,1791356368.842007,1791356368.83981,1791356368.8208537,1791356368.8208537,1791356368.8208537,0.0,1791356367.8288536,1791356368.8248534,1791356368.821594,1791356368.8248534,1791356368.825594,1791356368.8288598,1791356367.8088624,1791356368.8248534,1791356367.8288536,1791356368.8288598,1791356332.1688538,GAZEBO_CLOCK_SYSTEM_INTERPOLATION,MAPPED_EXACT,0,36.652,1791356368.8208537,0.0017673969268798828,0.0,RGB,0.0,0,1,0,UNCALIBRATED,PREPARATION,UNKNOWN,STRAIGHT,0.0,0,0.0,nan,nan,nan,nan,False,0.0,0.0,0.0,0.0,0,0,0,0,0,0.0,0.0,0.0,0.0,0.0,0.0,0.0,0.0,0.0,0.0,0.0,0.0,0.0,0.0,0.0,0.0,0.0,0.0,0.0,0.0,0.0,0.0,0.0,0.0,0.0,0.0,0.0,0.0,False,DISABLED,0,nan,nan,nan,nan,nan,nan,nan,nan,nan,nan,nan,nan,nan,nan,nan,nan,nan,nan,nan,nan,nan,nan,nan,nan,nan,nan,nan,nan,nan,nan,nan,nan,nan,nan,nan,nan,nan,nan,nan,nan,34.757628500021745,12.495554447959526,0.12957981732258575,nan,nan,nan,nan,nan,0.02115321159362793,False,DISABLED,none,MODEL_ORIGIN_FRAME_NOT_ESTABLISHED,nan,nan,nan,nan,nan,nan,nan,nan,nan,nan,nan,nan,nan,NOT_EVALUATED,nan,nan,nan,nan,DISABLED,nan,nan,nan,nan,nan,nan
1791356368.8688676,1791356368.8926826,1791356368.899622,1791356368.899622,front_rgbd_red_sphere,False,False,True,DEPTH_RATIO_LOW,36.7,36.7,1791356368.8926826,1791356368.8908412,1791356368.8688676,1791356368.8688676,1791356368.8688676,0.0,1791356367.8888566,1791356368.8888583,1791356368.885594,1791356368.8888583,1791356368.885594,1791356368.8888583,1791356367.8888566,1791356368.8888583,1791356367.8888566,1791356368.8888583,1791356332.1688676,GAZEBO_CLOCK_SYSTEM_INTERPOLATION,MAPPED_EXACT,0,36.7,1791356368.8688676,0.0031540393829345703,0.0,RGB,0.0,0,1,0,UNCALIBRATED,PREPARATION,UNKNOWN,STRAIGHT,0.0,0,0.0,nan,nan,nan,nan,False,0.0,0.0,0.0,0.0,0,0,0,0,0,0.0,0.0,0.0,0.0,0.0,0.0,0.0,0.0,0.0,0.0,0.0,0.0,0.0,0.0,0.0,0.0,0.0,0.0,0.0,0.0,0.0,0.0,0.0,0.0,0.0,0.0,0.0,0.0,False,DISABLED,0,nan,nan,nan,nan,nan,nan,nan,nan,nan,nan,nan,nan,nan,nan,nan,nan,nan,nan,nan,nan,nan,nan,nan,nan,nan,nan,nan,nan,nan,nan,nan,nan,nan,nan,nan,nan,nan,nan,nan,nan,34.90543653976917,12.372951186813157,0.13488527671183462,nan,nan,nan,nan,nan,0.023814916610717773,False,DISABLED,none,MODEL_ORIGIN_FRAME_NOT_ESTABLISHED,nan,nan,nan,nan,nan,nan,nan,nan,nan,nan,nan,nan,nan,NOT_EVALUATED,nan,nan,nan,nan,DISABLED,nan,nan,nan,nan,nan,nan
1791356368.9208484,1791356368.9470444,1791356368.9502094,1791356368.9502094,front_rgbd_red_sphere,False,False,True,DEPTH_RATIO_LOW,36.752,36.752,1791356368.9470444,1791356368.9452503,1791356368.9208484,1791356368.9208484,1791356368.9208484,0.0,1791356367.9088528,1791356368.9288495,1791356368.9255939,1791356368.9288495,1791356368.9255939,1791356368.9288495,1791356367.9048603,1791356368.9288495,1791356367.9088528,1791356368.9288495,1791356332.1688483,GAZEBO_CLOCK_SYSTEM_INTERPOLATION,MAPPED_EXACT,0,36.752,1791356368.9208484,0.0025856494903564453,0.0,RGB,0.0,0,1,0,UNCALIBRATED,PREPARATION,UNKNOWN,STRAIGHT,0.0,0,0.0,nan,nan,nan,nan,False,0.0,0.0,0.0,0.0,0,0,0,0,0,0.0,0.0,0.0,0.0,0.0,0.0,0.0,0.0,0.0,0.0,0.0,0.0,0.0,0.0,0.0,0.0,0.0,0.0,0.0,0.0,0.0,0.0,0.0,0.0,0.0,0.0,0.0,0.0,False,DISABLED,0,nan,nan,nan,nan,nan,nan,nan,nan,nan,nan,nan,nan,nan,nan,nan,nan,nan,nan,nan,nan,nan,nan,nan,nan,nan,nan,nan,nan,nan,nan,nan,nan,nan,nan,nan,nan,nan,nan,nan,nan,35.06505960771516,12.23988761280048,0.13976582585004332,nan,nan,nan,nan,nan,0.026196002960205078,False,DISABLED,none,MODEL_ORIGIN_FRAME_NOT_ESTABLISHED,nan,nan,nan,nan,nan,nan,nan,nan,nan,nan,nan,nan,nan,NOT_EVALUATED,nan,nan,nan,nan,DISABLED,nan,nan,nan,nan,nan,nan
1791356368.9688604,1791356368.9897337,1791356368.9922476,1791356368.9922476,front_rgbd_red_sphere,False,False,True,DEPTH_RATIO_LOW,36.8,36.8,1791356368.9897337,1791356368.9861915,1791356368.9688604,1791356368.9688604,1791356368.9688604,0.0,1791356367.9688513,1791356368.9688604,1791356368.9655938,1791356368.9688604,1791356368.9655938,1791356368.9688604,1791356367.9688513,1791356368.9688604,1791356367.9688513,1791356368.9688604,1791356332.1688604,GAZEBO_CLOCK_SYSTEM_INTERPOLATION,MAPPED_EXACT,0,36.8,1791356368.9688604,0.0015876293182373047,0.0,RGB,0.0,0,1,0,UNCALIBRATED,PREPARATION,UNKNOWN,STRAIGHT,0.0,0,0.0,nan,nan,nan,nan,False,0.0,0.0,0.0,0.0,0,0,0,0,0,0.0,0.0,0.0,0.0,0.0,0.0,0.0,0.0,0.0,0.0,0.0,0.0,0.0,0.0,0.0,0.0,0.0,0.0,0.0,0.0,0.0,0.0,0.0,0.0,0.0,0.0,0.0,0.0,False,DISABLED,0,nan,nan,nan,nan,nan,nan,nan,nan,nan,nan,nan,nan,nan,nan,nan,nan,nan,nan,nan,nan,nan,nan,nan,nan,nan,nan,nan,nan,nan,nan,nan,nan,nan,nan,nan,nan,nan,nan,nan,nan,35.21235041829889,12.116500280508362,0.14344839260418898,nan,nan,nan,nan,nan,0.020873308181762695,False,DISABLED,none,MODEL_ORIGIN_FRAME_NOT_ESTABLISHED,nan,nan,nan,nan,nan,nan,nan,nan,nan,nan,nan,nan,nan,NOT_EVALUATED,nan,nan,nan,nan,DISABLED,nan,nan,nan,nan,nan,nan
1791356369.0208497,1791356369.044369,1791356369.0490484,1791356369.0490866,front_rgbd_red_sphere,True,True,True,,36.852,36.852,1791356369.044369,1791356369.042631,1791356369.0208497,1791356369.0208497,1791356369.0208497,0.0,1791356368.0088592,1791356369.024857,1791356369.0215938,1791356369.024857,1791356369.025594,1791356369.028845,1791356368.0088592,1791356369.024857,1791356368.0088592,1791356369.028845,1791356332.1688497,GAZEBO_CLOCK_SYSTEM_INTERPOLATION,MAPPED_EXACT,0,36.852,1791356369.0208497,0.003869295120239258,0.0,RGB,0.0,0,1,0,UNCALIBRATED,PREPARATION,FAR,STRAIGHT,0.8500000238418579,22,0.7727272510528564,27.301713943481445,0.4024221897125244,nan,nan,False,0.0,0.0,0.0,0.0,0,0,0,0,0,0.0,0.0,0.0,0.0,0.0,0.0,0.0,0.0,0.0,0.0,0.0,0.0,0.0,0.0,25.120717081851236,3.077720637377528,10.240153816560632,0.0,0.0,0.0,0.0,0.0,0.0,0.0,0.0,0.0,0.0,0.0,False,DISABLED,0,nan,nan,nan,nan,nan,nan,nan,nan,nan,nan,nan,nan,nan,nan,nan,nan,nan,nan,nan,nan,nan,nan,nan,nan,nan,nan,nan,nan,nan,nan,nan,nan,nan,nan,35.352672464747684,12.043438430117963,0.10574543361671745,0.12462109516999764,0.12462109516999764,0.12462109516999764,35.37151364321819,11.982529020644241,0.14651795915614665,-0.018841178470502484,0.060909409473721254,-0.0407725255394292,0.0637569303573719,0.07567922441105074,0.023519277572631836,False,DISABLED,none,MODEL_ORIGIN_FRAME_NOT_ESTABLISHED,nan,nan,nan,nan,nan,nan,nan,nan,nan,nan,nan,nan,nan,NOT_EVALUATED,nan,nan,nan,nan,DISABLED,nan,nan,nan,nan,nan,nan
1791356369.0688593,1791356369.08954,1791356369.097047,1791356369.097072,front_rgbd_red_sphere,True,True,True,,36.9,36.9,1791356369.08954,1791356369.087972,1791356369.0688593,1791356369.0688593,1791356369.0688593,0.0,1791356368.0888572,1791356369.088861,1791356369.0856059,1791356369.088861,1791356369.0856059,1791356369.088861,1791356368.0888572,1791356369.088861,1791356368.0888572,1791356369.088861,1791356332.1688592,GAZEBO_CLOCK_SYSTEM_INTERPOLATION,MAPPED_EXACT,0,36.9,1791356369.0688593,0.0012254714965820312,0.0,RGB,0.0,0,1,0,UNCALIBRATED,PREPARATION,FAR,STRAIGHT,1.0,25,0.9599999785423279,27.116146087646484,0.398857444524765,nan,nan,False,0.0,0.0,0.0,0.0,0,0,0,0,0,0.0,0.0,0.0,0.0,0.0,0.0,0.0,0.0,0.0,0.0,0.0,0.0,0.0,0.0,24.987672264336098,3.1153700814946816,10.059624337155265,0.0,0.0,0.0,0.0,0.0,0.0,0.0,0.0,0.0,0.0,0.0,False,DISABLED,0,nan,nan,nan,nan,nan,nan,nan,nan,nan,nan,nan,nan,nan,nan,nan,nan,nan,nan,nan,nan,nan,nan,nan,nan,nan,nan,nan,nan,nan,nan,nan,nan,nan,nan,35.50479128102075,11.910617249240055,0.10595959717475628,0.12331436630727922,0.12331436630727922,0.12331436630727922,35.51819229629675,11.858483171662645,0.1484808102159545,-0.013401015276002681,0.052134077577409954,-0.042521213041198214,0.05382888866840051,0.06859739655242042,0.020680665969848633,False,DISABLED,none,MODEL_ORIGIN_FRAME_NOT_ESTABLISHED,nan,nan,nan,nan,nan,nan,nan,nan,nan,nan,nan,nan,nan,NOT_EVALUATED,nan,nan,nan,nan,DISABLED,nan,nan,nan,nan,nan,nan
1791356369.1209066,1791356369.143433,1791356369.1473384,1791356369.147374,front_rgbd_red_sphere,True,True,True,,36.952,36.952,1791356369.143433,1791356369.1412437,1791356369.1209066,1791356369.1209066,1791356369.1209066,0.0,1791356368.108847,1791356369.128858,1791356369.1256058,1791356369.128858,1791356369.1256058,1791356369.128858,1791356368.1048527,1791356369.128858,1791356368.108847,1791356369.128858,1791356332.1689067,GAZEBO_CLOCK_SYSTEM_INTERPOLATION,MAPPED_EXACT,0,36.952,1791356369.1209066,0.002847433090209961,0.0,RGB,0.0,0,1,0,UNCALIBRATED,PREPARATION,FAR,STRAIGHT,1.0,26,1.0,26.906858444213867,0.39553481340408325,nan,nan,False,0.0,0.0,0.0,0.0,0,0,0,0,0,0.0,0.0,0.0,0.0,0.0,0.0,0.0,0.0,0.0,0.0,0.0,0.0,0.0,0.0,24.829396838552256,3.1384768694902583,9.880791932850368,0.0,0.0,0.0,0.0,0.0,0.0,0.0,0.0,0.0,0.0,0.0,False,DISABLED,0,nan,nan,nan,nan,nan,nan,nan,nan,nan,nan,nan,nan,nan,nan,nan,nan,nan,nan,nan,nan,nan,nan,nan,nan,nan,nan,nan,nan,nan,nan,nan,nan,nan,nan,35.65744746278156,11.776254966402583,0.10594447029920945,0.12184887694411366,0.12184887694411366,0.12184887694411366,35.6768364694692,11.72370332648324,0.14965902340719084,-0.01938900668763921,0.05255163991934175,-0.04371455310798139,0.056014359217485224,0.07105329402621667,0.02252650260925293,False,DISABLED,none,MODEL_ORIGIN_FRAME_NOT_ESTABLISHED,nan,nan,nan,nan,nan,nan,nan,nan,nan,nan,nan,nan,nan,NOT_EVALUATED,nan,nan,nan,nan,DISABLED,nan,nan,nan,nan,nan,nan
1791356369.1688657,1791356369.1997185,1791356369.2085705,1791356369.2086134,front_rgbd_red_sphere,True,True,True,,37.0,37.0,1791356369.1997185,1791356369.1974337,1791356369.1688657,1791356369.1688657,1791356369.1688657,0.0,1791356368.1688628,1791356369.184864,1791356369.1816058,1791356369.184864,1791356369.185606,1791356369.1888561,1791356368.1688628,1791356369.184864,1791356368.1688628,1791356369.1888561,1791356332.1688657,GAZEBO_CLOCK_SYSTEM_INTERPOLATION,MAPPED_EXACT,0,37.0,1791356369.1688657,0.003525972366333008,0.0,RGB,0.0,0,1,0,UNCALIBRATED,PREPARATION,FAR,STRAIGHT,1.0,25,1.0,26.723434448242188,0.39404457807540894,nan,nan,False,0.0,0.0,0.0,0.0,0,0,0,0,0,0.0,0.0,0.0,0.0,0.0,0.0,0.0,0.0,0.0,0.0,0.0,0.0,0.0,0.0,24.67545190997311,3.169413664330751,9.758013989763592,0.0,0.0,0.0,0.0,0.0,0.0,0.0,0.0,0.0,0.0,0.0,False,DISABLED,0,nan,nan,nan,nan,nan,nan,nan,nan,nan,nan,nan,nan,nan,nan,nan,nan,nan,nan,nan,nan,nan,nan,nan,nan,nan,nan,nan,nan,nan,nan,nan,nan,nan,nan,35.810906937530106,11.641064128483752,0.10265685305541089,0.12057168976100432,0.12057168976100432,0.12057168976100432,35.82273815162024,11.599187489394682,0.1498550505229182,-0.011831214090136655,0.04187663908906991,-0.04719819746750731,0.04351586524754927,0.06419735487093435,0.030852794647216797,False,DISABLED,none,MODEL_ORIGIN_FRAME_NOT_ESTABLISHED,nan,nan,nan,nan,nan,nan,nan,nan,nan,nan,nan,nan,nan,NOT_EVALUATED,nan,nan,nan,nan,DISABLED,nan,nan,nan,nan,nan,nan
1791356369.2210665,1791356369.245258,1791356369.251745,1791356369.2518198,front_rgbd_red_sphere,True,True,True,,37.052,37.052,1791356369.245258,1791356369.2443688,1791356369.2210665,1791356369.2210665,1791356369.2210665,0.0,1791356368.2088706,1791356369.224855,1791356369.221606,1791356369.224855,1791356369.225606,1791356369.2288468,1791356368.2088706,1791356369.224855,1791356368.2088706,1791356369.2288468,1791356332.1690664,GAZEBO_CLOCK_SYSTEM_INTERPOLATION,MAPPED_EXACT,0,37.052,1791356369.2210665,0.0008478164672851562,0.0,RGB,0.0,0,1,0,UNCALIBRATED,PREPARATION,FAR,STRAIGHT,1.0,25,1.0,26.51498794555664,0.3958187401294708,nan,nan,False,0.0,0.0,0.0,0.0,0,0,0,0,0,0.0,0.0,0.0,0.0,0.0,0.0,0.0,0.0,0.0,0.0,0.0,0.0,0.0,0.0,24.46488146940327,3.1801230493632957,9.716018370783301,0.0,0.0,0.0,0.0,0.0,0.0,0.0,0.0,0.0,0.0,0.0,False,DISABLED,0,nan,nan,nan,nan,nan,nan,nan,nan,nan,nan,nan,nan,nan,nan,nan,nan,nan,nan,nan,nan,nan,nan,nan,nan,nan,nan,nan,nan,nan,nan,nan,nan,nan,nan,35.96605036267361,11.50453338541551,0.09952098789457958,0.11912844386364979,0.11912844386364979,0.11912844386364979,35.98122590256887,11.463336104623828,0.14910830456283275,-0.015175539895260215,0.041197280791681834,-0.04958731666825317,0.04390345038537759,0.06623001532612634,0.024191617965698242,False,DISABLED,none,MODEL_ORIGIN_FRAME_NOT_ESTABLISHED,nan,nan,nan,nan,nan,nan,nan,nan,nan,nan,nan,nan,nan,NOT_EVALUATED,nan,nan,nan,nan,DISABLED,nan,nan,nan,nan,nan,nan
1791356369.2688475,1791356369.2960486,1791356369.303565,1791356369.3036082,front_rgbd_red_sphere,True,True,True,,37.1,37.1,1791356369.2960486,1791356369.2930865,1791356369.2688475,1791356369.2688475,1791356369.2688475,0.0,1791356368.2688558,1791356369.288854,1791356369.285606,1791356369.288854,1791356369.285606,1791356369.288854,1791356368.264852,1791356369.288854,1791356368.2688558,1791356369.288854,1791356332.1688476,GAZEBO_CLOCK_SYSTEM_INTERPOLATION,MAPPED_EXACT,0,37.1,1791356369.2688475,0.0034914016723632812,0.0,RGB,0.0,0,1,0,UNCALIBRATED,PREPARATION,FAR,STRAIGHT,1.0,26,1.0,26.331838607788086,0.40027496218681335,nan,nan,False,0.0,0.0,0.0,0.0,0,0,0,0,0,0.0,0.0,0.0,0.0,0.0,0.0,0.0,0.0,0.0,0.0,0.0,0.0,0.0,0.0,24.25040926785086,3.195702004630565,9.750429255006276,0.0,0.0,0.0,0.0,0.0,0.0,0.0,0.0,0.0,0.0,0.0,False,DISABLED,0,nan,nan,nan,nan,nan,nan,nan,nan,nan,nan,nan,nan,nan,nan,nan,nan,nan,nan,nan,nan,nan,nan,nan,nan,nan,nan,nan,nan,nan,nan,nan,nan,nan,nan,36.11894388680018,11.368647752035857,0.094621326572284,0.11786751515147219,0.11786751515147219,0.11786751515147219,36.126040774117335,11.338665263504828,0.1475412943484119,-0.007096887317153744,0.02998248853102936,-0.052919967776127896,0.030810962790956156,0.061235924240041484,0.027201175689697266,False,DISABLED,none,MODEL_ORIGIN_FRAME_NOT_ESTABLISHED,nan,nan,nan,nan,nan,nan,nan,nan,nan,nan,nan,nan,nan,NOT_EVALUATED,nan,nan,nan,nan,DISABLED,nan,nan,nan,nan,nan,nan
1791356369.3208573,1791356369.3412871,1791356369.3457518,1791356369.345773,front_rgbd_red_sphere,True,True,True,,37.152,37.152,1791356369.3412871,1791356369.3396149,1791356369.3208573,1791356369.3208573,1791356369.3208573,0.0,1791356368.3088536,1791356369.3288493,1791356369.3256059,1791356369.3288493,1791356369.3256059,1791356369.3288493,1791356368.3048825,1791356369.3288493,1791356368.3088536,1791356369.3288493,1791356332.1688573,GAZEBO_CLOCK_SYSTEM_INTERPOLATION,MAPPED_EXACT,0,37.152,1791356369.3208573,0.0008168220520019531,0.0,RGB,0.0,0,1,0,UNCALIBRATED,PREPARATION,FAR,STRAIGHT,1.0,25,1.0,26.124616622924805,0.40524861216545105,nan,nan,False,0.0,0.0,0.0,0.0,0,0,0,0,0,0.0,0.0,0.0,0.0,0.0,0.0,0.0,0.0,0.0,0.0,0.0,0.0,0.0,0.0,24.0086380386826,3.190566358490152,9.79291499683472,0.0,0.0,0.0,0.0,0.0,0.0,0.0,0.0,0.0,0.0,0.0,False,DISABLED,0,nan,nan,nan,nan,nan,nan,nan,nan,nan,nan,nan,nan,nan,nan,nan,nan,nan,nan,nan,nan,nan,nan,nan,nan,nan,nan,nan,nan,nan,nan,nan,nan,nan,nan,36.272619242172475,11.233082778548715,0.09180656918000102,0.11644894656713231,0.11644894656713231,0.11644894656713231,36.2835017774656,11.20253843942606,0.14489579798173272,-0.01088253529312766,0.030544339122654307,-0.0530892288017317,0.03242508638147136,0.062208138065758714,0.02042984962463379,False,DISABLED,none,MODEL_ORIGIN_FRAME_NOT_ESTABLISHED,nan,nan,nan,nan,nan,nan,nan,nan,nan,nan,nan,nan,nan,NOT_EVALUATED,nan,nan,nan,nan,DISABLED,nan,nan,nan,nan,nan,nan
1791356369.3688505,1791356369.3896382,1791356369.4006793,1791356369.4007165,front_rgbd_red_sphere,True,True,True,,37.2,37.2,1791356369.3896382,1791356369.3877468,1791356369.3688505,1791356369.3688505,1791356369.3688505,0.0,1791356368.3888571,1791356369.3848553,1791356369.3816059,1791356369.3848553,1791356369.3856058,1791356369.3891954,1791356368.3688521,1791356369.3848553,1791356368.3888571,1791356369.3891954,1791356332.1688504,GAZEBO_CLOCK_SYSTEM_INTERPOLATION,MAPPED_EXACT,0,37.2,1791356369.3688505,0.0029647350311279297,0.0,RGB,0.0,0,1,0,UNCALIBRATED,PREPARATION,FAR,STRAIGHT,1.0,28,1.0,25.943004608154297,0.4091864824295044,nan,nan,False,0.0,0.0,0.0,0.0,0,0,0,0,0,0.0,0.0,0.0,0.0,0.0,0.0,0.0,0.0,0.0,0.0,0.0,0.0,0.0,0.0,23.801273867923893,3.1948027798706953,9.814889334689154,0.0,0.0,0.0,0.0,0.0,0.0,0.0,0.0,0.0,0.0,0.0,False,DISABLED,0,nan,nan,nan,nan,nan,nan,nan,nan,nan,nan,nan,nan,nan,nan,nan,nan,nan,nan,nan,nan,nan,nan,nan,nan,nan,nan,nan,nan,nan,nan,nan,nan,nan,nan,36.42533424943754,11.098002335823459,0.0901196084077141,0.11521275187729632,0.11521275187729632,0.11521275187729632,36.42839637860245,11.076752676744807,0.1415937954786347,-0.003062129164909777,0.021249659078652172,-0.05147418707092061,0.021469155688604424,0.05577200534850496,0.020787715911865234,False,DISABLED,none,MODEL_ORIGIN_FRAME_NOT_ESTABLISHED,nan,nan,nan,nan,nan,nan,nan,nan,nan,nan,nan,nan,nan,NOT_EVALUATED,nan,nan,nan,nan,DISABLED,nan,nan,nan,nan,nan,nan
1791356369.420857,1791356369.4439669,1791356369.4479914,1791356369.4480247,front_rgbd_red_sphere,True,True,True,,37.252,37.252,1791356369.4439669,1791356369.4427006,1791356369.420857,1791356369.420857,1791356369.420857,0.0,1791356368.428848,1791356369.4248786,1791356369.4216058,1791356369.4248786,1791356369.425606,1791356369.4288583,1791356368.4248574,1791356369.4248786,1791356368.428848,1791356369.4288583,1791356332.1688569,GAZEBO_CLOCK_SYSTEM_INTERPOLATION,MAPPED_EXACT,0,37.252,1791356369.420857,0.003396272659301758,0.0,RGB,0.0,0,1,0,UNCALIBRATED,PREPARATION,FAR,STRAIGHT,1.0,28,1.0,25.736955642700195,0.4117783010005951,nan,nan,False,0.0,0.0,0.0,0.0,0,0,0,0,0,0.0,0.0,0.0,0.0,0.0,0.0,0.0,0.0,0.0,0.0,0.0,0.0,0.0,0.0,23.58561744131835,3.1829656352575455,9.796850909180725,0.0,0.0,0.0,0.0,0.0,0.0,0.0,0.0,0.0,0.0,0.0,False,DISABLED,0,nan,nan,nan,nan,nan,nan,nan,nan,nan,nan,nan,nan,nan,nan,nan,nan,nan,nan,nan,nan,nan,nan,nan,nan,nan,nan,nan,nan,nan,nan,nan,nan,nan,nan,36.57729207831132,10.962253520843912,0.08632960286983332,0.11381822052768541,0.11381822052768541,0.11381822052768541,36.58522865284084,10.940054993805933,0.1371125212452375,-0.007936574529523455,0.022198527037978977,-0.05078291837540419,0.023574643537465505,0.055988111386628577,0.023109912872314453,False,DISABLED,none,MODEL_ORIGIN_FRAME_NOT_ESTABLISHED,nan,nan,nan,nan,nan,nan,nan,nan,nan,nan,nan,nan,nan,NOT_EVALUATED,nan,nan,nan,nan,DISABLED,nan,nan,nan,nan,nan,nan
1791356369.4688559,1791356369.4983523,1791356369.5064178,1791356369.5064611,front_rgbd_red_sphere,True,True,True,,37.3,37.3,1791356369.4983523,1791356369.4967883,1791356369.4688559,1791356369.4688559,1791356369.4688559,0.0,1791356368.4688544,1791356369.4888575,1791356369.485606,1791356369.4888575,1791356369.485606,1791356369.4888575,1791356368.464856,1791356369.4888575,1791356368.4688544,1791356369.4888575,1791356332.168856,GAZEBO_CLOCK_SYSTEM_INTERPOLATION,MAPPED_EXACT,0,37.3,1791356369.4688559,0.00185394287109375,0.0,RGB,0.0,0,1,0,UNCALIBRATED,PREPARATION,FAR,STRAIGHT,1.0,29,1.0,25.555572509765625,0.4131178557872772,nan,nan,False,0.0,0.0,0.0,0.0,0,0,0,0,0,0.0,0.0,0.0,0.0,0.0,0.0,0.0,0.0,0.0,0.0,0.0,0.0,0.0,0.0,23.405673170963894,3.1848483509025662,9.752871079316845,0.0,0.0,0.0,0.0,0.0,0.0,0.0,0.0,0.0,0.0,0.0,False,DISABLED,0,nan,nan,nan,nan,nan,nan,nan,nan,nan,nan,nan,nan,nan,nan,nan,nan,nan,nan,nan,nan,nan,nan,nan,nan,nan,nan,nan,nan,nan,nan,nan,nan,nan,nan,36.72772909876421,10.827210691562144,0.0820844109814392,0.11259764511747376,0.11259764511747376,0.11259764511747376,36.72974841490134,10.813585030600699,0.1321581623699348,-0.0020193161371295787,0.013625660961444908,-0.050073751388495596,0.013774479093523488,0.051933773716289676,0.029496431350708008,False,DISABLED,none,MODEL_ORIGIN_FRAME_NOT_ESTABLISHED,nan,nan,nan,nan,nan,nan,nan,nan,nan,nan,nan,nan,nan,NOT_EVALUATED,nan,nan,nan,nan,DISABLED,nan,nan,nan,nan,nan,nan
1791356369.5208561,1791356369.5541227,1791356369.5592294,1791356369.5592575,front_rgbd_red_sphere,True,True,True,,37.352,37.352,1791356369.541508,1791356369.5541227,1791356369.5208561,1791356369.5208561,1791356369.5208561,0.0,1791356368.5288565,1791356369.528868,1791356369.525606,1791356369.528868,1791356369.525606,1791356369.528868,1791356368.5288565,1791356369.528868,1791356368.5288565,1791356369.528868,1791356332.1688561,GAZEBO_CLOCK_SYSTEM_INTERPOLATION,MAPPED_EXACT,0,37.352,1791356369.5208561,0.0021948814392089844,0.0,RGB,0.0,0,1,0,UNCALIBRATED,PREPARATION,FAR,STRAIGHT,1.0,26,1.0,25.35009002685547,0.4131697416305542,nan,nan,False,0.0,0.0,0.0,0.0,0,0,0,0,0,0.0,0.0,0.0,0.0,0.0,0.0,0.0,0.0,0.0,0.0,0.0,0.0,0.0,0.0,23.216948400894996,3.1735190398399915,9.67104487494848,0.0,0.0,0.0,0.0,0.0,0.0,0.0,0.0,0.0,0.0,0.0,False,DISABLED,0,nan,nan,nan,nan,nan,nan,nan,nan,nan,nan,nan,nan,nan,nan,nan,nan,nan,nan,nan,nan,nan,nan,nan,nan,nan,nan,nan,nan,nan,nan,nan,nan,nan,nan,36.8774105857738,10.691941510162742,0.07717399536350117,0.11122284531623444,0.11122284531623444,0.11122284531623444,36.88605236069672,10.676273383312735,0.12594892289896628,-0.008641774922921286,0.015668126850007624,-0.04877492753546511,0.01789330804536604,0.051953479468619175,0.033266544342041016,False,DISABLED,none,MODEL_ORIGIN_FRAME_NOT_ESTABLISHED,nan,nan,nan,nan,nan,nan,nan,nan,nan,nan,nan,nan,nan,NOT_EVALUATED,nan,nan,nan,nan,DISABLED,nan,nan,nan,nan,nan,nan
1791356369.5688465,1791356369.6038716,1791356369.6099331,1791356369.609977,front_rgbd_red_sphere,True,True,True,,37.4,37.4,1791356369.6038716,1791356369.5990767,1791356369.5688465,1791356369.5688465,1791356369.5688465,0.0,1791356368.5888588,1791356369.5848532,1791356369.581606,1791356369.5848532,1791356369.5856059,1791356369.5888638,1791356368.5688512,1791356369.5848532,1791356368.5888588,1791356369.5888638,1791356332.1688464,GAZEBO_CLOCK_SYSTEM_INTERPOLATION,MAPPED_EXACT,0,37.4,1791356369.5688465,0.00345611572265625,0.0,RGB,0.0,0,1,0,UNCALIBRATED,PREPARATION,FAR,STRAIGHT,1.0,29,1.0,25.170063018798828,0.41259831190109253,nan,nan,False,0.0,0.0,0.0,0.0,0,0,0,0,0,0.0,0.0,0.0,0.0,0.0,0.0,0.0,0.0,0.0,0.0,0.0,0.0,0.0,0.0,23.057841689765976,3.177466044208046,9.579754372179169,0.0,0.0,0.0,0.0,0.0,0.0,0.0,0.0,0.0,0.0,0.0,False,DISABLED,0,nan,nan,nan,nan,nan,nan,nan,nan,nan,nan,nan,nan,nan,nan,nan,nan,nan,nan,nan,nan,nan,nan,nan,nan,nan,nan,nan,nan,nan,nan,nan,nan,nan,nan,37.02693777894193,10.556396561846935,0.07133066190509935,0.11002530481381305,0.11002530481381305,0.11002530481381305,37.03007838259548,10.54926248132493,0.11946689510379825,-0.0031406036535486237,0.007134080522003927,-0.048136233198698905,0.007794773646689093,0.04876325914828336,0.03502511978149414,False,DISABLED,none,MODEL_ORIGIN_FRAME_NOT_ESTABLISHED,nan,nan,nan,nan,nan,nan,nan,nan,nan,nan,nan,nan,nan,NOT_EVALUATED,nan,nan,nan,nan,DISABLED,nan,nan,nan,nan,nan,nan
1791356369.6688585,1791356369.689569,1791356369.6974747,1791356369.6975086,front_rgbd_red_sphere,True,True,True,,37.5,37.5,1791356369.689569,1791356369.6880932,1791356369.6688585,1791356369.6688585,1791356369.6688585,0.0,1791356368.6888602,1791356369.688873,1791356369.685606,1791356369.688873,1791356369.685606,1791356369.688873,1791356368.6888602,1791356369.688873,1791356368.6888602,1791356369.688873,1791356332.1688585,GAZEBO_CLOCK_SYSTEM_INTERPOLATION,MAPPED_EXACT,0,37.5,1791356369.6688585,0.0013523101806640625,0.0,RGB,0.0,0,1,0,UNCALIBRATED,PREPARATION,FAR,STRAIGHT,1.0,31,1.0,24.786462783813477,0.40959328413009644,nan,nan,False,0.0,0.0,0.0,0.0,0,0,0,0,0,0.0,0.0,0.0,0.0,0.0,0.0,0.0,0.0,0.0,0.0,0.0,0.0,0.0,0.0,22.736197651150782,3.1783489432791043,9.345167501366657,0.0,0.0,0.0,0.0,0.0,0.0,0.0,0.0,0.0,0.0,0.0,False,DISABLED,0,nan,nan,nan,nan,nan,nan,nan,nan,nan,nan,nan,nan,nan,nan,nan,nan,nan,nan,nan,nan,nan,nan,nan,nan,nan,nan,nan,nan,nan,nan,nan,nan,nan,nan,37.3250962068837,10.285741692930067,0.05595511027204042,0.1074952147076348,0.1074952147076348,0.1074952147076348,37.329328954903396,10.283918601411825,0.10383802749156304,-0.0042327480196959755,0.0018230915182417817,-0.04788291721952262,0.0046086677556670674,0.04810419503467219,0.020710468292236328,False,DISABLED,none,MODEL_ORIGIN_FRAME_NOT_ESTABLISHED,nan,nan,nan,nan,nan,nan,nan,nan,nan,nan,nan,nan,nan,NOT_EVALUATED,nan,nan,nan,nan,DISABLED,nan,nan,nan,nan,nan,nan
1791356369.7208729,1791356369.7415755,1791356369.747334,1791356369.7473848,front_rgbd_red_sphere,True,True,True,,37.552,37.552,1791356369.7415755,1791356369.739871,1791356369.7208729,1791356369.7208729,1791356369.7208729,0.0,1791356368.7288451,1791356369.728861,1791356369.725606,1791356369.728861,1791356369.725606,1791356369.728861,1791356368.7288451,1791356369.728861,1791356368.7288451,1791356369.728861,1791356332.1688728,GAZEBO_CLOCK_SYSTEM_INTERPOLATION,MAPPED_EXACT,0,37.552,1791356369.7208729,0.0012586116790771484,0.0,RGB,0.0,0,1,0,UNCALIBRATED,PREPARATION,FAR,STRAIGHT,1.0,30,1.0,24.58294677734375,0.4074432849884033,nan,nan,False,0.0,0.0,0.0,0.0,0,0,0,0,0,0.0,0.0,0.0,0.0,0.0,0.0,0.0,0.0,0.0,0.0,0.0,0.0,0.0,0.0,22.570512204961112,3.176335030637059,9.208917983019099,0.0,0.0,0.0,0.0,0.0,0.0,0.0,0.0,0.0,0.0,0.0,False,DISABLED,0,nan,nan,nan,nan,nan,nan,nan,nan,nan,nan,nan,nan,nan,nan,nan,nan,nan,nan,nan,nan,nan,nan,nan,nan,nan,nan,nan,nan,nan,nan,nan,nan,nan,nan,37.47434208789385,10.148278907429317,0.046968152102592475,0.10616484519506933,0.10616484519506933,0.10616484519506933,37.484620051162246,10.145469320518968,0.09467257372193312,-0.010277963268393364,0.002809586910348827,-0.047704421619340645,0.010655060185341361,0.04887987468876186,0.020702600479125977,False,DISABLED,none,MODEL_ORIGIN_FRAME_NOT_ESTABLISHED,nan,nan,nan,nan,nan,nan,nan,nan,nan,nan,nan,nan,nan,NOT_EVALUATED,nan,nan,nan,nan,DISABLED,nan,nan,nan,nan,nan,nan
1791356369.7688498,1791356369.7949255,1791356369.806428,1791356369.8064718,front_rgbd_red_sphere,True,True,True,,37.6,37.6,1791356369.7949255,1791356369.7907064,1791356369.7688498,1791356369.7688498,1791356369.7688498,0.0,1791356368.788865,1791356369.7848752,1791356369.781606,1791356369.7848752,1791356369.785606,1791356369.7888725,1791356368.7848563,1791356369.7848752,1791356368.788865,1791356369.7888725,1791356332.16885,GAZEBO_CLOCK_SYSTEM_INTERPOLATION,MAPPED_EXACT,0,37.6,1791356369.7688498,0.004598140716552734,0.0,RGB,0.0,0,1,0,UNCALIBRATED,PREPARATION,FAR,STRAIGHT,1.0,32,1.0,24.404539108276367,0.40558573603630066,nan,nan,False,0.0,0.0,0.0,0.0,0,0,0,0,0,0.0,0.0,0.0,0.0,0.0,0.0,0.0,0.0,0.0,0.0,0.0,0.0,0.0,0.0,22.424633823751094,3.18912469972042,9.085526214388773,0.0,0.0,0.0,0.0,0.0,0.0,0.0,0.0,0.0,0.0,0.0,False,DISABLED,0,nan,nan,nan,nan,nan,nan,nan,nan,nan,nan,nan,nan,nan,nan,nan,nan,nan,nan,nan,nan,nan,nan,nan,nan,nan,nan,nan,nan,nan,nan,nan,nan,nan,nan,37.62256253862861,10.011757809553682,0.03783490293816444,0.10500541229320329,0.10500541229320329,0.10500541229320329,37.62764076844823,10.017509644986603,0.08565307185841382,-0.005078229819623914,-0.005751835432921126,-0.047818168920249385,0.0076728110199798675,0.04842983902341436,0.02607560157775879,False,DISABLED,none,MODEL_ORIGIN_FRAME_NOT_ESTABLISHED,nan,nan,nan,nan,nan,nan,nan,nan,nan,nan,nan,nan,nan,NOT_EVALUATED,nan,nan,nan,nan,DISABLED,nan,nan,nan,nan,nan,nan
1791356369.820859,1791356369.8525178,1791356369.8581862,1791356369.8582447,front_rgbd_red_sphere,True,True,True,,37.652,37.652,1791356369.8447845,1791356369.8525178,1791356369.820859,1791356369.820859,1791356369.820859,0.0,1791356368.8248534,1791356369.8248925,1791356369.821606,1791356369.8248925,1791356369.8256059,1791356369.8288567,1791356368.8248534,1791356369.8248925,1791356368.808862,1791356369.8288567,1791356332.168859,GAZEBO_CLOCK_SYSTEM_INTERPOLATION,MAPPED_EXACT,0,37.652,1791356369.820859,0.004009246826171875,0.0,RGB,0.0,0,1,0,UNCALIBRATED,PREPARATION,FAR,STRAIGHT,1.0,31,1.0,24.2021541595459,0.4032439589500427,nan,nan,False,0.0,0.0,0.0,0.0,0,0,0,0,0,0.0,0.0,0.0,0.0,0.0,0.0,0.0,0.0,0.0,0.0,0.0,0.0,0.0,0.0,22.260969200721057,3.1916532907389055,8.944655319228277,0.0,0.0,0.0,0.0,0.0,0.0,0.0,0.0,0.0,0.0,0.0,False,DISABLED,0,nan,nan,nan,nan,nan,nan,nan,nan,nan,nan,nan,nan,nan,nan,nan,nan,nan,nan,nan,nan,nan,nan,nan,nan,nan,nan,nan,nan,nan,nan,nan,nan,nan,nan,37.77103223995764,9.873837133199972,0.027370208664690365,0.1036978723601957,0.1036978723601957,0.1036978723601957,37.78239259228016,9.878582094733568,0.07533463714794113,-0.011360352322519418,-0.004744961533596381,-0.04796442848325076,0.012311468833859007,0.04951927568706916,0.03165888786315918,False,DISABLED,none,MODEL_ORIGIN_FRAME_NOT_ESTABLISHED,nan,nan,nan,nan,nan,nan,nan,nan,nan,nan,nan,nan,nan,NOT_EVALUATED,nan,nan,nan,nan,DISABLED,nan,nan,nan,nan,nan,nan
1791356369.8688672,1791356369.8952615,1791356369.9020622,1791356369.9021156,front_rgbd_red_sphere,True,True,True,,37.7,37.7,1791356369.8952615,1791356369.894186,1791356369.8688672,1791356369.8688672,1791356369.8688672,0.0,1791356368.8888583,1791356369.888867,1791356369.8856058,1791356369.888867,1791356369.8856058,1791356369.888867,1791356368.8888583,1791356369.888867,1791356368.8888583,1791356369.888867,1791356332.168867,GAZEBO_CLOCK_SYSTEM_INTERPOLATION,MAPPED_EXACT,0,37.7,1791356369.8688672,0.0034956932067871094,0.0,RGB,0.0,0,1,0,UNCALIBRATED,PREPARATION,FAR,STRAIGHT,1.0,30,1.0,24.0256404876709,0.4014158248901367,nan,nan,False,0.0,0.0,0.0,0.0,0,0,0,0,0,0.0,0.0,0.0,0.0,0.0,0.0,0.0,0.0,0.0,0.0,0.0,0.0,0.0,0.0,22.115811226315955,3.208750719492631,8.8219151135367,0.0,0.0,0.0,0.0,0.0,0.0,0.0,0.0,0.0,0.0,0.0,False,DISABLED,0,nan,nan,nan,nan,nan,nan,nan,nan,nan,nan,nan,nan,nan,nan,nan,nan,nan,nan,nan,nan,nan,nan,nan,nan,nan,nan,nan,nan,nan,nan,nan,nan,nan,nan,37.91995423502571,9.735890915036496,0.01706096991057754,0.10256416123959172,0.10256416123959172,0.10256416123959172,37.92508165889684,9.750051696644988,0.06535716684210924,-0.005127423871130077,-0.014160781608492101,-0.0482961969315317,0.015060485095694716,0.05058992833921525,0.026394367218017578,False,DISABLED,none,MODEL_ORIGIN_FRAME_NOT_ESTABLISHED,nan,nan,nan,nan,nan,nan,nan,nan,nan,nan,nan,nan,nan,NOT_EVALUATED,nan,nan,nan,nan,DISABLED,nan,nan,nan,nan,nan,nan
1791356369.92085,1791356369.9529967,1791356369.9619884,1791356369.962019,front_rgbd_red_sphere,True,True,True,,37.752,37.752,1791356369.9529967,1791356369.9504602,1791356369.92085,1791356369.92085,1791356369.92085,0.0,1791356368.9288495,1791356369.928864,1791356369.925606,1791356369.928864,1791356369.925606,1791356369.928864,1791356368.9288495,1791356369.928864,1791356368.9288495,1791356369.928864,1791356332.16885,GAZEBO_CLOCK_SYSTEM_INTERPOLATION,MAPPED_EXACT,0,37.752,1791356369.92085,0.00516819953918457,0.0,RGB,0.0,0,1,0,UNCALIBRATED,PREPARATION,FAR,STRAIGHT,1.0,33,1.0,23.82379150390625,0.3991258144378662,nan,nan,False,0.0,0.0,0.0,0.0,0,0,0,0,0,0.0,0.0,0.0,0.0,0.0,0.0,0.0,0.0,0.0,0.0,0.0,0.0,0.0,0.0,21.95126766851015,3.2122533135530063,8.683107805098052,0.0,0.0,0.0,0.0,0.0,0.0,0.0,0.0,0.0,0.0,0.0,False,DISABLED,0,nan,nan,nan,nan,nan,nan,nan,nan,nan,nan,nan,nan,nan,nan,nan,nan,nan,nan,nan,nan,nan,nan,nan,nan,nan,nan,nan,nan,nan,nan,nan,nan,nan,nan,38.0670151005844,9.598518056068688,0.006178465717964043,0.10127537633082778,0.10127537633082778,0.10127537633082778,38.079424700339565,9.610568055167828,0.054132653793628215,-0.012409599755166312,-0.012049999099140507,-0.04795418807566417,0.017297417274631226,0.05097847387249723,0.03214669227600098,False,DISABLED,none,MODEL_ORIGIN_FRAME_NOT_ESTABLISHED,nan,nan,nan,nan,nan,nan,nan,nan,nan,nan,nan,nan,nan,NOT_EVALUATED,nan,nan,nan,nan,DISABLED,nan,nan,nan,nan,nan,nan
1791356369.9688497,1791356370.005228,1791356370.0089455,1791356370.008974,front_rgbd_red_sphere,True,True,True,,37.8,37.8,1791356370.005228,1791356369.9933898,1791356369.9688497,1791356369.9688497,1791356369.9688497,0.0,1791356368.9688604,1791356369.9848566,1791356369.981606,1791356369.9848566,1791356369.985606,1791356369.9888499,1791356368.9688604,1791356369.9848566,1791356368.9688604,1791356369.9888499,1791356332.1688497,GAZEBO_CLOCK_SYSTEM_INTERPOLATION,MAPPED_EXACT,0,37.8,1791356369.9688497,0.0008306503295898438,0.0,RGB,0.0,0,1,0,UNCALIBRATED,PREPARATION,FAR,STRAIGHT,1.0,34,1.0,23.64723014831543,0.3973958492279053,nan,nan,False,0.0,0.0,0.0,0.0,0,0,0,0,0,0.0,0.0,0.0,0.0,0.0,0.0,0.0,0.0,0.0,0.0,0.0,0.0,0.0,0.0,21.80444775989065,3.227240733547106,8.564020617188758,0.0,0.0,0.0,0.0,0.0,0.0,0.0,0.0,0.0,0.0,0.0,False,DISABLED,0,nan,nan,nan,nan,nan,nan,nan,nan,nan,nan,nan,nan,nan,nan,nan,nan,nan,nan,nan,nan,nan,nan,nan,nan,nan,nan,nan,nan,nan,nan,nan,nan,nan,nan,38.213847028073644,9.460962854108967,-0.005561728259989296,0.10015471497096039,0.10015471497096039,0.10015471497096039,38.22167827102916,9.481593617855301,0.04344874928131063,-0.007831242955518292,-0.020630763746334324,-0.049010477541299925,0.02206709720342523,0.053749266858364515,0.03637838363647461,False,DISABLED,none,MODEL_ORIGIN_FRAME_NOT_ESTABLISHED,nan,nan,nan,nan,nan,nan,nan,nan,nan,nan,nan,nan,nan,NOT_EVALUATED,nan,nan,nan,nan,DISABLED,nan,nan,nan,nan,nan,nan
1791356370.020863,1791356370.0578008,1791356370.061054,1791356370.0610795,front_rgbd_red_sphere,True,True,True,,37.852,37.852,1791356370.0578008,1791356370.0564876,1791356370.020863,1791356370.020863,1791356370.020863,0.0,1791356369.0488584,1791356370.0488691,1791356370.045619,1791356370.0488691,1791356370.045619,1791356370.0488691,1791356369.0488584,1791356370.0488691,1791356369.0488584,1791356370.0488691,1791356332.168863,GAZEBO_CLOCK_SYSTEM_INTERPOLATION,MAPPED_EXACT,0,37.852,1791356370.020863,0.0011706352233886719,0.0,RGB,0.0,0,1,0,UNCALIBRATED,PREPARATION,FAR,STRAIGHT,1.0,34,1.0,23.447845458984375,0.39531901478767395,nan,nan,False,0.0,0.0,0.0,0.0,0,0,0,0,0,0.0,0.0,0.0,0.0,0.0,0.0,0.0,0.0,0.0,0.0,0.0,0.0,0.0,0.0,21.639401272192107,3.2295526977463425,8.432541707056362,0.0,0.0,0.0,0.0,0.0,0.0,0.0,0.0,0.0,0.0,0.0,False,DISABLED,0,nan,nan,nan,nan,nan,nan,nan,nan,nan,nan,nan,nan,nan,nan,nan,nan,nan,nan,nan,nan,nan,nan,nan,nan,nan,nan,nan,nan,nan,nan,nan,nan,nan,nan,38.36165687641481,9.322972427485755,-0.017916649921072947,0.0988966985379233,0.0988966985379233,0.0988966985379233,38.37556822463032,9.341631757191651,0.031599034123665326,-0.013911348215508212,-0.0186593297058959,-0.04951568404473827,0.02327436775180913,0.05471287929422835,0.036937713623046875,False,DISABLED,none,MODEL_ORIGIN_FRAME_NOT_ESTABLISHED,nan,nan,nan,nan,nan,nan,nan,nan,nan,nan,nan,nan,nan,NOT_EVALUATED,nan,nan,nan,nan,DISABLED,nan,nan,nan,nan,nan,nan
1791356370.0688508,1791356370.094433,1791356370.1013052,1791356370.1013863,front_rgbd_red_sphere,True,True,True,,37.9,37.9,1791356370.094433,1791356370.0916328,1791356370.0688508,1791356370.0688508,1791356370.0688508,0.0,1791356369.088861,1791356370.0888705,1791356370.085619,1791356370.0888705,1791356370.085619,1791356370.0888705,1791356369.088861,1791356370.0888705,1791356369.088861,1791356370.0888705,1791356332.1688507,GAZEBO_CLOCK_SYSTEM_INTERPOLATION,MAPPED_EXACT,0,37.9,1791356370.0688508,0.002402782440185547,0.0,RGB,0.0,0,1,0,UNCALIBRATED,PREPARATION,FAR,STRAIGHT,1.0,33,1.0,23.27342987060547,0.39384138584136963,nan,nan,False,0.0,0.0,0.0,0.0,0,0,0,0,0,0.0,0.0,0.0,0.0,0.0,0.0,0.0,0.0,0.0,0.0,0.0,0.0,0.0,0.0,21.491658618432883,3.2439185876442416,8.320948480657668,0.0,0.0,0.0,0.0,0.0,0.0,0.0,0.0,0.0,0.0,0.0,False,DISABLED,0,nan,nan,nan,nan,nan,nan,nan,nan,nan,nan,nan,nan,nan,nan,nan,nan,nan,nan,nan,nan,nan,nan,nan,nan,nan,nan,nan,nan,nan,nan,nan,nan,nan,nan,38.508270318339314,9.185228339399533,-0.030329832245809152,0.0978027474526306,0.0978027474526306,0.0978027474526306,38.51739579257673,9.212240390670647,0.020473370048540322,-0.009125474237414721,-0.0270120512711145,-0.050803202294349474,0.02851184304689962,0.05825710735431029,0.025582313537597656,False,DISABLED,none,MODEL_ORIGIN_FRAME_NOT_ESTABLISHED,nan,nan,nan,nan,nan,nan,nan,nan,nan,nan,nan,nan,nan,NOT_EVALUATED,nan,nan,nan,nan,DISABLED,nan,nan,nan,nan,nan,nan
1791356370.1208591,1791356370.1424842,1791356370.1463935,1791356370.1464193,front_rgbd_red_sphere,True,True,True,,37.952,37.952,1791356370.1424842,1791356370.1414316,1791356370.1208591,1791356370.1208591,1791356370.1208591,0.0,1791356369.128858,1791356370.1288888,1791356370.125619,1791356370.1288888,1791356370.125619,1791356370.1288888,1791356369.128858,1791356370.1288888,1791356369.128858,1791356370.1288888,1791356332.1688592,GAZEBO_CLOCK_SYSTEM_INTERPOLATION,MAPPED_EXACT,0,37.952,1791356370.1208591,0.0020487308502197266,0.0,RGB,0.0,0,1,0,UNCALIBRATED,PREPARATION,FAR,STRAIGHT,1.0,35,1.0,23.074913024902344,0.391986221075058,nan,nan,False,0.0,0.0,0.0,0.0,0,0,0,0,0,0.0,0.0,0.0,0.0,0.0,0.0,0.0,0.0,0.0,0.0,0.0,0.0,0.0,0.0,21.324729932423907,3.244768716971688,8.196280836788407,0.0,0.0,0.0,0.0,0.0,0.0,0.0,0.0,0.0,0.0,0.0,False,DISABLED,0,nan,nan,nan,nan,nan,nan,nan,nan,nan,nan,nan,nan,nan,nan,nan,nan,nan,nan,nan,nan,nan,nan,nan,nan,nan,nan,nan,nan,nan,nan,nan,nan,nan,nan,38.654504978057375,9.047318192341061,-0.042401594844284796,0.09656502722501782,0.09656502722501782,0.09656502722501782,38.670776071600955,9.07188913803722,0.008296060732039886,-0.016271093543579696,-0.024570945696158475,-0.050697655576324684,0.02946998231264297,0.05864070376831382,0.021625041961669922,False,DISABLED,none,MODEL_ORIGIN_FRAME_NOT_ESTABLISHED,nan,nan,nan,nan,nan,nan,nan,nan,nan,nan,nan,nan,nan,NOT_EVALUATED,nan,nan,nan,nan,DISABLED,nan,nan,nan,nan,nan,nan
1791356370.168857,1791356370.1976042,1791356370.2016692,1791356370.2017162,front_rgbd_red_sphere,True,True,True,,38.0,38.0,1791356370.1976042,1791356370.1959019,1791356370.168857,1791356370.168857,1791356370.168857,0.0,1791356369.1888561,1791356370.1848867,1791356370.181619,1791356370.1848867,1791356370.1856189,1791356370.188861,1791356369.184864,1791356370.1848867,1791356369.1888561,1791356370.188861,1791356332.168857,GAZEBO_CLOCK_SYSTEM_INTERPOLATION,MAPPED_EXACT,0,38.0,1791356370.168857,0.0010967254638671875,0.0,RGB,0.0,0,1,0,UNCALIBRATED,PREPARATION,FAR,STRAIGHT,1.0,35,1.0,22.902301788330078,0.3906782269477844,nan,nan,False,0.0,0.0,0.0,0.0,0,0,0,0,0,0.0,0.0,0.0,0.0,0.0,0.0,0.0,0.0,0.0,0.0,0.0,0.0,0.0,0.0,21.176635528337425,3.2566628321117683,8.090714121877056,0.0,0.0,0.0,0.0,0.0,0.0,0.0,0.0,0.0,0.0,0.0,False,DISABLED,0,nan,nan,nan,nan,nan,nan,nan,nan,nan,nan,nan,nan,nan,nan,nan,nan,nan,nan,nan,nan,nan,nan,nan,nan,nan,nan,nan,nan,nan,nan,nan,nan,nan,nan,38.80075028963347,8.91037953955729,-0.05422928034630642,0.09549522192511284,0.09549522192511284,0.09549522192511284,38.81224837712858,8.94204964717341,-0.0030018300905987486,-0.01149808749511294,-0.031670107616120546,-0.05122745025570767,0.03369275489570316,0.0613143816095615,0.028747081756591797,False,DISABLED,none,MODEL_ORIGIN_FRAME_NOT_ESTABLISHED,nan,nan,nan,nan,nan,nan,nan,nan,nan,nan,nan,nan,nan,NOT_EVALUATED,nan,nan,nan,nan,DISABLED,nan,nan,nan,nan,nan,nan
1791356370.2208605,1791356370.251611,1791356370.259844,1791356370.2598739,front_rgbd_red_sphere,True,True,True,,38.052,38.052,1791356370.251611,1791356370.2481396,1791356370.2208605,1791356370.2208605,1791356370.2208605,0.0,1791356369.2288468,1791356370.2248635,1791356370.221619,1791356370.2248635,1791356370.2256188,1791356370.2288573,1791356369.224855,1791356370.2248635,1791356369.2288468,1791356370.2288573,1791356332.1688604,GAZEBO_CLOCK_SYSTEM_INTERPOLATION,MAPPED_EXACT,0,38.052,1791356370.2208605,0.0038421154022216797,0.0,RGB,0.0,0,1,0,UNCALIBRATED,PREPARATION,FAR,STRAIGHT,1.0,34,1.0,22.706214904785156,0.3890313506126404,nan,nan,False,0.0,0.0,0.0,0.0,0,0,0,0,0,0.0,0.0,0.0,0.0,0.0,0.0,0.0,0.0,0.0,0.0,0.0,0.0,0.0,0.0,21.009535475861455,3.255472856101445,7.973298225735034,0.0,0.0,0.0,0.0,0.0,0.0,0.0,0.0,0.0,0.0,0.0,False,DISABLED,0,nan,nan,nan,nan,nan,nan,nan,nan,nan,nan,nan,nan,nan,nan,nan,nan,nan,nan,nan,nan,nan,nan,nan,nan,nan,nan,nan,nan,nan,nan,nan,nan,nan,nan,38.94731109929795,8.772457964360003,-0.06656711520475683,0.09428715982431138,0.09428715982431138,0.09428715982431138,38.96536824633266,8.80111616983536,-0.01522527134696151,-0.018057147034710397,-0.02865820547535769,-0.05134184385779532,0.03387260397579395,0.061508846768730814,0.030750513076782227,False,DISABLED,none,MODEL_ORIGIN_FRAME_NOT_ESTABLISHED,nan,nan,nan,nan,nan,nan,nan,nan,nan,nan,nan,nan,nan,NOT_EVALUATED,nan,nan,nan,nan,DISABLED,nan,nan,nan,nan,nan,nan
1791356370.2688577,1791356370.298586,1791356370.3059409,1791356370.3059988,front_rgbd_red_sphere,True,True,True,,38.1,38.1,1791356370.2898874,1791356370.298586,1791356370.2688577,1791356370.2688577,1791356370.2688577,0.0,1791356369.288854,1791356370.2888663,1791356370.285619,1791356370.2888663,1791356370.285619,1791356370.2888663,1791356369.288854,1791356370.2888663,1791356369.288854,1791356370.2888663,1791356332.1688578,GAZEBO_CLOCK_SYSTEM_INTERPOLATION,MAPPED_EXACT,0,38.1,1791356370.2688577,0.0021066665649414062,0.0,RGB,0.0,0,1,0,UNCALIBRATED,PREPARATION,FAR,STRAIGHT,1.0,34,1.0,22.53546142578125,0.3879261016845703,nan,nan,False,0.0,0.0,0.0,0.0,0,0,0,0,0,0.0,0.0,0.0,0.0,0.0,0.0,0.0,0.0,0.0,0.0,0.0,0.0,0.0,0.0,20.860975506066602,3.2657579744782517,7.874103671812742,0.0,0.0,0.0,0.0,0.0,0.0,0.0,0.0,0.0,0.0,0.0,False,DISABLED,0,nan,nan,nan,nan,nan,nan,nan,nan,nan,nan,nan,nan,nan,nan,nan,nan,nan,nan,nan,nan,nan,nan,nan,nan,nan,nan,nan,nan,nan,nan,nan,nan,nan,nan,39.09299886719795,8.634776827676736,-0.07884998166443763,0.09324143518765132,0.09324143518765132,0.09324143518765132,39.10647182743055,8.670873113715746,-0.026414986787293718,-0.013472960232604692,-0.03609628603900994,-0.05243499487714391,0.03852872335335511,0.06506835798608629,0.029728174209594727,False,DISABLED,none,MODEL_ORIGIN_FRAME_NOT_ESTABLISHED,nan,nan,nan,nan,nan,nan,nan,nan,nan,nan,nan,nan,nan,NOT_EVALUATED,nan,nan,nan,nan,DISABLED,nan,nan,nan,nan,nan,nan
1791356370.3208609,1791356370.3550322,1791356370.3602068,1791356370.360239,front_rgbd_red_sphere,True,True,True,,38.152,38.152,1791356370.3550322,1791356370.353188,1791356370.3208609,1791356370.3208609,1791356370.3208609,0.0,1791356369.3448546,1791356370.3448617,1791356370.341619,1791356370.3448617,1791356370.345619,1791356370.3488514,1791356369.3448546,1791356370.3448617,1791356369.3288493,1791356370.3488514,1791356332.168861,GAZEBO_CLOCK_SYSTEM_INTERPOLATION,MAPPED_EXACT,0,38.152,1791356370.3208609,0.003514528274536133,0.0,RGB,0.0,0,1,0,UNCALIBRATED,PREPARATION,FAR,STRAIGHT,1.0,35,1.0,22.340932846069336,0.3863822817802429,nan,nan,False,0.0,0.0,0.0,0.0,0,0,0,0,0,0.0,0.0,0.0,0.0,0.0,0.0,0.0,0.0,0.0,0.0,0.0,0.0,0.0,0.0,20.69392446482631,3.261571825976805,7.761504067573965,0.0,0.0,0.0,0.0,0.0,0.0,0.0,0.0,0.0,0.0,0.0,False,DISABLED,0,nan,nan,nan,nan,nan,nan,nan,nan,nan,nan,nan,nan,nan,nan,nan,nan,nan,nan,nan,nan,nan,nan,nan,nan,nan,nan,nan,nan,nan,nan,nan,nan,nan,nan,39.23867449025492,8.4967000800232,-0.09071326124523521,0.09205722405877777,0.09205722405877777,0.09205722405877777,39.259073967840685,8.529628429242301,-0.038361796497596135,-0.020399477585762327,-0.032928349219101705,-0.052351464747639076,0.03873518901550805,0.0651236572167936,0.034171342849731445,False,DISABLED,none,MODEL_ORIGIN_FRAME_NOT_ESTABLISHED,nan,nan,nan,nan,nan,nan,nan,nan,nan,nan,nan,nan,nan,NOT_EVALUATED,nan,nan,nan,nan,DISABLED,nan,nan,nan,nan,nan,nan
1791356370.368851,1791356370.4025447,1791356370.406389,1791356370.4064255,front_rgbd_red_sphere,True,True,True,,38.2,38.2,1791356370.3927333,1791356370.4025447,1791356370.368851,1791356370.368851,1791356370.368851,0.0,1791356369.3848553,1791356370.3848557,1791356370.381619,1791356370.3848557,1791356370.385619,1791356370.3888624,1791356369.3848553,1791356370.3848557,1791356369.3688502,1791356370.3888624,1791356332.168851,GAZEBO_CLOCK_SYSTEM_INTERPOLATION,MAPPED_EXACT,0,38.2,1791356370.368851,0.0019974708557128906,0.0,RGB,0.0,0,1,0,UNCALIBRATED,PREPARATION,FAR,STRAIGHT,1.0,39,1.0,22.172780990600586,0.3853636085987091,nan,nan,False,0.0,0.0,0.0,0.0,0,0,0,0,0,0.0,0.0,0.0,0.0,0.0,0.0,0.0,0.0,0.0,0.0,0.0,0.0,0.0,0.0,20.546668736071155,3.267830855139376,7.667324836169527,0.0,0.0,0.0,0.0,0.0,0.0,0.0,0.0,0.0,0.0,0.0,False,DISABLED,0,nan,nan,nan,nan,nan,nan,nan,nan,nan,nan,nan,nan,nan,nan,nan,nan,nan,nan,nan,nan,nan,nan,nan,nan,nan,nan,nan,nan,nan,nan,nan,nan,nan,nan,39.38435823787822,8.358426840263107,-0.10252317807103489,0.09103966690710406,0.09103966690710406,0.09103966690710406,39.399772797414826,8.399047436355895,-0.04916418941312012,-0.015414559536608863,-0.04062059609278812,-0.053358988657914774,0.043446996129089206,0.06881005117885446,0.033693790435791016,False,DISABLED,none,MODEL_ORIGIN_FRAME_NOT_ESTABLISHED,nan,nan,nan,nan,nan,nan,nan,nan,nan,nan,nan,nan,nan,NOT_EVALUATED,nan,nan,nan,nan,DISABLED,nan,nan,nan,nan,nan,nan
1791356370.4208636,1791356370.4427674,1791356370.4471674,1791356370.4472048,front_rgbd_red_sphere,True,True,True,,38.252,38.252,1791356370.4427674,1791356370.4410493,1791356370.4208636,1791356370.4208636,1791356370.4208636,0.0,1791356369.4288583,1791356370.4248605,1791356370.421619,1791356370.4248605,1791356370.425619,1791356370.4288616,1791356369.408852,1791356370.4248605,1791356369.4288583,1791356370.4288616,1791356332.1688635,GAZEBO_CLOCK_SYSTEM_INTERPOLATION,MAPPED_EXACT,0,38.252,1791356370.4208636,0.0022203922271728516,0.0,RGB,0.0,0,1,0,UNCALIBRATED,PREPARATION,FAR,STRAIGHT,1.0,39,1.0,21.980304718017578,0.38388580083847046,nan,nan,False,0.0,0.0,0.0,0.0,0,0,0,0,0,0.0,0.0,0.0,0.0,0.0,0.0,0.0,0.0,0.0,0.0,0.0,0.0,0.0,0.0,20.38049643898682,3.258527106291009,7.559837549573684,0.0,0.0,0.0,0.0,0.0,0.0,0.0,0.0,0.0,0.0,0.0,False,DISABLED,0,nan,nan,nan,nan,nan,nan,nan,nan,nan,nan,nan,nan,nan,nan,nan,nan,nan,nan,nan,nan,nan,nan,nan,nan,nan,nan,nan,nan,nan,nan,nan,nan,nan,nan,39.52914239453377,8.220142466096316,-0.1132601970175155,0.08988186468171767,0.08988186468171767,0.08988186468171767,39.55207555715802,8.257324066939484,-0.06055619219883999,-0.022933162624248382,-0.03718160084316757,-0.05270400481867551,0.04368525368142965,0.06845519347089622,0.02190375328063965,False,DISABLED,none,MODEL_ORIGIN_FRAME_NOT_ESTABLISHED,nan,nan,nan,nan,nan,nan,nan,nan,nan,nan,nan,nan,nan,NOT_EVALUATED,nan,nan,nan,nan,DISABLED,nan,nan,nan,nan,nan,nan
1791356370.4688506,1791356370.4955063,1791356370.499796,1791356370.499848,front_rgbd_red_sphere,True,True,True,,38.3,38.3,1791356370.4955063,1791356370.4932425,1791356370.4688506,1791356370.4688506,1791356370.4688506,0.0,1791356369.4688559,1791356370.48885,1791356370.4856188,1791356370.48885,1791356370.4856188,1791356370.48885,1791356369.4648595,1791356370.48885,1791356369.4688559,1791356370.48885,1791356332.1688507,GAZEBO_CLOCK_SYSTEM_INTERPOLATION,MAPPED_EXACT,0,38.3,1791356370.4688506,0.002830028533935547,0.0,RGB,0.0,0,1,0,UNCALIBRATED,PREPARATION,FAR,STRAIGHT,1.0,35,1.0,21.814315795898438,0.3828989565372467,nan,nan,False,0.0,0.0,0.0,0.0,0,0,0,0,0,0.0,0.0,0.0,0.0,0.0,0.0,0.0,0.0,0.0,0.0,0.0,0.0,0.0,0.0,20.23464229606776,3.2609046770053602,7.469279979782758,0.0,0.0,0.0,0.0,0.0,0.0,0.0,0.0,0.0,0.0,0.0,False,DISABLED,0,nan,nan,nan,nan,nan,nan,nan,nan,nan,nan,nan,nan,nan,nan,nan,nan,nan,nan,nan,nan,nan,nan,nan,nan,nan,nan,nan,nan,nan,nan,nan,nan,nan,nan,39.674056370983635,8.08166931363416,-0.12353382730907642,0.08888934508906146,0.08888934508906146,0.08888934508906146,39.69240880299067,8.126399223652184,-0.07070702466542127,-0.018352432007034736,-0.044729910018023844,-0.05282680264365515,0.0483484912980058,0.07161178456333171,0.02665567398071289,False,DISABLED,none,MODEL_ORIGIN_FRAME_NOT_ESTABLISHED,nan,nan,nan,nan,nan,nan,nan,nan,nan,nan,nan,nan,nan,NOT_EVALUATED,nan,nan,nan,nan,DISABLED,nan,nan,nan,nan,nan,nan
1791356370.5208585,1791356370.5564065,1791356370.5622756,1791356370.5622985,front_rgbd_red_sphere,True,True,True,,38.352,38.352,1791356370.5468102,1791356370.5564065,1791356370.5208585,1791356370.5208585,1791356370.5208585,0.0,1791356369.544846,1791356370.5448523,1791356370.5416188,1791356370.5448523,1791356370.545619,1791356370.54885,1791356369.544846,1791356370.5448523,1791356369.528868,1791356370.54885,1791356332.1688585,GAZEBO_CLOCK_SYSTEM_INTERPOLATION,MAPPED_EXACT,0,38.352,1791356370.5208585,0.0007843971252441406,0.0,RGB,0.0,0,1,0,UNCALIBRATED,PREPARATION,FAR,STRAIGHT,1.0,40,1.0,21.62444496154785,0.3814633786678314,nan,nan,False,0.0,0.0,0.0,0.0,0,0,0,0,0,0.0,0.0,0.0,0.0,0.0,0.0,0.0,0.0,0.0,0.0,0.0,0.0,0.0,0.0,20.070098898461957,3.2484451387527926,7.365825729131856,0.0,0.0,0.0,0.0,0.0,0.0,0.0,0.0,0.0,0.0,0.0,False,DISABLED,0,nan,nan,nan,nan,nan,nan,nan,nan,nan,nan,nan,nan,nan,nan,nan,nan,nan,nan,nan,nan,nan,nan,nan,nan,nan,nan,nan,nan,nan,nan,nan,nan,nan,nan,39.8186375561103,7.942134513951515,-0.13425883391470966,0.08776077863930454,0.08776077863930454,0.08776077863930454,39.84409030520735,7.984530556485922,-0.08123978720302584,-0.025452749097048866,-0.04239604253440632,-0.05301904671168382,0.049449639626356345,0.07250024947124128,0.03554797172546387,False,DISABLED,none,MODEL_ORIGIN_FRAME_NOT_ESTABLISHED,nan,nan,nan,nan,nan,nan,nan,nan,nan,nan,nan,nan,nan,NOT_EVALUATED,nan,nan,nan,nan,DISABLED,nan,nan,nan,nan,nan,nan
1791356370.568865,1791356370.5972638,1791356370.6024997,1791356370.6025376,front_rgbd_red_sphere,True,True,True,,38.4,38.4,1791356370.5972638,1791356370.595967,1791356370.568865,1791356370.568865,1791356370.568865,0.0,1791356369.5888638,1791356370.5848677,1791356370.581619,1791356370.5848677,1791356370.585619,1791356370.588864,1791356369.5848532,1791356370.5848677,1791356369.5888638,1791356370.588864,1791356332.168865,GAZEBO_CLOCK_SYSTEM_INTERPOLATION,MAPPED_EXACT,0,38.4,1791356370.568865,0.0008349418640136719,0.0,RGB,0.0,0,1,0,UNCALIBRATED,PREPARATION,FAR,STRAIGHT,1.0,39,1.0,21.461048126220703,0.38051021099090576,nan,nan,False,0.0,0.0,0.0,0.0,0,0,0,0,0,0.0,0.0,0.0,0.0,0.0,0.0,0.0,0.0,0.0,0.0,0.0,0.0,0.0,0.0,19.92605222043159,3.2480363095948093,7.278687028590449,0.0,0.0,0.0,0.0,0.0,0.0,0.0,0.0,0.0,0.0,0.0,False,DISABLED,0,nan,nan,nan,nan,nan,nan,nan,nan,nan,nan,nan,nan,nan,nan,nan,nan,nan,nan,nan,nan,nan,nan,nan,nan,nan,nan,nan,nan,nan,nan,nan,nan,nan,nan,39.963029835233286,7.802762310695483,-0.14398600519888566,0.08679533500293606,0.08679533500293606,0.08679533500293606,39.9842521182695,7.853111133776979,-0.09050267359661816,-0.021222283036216538,-0.05034882308149591,-0.053483331602267495,0.05463871597101326,0.07645819800544063,0.028398752212524414,False,DISABLED,none,MODEL_ORIGIN_FRAME_NOT_ESTABLISHED,nan,nan,nan,nan,nan,nan,nan,nan,nan,nan,nan,nan,nan,NOT_EVALUATED,nan,nan,nan,nan,DISABLED,nan,nan,nan,nan,nan,nan
1791356370.6208503,1791356370.6559317,1791356370.6640177,1791356370.664066,front_rgbd_red_sphere,True,True,True,,38.452,38.452,1791356370.6559317,1791356370.6529186,1791356370.6208503,1791356370.6208503,1791356370.6208503,0.0,1791356369.6288505,1791356370.6488416,1791356370.645619,1791356370.6488416,1791356370.645619,1791356370.6488416,1791356369.6248868,1791356370.6488416,1791356369.6288505,1791356370.6488416,1791356332.1688504,GAZEBO_CLOCK_SYSTEM_INTERPOLATION,MAPPED_EXACT,0,38.452,1791356370.6208503,0.006263017654418945,0.0,RGB,0.0,0,1,0,UNCALIBRATED,PREPARATION,FAR,STRAIGHT,1.0,39,1.0,21.273303985595703,0.3790861964225769,nan,nan,False,0.0,0.0,0.0,0.0,0,0,0,0,0,0.0,0.0,0.0,0.0,0.0,0.0,0.0,0.0,0.0,0.0,0.0,0.0,0.0,0.0,19.7629670817809,3.23217407877177,7.178553859571332,0.0,0.0,0.0,0.0,0.0,0.0,0.0,0.0,0.0,0.0,0.0,False,DISABLED,0,nan,nan,nan,nan,nan,nan,nan,nan,nan,nan,nan,nan,nan,nan,nan,nan,nan,nan,nan,nan,nan,nan,nan,nan,nan,nan,nan,nan,nan,nan,nan,nan,nan,nan,40.106312289573424,7.664481765892784,-0.15331804145834654,0.08569263127508113,0.08569263127508113,0.08569263127508113,40.135936143567726,7.710545194073121,-0.09995799055059562,-0.029623853994301896,-0.04606342818033671,-0.05336005090775092,0.05476688909551787,0.07646376379749119,0.03508138656616211,False,DISABLED,none,MODEL_ORIGIN_FRAME_NOT_ESTABLISHED,nan,nan,nan,nan,nan,nan,nan,nan,nan,nan,nan,nan,nan,NOT_EVALUATED,nan,nan,nan,nan,DISABLED,nan,nan,nan,nan,nan,nan
1791356370.6688628,1791356370.7047303,1791356370.7095587,1791356370.7095861,front_rgbd_red_sphere,True,True,True,,38.5,38.5,1791356370.7047303,1791356370.7019076,1791356370.6688628,1791356370.6688628,1791356370.6688628,0.0,1791356369.6688585,1791356370.6888614,1791356370.6856189,1791356370.6888614,1791356370.6856189,1791356370.6888614,1791356369.6648586,1791356370.6888614,1791356369.6688585,1791356370.6888614,1791356332.1688628,GAZEBO_CLOCK_SYSTEM_INTERPOLATION,MAPPED_EXACT,0,38.5,1791356370.6688628,0.0006401538848876953,0.0,RGB,0.0,0,1,0,UNCALIBRATED,PREPARATION,FAR,STRAIGHT,1.0,39,1.0,21.112140655517578,0.3781646490097046,nan,nan,False,0.0,0.0,0.0,0.0,0,0,0,0,0,0.0,0.0,0.0,0.0,0.0,0.0,0.0,0.0,0.0,0.0,0.0,0.0,0.0,0.0,19.620438693066124,3.228384758332041,7.094958804955006,0.0,0.0,0.0,0.0,0.0,0.0,0.0,0.0,0.0,0.0,0.0,False,DISABLED,0,nan,nan,nan,nan,nan,nan,nan,nan,nan,nan,nan,nan,nan,nan,nan,nan,nan,nan,nan,nan,nan,nan,nan,nan,nan,nan,nan,nan,nan,nan,nan,nan,nan,nan,40.25003317351023,7.525640797787594,-0.16225990276061347,0.0847516788761499,0.0847516788761499,0.0847516788761499,40.27574848637569,7.5788251953574814,-0.10808906106686612,-0.025715312865457918,-0.05318439756988713,-0.05417084169374735,0.05907501553652104,0.0801519653561236,0.03586745262145996,False,DISABLED,none,MODEL_ORIGIN_FRAME_NOT_ESTABLISHED,nan,nan,nan,nan,nan,nan,nan,nan,nan,nan,nan,nan,nan,NOT_EVALUATED,nan,nan,nan,nan,DISABLED,nan,nan,nan,nan,nan,nan
1791356370.7208724,1791356370.742846,1791356370.7468803,1791356370.7469172,front_rgbd_red_sphere,True,True,True,,38.552,38.552,1791356370.742846,1791356370.7415524,1791356370.7208724,1791356370.7208724,1791356370.7208724,0.0,1791356369.7088587,1791356370.7288575,1791356370.7256188,1791356370.7288575,1791356370.7256188,1791356370.7288575,1791356369.7048583,1791356370.7288575,1791356369.7088587,1791356370.7288575,1791356332.1688724,GAZEBO_CLOCK_SYSTEM_INTERPOLATION,MAPPED_EXACT,0,38.552,1791356370.7208724,0.002166271209716797,0.0,RGB,0.0,0,1,0,UNCALIBRATED,PREPARATION,FAR,STRAIGHT,1.0,39,1.0,20.927242279052734,0.37673670053482056,nan,nan,False,0.0,0.0,0.0,0.0,0,0,0,0,0,0.0,0.0,0.0,0.0,0.0,0.0,0.0,0.0,0.0,0.0,0.0,0.0,0.0,0.0,19.45961730465778,3.209356114334099,6.998056805832775,0.0,0.0,0.0,0.0,0.0,0.0,0.0,0.0,0.0,0.0,0.0,False,DISABLED,0,nan,nan,nan,nan,nan,nan,nan,nan,nan,nan,nan,nan,nan,nan,nan,nan,nan,nan,nan,nan,nan,nan,nan,nan,nan,nan,nan,nan,nan,nan,nan,nan,nan,nan,40.393319350981194,7.3863401240468045,-0.1705075334636223,0.08367853485855871,0.08367853485855871,0.08367853485855871,40.427080569197116,7.435924742124153,-0.11620840277226946,-0.03376121821592193,-0.04958461807734871,-0.05429913069135284,0.05998711699439835,0.08091260593465181,0.021973609924316406,False,DISABLED,none,MODEL_ORIGIN_FRAME_NOT_ESTABLISHED,nan,nan,nan,nan,nan,nan,nan,nan,nan,nan,nan,nan,nan,NOT_EVALUATED,nan,nan,nan,nan,DISABLED,nan,nan,nan,nan,nan,nan
1791356370.7688503,1791356370.7957551,1791356370.806938,1791356370.8069785,front_rgbd_red_sphere,True,True,True,,38.6,38.6,1791356370.7957551,1791356370.7926137,1791356370.7688503,1791356370.7688503,1791356370.7688503,0.0,1791356369.7888725,1791356370.7848797,1791356370.7816188,1791356370.7848797,1791356370.785619,1791356370.788876,1791356369.7848752,1791356370.7848797,1791356369.7888725,1791356370.788876,1791356332.1688504,GAZEBO_CLOCK_SYSTEM_INTERPOLATION,MAPPED_EXACT,0,38.6,1791356370.7688503,0.0031931400299072266,0.0,RGB,0.0,0,1,0,UNCALIBRATED,PREPARATION,FAR,STRAIGHT,1.0,42,1.0,20.76849365234375,0.3752518892288208,nan,nan,False,0.0,0.0,0.0,0.0,0,0,0,0,0,0.0,0.0,0.0,0.0,0.0,0.0,0.0,0.0,0.0,0.0,0.0,0.0,0.0,0.0,19.323325675010537,3.201372203938668,6.9058425886440045,0.0,0.0,0.0,0.0,0.0,0.0,0.0,0.0,0.0,0.0,0.0,False,DISABLED,0,nan,nan,nan,nan,nan,nan,nan,nan,nan,nan,nan,nan,nan,nan,nan,nan,nan,nan,nan,nan,nan,nan,nan,nan,nan,nan,nan,nan,nan,nan,nan,nan,nan,nan,40.53604889877985,7.247253059977709,-0.1768727398471332,0.08276262719086533,0.08276262719086533,0.08276262719086533,40.56641194587793,7.3040577965966715,-0.12300096168083366,-0.0303630470980778,-0.05680473661896279,-0.05387177816629954,0.0644103464625818,0.08396940641822359,0.026904821395874023,False,DISABLED,none,MODEL_ORIGIN_FRAME_NOT_ESTABLISHED,nan,nan,nan,nan,nan,nan,nan,nan,nan,nan,nan,nan,nan,NOT_EVALUATED,nan,nan,nan,nan,DISABLED,nan,nan,nan,nan,nan,nan
1791356370.820855,1791356370.84659,1791356370.8514736,1791356370.8515258,front_rgbd_red_sphere,True,True,True,,38.652,38.652,1791356370.84659,1791356370.84482,1791356370.820855,1791356370.820855,1791356370.820855,0.0,1791356369.8088548,1791356370.8248556,1791356370.821619,1791356370.8248556,1791356370.825619,1791356370.8288517,1791356369.8088548,1791356370.8248556,1791356369.8088548,1791356370.8288517,1791356332.168855,GAZEBO_CLOCK_SYSTEM_INTERPOLATION,MAPPED_EXACT,0,38.652,1791356370.820855,0.002039670944213867,0.0,RGB,0.0,0,1,0,UNCALIBRATED,PREPARATION,FAR,STRAIGHT,1.0,42,1.0,20.58601188659668,0.37267404794692993,nan,nan,False,0.0,0.0,0.0,0.0,0,0,0,0,0,0.0,0.0,0.0,0.0,0.0,0.0,0.0,0.0,0.0,0.0,0.0,0.0,0.0,0.0,19.172927343823872,3.174232860364402,6.790213957107969,0.0,0.0,0.0,0.0,0.0,0.0,0.0,0.0,0.0,0.0,0.0,False,DISABLED,0,nan,nan,nan,nan,nan,nan,nan,nan,nan,nan,nan,nan,nan,nan,nan,nan,nan,nan,nan,nan,nan,nan,nan,nan,nan,nan,nan,nan,nan,nan,nan,nan,nan,nan,40.67859302015799,7.106997560410919,-0.1832906050200584,0.08171600997030422,0.08171600997030422,0.08171600997030422,40.71723342725357,7.161004529832281,-0.12957820880344353,-0.0386404070955777,-0.05400696942136207,-0.05371239621661486,0.06640657954293316,0.08540992514879364,0.025735139846801758,False,DISABLED,none,MODEL_ORIGIN_FRAME_NOT_ESTABLISHED,nan,nan,nan,nan,nan,nan,nan,nan,nan,nan,nan,nan,nan,NOT_EVALUATED,nan,nan,nan,nan,DISABLED,nan,nan,nan,nan,nan,nan
1791356370.8688602,1791356370.892655,1791356370.8979826,1791356370.898007,front_rgbd_red_sphere,True,True,True,,38.7,38.7,1791356370.892655,1791356370.8908613,1791356370.8688602,1791356370.8688602,1791356370.8688602,0.0,1791356369.868867,1791356370.888866,1791356370.885619,1791356370.888866,1791356370.885619,1791356370.888866,1791356369.8648577,1791356370.888866,1791356369.868867,1791356370.888866,1791356332.1688602,GAZEBO_CLOCK_SYSTEM_INTERPOLATION,MAPPED_EXACT,0,38.7,1791356370.8688602,0.001737833023071289,0.0,RGB,0.0,0,1,0,UNCALIBRATED,PREPARATION,FAR,STRAIGHT,1.0,41,1.0,20.428606033325195,0.3705132007598877,nan,nan,False,0.0,0.0,0.0,0.0,0,0,0,0,0,0.0,0.0,0.0,0.0,0.0,0.0,0.0,0.0,0.0,0.0,0.0,0.0,0.0,0.0,19.042353871320117,3.150033069436372,6.692829873328607,0.0,0.0,0.0,0.0,0.0,0.0,0.0,0.0,0.0,0.0,0.0,False,DISABLED,0,nan,nan,nan,nan,nan,nan,nan,nan,nan,nan,nan,nan,nan,nan,nan,nan,nan,nan,nan,nan,nan,nan,nan,nan,nan,nan,nan,nan,nan,nan,nan,nan,nan,nan,40.820704364201006,6.967302899699528,-0.18921959659479975,0.08081856083615173,0.08081856083615173,0.08081856083615173,40.85643531211791,7.028687100140933,-0.13488429930247964,-0.03573094791690323,-0.061384200441404246,-0.05433529729232012,0.07102619729980583,0.08942619993444736,0.02379465103149414,False,DISABLED,none,MODEL_ORIGIN_FRAME_NOT_ESTABLISHED,nan,nan,nan,nan,nan,nan,nan,nan,nan,nan,nan,nan,nan,NOT_EVALUATED,nan,nan,nan,nan,DISABLED,nan,nan,nan,nan,nan,nan
1791356370.9208648,1791356370.9433978,1791356370.947223,1791356370.9472558,front_rgbd_red_sphere,True,True,True,,38.752,38.752,1791356370.9433978,1791356370.9414723,1791356370.9208648,1791356370.9208648,1791356370.9208648,0.0,1791356369.9088528,1791356370.9288585,1791356370.925619,1791356370.9288585,1791356370.925619,1791356370.9288585,1791356369.9048538,1791356370.9288585,1791356369.9088528,1791356370.9288585,1791356332.1688647,GAZEBO_CLOCK_SYSTEM_INTERPOLATION,MAPPED_EXACT,0,38.752,1791356370.9208648,0.002840757369995117,0.0,RGB,0.0,0,1,0,UNCALIBRATED,PREPARATION,FAR,STRAIGHT,1.0,41,1.0,20.24663543701172,0.3677825331687927,nan,nan,False,0.0,0.0,0.0,0.0,0,0,0,0,0,0.0,0.0,0.0,0.0,0.0,0.0,0.0,0.0,0.0,0.0,0.0,0.0,0.0,0.0,18.892679796123282,3.093311878424579,6.58971047730472,0.0,0.0,0.0,0.0,0.0,0.0,0.0,0.0,0.0,0.0,0.0,False,DISABLED,0,nan,nan,nan,nan,nan,nan,nan,nan,nan,nan,nan,nan,nan,nan,nan,nan,nan,nan,nan,nan,nan,nan,nan,nan,nan,nan,nan,nan,nan,nan,nan,nan,nan,nan,40.96264476911591,6.826527288430934,-0.19460378600986322,0.07978723659536298,0.07978723659536298,0.07978723659536298,41.00704284036683,6.885229176438117,-0.13976890886621487,-0.044398071250917326,-0.058701888007183456,-0.05483487714364835,0.07360095370584162,0.09178215587884417,0.022532939910888672,False,DISABLED,none,MODEL_ORIGIN_FRAME_NOT_ESTABLISHED,nan,nan,nan,nan,nan,nan,nan,nan,nan,nan,nan,nan,nan,NOT_EVALUATED,nan,nan,nan,nan,DISABLED,nan,nan,nan,nan,nan,nan
1791356370.9688482,1791356370.9958425,1791356371.0049489,1791356371.0050137,front_rgbd_red_sphere,True,True,True,,38.8,38.8,1791356370.9958425,1791356370.994887,1791356370.9688482,1791356370.9688482,1791356370.9688482,0.0,1791356369.9888499,1791356370.984865,1791356370.981619,1791356370.984865,1791356370.9856188,1791356370.988882,1791356369.9848566,1791356370.984865,1791356369.9888499,1791356370.988882,1791356332.1688483,GAZEBO_CLOCK_SYSTEM_INTERPOLATION,MAPPED_EXACT,0,38.8,1791356370.9688482,0.004163980484008789,0.0,RGB,0.0,0,1,0,UNCALIBRATED,PREPARATION,FAR,STRAIGHT,1.0,41,1.0,20.09010124206543,0.36578038334846497,nan,nan,False,0.0,0.0,0.0,0.0,0,0,0,0,0,0.0,0.0,0.0,0.0,0.0,0.0,0.0,0.0,0.0,0.0,0.0,0.0,0.0,0.0,18.76103833872135,3.0314436287466364,6.515054045526529,0.0,0.0,0.0,0.0,0.0,0.0,0.0,0.0,0.0,0.0,0.0,False,DISABLED,0,nan,nan,nan,nan,nan,nan,nan,nan,nan,nan,nan,nan,nan,nan,nan,nan,nan,nan,nan,nan,nan,nan,nan,nan,nan,nan,nan,nan,nan,nan,nan,nan,nan,nan,41.10532135345733,6.687314119915915,-0.2001191699218569,0.07890537476902412,0.07890537476902412,0.07890537476902412,41.1458678455226,6.752722910552035,-0.14344638179585242,-0.04054649206527472,-0.06540879063611982,-0.056672788126004486,0.07695666255288844,0.09557265730978781,0.02699422836303711,False,DISABLED,none,MODEL_ORIGIN_FRAME_NOT_ESTABLISHED,nan,nan,nan,nan,nan,nan,nan,nan,nan,nan,nan,nan,nan,NOT_EVALUATED,nan,nan,nan,nan,DISABLED,nan,nan,nan,nan,nan,nan
1791356371.0208514,1791356371.0477493,1791356371.0554495,1791356371.0554938,front_rgbd_red_sphere,True,True,True,,38.852,38.852,1791356371.0477493,1791356371.045893,1791356371.0208514,1791356371.0208514,1791356371.0208514,0.0,1791356370.0088599,1791356371.024856,1791356371.0216188,1791356371.024856,1791356371.025619,1791356371.0288484,1791356370.0088599,1791356371.024856,1791356370.0088599,1791356371.0288484,1791356332.1688514,GAZEBO_CLOCK_SYSTEM_INTERPOLATION,MAPPED_EXACT,0,38.852,1791356371.0208514,0.003180265426635742,0.0,RGB,0.0,0,1,0,UNCALIBRATED,PREPARATION,FAR,STRAIGHT,1.0,46,1.0,19.907764434814453,0.3633802831172943,nan,nan,False,0.0,0.0,0.0,0.0,0,0,0,0,0,0.0,0.0,0.0,0.0,0.0,0.0,0.0,0.0,0.0,0.0,0.0,0.0,0.0,0.0,18.607801030962563,2.9282506048357675,6.441596811835163,0.0,0.0,0.0,0.0,0.0,0.0,0.0,0.0,0.0,0.0,0.0,False,DISABLED,0,nan,nan,nan,nan,nan,nan,nan,nan,nan,nan,nan,nan,nan,nan,nan,nan,nan,nan,nan,nan,nan,nan,nan,nan,nan,nan,nan,nan,nan,nan,nan,nan,nan,nan,41.24715313263556,6.547412840833602,-0.20416634341371237,0.07788433094502795,0.07788433094502795,0.07788433094502795,41.296258417302,6.608892457877646,-0.14651784087509082,-0.04910528466643882,-0.0614796170440437,-0.057648502538621554,0.07868336732788106,0.09754189940225542,0.026897907257080078,False,DISABLED,none,MODEL_ORIGIN_FRAME_NOT_ESTABLISHED,nan,nan,nan,nan,nan,nan,nan,nan,nan,nan,nan,nan,nan,NOT_EVALUATED,nan,nan,nan,nan,DISABLED,nan,nan,nan,nan,nan,nan
1791356371.0688572,1791356371.093501,1791356371.100715,1791356371.1007442,front_rgbd_red_sphere,True,True,True,,38.9,38.9,1791356371.093501,1791356371.0918653,1791356371.0688572,1791356371.0688572,1791356371.0688572,0.0,1791356370.0688508,1791356371.0888615,1791356371.0856318,1791356371.0888615,1791356371.0856318,1791356371.0888615,1791356370.0648584,1791356371.0888615,1791356370.0688508,1791356371.0888615,1791356332.168857,GAZEBO_CLOCK_SYSTEM_INTERPOLATION,MAPPED_EXACT,0,38.9,1791356371.0688572,0.002342700958251953,0.0,RGB,0.0,0,1,0,UNCALIBRATED,PREPARATION,FAR,STRAIGHT,1.0,45,1.0,19.75128746032715,0.36165884137153625,nan,nan,False,0.0,0.0,0.0,0.0,0,0,0,0,0,0.0,0.0,0.0,0.0,0.0,0.0,0.0,0.0,0.0,0.0,0.0,0.0,0.0,0.0,18.473600519469514,2.8232207286896447,6.392878509044891,0.0,0.0,0.0,0.0,0.0,0.0,0.0,0.0,0.0,0.0,0.0,False,DISABLED,0,nan,nan,nan,nan,nan,nan,nan,nan,nan,nan,nan,nan,nan,nan,nan,nan,nan,nan,nan,nan,nan,nan,nan,nan,nan,nan,nan,nan,nan,nan,nan,nan,nan,nan,41.39010244962764,6.409556691638031,-0.20752028406753537,0.07701339988779683,0.07701339988779683,0.07701339988779683,41.4349671773309,6.475974585872284,-0.14848067907134863,-0.044864727703256335,-0.06641789423425326,-0.05903960499618674,0.08015098543623646,0.0995482567627658,0.024643898010253906,False,DISABLED,none,MODEL_ORIGIN_FRAME_NOT_ESTABLISHED,nan,nan,nan,nan,nan,nan,nan,nan,nan,nan,nan,nan,nan,NOT_EVALUATED,nan,nan,nan,nan,DISABLED,nan,nan,nan,nan,nan,nan
1791356371.1208515,1791356371.1550658,1791356371.1593382,1791356371.1593752,front_rgbd_red_sphere,True,True,True,,38.952,38.952,1791356371.1468463,1791356371.1550658,1791356371.1208515,1791356371.1208515,1791356371.1208515,0.0,1791356370.1488607,1791356371.1448514,1791356371.1416318,1791356371.1448514,1791356371.145632,1791356371.1488643,1791356370.1448486,1791356371.1448514,1791356370.1488607,1791356371.1488643,1791356332.1688516,GAZEBO_CLOCK_SYSTEM_INTERPOLATION,MAPPED_EXACT,0,38.952,1791356371.1208515,0.002882242202758789,0.0,RGB,0.0,0,1,0,UNCALIBRATED,PREPARATION,FAR,STRAIGHT,1.0,47,1.0,19.56863021850586,0.35968366265296936,nan,nan,False,0.0,0.0,0.0,0.0,0,0,0,0,0,0.0,0.0,0.0,0.0,0.0,0.0,0.0,0.0,0.0,0.0,0.0,0.0,0.0,0.0,18.316398817168437,2.6775189848436867,6.34600046832897,0.0,0.0,0.0,0.0,0.0,0.0,0.0,0.0,0.0,0.0,0.0,False,DISABLED,0,nan,nan,nan,nan,nan,nan,nan,nan,nan,nan,nan,nan,nan,nan,nan,nan,nan,nan,nan,nan,nan,nan,nan,nan,nan,nan,nan,nan,nan,nan,nan,nan,nan,nan,41.531660993313665,6.271164014158391,-0.21002689432586225,0.07600293817880459,0.07600293817880459,0.07600293817880459,41.58494814304477,6.331983965804395,-0.14965786416345317,-0.05328714973110493,-0.06081995164600418,-0.060369030162409076,0.0808615288297685,0.10091088468266117,0.03421425819396973,False,DISABLED,none,MODEL_ORIGIN_FRAME_NOT_ESTABLISHED,nan,nan,nan,nan,nan,nan,nan,nan,nan,nan,nan,nan,nan,NOT_EVALUATED,nan,nan,nan,nan,DISABLED,nan,nan,nan,nan,nan,nan
1791356371.1688492,1791356371.19612,1791356371.200656,1791356371.2006855,front_rgbd_red_sphere,True,True,True,,39.0,39.0,1791356371.19612,1791356371.1938434,1791356371.1688492,1791356371.1688492,1791356371.1688492,0.0,1791356370.188861,1791356371.1848605,1791356371.1816318,1791356371.1848605,1791356371.185632,1791356371.1888652,1791356370.168857,1791356371.1848605,1791356370.188861,1791356371.1888652,1791356332.1688492,GAZEBO_CLOCK_SYSTEM_INTERPOLATION,MAPPED_EXACT,0,39.0,1791356371.1688492,0.0035715103149414062,0.0,RGB,0.0,0,1,0,UNCALIBRATED,PREPARATION,FAR,STRAIGHT,1.0,44,1.0,19.412208557128906,0.3584776520729065,nan,nan,False,0.0,0.0,0.0,0.0,0,0,0,0,0,0.0,0.0,0.0,0.0,0.0,0.0,0.0,0.0,0.0,0.0,0.0,0.0,0.0,0.0,18.178214415436177,2.5378496796112167,6.320261643847616,0.0,0.0,0.0,0.0,0.0,0.0,0.0,0.0,0.0,0.0,0.0,False,DISABLED,0,nan,nan,nan,nan,nan,nan,nan,nan,nan,nan,nan,nan,nan,nan,nan,nan,nan,nan,nan,nan,nan,nan,nan,nan,nan,nan,nan,nan,nan,nan,nan,nan,nan,nan,41.675476388804825,6.133565180275427,-0.2114859170673657,0.07514292154161638,0.07514292154161638,0.07514292154161638,41.723238014908,6.198971145610108,-0.14985530323578972,-0.04776162610317414,-0.0654059653346808,-0.061630613831575976,0.08098835243033946,0.10177153723236038,0.027270793914794922,False,DISABLED,none,MODEL_ORIGIN_FRAME_NOT_ESTABLISHED,nan,nan,nan,nan,nan,nan,nan,nan,nan,nan,nan,nan,nan,NOT_EVALUATED,nan,nan,nan,nan,DISABLED,nan,nan,nan,nan,nan,nan
1791356371.2208676,1791356371.2484164,1791356371.2569213,1791356371.256957,front_rgbd_red_sphere,True,True,True,,39.052,39.052,1791356371.2484164,1791356371.2464168,1791356371.2208676,1791356371.2208676,1791356371.2208676,0.0,1791356370.2288573,1791356371.224866,1791356371.221632,1791356371.224866,1791356371.225632,1791356371.228859,1791356370.2248635,1791356371.224866,1791356370.2288573,1791356371.228859,1791356332.1688676,GAZEBO_CLOCK_SYSTEM_INTERPOLATION,MAPPED_EXACT,0,39.052,1791356371.2208676,0.003936767578125,0.0,RGB,0.0,0,1,0,UNCALIBRATED,PREPARATION,FAR,STRAIGHT,1.0,48,1.0,19.229347229003906,0.35725754499435425,nan,nan,False,0.0,0.0,0.0,0.0,0,0,0,0,0,0.0,0.0,0.0,0.0,0.0,0.0,0.0,0.0,0.0,0.0,0.0,0.0,0.0,0.0,18.015195423141467,2.3618888229340556,6.2961921730312405,0.0,0.0,0.0,0.0,0.0,0.0,0.0,0.0,0.0,0.0,0.0,False,DISABLED,0,nan,nan,nan,nan,nan,nan,nan,nan,nan,nan,nan,nan,nan,nan,nan,nan,nan,nan,nan,nan,nan,nan,nan,nan,nan,nan,nan,nan,nan,nan,nan,nan,nan,nan,41.81781384056407,5.994871156662649,-0.21162393423987685,0.07414373872948388,0.07414373872948388,0.07414373872948388,41.87300339063154,6.054662907117254,-0.14911367881611523,-0.05518955006746751,-0.05979175045460483,-0.06251025542376162,0.08136915791056977,0.10260834221552924,0.027548789978027344,False,DISABLED,none,MODEL_ORIGIN_FRAME_NOT_ESTABLISHED,nan,nan,nan,nan,nan,nan,nan,nan,nan,nan,nan,nan,nan,NOT_EVALUATED,nan,nan,nan,nan,DISABLED,nan,nan,nan,nan,nan,nan
1791356371.2688577,1791356371.2945437,1791356371.3042512,1791356371.304321,front_rgbd_red_sphere,True,True,True,,39.1,39.1,1791356371.2945437,1791356371.292248,1791356371.2688577,1791356371.2688577,1791356371.2688577,0.0,1791356370.2688577,1791356371.288856,1791356371.285632,1791356371.288856,1791356371.285632,1791356371.288856,1791356370.2648687,1791356371.288856,1791356370.2688577,1791356371.288856,1791356332.1688578,GAZEBO_CLOCK_SYSTEM_INTERPOLATION,MAPPED_EXACT,0,39.1,1791356371.2688577,0.002576112747192383,0.0,RGB,0.0,0,1,0,UNCALIBRATED,PREPARATION,FAR,STRAIGHT,1.0,46,1.0,19.072052001953125,0.356945276260376,nan,nan,False,0.0,0.0,0.0,0.0,0,0,0,0,0,0.0,0.0,0.0,0.0,0.0,0.0,0.0,0.0,0.0,0.0,0.0,0.0,0.0,0.0,17.86991261070459,2.2006539530606517,6.290190642576523,0.0,0.0,0.0,0.0,0.0,0.0,0.0,0.0,0.0,0.0,0.0,False,DISABLED,0,nan,nan,nan,nan,nan,nan,nan,nan,nan,nan,nan,nan,nan,nan,nan,nan,nan,nan,nan,nan,nan,nan,nan,nan,nan,nan,nan,nan,nan,nan,nan,nan,nan,nan,41.9602991258937,5.857060790980532,-0.21104575286205302,0.07328959787163017,0.07328959787163017,0.07328959787163017,42.01118426213706,5.921282707975993,-0.1475416731598507,-0.050885136243358886,-0.06422191699546076,-0.06350407970220232,0.08193748661679248,0.10366542264371816,0.025686025619506836,False,DISABLED,none,MODEL_ORIGIN_FRAME_NOT_ESTABLISHED,nan,nan,nan,nan,nan,nan,nan,nan,nan,nan,nan,nan,nan,NOT_EVALUATED,nan,nan,nan,nan,DISABLED,nan,nan,nan,nan,nan,nan
1791356371.3208506,1791356371.3410463,1791356371.3456864,1791356371.345709,front_rgbd_red_sphere,True,True,True,,39.152,39.152,1791356371.3410463,1791356371.3387053,1791356371.3208506,1791356371.3208506,1791356371.3208506,0.0,1791356370.3288476,1791356371.328853,1791356371.3256319,1791356371.328853,1791356371.3256319,1791356371.328853,1791356370.3288476,1791356371.328853,1791356370.3288476,1791356371.328853,1791356332.1688507,GAZEBO_CLOCK_SYSTEM_INTERPOLATION,MAPPED_EXACT,0,39.152,1791356371.3208506,0.0005748271942138672,0.0,RGB,0.0,0,1,0,UNCALIBRATED,PREPARATION,FAR,STRAIGHT,1.0,49,1.0,18.889326095581055,0.3568108379840851,nan,nan,False,0.0,0.0,0.0,0.0,0,0,0,0,0,0.0,0.0,0.0,0.0,0.0,0.0,0.0,0.0,0.0,0.0,0.0,0.0,0.0,0.0,17.69959230961366,2.007895306943695,6.284859133811915,0.0,0.0,0.0,0.0,0.0,0.0,0.0,0.0,0.0,0.0,0.0,False,DISABLED,0,nan,nan,nan,nan,nan,nan,nan,nan,nan,nan,nan,nan,nan,nan,nan,nan,nan,nan,nan,nan,nan,nan,nan,nan,nan,nan,nan,nan,nan,nan,nan,nan,nan,nan,42.10307916190722,5.71896166630177,-0.20921066284107231,0.0723035894141279,0.0723035894141279,0.0723035894141279,42.160751674435495,5.776666559650918,-0.14489692470084897,-0.057672512528277764,-0.057704893349147746,-0.06431373814022334,0.08158414930463437,0.10388565989264395,0.020195722579956055,False,DISABLED,none,MODEL_ORIGIN_FRAME_NOT_ESTABLISHED,nan,nan,nan,nan,nan,nan,nan,nan,nan,nan,nan,nan,nan,NOT_EVALUATED,nan,nan,nan,nan,DISABLED,nan,nan,nan,nan,nan,nan
1791356371.3688593,1791356371.3961422,1791356371.401745,1791356371.4017758,front_rgbd_red_sphere,True,True,True,,39.2,39.2,1791356371.3961422,1791356371.3951964,1791356371.3688593,1791356371.3688593,1791356371.3688593,0.0,1791356370.3848557,1791356371.3848581,1791356371.3816319,1791356371.3848581,1791356371.385632,1791356371.3888564,1791356370.3848557,1791356371.3848581,1791356370.368851,1791356371.3888564,1791356332.1688592,GAZEBO_CLOCK_SYSTEM_INTERPOLATION,MAPPED_EXACT,0,39.2,1791356371.3688593,0.003500223159790039,0.0,RGB,0.0,0,1,0,UNCALIBRATED,PREPARATION,FAR,STRAIGHT,1.0,49,1.0,18.73190689086914,0.35765472054481506,nan,nan,False,0.0,0.0,0.0,0.0,0,0,0,0,0,0.0,0.0,0.0,0.0,0.0,0.0,0.0,0.0,0.0,0.0,0.0,0.0,0.0,0.0,17.546560706673517,1.837679473444549,6.294879902080748,0.0,0.0,0.0,0.0,0.0,0.0,0.0,0.0,0.0,0.0,0.0,False,DISABLED,0,nan,nan,nan,nan,nan,nan,nan,nan,nan,nan,nan,nan,nan,nan,nan,nan,nan,nan,nan,nan,nan,nan,nan,nan,nan,nan,nan,nan,nan,nan,nan,nan,nan,nan,42.2453584184303,5.580264887222867,-0.2071280110474651,0.07145948969595729,0.07145948969595729,0.07145948969595729,42.29870232523594,5.643060359116103,-0.1415931510381743,-0.053343906805643826,-0.06279547189323598,-0.06553486000929079,0.08239443963996237,0.10527897016983376,0.0272829532623291,False,DISABLED,none,MODEL_ORIGIN_FRAME_NOT_ESTABLISHED,nan,nan,nan,nan,nan,nan,nan,nan,nan,nan,nan,nan,nan,NOT_EVALUATED,nan,nan,nan,nan,DISABLED,nan,nan,nan,nan,nan,nan
1791356371.4208558,1791356371.4401243,1791356371.4438457,1791356371.4438705,front_rgbd_red_sphere,True,True,True,,39.252,39.252,1791356371.4401243,1791356371.4387412,1791356371.4208558,1791356371.4208558,1791356371.4208558,0.0,1791356370.408858,1791356371.4248536,1791356371.4216318,1791356371.4248536,1791356371.425632,1791356371.4288476,1791356370.408858,1791356371.4248536,1791356370.408858,1791356371.4288476,1791356332.1688557,GAZEBO_CLOCK_SYSTEM_INTERPOLATION,MAPPED_EXACT,0,39.252,1791356371.4208558,0.0034990310668945312,0.0,RGB,0.0,0,1,0,UNCALIBRATED,PREPARATION,FAR,STRAIGHT,1.0,52,1.0,18.548782348632812,0.3590296804904938,nan,nan,False,0.0,0.0,0.0,0.0,0,0,0,0,0,0.0,0.0,0.0,0.0,0.0,0.0,0.0,0.0,0.0,0.0,0.0,0.0,0.0,0.0,17.366079160396588,1.6424932187918664,6.307048179575023,0.0,0.0,0.0,0.0,0.0,0.0,0.0,0.0,0.0,0.0,0.0,False,DISABLED,0,nan,nan,nan,nan,nan,nan,nan,nan,nan,nan,nan,nan,nan,nan,nan,nan,nan,nan,nan,nan,nan,nan,nan,nan,nan,nan,nan,nan,nan,nan,nan,nan,nan,nan,42.387812312501396,5.440691286144386,-0.20447272289828827,0.07048378721074314,0.07048378721074314,0.07048378721074314,42.44799669794252,5.498235761289992,-0.13711192138072278,-0.0601843854411257,-0.057544475145606455,-0.06736080151756549,0.0832678021248868,0.10710277518252342,0.019268512725830078,False,DISABLED,none,MODEL_ORIGIN_FRAME_NOT_ESTABLISHED,nan,nan,nan,nan,nan,nan,nan,nan,nan,nan,nan,nan,nan,NOT_EVALUATED,nan,nan,nan,nan,DISABLED,nan,nan,nan,nan,nan,nan
1791356371.468853,1791356371.5008173,1791356371.5061188,1791356371.5061436,front_rgbd_red_sphere,True,True,True,,39.3,39.3,1791356371.5008173,1791356371.4889627,1791356371.468853,1791356371.468853,1791356371.468853,0.0,1791356370.48885,1791356371.488859,1791356371.485632,1791356371.488859,1791356371.485632,1791356371.488859,1791356370.48885,1791356371.488859,1791356370.48885,1791356371.488859,1791356332.168853,GAZEBO_CLOCK_SYSTEM_INTERPOLATION,MAPPED_EXACT,0,39.3,1791356371.468853,0.0009622573852539062,0.0,RGB,0.0,0,1,0,UNCALIBRATED,PREPARATION,FAR,STRAIGHT,1.0,52,1.0,18.391502380371094,0.3613380789756775,nan,nan,False,0.0,0.0,0.0,0.0,0,0,0,0,0,0.0,0.0,0.0,0.0,0.0,0.0,0.0,0.0,0.0,0.0,0.0,0.0,0.0,0.0,17.203863402957403,1.4752801787215333,6.332295652879234,0.0,0.0,0.0,0.0,0.0,0.0,0.0,0.0,0.0,0.0,0.0,False,DISABLED,0,nan,nan,nan,nan,nan,nan,nan,nan,nan,nan,nan,nan,nan,nan,nan,nan,nan,nan,nan,nan,nan,nan,nan,nan,nan,nan,nan,nan,nan,nan,nan,nan,nan,nan,42.530031001082286,5.300743004649362,-0.20082003474800109,0.06965113634845582,0.06965113634845582,0.06965113634845582,42.585736451104026,5.36440950502963,-0.13215785073028555,-0.05570545002174043,-0.06366650038026744,-0.06866218401771554,0.08459621996753292,0.10895419196560474,0.03196430206298828,False,DISABLED,none,MODEL_ORIGIN_FRAME_NOT_ESTABLISHED,nan,nan,nan,nan,nan,nan,nan,nan,nan,nan,nan,nan,nan,NOT_EVALUATED,nan,nan,nan,nan,DISABLED,nan,nan,nan,nan,nan,nan
1791356371.5208457,1791356371.5516236,1791356371.556697,1791356371.5567272,front_rgbd_red_sphere,True,True,True,,39.352,39.352,1791356371.5425189,1791356371.5516236,1791356371.5208457,1791356371.5208457,1791356371.5208457,0.0,1791356370.5288599,1791356371.5288613,1791356371.525632,1791356371.5288613,1791356371.525632,1791356371.5288613,1791356370.5288599,1791356371.5288613,1791356370.5288599,1791356371.5288613,1791356332.1688457,GAZEBO_CLOCK_SYSTEM_INTERPOLATION,MAPPED_EXACT,0,39.352,1791356371.5208457,0.003317117691040039,0.0,RGB,0.0,0,1,0,UNCALIBRATED,PREPARATION,FAR,STRAIGHT,1.0,54,1.0,18.20765495300293,0.36434659361839294,nan,nan,False,0.0,0.0,0.0,0.0,0,0,0,0,0,0.0,0.0,0.0,0.0,0.0,0.0,0.0,0.0,0.0,0.0,0.0,0.0,0.0,0.0,17.012445557207922,1.2883784164405014,6.3588880413382824,0.0,0.0,0.0,0.0,0.0,0.0,0.0,0.0,0.0,0.0,0.0,False,DISABLED,0,nan,nan,nan,nan,nan,nan,nan,nan,nan,nan,nan,nan,nan,nan,nan,nan,nan,nan,nan,nan,nan,nan,nan,nan,nan,nan,nan,nan,nan,nan,nan,nan,nan,nan,42.67167882073802,5.160179093784645,-0.19646939805553337,0.06868411508099417,0.06868411508099417,0.06868411508099417,42.73480326170884,5.219358897245998,-0.12595016689285402,-0.06312444097081737,-0.059179803461352876,-0.07051923116267936,0.08652712976634878,0.11162394971231741,0.030777931213378906,False,DISABLED,none,MODEL_ORIGIN_FRAME_NOT_ESTABLISHED,nan,nan,nan,nan,nan,nan,nan,nan,nan,nan,nan,nan,nan,NOT_EVALUATED,nan,nan,nan,nan,DISABLED,nan,nan,nan,nan,nan,nan
1791356371.5688455,1791356371.592526,1791356371.599819,1791356371.5998733,front_rgbd_red_sphere,True,True,True,,39.4,39.4,1791356371.592526,1791356371.5913882,1791356371.5688455,1791356371.5688455,1791356371.5688455,0.0,1791356370.568865,1791356371.584866,1791356371.581632,1791356371.584866,1791356371.5856318,1791356371.5888495,1791356370.568865,1791356371.584866,1791356370.568865,1791356371.5888495,1791356332.1688454,GAZEBO_CLOCK_SYSTEM_INTERPOLATION,MAPPED_EXACT,0,39.4,1791356371.5688455,0.001678466796875,0.0,RGB,0.0,0,1,0,UNCALIBRATED,PREPARATION,FAR,STRAIGHT,1.0,54,1.0,18.050540924072266,0.36814627051353455,nan,nan,False,0.0,0.0,0.0,0.0,0,0,0,0,0,0.0,0.0,0.0,0.0,0.0,0.0,0.0,0.0,0.0,0.0,0.0,0.0,0.0,0.0,16.841084297262363,1.1309725851224322,6.396938319529914,0.0,0.0,0.0,0.0,0.0,0.0,0.0,0.0,0.0,0.0,0.0,False,DISABLED,0,nan,nan,nan,nan,nan,nan,nan,nan,nan,nan,nan,nan,nan,nan,nan,nan,nan,nan,nan,nan,nan,nan,nan,nan,nan,nan,nan,nan,nan,nan,nan,nan,nan,nan,42.813809331052084,5.019128040030524,-0.19134055730517735,0.06786306990451935,0.06786306990451935,0.06786306990451935,42.872166622145365,5.085498105894472,-0.1194763965919667,-0.05835729109328014,-0.06637006586394811,-0.07186416071321065,0.08837736738854945,0.11390793063498614,0.023680448532104492,False,DISABLED,none,MODEL_ORIGIN_FRAME_NOT_ESTABLISHED,nan,nan,nan,nan,nan,nan,nan,nan,nan,nan,nan,nan,nan,NOT_EVALUATED,nan,nan,nan,nan,DISABLED,nan,nan,nan,nan,nan,nan
1791356371.6208506,1791356371.6428885,1791356371.6463754,1791356371.6463983,front_rgbd_red_sphere,True,True,True,,39.452,39.452,1791356371.6428885,1791356371.6408234,1791356371.6208506,1791356371.6208506,1791356371.6208506,0.0,1791356370.608851,1791356371.6248534,1791356371.6216319,1791356371.6248534,1791356371.6256318,1791356371.6288435,1791356370.608851,1791356371.6248534,1791356370.608851,1791356371.6288435,1791356332.1688507,GAZEBO_CLOCK_SYSTEM_INTERPOLATION,MAPPED_EXACT,0,39.452,1791356371.6208506,0.002311229705810547,0.0,RGB,0.0,0,1,0,UNCALIBRATED,PREPARATION,FAR,STRAIGHT,1.0,52,1.0,17.867034912109375,0.37268441915512085,nan,nan,False,0.0,0.0,0.0,0.0,0,0,0,0,0,0.0,0.0,0.0,0.0,0.0,0.0,0.0,0.0,0.0,0.0,0.0,0.0,0.0,0.0,16.640520510705464,0.9582360551336997,6.434731395860997,0.0,0.0,0.0,0.0,0.0,0.0,0.0,0.0,0.0,0.0,0.0,False,DISABLED,0,nan,nan,nan,nan,nan,nan,nan,nan,nan,nan,nan,nan,nan,nan,nan,nan,nan,nan,nan,nan,nan,nan,nan,nan,nan,nan,nan,nan,nan,nan,nan,nan,nan,nan,42.95535175562867,4.877778212594709,-0.18515935324025484,0.06691034528567696,0.06691034528567696,0.06691034528567696,43.021054189408396,4.94020058370839,-0.11169430221480194,-0.06570243377972673,-0.062422371113680875,-0.07346505102545291,0.09062760186628287,0.11666394448245729,0.022037982940673828,False,DISABLED,none,MODEL_ORIGIN_FRAME_NOT_ESTABLISHED,nan,nan,nan,nan,nan,nan,nan,nan,nan,nan,nan,nan,nan,NOT_EVALUATED,nan,nan,nan,nan,DISABLED,nan,nan,nan,nan,nan,nan
1791356371.668863,1791356371.6944132,1791356371.6983042,1791356371.6983325,front_rgbd_red_sphere,True,True,True,,39.5,39.5,1791356371.6944132,1791356371.691935,1791356371.668863,1791356371.668863,1791356371.668863,0.0,1791356370.6688628,1791356371.688861,1791356371.685632,1791356371.688861,1791356371.685632,1791356371.688861,1791356370.6648624,1791356371.688861,1791356370.6688628,1791356371.688861,1791356332.168863,GAZEBO_CLOCK_SYSTEM_INTERPOLATION,MAPPED_EXACT,0,39.5,1791356371.668863,0.002279996871948242,0.0,RGB,0.0,0,1,0,UNCALIBRATED,PREPARATION,FAR,STRAIGHT,1.0,55,1.0,17.709667205810547,0.3778243958950043,nan,nan,False,0.0,0.0,0.0,0.0,0,0,0,0,0,0.0,0.0,0.0,0.0,0.0,0.0,0.0,0.0,0.0,0.0,0.0,0.0,0.0,0.0,16.46059334428688,0.8153582828157262,6.482001726641775,0.0,0.0,0.0,0.0,0.0,0.0,0.0,0.0,0.0,0.0,0.0,False,DISABLED,0,nan,nan,nan,nan,nan,nan,nan,nan,nan,nan,nan,nan,nan,nan,nan,nan,nan,nan,nan,nan,nan,nan,nan,nan,nan,nan,nan,nan,nan,nan,nan,nan,nan,nan,43.09643479073222,4.736641362096043,-0.1783996531219269,0.06609869533098695,0.06609869533098695,0.06609869533098695,43.15852781250993,4.805854472169978,-0.10383702573443179,-0.06209302177771292,-0.06921311007393527,-0.07456262738749511,0.09298385859703936,0.11918717784443361,0.025550127029418945,False,DISABLED,none,MODEL_ORIGIN_FRAME_NOT_ESTABLISHED,nan,nan,nan,nan,nan,nan,nan,nan,nan,nan,nan,nan,nan,NOT_EVALUATED,nan,nan,nan,nan,DISABLED,nan,nan,nan,nan,nan,nan
1791356371.7208636,1791356371.743795,1791356371.749582,1791356371.749607,front_rgbd_red_sphere,True,True,True,,39.552,39.552,1791356371.743795,1791356371.7415893,1791356371.7208636,1791356371.7208636,1791356371.7208636,0.0,1791356370.7088523,1791356371.7288506,1791356371.725632,1791356371.7288506,1791356371.725632,1791356371.7288506,1791356370.7048614,1791356371.7288506,1791356370.7088523,1791356371.7288506,1791356332.1688635,GAZEBO_CLOCK_SYSTEM_INTERPOLATION,MAPPED_EXACT,0,39.552,1791356371.7208636,0.0032455921173095703,0.0,RGB,0.0,0,1,0,UNCALIBRATED,PREPARATION,FAR,STRAIGHT,1.0,57,1.0,17.527076721191406,0.38395044207572937,nan,nan,False,0.0,0.0,0.0,0.0,0,0,0,0,0,0.0,0.0,0.0,0.0,0.0,0.0,0.0,0.0,0.0,0.0,0.0,0.0,0.0,0.0,16.250967157988658,0.6603109627856014,6.532111357945139,0.0,0.0,0.0,0.0,0.0,0.0,0.0,0.0,0.0,0.0,0.0,False,DISABLED,0,nan,nan,nan,nan,nan,nan,nan,nan,nan,nan,nan,nan,nan,nan,nan,nan,nan,nan,nan,nan,nan,nan,nan,nan,nan,nan,nan,nan,nan,nan,nan,nan,nan,nan,43.238268330631946,4.595130780706419,-0.17034788965593467,0.06516316525413295,0.06516316525413295,0.06516316525413295,43.30722776599832,4.660343031729754,-0.09467076479047588,-0.06895943536637361,-0.06521225102333528,-0.07567712486545879,0.09491070229209955,0.12138809100353211,0.022931337356567383,False,DISABLED,none,MODEL_ORIGIN_FRAME_NOT_ESTABLISHED,nan,nan,nan,nan,nan,nan,nan,nan,nan,nan,nan,nan,nan,NOT_EVALUATED,nan,nan,nan,nan,DISABLED,nan,nan,nan,nan,nan,nan
1791356371.7688475,1791356371.7924087,1791356371.7959058,1791356371.79593,front_rgbd_red_sphere,True,True,True,,39.6,39.6,1791356371.7924087,1791356371.7918034,1791356371.7688475,1791356371.7688475,1791356371.7688475,0.0,1791356370.748862,1791356371.7688475,1791356371.765632,1791356371.7688475,1791356371.765632,1791356371.7688475,1791356370.7448835,1791356371.7688475,1791356370.748862,1791356371.7688475,1791356332.1688476,GAZEBO_CLOCK_SYSTEM_INTERPOLATION,MAPPED_EXACT,0,39.6,1791356371.7688475,0.0037899017333984375,0.0,RGB,0.0,0,1,0,UNCALIBRATED,PREPARATION,FAR,STRAIGHT,1.0,62,1.0,17.37114715576172,0.39060190320014954,nan,nan,False,0.0,0.0,0.0,0.0,0,0,0,0,0,0.0,0.0,0.0,0.0,0.0,0.0,0.0,0.0,0.0,0.0,0.0,0.0,0.0,0.0,16.062752923422867,0.5358355420779652,6.592237087729133,0.0,0.0,0.0,0.0,0.0,0.0,0.0,0.0,0.0,0.0,0.0,False,DISABLED,0,nan,nan,nan,nan,nan,nan,nan,nan,nan,nan,nan,nan,nan,nan,nan,nan,nan,nan,nan,nan,nan,nan,nan,nan,nan,nan,nan,nan,nan,nan,nan,nan,nan,nan,43.379467892072725,4.454196058879054,-0.16158074071674505,0.06436950897730036,0.06436950897730036,0.06436950897730036,43.44433868972006,4.5259966390134165,-0.08564907831834771,-0.0648707976473375,-0.07180058013436241,-0.07593166239839734,0.09676540546617271,0.12300065467149757,0.02356123924255371,False,DISABLED,none,MODEL_ORIGIN_FRAME_NOT_ESTABLISHED,nan,nan,nan,nan,nan,nan,nan,nan,nan,nan,nan,nan,nan,NOT_EVALUATED,nan,nan,nan,nan,DISABLED,nan,nan,nan,nan,nan,nan
1791356371.82086,1791356371.8467968,1791356371.8523693,1791356371.852439,front_rgbd_red_sphere,True,True,True,,39.652,39.652,1791356371.8467968,1791356371.8416882,1791356371.82086,1791356371.82086,1791356371.82086,0.0,1791356370.8288517,1791356371.8248622,1791356371.821632,1791356371.8248622,1791356371.8256319,1791356371.8288627,1791356370.8248556,1791356371.8248622,1791356370.8288517,1791356371.8288627,1791356332.16886,GAZEBO_CLOCK_SYSTEM_INTERPOLATION,MAPPED_EXACT,0,39.652,1791356371.82086,0.002199411392211914,0.0,RGB,0.0,0,1,0,UNCALIBRATED,PREPARATION,FAR,STRAIGHT,1.0,62,1.0,17.190488815307617,0.3979100286960602,nan,nan,False,0.0,0.0,0.0,0.0,0,0,0,0,0,0.0,0.0,0.0,0.0,0.0,0.0,0.0,0.0,0.0,0.0,0.0,0.0,0.0,0.0,15.847445157993706,0.4028028618350792,6.648995405611291,0.0,0.0,0.0,0.0,0.0,0.0,0.0,0.0,0.0,0.0,0.0,False,DISABLED,0,nan,nan,nan,nan,nan,nan,nan,nan,nan,nan,nan,nan,nan,nan,nan,nan,nan,nan,nan,nan,nan,nan,nan,nan,nan,nan,nan,nan,nan,nan,nan,nan,nan,nan,43.52114017590213,4.313430603099789,-0.15138292558472205,0.06345607302354912,0.06345607302354912,0.06345607302354912,43.59227883588508,4.380857847677513,-0.07536547694319894,-0.07113865998294955,-0.06742724457772376,-0.07601744864152311,0.09801603060476324,0.12403948868598455,0.02593684196472168,False,DISABLED,none,MODEL_ORIGIN_FRAME_NOT_ESTABLISHED,nan,nan,nan,nan,nan,nan,nan,nan,nan,nan,nan,nan,nan,NOT_EVALUATED,nan,nan,nan,nan,DISABLED,nan,nan,nan,nan,nan,nan
1791356371.8688486,1791356371.898906,1791356371.9034855,1791356371.9035108,front_rgbd_red_sphere,True,True,True,,39.7,39.7,1791356371.898906,1791356371.8965044,1791356371.8688486,1791356371.8688486,1791356371.8688486,0.0,1791356370.888866,1791356371.8895326,1791356371.885632,1791356371.8895326,1791356371.885632,1791356371.8895326,1791356370.888866,1791356371.8895326,1791356370.888866,1791356371.8895326,1791356332.1688485,GAZEBO_CLOCK_SYSTEM_INTERPOLATION,MAPPED_EXACT,0,39.7,1791356371.8688486,0.0023453235626220703,0.0,RGB,0.0,0,1,0,UNCALIBRATED,PREPARATION,FAR,STRAIGHT,1.0,64,1.0,17.038864135742188,0.40477123856544495,nan,nan,False,0.0,0.0,0.0,0.0,0,0,0,0,0,0.0,0.0,0.0,0.0,0.0,0.0,0.0,0.0,0.0,0.0,0.0,0.0,0.0,0.0,15.661995509464456,0.2992703425321359,6.703371906743818,0.0,0.0,0.0,0.0,0.0,0.0,0.0,0.0,0.0,0.0,0.0,False,DISABLED,0,nan,nan,nan,nan,nan,nan,nan,nan,nan,nan,nan,nan,nan,nan,nan,nan,nan,nan,nan,nan,nan,nan,nan,nan,nan,nan,nan,nan,nan,nan,nan,nan,nan,nan,43.66243950164708,4.171831207617993,-0.14075642424395335,0.06269446730642894,0.06269446730642894,0.06269446730642894,43.72901666813908,4.2465468382064335,-0.06541020683882562,-0.06657716649200296,-0.07471563058844044,-0.07534621740512773,0.10007469486504657,0.1252677014620806,0.030057430267333984,False,DISABLED,none,MODEL_ORIGIN_FRAME_NOT_ESTABLISHED,nan,nan,nan,nan,nan,nan,nan,nan,nan,nan,nan,nan,nan,NOT_EVALUATED,nan,nan,nan,nan,DISABLED,nan,nan,nan,nan,nan,nan
1791356371.9208634,1791356371.9404857,1791356371.9464428,1791356371.9464636,front_rgbd_red_sphere,True,True,True,,39.752,39.752,1791356371.9404857,1791356371.9371076,1791356371.9208634,1791356371.9208634,1791356371.9208634,0.0,1791356370.908854,1791356371.9288547,1791356371.925632,1791356371.9288547,1791356371.925632,1791356371.9288547,1791356370.9048607,1791356371.9288547,1791356370.908854,1791356371.9288547,1791356332.1688633,GAZEBO_CLOCK_SYSTEM_INTERPOLATION,MAPPED_EXACT,0,39.752,1791356371.9208634,0.0039064884185791016,0.0,RGB,0.0,0,1,0,UNCALIBRATED,PREPARATION,FAR,STRAIGHT,1.0,65,1.0,16.860986709594727,0.41121214628219604,nan,nan,False,0.0,0.0,0.0,0.0,0,0,0,0,0,0.0,0.0,0.0,0.0,0.0,0.0,0.0,0.0,0.0,0.0,0.0,0.0,0.0,0.0,15.455404397326541,0.1873773368909184,6.737080636171072,0.0,0.0,0.0,0.0,0.0,0.0,0.0,0.0,0.0,0.0,0.0,False,DISABLED,0,nan,nan,nan,nan,nan,nan,nan,nan,nan,nan,nan,nan,nan,nan,nan,nan,nan,nan,nan,nan,nan,nan,nan,nan,nan,nan,nan,nan,nan,nan,nan,nan,nan,nan,43.804584724410944,4.032848011672852,-0.1286254924977745,0.06180686867569784,0.06180686867569784,0.06180686867569784,43.87784545071959,4.100188158099043,-0.054149254601493536,-0.07326072630864644,-0.0673401464261918,-0.07447623789628097,0.09950793606527748,0.12429215321634261,0.019622325897216797,False,DISABLED,none,MODEL_ORIGIN_FRAME_NOT_ESTABLISHED,nan,nan,nan,nan,nan,nan,nan,nan,nan,nan,nan,nan,nan,NOT_EVALUATED,nan,nan,nan,nan,DISABLED,nan,nan,nan,nan,nan,nan
1791356371.9688778,1791356371.992155,1791356371.9970973,1791356371.9971235,front_rgbd_red_sphere,True,True,True,,39.8,39.8,1791356371.992155,1791356371.989038,1791356371.9688778,1791356371.9688778,1791356371.9688778,0.0,1791356370.9688482,1791356371.9688778,1791356371.965632,1791356371.9688778,1791356371.965632,1791356371.9688778,1791356370.9688482,1791356371.9688778,1791356370.9688482,1791356371.9688778,1791356332.1688778,GAZEBO_CLOCK_SYSTEM_INTERPOLATION,MAPPED_EXACT,0,39.8,1791356371.9688778,0.0036673545837402344,0.0,RGB,0.0,0,1,0,UNCALIBRATED,PREPARATION,FAR,STRAIGHT,1.0,66,1.0,16.710731506347656,0.41664227843284607,nan,nan,False,0.0,0.0,0.0,0.0,0,0,0,0,0,0.0,0.0,0.0,0.0,0.0,0.0,0.0,0.0,0.0,0.0,0.0,0.0,0.0,0.0,15.28117814516331,0.10152881513443468,6.761941967965475,0.0,0.0,0.0,0.0,0.0,0.0,0.0,0.0,0.0,0.0,0.0,False,DISABLED,0,nan,nan,nan,nan,nan,nan,nan,nan,nan,nan,nan,nan,nan,nan,nan,nan,nan,nan,nan,nan,nan,nan,nan,nan,nan,nan,nan,nan,nan,nan,nan,nan,nan,nan,43.94525168971991,3.894737812324993,-0.11651672372746708,0.061062028899878266,0.061062028899878266,0.061062028899878266,44.01491603004799,3.965238574214012,-0.04344665095334256,-0.06966434032808166,-0.07050076188901899,-0.07307007277412451,0.09911345892601538,0.12313696957248375,0.02327728271484375,False,DISABLED,none,MODEL_ORIGIN_FRAME_NOT_ESTABLISHED,nan,nan,nan,nan,nan,nan,nan,nan,nan,nan,nan,nan,nan,NOT_EVALUATED,nan,nan,nan,nan,DISABLED,nan,nan,nan,nan,nan,nan
1791356372.0208528,1791356372.0531502,1791356372.0598402,1791356372.0598693,front_rgbd_red_sphere,True,True,True,,39.852,39.852,1791356372.0531502,1791356372.0413017,1791356372.0208528,1791356372.0208528,1791356372.0208528,0.0,1791356371.0288484,1791356372.0248609,1791356372.021632,1791356372.0248609,1791356372.045632,1791356372.0488443,1791356371.024856,1791356372.0248609,1791356371.0288484,1791356372.0488443,1791356332.1688528,GAZEBO_CLOCK_SYSTEM_INTERPOLATION,MAPPED_EXACT,0,39.852,1791356372.0208528,0.0019145011901855469,0.0,RGB,0.0,0,1,0,UNCALIBRATED,PREPARATION,FAR,STRAIGHT,1.0,67,1.0,16.536848068237305,0.4213792681694031,nan,nan,False,0.0,0.0,0.0,0.0,0,0,0,0,0,0.0,0.0,0.0,0.0,0.0,0.0,0.0,0.0,0.0,0.0,0.0,0.0,0.0,0.0,15.09029745169798,0.012718798507417972,6.763880448322025,0.0,0.0,0.0,0.0,0.0,0.0,0.0,0.0,0.0,0.0,0.0,False,DISABLED,0,nan,nan,nan,nan,nan,nan,nan,nan,nan,nan,nan,nan,nan,nan,nan,nan,nan,nan,nan,nan,nan,nan,nan,nan,nan,nan,nan,nan,nan,nan,nan,nan,nan,nan,44.08714623142626,3.756698900168218,-0.10400300515827204,0.06020568740053817,0.06020568740053817,0.06020568740053817,44.162999293840436,3.819288743521939,-0.031602594110782964,-0.07585306241417555,-0.06258984335372109,-0.07240041104748908,0.09834213526587754,0.12211877451275678,0.032297372817993164,False,DISABLED,none,MODEL_ORIGIN_FRAME_NOT_ESTABLISHED,nan,nan,nan,nan,nan,nan,nan,nan,nan,nan,nan,nan,nan,NOT_EVALUATED,nan,nan,nan,nan,DISABLED,nan,nan,nan,nan,nan,nan
1791356372.0688493,1791356372.091637,1791356372.0971642,1791356372.0971968,front_rgbd_red_sphere,True,True,True,,39.9,39.9,1791356372.091637,1791356372.0906734,1791356372.0688493,1791356372.0688493,1791356372.0688493,0.0,1791356371.068857,1791356372.0888577,1791356372.085644,1791356372.0888577,1791356372.085644,1791356372.0888577,1791356371.0648618,1791356372.0888577,1791356371.068857,1791356372.0888577,1791356332.1688492,GAZEBO_CLOCK_SYSTEM_INTERPOLATION,MAPPED_EXACT,0,39.9,1791356372.0688493,0.0012023448944091797,0.0,RGB,0.0,0,1,0,UNCALIBRATED,PREPARATION,FAR,STRAIGHT,1.0,70,1.0,16.390424728393555,0.42490771412849426,nan,nan,False,0.0,0.0,0.0,0.0,0,0,0,0,0,0.0,0.0,0.0,0.0,0.0,0.0,0.0,0.0,0.0,0.0,0.0,0.0,0.0,0.0,14.93293511290147,-0.04926123440597863,6.756555206213113,0.0,0.0,0.0,0.0,0.0,0.0,0.0,0.0,0.0,0.0,0.0,False,DISABLED,0,nan,nan,nan,nan,nan,nan,nan,nan,nan,nan,nan,nan,nan,nan,nan,nan,nan,nan,nan,nan,nan,nan,nan,nan,nan,nan,nan,nan,nan,nan,nan,nan,nan,nan,44.228521519502046,3.618075996465088,-0.09121767032408895,0.05948928083612472,0.05948928083612472,0.05948928083612472,44.299722692714575,3.6843931114844097,-0.020471985198922515,-0.07120117321252906,-0.0663171150193218,-0.07074568512516644,0.09730142245273973,0.12030178209467937,0.02278757095336914,False,DISABLED,none,MODEL_ORIGIN_FRAME_NOT_ESTABLISHED,nan,nan,nan,nan,nan,nan,nan,nan,nan,nan,nan,nan,nan,NOT_EVALUATED,nan,nan,nan,nan,DISABLED,nan,nan,nan,nan,nan,nan
1791356372.1208584,1791356372.1527884,1791356372.1588686,1791356372.1588964,front_rgbd_red_sphere,True,True,True,,39.952,39.952,1791356372.1527884,1791356372.1395879,1791356372.1208584,1791356372.1208584,1791356372.1208584,0.0,1791356371.1288493,1791356372.128859,1791356372.125644,1791356372.128859,1791356372.125644,1791356372.128859,1791356371.1288493,1791356372.128859,1791356371.1288493,1791356372.128859,1791356332.1688585,GAZEBO_CLOCK_SYSTEM_INTERPOLATION,MAPPED_EXACT,0,39.952,1791356372.1208584,0.0015327930450439453,0.0,RGB,0.0,0,1,0,UNCALIBRATED,PREPARATION,FAR,STRAIGHT,1.0,70,1.0,16.219482421875,0.4275515079498291,nan,nan,False,0.0,0.0,0.0,0.0,0,0,0,0,0,0.0,0.0,0.0,0.0,0.0,0.0,0.0,0.0,0.0,0.0,0.0,0.0,0.0,0.0,14.75946501279922,-0.11178190724678672,6.72438133934118,0.0,0.0,0.0,0.0,0.0,0.0,0.0,0.0,0.0,0.0,0.0,False,DISABLED,0,nan,nan,nan,nan,nan,nan,nan,nan,nan,nan,nan,nan,nan,nan,nan,nan,nan,nan,nan,nan,nan,nan,nan,nan,nan,nan,nan,nan,nan,nan,nan,nan,nan,nan,44.37065925721176,3.48043694359923,-0.0785996329014455,0.05865833243369595,0.05865833243369595,0.05865833243369595,44.44770905517454,3.538238716790689,-0.008289402742190926,-0.07704979796277911,-0.05780177319145885,-0.07031023015925458,0.09632090297636298,0.1192528608261843,0.031929969787597656,False,DISABLED,none,MODEL_ORIGIN_FRAME_NOT_ESTABLISHED,nan,nan,nan,nan,nan,nan,nan,nan,nan,nan,nan,nan,nan,NOT_EVALUATED,nan,nan,nan,nan,DISABLED,nan,nan,nan,nan,nan,nan
1791356372.168854,1791356372.2031543,1791356372.2089987,1791356372.2090485,front_rgbd_red_sphere,True,True,True,,40.0,40.0,1791356372.2031543,1791356372.1908143,1791356372.168854,1791356372.168854,1791356372.168854,0.0,1791356371.1848605,1791356372.1848655,1791356372.181644,1791356372.1848655,1791356372.185644,1791356372.1888542,1791356371.1848605,1791356372.1848655,1791356371.1688492,1791356372.1888542,1791356332.168854,GAZEBO_CLOCK_SYSTEM_INTERPOLATION,MAPPED_EXACT,0,40.0,1791356372.168854,0.0028345584869384766,0.0,RGB,0.0,0,1,0,UNCALIBRATED,PREPARATION,FAR,STRAIGHT,1.0,74,1.0,16.07594108581543,0.4294573664665222,nan,nan,False,0.0,0.0,0.0,0.0,0,0,0,0,0,0.0,0.0,0.0,0.0,0.0,0.0,0.0,0.0,0.0,0.0,0.0,0.0,0.0,0.0,14.616113629489993,-0.15068915826632612,6.691963721751874,0.0,0.0,0.0,0.0,0.0,0.0,0.0,0.0,0.0,0.0,0.0,False,DISABLED,0,nan,nan,nan,nan,nan,nan,nan,nan,nan,nan,nan,nan,nan,nan,nan,nan,nan,nan,nan,nan,nan,nan,nan,nan,nan,nan,nan,nan,nan,nan,nan,nan,nan,nan,44.51256529328954,3.342632271704541,-0.06551180569262577,0.05796509114781499,0.05796509114781499,0.05796509114781499,44.58425148889021,3.4032556083796988,0.0030071977256614945,-0.07168619560066958,-0.060623336675157624,-0.06851900341828726,0.09388343618193237,0.11622802337974363,0.03430032730102539,False,DISABLED,none,MODEL_ORIGIN_FRAME_NOT_ESTABLISHED,nan,nan,nan,nan,nan,nan,nan,nan,nan,nan,nan,nan,nan,NOT_EVALUATED,nan,nan,nan,nan,DISABLED,nan,nan,nan,nan,nan,nan
1791356372.220842,1791356372.2399893,1791356372.2446215,1791356372.244658,front_rgbd_red_sphere,True,True,True,,40.052,40.052,1791356372.2399893,1791356372.2386734,1791356372.220842,1791356372.220842,1791356372.220842,0.0,1791356371.228859,1791356372.2248776,1791356372.221644,1791356372.2248776,1791356372.2256439,1791356372.2288597,1791356371.224866,1791356372.2248776,1791356371.228859,1791356372.2288597,1791356332.1688418,GAZEBO_CLOCK_SYSTEM_INTERPOLATION,MAPPED_EXACT,0,40.052,1791356372.220842,0.003412008285522461,0.0,RGB,0.0,0,1,0,UNCALIBRATED,PREPARATION,FAR,STRAIGHT,1.0,78,1.0,15.907837867736816,0.4306143522262573,nan,nan,False,0.0,0.0,0.0,0.0,0,0,0,0,0,0.0,0.0,0.0,0.0,0.0,0.0,0.0,0.0,0.0,0.0,0.0,0.0,0.0,0.0,14.455603224989954,-0.19020932040927718,6.637670722096605,0.0,0.0,0.0,0.0,0.0,0.0,0.0,0.0,0.0,0.0,0.0,False,DISABLED,0,nan,nan,nan,nan,nan,nan,nan,nan,nan,nan,nan,nan,nan,nan,nan,nan,nan,nan,nan,nan,nan,nan,nan,nan,nan,nan,nan,nan,nan,nan,nan,nan,nan,nan,44.654935446788585,3.20538396695512,-0.05276414392820866,0.057158472830138626,0.057158472830138626,0.057158472830138626,44.732101481289476,3.2569593512358557,0.015224157512375224,-0.0771660345008911,-0.051575384280735825,-0.06798830144058389,0.0928149618558252,0.1150522762794113,0.019147396087646484,False,DISABLED,none,MODEL_ORIGIN_FRAME_NOT_ESTABLISHED,nan,nan,nan,nan,nan,nan,nan,nan,nan,nan,nan,nan,nan,NOT_EVALUATED,nan,nan,nan,nan,DISABLED,nan,nan,nan,nan,nan,nan
1791356372.268853,1791356372.3003318,1791356372.3088818,1791356372.3089263,front_rgbd_red_sphere,True,True,True,,40.1,40.1,1791356372.3003318,1791356372.2895653,1791356372.268853,1791356372.268853,1791356372.268853,0.0,1791356371.2688577,1791356372.2888553,1791356372.2856438,1791356372.2888553,1791356372.2856438,1791356372.2888553,1791356371.264871,1791356372.2888553,1791356371.2688577,1791356372.2888553,1791356332.168853,GAZEBO_CLOCK_SYSTEM_INTERPOLATION,MAPPED_EXACT,0,40.1,1791356372.268853,0.004129171371459961,0.0,RGB,0.0,0,1,0,UNCALIBRATED,PREPARATION,FAR,STRAIGHT,1.0,74,1.0,15.766979217529297,0.43127381801605225,nan,nan,False,0.0,0.0,0.0,0.0,0,0,0,0,0,0.0,0.0,0.0,0.0,0.0,0.0,0.0,0.0,0.0,0.0,0.0,0.0,0.0,0.0,14.323260105652253,-0.21052787097529801,6.587680657144759,0.0,0.0,0.0,0.0,0.0,0.0,0.0,0.0,0.0,0.0,0.0,False,DISABLED,0,nan,nan,nan,nan,nan,nan,nan,nan,nan,nan,nan,nan,nan,nan,nan,nan,nan,nan,nan,nan,nan,nan,nan,nan,nan,nan,nan,nan,nan,nan,nan,nan,nan,nan,44.797586442082306,3.0672484566933402,-0.04003049304382905,0.05648693084119019,0.05648693084119019,0.05648693084119019,44.86853330768857,3.121841112790914,0.026413465136399125,-0.07094686560626684,-0.05459265609757358,-0.06644395818022818,0.08951991867255928,0.11148370023370024,0.0314788818359375,False,DISABLED,none,MODEL_ORIGIN_FRAME_NOT_ESTABLISHED,nan,nan,nan,nan,nan,nan,nan,nan,nan,nan,nan,nan,nan,NOT_EVALUATED,nan,nan,nan,nan,DISABLED,nan,nan,nan,nan,nan,nan
1791356372.320849,1791356372.3450878,1791356372.3502774,1791356372.3503406,front_rgbd_red_sphere,True,True,True,,40.152,40.152,1791356372.3450878,1791356372.341562,1791356372.320849,1791356372.320849,1791356372.320849,0.0,1791356371.328853,1791356372.3288598,1791356372.325644,1791356372.3288598,1791356372.325644,1791356372.3288598,1791356371.328853,1791356372.3288598,1791356371.328853,1791356372.3288598,1791356332.168849,GAZEBO_CLOCK_SYSTEM_INTERPOLATION,MAPPED_EXACT,0,40.152,1791356372.320849,0.0008976459503173828,0.0,RGB,0.0,0,1,0,UNCALIBRATED,PREPARATION,FAR,STRAIGHT,1.0,79,1.0,15.60097885131836,0.4314053952693939,nan,nan,False,0.0,0.0,0.0,0.0,0,0,0,0,0,0.0,0.0,0.0,0.0,0.0,0.0,0.0,0.0,0.0,0.0,0.0,0.0,0.0,0.0,14.171601053780764,-0.23348034633230696,6.519335831922994,0.0,0.0,0.0,0.0,0.0,0.0,0.0,0.0,0.0,0.0,0.0,False,DISABLED,0,nan,nan,nan,nan,nan,nan,nan,nan,nan,nan,nan,nan,nan,nan,nan,nan,nan,nan,nan,nan,nan,nan,nan,nan,nan,nan,nan,nan,nan,nan,nan,nan,nan,nan,44.94008897422205,2.9295999066369562,-0.02778188197588033,0.055700618469244234,0.055700618469244234,0.055700618469244234,45.01618401335029,2.9754889089735133,0.0383579489407064,-0.07609503912824067,-0.04588900233655702,-0.06613983091658673,0.0888608773047679,0.11077333952286397,0.02423882484436035,False,DISABLED,none,MODEL_ORIGIN_FRAME_NOT_ESTABLISHED,nan,nan,nan,nan,nan,nan,nan,nan,nan,nan,nan,nan,nan,NOT_EVALUATED,nan,nan,nan,nan,DISABLED,nan,nan,nan,nan,nan,nan
1791356372.3688564,1791356372.3875742,1791356372.3929892,1791356372.3930345,front_rgbd_red_sphere,True,True,True,,40.2,40.2,1791356372.3875742,1791356372.3859491,1791356372.3688564,1791356372.3688564,1791356372.3688564,0.0,1791356371.3488674,1791356372.3688564,1791356372.365644,1791356372.3688564,1791356372.365644,1791356372.3688564,1791356371.3448567,1791356372.3688564,1791356371.3488674,1791356372.3688564,1791356332.1688564,GAZEBO_CLOCK_SYSTEM_INTERPOLATION,MAPPED_EXACT,0,40.2,1791356372.3688564,0.0030431747436523438,0.0,RGB,0.0,0,1,0,UNCALIBRATED,PREPARATION,FAR,STRAIGHT,1.0,81,1.0,15.462526321411133,0.43142032623291016,nan,nan,False,0.0,0.0,0.0,0.0,0,0,0,0,0,0.0,0.0,0.0,0.0,0.0,0.0,0.0,0.0,0.0,0.0,0.0,0.0,0.0,0.0,14.045737337607118,-0.24209215850305554,6.46129804798627,0.0,0.0,0.0,0.0,0.0,0.0,0.0,0.0,0.0,0.0,0.0,False,DISABLED,0,nan,nan,nan,nan,nan,nan,nan,nan,nan,nan,nan,nan,nan,nan,nan,nan,nan,nan,nan,nan,nan,nan,nan,nan,nan,nan,nan,nan,nan,nan,nan,nan,nan,nan,45.082964267362584,2.7909393363499024,-0.015538184700281066,0.05504901386437944,0.05504901386437944,0.05504901386437944,45.15248494174272,2.8402772284983153,0.04916187264993518,-0.06952067438013643,-0.04933789214841289,-0.06470005735021625,0.08524876402574631,0.10702078858352078,0.01871776580810547,False,DISABLED,none,MODEL_ORIGIN_FRAME_NOT_ESTABLISHED,nan,nan,nan,nan,nan,nan,nan,nan,nan,nan,nan,nan,nan,NOT_EVALUATED,nan,nan,nan,nan,DISABLED,nan,nan,nan,nan,nan,nan
1791356372.4208374,1791356372.450395,1791356372.4567645,1791356372.4567978,front_rgbd_red_sphere,True,True,True,,40.252,40.252,1791356372.450395,1791356372.445089,1791356372.4208374,1791356372.4208374,1791356372.4208374,0.0,1791356371.4288476,1791356372.4248564,1791356372.421644,1791356372.4248564,1791356372.425644,1791356372.4288573,1791356371.4248536,1791356372.4248564,1791356371.4288476,1791356372.4288573,1791356332.1688373,GAZEBO_CLOCK_SYSTEM_INTERPOLATION,MAPPED_EXACT,0,40.252,1791356372.4208374,0.002839803695678711,0.0,RGB,0.0,0,1,0,UNCALIBRATED,PREPARATION,FAR,STRAIGHT,1.0,81,1.0,15.299199104309082,0.4311903119087219,nan,nan,False,0.0,0.0,0.0,0.0,0,0,0,0,0,0.0,0.0,0.0,0.0,0.0,0.0,0.0,0.0,0.0,0.0,0.0,0.0,0.0,0.0,13.898846131190755,-0.2547316843825005,6.389261950484046,0.0,0.0,0.0,0.0,0.0,0.0,0.0,0.0,0.0,0.0,0.0,False,DISABLED,0,nan,nan,nan,nan,nan,nan,nan,nan,nan,nan,nan,nan,nan,nan,nan,nan,nan,nan,nan,nan,nan,nan,nan,nan,nan,nan,nan,nan,nan,nan,nan,nan,nan,nan,45.22606300499889,2.6526979598869485,-0.003525015338571913,0.054285265917783244,0.054285265917783244,0.054285265917783244,45.29969977300222,2.6941276301357955,0.06052143469520286,-0.07363676800332541,-0.04142967024884703,-0.06404645003377477,0.08449136748155855,0.10602235113801513,0.02955770492553711,False,DISABLED,none,MODEL_ORIGIN_FRAME_NOT_ESTABLISHED,nan,nan,nan,nan,nan,nan,nan,nan,nan,nan,nan,nan,nan,NOT_EVALUATED,nan,nan,nan,nan,DISABLED,nan,nan,nan,nan,nan,nan
1791356372.4688573,1791356372.4927547,1791356372.5039337,1791356372.5039632,front_rgbd_red_sphere,True,True,True,,40.3,40.3,1791356372.4927547,1791356372.490805,1791356372.4688573,1791356372.4688573,1791356372.4688573,0.0,1791356371.468853,1791356372.4888585,1791356372.4856439,1791356372.4888585,1791356372.4856439,1791356372.4888585,1791356371.4648578,1791356372.4888585,1791356371.468853,1791356372.4888585,1791356332.1688573,GAZEBO_CLOCK_SYSTEM_INTERPOLATION,MAPPED_EXACT,0,40.3,1791356372.4688573,0.0032448768615722656,0.0,RGB,0.0,0,1,0,UNCALIBRATED,PREPARATION,FAR,STRAIGHT,1.0,82,1.0,15.163021087646484,0.4310189187526703,nan,nan,False,0.0,0.0,0.0,0.0,0,0,0,0,0,0.0,0.0,0.0,0.0,0.0,0.0,0.0,0.0,0.0,0.0,0.0,0.0,0.0,0.0,13.77621900146179,-0.2563773829114542,6.329871220818992,0.0,0.0,0.0,0.0,0.0,0.0,0.0,0.0,0.0,0.0,0.0,False,DISABLED,0,nan,nan,nan,nan,nan,nan,nan,nan,nan,nan,nan,nan,nan,nan,nan,nan,nan,nan,nan,nan,nan,nan,nan,nan,nan,nan,nan,nan,nan,nan,nan,nan,nan,nan,45.36925235788852,2.513587138854903,0.008090037820923934,0.05365255466804023,0.05365255466804023,0.05365255466804023,45.43597760422959,2.558737336825307,0.0706832077169329,-0.06672524634107191,-0.04515019797040409,-0.06259316989600897,0.08056549432631449,0.10202305520652699,0.023897409439086914,False,DISABLED,none,MODEL_ORIGIN_FRAME_NOT_ESTABLISHED,nan,nan,nan,nan,nan,nan,nan,nan,nan,nan,nan,nan,nan,NOT_EVALUATED,nan,nan,nan,nan,DISABLED,nan,nan,nan,nan,nan,nan
1791356372.5208466,1791356372.5457137,1791356372.551812,1791356372.5518403,front_rgbd_red_sphere,True,True,True,,40.352,40.352,1791356372.5457137,1791356372.5429616,1791356372.5208466,1791356372.5208466,1791356372.5208466,0.0,1791356371.508859,1791356372.5288603,1791356372.5256438,1791356372.5288603,1791356372.5256438,1791356372.5288603,1791356371.5048602,1791356372.5288603,1791356371.508859,1791356372.5288603,1791356332.1688466,GAZEBO_CLOCK_SYSTEM_INTERPOLATION,MAPPED_EXACT,0,40.352,1791356372.5208466,0.0018877983093261719,0.0,RGB,0.0,0,1,0,UNCALIBRATED,PREPARATION,FAR,STRAIGHT,1.0,86,1.0,15.00106143951416,0.43065959215164185,nan,nan,False,0.0,0.0,0.0,0.0,0,0,0,0,0,0.0,0.0,0.0,0.0,0.0,0.0,0.0,0.0,0.0,0.0,0.0,0.0,0.0,0.0,13.631323010884827,-0.26429792583051004,6.256917078664772,0.0,0.0,0.0,0.0,0.0,0.0,0.0,0.0,0.0,0.0,0.0,False,DISABLED,0,nan,nan,nan,nan,nan,nan,nan,nan,nan,nan,nan,nan,nan,nan,nan,nan,nan,nan,nan,nan,nan,nan,nan,nan,nan,nan,nan,nan,nan,nan,nan,nan,nan,nan,45.51169440071771,2.3751182403957802,0.019569441959608913,0.05290488080828693,0.05290488080828693,0.05290488080828693,45.58362880471144,2.4119469809743848,0.08124261603536734,-0.07193440399372975,-0.036828740578604524,-0.061673174075758425,0.08081407433448257,0.10165871832321158,0.02486705780029297,False,DISABLED,none,MODEL_ORIGIN_FRAME_NOT_ESTABLISHED,nan,nan,nan,nan,nan,nan,nan,nan,nan,nan,nan,nan,nan,NOT_EVALUATED,nan,nan,nan,nan,DISABLED,nan,nan,nan,nan,nan,nan
1791356372.5688581,1791356372.5900466,1791356372.5938087,1791356372.5938334,front_rgbd_red_sphere,True,True,True,,40.4,40.4,1791356372.5900466,1791356372.5880296,1791356372.5688581,1791356372.5688581,1791356372.5688581,0.0,1791356371.5688453,1791356372.5688581,1791356372.565644,1791356372.5688581,1791356372.565644,1791356372.5688581,1791356371.5688453,1791356372.5688581,1791356371.5688453,1791356372.5688581,1791356332.168858,GAZEBO_CLOCK_SYSTEM_INTERPOLATION,MAPPED_EXACT,0,40.4,1791356372.5688581,0.0014531612396240234,0.0,RGB,0.0,0,1,0,UNCALIBRATED,PREPARATION,FAR,STRAIGHT,1.0,86,1.0,14.866583824157715,0.43053677678108215,nan,nan,False,0.0,0.0,0.0,0.0,0,0,0,0,0,0.0,0.0,0.0,0.0,0.0,0.0,0.0,0.0,0.0,0.0,0.0,0.0,0.0,0.0,13.509886769530588,-0.26334808034175694,6.199106054519289,0.0,0.0,0.0,0.0,0.0,0.0,0.0,0.0,0.0,0.0,0.0,False,DISABLED,0,nan,nan,nan,nan,nan,nan,nan,nan,nan,nan,nan,nan,nan,nan,nan,nan,nan,nan,nan,nan,nan,nan,nan,nan,nan,nan,nan,nan,nan,nan,nan,nan,nan,nan,45.654627980637336,2.2355526897122164,0.03016856920554717,0.05228806465760902,0.05228806465760902,0.05228806465760902,45.719905385914934,2.276376634734063,0.0905095338694054,-0.06527740527759818,-0.04082394502184661,-0.06034096466385823,0.07699177960615378,0.09782007024883771,0.02118849754333496,False,DISABLED,none,MODEL_ORIGIN_FRAME_NOT_ESTABLISHED,nan,nan,nan,nan,nan,nan,nan,nan,nan,nan,nan,nan,nan,NOT_EVALUATED,nan,nan,nan,nan,DISABLED,nan,nan,nan,nan,nan,nan
1791356372.620839,1791356372.6501548,1791356372.6555605,1791356372.6555848,front_rgbd_red_sphere,True,True,True,,40.452,40.452,1791356372.6501548,1791356372.6379278,1791356372.620839,1791356372.620839,1791356372.620839,0.0,1791356371.6288435,1791356372.6248527,1791356372.621644,1791356372.6248527,1791356372.625644,1791356372.6288614,1791356371.6088526,1791356372.6248527,1791356371.6288435,1791356372.6288614,1791356332.1688392,GAZEBO_CLOCK_SYSTEM_INTERPOLATION,MAPPED_EXACT,0,40.452,1791356372.620839,0.0018143653869628906,0.0,RGB,0.0,0,1,0,UNCALIBRATED,PREPARATION,FAR,STRAIGHT,1.0,88,1.0,14.706572532653809,0.4303569197654724,nan,nan,False,0.0,0.0,0.0,0.0,0,0,0,0,0,0.0,0.0,0.0,0.0,0.0,0.0,0.0,0.0,0.0,0.0,0.0,0.0,0.0,0.0,13.365582078547531,-0.2693415264372945,6.129597053395374,0.0,0.0,0.0,0.0,0.0,0.0,0.0,0.0,0.0,0.0,0.0,False,DISABLED,0,nan,nan,nan,nan,nan,nan,nan,nan,nan,nan,nan,nan,nan,nan,nan,nan,nan,nan,nan,nan,nan,nan,nan,nan,nan,nan,nan,nan,nan,nan,nan,nan,nan,nan,45.79699831197647,2.096130080236181,0.040343362666581284,0.0515588457078425,0.0515588457078425,0.0515588457078425,45.86735747301987,2.1295994258884026,0.09995925603818508,-0.0703591610433989,-0.033469345652221705,-0.05961589337160379,0.07791411066757313,0.09810536878078216,0.029315710067749023,False,DISABLED,none,MODEL_ORIGIN_FRAME_NOT_ESTABLISHED,nan,nan,nan,nan,nan,nan,nan,nan,nan,nan,nan,nan,nan,NOT_EVALUATED,nan,nan,nan,nan,DISABLED,nan,nan,nan,nan,nan,nan
1791356372.6688504,1791356372.6875854,1791356372.7000341,1791356372.7000675,front_rgbd_red_sphere,True,True,True,,40.5,40.5,1791356372.6875854,1791356372.6862755,1791356372.6688504,1791356372.6688504,1791356372.6688504,0.0,1791356371.668863,1791356372.6888602,1791356372.685644,1791356372.6888602,1791356372.685644,1791356372.6888602,1791356371.6648598,1791356372.6888602,1791356371.668863,1791356372.6888602,1791356332.1688504,GAZEBO_CLOCK_SYSTEM_INTERPOLATION,MAPPED_EXACT,0,40.5,1791356372.6688504,0.0017039775848388672,0.0,RGB,0.0,0,1,0,UNCALIBRATED,PREPARATION,FAR,STRAIGHT,1.0,89,1.0,14.573612213134766,0.43036121129989624,nan,nan,False,0.0,0.0,0.0,0.0,0,0,0,0,0,0.0,0.0,0.0,0.0,0.0,0.0,0.0,0.0,0.0,0.0,0.0,0.0,0.0,0.0,13.244719078302081,-0.2674786195559111,6.074211373093476,0.0,0.0,0.0,0.0,0.0,0.0,0.0,0.0,0.0,0.0,0.0,False,DISABLED,0,nan,nan,nan,nan,nan,nan,nan,nan,nan,nan,nan,nan,nan,nan,nan,nan,nan,nan,nan,nan,nan,nan,nan,nan,nan,nan,nan,nan,nan,nan,nan,nan,nan,nan,45.93943016379854,1.9559374912965568,0.05004221098774414,0.05095679670188309,0.05095679670188309,0.05095679670188309,46.003450890634376,1.9940511035140973,0.10808972431648942,-0.06402072683583526,-0.038113612217540505,-0.058047513328745276,0.07450705269206191,0.09445006460828151,0.01873493194580078,False,DISABLED,none,MODEL_ORIGIN_FRAME_NOT_ESTABLISHED,nan,nan,nan,nan,nan,nan,nan,nan,nan,nan,nan,nan,nan,NOT_EVALUATED,nan,nan,nan,nan,DISABLED,nan,nan,nan,nan,nan,nan
1791356372.7208467,1791356372.749196,1791356372.7550154,1791356372.7550368,front_rgbd_red_sphere,True,True,True,,40.552,40.552,1791356372.749196,1791356372.748008,1791356372.7208467,1791356372.7208467,1791356372.7208467,0.0,1791356371.7288506,1791356372.728935,1791356372.7256439,1791356372.728935,1791356372.7256439,1791356372.728935,1791356371.7288506,1791356372.728935,1791356371.7288506,1791356372.728935,1791356332.1688466,GAZEBO_CLOCK_SYSTEM_INTERPOLATION,MAPPED_EXACT,0,40.552,1791356372.7208467,0.0008940696716308594,0.0,RGB,0.0,0,1,0,UNCALIBRATED,PREPARATION,FAR,STRAIGHT,1.0,92,1.0,14.41623592376709,0.43029841780662537,nan,nan,False,0.0,0.0,0.0,0.0,0,0,0,0,0,0.0,0.0,0.0,0.0,0.0,0.0,0.0,0.0,0.0,0.0,0.0,0.0,0.0,0.0,13.102071161418683,-0.2724007755330895,6.007445408989897,0.0,0.0,0.0,0.0,0.0,0.0,0.0,0.0,0.0,0.0,0.0,False,DISABLED,0,nan,nan,nan,nan,nan,nan,nan,nan,nan,nan,nan,nan,nan,nan,nan,nan,nan,nan,nan,nan,nan,nan,nan,nan,nan,nan,nan,nan,nan,nan,nan,nan,nan,nan,46.08207992920033,1.8158739499973189,0.05951464973190462,0.05024876532564308,0.05024876532564308,0.05024876532564308,46.15081737853889,1.8471970922400482,0.11620571253540574,-0.06873744933855619,-0.03132314224272936,-0.05669106280350111,0.07553791221319818,0.0944449722500851,0.02834939956665039,False,DISABLED,none,MODEL_ORIGIN_FRAME_NOT_ESTABLISHED,nan,nan,nan,nan,nan,nan,nan,nan,nan,nan,nan,nan,nan,NOT_EVALUATED,nan,nan,nan,nan,DISABLED,nan,nan,nan,nan,nan,nan
1791356372.7688584,1791356372.7989423,1791356372.8047504,1791356372.8047795,front_rgbd_red_sphere,True,True,True,,40.6,40.6,1791356372.7989423,1791356372.79768,1791356372.7688584,1791356372.7688584,1791356372.7688584,0.0,1791356371.7848675,1791356372.7848752,1791356372.7816439,1791356372.7848752,1791356372.7856438,1791356372.7888591,1791356371.7848675,1791356372.7848752,1791356371.7688475,1791356372.7888591,1791356332.1688585,GAZEBO_CLOCK_SYSTEM_INTERPOLATION,MAPPED_EXACT,0,40.6,1791356372.7688584,0.0023813247680664062,0.0,RGB,0.0,0,1,0,UNCALIBRATED,PREPARATION,FAR,STRAIGHT,1.0,92,1.0,14.284729957580566,0.430412620306015,nan,nan,False,0.0,0.0,0.0,0.0,0,0,0,0,0,0.0,0.0,0.0,0.0,0.0,0.0,0.0,0.0,0.0,0.0,0.0,0.0,0.0,0.0,12.981872106471906,-0.27068460228269053,5.954094319696946,0.0,0.0,0.0,0.0,0.0,0.0,0.0,0.0,0.0,0.0,0.0,False,DISABLED,0,nan,nan,nan,nan,nan,nan,nan,nan,nan,nan,nan,nan,nan,nan,nan,nan,nan,nan,nan,nan,nan,nan,nan,nan,nan,nan,nan,nan,nan,nan,nan,nan,nan,nan,46.22455788804964,1.6756242169739686,0.06833659566619127,0.049660919357169916,0.049660919357169916,0.049660919357169916,46.286813132147806,1.7116067958078356,0.12300559397004997,-0.06225524409816785,-0.03598257883386702,-0.0546689983038587,0.0719059204604038,0.09032807300504768,0.030083894729614258,False,DISABLED,none,MODEL_ORIGIN_FRAME_NOT_ESTABLISHED,nan,nan,nan,nan,nan,nan,nan,nan,nan,nan,nan,nan,nan,NOT_EVALUATED,nan,nan,nan,nan,DISABLED,nan,nan,nan,nan,nan,nan
1791356372.8208623,1791356372.8399386,1791356372.8442116,1791356372.8442497,front_rgbd_red_sphere,True,True,True,,40.652,40.652,1791356372.8399386,1791356372.8383274,1791356372.8208623,1791356372.8208623,1791356372.8208623,0.0,1791356371.8088577,1791356372.8248563,1791356372.8216438,1791356372.8248563,1791356372.825644,1791356372.8288589,1791356371.8088577,1791356372.8248563,1791356371.8088577,1791356372.8288589,1791356332.1688623,GAZEBO_CLOCK_SYSTEM_INTERPOLATION,MAPPED_EXACT,0,40.652,1791356372.8208623,0.003294229507446289,0.0,RGB,0.0,0,1,0,UNCALIBRATED,PREPARATION,FAR,STRAIGHT,1.0,95,1.0,14.128928184509277,0.43051981925964355,nan,nan,False,0.0,0.0,0.0,0.0,0,0,0,0,0,0.0,0.0,0.0,0.0,0.0,0.0,0.0,0.0,0.0,0.0,0.0,0.0,0.0,0.0,12.839648487328686,-0.27547395760452886,5.890174728101975,0.0,0.0,0.0,0.0,0.0,0.0,0.0,0.0,0.0,0.0,0.0,False,DISABLED,0,nan,nan,nan,nan,nan,nan,nan,nan,nan,nan,nan,nan,nan,nan,nan,nan,nan,nan,nan,nan,nan,nan,nan,nan,nan,nan,nan,nan,nan,nan,nan,nan,nan,nan,46.367406746763294,1.5351302303033334,0.07641454811168163,0.04896894717794974,0.04896894717794974,0.04896894717794974,46.434087204561116,1.564705235476675,0.129586280654029,-0.06668045779782261,-0.029575005173341662,-0.05317173254234736,0.0729449407644587,0.0902673668868507,0.01907634735107422,False,DISABLED,none,MODEL_ORIGIN_FRAME_NOT_ESTABLISHED,nan,nan,nan,nan,nan,nan,nan,nan,nan,nan,nan,nan,nan,NOT_EVALUATED,nan,nan,nan,nan,DISABLED,nan,nan,nan,nan,nan,nan
1791356372.8688605,1791356372.888916,1791356372.9054623,1791356372.905514,front_rgbd_red_sphere,True,True,True,,40.7,40.7,1791356372.888916,1791356372.885812,1791356372.8688605,1791356372.8688605,1791356372.8688605,0.0,1791356371.8688483,1791356372.8888612,1791356372.885644,1791356372.8888612,1791356372.885644,1791356372.8888612,1791356371.864908,1791356372.8888612,1791356371.8688483,1791356372.8888612,1791356332.1688604,GAZEBO_CLOCK_SYSTEM_INTERPOLATION,MAPPED_EXACT,0,40.7,1791356372.8688605,0.002890348434448242,0.0,RGB,0.0,0,1,0,UNCALIBRATED,PREPARATION,FAR,STRAIGHT,1.0,97,1.0,13.999455451965332,0.4307427704334259,nan,nan,False,0.0,0.0,0.0,0.0,0,0,0,0,0,0.0,0.0,0.0,0.0,0.0,0.0,0.0,0.0,0.0,0.0,0.0,0.0,0.0,0.0,12.720686947002624,-0.2735481695324271,5.839009993114033,0.0,0.0,0.0,0.0,0.0,0.0,0.0,0.0,0.0,0.0,0.0,False,DISABLED,0,nan,nan,nan,nan,nan,nan,nan,nan,nan,nan,nan,nan,nan,nan,nan,nan,nan,nan,nan,nan,nan,nan,nan,nan,nan,nan,nan,nan,nan,nan,nan,nan,nan,nan,46.50979269387261,1.3950200498316478,0.08364758731540528,0.048397602408006966,0.048397602408006966,0.048397602408006966,46.56971245990884,1.4293660700994508,0.13487745945693946,-0.059919766036230726,-0.03434602026780298,-0.05122987214153418,0.06906538546966173,0.08599143718830907,0.020055532455444336,False,DISABLED,none,MODEL_ORIGIN_FRAME_NOT_ESTABLISHED,nan,nan,nan,nan,nan,nan,nan,nan,nan,nan,nan,nan,nan,NOT_EVALUATED,nan,nan,nan,nan,DISABLED,nan,nan,nan,nan,nan,nan
1791356372.9208553,1791356372.93963,1791356372.9434078,1791356372.9434335,front_rgbd_red_sphere,True,True,True,,40.752,40.752,1791356372.93963,1791356372.9379392,1791356372.9208553,1791356372.9208553,1791356372.9208553,0.0,1791356371.9288547,1791356372.9288619,1791356372.925644,1791356372.9288619,1791356372.925644,1791356372.9288619,1791356371.9288547,1791356372.9288619,1791356371.9288547,1791356372.9288619,1791356332.1688552,GAZEBO_CLOCK_SYSTEM_INTERPOLATION,MAPPED_EXACT,0,40.752,1791356372.9208553,0.0029811859130859375,0.0,RGB,0.0,0,1,0,UNCALIBRATED,PREPARATION,FAR,STRAIGHT,1.0,96,1.0,13.846640586853027,0.4309524893760681,nan,nan,False,0.0,0.0,0.0,0.0,0,0,0,0,0,0.0,0.0,0.0,0.0,0.0,0.0,0.0,0.0,0.0,0.0,0.0,0.0,0.0,0.0,12.580618404712585,-0.277469726135827,5.777586881416548,0.0,0.0,0.0,0.0,0.0,0.0,0.0,0.0,0.0,0.0,0.0,False,DISABLED,0,nan,nan,nan,nan,nan,nan,nan,nan,nan,nan,nan,nan,nan,nan,nan,nan,nan,nan,nan,nan,nan,nan,nan,nan,nan,nan,nan,nan,nan,nan,nan,nan,nan,nan,46.6532488001265,1.2534600053791642,0.08999412830944126,0.04772757104923284,0.04772757104923284,0.04772757104923284,46.716848891975296,1.2824849099794788,0.13976473813178167,-0.063600091848798,-0.029024904600314594,-0.04977060982234041,0.06991006200993463,0.0858168420085507,0.018774747848510742,False,DISABLED,none,MODEL_ORIGIN_FRAME_NOT_ESTABLISHED,nan,nan,nan,nan,nan,nan,nan,nan,nan,nan,nan,nan,nan,NOT_EVALUATED,nan,nan,nan,nan,DISABLED,nan,nan,nan,nan,nan,nan
1791356372.9688513,1791356372.9930913,1791356373.0001795,1791356373.000224,front_rgbd_red_sphere,True,True,True,,40.8,40.8,1791356372.9930913,1791356372.9919915,1791356372.9688513,1791356372.9688513,1791356372.9688513,0.0,1791356371.9888594,1791356372.9849138,1791356372.981644,1791356372.9849138,1791356372.9856439,1791356372.988869,1791356371.984868,1791356372.9849138,1791356371.9888594,1791356372.988869,1791356332.1688514,GAZEBO_CLOCK_SYSTEM_INTERPOLATION,MAPPED_EXACT,0,40.8,1791356372.9688513,0.0015094280242919922,0.0,RGB,0.0,0,1,0,UNCALIBRATED,PREPARATION,FAR,STRAIGHT,1.0,101,1.0,13.717374801635742,0.4312681555747986,nan,nan,False,0.0,0.0,0.0,0.0,0,0,0,0,0,0.0,0.0,0.0,0.0,0.0,0.0,0.0,0.0,0.0,0.0,0.0,0.0,0.0,0.0,12.461362154209544,-0.27589246570021153,5.727539792020256,0.0,0.0,0.0,0.0,0.0,0.0,0.0,0.0,0.0,0.0,0.0,False,DISABLED,0,nan,nan,nan,nan,nan,nan,nan,nan,nan,nan,nan,nan,nan,nan,nan,nan,nan,nan,nan,nan,nan,nan,nan,nan,nan,nan,nan,nan,nan,nan,nan,nan,nan,nan,46.79427841697207,1.1139081049349597,0.09550135839179835,0.04716443746259283,0.04716443746259283,0.04716443746259283,46.852856474237555,1.146666296258136,0.14344613341265752,-0.058578057265485484,-0.032758191323176256,-0.04794477502085917,0.06711548175916132,0.08248144848125012,0.02424001693725586,False,DISABLED,none,MODEL_ORIGIN_FRAME_NOT_ESTABLISHED,nan,nan,nan,nan,nan,nan,nan,nan,nan,nan,nan,nan,nan,NOT_EVALUATED,nan,nan,nan,nan,DISABLED,nan,nan,nan,nan,nan,nan
1791356373.0208583,1791356373.0513196,1791356373.0578039,1791356373.0578423,front_rgbd_red_sphere,True,True,True,,40.852,40.852,1791356373.0513196,1791356373.0407999,1791356373.0208583,1791356373.0208583,1791356373.0208583,0.0,1791356372.0288513,1791356373.0248532,1791356373.0216439,1791356373.0248532,1791356373.0256438,1791356373.0288558,1791356372.0088596,1791356373.0248532,1791356372.0288513,1791356373.0288558,1791356332.1688583,GAZEBO_CLOCK_SYSTEM_INTERPOLATION,MAPPED_EXACT,0,40.852,1791356373.0208583,0.002919435501098633,0.0,RGB,0.0,0,1,0,UNCALIBRATED,PREPARATION,FAR,STRAIGHT,1.0,104,1.0,13.565376281738281,0.4315633475780487,nan,nan,False,0.0,0.0,0.0,0.0,0,0,0,0,0,0.0,0.0,0.0,0.0,0.0,0.0,0.0,0.0,0.0,0.0,0.0,0.0,0.0,0.0,12.32160699444437,-0.2797028435112132,5.66738140046019,0.0,0.0,0.0,0.0,0.0,0.0,0.0,0.0,0.0,0.0,0.0,False,DISABLED,0,nan,nan,nan,nan,nan,nan,nan,nan,nan,nan,nan,nan,nan,nan,nan,nan,nan,nan,nan,nan,nan,nan,nan,nan,nan,nan,nan,nan,nan,nan,nan,nan,nan,nan,46.93709338859995,0.9728284076029166,0.09981127097133241,0.04650654714682511,0.04650654714682511,0.04650654714682511,47.00009178115994,0.9995911807468307,0.14651847415661629,-0.06299839255999018,-0.026762773143914176,-0.046707203185283874,0.06844737753555821,0.08286498851074942,0.03046131134033203,False,DISABLED,none,MODEL_ORIGIN_FRAME_NOT_ESTABLISHED,nan,nan,nan,nan,nan,nan,nan,nan,nan,nan,nan,nan,nan,NOT_EVALUATED,nan,nan,nan,nan,DISABLED,nan,nan,nan,nan,nan,nan
1791356373.068853,1791356373.0897744,1791356373.0982008,1791356373.0982466,front_rgbd_red_sphere,True,True,True,,40.9,40.9,1791356373.0897744,1791356373.0886486,1791356373.068853,1791356373.068853,1791356373.068853,0.0,1791356372.0888577,1791356373.0888863,1791356373.085657,1791356373.0888863,1791356373.085657,1791356373.0888863,1791356372.0888577,1791356373.0888863,1791356372.0888577,1791356373.0888863,1791356332.1688528,GAZEBO_CLOCK_SYSTEM_INTERPOLATION,MAPPED_EXACT,0,40.9,1791356373.068853,0.0014712810516357422,0.0,RGB,0.0,0,1,0,UNCALIBRATED,PREPARATION,FAR,STRAIGHT,1.0,105,1.0,13.438936233520508,0.4319865107536316,nan,nan,False,0.0,0.0,0.0,0.0,0,0,0,0,0,0.0,0.0,0.0,0.0,0.0,0.0,0.0,0.0,0.0,0.0,0.0,0.0,0.0,0.0,12.204379985055093,-0.2772269697170966,5.619721612249595,0.0,0.0,0.0,0.0,0.0,0.0,0.0,0.0,0.0,0.0,0.0,False,DISABLED,0,nan,nan,nan,nan,nan,nan,nan,nan,nan,nan,nan,nan,nan,nan,nan,nan,nan,nan,nan,nan,nan,nan,nan,nan,nan,nan,nan,nan,nan,nan,nan,nan,nan,nan,47.078995073214784,0.8324634424365538,0.10311464348948302,0.04596280020167107,0.04596280020167107,0.04596280020167107,47.13598472199399,0.8638096508637645,0.1484808404955322,-0.05698964877920787,-0.0313462084272107,-0.045366197006049186,0.06504156248691757,0.07930004212818093,0.02092146873474121,False,DISABLED,none,MODEL_ORIGIN_FRAME_NOT_ESTABLISHED,nan,nan,nan,nan,nan,nan,nan,nan,nan,nan,nan,nan,nan,NOT_EVALUATED,nan,nan,nan,nan,DISABLED,nan,nan,nan,nan,nan,nan
1791356373.1208496,1791356373.1461225,1791356373.1563725,1791356373.1564164,front_rgbd_red_sphere,True,True,True,,40.952,40.952,1791356373.1461225,1791356373.143226,1791356373.1208496,1791356373.1208496,1791356373.1208496,0.0,1791356372.1088505,1791356373.1288555,1791356373.1256568,1791356373.1288555,1791356373.1256568,1791356373.1288555,1791356372.104853,1791356373.1288555,1791356372.1088505,1791356373.1288555,1791356332.1688497,GAZEBO_CLOCK_SYSTEM_INTERPOLATION,MAPPED_EXACT,0,40.952,1791356373.1208496,0.0024003982543945312,0.0,RGB,0.0,0,1,0,UNCALIBRATED,PREPARATION,FAR,STRAIGHT,1.0,108,1.0,13.287864685058594,0.4323020279407501,nan,nan,False,0.0,0.0,0.0,0.0,0,0,0,0,0,0.0,0.0,0.0,0.0,0.0,0.0,0.0,0.0,0.0,0.0,0.0,0.0,0.0,0.0,12.065429982745624,-0.2806400949285113,5.560034420717281,0.0,0.0,0.0,0.0,0.0,0.0,0.0,0.0,0.0,0.0,0.0,False,DISABLED,0,nan,nan,nan,nan,nan,nan,nan,nan,nan,nan,nan,nan,nan,nan,nan,nan,nan,nan,nan,nan,nan,nan,nan,nan,nan,nan,nan,nan,nan,nan,nan,nan,nan,nan,47.2212400334776,0.6919207711594657,0.10575047074814253,0.04531731738819561,0.04531731738819561,0.04531731738819561,47.28302142519099,0.7168600774950263,0.14965772525899945,-0.0617813917133887,-0.02493930633556063,-0.04390725451085692,0.06662514061930458,0.07979195674517121,0.025272846221923828,False,DISABLED,none,MODEL_ORIGIN_FRAME_NOT_ESTABLISHED,nan,nan,nan,nan,nan,nan,nan,nan,nan,nan,nan,nan,nan,NOT_EVALUATED,nan,nan,nan,nan,DISABLED,nan,nan,nan,nan,nan,nan
1791356373.1689389,1791356373.19589,1791356373.2029262,1791356373.2029953,front_rgbd_red_sphere,True,True,True,,41.0,41.0,1791356373.19589,1791356373.1931124,1791356373.1689389,1791356373.1689389,1791356373.1689389,0.0,1791356372.1888542,1791356373.1848605,1791356373.1816568,1791356373.1848605,1791356373.185657,1791356373.188888,1791356372.168854,1791356373.1848605,1791356372.1888542,1791356373.188888,1791356332.1689389,GAZEBO_CLOCK_SYSTEM_INTERPOLATION,MAPPED_EXACT,0,41.0,1791356373.1689389,0.0033926963806152344,0.0,RGB,0.0,0,1,0,UNCALIBRATED,PREPARATION,FAR,STRAIGHT,1.0,109,1.0,13.163433074951172,0.4327649474143982,nan,nan,False,0.0,0.0,0.0,0.0,0,0,0,0,0,0.0,0.0,0.0,0.0,0.0,0.0,0.0,0.0,0.0,0.0,0.0,0.0,0.0,0.0,11.94989179570484,-0.2776837199541369,5.513524853832619,0.0,0.0,0.0,0.0,0.0,0.0,0.0,0.0,0.0,0.0,0.0,False,DISABLED,0,nan,nan,nan,nan,nan,nan,nan,nan,nan,nan,nan,nan,nan,nan,nan,nan,nan,nan,nan,nan,nan,nan,nan,nan,nan,nan,nan,nan,nan,nan,nan,nan,nan,nan,47.36368157297328,0.5510043226401269,0.10701884546284762,0.04478909126572153,0.04478909126572153,0.04478909126572153,47.41905777232979,0.580878232487739,0.14985486319106228,-0.055376199356516054,-0.029873909847612068,-0.04283601772821466,0.06292037781796818,0.07611766128545847,0.026951074600219727,False,DISABLED,none,MODEL_ORIGIN_FRAME_NOT_ESTABLISHED,nan,nan,nan,nan,nan,nan,nan,nan,nan,nan,nan,nan,nan,NOT_EVALUATED,nan,nan,nan,nan,DISABLED,nan,nan,nan,nan,nan,nan
1791356373.2208605,1791356373.2422316,1791356373.248675,1791356373.2487218,front_rgbd_red_sphere,True,True,True,,41.052,41.052,1791356373.2422316,1791356373.240354,1791356373.2208605,1791356373.2208605,1791356373.2208605,0.0,1791356372.2088547,1791356373.2248619,1791356373.221657,1791356373.2248619,1791356373.225657,1791356373.228855,1791356372.2088547,1791356373.2248619,1791356372.2088547,1791356373.228855,1791356332.1688604,GAZEBO_CLOCK_SYSTEM_INTERPOLATION,MAPPED_EXACT,0,41.052,1791356373.2208605,0.0020241737365722656,0.0,RGB,0.0,0,1,0,UNCALIBRATED,PREPARATION,FAR,STRAIGHT,1.0,112,1.0,13.013983726501465,0.4331343472003937,nan,nan,False,0.0,0.0,0.0,0.0,0,0,0,0,0,0.0,0.0,0.0,0.0,0.0,0.0,0.0,0.0,0.0,0.0,0.0,0.0,0.0,0.0,11.812203114434869,-0.2805827923441555,5.4549888152637624,0.0,0.0,0.0,0.0,0.0,0.0,0.0,0.0,0.0,0.0,0.0,False,DISABLED,0,nan,nan,nan,nan,nan,nan,nan,nan,nan,nan,nan,nan,nan,nan,nan,nan,nan,nan,nan,nan,nan,nan,nan,nan,nan,nan,nan,nan,nan,nan,nan,nan,nan,nan,47.50579925489234,0.4105410817634487,0.10796432678671303,0.04415875115103292,0.04415875115103292,0.04415875115103292,47.56600659834788,0.4339658490778767,0.14911258625075807,-0.060207343455545015,-0.023424767314427997,-0.041148259464045045,0.06460374547740289,0.07659519036225072,0.021371126174926758,False,DISABLED,none,MODEL_ORIGIN_FRAME_NOT_ESTABLISHED,nan,nan,nan,nan,nan,nan,nan,nan,nan,nan,nan,nan,nan,NOT_EVALUATED,nan,nan,nan,nan,DISABLED,nan,nan,nan,nan,nan,nan
1791356373.2688541,1791356373.3020034,1791356373.3060427,1791356373.3060699,front_rgbd_red_sphere,True,True,True,,41.1,41.1,1791356373.3020034,1791356373.291239,1791356373.2688541,1791356373.2688541,1791356373.2688541,0.0,1791356372.2888553,1791356373.2888653,1791356373.285657,1791356373.2888653,1791356373.285657,1791356373.2888653,1791356372.2888553,1791356373.2888653,1791356372.2888553,1791356373.2888653,1791356332.1688542,GAZEBO_CLOCK_SYSTEM_INTERPOLATION,MAPPED_EXACT,0,41.1,1791356373.2688541,0.0016465187072753906,0.0,RGB,0.0,0,1,0,UNCALIBRATED,PREPARATION,FAR,STRAIGHT,1.0,115,1.0,12.890298843383789,0.4336205720901489,nan,nan,False,0.0,0.0,0.0,0.0,0,0,0,0,0,0.0,0.0,0.0,0.0,0.0,0.0,0.0,0.0,0.0,0.0,0.0,0.0,0.0,0.0,11.697307626413211,-0.27748997712506096,5.408862146360709,0.0,0.0,0.0,0.0,0.0,0.0,0.0,0.0,0.0,0.0,0.0,False,DISABLED,0,nan,nan,nan,nan,nan,nan,nan,nan,nan,nan,nan,nan,nan,nan,nan,nan,nan,nan,nan,nan,nan,nan,nan,nan,nan,nan,nan,nan,nan,nan,nan,nan,nan,nan,47.64704855301253,0.27002469167392285,0.10761658400846891,0.043640457254313474,0.043640457254313474,0.043640457254313474,47.70172487099237,0.29826542638516385,0.14753990411026494,-0.054676317979840405,-0.028240734711241,-0.03992332010179603,0.061538921382027094,0.07335468855372357,0.03314924240112305,False,DISABLED,none,MODEL_ORIGIN_FRAME_NOT_ESTABLISHED,nan,nan,nan,nan,nan,nan,nan,nan,nan,nan,nan,nan,nan,NOT_EVALUATED,nan,nan,nan,nan,DISABLED,nan,nan,nan,nan,nan,nan
1791356373.3208513,1791356373.3436513,1791356373.3473523,1791356373.3473835,front_rgbd_red_sphere,True,True,True,,41.152,41.152,1791356373.3436513,1791356373.3406336,1791356373.3208513,1791356373.3208513,1791356373.3208513,0.0,1791356372.3088558,1791356373.3288453,1791356373.325657,1791356373.3288453,1791356373.325657,1791356373.3288453,1791356372.3048658,1791356373.3288453,1791356372.3088558,1791356373.3288453,1791356332.1688514,GAZEBO_CLOCK_SYSTEM_INTERPOLATION,MAPPED_EXACT,0,41.152,1791356373.3208513,0.0031251907348632812,0.0,RGB,0.0,0,1,0,UNCALIBRATED,PREPARATION,FAR,STRAIGHT,1.0,122,1.0,12.742440223693848,0.43400174379348755,nan,nan,False,0.0,0.0,0.0,0.0,0,0,0,0,0,0.0,0.0,0.0,0.0,0.0,0.0,0.0,0.0,0.0,0.0,0.0,0.0,0.0,0.0,11.561092336895483,-0.27991662602402734,5.350942345899485,0.0,0.0,0.0,0.0,0.0,0.0,0.0,0.0,0.0,0.0,0.0,False,DISABLED,0,nan,nan,nan,nan,nan,nan,nan,nan,nan,nan,nan,nan,nan,nan,nan,nan,nan,nan,nan,nan,nan,nan,nan,nan,nan,nan,nan,nan,nan,nan,nan,nan,nan,nan,47.78887936698626,0.12905482436455706,0.10635445054337161,0.043024884348411015,0.043024884348411015,0.043024884348411015,47.84880962753655,0.15118857004414635,0.14489597042907196,-0.0599302605502956,-0.022133745679589284,-0.03854151988570034,0.06388692219410053,0.07461224820721386,0.022799968719482422,False,DISABLED,none,MODEL_ORIGIN_FRAME_NOT_ESTABLISHED,nan,nan,nan,nan,nan,nan,nan,nan,nan,nan,nan,nan,nan,NOT_EVALUATED,nan,nan,nan,nan,DISABLED,nan,nan,nan,nan,nan,nan
1791356373.3688533,1791356373.3907921,1791356373.3944552,1791356373.3944778,front_rgbd_red_sphere,True,True,True,,41.2,41.2,1791356373.3907921,1791356373.3885317,1791356373.3688533,1791356373.3688533,1791356373.3688533,0.0,1791356372.3488595,1791356373.3688533,1791356373.3656569,1791356373.3688533,1791356373.3656569,1791356373.3688533,1791356372.3448544,1791356373.3688533,1791356372.3488595,1791356373.3688533,1791356332.1688533,GAZEBO_CLOCK_SYSTEM_INTERPOLATION,MAPPED_EXACT,0,41.2,1791356373.3688533,0.0022444725036621094,0.0,RGB,0.0,0,1,0,UNCALIBRATED,PREPARATION,FAR,STRAIGHT,1.0,123,1.0,12.619916915893555,0.4345457851886749,nan,nan,False,0.0,0.0,0.0,0.0,0,0,0,0,0,0.0,0.0,0.0,0.0,0.0,0.0,0.0,0.0,0.0,0.0,0.0,0.0,0.0,0.0,11.447038520152425,-0.27661054108670413,5.305759791215243,0.0,0.0,0.0,0.0,0.0,0.0,0.0,0.0,0.0,0.0,0.0,False,DISABLED,0,nan,nan,nan,nan,nan,nan,nan,nan,nan,nan,nan,nan,nan,nan,nan,nan,nan,nan,nan,nan,nan,nan,nan,nan,nan,nan,nan,nan,nan,nan,nan,nan,nan,nan,47.92973942672948,-0.011515999913302544,0.10409911657794418,0.04251809544546346,0.04251809544546346,0.04251809544546346,47.98462110333341,0.015378803703985866,0.14159069510372313,-0.05488167660392662,-0.02689480361728841,-0.037491578525778946,0.061117337053167624,0.07170039992095682,0.021938800811767578,False,DISABLED,none,MODEL_ORIGIN_FRAME_NOT_ESTABLISHED,nan,nan,nan,nan,nan,nan,nan,nan,nan,nan,nan,nan,nan,NOT_EVALUATED,nan,nan,nan,nan,DISABLED,nan,nan,nan,nan,nan,nan
1791356373.4208522,1791356373.444625,1791356373.4509697,1791356373.4510844,front_rgbd_red_sphere,True,True,True,,41.252,41.252,1791356373.444625,1791356373.442602,1791356373.4208522,1791356373.4208522,1791356373.4208522,0.0,1791356372.4088488,1791356373.424853,1791356373.4216568,1791356373.424853,1791356373.425657,1791356373.4288514,1791356372.4088488,1791356373.424853,1791356372.4088488,1791356373.4288514,1791356332.168852,GAZEBO_CLOCK_SYSTEM_INTERPOLATION,MAPPED_EXACT,0,41.252,1791356373.4208522,0.0040035247802734375,0.0,RGB,0.0,0,1,0,UNCALIBRATED,PREPARATION,FAR,STRAIGHT,1.0,123,1.0,12.4733247756958,0.43495965003967285,nan,nan,False,0.0,0.0,0.0,0.0,0,0,0,0,0,0.0,0.0,0.0,0.0,0.0,0.0,0.0,0.0,0.0,0.0,0.0,0.0,0.0,0.0,11.31189642932818,-0.27853637243534557,5.248546747730739,0.0,0.0,0.0,0.0,0.0,0.0,0.0,0.0,0.0,0.0,0.0,False,DISABLED,0,nan,nan,nan,nan,nan,nan,nan,nan,nan,nan,nan,nan,nan,nan,nan,nan,nan,nan,nan,nan,nan,nan,nan,nan,nan,nan,nan,nan,nan,nan,nan,nan,nan,nan,48.07081501506368,-0.15265770993429673,0.10085091311447131,0.041915701972520605,0.041915701972520605,0.041915701972520605,48.131634424881405,-0.13163314888495223,0.13711123476544868,-0.060819409817725045,-0.021024561049344498,-0.03626032165097737,0.06435085685438853,0.0738636832558893,0.023772716522216797,False,DISABLED,none,MODEL_ORIGIN_FRAME_NOT_ESTABLISHED,nan,nan,nan,nan,nan,nan,nan,nan,nan,nan,nan,nan,nan,NOT_EVALUATED,nan,nan,nan,nan,DISABLED,nan,nan,nan,nan,nan,nan
1791356373.4688578,1791356373.4952765,1791356373.4998713,1791356373.4999354,front_rgbd_red_sphere,True,True,True,,41.3,41.3,1791356373.4952765,1791356373.4928153,1791356373.4688578,1791356373.4688578,1791356373.4688578,0.0,1791356372.4888585,1791356373.488873,1791356373.485657,1791356373.488873,1791356373.485657,1791356373.488873,1791356372.4888585,1791356373.488873,1791356372.4888585,1791356373.488873,1791356332.1688578,GAZEBO_CLOCK_SYSTEM_INTERPOLATION,MAPPED_EXACT,0,41.3,1791356373.4688578,0.00262451171875,0.0,RGB,0.0,0,1,0,UNCALIBRATED,PREPARATION,FAR,STRAIGHT,1.0,124,1.0,12.352445602416992,0.4355519115924835,nan,nan,False,0.0,0.0,0.0,0.0,0,0,0,0,0,0.0,0.0,0.0,0.0,0.0,0.0,0.0,0.0,0.0,0.0,0.0,0.0,0.0,0.0,11.199188348570361,-0.2748249931436124,5.204379711890814,0.0,0.0,0.0,0.0,0.0,0.0,0.0,0.0,0.0,0.0,0.0,False,DISABLED,0,nan,nan,nan,nan,nan,nan,nan,nan,nan,nan,nan,nan,nan,nan,nan,nan,nan,nan,nan,nan,nan,nan,nan,nan,nan,nan,nan,nan,nan,nan,nan,nan,nan,nan,48.21141375835447,-0.29369672483989184,0.09653451651695849,0.04142220490322833,0.04142220490322833,0.04142220490322833,48.26741277746322,-0.2674055794620136,0.13215810601508907,-0.0559990191087536,-0.026291145377878244,-0.035623589498130576,0.06186367647031075,0.07138735598938091,0.026418685913085938,False,DISABLED,none,MODEL_ORIGIN_FRAME_NOT_ESTABLISHED,nan,nan,nan,nan,nan,nan,nan,nan,nan,nan,nan,nan,nan,NOT_EVALUATED,nan,nan,nan,nan,DISABLED,nan,nan,nan,nan,nan,nan
1791356373.5208545,1791356373.540722,1791356373.544526,1791356373.5445507,front_rgbd_red_sphere,True,True,True,,41.352,41.352,1791356373.540722,1791356373.538585,1791356373.5208545,1791356373.5208545,1791356373.5208545,0.0,1791356372.5088532,1791356373.528851,1791356373.525657,1791356373.528851,1791356373.525657,1791356373.528851,1791356372.504857,1791356373.528851,1791356372.5088532,1791356373.528851,1791356332.1688545,GAZEBO_CLOCK_SYSTEM_INTERPOLATION,MAPPED_EXACT,0,41.352,1791356373.5208545,0.004151582717895508,0.0,RGB,0.0,0,1,0,UNCALIBRATED,PREPARATION,FAR,STRAIGHT,1.0,128,1.0,12.206808090209961,0.43600934743881226,nan,nan,False,0.0,0.0,0.0,0.0,0,0,0,0,0,0.0,0.0,0.0,0.0,0.0,0.0,0.0,0.0,0.0,0.0,0.0,0.0,0.0,0.0,11.064790741983161,-0.27657836050847884,5.147822102725284,0.0,0.0,0.0,0.0,0.0,0.0,0.0,0.0,0.0,0.0,0.0,False,DISABLED,0,nan,nan,nan,nan,nan,nan,nan,nan,nan,nan,nan,nan,nan,nan,nan,nan,nan,nan,nan,nan,nan,nan,nan,nan,nan,nan,nan,nan,nan,nan,nan,nan,nan,nan,48.35158250913185,-0.4344458396807376,0.09165358034142096,0.040831509055172285,0.040831509055172285,0.040831509055172285,48.414469678410356,-0.4144455759410695,0.12595127394447028,-0.06288716927850402,-0.020000263739668067,-0.03429769360304932,0.06599095854372401,0.0743716235940036,0.019867420196533203,False,DISABLED,none,MODEL_ORIGIN_FRAME_NOT_ESTABLISHED,nan,nan,nan,nan,nan,nan,nan,nan,nan,nan,nan,nan,nan,NOT_EVALUATED,nan,nan,nan,nan,DISABLED,nan,nan,nan,nan,nan,nan
1791356373.5688548,1791356373.5948517,1791356373.6008828,1791356373.6009429,front_rgbd_red_sphere,True,True,True,,41.4,41.4,1791356373.5948517,1791356373.5924854,1791356373.5688548,1791356373.5688548,1791356373.5688548,0.0,1791356372.588848,1791356373.5848722,1791356373.581657,1791356373.5848722,1791356373.585657,1791356373.5888734,1791356372.5688581,1791356373.5848722,1791356372.588848,1791356373.5888734,1791356332.1688547,GAZEBO_CLOCK_SYSTEM_INTERPOLATION,MAPPED_EXACT,0,41.4,1791356373.5688548,0.002851724624633789,0.0,RGB,0.0,0,1,0,UNCALIBRATED,PREPARATION,FAR,STRAIGHT,1.0,129,1.0,12.08701229095459,0.4366948902606964,nan,nan,False,0.0,0.0,0.0,0.0,0,0,0,0,0,0.0,0.0,0.0,0.0,0.0,0.0,0.0,0.0,0.0,0.0,0.0,0.0,0.0,0.0,10.952700378928116,-0.27311066982085386,5.104862975491365,0.0,0.0,0.0,0.0,0.0,0.0,0.0,0.0,0.0,0.0,0.0,False,DISABLED,0,nan,nan,nan,nan,nan,nan,nan,nan,nan,nan,nan,nan,nan,nan,nan,nan,nan,nan,nan,nan,nan,nan,nan,nan,nan,nan,nan,nan,nan,nan,nan,nan,nan,nan,48.49180675764759,-0.5748673561548223,0.08564760199969862,0.04034880543104063,0.04034880543104063,0.04034880543104063,48.55026038399309,-0.5502057717308689,0.1194702640120595,-0.05845362634550355,-0.024661584423953387,-0.03382266201236088,0.06344304673673488,0.07189570672051236,0.025996923446655273,False,DISABLED,none,MODEL_ORIGIN_FRAME_NOT_ESTABLISHED,nan,nan,nan,nan,nan,nan,nan,nan,nan,nan,nan,nan,nan,NOT_EVALUATED,nan,nan,nan,nan,DISABLED,nan,nan,nan,nan,nan,nan
1791356373.6208565,1791356373.641633,1791356373.6454384,1791356373.6454635,front_rgbd_red_sphere,True,True,True,,41.452,41.452,1791356373.641633,1791356373.6399395,1791356373.6208565,1791356373.6208565,1791356373.6208565,0.0,1791356372.6248527,1791356373.624856,1791356373.621657,1791356373.624856,1791356373.6256568,1791356373.6288548,1791356372.6248527,1791356373.624856,1791356372.6088636,1791356373.6288548,1791356332.1688566,GAZEBO_CLOCK_SYSTEM_INTERPOLATION,MAPPED_EXACT,0,41.452,1791356373.6208565,0.0010101795196533203,0.0,RGB,0.0,0,1,0,UNCALIBRATED,PREPARATION,FAR,STRAIGHT,1.0,135,1.0,11.942705154418945,0.4372716248035431,nan,nan,False,0.0,0.0,0.0,0.0,0,0,0,0,0,0.0,0.0,0.0,0.0,0.0,0.0,0.0,0.0,0.0,0.0,0.0,0.0,0.0,0.0,10.819020755171914,-0.27479601142592003,5.049898660040244,0.0,0.0,0.0,0.0,0.0,0.0,0.0,0.0,0.0,0.0,0.0,False,DISABLED,0,nan,nan,nan,nan,nan,nan,nan,nan,nan,nan,nan,nan,nan,nan,nan,nan,nan,nan,nan,nan,nan,nan,nan,nan,nan,nan,nan,nan,nan,nan,nan,nan,nan,nan,48.632084309608715,-0.7153136102622195,0.07892842800277938,0.03977114772204766,0.03977114772204766,0.03977114772204766,48.69736372056573,-0.6972546002439799,0.11168913894427268,-0.06527941095701806,-0.01805901001823962,-0.0327607109414933,0.06773130249547936,0.07523824505612958,0.02077651023864746,False,DISABLED,none,MODEL_ORIGIN_FRAME_NOT_ESTABLISHED,nan,nan,nan,nan,nan,nan,nan,nan,nan,nan,nan,nan,nan,NOT_EVALUATED,nan,nan,nan,nan,DISABLED,nan,nan,nan,nan,nan,nan
1791356373.668855,1791356373.7037723,1791356373.7076404,1791356373.707662,front_rgbd_red_sphere,True,True,True,,41.5,41.5,1791356373.7037723,1791356373.6916733,1791356373.668855,1791356373.668855,1791356373.668855,0.0,1791356372.6888602,1791356373.6888633,1791356373.685657,1791356373.6888633,1791356373.685657,1791356373.6888633,1791356372.6888602,1791356373.6888633,1791356372.6888602,1791356373.6888633,1791356332.168855,GAZEBO_CLOCK_SYSTEM_INTERPOLATION,MAPPED_EXACT,0,41.5,1791356373.668855,0.0034241676330566406,0.0,RGB,0.0,0,1,0,UNCALIBRATED,PREPARATION,FAR,STRAIGHT,1.0,137,1.0,11.823810577392578,0.4380364418029785,nan,nan,False,0.0,0.0,0.0,0.0,0,0,0,0,0,0.0,0.0,0.0,0.0,0.0,0.0,0.0,0.0,0.0,0.0,0.0,0.0,0.0,0.0,10.707480209968296,-0.27140071379260533,5.007863318112149,0.0,0.0,0.0,0.0,0.0,0.0,0.0,0.0,0.0,0.0,0.0,False,DISABLED,0,nan,nan,nan,nan,nan,nan,nan,nan,nan,nan,nan,nan,nan,nan,nan,nan,nan,nan,nan,nan,nan,nan,nan,nan,nan,nan,nan,nan,nan,nan,nan,nan,nan,nan,48.77196469143111,-0.8555204902466516,0.07129208896934808,0.03929834477633258,0.03929834477633258,0.03929834477633258,48.833181435940844,-0.8329968062223403,0.10383938972820582,-0.06121674450973558,-0.022523684024311263,-0.03254730075885774,0.06522887512748672,0.07289809968088878,0.034917354583740234,False,DISABLED,none,MODEL_ORIGIN_FRAME_NOT_ESTABLISHED,nan,nan,nan,nan,nan,nan,nan,nan,nan,nan,nan,nan,nan,NOT_EVALUATED,nan,nan,nan,nan,DISABLED,nan,nan,nan,nan,nan,nan
1791356373.7208498,1791356373.7529256,1791356373.7616575,1791356373.7616975,front_rgbd_red_sphere,True,True,True,,41.552,41.552,1791356373.7529256,1791356373.7399771,1791356373.7208498,1791356373.7208498,1791356373.7208498,0.0,1791356372.7088497,1791356373.7288563,1791356373.725657,1791356373.7288563,1791356373.725657,1791356373.7288563,1791356372.704856,1791356373.7288563,1791356372.7088497,1791356373.7288563,1791356332.1688497,GAZEBO_CLOCK_SYSTEM_INTERPOLATION,MAPPED_EXACT,0,41.552,1791356373.7208498,0.001371622085571289,0.0,RGB,0.0,0,1,0,UNCALIBRATED,PREPARATION,FAR,STRAIGHT,1.0,139,1.0,11.680595397949219,0.43866443634033203,nan,nan,False,0.0,0.0,0.0,0.0,0,0,0,0,0,0.0,0.0,0.0,0.0,0.0,0.0,0.0,0.0,0.0,0.0,0.0,0.0,0.0,0.0,10.574673107310625,-0.2729371768874813,4.953594074035028,0.0,0.0,0.0,0.0,0.0,0.0,0.0,0.0,0.0,0.0,0.0,False,DISABLED,0,nan,nan,nan,nan,nan,nan,nan,nan,nan,nan,nan,nan,nan,nan,nan,nan,nan,nan,nan,nan,nan,nan,nan,nan,nan,nan,nan,nan,nan,nan,nan,nan,nan,nan,48.912337143757256,-0.995802804082814,0.06306740284662343,0.03873258207760734,0.03873258207760734,0.03873258207760734,48.980367581233274,-0.9800686640523222,0.09467262898570183,-0.06803043747601834,-0.015734140030491783,-0.0316052261390784,0.06982623851875142,0.0766458994661805,0.03207588195800781,False,DISABLED,none,MODEL_ORIGIN_FRAME_NOT_ESTABLISHED,nan,nan,nan,nan,nan,nan,nan,nan,nan,nan,nan,nan,nan,NOT_EVALUATED,nan,nan,nan,nan,DISABLED,nan,nan,nan,nan,nan,nan
1791356373.768852,1791356373.8001287,1791356373.8074162,1791356373.8074455,front_rgbd_red_sphere,True,True,True,,41.6,41.6,1791356373.8001287,1791356373.799321,1791356373.768852,1791356373.768852,1791356373.768852,0.0,1791356372.7688584,1791356373.7848601,1791356373.781657,1791356373.7848601,1791356373.785657,1791356373.7888548,1791356372.7688584,1791356373.7848601,1791356372.7688584,1791356373.7888548,1791356332.168852,GAZEBO_CLOCK_SYSTEM_INTERPOLATION,MAPPED_EXACT,0,41.6,1791356373.768852,0.0035686492919921875,0.0,RGB,0.0,0,1,0,UNCALIBRATED,PREPARATION,FAR,STRAIGHT,1.0,144,1.0,11.562786102294922,0.4394512474536896,nan,nan,False,0.0,0.0,0.0,0.0,0,0,0,0,0,0.0,0.0,0.0,0.0,0.0,0.0,0.0,0.0,0.0,0.0,0.0,0.0,0.0,0.0,10.464150953126145,-0.2697220619567666,4.911905631526162,0.0,0.0,0.0,0.0,0.0,0.0,0.0,0.0,0.0,0.0,0.0,False,DISABLED,0,nan,nan,nan,nan,nan,nan,nan,nan,nan,nan,nan,nan,nan,nan,nan,nan,nan,nan,nan,nan,nan,nan,nan,nan,nan,nan,nan,nan,nan,nan,nan,nan,nan,nan,49.05255393286119,-1.1359134345287334,0.05428014059366598,0.03827025994854072,0.03827025994854072,0.03827025994854072,49.116213367653124,-1.115773475009195,0.08564788922641267,-0.06365943479193703,-0.020139959519538397,-0.03136774863274669,0.06676931636221482,0.073770436231357,0.031276702880859375,False,DISABLED,none,MODEL_ORIGIN_FRAME_NOT_ESTABLISHED,nan,nan,nan,nan,nan,nan,nan,nan,nan,nan,nan,nan,nan,NOT_EVALUATED,nan,nan,nan,nan,DISABLED,nan,nan,nan,nan,nan,nan
1791356373.8208551,1791356373.8473272,1791356373.8546703,1791356373.8547146,front_rgbd_red_sphere,True,True,True,,41.652,41.652,1791356373.8384004,1791356373.8473272,1791356373.8208551,1791356373.8208551,1791356373.8208551,0.0,1791356372.8088489,1791356373.8248513,1791356373.821657,1791356373.8248513,1791356373.825657,1791356373.8288457,1791356372.8088489,1791356373.8248513,1791356372.8088489,1791356373.8288457,1791356332.1688552,GAZEBO_CLOCK_SYSTEM_INTERPOLATION,MAPPED_EXACT,0,41.652,1791356373.8208551,0.002791166305541992,0.0,RGB,0.0,0,1,0,UNCALIBRATED,PREPARATION,FAR,STRAIGHT,1.0,148,1.0,11.420655250549316,0.440033882856369,nan,nan,False,0.0,0.0,0.0,0.0,0,0,0,0,0,0.0,0.0,0.0,0.0,0.0,0.0,0.0,0.0,0.0,0.0,0.0,0.0,0.0,0.0,10.33269230630413,-0.27126943607005316,4.857289123513702,0.0,0.0,0.0,0.0,0.0,0.0,0.0,0.0,0.0,0.0,0.0,False,DISABLED,0,nan,nan,nan,nan,nan,nan,nan,nan,nan,nan,nan,nan,nan,nan,nan,nan,nan,nan,nan,nan,nan,nan,nan,nan,nan,nan,nan,nan,nan,nan,nan,nan,nan,nan,49.19328723438882,-1.2762372798731834,0.044738757369635895,0.037716186512295295,0.037716186512295295,0.037716186512295295,49.263359933129294,-1.262723933776287,0.07533001983232634,-0.07007269874047495,-0.013513346096896361,-0.03059126246269045,0.0713638117781545,0.07764418182046275,0.026472091674804688,False,DISABLED,none,MODEL_ORIGIN_FRAME_NOT_ESTABLISHED,nan,nan,nan,nan,nan,nan,nan,nan,nan,nan,nan,nan,nan,NOT_EVALUATED,nan,nan,nan,nan,DISABLED,nan,nan,nan,nan,nan,nan
1791356373.868851,1791356373.896933,1791356373.9025757,1791356373.9026392,front_rgbd_red_sphere,True,True,True,,41.7,41.7,1791356373.8882103,1791356373.896933,1791356373.868851,1791356373.868851,1791356373.868851,0.0,1791356372.8888612,1791356373.8888638,1791356373.8856568,1791356373.8888638,1791356373.8856568,1791356373.8888638,1791356372.8888612,1791356373.8888638,1791356372.8888612,1791356373.8888638,1791356332.168851,GAZEBO_CLOCK_SYSTEM_INTERPOLATION,MAPPED_EXACT,0,41.7,1791356373.868851,0.0005762577056884766,0.0,RGB,0.0,0,1,0,UNCALIBRATED,PREPARATION,FAR,STRAIGHT,1.0,150,1.0,11.303666114807129,0.44075924158096313,nan,nan,False,0.0,0.0,0.0,0.0,0,0,0,0,0,0.0,0.0,0.0,0.0,0.0,0.0,0.0,0.0,0.0,0.0,0.0,0.0,0.0,0.0,10.223352379461964,-0.2684498992248443,4.814963264614021,0.0,0.0,0.0,0.0,0.0,0.0,0.0,0.0,0.0,0.0,0.0,False,DISABLED,0,nan,nan,nan,nan,nan,nan,nan,nan,nan,nan,nan,nan,nan,nan,nan,nan,nan,nan,nan,nan,nan,nan,nan,nan,nan,nan,nan,nan,nan,nan,nan,nan,nan,nan,49.33412163479462,-1.4159923048243175,0.03509401814763241,0.03726315303007241,0.03726315303007241,0.03726315303007241,49.399115080154715,-1.3982524135811214,0.06536291573295877,-0.06499344536009488,-0.017739891243196082,-0.03026889758532636,0.06737100029757659,0.0738583633864645,0.02808213233947754,False,DISABLED,none,MODEL_ORIGIN_FRAME_NOT_ESTABLISHED,nan,nan,nan,nan,nan,nan,nan,nan,nan,nan,nan,nan,nan,NOT_EVALUATED,nan,nan,nan,nan,DISABLED,nan,nan,nan,nan,nan,nan
1791356373.9208589,1791356373.9398491,1791356373.9453003,1791356373.9453528,front_rgbd_red_sphere,True,True,True,,41.752,41.752,1791356373.9398491,1791356373.9386246,1791356373.9208589,1791356373.9208589,1791356373.9208589,0.0,1791356372.9288619,1791356373.9288623,1791356373.925657,1791356373.9288623,1791356373.925657,1791356373.9288623,1791356372.9288619,1791356373.9288623,1791356372.9288619,1791356373.9288623,1791356332.1688588,GAZEBO_CLOCK_SYSTEM_INTERPOLATION,MAPPED_EXACT,0,41.752,1791356373.9208589,0.0032758712768554688,0.0,RGB,0.0,0,1,0,UNCALIBRATED,PREPARATION,FAR,STRAIGHT,1.0,153,1.0,11.162544250488281,0.44123709201812744,nan,nan,False,0.0,0.0,0.0,0.0,0,0,0,0,0,0.0,0.0,0.0,0.0,0.0,0.0,0.0,0.0,0.0,0.0,0.0,0.0,0.0,0.0,10.093440844307116,-0.2703082377856685,4.7593882813356085,0.0,0.0,0.0,0.0,0.0,0.0,0.0,0.0,0.0,0.0,0.0,False,DISABLED,0,nan,nan,nan,nan,nan,nan,nan,nan,nan,nan,nan,nan,nan,nan,nan,nan,nan,nan,nan,nan,nan,nan,nan,nan,nan,nan,nan,nan,nan,nan,nan,nan,nan,nan,49.47579277186942,-1.556085365248602,0.025477922047079826,0.0367203097498592,0.0367203097498592,0.0367203097498592,49.54638164501146,-1.545218624633723,0.054137842050017905,-0.07058887314203588,-0.010866740614879022,-0.02865992000293808,0.07142041068947655,0.07695626080851581,0.018990278244018555,False,DISABLED,none,MODEL_ORIGIN_FRAME_NOT_ESTABLISHED,nan,nan,nan,nan,nan,nan,nan,nan,nan,nan,nan,nan,nan,NOT_EVALUATED,nan,nan,nan,nan,DISABLED,nan,nan,nan,nan,nan,nan
1791356373.9688575,1791356373.9940214,1791356374.0008516,1791356374.0008976,front_rgbd_red_sphere,True,True,True,,41.8,41.8,1791356373.9857576,1791356373.9940214,1791356373.9688575,1791356373.9688575,1791356373.9688575,0.0,1791356372.9688513,1791356373.9848676,1791356373.981657,1791356373.9848676,1791356373.985657,1791356373.9888556,1791356372.9688513,1791356373.9848676,1791356372.9688513,1791356373.9888556,1791356332.1688576,GAZEBO_CLOCK_SYSTEM_INTERPOLATION,MAPPED_EXACT,0,41.8,1791356373.9688575,0.00255584716796875,0.0,RGB,0.0,0,1,0,UNCALIBRATED,PREPARATION,FAR,STRAIGHT,1.0,157,1.0,11.046626091003418,0.4418170154094696,nan,nan,False,0.0,0.0,0.0,0.0,0,0,0,0,0,0.0,0.0,0.0,0.0,0.0,0.0,0.0,0.0,0.0,0.0,0.0,0.0,0.0,0.0,9.985887520409317,-0.2678665172399697,4.715744646104725,0.0,0.0,0.0,0.0,0.0,0.0,0.0,0.0,0.0,0.0,0.0,False,DISABLED,0,nan,nan,nan,nan,nan,nan,nan,nan,nan,nan,nan,nan,nan,nan,nan,nan,nan,nan,nan,nan,nan,nan,nan,nan,nan,nan,nan,nan,nan,nan,nan,nan,nan,nan,49.617295612720284,-1.6963197422264957,0.015950551056769402,0.036277396823361924,0.036277396823361924,0.036277396823361924,49.68239481336719,-1.6808982229806246,0.043448569873376294,-0.06509920064690533,-0.015421519245871096,-0.027498018816606892,0.06690089073186405,0.07233166816516316,0.025163888931274414,False,DISABLED,none,MODEL_ORIGIN_FRAME_NOT_ESTABLISHED,nan,nan,nan,nan,nan,nan,nan,nan,nan,nan,nan,nan,nan,NOT_EVALUATED,nan,nan,nan,nan,DISABLED,nan,nan,nan,nan,nan,nan
1791356374.0208523,1791356374.0532138,1791356374.0622585,1791356374.0623024,front_rgbd_red_sphere,True,True,True,,41.852,41.852,1791356374.0532138,1791356374.0494802,1791356374.0208523,1791356374.0208523,1791356374.0208523,0.0,1791356373.0088542,1791356374.0248528,1791356374.021657,1791356374.0248528,1791356374.025657,1791356374.0288436,1791356373.0088542,1791356374.0248528,1791356373.0088542,1791356374.0288436,1791356332.1688523,GAZEBO_CLOCK_SYSTEM_INTERPOLATION,MAPPED_EXACT,0,41.852,1791356374.0208523,0.0010597705841064453,0.0,RGB,0.0,0,1,0,UNCALIBRATED,PREPARATION,FAR,STRAIGHT,1.0,165,1.0,10.905850410461426,0.44208356738090515,nan,nan,False,0.0,0.0,0.0,0.0,0,0,0,0,0,0.0,0.0,0.0,0.0,0.0,0.0,0.0,0.0,0.0,0.0,0.0,0.0,0.0,0.0,9.857386639410523,-0.2699022401807003,4.657967832700322,0.0,0.0,0.0,0.0,0.0,0.0,0.0,0.0,0.0,0.0,0.0,False,DISABLED,0,nan,nan,nan,nan,nan,nan,nan,nan,nan,nan,nan,nan,nan,nan,nan,nan,nan,nan,nan,nan,nan,nan,nan,nan,nan,nan,nan,nan,nan,nan,nan,nan,nan,nan,49.75889414586994,-1.836468865771935,0.005889744567459443,0.0357431196615733,0.0357431196615733,0.0357431196615733,49.82966517922468,-1.8277417426597429,0.03160151974994583,-0.07077103335474533,-0.008727123112192148,-0.025711775182486386,0.07130709529853137,0.07580103708359508,0.032361507415771484,False,DISABLED,none,MODEL_ORIGIN_FRAME_NOT_ESTABLISHED,nan,nan,nan,nan,nan,nan,nan,nan,nan,nan,nan,nan,nan,NOT_EVALUATED,nan,nan,nan,nan,DISABLED,nan,nan,nan,nan,nan,nan
1791356374.0688486,1791356374.0924845,1791356374.1003406,1791356374.1003962,front_rgbd_red_sphere,True,True,True,,41.9,41.9,1791356374.0924845,1791356374.0904315,1791356374.0688486,1791356374.0688486,1791356374.0688486,0.0,1791356373.068853,1791356374.088863,1791356374.0856688,1791356374.088863,1791356374.0856688,1791356374.088863,1791356373.0648634,1791356374.088863,1791356373.068853,1791356374.088863,1791356332.1688485,GAZEBO_CLOCK_SYSTEM_INTERPOLATION,MAPPED_EXACT,0,41.9,1791356374.0688486,0.0020644664764404297,0.0,RGB,0.0,0,1,0,UNCALIBRATED,PREPARATION,FAR,STRAIGHT,1.0,167,1.0,10.791061401367188,0.44248053431510925,nan,nan,False,0.0,0.0,0.0,0.0,0,0,0,0,0,0.0,0.0,0.0,0.0,0.0,0.0,0.0,0.0,0.0,0.0,0.0,0.0,0.0,0.0,9.751799011646023,-0.26748018579072586,4.6127939819190615,0.0,0.0,0.0,0.0,0.0,0.0,0.0,0.0,0.0,0.0,0.0,False,DISABLED,0,nan,nan,nan,nan,nan,nan,nan,nan,nan,nan,nan,nan,nan,nan,nan,nan,nan,nan,nan,nan,nan,nan,nan,nan,nan,nan,nan,nan,nan,nan,nan,nan,nan,nan,49.900805867917846,-1.9770013076318742,-0.004289259687730362,0.0353103974249695,0.0353103974249695,0.0353103974249695,49.965662621221334,-1.9632785878825227,0.02047464344435198,-0.06485675330348784,-0.013722719749351464,-0.024763903132082342,0.06629262015027555,0.0707669582836784,0.0236358642578125,False,DISABLED,none,MODEL_ORIGIN_FRAME_NOT_ESTABLISHED,nan,nan,nan,nan,nan,nan,nan,nan,nan,nan,nan,nan,nan,NOT_EVALUATED,nan,nan,nan,nan,DISABLED,nan,nan,nan,nan,nan,nan
1791356374.1208565,1791356374.1404889,1791356374.1445084,1791356374.1445441,front_rgbd_red_sphere,True,True,True,,41.952,41.952,1791356374.1404889,1791356374.1386974,1791356374.1208565,1791356374.1208565,1791356374.1208565,0.0,1791356373.1088476,1791356374.1288476,1791356374.125669,1791356374.1288476,1791356374.125669,1791356374.1288476,1791356373.104868,1791356374.1288476,1791356373.1088476,1791356374.1288476,1791356332.1688566,GAZEBO_CLOCK_SYSTEM_INTERPOLATION,MAPPED_EXACT,0,41.952,1791356374.1208565,0.003928661346435547,0.0,RGB,0.0,0,1,0,UNCALIBRATED,PREPARATION,FAR,STRAIGHT,1.0,169,1.0,10.65134048461914,0.44255390763282776,nan,nan,False,0.0,0.0,0.0,0.0,0,0,0,0,0,0.0,0.0,0.0,0.0,0.0,0.0,0.0,0.0,0.0,0.0,0.0,0.0,0.0,0.0,9.625199931486632,-0.2696769292491563,4.553444213211426,0.0,0.0,0.0,0.0,0.0,0.0,0.0,0.0,0.0,0.0,0.0,False,DISABLED,0,nan,nan,nan,nan,nan,nan,nan,nan,nan,nan,nan,nan,nan,nan,nan,nan,nan,nan,nan,nan,nan,nan,nan,nan,nan,nan,nan,nan,nan,nan,nan,nan,nan,nan,50.04261362518779,-2.118121427522046,-0.014379658170691367,0.03478725009115029,0.03478725009115029,0.03478725009115029,50.113006093927964,-2.1100462050657818,0.008293530332843578,-0.0703924687401738,-0.008075222456264353,-0.022673188503534947,0.07085413800939576,0.07439342948118019,0.019632339477539062,False,DISABLED,none,MODEL_ORIGIN_FRAME_NOT_ESTABLISHED,nan,nan,nan,nan,nan,nan,nan,nan,nan,nan,nan,nan,nan,NOT_EVALUATED,nan,nan,nan,nan,DISABLED,nan,nan,nan,nan,nan,nan
1791356374.1688557,1791356374.2026975,1791356374.207367,1791356374.207404,front_rgbd_red_sphere,True,True,True,,42.0,42.0,1791356374.2026975,1791356374.190827,1791356374.1688557,1791356374.1688557,1791356374.1688557,0.0,1791356373.1848605,1791356374.1850576,1791356374.181669,1791356374.1850576,1791356374.185669,1791356374.1888628,1791356373.1848605,1791356374.1850576,1791356373.1689389,1791356374.1888628,1791356332.1688557,GAZEBO_CLOCK_SYSTEM_INTERPOLATION,MAPPED_EXACT,0,42.0,1791356374.1688557,0.002191781997680664,0.0,RGB,0.0,0,1,0,UNCALIBRATED,PREPARATION,FAR,STRAIGHT,1.0,173,1.0,10.537510871887207,0.44284775853157043,nan,nan,False,0.0,0.0,0.0,0.0,0,0,0,0,0,0.0,0.0,0.0,0.0,0.0,0.0,0.0,0.0,0.0,0.0,0.0,0.0,0.0,0.0,9.521010318014678,-0.26771900656551306,4.507530192656438,0.0,0.0,0.0,0.0,0.0,0.0,0.0,0.0,0.0,0.0,0.0,False,DISABLED,0,nan,nan,nan,nan,nan,nan,nan,nan,nan,nan,nan,nan,nan,nan,nan,nan,nan,nan,nan,nan,nan,nan,nan,nan,nan,nan,nan,nan,nan,nan,nan,nan,nan,nan,50.18448567843061,-2.2592890311660794,-0.024617008221985148,0.034363931637052744,0.034363931637052744,0.034363931637052744,50.24906449462716,-2.245496040973079,-0.0030021716214263887,-0.06457881619655126,-0.01379299019300051,-0.02161483660055876,0.06603536991500963,0.06948288451900234,0.033841848373413086,False,DISABLED,none,MODEL_ORIGIN_FRAME_NOT_ESTABLISHED,nan,nan,nan,nan,nan,nan,nan,nan,nan,nan,nan,nan,nan,NOT_EVALUATED,nan,nan,nan,nan,DISABLED,nan,nan,nan,nan,nan,nan
1791356374.2208521,1791356374.2595334,1791356374.26458,1791356374.2646327,front_rgbd_red_sphere,True,True,True,,42.052,42.052,1791356374.2595334,1791356374.257723,1791356374.2208521,1791356374.2208521,1791356374.2208521,0.0,1791356373.228855,1791356374.2488465,1791356374.245669,1791356374.2488465,1791356374.245669,1791356374.2488465,1791356373.2248619,1791356374.2488465,1791356373.228855,1791356374.2488465,1791356332.168852,GAZEBO_CLOCK_SYSTEM_INTERPOLATION,MAPPED_EXACT,0,42.052,1791356374.2208521,0.003784656524658203,0.0,RGB,0.0,0,1,0,UNCALIBRATED,PREPARATION,FAR,STRAIGHT,1.0,176,1.0,10.398519515991211,0.4427843391895294,nan,nan,False,0.0,0.0,0.0,0.0,0,0,0,0,0,0.0,0.0,0.0,0.0,0.0,0.0,0.0,0.0,0.0,0.0,0.0,0.0,0.0,0.0,9.395709030244015,-0.2701110987513067,4.447122246073365,0.0,0.0,0.0,0.0,0.0,0.0,0.0,0.0,0.0,0.0,0.0,False,DISABLED,0,nan,nan,nan,nan,nan,nan,nan,nan,nan,nan,nan,nan,nan,nan,nan,nan,nan,nan,nan,nan,nan,nan,nan,nan,nan,nan,nan,nan,nan,nan,nan,nan,nan,nan,50.32602473265276,-2.400069242327757,-0.034793927456471974,0.033850551389346235,0.033850551389346235,0.033850551389346235,50.396541640173865,-2.392225445485754,-0.015221516315133287,-0.07051690752110318,-0.007843796842003314,-0.01957241114133869,0.07095181037322754,0.07360189313546248,0.0386812686920166,False,DISABLED,none,MODEL_ORIGIN_FRAME_NOT_ESTABLISHED,nan,nan,nan,nan,nan,nan,nan,nan,nan,nan,nan,nan,nan,NOT_EVALUATED,nan,nan,nan,nan,DISABLED,nan,nan,nan,nan,nan,nan
1791356374.2688987,1791356374.3040662,1791356374.310247,1791356374.310293,front_rgbd_red_sphere,True,True,True,,42.1,42.1,1791356374.3040662,1791356374.3021684,1791356374.2688987,1791356374.2688987,1791356374.2688987,0.0,1791356373.2688544,1791356374.2888517,1791356374.2856688,1791356374.2888517,1791356374.2856688,1791356374.2888517,1791356373.2648695,1791356374.2888517,1791356373.2688544,1791356374.2888517,1791356332.1688988,GAZEBO_CLOCK_SYSTEM_INTERPOLATION,MAPPED_EXACT,0,42.1,1791356374.2688987,0.0036487579345703125,0.0,RGB,0.0,0,1,0,UNCALIBRATED,PREPARATION,FAR,STRAIGHT,1.0,181,1.0,10.285527229309082,0.44299033284187317,nan,nan,False,0.0,0.0,0.0,0.0,0,0,0,0,0,0.0,0.0,0.0,0.0,0.0,0.0,0.0,0.0,0.0,0.0,0.0,0.0,0.0,0.0,9.292705317694294,-0.2684556253672694,4.400639068366378,0.0,0.0,0.0,0.0,0.0,0.0,0.0,0.0,0.0,0.0,0.0,False,DISABLED,0,nan,nan,nan,nan,nan,nan,nan,nan,nan,nan,nan,nan,nan,nan,nan,nan,nan,nan,nan,nan,nan,nan,nan,nan,nan,nan,nan,nan,nan,nan,nan,nan,nan,nan,50.46808974792455,-2.541486915684321,-0.044990855770132676,0.03343604960438914,0.03343604960438914,0.03343604960438914,50.532859353908655,-2.5277645252038208,-0.02642335346731555,-0.06476960598410386,-0.01372239048050039,-0.018567502302817125,0.06620729461196395,0.06876160266893515,0.03516745567321777,False,DISABLED,none,MODEL_ORIGIN_FRAME_NOT_ESTABLISHED,nan,nan,nan,nan,nan,nan,nan,nan,nan,nan,nan,nan,nan,NOT_EVALUATED,nan,nan,nan,nan,DISABLED,nan,nan,nan,nan,nan,nan
1791356374.3208618,1791356374.359522,1791356374.367978,1791356374.3680677,front_rgbd_red_sphere,True,True,True,,42.152,42.152,1791356374.3575613,1791356374.359522,1791356374.3208618,1791356374.3208618,1791356374.3208618,0.0,1791356373.3288453,1791356374.3448493,1791356374.3416688,1791356374.3448493,1791356374.345669,1791356374.3488538,1791356373.3288453,1791356374.3448493,1791356373.3288453,1791356374.3488538,1791356332.1688619,GAZEBO_CLOCK_SYSTEM_INTERPOLATION,MAPPED_EXACT,0,42.152,1791356374.3208618,0.0039014816284179688,0.0,RGB,0.0,0,1,0,UNCALIBRATED,PREPARATION,FAR,STRAIGHT,1.0,185,1.0,10.147457122802734,0.44288864731788635,nan,nan,False,0.0,0.0,0.0,0.0,0,0,0,0,0,0.0,0.0,0.0,0.0,0.0,0.0,0.0,0.0,0.0,0.0,0.0,0.0,0.0,0.0,9.168404942196865,-0.2710168143922891,4.340251588862594,0.0,0.0,0.0,0.0,0.0,0.0,0.0,0.0,0.0,0.0,0.0,False,DISABLED,0,nan,nan,nan,nan,nan,nan,nan,nan,nan,nan,nan,nan,nan,nan,nan,nan,nan,nan,nan,nan,nan,nan,nan,nan,nan,nan,nan,nan,nan,nan,nan,nan,nan,nan,50.609296683916995,-2.6822971118555063,-0.05546439943598308,0.03293301948256722,0.03293301948256722,0.03293301948256722,50.680161492942304,-2.6741260565343605,-0.03835390554145694,-0.07086480902530923,-0.008171055321145815,-0.017110493894526138,0.07133433467310657,0.07335772832203427,0.038660287857055664,False,DISABLED,none,MODEL_ORIGIN_FRAME_NOT_ESTABLISHED,nan,nan,nan,nan,nan,nan,nan,nan,nan,nan,nan,nan,nan,NOT_EVALUATED,nan,nan,nan,nan,DISABLED,nan,nan,nan,nan,nan,nan
1791356374.3688617,1791356374.3915768,1791356374.3972688,1791356374.397323,front_rgbd_red_sphere,True,True,True,,42.2,42.2,1791356374.3915768,1791356374.3907106,1791356374.3688617,1791356374.3688617,1791356374.3688617,0.0,1791356373.3688533,1791356374.3688617,1791356374.365669,1791356374.3688617,1791356374.365669,1791356374.3688617,1791356373.3688533,1791356374.3688617,1791356373.3688533,1791356374.3688617,1791356332.1688616,GAZEBO_CLOCK_SYSTEM_INTERPOLATION,MAPPED_EXACT,0,42.2,1791356374.3688617,0.002996683120727539,0.0,RGB,0.0,0,1,0,UNCALIBRATED,PREPARATION,FAR,STRAIGHT,1.0,191,1.0,10.035330772399902,0.44306617975234985,nan,nan,False,0.0,0.0,0.0,0.0,0,0,0,0,0,0.0,0.0,0.0,0.0,0.0,0.0,0.0,0.0,0.0,0.0,0.0,0.0,0.0,0.0,9.066333651595846,-0.26943480540099163,4.293817745752603,0.0,0.0,0.0,0.0,0.0,0.0,0.0,0.0,0.0,0.0,0.0,False,DISABLED,0,nan,nan,nan,nan,nan,nan,nan,nan,nan,nan,nan,nan,nan,nan,nan,nan,nan,nan,nan,nan,nan,nan,nan,nan,nan,nan,nan,nan,nan,nan,nan,nan,nan,nan,50.750874499822835,-2.8234956338203085,-0.06597508785336809,0.03252731706606401,0.03252731706606401,0.03252731706606401,50.8164518908738,-2.8094484033982727,-0.04916216859786422,-0.06557739105096516,-0.014047230422035817,-0.016812919255503864,0.0670650348511128,0.06914038728176945,0.022715091705322266,False,DISABLED,none,MODEL_ORIGIN_FRAME_NOT_ESTABLISHED,nan,nan,nan,nan,nan,nan,nan,nan,nan,nan,nan,nan,nan,NOT_EVALUATED,nan,nan,nan,nan,DISABLED,nan,nan,nan,nan,nan,nan
1791356374.4208539,1791356374.4400766,1791356374.4461668,1791356374.446205,front_rgbd_red_sphere,True,True,True,,42.252,42.252,1791356374.4400766,1791356374.4386258,1791356374.4208539,1791356374.4208539,1791356374.4208539,0.0,1791356373.4088578,1791356374.4248476,1791356374.421669,1791356374.4248476,1791356374.425669,1791356374.4288447,1791356373.4088578,1791356374.4248476,1791356373.4088578,1791356374.4288447,1791356332.1688538,GAZEBO_CLOCK_SYSTEM_INTERPOLATION,MAPPED_EXACT,0,42.252,1791356374.4208539,0.003562450408935547,0.0,RGB,0.0,0,1,0,UNCALIBRATED,PREPARATION,MID,STRAIGHT,1.0,200,1.0,9.89797306060791,0.4429483413696289,nan,nan,False,0.0,0.0,0.0,0.0,0,0,0,0,0,0.0,0.0,0.0,0.0,0.0,0.0,0.0,0.0,0.0,0.0,0.0,0.0,0.0,0.0,8.942738926254032,-0.27189870727400045,4.233599815222636,0.0,0.0,0.0,0.0,0.0,0.0,0.0,0.0,0.0,0.0,0.0,False,DISABLED,0,nan,nan,nan,nan,nan,nan,nan,nan,nan,nan,nan,nan,nan,nan,nan,nan,nan,nan,nan,nan,nan,nan,nan,nan,nan,nan,nan,nan,nan,nan,nan,nan,nan,nan,50.8919133010498,-2.9640711453121606,-0.07613294950847099,0.03203374488950399,0.03203374488950399,0.03203374488950399,50.96421190441938,-2.9560479560489026,-0.06055986534843874,-0.07229860336958183,-0.008023189263258068,-0.015573084160032252,0.07274241964044204,0.07439072902856655,0.019222736358642578,False,DISABLED,none,MODEL_ORIGIN_FRAME_NOT_ESTABLISHED,nan,nan,nan,nan,nan,nan,nan,nan,nan,nan,nan,nan,nan,NOT_EVALUATED,nan,nan,nan,nan,DISABLED,nan,nan,nan,nan,nan,nan
1791356374.4688582,1791356374.4990401,1791356374.5040808,1791356374.5041137,front_rgbd_red_sphere,True,True,True,,42.3,42.3,1791356374.490123,1791356374.4990401,1791356374.4688582,1791356374.4688582,1791356374.4688582,0.0,1791356373.468858,1791356374.488857,1791356374.485669,1791356374.488857,1791356374.485669,1791356374.488857,1791356373.4648533,1791356374.488857,1791356373.468858,1791356374.488857,1791356332.1688583,GAZEBO_CLOCK_SYSTEM_INTERPOLATION,MAPPED_EXACT,0,42.3,1791356374.4688582,0.002642393112182617,0.0,RGB,0.0,0,1,0,UNCALIBRATED,PREPARATION,MID,STRAIGHT,1.0,200,1.0,9.786418914794922,0.44311821460723877,nan,nan,False,0.0,0.0,0.0,0.0,0,0,0,0,0,0.0,0.0,0.0,0.0,0.0,0.0,0.0,0.0,0.0,0.0,0.0,0.0,0.0,0.0,8.841237869201915,-0.2703179519598189,4.18729513901345,0.0,0.0,0.0,0.0,0.0,0.0,0.0,0.0,0.0,0.0,0.0,False,DISABLED,0,nan,nan,nan,nan,nan,nan,nan,nan,nan,nan,nan,nan,nan,nan,nan,nan,nan,nan,nan,nan,nan,nan,nan,nan,nan,nan,nan,nan,nan,nan,nan,nan,nan,nan,51.03285196218832,-3.104804337394298,-0.08598061129823692,0.03163567055555179,0.03163567055555179,0.03163567055555179,51.100534815148414,-3.0911916578177636,-0.07071213770439581,-0.0676828529600968,-0.013612679576534337,-0.015268473593841106,0.0690382041341711,0.07070643475637349,0.030181884765625,False,DISABLED,none,MODEL_ORIGIN_FRAME_NOT_ESTABLISHED,nan,nan,nan,nan,nan,nan,nan,nan,nan,nan,nan,nan,nan,NOT_EVALUATED,nan,nan,nan,nan,DISABLED,nan,nan,nan,nan,nan,nan
1791356374.5208461,1791356374.5374346,1791356374.5418036,1791356374.5418265,front_rgbd_red_sphere,True,True,True,,42.352,42.352,1791356374.5374346,1791356374.5366657,1791356374.5208461,1791356374.5208461,1791356374.5208461,0.0,1791356373.528851,1791356374.5288537,1791356374.5256689,1791356374.5288537,1791356374.5256689,1791356374.5288537,1791356373.528851,1791356374.5288537,1791356373.528851,1791356374.5288537,1791356332.1688461,GAZEBO_CLOCK_SYSTEM_INTERPOLATION,MAPPED_EXACT,0,42.352,1791356374.5208461,0.0011570453643798828,0.0,RGB,0.0,0,1,0,UNCALIBRATED,PREPARATION,MID,STRAIGHT,1.0,208,1.0,9.65061092376709,0.44304877519607544,nan,nan,False,0.0,0.0,0.0,0.0,0,0,0,0,0,0.0,0.0,0.0,0.0,0.0,0.0,0.0,0.0,0.0,0.0,0.0,0.0,0.0,0.0,8.718833479990225,-0.2720915369854877,4.128219851974818,0.0,0.0,0.0,0.0,0.0,0.0,0.0,0.0,0.0,0.0,0.0,False,DISABLED,0,nan,nan,nan,nan,nan,nan,nan,nan,nan,nan,nan,nan,nan,nan,nan,nan,nan,nan,nan,nan,nan,nan,nan,nan,nan,nan,nan,nan,nan,nan,nan,nan,nan,nan,51.173881649121164,-3.2457242247014473,-0.09558066377966185,0.03115440641543476,0.03115440641543476,0.03115440641543476,51.248237361469194,-3.237494571727819,-0.08125550719134701,-0.07435571234803007,-0.008229652973628099,-0.014325156588314833,0.07480975301957184,0.07616895206138179,0.016588449478149414,False,DISABLED,none,MODEL_ORIGIN_FRAME_NOT_ESTABLISHED,nan,nan,nan,nan,nan,nan,nan,nan,nan,nan,nan,nan,nan,NOT_EVALUATED,nan,nan,nan,nan,DISABLED,nan,nan,nan,nan,nan,nan
1791356374.5688539,1791356374.5906663,1791356374.59836,1791356374.5984185,front_rgbd_red_sphere,True,True,True,,42.4,42.4,1791356374.5906663,1791356374.5878203,1791356374.5688539,1791356374.5688539,1791356374.5688539,0.0,1791356373.5688548,1791356374.5848484,1791356374.5816689,1791356374.5848484,1791356374.5856688,1791356374.5888667,1791356373.5688548,1791356374.5848484,1791356373.5688548,1791356374.5888667,1791356332.1688538,GAZEBO_CLOCK_SYSTEM_INTERPOLATION,MAPPED_EXACT,0,42.4,1791356374.5688539,0.0017600059509277344,0.0,RGB,0.0,0,1,0,UNCALIBRATED,PREPARATION,MID,STRAIGHT,1.0,215,1.0,9.539875030517578,0.4432763457298279,nan,nan,False,0.0,0.0,0.0,0.0,0,0,0,0,0,0.0,0.0,0.0,0.0,0.0,0.0,0.0,0.0,0.0,0.0,0.0,0.0,0.0,0.0,8.617858481430282,-0.2691071412115962,4.08280720471087,0.0,0.0,0.0,0.0,0.0,0.0,0.0,0.0,0.0,0.0,0.0,False,DISABLED,0,nan,nan,nan,nan,nan,nan,nan,nan,nan,nan,nan,nan,nan,nan,nan,nan,nan,nan,nan,nan,nan,nan,nan,nan,nan,nan,nan,nan,nan,nan,nan,nan,nan,nan,51.314494356381196,-3.3863544811607307,-0.10463515492037095,0.030764722074212884,0.030764722074212884,0.030764722074212884,51.38477815271043,-3.372622112079525,-0.09051525194018599,-0.07028379632923532,-0.013732369081205675,-0.014119902980184965,0.07161277809882734,0.07299151763870732,0.02181243896484375,False,DISABLED,none,MODEL_ORIGIN_FRAME_NOT_ESTABLISHED,nan,nan,nan,nan,nan,nan,nan,nan,nan,nan,nan,nan,nan,NOT_EVALUATED,nan,nan,nan,nan,DISABLED,nan,nan,nan,nan,nan,nan
1791356374.620855,1791356374.637914,1791356374.64293,1791356374.6429555,front_rgbd_red_sphere,True,True,True,,42.452,42.452,1791356374.637914,1791356374.6365771,1791356374.620855,1791356374.620855,1791356374.620855,0.0,1791356373.6288548,1791356374.624854,1791356374.6216688,1791356374.624854,1791356374.625669,1791356374.6288574,1791356373.608845,1791356374.624854,1791356373.6288548,1791356374.6288574,1791356332.1688552,GAZEBO_CLOCK_SYSTEM_INTERPOLATION,MAPPED_EXACT,0,42.452,1791356374.620855,0.0016603469848632812,0.0,RGB,0.0,0,1,0,UNCALIBRATED,PREPARATION,MID,STRAIGHT,1.0,218,1.0,9.404691696166992,0.44321295619010925,nan,nan,False,0.0,0.0,0.0,0.0,0,0,0,0,0,0.0,0.0,0.0,0.0,0.0,0.0,0.0,0.0,0.0,0.0,0.0,0.0,0.0,0.0,8.495996299139941,-0.2677091586807343,4.024252789897057,0.0,0.0,0.0,0.0,0.0,0.0,0.0,0.0,0.0,0.0,0.0,False,DISABLED,0,nan,nan,nan,nan,nan,nan,nan,nan,nan,nan,nan,nan,nan,nan,nan,nan,nan,nan,nan,nan,nan,nan,nan,nan,nan,nan,nan,nan,nan,nan,nan,nan,nan,nan,51.4551289616385,-3.527105601985044,-0.1133859964257024,0.030292330400492576,0.030292330400492576,0.030292330400492576,51.53265272112106,-3.518832463149438,-0.09996066524478872,-0.07752375948255974,-0.008273138835606098,-0.013425331180913685,0.07796395391783939,0.07911142539368253,0.017058849334716797,False,DISABLED,none,MODEL_ORIGIN_FRAME_NOT_ESTABLISHED,nan,nan,nan,nan,nan,nan,nan,nan,nan,nan,nan,nan,nan,NOT_EVALUATED,nan,nan,nan,nan,DISABLED,nan,nan,nan,nan,nan,nan
1791356374.668859,1791356374.689336,1791356374.6975524,1791356374.6975815,front_rgbd_red_sphere,True,True,True,,42.5,42.5,1791356374.689336,1791356374.686452,1791356374.668859,1791356374.668859,1791356374.668859,0.0,1791356373.6888633,1791356374.6888688,1791356374.685669,1791356374.6888688,1791356374.685669,1791356374.6888688,1791356373.6888633,1791356374.6888688,1791356373.6888633,1791356374.6888688,1791356332.168859,GAZEBO_CLOCK_SYSTEM_INTERPOLATION,MAPPED_EXACT,0,42.5,1791356374.668859,0.0015184879302978516,0.0,RGB,0.0,0,1,0,UNCALIBRATED,PREPARATION,MID,STRAIGHT,1.0,225,1.0,9.294974327087402,0.443360835313797,nan,nan,False,0.0,0.0,0.0,0.0,0,0,0,0,0,0.0,0.0,0.0,0.0,0.0,0.0,0.0,0.0,0.0,0.0,0.0,0.0,0.0,0.0,8.39628993902108,-0.26106611091982757,3.978781752134557,0.0,0.0,0.0,0.0,0.0,0.0,0.0,0.0,0.0,0.0,0.0,False,DISABLED,0,nan,nan,nan,nan,nan,nan,nan,nan,nan,nan,nan,nan,nan,nan,nan,nan,nan,nan,nan,nan,nan,nan,nan,nan,nan,nan,nan,nan,nan,nan,nan,nan,nan,nan,51.5958620286157,-3.6676022102818644,-0.12157103656605223,0.029911613091676326,0.029911613091676326,0.029911613091676326,51.66924923633864,-3.6537615784749713,-0.10808794967022609,-0.07338720772294494,-0.0138406318068931,-0.01348308689582614,0.07468095705187937,0.07588833229439851,0.0204770565032959,False,DISABLED,none,MODEL_ORIGIN_FRAME_NOT_ESTABLISHED,nan,nan,nan,nan,nan,nan,nan,nan,nan,nan,nan,nan,nan,NOT_EVALUATED,nan,nan,nan,nan,DISABLED,nan,nan,nan,nan,nan,nan
1791356374.72086,1791356374.751093,1791356374.7563105,1791356374.756342,front_rgbd_red_sphere,True,True,True,,42.552,42.552,1791356374.751093,1791356374.7475252,1791356374.72086,1791356374.72086,1791356374.72086,0.0,1791356373.7088492,1791356374.7288547,1791356374.725669,1791356374.7288547,1791356374.725669,1791356374.7288547,1791356373.7048593,1791356374.7288547,1791356373.7088492,1791356374.7288547,1791356332.16886,GAZEBO_CLOCK_SYSTEM_INTERPOLATION,MAPPED_EXACT,0,42.552,1791356374.72086,0.002755403518676758,0.0,RGB,0.0,0,1,0,UNCALIBRATED,PREPARATION,MID,STRAIGHT,1.0,230,1.0,9.160558700561523,0.4430781304836273,nan,nan,False,0.0,0.0,0.0,0.0,0,0,0,0,0,0.0,0.0,0.0,0.0,0.0,0.0,0.0,0.0,0.0,0.0,0.0,0.0,0.0,0.0,8.275980761273052,-0.2551244578589431,3.919040927127784,0.0,0.0,0.0,0.0,0.0,0.0,0.0,0.0,0.0,0.0,0.0,False,DISABLED,0,nan,nan,nan,nan,nan,nan,nan,nan,nan,nan,nan,nan,nan,nan,nan,nan,nan,nan,nan,nan,nan,nan,nan,nan,nan,nan,nan,nan,nan,nan,nan,nan,nan,nan,51.736705831756005,-3.807941258536452,-0.1288963685502415,0.029448476017627477,0.029448476017627477,0.029448476017627477,51.81732181241209,-3.7998812558845163,-0.11620291122217169,-0.08061598065608422,-0.008060002651935516,-0.012693457328069813,0.08101789913279257,0.08200624268207196,0.030232906341552734,False,DISABLED,none,MODEL_ORIGIN_FRAME_NOT_ESTABLISHED,nan,nan,nan,nan,nan,nan,nan,nan,nan,nan,nan,nan,nan,NOT_EVALUATED,nan,nan,nan,nan,DISABLED,nan,nan,nan,nan,nan,nan
1791356374.7688494,1791356374.8046238,1791356374.8107226,1791356374.8107657,front_rgbd_red_sphere,True,True,True,,42.6,42.6,1791356374.8046238,1791356374.8039374,1791356374.7688494,1791356374.7688494,1791356374.7688494,0.0,1791356373.7888548,1791356374.7848613,1791356374.781669,1791356374.7848613,1791356374.7856688,1791356374.7888808,1791356373.7848601,1791356374.7848613,1791356373.7888548,1791356374.7888808,1791356332.1688495,GAZEBO_CLOCK_SYSTEM_INTERPOLATION,MAPPED_EXACT,0,42.6,1791356374.7688494,0.004027605056762695,0.0,RGB,0.0,0,1,0,UNCALIBRATED,PREPARATION,MID,STRAIGHT,1.0,238,1.0,9.051613807678223,0.4429818093776703,nan,nan,False,0.0,0.0,0.0,0.0,0,0,0,0,0,0.0,0.0,0.0,0.0,0.0,0.0,0.0,0.0,0.0,0.0,0.0,0.0,0.0,0.0,8.177929675802098,-0.24442136149099447,3.8721350506696695,0.0,0.0,0.0,0.0,0.0,0.0,0.0,0.0,0.0,0.0,0.0,False,DISABLED,0,nan,nan,nan,nan,nan,nan,nan,nan,nan,nan,nan,nan,nan,nan,nan,nan,nan,nan,nan,nan,nan,nan,nan,nan,nan,nan,nan,nan,nan,nan,nan,nan,nan,nan,51.877682536988175,-3.9479972626036774,-0.1357532544995223,0.029075752009291425,0.029075752009291425,0.029075752009291425,51.95399949907971,-3.9346153890547515,-0.12299962477938202,-0.07631696209153205,-0.013381873548925949,-0.012753629720140283,0.07748130898842497,0.07852393465433471,0.03577446937561035,False,DISABLED,none,MODEL_ORIGIN_FRAME_NOT_ESTABLISHED,nan,nan,nan,nan,nan,nan,nan,nan,nan,nan,nan,nan,nan,NOT_EVALUATED,nan,nan,nan,nan,DISABLED,nan,nan,nan,nan,nan,nan
1791356374.8208609,1791356374.8459203,1791356374.8521795,1791356374.8522878,front_rgbd_red_sphere,True,True,True,,42.652,42.652,1791356374.8459203,1791356374.8443394,1791356374.8208609,1791356374.8208609,1791356374.8208609,0.0,1791356373.8288457,1791356374.8248653,1791356374.8216689,1791356374.8248653,1791356374.8256688,1791356374.8288536,1791356373.8248513,1791356374.8248653,1791356373.8288457,1791356374.8288536,1791356332.168861,GAZEBO_CLOCK_SYSTEM_INTERPOLATION,MAPPED_EXACT,0,42.652,1791356374.8208609,0.001600503921508789,0.0,RGB,0.0,0,1,0,UNCALIBRATED,PREPARATION,MID,STRAIGHT,1.0,242,1.0,8.917783737182617,0.44243744015693665,nan,nan,False,0.0,0.0,0.0,0.0,0,0,0,0,0,0.0,0.0,0.0,0.0,0.0,0.0,0.0,0.0,0.0,0.0,0.0,0.0,0.0,0.0,8.059096986684077,-0.23434808397573992,3.810892059981435,0.0,0.0,0.0,0.0,0.0,0.0,0.0,0.0,0.0,0.0,0.0,False,DISABLED,0,nan,nan,nan,nan,nan,nan,nan,nan,nan,nan,nan,nan,nan,nan,nan,nan,nan,nan,nan,nan,nan,nan,nan,nan,nan,nan,nan,nan,nan,nan,nan,nan,nan,nan,52.018372337083946,-4.087818936298278,-0.1415910131245351,0.028621139666565456,0.028621139666565456,0.028621139666565456,52.10220182426268,-4.0805531630002765,-0.12958014036165838,-0.08382948717873262,-0.007265773298001932,-0.012010872762876712,0.08414377209435797,0.08499667903390855,0.02505946159362793,False,DISABLED,none,MODEL_ORIGIN_FRAME_NOT_ESTABLISHED,nan,nan,nan,nan,nan,nan,nan,nan,nan,nan,nan,nan,nan,NOT_EVALUATED,nan,nan,nan,nan,DISABLED,nan,nan,nan,nan,nan,nan
1791356374.868859,1791356374.9006097,1791356374.9097073,1791356374.9097383,front_rgbd_red_sphere,True,True,True,,42.7,42.7,1791356374.9006097,1791356374.8976574,1791356374.868859,1791356374.868859,1791356374.868859,0.0,1791356373.868851,1791356374.888859,1791356374.885669,1791356374.888859,1791356374.885669,1791356374.888859,1791356373.864864,1791356374.888859,1791356373.868851,1791356374.888859,1791356332.168859,GAZEBO_CLOCK_SYSTEM_INTERPOLATION,MAPPED_EXACT,0,42.7,1791356374.868859,0.0008242130279541016,0.0,RGB,0.0,0,1,0,UNCALIBRATED,PREPARATION,MID,STRAIGHT,1.0,243,1.0,8.809545516967773,0.44202369451522827,nan,nan,False,0.0,0.0,0.0,0.0,0,0,0,0,0,0.0,0.0,0.0,0.0,0.0,0.0,0.0,0.0,0.0,0.0,0.0,0.0,0.0,0.0,7.962841345205045,-0.22054331585686793,3.7619962016132993,0.0,0.0,0.0,0.0,0.0,0.0,0.0,0.0,0.0,0.0,0.0,False,DISABLED,0,nan,nan,nan,nan,nan,nan,nan,nan,nan,nan,nan,nan,nan,nan,nan,nan,nan,nan,nan,nan,nan,nan,nan,nan,nan,nan,nan,nan,nan,nan,nan,nan,nan,nan,52.15923114927677,-4.227891984169646,-0.1466638095276544,0.02825608297384663,0.02825608297384663,0.02825608297384663,52.239091715772965,-4.215199286329781,-0.13488486563672805,-0.079860566496194,-0.012692697839864486,-0.011778943890926347,0.08086293749021936,0.08171632749171193,0.03175067901611328,False,DISABLED,none,MODEL_ORIGIN_FRAME_NOT_ESTABLISHED,nan,nan,nan,nan,nan,nan,nan,nan,nan,nan,nan,nan,nan,NOT_EVALUATED,nan,nan,nan,nan,DISABLED,nan,nan,nan,nan,nan,nan
1791356374.9208713,1791356374.9531024,1791356374.9569566,1791356374.9569821,front_rgbd_red_sphere,True,True,True,,42.752,42.752,1791356374.9531024,1791356374.9417849,1791356374.9208713,1791356374.9208713,1791356374.9208713,0.0,1791356373.9288623,1791356374.9288592,1791356374.925669,1791356374.9288592,1791356374.945669,1791356374.9488485,1791356373.904908,1791356374.9288592,1791356373.9288623,1791356374.9488485,1791356332.1688712,GAZEBO_CLOCK_SYSTEM_INTERPOLATION,MAPPED_EXACT,0,42.752,1791356374.9208713,0.0008213520050048828,0.0,RGB,0.0,0,1,0,UNCALIBRATED,PREPARATION,MID,STRAIGHT,1.0,256,1.0,8.676532745361328,0.4410635530948639,nan,nan,False,0.0,0.0,0.0,0.0,0,0,0,0,0,0.0,0.0,0.0,0.0,0.0,0.0,0.0,0.0,0.0,0.0,0.0,0.0,0.0,0.0,7.846172115939353,-0.20823054927906082,3.698166736213631,0.0,0.0,0.0,0.0,0.0,0.0,0.0,0.0,0.0,0.0,0.0,False,DISABLED,0,nan,nan,nan,nan,nan,nan,nan,nan,nan,nan,nan,nan,nan,nan,nan,nan,nan,nan,nan,nan,nan,nan,nan,nan,nan,nan,nan,nan,nan,nan,nan,nan,nan,nan,52.300488965646906,-4.367263665404019,-0.15089105477645276,0.027810673203330225,0.027810673203330225,0.027810673203330225,52.38751728386194,-4.361022822064236,-0.13977153860680513,-0.0870283182150331,-0.00624084333978292,-0.011119516169647625,0.08725179824467101,0.0879574893728546,0.03223109245300293,False,DISABLED,none,MODEL_ORIGIN_FRAME_NOT_ESTABLISHED,nan,nan,nan,nan,nan,nan,nan,nan,nan,nan,nan,nan,nan,NOT_EVALUATED,nan,nan,nan,nan,DISABLED,nan,nan,nan,nan,nan,nan
1791356374.9688535,1791356374.994396,1791356374.9995298,1791356374.9995728,front_rgbd_red_sphere,True,True,True,,42.8,42.8,1791356374.994396,1791356374.9928086,1791356374.9688535,1791356374.9688535,1791356374.9688535,0.0,1791356373.9848676,1791356374.9848692,1791356374.981669,1791356374.9848692,1791356374.985669,1791356374.988854,1791356373.9848676,1791356374.9848692,1791356373.9688578,1791356374.988854,1791356332.1688535,GAZEBO_CLOCK_SYSTEM_INTERPOLATION,MAPPED_EXACT,0,42.8,1791356374.9688535,0.0021398067474365234,0.0,RGB,0.0,0,1,0,UNCALIBRATED,PREPARATION,MID,STRAIGHT,1.0,262,1.0,8.56899642944336,0.4402379095554352,nan,nan,False,0.0,0.0,0.0,0.0,0,0,0,0,0,0.0,0.0,0.0,0.0,0.0,0.0,0.0,0.0,0.0,0.0,0.0,0.0,0.0,0.0,7.7519449460004335,-0.19424123799926374,3.6465483523281392,0.0,0.0,0.0,0.0,0.0,0.0,0.0,0.0,0.0,0.0,0.0,False,DISABLED,0,nan,nan,nan,nan,nan,nan,nan,nan,nan,nan,nan,nan,nan,nan,nan,nan,nan,nan,nan,nan,nan,nan,nan,nan,nan,nan,nan,nan,nan,nan,nan,nan,nan,nan,52.44192408222715,-4.5066766340525914,-0.15443321012261763,0.027453163336363322,0.027453163336363322,0.027453163336363322,52.524491236124014,-4.495432269032808,-0.14344761738241435,-0.08256715389686065,-0.011244365019783764,-0.010985592740203276,0.0833292904525534,0.08405030574114299,0.025542497634887695,False,DISABLED,none,MODEL_ORIGIN_FRAME_NOT_ESTABLISHED,nan,nan,nan,nan,nan,nan,nan,nan,nan,nan,nan,nan,nan,NOT_EVALUATED,nan,nan,nan,nan,DISABLED,nan,nan,nan,nan,nan,nan
1791356375.0208938,1791356375.040778,1791356375.0464773,1791356375.046517,front_rgbd_red_sphere,True,True,True,,42.852,42.852,1791356375.040778,1791356375.0400212,1791356375.0208938,1791356375.0208938,1791356375.0208938,0.0,1791356374.0288436,1791356375.0248623,1791356375.021669,1791356375.0248623,1791356375.0256689,1791356375.0288596,1791356374.0248528,1791356375.0248623,1791356374.0288436,1791356375.0288596,1791356332.1688938,GAZEBO_CLOCK_SYSTEM_INTERPOLATION,MAPPED_EXACT,0,42.852,1791356375.0208938,0.00420379638671875,0.0,RGB,0.0,0,1,0,UNCALIBRATED,PREPARATION,MID,STRAIGHT,1.0,272,1.0,8.437420845031738,0.4388677179813385,nan,nan,False,0.0,0.0,0.0,0.0,0,0,0,0,0,0.0,0.0,0.0,0.0,0.0,0.0,0.0,0.0,0.0,0.0,0.0,0.0,0.0,0.0,7.637835272516901,-0.18350251384584748,3.5804856374731813,0.0,0.0,0.0,0.0,0.0,0.0,0.0,0.0,0.0,0.0,0.0,False,DISABLED,0,nan,nan,nan,nan,nan,nan,nan,nan,nan,nan,nan,nan,nan,nan,nan,nan,nan,nan,nan,nan,nan,nan,nan,nan,nan,nan,nan,nan,nan,nan,nan,nan,nan,nan,52.58420135773615,-4.646341840882025,-0.15698215741190907,0.02701888190504808,0.02701888190504808,0.02701888190504808,52.6731407255155,-4.641117742559673,-0.1465199916197489,-0.08893936777935352,-0.005224098322352155,-0.010462165792160166,0.08909266156240203,0.0897048452277543,0.019884109497070312,False,DISABLED,none,MODEL_ORIGIN_FRAME_NOT_ESTABLISHED,nan,nan,nan,nan,nan,nan,nan,nan,nan,nan,nan,nan,nan,NOT_EVALUATED,nan,nan,nan,nan,DISABLED,nan,nan,nan,nan,nan,nan
1791356375.0688636,1791356375.101958,1791356375.107157,1791356375.1071913,front_rgbd_red_sphere,True,True,True,,42.9,42.9,1791356375.101958,1791356375.0972219,1791356375.0688636,1791356375.0688636,1791356375.0688636,0.0,1791356374.088863,1791356375.0888805,1791356375.085681,1791356375.0888805,1791356375.085681,1791356375.0888805,1791356374.088863,1791356375.0888805,1791356374.088863,1791356375.0888805,1791356332.1688635,GAZEBO_CLOCK_SYSTEM_INTERPOLATION,MAPPED_EXACT,0,42.9,1791356375.0688636,0.002025127410888672,0.0,RGB,0.0,0,1,0,UNCALIBRATED,PREPARATION,MID,STRAIGHT,1.0,275,1.0,8.329984664916992,0.43768399953842163,nan,nan,False,0.0,0.0,0.0,0.0,0,0,0,0,0,0.0,0.0,0.0,0.0,0.0,0.0,0.0,0.0,0.0,0.0,0.0,0.0,0.0,0.0,7.544765028475541,-0.1726178295298162,3.5263827999431934,0.0,0.0,0.0,0.0,0.0,0.0,0.0,0.0,0.0,0.0,0.0,False,DISABLED,0,nan,nan,nan,nan,nan,nan,nan,nan,nan,nan,nan,nan,nan,nan,nan,nan,nan,nan,nan,nan,nan,nan,nan,nan,nan,nan,nan,nan,nan,nan,nan,nan,nan,nan,52.72548940478373,-4.784648668549881,-0.15887382130935207,0.026666841363183917,0.026666841363183917,0.026666841363183917,52.810158785081995,-4.775228961384641,-0.1484778244990193,-0.08466938029826565,-0.009419707165240432,-0.010395996810332764,0.08519175337537793,0.08582372395119933,0.03309440612792969,False,DISABLED,none,MODEL_ORIGIN_FRAME_NOT_ESTABLISHED,nan,nan,nan,nan,nan,nan,nan,nan,nan,nan,nan,nan,nan,NOT_EVALUATED,nan,nan,nan,nan,DISABLED,nan,nan,nan,nan,nan,nan
1791356375.1208603,1791356375.151124,1791356375.1598637,1791356375.1598864,front_rgbd_red_sphere,True,True,True,,42.952,42.952,1791356375.151124,1791356375.1490147,1791356375.1208603,1791356375.1208603,1791356375.1208603,0.0,1791356374.1288476,1791356375.1288497,1791356375.125681,1791356375.1288497,1791356375.125681,1791356375.1288497,1791356374.1288476,1791356375.1288497,1791356374.1288476,1791356375.1288497,1791356332.1688604,GAZEBO_CLOCK_SYSTEM_INTERPOLATION,MAPPED_EXACT,0,42.952,1791356375.1208603,0.0029664039611816406,0.0,RGB,0.0,0,1,0,UNCALIBRATED,PREPARATION,MID,STRAIGHT,1.0,284,1.0,8.199220657348633,0.43595728278160095,nan,nan,False,0.0,0.0,0.0,0.0,0,0,0,0,0,0.0,0.0,0.0,0.0,0.0,0.0,0.0,0.0,0.0,0.0,0.0,0.0,0.0,0.0,7.432316240749018,-0.1657639879181403,3.4583828493386974,0.0,0.0,0.0,0.0,0.0,0.0,0.0,0.0,0.0,0.0,0.0,False,DISABLED,0,nan,nan,nan,nan,nan,nan,nan,nan,nan,nan,nan,nan,nan,nan,nan,nan,nan,nan,nan,nan,nan,nan,nan,nan,nan,nan,nan,nan,nan,nan,nan,nan,nan,nan,52.8682125879175,-4.924062232498732,-0.1600124973301415,0.026241473992204757,0.026241473992204757,0.026241473992204757,52.95898689820361,-4.92070695759945,-0.1496584110187587,-0.09077431028611471,-0.0033552748992820014,-0.010354086311382793,0.09083629933880828,0.09142450645703891,0.030263662338256836,False,DISABLED,none,MODEL_ORIGIN_FRAME_NOT_ESTABLISHED,nan,nan,nan,nan,nan,nan,nan,nan,nan,nan,nan,nan,nan,NOT_EVALUATED,nan,nan,nan,nan,DISABLED,nan,nan,nan,nan,nan,nan
1791356375.1688547,1791356375.1956418,1791356375.201842,1791356375.201911,front_rgbd_red_sphere,True,True,True,,43.0,43.0,1791356375.1956418,1791356375.1927705,1791356375.1688547,1791356375.1688547,1791356375.1688547,0.0,1791356374.1688557,1791356375.1848643,1791356375.181681,1791356375.1848643,1791356375.1856809,1791356375.188849,1791356374.1688557,1791356375.1848643,1791356374.1688557,1791356375.188849,1791356332.1688547,GAZEBO_CLOCK_SYSTEM_INTERPOLATION,MAPPED_EXACT,0,43.0,1791356375.1688547,0.003118276596069336,0.0,RGB,0.0,0,1,0,UNCALIBRATED,PREPARATION,MID,STRAIGHT,1.0,291,1.0,8.092733383178711,0.4344385266304016,nan,nan,False,0.0,0.0,0.0,0.0,0,0,0,0,0,0.0,0.0,0.0,0.0,0.0,0.0,0.0,0.0,0.0,0.0,0.0,0.0,0.0,0.0,7.340971368066946,-0.1589239117738197,3.4025315293534923,0.0,0.0,0.0,0.0,0.0,0.0,0.0,0.0,0.0,0.0,0.0,False,DISABLED,0,nan,nan,nan,nan,nan,nan,nan,nan,nan,nan,nan,nan,nan,nan,nan,nan,nan,nan,nan,nan,nan,nan,nan,nan,nan,nan,nan,nan,nan,nan,nan,nan,nan,nan,53.01041012661448,-5.062464859274809,-0.16022418740769767,0.02589760769560627,0.02589760769560627,0.02589760769560627,53.096486060192944,-5.054924379619696,-0.1498550656961364,-0.08607593357846355,-0.00754047965511262,-0.010369121711561263,0.08640558532197577,0.0870255356771931,0.02678704261779785,False,DISABLED,none,MODEL_ORIGIN_FRAME_NOT_ESTABLISHED,nan,nan,nan,nan,nan,nan,nan,nan,nan,nan,nan,nan,nan,NOT_EVALUATED,nan,nan,nan,nan,DISABLED,nan,nan,nan,nan,nan,nan
1791356375.220862,1791356375.2463677,1791356375.258457,1791356375.2585604,front_rgbd_red_sphere,True,True,True,,43.052,43.052,1791356375.2463677,1791356375.2440484,1791356375.220862,1791356375.220862,1791356375.220862,0.0,1791356374.2288454,1791356375.2248478,1791356375.2216809,1791356375.2248478,1791356375.2256808,1791356375.2288842,1791356374.2088804,1791356375.2248478,1791356374.2288454,1791356375.2288842,1791356332.1688619,GAZEBO_CLOCK_SYSTEM_INTERPOLATION,MAPPED_EXACT,0,43.052,1791356375.220862,0.0018422603607177734,0.0,RGB,0.0,0,1,0,UNCALIBRATED,PREPARATION,MID,STRAIGHT,1.0,302,1.0,7.961944580078125,0.432341068983078,nan,nan,False,0.0,0.0,0.0,0.0,0,0,0,0,0,0.0,0.0,0.0,0.0,0.0,0.0,0.0,0.0,0.0,0.0,0.0,0.0,0.0,0.0,7.229344953183875,-0.15628579612546645,3.33237308195746,0.0,0.0,0.0,0.0,0.0,0.0,0.0,0.0,0.0,0.0,0.0,False,DISABLED,0,nan,nan,nan,nan,nan,nan,nan,nan,nan,nan,nan,nan,nan,nan,nan,nan,nan,nan,nan,nan,nan,nan,nan,nan,nan,nan,nan,nan,nan,nan,nan,nan,nan,nan,53.15317157903424,-5.200780682165442,-0.15942592971626995,0.025478367991636712,0.025478367991636712,0.025478367991636712,53.245417632244,-5.200095826527674,-0.1491126030757971,-0.09224605320975598,-0.0006848556377683224,-0.010313326640472853,0.0922485954365795,0.09282331639418408,0.025505781173706055,False,DISABLED,none,MODEL_ORIGIN_FRAME_NOT_ESTABLISHED,nan,nan,nan,nan,nan,nan,nan,nan,nan,nan,nan,nan,nan,NOT_EVALUATED,nan,nan,nan,nan,DISABLED,nan,nan,nan,nan,nan,nan
1791356375.268845,1791356375.3027923,1791356375.3067,1791356375.306726,front_rgbd_red_sphere,True,True,True,,43.1,43.1,1791356375.3027923,1791356375.29237,1791356375.268845,1791356375.268845,1791356375.268845,0.0,1791356374.2888517,1791356375.2888565,1791356375.285681,1791356375.2888565,1791356375.285681,1791356375.2888565,1791356374.2888517,1791356375.2888565,1791356374.2888517,1791356375.2888565,1791356332.1688452,GAZEBO_CLOCK_SYSTEM_INTERPOLATION,MAPPED_EXACT,0,43.1,1791356375.268845,0.002349376678466797,0.0,RGB,0.0,0,1,0,UNCALIBRATED,PREPARATION,MID,STRAIGHT,1.0,309,1.0,7.85671329498291,0.4304739832878113,nan,nan,False,0.0,0.0,0.0,0.0,0,0,0,0,0,0.0,0.0,0.0,0.0,0.0,0.0,0.0,0.0,0.0,0.0,0.0,0.0,0.0,0.0,7.13992991851369,-0.15287585689390593,3.2750527258897026,0.0,0.0,0.0,0.0,0.0,0.0,0.0,0.0,0.0,0.0,0.0,False,DISABLED,0,nan,nan,nan,nan,nan,nan,nan,nan,nan,nan,nan,nan,nan,nan,nan,nan,nan,nan,nan,nan,nan,nan,nan,nan,nan,nan,nan,nan,nan,nan,nan,nan,nan,nan,53.296010175940125,-5.338753330811025,-0.15782800843363826,0.025143535011482344,0.025143535011482344,0.025143535011482344,53.38297345590654,-5.333981157079506,-0.14754025196715018,-0.08696327996641173,-0.004772173731518947,-0.01028775646648808,0.08709411980518723,0.08769962165114553,0.03394722938537598,False,DISABLED,none,MODEL_ORIGIN_FRAME_NOT_ESTABLISHED,nan,nan,nan,nan,nan,nan,nan,nan,nan,nan,nan,nan,nan,NOT_EVALUATED,nan,nan,nan,nan,DISABLED,nan,nan,nan,nan,nan,nan
1791356375.3208568,1791356375.3479867,1791356375.35888,1791356375.3589234,front_rgbd_red_sphere,True,True,True,,43.152,43.152,1791356375.3479867,1791356375.346021,1791356375.3208568,1791356375.3208568,1791356375.3208568,0.0,1791356374.3088863,1791356375.3288536,1791356375.325681,1791356375.3288536,1791356375.325681,1791356375.3288536,1791356374.3048632,1791356375.3288536,1791356374.3088863,1791356375.3288536,1791356332.1688569,GAZEBO_CLOCK_SYSTEM_INTERPOLATION,MAPPED_EXACT,0,43.152,1791356375.3208568,0.0036001205444335938,0.0,RGB,0.0,0,1,0,UNCALIBRATED,PREPARATION,MID,STRAIGHT,1.0,319,1.0,7.726717472076416,0.42801618576049805,nan,nan,False,0.0,0.0,0.0,0.0,0,0,0,0,0,0.0,0.0,0.0,0.0,0.0,0.0,0.0,0.0,0.0,0.0,0.0,0.0,0.0,0.0,7.029697480871362,-0.1534929144409416,3.2034284363722305,0.0,0.0,0.0,0.0,0.0,0.0,0.0,0.0,0.0,0.0,0.0,False,DISABLED,0,nan,nan,nan,nan,nan,nan,nan,nan,nan,nan,nan,nan,nan,nan,nan,nan,nan,nan,nan,nan,nan,nan,nan,nan,nan,nan,nan,nan,nan,nan,nan,nan,nan,nan,53.43934788404927,-5.4763610951327895,-0.15529859618724345,0.02473296375637053,0.02473296375637053,0.02473296375637053,53.53215921073929,-5.478967879686614,-0.14489517388631587,-0.09281132669001835,0.0026067845538246814,-0.010403422300927584,0.09284792775108862,0.09342895099080803,0.0271298885345459,False,DISABLED,none,MODEL_ORIGIN_FRAME_NOT_ESTABLISHED,nan,nan,nan,nan,nan,nan,nan,nan,nan,nan,nan,nan,nan,NOT_EVALUATED,nan,nan,nan,nan,DISABLED,nan,nan,nan,nan,nan,nan
1791356375.3688514,1791356375.400201,1791356375.4043772,1791356375.4044094,front_rgbd_red_sphere,True,True,True,,43.2,43.2,1791356375.390392,1791356375.400201,1791356375.3688514,1791356375.3688514,1791356375.3688514,0.0,1791356374.3848627,1791356375.384864,1791356375.381681,1791356375.384864,1791356375.385681,1791356375.388858,1791356374.3848627,1791356375.384864,1791356374.3688617,1791356375.388858,1791356332.1688514,GAZEBO_CLOCK_SYSTEM_INTERPOLATION,MAPPED_EXACT,0,43.2,1791356375.3688514,0.0037636756896972656,0.0,RGB,0.0,0,1,0,UNCALIBRATED,PREPARATION,MID,STRAIGHT,1.0,323,1.0,7.622127532958984,0.4258468449115753,nan,nan,False,0.0,0.0,0.0,0.0,0,0,0,0,0,0.0,0.0,0.0,0.0,0.0,0.0,0.0,0.0,0.0,0.0,0.0,0.0,0.0,0.0,6.941389578400858,-0.15263699985897006,3.1449390473792223,0.0,0.0,0.0,0.0,0.0,0.0,0.0,0.0,0.0,0.0,0.0,False,DISABLED,0,nan,nan,nan,nan,nan,nan,nan,nan,nan,nan,nan,nan,nan,nan,nan,nan,nan,nan,nan,nan,nan,nan,nan,nan,nan,nan,nan,nan,nan,nan,nan,nan,nan,nan,53.58279692922502,-5.613826644082527,-0.1523005584034552,0.02440508703282781,0.02440508703282781,0.02440508703282781,53.66992104879104,-5.612642965981764,-0.14159261031262516,-0.0871241195660204,-0.0011836781007632524,-0.010707948090830033,0.0871321599870016,0.08778766118490887,0.03134965896606445,False,DISABLED,none,MODEL_ORIGIN_FRAME_NOT_ESTABLISHED,nan,nan,nan,nan,nan,nan,nan,nan,nan,nan,nan,nan,nan,NOT_EVALUATED,nan,nan,nan,nan,DISABLED,nan,nan,nan,nan,nan,nan
1791356375.4208615,1791356375.4471724,1791356375.454981,1791356375.455038,front_rgbd_red_sphere,True,True,True,,43.252,43.252,1791356375.4471724,1791356375.435229,1791356375.4208615,1791356375.4208615,1791356375.4208615,0.0,1791356374.4288447,1791356375.4248605,1791356375.421681,1791356375.4248605,1791356375.4256809,1791356375.4288645,1791356374.4248476,1791356375.4248605,1791356374.4288447,1791356375.4288645,1791356332.1688614,GAZEBO_CLOCK_SYSTEM_INTERPOLATION,MAPPED_EXACT,0,43.252,1791356375.4208615,0.0026090145111083984,0.0,RGB,0.0,0,1,0,UNCALIBRATED,PREPARATION,MID,STRAIGHT,1.0,332,1.0,7.492733955383301,0.42307916283607483,nan,nan,False,0.0,0.0,0.0,0.0,0,0,0,0,0,0.0,0.0,0.0,0.0,0.0,0.0,0.0,0.0,0.0,0.0,0.0,0.0,0.0,0.0,6.83209248511429,-0.15508409757528696,3.0723807572650923,0.0,0.0,0.0,0.0,0.0,0.0,0.0,0.0,0.0,0.0,0.0,False,DISABLED,0,nan,nan,nan,nan,nan,nan,nan,nan,nan,nan,nan,nan,nan,nan,nan,nan,nan,nan,nan,nan,nan,nan,nan,nan,nan,nan,nan,nan,nan,nan,nan,nan,nan,nan,53.72636640743663,-5.7508164357115295,-0.14822440297922818,0.0240024805813286,0.0240024805813286,0.0240024805813286,53.8193944651554,-5.757451115819774,-0.1371085559347113,-0.09302805771876876,0.006634680108244417,-0.011115847044516874,0.09326434743815724,0.09392444068815317,0.02631092071533203,False,DISABLED,none,MODEL_ORIGIN_FRAME_NOT_ESTABLISHED,nan,nan,nan,nan,nan,nan,nan,nan,nan,nan,nan,nan,nan,NOT_EVALUATED,nan,nan,nan,nan,DISABLED,nan,nan,nan,nan,nan,nan
1791356375.4688513,1791356375.500661,1791356375.506873,1791356375.5069053,front_rgbd_red_sphere,True,True,True,,43.3,43.3,1791356375.500661,1791356375.4983208,1791356375.4688513,1791356375.4688513,1791356375.4688513,0.0,1791356374.488857,1791356375.4888706,1791356375.4856808,1791356375.4888706,1791356375.4856808,1791356375.4888706,1791356374.488857,1791356375.4888706,1791356374.488857,1791356375.4888706,1791356332.1688514,GAZEBO_CLOCK_SYSTEM_INTERPOLATION,MAPPED_EXACT,0,43.3,1791356375.4688513,0.004126310348510742,0.0,RGB,0.0,0,1,0,UNCALIBRATED,PREPARATION,MID,STRAIGHT,1.0,344,1.0,7.3887858390808105,0.42057615518569946,nan,nan,False,0.0,0.0,0.0,0.0,0,0,0,0,0,0.0,0.0,0.0,0.0,0.0,0.0,0.0,0.0,0.0,0.0,0.0,0.0,0.0,0.0,6.744881826766358,-0.15558921915640855,3.0127263508588893,0.0,0.0,0.0,0.0,0.0,0.0,0.0,0.0,0.0,0.0,0.0,False,DISABLED,0,nan,nan,nan,nan,nan,nan,nan,nan,nan,nan,nan,nan,nan,nan,nan,nan,nan,nan,nan,nan,nan,nan,nan,nan,nan,nan,nan,nan,nan,nan,nan,nan,nan,nan,53.87027779203987,-5.8877301529011286,-0.1432728159475502,0.023681473533174322,0.023681473533174322,0.023681473533174322,53.95732346866066,-5.890853866078582,-0.13215799395040984,-0.08704567662078944,0.0031237131774535243,-0.011114821997140367,0.08710170723003106,0.08780801028615874,0.03180956840515137,False,DISABLED,none,MODEL_ORIGIN_FRAME_NOT_ESTABLISHED,nan,nan,nan,nan,nan,nan,nan,nan,nan,nan,nan,nan,nan,NOT_EVALUATED,nan,nan,nan,nan,DISABLED,nan,nan,nan,nan,nan,nan
1791356375.5208573,1791356375.5530062,1791356375.5591717,1791356375.5591993,front_rgbd_red_sphere,True,True,True,,43.352,43.352,1791356375.5446465,1791356375.5530062,1791356375.5208573,1791356375.5208573,1791356375.5208573,0.0,1791356374.5088432,1791356375.5288515,1791356375.525681,1791356375.5288515,1791356375.525681,1791356375.5288515,1791356374.5048609,1791356375.5288515,1791356374.5088432,1791356375.5288515,1791356332.1688573,GAZEBO_CLOCK_SYSTEM_INTERPOLATION,MAPPED_EXACT,0,43.352,1791356375.5208573,0.0012967586517333984,0.0,RGB,0.0,0,1,0,UNCALIBRATED,PREPARATION,MID,STRAIGHT,1.0,354,1.0,7.2604217529296875,0.41743507981300354,nan,nan,False,0.0,0.0,0.0,0.0,0,0,0,0,0,0.0,0.0,0.0,0.0,0.0,0.0,0.0,0.0,0.0,0.0,0.0,0.0,0.0,0.0,6.636982274656372,-0.15877205600040956,2.9392139740973198,0.0,0.0,0.0,0.0,0.0,0.0,0.0,0.0,0.0,0.0,0.0,False,DISABLED,0,nan,nan,nan,nan,nan,nan,nan,nan,nan,nan,nan,nan,nan,nan,nan,nan,nan,nan,nan,nan,nan,nan,nan,nan,nan,nan,nan,nan,nan,nan,nan,nan,nan,nan,54.014771876389254,-6.024473874147841,-0.137256782294424,0.02328804658452278,0.02328804658452278,0.02328804658452278,54.106636312771414,-6.035023805029762,-0.1259634377007539,-0.09186443638215991,0.010549930881921021,-0.011293344593670096,0.09246824164774205,0.09315532913116992,0.03214883804321289,False,DISABLED,none,MODEL_ORIGIN_FRAME_NOT_ESTABLISHED,nan,nan,nan,nan,nan,nan,nan,nan,nan,nan,nan,nan,nan,NOT_EVALUATED,nan,nan,nan,nan,DISABLED,nan,nan,nan,nan,nan,nan
1791356375.5688496,1791356375.5951989,1791356375.603903,1791356375.6039388,front_rgbd_red_sphere,True,True,True,,43.4,43.4,1791356375.5865185,1791356375.5951989,1791356375.5688496,1791356375.5688496,1791356375.5688496,0.0,1791356374.5848484,1791356375.584869,1791356375.581681,1791356375.584869,1791356375.585681,1791356375.588861,1791356374.5848484,1791356375.584869,1791356374.5688536,1791356375.588861,1791356332.1688495,GAZEBO_CLOCK_SYSTEM_INTERPOLATION,MAPPED_EXACT,0,43.4,1791356375.5688496,0.003928661346435547,0.0,RGB,0.0,0,1,0,UNCALIBRATED,PREPARATION,MID,STRAIGHT,1.0,361,1.0,7.157855987548828,0.4146248996257782,nan,nan,False,0.0,0.0,0.0,0.0,0,0,0,0,0,0.0,0.0,0.0,0.0,0.0,0.0,0.0,0.0,0.0,0.0,0.0,0.0,0.0,0.0,6.551352713272727,-0.15966321163724384,2.879094513306238,0.0,0.0,0.0,0.0,0.0,0.0,0.0,0.0,0.0,0.0,0.0,False,DISABLED,0,nan,nan,nan,nan,nan,nan,nan,nan,nan,nan,nan,nan,nan,nan,nan,nan,nan,nan,nan,nan,nan,nan,nan,nan,nan,nan,nan,nan,nan,nan,nan,nan,nan,nan,54.159624694958204,-6.161361386523394,-0.130468998513592,0.02297605930419045,0.02297605930419045,0.02297605930419045,54.24497619086964,-6.168365953646549,-0.11948096745081452,-0.0853514959114392,0.007004567123154892,-0.010988031062777487,0.08563843655102074,0.08634048089708424,0.026349306106567383,False,DISABLED,none,MODEL_ORIGIN_FRAME_NOT_ESTABLISHED,nan,nan,nan,nan,nan,nan,nan,nan,nan,nan,nan,nan,nan,NOT_EVALUATED,nan,nan,nan,nan,DISABLED,nan,nan,nan,nan,nan,nan
1791356375.6211326,1791356375.6436424,1791356375.6522381,1791356375.6523838,front_rgbd_red_sphere,True,True,True,,43.452,43.452,1791356375.6436424,1791356375.6420238,1791356375.6211326,1791356375.6211326,1791356375.6211326,0.0,1791356374.624854,1791356375.6248758,1791356375.621681,1791356375.6248758,1791356375.625681,1791356375.6288545,1791356374.624854,1791356375.6248758,1791356374.6088567,1791356375.6288545,1791356332.1691327,GAZEBO_CLOCK_SYSTEM_INTERPOLATION,MAPPED_EXACT,0,43.452,1791356375.6211326,0.0035979747772216797,0.0,RGB,0.0,0,1,0,UNCALIBRATED,PREPARATION,MID,STRAIGHT,1.0,377,1.0,7.029521465301514,0.4110746383666992,nan,nan,False,0.0,0.0,0.0,0.0,0,0,0,0,0,0.0,0.0,0.0,0.0,0.0,0.0,0.0,0.0,0.0,0.0,0.0,0.0,0.0,0.0,6.443905422414724,-0.16306617150491132,2.8042220282357286,0.0,0.0,0.0,0.0,0.0,0.0,0.0,0.0,0.0,0.0,0.0,False,DISABLED,0,nan,nan,nan,nan,nan,nan,nan,nan,nan,nan,nan,nan,nan,nan,nan,nan,nan,nan,nan,nan,nan,nan,nan,nan,nan,nan,nan,nan,nan,nan,nan,nan,nan,nan,54.30489900593963,-6.297974939717358,-0.122913628068623,0.02258865086808334,0.02258865086808334,0.02258865086808334,54.395662491851084,-6.313348881279677,-0.11165675651748297,-0.09076348591145234,0.015373941562319082,-0.011256871551140024,0.0920563330464559,0.09274203799291275,0.02250981330871582,False,DISABLED,none,MODEL_ORIGIN_FRAME_NOT_ESTABLISHED,nan,nan,nan,nan,nan,nan,nan,nan,nan,nan,nan,nan,nan,NOT_EVALUATED,nan,nan,nan,nan,DISABLED,nan,nan,nan,nan,nan,nan
1791356375.6688526,1791356375.6899421,1791356375.699424,1791356375.6994565,front_rgbd_red_sphere,True,True,True,,43.5,43.5,1791356375.6899421,1791356375.6886342,1791356375.6688526,1791356375.6688526,1791356375.6688526,0.0,1791356374.668859,1791356375.6888628,1791356375.6856809,1791356375.6888628,1791356375.6856809,1791356375.6888628,1791356374.664875,1791356375.6888628,1791356374.668859,1791356375.6888628,1791356332.1688526,GAZEBO_CLOCK_SYSTEM_INTERPOLATION,MAPPED_EXACT,0,43.5,1791356375.6688526,0.0019307136535644531,0.0,RGB,0.0,0,1,0,UNCALIBRATED,PREPARATION,MID,STRAIGHT,1.0,383,1.0,6.926754474639893,0.40784937143325806,nan,nan,False,0.0,0.0,0.0,0.0,0,0,0,0,0,0.0,0.0,0.0,0.0,0.0,0.0,0.0,0.0,0.0,0.0,0.0,0.0,0.0,0.0,6.358593925328851,-0.1640803051031572,2.7424963911303957,0.0,0.0,0.0,0.0,0.0,0.0,0.0,0.0,0.0,0.0,0.0,False,DISABLED,0,nan,nan,nan,nan,nan,nan,nan,nan,nan,nan,nan,nan,nan,nan,nan,nan,nan,nan,nan,nan,nan,nan,nan,nan,nan,nan,nan,nan,nan,nan,nan,nan,nan,nan,54.44805015305096,-6.432413224953944,-0.11463733579429963,0.022280799474400436,0.022280799474400436,0.022280799474400436,54.53341138347411,-6.4456394344736285,-0.10384854412651918,-0.08536123042315324,0.013226209519684673,-0.010788791667780448,0.08637981406331725,0.08705096382731227,0.021089553833007812,False,DISABLED,none,MODEL_ORIGIN_FRAME_NOT_ESTABLISHED,nan,nan,nan,nan,nan,nan,nan,nan,nan,nan,nan,nan,nan,NOT_EVALUATED,nan,nan,nan,nan,DISABLED,nan,nan,nan,nan,nan,nan
1791356375.7208474,1791356375.755439,1791356375.7604356,1791356375.7604625,front_rgbd_red_sphere,True,True,True,,43.552,43.552,1791356375.755439,1791356375.740656,1791356375.7208474,1791356375.7208474,1791356375.7208474,0.0,1791356374.7488523,1791356375.7448611,1791356375.7416809,1791356375.7448611,1791356375.7456808,1791356375.74886,1791356374.74485,1791356375.7448611,1791356374.7488523,1791356375.74886,1791356332.1688473,GAZEBO_CLOCK_SYSTEM_INTERPOLATION,MAPPED_EXACT,0,43.552,1791356375.7208474,0.003503561019897461,0.0,RGB,0.0,0,1,0,UNCALIBRATED,PREPARATION,MID,STRAIGHT,1.0,396,1.0,6.799377918243408,0.40387046337127686,nan,nan,False,0.0,0.0,0.0,0.0,0,0,0,0,0,0.0,0.0,0.0,0.0,0.0,0.0,0.0,0.0,0.0,0.0,0.0,0.0,0.0,0.0,6.25234655780268,-0.1672423382568322,2.666782942041805,0.0,0.0,0.0,0.0,0.0,0.0,0.0,0.0,0.0,0.0,0.0,False,DISABLED,0,nan,nan,nan,nan,nan,nan,nan,nan,nan,nan,nan,nan,nan,nan,nan,nan,nan,nan,nan,nan,nan,nan,nan,nan,nan,nan,nan,nan,nan,nan,nan,nan,nan,nan,54.59277180289205,-6.567601244671341,-0.10560018871661886,0.02190215838578669,0.02190215838578669,0.02190215838578669,54.68343696296791,-6.589450569686895,-0.09469250102963025,-0.0906651600758579,0.021849325015554477,-0.010907687686988604,0.09326073265429707,0.09389644245600125,0.0345916748046875,False,DISABLED,none,MODEL_ORIGIN_FRAME_NOT_ESTABLISHED,nan,nan,nan,nan,nan,nan,nan,nan,nan,nan,nan,nan,nan,NOT_EVALUATED,nan,nan,nan,nan,DISABLED,nan,nan,nan,nan,nan,nan
1791356375.7688577,1791356375.800256,1791356375.805735,1791356375.805758,front_rgbd_red_sphere,True,True,True,,43.6,43.6,1791356375.800256,1791356375.7985647,1791356375.7688577,1791356375.7688577,1791356375.7688577,0.0,1791356374.7848613,1791356375.784866,1791356375.7816808,1791356375.784866,1791356375.785681,1791356375.78886,1791356374.7848613,1791356375.784866,1791356374.7688494,1791356375.78886,1791356332.1688578,GAZEBO_CLOCK_SYSTEM_INTERPOLATION,MAPPED_EXACT,0,43.6,1791356375.7688577,0.003923654556274414,0.0,RGB,0.0,0,1,0,UNCALIBRATED,PREPARATION,MID,STRAIGHT,1.0,405,1.0,6.698469638824463,0.40030989050865173,nan,nan,False,0.0,0.0,0.0,0.0,0,0,0,0,0,0.0,0.0,0.0,0.0,0.0,0.0,0.0,0.0,0.0,0.0,0.0,0.0,0.0,0.0,6.168890352547295,-0.16805582569522315,2.6050034896176886,0.0,0.0,0.0,0.0,0.0,0.0,0.0,0.0,0.0,0.0,0.0,False,DISABLED,0,nan,nan,nan,nan,nan,nan,nan,nan,nan,nan,nan,nan,nan,nan,nan,nan,nan,nan,nan,nan,nan,nan,nan,nan,nan,nan,nan,nan,nan,nan,nan,nan,nan,nan,54.738680673301495,-6.703728135195422,-0.09586975376805934,0.02160450066974318,0.02160450066974318,0.02160450066974318,54.822200722426736,-6.72220913750046,-0.08566959129324045,-0.0835200491252408,0.018481002305038352,-0.010200162474818891,0.08554031828372788,0.08614632532264027,0.03139829635620117,False,DISABLED,none,MODEL_ORIGIN_FRAME_NOT_ESTABLISHED,nan,nan,nan,nan,nan,nan,nan,nan,nan,nan,nan,nan,nan,NOT_EVALUATED,nan,nan,nan,nan,DISABLED,nan,nan,nan,nan,nan,nan
1791356375.8208532,1791356375.8472826,1791356375.8537087,1791356375.8537588,front_rgbd_red_sphere,True,True,True,,43.652,43.652,1791356375.8398728,1791356375.8472826,1791356375.8208532,1791356375.8208532,1791356375.8208532,0.0,1791356374.8288536,1791356375.824862,1791356375.821681,1791356375.824862,1791356375.825681,1791356375.8288603,1791356374.8088472,1791356375.824862,1791356374.8288536,1791356375.8288603,1791356332.1688533,GAZEBO_CLOCK_SYSTEM_INTERPOLATION,MAPPED_EXACT,0,43.652,1791356375.8208532,0.0028040409088134766,0.0,RGB,0.0,0,1,0,UNCALIBRATED,PREPARATION,MID,STRAIGHT,1.0,421,1.0,6.571364402770996,0.3958507478237152,nan,nan,False,0.0,0.0,0.0,0.0,0,0,0,0,0,0.0,0.0,0.0,0.0,0.0,0.0,0.0,0.0,0.0,0.0,0.0,0.0,0.0,0.0,6.06319337529083,-0.1707956379819615,2.528111248893227,0.0,0.0,0.0,0.0,0.0,0.0,0.0,0.0,0.0,0.0,0.0,False,DISABLED,0,nan,nan,nan,nan,nan,nan,nan,nan,nan,nan,nan,nan,nan,nan,nan,nan,nan,nan,nan,nan,nan,nan,nan,nan,nan,nan,nan,nan,nan,nan,nan,nan,nan,nan,54.88352072430509,-6.838565163556789,-0.08536581700438112,0.021232466372678675,0.021232466372678675,0.021232466372678675,54.97287350598533,-6.866076012081446,-0.07533334392296645,-0.08935278168024041,0.027510848524657128,-0.010032473081414667,0.09349206586948079,0.09402880886554209,0.026429414749145508,False,DISABLED,none,MODEL_ORIGIN_FRAME_NOT_ESTABLISHED,nan,nan,nan,nan,nan,nan,nan,nan,nan,nan,nan,nan,nan,NOT_EVALUATED,nan,nan,nan,nan,DISABLED,nan,nan,nan,nan,nan,nan
1791356375.868857,1791356375.897796,1791356375.9042633,1791356375.9043343,front_rgbd_red_sphere,True,True,True,,43.7,43.7,1791356375.897796,1791356375.8858037,1791356375.868857,1791356375.868857,1791356375.868857,0.0,1791356374.868859,1791356375.888859,1791356375.885681,1791356375.888859,1791356375.885681,1791356375.888859,1791356374.864859,1791356375.888859,1791356374.868859,1791356375.888859,1791356332.1688569,GAZEBO_CLOCK_SYSTEM_INTERPOLATION,MAPPED_EXACT,0,43.7,1791356375.868857,0.0011739730834960938,0.0,RGB,0.0,0,1,0,UNCALIBRATED,PREPARATION,MID,STRAIGHT,1.0,430,1.0,6.469699859619141,0.3918159008026123,nan,nan,False,0.0,0.0,0.0,0.0,0,0,0,0,0,0.0,0.0,0.0,0.0,0.0,0.0,0.0,0.0,0.0,0.0,0.0,0.0,0.0,0.0,5.979407538759736,-0.17149357244813146,2.4646077757702347,0.0,0.0,0.0,0.0,0.0,0.0,0.0,0.0,0.0,0.0,0.0,False,DISABLED,0,nan,nan,nan,nan,nan,nan,nan,nan,nan,nan,nan,nan,nan,nan,nan,nan,nan,nan,nan,nan,nan,nan,nan,nan,nan,nan,nan,nan,nan,nan,nan,nan,nan,nan,55.02873123555571,-6.974146938716423,-0.07476845552416972,0.020937221352379253,0.020937221352379253,0.020937221352379253,55.111859811894874,-6.998512782795817,-0.06535819534469135,-0.08312857633916337,0.02436584407939435,-0.009410260179478366,0.08662594623943493,0.08713556999597206,0.028939008712768555,False,DISABLED,none,MODEL_ORIGIN_FRAME_NOT_ESTABLISHED,nan,nan,nan,nan,nan,nan,nan,nan,nan,nan,nan,nan,nan,NOT_EVALUATED,nan,nan,nan,nan,DISABLED,nan,nan,nan,nan,nan,nan
1791356375.9208546,1791356375.9555786,1791356375.960948,1791356375.9609756,front_rgbd_red_sphere,True,True,True,,43.752,43.752,1791356375.9555786,1791356375.9544919,1791356375.9208546,1791356375.9208546,1791356375.9208546,0.0,1791356374.9488485,1791356375.9448805,1791356375.941681,1791356375.9448805,1791356375.9456809,1791356375.948851,1791356374.9448528,1791356375.9448805,1791356374.9488485,1791356375.948851,1791356332.1688545,GAZEBO_CLOCK_SYSTEM_INTERPOLATION,MAPPED_EXACT,0,43.752,1791356375.9208546,0.004075050354003906,0.0,RGB,0.0,0,1,0,UNCALIBRATED,PREPARATION,MID,STRAIGHT,1.0,448,1.0,6.344274520874023,0.3868405520915985,nan,nan,False,0.0,0.0,0.0,0.0,0,0,0,0,0,0.0,0.0,0.0,0.0,0.0,0.0,0.0,0.0,0.0,0.0,0.0,0.0,0.0,0.0,5.875468197861049,-0.1738005666766549,2.38714980667978,0.0,0.0,0.0,0.0,0.0,0.0,0.0,0.0,0.0,0.0,0.0,False,DISABLED,0,nan,nan,nan,nan,nan,nan,nan,nan,nan,nan,nan,nan,nan,nan,nan,nan,nan,nan,nan,nan,nan,nan,nan,nan,nan,nan,nan,nan,nan,nan,nan,nan,nan,nan,55.17291486535775,-7.108999293076458,-0.06343307230147227,0.020575820742510183,0.020575820742510183,0.020575820742510183,55.2625953742596,-7.141847882542255,-0.05413555895670363,-0.08968050890184998,0.03284858946579661,-0.009297513344768638,0.09550719086428643,0.0959586747573318,0.03472399711608887,False,DISABLED,none,MODEL_ORIGIN_FRAME_NOT_ESTABLISHED,nan,nan,nan,nan,nan,nan,nan,nan,nan,nan,nan,nan,nan,NOT_EVALUATED,nan,nan,nan,nan,DISABLED,nan,nan,nan,nan,nan,nan
1791356375.968858,1791356375.98883,1791356375.9937575,1791356375.9937782,front_rgbd_red_sphere,True,True,True,,43.8,43.8,1791356375.98883,1791356375.9868228,1791356375.968858,1791356375.968858,1791356375.968858,0.0,1791356374.9688535,1791356375.968858,1791356375.9656808,1791356375.968858,1791356375.9656808,1791356375.968858,1791356374.9688535,1791356375.968858,1791356374.9688535,1791356375.968858,1791356332.168858,GAZEBO_CLOCK_SYSTEM_INTERPOLATION,MAPPED_EXACT,0,43.8,1791356375.968858,0.0007367134094238281,0.0,RGB,0.0,0,1,0,UNCALIBRATED,PREPARATION,MID,STRAIGHT,1.0,457,1.0,6.2434983253479,0.38227424025535583,nan,nan,False,0.0,0.0,0.0,0.0,0,0,0,0,0,0.0,0.0,0.0,0.0,0.0,0.0,0.0,0.0,0.0,0.0,0.0,0.0,0.0,0.0,5.792834373869116,-0.1742799845297398,2.322491886134025,0.0,0.0,0.0,0.0,0.0,0.0,0.0,0.0,0.0,0.0,0.0,False,DISABLED,0,nan,nan,nan,nan,nan,nan,nan,nan,nan,nan,nan,nan,nan,nan,nan,nan,nan,nan,nan,nan,nan,nan,nan,nan,nan,nan,nan,nan,nan,nan,nan,nan,nan,nan,55.32005439446375,-7.2464232392652175,-0.05204748096142181,0.020287724641174152,0.020287724641174152,0.020287724641174152,55.40193448477727,-7.274061514768882,-0.04344817659545991,-0.0818800903135184,0.027638275503664822,-0.008599304365961902,0.08641888371511407,0.08684567633535281,0.01997208595275879,False,DISABLED,none,MODEL_ORIGIN_FRAME_NOT_ESTABLISHED,nan,nan,nan,nan,nan,nan,nan,nan,nan,nan,nan,nan,nan,NOT_EVALUATED,nan,nan,nan,nan,DISABLED,nan,nan,nan,nan,nan,nan
1791356376.0208566,1791356376.0417569,1791356376.0478787,1791356376.047925,front_rgbd_red_sphere,True,True,True,,43.852,43.852,1791356376.0417569,1791356376.0408628,1791356376.0208566,1791356376.0208566,1791356376.0208566,0.0,1791356375.0288596,1791356376.0248563,1791356376.0216808,1791356376.0248563,1791356376.025681,1791356376.0288632,1791356375.008842,1791356376.0248563,1791356375.0288596,1791356376.0288632,1791356332.1688566,GAZEBO_CLOCK_SYSTEM_INTERPOLATION,MAPPED_EXACT,0,43.852,1791356376.0208566,0.001218557357788086,0.0,RGB,0.0,0,1,0,UNCALIBRATED,PREPARATION,MID,STRAIGHT,1.0,475,1.0,6.118234634399414,0.37669602036476135,nan,nan,False,0.0,0.0,0.0,0.0,0,0,0,0,0,0.0,0.0,0.0,0.0,0.0,0.0,0.0,0.0,0.0,0.0,0.0,0.0,0.0,0.0,5.689255172019066,-0.17622369349574907,2.2436836830246856,0.0,0.0,0.0,0.0,0.0,0.0,0.0,0.0,0.0,0.0,0.0,False,DISABLED,0,nan,nan,nan,nan,nan,nan,nan,nan,nan,nan,nan,nan,nan,nan,nan,nan,nan,nan,nan,nan,nan,nan,nan,nan,nan,nan,nan,nan,nan,nan,nan,nan,nan,nan,55.465694433301834,-7.382796199192898,-0.04041431785875588,0.01993245506466491,0.01993245506466491,0.01993245506466491,55.55296824192806,-7.4170598346415595,-0.03159997737920174,-0.0872738086262288,0.034263635448661844,-0.008814340479554136,0.09375880964627487,0.09417221981229874,0.020900249481201172,False,DISABLED,none,MODEL_ORIGIN_FRAME_NOT_ESTABLISHED,nan,nan,nan,nan,nan,nan,nan,nan,nan,nan,nan,nan,nan,NOT_EVALUATED,nan,nan,nan,nan,DISABLED,nan,nan,nan,nan,nan,nan
1791356376.0688586,1791356376.0982208,1791356376.1047995,1791356376.104829,front_rgbd_red_sphere,True,True,True,,43.9,43.9,1791356376.0982208,1791356376.0868392,1791356376.0688586,1791356376.0688586,1791356376.0688586,0.0,1791356375.0688756,1791356376.0888608,1791356376.085693,1791356376.0888608,1791356376.085693,1791356376.0888608,1791356375.0648696,1791356376.0888608,1791356375.0688756,1791356376.0888608,1791356332.1688585,GAZEBO_CLOCK_SYSTEM_INTERPOLATION,MAPPED_EXACT,0,43.9,1791356376.0688586,0.0019073486328125,0.0,RGB,0.0,0,1,0,UNCALIBRATED,PREPARATION,MID,STRAIGHT,1.0,486,1.0,6.018291473388672,0.3716527223587036,nan,nan,False,0.0,0.0,0.0,0.0,0,0,0,0,0,0.0,0.0,0.0,0.0,0.0,0.0,0.0,0.0,0.0,0.0,0.0,0.0,0.0,0.0,5.607413462297766,-0.17633758101520236,2.1784522814195846,0.0,0.0,0.0,0.0,0.0,0.0,0.0,0.0,0.0,0.0,0.0,False,DISABLED,0,nan,nan,nan,nan,nan,nan,nan,nan,nan,nan,nan,nan,nan,nan,nan,nan,nan,nan,nan,nan,nan,nan,nan,nan,nan,nan,nan,nan,nan,nan,nan,nan,nan,nan,55.61151482676501,-7.519347172820938,-0.028833102757137297,0.01965125022696068,0.01965125022696068,0.01965125022696068,55.69253181424951,-7.5489007488467,-0.020473888289804495,-0.08101698748450303,0.02955357602576214,-0.008359214467332801,0.0862390057745022,0.086643191212498,0.029362201690673828,False,DISABLED,none,MODEL_ORIGIN_FRAME_NOT_ESTABLISHED,nan,nan,nan,nan,nan,nan,nan,nan,nan,nan,nan,nan,nan,NOT_EVALUATED,nan,nan,nan,nan,DISABLED,nan,nan,nan,nan,nan,nan
1791356376.1208515,1791356376.1463962,1791356376.153386,1791356376.1534462,front_rgbd_red_sphere,True,True,True,,43.952,43.952,1791356376.1370676,1791356376.1463962,1791356376.1208515,1791356376.1208515,1791356376.1208515,0.0,1791356375.1088557,1791356376.1288486,1791356376.1256928,1791356376.1288486,1791356376.1256928,1791356376.1288486,1791356375.1048644,1791356376.1288486,1791356375.1088557,1791356376.1288486,1791356332.1688516,GAZEBO_CLOCK_SYSTEM_INTERPOLATION,MAPPED_EXACT,0,43.952,1791356376.1208515,0.0020117759704589844,0.0,RGB,0.0,0,1,0,UNCALIBRATED,PREPARATION,MID,STRAIGHT,1.0,500,1.0,5.893874168395996,0.36555203795433044,nan,nan,False,0.0,0.0,0.0,0.0,0,0,0,0,0,0.0,0.0,0.0,0.0,0.0,0.0,0.0,0.0,0.0,0.0,0.0,0.0,0.0,0.0,5.504445846506605,-0.1771325248508342,2.099393952967633,0.0,0.0,0.0,0.0,0.0,0.0,0.0,0.0,0.0,0.0,0.0,False,DISABLED,0,nan,nan,nan,nan,nan,nan,nan,nan,nan,nan,nan,nan,nan,nan,nan,nan,nan,nan,nan,nan,nan,nan,nan,nan,nan,nan,nan,nan,nan,nan,nan,nan,nan,nan,55.75757144750003,-7.655631517009439,-0.017121304220955313,0.01930397447474376,0.01930397447474376,0.01930397447474376,55.84393018814027,-7.691595375104625,-0.008288219865750016,-0.08635874064024307,0.03596385809518576,-0.008833084355205297,0.09354801534003503,0.09396411311392026,0.02554464340209961,False,DISABLED,none,MODEL_ORIGIN_FRAME_NOT_ESTABLISHED,nan,nan,nan,nan,nan,nan,nan,nan,nan,nan,nan,nan,nan,NOT_EVALUATED,nan,nan,nan,nan,DISABLED,nan,nan,nan,nan,nan,nan
1791356376.1688533,1791356376.1892753,1791356376.194902,1791356376.1949239,front_rgbd_red_sphere,True,True,True,,44.0,44.0,1791356376.1892753,1791356376.1878834,1791356376.1688533,1791356376.1688533,1791356376.1688533,0.0,1791356375.148858,1791356376.1688533,1791356376.1656928,1791356376.1688533,1791356376.1656928,1791356376.1688533,1791356375.1448402,1791356376.1688533,1791356375.148858,1791356376.1688533,1791356332.1688533,GAZEBO_CLOCK_SYSTEM_INTERPOLATION,MAPPED_EXACT,0,44.0,1791356376.1688533,0.0009067058563232422,0.0,RGB,0.0,0,1,0,UNCALIBRATED,PREPARATION,MID,STRAIGHT,1.0,517,1.0,5.794503211975098,0.3600063621997833,nan,nan,False,0.0,0.0,0.0,0.0,0,0,0,0,0,0.0,0.0,0.0,0.0,0.0,0.0,0.0,0.0,0.0,0.0,0.0,0.0,0.0,0.0,5.423044366148936,-0.1755034343556412,2.033730128077976,0.0,0.0,0.0,0.0,0.0,0.0,0.0,0.0,0.0,0.0,0.0,False,DISABLED,0,nan,nan,nan,nan,nan,nan,nan,nan,nan,nan,nan,nan,nan,nan,nan,nan,nan,nan,nan,nan,nan,nan,nan,nan,nan,nan,nan,nan,nan,nan,nan,nan,nan,nan,55.9036906551617,-7.7916838468567065,-0.005446261983585721,0.019028832460951176,0.019028832460951176,0.019028832460951176,55.98382944482201,-7.823140726068973,0.0030101862881939307,-0.0801387896603103,0.03145687921226692,-0.008456448271779651,0.08609158412989394,0.0865059094823463,0.020421981811523438,False,DISABLED,none,MODEL_ORIGIN_FRAME_NOT_ESTABLISHED,nan,nan,nan,nan,nan,nan,nan,nan,nan,nan,nan,nan,nan,NOT_EVALUATED,nan,nan,nan,nan,DISABLED,nan,nan,nan,nan,nan,nan
1791356376.2208545,1791356376.2476354,1791356376.256302,1791356376.256398,front_rgbd_red_sphere,True,True,True,,44.052,44.052,1791356376.2412264,1791356376.2476354,1791356376.2208545,1791356376.2208545,1791356376.2208545,0.0,1791356375.2248478,1791356376.224854,1791356376.2216928,1791356376.224854,1791356376.225693,1791356376.2288458,1791356375.2248478,1791356376.224854,1791356375.20884,1791356376.2288458,1791356332.1688545,GAZEBO_CLOCK_SYSTEM_INTERPOLATION,MAPPED_EXACT,0,44.052,1791356376.2208545,0.0030434131622314453,0.0,RGB,0.0,0,1,0,UNCALIBRATED,PREPARATION,MID,STRAIGHT,1.0,533,1.0,5.670535564422607,0.35330119729042053,nan,nan,False,0.0,0.0,0.0,0.0,0,0,0,0,0,0.0,0.0,0.0,0.0,0.0,0.0,0.0,0.0,0.0,0.0,0.0,0.0,0.0,0.0,5.320298445756665,-0.17350031304932756,1.9543017591828287,0.0,0.0,0.0,0.0,0.0,0.0,0.0,0.0,0.0,0.0,0.0,False,DISABLED,0,nan,nan,nan,nan,nan,nan,nan,nan,nan,nan,nan,nan,nan,nan,nan,nan,nan,nan,nan,nan,nan,nan,nan,nan,nan,nan,nan,nan,nan,nan,nan,nan,nan,nan,56.04975612378901,-7.9274116106469,0.006215112721991656,0.01868835418686552,0.01868835418686552,0.01868835418686552,56.13541271351717,-7.965331683027956,0.015217736845885519,-0.08565658972815982,0.03792007238105555,-0.009002624123893863,0.09367488058835616,0.09410648486878523,0.02678084373474121,False,DISABLED,none,MODEL_ORIGIN_FRAME_NOT_ESTABLISHED,nan,nan,nan,nan,nan,nan,nan,nan,nan,nan,nan,nan,nan,NOT_EVALUATED,nan,nan,nan,nan,DISABLED,nan,nan,nan,nan,nan,nan
1791356376.2688534,1791356376.2916672,1791356376.2984705,1791356376.298494,front_rgbd_red_sphere,True,True,True,,44.1,44.1,1791356376.2916672,1791356376.2907968,1791356376.2688534,1791356376.2688534,1791356376.2688534,0.0,1791356375.2888565,1791356376.288863,1791356376.285693,1791356376.288863,1791356376.285693,1791356376.288863,1791356375.2888565,1791356376.288863,1791356375.2888565,1791356376.288863,1791356332.1688535,GAZEBO_CLOCK_SYSTEM_INTERPOLATION,MAPPED_EXACT,0,44.1,1791356376.2688534,0.0019176006317138672,0.0,RGB,0.0,0,1,0,UNCALIBRATED,PREPARATION,MID,STRAIGHT,1.0,553,1.0,5.572020530700684,0.34728509187698364,nan,nan,False,0.0,0.0,0.0,0.0,0,0,0,0,0,0.0,0.0,0.0,0.0,0.0,0.0,0.0,0.0,0.0,0.0,0.0,0.0,0.0,0.0,5.239371961190726,-0.16912975023925814,1.8888594023990297,0.0,0.0,0.0,0.0,0.0,0.0,0.0,0.0,0.0,0.0,0.0,False,DISABLED,0,nan,nan,nan,nan,nan,nan,nan,nan,nan,nan,nan,nan,nan,nan,nan,nan,nan,nan,nan,nan,nan,nan,nan,nan,nan,nan,nan,nan,nan,nan,nan,nan,nan,nan,56.196235770218,-8.063473490502192,0.01767487100849413,0.018419974242473675,0.018419974242473675,0.018419974242473675,56.27563957055751,-8.096545333506196,0.02640864655168118,-0.07940380033950589,0.03307184300400401,-0.00873377554318705,0.08601575616151733,0.08645801954287628,0.022813796997070312,False,DISABLED,none,MODEL_ORIGIN_FRAME_NOT_ESTABLISHED,nan,nan,nan,nan,nan,nan,nan,nan,nan,nan,nan,nan,nan,NOT_EVALUATED,nan,nan,nan,nan,DISABLED,nan,nan,nan,nan,nan,nan
1791356376.3208601,1791356376.3445754,1791356376.3480654,1791356376.3480976,front_rgbd_red_sphere,True,True,True,,44.152,44.152,1791356376.3445754,1791356376.3439069,1791356376.3208601,1791356376.3208601,1791356376.3208601,0.0,1791356375.3088527,1791356376.3288498,1791356376.325693,1791356376.3288498,1791356376.325693,1791356376.3288498,1791356375.3048568,1791356376.3288498,1791356375.3088527,1791356376.3288498,1791356332.1688602,GAZEBO_CLOCK_SYSTEM_INTERPOLATION,MAPPED_EXACT,0,44.152,1791356376.3208601,0.00397181510925293,0.0,RGB,0.0,0,1,0,UNCALIBRATED,PREPARATION,MID,STRAIGHT,1.0,578,1.0,5.448625564575195,0.3400309085845947,nan,nan,False,0.0,0.0,0.0,0.0,0,0,0,0,0,0.0,0.0,0.0,0.0,0.0,0.0,0.0,0.0,0.0,0.0,0.0,0.0,0.0,0.0,5.136661154759472,-0.16417281958267882,1.809773889737154,0.0,0.0,0.0,0.0,0.0,0.0,0.0,0.0,0.0,0.0,0.0,False,DISABLED,0,nan,nan,nan,nan,nan,nan,nan,nan,nan,nan,nan,nan,nan,nan,nan,nan,nan,nan,nan,nan,nan,nan,nan,nan,nan,nan,nan,nan,nan,nan,nan,nan,nan,nan,56.342633884034896,-8.198969684150388,0.029087165744166976,0.0180865533334162,0.0180865533334162,0.0180865533334162,56.42774243632385,-8.238515224745914,0.03836298414230384,-0.08510855228895053,0.03954554059552606,-0.009275818398136862,0.09384729859571572,0.09430459299879641,0.02371525764465332,False,DISABLED,none,MODEL_ORIGIN_FRAME_NOT_ESTABLISHED,nan,nan,nan,nan,nan,nan,nan,nan,nan,nan,nan,nan,nan,NOT_EVALUATED,nan,nan,nan,nan,DISABLED,nan,nan,nan,nan,nan,nan
1791356376.368853,1791356376.3909664,1791356376.395847,1791356376.395871,front_rgbd_red_sphere,True,True,True,,44.2,44.2,1791356376.3909664,1791356376.3895435,1791356376.368853,1791356376.368853,1791356376.368853,0.0,1791356375.3688514,1791356376.368853,1791356376.3656929,1791356376.368853,1791356376.3656929,1791356376.368853,1791356375.3688514,1791356376.368853,1791356375.3688514,1791356376.368853,1791356332.168853,GAZEBO_CLOCK_SYSTEM_INTERPOLATION,MAPPED_EXACT,0,44.2,1791356376.368853,0.0025179386138916016,0.0,RGB,0.0,0,1,0,UNCALIBRATED,PREPARATION,MID,STRAIGHT,1.0,592,1.0,5.3503947257995605,0.33356088399887085,nan,nan,False,0.0,0.0,0.0,0.0,0,0,0,0,0,0.0,0.0,0.0,0.0,0.0,0.0,0.0,0.0,0.0,0.0,0.0,0.0,0.0,0.0,5.055493973910202,-0.15747348113134763,1.744678812544854,0.0,0.0,0.0,0.0,0.0,0.0,0.0,0.0,0.0,0.0,0.0,False,DISABLED,0,nan,nan,nan,nan,nan,nan,nan,nan,nan,nan,nan,nan,nan,nan,nan,nan,nan,nan,nan,nan,nan,nan,nan,nan,nan,nan,nan,nan,nan,nan,nan,nan,nan,nan,56.489217114162976,-8.334518079841088,0.040278452883582394,0.01782330334823282,0.01782330334823282,0.01782330334823282,56.56823815811201,-8.369312188756588,0.04916495451168621,-0.07902104394903375,0.03479410891550039,-0.008886501628103817,0.08634208360943595,0.08679818726911939,0.022113323211669922,False,DISABLED,none,MODEL_ORIGIN_FRAME_NOT_ESTABLISHED,nan,nan,nan,nan,nan,nan,nan,nan,nan,nan,nan,nan,nan,NOT_EVALUATED,nan,nan,nan,nan,DISABLED,nan,nan,nan,nan,nan,nan
1791356376.4208558,1791356376.458813,1791356376.4653752,1791356376.4654837,front_rgbd_red_sphere,True,True,True,,44.252,44.252,1791356376.458813,1791356376.447618,1791356376.4208558,1791356376.4208558,1791356376.4208558,0.0,1791356375.4488523,1791356376.448854,1791356376.445693,1791356376.448854,1791356376.445693,1791356376.448854,1791356375.4488523,1791356376.448854,1791356375.4488523,1791356376.448854,1791356332.1688557,GAZEBO_CLOCK_SYSTEM_INTERPOLATION,MAPPED_EXACT,0,44.252,1791356376.4208558,0.0022482872009277344,0.0,RGB,0.0,0,1,0,UNCALIBRATED,PREPARATION,MID,STRAIGHT,1.0,615,1.0,5.227818012237549,0.3257453143596649,nan,nan,False,0.0,0.0,0.0,0.0,0,0,0,0,0,0.0,0.0,0.0,0.0,0.0,0.0,0.0,0.0,0.0,0.0,0.0,0.0,0.0,0.0,4.9528998106778035,-0.15022637773121605,1.6662216535981358,0.0,0.0,0.0,0.0,0.0,0.0,0.0,0.0,0.0,0.0,0.0,False,DISABLED,0,nan,nan,nan,nan,nan,nan,nan,nan,nan,nan,nan,nan,nan,nan,nan,nan,nan,nan,nan,nan,nan,nan,nan,nan,nan,nan,nan,nan,nan,nan,nan,nan,nan,nan,56.63586623582722,-8.469738528790757,0.051210461124905515,0.017497516412473296,0.017497516412473296,0.017497516412473296,56.72061525642151,-8.51079930864273,0.060551379597532706,-0.08474902059428757,0.041060779851973095,-0.009340918472627191,0.09417209848858195,0.09463422685083578,0.037957191467285156,False,DISABLED,none,MODEL_ORIGIN_FRAME_NOT_ESTABLISHED,nan,nan,nan,nan,nan,nan,nan,nan,nan,nan,nan,nan,nan,NOT_EVALUATED,nan,nan,nan,nan,DISABLED,nan,nan,nan,nan,nan,nan
1791356376.468863,1791356376.5080988,1791356376.5117235,1791356376.5117462,front_rgbd_red_sphere,True,True,True,,44.3,44.3,1791356376.5080988,1791356376.507317,1791356376.468863,1791356376.468863,1791356376.468863,0.0,1791356375.4688513,1791356376.4888601,1791356376.485693,1791356376.4888601,1791356376.485693,1791356376.4888601,1791356375.4648597,1791356376.4888601,1791356375.4688513,1791356376.4888601,1791356332.168863,GAZEBO_CLOCK_SYSTEM_INTERPOLATION,MAPPED_EXACT,0,44.3,1791356376.468863,0.003497600555419922,0.0,RGB,0.0,0,1,0,UNCALIBRATED,PREPARATION,MID,STRAIGHT,1.0,632,1.0,5.129971504211426,0.31881609559059143,nan,nan,False,0.0,0.0,0.0,0.0,0,0,0,0,0,0.0,0.0,0.0,0.0,0.0,0.0,0.0,0.0,0.0,0.0,0.0,0.0,0.0,0.0,4.871457557291146,-0.14200962262832828,1.6016680264354237,0.0,0.0,0.0,0.0,0.0,0.0,0.0,0.0,0.0,0.0,0.0,False,DISABLED,0,nan,nan,nan,nan,nan,nan,nan,nan,nan,nan,nan,nan,nan,nan,nan,nan,nan,nan,nan,nan,nan,nan,nan,nan,nan,nan,nan,nan,nan,nan,nan,nan,nan,nan,56.782689381568574,-8.604892806983502,0.061722519493361105,0.017239614734594656,0.017239614734594656,0.017239614734594656,56.86152588819873,-8.64128575217953,0.07070876629847289,-0.07883650663015374,0.036392945196027426,-0.008986246805111786,0.08683110754612848,0.08729486737105287,0.039235830307006836,False,DISABLED,none,MODEL_ORIGIN_FRAME_NOT_ESTABLISHED,nan,nan,nan,nan,nan,nan,nan,nan,nan,nan,nan,nan,nan,NOT_EVALUATED,nan,nan,nan,nan,DISABLED,nan,nan,nan,nan,nan,nan
1791356376.520864,1791356376.5556169,1791356376.5594888,1791356376.5595098,front_rgbd_red_sphere,True,True,True,,44.352,44.352,1791356376.5556169,1791356376.5545154,1791356376.520864,1791356376.520864,1791356376.520864,0.0,1791356375.5488448,1791356376.5448494,1791356376.541693,1791356376.5448494,1791356376.545693,1791356376.548846,1791356375.5288515,1791356376.5448494,1791356375.5488448,1791356376.548846,1791356332.168864,GAZEBO_CLOCK_SYSTEM_INTERPOLATION,MAPPED_EXACT,0,44.352,1791356376.520864,0.002991914749145508,0.0,RGB,0.0,0,1,0,UNCALIBRATED,PREPARATION,MID,STRAIGHT,1.0,664,1.0,5.008105754852295,0.31046685576438904,nan,nan,False,0.0,0.0,0.0,0.0,0,0,0,0,0,0.0,0.0,0.0,0.0,0.0,0.0,0.0,0.0,0.0,0.0,0.0,0.0,0.0,0.0,4.768673386510921,-0.13369773215273462,1.5241395171929026,0.0,0.0,0.0,0.0,0.0,0.0,0.0,0.0,0.0,0.0,0.0,False,DISABLED,0,nan,nan,nan,nan,nan,nan,nan,nan,nan,nan,nan,nan,nan,nan,nan,nan,nan,nan,nan,nan,nan,nan,nan,nan,nan,nan,nan,nan,nan,nan,nan,nan,nan,nan,56.93022636544224,-8.73988352293264,0.07180710138912555,0.016921081264599694,0.016921081264599694,0.016921081264599694,57.014332356838075,-8.782400986268772,0.08125739123769286,-0.08410599139583752,0.042517463336132266,-0.009450289848567314,0.0942419889285877,0.09471462640710768,0.034752845764160156,False,DISABLED,none,MODEL_ORIGIN_FRAME_NOT_ESTABLISHED,nan,nan,nan,nan,nan,nan,nan,nan,nan,nan,nan,nan,nan,NOT_EVALUATED,nan,nan,nan,nan,DISABLED,nan,nan,nan,nan,nan,nan
1791356376.568862,1791356376.5908482,1791356376.594372,1791356376.5943935,front_rgbd_red_sphere,True,True,True,,44.4,44.4,1791356376.5908482,1791356376.5889633,1791356376.568862,1791356376.568862,1791356376.568862,0.0,1791356375.5688496,1791356376.568862,1791356376.565693,1791356376.568862,1791356376.565693,1791356376.568862,1791356375.5688496,1791356376.568862,1791356375.5688496,1791356376.568862,1791356332.1688619,GAZEBO_CLOCK_SYSTEM_INTERPOLATION,MAPPED_EXACT,0,44.4,1791356376.568862,0.002221345901489258,0.0,RGB,0.0,0,1,0,UNCALIBRATED,PREPARATION,NEAR,STRAIGHT,1.0,683,1.0,4.9106316566467285,0.3031632900238037,nan,nan,False,0.0,0.0,0.0,0.0,0,0,0,0,0,0.0,0.0,0.0,0.0,0.0,0.0,0.0,0.0,0.0,0.0,0.0,0.0,0.0,0.0,4.686691718748577,-0.12508199898421068,1.4606778642918918,0.0,0.0,0.0,0.0,0.0,0.0,0.0,0.0,0.0,0.0,0.0,False,DISABLED,0,nan,nan,nan,nan,nan,nan,nan,nan,nan,nan,nan,nan,nan,nan,nan,nan,nan,nan,nan,nan,nan,nan,nan,nan,nan,nan,nan,nan,nan,nan,nan,nan,nan,nan,57.07771568751761,-8.874335728729278,0.08150894754185695,0.016668441326777972,0.016668441326777972,0.016668441326777972,57.15556042800776,-8.912455184580704,0.09051175861853084,-0.07784474049014989,0.038119455851425954,-0.009002811076673889,0.08667696658505993,0.08714325644402943,0.02198624610900879,False,DISABLED,none,MODEL_ORIGIN_FRAME_NOT_ESTABLISHED,nan,nan,nan,nan,nan,nan,nan,nan,nan,nan,nan,nan,nan,NOT_EVALUATED,nan,nan,nan,nan,DISABLED,nan,nan,nan,nan,nan,nan
1791356376.6208558,1791356376.6428294,1791356376.648668,1791356376.6487234,front_rgbd_red_sphere,True,True,True,,44.452,44.452,1791356376.6428294,1791356376.6411986,1791356376.6208558,1791356376.6208558,1791356376.6208558,0.0,1791356375.6088622,1791356376.6248558,1791356376.621693,1791356376.6248558,1791356376.6256928,1791356376.628849,1791356375.6088622,1791356376.6248558,1791356375.6088622,1791356376.628849,1791356332.168856,GAZEBO_CLOCK_SYSTEM_INTERPOLATION,MAPPED_EXACT,0,44.452,1791356376.6208558,0.0025191307067871094,0.0,RGB,0.0,0,1,0,UNCALIBRATED,PREPARATION,NEAR,STRAIGHT,1.0,711,1.0,4.789195537567139,0.29427066445350647,nan,nan,False,0.0,0.0,0.0,0.0,0,0,0,0,0,0.0,0.0,0.0,0.0,0.0,0.0,0.0,0.0,0.0,0.0,0.0,0.0,0.0,0.0,4.583326893492151,-0.11690370313126852,1.384139487565185,0.0,0.0,0.0,0.0,0.0,0.0,0.0,0.0,0.0,0.0,0.0,False,DISABLED,0,nan,nan,nan,nan,nan,nan,nan,nan,nan,nan,nan,nan,nan,nan,nan,nan,nan,nan,nan,nan,nan,nan,nan,nan,nan,nan,nan,nan,nan,nan,nan,nan,nan,nan,57.225444959295125,-9.008439023801294,0.0908254442060889,0.0163563522798279,0.0163563522798279,0.0163563522798279,57.30876854875847,-9.05313852338473,0.09995955156260948,-0.0833235894633475,0.044699499583435554,-0.00913410735652058,0.09455615169869187,0.09499630382949893,0.021973609924316406,False,DISABLED,none,MODEL_ORIGIN_FRAME_NOT_ESTABLISHED,nan,nan,nan,nan,nan,nan,nan,nan,nan,nan,nan,nan,nan,NOT_EVALUATED,nan,nan,nan,nan,DISABLED,nan,nan,nan,nan,nan,nan
1791356376.6688612,1791356376.6912136,1791356376.7002459,1791356376.700316,front_rgbd_red_sphere,True,True,True,,44.5,44.5,1791356376.6912136,1791356376.6897418,1791356376.6688612,1791356376.6688612,1791356376.6688612,0.0,1791356375.6888628,1791356376.6888785,1791356376.685693,1791356376.6888785,1791356376.685693,1791356376.6888785,1791356375.6888628,1791356376.6888785,1791356375.6888628,1791356376.6888785,1791356332.1688612,GAZEBO_CLOCK_SYSTEM_INTERPOLATION,MAPPED_EXACT,0,44.5,1791356376.6688612,0.0017285346984863281,0.0,RGB,0.0,0,1,0,UNCALIBRATED,PREPARATION,NEAR,STRAIGHT,1.0,733,1.0,4.692317008972168,0.28647834062576294,nan,nan,False,0.0,0.0,0.0,0.0,0,0,0,0,0,0.0,0.0,0.0,0.0,0.0,0.0,0.0,0.0,0.0,0.0,0.0,0.0,0.0,0.0,4.501081429353292,-0.10934314216235652,1.3214192212088802,0.0,0.0,0.0,0.0,0.0,0.0,0.0,0.0,0.0,0.0,0.0,False,DISABLED,0,nan,nan,nan,nan,nan,nan,nan,nan,nan,nan,nan,nan,nan,nan,nan,nan,nan,nan,nan,nan,nan,nan,nan,nan,nan,nan,nan,nan,nan,nan,nan,nan,nan,nan,57.372999027962116,-9.142149051250655,0.0995227432247972,0.01610949105203946,0.01610949105203946,0.01610949105203946,57.45043967654669,-9.182844125493437,0.10809012278606582,-0.07744064858457023,0.04069507424278207,-0.008567379561268615,0.08748224460325903,0.08790075718315107,0.02235245704650879,False,DISABLED,none,MODEL_ORIGIN_FRAME_NOT_ESTABLISHED,nan,nan,nan,nan,nan,nan,nan,nan,nan,nan,nan,nan,nan,NOT_EVALUATED,nan,nan,nan,nan,DISABLED,nan,nan,nan,nan,nan,nan
1791356376.7208688,1791356376.7454824,1791356376.7524788,1791356376.7525446,front_rgbd_red_sphere,True,True,True,,44.552,44.552,1791356376.7454824,1791356376.7441347,1791356376.7208688,1791356376.7208688,1791356376.7208688,0.0,1791356375.728849,1791356376.7288518,1791356376.725693,1791356376.7288518,1791356376.725693,1791356376.7288518,1791356375.728849,1791356376.7288518,1791356375.728849,1791356376.7288518,1791356332.1688688,GAZEBO_CLOCK_SYSTEM_INTERPOLATION,MAPPED_EXACT,0,44.552,1791356376.7208688,0.0010442733764648438,0.0,RGB,0.0,0,1,0,UNCALIBRATED,PREPARATION,NEAR,STRAIGHT,1.0,767,1.0,4.571236610412598,0.27700307965278625,nan,nan,False,0.0,0.0,0.0,0.0,0,0,0,0,0,0.0,0.0,0.0,0.0,0.0,0.0,0.0,0.0,0.0,0.0,0.0,0.0,0.0,0.0,4.396977990267853,-0.10340581763230805,1.2458312542782828,0.0,0.0,0.0,0.0,0.0,0.0,0.0,0.0,0.0,0.0,0.0,False,DISABLED,0,nan,nan,nan,nan,nan,nan,nan,nan,nan,nan,nan,nan,nan,nan,nan,nan,nan,nan,nan,nan,nan,nan,nan,nan,nan,nan,nan,nan,nan,nan,nan,nan,nan,nan,57.52103210139249,-9.27539141453001,0.10759829734619114,0.015803598874834263,0.015803598874834263,0.015803598874834263,57.60388354172989,-9.322908626590166,0.1161940292476867,-0.0828514403374001,0.04751721206015702,-0.008595731901495554,0.09551045287271807,0.09589647133692715,0.024613618850708008,False,DISABLED,none,MODEL_ORIGIN_FRAME_NOT_ESTABLISHED,nan,nan,nan,nan,nan,nan,nan,nan,nan,nan,nan,nan,nan,NOT_EVALUATED,nan,nan,nan,nan,DISABLED,nan,nan,nan,nan,nan,nan
1791356376.7688715,1791356376.8046825,1791356376.8090482,1791356376.8090844,front_rgbd_red_sphere,True,True,True,,44.6,44.6,1791356376.7965016,1791356376.8046825,1791356376.7688715,1791356376.7688715,1791356376.7688715,0.0,1791356375.78886,1791356376.7848828,1791356376.781693,1791356376.7848828,1791356376.785693,1791356376.788865,1791356375.784866,1791356376.7848828,1791356375.78886,1791356376.788865,1791356332.1688716,GAZEBO_CLOCK_SYSTEM_INTERPOLATION,MAPPED_EXACT,0,44.6,1791356376.7688715,0.004186153411865234,0.0,RGB,0.0,0,1,0,UNCALIBRATED,PREPARATION,NEAR,STRAIGHT,1.0,797,1.0,4.475306987762451,0.2689327001571655,nan,nan,False,0.0,0.0,0.0,0.0,0,0,0,0,0,0.0,0.0,0.0,0.0,0.0,0.0,0.0,0.0,0.0,0.0,0.0,0.0,0.0,0.0,4.3144424062058935,-0.0985317397028398,1.1850116613023163,0.0,0.0,0.0,0.0,0.0,0.0,0.0,0.0,0.0,0.0,0.0,False,DISABLED,0,nan,nan,nan,nan,nan,nan,nan,nan,nan,nan,nan,nan,nan,nan,nan,nan,nan,nan,nan,nan,nan,nan,nan,nan,nan,nan,nan,nan,nan,nan,nan,nan,nan,nan,57.66945977025714,-9.40881246029373,0.11509460513592334,0.015563328940891333,0.015563328940891333,0.015563328940891333,57.74594124040836,-9.452181562236357,0.1229975565982859,-0.07648147015121509,0.043369101942627,-0.007902951462362556,0.08792209210318631,0.08827655929870418,0.03581094741821289,False,DISABLED,none,MODEL_ORIGIN_FRAME_NOT_ESTABLISHED,nan,nan,nan,nan,nan,nan,nan,nan,nan,nan,nan,nan,nan,NOT_EVALUATED,nan,nan,nan,nan,DISABLED,nan,nan,nan,nan,nan,nan
1791356376.8208616,1791356376.8496134,1791356376.8602064,1791356376.8602498,front_rgbd_red_sphere,True,True,True,,44.652,44.652,1791356376.8496134,1791356376.8475938,1791356376.8208616,1791356376.8208616,1791356376.8208616,0.0,1791356375.824862,1791356376.8248703,1791356376.821693,1791356376.8248703,1791356376.825693,1791356376.8288546,1791356375.824862,1791356376.8248703,1791356375.8088534,1791356376.8288546,1791356332.1688616,GAZEBO_CLOCK_SYSTEM_INTERPOLATION,MAPPED_EXACT,0,44.652,1791356376.8208616,0.0015964508056640625,0.0,RGB,0.0,0,1,0,UNCALIBRATED,PREPARATION,NEAR,STRAIGHT,1.0,831,1.0,4.354465007781982,0.2589607536792755,nan,nan,False,0.0,0.0,0.0,0.0,0,0,0,0,0,0.0,0.0,0.0,0.0,0.0,0.0,0.0,0.0,0.0,0.0,0.0,0.0,0.0,0.0,4.209272338895925,-0.09573965940783857,1.110956666120516,0.0,0.0,0.0,0.0,0.0,0.0,0.0,0.0,0.0,0.0,0.0,False,DISABLED,0,nan,nan,nan,nan,nan,nan,nan,nan,nan,nan,nan,nan,nan,nan,nan,nan,nan,nan,nan,nan,nan,nan,nan,nan,nan,nan,nan,nan,nan,nan,nan,nan,nan,nan,57.81732463505465,-9.541125600246533,0.12196387178761586,0.0152632802551225,0.0152632802551225,0.0152632802551225,57.90013474045496,-9.59206008100882,0.1295838730617774,-0.08281010540030564,0.05093448076228668,-0.007620001274161542,0.09722054765806189,0.09751871259584853,0.028751850128173828,False,DISABLED,none,MODEL_ORIGIN_FRAME_NOT_ESTABLISHED,nan,nan,nan,nan,nan,nan,nan,nan,nan,nan,nan,nan,nan,NOT_EVALUATED,nan,nan,nan,nan,DISABLED,nan,nan,nan,nan,nan,nan
1791356376.86887,1791356376.8959956,1791356376.9004312,1791356376.9004698,front_rgbd_red_sphere,True,True,True,,44.7,44.7,1791356376.8959956,1791356376.8944626,1791356376.86887,1791356376.86887,1791356376.86887,0.0,1791356375.888859,1791356376.8888671,1791356376.8856928,1791356376.8888671,1791356376.8856928,1791356376.8888671,1791356375.888859,1791356376.8888671,1791356375.888859,1791356376.8888671,1791356332.16887,GAZEBO_CLOCK_SYSTEM_INTERPOLATION,MAPPED_EXACT,0,44.7,1791356376.86887,0.0033440589904785156,0.0,RGB,0.0,0,1,0,UNCALIBRATED,PREPARATION,NEAR,STRAIGHT,1.0,867,1.0,4.258274078369141,0.2498735934495926,nan,nan,False,0.0,0.0,0.0,0.0,0,0,0,0,0,0.0,0.0,0.0,0.0,0.0,0.0,0.0,0.0,0.0,0.0,0.0,0.0,0.0,0.0,4.126027589301766,-0.09393517457250056,1.0487940165817067,0.0,0.0,0.0,0.0,0.0,0.0,0.0,0.0,0.0,0.0,0.0,False,DISABLED,0,nan,nan,nan,nan,nan,nan,nan,nan,nan,nan,nan,nan,nan,nan,nan,nan,nan,nan,nan,nan,nan,nan,nan,nan,nan,nan,nan,nan,nan,nan,nan,nan,nan,nan,57.965443431086555,-9.673508348351486,0.12833707700857017,0.01502652783352392,0.01502652783352392,0.01502652783352392,58.04249739576999,-9.720790847840782,0.13488582253107748,-0.0770539646834365,0.047282499489295304,-0.00654874552250731,0.09040435958177842,0.09064123950669502,0.02712559700012207,False,DISABLED,none,MODEL_ORIGIN_FRAME_NOT_ESTABLISHED,nan,nan,nan,nan,nan,nan,nan,nan,nan,nan,nan,nan,nan,NOT_EVALUATED,nan,nan,nan,nan,DISABLED,nan,nan,nan,nan,nan,nan
1791356376.9208486,1791356376.956041,1791356376.9598918,1791356376.9599197,front_rgbd_red_sphere,True,True,True,,44.752,44.752,1791356376.956041,1791356376.9544199,1791356376.9208486,1791356376.9208486,1791356376.9208486,0.0,1791356375.948851,1791356376.9448578,1791356376.9416928,1791356376.9448578,1791356376.945693,1791356376.9488559,1791356375.9288597,1791356376.9448578,1791356375.948851,1791356376.9488559,1791356332.1688485,GAZEBO_CLOCK_SYSTEM_INTERPOLATION,MAPPED_EXACT,0,44.752,1791356376.9208486,0.0033922195434570312,0.0,RGB,0.0,0,1,0,UNCALIBRATED,PREPARATION,NEAR,STRAIGHT,1.0,909,1.0,4.138924598693848,0.23675422370433807,nan,nan,False,0.0,0.0,0.0,0.0,0,0,0,0,0,0.0,0.0,0.0,0.0,0.0,0.0,0.0,0.0,0.0,0.0,0.0,0.0,0.0,0.0,4.023466653546626,-0.09405768695313999,0.9662117400340362,0.0,0.0,0.0,0.0,0.0,0.0,0.0,0.0,0.0,0.0,0.0,False,DISABLED,0,nan,nan,nan,nan,nan,nan,nan,nan,nan,nan,nan,nan,nan,nan,nan,nan,nan,nan,nan,nan,nan,nan,nan,nan,nan,nan,nan,nan,nan,nan,nan,nan,nan,nan,58.11327622917396,-9.805522345927505,0.13375004339828317,0.014735348763705797,0.014735348763705797,0.014735348763705797,58.1967785847365,-9.859845669830463,0.1397636412692657,-0.08350235556253693,0.05432332390295791,-0.006013597870982518,0.09961760338593788,0.09979894921146168,0.03519248962402344,False,DISABLED,none,MODEL_ORIGIN_FRAME_NOT_ESTABLISHED,nan,nan,nan,nan,nan,nan,nan,nan,nan,nan,nan,nan,nan,NOT_EVALUATED,nan,nan,nan,nan,DISABLED,nan,nan,nan,nan,nan,nan
1791356376.9689126,1791356377.0039904,1791356377.0079312,1791356377.0079534,front_rgbd_red_sphere,True,True,True,,44.8,44.8,1791356377.0039904,1791356376.9920318,1791356376.9689126,1791356376.9689126,1791356376.9689126,0.0,1791356375.9888601,1791356376.984866,1791356376.981693,1791356376.984866,1791356376.985693,1791356376.9888737,1791356375.9848604,1791356376.984866,1791356375.9888601,1791356376.9888737,1791356332.1689126,GAZEBO_CLOCK_SYSTEM_INTERPOLATION,MAPPED_EXACT,0,44.8,1791356376.9689126,0.003445148468017578,0.0,RGB,0.0,0,1,0,UNCALIBRATED,PREPARATION,NEAR,STRAIGHT,1.0,942,1.0,4.044421195983887,0.22345951199531555,nan,nan,False,0.0,0.0,0.0,0.0,0,0,0,0,0,0.0,0.0,0.0,0.0,0.0,0.0,0.0,0.0,0.0,0.0,0.0,0.0,0.0,0.0,3.943863096146904,-0.09477031959258309,0.8912370715731734,0.0,0.0,0.0,0.0,0.0,0.0,0.0,0.0,0.0,0.0,0.0,False,DISABLED,0,nan,nan,nan,nan,nan,nan,nan,nan,nan,nan,nan,nan,nan,nan,nan,nan,nan,nan,nan,nan,nan,nan,nan,nan,nan,nan,nan,nan,nan,nan,nan,nan,nan,nan,58.26118246505403,-9.937588948692673,0.13827545100070188,0.014506807671042973,0.014506807671042973,0.014506807671042973,58.339859195933805,-9.988373939607913,0.14345018004211377,-0.07867673087977778,0.0507849909152398,-0.005174729041411891,0.09364370392177986,0.09378657209239497,0.035077810287475586,False,DISABLED,none,MODEL_ORIGIN_FRAME_NOT_ESTABLISHED,nan,nan,nan,nan,nan,nan,nan,nan,nan,nan,nan,nan,nan,NOT_EVALUATED,nan,nan,nan,nan,DISABLED,nan,nan,nan,nan,nan,nan
1791356377.0208519,1791356377.0428967,1791356377.0464573,1791356377.0464802,front_rgbd_red_sphere,True,True,True,,44.852,44.852,1791356377.0428967,1791356377.0411935,1791356377.0208519,1791356377.0208519,1791356377.0208519,0.0,1791356376.0248563,1791356377.0248601,1791356377.021693,1791356377.0248601,1791356377.025693,1791356377.0288544,1791356376.0248563,1791356377.0248601,1791356376.0088575,1791356377.0288544,1791356332.1688519,GAZEBO_CLOCK_SYSTEM_INTERPOLATION,MAPPED_EXACT,0,44.852,1791356377.0208519,0.002329587936401367,0.0,RGB,0.0,0,1,0,UNCALIBRATED,PREPARATION,NEAR,STRAIGHT,1.0,992,1.0,3.9262192249298096,0.20423948764801025,nan,nan,False,0.0,0.0,0.0,0.0,0,0,0,0,0,0.0,0.0,0.0,0.0,0.0,0.0,0.0,0.0,0.0,0.0,0.0,0.0,0.0,0.0,3.844614704157983,-0.09731959260474277,0.7903565275799567,0.0,0.0,0.0,0.0,0.0,0.0,0.0,0.0,0.0,0.0,0.0,False,DISABLED,0,nan,nan,nan,nan,nan,nan,nan,nan,nan,nan,nan,nan,nan,nan,nan,nan,nan,nan,nan,nan,nan,nan,nan,nan,nan,nan,nan,nan,nan,nan,nan,nan,nan,nan,58.40793439520204,-10.068373060168794,0.14145389133287295,0.014223470307225728,0.014223470307225728,0.014223470307225728,58.49478268500452,-10.127067579973254,0.14651815003483157,-0.08684828980248227,0.058694519804459944,-0.005064258701958618,0.10482209736831298,0.10494436055783297,0.022044897079467773,False,DISABLED,none,MODEL_ORIGIN_FRAME_NOT_ESTABLISHED,nan,nan,nan,nan,nan,nan,nan,nan,nan,nan,nan,nan,nan,NOT_EVALUATED,nan,nan,nan,nan,DISABLED,nan,nan,nan,nan,nan,nan
1791356377.068859,1791356377.1047904,1791356377.1090658,1791356377.1091025,front_rgbd_red_sphere,True,True,True,,44.9,44.9,1791356377.1047904,1791356377.1037292,1791356377.068859,1791356377.068859,1791356377.068859,0.0,1791356376.0888608,1791356377.088876,1791356377.0857048,1791356377.088876,1791356377.0857048,1791356377.088876,1791356376.0888608,1791356377.088876,1791356376.0888608,1791356377.088876,1791356332.168859,GAZEBO_CLOCK_SYSTEM_INTERPOLATION,MAPPED_EXACT,0,44.9,1791356377.068859,0.0004153251647949219,0.0,RGB,0.0,0,1,0,UNCALIBRATED,PREPARATION,NEAR,STRAIGHT,1.0,1027,1.0,3.83290433883667,0.1856531798839569,nan,nan,False,0.0,0.0,0.0,0.0,0,0,0,0,0,0.0,0.0,0.0,0.0,0.0,0.0,0.0,0.0,0.0,0.0,0.0,0.0,0.0,0.0,3.767039235509566,-0.09988705772038031,0.7004235777351662,0.0,0.0,0.0,0.0,0.0,0.0,0.0,0.0,0.0,0.0,0.0,False,DISABLED,0,nan,nan,nan,nan,nan,nan,nan,nan,nan,nan,nan,nan,nan,nan,nan,nan,nan,nan,nan,nan,nan,nan,nan,nan,nan,nan,nan,nan,nan,nan,nan,nan,nan,nan,58.55518386052942,-10.199280862877838,0.14372265304720117,0.014001762368350728,0.014001762368350728,0.014001762368350728,58.63809825666716,-10.25492028480435,0.14847957937113995,-0.08291439613774543,0.055639421926510835,-0.004756926323938787,0.09985260316688428,0.09996584770437676,0.03593134880065918,False,DISABLED,none,MODEL_ORIGIN_FRAME_NOT_ESTABLISHED,nan,nan,nan,nan,nan,nan,nan,nan,nan,nan,nan,nan,nan,NOT_EVALUATED,nan,nan,nan,nan,DISABLED,nan,nan,nan,nan,nan,nan
1791356377.1208985,1791356377.1579933,1791356377.161838,1791356377.1618643,front_rgbd_red_sphere,True,True,True,,44.952,44.952,1791356377.1579933,1791356377.156341,1791356377.1208985,1791356377.1208985,1791356377.1208985,0.0,1791356376.144847,1791356377.1448503,1791356377.141705,1791356377.1448503,1791356377.145705,1791356377.1488523,1791356376.144847,1791356377.1448503,1791356376.1288486,1791356377.1488523,1791356332.1688986,GAZEBO_CLOCK_SYSTEM_INTERPOLATION,MAPPED_EXACT,0,44.952,1791356377.1208985,0.0015478134155273438,0.0,RGB,0.0,0,1,0,UNCALIBRATED,PREPARATION,NEAR,STRAIGHT,1.0,1075,1.0,3.7179574966430664,0.1623571217060089,nan,nan,False,0.0,0.0,0.0,0.0,0,0,0,0,0,0.0,0.0,0.0,0.0,0.0,0.0,0.0,0.0,0.0,0.0,0.0,0.0,0.0,0.0,3.669062610312127,-0.10380663134699653,0.5919554240500133,0.0,0.0,0.0,0.0,0.0,0.0,0.0,0.0,0.0,0.0,0.0,False,DISABLED,0,nan,nan,nan,nan,nan,nan,nan,nan,nan,nan,nan,nan,nan,nan,nan,nan,nan,nan,nan,nan,nan,nan,nan,nan,nan,nan,nan,nan,nan,nan,nan,nan,nan,nan,58.702998661244735,-10.33014678943525,0.1448590813509834,0.013731052641913715,0.013731052641913715,0.013731052641913715,58.793702613216496,-10.393246262480291,0.14965974321692072,-0.0907039519717614,0.06309947304504071,-0.004800661865937306,0.11049321427968967,0.11059745366059963,0.037094831466674805,False,DISABLED,none,MODEL_ORIGIN_FRAME_NOT_ESTABLISHED,nan,nan,nan,nan,nan,nan,nan,nan,nan,nan,nan,nan,nan,NOT_EVALUATED,nan,nan,nan,nan,DISABLED,nan,nan,nan,nan,nan,nan
1791356377.1688578,1791356377.1922553,1791356377.1977248,1791356377.1977613,front_rgbd_red_sphere,True,True,True,,45.0,45.0,1791356377.1922553,1791356377.1914272,1791356377.1688578,1791356377.1688578,1791356377.1688578,0.0,1791356376.1688533,1791356377.1688578,1791356377.165705,1791356377.1688578,1791356377.165705,1791356377.1688578,1791356376.1688533,1791356377.1688578,1791356376.1688533,1791356377.1688578,1791356332.1688578,GAZEBO_CLOCK_SYSTEM_INTERPOLATION,MAPPED_EXACT,0,45.0,1791356377.1688578,0.003640413284301758,0.0,RGB,0.0,0,1,0,UNCALIBRATED,PREPARATION,NEAR,STRAIGHT,1.0,1118,1.0,3.6259427070617676,0.14170539379119873,nan,nan,False,0.0,0.0,0.0,0.0,0,0,0,0,0,0.0,0.0,0.0,0.0,0.0,0.0,0.0,0.0,0.0,0.0,0.0,0.0,0.0,0.0,3.5895984194378023,-0.10742165682014715,0.5007042025372916,0.0,0.0,0.0,0.0,0.0,0.0,0.0,0.0,0.0,0.0,0.0,False,DISABLED,0,nan,nan,nan,nan,nan,nan,nan,nan,nan,nan,nan,nan,nan,nan,nan,nan,nan,nan,nan,nan,nan,nan,nan,nan,nan,nan,nan,nan,nan,nan,nan,nan,nan,nan,58.84983004045272,-10.459606222464334,0.1450491730366265,0.0135162545138398,0.0135162545138398,0.0135162545138398,58.937290959367076,-10.520423594521882,0.14985503192490635,-0.0874609189143527,0.06081737205754756,-0.004805858888279835,0.10652776671520503,0.10663611658806411,0.023397445678710938,False,DISABLED,none,MODEL_ORIGIN_FRAME_NOT_ESTABLISHED,nan,nan,nan,nan,nan,nan,nan,nan,nan,nan,nan,nan,nan,NOT_EVALUATED,nan,nan,nan,nan,DISABLED,nan,nan,nan,nan,nan,nan
1791356377.220852,1791356377.2450354,1791356377.253379,1791356377.253495,front_rgbd_red_sphere,True,True,True,,45.052,45.052,1791356377.2450354,1791356377.2429395,1791356377.220852,1791356377.220852,1791356377.220852,0.0,1791356376.2288458,1791356377.2248552,1791356377.221705,1791356377.2248552,1791356377.225705,1791356377.2288485,1791356376.224854,1791356377.2248552,1791356376.2288458,1791356377.2288485,1791356332.1688519,GAZEBO_CLOCK_SYSTEM_INTERPOLATION,MAPPED_EXACT,0,45.052,1791356377.220852,0.0006499290466308594,0.0,RGB,0.0,0,1,0,UNCALIBRATED,PREPARATION,NEAR,STRAIGHT,1.0,1185,1.0,3.5133957862854004,0.11676554381847382,nan,nan,False,0.0,0.0,0.0,0.0,0,0,0,0,0,0.0,0.0,0.0,0.0,0.0,0.0,0.0,0.0,0.0,0.0,0.0,0.0,0.0,0.0,3.489471867763684,-0.11183010614920796,0.39373890362000274,0.0,0.0,0.0,0.0,0.0,0.0,0.0,0.0,0.0,0.0,0.0,False,DISABLED,0,nan,nan,nan,nan,nan,nan,nan,nan,nan,nan,nan,nan,nan,nan,nan,nan,nan,nan,nan,nan,nan,nan,nan,nan,nan,nan,nan,nan,nan,nan,nan,nan,nan,nan,58.9976635693559,-10.589014743407192,0.14437409826897646,0.013255828338921694,0.013255828338921694,0.013255828338921694,59.09287373054636,-10.657717276172992,0.14911417323550555,-0.09521016119045811,0.06870253276579952,-0.00474007496652909,0.11740959416652785,0.11750523866210004,0.02418351173400879,False,DISABLED,none,MODEL_ORIGIN_FRAME_NOT_ESTABLISHED,nan,nan,nan,nan,nan,nan,nan,nan,nan,nan,nan,nan,nan,NOT_EVALUATED,nan,nan,nan,nan,DISABLED,nan,nan,nan,nan,nan,nan
1791356377.268865,1791356377.2955358,1791356377.3022392,1791356377.3023715,front_rgbd_red_sphere,True,True,True,,45.1,45.1,1791356377.2955358,1791356377.2941782,1791356377.268865,1791356377.268865,1791356377.268865,0.0,1791356376.2688537,1791356377.288855,1791356377.2857049,1791356377.288855,1791356377.2857049,1791356377.288855,1791356376.2648618,1791356377.288855,1791356376.2688537,1791356377.288855,1791356332.1688652,GAZEBO_CLOCK_SYSTEM_INTERPOLATION,MAPPED_EXACT,0,45.1,1791356377.268865,0.0034923553466796875,0.0,RGB,0.0,0,1,0,UNCALIBRATED,PREPARATION,NEAR,STRAIGHT,1.0,1241,1.0,3.425936460494995,0.09570805728435516,nan,nan,False,0.0,0.0,0.0,0.0,0,0,0,0,0,0.0,0.0,0.0,0.0,0.0,0.0,0.0,0.0,0.0,0.0,0.0,0.0,0.0,0.0,3.4102576832291924,-0.11551424804157584,0.30633357680721396,0.0,0.0,0.0,0.0,0.0,0.0,0.0,0.0,0.0,0.0,0.0,False,DISABLED,0,nan,nan,nan,nan,nan,nan,nan,nan,nan,nan,nan,nan,nan,nan,nan,nan,nan,nan,nan,nan,nan,nan,nan,nan,nan,nan,nan,nan,nan,nan,nan,nan,nan,nan,59.146758165399206,-10.719122003787886,0.14261217449884173,0.013055202612192734,0.013055202612192734,0.013055202612192734,59.23714294651115,-10.784545178962015,0.14754425140803173,-0.09038478111194337,0.06542317517412854,-0.0049320769091900085,0.1115777778346505,0.11168673103442857,0.02667069435119629,False,DISABLED,none,MODEL_ORIGIN_FRAME_NOT_ESTABLISHED,nan,nan,nan,nan,nan,nan,nan,nan,nan,nan,nan,nan,nan,NOT_EVALUATED,nan,nan,nan,nan,DISABLED,nan,nan,nan,nan,nan,nan
1791356377.3208494,1791356377.3467705,1791356377.3562129,1791356377.356261,front_rgbd_red_sphere,True,True,True,,45.152,45.152,1791356377.3378456,1791356377.3467705,1791356377.3208494,1791356377.3208494,1791356377.3208494,0.0,1791356376.308859,1791356377.328844,1791356377.3257048,1791356377.328844,1791356377.3257048,1791356377.328844,1791356376.3048642,1791356377.328844,1791356376.308859,1791356377.328844,1791356332.1688495,GAZEBO_CLOCK_SYSTEM_INTERPOLATION,MAPPED_EXACT,0,45.152,1791356377.3208494,0.002305269241333008,0.0,RGB,0.0,0,1,0,UNCALIBRATED,PREPARATION,NEAR,STRAIGHT,1.0,1314,1.0,3.3163394927978516,0.07323966175317764,nan,nan,False,0.0,0.0,0.0,0.0,0,0,0,0,0,0.0,0.0,0.0,0.0,0.0,0.0,0.0,0.0,0.0,0.0,0.0,0.0,0.0,0.0,3.30744885820242,-0.11978372632919765,0.21104696498879427,0.0,0.0,0.0,0.0,0.0,0.0,0.0,0.0,0.0,0.0,0.0,False,DISABLED,0,nan,nan,nan,nan,nan,nan,nan,nan,nan,nan,nan,nan,nan,nan,nan,nan,nan,nan,nan,nan,nan,nan,nan,nan,nan,nan,nan,nan,nan,nan,nan,nan,nan,nan,59.29543487313313,-10.847598503153424,0.13972936522588003,0.01280595370616471,0.01280595370616471,0.01280595370616471,59.393855621442405,-10.921781637690799,0.14489741296773057,-0.09842074830927316,0.07418313453737468,-0.005168047741850534,0.12324683017241267,0.12335513716505517,0.025921106338500977,False,DISABLED,none,MODEL_ORIGIN_FRAME_NOT_ESTABLISHED,nan,nan,nan,nan,nan,nan,nan,nan,nan,nan,nan,nan,nan,NOT_EVALUATED,nan,nan,nan,nan,DISABLED,nan,nan,nan,nan,nan,nan
1791356377.3688557,1791356377.396056,1791356377.4046586,1791356377.4047058,front_rgbd_red_sphere,True,True,True,,45.2,45.2,1791356377.396056,1791356377.3942792,1791356377.3688557,1791356377.3688557,1791356377.3688557,0.0,1791356376.3848553,1791356377.3848603,1791356377.3817048,1791356377.3848603,1791356377.385705,1791356377.3888586,1791356376.3848553,1791356377.3848603,1791356376.368853,1791356377.3888586,1791356332.1688557,GAZEBO_CLOCK_SYSTEM_INTERPOLATION,MAPPED_EXACT,0,45.2,1791356377.3688557,0.0006644725799560547,0.0,RGB,0.0,0,1,0,UNCALIBRATED,PREPARATION,NEAR,STRAIGHT,1.0,1378,1.0,3.231093645095825,0.05604317784309387,nan,nan,False,0.0,0.0,0.0,0.0,0,0,0,0,0,0.0,0.0,0.0,0.0,0.0,0.0,0.0,0.0,0.0,0.0,0.0,0.0,0.0,0.0,3.2260208078974397,-0.12294622666651911,0.13281622389339676,0.0,0.0,0.0,0.0,0.0,0.0,0.0,0.0,0.0,0.0,0.0,False,DISABLED,0,nan,nan,nan,nan,nan,nan,nan,nan,nan,nan,nan,nan,nan,nan,nan,nan,nan,nan,nan,nan,nan,nan,nan,nan,nan,nan,nan,nan,nan,nan,nan,nan,nan,nan,59.444452245934336,-10.975787750889502,0.13624431951225197,0.012613746458166684,0.012613746458166684,0.012613746458166684,59.53848545942512,-11.047933515486283,0.14159470372110275,-0.09403321349078197,0.07214576459678135,-0.005350384208850784,0.11852112296404034,0.11864182736218913,0.02720022201538086,False,DISABLED,none,MODEL_ORIGIN_FRAME_NOT_ESTABLISHED,nan,nan,nan,nan,nan,nan,nan,nan,nan,nan,nan,nan,nan,NOT_EVALUATED,nan,nan,nan,nan,DISABLED,nan,nan,nan,nan,nan,nan
1791356377.420865,1791356377.4477694,1791356377.4555984,1791356377.4556296,front_rgbd_red_sphere,True,True,True,,45.252,45.252,1791356377.4477694,1791356377.4364688,1791356377.420865,1791356377.420865,1791356377.420865,0.0,1791356376.4288566,1791356377.4248612,1791356377.421705,1791356377.4248612,1791356377.425705,1791356377.4288583,1791356376.408865,1791356377.4248612,1791356376.4288566,1791356377.4288583,1791356332.168865,GAZEBO_CLOCK_SYSTEM_INTERPOLATION,MAPPED_EXACT,0,45.252,1791356377.420865,0.003257274627685547,0.0,RGB,0.0,0,1,0,UNCALIBRATED,PREPARATION,NEAR,STRAIGHT,1.0,1466,1.0,3.12728214263916,0.0424983873963356,nan,nan,False,0.0,0.0,0.0,0.0,0,0,0,0,0,0.0,0.0,0.0,0.0,0.0,0.0,0.0,0.0,0.0,0.0,0.0,0.0,0.0,0.0,3.124458357162334,-0.12596545596256803,0.04225709687735624,0.0,0.0,0.0,0.0,0.0,0.0,0.0,0.0,0.0,0.0,0.0,False,DISABLED,0,nan,nan,nan,nan,nan,nan,nan,nan,nan,nan,nan,nan,nan,nan,nan,nan,nan,nan,nan,nan,nan,nan,nan,nan,nan,nan,nan,nan,nan,nan,nan,nan,nan,nan,59.594363103846526,-11.103829619138216,0.13179616385741538,0.012381640569116928,0.012381640569116928,0.012381640569116928,59.695604640658,-11.184431421368359,0.13711205246586888,-0.10124153681147163,0.08060180223014335,-0.005315888608453501,0.12940826595969712,0.12951740412158202,0.02690434455871582,False,DISABLED,none,MODEL_ORIGIN_FRAME_NOT_ESTABLISHED,nan,nan,nan,nan,nan,nan,nan,nan,nan,nan,nan,nan,nan,NOT_EVALUATED,nan,nan,nan,nan,DISABLED,nan,nan,nan,nan,nan,nan
1791356377.4689133,1791356377.5037014,1791356377.5084884,1791356377.5085123,front_rgbd_red_sphere,True,True,True,,45.3,45.3,1791356377.5037014,1791356377.4923673,1791356377.4689133,1791356377.4689133,1791356377.4689133,0.0,1791356376.4688632,1791356377.48886,1791356377.485705,1791356377.48886,1791356377.485705,1791356377.48886,1791356376.4648738,1791356377.48886,1791356376.4688632,1791356377.48886,1791356332.1689134,GAZEBO_CLOCK_SYSTEM_INTERPOLATION,MAPPED_EXACT,0,45.3,1791356377.4689133,0.0032417774200439453,0.0,RGB,0.0,0,1,0,UNCALIBRATED,PREPARATION,NEAR,STRAIGHT,1.0,1550,1.0,3.0468173027038574,0.04318535700440407,nan,nan,False,0.0,0.0,0.0,0.0,0,0,0,0,0,0.0,0.0,0.0,0.0,0.0,0.0,0.0,0.0,0.0,0.0,0.0,0.0,0.0,0.0,3.043976594467942,-0.1278701230718422,-0.030841730199802186,0.0,0.0,0.0,0.0,0.0,0.0,0.0,0.0,0.0,0.0,0.0,False,DISABLED,0,nan,nan,nan,nan,nan,nan,nan,nan,nan,nan,nan,nan,nan,nan,nan,nan,nan,nan,nan,nan,nan,nan,nan,nan,nan,nan,nan,nan,nan,nan,nan,nan,nan,nan,59.74420969931487,-11.231294621746606,0.12659171893019866,0.012203217183880842,0.012203217183880842,0.012203217183880842,59.8410234115989,-11.310240628868074,0.13215035438603967,-0.09681371228402469,0.07894600712146804,-0.00555863545584101,0.12492144302175186,0.1250450532998716,0.03478813171386719,False,DISABLED,none,MODEL_ORIGIN_FRAME_NOT_ESTABLISHED,nan,nan,nan,nan,nan,nan,nan,nan,nan,nan,nan,nan,nan,NOT_EVALUATED,nan,nan,nan,nan,DISABLED,nan,nan,nan,nan,nan,nan
1791356377.5208561,1791356377.5457432,1791356377.5506403,1791356377.5506735,front_rgbd_red_sphere,True,True,True,,45.352,45.352,1791356377.5457432,1791356377.5440192,1791356377.5208561,1791356377.5208561,1791356377.5208561,0.0,1791356376.528857,1791356377.5288584,1791356377.5257049,1791356377.5288584,1791356377.5257049,1791356377.5288584,1791356376.528857,1791356377.5288584,1791356376.528857,1791356377.5288584,1791356332.1688561,GAZEBO_CLOCK_SYSTEM_INTERPOLATION,MAPPED_EXACT,0,45.352,1791356377.5208561,0.0012192726135253906,0.0,RGB,0.0,0,1,0,UNCALIBRATED,PREPARATION,NEAR,STRAIGHT,1.0,1655,1.0,2.948469638824463,0.05776100233197212,nan,nan,False,0.0,0.0,0.0,0.0,0,0,0,0,0,0.0,0.0,0.0,0.0,0.0,0.0,0.0,0.0,0.0,0.0,0.0,0.0,0.0,0.0,2.9435525600170185,-0.12925176201052224,-0.11075227348472039,0.0,0.0,0.0,0.0,0.0,0.0,0.0,0.0,0.0,0.0,0.0,False,DISABLED,0,nan,nan,nan,nan,nan,nan,nan,nan,nan,nan,nan,nan,nan,nan,nan,nan,nan,nan,nan,nan,nan,nan,nan,nan,nan,nan,nan,nan,nan,nan,nan,nan,nan,nan,59.89477753132269,-11.358372844614939,0.12059869755175884,0.01198689894618536,0.01198689894618536,0.01198689894618536,59.99830412200956,-11.445744584680492,0.12595403664334642,-0.10352659068686876,0.08737174006555293,-0.005355339091587585,0.1354679886221428,0.13557380129698693,0.0248870849609375,False,DISABLED,none,MODEL_ORIGIN_FRAME_NOT_ESTABLISHED,nan,nan,nan,nan,nan,nan,nan,nan,nan,nan,nan,nan,nan,NOT_EVALUATED,nan,nan,nan,nan,DISABLED,nan,nan,nan,nan,nan,nan
1791356377.5688503,1791356377.5921292,1791356377.5980997,1791356377.598144,front_rgbd_red_sphere,True,True,True,,45.4,45.4,1791356377.5921292,1791356377.5907142,1791356377.5688503,1791356377.5688503,1791356377.5688503,0.0,1791356376.568862,1791356377.5848715,1791356377.5817049,1791356377.5848715,1791356377.5857048,1791356377.5888693,1791356376.568862,1791356377.5848715,1791356376.568862,1791356377.5888693,1791356332.1688502,GAZEBO_CLOCK_SYSTEM_INTERPOLATION,MAPPED_EXACT,0,45.4,1791356377.5688503,0.0015673637390136719,0.0,RGB,0.0,0,1,0,UNCALIBRATED,PREPARATION,NEAR,STRAIGHT,1.0,1755,1.0,2.8739304542541504,0.07431002706289291,nan,nan,False,0.0,0.0,0.0,0.0,0,0,0,0,0,0.0,0.0,0.0,0.0,0.0,0.0,0.0,0.0,0.0,0.0,0.0,0.0,0.0,0.0,2.865999258218163,-0.12968903472035898,-0.16942707324533757,0.0,0.0,0.0,0.0,0.0,0.0,0.0,0.0,0.0,0.0,0.0,False,DISABLED,0,nan,nan,nan,nan,nan,nan,nan,nan,nan,nan,nan,nan,nan,nan,nan,nan,nan,nan,nan,nan,nan,nan,nan,nan,nan,nan,nan,nan,nan,nan,nan,nan,nan,nan,60.04629992021483,-11.48618109742934,0.11375255556764191,0.011824236454967448,0.011824236454967448,0.011824236454967448,60.14398784704036,-11.570716801806752,0.11947585253324768,-0.09768792682552885,0.0845357043774122,-0.005723296965605765,0.12918674994772145,0.12931346600494328,0.02327895164489746,False,DISABLED,none,MODEL_ORIGIN_FRAME_NOT_ESTABLISHED,nan,nan,nan,nan,nan,nan,nan,nan,nan,nan,nan,nan,nan,NOT_EVALUATED,nan,nan,nan,nan,DISABLED,nan,nan,nan,nan,nan,nan
1791356377.620847,1791356377.6399157,1791356377.646602,1791356377.646639,front_rgbd_red_sphere,True,True,True,,45.452,45.452,1791356377.6399157,1791356377.63695,1791356377.620847,1791356377.620847,1791356377.620847,0.0,1791356376.628849,1791356377.6248522,1791356377.6217048,1791356377.6248522,1791356377.625705,1791356377.6288502,1791356376.6088555,1791356377.6248522,1791356376.628849,1791356377.6288502,1791356332.168847,GAZEBO_CLOCK_SYSTEM_INTERPOLATION,MAPPED_EXACT,0,45.452,1791356377.620847,0.0034644603729248047,0.0,RGB,0.0,0,1,0,UNCALIBRATED,PREPARATION,NEAR,STRAIGHT,1.0,1885,1.0,2.7818424701690674,0.09626980125904083,nan,nan,False,0.0,0.0,0.0,0.0,0,0,0,0,0,0.0,0.0,0.0,0.0,0.0,0.0,0.0,0.0,0.0,0.0,0.0,0.0,0.0,0.0,2.7689615414043027,-0.12953414155047138,-0.23392397044230062,0.0,0.0,0.0,0.0,0.0,0.0,0.0,0.0,0.0,0.0,0.0,False,DISABLED,0,nan,nan,nan,nan,nan,nan,nan,nan,nan,nan,nan,nan,nan,nan,nan,nan,nan,nan,nan,nan,nan,nan,nan,nan,nan,nan,nan,nan,nan,nan,nan,nan,nan,nan,60.19790266650713,-11.6136107806969,0.10649419113560249,0.011624812707756527,0.011624812707756527,0.011624812707756527,60.30217948862352,-11.705828392711265,0.1116939157592385,-0.10427682211638967,0.09221761201436429,-0.005199724623636007,0.13920396401081758,0.1393010435441409,0.01906871795654297,False,DISABLED,none,MODEL_ORIGIN_FRAME_NOT_ESTABLISHED,nan,nan,nan,nan,nan,nan,nan,nan,nan,nan,nan,nan,nan,NOT_EVALUATED,nan,nan,nan,nan,DISABLED,nan,nan,nan,nan,nan,nan
1791356377.6688578,1791356377.6950555,1791356377.7009506,1791356377.701007,front_rgbd_red_sphere,True,True,True,,45.5,45.5,1791356377.6950555,1791356377.6915865,1791356377.6688578,1791356377.6688578,1791356377.6688578,0.0,1791356376.6688612,1791356377.6888611,1791356377.685705,1791356377.6888611,1791356377.685705,1791356377.6888611,1791356376.6648898,1791356377.6888611,1791356376.6688612,1791356377.6888611,1791356332.1688578,GAZEBO_CLOCK_SYSTEM_INTERPOLATION,MAPPED_EXACT,0,45.5,1791356377.6688578,0.0035753250122070312,0.0,RGB,0.0,0,1,0,UNCALIBRATED,PREPARATION,NEAR,STRAIGHT,1.0,1990,1.0,2.7126739025115967,0.1140080988407135,nan,nan,False,0.0,0.0,0.0,0.0,0,0,0,0,0,0.0,0.0,0.0,0.0,0.0,0.0,0.0,0.0,0.0,0.0,0.0,0.0,0.0,0.0,2.6950636075708156,-0.12885638564163404,-0.2804073993116014,0.0,0.0,0.0,0.0,0.0,0.0,0.0,0.0,0.0,0.0,0.0,False,DISABLED,0,nan,nan,nan,nan,nan,nan,nan,nan,nan,nan,nan,nan,nan,nan,nan,nan,nan,nan,nan,nan,nan,nan,nan,nan,nan,nan,nan,nan,nan,nan,nan,nan,nan,nan,60.34937990572112,-11.74089780757025,0.09861109267030471,0.011476138382069678,0.011476138382069678,0.011476138382069678,60.4484045380732,-11.830155698691247,0.10384635199394915,-0.09902463235207648,0.08925789112099736,-0.005235259323644437,0.13331484890975848,0.13341760333635713,0.02619767189025879,False,DISABLED,none,MODEL_ORIGIN_FRAME_NOT_ESTABLISHED,nan,nan,nan,nan,nan,nan,nan,nan,nan,nan,nan,nan,nan,NOT_EVALUATED,nan,nan,nan,nan,DISABLED,nan,nan,nan,nan,nan,nan
1791356377.7208662,1791356377.7435083,1791356377.7471638,1791356377.7471926,front_rgbd_red_sphere,True,True,True,,45.552,45.552,1791356377.7435083,1791356377.7410197,1791356377.7208662,1791356377.7208662,1791356377.7208662,0.0,1791356376.7088537,1791356377.7288508,1791356377.725705,1791356377.7288508,1791356377.725705,1791356377.7288508,1791356376.704855,1791356377.7288508,1791356376.7088537,1791356377.7288508,1791356332.1688662,GAZEBO_CLOCK_SYSTEM_INTERPOLATION,MAPPED_EXACT,0,45.552,1791356377.7208662,0.002893686294555664,0.0,RGB,0.0,0,1,0,UNCALIBRATED,PREPARATION,NEAR,STRAIGHT,1.0,2136,1.0,2.6291868686676025,0.13479045033454895,nan,nan,False,0.0,0.0,0.0,0.0,0,0,0,0,0,0.0,0.0,0.0,0.0,0.0,0.0,0.0,0.0,0.0,0.0,0.0,0.0,0.0,0.0,2.6053388834031592,-0.12803155921092824,-0.3293037019983984,0.0,0.0,0.0,0.0,0.0,0.0,0.0,0.0,0.0,0.0,0.0,False,DISABLED,0,nan,nan,nan,nan,nan,nan,nan,nan,nan,nan,nan,nan,nan,nan,nan,nan,nan,nan,nan,nan,nan,nan,nan,nan,nan,nan,nan,nan,nan,nan,nan,nan,nan,nan,60.50335374550896,-11.869673966249309,0.08984571285586501,0.011297961395519517,0.011297961395519517,0.011297961395519517,60.60726211918642,-11.96461576450204,0.09468086114957391,-0.10390837367746286,0.09494179825273186,-0.004835148293708902,0.14075118179169116,0.1408342069057793,0.022642135620117188,False,DISABLED,none,MODEL_ORIGIN_FRAME_NOT_ESTABLISHED,nan,nan,nan,nan,nan,nan,nan,nan,nan,nan,nan,nan,nan,NOT_EVALUATED,nan,nan,nan,nan,DISABLED,nan,nan,nan,nan,nan,nan
1791356377.768858,1791356377.793616,1791356377.7986593,1791356377.7986867,front_rgbd_red_sphere,True,True,True,,45.6,45.6,1791356377.793616,1791356377.7924426,1791356377.768858,1791356377.768858,1791356377.768858,0.0,1791356376.7688718,1791356377.7848809,1791356377.781705,1791356377.7848809,1791356377.7857049,1791356377.788862,1791356376.7688718,1791356377.7848809,1791356376.7688718,1791356377.788862,1791356332.168858,GAZEBO_CLOCK_SYSTEM_INTERPOLATION,MAPPED_EXACT,0,45.6,1791356377.768858,0.0022003650665283203,0.0,RGB,0.0,0,1,0,UNCALIBRATED,PREPARATION,NEAR,STRAIGHT,1.0,2259,1.0,2.564730644226074,0.14989908039569855,nan,nan,False,0.0,0.0,0.0,0.0,0,0,0,0,0,0.0,0.0,0.0,0.0,0.0,0.0,0.0,0.0,0.0,0.0,0.0,0.0,0.0,0.0,2.535970173833949,-0.12715061498807145,-0.3612912871456846,0.0,0.0,0.0,0.0,0.0,0.0,0.0,0.0,0.0,0.0,0.0,False,DISABLED,0,nan,nan,nan,nan,nan,nan,nan,nan,nan,nan,nan,nan,nan,nan,nan,nan,nan,nan,nan,nan,nan,nan,nan,nan,nan,nan,nan,nan,nan,nan,nan,nan,nan,nan,60.65458526578294,-11.995989408212195,0.08037327199407568,0.011161353407195276,0.011161353407195276,0.011161353407195276,60.75414634058119,-12.088354194430963,0.08565356418530794,-0.09956107479824539,0.0923647862187682,-0.005280292191232258,0.13580744216802174,0.13591005420440885,0.024758100509643555,False,DISABLED,none,MODEL_ORIGIN_FRAME_NOT_ESTABLISHED,nan,nan,nan,nan,nan,nan,nan,nan,nan,nan,nan,nan,nan,NOT_EVALUATED,nan,nan,nan,nan,DISABLED,nan,nan,nan,nan,nan,nan
1791356377.8208487,1791356377.8408835,1791356377.847061,1791356377.8471029,front_rgbd_red_sphere,True,True,True,,45.652,45.652,1791356377.8408835,1791356377.8397007,1791356377.8208487,1791356377.8208487,1791356377.8208487,0.0,1791356376.8088558,1791356377.824848,1791356377.8217049,1791356377.824848,1791356377.8257048,1791356377.8288467,1791356376.8088558,1791356377.824848,1791356376.8088558,1791356377.8288467,1791356332.1688488,GAZEBO_CLOCK_SYSTEM_INTERPOLATION,MAPPED_EXACT,0,45.652,1791356377.8208487,0.0004341602325439453,0.0,RGB,0.0,0,1,0,UNCALIBRATED,PREPARATION,NEAR,STRAIGHT,1.0,2425,1.0,2.4866316318511963,0.16809673607349396,nan,nan,False,0.0,0.0,0.0,0.0,0,0,0,0,0,0.0,0.0,0.0,0.0,0.0,0.0,0.0,0.0,0.0,0.0,0.0,0.0,0.0,0.0,2.451582394789754,-0.1264035288232579,-0.39636119857979146,0.0,0.0,0.0,0.0,0.0,0.0,0.0,0.0,0.0,0.0,0.0,False,DISABLED,0,nan,nan,nan,nan,nan,nan,nan,nan,nan,nan,nan,nan,nan,nan,nan,nan,nan,nan,nan,nan,nan,nan,nan,nan,nan,nan,nan,nan,nan,nan,nan,nan,nan,nan,60.8077954602752,-12.123466886587853,0.07033611302143966,0.010996944052671202,0.010996944052671202,0.010996944052671202,60.91353922848697,-12.221996179746608,0.07533333032257626,-0.10574376821176656,0.09852929315875514,-0.0049972173011366,0.1445329240207494,0.14461928746450972,0.0200347900390625,False,DISABLED,none,MODEL_ORIGIN_FRAME_NOT_ESTABLISHED,nan,nan,nan,nan,nan,nan,nan,nan,nan,nan,nan,nan,nan,NOT_EVALUATED,nan,nan,nan,nan,DISABLED,nan,nan,nan,nan,nan,nan
1791356377.8688576,1791356377.8889675,1791356377.897783,1791356377.8978941,front_rgbd_red_sphere,True,True,True,,45.7,45.7,1791356377.8889675,1791356377.886903,1791356377.8688576,1791356377.8688576,1791356377.8688576,0.0,1791356376.86887,1791356377.8888583,1791356377.885705,1791356377.8888583,1791356377.885705,1791356377.8888583,1791356376.8648672,1791356377.8888583,1791356376.86887,1791356377.8888583,1791356332.1688576,GAZEBO_CLOCK_SYSTEM_INTERPOLATION,MAPPED_EXACT,0,45.7,1791356377.8688576,0.0012664794921875,0.0,RGB,0.0,0,1,0,UNCALIBRATED,PREPARATION,NEAR,STRAIGHT,1.0,2561,1.0,2.430299758911133,0.1798924207687378,nan,nan,False,0.0,0.0,0.0,0.0,0,0,0,0,0,0.0,0.0,0.0,0.0,0.0,0.0,0.0,0.0,0.0,0.0,0.0,0.0,0.0,0.0,2.3910818605136095,-0.125583681057992,-0.41630889024518414,0.0,0.0,0.0,0.0,0.0,0.0,0.0,0.0,0.0,0.0,0.0,False,DISABLED,0,nan,nan,nan,nan,nan,nan,nan,nan,nan,nan,nan,nan,nan,nan,nan,nan,nan,nan,nan,nan,nan,nan,nan,nan,nan,nan,nan,nan,nan,nan,nan,nan,nan,nan,60.96127142868298,-12.250716970249101,0.059794805559647835,0.010879115262537955,0.010879115262537955,0.010879115262537955,61.06101468831199,-12.345041212393465,0.06535391633470497,-0.09974325962901531,0.09432424214436352,-0.005559110775057136,0.1372799347957657,0.13739244597189118,0.020109891891479492,False,DISABLED,none,MODEL_ORIGIN_FRAME_NOT_ESTABLISHED,nan,nan,nan,nan,nan,nan,nan,nan,nan,nan,nan,nan,nan,NOT_EVALUATED,nan,nan,nan,nan,DISABLED,nan,nan,nan,nan,nan,nan
1791356377.9208546,1791356377.9417765,1791356377.9483309,1791356377.9483874,front_rgbd_red_sphere,True,True,True,,45.752,45.752,1791356377.9417765,1791356377.9392254,1791356377.9208546,1791356377.9208546,1791356377.9208546,0.0,1791356376.9288466,1791356377.928848,1791356377.925705,1791356377.928848,1791356377.925705,1791356377.928848,1791356376.9288466,1791356377.928848,1791356376.9288466,1791356377.928848,1791356332.1688545,GAZEBO_CLOCK_SYSTEM_INTERPOLATION,MAPPED_EXACT,0,45.752,1791356377.9208546,0.0014421939849853516,0.0,RGB,0.0,0,1,0,UNCALIBRATED,PREPARATION,NEAR,STRAIGHT,1.0,2742,1.0,2.3596649169921875,0.19502583146095276,nan,nan,False,0.0,0.0,0.0,0.0,0,0,0,0,0,0.0,0.0,0.0,0.0,0.0,0.0,0.0,0.0,0.0,0.0,0.0,0.0,0.0,0.0,2.314931927802606,-0.12496993541328472,-0.439876183311837,0.0,0.0,0.0,0.0,0.0,0.0,0.0,0.0,0.0,0.0,0.0,False,DISABLED,0,nan,nan,nan,nan,nan,nan,nan,nan,nan,nan,nan,nan,nan,nan,nan,nan,nan,nan,nan,nan,nan,nan,nan,nan,nan,nan,nan,nan,nan,nan,nan,nan,nan,nan,61.11534360066203,-12.37779046957796,0.04905249896384972,0.010732265653942424,0.010732265653942424,0.010732265653942424,61.22096961226519,-12.47783917112513,0.054136712584751626,-0.10562601160316376,0.10004870154716983,-0.005084213620901903,0.14548744622291762,0.14557625574457297,0.020921945571899414,False,DISABLED,none,MODEL_ORIGIN_FRAME_NOT_ESTABLISHED,nan,nan,nan,nan,nan,nan,nan,nan,nan,nan,nan,nan,nan,NOT_EVALUATED,nan,nan,nan,nan,DISABLED,nan,nan,nan,nan,nan,nan
1791356377.9688575,1791356377.993915,1791356377.999668,1791356377.9997106,front_rgbd_red_sphere,True,True,True,,45.8,45.8,1791356377.993915,1791356377.9923,1791356377.9688575,1791356377.9688575,1791356377.9688575,0.0,1791356376.9888737,1791356377.9848528,1791356377.981705,1791356377.9848528,1791356377.985705,1791356377.9888918,1791356376.9689128,1791356377.9848528,1791356376.9888737,1791356377.9888918,1791356332.1688576,GAZEBO_CLOCK_SYSTEM_INTERPOLATION,MAPPED_EXACT,0,45.8,1791356377.9688575,0.0025610923767089844,0.0,RGB,0.0,0,1,0,UNCALIBRATED,PREPARATION,NEAR,STRAIGHT,1.0,2873,1.0,2.3106138706207275,0.2034018635749817,nan,nan,False,0.0,0.0,0.0,0.0,0,0,0,0,0,0.0,0.0,0.0,0.0,0.0,0.0,0.0,0.0,0.0,0.0,0.0,0.0,0.0,0.0,2.262980802350149,-0.1241566703098802,-0.44993321319462276,0.0,0.0,0.0,0.0,0.0,0.0,0.0,0.0,0.0,0.0,0.0,False,DISABLED,0,nan,nan,nan,nan,nan,nan,nan,nan,nan,nan,nan,nan,nan,nan,nan,nan,nan,nan,nan,nan,nan,nan,nan,nan,nan,nan,nan,nan,nan,nan,nan,nan,nan,nan,61.27000117885006,-12.504934987568495,0.037729337057580914,0.01063087602980839,0.01063087602980839,0.01063087602980839,61.36903760437302,-12.600142453860794,0.04345155287211835,-0.09903642552296077,0.09520746629229926,-0.005722215814537433,0.1373778556324281,0.13749697804676436,0.025057554244995117,False,DISABLED,none,MODEL_ORIGIN_FRAME_NOT_ESTABLISHED,nan,nan,nan,nan,nan,nan,nan,nan,nan,nan,nan,nan,nan,NOT_EVALUATED,nan,nan,nan,nan,DISABLED,nan,nan,nan,nan,nan,nan
1791356378.0208573,1791356378.04383,1791356378.0554416,1791356378.0555608,front_rgbd_red_sphere,True,True,True,,45.852,45.852,1791356378.04383,1791356378.038545,1791356378.0208573,1791356378.0208573,1791356378.0208573,0.0,1791356377.0288544,1791356378.0248628,1791356378.021705,1791356378.0248628,1791356378.0257049,1791356378.0288572,1791356377.0248601,1791356378.0248628,1791356377.0288544,1791356378.0288572,1791356332.1688573,GAZEBO_CLOCK_SYSTEM_INTERPOLATION,MAPPED_EXACT,0,45.852,1791356378.0208573,0.0039560794830322266,0.0,RGB,0.0,0,1,0,UNCALIBRATED,PREPARATION,NEAR,STRAIGHT,1.0,3073,1.0,2.2473573684692383,0.21594253182411194,nan,nan,False,0.0,0.0,0.0,0.0,0,0,0,0,0,0.0,0.0,0.0,0.0,0.0,0.0,0.0,0.0,0.0,0.0,0.0,0.0,0.0,0.0,2.1951621408133892,-0.12361881313535417,-0.4653991879795465,0.0,0.0,0.0,0.0,0.0,0.0,0.0,0.0,0.0,0.0,0.0,False,DISABLED,0,nan,nan,nan,nan,nan,nan,nan,nan,nan,nan,nan,nan,nan,nan,nan,nan,nan,nan,nan,nan,nan,nan,nan,nan,nan,nan,nan,nan,nan,nan,nan,nan,nan,nan,61.42404383311369,-12.63098454696971,0.02604057745970151,0.010500833165999125,0.010500833165999125,0.010500833165999125,61.52939905944069,-12.731916533147004,0.03162798841011596,-0.10535522632699923,0.10093198617729371,-0.0055874109504144495,0.1459006153109254,0.14600756387679184,0.022972583770751953,False,DISABLED,none,MODEL_ORIGIN_FRAME_NOT_ESTABLISHED,nan,nan,nan,nan,nan,nan,nan,nan,nan,nan,nan,nan,nan,NOT_EVALUATED,nan,nan,nan,nan,DISABLED,nan,nan,nan,nan,nan,nan
1791356378.0688512,1791356378.092831,1791356378.0988798,1791356378.0989063,front_rgbd_red_sphere,True,True,True,,45.9,45.9,1791356378.092831,1791356378.0914285,1791356378.0688512,1791356378.0688512,1791356378.0688512,0.0,1791356377.068859,1791356378.0888603,1791356378.085722,1791356378.0888603,1791356378.085722,1791356378.0888603,1791356377.0648549,1791356378.0888603,1791356377.068859,1791356378.0888603,1791356332.1688511,GAZEBO_CLOCK_SYSTEM_INTERPOLATION,MAPPED_EXACT,0,45.9,1791356378.0688512,0.0021796226501464844,0.0,RGB,0.0,0,1,0,UNCALIBRATED,PREPARATION,NEAR,STRAIGHT,1.0,3194,1.0,2.20560359954834,0.22159343957901,nan,nan,False,0.0,0.0,0.0,0.0,0,0,0,0,0,0.0,0.0,0.0,0.0,0.0,0.0,0.0,0.0,0.0,0.0,0.0,0.0,0.0,0.0,2.151673243013929,-0.12264622040555606,-0.46898556238055167,0.0,0.0,0.0,0.0,0.0,0.0,0.0,0.0,0.0,0.0,0.0,False,DISABLED,0,nan,nan,nan,nan,nan,nan,nan,nan,nan,nan,nan,nan,nan,nan,nan,nan,nan,nan,nan,nan,nan,nan,nan,nan,nan,nan,nan,nan,nan,nan,nan,nan,nan,nan,61.57908822664199,-12.75756555431612,0.013674467364216125,0.010415434510625517,0.010415434510625517,0.010415434510625517,61.678125287628944,-12.853482795666872,0.020496961975546794,-0.09903706098695153,0.09591724135075275,-0.0068224946113306685,0.13787115955583934,0.13803986043890853,0.023979663848876953,False,DISABLED,none,MODEL_ORIGIN_FRAME_NOT_ESTABLISHED,nan,nan,nan,nan,nan,nan,nan,nan,nan,nan,nan,nan,nan,NOT_EVALUATED,nan,nan,nan,nan,DISABLED,nan,nan,nan,nan,nan,nan
1791356378.120859,1791356378.1427543,1791356378.146601,1791356378.1466238,front_rgbd_red_sphere,True,True,True,,45.952,45.952,1791356378.1427543,1791356378.140389,1791356378.120859,1791356378.120859,1791356378.120859,0.0,1791356377.1088548,1791356378.1288526,1791356378.125722,1791356378.1288526,1791356378.125722,1791356378.1288526,1791356377.1048524,1791356378.1288526,1791356377.1088548,1791356378.1288526,1791356332.168859,GAZEBO_CLOCK_SYSTEM_INTERPOLATION,MAPPED_EXACT,0,45.952,1791356378.120859,0.002176046371459961,0.0,RGB,0.0,0,1,0,UNCALIBRATED,PREPARATION,NEAR,STRAIGHT,1.0,3395,1.0,2.149418830871582,0.23094528913497925,nan,nan,False,0.0,0.0,0.0,0.0,0,0,0,0,0,0.0,0.0,0.0,0.0,0.0,0.0,0.0,0.0,0.0,0.0,0.0,0.0,0.0,0.0,2.0923527480263235,-0.12208211785164425,-0.47661018358212814,0.0,0.0,0.0,0.0,0.0,0.0,0.0,0.0,0.0,0.0,0.0,False,DISABLED,0,nan,nan,nan,nan,nan,nan,nan,nan,nan,nan,nan,nan,nan,nan,nan,nan,nan,nan,nan,nan,nan,nan,nan,nan,nan,nan,nan,nan,nan,nan,nan,nan,nan,nan,61.733247098576456,-12.882503111289239,0.0013367667027168184,0.010301070270956702,0.010301070270956702,0.010301070270956702,61.8398273835414,-12.984941288457376,0.008290753269972452,-0.10658028496494154,0.1024381771681373,-0.006953986567255634,0.14782739017089772,0.14799086192706765,0.021895408630371094,False,DISABLED,none,MODEL_ORIGIN_FRAME_NOT_ESTABLISHED,nan,nan,nan,nan,nan,nan,nan,nan,nan,nan,nan,nan,nan,NOT_EVALUATED,nan,nan,nan,nan,DISABLED,nan,nan,nan,nan,nan,nan
1791356378.168858,1791356378.1917036,1791356378.195744,1791356378.1957715,front_rgbd_red_sphere,True,True,True,,46.0,46.0,1791356378.1917036,1791356378.1897838,1791356378.168858,1791356378.168858,1791356378.168858,0.0,1791356377.1688578,1791356378.168858,1791356378.165722,1791356378.168858,1791356378.165722,1791356378.168858,1791356377.1688578,1791356378.168858,1791356377.1688578,1791356378.168858,1791356332.168858,GAZEBO_CLOCK_SYSTEM_INTERPOLATION,MAPPED_EXACT,0,46.0,1791356378.168858,0.0031032562255859375,0.0,RGB,0.0,0,1,0,UNCALIBRATED,PREPARATION,NEAR,STRAIGHT,1.0,3512,1.0,2.113471746444702,0.2329072505235672,nan,nan,False,0.0,0.0,0.0,0.0,0,0,0,0,0,0.0,0.0,0.0,0.0,0.0,0.0,0.0,0.0,0.0,0.0,0.0,0.0,0.0,0.0,2.0564069297287006,-0.12097269235343688,-0.4725663306670229,0.0,0.0,0.0,0.0,0.0,0.0,0.0,0.0,0.0,0.0,0.0,False,DISABLED,0,nan,nan,nan,nan,nan,nan,nan,nan,nan,nan,nan,nan,nan,nan,nan,nan,nan,nan,nan,nan,nan,nan,nan,nan,nan,nan,nan,nan,nan,nan,nan,nan,nan,nan,61.888407240646515,-13.007620354997794,-0.011385956901523275,0.010228231060722475,0.010228231060722475,0.010228231060722475,61.98917100290391,-13.105678203799428,-0.00300842690194812,-0.10076376225739381,0.09805784880163415,-0.008377529999575155,0.1406011290703909,0.14085048989890844,0.02284550666809082,False,DISABLED,none,MODEL_ORIGIN_FRAME_NOT_ESTABLISHED,nan,nan,nan,nan,nan,nan,nan,nan,nan,nan,nan,nan,nan,NOT_EVALUATED,nan,nan,nan,nan,DISABLED,nan,nan,nan,nan,nan,nan
1791356378.2208629,1791356378.2518716,1791356378.2631412,1791356378.2631862,front_rgbd_red_sphere,True,True,True,,46.052,46.052,1791356378.2518716,1791356378.246629,1791356378.2208629,1791356378.2208629,1791356378.2208629,0.0,1791356377.2288485,1791356378.2248507,1791356378.221722,1791356378.2248507,1791356378.2257218,1791356378.2288494,1791356377.2088566,1791356378.2248507,1791356377.2288485,1791356378.2288494,1791356332.1688628,GAZEBO_CLOCK_SYSTEM_INTERPOLATION,MAPPED_EXACT,0,46.052,1791356378.2208629,0.0035848617553710938,0.0,RGB,0.0,0,1,0,UNCALIBRATED,PREPARATION,NEAR,STRAIGHT,1.0,3705,1.0,2.0650930404663086,0.23816712200641632,nan,nan,False,0.0,0.0,0.0,0.0,0,0,0,0,0,0.0,0.0,0.0,0.0,0.0,0.0,0.0,0.0,0.0,0.0,0.0,0.0,0.0,0.0,2.006799734578282,-0.12021059577680937,-0.4721375757609343,0.0,0.0,0.0,0.0,0.0,0.0,0.0,0.0,0.0,0.0,0.0,False,DISABLED,0,nan,nan,nan,nan,nan,nan,nan,nan,nan,nan,nan,nan,nan,nan,nan,nan,nan,nan,nan,nan,nan,nan,nan,nan,nan,nan,nan,nan,nan,nan,nan,nan,nan,nan,62.04394532815904,-13.132076799626176,-0.024112689009149035,0.010130609979800427,0.010130609979800427,0.010130609979800427,62.15097915478211,-13.235756748169326,-0.015202655643196845,-0.10703382662306637,0.10367994854314944,-0.00891003336595219,0.14901601179566829,0.1492821505273458,0.03100872039794922,False,DISABLED,none,MODEL_ORIGIN_FRAME_NOT_ESTABLISHED,nan,nan,nan,nan,nan,nan,nan,nan,nan,nan,nan,nan,nan,NOT_EVALUATED,nan,nan,nan,nan,DISABLED,nan,nan,nan,nan,nan,nan
1791356378.2688475,1791356378.2927222,1791356378.2982337,1791356378.2982616,front_rgbd_red_sphere,True,True,True,,46.1,46.1,1791356378.2927222,1791356378.290655,1791356378.2688475,1791356378.2688475,1791356378.2688475,0.0,1791356377.288855,1791356378.288862,1791356378.285722,1791356378.288862,1791356378.285722,1791356378.288862,1791356377.288855,1791356378.288862,1791356377.288855,1791356378.288862,1791356332.1688476,GAZEBO_CLOCK_SYSTEM_INTERPOLATION,MAPPED_EXACT,0,46.1,1791356378.2688475,0.0020554065704345703,0.0,RGB,0.0,0,1,0,UNCALIBRATED,PREPARATION,NEAR,STRAIGHT,1.0,3792,1.0,2.036759614944458,0.23557215929031372,nan,nan,False,0.0,0.0,0.0,0.0,0,0,0,0,0,0.0,0.0,0.0,0.0,0.0,0.0,0.0,0.0,0.0,0.0,0.0,0.0,0.0,0.0,1.9805062903592905,-0.11875809640733825,-0.46030550661327996,0.0,0.0,0.0,0.0,0.0,0.0,0.0,0.0,0.0,0.0,0.0,False,DISABLED,0,nan,nan,nan,nan,nan,nan,nan,nan,nan,nan,nan,nan,nan,nan,nan,nan,nan,nan,nan,nan,nan,nan,nan,nan,nan,nan,nan,nan,nan,nan,nan,nan,nan,nan,62.200997812985364,-13.25711078083237,-0.03699614712328997,0.010073654397208691,0.010073654397208691,0.010073654397208691,62.30091116891455,-13.355593514934574,-0.02638793247116489,-0.09991335592918915,0.09848273410220365,-0.010608214652125077,0.14029086787556125,0.14069137083483033,0.023874759674072266,False,DISABLED,none,MODEL_ORIGIN_FRAME_NOT_ESTABLISHED,nan,nan,nan,nan,nan,nan,nan,nan,nan,nan,nan,nan,nan,NOT_EVALUATED,nan,nan,nan,nan,DISABLED,nan,nan,nan,nan,nan,nan
1791356378.3208597,1791356378.3455844,1791356378.3497038,1791356378.3497412,front_rgbd_red_sphere,True,True,True,,46.152,46.152,1791356378.3455844,1791356378.3425345,1791356378.3208597,1791356378.3208597,1791356378.3208597,0.0,1791356377.328844,1791356378.3288586,1791356378.325722,1791356378.3288586,1791356378.325722,1791356378.3288586,1791356377.328844,1791356378.3288586,1791356377.328844,1791356378.3288586,1791356332.1688597,GAZEBO_CLOCK_SYSTEM_INTERPOLATION,MAPPED_EXACT,0,46.152,1791356378.3208597,0.0010077953338623047,0.0,RGB,0.0,0,1,0,UNCALIBRATED,PREPARATION,NEAR,STRAIGHT,1.0,3958,1.0,1.9946199655532837,0.23670276999473572,nan,nan,False,0.0,0.0,0.0,0.0,0,0,0,0,0,0.0,0.0,0.0,0.0,0.0,0.0,0.0,0.0,0.0,0.0,0.0,0.0,0.0,0.0,1.9390028497734404,-0.11769654522874973,-0.45268545524847137,0.0,0.0,0.0,0.0,0.0,0.0,0.0,0.0,0.0,0.0,0.0,False,DISABLED,0,nan,nan,nan,nan,nan,nan,nan,nan,nan,nan,nan,nan,nan,nan,nan,nan,nan,nan,nan,nan,nan,nan,nan,nan,nan,nan,nan,nan,nan,nan,nan,nan,nan,nan,62.3570436255956,-13.38029124557815,-0.049286054106855326,0.009989242746712828,0.009989242746712828,0.009989242746712828,62.46400799628147,-13.485184711272979,-0.0383567710742405,-0.10696437068586562,0.10489346569482905,-0.010929283032614825,0.14981326957815033,0.15021140092983137,0.024724721908569336,False,DISABLED,none,MODEL_ORIGIN_FRAME_NOT_ESTABLISHED,nan,nan,nan,nan,nan,nan,nan,nan,nan,nan,nan,nan,nan,NOT_EVALUATED,nan,nan,nan,nan,DISABLED,nan,nan,nan,nan,nan,nan
1791356378.368849,1791356378.393913,1791356378.4032228,1791356378.403309,front_rgbd_red_sphere,True,True,True,,46.2,46.2,1791356378.393913,1791356378.391902,1791356378.368849,1791356378.368849,1791356378.368849,0.0,1791356377.3888586,1791356378.384859,1791356378.381722,1791356378.384859,1791356378.385722,1791356378.3888688,1791356377.3688557,1791356378.384859,1791356377.3888586,1791356378.3888688,1791356332.168849,GAZEBO_CLOCK_SYSTEM_INTERPOLATION,MAPPED_EXACT,0,46.2,1791356378.368849,0.002714872360229492,0.0,RGB,0.0,0,1,0,UNCALIBRATED,PREPARATION,NEAR,STRAIGHT,1.0,4038,1.0,1.971327543258667,0.23145706951618195,nan,nan,False,0.0,0.0,0.0,0.0,0,0,0,0,0,0.0,0.0,0.0,0.0,0.0,0.0,0.0,0.0,0.0,0.0,0.0,0.0,0.0,0.0,1.918758527612826,-0.11554154291828578,-0.43720500308121024,0.0,0.0,0.0,0.0,0.0,0.0,0.0,0.0,0.0,0.0,0.0,False,DISABLED,0,nan,nan,nan,nan,nan,nan,nan,nan,nan,nan,nan,nan,nan,nan,nan,nan,nan,nan,nan,nan,nan,nan,nan,nan,nan,nan,nan,nan,nan,nan,nan,nan,nan,nan,62.5139458151056,-13.50350596723163,-0.06135237709363123,0.009942737331554579,0.009942737331554579,0.009942737331554579,62.614658287619605,-13.604161128563883,-0.04915946914424054,-0.1007124725140045,0.10065516133225216,-0.012192907949390687,0.14238842517109956,0.1429095190215408,0.02506399154663086,False,DISABLED,none,MODEL_ORIGIN_FRAME_NOT_ESTABLISHED,nan,nan,nan,nan,nan,nan,nan,nan,nan,nan,nan,nan,nan,NOT_EVALUATED,nan,nan,nan,nan,DISABLED,nan,nan,nan,nan,nan,nan
1791356378.420851,1791356378.445745,1791356378.4530709,1791356378.453133,front_rgbd_red_sphere,True,True,True,,46.252,46.252,1791356378.445745,1791356378.4409826,1791356378.420851,1791356378.420851,1791356378.420851,0.0,1791356377.4088514,1791356378.4248612,1791356378.421722,1791356378.4248612,1791356378.425722,1791356378.4288542,1791356377.4088514,1791356378.4248612,1791356377.4088514,1791356378.4288542,1791356332.168851,GAZEBO_CLOCK_SYSTEM_INTERPOLATION,MAPPED_EXACT,0,46.252,1791356378.420851,0.001817941665649414,0.0,RGB,0.0,0,1,0,UNCALIBRATED,TERMINAL_APPROACH,NEAR,STRAIGHT,1.0,4187,1.0,1.936880350112915,0.23032556474208832,nan,nan,False,0.0,0.0,0.0,0.0,0,0,0,0,0,0.0,0.0,0.0,0.0,0.0,0.0,0.0,0.0,0.0,0.0,0.0,0.0,0.0,0.0,1.8857314698031755,-0.11358903688334498,-0.4273405284864431,0.0,0.0,0.0,0.0,0.0,0.0,0.0,0.0,0.0,0.0,0.0,False,DISABLED,0,nan,nan,nan,nan,nan,nan,nan,nan,nan,nan,nan,nan,nan,nan,nan,nan,nan,nan,nan,nan,nan,nan,nan,nan,nan,nan,nan,nan,nan,nan,nan,nan,nan,nan,62.67125971524223,-13.626099692294808,-0.07279449453237125,0.009874159151386572,0.009874159151386572,0.009874159151386572,62.77797002340808,-13.732346549078493,-0.06052805343329339,-0.10671030816585159,0.1062468567836845,-0.012266441099077853,0.15058381202926088,0.15108259338024657,0.024893999099731445,False,DISABLED,none,MODEL_ORIGIN_FRAME_NOT_ESTABLISHED,nan,nan,nan,nan,nan,nan,nan,nan,nan,nan,nan,nan,nan,NOT_EVALUATED,nan,nan,nan,nan,DISABLED,nan,nan,nan,nan,nan,nan
1791356378.4688604,1791356378.493324,1791356378.4975512,1791356378.497574,front_rgbd_red_sphere,True,True,True,,46.3,46.3,1791356378.493324,1791356378.4918416,1791356378.4688604,1791356378.4688604,1791356378.4688604,0.0,1791356377.4689133,1791356378.4888592,1791356378.4857218,1791356378.4888592,1791356378.4857218,1791356378.4888592,1791356377.4648643,1791356378.4888592,1791356377.4689133,1791356378.4888592,1791356332.1688604,GAZEBO_CLOCK_SYSTEM_INTERPOLATION,MAPPED_EXACT,0,46.3,1791356378.4688604,0.0014421939849853516,0.0,RGB,0.0,0,1,0,UNCALIBRATED,TERMINAL_APPROACH,NEAR,STRAIGHT,1.0,4244,1.0,1.9204412698745728,0.22263166308403015,nan,nan,False,0.0,0.0,0.0,0.0,0,0,0,0,0,0.0,0.0,0.0,0.0,0.0,0.0,0.0,0.0,0.0,0.0,0.0,0.0,0.0,0.0,1.8730443826363918,-0.11051706821564222,-0.4093722144343239,0.0,0.0,0.0,0.0,0.0,0.0,0.0,0.0,0.0,0.0,0.0,False,DISABLED,0,nan,nan,nan,nan,nan,nan,nan,nan,nan,nan,nan,nan,nan,nan,nan,nan,nan,nan,nan,nan,nan,nan,nan,nan,nan,nan,nan,nan,nan,nan,nan,nan,nan,nan,62.829600485390166,-13.74865846863232,-0.08384333918112002,0.009841515612861772,0.009841515612861772,0.009841515612861772,62.929485803313376,-13.850523448130208,-0.07069260160761291,-0.09988531792320998,0.10186497949788809,-0.013150737573507112,0.14266587112805182,0.14327069722540317,0.024463653564453125,False,DISABLED,none,MODEL_ORIGIN_FRAME_NOT_ESTABLISHED,nan,nan,nan,nan,nan,nan,nan,nan,nan,nan,nan,nan,nan,NOT_EVALUATED,nan,nan,nan,nan,DISABLED,nan,nan,nan,nan,nan,nan
1791356378.5208573,1791356378.5489404,1791356378.5574996,1791356378.5575213,front_rgbd_red_sphere,True,True,True,,46.352,46.352,1791356378.5414867,1791356378.5489404,1791356378.5208573,1791356378.5208573,1791356378.5208573,0.0,1791356377.508842,1791356378.5288422,1791356378.525722,1791356378.5288422,1791356378.525722,1791356378.5288422,1791356377.5048568,1791356378.5288422,1791356377.508842,1791356378.5288422,1791356332.1688573,GAZEBO_CLOCK_SYSTEM_INTERPOLATION,MAPPED_EXACT,0,46.352,1791356378.5208573,0.0007338523864746094,0.0,RGB,0.0,0,1,0,UNCALIBRATED,TERMINAL_APPROACH,NEAR,STRAIGHT,1.0,4348,1.0,1.8894122838974,0.2087603658437729,nan,nan,False,0.0,0.0,0.0,0.0,0,0,0,0,0,0.0,0.0,0.0,0.0,0.0,0.0,0.0,0.0,0.0,0.0,0.0,0.0,0.0,0.0,1.8483904451914235,-0.11099042541423065,-0.3755164753850815,0.0,0.0,0.0,0.0,0.0,0.0,0.0,0.0,0.0,0.0,0.0,False,DISABLED,0,nan,nan,nan,nan,nan,nan,nan,nan,nan,nan,nan,nan,nan,nan,nan,nan,nan,nan,nan,nan,nan,nan,nan,nan,nan,nan,nan,nan,nan,nan,nan,nan,nan,nan,62.990333354305,-13.870836174158825,-0.09479755053008326,0.009780047509662828,0.009780047509662828,0.009780047509662828,63.094157384908975,-13.978135014897461,-0.08125802510116145,-0.10382403060397394,0.10729884073863616,-0.013539525428921811,0.14930663265478236,0.1499192759572649,0.028083086013793945,False,DISABLED,none,MODEL_ORIGIN_FRAME_NOT_ESTABLISHED,nan,nan,nan,nan,nan,nan,nan,nan,nan,nan,nan,nan,nan,NOT_EVALUATED,nan,nan,nan,nan,DISABLED,nan,nan,nan,nan,nan,nan
1791356378.5693877,1791356378.6072264,1791356378.6116889,1791356378.611717,front_rgbd_red_sphere,True,True,True,,46.4,46.4,1791356378.6072264,1791356378.5948231,1791356378.5693877,1791356378.5693877,1791356378.5693877,0.0,1791356377.56885,1791356378.5848677,1791356378.581722,1791356378.5848677,1791356378.585722,1791356378.5888574,1791356377.56885,1791356378.5848677,1791356377.56885,1791356378.5888574,1791356332.1693876,GAZEBO_CLOCK_SYSTEM_INTERPOLATION,MAPPED_EXACT,0,46.4,1791356378.5693877,0.0027163028717041016,0.0,RGB,0.0,0,1,0,UNCALIBRATED,TERMINAL_APPROACH,NEAR,STRAIGHT,1.0,4324,1.0,1.8677555322647095,0.1583290547132492,nan,nan,False,0.0,0.0,0.0,0.0,0,0,0,0,0,0.0,0.0,0.0,0.0,0.0,0.0,0.0,0.0,0.0,0.0,0.0,0.0,0.0,0.0,1.8443939111280265,-0.11800741761945499,-0.26980781442509194,0.0,0.0,0.0,0.0,0.0,0.0,0.0,0.0,0.0,0.0,0.0,False,DISABLED,0,nan,nan,nan,nan,nan,nan,nan,nan,nan,nan,nan,nan,nan,nan,nan,nan,nan,nan,nan,nan,nan,nan,nan,nan,nan,nan,nan,nan,nan,nan,nan,nan,nan,nan,63.16083449835295,-13.99608982176745,-0.10874817162169942,0.009737260018727129,0.009737260018727129,0.009737260018727129,63.248002314819274,-14.096563570085056,-0.09061419958315155,-0.08716781646632654,0.10047374831760614,-0.01813397203854787,0.13301579728925753,0.13424620393289224,0.03783869743347168,False,DISABLED,none,MODEL_ORIGIN_FRAME_NOT_ESTABLISHED,nan,nan,nan,nan,nan,nan,nan,nan,nan,nan,nan,nan,nan,NOT_EVALUATED,nan,nan,nan,nan,DISABLED,nan,nan,nan,nan,nan,nan
1791356378.6208553,1791356378.6433933,1791356378.647128,1791356378.647151,front_rgbd_red_sphere,True,True,True,,46.452,46.452,1791356378.6433933,1791356378.642336,1791356378.6208553,1791356378.6208553,1791356378.6208553,0.0,1791356377.6288502,1791356378.624861,1791356378.621722,1791356378.624861,1791356378.625722,1791356378.6288614,1791356377.6248522,1791356378.624861,1791356377.6288502,1791356378.6288614,1791356332.1688554,GAZEBO_CLOCK_SYSTEM_INTERPOLATION,MAPPED_EXACT,0,46.452,1791356378.6208553,0.0027599334716796875,0.0,RGB,0.0,0,1,0,UNCALIBRATED,TERMINAL_APPROACH,NEAR,STRAIGHT,1.0,4404,1.0,1.8267853260040283,0.09568542242050171,nan,nan,False,0.0,0.0,0.0,0.0,0,0,0,0,0,0.0,0.0,0.0,0.0,0.0,0.0,0.0,0.0,0.0,0.0,0.0,0.0,0.0,0.0,1.8184289377794542,-0.12349481276582752,-0.1233279943388299,0.0,0.0,0.0,0.0,0.0,0.0,0.0,0.0,0.0,0.0,0.0,False,DISABLED,0,nan,nan,nan,nan,nan,nan,nan,nan,nan,nan,nan,nan,nan,nan,nan,nan,nan,nan,nan,nan,nan,nan,nan,nan,nan,nan,nan,nan,nan,nan,nan,nan,nan,nan,63.33517145861639,-14.123425663437237,-0.1185573539905333,0.009656570950672095,0.009656570950672095,0.009656570950672095,63.411514235821585,-14.221588584583218,-0.09995963819463578,-0.07634277720519833,0.09816292114598113,-0.018597715795897515,0.12435505104061781,0.12573803621871799,0.022537946701049805,False,DISABLED,none,MODEL_ORIGIN_FRAME_NOT_ESTABLISHED,nan,nan,nan,nan,nan,nan,nan,nan,nan,nan,nan,nan,nan,NOT_EVALUATED,nan,nan,nan,nan,DISABLED,nan,nan,nan,nan,nan,nan
1791356378.66885,1791356378.6931324,1791356378.7005627,1791356378.7006342,front_rgbd_red_sphere,True,True,True,,46.5,46.5,1791356378.6931324,1791356378.6921291,1791356378.66885,1791356378.66885,1791356378.66885,0.0,1791356377.6688578,1791356378.6888578,1791356378.6857219,1791356378.6888578,1791356378.6857219,1791356378.6888578,1791356377.6648607,1791356378.6888578,1791356377.6688578,1791356378.6888578,1791356332.16885,GAZEBO_CLOCK_SYSTEM_INTERPOLATION,MAPPED_EXACT,0,46.5,1791356378.66885,0.001967906951904297,0.0,RGB,0.0,0,1,0,UNCALIBRATED,TERMINAL_APPROACH,NEAR,STRAIGHT,1.0,4514,1.0,1.7993446588516235,0.0687907412648201,nan,nan,False,0.0,0.0,0.0,0.0,0,0,0,0,0,0.0,0.0,0.0,0.0,0.0,0.0,0.0,0.0,0.0,0.0,0.0,0.0,0.0,0.0,1.7950888816785875,-0.12139898568422236,0.023647151254608617,0.0,0.0,0.0,0.0,0.0,0.0,0.0,0.0,0.0,0.0,0.0,False,DISABLED,0,nan,nan,nan,nan,nan,nan,nan,nan,nan,nan,nan,nan,nan,nan,nan,nan,nan,nan,nan,nan,nan,nan,nan,nan,nan,nan,nan,nan,nan,nan,nan,nan,nan,nan,63.50839497240243,-14.25077897080378,-0.12570586924416144,0.009602715461713094,0.009602715461713094,0.009602715461713094,63.56438478427736,-14.33767264284949,-0.10808510555087492,-0.05598981187493024,0.08689367204570964,-0.017620763693286523,0.10337005985960064,0.10486114909017573,0.024282455444335938,False,DISABLED,none,MODEL_ORIGIN_FRAME_NOT_ESTABLISHED,nan,nan,nan,nan,nan,nan,nan,nan,nan,nan,nan,nan,nan,NOT_EVALUATED,nan,nan,nan,nan,DISABLED,nan,nan,nan,nan,nan,nan
1791356378.7208598,1791356378.7464564,1791356378.7539895,1791356378.7540653,front_rgbd_red_sphere,True,True,True,,46.552,46.552,1791356378.7464564,1791356378.7446108,1791356378.7208598,1791356378.7208598,1791356378.7208598,0.0,1791356377.7288508,1791356378.7288597,1791356378.7257218,1791356378.7288597,1791356378.7257218,1791356378.7288597,1791356377.7288508,1791356378.7288597,1791356377.7288508,1791356378.7288597,1791356332.1688597,GAZEBO_CLOCK_SYSTEM_INTERPOLATION,MAPPED_EXACT,0,46.552,1791356378.7208598,0.0018379688262939453,0.0,RGB,0.0,0,1,0,UNCALIBRATED,TERMINAL_APPROACH,NEAR,STRAIGHT,1.0,4812,1.0,1.7539342641830444,0.11138321459293365,nan,nan,False,0.0,0.0,0.0,0.0,0,0,0,0,0,0.0,0.0,0.0,0.0,0.0,0.0,0.0,0.0,0.0,0.0,0.0,0.0,0.0,0.0,1.74306569037109,-0.11564672170544199,0.1569501313120928,0.0,0.0,0.0,0.0,0.0,0.0,0.0,0.0,0.0,0.0,0.0,False,DISABLED,0,nan,nan,nan,nan,nan,nan,nan,nan,nan,nan,nan,nan,nan,nan,nan,nan,nan,nan,nan,nan,nan,nan,nan,nan,nan,nan,nan,nan,nan,nan,nan,nan,nan,nan,63.68067290280944,-14.37721193326371,-0.13125445944768815,0.009513923421856328,0.009513923421856328,0.009513923421856328,63.73028980879541,-14.462770167929468,-0.11619049590236469,-0.049616905985971016,0.08555823466575774,-0.015063963545323467,0.09890424095427636,0.10004484932487223,0.02559661865234375,False,DISABLED,none,MODEL_ORIGIN_FRAME_NOT_ESTABLISHED,nan,nan,nan,nan,nan,nan,nan,nan,nan,nan,nan,nan,nan,NOT_EVALUATED,nan,nan,nan,nan,DISABLED,nan,nan,nan,nan,nan,nan
1791356378.7688522,1791356378.7927575,1791356378.7984996,1791356378.7985296,front_rgbd_red_sphere,True,True,True,,46.6,46.6,1791356378.7927575,1791356378.791432,1791356378.7688522,1791356378.7688522,1791356378.7688522,0.0,1791356377.7488637,1791356378.7688525,1791356378.765722,1791356378.7688525,1791356378.765722,1791356378.7688525,1791356377.7448514,1791356378.7688525,1791356377.7488637,1791356378.7688525,1791356332.1688523,GAZEBO_CLOCK_SYSTEM_INTERPOLATION,MAPPED_EXACT,0,46.6,1791356378.7688522,0.004139900207519531,0.0,RGB,0.0,0,1,0,UNCALIBRATED,TERMINAL_APPROACH,NEAR,STRAIGHT,1.0,5118,1.0,1.722476840019226,0.1700233519077301,nan,nan,False,0.0,0.0,0.0,0.0,0,0,0,0,0,0.0,0.0,0.0,0.0,0.0,0.0,0.0,0.0,0.0,0.0,0.0,0.0,0.0,0.0,1.6976400745015452,-0.10706384729340046,0.27107522204111234,0.0,0.0,0.0,0.0,0.0,0.0,0.0,0.0,0.0,0.0,0.0,False,DISABLED,0,nan,nan,nan,nan,nan,nan,nan,nan,nan,nan,nan,nan,nan,nan,nan,nan,nan,nan,nan,nan,nan,nan,nan,nan,nan,nan,nan,nan,nan,nan,nan,nan,nan,nan,63.85055203675324,-14.501552270849857,-0.13561132834723416,0.009452655478458057,0.009452655478458057,0.009452655478458057,63.88408494146774,-14.577897742845682,-0.12299582652761086,-0.0335329047144981,0.07634547199582542,-0.012615501819623301,0.0833851713007593,0.08433408373260418,0.023905277252197266,False,DISABLED,none,MODEL_ORIGIN_FRAME_NOT_ESTABLISHED,nan,nan,nan,nan,nan,nan,nan,nan,nan,nan,nan,nan,nan,NOT_EVALUATED,nan,nan,nan,nan,DISABLED,nan,nan,nan,nan,nan,nan
1791356378.820852,1791356378.855411,1791356378.860797,1791356378.860836,front_rgbd_red_sphere,True,True,True,,46.652,46.652,1791356378.855411,1791356378.8437614,1791356378.820852,1791356378.820852,1791356378.820852,0.0,1791356377.8288467,1791356378.8488555,1791356378.845722,1791356378.8488555,1791356378.845722,1791356378.8488555,1791356377.824848,1791356378.8488555,1791356377.8288467,1791356378.8488555,1791356332.168852,GAZEBO_CLOCK_SYSTEM_INTERPOLATION,MAPPED_EXACT,0,46.652,1791356378.820852,0.0027751922607421875,0.0,RGB,0.0,0,1,0,UNCALIBRATED,TERMINAL_APPROACH,NEAR,STRAIGHT,1.0,5653,1.0,1.670155644416809,0.22666789591312408,nan,nan,False,0.0,0.0,0.0,0.0,0,0,0,0,0,0.0,0.0,0.0,0.0,0.0,0.0,0.0,0.0,0.0,0.0,0.0,0.0,0.0,0.0,1.6274341527134015,-0.09769449454889267,0.3624001301511286,0.0,0.0,0.0,0.0,0.0,0.0,0.0,0.0,0.0,0.0,0.0,False,DISABLED,0,nan,nan,nan,nan,nan,nan,nan,nan,nan,nan,nan,nan,nan,nan,nan,nan,nan,nan,nan,nan,nan,nan,nan,nan,nan,nan,nan,nan,nan,nan,nan,nan,nan,nan,64.01906882217486,-14.623473382525344,-0.13938452503204085,0.009351191084405719,0.009351191084405719,0.009351191084405719,64.05116858901546,-14.702051053922494,-0.12958131463511918,-0.03209976684060223,0.07857767139715044,-0.009803210396921669,0.08488136116615697,0.08544558740804521,0.034559011459350586,False,DISABLED,none,MODEL_ORIGIN_FRAME_NOT_ESTABLISHED,nan,nan,nan,nan,nan,nan,nan,nan,nan,nan,nan,nan,nan,NOT_EVALUATED,nan,nan,nan,nan,DISABLED,nan,nan,nan,nan,nan,nan
1791356378.8688493,1791356378.8954098,1791356378.9042945,1791356378.9043324,front_rgbd_red_sphere,True,True,True,,46.7,46.7,1791356378.8954098,1791356378.8937283,1791356378.8688493,1791356378.8688493,1791356378.8688493,0.0,1791356377.8688576,1791356378.8888555,1791356378.885722,1791356378.8888555,1791356378.885722,1791356378.8888555,1791356377.8648503,1791356378.8888555,1791356377.8688576,1791356378.8888555,1791356332.1688492,GAZEBO_CLOCK_SYSTEM_INTERPOLATION,MAPPED_EXACT,0,46.7,1791356378.8688493,0.0036308765411376953,0.0,RGB,0.0,0,1,0,UNCALIBRATED,TERMINAL_APPROACH,NEAR,STRAIGHT,1.0,6195,1.0,1.6308729648590088,0.2794410288333893,nan,nan,False,0.0,0.0,0.0,0.0,0,0,0,0,0,0.0,0.0,0.0,0.0,0.0,0.0,0.0,0.0,0.0,0.0,0.0,0.0,0.0,0.0,1.5676109747693667,-0.08535877017962301,0.4416516485037483,0.0,0.0,0.0,0.0,0.0,0.0,0.0,0.0,0.0,0.0,0.0,False,DISABLED,0,nan,nan,nan,nan,nan,nan,nan,nan,nan,nan,nan,nan,nan,nan,nan,nan,nan,nan,nan,nan,nan,nan,nan,nan,nan,nan,nan,nan,nan,nan,nan,nan,nan,nan,64.1860199475275,-14.744407539346662,-0.14237342355640065,0.00927537131143848,0.00927537131143848,0.00927537131143848,64.20560966337965,-14.815937897092583,-0.13488226332864184,-0.01958971585214897,0.07153035774592098,-0.0074911602277588085,0.07416433810415471,0.07454170998833692,0.026560544967651367,False,DISABLED,none,MODEL_ORIGIN_FRAME_NOT_ESTABLISHED,nan,nan,nan,nan,nan,nan,nan,nan,nan,nan,nan,nan,nan,NOT_EVALUATED,nan,nan,nan,nan,DISABLED,nan,nan,nan,nan,nan,nan
1791356378.9208634,1791356378.9480255,1791356378.9576364,1791356378.9576743,front_rgbd_red_sphere,True,True,True,,46.752,46.752,1791356378.9480255,1791356378.9467304,1791356378.9208634,1791356378.9208634,1791356378.9208634,0.0,1791356377.928848,1791356378.9288566,1791356378.925722,1791356378.9288566,1791356378.925722,1791356378.9288566,1791356377.928848,1791356378.9288566,1791356377.928848,1791356378.9288566,1791356332.1688633,GAZEBO_CLOCK_SYSTEM_INTERPOLATION,MAPPED_EXACT,0,46.752,1791356378.9208634,0.003525972366333008,0.0,RGB,0.0,0,1,0,UNCALIBRATED,TERMINAL_APPROACH,NEAR,STRAIGHT,1.0,7003,1.0,1.5695788860321045,0.3270860016345978,nan,nan,False,0.0,0.0,0.0,0.0,0,0,0,0,0,0.0,0.0,0.0,0.0,0.0,0.0,0.0,0.0,0.0,0.0,0.0,0.0,0.0,0.0,1.4863638455112627,-0.07216666241510095,0.4990914606178356,0.0,0.0,0.0,0.0,0.0,0.0,0.0,0.0,0.0,0.0,0.0,False,DISABLED,0,nan,nan,nan,nan,nan,nan,nan,nan,nan,nan,nan,nan,nan,nan,nan,nan,nan,nan,nan,nan,nan,nan,nan,nan,nan,nan,nan,nan,nan,nan,nan,nan,nan,nan,64.35254650504898,-14.865035160232894,-0.14518399259774267,0.00915768395376995,0.00915768395376995,0.00915768395376995,64.37349493607253,-14.938786564280369,-0.1397692614452653,-0.02094843102355526,0.07375140404747427,-0.00541473115247737,0.07666880957287948,0.07685977930475774,0.02716207504272461,False,DISABLED,none,MODEL_ORIGIN_FRAME_NOT_ESTABLISHED,nan,nan,nan,nan,nan,nan,nan,nan,nan,nan,nan,nan,nan,NOT_EVALUATED,nan,nan,nan,nan,DISABLED,nan,nan,nan,nan,nan,nan
1791356378.9688532,1791356379.0014026,1791356379.007148,1791356379.0071733,front_rgbd_red_sphere,True,True,True,,46.8,46.8,1791356378.9939148,1791356379.0014026,1791356378.9688532,1791356378.9688532,1791356378.9688532,0.0,1791356377.9848528,1791356378.9848547,1791356378.9817219,1791356378.9848547,1791356378.9857218,1791356378.9888632,1791356377.9848528,1791356378.9848547,1791356377.9688575,1791356378.9888632,1791356332.1688533,GAZEBO_CLOCK_SYSTEM_INTERPOLATION,MAPPED_EXACT,0,46.8,1791356378.9688532,0.0013625621795654297,0.0,RGB,0.0,0,1,0,UNCALIBRATED,TERMINAL_APPROACH,NEAR,STRAIGHT,1.0,7853,1.0,1.5204942226409912,0.37174418568611145,nan,nan,False,0.0,0.0,0.0,0.0,0,0,0,0,0,0.0,0.0,0.0,0.0,0.0,0.0,0.0,0.0,0.0,0.0,0.0,0.0,0.0,0.0,1.416637160201112,-0.05819541675070128,0.5492313549943846,0.0,0.0,0.0,0.0,0.0,0.0,0.0,0.0,0.0,0.0,0.0,False,DISABLED,0,nan,nan,nan,nan,nan,nan,nan,nan,nan,nan,nan,nan,nan,nan,nan,nan,nan,nan,nan,nan,nan,nan,nan,nan,nan,nan,nan,nan,nan,nan,nan,nan,nan,nan,64.51686585427508,-14.984142793625802,-0.147527019588721,0.009063980993288413,0.009063980993288413,0.009063980993288413,64.52891102514586,-15.051603032337864,-0.14344809768450337,-0.01204517087077761,0.06746023871206219,-0.004078921904217631,0.06852714752851342,0.06864843444897598,0.032549381256103516,False,DISABLED,none,MODEL_ORIGIN_FRAME_NOT_ESTABLISHED,nan,nan,nan,nan,nan,nan,nan,nan,nan,nan,nan,nan,nan,NOT_EVALUATED,nan,nan,nan,nan,DISABLED,nan,nan,nan,nan,nan,nan
1791356379.0208588,1791356379.0545273,1791356379.0674357,1791356379.0674913,front_rgbd_red_sphere,True,True,True,,46.852,46.852,1791356379.0545273,1791356379.041497,1791356379.0208588,1791356379.0208588,1791356379.0208588,0.0,1791356378.0288572,1791356379.048848,1791356379.045722,1791356379.048848,1791356379.045722,1791356379.048848,1791356378.0248628,1791356379.048848,1791356378.0288572,1791356379.048848,1791356332.1688588,GAZEBO_CLOCK_SYSTEM_INTERPOLATION,MAPPED_EXACT,0,46.852,1791356379.0208588,0.0036339759826660156,0.0,RGB,0.0,0,1,0,UNCALIBRATED,TERMINAL_APPROACH,NEAR,STRAIGHT,1.0,9171,1.0,1.4475152492523193,0.4117078483104706,nan,nan,False,0.0,0.0,0.0,0.0,0,0,0,0,0,0.0,0.0,0.0,0.0,0.0,0.0,0.0,0.0,0.0,0.0,0.0,0.0,0.0,0.0,1.3265590406123922,-0.04560391935890773,0.5774615516649271,0.0,0.0,0.0,0.0,0.0,0.0,0.0,0.0,0.0,0.0,0.0,False,DISABLED,0,nan,nan,nan,nan,nan,nan,nan,nan,nan,nan,nan,nan,nan,nan,nan,nan,nan,nan,nan,nan,nan,nan,nan,nan,nan,nan,nan,nan,nan,nan,nan,nan,nan,nan,64.68133625213098,-15.103414656493909,-0.14947372617062876,0.008925554472766823,0.008925554472766823,0.008925554472766823,64.69779294085336,-15.173204715502335,-0.14651961925871673,-0.016456688722385593,0.06979005900842594,-0.00295410691191203,0.07170407896420586,0.07176490568343329,0.03366851806640625,False,DISABLED,none,MODEL_ORIGIN_FRAME_NOT_ESTABLISHED,nan,nan,nan,nan,nan,nan,nan,nan,nan,nan,nan,nan,nan,NOT_EVALUATED,nan,nan,nan,nan,DISABLED,nan,nan,nan,nan,nan,nan
1791356379.0690625,1791356379.1060364,1791356379.110083,1791356379.1101227,front_rgbd_red_sphere,True,True,True,,46.9,46.9,1791356379.1060364,1791356379.1050394,1791356379.0690625,1791356379.0690625,1791356379.0690625,0.0,1791356378.068851,1791356379.0888584,1791356379.085734,1791356379.0888584,1791356379.085734,1791356379.0888584,1791356378.0648594,1791356379.0888584,1791356378.068851,1791356379.0888584,1791356332.1690624,GAZEBO_CLOCK_SYSTEM_INTERPOLATION,MAPPED_EXACT,0,46.9,1791356379.0690625,0.0014302730560302734,0.0,RGB,0.0,0,1,0,UNCALIBRATED,TERMINAL_APPROACH,NEAR,STRAIGHT,1.0,10573,1.0,1.3874961137771606,0.45010703802108765,nan,nan,False,0.0,0.0,0.0,0.0,0,0,0,0,0,0.0,0.0,0.0,0.0,0.0,0.0,0.0,0.0,0.0,0.0,0.0,0.0,0.0,0.0,1.2493022671378444,-0.033906900128958695,0.6026936975876519,0.0,0.0,0.0,0.0,0.0,0.0,0.0,0.0,0.0,0.0,0.0,False,DISABLED,0,nan,nan,nan,nan,nan,nan,nan,nan,nan,nan,nan,nan,nan,nan,nan,nan,nan,nan,nan,nan,nan,nan,nan,nan,nan,nan,nan,nan,nan,nan,nan,nan,nan,nan,64.84569702314676,-15.222054113581958,-0.15060535586059393,0.008812508369156844,0.008812508369156844,0.008812508369156844,64.85467646205502,-15.285219021769166,-0.14848708132281038,-0.008979438908269799,0.06316490818720766,-0.0021182745377835432,0.06379996825552284,0.06383512384591374,0.03697395324707031,False,DISABLED,none,MODEL_ORIGIN_FRAME_NOT_ESTABLISHED,nan,nan,nan,nan,nan,nan,nan,nan,nan,nan,nan,nan,nan,NOT_EVALUATED,nan,nan,nan,nan,DISABLED,nan,nan,nan,nan,nan,nan
1791356379.1208644,1791356379.1538734,1791356379.1592612,1791356379.1592848,front_rgbd_red_sphere,True,True,True,,46.952,46.952,1791356379.1538734,1791356379.141641,1791356379.1208644,1791356379.1208644,1791356379.1208644,0.0,1791356378.1288526,1791356379.1448505,1791356379.141734,1791356379.1448505,1791356379.1457338,1791356379.1488574,1791356378.1288526,1791356379.1448505,1791356378.1288526,1791356379.1488574,1791356332.1688645,GAZEBO_CLOCK_SYSTEM_INTERPOLATION,MAPPED_EXACT,0,46.952,1791356379.1208644,0.0026655197143554688,0.0,RGB,0.0,0,1,0,UNCALIBRATED,TERMINAL_APPROACH,NEAR,STRAIGHT,1.0,12741,1.0,1.3012652397155762,0.48279497027397156,nan,nan,False,0.0,0.0,0.0,0.0,0,0,0,0,0,0.0,0.0,0.0,0.0,0.0,0.0,0.0,0.0,0.0,0.0,0.0,0.0,0.0,0.0,1.1525317194970197,-0.025745315048066986,0.6035720263067714,0.0,0.0,0.0,0.0,0.0,0.0,0.0,0.0,0.0,0.0,0.0,False,DISABLED,0,nan,nan,nan,nan,nan,nan,nan,nan,nan,nan,nan,nan,nan,nan,nan,nan,nan,nan,nan,nan,nan,nan,nan,nan,nan,nan,nan,nan,nan,nan,nan,nan,nan,nan,65.0083871415876,-15.339559535032258,-0.15156595486306595,0.00865135361498884,0.00865135361498884,0.00865135361498884,65.02376959909755,-15.404925487803652,-0.14965719614314005,-0.015382457509943492,0.06536595277139412,-0.001908758719925907,0.06715152850648556,0.06717865092876038,0.03300905227661133,False,DISABLED,none,MODEL_ORIGIN_FRAME_NOT_ESTABLISHED,nan,nan,nan,nan,nan,nan,nan,nan,nan,nan,nan,nan,nan,NOT_EVALUATED,nan,nan,nan,nan,DISABLED,nan,nan,nan,nan,nan,nan
1791356379.168856,1791356379.2033043,1791356379.2074313,1791356379.207454,front_rgbd_red_sphere,True,True,True,,47.0,47.0,1791356379.2033043,1791356379.201231,1791356379.168856,1791356379.168856,1791356379.168856,0.0,1791356378.168858,1791356379.1848571,1791356379.1817338,1791356379.1848571,1791356379.185734,1791356379.1888566,1791356378.168858,1791356379.1848571,1791356378.168858,1791356379.1888566,1791356332.168856,GAZEBO_CLOCK_SYSTEM_INTERPOLATION,MAPPED_EXACT,0,47.0,1791356379.168856,0.0028493404388427734,0.0,RGB,0.0,0,1,0,UNCALIBRATED,TERMINAL_APPROACH,NEAR,STRAIGHT,1.0,15148,1.0,1.229697585105896,0.514096200466156,nan,nan,False,0.0,0.0,0.0,0.0,0,0,0,0,0,0.0,0.0,0.0,0.0,0.0,0.0,0.0,0.0,0.0,0.0,0.0,0.0,0.0,0.0,1.0707438194131773,-0.0190566263160995,0.6044010944372367,0.0,0.0,0.0,0.0,0.0,0.0,0.0,0.0,0.0,0.0,0.0,False,DISABLED,0,nan,nan,nan,nan,nan,nan,nan,nan,nan,nan,nan,nan,nan,nan,nan,nan,nan,nan,nan,nan,nan,nan,nan,nan,nan,nan,nan,nan,nan,nan,nan,nan,nan,nan,65.17194690057484,-15.457038428557999,-0.15149267033690011,0.008518731761728664,0.008518731761728664,0.008518731761728664,65.18096909287331,-15.515238881965814,-0.14985587091839833,-0.009022192298473897,0.058200453407815544,-0.0016367994185017831,0.05889560875605201,0.05891834895075012,0.03444838523864746,False,DISABLED,none,MODEL_ORIGIN_FRAME_NOT_ESTABLISHED,nan,nan,nan,nan,nan,nan,nan,nan,nan,nan,nan,nan,nan,NOT_EVALUATED,nan,nan,nan,nan,DISABLED,nan,nan,nan,nan,nan,nan
1791356379.2208505,1791356379.246533,1791356379.254992,1791356379.2550335,front_rgbd_red_sphere,True,True,True,,47.052,47.052,1791356379.246533,1791356379.2447116,1791356379.2208505,1791356379.2208505,1791356379.2208505,0.0,1791356378.2288494,1791356379.2248664,1791356379.2217338,1791356379.2248664,1791356379.225734,1791356379.22886,1791356378.2248507,1791356379.2248664,1791356378.2288494,1791356379.22886,1791356332.1688504,GAZEBO_CLOCK_SYSTEM_INTERPOLATION,MAPPED_EXACT,0,47.052,1791356379.2208505,0.002038717269897461,0.0,RGB,0.0,0,1,0,UNCALIBRATED,TERMINAL_APPROACH,NEAR,STRAIGHT,1.0,18094,1.0,1.128207802772522,0.5373576879501343,nan,nan,False,0.0,0.0,0.0,0.0,0,0,0,0,0,0.0,0.0,0.0,0.0,0.0,0.0,0.0,0.0,0.0,0.0,0.0,0.0,0.0,0.0,0.9692029527320928,-0.01744370067062051,0.5772298630025068,0.0,0.0,0.0,0.0,0.0,0.0,0.0,0.0,0.0,0.0,0.0,False,DISABLED,0,nan,nan,nan,nan,nan,nan,nan,nan,nan,nan,nan,nan,nan,nan,nan,nan,nan,nan,nan,nan,nan,nan,nan,nan,nan,nan,nan,nan,nan,nan,nan,nan,nan,nan,65.334425061045,-15.573560129460716,-0.15056790120715885,0.00833241786192923,0.00833241786192923,0.00833241786192923,65.35173638862462,-15.634001454820915,-0.149112438776089,-0.01731132757961973,0.060441325360198306,-0.0014554624310698372,0.06287158240307185,0.06288842695404703,0.025682449340820312,False,DISABLED,none,MODEL_ORIGIN_FRAME_NOT_ESTABLISHED,nan,nan,nan,nan,nan,nan,nan,nan,nan,nan,nan,nan,nan,NOT_EVALUATED,nan,nan,nan,nan,DISABLED,nan,nan,nan,nan,nan,nan
1791356379.268846,1791356379.2922993,1791356379.2999296,1791356379.2999592,front_rgbd_red_sphere,True,True,True,,47.1,47.1,1791356379.2922993,1791356379.291247,1791356379.268846,1791356379.268846,1791356379.268846,0.0,1791356378.2688477,1791356379.2888484,1791356379.285734,1791356379.2888484,1791356379.285734,1791356379.2888484,1791356378.2648864,1791356379.2888484,1791356378.2688477,1791356379.2888484,1791356332.1688461,GAZEBO_CLOCK_SYSTEM_INTERPOLATION,MAPPED_EXACT,0,47.1,1791356379.268846,0.0015101432800292969,0.0,RGB,0.0,0,1,0,UNCALIBRATED,TERMINAL_APPROACH,NEAR,STRAIGHT,1.0,20285,1.0,1.0418704748153687,0.5584700703620911,nan,nan,False,0.0,0.0,0.0,0.0,0,0,0,0,0,0.0,0.0,0.0,0.0,0.0,0.0,0.0,0.0,0.0,0.0,0.0,0.0,0.0,0.0,0.8835757766809895,-0.01717414173930598,0.5518089014272484,0.0,0.0,0.0,0.0,0.0,0.0,0.0,0.0,0.0,0.0,0.0,False,DISABLED,0,nan,nan,nan,nan,nan,nan,nan,nan,nan,nan,nan,nan,nan,nan,nan,nan,nan,nan,nan,nan,nan,nan,nan,nan,nan,nan,nan,nan,nan,nan,nan,nan,nan,nan,65.49749991778154,-15.689247377428561,-0.14852339130580633,0.008175542239223439,0.008175542239223439,0.008175542239223439,65.5097748871206,-15.742896534201288,-0.14754036425636788,-0.012274969339060249,0.053649156772726414,-0.0009830270494384508,0.05503550576400153,0.05504428432525373,0.023453235626220703,False,DISABLED,none,MODEL_ORIGIN_FRAME_NOT_ESTABLISHED,nan,nan,nan,nan,nan,nan,nan,nan,nan,nan,nan,nan,nan,NOT_EVALUATED,nan,nan,nan,nan,DISABLED,nan,nan,nan,nan,nan,nan
1791356379.3208818,1791356379.3471055,1791356379.3572,1791356379.3572333,front_rgbd_red_sphere,True,True,True,,47.152,47.152,1791356379.3471055,1791356379.3443317,1791356379.3208818,1791356379.3208818,1791356379.3208818,0.0,1791356378.3288586,1791356379.3288665,1791356379.325734,1791356379.3288665,1791356379.325734,1791356379.3288665,1791356378.3288586,1791356379.3288665,1791356378.3288586,1791356379.3288665,1791356332.168882,GAZEBO_CLOCK_SYSTEM_INTERPOLATION,MAPPED_EXACT,0,47.152,1791356379.3208818,0.0026929378509521484,0.0,RGB,0.0,0,1,0,UNCALIBRATED,TERMINAL_APPROACH,NEAR,STRAIGHT,1.0,24513,1.0,0.9261975884437561,0.5576689839363098,nan,nan,False,0.0,0.0,0.0,0.0,0,0,0,0,0,0.0,0.0,0.0,0.0,0.0,0.0,0.0,0.0,0.0,0.0,0.0,0.0,0.0,0.0,0.7858703237333794,-0.02180431005866751,0.48966763424221893,0.0,0.0,0.0,0.0,0.0,0.0,0.0,0.0,0.0,0.0,0.0,False,DISABLED,0,nan,nan,nan,nan,nan,nan,nan,nan,nan,nan,nan,nan,nan,nan,nan,nan,nan,nan,nan,nan,nan,nan,nan,nan,nan,nan,nan,nan,nan,nan,nan,nan,nan,nan,65.6590634353125,-15.802933993495714,-0.1466049608632916,0.007967700351175437,0.007967700351175437,0.007967700351175437,65.68155040477106,-15.860146373321104,-0.1448962917845043,-0.022486969458554995,0.057212379825390514,-0.001708669078787306,0.06147292250019301,0.06149666454967733,0.02622365951538086,False,DISABLED,none,MODEL_ORIGIN_FRAME_NOT_ESTABLISHED,nan,nan,nan,nan,nan,nan,nan,nan,nan,nan,nan,nan,nan,NOT_EVALUATED,nan,nan,nan,nan,DISABLED,nan,nan,nan,nan,nan,nan
1791356379.3688574,1791356379.396631,1791356379.4020977,1791356379.4021256,front_rgbd_red_sphere,True,True,True,,47.2,47.2,1791356379.396631,1791356379.395339,1791356379.3688574,1791356379.3688574,1791356379.3688574,0.0,1791356378.368849,1791356379.3848577,1791356379.381734,1791356379.3848577,1791356379.3857338,1791356379.388849,1791356378.368849,1791356379.3848577,1791356378.368849,1791356379.388849,1791356332.1688573,GAZEBO_CLOCK_SYSTEM_INTERPOLATION,MAPPED_EXACT,0,47.2,1791356379.3688574,0.0039942264556884766,0.0,RGB,0.0,0,1,0,UNCALIBRATED,TERMINAL_APPROACH,NEAR,STRAIGHT,1.0,30513,1.0,0.8311338424682617,0.5157177448272705,nan,nan,False,0.0,0.0,0.0,0.0,0,0,0,0,0,0.0,0.0,0.0,0.0,0.0,0.0,0.0,0.0,0.0,0.0,0.0,0.0,0.0,0.0,0.7230357170242092,-0.026185123293605395,0.40904415779457104,0.0,0.0,0.0,0.0,0.0,0.0,0.0,0.0,0.0,0.0,0.0,False,DISABLED,0,nan,nan,nan,nan,nan,nan,nan,nan,nan,nan,nan,nan,nan,nan,nan,nan,nan,nan,nan,nan,nan,nan,nan,nan,nan,nan,nan,nan,nan,nan,nan,nan,nan,nan,65.81447128847603,-15.910860963040504,-0.14490507791952795,0.007798892460043468,0.007798892460043468,0.007798892460043468,65.8404470161809,-15.967550191602504,-0.14159679419471963,-0.025975727704874885,0.05668922856199998,-0.0033082837248083197,0.062357093139052584,0.06244479006255294,0.027773618698120117,False,DISABLED,none,MODEL_ORIGIN_FRAME_NOT_ESTABLISHED,nan,nan,nan,nan,nan,nan,nan,nan,nan,nan,nan,nan,nan,NOT_EVALUATED,nan,nan,nan,nan,DISABLED,nan,nan,nan,nan,nan,nan
1791356379.4208481,1791356379.4399202,1791356379.4498343,1791356379.4498932,front_rgbd_red_sphere,True,True,True,,47.252,47.252,1791356379.4399202,1791356379.4369776,1791356379.4208481,1791356379.4208481,1791356379.4208481,0.0,1791356378.4288542,1791356379.4248917,1791356379.4217339,1791356379.4248917,1791356379.4257338,1791356379.428857,1791356378.4248612,1791356379.4248917,1791356378.4288542,1791356379.428857,1791356332.168848,GAZEBO_CLOCK_SYSTEM_INTERPOLATION,MAPPED_EXACT,0,47.252,1791356379.4208481,0.0034313201904296875,0.0,RGB,0.0,0,1,0,UNCALIBRATED,TERMINAL_APPROACH,NEAR,STRAIGHT,1.0,41805,1.0,0.7089919447898865,0.4320087432861328,nan,nan,False,0.0,0.0,0.0,0.0,0,0,0,0,0,0.0,0.0,0.0,0.0,0.0,0.0,0.0,0.0,0.0,0.0,0.0,0.0,0.0,0.0,0.6438544121317907,-0.03454290555384182,0.29483535037428654,0.0,0.0,0.0,0.0,0.0,0.0,0.0,0.0,0.0,0.0,0.0,False,DISABLED,0,nan,nan,nan,nan,nan,nan,nan,nan,nan,nan,nan,nan,nan,nan,nan,nan,nan,nan,nan,nan,nan,nan,nan,nan,nan,nan,nan,nan,nan,nan,nan,nan,nan,nan,65.96654639446453,-16.01491713480146,-0.14565964340872045,0.007584654096955678,0.007584654096955678,0.007584654096955678,66.01336782656398,-16.08327942967147,-0.13711541578133318,-0.04682143209944911,0.06836229487000978,-0.008544227627387269,0.08285921713205772,0.0832985815574677,0.01907205581665039,False,DISABLED,none,MODEL_ORIGIN_FRAME_NOT_ESTABLISHED,nan,nan,nan,nan,nan,nan,nan,nan,nan,nan,nan,nan,nan,NOT_EVALUATED,nan,nan,nan,nan,DISABLED,nan,nan,nan,nan,nan,nan
1791356379.4688601,1791356379.5004408,1791356379.5121984,1791356379.512238,front_rgbd_red_sphere,True,True,True,,47.3,47.3,1791356379.5004408,1791356379.4884732,1791356379.4688601,1791356379.4688601,1791356379.4688601,0.0,1791356378.4888592,1791356379.488867,1791356379.485734,1791356379.488867,1791356379.485734,1791356379.488867,1791356378.4888592,1791356379.488867,1791356378.4888592,1791356379.488867,1791356332.1688602,GAZEBO_CLOCK_SYSTEM_INTERPOLATION,MAPPED_EXACT,0,47.3,1791356379.4688601,0.004652738571166992,0.0,RGB,0.0,0,1,0,UNCALIBRATED,TERMINAL_APPROACH,NEAR,STRAIGHT,1.0,56338,1.0,0.6071284413337708,0.34553322196006775,nan,nan,False,0.0,0.0,0.0,0.0,0,0,0,0,0,0.0,0.0,0.0,0.0,0.0,0.0,0.0,0.0,0.0,0.0,0.0,0.0,0.0,0.0,0.5712441149601634,-0.04258295860062833,0.20117606682981498,0.0,0.0,0.0,0.0,0.0,0.0,0.0,0.0,0.0,0.0,0.0,False,DISABLED,0,nan,nan,nan,nan,nan,nan,nan,nan,nan,nan,nan,nan,nan,nan,nan,nan,nan,nan,nan,nan,nan,nan,nan,nan,nan,nan,nan,nan,nan,nan,nan,nan,nan,nan,66.12007825802078,-16.11752180715009,-0.14452705928300041,0.007408266018748419,0.007408266018748419,0.007408266018748419,66.17354274294573,-16.189376624117642,-0.13215912883118502,-0.0534644849249446,0.07185481696755147,-0.01236793045181539,0.0895631948387838,0.09041311615794964,0.03158068656921387,False,DISABLED,none,MODEL_ORIGIN_FRAME_NOT_ESTABLISHED,nan,nan,nan,nan,nan,nan,nan,nan,nan,nan,nan,nan,nan,NOT_EVALUATED,nan,nan,nan,nan,DISABLED,nan,nan,nan,nan,nan,nan
1791356379.5208597,1791356379.5501823,1791356379.5613272,1791356379.561366,front_rgbd_red_sphere,True,True,True,,47.352,47.352,1791356379.5501823,1791356379.5485816,1791356379.5208597,1791356379.5208597,1791356379.5208597,0.0,1791356378.5288422,1791356379.5288844,1791356379.525734,1791356379.5288844,1791356379.525734,1791356379.5288844,1791356378.5288422,1791356379.5288844,1791356378.5288422,1791356379.5288844,1791356332.1688597,GAZEBO_CLOCK_SYSTEM_INTERPOLATION,MAPPED_EXACT,0,47.352,1791356379.5208597,0.001987934112548828,0.0,RGB,0.0,0,1,0,UNCALIBRATED,TERMINAL_APPROACH,NEAR,STRAIGHT,1.0,92664,1.0,0.48149242997169495,0.2333528995513916,nan,nan,False,0.0,0.0,0.0,0.0,0,0,0,0,0,0.0,0.0,0.0,0.0,0.0,0.0,0.0,0.0,0.0,0.0,0.0,0.0,0.0,0.0,0.468442313699678,-0.05456035242826654,0.09705628451894542,0.0,0.0,0.0,0.0,0.0,0.0,0.0,0.0,0.0,0.0,0.0,False,DISABLED,0,nan,nan,nan,nan,nan,nan,nan,nan,nan,nan,nan,nan,nan,nan,nan,nan,nan,nan,nan,nan,nan,nan,nan,nan,nan,nan,nan,nan,nan,nan,nan,nan,nan,nan,66.27498781126513,-16.21860634921187,-0.14139848330817434,0.007193571376156187,0.007193571376156187,0.007193571376156187,66.3475353510684,-16.30342516950433,-0.12595042306116694,-0.07254753980326711,0.08481882029245824,-0.0154480602470074,0.11161262387073853,0.11267661857149479,0.02932262420654297,False,DISABLED,none,MODEL_ORIGIN_FRAME_NOT_ESTABLISHED,nan,nan,nan,nan,nan,nan,nan,nan,nan,nan,nan,nan,nan,NOT_EVALUATED,nan,nan,nan,nan,DISABLED,nan,nan,nan,nan,nan,nan
1791356379.5688653,1791356379.59277,1791356379.6121755,1791356379.612221,front_rgbd_red_sphere,True,True,True,,47.4,47.4,1791356379.59277,1791356379.5915866,1791356379.5688653,1791356379.5688653,1791356379.5688653,0.0,1791356378.5488586,1791356379.5688653,1791356379.565734,1791356379.5688653,1791356379.565734,1791356379.5688653,1791356378.5448499,1791356379.5688653,1791356378.5488586,1791356379.5688653,1791356332.1688652,GAZEBO_CLOCK_SYSTEM_INTERPOLATION,MAPPED_EXACT,0,47.4,1791356379.5688653,0.004144906997680664,0.0,RGB,0.0,0,1,0,UNCALIBRATED,TERMINAL_APPROACH,NEAR,TURNING,1.0,179685,1.0,0.38260605931282043,0.17765522003173828,nan,nan,False,0.0,0.0,0.0,0.0,0,0,0,0,0,0.0,0.0,0.0,0.0,0.0,0.0,0.0,0.0,0.0,0.0,0.0,0.0,0.0,0.0,0.37658413370418636,-0.06524244753826271,0.0177541187736198,0.0,0.0,0.0,0.0,0.0,0.0,0.0,0.0,0.0,0.0,0.0,False,DISABLED,0,nan,nan,nan,nan,nan,nan,nan,nan,nan,nan,nan,nan,nan,nan,nan,nan,nan,nan,nan,nan,nan,nan,nan,nan,nan,nan,nan,nan,nan,nan,nan,nan,nan,nan,66.4333549014982,-16.31932787996825,-0.13602805267420698,0.007026808431997357,0.007026808431997357,0.007026808431997357,66.5086978833674,-16.407918848050176,-0.11946705475811928,-0.07534298186919841,0.08859096808192746,-0.0165609979160877,0.11629670907912851,0.11746995868992255,0.023904800415039062,False,DISABLED,none,MODEL_ORIGIN_FRAME_NOT_ESTABLISHED,nan,nan,nan,nan,nan,nan,nan,nan,nan,nan,nan,nan,nan,NOT_EVALUATED,nan,nan,nan,nan,DISABLED,nan,nan,nan,nan,nan,nan
1791356379.6208591,1791356379.6482494,1791356379.6600485,1791356379.6600893,front_rgbd_red_sphere,True,True,True,,47.452,47.452,1791356379.6404731,1791356379.6482494,1791356379.6208591,1791356379.6208591,1791356379.6208591,0.0,1791356378.624861,1791356379.6248622,1791356379.621734,1791356379.6248622,1791356379.6257339,1791356379.6288555,1791356378.624861,1791356379.6248622,1791356378.6088548,1791356379.6288555,1791356332.1688592,GAZEBO_CLOCK_SYSTEM_INTERPOLATION,MAPPED_EXACT,0,47.452,1791356379.6208591,0.0038084983825683594,0.0,RGB,0.0,0,1,0,UNCALIBRATED,TERMINAL_APPROACH,NEAR,TURNING,1.0,30171,1.0,0.2733774781227112,0.38323497772216797,nan,nan,False,0.0,0.0,0.0,0.0,0,0,0,0,0,0.0,0.0,0.0,0.0,0.0,0.0,0.0,0.0,0.0,0.0,0.0,0.0,0.0,0.0,0.2535466321410437,-0.0759291595024299,-0.06844056196426422,0.0,0.0,0.0,0.0,0.0,0.0,0.0,0.0,0.0,0.0,0.0,False,DISABLED,0,nan,nan,nan,nan,nan,nan,nan,nan,nan,nan,nan,nan,nan,nan,nan,nan,nan,nan,nan,nan,nan,nan,nan,nan,nan,nan,nan,nan,nan,nan,nan,nan,nan,nan,66.59179828894246,-16.420070531659288,-0.13316100762133015,0.006844877480199556,0.006844877480199556,0.006844877480199556,66.68374936360226,-16.520167780389333,-0.11168712104492852,-0.09195107465980357,0.10009724873004444,-0.021473886576401632,0.13592078330563415,0.13760663915347005,0.027390241622924805,False,DISABLED,none,MODEL_ORIGIN_FRAME_NOT_ESTABLISHED,nan,nan,nan,nan,nan,nan,nan,nan,nan,nan,nan,nan,nan,NOT_EVALUATED,nan,nan,nan,nan,DISABLED,nan,nan,nan,nan,nan,nan
1791356379.6688607,1791356379.6948519,1791356379.6976695,1791356379.6976695,front_rgbd_red_sphere,False,False,True,IMAGE_INVALID,47.5,47.5,1791356379.6948519,1791356379.6920388,1791356379.6688607,1791356379.6688607,1791356379.6688607,0.0,1791356378.6888578,1791356379.6888661,1791356379.685734,1791356379.6888661,1791356379.685734,1791356379.6888661,1791356378.6888578,1791356379.6888661,1791356378.6888578,1791356379.6888661,1791356332.1688607,GAZEBO_CLOCK_SYSTEM_INTERPOLATION,MAPPED_EXACT,0,47.5,1791356379.6688607,0.002799510955810547,0.0,RGB,0.0,0,1,0,UNCALIBRATED,TERMINAL_APPROACH,UNKNOWN,TURNING,0.0,0,0.0,nan,nan,nan,nan,False,0.0,0.0,0.0,0.0,0,0,0,0,0,0.0,0.0,0.0,0.0,0.0,0.0,0.0,0.0,0.0,0.0,0.0,0.0,0.0,0.0,0.0,0.0,0.0,0.0,0.0,0.0,0.0,0.0,0.0,0.0,0.0,0.0,0.0,0.0,False,DISABLED,0,nan,nan,nan,nan,nan,nan,nan,nan,nan,nan,nan,nan,nan,nan,nan,nan,nan,nan,nan,nan,nan,nan,nan,nan,nan,nan,nan,nan,nan,nan,nan,nan,nan,nan,nan,nan,nan,nan,nan,nan,66.84592363289734,-16.62296927624623,-0.10383804092214258,nan,nan,nan,nan,nan,0.025991201400756836,False,DISABLED,none,MODEL_ORIGIN_FRAME_NOT_ESTABLISHED,nan,nan,nan,nan,nan,nan,nan,nan,nan,nan,nan,nan,nan,NOT_EVALUATED,nan,nan,nan,nan,DISABLED,nan,nan,nan,nan,nan,nan
