time,run_elapsed_time,intercept_elapsed_time,intercept_started,sample_kind,truth_available,uav_available,mission_id,phase,uav_x,uav_y,uav_z,uav_vx,uav_vy,uav_vz,target_x,target_y,target_z,target_vx,target_vy,target_vz,distance,horizontal_distance,vertical_error,relative_speed,closing_speed,approach_phase,first_terminal_approach,controller_status,plan_id,bearing_approach_active,bearing_age_at_control,prediction_age,trajectory_age,target_visible,target_locked,search_state,search_direction,last_valid_observation_age,last_valid_image_bearing,search_yaw_rate_command,consecutive_valid_frames,consecutive_lost_frames,kf_state_age,prediction_sample_age,planner_source_age,yaw_owner,tracker_rejection_reason,planner_event_id,planner_result,planner_failure_reason,planner_source_age_at_publish,planner_completion_to_publish_delay,terminal_admission,terminal_admission_reason,selected_t_go,contact_stamp,remaining_t_go,terminal_mode,planned_capture_margin,target_yaw,body_clearance,sea_safety_state,sea_safety_margin,gazebo_real_time_factor,front_rgb_hz,front_depth_hz,down_rgb_hz,down_depth_hz,rgbd_localizer_compute_time,front_monitor_compute_time,down_monitor_compute_time,tracker_hz,tracker_callback_time,planner_compute_time,prediction_0p5_error,prediction_1p0_error,prediction_2p0_error,kf_prediction_0p5_error,kf_prediction_1p0_error,kf_prediction_2p0_error,shadow_bctra_prediction_0p5_error,shadow_bctra_prediction_1p0_error,shadow_bctra_prediction_2p0_error
0.0,0.0,,False,PHASE_TRANSITION,False,True,1,TAKEOFF,-0.0013195840874686837,0.02442394196987152,0.035936638712882996,-0.0016121109947562218,0.007515658624470234,0.0017875591292977333,8.0,-4.898587196589413e-15,0.0,0.0,0.0,0.0,nan,nan,nan,nan,nan,PREPARATION,False,,0,False,inf,0.0,0.0,False,False,,0,inf,nan,0.0,0,0,inf,inf,inf,,,,0,,0.0,0.0,False,,0.0,0.0,0.0,False,0.0,nan,-0.265936638712883,,0.0,0.9986951947212219,19.885887145996094,19.914310455322266,,,0.005681110080331564,0.0033093150705099106,,0.0,0.0,0.0,,,,,,,,,
0.03970766067504883,0.03970766067504883,,False,PERIODIC,False,True,1,TAKEOFF,-0.0010404563508927822,0.025176992639899254,0.0362514853477478,-0.0010414754506200552,0.007914353162050247,0.0017649359069764614,8.000000013328602,0.0010326124008823256,0.007568248224523946,8.295565823484759e-07,0.032134286989292375,0.2353193490033544,nan,nan,nan,nan,nan,PREPARATION,False,,0,False,inf,0.0,0.0,False,False,,0,inf,nan,0.0,0,0,inf,inf,inf,,,,0,,0.0,0.0,False,,0.0,0.0,0.0,False,0.0,nan,-0.2662514853477478,,0.0,0.99912428855896,20.10611343383789,20.087181091308594,,,0.00673174811527133,0.0033093150705099106,,0.0,0.0,0.0,,,,,,,,,
0.0898122787475586,0.0898122787475586,,False,PERIODIC,True,True,1,TAKEOFF,-0.0006542922187793728,0.026109942328390125,0.03681863193731144,-0.0005922427889564211,0.008287137936043274,0.0018196947136213382,8.000000330984896,0.005145754683506202,0.019317061743884163,1.0576130928257251e-05,0.08221247331972278,0.23365747754528565,8.00070123188669,8.000682089481744,-0.01750157019342728,0.24333942580383808,9.803688843613938e-05,PREPARATION,False,TAKEOFF,0,False,inf,0.05979466438293457,0.0,True,False,TARGET_ACQUIRE,0,0.05979466438293457,-0.001852067976589872,0.0,1,0,0.05979466438293457,0.02075958251953125,inf,HOLD,,,0,,0.0,0.0,False,,0.0,0.0,0.0,False,0.0,0.01460886001586914,-0.2668186319373115,UNRECOVERABLE,-0.23651684873354542,0.99912428855896,20.10611343383789,20.087181091308594,,,0.008152704685926437,0.0033093150705099106,,0.0,0.0005920340008742642,0.0,,,,,,,,,
0.13979625701904297,0.13979625701904297,,False,PERIODIC,True,True,1,TAKEOFF,-0.00035308755468577147,0.02681659162044525,0.03736904263496399,-0.00011364335659891367,0.008511604741215706,0.0020432029850780964,8.000001654247207,0.011410335640668779,0.03032233852453112,3.737571647607251e-05,0.12960262375780235,0.2307186362870705,8.000372679034031,8.000369575675572,-0.007046704110432869,0.2587576307842723,0.00028358193865059056,PREPARATION,False,TAKEOFF,0,False,inf,0.061829566955566406,0.0,True,False,TARGET_ACQUIRE,0,0.061829566955566406,-0.0017437601341567148,0.0,2,0,0.061829566955566406,0.025211334228515625,inf,HOLD,,,0,,0.0,0.0,False,,0.0,0.0,0.0,False,0.0,0.014596885070204735,-0.26736904263496397,UNRECOVERABLE,-0.2371797444461145,0.9993906021118164,19.98332405090332,20.021156311035156,,,4.1422001231694594e-05,0.0023690219968557358,,20.61376805539856,0.0005725339997297851,0.0,,,,,,,,,
0.18972253799438477,0.18972253799438477,,False,PERIODIC,True,True,1,TAKEOFF,-0.00010206382575844658,0.027560602817714913,0.03780514599996115,0.00026459121779273047,0.008964465039130277,0.0020994823424558304,8.000005440438535,0.020862284987224183,0.04234445800756691,9.502375060426212e-05,0.18219228821982775,0.22603615530537435,8.000111596259213,8.00011030844248,0.00453931200760576,0.28311753915070337,0.0001875442032158175,PREPARATION,False,TAKEOFF,0,False,inf,0.0597834587097168,0.0,True,True,TARGET_LOCK,0,0.0597834587097168,-0.0008664653243190601,0.0,3,0,0.0597834587097168,0.023073911666870117,inf,HOLD,,,0,,0.0,0.0,False,,0.0,0.0,0.0,False,0.0,0.014600768685340881,-0.26780514599996114,UNRECOVERABLE,-0.23767635801841336,0.9993906021118164,19.98332405090332,20.021156311035156,,,0.00466088205575943,0.0023690219968557358,,20.123418526212763,0.0005977150012768107,0.0,,,,,,,,,
0.23972272872924805,0.23972272872924805,,False,PERIODIC,True,True,1,TAKEOFF,4.578148491418688e-06,0.028224142268300056,0.038189440965652466,0.0005362865049391985,0.009376044385135174,0.0022157640196383,8.00001264990314,0.03167666928477753,0.052740018233631114,0.00018208986808508659,0.228768673274719,0.22052581497764687,8.000022049180936,8.000008816750286,0.014550577267978648,0.3095036823942948,-0.00013755215707056506,PREPARATION,False,TAKEOFF,0,False,inf,0.0617830753326416,0.0,True,True,TRACKING,0,0.0617830753326416,-0.00017534391244867736,0.0,3,0,0.0617830753326416,0.026543617248535156,inf,HOLD,,,0,,0.0,0.0,False,,0.0,0.0,0.0,False,0.0,0.01461735274642706,-0.26818944096565245,UNRECOVERABLE,-0.23816200321749603,0.9986941814422607,19.969768524169922,19.978784561157227,,,0.006231721956282854,0.0023690219968557358,,20.223356911074788,0.0005151229997863993,0.0,,,,,,,,,
0.289825439453125,0.289825439453125,,False,PERIODIC,True,True,1,TAKEOFF,-4.979404025580744e-05,0.029095292355908332,0.038792246932638046,0.0006227459104566382,0.0099272807921049,0.0023636868158769726,8.000027121932078,0.04658058488355779,0.0643334539987317,0.00032861550421321896,0.28219000766063634,0.2128484475055,8.000136795717093,8.000096024231722,0.025541207066093648,0.34413792792592957,-0.0009729286643693451,PREPARATION,False,TAKEOFF,0,False,inf,0.05979633331298828,0.0,True,True,TRACKING,0,0.05979633331298828,0.0009506197620092476,0.0,3,0,0.05979633331298828,0.022625207901000977,inf,HOLD,,,0,,0.0,0.0,False,,0.0,0.0,0.0,False,0.0,0.014616231434047222,-0.26879224693263803,UNRECOVERABLE,-0.23852278749063638,0.9986941814422607,19.969768524169922,19.978784561157227,,,0.0093248151242733,0.0023690219968557358,,20.027331458394013,0.000523043001521728,0.0,,,,,,,,,
0.3399984836578369,0.3399984836578369,,False,PERIODIC,True,True,1,TAKEOFF,-0.00020680924353655428,0.029872586950659752,0.0394006222486496,0.0006795025547035038,0.010493076406419277,0.0026002665981650352,8.000048421705005,0.062099260735850224,0.0740810417704986,0.0005119336682880313,0.32890605559031166,0.20482634044227552,8.000395305878389,8.00032013852088,0.034680419521849,0.37720317911504564,-0.001991661889069749,PREPARATION,False,TAKEOFF,0,False,inf,0.06180000305175781,0.0,True,True,TRACKING,0,0.06180000305175781,0.003154554028906322,0.0,3,0,0.06180000305175781,0.01989126205444336,inf,HOLD,,,0,,0.0,0.0,False,,0.0,0.0,0.0,False,0.0,0.014617005363106728,-0.2694006222486496,UNRECOVERABLE,-0.2392468872471464,0.9962942600250244,20.07027816772461,20.075796127319336,,,0.005585692822933197,0.0023690219968557358,,20.123186813503146,0.0005928440004936419,0.0,,,,,,,,,
0.3896975517272949,0.3896975517272949,,False,PERIODIC,True,True,1,TAKEOFF,-0.0004867144094064606,0.03077683905871813,0.04010456689962344,0.0007505146421361555,0.01121830094357583,0.0029678976958657597,8.000084711247887,0.08232171008423403,0.08475087284534483,0.0007866979741917602,0.38225136146325317,0.1944065253371832,8.000862035018953,8.000737466682244,0.04464630594572139,0.4175096184054004,-0.0034947941859686626,PREPARATION,False,TAKEOFF,0,False,inf,0.05979514122009277,0.0,True,True,TRACKING,0,0.05979514122009277,0.004883693624341121,0.0,3,0,0.05979514122009277,0.01912713050842285,inf,HOLD,,,0,,0.0,0.0,False,,0.0,0.0,0.0,False,0.0,0.01461125910282135,-0.2701045668996235,UNRECOVERABLE,-0.2397920145156507,0.9962942600250244,20.07027816772461,20.075796127319336,,,0.004925217013806105,0.0023690219968557358,,20.03160376532469,0.0006008360014675418,0.0,,,,,,,,,
0.43973326683044434,0.43973326683044434,,False,PERIODIC,True,True,1,TAKEOFF,-0.0008483940619044006,0.03171294182538986,0.0408252477645874,0.0004815171123482287,0.011885133571922779,0.0033940712455660105,8.000131113811058,0.10225563633316323,0.0934677876616884,0.0010970086221266644,0.4283746285476407,0.18421917179241268,8.001463653242343,8.001290480738184,0.05264253989710099,0.4540502122482759,-0.005476987790721556,PREPARATION,False,TAKEOFF,0,False,inf,0.06188464164733887,0.0,True,True,TRACKING,0,0.06188464164733887,0.007408144852735086,0.0,3,0,0.06188464164733887,0.017919063568115234,inf,HOLD,,,0,,0.0,0.0,False,,0.0,0.0,0.0,False,0.0,0.014629136770963669,-0.2708252477645874,UNRECOVERABLE,-0.24062966215690218,0.9944964647293091,20.14920997619629,20.122785568237305,,,2.0995999875594862e-05,0.0024779129307717085,,20.066396518741428,0.0008803769997030031,0.0,,,,,,,,,
0.48970937728881836,0.48970937728881836,,False,PERIODIC,True,True,1,TAKEOFF,-0.0014033359010690119,0.03285065182609165,0.04188793095969802,0.0003941874467267519,0.012477757694484247,0.003835042589519791,8.000204827958648,0.12800791741157408,0.10305575622569864,0.0015431003941604035,0.4821767018297553,0.1712060710968676,8.0024077386739,8.00217396168942,0.06116782526600062,0.4986296013137976,-0.008013355768973185,PREPARATION,False,TAKEOFF,0,False,inf,0.06000566482543945,0.0,True,True,TRACKING,0,0.06000542640686035,0.010136132290837053,0.0,3,0,0.06000542640686035,0.03243255615234375,inf,HOLD,,,0,,0.0,0.0,False,,0.0,0.0,0.0,False,0.0,0.014650003984570503,-0.27188793095969804,UNRECOVERABLE,-0.24133666239534632,0.9944964647293091,20.14920997619629,20.122785568237305,,,0.007767548784613609,0.0024779129307717085,,20.02304105941612,0.001252963998922496,0.0,,,,,,,,,
0.5397562980651855,0.5397562980651855,,False,PERIODIC,True,True,1,TAKEOFF,-0.0018196027958765626,0.03362444415688515,0.04300890862941742,0.00025506503880023956,0.012806853279471397,0.004135026130825281,8.000291540419838,0.15254305226981407,0.11064668883170785,0.00201721458051893,0.5282786824073895,0.15900651889700676,8.003280530697603,8.002994713463993,0.06763778020229043,0.5382373928547833,-0.010730009098525435,PREPARATION,False,TAKEOFF,0,False,inf,0.06185340881347656,0.0,True,True,TRACKING,0,0.06185340881347656,0.01310705498070149,0.0,3,0,0.06185340881347656,0.0263216495513916,inf,HOLD,,,0,,0.0,0.0,False,,0.0,0.0,0.0,False,0.0,0.014680401422083378,-0.2730089086294174,UNRECOVERABLE,-0.24263757458747315,0.9986904859542847,20.16219139099121,20.154367446899414,,,2.1752000975538976e-05,0.0024779129307717085,,20.065165334525414,0.0007668649996048771,0.0,0.09788727580274756,,,0.09607890596969053,,,0.09788727580274756,,
0.5897305011749268,0.5897305011749268,,False,PERIODIC,True,True,1,TAKEOFF,-0.002148615888902926,0.03424937768668745,0.044291259639775475,0.00012638179541359112,0.013104655336275828,0.004582296131323945,8.00042176327618,0.18368498218540755,0.11883026728952115,0.002673328773615624,0.5821244185793948,0.1437889452508933,8.004312571173346,8.003965496763605,0.07453900764974566,0.5858058288027389,-0.014465984329203065,PREPARATION,False,TAKEOFF,0,False,inf,0.059813737869262695,0.0,True,True,TRACKING,0,0.059813737869262695,0.01663945217802793,0.0,3,0,0.059813737869262695,0.029629945755004883,inf,HOLD,,,0,,0.0,0.0,False,,0.0,0.0,0.0,False,0.0,0.014680997468531132,-0.27429125963977546,UNRECOVERABLE,-0.24363258223726175,0.9986904859542847,20.16219139099121,20.154367446899414,,,0.0053457277826964855,0.0024779129307717085,,20.039014480650184,0.0006605590006074635,0.0,0.11125527126193202,,,0.10917679553533474,,,0.11125527126193202,,
0.6396589279174805,0.6396589279174805,,False,PERIODIC,True,True,1,TAKEOFF,-0.00234673242084682,0.03464615345001221,0.04519706964492798,-4.486965190153569e-05,0.013232076540589333,0.004947008565068245,8.00057019340967,0.2134428687040942,0.1252470690043944,0.0033598982284799247,0.6291976974518286,0.12958258291911495,8.005314209294204,8.004913965004885,0.08004999935946641,0.6284578466241398,-0.01840749507407526,PREPARATION,False,TAKEOFF,0,False,inf,0.06182217597961426,0.0,True,True,TRACKING,0,0.06182217597961426,0.020237716974574802,0.0,3,0,0.06182217597961426,0.03290438652038574,inf,HOLD,,,0,,0.0,0.0,False,,0.0,0.0,0.0,False,0.0,0.01472470909357071,-0.27519706964492796,UNRECOVERABLE,-0.2451268474657546,0.9988914728164673,20.14044761657715,20.091670989990234,,,3.054199987673201e-05,0.0020691489335149527,,20.05528518049057,0.0005899179996049497,0.0,0.12613566608145002,,,0.12351214184757102,,,0.12613566608145002,,
0.6898760795593262,0.6898760795593262,,False,PERIODIC,True,True,1,TAKEOFF,-0.0024715029427095675,0.03482522765258073,0.04614427688937425,-4.225971026547928e-05,0.013062918416961517,0.0053290928208823704,8.00077787558665,0.2494534456105481,0.13169642880533253,0.00425484180164466,0.6821999325270486,0.11279204325662066,8.006583856900011,8.00612677184632,0.08555215191595827,0.6777249401120786,-0.02338077636100987,PREPARATION,False,TAKEOFF,0,False,inf,0.05986356735229492,0.0,True,True,TRACKING,0,0.05986356735229492,0.02482265092076701,0.0,3,0,0.05986356735229492,0.02215266227722168,inf,HOLD,,,0,,0.0,0.0,False,,0.0,0.0,0.0,False,0.0,0.014723301865160465,-0.27614427688937426,UNRECOVERABLE,-0.2459440155084368,0.9988914728164673,20.14044761657715,20.091670989990234,,,0.006836521904915571,0.0020691489335149527,,19.999963442551362,0.0009746559990162496,0.0,0.1427256328882595,,,0.13958839259574063,,,0.1427256328882595,,
0.7397921085357666,0.7397921085357666,,False,PERIODIC,True,True,1,TAKEOFF,-0.002513336017727852,0.0348028838634491,0.046582698822021484,-0.00012117034930270165,0.012819698080420494,0.005448626819998026,8.00100445227452,0.2832964534318969,0.13652897323165125,0.005162809818694723,0.7284160767011003,0.09746643746741612,8.007879642821031,8.007374478668229,0.08994627440962977,0.7215077096038484,-0.028520432023859326,PREPARATION,False,TAKEOFF,0,False,inf,0.061972856521606445,0.0,True,True,TRACKING,0,0.061972856521606445,0.029378469827860704,0.0,3,0,0.061972856521606445,0.03060150146484375,inf,HOLD,,,0,,0.0,0.0,False,,0.0,0.0,0.0,False,0.0,0.014739791862666607,-0.27658269882202147,UNRECOVERABLE,-0.24708172896317077,1.000606656074524,20.01621437072754,20.03443717956543,,,0.005506549961864948,0.0020691489335149527,,20.026919529734634,0.000984950000201934,0.0,0.16016628258772997,,,0.15673464783895188,,,0.16016628258772997,,
0.7898304462432861,0.7898304462432861,,False,PERIODIC,True,True,1,TAKEOFF,-0.002621941207866231,0.03457042161035786,0.04675122321814752,-0.00022412398237941418,0.012296914337335882,0.005410559046512263,8.00132253993138,0.3252605865805086,0.14131677262273926,0.006362332005190304,0.7822995474528806,0.07900293189032367,8.009779689373731,8.009221437141676,0.09456554940459173,0.7735394455023807,-0.035395370992021995,PREPARATION,False,TAKEOFF,0,False,inf,0.05993294715881348,0.0,True,True,TRACKING,0,0.05993294715881348,0.03402072980309027,0.0,3,0,0.05993294715881348,0.02997303009033203,inf,HOLD,,,0,,0.0,0.0,False,,0.0,0.0,0.0,False,0.0,0.01473400741815567,-0.27675122321814755,UNRECOVERABLE,-0.24740593035186592,1.000606656074524,20.01621437072754,20.03443717956543,,,0.004374748095870018,0.0020691489335149527,,20.027420256460367,0.000891915000465815,0.0,0.17854418794045626,,,0.175138752234653,,,0.17854418794045626,,
0.8397495746612549,0.8397495746612549,,False,PERIODIC,True,True,1,TAKEOFF,-0.0026871967129409313,0.0342106856405735,0.046627819538116455,-0.0002884363930206746,0.011671829968690872,0.005329149309545755,8.001651621176222,0.3632872906927924,0.14452406810476479,0.007525580104505865,0.8279801977966059,0.06286545444647446,8.011698633813145,8.01110050639486,0.09789624856664833,0.8183708429853228,-0.042039350924049354,PREPARATION,False,TAKEOFF,0,False,inf,0.0619046688079834,0.0,True,True,TRACKING,0,0.0619046688079834,0.039333386346863834,0.0,3,0,0.0619046688079834,0.03888654708862305,inf,HOLD,,,0,,0.0,0.0,False,,0.0,0.0,0.0,False,0.0,0.014714861288666725,-0.27662781953811644,UNRECOVERABLE,-0.24757399602769717,0.9978705644607544,20.08538818359375,20.06613540649414,,,0.004648426081985235,0.0032832399010658264,,20.039068733387587,0.0006433990001823986,0.0,0.19725646407040479,,,0.19419953993119465,,,0.19725646407040479,,
0.8897192478179932,0.8897192478179932,,False,PERIODIC,True,True,1,TAKEOFF,-0.00291036677824824,0.033643126749742694,0.04622306359745399,-0.00048049799413863895,0.01103742675423004,0.005017027919070254,8.002110552534809,0.4108794611137317,0.1474397992617131,0.009063968348260822,0.8821640514646132,0.04334673851253844,8.014543779790749,8.013904614518696,0.10121673566425912,0.8720217083486196,-0.05102023107335362,PREPARATION,False,TAKEOFF,0,False,inf,0.05990290641784668,0.0,True,True,TRACKING,0,0.05990290641784668,0.0447108248955858,0.0,3,0,0.05990290641784668,0.02296733856201172,inf,HOLD,,,0,,0.0,0.0,False,,0.0,0.0,0.0,False,0.0,0.014704573899507523,-0.276223063597454,UNRECOVERABLE,-0.247432871901021,0.9978705644607544,20.08538818359375,20.06613540649414,,,0.005524061154574156,0.0032832399010658264,,20.00718613288622,0.0009530059996905038,0.0,0.21574272685196155,,,0.21334126129287379,,,0.21574272685196155,,
0.9396748542785645,0.9396748542785645,,False,PERIODIC,True,True,1,TAKEOFF,-0.0032857137266546488,0.03315042704343796,0.045666590332984924,-0.0009239249629899859,0.010608993470668793,0.00468417489901185,8.002574888433585,0.4536451575086655,0.1490094868284162,0.010532694854678787,0.928029559863273,0.02655092287148621,8.01756194574302,8.016895895517825,0.10334289649543127,0.9177526379393659,-0.05983744077560324,PREPARATION,False,TAKEOFF,0,False,inf,0.06193351745605469,0.0,True,True,TRACKING,0,0.06193351745605469,0.051127823340338684,0.0,3,0,0.06193351745605469,0.017139434814453125,inf,HOLD,,,0,,0.0,0.0,False,,0.0,0.0,0.0,False,0.0,0.014694755896925926,-0.2756665903329849,UNRECOVERABLE,-0.24691154189370537,1.0012515783309937,20.01511001586914,20.008193969726562,,,0.007031471002846956,0.0032832399010658264,,20.025053514788393,0.000882855001691496,0.0,0.2354703932597128,,,0.23388307244991025,,,0.2354703932597128,,
0.9897089004516602,0.9897089004516602,,False,PERIODIC,True,True,1,TAKEOFF,-0.0037416683749668432,0.03268169471653044,0.044958803176178404,-0.0013183050409122249,0.010048843270652192,0.004285929396579594,8.003209707410178,0.5066804565137741,0.14994202079274685,0.012446786119470211,0.982220065736824,0.006550503304609942,8.021656103097046,8.020969091099465,0.10498321761656845,0.972271305665764,-0.07121498431516526,PREPARATION,False,TAKEOFF,0,False,inf,0.060019731521606445,0.0,True,True,TRACKING,0,0.060019731521606445,0.057207510336238755,0.0,3,0,0.060019731521606445,0.028676748275756836,inf,HOLD,,,0,,0.0,0.0,False,,0.0,0.0,0.0,False,0.0,0.01467308308929205,-0.27495880317617843,UNRECOVERABLE,-0.24637360486673363,1.0012515783309937,20.01511001586914,20.008193969726562,,,0.005572840105742216,0.0032832399010658264,,19.987666005771995,0.0015149179998843465,0.0,0.25269945986687825,,,0.2522272101050664,,,0.25269945986687825,,
1.0397136211395264,1.0397136211395264,,False,PERIODIC,True,True,1,TAKEOFF,-0.00419021537527442,0.03219447284936905,0.04434536397457123,-0.0016554055036976933,0.009592276997864246,0.003885607235133648,8.003868765228777,0.5561728413581609,0.1498136322343373,0.014332891418180466,1.030153152799379,-0.011192060846910852,8.025875997242172,8.025182986542944,0.10546826825976607,1.0207974642062985,-0.0823831357600568,PREPARATION,False,TAKEOFF,0,False,inf,0.06197714805603027,0.0,True,True,TRACKING,0,0.06197714805603027,0.06374558743423042,0.0,3,0,0.06197714805603027,0.02548360824584961,inf,HOLD,,,0,,0.0,0.0,False,,0.0,0.0,0.0,False,0.0,0.014670703560113907,-0.2743453639745712,UNRECOVERABLE,-0.2455210346748856,1.0000574588775635,20.074329376220703,20.095529556274414,,,0.006577149964869022,0.005245524924248457,,19.98798490287395,0.0014688259998365538,0.0,0.26990621655563657,0.4449365294705127,,0.2706088966598776,0.4431558787627833,,0.26990621655563657,0.4449365294705127,
1.0897178649902344,1.0897178649902344,,False,PERIODIC,True,True,1,TAKEOFF,-0.004730946910696092,0.031349991483185985,0.043415224060186414,-0.0019190495916742978,0.008949574891949532,0.0034156993392748343,8.004687791601057,0.6123017731767322,0.14875092374138388,0.016573806474093282,1.082087084939411,-0.030343731184986164,8.031151169732981,8.030460354268373,0.10533569968119746,1.0738276399616735,-0.09562789778198523,PREPARATION,False,TAKEOFF,0,False,inf,0.05982708930969238,0.0,True,True,TRACKING,0,0.05982708930969238,0.07063913531520015,0.0,3,0,0.05982708930969238,0.029097557067871094,inf,HOLD,,,0,,0.0,0.0,False,,0.0,0.0,0.0,False,0.0,0.014674599282443523,-0.2734152240601864,UNRECOVERABLE,-0.24493122464855843,1.0000574588775635,20.074329376220703,20.095529556274414,,,0.005024866200983524,0.005245524924248457,,19.983919935703817,0.000637511000604718,0.0,0.28664578820873604,0.4931554001351449,,0.28858959154241537,0.4912328867478824,,0.28664578820873604,0.4931554001351449,
1.1397314071655273,1.1397314071655273,,False,PERIODIC,True,True,1,TAKEOFF,-0.005113233346492052,0.030418405309319496,0.042502567172050476,-0.002170959487557411,0.008165319450199604,0.0030675826128572226,8.005521341249844,0.6643151691823589,0.1469366653409072,0.018752001445997764,1.1280035129537147,-0.04710367078518006,8.03635476293993,8.035676162897989,0.10443409816885674,1.1211567707466128,-0.10853532942575855,PREPARATION,False,TAKEOFF,0,False,inf,0.062120914459228516,0.0,True,True,TRACKING,0,0.062120914459228516,0.07800653462820575,0.0,3,0,0.062120914459228516,0.02858567237854004,inf,HOLD,,,0,,0.0,0.0,False,,0.0,0.0,0.0,False,0.0,0.014675061218440533,-0.27250256717205046,UNRECOVERABLE,-0.24377225353068288,0.9991250038146973,20.131977081298828,20.135774612426758,,,2.9259999791975133e-05,0.005245524924248457,,19.98095871362501,0.0009967639998649247,0.0,0.2999956086168151,0.5407609048893225,,0.30336513441237056,0.5384884268392831,,0.2999956086168151,0.5407609048893225,
1.1897547245025635,1.1897547245025635,,False,PERIODIC,True,True,1,TAKEOFF,-0.005313891810464566,0.029310331930517016,0.04162111382554983,-0.0024264276447004056,0.007441412726033789,0.0026820820445545325,8.006628990628215,0.7280793650434456,0.1438935626114963,0.021534026962216807,1.1820792037651078,-0.06654399463508091,8.043007308642586,8.042357049590462,0.10227244878594646,1.176919832959994,-0.12503909896832174,PREPARATION,False,TAKEOFF,0,False,inf,0.05986428260803223,0.0,True,True,TRACKING,0,0.05986428260803223,0.08570532147371153,0.0,3,0,0.05986428260803223,0.030893564224243164,inf,HOLD,,,0,,0.0,0.0,False,,0.0,0.0,0.0,False,0.0,0.014653057791292667,-0.2716211138255498,UNRECOVERABLE,-0.24296458657659642,0.9991250038146973,20.131977081298828,20.135774612426758,,,0.006269947160035372,0.005245524924248457,,19.953842525150193,0.0007885770010034321,0.0,0.316161265593517,0.5875522966233718,,0.3206651951298461,0.5850554049248614,,0.316161265593517,0.5875522966233718,
1.2397522926330566,1.2397522926330566,,False,PERIODIC,True,True,1,TAKEOFF,-0.005352147854864597,0.028189145028591156,0.04075583815574646,-0.002394848270341754,0.006665658671408892,0.0023370827548205853,8.00770648833881,0.7848210013813457,0.1404232747231785,0.024124719571710005,1.2280928347982893,-0.08268947393166057,8.049318857582781,8.048701788060349,0.09966743656743204,1.2246702206723956,-0.14016082662566604,PREPARATION,False,TAKEOFF,0,False,inf,0.06183743476867676,0.0,True,True,TRACKING,0,0.06183743476867676,0.09411624359922545,0.0,3,0,0.06183743476867676,0.030905485153198242,inf,HOLD,,,0,,0.0,0.0,False,,0.0,0.0,0.0,False,0.0,0.014638088643550873,-0.27075583815574644,UNRECOVERABLE,-0.2419259774587322,0.9998252987861633,20.156354904174805,20.144390106201172,,,2.476699955877848e-05,0.005245524924248457,,20.025575072245257,0.0005853009988641134,0.0,0.3297888140487629,0.6325496186494207,,0.33543232357271924,0.6301751170828234,,0.3297888140487629,0.6325496186494207,
1.2897214889526367,1.2897214889526367,,False,PERIODIC,True,True,1,TAKEOFF,-0.005224525257994066,0.026656642161787297,0.03990072492056559,-0.0023983588572293055,0.005518546368333354,0.0020201712590647842,8.00911563981446,0.8537187982309331,0.13549963984929672,0.027391526240061935,1.2819360857730726,-0.10106762352481542,8.057469779281265,8.05690263634204,0.09559891492873113,1.2809200855586433,-0.15942570914904783,PREPARATION,False,TAKEOFF,0,False,inf,0.05989837646484375,0.0,True,True,TRACKING,0,0.05989837646484375,0.10281814008780261,0.0,3,0,0.05989837646484375,0.031027793884277344,inf,HOLD,,,0,,0.0,0.0,False,,0.0,0.0,0.0,False,0.0,0.014644819311797619,-0.2699007249205656,UNRECOVERABLE,-0.24110749296013012,0.9998252987861633,20.156354904174805,20.144390106201172,,,0.006464140955358744,0.005245524924248457,,19.974182772356787,0.001090301999283838,0.0,0.30521427869656714,0.6757142778290427,,0.35153943538362636,0.673924638711402,,0.30521427869656714,0.6757142778290427,
1.339766263961792,1.339766263961792,,False,PERIODIC,True,True,1,TAKEOFF,-0.004845915362238884,0.02525852806866169,0.039310306310653687,-0.002011439297348261,0.004626531153917313,0.0019328200723975897,8.010480383265925,0.9151855334541389,0.13045456942984765,0.030430662549095922,1.3280296178671087,-0.11619342394310711,8.065093491404435,8.064578460675712,0.09114426311919396,1.329060581546014,-0.17693528910038953,PREPARATION,False,TAKEOFF,0,False,inf,0.06184053421020508,0.0,True,True,TRACKING,0,0.06184053421020508,0.11140188781883532,0.0,3,0,0.06184053421020508,0.03153061866760254,inf,HOLD,,,0,,0.0,0.0,False,,0.0,0.0,0.0,False,0.0,0.014639847911894321,-0.26931030631065367,UNRECOVERABLE,-0.2400996071625856,1.0020108222961426,20.128864288330078,20.13547134399414,,,0.004068502224981785,0.003166083013638854,,20.013962497950054,0.0007294330007425742,0.0,0.30486432810673064,0.7166953003979665,,0.36019968960101667,0.7159868878327017,,0.30486432810673064,0.7166953003979665,
1.3896214962005615,1.3896214962005615,,False,PERIODIC,True,True,1,TAKEOFF,-0.004147956936989488,0.02373029439943298,0.03868265850573345,-0.001510833477657591,0.0037163611378907154,0.0017088127035079085,8.01224820312126,0.9894980247752123,0.12375724928415677,0.03423637813693851,1.3818716066210999,-0.13313963706809556,8.074809743271228,8.07436156634268,0.08507459077842332,1.3851981259722046,-0.19889874162208615,PREPARATION,False,TAKEOFF,0,False,inf,0.05982780456542969,0.0,True,True,TRACKING,0,0.05982780456542969,0.12046074926843041,0.0,3,0,0.05982780456542969,0.03306937217712402,inf,HOLD,,,0,,0.0,0.0,False,,0.0,0.0,0.0,False,0.0,0.014646709896624088,-0.2686826585057335,UNRECOVERABLE,-0.2396009764801998,1.0020108222961426,20.128864288330078,20.13547134399414,,,0.004688797984272242,0.003166083013638854,,19.986220373703144,0.000846369999635499,0.0,0.3060101607618459,0.755317627044993,,0.36999245952008697,0.7561717319858919,,0.3060101607618459,0.755317627044993,
1.4397802352905273,1.4397802352905273,,False,PERIODIC,True,True,1,TAKEOFF,-0.00321841798722744,0.022324683144688606,0.038175225257873535,-0.0007432446582242846,0.0028183707036077976,0.0016760685248300433,8.013934239694503,1.055174248441789,0.11730688764132123,0.037733317823695205,1.427670392071362,-0.14675769828754384,8.083797175900642,8.083409859774997,0.0791316623834477,1.4330793110593392,-0.2187566581448818,PREPARATION,False,TAKEOFF,0,False,inf,0.0618748664855957,0.0,True,True,TRACKING,0,0.0618748664855957,0.12961081993158832,0.0,3,0,0.0618748664855957,0.03662538528442383,inf,HOLD,,,0,,0.0,0.0,False,,0.0,0.0,0.0,False,0.0,0.014631198719143867,-0.2681752252578735,UNRECOVERABLE,-0.23886185314521993,0.9989478588104248,19.922794342041016,19.89791488647461,,,0.005766807124018669,0.003166083013638854,,20.011992363017335,0.0007421000009344425,0.0,0.31448125678404715,0.7920503207788702,,0.3840561168874681,0.7947743838761485,,0.31448125678404715,0.7920503207788702,
1.4896454811096191,1.4896454811096191,,False,PERIODIC,True,True,1,TAKEOFF,-0.001968723931000447,0.02077275206851986,0.037618991312367164,5.260033349693073e-05,0.0019088409337971932,0.00155166833247087,8.016120413517967,1.1350480878150868,0.10898751328647592,0.042127463866143085,1.481615320023728,-0.16188900030690687,8.095458999084551,8.095144405131403,0.07136852197410876,1.489299973332202,-0.24390166404611371,PREPARATION,False,TAKEOFF,0,False,inf,0.059845924377441406,0.0,True,True,TRACKING,0,0.059845924377441406,0.1396204775278573,0.0,3,0,0.059845924377441406,0.030454158782958984,inf,HOLD,,,0,,0.0,0.0,False,,0.0,0.0,0.0,False,0.0,0.014603154733777046,-0.26761899131236716,UNRECOVERABLE,-0.23842719737773804,0.9989478588104248,19.922794342041016,19.89791488647461,,,3.165900125168264e-05,0.003166083013638854,,19.98978484306901,0.0008240139995905338,0.0,0.31683619056318446,0.8246215437406282,,0.39225781232332085,0.8296575642560639,,0.31683619056318446,0.8246215437406282,
1.5397169589996338,1.5397169589996338,,False,PERIODIC,True,True,1,TAKEOFF,-0.0009472089004702866,0.019533632323145866,0.03723075985908508,0.0008356274920515716,0.001301345182582736,0.0015440747374668717,8.01820052713673,1.2058096496199198,0.10120509450732008,0.04616519002375695,1.527720084256631,-0.17384026067862796,8.106668484469912,8.106416051597897,0.063974334648235,1.5371299884346372,-0.2668220995154064,PREPARATION,False,TAKEOFF,0,False,inf,0.06181669235229492,0.0,True,True,TRACKING,0,0.06181669235229492,0.14969584959050627,0.0,3,0,0.06181669235229492,0.026781320571899414,inf,HOLD,,,0,,0.0,0.0,False,,0.0,0.0,0.0,False,0.0,0.014580381102859974,-0.26723075985908507,UNRECOVERABLE,-0.2377759708511994,0.9975050091743469,20.017650604248047,20.030057907104492,,,0.0048146010376513,0.003931742161512375,,20.0116757703658,0.0006232670002646046,0.0,0.32294556577244776,0.8549776592654453,,0.40170802052610366,0.86246561570845,,0.32294556577244776,0.8549776592654453,
1.5897164344787598,1.5897164344787598,,False,PERIODIC,True,True,1,TAKEOFF,0.00013090595545883605,0.01817466947088769,0.036877670150595517,0.0015966431303585749,0.0007968977503471883,0.00154977929130133,8.02085017109897,1.2906746088941072,0.09152579675674165,0.05115921258414075,1.5813733632835194,-0.18667398353619732,8.121217891659965,8.121034024437797,0.05464812660614613,1.5925158073253585,-0.2953405349134346,PREPARATION,False,TAKEOFF,0,False,inf,0.05994081497192383,0.0,True,True,TRACKING,0,0.05994081497192383,0.16035155499662024,0.0,0,0,0.05994081497192383,0.0315091609954834,inf,HOLD,,,0,,0.0,0.0,False,,0.0,0.0,0.0,False,0.0,0.014554142951965332,-0.26687767015059555,UNRECOVERABLE,-0.2374628479030641,0.9975050091743469,20.017650604248047,20.030057907104492,,,2.0960998881491832e-05,0.003931742161512375,,19.987202857185853,0.0009784849989955546,0.0,0.32526649508333755,0.8829783736198669,,0.40806733617997204,0.893024089792762,,0.32526649508333755,0.8829783736198669,
1.6396703720092773,1.6396703720092773,,False,PERIODIC,True,True,1,TAKEOFF,0.001158247236162424,0.016973497346043587,0.0364333838224411,0.002410748740658164,0.00016708855400793254,0.0013411100953817368,8.023352721192866,1.3656474128558416,0.0826957986908734,0.05572499889043614,1.6272056916379711,-0.1965131498451972,8.134904161659648,8.134772615651775,0.0462624148684323,1.6398912565688866,-0.3211947600931056,PREPARATION,False,TAKEOFF,0,False,inf,0.061834096908569336,0.0,True,True,TRACKING,0,0.061834096908569336,0.1710331942262054,0.0,0,0,0.061834096908569336,0.03838825225830078,inf,HOLD,,,0,,0.0,0.0,False,,0.0,0.0,0.0,False,0.0,0.014555301517248154,-0.2664333838224411,UNRECOVERABLE,-0.2370700159036394,0.9998242855072021,20.10149383544922,20.086332321166992,,,0.006176720838993788,0.003931742161512375,,20.030210786313404,0.0006127090000518365,0.0,0.3305506042060033,0.9059338380732047,,0.4150860146643507,0.9187275491343733,,0.3305506042060033,0.9059338380732047,
1.6896965503692627,1.6896965503692627,,False,PERIODIC,True,True,1,TAKEOFF,0.0024769265456765542,0.015466319023652092,0.035805396842559595,0.003105748990636985,-0.00039408472090633696,0.0010230974125260374,8.026549638070101,1.4561759853565845,0.07182250531929592,0.06139979225346009,1.681010739059929,-0.20685382423480997,8.1524649312094,8.152385370092368,0.03601710847673632,1.695208893165371,-0.353596700276157,PREPARATION,False,TAKEOFF,0,False,inf,0.059888601303100586,0.0,True,True,TRACKING,0,0.059888601303100586,0.18214342704930533,0.0,0,0,0.059888601303100586,0.03069329261779785,inf,HOLD,,,0,,0.0,0.0,False,,0.0,0.0,0.0,False,0.0,0.014545261859893799,-0.2658053968425596,UNRECOVERABLE,-0.23663491005200596,0.9998242855072021,20.10149383544922,20.086332321166992,,,0.004978449083864689,0.003931742161512375,,19.990421668341487,0.0009824010012380313,0.0,0.33230827283332903,0.9299286806763776,,0.41960972861383544,0.9450688804022388,,0.33230827283332903,0.9299286806763776,
1.7398717403411865,1.7398717403411865,,False,PERIODIC,True,True,1,TAKEOFF,0.0034846593625843525,0.014090058393776417,0.03518743813037872,0.0037748743779957294,-0.0010231658816337585,0.0008404128602705896,8.029620163735553,1.5377952793840088,0.06186947257874738,0.06668546370870986,1.7279992790772245,-0.21459942990526704,8.169531239060875,8.169487666618343,0.026682034448368655,1.7435282284128024,-0.3835839506839799,PREPARATION,False,TAKEOFF,0,False,inf,0.06215524673461914,0.0,True,True,TRACKING,0,0.06215524673461914,0.19351333817049832,0.0,0,0,0.06215524673461914,0.03723287582397461,inf,HOLD,,,0,,0.0,0.0,False,,0.0,0.0,0.0,False,0.0,0.014500660821795464,-0.2651874381303787,UNRECOVERABLE,-0.23585570653143637,0.9981987476348877,19.81237030029297,19.8085994720459,,,2.751800093392376e-05,0.003616376081481576,,19.995773606417977,0.0007363429995166371,0.0,0.3357911449987346,0.9503015085341896,,0.4236750376860518,0.9676578753899482,,0.3357911449987346,0.9503015085341896,
1.7896478176116943,1.7896478176116943,,False,PERIODIC,True,True,1,TAKEOFF,0.004420370718063569,0.012507254442199054,0.034554992201502016,0.004337227896233574,-0.001819087866590785,0.0004993689341124981,8.03335266785983,1.6317644241430602,0.050336549881488765,0.07294359311868202,1.7806440271513115,-0.22195653218241396,8.190604170101045,8.190588966229095,0.01578155767998675,1.7976006836029867,-0.41921099693027974,PREPARATION,False,TAKEOFF,0,False,inf,0.05981922149658203,0.0,True,True,TRACKING,0,0.05981922149658203,0.20538468366075427,0.0,0,0,0.05981922149658203,0.014380693435668945,inf,HOLD,,,0,,0.0,0.0,False,,0.0,0.0,0.0,False,0.0,0.01451119128614664,-0.264554992201502,UNRECOVERABLE,-0.23531364131817445,0.9981987476348877,19.81237030029297,19.8085994720459,,,0.007207933813333511,0.003616376081481576,,19.995271897270403,0.0006473800003732322,0.0,0.33691130592352386,0.8321655514772869,,0.426799940436597,0.9902059691418317,,0.33691130592352386,0.8321655514772869,
1.839689016342163,1.839689016342163,,False,PERIODIC,True,True,1,TAKEOFF,0.0052303834818303585,0.010964691638946533,0.03410327434539795,0.004755256697535515,-0.0027540226001292467,0.00036747645935975015,8.036935451306606,1.7168168650608813,0.0398899619404796,0.07878252060808201,1.826902940625236,-0.2270852242816794,8.210861795198104,8.210859756084652,0.005786687595081649,1.8452261026648034,-0.4523731312214398,PREPARATION,False,TAKEOFF,0,False,inf,0.06189537048339844,0.0,True,True,TRACKING,0,0.06189537048339844,0.2173122575332339,0.0,0,0,0.06189537048339844,0.024113178253173828,inf,HOLD,,,0,,0.0,0.0,False,,0.0,0.0,0.0,False,0.0,0.014518565498292446,-0.26410327434539793,UNRECOVERABLE,-0.23456349397975046,1.0001150369644165,20.17626190185547,20.1766357421875,,,3.18669990519993e-05,0.003616376081481576,,20.01561127630648,0.0008619519994681468,0.0,0.34070555558106336,0.8147777725722782,,0.430593169702781,1.0038293077017701,,0.34070555558106336,0.8147777725722782,
1.8897480964660645,1.8897480964660645,,False,PERIODIC,True,True,1,TAKEOFF,0.006089554707737803,0.008877029600910509,0.033604529090448636,0.0051451172614955425,-0.004110023082212759,0.0003143418140702337,8.041389928214734,1.8173155243857333,0.027610785197964983,0.0858659069869379,1.8801844656338398,-0.23159336790413515,8.236293936405323,8.23629175551117,-0.005993743892483652,1.9002270264171943,-0.4926531893451699,PREPARATION,False,TAKEOFF,0,False,inf,0.05990481376647949,0.0,True,True,TRACKING,0,0.05990481376647949,0.22975388480587208,0.0,0,0,0.05990481376647949,0.03014230728149414,inf,HOLD,,,0,,0.0,0.0,False,,0.0,0.0,0.0,False,0.0,0.014506863430142403,-0.2636045290904486,UNRECOVERABLE,-0.23415842282209157,1.0001150369644165,20.17626190185547,20.1766357421875,,,3.555999865056947e-05,0.003616376081481576,,19.982461762359186,0.0009478239990130533,0.0,0.3435168921140771,0.7974521013214663,,0.43512534865161534,1.0172702048625275,,0.3435168921140771,0.7974521013214663,
1.9397094249725342,1.9397094249725342,,False,PERIODIC,True,True,1,TAKEOFF,0.0067044529132544994,0.007081656716763973,0.03320424258708954,0.005444282200187445,-0.005133235361427069,0.00022407592041417956,8.04558239419337,1.9067149240475563,0.01681540859280962,0.09235436740818291,1.9262514440937293,-0.2340837466015941,8.260292591611364,8.260276333461848,-0.016388833994279917,1.9474856350278846,-0.5292091217695583,PREPARATION,False,TAKEOFF,0,False,inf,0.06194424629211426,0.0,True,True,TRACKING,0,0.06194424629211426,0.242008043329938,0.0,0,0,0.06194424629211426,0.025938987731933594,inf,HOLD,,,0,,0.0,0.0,False,,0.0,0.0,0.0,False,0.0,0.014476207084953785,-0.2632042425870895,UNRECOVERABLE,-0.23358243786133567,0.9992210865020752,19.925668716430664,19.939769744873047,,,0.004252297803759575,0.003616376081481576,,20.034682432597204,0.0007841560000088066,0.0,0.3411003879585368,0.7945647194077481,,0.43204115465391474,1.0346479673497366,,0.3411003879585368,0.7945647194077481,
1.989694595336914,1.989694595336914,,False,PERIODIC,True,True,1,TAKEOFF,0.007298836554339347,0.005284763700472185,0.03295869619137566,0.00565767132924095,-0.006192537931562025,0.00010699100101896374,8.05080411677914,2.012818213251616,0.004204611234579698,0.10025084972182942,1.979615933430258,-0.23552686508130016,8.290295202311716,8.290245336784128,-0.02875408495679596,2.0019756413260885,-0.5734672868012836,PREPARATION,False,TAKEOFF,0,False,inf,0.05991840362548828,0.0,True,True,TRACKING,0,0.05991840362548828,0.2549196339523046,0.0,0,0,0.05991840362548828,0.03352165222167969,inf,HOLD,,,0,,0.0,0.0,False,,0.0,0.0,0.0,False,0.0,0.01445435918867588,-0.2629586961913757,UNRECOVERABLE,-0.2332378640171553,0.9992210865020752,19.925668716430664,19.939769744873047,,,0.00467921607196331,0.003616376081481576,,20.022787630519584,0.0008834620002744487,0.0,0.337437956273816,0.7825088407372907,,0.4295888439118373,1.0443870974624079,,0.337437956273816,0.7825088407372907,
2.0396568775177,2.0396568775177,,False,PERIODIC,True,True,1,TAKEOFF,0.007832389324903488,0.003806050168350339,0.03266911208629608,0.005813188850879669,-0.007164946757256985,-2.5434474082430825e-05,8.055664395258878,2.106396028371608,-0.006656460423016798,0.10741408411810804,2.0254166861387817,-0.2353335395472339,8.318054526920898,8.31796156592323,-0.03932557250931288,2.048677803027735,-0.6131970303164807,PREPARATION,False,TAKEOFF,0,False,inf,0.06190776824951172,0.0,True,True,TRACKING,0,0.06190776824951172,0.2681588322474993,0.0,0,0,0.06190776824951172,0.03234362602233887,inf,HOLD,,,0,,0.0,0.0,False,,0.0,0.0,0.0,False,0.0,0.014431443065404892,-0.26266911208629606,UNRECOVERABLE,-0.2329536348912779,0.9788214564323425,19.911487579345703,19.919946670532227,,,3.510699752951041e-05,0.003998231142759323,,20.00140952958456,0.0009938080002029892,0.0,0.3431792897267452,0.7802164213307538,1.9777471638510422,0.4350220950748557,1.0550282922620928,1.9780939162608204,0.3431792897267452,0.7802164213307538,1.9777471638510422
2.089726686477661,2.089726686477661,,False,PERIODIC,True,True,1,TAKEOFF,0.008391618745598971,0.002202202004639037,0.03233726775970029,0.006055396371430633,-0.008075716977683929,-0.00014199707748913847,8.061755735488099,2.2184259121843954,-0.019323948076359967,0.11619785901810463,2.078997253303015,-0.2336560725727509,8.35290308884404,8.352743329613249,-0.05166121583606026,2.1029821132878377,-0.6613870076444534,PREPARATION,False,TAKEOFF,0,False,inf,0.05982065200805664,0.0,True,True,TRACKING,0,0.05982065200805664,0.28122387153547773,0.0,0,0,0.05982065200805664,0.029041767120361328,inf,HOLD,,,0,,0.0,0.0,False,,0.0,0.0,0.0,False,0.0,0.014419949613511562,-0.2623372677597003,UNRECOVERABLE,-0.2326691120862961,0.9788214564323425,19.911487579345703,19.919946670532227,,,3.875900074490346e-05,0.003998231142759323,,20.024679383608422,0.000979723999989801,0.0,0.34864955562092687,0.7704227596911842,2.0780723429761485,0.44226649304076415,1.0612070822280506,2.0786950349407833,0.34864955562092687,0.7704227596911842,2.0780723429761485
2.139741897583008,2.139741897583008,,False,PERIODIC,True,True,1,TAKEOFF,0.008742122910916805,0.0010595275089144707,0.032054245471954346,0.006109593436121941,-0.008480431511998177,-0.00028499739710241556,8.06735479452502,2.31621914263764,-0.029992146186110503,0.12407656457286058,2.124560518776147,-0.23080613377564,8.384810790312455,8.384581219990798,-0.062046391658064845,2.1487019095729827,-0.70404491482277,PREPARATION,False,TAKEOFF,0,False,inf,0.061795949935913086,0.0,True,True,TRACKING,0,0.06179618835449219,0.29479702556519943,0.0,0,0,0.06179618835449219,0.03840065002441406,inf,HOLD,,,0,,0.0,0.0,False,,0.0,0.0,0.0,False,0.0,0.014414562843739986,-0.26205424547195433,UNRECOVERABLE,-0.23229020535945893,0.9993319511413574,20.014223098754883,20.03641700744629,,,0.005346627905964851,0.003998231142759323,,20.040375590868592,0.0005330500007403316,0.0,0.34218614430003313,0.7693003900984892,2.1769986765216403,0.43486616884705304,1.0676070161252293,2.1782694298543572,0.34218614430003313,0.7693003900984892,2.1769986765216403
2.1896731853485107,2.1896731853485107,,False,PERIODIC,True,True,1,TAKEOFF,0.008922936535526962,0.0002149610823475206,0.03174324899575414,0.00588610329043989,-0.008694874992539984,-0.0002747599056041248,8.074381618512412,2.4337024239952236,-0.042347842661242786,0.1337623228983779,2.1781038277384153,-0.22603459074791374,8.42490204528773,8.424576249451984,-0.07409109165699693,2.202137233468649,-0.7560508538550035,PREPARATION,False,TAKEOFF,0,False,inf,0.05989670753479004,0.0,True,True,TRACKING,0,0.05989670753479004,0.30851712390715474,0.0,0,0,0.05989670753479004,0.03105449676513672,inf,HOLD,,,0,,0.0,0.0,False,,0.0,0.0,0.0,False,0.0,0.014405413530766964,-0.26174324899575413,UNRECOVERABLE,-0.23205424547195436,0.9993319511413574,20.014223098754883,20.03641700744629,,,0.00618823803961277,0.003998231142759323,,19.970608850674346,0.0012343540001893416,0.0,0.34703027586953594,0.7607874721900509,2.2728742022382797,0.44159006689847136,1.0709180105099856,2.275292380783797,0.34703027586953594,0.7607874721900509,2.2728742022382797
2.2396931648254395,2.2396931648254395,,False,PERIODIC,True,True,1,TAKEOFF,0.008985171094536781,-0.00020685336494352669,0.03140205144882202,0.005823323968797922,-0.008685351349413395,-0.000336242577759549,8.080833807900044,2.536371321760352,-0.05263381389269816,0.14245174214679204,2.2237341890063513,-0.22058215810841417,8.461443805916613,8.461026489381823,-0.08403586534152019,2.247414646237761,-0.8017614140703094,PREPARATION,False,TAKEOFF,0,False,inf,0.06187319755554199,0.0,True,True,TRACKING,0,0.06187319755554199,0.32244496016774765,0.0,0,0,0.06187319755554199,0.03619098663330078,inf,HOLD,,,0,,0.0,0.0,False,,0.0,0.0,0.0,False,0.0,0.014377675950527191,-0.261402051448822,UNRECOVERABLE,-0.23170818090438844,1.0008838176727295,20.042200088500977,20.039949417114258,,,0.005880244076251984,0.0030214940197765827,,20.017360886963587,0.0007618050003657117,0.0,0.34703027586953594,0.7593831518463248,2.3639583506396473,0.5210903130866774,1.0732330912675767,2.3681330005978842,0.34703027586953594,0.7593831518463248,2.3639583506396473
2.289750814437866,2.289750814437866,,False,PERIODIC,True,True,1,TAKEOFF,0.009041782179396203,-0.0003393202167245553,0.03085569679530795,0.005798729224193326,-0.008265984217612514,-0.0005932879948242014,8.08887762882425,2.6590946408361518,-0.06435002164094704,0.15307360045944302,2.2771288665078426,-0.2128360898703587,8.50678555217842,8.506252776747735,-0.09520571843625499,2.2999492425633576,-0.8567302123797379,PREPARATION,False,TAKEOFF,0,False,inf,0.05983734130859375,0.0,True,True,TRACKING,0,0.05983734130859375,0.3365990670899805,0.0,0,0,0.05983734130859375,0.030840396881103516,inf,HOLD,,,0,,0.0,0.0,False,,0.0,0.0,0.0,False,0.0,0.014384182170033455,-0.26085569679530796,UNRECOVERABLE,-0.23140205144882203,1.0008838176727295,20.042200088500977,20.039949417114258,,,0.005432472098618746,0.0030214940197765827,,19.998689034719,0.0008167500000126893,0.0,0.33096775412162593,0.751679864748094,2.4501631774983106,0.42624291850958895,1.0746348194994857,2.4567103074080254,0.33096775412162593,0.751679864748094,2.4501631774983106
2.3397631645202637,2.3397631645202637,,False,PERIODIC,True,True,1,TAKEOFF,0.009118655696511269,-0.0001505168474977836,0.030326098203659058,0.005757144186645746,-0.007794792763888836,-0.0006207198603078723,8.096265238729721,2.7665900838224298,-0.07399013247553346,0.16261642070344556,2.3227827554880256,-0.2049026620573055,8.547963224233257,8.547326681884876,-0.10431623067919252,2.344766012409992,-0.905239904182923,PREPARATION,False,TAKEOFF,0,False,inf,0.06181788444519043,0.0,True,True,TRACKING,0,0.06181788444519043,0.3507929071152215,0.0,0,0,0.06181788444519043,0.03397107124328613,inf,HOLD,,,0,,0.0,0.0,False,,0.0,0.0,0.0,False,0.0,0.014410815201699734,-0.26032609820365904,UNRECOVERABLE,-0.23077122569084169,0.9999022483825684,19.972610473632812,19.958948135375977,,,0.007009141147136688,0.0030214940197765827,,20.023879369933994,0.0005063720000180183,0.0,0.33883980490660515,0.7520047701416241,2.5297045575912174,0.43400032139105305,1.0762412498830565,2.5392324825013843,0.33883980490660515,0.7520047701416241,2.5297045575912174
2.389681100845337,2.389681100845337,,False,PERIODIC,True,True,1,TAKEOFF,0.009260440020274766,0.0004967959839326343,0.02973251201604542,0.005845614723424083,-0.007070252480390349,-0.0006876025472498861,8.105383834376447,2.8940101843236556,-0.08473543591926062,0.1741766686635845,2.3757966220740334,-0.19442312792637303,8.598414775773907,8.59765280440787,-0.11446794793530604,2.39664835538368,-0.9629522315342249,PREPARATION,False,TAKEOFF,0,False,inf,0.05985379219055176,0.0,True,True,TRACKING,0,0.05985379219055176,0.3649510640209531,0.0,0,0,0.05985379219055176,0.024810314178466797,inf,HOLD,,,0,,0.0,0.0,False,,0.0,0.0,0.0,False,0.0,0.014432276599109173,-0.2597325120160454,UNRECOVERABLE,-0.23032609820365907,0.9999022483825684,19.972610473632812,19.958948135375977,,,0.006920502986758947,0.0030214940197765827,,19.998668960017106,0.0008199589992727851,0.0,0.33109723314541295,0.7469179153442322,2.602983305897878,0.42802490857213205,1.0786126686025095,2.615995978051135,0.33109723314541295,0.7469179153442322,2.602983305897878
2.439682960510254,2.439682960510254,,False,PERIODIC,True,True,1,TAKEOFF,0.009439338929951191,0.001391627243719995,0.029144197702407837,0.005945587530732155,-0.006104632746428251,-0.0008449898450635374,8.11378139518573,3.006138645399614,-0.09347302189396563,0.1846027774740689,2.421376501631682,-0.1842128424814191,8.644298687022241,8.643428995943271,-0.12261721959637346,2.4409438376702886,-1.0138878874782746,PREPARATION,False,TAKEOFF,0,False,inf,0.06187772750854492,0.0,True,True,TRACKING,0,0.06187772750854492,0.3796726147151403,0.0,0,0,0.06187772750854492,0.021950483322143555,inf,HOLD,,,0,,0.0,0.0,False,,0.0,0.0,0.0,False,0.0,0.014441771432757378,-0.2591441977024078,UNRECOVERABLE,-0.22967239916324617,0.9990434050559998,19.997583389282227,19.995899200439453,,,0.006228887941688299,0.0033562739845365286,,19.973451866407178,0.0008475370013911743,0.0,0.3430651337218338,0.7417697423553111,2.6702687500767555,0.43989041300877635,1.0731084867928584,2.687054966801511,0.3430651337218338,0.7417697423553111,2.6702687500767555
2.489733934402466,2.489733934402466,,False,PERIODIC,True,True,1,TAKEOFF,0.009751303690554193,0.002688087969143896,0.028423310241791355,0.0059360782376509475,-0.00493207829239761,-0.0009656605497048443,8.124129286734949,3.139027500785019,-0.10305583224116925,0.19722366913080208,2.4743319230564307,-0.17120595819655632,8.700404687657114,8.699411184907737,-0.1314791424829606,2.4924531469531774,-1.0747059018754075,PREPARATION,False,TAKEOFF,0,False,inf,0.05983114242553711,0.0,True,True,TRACKING,0,0.05983114242553711,0.393821192780753,0.0,0,0,0.05983114242553711,0.030210256576538086,inf,HOLD,,,0,,0.0,0.0,False,,0.0,0.0,0.0,False,0.0,0.01448441855609417,-0.2584233102417914,UNRECOVERABLE,-0.22914419770240785,0.9990434050559998,19.997583389282227,19.995899200439453,,,0.007074384950101376,0.0033562739845365286,,19.979871649296758,0.000683190000927425,0.0,0.34030582690101296,0.7307443712355358,2.7290912658418036,0.4390776184947346,1.068329231059278,2.7499622786896567,0.34030582690101296,0.7307443712355358,2.7290912658418036
2.5396575927734375,2.5396575927734375,,False,PERIODIC,True,True,1,TAKEOFF,0.01011362299323082,0.00391964940354228,0.027897179126739502,0.0059165554121136665,-0.003654469270259142,-0.0010861974442377687,8.133633961786503,3.2558465884480463,-0.11067816277729214,0.20858790729704244,2.519846617939866,-0.1589598444952068,8.75133216356545,8.750234940369962,-0.13857534190403165,2.536544401830712,-1.128345173671172,PREPARATION,False,TAKEOFF,0,False,inf,0.06181216239929199,0.0,True,True,TRACKING,0,0.06181216239929199,0.408648442830254,0.0,0,0,0.06181216239929199,0.01894354820251465,inf,HOLD,,,0,,0.0,0.0,False,,0.0,0.0,0.0,False,0.0,0.01454484835267067,-0.2578971791267395,UNRECOVERABLE,-0.22832379937171937,1.000325083732605,19.801834106445312,19.798816680908203,,,0.0055534797720611095,0.0033562739845365286,,20.01683798276767,0.0005416289986897027,0.0,0.3380951651582705,0.7354411403714357,2.7816574107066274,0.4364988371589985,1.0718726995574261,2.806599110386709,0.3380951651582705,0.7354411403714357,2.7816574107066274
2.589784622192383,2.589784622192383,,False,PERIODIC,True,True,1,TAKEOFF,0.01066711053240285,0.005239984569071152,0.027355387460467635,0.006024129244730037,-0.0024944395776152557,-0.001307997762839998,8.145295588479783,3.393876764175468,-0.1188378593684421,0.22229668973884997,2.5725969537399447,-0.14377346281468392,8.813422273087346,8.812209694414546,-0.14619324682890975,2.588081512065123,-1.1920651818552244,PREPARATION,False,TAKEOFF,0,False,inf,0.05985450744628906,0.0,True,True,TRACKING,0,0.05985450744628906,0.4235639410545101,0.0,0,0,0.05985450744628906,0.01778888702392578,inf,HOLD,,,0,,0.0,0.0,False,,0.0,0.0,0.0,False,0.0,0.014596576802432537,-0.25735538746046766,UNRECOVERABLE,-0.2278971791267395,1.000325083732605,19.801834106445312,19.798816680908203,,,0.005792061798274517,0.0033562739845365286,,19.981083959049844,0.0010087890004797373,0.0,0.35196519101033125,0.7348966547115601,2.828266766976896,0.4527354096309973,1.077528911444304,2.857170123053707,0.35196519101033125,0.7348966547115601,2.828266766976896
2.6397507190704346,2.6397507190704346,,False,PERIODIC,True,True,1,TAKEOFF,0.011251273564994335,0.006398777477443218,0.02685229480266571,0.0062636444345116615,-0.0015112326946109533,-0.001586280413903296,8.15647281447454,3.520683199112616,-0.12542928722873783,0.23519000492335537,2.620010100805772,-0.12917824511664208,8.872317545425801,8.871010593311482,-0.15228158203140355,2.6345893588908686,-1.2507281615501826,PREPARATION,False,TAKEOFF,0,False,inf,0.06188225746154785,0.0,True,True,TRACKING,0,0.06188225746154785,0.4380352099940364,0.0,0,0,0.06188225746154785,0.020114660263061523,inf,HOLD,,,0,,0.0,0.0,False,,0.0,0.0,0.0,False,0.0,0.014667876996099949,-0.2568522948026657,UNRECOVERABLE,-0.22729913592338563,0.999643862247467,19.85011100769043,19.8746395111084,,,0.007064272183924913,0.0023186958860605955,,20.021736252101935,0.0006374039985530544,0.0,0.3436253109465404,0.7276828255035963,2.8663902010716584,0.44411921481147243,1.0684610626226307,2.899152852504373,0.3436253109465404,0.7276828255035963,2.8663902010716584
2.689732551574707,2.689732551574707,,False,PERIODIC,True,True,1,TAKEOFF,0.011919360632556792,0.007838861203110786,0.026202493884371306,0.006540245365934969,-0.0001017080924223166,-0.001749296152475845,8.169091299199678,3.6585280580195727,-0.13169318950943934,0.2495043746324686,2.670554468249101,-0.11280137499603093,8.93822782736789,8.936833088242127,-0.15789568339381066,2.683983707952946,-1.3144854550047536,PREPARATION,False,TAKEOFF,0,False,inf,0.059921979904174805,0.0,True,True,TRACKING,0,0.059921979904174805,0.45287423799150694,0.0,0,0,0.059921979904174805,0.028032541275024414,inf,HOLD,,,0,,0.0,0.0,False,,0.0,0.0,0.0,False,0.0,0.014701347798109055,-0.25620249388437133,UNRECOVERABLE,-0.22685229480266572,0.999643862247467,19.85011100769043,19.8746395111084,,,0.00682816794142127,0.0023186958860605955,,19.99686741963353,0.00101949700001569,0.0,0.3519214093532565,0.726799547448458,2.902673457996344,0.4548007990070745,1.0739036609208916,2.9385786164430314,0.3519214093532565,0.726799547448458,2.902673457996344
2.740536689758301,2.740536689758301,,False,PERIODIC,True,True,1,TAKEOFF,0.012351407669484615,0.009067755192518234,0.025548145174980164,0.006393837742507458,0.0009143706993199885,-0.0018445237074047327,8.181100936739934,3.784519814250124,-0.13652015191947148,0.26289028016387495,2.7158098461544777,-0.09743047709026577,9.000487389683634,8.999028120798991,-0.16206829709445164,2.728659843605614,-1.3733372231630372,PREPARATION,False,TAKEOFF,0,False,inf,0.06175541877746582,0.0,True,True,TRACKING,0,0.06175541877746582,0.46760583951176676,0.0,0,0,0.06175541877746582,0.018558025360107422,inf,HOLD,,,0,,0.0,0.0,False,,0.0,0.0,0.0,False,0.0,0.014757758937776089,-0.25554814517498015,UNRECOVERABLE,-0.22610068023204805,0.9992348551750183,19.854171752929688,19.837787628173828,,,0.007407596800476313,0.0023186958860605955,,19.988716872870178,0.0010255329998472007,0.0,0.3525984888095102,0.7073570798890255,2.9382788251722634,0.4553775009611298,1.0522065256577995,2.9767302462540592,0.3525984888095102,0.7073570798890255,2.9382788251722634
2.7899112701416016,2.7899112701416016,,False,PERIODIC,True,True,1,TAKEOFF,0.01262892480570286,0.010304952785825007,0.024822238035459212,0.006152910953198872,0.0019359511162050443,-0.0020908012011351777,8.195713693701059,3.9327248808400332,-0.14130204880011735,0.2789404522328128,2.768120361357851,-0.07906788646004072,9.07611435062387,9.074593898733095,-0.16612428683557656,2.7806680322894093,-1.442816571838974,PREPARATION,False,TAKEOFF,0,False,inf,0.059862375259399414,0.0,True,True,TRACKING,0,0.059862375259399414,0.4825527323564682,0.0,0,0,0.059862375259399414,0.01653289794921875,inf,HOLD,,,0,,0.0,0.0,False,,0.0,0.0,0.0,False,0.0,0.01478244923055172,-0.2548222380354592,UNRECOVERABLE,-0.22554814517498017,0.9992348551750183,19.854171752929688,19.837787628173828,,,0.00497808214277029,0.0023186958860605955,,19.995452509663167,0.000869171999511309,0.0,0.35202577000307506,0.7048210515569127,2.5251079736912194,0.4572669391080151,1.056314343334478,3.000769090882266,0.35202577000307506,0.7048210515569127,2.5251079736912194
2.839792251586914,2.839792251586914,,False,PERIODIC,True,True,1,TAKEOFF,0.012794457376003265,0.0113957729190588,0.02406686544418335,0.005869152490049601,0.002782277762889862,-0.0023482029791921377,8.209354001846709,4.065579383900299,-0.144615193035691,0.29366257567332144,2.814012839815517,-0.06241359357937582,9.145952479346025,9.144396815405743,-0.16868205847987436,2.8265615469319307,-1.5051786881475542,PREPARATION,False,TAKEOFF,0,False,inf,0.06192493438720703,0.0,True,True,TRACKING,0,0.06192493438720703,0.49758209736459286,0.0,0,0,0.06192493438720703,0.019969701766967773,inf,HOLD,,,0,,0.0,0.0,False,,0.0,0.0,0.0,False,0.0,0.014807050116360188,-0.25406686544418333,UNRECOVERABLE,-0.22474404871463777,0.9999147653579712,19.936725616455078,19.92454719543457,,,0.007424230221658945,0.002440042095258832,,20.014309322055183,0.0010003930001403205,0.0,0.33959652893118036,0.7152572758124025,2.44762281005244,0.44486794587677314,1.0648174796604508,3.0191833993400192,0.33959652893118036,0.7152572758124025,2.44762281005244
2.8896713256835938,2.8896713256835938,,False,PERIODIC,True,True,1,TAKEOFF,0.012844544856102907,0.012651904891065418,0.02323659507019473,0.00565218010961001,0.0037661010425285393,-0.002612177311714974,8.22547758708997,4.217244476148984,-0.14744209829427665,0.3108091933657013,2.865456591871284,-0.04332743913688921,9.227950552156063,9.22637199427103,-0.1706786933644714,2.878202737922503,-1.576225868852782,PREPARATION,False,TAKEOFF,0,False,inf,0.05995059013366699,0.0,True,True,TRACKING,0,0.05995059013366699,0.5114860149232381,0.0,0,0,0.05995059013366699,0.027089357376098633,inf,HOLD,,,0,,0.0,0.0,False,,0.0,0.0,0.0,False,0.0,0.014833064749836922,-0.25323659507019475,UNRECOVERABLE,-0.22406686544418336,0.9999147653579712,19.936725616455078,19.92454719543457,,,0.005763026885688305,0.002440042095258832,,19.99114378702945,0.0011139859998365864,0.0,0.33405821318291734,0.7031275591989145,2.366631105099985,0.4419665735513202,1.0591522575493313,3.0354645208572797,0.33405821318291734,0.7031275591989145,2.366631105099985
2.9398064613342285,2.9398064613342285,,False,PERIODIC,True,True,1,TAKEOFF,0.012744217179715633,0.013621170073747635,0.022536009550094604,0.005271215457469225,0.0044732303358614445,-0.002820822177454829,8.240709676875843,4.3551484371897144,-0.14905996539822683,0.32674980064243236,2.911299462184565,-0.02600525969813372,9.3047149228594,9.303132516365869,-0.17159597494832143,2.9246409593383267,-1.6410130266237792,PREPARATION,False,TAKEOFF,0,False,inf,0.061842918395996094,0.0,True,True,TRACKING,0,0.061842918395996094,0.5258394479178536,0.0,0,0,0.061842918395996094,0.020265579223632812,inf,HOLD,,,0,,0.0,0.0,False,,0.0,0.0,0.0,False,0.0,0.01484410185366869,-0.2525360095500946,UNRECOVERABLE,-0.22311220765113832,1.0000649690628052,19.85490608215332,19.858837127685547,,,0.004917661193758249,0.002440042095258832,,20.004848852413996,0.0011190499990334501,0.0,0.35250180543855913,0.7187900082652393,2.320797822190166,0.4604738782364974,1.0723634596472866,3.0542620352422705,0.35250180543855913,0.7187900082652393,2.320797822190166
2.9897215366363525,2.9897215366363525,,False,PERIODIC,True,True,1,TAKEOFF,0.012473232500499708,0.014507404819300167,0.021781205385651103,0.004758085368262627,0.005329854630547833,-0.00283144281005478,8.258498822548347,4.510822778432441,-0.14994114700980632,0.34510602067922697,2.9621303284747458,-0.006599669200292643,9.393789359839086,9.39221965089796,-0.1717223523954574,2.976326588048737,-1.714097653592944,PREPARATION,False,TAKEOFF,0,False,inf,0.059871673583984375,0.0,True,True,TRACKING,0,0.059871673583984375,0.5403918121076017,0.0,0,0,0.059871673583984375,0.02989363670349121,inf,HOLD,,,0,,0.0,0.0,False,,0.0,0.0,0.0,False,0.0,0.014850055798888206,-0.25178120538565113,UNRECOVERABLE,-0.22253600955009462,1.0000649690628052,19.85490608215332,19.858837127685547,,,0.007656712085008621,0.002440042095258832,,19.991329339839254,0.0009024060000228928,0.0,0.33050728528924406,0.7128636984645603,2.2595908300187357,0.44112828149715727,1.0726071525843925,3.0634897828487357,0.33050728528924406,0.7128636984645603,2.2595908300187357
3.039581537246704,3.039581537246704,,False,PERIODIC,True,True,1,TAKEOFF,0.012085944414138794,0.015190409496426582,0.021062374114990234,0.004100038670003414,0.005784705281257629,-0.003006543731316924,8.275287474120796,4.652395844278077,-0.14981613355538007,0.3621690792235381,3.007453794751996,0.010796431522876085,9.476991781641397,9.475451111420233,-0.1708785076703703,3.0229821836413273,-1.7807121305761706,PREPARATION,False,TAKEOFF,0,False,inf,0.06196188926696777,0.0,True,True,TRACKING,0,0.06196188926696777,0.5550029639069288,0.0,0,0,0.06196188926696777,0.027016162872314453,inf,HOLD,,,0,,0.0,0.0,False,,0.0,0.0,0.0,False,0.0,0.014831587672233582,-0.2510623741149902,UNRECOVERABLE,-0.2216944068670273,1.0006428956985474,19.843177795410156,19.874027252197266,,,0.007103230804204941,0.0035675340332090855,,20.006139531240663,0.0008414860003540525,0.0,0.33150756959415884,0.7153248682450076,2.2256052115103175,0.44180304292694916,1.072479215370454,3.0727224856664805,0.33150756959415884,0.7153248682450076,2.2256052115103175
3.0897421836853027,3.0897421836853027,,False,PERIODIC,True,True,1,TAKEOFF,0.011706167872405424,0.015702527666536986,0.020071223162302428,0.007250462590624809,0.005935196019606946,-0.00985117201408449,8.295148278839122,4.814443492491038,-0.14875130470834103,0.38208763446832106,3.0584268514449873,0.030339122773094886,9.574540673010802,9.573052180638184,-0.16882252787064345,3.0756826025547452,-1.8534856495857142,PREPARATION,False,TAKEOFF,0,False,inf,0.059953927993774414,0.0,True,True,TRACKING,0,0.059953927993774414,0.5688563003448802,0.0,0,0,0.059953927993774414,0.020322084426879883,inf,HOLD,,,0,,0.0,0.0,False,,0.0,0.0,0.0,False,0.0,0.014814263209700584,-0.25007122316230246,UNRECOVERABLE,-0.22106237411499025,1.0006428956985474,19.843177795410156,19.874027252197266,,,1.505599902884569e-05,0.0035675340332090855,,19.962389682011654,0.0011636510007519973,0.0,0.33458511592076023,0.726871435927325,2.174785561083312,0.44751878292259584,1.090713046523339,3.076612620865912,0.33458511592076023,0.726871435927325,2.174785561083312
3.1397545337677,3.1397545337677,,False,PERIODIC,True,True,1,TAKEOFF,0.011582726612687111,0.01583167351782322,0.018443480134010315,0.008201975375413895,0.005938828457146883,-0.04152867943048477,8.313517053714433,4.958960778057114,-0.1469152490349706,0.4002452037629675,3.1030036991551415,0.04730539750189523,9.663538814790682,9.662123933983342,-0.16535872916898092,3.123043419400465,-1.9195058354805443,PREPARATION,False,TAKEOFF,0,False,inf,0.061841726303100586,0.0,True,True,TRACKING,0,0.061841726303100586,0.5828362667026575,0.0,0,0,0.061841726303100586,0.027644634246826172,inf,HOLD,,,0,,0.0,0.0,False,,0.0,0.0,0.0,False,0.0,0.014813769608736038,-0.24844348013401032,UNRECOVERABLE,-0.21991230249404908,0.9983121156692505,19.75442123413086,19.748306274414062,,,4.101200102013536e-05,0.0035675340332090855,,20.027411987781264,0.000626876999376691,0.0,0.35296986262665697,0.7235042132777015,2.150875438497132,0.4654839427244513,1.0849893391345726,3.080438278482632,0.35296986262665697,0.7235042132777015,2.150875438497132
3.189682722091675,3.189682722091675,,False,PERIODIC,True,True,1,TAKEOFF,0.01168223040699561,0.015494128131208698,0.014265407452621502,0.011686944016799443,0.00548161043528292,-0.10544191888466457,8.335657291407273,5.127672766764895,-0.14389597945479718,0.421858856609771,3.154152851263984,0.0665310982949926,9.769746479503223,9.768466166674129,-0.15816138690741868,3.1799286626180474,-1.9942821626497633,PREPARATION,False,TAKEOFF,0,False,inf,0.05983400344848633,0.0,True,True,TRACKING,0,0.05983400344848633,0.5974158738258905,0.0,0,0,0.05983400344848633,0.021076440811157227,inf,HOLD,,,0,,0.0,0.0,False,,0.0,0.0,0.0,False,0.0,0.014840544201433659,-0.2442654074526215,UNRECOVERABLE,-0.21844348013401033,0.9983121156692505,19.75442123413086,19.748306274414062,,,2.230600148322992e-05,0.0035675340332090855,,19.99384216431466,0.000798572998974123,0.0,0.3344811788103498,0.7300649970488698,2.106521134484561,0.44865177210889495,1.0985007436124554,3.081105943299506,0.3344811788103498,0.7300649970488698,2.106521134484561
3.239741563796997,3.239741563796997,,False,PERIODIC,True,True,1,TAKEOFF,0.01205779891461134,0.014866665937006474,0.0074443519115448,0.01728728786110878,0.005011178087443113,-0.17973709106445312,8.355879650001818,5.2763427682912765,-0.1403994508454556,0.44132964681569264,3.1983522370004187,0.0828056070238307,9.865310519610576,9.864202646860283,-0.1478438027570004,3.232053172373049,-2.0578172595117694,PREPARATION,False,TAKEOFF,0,False,inf,0.06182742118835449,0.0,True,True,TRACKING,0,0.06182742118835449,0.6123981601307581,0.0,0,0,0.06182742118835449,0.03043818473815918,inf,HOLD,,,0,,0.0,0.0,False,,0.0,0.0,0.0,False,0.0,0.014831975102424622,-0.2374443519115448,UNRECOVERABLE,-0.21367716491222383,0.998774528503418,19.9085693359375,19.921255111694336,,,0.0052024018950760365,0.004501385148614645,,20.00668699006868,0.0006114179996075109,0.0,0.3346185492443359,0.7303421878136065,2.0886646708981838,0.4473524216709227,1.0964908581901511,3.0807779265235533,0.3346185492443359,0.7303421878136065,2.0886646708981838
3.2896859645843506,3.2896859645843506,,False,PERIODIC,True,True,1,TAKEOFF,0.01303180151268095,0.013788255053339827,-0.006391649326870121,0.02668641510132945,0.004059106308899722,-0.27091446102021327,8.380267168661533,5.450123265414245,-0.13550468846736347,0.4645350324865404,3.249139034453225,0.10105092099190248,9.979029823135031,9.978194527776168,-0.12911303914049335,3.2955444765936237,-2.13015682460687,PREPARATION,False,TAKEOFF,0,False,inf,0.059858083724975586,0.0,True,True,TRACKING,0,0.059858083724975586,0.6269170797647984,0.0,0,0,0.059858083724975586,0.02319645881652832,inf,HOLD,,,0,,0.0,0.0,False,,0.0,0.0,0.0,False,0.0,0.014818993397057056,-0.2236083506731299,UNRECOVERABLE,-0.2074443519115448,0.998774528503418,19.9085693359375,19.921255111694336,,,0.007182905916124582,0.004501385148614645,,19.97895500034346,0.0007760939988656901,0.0,0.3384895862110096,0.7336563351356263,2.0509065362810834,0.45369941147739334,1.1072245351645786,3.0795602396974657,0.3384895862110096,0.7336563351356263,2.0509065362810834
3.3397421836853027,3.3397421836853027,,False,PERIODIC,True,True,1,TAKEOFF,0.014091565273702145,0.012863771058619022,-0.020738065242767334,0.03480883315205574,0.003324295626953244,-0.33147507905960083,8.402751310656491,5.604786303868111,-0.1303753387625091,0.4856512223473719,3.2934650195590467,0.11642193639773274,10.082223478404602,10.081627345659438,-0.10963727351974176,3.3509545773745315,-2.195058390823785,PREPARATION,False,TAKEOFF,0,False,inf,0.061872243881225586,0.0,True,True,TRACKING,0,0.061872243881225586,0.6410710158339991,0.0,0,0,0.061872243881225586,0.029552459716796875,inf,HOLD,,,0,,0.0,0.0,False,,0.0,0.0,0.0,False,0.0,0.014791027642786503,-0.20926193475723268,UNRECOVERABLE,-0.19201899766921998,0.9980341196060181,19.964887619018555,19.96116828918457,,,3.8074002077337354e-05,0.004501385148614645,,20.00372403859887,0.0008480400010739686,0.0,0.35986875910242966,0.7273165575732546,2.043674587682134,0.47311264551131677,1.0993573555887217,3.0810847114249555,0.35986875910242966,0.7273165575732546,2.043674587682134
3.3897509574890137,3.3897509574890137,,False,PERIODIC,True,True,1,TAKEOFF,0.015532443155133498,0.011735387385053626,-0.03990146725694375,0.043617776994368,0.002351792919899549,-0.38834193925369037,8.429334189387994,5.782126642449331,-0.12377625744598869,0.51033990688812,3.3434280523258297,0.13309603092946504,10.202769724043694,10.202424959853094,-0.08387479018904495,3.413578426585101,-2.2702158166281388,PREPARATION,False,TAKEOFF,0,False,inf,0.05993843078613281,0.0,True,True,TRACKING,0,0.05993843078613281,0.6542943287035398,0.0,0,0,0.05993843078613281,0.027326345443725586,inf,HOLD,,,0,,0.0,0.0,False,,0.0,0.0,0.0,False,0.0,0.014752304181456566,-0.19009853274305627,UNRECOVERABLE,-0.17926193475723268,0.9980341196060181,19.964887619018555,19.96116828918457,,,0.005276872776448727,0.004501385148614645,,20.02253106387897,0.0008998880002764054,0.0,0.34793352215187334,0.7174760056521242,2.0145135636165024,0.460962752177539,1.0977943543504258,3.0810268744711946,0.34793352215187334,0.7174760056521242,2.0145135636165024
3.4397237300872803,3.4397237300872803,,False,PERIODIC,True,True,1,TAKEOFF,0.01699483022093773,0.010762437246739864,-0.05898544192314148,0.050819281488657,0.001612838008441031,-0.43138769268989563,8.453723062003675,5.939327206755947,-0.11725922221831434,0.5327143984363369,3.3868613975241706,0.146856041691946,10.311627384496374,10.31146272277729,-0.058273780295172856,3.467923950981797,-2.3373213690585843,PREPARATION,False,TAKEOFF,0,False,inf,0.061827659606933594,0.0,True,True,TRACKING,0,0.061827898025512695,0.66712304995766,0.0,0,0,0.061827898025512695,0.02488255500793457,inf,HOLD,,,0,,0.0,0.0,False,,0.0,0.0,0.0,False,0.0,0.01467190869152546,-0.17101455807685853,UNRECOVERABLE,-0.15812162756919862,0.9984394311904907,20.026695251464844,20.02495002746582,,,0.005654150154441595,0.004501385148614645,,20.01439477331798,0.0007294440001714975,0.0,0.37429157941222896,0.7401836405731955,2.0062388161442404,0.4855261662780163,1.1193673976571121,3.0755543780982664,0.37429157941222896,0.7401836405731955,2.0062388161442404
3.4897518157958984,3.4897518157958984,,False,PERIODIC,True,True,1,TAKEOFF,0.01912004982473789,0.009500362985243012,-0.085576947483185,0.058642023602738326,0.0005427249608119281,-0.47830683254429196,8.4832194896086,6.12383074091005,-0.10898746374842908,0.5594928547291353,3.436973234164469,0.16188908259515697,10.441578585119945,10.441552341340996,-0.02341051626524407,3.5312543110610064,-2.416850591181903,PREPARATION,False,TAKEOFF,0,False,inf,0.05983400344848633,0.0,True,True,TRACKING,0,0.05983424186706543,0.6786908212529241,0.0,0,0,0.05983424186706543,0.022415876388549805,inf,HOLD,,,0,,0.0,0.0,False,,0.0,0.0,0.0,False,0.0,0.014605259522795677,-0.144423052516815,UNRECOVERABLE,-0.14101455807685853,0.9984394311904907,20.026695251464844,20.02495002746582,,,0.006814544089138508,0.004501385148614645,,19.98301794770529,0.0006861290003143949,0.0,0.3717614967207338,0.7143029756322717,1.98006261159552,0.48276188448198654,1.1026375323033337,3.070975612126093,0.3717614967207338,0.7143029756322717,1.98006261159552
3.539774179458618,3.539774179458618,,False,PERIODIC,True,True,1,TAKEOFF,0.021187428385019302,0.008532862178981304,-0.10980746150016785,0.0642116367816925,-0.00012192630674690008,-0.5132247805595398,8.510223571623598,6.287087945794765,-0.10109647855328555,0.583725659534646,3.480449260228153,0.17400702527464557,10.558601444340649,10.558597851003158,0.0087109829468823,3.5856042948607745,-2.4879353422129293,PREPARATION,False,TAKEOFF,0,False,inf,0.06185626983642578,0.0,True,True,TRACKING,0,0.06185626983642578,0.6904029513068858,0.0,0,0,0.06185626983642578,0.030820369720458984,inf,HOLD,,,0,,0.0,0.0,False,,0.0,0.0,0.0,False,0.0,0.014458848163485527,-0.12019253849983216,UNRECOVERABLE,-0.11076725721359254,1.0018895864486694,20.02869987487793,20.042612075805664,,,0.005873102229088545,0.0028912110719829798,,20.01731563455913,0.0006625579990213737,0.0,0.3671465726412958,0.7193899197029525,1.9865957094542155,0.47399998564334983,1.1055345813137054,3.0762404864842376,0.3671465726412958,0.7193899197029525,1.9865957094542155
3.589742422103882,3.589742422103882,,False,PERIODIC,True,True,1,TAKEOFF,0.02378809369133686,0.0076969398010441155,-0.13754363160832025,0.06916790964979558,-0.000694505560133195,-0.5470690780543294,8.542173504090805,6.474565860669314,-0.09152651134309574,0.6121136379459905,3.529511460820272,0.18667311905232295,10.69511108942567,10.695012091615345,0.04601712026522452,3.646302488927351,-2.5701617020988086,PREPARATION,False,TAKEOFF,0,False,inf,0.05986666679382324,0.0,True,True,TRACKING,0,0.05986666679382324,0.7013180131277135,0.0,0,0,0.05986666679382324,0.029607534408569336,inf,HOLD,,,0,,0.0,0.0,False,,0.0,0.0,0.0,False,0.0,0.014385540038347244,-0.09245636839167976,UNRECOVERABLE,-0.09019253849983216,1.0018895864486694,20.02869987487793,20.042612075805664,,,0.005787362810224295,0.0028912110719829798,,19.99053198865364,0.0007437879994540708,0.0,0.38616034118214804,0.7166716073476004,1.97453958945861,0.4940431473068891,1.1127727372533545,3.0839306931512915,0.38616034118214804,0.7166716073476004,1.97453958945861
3.6397876739501953,3.6397876739501953,,False,PERIODIC,True,True,1,TAKEOFF,0.02630758471786976,0.007055915426462889,-0.16314733028411865,0.07242730259895325,-0.0009432628285139799,-0.5744447708129883,8.571346812937293,6.640144046568217,-0.08263265050289378,0.637756549840218,3.5719946040023194,0.19658141777564558,10.817672401259092,10.817372766402311,0.08051467978122487,3.6986434731546587,-2.643124160024306,PREPARATION,False,TAKEOFF,0,False,inf,0.06188654899597168,0.0,True,True,TRACKING,0,0.06188631057739258,0.7121175807666416,0.0,0,0,0.06188631057739258,0.03258824348449707,inf,HOLD,,,0,,0.0,0.0,False,,0.0,0.0,0.0,False,0.0,0.014329866506159306,-0.06685266971588136,UNRECOVERABLE,-0.059732091426849376,1.0018895864486694,20.072956085205078,20.056819915771484,,,1.751300078467466e-05,0.0028912110719829798,,20.009731206676157,0.0008062850010901457,0.0,0.3829528005217661,0.739491912081086,1.971737699135263,0.4866398129390657,1.1330737713718955,3.078491752807596,0.3829528005217661,0.739491912081086,1.971737699135263
3.6897568702697754,3.6897568702697754,,False,PERIODIC,True,True,1,TAKEOFF,0.0296799852159124,0.006347600575964932,-0.19677791277004641,0.0753702249939398,-0.0012089368161567902,-0.6061830961925085,8.606581178194375,6.834400091157084,-0.07181775073733443,0.6684450576652946,3.620972837833602,0.2068578973851218,10.963628502021658,10.962916349596325,0.12496016203271199,3.759384819753191,-2.729095504866721,PREPARATION,False,TAKEOFF,0,False,inf,0.0598902702331543,0.0,True,True,TRACKING,0,0.0598902702331543,0.7224367380225949,0.0,0,0,0.0598902702331543,0.020212411880493164,inf,HOLD,,,0,,0.0,0.0,False,,0.0,0.0,0.0,False,0.0,0.014315545558929443,-0.033222087229953595,UNRECOVERABLE,-0.03685266971588136,1.0018895864486694,20.072956085205078,20.056819915771484,,,0.005845685955137014,0.0028912110719829798,,19.994805330357305,0.0008591510013502557,0.0,0.40547431148565705,0.714846051628569,1.960194429224855,0.5112096768146153,1.116423113663341,3.086808294360225,0.40547431148565705,0.714846051628569,1.960194429224855
3.739748239517212,3.739748239517212,,False,PERIODIC,True,True,1,TAKEOFF,0.03274093568325043,0.0059888241812586784,-0.2267816662788391,0.07674253731966019,-0.001224944950081408,-0.6318021416664124,8.638652697737825,7.0054473792554495,-0.061975485457358995,0.6960962046400574,3.6632299647661912,0.21451745190776345,11.094201115795022,11.09297693680423,0.16480618082148013,3.8115725895008845,-2.8049592443054223,PREPARATION,False,TAKEOFF,0,False,inf,0.061885833740234375,0.0,True,True,TRACKING,0,0.061885833740234375,0.7325316436104161,0.0,0,0,0.061885833740234375,0.026813745498657227,inf,HOLD,,,0,,0.0,0.0,False,,0.0,0.0,0.0,False,0.0,0.014295020140707493,-0.0032183337211608987,WARNING,0.001599121093749989,0.9988765120506287,20.0850772857666,20.065532684326172,,,2.7303000024403445e-05,0.003084910102188587,,20.006169665809768,0.0008209259995055618,0.0,0.4000388862978823,0.7199438863264858,1.960194429224855,0.5018676874440581,1.1167122696111285,3.242585010859938,0.4000388862978823,0.7199438863264858,1.960194429224855
3.7897818088531494,3.7897818088531494,,False,PERIODIC,True,True,1,TAKEOFF,0.036168624401252715,0.005954533534652266,-0.259661400688805,0.07734314152554188,-0.0009270857454849073,-0.6574152476796746,8.676895367175405,7.203580773642228,-0.050326646945240805,0.7287856564986245,3.711303370484391,0.2219620729649904,11.247746582080449,11.245798421436227,0.2093347537435642,3.8701856263672054,-2.8923365315047938,PREPARATION,False,TAKEOFF,0,False,inf,0.05989360809326172,0.0,True,True,TRACKING,0,0.05989360809326172,0.7421003846476415,0.0,0,0,0.05989360809326172,0.0299375057220459,inf,HOLD,,,0,,0.0,0.0,False,,0.0,0.0,0.0,False,0.0,0.014318466186523438,0.02966140068880499,WARNING,0.0267816662788391,0.9988765120506287,20.0850772857666,20.065532684326172,,,0.00470242602750659,0.003084910102188587,,19.98811524977188,0.0009884739993140101,0.0,0.4177673796250052,0.7154486024342126,1.9385554167361339,0.521273082534391,1.1226494838055308,3.079585586294102,0.4177673796250052,0.7154486024342126,1.9385554167361339
3.8397326469421387,3.8397326469421387,,False,PERIODIC,True,True,1,TAKEOFF,0.03932517394423485,0.006128968670964241,-0.29027044773101807,0.07742038369178772,-0.00043562488281168044,-0.6795542240142822,8.711595505254941,7.377586646598522,-0.03991654678557202,0.7581701229437258,3.7526554923075484,0.22707185667052862,11.384609702248365,11.38185665859525,0.2503539009454461,3.9205974023868695,-2.9686020301478138,PREPARATION,False,TAKEOFF,0,False,inf,0.06183457374572754,0.0,True,True,TRACKING,0,0.06183457374572754,0.751865098527901,0.0,0,0,0.06183457374572754,0.03586602210998535,inf,HOLD,,,0,,0.0,0.0,False,,0.0,0.0,0.0,False,0.0,0.014483528211712837,0.060270447731018056,WARNING,0.06330775022506713,1.0000478029251099,20.08185386657715,20.063032150268555,,,3.539099998306483e-05,0.003084910102188587,,20.005300822159626,0.0008282979997602524,0.0,0.4232847015585526,0.7442475621796699,1.9638103882299915,0.5232926113058927,1.1425860555916318,3.0943369713754194,0.4232847015585526,0.7442475621796699,1.9638103882299915
3.8897716999053955,3.8897716999053955,,False,PERIODIC,True,True,1,TAKEOFF,0.043289629888035315,0.00657825351738028,-0.32938170785577126,0.07633679801302788,0.0001312051076814706,-0.7055795848220672,8.75346111017329,7.581618786468329,-0.027602104799094147,0.7933429946382665,3.8002553943578596,0.23159592096640733,11.547267954830073,11.543323884038966,0.3017796030566771,3.979112924807889,-3.058226610755166,PREPARATION,False,TAKEOFF,0,False,inf,0.059803009033203125,0.0,True,True,TRACKING,0,0.059803009033203125,0.7613161818236165,0.0,0,0,0.059803009033203125,0.03090500831604004,inf,HOLD,,,0,,0.0,0.0,False,,0.0,0.0,0.0,False,0.0,0.014639332890510559,0.09938170785577125,WARNING,0.09027044773101806,1.0000478029251099,20.08185386657715,20.063032150268555,,,0.006262937095016241,0.003084910102188587,,19.998282529860617,0.0007073830001900205,0.0,0.4231553679279001,0.7302942857640394,1.94566603773315,0.5234274983145967,1.1319278202759169,3.0950402073381453,0.4231553679279001,0.7302942857640394,1.94566603773315
3.939734697341919,3.939734697341919,,False,PERIODIC,True,True,1,TAKEOFF,0.04671051353216171,0.007108490448445082,-0.363411545753479,0.0750432088971138,0.000676507770549506,-0.7268974781036377,8.791231379326375,7.759801222939443,-0.016806564230687798,0.8248003029518258,3.8409371117051276,0.234086186138604,11.691493693705073,11.686354854133478,0.3466049815227912,4.029047878737331,-3.135759186455493,PREPARATION,False,TAKEOFF,0,False,inf,0.06191205978393555,0.0,True,True,TRACKING,0,0.06191229820251465,0.7705821405005505,0.0,0,0,0.06191229820251465,0.03216218948364258,inf,HOLD,,,0,,0.0,0.0,False,,0.0,0.0,0.0,False,0.0,0.014991171658039093,0.133411545753479,WARNING,0.13473408222198485,0.9985558390617371,20.087478637695312,20.059221267700195,,,3.3336000342387706e-05,0.002557961968705058,,20.013203548001485,0.000894963000973803,0.0,0.42937624623694953,0.7650165947765915,1.9818205886927953,0.5257385882537046,1.1578002626282031,3.1159793707966954,0.42937624623694953,0.7650165947765915,1.9818205886927953
3.9896819591522217,3.9896819591522217,,False,PERIODIC,True,True,1,TAKEOFF,0.050550680505176825,0.007778118147094906,-0.400690648676209,0.07346313980109313,0.0014282960498787861,-0.7488485215904274,8.836841418823028,7.968945569608198,-0.0041691233422775625,0.8625110589172735,3.8877776606272416,0.23552842164632956,11.863234021484482,11.85660542180829,0.3965215253339315,4.085988982925503,-3.225343870637657,PREPARATION,False,TAKEOFF,0,False,inf,0.05986595153808594,0.0,True,True,TRACKING,0,0.05986595153808594,0.7795125107306303,0.0,0,0,0.05986595153808594,0.030656814575195312,inf,HOLD,,,0,,0.0,0.0,False,,0.0,0.0,0.0,False,0.0,0.015231811441481113,0.170690648676209,SAFE,0.163411545753479,0.9985558390617371,20.087478637695312,20.059221267700195,,,0.0047753117978572845,0.002557961968705058,,19.996034505124857,0.0006840339992777444,0.0,0.4545046031802359,0.7605557430076673,1.974523813506123,0.5528385475350854,1.1559634410436506,3.1246898094788143,0.4545046031802359,0.7605557430076673,1.974523813506123
4.0397539138793945,4.0397539138793945,,False,PERIODIC,True,True,1,TAKEOFF,0.05415426194667816,0.008450988680124283,-0.43541938066482544,0.07173595577478409,0.002126186154782772,-0.7680184245109558,8.87730355406851,8.148604686304942,0.006675279149067069,0.889159508129499,3.8985071529573148,0.2353341231612037,12.012722977754082,12.004585192834652,0.4420946598138925,4.105689008841932,-3.2776054894252264,PREPARATION,False,TAKEOFF,0,False,inf,0.06183767318725586,0.0,True,True,TRACKING,0,0.06183767318725586,0.7881283081698469,0.0,0,0,0.06183767318725586,0.03398442268371582,inf,HOLD,,,0,,0.0,0.0,False,,0.0,0.0,0.0,False,0.0,0.015587602742016315,0.20541938066482543,SAFE,0.20489310026168822,0.9978795051574707,20.12291145324707,20.130271911621094,,,0.00477735698223114,0.002557961968705058,,20.033015403132513,0.0007608230007463135,0.0,0.4628187021997253,0.7630893215060915,1.9976088126638991,0.5575865844977632,1.146208560195133,3.1314571640015796,0.4628187021997253,0.7630893215060915,1.9976088126638991
4.089680910110474,4.089680910110474,,False,PERIODIC,True,True,1,TAKEOFF,0.05867100656195712,0.009421303932082521,-0.4795959658459043,0.06915320762811353,0.0027344395785627077,-0.790975816817201,8.92588793170841,8.358445211899397,0.019312116840014736,0.9167743830001512,3.8935234339444644,0.23365848610696666,12.189448120747013,12.179233810606213,0.498908082685919,4.111760706844064,-3.323491687352282,PREPARATION,False,TAKEOFF,0,False,inf,0.05987119674682617,0.0,True,True,TRACKING,0,0.05987119674682617,0.7965825984460501,0.0,0,0,0.05987119674682617,0.0316007137298584,inf,HOLD,,,0,,0.0,0.0,False,,0.0,0.0,0.0,False,0.0,0.015805481001734734,0.2495959658459043,SAFE,0.23541938066482543,0.9978795051574707,20.12291145324707,20.130271911621094,,,0.007635681889951229,0.002557961968705058,,19.985689070837896,0.0008011890004127054,0.0,0.47355108186620526,0.7761440296362961,2.001119380364794,0.5693987467510897,1.163492347488538,3.1529541897260325,0.47355108186620526,0.7761440296362961,2.001119380364794
4.139716148376465,4.139716148376465,,False,PERIODIC,True,True,1,TAKEOFF,0.06252284348011017,0.010372012853622437,-0.5181822180747986,0.06681110709905624,0.003354297950863838,-0.8099437355995178,8.969019152953575,8.538955876616225,0.030087032868439022,0.9406046235885399,3.8878292522536957,0.23078140572478129,12.343541566480267,12.331359180232173,0.5482692509432376,4.115309174272271,-3.3606324825471248,PREPARATION,False,TAKEOFF,0,False,inf,0.06189417839050293,0.0,True,True,TRACKING,0,0.06189417839050293,0.8049451111286167,0.0,0,0,0.06189417839050293,0.023007631301879883,inf,HOLD,,,0,,0.0,0.0,False,,0.0,0.0,0.0,False,0.0,0.016155874356627464,0.2881822180747986,SAFE,0.28583191633224486,0.999966025352478,20.063661575317383,20.07201385498047,,,2.3213000531541184e-05,0.002557961968705058,,20.007370099979386,0.0008777419989201007,0.0,0.45336032462234205,0.77532815825292,2.0146760646518342,0.5437859338761971,1.1503639091393025,3.149845680419991,0.45336032462234205,0.77532815825292,2.0146760646518342
4.189738512039185,4.189738512039185,,False,PERIODIC,True,True,1,TAKEOFF,0.06649791609507621,0.011513864773997537,-0.5601553006891375,0.06409617818817988,0.004111113735438261,-0.8293923616981492,9.020079859711203,8.746944790709751,0.04233055138747218,0.9684079949993257,3.881003215049092,0.22604258221979096,12.523472852399848,12.508972103368187,0.6024858520766098,4.118496709734699,-3.4015355194437915,PREPARATION,False,TAKEOFF,0,False,inf,0.05982661247253418,0.0,True,True,TRACKING,0,0.05982661247253418,0.8125328185306259,0.0,0,0,0.05982661247253418,0.03006768226623535,inf,HOLD,,,0,,0.0,0.0,False,,0.0,0.0,0.0,False,0.0,0.016349194571375847,0.33015530068913757,SAFE,0.3181822180747986,0.999966025352478,20.063661575317383,20.07201385498047,,,0.004848049953579903,0.002557961968705058,,19.984536341002972,0.0006977209995966405,0.0,0.46762927656069864,0.7854617952832733,2.0074281076370237,0.5603731638556145,1.1686512824493769,3.1611806023867337,0.46762927656069864,0.7854617952832733,2.0074281076370237
4.239773988723755,4.239773988723755,,False,PERIODIC,True,True,1,TAKEOFF,0.06995917111635208,0.012662062421441078,-0.5982203483581543,0.0615265853703022,0.004495969042181969,-0.8463068008422852,9.065397576549616,8.925976569645941,0.05263546631141684,0.9926934605482748,3.874855712528186,0.22058106991770807,12.680248455851789,12.663533772634022,0.6508558146695711,4.121286937620402,-3.435924638748934,PREPARATION,False,TAKEOFF,0,False,inf,0.0617976188659668,0.0,True,True,TRACKING,0,0.0617976188659668,0.8200818584679572,0.0,0,0,0.0617976188659668,0.0265347957611084,inf,HOLD,,,0,,0.0,0.0,False,,0.0,0.0,0.0,False,0.0,0.016613585874438286,0.3682203483581543,SAFE,0.3644845366477966,0.9999135136604309,20.03653335571289,20.046947479248047,,,2.420499913569074e-05,0.002113071968778968,,20.021067250595166,0.0005666950000886573,0.0,0.4790128276780566,0.7775514186182934,2.020003974602926,0.5692392263944106,1.1498782617026213,3.1566013912754594,0.4790128276780566,0.7775514186182934,2.020003974602926
4.289738655090332,4.289738655090332,,False,PERIODIC,True,True,1,TAKEOFF,0.07406677854889637,0.01414683631450329,-0.6465228813538614,0.0581031736941937,0.004924116001105348,-0.8665382857517143,9.119642048985739,9.134700229100623,0.06433872088496598,1.0213792366625432,3.8674002191284313,0.21284451941162358,12.865156446049868,12.845502176396256,0.7108616022388273,4.124522961604133,-3.4751693567440713,PREPARATION,False,TAKEOFF,0,False,inf,0.059937477111816406,0.0,True,True,TRACKING,0,0.059937477111816406,0.8271865902098784,0.0,0,0,0.059937477111816406,0.032430171966552734,inf,HOLD,,,0,,0.0,0.0,False,,0.0,0.0,0.0,False,0.0,0.016818687319755554,0.4165228813538614,SAFE,0.3982203483581543,0.9999135136604309,20.03653335571289,20.046947479248047,,,2.35719999182038e-05,0.002113071968778968,,19.985042523380773,0.0010656920003384585,0.0,0.4889018422684832,0.7790374082206771,2.00319910505026,0.5816126038031256,1.1582951698041632,3.1599017125209827,0.4889018422684832,0.7790374082206771,2.00319910505026
4.339756011962891,4.339756011962891,,False,PERIODIC,True,True,1,TAKEOFF,0.07726889103651047,0.015469538979232311,-0.6884531378746033,0.05500147491693497,0.005242710001766682,-0.8831104040145874,9.167451802773392,9.31321067143744,0.07397892345667248,1.0462939701316982,3.860727177241201,0.20491157016522124,13.025387448486295,13.00305408490784,0.7624320613312757,4.12688903467149,-3.5076015691953315,PREPARATION,False,TAKEOFF,0,False,inf,0.06177568435668945,0.0,True,True,TRACKING,0,0.06177568435668945,0.8340193711046834,0.0,0,0,0.06177568435668945,0.034265756607055664,inf,HOLD,,,0,,0.0,0.0,False,,0.0,0.0,0.0,False,0.0,0.017104193568229675,0.4584531378746033,SAFE,0.453306782245636,0.999182939529419,19.958515167236328,19.968687057495117,,,0.0057515031658113,0.002113071968778968,,20.010645657254333,0.0007370079983957112,0.0,0.47790285891432027,0.7815747210917563,1.9977917152763518,0.5664411472779656,1.14727184094395,3.141792040049824,0.47790285891432027,0.7815747210917563,1.9977917152763518
4.389771223068237,4.389771223068237,,False,PERIODIC,True,True,1,TAKEOFF,0.0804343317590629,0.016994575409273564,-0.7339406542797411,0.05186004766323703,0.005450979197918575,-0.9003376329261906,9.224442271092208,9.520570258375813,0.0847364284466048,1.0756344566103366,3.852662782511932,0.19442206058557013,13.213669593350737,13.188283889743218,0.8186770827263459,4.128880173426157,-3.5432946318277994,PREPARATION,False,TAKEOFF,0,False,inf,0.05995988845825195,0.0,True,True,TRACKING,0,0.05995988845825195,0.8404269879976489,0.0,0,0,0.05995988845825195,0.029256582260131836,inf,HOLD,,,0,,0.0,0.0,False,,0.0,0.0,0.0,False,0.0,0.0172736719250679,0.5039406542797411,SAFE,0.48845313787460326,0.999182939529419,19.958515167236328,19.968687057495117,,,0.006737873889505863,0.002113071968778968,,19.983298557468192,0.0009236890000465792,0.0,0.4729390956085151,0.7611463590535523,1.9576030281430525,0.5629809645293442,1.1314405578281834,3.1279399838020066,0.4729390956085151,0.7611463590535523,1.9576030281430525
4.4397618770599365,4.4397618770599365,,False,PERIODIC,True,True,1,TAKEOFF,0.08313367515802383,0.018446315079927444,-0.7749360203742981,0.04915211722254753,0.005815291777253151,-0.9154233932495117,9.27476281333091,9.698340397478768,0.09346577936027038,1.1011967055705782,3.8454267464630814,0.1842207280738066,13.376865004400363,13.348647709044123,0.8684017997345684,4.130209574874855,-3.572733133671036,PREPARATION,False,TAKEOFF,0,False,inf,0.06199359893798828,0.0,True,True,TRACKING,0,0.06199359893798828,0.8465972870143322,0.0,0,0,0.06199359893798828,0.030424118041992188,inf,HOLD,,,0,,0.0,0.0,False,,0.0,0.0,0.0,False,0.0,0.01752476952970028,0.5449360203742981,SAFE,0.5385526895523072,0.9998462796211243,20.015745162963867,20.020170211791992,,,2.780800059554167e-05,0.0016008280217647552,,19.99998895746138,0.0008593750008003553,0.0,0.46780526269932915,0.7640528985409784,1.9701692990246968,0.5536758061563499,1.117531159955591,3.1331099610677704,0.46780526269932915,0.7640528985409784,1.9701692990246968
4.4896581172943115,4.4896581172943115,,False,PERIODIC,True,True,1,TAKEOFF,0.08620172945782587,0.020245795408002684,-0.8270408001753613,0.04539687812507186,0.006117701019622434,-0.9336079430708535,9.334791032199263,9.905088512648724,0.10305734980079344,1.1313543397191919,3.836670087197824,0.1712037042413859,13.568773054479145,13.536857819869804,0.9300981499761547,4.131954013258647,-3.6064842040480243,PREPARATION,False,TAKEOFF,0,False,inf,0.059888362884521484,0.0,True,True,TRACKING,0,0.059888362884521484,0.8519399299131819,0.0,0,0,0.059888362884521484,0.030943632125854492,inf,HOLD,,,0,,0.0,0.0,False,,0.0,0.0,0.0,False,0.0,0.017694056034088135,0.5970408001753613,SAFE,0.5749360203742981,0.9998462796211243,20.015745162963867,20.020170211791992,,,0.007246590219438076,0.0016008280217647552,,19.9822413010609,0.0008121900009427918,0.0,0.46542423843229735,0.7663174595953334,1.8998610556608642,0.5530064897181537,1.1257778506949048,3.0966418114459118,0.46542423843229735,0.7663174595953334,1.8998610556608642
4.539775133132935,4.539775133132935,,False,PERIODIC,True,True,1,TAKEOFF,0.08853759616613388,0.021802503615617752,-0.8716903328895569,0.042361531406641006,0.006371626630425453,-0.9486470818519592,9.388159693960255,10.083634660371043,0.11072896610972374,1.1578406071084837,3.8287528770119716,0.15887722738633508,13.736396368463764,13.701220292824221,0.9824192989992806,4.132977387689266,-3.6342679956884143,PREPARATION,False,TAKEOFF,0,False,inf,0.062024831771850586,0.0,True,True,TRACKING,0,0.062024831771850586,0.855648221747908,0.0,0,0,0.062024831771850586,0.023178815841674805,inf,HOLD,,,0,,0.0,0.0,False,,0.0,0.0,0.0,False,0.0,0.0179278627038002,0.6416903328895569,SAFE,0.6341179490089417,0.9985777735710144,19.997264862060547,19.977888107299805,,,3.720099994097836e-05,0.0016008280217647552,,19.991715501324556,0.00109201600025699,0.0,0.45726777832043886,0.7697486675993407,1.8934272641811625,0.5398901987602374,1.1126697315140723,3.077587892404035,0.45726777832043886,0.7697486675993407,1.8934272641811625
4.589838027954102,4.589838027954102,,False,PERIODIC,True,True,1,TAKEOFF,0.09069748058251928,0.023504308678048823,-0.9199924620862302,0.03884227727728871,0.006739564837896571,-0.9641339706311446,9.450757317615974,10.28784104032223,0.11883637819866859,1.1885925911063007,3.819325549408849,0.14377648355514883,13.930057216423569,13.891268073629083,1.0388288402848989,4.13342512311425,-3.6644736369890207,PREPARATION,False,TAKEOFF,0,False,inf,0.05994439125061035,0.0,True,True,TRACKING,0,0.05994439125061035,0.8584280050267873,0.0,0,0,0.05994439125061035,0.02219986915588379,inf,HOLD,,,0,,0.0,0.0,False,,0.0,0.0,0.0,False,0.0,0.018053796142339706,0.6899924620862302,SAFE,0.6716903328895569,0.9985777735710144,19.997264862060547,19.977888107299805,,,0.006617165170609951,0.0016008280217647552,,19.97616049154949,0.0010182110017922241,0.0,0.43489407001937813,0.7574220694023235,1.8299636258168586,0.5138431592285946,1.1059434910649093,3.057965030233195,0.43489407001937813,0.7574220694023235,1.8299636258168586
4.63976526260376,4.63976526260376,,False,PERIODIC,True,True,1,TAKEOFF,0.09236019849777222,0.02505994774401188,-0.9635176062583923,0.03576688840985298,0.00700291758403182,-0.9776386022567749,9.506662251523903,10.465089839288579,0.12516925040723104,1.215754679818397,3.8107582083760003,0.12975422610131243,14.09994845216934,14.057855714224559,1.0886868566656234,4.133672020903452,-3.689778343309263,PREPARATION,False,TAKEOFF,0,False,inf,0.0619044303894043,0.0,True,True,TRACKING,0,0.0619044303894043,0.8610966202528882,0.0,0,0,0.0619044303894043,0.01960158348083496,inf,HOLD,,,0,,0.0,0.0,False,,0.0,0.0,0.0,False,0.0,0.018213344737887383,0.7335176062583924,SAFE,0.7249981045722962,0.9988089203834534,20.025501251220703,20.028316497802734,,,0.005351825151592493,0.0031104409135878086,,20.011349137652864,0.0008540750004613074,0.0,0.4456172042940806,0.7348614963435576,1.8329091551436936,0.5225201820739633,1.06321607137181,3.049353743323348,0.4456172042940806,0.7348614963435576,1.8329091551436936
4.689748525619507,4.689748525619507,,False,PERIODIC,True,True,1,TAKEOFF,0.09422263772335408,0.026814092821075178,-1.01839877374347,0.03224463774659776,0.007218436066201327,-0.9939531074042053,9.572645565180501,10.669147143426867,0.13170086004111856,1.2475182228309678,3.800486585123629,0.11277927616326298,14.297639075014908,14.251307096254775,1.1500996337845886,4.134081482759418,-3.718162994228746,PREPARATION,False,TAKEOFF,0,False,inf,0.05986833572387695,0.0,True,True,TRACKING,0,0.05986833572387695,0.8632333736378263,0.0,0,0,0.05986833572387695,0.022462129592895508,inf,HOLD,,,0,,0.0,0.0,False,,0.0,0.0,0.0,False,0.0,0.018309814855456352,0.7883987737434701,SAFE,0.7635176062583924,0.9988089203834534,20.025501251220703,20.028316497802734,,,0.006783397868275642,0.0031104409135878086,,19.979786492571364,0.0010738380005932413,0.0,0.43749485307830455,0.7247892856436532,1.745479468460702,0.5118036085402238,1.0630118563689506,3.001856831207179,0.43749485307830455,0.7247892856436532,1.745479468460702
4.739790439605713,4.739790439605713,,False,PERIODIC,True,True,1,TAKEOFF,0.09563323110342026,0.02811076119542122,-1.0655872821807861,0.029337264597415924,0.0072057219222188,-1.0072507858276367,9.630934587736093,10.84438519239805,0.1365282677217837,1.2752964239923157,3.7912464366949545,0.09747094113606393,14.4692379318403,14.419215115008466,1.2021155499025697,4.134221625888416,-3.7415807462726414,PREPARATION,False,TAKEOFF,0,False,inf,0.061907291412353516,0.0,True,True,TRACKING,0,0.061907291412353516,0.8653280757411888,0.0,0,0,0.061907291412353516,0.022890567779541016,inf,HOLD,,,0,,0.0,0.0,False,,0.0,0.0,0.0,False,0.0,0.018423663452267647,0.8355872821807862,SAFE,0.8260043144226075,1.00022554397583,19.945032119750977,19.969947814941406,,,0.0066459812223911285,0.0031104409135878086,,20.010947142797235,0.0010602829988783924,0.0,0.44865546006545665,0.732501106245049,1.7307567034273115,0.5197367123075487,1.0556900735429708,2.968532390515325,0.44865546006545665,0.732501106245049,1.7307567034273115
4.789753198623657,4.789753198623657,,False,PERIODIC,True,True,1,TAKEOFF,0.09689376984454204,0.029238294718598096,-1.1166365389373865,0.026266373032515545,0.0070000908973592395,-1.02139827331998,9.700420346611253,11.048208916216344,0.14131144553164118,1.308134120557664,3.7800509418039363,0.07902643945208414,14.67064652289478,14.616615075594451,1.2579479844690276,4.134009215537808,-3.767377560631206,PREPARATION,False,TAKEOFF,0,False,inf,0.05979108810424805,0.0,True,True,TRACKING,0,0.05979108810424805,0.867245493422792,0.0,0,0,0.05979108810424805,0.029769182205200195,inf,HOLD,,,0,,0.0,0.0,False,,0.0,0.0,0.0,False,0.0,0.01845579966902733,0.8866365389373865,SAFE,0.8655872821807862,1.00022554397583,19.945032119750977,19.969947814941406,,,0.002028367016464472,0.0031104409135878086,,19.99305464437416,0.0007956400004331954,0.0,0.45168766269464505,0.7177046965235131,1.6501205163919348,0.5228455625823223,1.0523467984280401,2.9358994548276334,0.45168766269464505,0.7177046965235131,1.6501205163919348
4.839818954467773,4.839818954467773,,False,PERIODIC,True,True,1,TAKEOFF,0.09759694337844849,0.029981795698404312,-1.1623833179473877,0.02338109165430069,0.00656858179718256,-1.0338033437728882,9.761810186158643,11.223285137589905,0.14456947244759769,1.3368803373601563,3.769970790744356,0.06264521076990984,14.84571261010561,14.788071453219567,1.3069527903949854,4.134087068209535,-3.7890970478989128,PREPARATION,False,TAKEOFF,0,False,inf,0.10986638069152832,0.0,False,True,TRACKING,0,0.10986638069152832,0.867245493422792,0.0,0,1,0.10986638069152832,0.07984447479248047,inf,HOLD,,,0,,0.0,0.0,False,,0.0,0.0,0.0,False,0.0,0.01847640424966812,0.9323833179473877,SAFE,0.9217496395111084,0.9985535740852356,20.00324249267578,19.995088577270508,,,0.0015876289689913392,0.0016993499593809247,,20.008992672990193,0.000819235001472407,0.0,0.45895508828327963,0.7101871077098976,1.6725819014647527,0.5203814882027997,1.0236723807695813,2.9183553677076643,0.45895508828327963,0.7101871077098976,1.6725819014647527
4.889745235443115,4.889745235443115,,False,PERIODIC,True,True,1,TAKEOFF,0.09797910199497453,0.030634632001648215,-1.2203971419796087,0.019734524969027226,0.005632227752590291,-1.0488294356274208,9.834345319411256,11.425132831391775,0.14744200444619013,1.3705868559469985,3.7578573243678806,0.04332822712482908,15.049996686579192,14.987708842099577,1.3678391464257988,4.1348281168733845,-3.814021511613355,PREPARATION,False,TAKEOFF,0,False,inf,0.1598050594329834,0.0,False,False,REACQUIRE,0,0.1598050594329834,0.867245493422792,0.0,0,2,inf,0.12978315353393555,inf,HOLD,,,0,,0.0,0.0,False,,0.0,0.0,0.0,False,0.0,0.01847749948501587,0.9903971419796087,SAFE,0.9623833179473877,0.9985535740852356,20.00324249267578,19.995088577270508,,,0.0017305129440501332,0.0016993499593809247,,19.994494297844838,0.0007093630010786001,0.0,0.4670640888383631,0.6858180640241045,1.5956622493619828,0.5284496454429607,1.0072897404804744,2.8681003569762518,0.4670640888383631,0.6858180640241045,1.5956622493619828
4.939789533615112,4.939789533615112,,False,PERIODIC,True,True,1,TAKEOFF,0.09798004478216171,0.03089738078415394,-1.2701404094696045,0.01667197048664093,0.004785099998116493,-1.061389446258545,9.898606928487357,11.599031408472916,0.149027422234131,1.4002012199230889,3.746913338109083,0.026360469131754966,15.227870814093423,15.161596624240325,1.4191678317037355,4.135320642096,-3.834586946883192,PREPARATION,False,TAKEOFF,0,False,inf,inf,0.0,False,False,REACQUIRE,0,0.2098705768585205,0.867245493422792,0.0,0,3,inf,inf,inf,HOLD,,,0,,0.0,0.0,False,,0.0,0.0,0.0,False,0.0,0.018469644710421562,1.0401404094696045,SAFE,1.0283589839935303,0.9996993541717529,19.99092674255371,19.964017868041992,,,1.8273998648510315e-05,0.0016993499593809247,,20.00522047049001,0.0007596080013172468,0.0,0.4829269476679363,0.6900915706892113,1.6213815466233223,0.5388275467960328,0.9870114236559896,2.852792690486908,0.4829269476679363,0.6900915706892113,1.6213815466233223
4.9897801876068115,4.9897801876068115,,False,PERIODIC,True,True,1,TAKEOFF,0.0978020692327402,0.03092523202139557,-1.3239224757005392,0.013660381445988162,0.0036417192635276588,-1.0742328619987636,9.97444828319108,11.799316161123732,0.14994104636806824,1.4349105901170898,3.733769087446333,0.006605308574149552,15.434229464976871,15.363696348726624,1.4738635220686074,4.135458074927302,-3.8568683110889475,PREPARATION,False,TAKEOFF,0,False,inf,inf,0.0,False,False,REACQUIRE,0,0.2598083019256592,0.867245493422792,0.0,0,4,inf,inf,inf,HOLD,,,0,,0.0,0.0,False,,0.0,0.0,0.0,False,0.0,0.01845860667526722,1.0939224757005392,SAFE,1.0701404094696045,0.9996993541717529,19.99092674255371,19.964017868041992,,,0.0015382079873234034,0.0016993499593809247,,19.988937477080583,0.0008035410010052146,0.0,0.4966513084468187,0.6720183886089669,1.5519243915216328,0.5482571950824877,0.9763403299229252,2.8072884218588396,0.4966513084468187,0.6720183886089669,1.5519243915216328
5.0397422313690186,5.0397422313690186,,False,PERIODIC,True,True,1,TAKEOFF,0.0975111797451973,0.03081533871591091,-1.3720479011535645,0.011041401885449886,0.002668642206117511,-1.0854109525680542,10.041624015501577,11.971836601235688,0.14981813092362717,1.4654222547211795,3.721888005175987,-0.01051956162457741,15.61375819915867,15.539413402127,1.5218660320771917,4.135602475735499,-3.875405570150954,PREPARATION,False,TAKEOFF,0,False,inf,inf,0.0,False,False,REACQUIRE,0,0.30980944633483887,0.867245493422792,0.0,0,5,inf,inf,inf,HOLD,,,0,,0.0,0.0,False,,0.0,0.0,0.0,False,0.0,0.018448643386363983,1.1420479011535645,SAFE,1.1293440341949463,0.9999252557754517,19.930622100830078,19.948057174682617,,,0.003232659073546529,0.004736096132546663,,20.01529959616159,0.0006704989991703769,0.0,0.5168577426843408,0.678771743198474,1.551405501830283,0.5640726714416113,0.9570516137045918,2.7570116330796344,0.5168577426843408,0.678771743198474,1.551405501830283
5.0898027420043945,5.0898027420043945,,False,PERIODIC,True,True,1,TAKEOFF,0.09699441333984223,0.030610985147112003,-1.4328839219720793,0.007921294706804435,0.0015421989681777464,-1.098941154956863,10.121444820246012,12.171895825221618,0.14874878651170922,1.5014497782909764,3.707512449509776,-0.030369571252272416,15.824094462334648,15.744853239339651,1.5816327084837885,4.136023217860066,-3.8964081357427576,PREPARATION,False,TAKEOFF,0,False,inf,inf,0.0,False,False,REACQUIRE,0,0.3598630428314209,0.867245493422792,0.0,0,6,inf,inf,inf,HOLD,,,0,,0.0,0.0,False,,0.0,0.0,0.0,False,0.0,0.01844012551009655,1.2028839219720793,SAFE,1.1720479011535645,0.9999252557754517,19.930622100830078,19.948057174682617,,,0.002242022892460227,0.004736096132546663,,19.99683229533125,0.0008239439994213171,0.0,0.533572296767094,0.6535925740330913,1.4946054756394405,0.5821298671560363,0.9286772044932783,2.732698398155849,0.533572296767094,0.6535925740330913,1.4946054756394405
5.139805793762207,5.139805793762207,,False,PERIODIC,True,True,1,TAKEOFF,0.09648911654949188,0.030332669615745544,-1.4848852157592773,0.005510326009243727,0.0006249902653507888,-1.1101373434066772,10.191772622827543,12.343296509912067,0.14691939231334125,1.5329739323689784,3.6945771427374643,-0.04726498871690276,16.00583062147983,15.922431585802917,1.6318046080726185,4.1361969508076655,-3.91345372323338,PREPARATION,False,TAKEOFF,0,False,inf,inf,0.0,False,False,REACQUIRE,0,0.40988707542419434,0.867245493422792,0.0,0,7,inf,inf,inf,HOLD,,,0,,0.0,0.0,False,,0.0,0.0,0.0,False,0.0,0.018431345000863075,1.2548852157592774,SAFE,1.2411413669586182,1.0007543563842773,19.986421585083008,19.96975326538086,,,0.002326729940250516,0.004736096132546663,,20.01585258373053,0.0005952270003035665,0.0,0.5521485300627597,0.6778568925048359,1.49010452845133,0.5998675938154414,0.9341701499868232,2.681103400521795,0.5521485300627597,0.6778568925048359,1.49010452845133
5.189794063568115,5.189794063568115,,False,PERIODIC,True,True,1,TAKEOFF,0.09601296514029513,0.029943069345007012,-1.5409792927834676,0.0032811653885661185,-0.00022934420327939563,-1.121609452190615,10.274871715521137,12.54093489283781,0.1438984865601571,1.5700093383507112,3.679004033361687,-0.06651771744306545,16.21643903571417,16.12867266292265,1.6848777793436247,4.135772477213176,-3.93156993066687,PREPARATION,False,TAKEOFF,0,False,inf,inf,0.0,False,False,REACQUIRE,0,0.45987892150878906,0.867245493422792,0.0,0,8,inf,inf,inf,HOLD,,,0,,0.0,0.0,False,,0.0,0.0,0.0,False,0.0,0.01843491941690445,1.3109792927834676,SAFE,1.2848852157592774,1.0007543563842773,19.986421585083008,19.96975326538086,,,0.0030926899053156376,0.004736096132546663,,19.97647095392103,0.0009197049985232297,0.0,0.5669409670529161,0.6675451908913229,1.4056443542224244,0.6190972243043817,0.9253855783730335,2.659892747106437,0.5669409670529161,0.6675451908913229,1.4056443542224244
5.239757299423218,5.239757299423218,,False,PERIODIC,True,True,1,TAKEOFF,0.09562572836875916,0.02949126437306404,-1.5912971496582031,0.0014352388679981232,-0.0011062631383538246,-1.1316019296646118,10.348422674171664,12.71103602227838,0.14040913921928166,1.602583582800975,3.6649184454796666,-0.0827609148808492,16.3993972245799,16.307710527803135,1.7317062888774848,4.13563545997103,-3.9466932211815684,PREPARATION,False,TAKEOFF,0,False,inf,inf,0.0,False,False,REACQUIRE,1,0.5098817348480225,0.867245493422792,0.35,0,9,inf,inf,inf,SEARCH,,,0,,0.0,0.0,False,,0.0,0.0,0.0,False,0.0,0.03594310507178289,1.3612971496582031,SAFE,1.3466835498809815,0.9990791082382202,19.950380325317383,19.929990768432617,,,0.002945343963801861,0.004736096132546663,,20.016521236781955,0.0007949899991217535,0.0,0.5816629167931376,0.6996860833934387,1.3854104473805642,0.6353482906993289,0.9358749778351149,2.605620073904414,0.5816629167931376,0.6996860833934387,1.3854104473805642
5.289827585220337,5.289827585220337,,False,PERIODIC,True,True,1,TAKEOFF,0.09515884566459738,0.028634188944365972,-1.6546901391328013,-0.0006206468121142804,-0.00214703770363364,-1.1464196073729238,10.435303087795866,12.90709353781589,0.13550823848302346,1.6408589766988373,3.6479558410960577,-0.10103917431561239,16.6125888524286,16.515849906941416,1.7901983776158248,4.136487233153577,-3.9639984208160834,PREPARATION,False,TAKEOFF,0,False,inf,inf,0.0,False,False,REACQUIRE,1,0.5598821640014648,0.867245493422792,0.35,0,10,inf,inf,inf,SEARCH,,,0,,0.0,0.0,False,,0.0,0.0,0.0,False,0.0,0.035955558717250646,1.4246901391328013,SAFE,1.3912971496582032,0.9990791082382202,19.950380325317383,19.929990768432617,,,0.0028113690204918385,0.004736096132546663,,19.995939175961848,0.0009038940006576013,0.0,0.5816629167931376,0.6993525279839311,1.3008909610559873,0.6784432242957987,0.9444575442360549,2.577735327221289,0.5816629167931376,0.6993525279839311,1.3008909610559873
5.339688301086426,5.339688301086426,,False,PERIODIC,True,True,1,TAKEOFF,0.09476370364427567,0.0277558583766222,-1.7093143463134766,-0.002094539813697338,-0.003101133508607745,-1.159876823425293,10.512209329801566,13.07582150313094,0.13044156243388189,1.6745442706854583,3.632601360786303,-0.11623392599867592,16.797615671503277,16.69656223429726,1.8397559087473585,4.137467924376367,-3.9782566732948363,PREPARATION,False,TAKEOFF,0,False,inf,inf,0.0,False,False,REACQUIRE,1,0.6098427772521973,0.867245493422792,0.35,0,11,inf,inf,inf,SEARCH,,,0,,0.0,0.0,False,,0.0,0.0,0.0,False,0.0,0.036619825288653374,1.4793143463134766,SAFE,1.4635618209838868,0.9994789958000183,20.008052825927734,20.01570701599121,,,2.350999966438394e-05,0.0033635268919169903,,20.013766472251074,0.0008665569985168986,0.0,0.5816629167931376,0.741981605908695,1.3202139178146326,0.7226583436887821,0.9523272292729239,2.5353288321731955,0.5816629167931376,0.741981605908695,1.3202139178146326
5.389752149581909,5.389752149581909,,False,PERIODIC,True,True,1,TAKEOFF,0.09432921310265859,0.026854327373337327,-1.768152436317756,-0.0035101245865443646,-0.003527992271562243,-1.1729659483446713,10.603074277832313,13.270309319445154,0.12377423248762867,1.714150091794179,3.614095939900048,-0.13310067733337946,17.01182557759892,16.906295364819336,1.8919266688053848,4.137496745063764,-3.9929660443596093,PREPARATION,False,TAKEOFF,0,False,inf,inf,0.0,False,False,REACQUIRE,1,0.6598091125488281,0.867245493422792,0.35,0,12,inf,inf,inf,SEARCH,,,0,,0.0,0.0,False,,0.0,0.0,0.0,False,0.0,0.03828894197940835,1.538152436317756,SAFE,1.5093143463134766,0.9994789958000183,20.008052825927734,20.01570701599121,,,0.0028104200027883053,0.0033635268919169903,,19.987618937978564,0.0008537110006727744,0.0,0.5816629167931376,0.7487034484494188,1.2264753554061327,0.769090041616247,0.9701864181161229,2.4889578741175113,0.5816629167931376,0.7487034484494188,1.2264753554061327
5.43976616859436,5.43976616859436,,False,PERIODIC,True,True,1,TAKEOFF,0.09400457888841629,0.026020227000117302,-1.8210718631744385,-0.004522018134593964,-0.003438250394538045,-1.1831543445587158,10.683367670125174,13.437352525686714,0.11725954186729336,1.7489595584404294,3.5973631113119975,-0.1468563324119344,17.197545561492568,17.087961982162813,1.9383314050417317,4.13695318511523,-4.00455317459302,PREPARATION,False,TAKEOFF,0,False,inf,inf,0.0,False,False,REACQUIRE,1,0.7098426818847656,0.867245493422792,0.35,0,13,inf,inf,inf,SEARCH,,,0,,0.0,0.0,False,,0.0,0.0,0.0,False,0.0,0.043075793981552035,1.5910718631744385,SAFE,1.5741396427154541,0.9991544485092163,19.92973518371582,19.920469284057617,,,2.643300103954971e-05,0.0033635268919169903,,20.011158188082614,0.000679245000355877,0.0,0.5816629167931376,0.7944648406493087,1.2769615299529682,0.8178494736015545,0.9920933713666714,2.4490758649817335,0.5816629167931376,0.7944648406493087,1.2769615299529682
5.489773988723755,5.489773988723755,,False,PERIODIC,True,True,1,TAKEOFF,0.0937226826447161,0.024890323739992955,-1.8878755024578318,-0.005413364197431588,-0.0027790707618197807,-1.194162397986737,10.778498551960467,13.630384424513482,0.10897303917334623,1.7900134264903214,3.5771290070368416,-0.161913040061826,17.41439947864723,17.299534823332518,1.996848541631178,4.13579955306635,-4.01687102634851,PREPARATION,False,TAKEOFF,0,False,inf,inf,0.0,False,False,REACQUIRE,1,0.7598986625671387,0.867245493422792,0.35,0,14,inf,inf,inf,SEARCH,,,0,,0.0,0.0,False,,0.0,0.0,0.0,False,0.0,0.0484461635351181,1.6578755024578318,SAFE,1.6210718631744385,0.9991544485092163,19.92973518371582,19.920469284057617,,,0.0031293020583689213,0.0033635268919169903,,20.006049128078036,0.000850144999276381,0.0,0.5816629167931376,0.8121383014373608,1.211806849082602,0.8690178470927856,1.0157773566167592,2.43101090960729,0.5816629167931376,0.8121383014373608,1.211806849082602
5.539759159088135,5.539759159088135,,False,PERIODIC,True,True,1,TAKEOFF,0.0936369001865387,0.02390317991375923,-1.9442801475524902,-0.006076176650822163,-0.0018443127628415823,-1.2027626037597656,10.862094320432695,13.795204069002757,0.10119004897063513,1.8259057016103677,3.558923700297513,-0.17386262646839087,17.600919058797533,17.481659057122638,2.0454701965231252,4.134472349451786,-4.026415356881391,PREPARATION,False,TAKEOFF,0,False,inf,inf,0.0,False,False,REACQUIRE,1,0.8099608421325684,0.867245493422792,0.35,0,15,inf,inf,inf,SEARCH,,,0,,0.0,0.0,False,,0.0,0.0,0.0,False,0.0,0.060602841526269824,1.7142801475524903,SAFE,1.6967146873474122,1.0011405944824219,20.036226272583008,20.022092819213867,,,0.0022263620048761368,0.0023022210225462914,,20.02661678845966,0.0007358820002991706,0.0,0.5816629167931376,0.859687399825772,1.2751810291436216,0.9223241539070123,1.0443831628367999,2.3973238192233106,0.5816629167931376,0.859687399825772,1.2751810291436216
5.589846134185791,5.589846134185791,,False,PERIODIC,True,True,1,TAKEOFF,0.09369569558073838,0.022902141514204163,-2.0048737742927125,-0.006778149890351556,-0.0002805455613339079,-1.2112478230755896,10.961133736978795,13.985617490580127,0.09153271847279643,1.8682442834006596,3.536900238562117,-0.1866656094115792,17.817226206275098,17.69346290307996,2.096406492765509,4.132447911041757,-4.0361658161298415,PREPARATION,False,TAKEOFF,0,False,inf,inf,0.0,False,False,REACQUIRE,1,0.8598601818084717,0.867245493422792,0.35,0,16,inf,inf,inf,SEARCH,,,0,,0.0,0.0,False,,0.0,0.0,0.0,False,0.0,0.0702658303081991,1.7748737742927125,SAFE,1.7442801475524903,1.0011405944824219,20.036226272583008,20.022092819213867,,,3.0160001188050956e-05,0.0023022210225462914,,19.98771418782565,0.0007884439983172342,0.0,0.5816629167931376,0.8703090558077835,1.2003101804499028,0.9779837610978926,1.0757834761028198,2.3713430968169233,0.5816629167931376,0.8703090558077835,1.2003101804499028
5.639733552932739,5.639733552932739,,False,PERIODIC,True,True,1,TAKEOFF,0.09390465915203094,0.02204817160964012,-2.0589237213134766,-0.007146754302084446,0.0011019175872206688,-1.2183059453964233,11.04874227966356,14.149219749623814,0.08261913961011291,1.905512395165844,3.5169422327385536,-0.19659902529070641,18.00476742175802,17.876952874761017,2.1415428609235896,4.130772709104038,-4.043916660182466,PREPARATION,False,TAKEOFF,0,False,inf,inf,0.0,False,False,REACQUIRE,1,0.9098093509674072,0.867245493422792,0.35,0,17,inf,inf,inf,SEARCH,,,0,,0.0,0.0,False,,0.0,0.0,0.0,False,0.0,0.08624363988637906,1.8289237213134766,SAFE,1.8110688209533692,1.0002663135528564,19.96671485900879,19.969707489013672,,,5.363400123314932e-05,0.0023022210225462914,,20.03084515513945,0.0005326619993866188,0.0,0.5816629167931376,0.9115008100741399,1.2636012996476427,1.0361462793294238,1.1065539777540983,2.31939524565978,0.5816629167931376,0.9115008100741399,1.2636012996476427
5.689734935760498,5.689734935760498,,False,PERIODIC,True,True,1,TAKEOFF,0.09415867981792754,0.021369983103947058,-2.105010828697686,-0.00751499214059925,0.002186691501244099,-1.2240860981555164,11.152084037269226,14.337316741394645,0.0718054705128921,1.9492861407526174,3.4928904279220907,-0.20686841597635583,18.21984011998149,18.089335112081326,2.176816299210578,4.1290210779423955,-4.051911830769916,PREPARATION,False,TAKEOFF,0,False,inf,inf,0.0,False,False,REACQUIRE,1,0.9598393440246582,0.867245493422792,0.35,0,17,inf,inf,inf,SEARCH,,,0,,0.0,0.0,False,,0.0,0.0,0.0,False,0.0,0.09912622123956671,1.875010828697686,SAFE,1.8589237213134766,1.0002663135528564,19.96671485900879,19.969707489013672,,,0.0068518551997840405,0.0023022210225462914,,20.006330385044865,0.0008037009993131505,0.0,0.5816629167931376,0.914831935088278,1.1817824741306164,1.0967075299381093,1.1391449927123738,2.3057775168797083,0.5816629167931376,0.914831935088278,1.1817824741306164
5.739978075027466,5.739978075027466,,False,PERIODIC,True,True,1,TAKEOFF,0.0944429337978363,0.020663132891058922,-2.155289888381958,-0.007854918017983437,0.003257893957197666,-1.2301613092422485,11.235213063158474,14.48421754036065,0.06289829088106333,1.9843271124790014,3.473060183399276,-0.2137991075404325,18.39107185488952,18.256811473340225,2.2181881792630214,4.128112073999535,-4.058197339702088,PREPARATION,False,TAKEOFF,0,False,inf,inf,0.0,True,False,REACQUIRE,0,0.06172442436218262,0.8684569980686416,0.6,0,0,0.06172442436218262,inf,inf,SEARCH,,,0,,0.0,0.0,False,,0.0,0.0,0.0,False,0.0,0.12536730617284775,1.925289888381958,SAFE,1.9069812774658204,1.0000309944152832,19.595123291015625,19.600553512573242,,,0.005587526131421328,0.002276814077049494,,20.022661861736914,0.0006139479992270935,0.0,0.5816629167931376,0.9487115562466703,1.2742141309995343,1.1596382046947482,1.16772118124624,2.291252618424568,0.5816629167931376,0.9487115562466703,1.2742141309995343
5.7897210121154785,5.7897210121154785,,False,PERIODIC,True,True,1,TAKEOFF,0.09484242398899702,0.019472516405556348,-2.2302067789384594,-0.008243588489183686,0.004068911865878163,-1.2396887743441785,11.3510469480888,14.684019451643398,0.050333652894251436,2.0329598505682616,3.444862006812098,-0.2219581532001514,18.62664601492663,18.486510679524095,2.2805404318327107,4.128116303965252,-4.067015123932346,PREPARATION,False,TAKEOFF,0,False,inf,0.11168503761291504,0.0,True,False,REACQUIRE,0,0.044335126876831055,0.8512870640620245,0.6,0,0,0.044335126876831055,0.05375266075134277,inf,SEARCH,,,0,,0.0,0.0,False,,0.0,0.0,0.0,False,0.0,0.14906904846429825,2.0002067789384594,SAFE,1.98438720703125,1.0000309944152832,19.595123291015625,19.600553512573242,,,2.8713000574498437e-05,0.002276814077049494,,19.97212035334001,0.0006276559997786535,0.0,0.5816629167931376,0.9487115562466703,1.1911175663898077,1.1596382046947482,1.224989726275539,2.2815187905654937,0.5816629167931376,0.9487115562466703,1.1911175663898077
5.841302394866943,5.841302394866943,,False,PERIODIC,True,True,1,TAKEOFF,0.09507884085178375,0.018533937633037567,-2.2823896408081055,-0.008367207832634449,0.00423857057467103,-1.246840000152588,11.437447946272538,14.828363941313807,0.04087770439057595,2.0690444006268245,3.42326148853341,-0.22659990774543518,18.798350268541995,18.654232808173226,2.3232673451986816,4.128710034701415,-4.073134442003415,PREPARATION,False,TAKEOFF,0,False,inf,0.04743385314941406,0.0,True,False,REACQUIRE,0,0.04743385314941406,0.8346687597780239,0.6,0,0,0.04743385314941406,0.009685039520263672,inf,SEARCH,,,0,,0.0,0.0,False,,0.0,0.0,0.0,False,0.0,0.16562442183494586,2.0523896408081055,SAFE,2.0332029342651365,1.0001232624053955,19.628177642822266,19.62220001220703,,,0.004395483061671257,0.002276814077049494,,19.977457487117974,0.0008013499991648132,0.0,0.5816629167931376,0.9487115562466703,1.3129953566336727,1.1596382046947482,1.2929254842189013,2.258299482099547,0.5816629167931376,0.9487115562466703,1.3129953566336727
5.889744997024536,5.889744997024536,,False,PERIODIC,True,True,1,TAKEOFF,0.09519043087047589,0.017109238704658834,-2.3503690011442213,-0.008942480190785527,0.003920874448592545,-1.2555690934480241,11.558808462163078,15.026180757653755,0.027591386003747272,2.119520575510559,3.3922901600522604,-0.231599072411459,19.035268893061396,18.886152764083686,2.3779603871479686,4.130365116922405,-4.08143036952241,PREPARATION,False,TAKEOFF,0,False,inf,0.044356346130371094,0.0,True,False,REACQUIRE,0,0.044356346130371094,0.814506217942603,0.6,0,0,0.044356346130371094,0.013523578643798828,inf,SEARCH,,,0,,0.0,0.0,False,,0.0,0.0,0.0,False,0.0,0.1883780777454378,2.1203690011442213,SAFE,2.1021731376647947,1.0001232624053955,19.628177642822266,19.62220001220703,,,0.004395483061671257,0.002276814077049494,,20.006491106862256,0.0006198920000315411,0.0,0.5816629167931376,0.9487115562466703,1.2521692220183331,1.1596382046947482,1.3633282406279377,2.2478541562547885,0.5816629167931376,0.9487115562466703,1.2521692220183331
5.9408323764801025,5.9408323764801025,,False,PERIODIC,True,True,1,TAKEOFF,0.09508470445871353,0.015966957435011864,-2.4018936157226562,-0.009487883187830448,0.003652996616438031,-1.2614823579788208,11.64864653906145,15.167896461266793,0.017814748584221426,2.156678156791426,3.3687334233762143,-0.2338521990178826,19.207309736747977,19.054284524879883,2.4197083643068775,4.131835589048438,-4.087035667924211,PREPARATION,False,TAKEOFF,0,False,inf,0.0943453311920166,0.0,True,False,REACQUIRE,0,0.0463409423828125,0.7943513776482674,0.6,0,0,0.0463409423828125,0.06351256370544434,inf,SEARCH,,,0,,0.0,0.0,False,,0.0,0.0,0.0,False,0.0,0.20767126083374032,2.1718936157226563,SAFE,2.1518836498260496,0.9989950060844421,19.62839698791504,19.63258934020996,,,4.8941001296043396e-05,0.0053689382039010525,,20.0214646220389,0.0005893239995202748,0.0,0.5816629167931376,0.9487115562466703,1.4082340965011266,1.1596382046947482,1.4363141314465921,2.2414348769261037,0.5816629167931376,0.9487115562466703,1.4082340965011266
5.989805698394775,5.989805698394775,,False,PERIODIC,True,True,1,TAKEOFF,0.09459802053071595,0.01415926386840757,-2.4799857859122287,-0.010688329234943988,0.0030829983707552555,-1.270095605987312,11.775135126275224,15.362481221224389,0.004193929138479532,2.20876416414948,3.3348704423364106,-0.2355273350069694,19.446775641272755,19.287455352776064,2.484179715050708,4.134864985640617,-4.094858632012667,PREPARATION,False,TAKEOFF,0,False,inf,0.044341325759887695,0.0,True,False,REACQUIRE,0,0.044341325759887695,0.7702901515169751,0.6,0,0,0.044341325759887695,0.011275768280029297,inf,SEARCH,,,0,,0.0,0.0,False,,0.0,0.0,0.0,False,0.0,0.2401587128639222,2.2499857859122288,SAFE,2.232019472122192,0.9989950060844421,19.62839698791504,19.63258934020996,,,0.000290030991891399,0.0053689382039010525,,20.008023116296272,0.0005746699989686022,0.0,0.5816629167931376,0.9487115562466703,1.3636794405718147,1.1596382046947482,1.5116407106089593,2.245674900453961,0.5816629167931376,0.9487115562466703,1.3636794405718147
6.039748191833496,6.039748191833496,,False,PERIODIC,True,True,1,TAKEOFF,0.09407632797956467,0.012914035469293594,-2.5330939292907715,-0.011461935006082058,0.002790311351418495,-1.2758699655532837,11.869193077073628,15.50240169254106,-0.005734091338003051,2.2472615166600023,3.308990032661443,-0.235351038002478,19.62052879215723,19.45707075418533,2.5273598379527686,4.13708446455814,-4.0996773696846045,PREPARATION,False,TAKEOFF,0,False,inf,0.0943443775177002,0.0,True,False,REACQUIRE,0,0.046346187591552734,0.7462454020634425,0.6,0,0,0.046346187591552734,0.0612788200378418,inf,SEARCH,,,0,,0.0,0.0,False,,0.0,0.0,0.0,False,0.0,0.2619789361953737,2.3030939292907715,SAFE,2.2824323654174803,0.9997285604476929,19.598785400390625,19.58478546142578,,,0.006335277110338211,0.0053689382039010525,,20.015163867519597,0.0005055080000602175,0.0,0.5816629167931376,0.9487115562466703,1.5051851902162987,1.1596382046947482,1.5896422789411522,2.2507266212046773,0.5816629167931376,0.9487115562466703,1.5051851902162987
6.089741230010986,6.089741230010986,,False,PERIODIC,True,True,1,TAKEOFF,0.09322485359872124,0.011249218993871334,-2.60275459512439,-0.01293455933610786,0.002227483875045907,-1.282888086551842,12.000566492665783,15.692841903042583,-0.019311351374558524,2.300768754335517,3.272073217254375,-0.23365864220769175,19.858784278287203,19.690026257419525,2.5834432437498314,4.1407724606252865,-4.105843958743356,PREPARATION,False,TAKEOFF,0,False,inf,0.044339656829833984,0.0,True,False,REACQUIRE,0,0.044339656829833984,0.7462454020634425,0.6,0,0,0.044339656829833984,0.009319782257080078,inf,SEARCH,,,0,,0.0,0.0,False,,0.0,0.0,0.0,False,0.0,0.2942272007465361,2.37275459512439,SAFE,2.3534281730651854,0.9997285604476929,19.598785400390625,19.58478546142578,,,0.006335277110338211,0.0053689382039010525,,20.011615468139325,0.00044462299956649076,0.0,0.5816629167931376,0.9487115562466703,1.4485835705473247,1.1596382046947482,1.6703001671294715,2.256179503698146,0.5816629167931376,0.9487115562466703,1.4485835705473247
6.139734983444214,6.139734983444214,,False,PERIODIC,True,True,1,TAKEOFF,0.09258377552032471,0.010102100670337677,-2.6555895805358887,-0.013935374096035957,0.0019049914553761482,-1.287724256515503,12.098040940692178,15.829368706955538,-0.029050606815359314,2.3402013278933453,3.2439182589400373,-0.23105804710880018,20.031947101716774,19.85900797385172,2.626538973720529,4.143567679705732,-4.109642169048611,PREPARATION,False,TAKEOFF,0,False,inf,0.09436249732971191,0.0,True,False,REACQUIRE,0,0.04637432098388672,0.6907913997397992,0.6,0,0,0.04637432098388672,0.05934262275695801,inf,SEARCH,,,0,,0.0,0.0,False,,0.0,0.0,0.0,False,0.0,0.31830509901046744,2.4255895805358887,SAFE,2.404408264160156,0.998650074005127,19.637008666992188,19.621662139892578,,,5.446900104288943e-05,0.0037934649735689163,,20.02966707358483,0.00046829399980197195,0.0,0.5816629167931376,0.9487115562466703,1.5843183328846542,1.1596382046947482,1.7536046166826316,2.2878532354765055,0.5816629167931376,0.9487115562466703,1.5843183328846542
6.190104722976685,6.190104722976685,,False,PERIODIC,True,True,1,TAKEOFF,0.0917107183107932,0.008547778001128119,-2.7351874310028834,-0.01481592438572905,0.0013036348842996907,-1.2942290239750103,12.235387049703277,16.016709353224638,-0.042346473341775305,2.3954564321286838,3.203402641219695,-0.22603522373272955,20.27267876437008,20.09303640219876,2.692840957661108,4.147757089539804,-4.114195397003668,PREPARATION,False,TAKEOFF,0,False,inf,0.0962831974029541,0.0,True,False,REACQUIRE,0,0.04427599906921387,0.6589860550832315,0.6,0,0,0.04427599906921387,0.052950382232666016,inf,SEARCH,,,0,,0.0,0.0,False,,0.0,0.0,0.0,False,0.0,0.3580424904823305,2.5051874310028834,SAFE,2.4863586902618406,0.998650074005127,19.637008666992188,19.621662139892578,,,0.005106661934405565,0.0037934649735689163,,20.014440012517223,0.00047868599904177245,0.0,0.5816629167931376,0.9487115562466703,1.5236200429171105,1.1596382046947482,1.8395838774996707,2.3168048767309273,0.5816629167931376,0.9487115562466703,1.5236200429171105
6.239738464355469,6.239738464355469,,False,PERIODIC,True,True,1,TAKEOFF,0.09129288792610168,0.007597321178764105,-2.7892353534698486,-0.015324258245527744,0.0007531975279562175,-1.298513650894165,12.33765400675018,16.151338847499936,-0.051780236298564465,2.4362802434070527,3.17239017224985,-0.2210347374733023,20.44718591004249,20.26311306589668,2.737455117171284,4.150976576760323,-4.1166971395732235,PREPARATION,False,TAKEOFF,0,False,inf,0.09448814392089844,0.0,True,False,REACQUIRE,0,0.04648542404174805,0.6287898428891999,0.6,0,0,0.04648542404174805,0.05366253852844238,inf,SEARCH,,,0,,0.0,0.0,False,,0.0,0.0,0.0,False,0.0,0.3836851418018341,2.5592353534698487,SAFE,2.5377433776855467,0.9996528625488281,19.603429794311523,19.60599708557129,,,4.314599937060848e-05,0.0037934649735689163,,19.91093272983073,0.0007974189993547043,0.0,0.4822630155451108,0.9487115562466703,1.6744075333698285,0.5417075014478191,1.9282718297181092,2.360221284166391,0.4822630155451108,0.9487115562466703,1.6744075333698285
6.291022062301636,6.291022062301636,,False,PERIODIC,True,True,1,TAKEOFF,0.0910381862808342,0.006445009774464131,-2.8598704923505274,-0.01563533319580301,1.8534054466520658e-07,-1.3037119729893187,12.479843286175637,16.33344272708192,-0.064341884162681,2.492674893614725,3.128349704675425,-0.21284216001958484,20.68497828046573,20.495203006170552,2.7955286081878463,4.155500915400414,-4.118983283708631,PREPARATION,False,TAKEOFF,0,False,inf,0.09630537033081055,0.0,True,False,REACQUIRE,0,0.04430556297302246,0.6287898428891999,0.6,0,0,0.04430556297302246,0.05556058883666992,inf,SEARCH,,,0,,0.0,0.0,False,,0.0,0.0,0.0,False,0.0,0.41961801052093506,2.6298704923505274,SAFE,2.609875726699829,0.9996528625488281,19.603429794311523,19.60599708557129,,,0.005751910153776407,0.0037934649735689163,,20.018074896426544,0.00041764300112845376,0.0,0.4925346231805306,0.9487115562466703,1.618544968061344,0.5493805322070122,1.9282718297181092,2.407269790900321,0.4925346231805306,0.9487115562466703,1.618544968061344
6.339736700057983,6.339736700057983,,False,PERIODIC,True,True,1,TAKEOFF,0.09091696888208389,0.00562087120488286,-2.913485050201416,-0.01567862741649151,-0.0008272009436041117,-1.3076329231262207,12.585268413840677,16.463622921496338,-0.0730802943192027,2.5341121000531577,3.0947900000381163,-0.20565090135795974,20.857673616555967,20.663364912751664,2.840404755882213,4.159163736282159,-4.120101419560621,PREPARATION,False,TAKEOFF,0,False,inf,0.04634690284729004,0.0,True,False,REACQUIRE,0,0.04634690284729004,0.5633201560981244,0.5633201560981244,0,0,0.04634690284729004,0.012075185775756836,inf,SEARCH,,,0,,0.0,0.0,False,,0.0,0.0,0.0,False,0.0,0.44398464481681277,2.683485050201416,SAFE,2.661582040786743,0.999943733215332,19.634754180908203,19.606481552124023,,,5.6086999393301085e-05,0.0037934649735689163,,20.034506147482254,0.0004758569994010031,0.0,0.5544450979434213,0.9487115562466703,1.7894201906092773,0.5790973506413254,1.9282718297181092,2.458974171872216,0.5544450979434213,0.9487115562466703,1.7894201906092773
6.389797687530518,6.389797687530518,,False,PERIODIC,True,True,1,TAKEOFF,0.09077628781324155,0.004570158700856521,-2.994767628161655,-0.015427122401382101,-0.001976813997644128,-1.3138154254201213,12.73398416002911,16.64214382287521,-0.08474031315206038,2.5921257281740617,3.046454366856344,-0.19441788288717032,21.09805255716724,20.896400712344917,2.9100273150095948,4.1647707489339405,-4.120939989545544,PREPARATION,False,TAKEOFF,0,False,inf,0.09631991386413574,0.0,True,False,REACQUIRE,0,0.04435443878173828,0.527992009130108,0.527992009130108,0,0,0.04435443878173828,0.06204819679260254,inf,SEARCH,,,0,,0.0,0.0,False,,0.0,0.0,0.0,False,0.0,0.4839884474510403,2.764767628161655,SAFE,2.7447510242462156,0.999943733215332,19.634754180908203,19.606481552124023,,,1.571000029798597e-05,0.0037934649735689163,,20.0126507067932,0.0005906340011279099,0.0,0.6089461660627599,0.9487115562466703,1.7352594305456581,0.6162788480597181,1.9282718297181092,2.5176751141583753,0.6089461660627599,0.9487115562466703,1.7352594305456581
6.439723968505859,6.439723968505859,,False,PERIODIC,True,True,1,TAKEOFF,0.09077192842960358,0.003978952765464783,-3.049586057662964,-0.01506754755973816,-0.0027549162041395903,-1.3179866075515747,12.84428142577221,16.76960977879309,-0.09270463937678407,2.6346936168787702,3.009617579474127,-0.18511056659364628,21.27161322549989,21.06509865852652,2.95688141828618,4.168816427412215,-4.120414306848971,PREPARATION,False,TAKEOFF,0,False,inf,0.09442806243896484,0.0,True,False,REACQUIRE,0,0.046401262283325195,0.49559956245198206,0.49559956245198206,0,0,0.046401262283325195,0.052404165267944336,inf,SEARCH,,,0,,0.0,0.0,False,,0.0,0.0,0.0,False,0.0,0.5084900981198346,2.819586057662964,SAFE,2.7970510005950926,1.0009127855300903,19.534563064575195,19.546974182128906,,,0.007267787121236324,0.003650503931567073,,20.015118625048004,0.0007035950002318714,0.0,0.6408589066301182,0.9487115562466703,1.9053634078742954,0.6465349796363069,1.9282718297181092,2.5804258592615135,0.6408589066301182,0.9487115562466703,1.9053634078742954
6.490284442901611,6.490284442901611,,False,PERIODIC,True,True,1,TAKEOFF,0.09087692711954679,0.0032299404236146084,-3.121870281719013,-0.014145429573581374,-0.0039416358997991065,-1.3235000546603648,12.998515105590144,16.942672385575623,-0.10307549493773226,2.6936852723093074,2.9570356192890084,-0.17117674930954152,21.509647966985117,21.296756412630753,3.0187947867812808,4.174635602763392,-4.118506749482141,PREPARATION,False,TAKEOFF,0,False,inf,0.04494667053222656,0.0,True,False,REACQUIRE,0,0.04494667053222656,0.49559956245198206,0.49559956245198206,0,0,0.04494667053222656,0.00908803939819336,inf,SEARCH,,,0,,0.0,0.0,False,,0.0,0.0,0.0,False,0.0,0.5448240381344132,2.891870281719013,SAFE,2.8706641674041746,1.0009127855300903,19.534563064575195,19.546974182128906,,,0.006373744923621416,0.003650503931567073,,19.993561258364544,0.000710055999661563,0.0,0.6902532270782102,0.9487115562466703,1.852690647221416,0.6935176191918802,1.9282718297181092,2.6497584034305515,0.6902532270782102,0.9487115562466703,1.852690647221416
6.53972315788269,6.53972315788269,,False,PERIODIC,True,True,1,TAKEOFF,0.09105332940816879,0.0025650900788605213,-3.176640510559082,-0.013357870280742645,-0.0049186707474291325,-1.3273142576217651,13.112173178630128,17.06525865299784,-0.10995401646864814,2.7366051580218897,2.917238913163869,-0.16011375613257456,21.68155067800538,21.463575511779926,3.0666864940904337,4.178954248722797,-4.116260728234914,PREPARATION,False,TAKEOFF,0,False,inf,0.046413421630859375,0.0,True,False,REACQUIRE,0,0.046413421630859375,0.4269865365531686,0.4269865365531686,0,0,0.046413421630859375,0.011793851852416992,inf,SEARCH,,,0,,0.0,0.0,False,,0.0,0.0,0.0,False,0.0,0.5662443592182145,2.946640510559082,SAFE,2.9235318183898924,0.9953464865684509,19.61786460876465,19.62972068786621,,,0.00733452383428812,0.003650503931567073,,20.023034141916906,0.0007053649987938115,0.0,0.7237265673786796,0.9487115562466703,2.0136283049674315,0.7299102518948806,1.9282718297181092,2.7200497294794124,0.7237265673786796,0.9487115562466703,2.0136283049674315
6.5897181034088135,6.5897181034088135,,False,PERIODIC,True,True,1,TAKEOFF,0.0914804914670303,0.001543008885780173,-3.2594796540344446,-0.011836046454145882,-0.006716041719115169,-1.3329373971116383,13.272810519255707,17.233363641608058,-0.11884286983932069,2.7966287731858848,2.8598719385645244,-0.14376324356585754,21.921375482164347,21.695232278539834,3.1406367841951237,4.185562860515139,-4.112451598945641,PREPARATION,False,TAKEOFF,0,False,inf,0.04436349868774414,0.0,True,False,REACQUIRE,0,0.04436373710632324,0.4269865365531686,0.4269865365531686,0,0,0.04436373710632324,0.009224176406860352,inf,SEARCH,,,0,,0.0,0.0,False,,0.0,0.0,0.0,False,0.0,0.6059500565465341,3.0294796540344446,SAFE,3.0085752487182615,0.9953464865684509,19.61786460876465,19.62972068786621,,,0.00733452383428812,0.003650503931567073,,20.00018471336301,0.0006306079994828906,0.0,0.7681872308700041,0.9487115562466703,1.9286577473845337,0.7762509148878384,1.9282718297181092,2.7921970810382417,0.7681872308700041,0.9487115562466703,1.9286577473845337
6.640058994293213,6.640058994293213,,False,PERIODIC,True,True,1,TAKEOFF,0.09185628592967987,0.0009021803271025419,-3.3154845237731934,-0.01069664303213358,-0.007933718152344227,-1.3366584777832031,13.390622977499728,17.35166089572665,-0.12453150059613018,2.8399824684505917,2.816692945074217,-0.1311665470084789,22.092718364043595,21.861061811285065,3.1909530231770633,4.190238415462458,-4.108439655824113,PREPARATION,False,TAKEOFF,0,False,inf,0.09456491470336914,0.0,True,False,REACQUIRE,0,0.04654288291931152,0.360874320714584,0.360874320714584,0,0,0.09456515312194824,0.05942559242248535,inf,SEARCH,,,0,,0.0,0.0,False,,0.0,0.0,0.0,False,0.0,0.6265933983253626,3.0854845237731934,SAFE,3.0619497776031492,1.000629186630249,20.69017791748047,20.68531608581543,,,0.0054019237868487835,0.002779410919174552,,20.004396903090157,0.0006786820013076067,0.0,0.8012933924030325,0.9487115562466703,2.0792259754272493,0.8155277853750457,1.9282718297181092,2.8614372757741857,0.8012933924030325,0.9487115562466703,2.0792259754272493
6.689745903015137,6.689745903015137,,False,PERIODIC,True,True,1,TAKEOFF,0.09236477011734116,7.010063476073776e-05,-3.3885951057775325,-0.009080885448251093,-0.009514518338936129,-1.3414230921774268,13.557630108932507,17.514105030143487,-0.13169545099889965,2.9006623440621677,2.7542980894848275,-0.11279486021962311,22.33074529696772,22.091962116497232,3.256899654778633,4.196998108792887,-4.101407850555351,PREPARATION,False,TAKEOFF,0,False,inf,0.044347524642944336,0.0,True,False,REACQUIRE,0,0.044347524642944336,0.360874320714584,0.360874320714584,0,0,0.044347524642944336,0.011867284774780273,inf,SEARCH,,,0,,0.0,0.0,False,,0.0,0.0,0.0,False,0.0,0.6584926729440674,3.1585951057775326,SAFE,3.136937665939331,1.000629186630249,20.69017791748047,20.68531608581543,,,0.0054019237868487835,0.002779410919174552,,19.99138951986865,0.0007414880001306301,0.0,0.8422046152916189,0.9487115562466703,1.972151698505347,0.8606430265296238,1.9282718297181092,2.933698077102323,0.8422046152916189,0.9487115562466703,1.972151698505347
6.740072250366211,6.740072250366211,,False,PERIODIC,True,True,1,TAKEOFF,0.09283744543790817,-0.0006561311893165112,-3.4445688724517822,-0.007862513884902,-0.010763611644506454,-1.3448911905288696,13.68058848159657,17.628645999402714,-0.13608777382560516,2.9445287648031555,2.707204763968845,-0.09886506386108711,22.502562498797648,22.25801590062168,3.308481098626177,4.201969474144987,-4.095297912165355,PREPARATION,False,TAKEOFF,0,False,inf,0.09431052207946777,0.0,True,False,REACQUIRE,0,0.04631996154785156,0.29870557138446674,0.29870557138446674,0,0,0.04631996154785156,0.06183028221130371,inf,SEARCH,,,0,,0.0,0.0,False,,0.0,0.0,0.0,False,0.0,0.6772385214660952,3.2145688724517822,SAFE,3.19065408706665,1.0001537799835205,20.085357666015625,20.073650360107422,,,3.4530999982962385e-05,0.002779410919174552,,20.043339328511536,0.00043398799971328117,0.0,0.8785683771426942,0.7850687580056195,2.113317736480251,0.9061226862147455,0.9923067925057192,2.9987425601527438,0.8785683771426942,0.7850687580056195,2.113317736480251
6.789842367172241,6.789842367172241,,False,PERIODIC,True,True,1,TAKEOFF,0.09364073623186979,-0.0019476487458636243,-3.5288051985412006,-0.005780296870604699,-0.012956597103896845,-1.3499808616016016,13.852839971506633,17.78382532951534,-0.14130519028734828,3.005050541100384,2.6400134934186017,-0.07905403274474951,22.7403702770239,22.48664679382482,3.3875000082538524,4.20934765021757,-4.085993702953253,PREPARATION,False,TAKEOFF,0,False,inf,0.044394493103027344,0.0,True,False,REACQUIRE,0,0.044394493103027344,0.26797687345121285,0.26797687345121285,0,0,0.044394493103027344,0.01363515853881836,inf,SEARCH,,,0,,0.0,0.0,False,,0.0,0.0,0.0,False,0.0,0.7084934591038801,3.2988051985412006,SAFE,3.277043867111206,1.0001537799835205,20.085357666015625,20.073650360107422,,,0.005102985072880983,0.002779410919174552,,20.040642694545063,0.0006748029991285875,0.0,0.9145978601010274,0.8022929007174646,2.113317736480251,0.9486079208085587,1.0116598741349925,3.0988647587423848,0.9145978601010274,0.8022929007174646,2.113317736480251
6.839733123779297,6.839733123779297,,False,PERIODIC,True,True,1,TAKEOFF,0.09417413175106049,-0.0028866357170045376,-3.58567476272583,-0.004438356496393681,-0.01449220348149538,-1.3535079956054688,13.98013618015815,17.893432439996833,-0.14425565650643057,3.048814138906851,2.589183590231729,-0.06422201318132352,22.91160282333414,22.65167054478678,3.4414191062193993,4.214704827616013,-4.077869854112509,PREPARATION,False,TAKEOFF,0,False,inf,0.09440183639526367,0.0,True,False,REACQUIRE,0,0.04643511772155762,0.24137558164931344,0.24137558164931344,0,0,0.04643511772155762,0.06364250183105469,inf,SEARCH,,,0,,0.0,0.0,False,,0.0,0.0,0.0,False,0.0,0.7261988074180166,3.35567476272583,SAFE,3.3312774181365965,1.0002508163452148,20.006153106689453,19.997724533081055,,,5.0934999308083206e-05,0.003761759027838707,,19.993079723670636,0.0007707980003033299,0.0,0.9511507263899425,1.051080285456311,2.113317736480251,0.9954353996452447,1.0706386512225312,3.224570600959632,0.9511507263899425,1.051080285456311,2.113317736480251
6.8897058963775635,6.8897058963775635,,False,PERIODIC,True,True,1,TAKEOFF,0.09497794561915134,-0.004221791890114894,-3.6600710912049172,-0.0026211217769395515,-0.0165324772123334,-1.3512334756244146,14.158577614768461,18.041758018742264,-0.1474387812499459,3.1090542990345393,2.5167004918453935,-0.04335528143695104,23.14693951097612,22.87885973950293,3.5126323099549714,4.22022968223702,-4.064041537398473,PREPARATION,False,TAKEOFF,0,False,inf,0.09636116027832031,0.0,True,False,REACQUIRE,0,0.04436516761779785,0.24137558164931344,0.24137558164931344,0,0,0.04436516761779785,0.05581784248352051,inf,SEARCH,,,0,,0.0,0.0,False,,0.0,0.0,0.0,False,0.0,0.7509135612667261,3.4300710912049173,SAFE,3.4074662208557127,1.0002508163452148,20.006153106689453,19.997724533081055,,,3.325800207676366e-05,0.003761759027838707,,19.99632551556073,0.0005827669992868323,0.0,0.9813598334571209,1.1802439848240287,2.113317736480251,1.033028122167496,1.1405506753003225,3.3536235297192176,0.9813598334571209,1.1802439848240287,2.113317736480251
6.939692974090576,6.939692974090576,,False,PERIODIC,True,True,1,TAKEOFF,0.09562546759843826,-0.005287409294396639,-3.7160425186157227,-0.0012447129702195525,-0.01782558113336563,-1.3410958051681519,14.29021722725146,18.146083127971075,-0.14887608474118053,3.1523570349450276,2.462056587105372,-0.02798237440037549,23.31701876251078,23.042540823535898,3.567166433874542,4.2212896648850435,-4.0511801540694385,PREPARATION,False,TAKEOFF,0,False,inf,0.09424662590026855,0.0,True,False,REACQUIRE,0,0.04624485969543457,0.19207009775667486,0.19207009775667486,0,0,0.04624485969543457,0.05299520492553711,inf,SEARCH,,,0,,0.0,0.0,False,,0.0,0.0,0.0,False,0.0,0.7646731786042347,3.4860425186157227,SAFE,3.4618788242340086,1.0001182556152344,19.96590232849121,19.95119285583496,,,5.049299943493679e-05,0.003761759027838707,,20.008450111551717,0.00035346699951332994,0.0,1.0089138110456748,1.253956889309518,2.113317736480251,1.073277419318485,1.2137822516370855,3.486252675239879,1.0089138110456748,1.253956889309518,2.113317736480251
6.989818811416626,6.989818811416626,,False,PERIODIC,True,True,1,TAKEOFF,0.09642198694937035,-0.006932557173475127,-3.7989372214470083,0.00014945776951761627,-0.019700529320878936,-1.3133909957460563,14.474631607982666,18.286883728522614,-0.14994128645732832,3.211719255879121,2.384294323571497,-0.006591847397657277,23.552320427820803,23.267931283231302,3.64899593498968,4.2191344888480256,-4.030319179439158,PREPARATION,False,TAKEOFF,0,False,inf,0.09631943702697754,0.0,True,False,REACQUIRE,0,0.04432106018066406,0.19207009775667486,0.19207009775667486,0,0,0.04432106018066406,0.05150914192199707,inf,SEARCH,,,0,,0.0,0.0,False,,0.0,0.0,0.0,False,0.0,0.7881946936658721,3.5689372214470083,SAFE,3.5483119964599608,1.0001182556152344,19.96590232849121,19.95119285583496,,,0.006585496943444014,0.003761759027838707,,19.99956232326041,0.0005937030000495724,0.0,1.0463260960299794,1.3205865309147968,2.113317736480251,1.1155275491919772,1.29138680914634,3.622603331314185,1.0463260960299794,1.3205865309147968,2.113317736480251
7.039707183837891,7.039707183837891,,False,PERIODIC,True,True,1,TAKEOFF,0.09686597436666489,-0.008075066842138767,-3.854111671447754,0.0008212274988181889,-0.020817967131733894,-1.2878235578536987,14.611449044402573,18.38619575780531,-0.1498288353216937,3.2544242100812713,2.3254580446983697,0.009046307164639639,23.722226543844226,23.4312253385829,3.70428283612606,4.215781652167424,-4.012553364851124,PREPARATION,False,TAKEOFF,0,False,inf,0.09447860717773438,0.0,True,False,REACQUIRE,0,0.04648137092590332,0.14819361510669202,0.14819361510669202,1,0,0.04648137092590332,0.052202701568603516,inf,SEARCH,,,0,,0.0,0.0,False,,0.0,0.0,0.0,False,0.0,0.7991608691148007,3.624111671447754,SAFE,3.6016157150268553,0.9988790154457092,19.980833053588867,19.990333557128906,,,0.005005904007703066,0.003761759027838707,,19.91431114611816,0.0007079700008034706,0.0,1.072574307226279,1.3707762773450414,2.113317736480251,1.1545215845186634,1.369862506295436,3.762469139872617,1.072574307226279,1.3707762773450414,2.113317736480251
7.089751958847046,7.089751958847046,,False,PERIODIC,True,True,1,TAKEOFF,0.09754605007087155,-0.009467700804352278,-3.923904762310501,0.0016420790568203159,-0.02202843195232627,-1.24745837722315,14.800912713595245,18.518362715154645,-0.1487511029147175,3.312056494381405,2.2428289676268136,0.030341563882202802,23.952479544227245,23.653107431468182,3.7751536593957833,4.2096550133123785,-3.985433813640923,PREPARATION,False,TAKEOFF,0,False,inf,0.04664802551269531,0.0,True,False,REACQUIRE,0,0.046648263931274414,0.12857324029120346,0.12857324029120346,2,0,0.046648263931274414,0.009895086288452148,inf,SEARCH,,,0,,0.0,0.0,False,,0.0,0.0,0.0,False,0.0,0.8149686430020209,3.693904762310501,SAFE,3.674826431274414,0.9988790154457092,19.980833053588867,19.990333557128906,,,2.336899888177868e-05,0.003761759027838707,,19.94155445569578,0.0007472549987141974,0.0,1.1051782295832453,1.4286639258845175,2.113317736480251,1.1907032653419332,1.4499776010342353,3.906215241781977,1.1051782295832453,1.4286639258845175,2.113317736480251
7.139710426330566,7.139710426330566,,False,PERIODIC,True,True,1,TAKEOFF,0.09817060828208923,-0.010446317493915558,-3.975543975830078,0.001960539259016514,-0.02261674590408802,-1.2130943536758423,14.941194147550199,18.611111535342577,-0.14709144101980828,3.353205619845661,2.180587803859341,0.045678271250118016,24.11917936964479,23.813394647840607,3.82845253481027,4.203505965205409,-3.9631888126760764,PREPARATION,False,TAKEOFF,0,False,inf,0.04638791084289551,0.0,True,True,TARGET_LOCK,0,0.04638814926147461,0.11249926072636654,0.11249926072636654,3,0,0.04638814926147461,0.009202957153320312,inf,VISION,,,0,,0.0,0.0,False,,0.0,0.0,0.0,False,0.0,0.8242483531080675,3.745543975830078,SAFE,3.72580509185791,0.9959628582000732,20.02483367919922,20.011459350585938,,,0.0072211590595543385,0.002832252997905016,,19.997956334209622,0.000648817000183044,0.0,1.1249237112463066,1.468712714481821,2.113317736480251,1.2238523765228908,1.530913973077082,4.05351423860166,1.1249237112463066,1.468712714481821,2.113317736480251
7.18996524810791,7.18996524810791,,False,PERIODIC,True,True,1,TAKEOFF,0.09916809857106007,-0.011784574691951204,-4.049827914207992,0.002412094410518454,-0.023104597524496322,-1.1552948983124933,15.137037866318401,18.73523422636159,-0.14389720416562377,3.4089372866886345,2.092641052694878,0.06652456216833304,24.34839903957623,24.0330655780486,3.9059307100423677,4.192092119223684,-3.928929687831462,PREPARATION,False,TAKEOFF,0,False,inf,0.0443570613861084,0.0,True,True,TRACKING,0,0.0443570613861084,0.11249926072636654,0.11249926072636654,3,0,0.0443570613861084,0.009360551834106445,inf,VISION,,,0,,0.0,0.0,False,,0.0,0.0,0.0,False,0.0,0.8394918966496494,3.8198279142079916,SAFE,3.804716396331787,0.9959628582000732,20.02483367919922,20.011459350585938,,,0.006703171879053116,0.002832252997905016,,20.104837490990363,0.0006136360007076291,0.0,1.1648610523832388,1.5233074805163316,2.113317736480251,1.263058171418604,1.6117620012633314,4.204821494880612,1.1648610523832388,1.5233074805163316,2.113317736480251
7.240658283233643,7.240658283233643,,False,PERIODIC,True,True,1,TAKEOFF,0.09981735795736313,-0.012714679352939129,-4.0979766845703125,0.002157989190891385,-0.023401474580168724,-1.115396499633789,15.28072527760586,18.821207956694693,-0.14074415750567573,3.4481087480821024,2.0271706195570967,0.08120094616413752,24.51196231228198,24.190423872381274,3.9572325270646367,4.184646698736648,-3.902918520455142,PREPARATION,False,TAKEOFF,0,False,inf,0.04637575149536133,0.0,True,True,TRACKING,0,0.04637575149536133,0.08232641738519081,0.08232641738519081,3,0,0.04637575149536133,0.01169586181640625,inf,VISION,,,0,,0.0,0.0,False,,0.0,0.0,0.0,False,0.0,0.8461690102202715,3.8679766845703125,SAFE,3.852103519439697,1.0006014108657837,20.018388748168945,20.029949188232422,,,0.006523862015455961,0.002832252997905016,,19.992272201928238,0.0006581529996765312,0.0,1.18477475943072,1.549104763882491,2.113317736480251,1.2959447330982017,1.6913734350155856,4.359815078066863,1.18477475943072,1.549104763882491,2.113317736480251
7.289690971374512,7.289690971374512,,False,PERIODIC,True,True,1,TAKEOFF,0.10046777831283524,-0.013898558209112016,-4.158038087457687,0.0012243192431651278,-0.023557072264789435,-1.0612396042452783,15.48289650351785,18.936815841832818,-0.13549157176874307,3.5012986065638803,1.9341427216402185,0.10109430843879473,24.73721023536911,24.40796365447083,4.022546515688943,4.175419574652922,-3.8652295167372226,PREPARATION,False,TAKEOFF,0,False,inf,0.04445910453796387,0.0,True,True,TRACKING,0,0.04445910453796387,0.06873745315931915,0.06873745315931915,3,0,0.04445910453796387,0.011271953582763672,inf,VISION,,,0,,0.0,0.0,False,,0.0,0.0,0.0,False,0.0,0.8554705833222918,3.928038087457687,SAFE,3.9158957481384276,1.0006014108657837,20.018388748168945,20.029949188232422,,,0.0068152048625051975,0.002832252997905016,,19.990687442069312,0.0006191760003275704,0.0,1.224819531006289,1.5955447689794857,2.113317736480251,1.3334163753820516,1.7698485849918006,4.359815078066863,1.224819531006289,1.5955447689794857,2.113317736480251
7.339710235595703,7.339710235595703,,False,PERIODIC,True,True,1,TAKEOFF,0.10071315616369247,-0.014680636115372181,-4.201596260070801,1.0756419214885682e-05,-0.023409338667988777,-1.0191115140914917,15.629751927207002,19.015729588724383,-0.13093456844957857,3.5380312510664074,1.8657817423779708,0.11475458392218091,24.89734614544057,24.562319892026725,4.070661691621222,4.16800723241598,-3.8361407448897156,PREPARATION,False,TAKEOFF,0,False,inf,0.046378135681152344,0.0,True,True,TRACKING,0,0.046378135681152344,0.05735121095296563,0.05735121095296563,3,0,0.046378135681152344,0.00902557373046875,inf,VISION,,,0,,0.0,0.0,False,,0.0,0.0,0.0,False,0.0,0.8610373537744671,3.971596260070801,SAFE,3.9595621109008787,1.0001624822616577,20.015583038330078,20.025423049926758,,,0.006906085181981325,0.002012866083532572,,19.998071756069614,0.0007059870004013646,0.0,1.2439364510415765,1.6089490461600038,2.113317736480251,1.366293745880483,1.8446706718298784,4.359815078066863,1.2439364510415765,1.6089490461600038,2.113317736480251
7.389752149581909,7.389752149581909,,False,PERIODIC,True,True,1,TAKEOFF,0.10082231260611613,-0.015665459635696495,-4.2631974355940345,-0.002142392129681135,-0.022823957101732836,-0.9557309625860461,15.837040543437965,19.121820035457503,-0.12376912385870416,3.587776804441289,1.7685750200410093,0.13311239836949249,25.119848367999023,24.776438712681596,4.1394283117353305,4.157187751102153,-3.7930886957922203,PREPARATION,False,TAKEOFF,0,False,inf,0.044365882873535156,0.0,True,True,TRACKING,0,0.044365882873535156,0.05735121095296563,0.05735121095296563,3,0,0.044365882873535156,0.009405136108398438,inf,VISION,,,0,,0.0,0.0,False,,0.0,0.0,0.0,False,0.0,0.8692749831167053,4.033197435594034,SAFE,4.026030826568603,1.0001624822616577,20.015583038330078,20.025423049926758,,,0.005222884938120842,0.002012866083532572,,20.00178604012366,0.0006961019989830675,0.0,1.279640548796184,1.6589536680848032,2.113317736480251,1.399769964746638,1.9196489636999432,4.359815078066863,1.279640548796184,1.6589536680848032,2.113317736480251
7.44084906578064,7.44084906578064,,False,PERIODIC,True,True,1,TAKEOFF,0.10076557844877243,-0.016243012621998787,-4.303032398223877,-0.003632944542914629,-0.02240613102912903,-0.9131309986114502,15.988251166705611,19.194145222106908,-0.117876056922738,3.621975283731563,1.697073777297142,0.1455516284040128,25.277791597511296,24.928923250836156,4.185156341301139,4.14999458852824,-3.7607884778739344,PREPARATION,False,TAKEOFF,0,False,inf,0.046390533447265625,0.0,True,True,TRACKING,0,0.046390533447265625,0.03702447474134647,0.03702447474134647,3,0,0.046390533447265625,0.011937856674194336,inf,VISION,,,0,,0.0,0.0,False,,0.0,0.0,0.0,False,0.0,0.8725389887828028,4.0730323982238765,SAFE,4.06537275314331,0.9994919896125793,20.03533172607422,20.015493392944336,,,3.50560003425926e-05,0.002012866083532572,,20.01326888579883,0.0005816900011268444,0.0,1.3020034610574829,1.6666540457132362,2.113317736480251,1.4339317280267965,1.9920775327034728,4.359815078066863,1.3020034610574829,1.6666540457132362,2.113317736480251
7.48969030380249,7.48969030380249,,False,PERIODIC,True,True,1,TAKEOFF,0.1003311242939217,-0.016963433542122538,-4.3518405150657635,-0.005976046397424278,-0.02183708793638472,-0.8567956927718123,16.20000074678176,19.290180184257938,-0.10898292265387144,3.667601840518584,1.5964638233999198,0.16189662552586562,25.49445032121898,25.138917173013148,4.242857592411892,4.14147393692498,-3.7149388854250067,PREPARATION,False,TAKEOFF,0,False,inf,0.04440665245056152,0.0,True,True,TRACKING,0,0.04440665245056152,0.027773907704640347,0.0,3,0,0.04440665245056152,0.013532400131225586,inf,VISION,,,0,,0.0,0.0,False,,0.0,0.0,0.0,False,0.0,0.8757128715515137,4.121840515065763,SAFE,4.117625045776367,0.9994919896125793,20.03533172607422,20.015493392944336,,,0.00492534413933754,0.002012866083532572,,19.999120650557977,0.0005612830009340541,0.0,1.3382453981368516,1.7168871716363667,2.113317736480251,1.4672483916670647,2.058192903140219,4.359815078066863,1.3382453981368516,1.7168871716363667,2.113317736480251
7.53988242149353,7.53988242149353,,False,PERIODIC,True,True,1,TAKEOFF,0.09972696006298065,-0.017414575442671776,-4.386274814605713,-0.007865464314818382,-0.02115282602608204,-0.8138552904129028,16.354549722906953,19.355273025952567,-0.10192077041157306,3.6986783081402237,1.5226780938439575,0.17274073965221745,25.64909311318289,25.288738362218137,4.2843540441941395,4.134640537315461,-3.6798296329191182,PREPARATION,False,TAKEOFF,0,False,inf,0.04635262489318848,0.0,True,True,TRACKING,0,0.04635262489318848,0.019555367075438066,0.0,3,0,0.04635262489318848,0.014030218124389648,inf,VISION,,,0,,0.0,0.0,False,,0.0,0.0,0.0,False,0.0,0.8786511421203613,4.1562748146057125,SAFE,4.152840423583984,1.0004589557647705,20.07710838317871,20.063064575195312,,,0.003999944776296616,0.004110395908355713,,19.99714340058788,0.0006706660005875165,0.0,1.3596236518641132,1.71547479800147,2.113317736480251,1.5010816207994173,2.1239191681620624,4.359815078066863,1.3596236518641132,1.71547479800147,2.113317736480251
7.590780735015869,7.590780735015869,,False,PERIODIC,True,True,1,TAKEOFF,0.0985495514712393,-0.017906397702705783,-4.434415726955931,-0.01086221689511993,-0.019848130568636255,-0.7500771850925466,16.57036053952481,19.440981318994137,-0.09152162341673178,3.7396828100285697,1.4194268140262873,0.18667903209561426,25.861740034107008,25.4944870196907,4.342894103539199,4.124998494007169,-3.62903622317383,PREPARATION,False,TAKEOFF,0,False,inf,0.04435539245605469,0.0,True,True,TRACKING,0,0.04435539245605469,0.012148982061925113,0.0,3,0,0.04435539245605469,0.015030622482299805,inf,VISION,,,0,,0.0,0.0,False,,0.0,0.0,0.0,False,0.0,0.8823044300079346,4.20441572695593,SAFE,4.205484676361084,1.0004589557647705,20.07710838317871,20.063064575195312,,,0.00691648293286562,0.004110395908355713,,20.00609432955722,0.0006688869998470182,0.0,1.393807890629927,1.7795945050784392,2.113317736480251,1.5327087570822568,2.187899754147248,4.359815078066863,1.393807890629927,1.7795945050784392,2.113317736480251
7.639744520187378,7.639744520187378,,False,PERIODIC,True,True,1,TAKEOFF,0.09758006036281586,-0.018209466710686684,-4.465123176574707,-0.01283669751137495,-0.018889430910348892,-0.707302987575531,16.72759417892472,19.498517357328893,-0.08347948113024849,3.7672423655544645,1.3441124509222115,0.1956403430359255,26.01266608753479,25.64098273287813,4.381643695444459,4.118504402231898,-3.5913458164569803,PREPARATION,False,TAKEOFF,0,False,inf,0.0463404655456543,0.0,True,True,TRACKING,0,0.0463404655456543,0.005556153107587707,0.0,3,0,0.0463404655456543,0.015015125274658203,inf,VISION,,,0,,0.0,0.0,False,,0.0,0.0,0.0,False,0.0,0.8839702010154724,4.235123176574707,SAFE,4.236079978942871,1.000051498413086,19.978893280029297,19.97096061706543,,,0.003721501911059022,0.004110395908355713,,20.011665719969486,0.0004597490005835425,0.0,1.410792654370406,1.780934756425855,2.113317736480251,1.5635136081513434,2.2532898002477166,4.359815078066863,1.410792654370406,1.780934756425855,2.113317736480251
7.689803123474121,7.689803123474121,,False,PERIODIC,True,True,1,TAKEOFF,0.09616616430988724,-0.018473170722408998,-4.5024687284498555,-0.015066366888834637,-0.01765006313517241,-0.6515772683956191,16.947641757132377,19.573934862803668,-0.07180048555323416,3.8033434110307196,1.238781214649791,0.20687268516345905,26.21956336948199,25.842497600032186,4.430668242896621,4.110451205241779,-3.5380398626995397,PREPARATION,False,TAKEOFF,0,False,inf,0.044341087341308594,0.0,True,True,TRACKING,0,0.044341087341308594,0.005556153107587707,0.0,3,0,0.044341087341308594,0.016247034072875977,inf,VISION,,,0,,0.0,0.0,False,,0.0,0.0,0.0,False,0.0,0.8856075406074524,4.272468728449855,SAFE,4.276319789886474,1.000051498413086,19.978893280029297,19.97096061706543,,,3.492800169624388e-05,0.004110395908355713,,19.992081616249394,0.0006430320008803392,0.0,1.4431148849531195,1.8536854256791762,2.113317736480251,1.5925675468097853,2.310083029419645,4.359815078066863,1.4431148849531195,1.8536854256791762,2.113317736480251
7.740011215209961,7.740011215209961,,False,PERIODIC,True,True,1,TAKEOFF,0.09494777023792267,-0.018583592027425766,-4.528751850128174,-0.016701089218258858,-0.01663786545395851,-0.6092235445976257,17.107767421685647,19.623985812220038,-0.06294730483823373,3.827242085919542,1.162325008311022,0.2137616565961353,26.366834765100204,25.98589165861669,4.46580454528994,4.1040415729849276,-3.497934580917807,PREPARATION,False,TAKEOFF,0,False,inf,0.04647517204284668,0.0,True,True,TRACKING,0,0.04647517204284668,-0.006519194375058211,0.0,3,0,0.04647517204284668,0.013919353485107422,inf,VISION,,,0,,0.0,0.0,False,,0.0,0.0,0.0,False,0.0,0.8863720893859863,4.298751850128173,SAFE,4.30328254699707,1.0003573894500732,19.997716903686523,19.990394592285156,,,3.689699951792136e-05,0.0037589019630104303,,19.999612514574622,0.0006808229991293047,0.0,1.458292125721398,1.8553215315184617,2.3026484186597247,1.6210135667314356,2.3722578626643536,3.125806969747348,1.458292125721398,1.8553215315184617,2.3026484186597247
7.789769411087036,7.789769411087036,,False,PERIODIC,True,True,1,TAKEOFF,0.0928915647528463,-0.01868453528805719,-4.565185299039673,-0.01898488996647535,-0.014906234984091384,-0.5456812622227163,17.330820962241862,19.688703133847447,-0.050312235573991095,3.8580384602969784,1.0561909102379743,0.2219701340631949,26.568993534449476,26.18257700560451,4.514873063465681,4.094856263559275,-3.4403346874678817,PREPARATION,False,TAKEOFF,0,False,inf,0.04434633255004883,0.0,True,True,TRACKING,0,0.04434633255004883,-0.011111963190156306,0.0,3,0,0.04434633255004883,0.012327432632446289,inf,VISION,,,0,,0.0,0.0,False,,0.0,0.0,0.0,False,0.0,0.887050986289978,4.335185299039672,SAFE,4.343304443359375,1.0003573894500732,19.997716903686523,19.990394592285156,,,3.689699951792136e-05,0.0037589019630104303,,20.010404475360684,0.0006798049998906208,0.0,1.489089360504324,1.9324546924625032,2.4149083590515033,1.6477060998546604,2.4271708701984958,3.186412659826002,1.489089360504324,1.9324546924625032,2.4149083590515033
7.839763164520264,7.839763164520264,,False,PERIODIC,True,True,1,TAKEOFF,0.09144984185695648,-0.018696153536438942,-4.5875654220581055,-0.020383916795253754,-0.013785195536911488,-0.5037378668785095,17.493375127103167,19.731145609856473,-0.04086850224837295,3.8781104815020413,0.9793192760765191,0.2266048148830546,26.712463499141325,26.322675648808012,4.546696919809732,4.088754761280829,-3.3982493317208453,PREPARATION,False,TAKEOFF,0,False,inf,0.09447240829467773,0.0,True,True,TRACKING,0,0.046478271484375,-0.016667087349735484,0.0,3,0,0.046478271484375,0.062453508377075195,inf,VISION,,,0,,0.0,0.0,False,,0.0,0.0,0.0,False,0.0,0.8871753215789795,4.357565422058105,SAFE,4.366249370574951,1.0003573894500732,20.002256393432617,20.005859375,,,4.677599645219743e-05,0.0037589019630104303,,19.92439848108912,0.0006080760012991959,0.0,1.4982381828861757,1.9270721061087448,3.65093942564417,1.6724237873110837,2.4855737603513597,3.318957448902442,1.4982381828861757,1.9270721061087448,3.65093942564417
7.889660835266113,7.889660835266113,,False,PERIODIC,True,True,1,TAKEOFF,0.08949558868721784,-0.018610129598555993,-4.613998709858116,-0.021889782795669294,-0.012263827884034795,-0.4483871113107741,17.718612546697656,19.785092097357985,-0.027608494967817924,3.9034679157060257,0.8734633541561162,0.23159404158292834,26.907384893675864,26.513626432707667,4.586390214890298,4.081092999489471,-3.3396008789921137,PREPARATION,False,TAKEOFF,0,False,inf,0.0964808464050293,0.0,True,True,TRACKING,0,0.0964808464050293,-0.016667087349735484,0.0,3,0,0.0964808464050293,0.05422210693359375,inf,VISION,,,0,,0.0,0.0,False,,0.0,0.0,0.0,False,0.0,0.88714998960495,4.3839987098581155,SAFE,4.387565422058105,1.0003573894500732,20.002256393432617,20.005859375,,,2.645299900905229e-05,0.0037589019630104303,,19.95993474907372,0.0006007760002830764,0.0,1.5243781137507955,2.013156789395118,4.047376547425648,1.6949322565478007,2.541285764534339,3.466350023451132,1.5243781137507955,2.013156789395118,4.047376547425648
7.939802169799805,7.939802169799805,,False,PERIODIC,True,True,1,TAKEOFF,0.08791829645633698,-0.01848781108856201,-4.631930828094482,-0.023023013025522232,-0.011183601804077625,-0.4057227373123169,17.88238413334473,19.819735256828533,-0.017854936666675307,3.919593227335093,0.7972397452625436,0.23384312378064856,27.046031229082047,26.64954237717087,4.614075891427807,4.075146085419915,-3.2960635649296726,PREPARATION,False,TAKEOFF,0,False,inf,0.09438157081604004,0.0,True,True,TRACKING,0,0.09438157081604004,-0.025923172872899296,0.0,3,0,0.09438157081604004,0.048906564712524414,inf,VISION,,,0,,0.0,0.0,False,,0.0,0.0,0.0,False,0.0,0.886887788772583,4.401930828094482,SAFE,4.414644050598144,0.9997968077659607,19.987979888916016,19.98097801208496,,,0.001872719032689929,0.0027467170730233192,,19.994268554501044,0.000699454998539295,0.0,1.5294173762867334,2.0056350077418577,4.1308317355929995,1.7160994543192403,2.5964219320992585,3.631725357228684,1.5294173762867334,2.0056350077418577,4.1308317355929995
7.989657640457153,7.989657640457153,,False,PERIODIC,True,True,1,TAKEOFF,0.08541732802707665,-0.01837264164407103,-4.655573295591804,-0.024697527391642268,-0.009644352176677931,-0.3477542485286866,18.111235046984497,19.863408054693753,-0.004181168016767383,3.9397471000181947,0.6916594450292886,0.23552789482467357,27.23693736121625,26.836827459562926,4.651392127575036,4.068029778471283,-3.2352608999047106,PREPARATION,False,TAKEOFF,0,False,inf,0.1443474292755127,0.0,True,False,REACQUIRE,0,0.1443474292755127,-0.025923172872899296,0.0,3,0,inf,0.09887242317199707,inf,SEARCH,,,0,,0.0,0.0,False,,0.0,0.0,0.0,False,0.0,0.8863873481750488,4.4255732955918035,SAFE,4.441491413116455,0.9997968077659607,19.987979888916016,19.98097801208496,,,3.8296999264275655e-05,0.0027467170730233192,,20.07447618347093,0.0006904830006533302,0.0,1.552323720178691,2.0891466476379392,4.150049926852829,1.733872273401116,2.6477958910661723,3.783365236154734,1.552323720178691,2.0891466476379392,4.150049926852829
8.039676189422607,8.039676189422607,,False,PERIODIC,True,True,1,TAKEOFF,0.08370888233184814,-0.018331192433834076,-4.669788837432861,-0.025692736729979515,-0.008700497448444366,-0.3144923448562622,18.276386788781608,19.890465057268756,0.005673809540419409,3.952068583482889,0.6164621109970805,0.23535190500021363,27.371402018954736,26.969124893477673,4.675462646973281,4.063956459742188,-3.1924978367270214,PREPARATION,False,TAKEOFF,0,False,inf,inf,0.0,True,False,REACQUIRE,0,0.1944432258605957,-0.03433398415882953,-0.03433398415882953,3,0,inf,inf,inf,SEARCH,,,0,,0.0,0.0,False,,0.0,0.0,0.0,False,0.0,0.8842667570711376,4.439788837432861,SAFE,4.456234264373779,0.9983389973640442,20.074914932250977,20.07286834716797,,,0.002614391967654228,0.0027467170730233192,,20.04239668423806,0.0007703399987804005,0.0,1.5516429985565747,2.06717390444095,4.1096335134091255,1.7496837163429548,2.695963793780259,3.9511720430459056,1.5516429985565747,2.06717390444095,4.1096335134091255
8.089729309082031,8.089729309082031,,False,PERIODIC,True,True,1,TAKEOFF,0.08141302391316686,-0.01827039665725345,-4.686370318760331,-0.02696196644073567,-0.007443041076447191,-0.27863450683185087,18.506475904095332,19.923580057042155,0.019316373388749235,3.9669842048684796,0.5128706643238587,0.23365761795780313,27.555468221408375,27.15069689080518,4.70568669214908,4.060144774815847,-3.1346015603373756,PREPARATION,False,TAKEOFF,0,False,inf,inf,0.0,True,False,REACQUIRE,0,0.24445891380310059,-0.038873878346089234,-0.038873878346089234,3,0,inf,inf,inf,SEARCH,,,0,,0.0,0.0,False,,0.0,0.0,0.0,False,0.0,0.8833644387547208,4.456370318760331,SAFE,4.474896240234375,0.9983389973640442,20.074914932250977,20.07286834716797,,,0.003602423006668687,0.0027467170730233192,,19.98782949148674,0.0008547699999326142,0.0,1.5708103761808927,2.142897916147231,4.103676664385281,1.7626395720621475,2.7423366398173954,4.105100877853948,1.5708103761808927,2.142897916147231,4.103676664385281
8.13976764678955,8.13976764678955,,False,PERIODIC,True,True,1,TAKEOFF,0.07970068603754044,-0.018086669966578484,-4.6977925300598145,-0.02744818478822708,-0.006246877368539572,-0.2553085684776306,18.673370251285586,19.943274740775,0.029073089396069944,3.9757099861798593,0.4389454206517771,0.231051652019824,27.68616542347944,27.279671868845387,4.726865619455884,4.057094747240629,-3.0924832927132657,PREPARATION,False,TAKEOFF,0,False,inf,inf,0.0,True,False,REACQUIRE,0,0.29441237449645996,-0.04409897414772816,-0.04409897414772816,3,0,inf,inf,inf,SEARCH,,,0,,0.0,0.0,False,,0.0,0.0,0.0,False,0.0,0.8825344760266702,4.467792530059814,SAFE,4.486850547790527,1.0000790357589722,20.02058219909668,20.01969337463379,,,2.095400122925639e-05,0.001989031909033656,,19.993355600084598,0.0006455069997173268,0.0,1.4665662881360826,2.1095372288015963,4.0207579898196375,1.6706178843585198,2.7866601392241477,4.270843156128132,1.4665662881360826,2.1095372288015963,4.0207579898196375
8.189723253250122,8.189723253250122,,False,PERIODIC,True,True,1,TAKEOFF,0.07728066740109939,-0.017490753258254606,-4.713239570546842,-0.027989955362901615,-0.004166945607045658,-0.22715158792192794,18.90428799278203,19.966098201461993,0.042354566692013096,3.985690621867472,0.33803885391724403,0.22603148215898944,27.86423707800565,27.455418997734572,4.755594137238855,4.053654089864152,-3.0346873728973875,PREPARATION,False,TAKEOFF,0,False,inf,inf,0.0,True,False,REACQUIRE,0,0.3443715572357178,-0.04778068818633392,-0.04778068818633392,3,0,inf,inf,inf,SEARCH,,,0,,0.0,0.0,False,,0.0,0.0,0.0,False,0.0,0.8812006338774401,4.483239570546842,SAFE,4.503961372375488,1.0000790357589722,20.02058219909668,20.01969337463379,,,0.0035511311143636703,0.001989031909033656,,19.99187097314767,0.0008057260001805844,0.0,1.4665662881360826,2.1850479023461378,4.023723659858426,1.7821553243207882,2.8276580289810327,4.42519393492344,1.4665662881360826,2.1850479023461378,4.023723659858426
8.23970627784729,8.23970627784729,,False,PERIODIC,True,True,1,TAKEOFF,0.07577060163021088,-0.016850881278514862,-4.722715854644775,-0.027689898386597633,-0.0026003236416727304,-0.21118123829364777,19.072659584878064,19.978554185712632,0.051774834746093776,3.991032620738825,0.2658601759081487,0.2210358206654318,27.99095882920017,27.58075442831285,4.774490689390869,4.050804032732212,-2.992924208787424,PREPARATION,False,TAKEOFF,0,False,inf,inf,0.0,True,False,REACQUIRE,0,0.3943915367126465,-0.05181155118988894,-0.05181155118988894,3,0,inf,inf,inf,SEARCH,,,0,,0.0,0.0,False,,0.0,0.0,0.0,False,0.0,0.8801152082376271,4.492715854644775,SAFE,4.513671207427978,1.0004494190216064,20.043317794799805,20.041648864746094,,,0.00380142405629158,0.001989031909033656,,20.007224432923692,0.00045698599933530204,0.0,1.5718751402174185,2.14848771711253,3.86928071188902,1.7891781951326367,2.866979739873508,4.575748329724591,1.5718751402174185,2.14848771711253,3.86928071188902
8.290053129196167,8.290053129196167,,False,PERIODIC,True,True,1,TAKEOFF,0.07392140258213092,-0.0156762302435612,-4.734196159709778,-0.027222379925797752,-3.57258955169977e-05,-0.19342737253243333,19.30356712780879,19.99138005775983,0.06434921477819007,3.996453229379619,0.1684089824837437,0.21283669179138268,28.161811265259267,27.749983351870032,4.798545374487968,4.047639993707592,-2.936367089812584,PREPARATION,False,TAKEOFF,0,False,inf,inf,0.0,True,False,REACQUIRE,0,0.44432973861694336,-0.05181155118988894,-0.05181155118988894,3,0,inf,inf,inf,SEARCH,,,0,,0.0,0.0,False,,0.0,0.0,0.0,False,0.0,0.8786069773993423,4.504196159709777,SAFE,4.5261695861816404,1.0004494190216064,20.043317794799805,20.041648864746094,,,0.00380142405629158,0.001989031909033656,,20.001745878324126,0.0005978760000289185,0.0,1.585288039991917,2.224182606878795,3.85644516976927,1.7936769697866046,2.9029242028924807,4.722814459474864,1.585288039991917,2.224182606878795,3.85644516976927
8.339759111404419,8.339759111404419,,False,PERIODIC,True,True,1,TAKEOFF,0.07269178330898285,-0.014504026621580124,-4.742286205291748,-0.026435526087880135,0.002035775687545538,-0.18153537809848785,19.471684799018604,19.99672235016216,0.07312344636789146,3.9986619057571717,0.09897776521528716,0.2056155714919354,28.28353374738971,27.87059581577753,4.81540965165964,4.044835341883275,-2.8952201028498648,PREPARATION,False,TAKEOFF,0,False,inf,inf,0.0,True,False,REACQUIRE,0,0.49445295333862305,-0.05919699824227743,-0.05919699824227743,3,0,inf,inf,inf,SEARCH,,,0,,0.0,0.0,False,,0.0,0.0,0.0,False,0.0,0.8769408814109632,4.512286205291748,SAFE,4.534467029571533,1.0004204511642456,20.031646728515625,20.021305084228516,,,5.1504997827578336e-05,0.003381021087989211,,19.996039522474405,0.0006340079999063164,0.0,1.5709776979299708,2.171655069776653,3.6538113016645957,1.7951881465212944,2.936910987631727,4.855265236460821,1.5709776979299708,2.171655069776653,3.6538113016645957
8.389730215072632,8.389730215072632,,False,PERIODIC,True,True,1,TAKEOFF,0.07132835505845375,-0.012316310598713912,-4.753413472975394,-0.02444896010824283,0.005311289450353852,-0.16689905058248541,19.703325626928354,19.999992304748886,0.08474734452687838,3.9999969192011475,0.004964512194116508,0.19441032047537116,28.448472948378743,28.034047388820312,4.838160817502272,4.0406322794036855,-2.838431563567202,PREPARATION,False,TAKEOFF,0,False,inf,inf,0.0,True,False,REACQUIRE,0,0.544438362121582,-0.0628873491593502,-0.0628873491593502,3,0,inf,inf,inf,SEARCH,,,0,,0.0,0.0,False,,0.0,0.0,0.0,False,0.0,0.8743341960190163,4.523413472975394,SAFE,4.546742725372314,1.0004204511642456,20.031646728515625,20.021305084228516,,,1.9078999685007147e-05,0.003381021087989211,,19.994885598382982,0.0007761960005154833,0.0,1.5819970848809235,2.236889646545694,3.702937584841285,1.7955719436206916,2.965070038039919,4.9970428822183806,1.5819970848809235,2.236889646545694,3.702937584841285
8.439643383026123,8.439643383026123,,False,PERIODIC,True,True,1,TAKEOFF,0.07076012343168259,-0.01068929024040699,-4.760557651519775,-0.022491952404379845,0.0073960404843091965,-0.15786364674568176,19.872184219887384,19.99852354935598,0.09272581053894832,3.999417292309459,-0.061947699661741684,0.18508573209383888,28.56605249366909,28.150754780431118,4.853283462058724,4.037100048730339,-2.7976020677941094,PREPARATION,False,TAKEOFF,0,False,inf,inf,0.0,True,False,REACQUIRE,0,0.5944576263427734,-0.06657598573272737,-0.06657598573272737,3,0,inf,inf,inf,SEARCH,,,0,,0.0,0.0,False,,0.0,0.0,0.0,False,0.0,0.8724189101450959,4.530557651519775,SAFE,4.553825187683105,1.0000077486038208,19.996179580688477,20.000629425048828,,,3.2325999200111255e-05,0.003381021087989211,,19.99620007898938,0.0006578709999303101,0.0,1.5819970848809235,2.1672200028297137,3.496499254656305,1.9065415272782653,2.9895708748512098,5.126875442742119,1.5819970848809235,2.1672200028297137,3.496499254656305
8.489774227142334,8.489774227142334,,False,PERIODIC,True,True,1,TAKEOFF,0.07059122396707154,-0.008587036206544073,-4.769240151061466,-0.01945457900153501,0.00942964915987703,-0.14769302596991113,20.103064054984365,19.9925995747099,0.10305797161097062,3.9971218603607186,-0.15171299689369855,0.17120278067977085,28.724322839126195,28.30808071152386,4.872298122672437,4.032436953148289,-2.7430644802973667,PREPARATION,False,TAKEOFF,0,False,inf,inf,0.0,True,False,REACQUIRE,0,0.644350528717041,-0.06915695821530884,-0.06915695821530884,3,0,inf,inf,inf,SEARCH,,,0,,0.0,0.0,False,,0.0,0.0,0.0,False,0.0,0.8696252822833337,4.539240151061466,SAFE,4.563165473937988,1.0000077486038208,19.996179580688477,20.000629425048828,,,0.002353803953155875,0.003381021087989211,,19.996340568055047,0.0007289160002983408,0.0,1.5819970848809235,2.230807919892386,3.5702791256922732,2.0182956363297495,3.009546362280477,5.237165250599651,1.5819970848809235,2.230807919892386,3.5702791256922732
8.539710760116577,8.539710760116577,,False,PERIODIC,True,True,1,TAKEOFF,0.0707779973745346,-0.007048744708299637,-4.775515556335449,-0.016940798610448837,0.010488877072930336,-0.14066271483898163,20.27031278178374,19.984657811402872,0.10995108502692656,3.9941151138274122,-0.21508226753763557,0.16012739030261136,28.83673561338177,28.419879249078733,4.885466641362376,4.028638301130387,-2.7042385228739922,PREPARATION,False,TAKEOFF,0,False,inf,inf,0.0,True,False,REACQUIRE,0,0.6944618225097656,-0.07059788125147545,-0.07059788125147545,3,0,inf,inf,inf,SEARCH,,,0,,0.0,0.0,False,,0.0,0.0,0.0,False,0.0,0.8674395909602168,4.545515556335449,SAFE,4.5694859504699705,0.9996610879898071,19.944257736206055,19.957027435302734,,,0.0029303019400686026,0.00335838389582932,,19.9923775271518,0.0006726070005242946,0.0,1.5819970848809235,2.1534956942252697,3.3360039912377055,2.133962001132988,3.026610630176818,5.349314869761333,1.5819970848809235,2.1534956942252697,3.3360039912377055
8.589706659317017,8.589706659317017,,False,PERIODIC,True,True,1,TAKEOFF,0.07117365533925978,-0.004760598726644494,-4.784281426322103,-0.013777392687933607,0.011881162199801995,-0.13173395923832198,20.50235790567445,19.969892553365,0.11883776419034625,3.98864039415292,-0.301243765299195,0.1437736569266848,28.990699132892278,28.57306526114252,4.90311919051245,4.024089935278064,-2.6515545471076023,PREPARATION,False,TAKEOFF,0,False,inf,inf,0.0,True,False,REACQUIRE,0,0.7443439960479736,-0.07059788125147545,-0.07059788125147545,3,0,inf,inf,inf,SEARCH,,,0,,0.0,0.0,False,,0.0,0.0,0.0,False,0.0,0.8636981703488074,4.5542814263221025,SAFE,4.578989315032959,0.9996610879898071,19.944257736206055,19.957027435302734,,,0.0023431091103702784,0.00335838389582932,,19.99981830159676,0.0004789809991052607,0.0,1.5819970848809235,2.216527495112688,3.515997997852695,2.2531610580436237,3.0383177372567802,5.457678909129889,1.5819970848809235,2.216527495112688,3.515997997852695
8.63971209526062,8.63971209526062,,False,PERIODIC,True,True,1,TAKEOFF,0.07147268205881119,-0.0033145761117339134,-4.789910316467285,-0.011895391158759594,0.012311876751482487,-0.1260662078857422,20.66926238672947,19.95576307783252,0.12454524690809438,3.983538748619704,-0.36153347564840366,0.13113601484143664,29.099580667054372,28.681592032417125,4.9144555633753795,4.021120154408976,-2.6151412123768023,PREPARATION,False,TAKEOFF,0,False,inf,inf,0.0,True,False,REACQUIRE,0,0.794409990310669,-0.07505280533883642,-0.07505280533883642,3,0,inf,inf,inf,SEARCH,,,0,,0.0,0.0,False,,0.0,0.0,0.0,False,0.0,0.8608757284405915,4.559910316467285,SAFE,4.584560680389404,0.9994345903396606,19.941843032836914,19.92520523071289,,,3.750600080820732e-05,0.00335838389582932,,20.005351042280914,0.0005221789997449378,0.0,1.5819970848809235,2.076120606424231,3.3087946106496524,2.376029262452317,2.9300036947620045,5.572408361168774,1.5819970848809235,2.076120606424231,3.3087946106496524
8.68975305557251,8.68975305557251,,False,PERIODIC,True,True,1,TAKEOFF,0.07171816599802805,-0.00155168728874803,-4.7968463185822765,-0.010170145797466607,0.012607255200339245,-0.11943008584484201,20.900693931862396,19.932589782871933,0.13169581047446913,3.9753519028753965,-0.4433703286249134,0.11279382461689846,29.249047080635503,28.830820793160658,4.928542129056746,4.018237113710289,-2.566556976097714,PREPARATION,False,TAKEOFF,0,False,inf,inf,0.0,True,False,REACQUIRE,0,0.8443620204925537,-0.07505280533883642,-0.07505280533883642,3,0,inf,inf,inf,SEARCH,,,0,,0.0,0.0,False,,0.0,0.0,0.0,False,0.0,0.8569749323230358,4.566846318582276,SAFE,4.591989326477051,0.9994345903396606,19.941843032836914,19.92520523071289,,,0.002125712111592293,0.00335838389582932,,19.99707816803846,0.0006711309997626813,0.0,1.5819970848809235,2.076120606424231,3.5499762377944304,2.502278034043383,3.051615744363832,5.65595478177685,1.5819970848809235,2.076120606424231,3.5499762377944304
8.739704847335815,8.739704847335815,,False,PERIODIC,True,True,1,TAKEOFF,0.07179234176874161,-0.00019196962239220738,-4.801891803741455,-0.00906688254326582,0.012807917781174183,-0.11472432315349579,21.067846298457155,19.91248735462782,0.13609692758752065,3.9684477999797454,-0.5007958988789709,0.09883849346990593,29.355285935131427,28.936984632518175,4.937988731328976,4.0162197408530975,-2.5324044103368557,PREPARATION,False,TAKEOFF,0,False,inf,inf,0.0,True,False,REACQUIRE,0,0.8943488597869873,-0.07840570173618641,-0.07840570173618641,3,0,inf,inf,inf,SEARCH,,,0,,0.0,0.0,False,,0.0,0.0,0.0,False,0.0,0.8537983800349216,4.571891803741455,SAFE,4.597039031982422,0.9997832775115967,20.016271591186523,20.005605697631836,,,0.0031809411011636257,0.00335838389582932,,19.999918687046772,0.00047449200064875185,0.0,1.5819970848809235,2.106823005758666,3.3438028715031036,2.631758260587195,3.0530872886599068,5.759472432463964,1.5819970848809235,2.106823005758666,3.3438028715031036
8.789662599563599,8.789662599563599,,False,PERIODIC,True,True,1,TAKEOFF,0.07164241790025411,0.0018726077354669765,-4.80900342316857,-0.008079404455685977,0.013227324277527572,-0.10854454001908956,21.29731557717536,19.88147383125182,0.1413059125894917,3.9580345874587275,-0.5778946309496374,0.07905084706141766,29.499717090001013,29.081398623009942,4.950309335758062,4.014309080285766,-2.48683150189591,PREPARATION,False,TAKEOFF,0,False,inf,inf,0.0,True,False,REACQUIRE,0,0.9443802833557129,-0.08061047500679516,-0.08061047500679516,3,0,inf,inf,inf,SEARCH,,,0,,0.0,0.0,False,,0.0,0.0,0.0,False,0.0,0.8485706171157954,4.57900342316857,SAFE,4.604707050323486,0.9997832775115967,20.016271591186523,20.005605697631836,,,0.0031809411011636257,0.00335838389582932,,20.081133126201653,0.0006491819985967595,0.0,1.5819970848809235,2.1771660511531334,3.613113622078592,2.764619704608363,3.050798503122271,5.8373776166284115,1.5819970848809235,2.1771660511531334,3.613113622078592
8.839760541915894,8.839760541915894,,False,PERIODIC,True,True,1,TAKEOFF,0.07138339430093765,0.0032303309999406338,-4.813517093658447,-0.007811320014297962,0.01343542244285345,-0.1044824942946434,21.462547141122414,19.85596563781664,0.14424254638546602,3.949717875837242,-0.6317797013472085,0.0642890101565937,29.60223583201621,29.184122148967507,4.957759640043913,4.013330750473912,-2.455341514010744,PREPARATION,False,TAKEOFF,0,False,inf,inf,0.0,True,False,REACQUIRE,0,0.9943568706512451,-0.08061047500679516,-0.08061047500679516,3,0,inf,inf,inf,SEARCH,,,0,,0.0,0.0,False,,0.0,0.0,0.0,False,0.0,0.8452293691779378,4.583517093658447,SAFE,4.609220790863037,0.9945483803749084,20.06365203857422,20.06194305419922,,,0.0026781719643622637,0.003000424010679126,,20.035911477890213,0.0004908819992124336,0.0,1.5819970848809235,2.089081196533317,3.3647397419062592,2.9005707929910147,3.0497125722373095,5.9283793467200425,1.5819970848809235,2.089081196533317,3.3647397419062592
8.889797687530518,8.889797687530518,,False,PERIODIC,True,True,1,TAKEOFF,0.07090977811624993,0.004898835765414542,-4.81899075419541,-0.00762974514114749,0.013519888536490665,-0.09981712313026278,21.692180110793917,19.81725714784905,0.14743957194641444,3.93738580098463,-0.7049773430434645,0.04334864624220328,29.743474962914778,29.325907874865816,4.966430326141824,4.012465871316806,-2.4130383520844205,PREPARATION,False,TAKEOFF,0,False,inf,inf,0.0,True,False,REACQUIRE,0,1.0443179607391357,-0.08131141093135456,-0.08131141093135456,3,0,inf,inf,inf,SEARCH,,,0,,0.0,0.0,False,,0.0,0.0,0.0,False,0.0,0.8403347805062564,4.588990754195409,SAFE,4.615155982971191,0.9945483803749084,20.06365203857422,20.06194305419922,,,0.0026781719643622637,0.003000424010679126,,20.009565408654062,0.0004451849999895785,0.0,1.5819970848809235,2.162988389824975,3.684950131789486,2.9005707929910147,3.044515502617323,6.009972073655144,1.5819970848809235,2.162988389824975,3.684950131789486
8.896703958511353,8.896703958511353,,False,PHASE_TRANSITION,False,True,1,FOLLOW,0.07089801132678986,0.004936114884912968,-4.819114685058594,-0.00762897776439786,0.013522308319807053,-0.09971873462200165,21.692180110793917,19.81725714784905,0.14743957194641444,3.93738580098463,-0.7049773430434645,0.04334864624220328,nan,nan,nan,nan,nan,PREPARATION,False,TAKEOFF,0,False,inf,inf,0.0,True,False,REACQUIRE,0,1.0443179607391357,-0.08131141093135456,-0.08131141093135456,3,0,inf,inf,inf,SEARCH,,,0,,0.0,0.0,False,,0.0,0.0,0.0,False,0.0,0.8403347805062564,4.589114685058593,SAFE,4.615155982971191,0.9945483803749084,20.06365203857422,20.06194305419922,,,3.840600038529374e-05,0.003000424010679126,,20.011501564925315,0.0004451849999895785,0.0,1.5819970848809235,2.162988389824975,3.684950131789486,2.9005707929910147,3.044515502617323,6.009972073655144,1.5819970848809235,2.162988389824975,3.684950131789486
8.939755201339722,8.939755201339722,,False,PERIODIC,True,True,1,FOLLOW,0.07048653066158295,0.006076398305594921,-4.822848320007324,-0.007679302245378494,0.013390010222792625,-0.09634717553853989,21.85695320356619,19.7864342830734,0.14887376744279465,3.927859952628016,-0.7559105052522304,0.028006487460981028,29.843436609310235,29.426394412823992,4.971722087450119,4.0119516875532,-2.3838644350352878,PREPARATION,False,TAKEOFF,0,False,inf,inf,0.0,True,False,REACQUIRE,0,1.094386339187622,-0.08421574469953454,-0.08421574469953454,3,0,inf,inf,inf,SEARCH,,,0,,0.0,0.0,False,,0.0,0.0,0.0,False,0.0,0.8366152108148595,4.592848320007324,SAFE,4.619114685058594,1.000356912612915,19.92840576171875,19.962753295898438,,,4.673699731938541e-05,0.003000424010679126,,19.96704621332368,0.001406364999638754,0.0,1.5819970848809235,2.162988389824975,3.423068277795041,2.9005707929910147,3.181494901859369,6.088133453819766,1.5819970848809235,2.162988389824975,3.423068277795041
8.98973822593689,8.98973822593689,,False,PERIODIC,True,True,1,FOLLOW,0.06983266375231756,0.007791025840044959,-4.828138092047742,-0.007715541628759966,0.013062932470414306,-0.09175591018147486,22.08469142181034,19.740729890136354,0.14994127030619184,3.914064802869623,-0.8246797675080807,0.006592753812581867,29.98039620313904,29.564216248013402,4.978079362353934,4.01146436623467,-2.3447289308590777,PREPARATION,False,FOLLOW,0,False,inf,inf,0.0,True,False,REACQUIRE,0,1.1443734169006348,-0.08421574469953454,-0.08421574469953454,3,0,inf,inf,inf,VISION,,,0,,0.0,0.0,False,,0.0,0.0,0.0,False,0.0,0.8307677490116481,4.5981380920477415,SAFE,4.624975490570068,1.000356912612915,19.92840576171875,19.962753295898438,,,3.4427001082804054e-05,0.003000424010679126,,20.004000208846247,0.0006715380004607141,0.0,1.5819970848809235,2.162988389824975,3.7338934704101368,2.9005707929910147,3.3264953987000077,6.156706408787277,1.5819970848809235,2.162988389824975,3.7338934704101368
9.03960371017456,9.03960371017456,,False,PERIODIC,True,True,1,FOLLOW,0.06935495138168335,0.00898525957018137,-4.831513404846191,-0.00798741728067398,0.012663431465625763,-0.08964110165834427,22.24854477547129,19.704945074863815,0.14982928278522098,3.903593611543203,-0.8726335455566725,-0.008920687565569817,30.077584166124122,29.662219982642256,4.981342687631412,4.011325549968612,-2.3180392456376073,PREPARATION,False,FOLLOW,0,False,inf,inf,0.0,True,False,REACQUIRE,0,1.1944081783294678,-0.0857641437382447,-0.0857641437382447,3,0,inf,inf,inf,VISION,,,0,,0.0,0.0,False,,0.0,0.0,0.0,False,0.0,0.8269699695184105,4.601513404846191,SAFE,4.628325748443603,0.999934732913971,20.01915168762207,20.02176856994629,,,2.7839998438139446e-05,0.0033673939760774374,,20.00803818640679,0.0004937690009683138,0.0,1.5819970848809235,2.162988389824975,3.402593568568023,2.9005707929910147,3.4742120874449696,6.217099368604214,1.5819970848809235,2.162988389824975,3.402593568568023
9.089846134185791,9.089846134185791,,False,PERIODIC,True,True,1,FOLLOW,0.06862413793196233,0.010559313635912202,-4.835713834711239,-0.007516125565908323,0.013051032814203927,-0.08833064929176675,22.474628718322368,19.652623679736635,0.1487534718352397,3.888645081776452,-0.9372509951852842,-0.03031289431314481,30.210671097288625,29.79663963970635,4.984467306546478,4.010799441247615,-2.281336274768357,PREPARATION,False,FOLLOW,0,False,inf,inf,0.0,True,False,REACQUIRE,0,1.2443656921386719,-0.0857641437382447,-0.0857641437382447,3,0,inf,inf,inf,VISION,,,0,,0.0,0.0,False,,0.0,0.0,0.0,False,0.0,0.8217106434377479,4.6057138347112385,SAFE,4.632736492156982,0.999934732913971,20.01915168762207,20.02176856994629,,,0.0027994608972221613,0.0033673939760774374,,19.997645203658266,0.0007171900015237043,0.0,1.5819970848809235,2.162988389824975,3.682414429793166,2.9005707929910147,3.6243038390263758,6.273437977682911,1.5819970848809235,2.162988389824975,3.682414429793166
9.13974642753601,9.13974642753601,,False,PERIODIC,True,True,1,FOLLOW,0.06811650097370148,0.01168107520788908,-4.838955402374268,-0.005675754509866238,0.014748359099030495,-0.08808723837137222,22.639039833330244,19.61177904582718,0.1470806274758634,3.8773376174816763,-0.9827730255757301,-0.04576204494958659,30.306286077709277,29.893317322321245,4.986036029850131,4.009318293918153,-2.2537474573610754,PREPARATION,False,FOLLOW,0,False,inf,inf,0.0,True,False,REACQUIRE,0,1.2944390773773193,-0.08808596725406416,-0.08808596725406416,3,0,inf,inf,inf,VISION,,,0,,0.0,0.0,False,,0.0,0.0,0.0,False,0.0,0.8178115894554612,4.608955402374267,SAFE,4.635820198059082,1.0003401041030884,19.94768524169922,19.95270538330078,,,0.0020710069220513105,0.0033673939760774374,,20.007947766084207,0.0006677969995507738,0.0,1.5819970848809235,2.162988389824975,3.3016094439787493,2.9005707929910147,3.777864972721078,6.32623858915416,1.5819970848809235,2.162988389824975,3.3016094439787493
9.189637184143066,9.189637184143066,,False,PERIODIC,True,True,1,FOLLOW,0.06783033744963375,0.013309598937852876,-4.843945402937798,0.002529263579560083,0.021625636055625744,-0.08963954500439228,22.86241103099114,19.5534818682625,0.14389878069803216,3.8615847613043073,-1.0431505793807299,-0.06651614738699517,30.43500995415459,30.023511475329784,4.987844183635831,4.003322671855959,-2.2104470237232214,PREPARATION,False,FOLLOW,0,False,inf,inf,0.0,True,False,REACQUIRE,0,1.3443739414215088,-0.08808596725406416,-0.08808596725406416,3,0,inf,inf,inf,VISION,,,0,,0.0,0.0,False,,0.0,0.0,0.0,False,0.0,0.8117608663669524,4.613945402937798,SAFE,4.640861320495605,1.0003401041030884,19.94768524169922,19.95270538330078,,,1.70579987752717e-05,0.0033673939760774374,,19.996887490718805,0.0005511309991561575,0.0,1.5819970848809235,2.162988389824975,3.6012427533591107,2.9005707929910147,3.932990486257243,6.370768565308344,1.5819970848809235,2.162988389824975,3.6012427533591107
9.240722894668579,9.240722894668579,,False,PERIODIC,True,True,1,FOLLOW,0.06807047128677368,0.014610285870730877,-4.847541332244873,0.012812773697078228,0.030418211594223976,-0.0912831649184227,23.025711993014674,19.508213872014824,0.14070777587447966,3.8497333548129316,-1.0859087351044536,-0.08136888311194668,30.527635253627956,30.117335290724093,4.988249108119352,3.996028489725736,-2.1742551177990026,PREPARATION,False,FOLLOW,0,False,inf,inf,0.0,True,False,REACQUIRE,0,1.3944451808929443,-0.09050352095166767,-0.09050352095166767,3,0,inf,inf,inf,VISION,,,0,,0.0,0.0,False,,0.0,0.0,0.0,False,0.0,0.8078238352658405,4.617541332244873,SAFE,4.644114303588867,0.9998467564582825,20.04189682006836,20.045812606811523,,,0.00346991210244596,0.005654294043779373,,19.99970285957505,0.0006135260009614285,0.0,1.5819970848809235,2.162988389824975,3.223191839256067,2.9005707929910147,4.091000950734153,6.411692710529697,1.5819970848809235,2.162988389824975,3.223191839256067
9.28970980644226,9.28970980644226,,False,PERIODIC,True,True,1,FOLLOW,0.06912821583087718,0.016926236420510117,-4.852480112103257,0.033148083108754174,0.04806513923655338,-0.09473346536628828,23.247115002876704,19.444162061300293,0.13550421584854894,3.833368646965707,-1.1424906198565934,-0.10105248471801667,30.651534234877317,30.24295890444524,4.987984327951806,3.982353484998121,-2.1180256379793043,PREPARATION,False,FOLLOW,0,False,inf,inf,0.0,True,False,REACQUIRE,0,1.444350242614746,-0.09234015408059569,-0.09234015408059569,3,0,inf,inf,inf,VISION,,,0,,0.0,0.0,False,,0.0,0.0,0.0,False,0.0,0.8024011578484327,4.622480112103257,SAFE,4.648965167999267,0.9998467564582825,20.04189682006836,20.045812606811523,,,1.8681999790715054e-05,0.005654294043779373,,19.99774054908873,0.0006629119998251554,0.0,1.5819970848809235,2.162988389824975,3.5419527883777056,2.9005707929910147,4.251329131660683,6.446475335430543,1.5819970848809235,2.162988389824975,3.5419527883777056
9.339731693267822,9.339731693267822,,False,PERIODIC,True,True,1,FOLLOW,0.07075337320566177,0.01931769959628582,-4.856381893157959,0.05409622564911842,0.06610118597745895,-0.09760800749063492,23.407894947959274,19.3951538641932,0.13091147068175357,3.8212377305473484,-1.182292334741466,-0.11482595270494911,30.739523403175834,30.33224693222372,4.987293363839712,3.968644347650378,-2.070291543787076,PREPARATION,False,FOLLOW,0,False,inf,inf,0.0,True,False,REACQUIRE,0,1.4944229125976562,-0.09369306374822357,-0.09369306374822357,3,0,inf,inf,inf,VISION,,,0,,0.0,0.0,False,,0.0,0.0,0.0,False,0.0,0.7984730798605915,4.626381893157959,SAFE,4.652607250213623,0.9995802044868469,19.939990997314453,19.955604553222656,,,4.23359997512307e-05,0.005654294043779373,,20.005356064306913,0.0005079100010334514,0.0,1.5819970848809235,2.162988389824975,3.093291607028452,2.9005707929910147,4.413975093092618,6.478307601161092,1.5819970848809235,2.162988389824975,3.093291607028452
9.389711618423462,9.389711618423462,,False,PERIODIC,True,True,1,FOLLOW,0.07514297959241915,0.02427568366597263,-4.862381467695051,0.09493679304771357,0.10149111423534006,-0.10176620611603275,23.62877081821768,19.32527820965873,0.12378040936115854,3.804356584639953,-1.2356662077222271,-0.13308650333427116,30.857153030262698,30.4516351427775,4.986161877056209,3.9431923431325013,-1.989997207047956,PREPARATION,False,FOLLOW,0,False,inf,inf,0.0,True,False,REACQUIRE,0,1.544339895248413,-0.09513762817401127,-0.09513762817401127,3,0,inf,inf,inf,VISION,,,0,,0.0,0.0,False,,0.0,0.0,0.0,False,0.0,0.7922648954873304,4.63238146769505,SAFE,4.658683586120605,0.9995802044868469,19.939990997314453,19.955604553222656,,,0.0024478971026837826,0.005654294043779373,,20.004100636281393,0.0006589509994228138,0.0,1.5819970848809235,2.162988389824975,3.3793279515044836,2.9005707929910147,4.413975093092618,6.497852965385442,1.5819970848809235,2.162988389824975,3.3793279515044836
9.439756155014038,9.439756155014038,,False,PERIODIC,True,True,1,FOLLOW,0.07978583872318268,0.028935402631759644,-4.866554260253906,0.12938308715820312,0.1310419887304306,-0.10367807745933533,23.789233722299404,19.272113234490085,0.11783897206398034,3.79191488109902,-1.273221294069335,-0.145633018945249,30.939973948064615,30.535844707696242,4.984393232317887,3.9227356176732076,-1.9264721680232526,PREPARATION,False,FOLLOW,0,False,inf,inf,0.0,True,False,REACQUIRE,0,1.5944538116455078,-0.0971124473350739,-0.0971124473350739,3,0,inf,inf,inf,VISION,,,0,,0.0,0.0,False,,0.0,0.0,0.0,False,0.0,0.7882404073136566,4.636554260253906,SAFE,4.662596035003662,0.9961717128753662,19.958477020263672,19.94582748413086,,,4.67610007035546e-05,0.0031093170400708914,,20.002021993953093,0.0006276849999267142,0.0,1.5819970848809235,2.162988389824975,2.8813163916054134,2.9005707929910147,4.413975093092618,6.511319963407117,1.5819970848809235,2.162988389824975,2.8813163916054134
9.48972463607788,9.48972463607788,,False,PERIODIC,True,True,1,FOLLOW,0.08821361284021276,0.03700749491955125,-4.871980350660342,0.18207701952158814,0.17591593742373446,-0.10591977872317551,24.00776415771803,19.19728053191549,0.10900114047340836,3.7748228058280358,-1.3231450353610343,-0.16186636101246601,31.049494967490453,30.64736466845393,4.98098149113375,3.89334510481912,-1.8337102764966355,PREPARATION,False,FOLLOW,0,False,inf,inf,0.0,True,False,REACQUIRE,0,1.6442980766296387,-0.0971124473350739,-0.0971124473350739,3,0,inf,inf,inf,VISION,,,0,,0.0,0.0,False,,0.0,0.0,0.0,False,0.0,0.782725090392884,4.641980350660342,SAFE,4.668135929107666,0.9961717128753662,19.958477020263672,19.94582748413086,,,0.003695368068292737,0.0031093170400708914,,20.00903788777161,0.0005576360017585102,0.0,1.5819970848809235,2.162988389824975,3.1901421965182144,2.9005707929910147,4.413975093092618,6.516502129296295,1.5819970848809235,2.162988389824975,3.1901421965182144
9.53975796699524,9.53975796699524,,False,PERIODIC,True,True,1,FOLLOW,0.09668126702308655,0.04501419514417648,-4.876149654388428,0.22756712138652802,0.21481363475322723,-0.10706432163715363,24.167799797375807,19.140182837438942,0.10184636272747662,3.7621881838558475,-1.3585607355360185,-0.1728548148834383,31.1259482928053,30.725302484759485,4.977996017115904,3.8695453677837155,-1.7577272919824583,PREPARATION,False,FOLLOW,0,False,inf,inf,0.0,True,False,REACQUIRE,0,1.6944732666015625,-0.10001371493164342,-0.10001371493164342,3,0,inf,inf,inf,VISION,,,0,,0.0,0.0,False,,0.0,0.0,0.0,False,0.0,0.7785601886970128,4.646149654388427,SAFE,4.67212610244751,0.9997200965881348,19.938142776489258,19.950345993041992,,,5.6367000070167705e-05,0.0031093170400708914,,19.987934769904346,0.0006867809988762019,0.0,1.5819970848809235,2.162988389824975,2.6914005432581836,2.9005707929910147,4.413975093092618,6.5174955075562195,1.5819970848809235,2.162988389824975,2.6914005432581836
9.58954906463623,9.58954906463623,,False,PERIODIC,True,True,1,FOLLOW,0.11329516905108133,0.060593124616513144,-4.882617311406681,0.30498601363981576,0.28071793340670953,-0.10788476250900095,24.384052724049344,19.06070881797367,0.09152434946655907,3.745023914812498,-1.4052743068463427,-0.18667573438894805,31.222045959816548,30.823271543664248,4.97414166087324,3.8317931328488815,-1.6355866257596192,PREPARATION,False,FOLLOW,0,False,inf,inf,0.0,True,False,REACQUIRE,0,1.744380235671997,-0.10001371493164342,-0.10001371493164342,3,0,inf,inf,inf,VISION,,,0,,0.0,0.0,False,,0.0,0.0,0.0,False,0.0,0.772104532509311,4.65261731140668,SAFE,4.678614902496338,0.9997200965881348,19.938142776489258,19.950345993041992,,,0.0021584921050816774,0.0031093170400708914,,19.993721775083795,0.000661763000607607,0.0,1.5819970848809235,2.162988389824975,3.0215520283408446,2.9005707929910147,4.413975093092618,6.508501104213848,1.5819970848809235,2.162988389824975,3.0215520283408446
9.63963270187378,9.63963270187378,,False,PERIODIC,True,True,1,FOLLOW,0.12737354636192322,0.07355547696352005,-4.8870649337768555,0.3627311885356903,0.32937657833099365,-0.10717237740755081,24.540983107054004,19.000879630851816,0.08345746893525047,3.7325021668397387,-1.4381209104675297,-0.19566462554853367,31.288560599109413,30.89122741828623,4.970522402712106,3.806210017472808,-1.5460737545439855,PREPARATION,False,FOLLOW,0,False,inf,inf,0.0,True,False,REACQUIRE,0,1.794342041015625,-0.10334641674144442,-0.10334641674144442,3,0,inf,inf,inf,VISION,,,0,,0.0,0.0,False,,0.0,0.0,0.0,False,0.0,0.7678267339801184,4.657064933776855,SAFE,4.682803916931152,1.0011578798294067,20.02991485595703,20.03532600402832,,,0.00358973303809762,0.0031093170400708914,,20.00895750607926,0.00041692999911902007,0.0,1.5819970848809235,2.162988389824975,2.745256133666272,2.9005707929910147,4.413975093092618,6.334391486144714,1.5819970848809235,2.162988389824975,2.745256133666272
9.690395593643188,9.690395593643188,,False,PERIODIC,True,True,1,FOLLOW,0.14982282995734278,0.09386220909313815,-4.892825796777124,0.44447572415294817,0.39784509575717414,-0.10628176879409619,24.757091920704635,18.916279188279212,0.07180509070218133,3.715214417997985,-1.4822893875016079,-0.20686874126493468,31.37592441493498,30.98065643337467,4.964630887479305,3.7739574742681925,-1.4213412221405775,PREPARATION,False,FOLLOW,0,False,inf,inf,0.0,True,False,REACQUIRE,0,1.844362735748291,-0.10434578158636913,-0.10434578158636913,3,0,inf,inf,inf,VISION,,,0,,0.0,0.0,False,,0.0,0.0,0.0,False,0.0,0.7618990054921189,4.662825796777123,SAFE,4.688771533966064,1.0011578798294067,20.02991485595703,20.03532600402832,,,0.0038902300875633955,0.0031093170400708914,,19.99983335935002,0.0005916159989283187,0.0,1.5819970848809235,2.162988389824975,2.745256133666272,2.9005707929910147,4.413975093092618,6.474182936548298,1.5819970848809235,2.162988389824975,2.745256133666272
9.739757299423218,9.739757299423218,,False,PERIODIC,True,True,1,FOLLOW,0.1700010746717453,0.11173447221517563,-4.89702844619751,0.5108291506767273,0.45270493626594543,-0.10482260584831238,24.91263804379961,18.8533209614178,0.06294986072598652,3.702746491938588,-1.5130949607070274,-0.21375857342929652,31.433207490223886,31.039412821738676,4.959978306923496,3.75027633560781,-1.323247816743241,PREPARATION,False,FOLLOW,0,False,inf,inf,0.0,True,False,REACQUIRE,0,1.8944814205169678,-0.10621359683245805,-0.10621359683245805,3,0,inf,inf,inf,VISION,,,0,,0.0,0.0,False,,0.0,0.0,0.0,False,0.0,0.7575780203745506,4.667028446197509,SAFE,4.692965316772461,0.998724639415741,20.063005447387695,20.067949295043945,,,0.0031737119425088167,0.004292199853807688,,19.98863665436457,0.0007469869997294154,0.0,1.5819970848809235,2.162988389824975,2.3869951617850007,2.9005707929910147,4.413975093092618,6.448832052393393,1.5819970848809235,2.162988389824975,2.3869951617850007
9.78973913192749,9.78973913192749,,False,PERIODIC,True,True,1,FOLLOW,0.20600845146288738,0.14296783678853292,-4.902994767853614,0.6171125556971107,0.5398223850917052,-0.10216059946335243,25.127152972380287,18.76438719229303,0.05031765538174733,3.6855467469920313,-1.5545884264770713,-0.2219671027621884,31.501682605984502,31.109816827586894,4.953312423235362,3.717014747368725,-1.1705581358717836,PREPARATION,False,FOLLOW,0,False,inf,inf,0.0,True,False,REACQUIRE,0,1.9443719387054443,-0.10715619990637552,-0.10715619990637552,3,0,inf,inf,inf,VISION,,,0,,0.0,0.0,False,,0.0,0.0,0.0,False,0.0,0.750681500967119,4.672994767853614,SAFE,4.6993711471557615,0.998724639415741,20.063005447387695,20.067949295043945,,,0.0028878850862383842,0.004292199853807688,,19.986872010124383,0.0007336249982472509,0.0,1.5819970848809235,2.162988389824975,2.7887471634280274,2.9005707929910147,4.413975093092618,6.416279696863928,1.5819970848809235,2.162988389824975,2.7887471634280274
9.839606046676636,9.839606046676636,,False,PERIODIC,True,True,1,FOLLOW,0.2341003119945526,0.16713131964206696,-4.906825065612793,0.6926901340484619,0.6011846661567688,-0.09937022626399994,25.281650122122098,18.698361195406445,0.04087355375149605,3.6731683520582448,-1.5835548852785157,-0.22660220112732546,31.54783596108142,31.15744264536553,4.947698619364289,3.6976377987931754,-1.0630922625654065,PREPARATION,False,FOLLOW,0,False,inf,inf,0.0,True,False,REACQUIRE,0,1.9944088459014893,-0.10746743993629258,-0.10746743993629258,3,0,inf,inf,inf,VISION,,,0,,0.0,0.0,False,,0.0,0.0,0.0,False,0.0,0.7462839623404909,4.6768250656127925,SAFE,4.7031715393066404,1.0051251649856567,20.049482345581055,20.02066993713379,,,3.475700214039534e-05,0.004292199853807688,,19.992497900194778,0.0006141510002635187,0.0,1.5819970848809235,2.162988389824975,2.313358329914231,2.9005707929910147,4.413975093092618,6.389702659853614,1.5819970848809235,2.162988389824975,2.313358329914231
9.88979959487915,9.88979959487915,,False,PERIODIC,True,True,1,FOLLOW,0.27562778224368295,0.20273521028111732,-4.9117182970347395,0.7956588230980188,0.6842208289389148,-0.09613313309062885,25.493989831635155,18.605607007382417,0.027608186252899843,3.656182225583062,-1.6224461572978286,-0.2315941323880214,31.607410854785957,31.219088308833342,4.93932648328764,3.6771804965067676,-0.918117969875659,PREPARATION,False,FOLLOW,0,False,inf,inf,0.0,True,False,REACQUIRE,0,2.0443599224090576,-0.10774204613764411,-0.10774204613764411,3,0,inf,inf,inf,VISION,,,0,,0.0,0.0,False,,0.0,0.0,0.0,False,0.0,0.7400056633743528,4.681718297034739,SAFE,4.70826940536499,1.0051251649856567,20.049482345581055,20.02066993713379,,,0.0035504500847309828,0.004292199853807688,,20.039035140326696,0.0006465219994424842,0.0,1.5819970848809235,2.162988389824975,2.7447745870256335,2.9005707929910147,4.413975093092618,6.354555494862894,1.5819970848809235,2.162988389824975,2.7447745870256335
9.939710140228271,9.939710140228271,,False,PERIODIC,True,True,1,FOLLOW,0.31077244877815247,0.2327975630760193,-4.915339469909668,0.8763095140457153,0.7491508722305298,-0.09360726922750473,25.647130666109415,18.536830482879488,0.017826902761636197,3.6439685947034515,-1.6496430192541096,-0.23385048783565304,31.643400564835527,31.256498025949398,4.933166372671304,3.6652171942378553,-0.8065807071243125,PREPARATION,False,FOLLOW,0,False,inf,inf,0.0,True,False,REACQUIRE,0,2.0943875312805176,-0.10960283397949798,-0.10960283397949798,3,0,inf,inf,inf,VISION,,,0,,0.0,0.0,False,,0.0,0.0,0.0,False,0.0,0.7353645986898538,4.6853394699096675,SAFE,4.711839962005615,0.999558687210083,19.94995880126953,19.957319259643555,,,0.0021050809882581234,0.0016836919821798801,,20.009409661499756,0.0004906980011583073,0.0,1.5819970848809235,2.162988389824975,2.7447745870256335,2.9005707929910147,4.413975093092618,6.52752338376096,1.5819970848809235,2.162988389824975,2.7447745870256335
9.989653587341309,9.989653587341309,,False,PERIODIC,True,True,1,FOLLOW,0.36986280709712016,0.2831288022426287,-4.920769193899322,1.0019801463420277,0.8493843551257306,-0.089995685297294,25.85840068803179,18.44002436526765,0.004188026820216023,3.62717147262706,-1.6863057576135019,-0.2355275941480108,31.679545820929263,31.29438319881763,4.924957220719539,3.6527432682765153,-0.6362240701336266,PREPARATION,False,FOLLOW,0,False,inf,inf,0.0,True,False,REACQUIRE,0,2.144291877746582,-0.11039911398230938,-0.11039911398230938,3,0,inf,inf,inf,VISION,,,0,,0.0,0.0,False,,0.0,0.0,0.0,False,0.0,0.7279902505531091,4.690769193899322,SAFE,4.7174351692199705,0.999558687210083,19.94995880126953,19.957319259643555,,,0.0039467401802539825,0.0016836919821798801,,20.006169665809768,0.0004551370002445765,0.0,1.5819970848809235,2.162988389824975,2.7447745870256335,2.9005707929910147,4.413975093092618,6.715648018196081,1.5819970848809235,2.162988389824975,2.7447745870256335
10.039705276489258,10.039705276489258,,False,PERIODIC,True,True,1,FOLLOW,0.4139341115951538,0.32054784893989563,-4.924456596374512,1.0892200469970703,0.9184528589248657,-0.08700209110975266,26.010008830004786,18.368759928797573,-0.005676701570915554,3.615177037725653,-1.7118239864147369,-0.23535209992847067,31.703176432708656,31.31927521942245,4.918779894803596,3.6497702293783867,-0.5189728710907162,PREPARATION,False,FOLLOW,0,False,inf,inf,0.0,True,False,REACQUIRE,0,2.194411039352417,-0.10996645547921927,-0.10996645547921927,3,0,inf,inf,inf,VISION,,,0,,0.0,0.0,False,,0.0,0.0,0.0,False,0.0,0.7233446005729283,4.694456596374511,SAFE,4.7209351539611815,0.9996058940887451,20.016843795776367,20.006757736206055,,,0.0026877860073000193,0.0016836919821798801,,20.001896485903984,0.0005676300006598467,0.0,1.5819970848809235,2.162988389824975,2.7447745870256335,2.9005707929910147,4.413975093092618,6.904751007140143,1.5819970848809235,2.162988389824975,2.7447745870256335
10.089718580245972,10.089718580245972,,False,PERIODIC,True,True,1,FOLLOW,0.47675260011995674,0.373454359548197,-4.929181334713421,1.2056024238356264,1.0097601636449942,-0.08371726240746562,26.2196444666421,18.26838366992661,-0.019316728781930838,3.598665009246653,-1.7463133027105375,-0.2336575454643888,31.733763519687848,31.351634354127256,4.9098646059314905,3.653104375476602,-0.3639160232433465,PREPARATION,False,FOLLOW,0,False,inf,inf,0.0,True,False,REACQUIRE,0,2.2444045543670654,-0.11067015600785662,-0.11067015600785662,3,0,inf,inf,inf,VISION,,,0,,0.0,0.0,False,,0.0,0.0,0.0,False,0.0,0.7167831173722803,4.699181334713421,SAFE,4.7258556365966795,0.9996058940887451,20.016843795776367,20.006757736206055,,,3.7152000004425645e-05,0.0016836919821798801,,19.994604663112597,0.0006816940003773198,0.0,1.5819970848809235,2.162988389824975,2.7447745870256335,2.9005707929910147,4.413975093092618,7.095789981177548,1.5819970848809235,2.162988389824975,2.7447745870256335
10.139678955078125,10.139678955078125,,False,PERIODIC,True,True,1,FOLLOW,0.5291013121604919,0.4170542061328888,-4.9327569007873535,1.2966727018356323,1.0799388885498047,-0.08133166283369064,26.370432549550845,18.194462897513063,-0.029066336788357974,3.5868655092132666,-1.770383706454011,-0.23105369978508486,31.746761111148626,31.36575616657258,4.903690563998995,3.659472459098772,-0.24494123013778,PREPARATION,False,FOLLOW,0,False,inf,inf,0.0,True,False,REACQUIRE,0,2.2944180965423584,-0.11067015600785662,-0.11067015600785662,3,0,inf,inf,inf,VISION,,,0,,0.0,0.0,False,,0.0,0.0,0.0,False,0.0,0.7120320797047421,4.702756900787353,SAFE,4.729315567016601,1.000535488128662,19.978639602661133,20.001596450805664,,,0.003050493076443672,0.004157557152211666,,19.99894499070091,0.0004944249994878192,0.0,1.5819970848809235,2.162988389824975,2.7447745870256335,2.9005707929910147,4.413975093092618,7.288130804952094,1.5819970848809235,2.162988389824975,2.7447745870256335
10.18967890739441,10.18967890739441,,False,PERIODIC,True,True,1,FOLLOW,0.6146294385647072,0.4874162292454971,-4.938084967554284,1.4361194320279735,1.1854285245198348,-0.07788674611775473,26.57781245875842,18.091049118192487,-0.042329977238976566,3.5707270324920506,-1.802750248767287,-0.2260428475119724,31.748120894851215,31.368372023885637,4.895754990315307,3.6752839644662925,-0.0659273570817213,PREPARATION,False,FOLLOW,0,False,inf,inf,0.0,True,False,REACQUIRE,0,2.3443613052368164,-0.11067015600785662,-0.11067015600785662,3,0,inf,inf,inf,VISION,,,0,,0.0,0.0,False,,0.0,0.0,0.0,False,0.0,0.7042783850979668,4.708084967554283,SAFE,4.734831142425537,1.000535488128662,19.978639602661133,20.001596450805664,,,0.0023076729848980904,0.004157557152211666,,19.996521199754497,0.0006449310003517894,0.0,1.5819970848809235,2.162988389824975,2.7447745870256335,2.9005707929910147,4.413975093092618,7.48179196358851,1.5819970848809235,2.162988389824975,2.7447745870256335
10.240230083465576,10.240230083465576,,False,PERIODIC,True,True,1,FOLLOW,0.6778135299682617,0.5387658476829529,-4.941606521606445,1.532821536064148,1.257251501083374,-0.07472171634435654,26.726955727647177,18.01503624830587,-0.05167045849899467,3.559211809099448,-1.8253449492693938,-0.22109177885942546,31.74727249783615,31.368421005058334,4.88993606310745,3.691894176378872,0.05677026205794518,PREPARATION,False,FOLLOW,0,False,inf,inf,0.0,True,False,REACQUIRE,0,2.3944497108459473,-0.11104865288627842,-0.11104865288627842,3,0,inf,inf,inf,VISION,,,0,,0.0,0.0,False,,0.0,0.0,0.0,False,0.0,0.6993038017057738,4.711606521606445,SAFE,4.738260078430176,1.0000602006912231,20.014732360839844,20.0117130279541,,,2.4949000362539664e-05,0.004157557152211666,,20.004798634814,0.0006335259986371966,0.0,1.5819970848809235,2.162988389824975,2.7447745870256335,2.9005707929910147,4.413975093092618,7.677271758230219,1.5819970848809235,2.162988389824975,2.7447745870256335
10.289863348007202,10.289863348007202,,False,PERIODIC,True,True,1,FOLLOW,0.7664292190186758,0.6100721707100436,-4.945937781691516,1.66129161596227,1.3510098600416067,-0.07114897999971491,26.93372092112093,17.907978187731427,-0.06433282183814294,3.5433501962576646,-1.8559820545147454,-0.21284891895039587,31.745468567666144,31.367892941614905,4.881604959853373,3.721158490630567,0.21790801337068885,PREPARATION,False,FOLLOW,0,False,inf,0.044272661209106445,0.0,True,True,TARGET_LOCK,0,0.04427289962768555,-0.11067015600785662,-0.11067015600785662,3,0,0.04427289962768555,0.010649919509887695,inf,VISION,,,0,,0.0,0.0,False,,0.0,0.0,0.0,False,0.0,0.6923048436333548,4.715937781691515,SAFE,4.7429054260253904,1.0000602006912231,20.014732360839844,20.0117130279541,,,2.3442000383511186e-05,0.004157557152211666,,20.00984174021733,0.00048745500134828035,0.0,1.5819970848809235,2.162988389824975,2.7447745870256335,2.9005707929910147,4.413975093092618,7.873619081872745,1.5819970848809235,2.162988389824975,2.7447745870256335
10.339616775512695,10.339616775512695,,False,PERIODIC,True,True,1,FOLLOW,0.8379077315330505,0.6668169498443604,-4.948991298675537,1.7596937417984009,1.4212766885757446,-0.0683244839310646,27.081639522478348,17.82981664494269,-0.07306001376828342,3.5321053655975194,-1.8772633851210767,-0.2056673089148634,31.734472151654824,31.357646864026933,4.875931284907254,3.7470885542693795,0.3393099190882493,PREPARATION,False,FOLLOW,0,False,inf,0.04633688926696777,0.0,True,True,TRACKING,0,0.04633688926696777,-0.11094118170717943,-0.11094118170717943,3,0,0.04633688926696777,0.011630058288574219,inf,VISION,,,0,,0.0,0.0,False,,0.0,0.0,0.0,False,0.0,0.6871554762798961,4.718991298675537,SAFE,4.746033954620361,0.9992470741271973,20.079580307006836,20.061614990234375,,,0.004903793800622225,0.004157557152211666,,20.006029038597294,0.0004882480006926926,0.0,1.5819970848809235,2.162988389824975,2.7447745870256335,2.9005707929910147,4.413975093092618,8.071604378094092,1.5819970848809235,2.162988389824975,2.7447745870256335
10.390158653259277,10.390158653259277,,False,PERIODIC,True,True,1,FOLLOW,0.954038325618591,0.7579196086035499,-4.953357074331131,1.9110522787027722,1.5271332475203503,-0.06425998693937239,27.286796455291398,17.71980362917435,-0.08474278457529363,3.516621811964684,-1.9061403494009102,-0.19441522491740906,31.69894423077146,31.32282969725348,4.868614289755837,3.7923820355323703,0.523342036657209,PREPARATION,False,FOLLOW,0,False,inf,0.044356584548950195,0.0,True,True,TRACKING,0,0.044356584548950195,-0.11094118170717943,-0.11094118170717943,3,0,0.044356584548950195,0.007452249526977539,inf,VISION,,,0,,0.0,0.0,False,,0.0,0.0,0.0,False,0.0,0.6787972422672879,4.723357074331131,SAFE,4.7506993293762205,0.9992470741271973,20.079580307006836,20.061614990234375,,,0.005169415846467018,0.004157557152211666,,19.996997882408028,0.0005729539989260957,0.0,1.5819970848809235,2.162988389824975,2.7447745870256335,2.9005707929910147,4.413975093092618,8.071604378094092,1.5819970848809235,2.162988389824975,2.7447745870256335
10.440170764923096,10.440170764923096,,False,PERIODIC,True,True,1,FOLLOW,1.0369678735733032,0.8224106431007385,-4.956218242645264,2.0137441158294678,1.5969324111938477,-0.06102530658245087,27.434345289158028,17.639168842290033,-0.09268677073115128,3.5055975288558376,-1.9263137274980475,-0.1851298755584602,31.674577015788575,31.298959898866013,4.863531471914112,3.82809246280788,0.6463274084147118,PREPARATION,False,FOLLOW,0,False,inf,0.09446120262145996,0.0,True,True,TRACKING,0,0.04646039009094238,-0.11117481141837918,-0.11117481141837918,3,0,0.04646039009094238,0.057556867599487305,inf,VISION,,,0,,0.0,0.0,False,,0.0,0.0,0.0,False,0.0,0.6735209032729106,4.726218242645263,SAFE,4.753470230102539,0.9987824559211731,19.96485710144043,19.97663688659668,,,0.005656417924910784,0.0018688590498641133,,19.912758623963843,0.0006964559997868491,0.0,1.5819970848809235,2.162988389824975,2.7447745870256335,2.9005707929910147,4.413975093092618,8.071604378094092,1.5819970848809235,2.162988389824975,2.7447745870256335
10.490464925765991,10.490464925765991,,False,PERIODIC,True,True,1,FOLLOW,1.1527801472800767,0.9116386183619608,-4.9598924046948305,2.1511057324184897,1.6878297290495738,-0.057524792549202564,27.637363290029977,17.526682123698457,-0.10307158450971154,3.4905488761790497,-1.953476015467088,-0.17118255908163696,31.63987236713891,31.26488149552876,4.856820820185119,3.8815117606817,0.8084064046003784,PREPARATION,False,FOLLOW,0,False,inf,0.044310808181762695,0.0,True,True,TRACKING,0,0.044310808181762695,-0.11117481141837918,-0.11117481141837918,3,0,0.044310808181762695,0.011132478713989258,inf,VISION,,,0,,0.0,0.0,False,,0.0,0.0,0.0,False,0.0,0.6662173178133348,4.72989240469483,SAFE,4.757299709320068,0.9987824559211731,19.96485710144043,19.97663688659668,,,0.005163978785276413,0.0018688590498641133,,20.01616930855459,0.0005007909985579317,0.0,1.5819970848809235,2.162988389824975,2.7447745870256335,2.9005707929910147,4.413975093092618,8.071604378094092,1.5819970848809235,2.162988389824975,2.7447745870256335
10.540187358856201,10.540187358856201,,False,PERIODIC,True,True,1,FOLLOW,1.2453186511993408,0.9823190569877625,-4.962508678436279,2.256554365158081,1.755373239517212,-0.05497889965772629,27.782950268771877,17.444580461556356,-0.10995202789956153,3.4798739681463986,-1.9724059193493793,-0.1601262409487707,31.60378535031844,31.229024038902246,4.852556650536718,3.9247807928234897,0.9307082395772992,PREPARATION,False,FOLLOW,0,False,inf,0.04638504981994629,0.0,True,True,TRACKING,0,0.04638504981994629,-0.11067015600785662,-0.11067015600785662,3,0,0.04638504981994629,0.01213693618774414,inf,VISION,,,0,,0.0,0.0,False,,0.0,0.0,0.0,False,0.0,0.6610237957202076,4.732508678436279,SAFE,4.7599790573120115,0.9992348551750183,20.06424331665039,20.06730079650879,,,5.197000064072199e-05,0.0018688590498641133,,20.006631740570807,0.0004607700011547422,0.0,1.5819970848809235,2.162988389824975,2.7447745870256335,2.9005707929910147,4.413975093092618,8.071604378094092,1.5819970848809235,2.162988389824975,2.7447745870256335
10.58972978591919,10.58972978591919,,False,PERIODIC,True,True,1,FOLLOW,1.3921349399212959,1.0932903670336696,-4.966172039081473,2.4168540533360043,1.8538999455978549,-0.051992932357980914,27.98482862059504,17.32926173638361,-0.11883747678621973,3.4651970062350093,-1.9981015259440473,-0.14377424307361675,31.53212292027478,31.15731252050626,4.847334562295254,3.993164420938695,1.1133921238440567,PREPARATION,False,FOLLOW,0,False,inf,0.0963895320892334,0.0,True,True,TRACKING,0,0.04439806938171387,-0.11079211959521566,-0.11079211959521566,3,0,0.04439806938171387,0.06214141845703125,inf,VISION,,,0,,0.0,0.0,False,,0.0,0.0,0.0,False,0.0,0.6529158653232616,4.736172039081473,SAFE,4.763950634002685,0.9992348551750183,20.06424331665039,20.06730079650879,,,0.007102599833160639,0.0018688590498641133,,19.996551305355013,0.0005666540000675013,0.0,1.5819970848809235,2.162988389824975,2.7447745870256335,2.9005707929910147,4.413975093092618,8.071604378094092,1.5819970848809235,2.162988389824975,2.7447745870256335
10.639769077301025,10.639769077301025,,False,PERIODIC,True,True,1,FOLLOW,1.4976470470428467,1.1721923351287842,-4.96844482421875,2.5275983810424805,1.9190343618392944,-0.04927467554807663,28.130421152650907,17.244706472184767,-0.1245744979042246,3.4547343886908295,-2.0161172403901095,-0.13107180152484635,31.48163666305108,31.106757581692946,4.8438703263145255,4.043722304885045,1.2372860721828316,PREPARATION,False,FOLLOW,0,False,inf,0.09442901611328125,0.0,True,True,TRACKING,0,0.09442901611328125,-0.11079211959521566,-0.11079211959521566,3,0,0.09442901611328125,0.05507540702819824,inf,VISION,,,0,,0.0,0.0,False,,0.0,0.0,0.0,False,0.0,0.6479354685934879,4.73844482421875,SAFE,4.7662961959838865,0.9995322227478027,19.817981719970703,19.80372428894043,,,4.928699854644947e-05,0.004105869214981794,,19.991394534887455,0.0005627610007650219,0.0,1.5819970848809235,2.162988389824975,2.7447745870256335,2.9005707929910147,4.413975093092618,8.071604378094092,1.5819970848809235,2.162988389824975,2.7447745870256335
10.689750909805298,10.689750909805298,,False,PERIODIC,True,True,1,FOLLOW,1.6415328436706578,1.278467734502086,-4.97100929468955,2.67346931718328,2.000522211004629,-0.04600234389085315,28.330188092792497,17.127274113272286,-0.13169537644142632,3.440508151322029,-2.04031949965849,-0.1127950750085375,31.41477266888264,31.039796755749315,4.8393139182481235,4.1135400292986,1.397257090749393,PREPARATION,False,FOLLOW,0,False,inf,0.09648752212524414,0.0,True,True,TRACKING,0,0.09648752212524414,-0.11067015600785662,-0.11067015600785662,3,0,0.09648752212524414,0.048914432525634766,inf,VISION,,,0,,0.0,0.0,False,,0.0,0.0,0.0,False,0.0,0.6430671911071402,4.741009294689549,SAFE,4.76844482421875,0.9995322227478027,19.817981719970703,19.80372428894043,,,0.0053383708000183105,0.004105869214981794,,20.002052116119252,0.0006969980004214449,0.0,1.5819970848809235,2.162988389824975,2.7447745870256335,2.9005707929910147,4.413975093092618,8.071604378094092,1.5819970848809235,2.162988389824975,2.7447745870256335
10.739599227905273,10.739599227905273,,False,PERIODIC,True,True,1,FOLLOW,1.7558318376541138,1.3618860244750977,-4.9726996421813965,2.785609245300293,2.0602312088012695,-0.043981701135635376,28.474821252265333,17.040923554460292,-0.13609881111987593,3.430333240772407,-2.057362461484502,-0.09883219105744762,31.354893091889434,30.979616091952956,4.836600831061521,4.168123707396367,1.5180667931132947,PREPARATION,False,FOLLOW,0,False,inf,0.09450888633728027,0.0,True,True,TRACKING,0,0.09450888633728027,-0.11044146537343916,-0.11044146537343916,3,0,0.09450888633728027,0.04726576805114746,inf,VISION,,,0,,0.0,0.0,False,,0.0,0.0,0.0,False,0.0,0.6363470671749725,4.742699642181396,SAFE,4.7710693359375,1.0003150701522827,19.846118927001953,19.828876495361328,,,0.00498666288331151,0.004105869214981794,,19.990316363724844,0.0007111959985195426,0.0,1.5819970848809235,2.162988389824975,2.7447745870256335,2.9005707929910147,4.413975093092618,8.071604378094092,1.5819970848809235,2.162988389824975,2.7447745870256335
10.789746284484863,10.789746284484863,,False,PERIODIC,True,True,1,FOLLOW,1.9359292050236143,1.4916252957475509,-4.97489237274893,2.9559640048529228,2.14573722274538,-0.041005593287362654,28.6729498199375,16.921278980794792,-0.14130522554541222,3.4165267578903267,-2.0802271300556137,-0.07905387724389448,31.24589651318126,30.869766507099175,4.8335871472035175,4.251157540310891,1.6986230592092955,PREPARATION,False,FOLLOW,0,False,inf,0.04526996612548828,0.0,True,True,TRACKING,0,0.04526996612548828,-0.11011573445007777,-0.11011573445007777,3,0,0.04526996612548828,0.009046077728271484,inf,VISION,,,0,,0.0,0.0,False,,0.0,0.0,0.0,False,0.0,0.6287197464477514,4.74489237274893,SAFE,4.773598480224609,1.0003150701522827,19.846118927001953,19.828876495361328,,,0.00498666288331151,0.004105869214981794,,19.96394995320388,0.0006696119999105576,0.0,0.4555241909456706,2.162988389824975,2.7447745870256335,0.2877304700051038,4.413975093092618,8.071604378094092,0.4555241909456706,2.162988389824975,2.7447745870256335
10.839776992797852,10.839776992797852,,False,PERIODIC,True,True,1,FOLLOW,2.0638527870178223,1.5826557874679565,-4.976134300231934,3.072702646255493,2.2012085914611816,-0.03888969495892525,28.8156770381278,16.833823537976194,-0.14424512165585698,3.4067069415688143,-2.096253466983794,-0.0642742920444383,31.170585037025837,30.793801624944237,4.831889178576077,4.310496884447438,1.8199448627616701,PREPARATION,False,FOLLOW,0,False,inf,0.09424161911010742,0.0,True,True,TRACKING,0,0.0462796688079834,-0.10884030742815075,-0.10884030742815075,3,0,0.0462796688079834,0.058017730712890625,inf,VISION,,,0,,0.0,0.0,False,,0.0,0.0,0.0,False,0.0,0.6243373115476709,4.746134300231933,SAFE,4.774959850311279,1.000570297241211,20.105194091796875,20.082475662231445,,,3.959199966629967e-05,0.0017334329895675182,,20.00580805697198,0.0004659590013034176,0.0,0.4355679516640102,2.162988389824975,2.7447745870256335,0.35413000512406123,4.413975093092618,8.071604378094092,0.4355679516640102,2.162988389824975,2.7447745870256335
10.8897225856781,10.8897225856781,,False,PERIODIC,True,True,1,FOLLOW,2.237785367120078,1.7048648710193424,-4.9774821510829845,3.2263503571092578,2.2701381090311883,-0.03689125585525661,29.013569135383644,16.711264452162386,-0.14744019274841538,3.3932249353813893,-2.118023734028013,-0.04334343599416032,31.07191545613191,30.69421158449483,4.8300419583345695,4.391338419705634,1.976494716166932,PREPARATION,False,FOLLOW,0,False,inf,0.0443882942199707,0.0,True,True,TRACKING,0,0.0443882942199707,-0.10826832906307596,-0.10826832906307596,3,0,0.0443882942199707,0.009263038635253906,inf,VISION,,,0,,0.0,0.0,False,,0.0,0.0,0.0,False,0.0,0.6178778178141333,4.747482151082984,SAFE,4.776566791534424,1.000570297241211,20.105194091796875,20.082475662231445,,,0.006677200086414814,0.0017334329895675182,,19.99443911566785,0.0007561040001746733,0.0,0.43714529571784566,2.162988389824975,2.7447745870256335,0.40754655517323907,4.413975093092618,8.071604378094092,0.43714529571784566,2.162988389824975,2.7447745870256335
10.940757751464844,10.940757751464844,,False,PERIODIC,True,True,1,FOLLOW,2.3739960193634033,1.7991752624511719,-4.978359222412109,3.343353033065796,2.3191981315612793,-0.035913024097681046,29.15493898008867,16.6224932988894,-0.14886748855419835,3.3837208155228384,-2.133159590826291,-0.028065361512933477,30.98828252553563,30.60963350768864,4.829491733857911,4.45254763385781,2.093685798058119,PREPARATION,False,FOLLOW,0,False,inf,0.04652094841003418,0.0,True,True,TRACKING,0,0.04652094841003418,-0.10856299349019902,-0.10856299349019902,3,0,0.04652094841003418,0.012633562088012695,inf,VISION,,,0,,0.0,0.0,False,,0.0,0.0,0.0,False,0.0,0.6134051793223367,4.748359222412109,SAFE,4.777509975433349,0.9991809129714966,20.07402801513672,20.06095314025879,,,0.00662701902911067,0.0017334329895675182,,19.985684058681215,0.0007670880004297942,0.0,0.4472766249020176,2.162988389824975,2.7447745870256335,0.4508035640590687,4.413975093092618,8.071604378094092,0.4472766249020176,2.162988389824975,2.7447745870256335
10.989819288253784,10.989819288253784,,False,PERIODIC,True,True,1,FOLLOW,2.588129654102736,1.944881942583211,-4.9795597731870105,3.5211498073726215,2.388351195639744,-0.03503084005406869,29.35192788419975,16.49754668207307,-0.1499418360789098,3.3706112100245655,-2.1538291647335295,-0.006560927491398903,30.84487244486143,30.46442099763814,4.8296179371081,4.544763451641188,2.2691717704720933,PREPARATION,False,FOLLOW,0,False,inf,0.04436659812927246,0.0,True,True,TRACKING,0,0.04436659812927246,-0.10774204613764411,-0.10774204613764411,3,0,0.04436659812927246,0.013293266296386719,inf,VISION,,,0,,0.0,0.0,False,,0.0,0.0,0.0,False,0.0,0.6063579288827645,4.74955977318701,SAFE,4.778847503662109,0.9991809129714966,20.07402801513672,20.06095314025879,,,0.004156176000833511,0.0017334329895675182,,20.00399016615819,0.0005402389997470891,0.0,0.41892274011256625,2.162988389824975,2.7447745870256335,0.4469616778563248,4.413975093092618,8.071604378094092,0.41892274011256625,2.162988389824975,2.7447745870256335
11.043909072875977,11.043909072875977,,False,PERIODIC,True,True,1,FOLLOW,2.738386631011963,2.045403480529785,-4.980322360992432,3.641989231109619,2.4317855834960938,-0.03393251448869705,29.49294623618638,16.40692580559764,-0.14982924830371896,3.3613543289198686,-2.1682344392582524,0.008944076076869673,30.74725104577621,30.365437312185264,4.830493112688712,4.608771914521967,2.386048700283055,PREPARATION,False,FOLLOW,0,False,inf,0.04640555381774902,0.0,True,True,TRACKING,0,0.04640555381774902,-0.1076754764336432,-0.1076754764336432,3,0,0.04640555381774902,0.01565265655517578,inf,VISION,,,0,,0.0,0.0,False,,0.0,0.0,0.0,False,0.0,0.6019382755375289,4.750322360992431,SAFE,4.7795947074890135,1.0000824928283691,19.99054718017578,19.983610153198242,,,0.004780956078320742,0.004191847983747721,,20.00828935825765,0.0004700660010712454,0.0,0.41848977990583447,2.162988389824975,2.7447745870256335,0.46660335759715765,4.413975093092618,8.071604378094092,0.41848977990583447,2.162988389824975,2.7447745870256335
11.089663982391357,11.089663982391357,,False,PERIODIC,True,True,1,FOLLOW,2.942205397663783,2.179589574408576,-4.981381096318118,3.8009868729597165,2.4848749700338697,-0.03328020303736867,29.68773466945938,16.280552283819073,-0.14875058541631392,3.348701012351975,-2.1877389080676095,0.03034782317765734,30.618863516067336,30.235086991121104,4.8326305109018035,4.6948835426719855,2.5369161070622317,PREPARATION,False,FOLLOW,0,False,inf,0.04438662528991699,0.0,True,True,TRACKING,0,0.04438662528991699,-0.1076754764336432,-0.1076754764336432,3,0,0.04438662528991699,0.012496471405029297,inf,VISION,,,0,,0.0,0.0,False,,0.0,0.0,0.0,False,0.0,0.595781789789477,4.751381096318117,SAFE,4.780617046356201,1.0000824928283691,19.99054718017578,19.983610153198242,,,0.004780956078320742,0.004191847983747721,,19.99732404679204,0.000644927000394091,0.0,0.4581547949681256,2.162988389824975,2.7447745870256335,0.5131207877081292,4.413975093092618,8.071604378094092,0.4581547949681256,2.162988389824975,2.7447745870256335
11.14131760597229,11.14131760597229,,False,PERIODIC,True,True,1,FOLLOW,3.101102828979492,2.282597541809082,-4.982314109802246,3.9211363792419434,2.5219428539276123,-0.03228963911533356,29.82839773189131,16.188163594049104,-0.1470891147417752,3.3396910972112925,-2.2014569090097824,0.045695038187059944,30.513807707549116,30.12827675225429,4.835224995060471,4.759691749095386,2.6494541170119343,PREPARATION,False,FOLLOW,0,False,inf,0.09434247016906738,0.0,True,True,TRACKING,0,0.04634404182434082,-0.10700972679471413,-0.10700972679471413,3,0,0.04634404182434082,0.06245231628417969,inf,VISION,,,0,,0.0,0.0,False,,0.0,0.0,0.0,False,0.0,0.5914806728231201,4.752314109802246,SAFE,4.781406211853027,0.9996821284294128,19.91238021850586,19.924360275268555,,,3.551299960236065e-05,0.004191847983747721,,19.941384795589723,0.0004736850005429005,0.0,0.49192742470993417,2.162988389824975,2.7447745870256335,0.5588338878549657,4.413975093092618,8.071604378094092,0.49192742470993417,2.162988389824975,2.7447745870256335
11.189726829528809,11.189726829528809,,False,PERIODIC,True,True,1,FOLLOW,3.3496609776583446,2.4406185253403025,-4.983814944638377,4.101252330023995,2.57181717199019,-0.025260274307657572,30.021563224428167,16.060137490528476,-0.14389637264738728,3.3274506777592836,-2.2199261219867847,0.0665289999519576,30.336553497189964,29.94798267503782,4.83991857199099,4.854688256035604,2.8169234218034354,PREPARATION,False,FOLLOW,0,False,inf,0.044365882873535156,0.0,True,True,TRACKING,0,0.044365882873535156,-0.10700972679471413,-0.10700972679471413,3,0,0.044365882873535156,0.011480331420898438,inf,VISION,,,0,,0.0,0.0,False,,0.0,0.0,0.0,False,0.0,0.5846387798335115,4.753814944638377,SAFE,4.782895851135254,0.9996821284294128,19.91238021850586,19.924360275268555,,,3.551299960236065e-05,0.004191847983747721,,19.99322016889366,0.0007043470013741171,0.0,0.49421548344512894,2.162988389824975,2.7447745870256335,0.5704958800356492,4.413975093092618,8.071604378094092,0.49421548344512894,2.162988389824975,2.7447745870256335
11.239717245101929,11.239717245101929,,False,PERIODIC,True,True,1,FOLLOW,3.523308515548706,2.548835515975952,-4.984630107879639,4.221538066864014,2.601181983947754,-0.016877705231308937,30.16170371459021,15.966167687245914,-0.14071854200250544,3.318696869217324,-2.232981235708971,0.08131739257545785,30.217418497160732,29.826647504781917,4.843911565877133,4.918729362313327,2.926661850729888,PREPARATION,False,FOLLOW,0,False,inf,0.09423446655273438,0.0,True,True,TRACKING,0,0.04625821113586426,-0.10700972679471413,-0.10700972679471413,3,0,0.04625821113586426,0.061348915100097656,inf,VISION,,,0,,0.0,0.0,False,,0.0,0.0,0.0,False,0.0,0.5803193253289964,4.754630107879638,SAFE,4.783859539031982,1.0003926753997803,19.98270606994629,19.998592376708984,,,5.00899986946024e-05,0.0029925229027867317,,19.928284780321125,0.0004196680001768982,0.0,0.47481471413198,2.162988389824975,2.7447745870256335,0.5603198719468186,4.413975093092618,8.071604378094092,0.47481471413198,2.162988389824975,2.7447745870256335
11.289742469787598,11.289742469787598,,False,PERIODIC,True,True,1,FOLLOW,3.757883159559597,2.691979622588671,-4.985153259383203,4.376009883457907,2.6340495005866593,-0.004111512311000221,30.353259965098868,15.83661312260544,-0.13549960528414964,3.3068624506011184,-2.2504801116215996,0.10106773786633226,30.06018293096527,29.666402836851983,4.849653654099054,5.001276681047699,3.0648398809342043,PREPARATION,False,FOLLOW,0,False,inf,0.09628820419311523,0.0,True,True,TRACKING,0,0.044294118881225586,-0.1056093844290563,-0.1056093844290563,3,0,0.044294118881225586,0.05350828170776367,inf,VISION,,,0,,0.0,0.0,False,,0.0,0.0,0.0,False,0.0,0.5739528110413605,4.755153259383203,SAFE,4.784851837158203,1.0003926753997803,19.98270606994629,19.998592376708984,,,0.006372857838869095,0.0029925229027867317,,20.005456505356342,0.0003934199994546361,0.0,0.4118379070449481,1.778634396444233,2.7447745870256335,0.5043659717887471,1.1854397852770986,8.071604378094092,0.4118379070449481,1.778634396444233,2.7447745870256335
11.339738130569458,11.339738130569458,,False,PERIODIC,True,True,1,FOLLOW,3.9404797554016113,2.801034450531006,-4.985087871551514,4.4896464347839355,2.654484510421753,0.005705216899514198,30.491654155716073,15.741976457041584,-0.130917903892987,3.2984364538257727,-2.262802289782422,0.11480573554199003,29.933189073780664,29.536974151930053,4.854169967658526,5.060691021724663,3.164806615428976,PREPARATION,False,FOLLOW,0,False,inf,0.09427523612976074,0.0,True,True,TRACKING,0,0.04627847671508789,-0.10585870672594207,-0.10585870672594207,3,0,0.04627847671508789,0.05274319648742676,inf,VISION,,,0,,0.0,0.0,False,,0.0,0.0,0.0,False,0.0,0.5690201411621096,4.755087871551513,SAFE,4.785159873962402,0.9905562996864319,19.994543075561523,20.004749298095703,,,0.006691564805805683,0.0029925229027867317,,20.016073787313925,0.0004219759994157357,0.0,0.43055823562167184,1.5000961620416366,2.7447745870256335,0.5297273109302977,1.2449934286180189,8.071604378094092,0.43055823562167184,1.5000961620416366,2.7447745870256335
11.38969874382019,11.38969874382019,,False,PERIODIC,True,True,1,FOLLOW,4.223987577172725,2.9663834410923635,-4.984283361049862,4.654183453854909,2.679039796700469,0.01862498021379671,30.682948407589517,15.610098124297927,-0.12376592854071354,3.286919215854759,-2.2795091727046715,0.13311972881015724,29.724817222778064,29.324735791066185,4.860517432509148,5.144873995148866,3.3074842772495088,PREPARATION,False,FOLLOW,0,False,inf,0.04438185691833496,0.0,True,True,TRACKING,0,0.04438185691833496,-0.10585870672594207,-0.10585870672594207,3,0,0.04438185691833496,0.009427785873413086,inf,VISION,,,0,,0.0,0.0,False,,0.0,0.0,0.0,False,0.0,0.5605478200650205,4.754283361049861,SAFE,4.783206753972559,0.9905562996864319,19.994543075561523,20.004749298095703,,,1.473500014981255e-05,0.0029925229027867317,,20.063185667818047,0.0007114039999578381,0.0,0.3720384254511633,1.350092415965122,2.7447745870256335,0.47491959434576675,1.2809884479470524,8.071604378094092,0.3720384254511633,1.350092415965122,2.7447745870256335
11.44037938117981,11.44037938117981,,False,PERIODIC,True,True,1,FOLLOW,4.420651912689209,3.0784504413604736,-4.983305931091309,4.759636402130127,2.6918301582336426,0.025712035596370697,30.820497967845682,15.514269985262032,-0.11787255937402318,3.278760556865047,-2.2912201260811966,0.1455607082683849,29.585028669228375,29.18221169590209,4.865433371717286,5.19982183439404,3.396315543498534,PREPARATION,False,FOLLOW,0,False,inf,0.04629707336425781,0.0,True,True,TRACKING,0,0.04629707336425781,-0.10582832406978593,-0.10582832406978593,3,0,0.04629707336425781,0.01046895980834961,inf,VISION,,,0,,0.0,0.0,False,,0.0,0.0,0.0,False,0.0,0.555013009706784,4.753305931091308,SAFE,4.781330516037056,0.9997273087501526,20.093629837036133,20.071186065673828,,,2.760700044746045e-05,0.0029925229027867317,,19.9923925737029,0.0006199519993970171,0.0,0.3387440741445531,1.2695682693418864,2.7447745870256335,0.45123825816400615,1.3066625366189235,8.071604378094092,0.3387440741445531,1.2695682693418864,2.7447745870256335
11.491316795349121,11.491316795349121,,False,PERIODIC,True,True,1,FOLLOW,4.683343560974935,3.2248029886359406,-4.9815263220871575,4.8896651111792115,2.703985595279142,0.03252883630332937,31.010672025278,15.380754071377925,-0.10898474559282809,3.2676078274271676,-2.3071062147497035,0.16189359763493433,29.404711054658986,28.99819599204955,4.87254157649433,5.268666453836835,3.5024553188614154,PREPARATION,False,FOLLOW,0,False,inf,0.04436206817626953,0.0,True,True,TRACKING,0,0.04436206817626953,-0.10614802715090706,-0.10614802715090706,3,0,0.04436206817626953,0.013499736785888672,inf,VISION,,,0,,0.0,0.0,False,,0.0,0.0,0.0,False,0.0,0.5470420174925841,4.751526322087157,SAFE,4.778478885504458,0.9997273087501526,20.093629837036133,20.071186065673828,,,0.006276542786508799,0.0029925229027867317,,19.997022971598287,0.0006631809992541093,0.0,0.46513977199744744,1.1753198243628376,2.7447745870256335,0.5789344936799866,1.2817752441156967,8.071604378094092,0.46513977199744744,1.1753198243628376,2.7447745870256335
11.541565656661987,11.541565656661987,,False,PERIODIC,True,True,1,FOLLOW,4.888071060180664,3.3365283012390137,-4.979873180389404,4.982698440551758,2.710350275039673,0.036302268505096436,31.14716667984286,15.283962224874719,-0.10193776907229687,3.2597237946530675,-2.3182243559156595,0.17271297405377137,29.258768497651864,28.849285608524237,4.877935411317107,5.317312510101843,3.576941951867778,PREPARATION,False,FOLLOW,0,False,inf,0.046414852142333984,0.0,True,True,TRACKING,0,0.046414852142333984,-0.10700972679471413,-0.10700972679471413,3,0,0.046414852142333984,0.012751579284667969,inf,VISION,,,0,,0.0,0.0,False,,0.0,0.0,0.0,False,0.0,0.5412644529842412,4.749873180389404,SAFE,4.776355113260455,1.0004149675369263,20.10230827331543,20.11998176574707,,,3.355999797349796e-05,0.0024826289154589176,,20.00020479110805,0.0005354690001695417,0.0,0.46513977199744744,1.1158368099649152,2.7447745870256335,0.4120379741712121,1.2801375428981374,8.071604378094092,0.46513977199744744,1.1158368099649152,2.7447745870256335
11.590248107910156,11.590248107910156,,False,PERIODIC,True,True,1,FOLLOW,5.200885962521767,3.5036463195389786,-4.977044603077008,5.111399180293339,2.7158924398019515,0.03953558718175297,31.336544855145846,15.14868272727707,-0.09151711729246964,3.2489102694309935,-2.3333628224487133,0.18668448281796698,29.026675963732085,28.61257658249508,4.8855274857845385,5.383818017349601,3.677900851813744,PREPARATION,False,FOLLOW,0,False,inf,0.0443878173828125,0.0,True,True,TRACKING,0,0.0443878173828125,-0.10728096965756523,-0.10728096965756523,3,0,0.0443878173828125,0.01367497444152832,inf,VISION,,,0,,0.0,0.0,False,,0.0,0.0,0.0,False,0.0,0.5321427608108564,4.747044603077008,SAFE,4.7728297693482435,1.0004149675369263,20.10230827331543,20.11998176574707,,,0.006971543189138174,0.0024826289154589176,,20.000455766322382,0.0007253440016938839,0.0,0.29059354821409816,1.1058628085251239,2.7447745870256335,0.3913136821856615,1.3029832312084104,8.071604378094092,0.29059354821409816,1.1058628085251239,2.7447745870256335
11.641794204711914,11.641794204711914,,False,PERIODIC,True,True,1,FOLLOW,5.417730331420898,3.617182970046997,-4.97499418258667,5.191959857940674,2.717251777648926,0.040182121098041534,31.472736672659277,15.05046583404399,-0.08345178627041791,3.241252660480158,-2.3439813542913526,0.19567104144100794,28.87058190451136,28.45317754645585,4.891542396316252,5.426372286382835,3.738463538726218,PREPARATION,False,FOLLOW,0,False,inf,0.04633593559265137,0.0,True,True,TRACKING,0,0.04633593559265137,-0.10884030742815075,-0.10884030742815075,3,0,0.04633593559265137,0.011430501937866211,inf,VISION,,,0,,0.0,0.0,False,,0.0,0.0,0.0,False,0.0,0.5264699304477141,4.7449941825866695,SAFE,4.770691485355837,0.9996341466903687,20.018619537353516,19.997913360595703,,,0.006888207979500294,0.0024826289154589176,,20.005637301786937,0.0006481969994638348,0.0,0.3123978997671506,1.0905198824354874,2.7447745870256335,0.40308037444169326,1.3245717076641486,8.071604378094092,0.3123978997671506,1.0905198824354874,2.7447745870256335
11.690861225128174,11.690861225128174,,False,PERIODIC,True,True,1,FOLLOW,5.705399962233832,3.7650557689238124,-4.972247546026721,5.288646075475829,2.7164175483361355,0.039403272617125944,31.660630645520676,14.914010604046567,-0.07179193411257194,3.2308111103719686,-2.3583595080260875,0.2068800078378103,28.67032715095143,28.248419313976523,4.900455611914149,5.478694677769934,3.80774619505881,PREPARATION,False,FOLLOW,0,False,inf,0.04434537887573242,0.0,True,True,TRACKING,0,0.04434537887573242,-0.10884030742815075,-0.10884030742815075,3,0,0.04434537887573242,0.009863615036010742,inf,VISION,,,0,,0.0,0.0,False,,0.0,0.0,0.0,False,0.0,0.518807272671705,4.742247546026721,SAFE,4.7678566128935715,0.9996341466903687,20.018619537353516,19.997913360595703,,,2.0568999389070086e-05,0.0024826289154589176,,20.015701765908663,0.000591448000704986,0.0,0.28621954133395305,1.0456354140826642,2.7447745870256335,0.3586244596560285,1.3085859855286512,8.071604378094092,0.28621954133395305,1.0456354140826642,2.7447745870256335
11.741705179214478,11.741705179214478,,False,PERIODIC,True,True,1,FOLLOW,5.925113677978516,3.8761186599731445,-4.97018575668335,5.355258464813232,2.7141542434692383,0.03811110556125641,31.79634443890939,14.814555479908048,-0.06291282240752452,3.2233858633755723,-2.368491942942863,0.2137877917507418,28.51405458367013,28.088609455596828,4.9072729342758254,5.5144388058152005,3.8538285897952638,PREPARATION,False,FOLLOW,0,False,inf,0.04635190963745117,0.0,True,True,TRACKING,0,0.04635190963745117,-0.11094118170717943,-0.11094118170717943,3,0,0.04635190963745117,0.011680364608764648,inf,VISION,,,0,,0.0,0.0,False,,0.0,0.0,0.0,False,0.0,0.5133826005505018,4.740185756683349,SAFE,4.76597116845729,0.9995802044868469,19.981977462768555,19.99227523803711,,,0.005271159112453461,0.002497185952961445,,20.038616916148467,0.0006077800007915357,0.0,0.3084367914974681,0.9816384269695793,2.7447745870256335,0.37268702695996525,1.2714304008476718,8.071604378094092,0.3084367914974681,0.9816384269695793,2.7447745870256335
11.789668798446655,11.789668798446655,,False,PERIODIC,True,True,1,FOLLOW,6.259750614585607,4.042134668044355,-4.967203076284527,5.4460372366753065,2.7077766132351333,0.03496049646067708,31.98245197712445,14.677256456125997,-0.05033124663861414,3.213323633058666,-2.3821316565686828,0.2219594995476486,28.26550564597867,27.834568091380305,4.916871829645912,5.5612179293701125,3.91444507835038,PREPARATION,False,FOLLOW,0,False,inf,0.04442596435546875,0.0,True,True,TRACKING,0,0.04442596435546875,-0.11094118170717943,-0.11094118170717943,3,0,0.04442596435546875,0.010926961898803711,inf,VISION,,,0,,0.0,0.0,False,,0.0,0.0,0.0,False,0.0,0.5051160436701001,4.737203076284526,SAFE,4.763165750177377,0.9995802044868469,19.981977462768555,19.99227523803711,,,0.005271159112453461,0.002497185952961445,,19.985884546909354,0.000762005000069621,0.0,0.3144548258391042,0.874274517320838,2.7447745870256335,0.36343172346289915,1.1858918490375474,8.071604378094092,0.3144548258391042,0.874274517320838,2.7447745870256335
11.839994430541992,11.839994430541992,,False,PERIODIC,True,True,1,FOLLOW,6.4916181564331055,4.155230522155762,-4.965279579162598,5.502285480499268,2.7015597820281982,0.03231348842382431,32.117115844241205,14.577050911892512,-0.040896224511184964,3.2061565350462655,-2.3917634787815403,0.22659082794462027,28.098576892920374,27.663703150225402,4.924383354651413,5.590339315095635,3.949112850789202,PREPARATION,False,FOLLOW,0,False,inf,0.09426736831665039,0.0,True,True,TRACKING,0,0.04625105857849121,-0.11405679141431276,-0.11405679141431276,3,0,0.04625105857849121,0.06076836585998535,inf,VISION,,,0,,0.0,0.0,False,,0.0,0.0,0.0,False,0.0,0.49996576970931006,4.735279579162597,SAFE,4.761629537831103,0.9985954761505127,19.949935913085938,19.9696044921875,,,4.3688996811397374e-05,0.002497185952961445,,20.00731986972058,0.000480073000289849,0.0,0.32845271685467897,0.8524014663569919,2.7447745870256335,0.3610240500176124,1.1815464855287439,8.071604378094092,0.32845271685467897,0.8524014663569919,2.7447745870256335
11.889736413955688,11.889736413955688,,False,PERIODIC,True,True,1,FOLLOW,6.795911801659744,4.301592111950362,-4.962891510820831,5.568366626523468,2.691574556017789,0.028551395105631507,32.30334786140888,14.437587838775235,-0.027576720087614165,3.1963631451990016,-2.404841500809055,0.23160338230134014,27.887721954294378,27.4475445844688,4.935314790733217,5.625041088667885,3.985942387620973,PREPARATION,False,FOLLOW,0,False,inf,0.04434919357299805,0.0,True,True,TRACKING,0,0.04434919357299805,-0.1157636320386794,-0.1157636320386794,3,0,0.04434919357299805,0.012984514236450195,inf,VISION,,,0,,0.0,0.0,False,,0.0,0.0,0.0,False,0.0,0.4930007296127288,4.7328915108208305,SAFE,4.7597010259901,0.9985954761505127,19.949935913085938,19.9696044921875,,,2.516899985494092e-05,0.002497185952961445,,20.008836934751656,0.0005928149985265918,0.0,0.34286851983060285,0.7537671574491331,2.7447745870256335,0.3452700132905656,1.095434894385964,8.071604378094092,0.34286851983060285,0.7537671574491331,2.7447745870256335
11.939701795578003,11.939701795578003,,False,PERIODIC,True,True,1,FOLLOW,7.026521682739258,4.411050796508789,-4.9611921310424805,5.613515377044678,2.682699680328369,0.0255932305008173,32.43735265416764,14.336406128420148,-0.017793067944554153,3.189427914565652,-2.4140266173419915,0.2338582976610903,27.72472188174739,27.280451043250828,4.943399063097926,5.647671495166118,4.009250640605769,PREPARATION,False,FOLLOW,0,False,inf,0.04627203941345215,0.0,True,True,TRACKING,0,0.04627203941345215,-0.11798199408525151,-0.11798199408525151,3,0,0.04627203941345215,0.009051084518432617,inf,VISION,,,0,,0.0,0.0,False,,0.0,0.0,0.0,False,0.0,0.4881151021143171,4.73119213104248,SAFE,4.758408399789,0.9998590350151062,19.995342254638672,19.99091148376465,,,0.004945811815559864,0.003441806882619858,,20.001444669968457,0.00052272399989306,0.0,0.36692665050030326,0.6919745311499303,2.7447745870256335,0.3540865721650034,1.0418699859965312,8.071604378094092,0.36692665050030326,0.6919745311499303,2.7447745870256335
11.990943908691406,11.990943908691406,,False,PERIODIC,True,True,1,FOLLOW,7.376896543045663,4.5747734974676195,-4.958802626413665,5.674861003417797,2.6664007567127515,0.021122065731288664,32.62218583641232,14.195994556601335,-0.004170109499688369,3.179977675905847,-2.426466974994807,0.23552837856998726,27.467087751564645,27.016523206632108,4.954632516913977,5.6751841042868625,4.038336868537616,PREPARATION,False,FOLLOW,0,False,inf,0.04430818557739258,0.0,True,True,TRACKING,0,0.04430818557739258,-0.1187646680810874,-0.1187646680810874,3,0,0.04430818557739258,0.014221906661987305,inf,VISION,,,0,,0.0,0.0,False,,0.0,0.0,0.0,False,0.0,0.4805131315064832,4.728802626413665,SAFE,4.7565375225615645,0.9998590350151062,19.995342254638672,19.99091148376465,,,2.4312999812536873e-05,0.003441806882619858,,19.99715845431357,0.0006143520004115999,0.0,0.394303965623039,0.7383708681431046,2.7447745870256335,0.36688859330206225,1.1047387257915227,8.071604378094092,0.394303965623039,0.7383708681431046,2.7447745870256335
12.0397469997406,12.0397469997406,,False,PERIODIC,True,True,1,FOLLOW,7.616353511810303,4.685019016265869,-4.957361221313477,5.712425708770752,2.6534972190856934,0.018026607111096382,32.755303346017726,14.094073036861294,0.0057024370173352455,3.1732803879704146,-2.43521426283546,0.23535200178983381,27.297052903306692,26.842076974952597,4.963063658330812,5.691175083719592,4.052921342590002,PREPARATION,False,FOLLOW,0,False,inf,0.04641103744506836,0.0,True,True,TRACKING,0,0.04641103744506836,-0.1216332152291889,-0.1216332152291889,3,0,0.04641103744506836,0.011300086975097656,inf,VISION,,,0,,0.0,0.0,False,,0.0,0.0,0.0,False,0.0,0.4756993172710633,4.727361221313476,SAFE,4.755492615559936,0.9998652935028076,20.02886962890625,20.01173973083496,,,5.9037000028183684e-05,0.003441806882619858,,19.99695272202421,0.000763301000915817,0.0,0.41672773828204274,0.7383708681431046,2.7447745870256335,0.3836133917348493,0.940353721586562,8.071604378094092,0.41672773828204274,0.7383708681431046,2.7447745870256335
12.089652061462402,12.089652061462402,,False,PERIODIC,True,True,1,FOLLOW,7.9279110530490735,4.826539796013248,-4.955521961624642,5.75660601498632,2.63477667100506,0.014338902003036794,32.93924605048262,13.952417365608127,0.019326930925897306,3.1641389027542965,-2.4470850013999996,0.23365546384377678,27.085007684562147,26.62420927969654,4.97484889255054,5.709142101906541,4.065955800700319,PREPARATION,False,FOLLOW,0,False,inf,0.09635114669799805,0.0,True,True,TRACKING,0,0.04435276985168457,-0.12271443736905845,-0.12271443736905845,3,0,0.04435276985168457,0.061240196228027344,inf,VISION,,,0,,0.0,0.0,False,,0.0,0.0,0.0,False,0.0,0.469067720911724,4.725521961624642,SAFE,4.75421347812064,0.9998652935028076,20.02886962890625,20.01173973083496,,,0.007015828043222427,0.003441806882619858,,20.046586332854464,0.0005968639998172875,0.0,0.44020730531546426,0.5604266201321174,2.7447745870256335,0.4015457863438635,0.8875507924199638,8.071604378094092,0.44020730531546426,0.5604266201321174,2.7447745870256335
12.141830444335938,12.141830444335938,,False,PERIODIC,True,True,1,FOLLOW,8.16834831237793,4.934416770935059,-4.954181671142578,5.787484645843506,2.6189334392547607,0.011498202569782734,33.0713113583871,13.849946539024222,0.029031407752109384,3.157681749387656,-2.4554071319146664,0.231062753113951,26.91610395481206,26.450789015010162,4.983213078894687,5.719528310820684,4.073255996058724,PREPARATION,False,FOLLOW,0,False,inf,0.046372413635253906,0.0,True,True,TRACKING,0,0.046372413635253906,-0.12498946494285344,-0.12498946494285344,3,0,0.046372413635253906,0.007803678512573242,inf,VISION,,,0,,0.0,0.0,False,,0.0,0.0,0.0,False,0.0,0.4641887152978743,4.724181671142578,SAFE,4.753290699478666,1.0004785060882568,20.065027236938477,20.054372787475586,,,0.006406100001186132,0.002102471888065338,,19.984867110742638,0.0006301710000116145,0.0,0.4537011214904151,0.5689809148181381,2.7447745870256335,0.4187530103860691,0.8707152417493865,8.071604378094092,0.4537011214904151,0.5689809148181381,2.7447745870256335
12.189747333526611,12.189747333526611,,False,PERIODIC,True,True,1,FOLLOW,8.52806622641264,5.093524086205885,-4.952385588777971,5.8291321305346075,2.5927452598512475,0.007382614555103744,33.254725329239996,13.706845571888858,0.04234677713302124,3.148823996931324,-2.466760514591848,0.2260350833033983,26.65603738011788,26.183906839949664,4.994732365910992,5.729787018273251,4.080205290478445,PREPARATION,False,FOLLOW,0,False,inf,0.04432177543640137,0.0,True,True,TRACKING,0,0.04432201385498047,-0.12636141963591116,-0.12636141963591116,3,0,0.04432201385498047,0.013443470001220703,inf,VISION,,,0,,0.0,0.0,False,,0.0,0.0,0.0,False,0.0,0.45643649119834384,4.72238558877797,SAFE,4.7519614577060265,1.0004785060882568,20.065027236938477,20.054372787475586,,,0.006406100001186132,0.002102471888065338,,20.0648526705122,0.0005351090003387071,0.0,0.4660884651707891,0.5323646159487812,2.7447745870256335,0.4340342696426936,0.7940432978699129,8.071604378094092,0.4660884651707891,0.5323646159487812,2.7447745870256335
12.240317106246948,12.240317106246948,,False,PERIODIC,True,True,1,FOLLOW,8.772685050964355,5.200186252593994,-4.951369762420654,5.855020046234131,2.57354998588562,0.004727515857666731,33.38803696485533,13.602084042978813,0.05180738161377165,3.1424912926275974,-2.4748191238827153,0.22102043094899343,26.48658562101499,26.00975656027502,5.003177144034426,5.73503491992194,4.081446393000138,PREPARATION,False,FOLLOW,0,False,inf,0.09434342384338379,0.0,True,True,TRACKING,0,0.04629659652709961,-0.12852100705776026,-0.12852100705776026,3,0,0.04629659652709961,0.06346511840820312,inf,VISION,,,0,,0.0,0.0,False,,0.0,0.0,0.0,False,0.0,0.45144469060736636,4.721369762420654,SAFE,4.751231414623515,0.9998965263366699,20.042102813720703,20.049768447875977,,,3.936500070267357e-05,0.002102471888065338,,19.99263332160077,0.0005383659990911838,0.0,0.479593853480546,0.5524064768199091,2.7447745870256335,0.4487883815740416,0.7816994050879189,8.071604378094092,0.479593853480546,0.5524064768199091,2.7447745870256335
12.289730548858643,12.289730548858643,,False,PERIODIC,True,True,1,FOLLOW,9.092352014697813,5.337491461998732,-4.950358532528236,5.886097508307035,2.5462658923006556,0.0013433959760759356,33.568925941455134,13.459172483850999,0.06434037489493281,3.1340062948552094,-2.4855592014289094,0.21284328575394054,26.271878100829465,25.788842040943436,5.014698907423169,5.739163878512386,4.079191968338327,PREPARATION,False,FOLLOW,0,False,inf,0.09631609916687012,0.0,True,True,TRACKING,0,0.04434657096862793,-0.1300465284695682,-0.1300465284695682,3,0,0.04434657096862793,0.05246114730834961,inf,VISION,,,0,,0.0,0.0,False,,0.0,0.0,0.0,False,0.0,0.4444287427584337,4.720358532528236,SAFE,4.7504819201444475,0.9998965263366699,20.042102813720703,20.049768447875977,,,0.006190227810293436,0.002102471888065338,,19.9972939388647,0.0005021109991503181,0.0,0.4865421751224081,0.5503709745842924,5.413799107078755,0.45911568814027864,0.7427655371899526,2.9465731503531765,0.4865421751224081,0.5503709745842924,5.413799107078755
12.339592218399048,12.339592218399048,,False,PERIODIC,True,True,1,FOLLOW,9.336006164550781,5.440677642822266,-4.9498209953308105,5.90803861618042,2.524142265319824,-0.0013015448348596692,33.70072728247594,13.354329016410253,0.07312569375821172,3.1279253939594653,-2.493203731938136,0.20561357517584605,26.105468903246873,25.61767970010085,5.022946689089022,5.73982615167544,4.075884909633721,PREPARATION,False,FOLLOW,0,False,inf,0.04638409614562988,0.0,True,True,TRACKING,0,0.04638409614562988,-0.1317581232854244,-0.1317581232854244,3,0,0.04638409614562988,0.011870384216308594,inf,VISION,,,0,,0.0,0.0,False,,0.0,0.0,0.0,False,0.0,0.43927016221962356,4.71982099533081,SAFE,4.750147000219552,0.9998965263366699,20.04342269897461,20.06020164489746,,,0.00570257380604744,0.00533163221552968,,20.029339853300733,0.00047632399946451187,0.0,0.4678947547842208,0.5709301628762945,3.8000550371666595,0.45378470890670275,0.7133630276335619,2.995054203801284,0.4678947547842208,0.5709301628762945,3.8000550371666595
12.389642715454102,12.389642715454102,,False,PERIODIC,True,True,1,FOLLOW,9.700860473783091,5.592679692947484,-4.949321581645215,5.938327993722038,2.4887272456977914,-0.004817444178541414,33.88137142731574,13.209900784956613,0.08473049847651118,3.1196959321846203,-2.5034970123231095,0.19442843726452136,25.84687306975138,25.35190657797676,5.034052080121726,5.736435187637967,4.0693442848751475,PREPARATION,False,FOLLOW,0,False,inf,0.09638404846191406,0.0,True,True,TRACKING,0,0.044378042221069336,-0.13334676657652453,-0.13334676657652453,3,0,0.044378042221069336,0.06187033653259277,inf,VISION,,,0,,0.0,0.0,False,,0.0,0.0,0.0,False,0.0,0.4308895606630814,4.7193215816452145,SAFE,4.749583053588867,0.9998965263366699,20.04342269897461,20.06020164489746,,,1.5810999684617855e-05,0.00533163221552968,,19.974443107943053,0.0006815300002926961,0.0,0.4954478031653708,0.582564078405493,3.0696508125454858,0.47326476680530755,0.661281340021374,3.0021158748234016,0.4954478031653708,0.582564078405493,3.0696508125454858
12.439847469329834,12.439847469329834,,False,PERIODIC,True,True,1,FOLLOW,9.950820922851562,5.69504451751709,-4.949235916137695,5.957655429840088,2.4630990028381348,-0.007042421959340572,34.01252695297776,13.10434881172869,0.09268484544237797,3.1138205304000786,-2.5107976711982114,0.18513260518741864,25.67653504993394,25.17664567023244,5.041920761580073,5.732711077694537,4.062530316974416,PREPARATION,False,FOLLOW,0,False,inf,0.046497344970703125,0.0,True,True,TRACKING,0,0.046497344970703125,-0.1348712274912081,-0.1348712274912081,3,0,0.046497344970703125,0.016743898391723633,inf,VISION,,,0,,0.0,0.0,False,,0.0,0.0,0.0,False,0.0,0.4255022042962042,4.719235916137695,SAFE,4.749307918548584,0.9794487357139587,19.921714782714844,19.92562484741211,,,0.005843483842909336,0.00533163221552968,,19.989890142085844,0.0007551779999630526,0.0,0.481177940908552,0.6089918236852617,2.760684889733665,0.4716415301306199,0.642770836138337,2.998085347856521,0.481177940908552,0.6089918236852617,2.760684889733665
12.49091100692749,12.49091100692749,,False,PERIODIC,True,True,1,FOLLOW,10.273345062976558,5.824879828685194,-4.949495604912956,5.980976392945557,2.4280812372641982,-0.009392053854050592,34.19277700704916,12.95857986593726,0.1030575894857301,3.105848362364046,-2.5206558571134954,0.17120334824362643,25.46678610525559,24.96054688400498,5.052553194398686,5.72616579578029,4.050835741517101,PREPARATION,False,FOLLOW,0,False,inf,0.09632349014282227,0.0,True,True,TRACKING,0,0.04432845115661621,-0.1348712274912081,-0.1348712274912081,3,0,0.04432845115661621,0.06657004356384277,inf,VISION,,,0,,0.0,0.0,False,,0.0,0.0,0.0,False,0.0,0.4179566327694708,4.7194956049129555,SAFE,4.749286937713623,0.9794487357139587,19.921714782714844,19.92562484741211,,,0.0044992659240961075,0.00533163221552968,,20.00171073688184,0.00043067499973403756,0.0,0.4910508405848388,0.6292747486521372,2.5451475157281354,0.47454062491702154,0.628945400536133,2.9371410296958387,0.4910508405848388,0.6292747486521372,2.5451475157281354
12.539653062820435,12.539653062820435,,False,PERIODIC,True,True,1,FOLLOW,10.52191162109375,5.923234939575195,-4.949909210205078,5.997950553894043,2.400045394897461,-0.011040708981454372,34.32374688498342,12.851994813565657,0.11000872450741893,3.1001534418066803,-2.527653742711018,0.160033414294512,25.30094553226791,24.78981797675736,5.059917934712497,5.719153193372586,4.041355386932172,PREPARATION,False,FOLLOW,0,False,inf,0.04638338088989258,0.0,True,True,TRACKING,0,0.04638338088989258,-0.13821004382325508,-0.13821004382325508,3,0,0.04638338088989258,0.013589143753051758,inf,VISION,,,0,,0.0,0.0,False,,0.0,0.0,0.0,False,0.0,0.4122479740926175,4.719909210205078,SAFE,4.7495067596435545,0.9996941089630127,19.95199203491211,19.943572998046875,,,0.007814277894794941,0.002978646894916892,,20.003914846319187,0.0005626479996863054,0.0,0.47389393647147776,0.6462381361798891,2.4001793826840268,0.47057519270219833,0.6250403046635091,2.899277427367302,0.47389393647147776,0.6462381361798891,2.4001793826840268
12.59076452255249,12.59076452255249,,False,PERIODIC,True,True,1,FOLLOW,10.892982724517301,6.067393789320337,-4.950890554267557,6.02211952465707,2.356519854776273,-0.013018460261013097,34.502602160392875,12.705759933075582,0.11883474861717086,3.0924762935496375,-2.53704362868152,0.1437798068539577,25.043644894706105,24.52513068192358,5.069725302884728,5.705642709176191,4.027293319404851,PREPARATION,False,FOLLOW,0,False,inf,0.0964045524597168,0.0,True,True,TRACKING,0,0.04441070556640625,-0.13821004382325508,-0.13821004382325508,3,0,0.04441070556640625,0.06361031532287598,inf,VISION,,,0,,0.0,0.0,False,,0.0,0.0,0.0,False,0.0,0.4032763791002525,4.720890554267557,SAFE,4.750267791748047,0.9996941089630127,19.95199203491211,19.943572998046875,,,2.5728000764502212e-05,0.002978646894916892,,19.948852572278245,0.0007216249996417901,0.0,0.44929484147095283,0.6590405419587233,2.3093376308123594,0.45229654263443597,0.6244846257842477,2.880007453608808,0.44929484147095283,0.6590405419587233,2.3093376308123594
12.640724182128906,12.640724182128906,,False,PERIODIC,True,True,1,FOLLOW,11.14516544342041,6.163660049438477,-4.9516425132751465,6.037764549255371,2.326110601425171,-0.014042151160538197,34.63219681336114,12.599161383996995,0.12455196241537833,3.087008183386293,-2.543691412954616,0.13111902798070524,24.876174753259704,24.352747688909446,5.076194475690524,5.695876276562194,4.016182524367544,PREPARATION,False,FOLLOW,0,False,inf,0.04639577865600586,0.0,True,True,TRACKING,0,0.04639577865600586,-0.14084047129821464,-0.14084047129821464,3,0,0.04639577865600586,0.010495662689208984,inf,VISION,,,0,,0.0,0.0,False,,0.0,0.0,0.0,False,0.0,0.3974643999235097,4.721642513275146,SAFE,4.750923919677734,0.9993853569030762,20.036155700683594,20.05599021911621,,,0.005162527784705162,0.002978646894916892,,19.995467560843178,0.0006630890002270462,0.0,0.4452263382339073,0.6591454613587258,2.2445593865348044,0.45223373814371925,0.6275448618764142,2.8574086623346213,0.4452263382339073,0.6591454613587258,2.2445593865348044
12.689729690551758,12.689729690551758,,False,PERIODIC,True,True,1,FOLLOW,11.474034155953579,6.287021932807844,-4.952565049593438,6.057166512622848,2.285165092149319,-0.014752168273175496,34.81137275964666,12.451122860253745,0.13169695362319234,3.079545799633961,-2.552723578446524,0.1127905312709668,24.667331300011256,24.137678292395123,5.08426200321663,5.682223071976941,3.9997239730820233,PREPARATION,False,FOLLOW,0,False,inf,0.04430532455444336,0.0,True,True,TRACKING,0,0.04430508613586426,-0.14194701012073388,-0.14194701012073388,3,0,0.04430508613586426,0.014158248901367188,inf,VISION,,,0,,0.0,0.0,False,,0.0,0.0,0.0,False,0.0,0.38940013599245304,4.722565049593437,SAFE,4.75192289352417,0.9993853569030762,20.036155700683594,20.05599021911621,,,0.006472079083323479,0.002978646894916892,,20.005009550428245,0.00044487000013759825,0.0,0.45113321366609516,0.6600630262509068,2.112765170490059,0.4508212199698372,0.6310769136145875,2.79239111773196,0.45113321366609516,0.6600630262509068,2.112765170490059
12.739769697189331,12.739769697189331,,False,PERIODIC,True,True,1,FOLLOW,11.723943710327148,6.379142761230469,-4.9531755447387695,6.071377754211426,2.2532989978790283,-0.015083696693181992,34.94095788378599,12.34343587039791,0.13610135113379498,3.074241800521539,-2.5591061990350044,0.09882424092903641,24.505168408838028,23.97086855795282,5.0892768958725645,5.670541660409447,3.9872174067834902,PREPARATION,False,FOLLOW,0,False,inf,0.046439409255981445,0.0,True,True,TRACKING,0,0.046439409255981445,-0.14320015610177625,-0.14320015610177625,3,0,0.046439409255981445,0.012042522430419922,inf,VISION,,,0,,0.0,0.0,False,,0.0,0.0,0.0,False,0.0,0.38352814602231566,4.723175544738769,SAFE,4.752587127685547,1.0434497594833374,20.000211715698242,20.01906394958496,,,5.555900133913383e-05,0.002978646894916892,,20.003422770662066,0.0006499709998024628,0.0,0.40550450883999933,0.6542396275187792,2.0246912088502507,0.4204729259884877,0.6341554691661642,2.7050517653649506,0.40550450883999933,0.6542396275187792,2.0246912088502507
12.789847135543823,12.789847135543823,,False,PERIODIC,True,True,1,FOLLOW,12.09998959311528,6.514885172858885,-4.954048969926204,6.091891960538762,2.203925279793507,-0.01552840293228071,35.11870520956125,12.195090936701412,0.14130841832616084,3.06706215929572,-2.5677090393999618,0.07903979449327538,24.250539644808345,23.709196657634845,5.095357388252364,5.650401096077805,3.9689715937086545,PREPARATION,False,FOLLOW,0,False,inf,0.09633994102478027,0.0,True,True,TRACKING,0,0.04434514045715332,-0.14320015610177625,-0.14320015610177625,3,0,0.09633994102478027,0.06194305419921875,inf,VISION,,,0,,0.0,0.0,False,,0.0,0.0,0.0,False,0.0,0.37421732991414336,4.724048969926203,SAFE,4.753507423400879,1.0434497594833374,20.000211715698242,20.01906394958496,,,0.008029937744140625,0.002978646894916892,,19.98565899793552,0.0004325049994804431,0.0,0.4018728458083428,0.648914673440519,1.819463898725258,0.41586134472912556,0.6352818433588111,2.5640222633111325,0.4018728458083428,0.648914673440519,1.819463898725258
12.840519189834595,12.840519189834595,,False,PERIODIC,True,True,1,FOLLOW,12.355035781860352,6.604884624481201,-4.954665184020996,6.105362892150879,2.169570207595825,-0.015528162941336632,35.247489390674176,12.087013750363182,0.14426035812079793,3.0619506410446924,-2.573799945998418,0.06419493321355729,24.085622550991754,23.539714781291142,5.098925542141794,5.636335184874337,3.9554069699392804,PREPARATION,False,FOLLOW,0,False,inf,0.09451794624328613,0.0,True,True,TRACKING,0,0.04646873474121094,-0.14467819915272856,-0.14467819915272856,3,0,0.04646873474121094,0.049939632415771484,inf,VISION,,,0,,0.0,0.0,False,,0.0,0.0,0.0,False,0.0,0.36823270792253027,4.724665184020996,SAFE,4.754076766967773,1.0033663511276245,19.937894821166992,19.96600341796875,,,3.920699964510277e-05,0.0037144990637898445,,19.995301999109277,0.0005652809995808639,0.0,0.4041460462809585,0.6041110801498856,1.7840043180441212,0.4177322529509881,0.629724626204347,2.504631484596051,0.4041460462809585,0.6041110801498856,1.7840043180441212
12.889824867248535,12.889824867248535,,False,PERIODIC,True,True,1,FOLLOW,12.685554543622935,6.7190025013490695,-4.955446164602132,6.122466769597476,2.12379539038468,-0.01557691640201428,35.42515460601065,11.937302716653722,0.14744514907342324,3.054992534023438,-2.582057438761007,0.04330181543120367,23.88220190630624,23.330667974457825,5.102891313675555,5.617643255009282,3.9363723139824636,PREPARATION,False,FOLLOW,0,False,inf,0.044278860092163086,0.0,True,True,TRACKING,0,0.044278860092163086,-0.1474461863475208,-0.1474461863475208,3,0,0.044278860092163086,0.013210058212280273,inf,VISION,,,0,,0.0,0.0,False,,0.0,0.0,0.0,False,0.0,0.35986540105927656,4.725446164602132,SAFE,4.754902648925781,1.0033663511276245,19.937894821166992,19.96600341796875,,,3.181600186508149e-05,0.0037144990637898445,,20.005772901254417,0.000433269000495784,0.0,0.2618547979641528,0.6240365068439291,1.594225087741397,0.2961406037129839,0.6311283684187067,2.360089829582876,0.2618547979641528,0.6240365068439291,1.594225087741397
12.94205904006958,12.94205904006958,,False,PERIODIC,True,True,1,FOLLOW,12.941389083862305,6.805481910705566,-4.956038475036621,6.135295867919922,2.087507963180542,-0.015647893771529198,35.55256800044232,11.829365004461463,0.14887188803685536,3.050090339635133,-2.5878442027788027,0.02801830111570023,23.718451111999997,23.16257354736988,5.1049103630734765,5.601724534826367,3.9220792474314035,PREPARATION,False,FOLLOW,0,False,inf,0.046457767486572266,0.0,True,True,TRACKING,0,0.046457767486572266,-0.14890723620213855,-0.14890723620213855,3,0,0.046457767486572266,0.009166240692138672,inf,VISION,,,0,,0.0,0.0,False,,0.0,0.0,0.0,False,0.0,0.35374851682903863,4.726038475036621,SAFE,4.755471992492676,1.0006601810455322,20.01009750366211,20.04084587097168,,,0.005795049015432596,0.0037144990637898445,,19.979981853195408,0.0003936689990950981,0.0,0.2618547979641528,0.5831721721497558,1.5631932431843585,0.3916627643536673,0.6226652532755128,2.2491866954743247,0.2618547979641528,0.5831721721497558,1.5631932431843585
12.993496417999268,12.993496417999268,,False,PERIODIC,True,True,1,FOLLOW,13.322276945740974,6.93106001342727,-4.9568556568524125,6.153761194151258,2.032183514434084,-0.015771830789755477,35.72983327092534,11.67860701206165,0.14994174468869123,3.04336119478216,-2.5957566600307707,0.006566078905482431,23.467363777615482,22.904972887356845,5.106797401541104,5.576102348120112,3.901322379167203,PREPARATION,False,FOLLOW,0,False,inf,0.044387102127075195,0.0,True,True,TRACKING,0,0.044387102127075195,-0.14890723620213855,-0.14890723620213855,3,0,0.044387102127075195,0.011416912078857422,inf,VISION,,,0,,0.0,0.0,False,,0.0,0.0,0.0,False,0.0,0.34412759174684204,4.726855656852412,SAFE,4.756345558166504,1.0006601810455322,20.01009750366211,20.04084587097168,,,1.8863000150304288e-05,0.0037144990637898445,,20.00002911220572,0.000720558999091736,0.0,0.34306888546125786,0.5853402457059942,1.4580090681604143,0.3646846793493642,0.6156824706619275,2.1916190278073326,0.34306888546125786,0.5853402457059942,1.4580090681604143
13.04177212715149,13.04177212715149,,False,PERIODIC,True,True,1,FOLLOW,13.58016586303711,7.014122486114502,-4.957332134246826,6.165981292724609,1.9940738677978516,-0.0157894529402256,35.85780769768754,11.56921244215849,0.14982876897093186,3.038589858181482,-2.6013384143579366,-0.009006719746498363,23.305048009218428,22.73856130498629,5.107160903217758,5.558636274601134,3.886230229614868,PREPARATION,False,FOLLOW,0,False,inf,0.0463864803314209,0.0,True,True,TRACKING,0,0.0463864803314209,-0.15167631119824587,-0.15167631119824587,0,0,0.0463864803314209,0.011442899703979492,inf,VISION,,,0,,0.0,0.0,False,,0.0,0.0,0.0,False,0.0,0.33788705264834995,4.727332134246826,SAFE,4.756881523132324,0.9990688562393188,20.013635635375977,20.009613037109375,,,0.004134629853069782,0.00242700707167387,,20.01420879209194,0.0006057619993953267,0.0,0.348597406928139,0.5424409871065671,1.4580090681604143,0.3635821458362378,0.6038403407357539,2.0297871677670103,0.348597406928139,0.5424409871065671,1.4580090681604143
13.09081745147705,13.09081745147705,,False,PERIODIC,True,True,1,FOLLOW,13.912826564787297,7.118817147719039,-4.957747802888693,6.181457363360356,1.944133659088607,-0.015818054606113588,36.03341097983888,11.418536969766748,0.14875155836091764,3.0321317154747462,-2.608865128750848,-0.030336054039898724,23.105933894521026,22.534592195367836,5.10649936124961,5.536087135405766,3.8654866557195198,PREPARATION,False,FOLLOW,0,False,inf,0.044296979904174805,0.0,True,True,TRACKING,0,0.044296979904174805,-0.15167631119824587,-0.15167631119824587,0,0,0.044296979904174805,0.013736724853515625,inf,VISION,,,0,,0.0,0.0,False,,0.0,0.0,0.0,False,0.0,0.3293286046273103,4.727747802888692,SAFE,4.757475185394287,0.9990688562393188,20.013635635375977,20.009613037109375,,,0.0054383790120482445,0.00242700707167387,,20.028131747940183,0.00046215899965318386,0.0,0.315843809615263,0.5102067900759677,1.2556351870317763,0.3403527348697943,0.5832880694087568,1.9185887451915722,0.315843809615263,0.5102067900759677,1.2556351870317763
13.140323877334595,13.140323877334595,,False,PERIODIC,True,True,1,FOLLOW,14.173336029052734,7.198977470397949,-4.957903861999512,6.193124294281006,1.9045289754867554,-0.015544069930911064,36.16041048922219,11.30903313171683,0.14709623823445037,3.0275451450949245,-2.6141845437818465,-0.04562853500644591,22.943082331708702,22.36792348109621,5.105000100233962,5.517297191018568,3.8498562862939503,PREPARATION,False,FOLLOW,0,False,inf,0.04637265205383301,0.0,True,True,TRACKING,0,0.04637265205383301,-0.15345980261953407,-0.15345980261953407,0,0,0.04637265205383301,0.012971162796020508,inf,VISION,,,0,,0.0,0.0,False,,0.0,0.0,0.0,False,0.0,0.3230236164803797,4.727903861999511,SAFE,4.757762241363525,0.9981551766395569,19.985919952392578,20.0084171295166,,,2.658300036273431e-05,0.00242700707167387,,19.998653904017132,0.0006104849999246653,0.0,0.3074018885097185,0.48232779819523064,1.2813655255356418,0.3321992674929013,0.5725750757820964,1.846721681519644,0.3074018885097185,0.48232779819523064,1.2813655255356418
13.189740896224976,13.189740896224976,,False,PERIODIC,True,True,1,FOLLOW,14.559273787659935,7.314693319581452,-4.95795779205533,6.209862798338491,1.8451112604338877,-0.015481909954143709,36.33627569280685,11.156847430424083,0.1438946973346125,3.021280995898157,-2.621423495703173,-0.066537940060632,22.69424726691176,22.113343487320893,5.101852489389943,5.488132046228865,3.827372909693799,PREPARATION,False,FOLLOW,0,False,inf,0.044377803802490234,0.0,True,True,TRACKING,0,0.044377803802490234,-0.1547499749876178,-0.1547499749876178,0,0,0.044377803802490234,0.01280975341796875,inf,VISION,,,0,,0.0,0.0,False,,0.0,0.0,0.0,False,0.0,0.3130208994134951,4.72795779205533,SAFE,4.757952499389648,0.9981551766395569,19.985919952392578,20.0084171295166,,,2.658300036273431e-05,0.00242700707167387,,19.99314493013594,0.0006614699996134732,0.0,0.3077477983639902,0.4849774538488822,1.199059399989396,0.32283074414710405,0.5617171262466552,1.7139328711506732,0.3077477983639902,0.4849774538488822,1.199059399989396
13.239717721939087,13.239717721939087,,False,PERIODIC,True,True,1,FOLLOW,14.818673133850098,7.39034366607666,-4.957901477813721,6.220828533172607,1.804463505744934,-0.015652546659111977,36.46556456056188,11.044441122361567,0.14066847855159154,3.016760022851572,-2.6266235196110066,-0.08155365652704577,22.53743002784095,21.953139562711204,5.098569956365313,5.468540042953919,3.8108048835809214,PREPARATION,False,FOLLOW,0,False,inf,0.0943295955657959,0.0,True,True,TRACKING,0,0.04631233215332031,-0.1547499749876178,-0.1547499749876178,0,0,0.04631233215332031,0.06276154518127441,inf,VISION,,,0,,0.0,0.0,False,,0.0,0.0,0.0,False,0.0,0.3067545279241606,4.72790147781372,SAFE,4.75795726776123,1.0006424188613892,19.96116065979004,19.969940185546875,,,3.9914000808494166e-05,0.0037004800979048014,,19.99432373573658,0.0006027649997122353,0.0,0.2838419562298083,0.41482551956816943,1.2502240073967914,0.30931606115772337,0.5321977115773645,1.6508882003594625,0.2838419562298083,0.41482551956816943,1.2502240073967914
13.289736032485962,13.289736032485962,,False,PERIODIC,True,True,1,FOLLOW,15.154022485332618,7.485458907499808,-4.9577000385267205,6.234449200102761,1.750968126798591,-0.01613298008651483,36.63789886242853,10.894081645495215,0.1354959356985152,3.0108191866746017,-2.6334327075420196,-0.10107987595503103,22.340910867468747,21.752601066454535,5.093195974225235,5.442607565750002,3.788273842572094,PREPARATION,False,FOLLOW,0,False,inf,0.09655380249023438,0.0,True,True,TRACKING,0,0.0445709228515625,-0.15588627447518938,-0.15588627447518938,0,0,0.0445709228515625,0.05272507667541504,inf,VISION,,,0,,0.0,0.0,False,,0.0,0.0,0.0,False,0.0,0.29782856038865857,4.72770003852672,SAFE,4.7578537940979,1.0006424188613892,19.96116065979004,19.969940185546875,,,3.7832000089110807e-05,0.0037004800979048014,,19.975549609897666,0.000980872000582167,0.0,0.23613913554641458,0.4117080641512026,1.1955706534605866,0.2671689330475623,0.5198402480433222,1.5604991557274075,0.23613913554641458,0.4117080641512026,1.1955706534605866
13.339829444885254,13.339829444885254,,False,PERIODIC,True,True,1,FOLLOW,15.416482925415039,7.557793617248535,-4.957481861114502,6.244523525238037,1.7086155414581299,-0.016562575474381447,36.763575950730285,10.783942495930415,0.13092875672303575,3.006565988823532,-2.638285959555385,-0.11477251247326288,22.181035589769134,21.58949784545447,5.088410617837538,5.4212145188013325,3.770990055571576,PREPARATION,False,FOLLOW,0,False,inf,0.09446072578430176,0.0,True,True,TRACKING,0,0.09446072578430176,-0.1582522588955924,-0.1582522588955924,0,0,0.09446072578430176,0.05169272422790527,inf,VISION,,,0,,0.0,0.0,False,,0.0,0.0,0.0,False,0.0,0.2914158976243306,4.7274818611145015,SAFE,4.757691669464111,1.0000317096710205,19.789766311645508,19.814767837524414,,,3.2310999813489616e-05,0.0037004800979048014,,20.023773712529444,0.0006173609999677865,0.0,0.22735670981694572,0.394449099344715,1.2493391705102195,0.2599573610789188,0.5120555232139868,1.4848052814574229,0.22735670981694572,0.394449099344715,1.2493391705102195
13.390579223632812,13.390579223632812,,False,PERIODIC,True,True,1,FOLLOW,15.800527088260607,7.660207035311926,-4.957269480155057,6.258689692130536,1.6454155923025835,-0.017407452158164142,36.93854972060872,10.630092269897789,0.12375789314387083,3.000727937693427,-2.6449256783407273,-0.13313816034922796,21.942038608125845,21.345637004134407,5.081027373298928,5.388389055068184,3.746084074314046,PREPARATION,False,FOLLOW,0,False,inf,0.09678936004638672,0.0,True,True,TRACKING,0,0.04479646682739258,-0.1582522588955924,-0.1582522588955924,0,0,0.04479646682739258,0.046990394592285156,inf,VISION,,,0,,0.0,0.0,False,,0.0,0.0,0.0,False,0.0,0.28109605262372916,4.727269480155057,SAFE,4.7573826789855955,1.0000317096710205,19.789766311645508,19.814767837524414,,,0.006983065977692604,0.0037004800979048014,,19.975048915095027,0.0007309470001928275,0.0,0.26051724256267433,0.22741045533480456,1.2129300795016071,0.2792191557844575,0.41659550938284556,1.3832669518431033,0.26051724256267433,0.22741045533480456,1.2129300795016071
13.439653635025024,13.439653635025024,,False,PERIODIC,True,True,1,FOLLOW,16.06551170349121,7.728517532348633,-4.957191467285156,6.267757415771484,1.6010266542434692,-0.017987152561545372,37.06425506252898,10.519084425945078,0.11786216971096236,2.996612660890937,-2.649585849591411,-0.1455838453431738,21.782806423065804,21.183353989544933,5.0750536369961186,5.365107229231188,3.7276697139674444,PREPARATION,False,FOLLOW,0,False,inf,0.046625614166259766,0.0,True,True,TRACKING,0,0.046625614166259766,-0.16075968484590264,-0.16075968484590264,0,0,0.046625614166259766,0.006884098052978516,inf,VISION,,,0,,0.0,0.0,False,,0.0,0.0,0.0,False,0.0,0.2745803782975531,4.727191467285156,SAFE,4.757263946533203,0.9998955130577087,19.992231369018555,19.982580184936523,,,0.004755704198032618,0.0037004800979048014,,19.982937774934797,0.0004986380008631386,0.0,0.23690365731171592,0.22741045533480456,1.2331216857487326,0.26565168275376283,0.4803137915755141,1.3235526897916978,0.23690365731171592,0.22741045533480456,1.2331216857487326
13.489847183227539,13.489847183227539,,False,PERIODIC,True,True,1,FOLLOW,16.40407012516647,7.812755695303026,-4.957199597325794,6.278531242546456,1.5433729917130223,-0.018789235355953348,37.23836498983655,10.364840177902053,0.10896254907280625,2.990994555632896,-2.6559276285649007,-0.16193045862696298,21.592752872386207,20.99002090790623,5.0661621463986,5.33502695185963,3.7019668489564177,PREPARATION,False,FOLLOW,0,False,inf,0.04442143440246582,0.0,True,True,TRACKING,0,0.04442143440246582,-0.16075968484590264,-0.16075968484590264,0,0,0.04442143440246582,0.012943506240844727,inf,VISION,,,0,,0.0,0.0,False,,0.0,0.0,0.0,False,0.0,0.2654587719158301,4.727199597325794,SAFE,4.757180500030517,0.9998955130577087,19.992231369018555,19.982580184936523,,,0.006594555918127298,0.0037004800979048014,,19.991053519340394,0.0007965059994603507,0.0,0.24203798969158247,0.3210995619969977,1.2006839364024888,0.26498402750348127,0.4573298242834778,1.2690659878835928,0.24203798969158247,0.3210995619969977,1.2006839364024888
13.541433334350586,13.541433334350586,,False,PERIODIC,True,True,1,FOLLOW,16.665287017822266,7.875397205352783,-4.957271099090576,6.286402702331543,1.4982045888900757,-0.01940053142607212,37.362704107253165,10.254232160491565,0.10195386095987724,2.9870588843497674,-2.660351908916373,-0.17269042739987417,21.439162462980075,20.83367298192175,5.059224960050454,5.310627040840889,3.682790448846895,PREPARATION,False,FOLLOW,0,False,inf,0.04629850387573242,0.0,True,True,TRACKING,0,0.04629850387573242,-0.1627641600787695,-0.1627641600787695,0,0,0.04629850387573242,0.006992816925048828,inf,VISION,,,0,,0.0,0.0,False,,0.0,0.0,0.0,False,0.0,0.2587261698277663,4.727271099090576,SAFE,4.7572019577026365,0.9998637437820435,20.052501678466797,20.0576229095459,,,2.6535000870353542e-05,0.002253737999126315,,19.996054574538157,0.0005488280003191903,0.0,0.2353782324542089,0.3120410369548147,1.179406131955011,0.25886204710383554,0.4513067078929805,1.2319428283191298,0.2353782324542089,0.3120410369548147,1.179406131955011
13.58982229232788,13.58982229232788,,False,PERIODIC,True,True,1,FOLLOW,17.05446317966692,7.964833330197143,-4.957538541891749,6.297356242981855,1.429793361809524,-0.020235977139970215,37.53651305814729,10.099146799240074,0.09152454902279127,2.9816370304269535,-2.666428438714743,-0.1866754929793205,21.202893654044754,20.592951736181384,5.04906309091454,5.272639666052366,3.6549592020965553,PREPARATION,False,FOLLOW,0,False,inf,0.044394493103027344,0.0,True,True,TRACKING,0,0.044394493103027344,-0.16409613627797168,-0.16409613627797168,0,0,0.044394493103027344,0.014368057250976562,inf,VISION,,,0,,0.0,0.0,False,,0.0,0.0,0.0,False,0.0,0.2479226072795937,4.727538541891748,SAFE,4.757358837127685,0.9998637437820435,20.052501678466797,20.0576229095459,,,0.004899960942566395,0.002253737999126315,,19.992673446814127,0.0008346409995283466,0.0,0.24294601531914772,0.2866966734805255,1.14359557191299,0.2572762028967131,0.43303903793058124,1.200050051154843,0.24294601531914772,0.2866966734805255,1.14359557191299
13.640607357025146,13.640607357025146,,False,PERIODIC,True,True,1,FOLLOW,17.316112518310547,8.02236270904541,-4.95774507522583,6.304252624511719,1.383177638053894,-0.020713791251182556,37.66137979796824,9.987287750111271,0.08347221414835394,2.9778175591025193,-2.670692088056641,-0.1956476177650604,21.052427481323924,20.439932267444465,5.041217289374184,5.246868765684749,3.634955642565876,PREPARATION,False,FOLLOW,0,False,inf,0.04635119438171387,0.0,True,True,TRACKING,0,0.04635119438171387,-0.16516778830707293,-0.16516778830707293,0,0,0.04635119438171387,0.012617826461791992,inf,VISION,,,0,,0.0,0.0,False,,0.0,0.0,0.0,False,0.0,0.24115886748895088,4.72774507522583,SAFE,4.757547664642334,1.0003211498260498,20.023069381713867,20.033512115478516,,,0.006380659062415361,0.002253737999126315,,19.995798692536255,0.0004948750010953518,0.0,0.23694728150029695,0.26702158370043905,1.0922201536330238,0.2541820699259749,0.42488432853502733,1.1779069987877497,0.23694728150029695,0.26702158370043905,1.0922201536330238
13.689835786819458,13.689835786819458,,False,PERIODIC,True,True,1,FOLLOW,17.655747939884282,8.093857499322656,-4.957997917353653,6.312937232661373,1.3222871287471274,-0.021098179631311033,37.83428331266875,9.831942409659257,0.0718026217111365,2.9726068586452445,-2.6764918202630943,-0.20687085577592054,20.868471971110637,20.253252305401567,5.02980053906479,5.213688864693015,3.6077194138007576,PREPARATION,False,FOLLOW,0,False,inf,0.04426431655883789,0.0,True,True,TRACKING,0,0.04426431655883789,-0.16516778830707293,-0.16516778830707293,0,0,0.04426431655883789,0.011393547058105469,inf,VISION,,,0,,0.0,0.0,False,,0.0,0.0,0.0,False,0.0,0.23166118748500608,4.727997917353653,SAFE,4.757830429077148,1.0003211498260498,20.023069381713867,20.033512115478516,,,0.006380659062415361,0.002253737999126315,,20.011359187731195,0.00044768199950340204,0.0,0.2382149128489247,0.2783314282854035,1.0582934009229004,0.2534603653215188,0.4173505780532217,1.1591915493032083,0.2382149128489247,0.2783314282854035,1.0582934009229004
13.739758253097534,13.739758253097534,,False,PERIODIC,True,True,1,FOLLOW,17.91875457763672,8.14690113067627,-4.958167552947998,6.319638252258301,1.2751120328903198,-0.021397460252046585,37.95978554458999,9.718754684719473,0.06288365072770155,2.9688993364146317,-2.680602734147844,-0.21380831218428473,20.72014963757915,20.102578088736237,5.021051203675699,5.187692409564612,3.5876271518243854,PREPARATION,False,FOLLOW,0,False,inf,0.09473896026611328,0.0,True,True,TRACKING,0,0.04673647880554199,-0.16649528515722697,-0.16649528515722697,0,0,0.04673647880554199,0.06186819076538086,inf,VISION,,,0,,0.0,0.0,False,,0.0,0.0,0.0,False,0.0,0.22468538860333087,4.728167552947998,SAFE,4.7580078125,0.9996941089630127,20.03799819946289,20.029876708984375,,,0.00819669384509325,0.0038632669020444155,,20.002644537158307,0.0006982049999351148,0.0,0.20666045368084038,0.2527305700438489,1.0080355274249428,0.22973248498605492,0.40877109191107713,1.1425892556920352,0.20666045368084038,0.2527305700438489,1.0080355274249428
13.791376113891602,13.791376113891602,,False,PERIODIC,True,True,1,FOLLOW,18.30930039197064,8.22200068447792,-4.95846273835947,6.3292008071022545,1.2048999612246818,-0.021910398285577632,38.13115265941026,9.563766795145655,0.05031304620809396,2.963913307500885,-2.686115765490975,-0.22196968069856232,20.48887499273711,19.867213282389095,5.008775784567565,5.148318857355419,3.559449545561769,PREPARATION,False,FOLLOW,0,False,inf,0.04450345039367676,0.0,True,True,TRACKING,0,0.04450345039367676,-0.16649528515722697,-0.16649528515722697,0,0,0.04450345039367676,0.008098363876342773,inf,VISION,,,0,,0.0,0.0,False,,0.0,0.0,0.0,False,0.0,0.21385052276937833,4.72846273835947,SAFE,4.758290100097656,0.9996941089630127,20.03799819946289,20.029876708984375,,,0.00516838114708662,0.0038632669020444155,,19.94740949774899,0.0008000300003914163,0.0,0.20765782675982059,0.23023156117678414,0.972512697800977,0.22806987538993456,0.3864958200647658,1.1273289052123772,0.20765782675982059,0.23023156117678414,0.972512697800977
13.839742422103882,13.839742422103882,,False,PERIODIC,True,True,1,FOLLOW,18.57370948791504,8.270428657531738,-4.958682060241699,6.335525035858154,1.1570923328399658,-0.02233312651515007,38.25521495018443,9.451154546423016,0.04089510835690571,2.960375762774099,-2.69001301758069,-0.22659211765695494,20.34088352925729,19.716890497389237,4.999577168598605,5.121872111669456,3.539256503964379,PREPARATION,False,FOLLOW,0,False,inf,0.046454429626464844,0.0,True,True,TRACKING,0,0.046454429626464844,-0.16885332548564594,-0.16885332548564594,0,0,0.046454429626464844,0.01265096664428711,inf,VISION,,,0,,0.0,0.0,False,,0.0,0.0,0.0,False,0.0,0.20683792317328642,4.728682060241699,SAFE,4.75847225189209,1.000614881515503,20.0338191986084,20.04576873779297,,,5.907599916099571e-05,0.0038632669020444155,,19.98414544542662,0.0005636460009554867,0.0,0.1961715819930432,0.22424452470501657,0.8792743809101505,0.21676557162722876,0.3839191899432593,1.1160401788002443,0.1961715819930432,0.22424452470501657,0.8792743809101505
13.88965892791748,13.88965892791748,,False,PERIODIC,True,True,1,FOLLOW,18.919061213821035,8.330602831131916,-4.958974603162413,6.343503294698139,1.0946006005413242,-0.022921404280867766,38.427175851122776,9.29464362234102,0.027583674643299878,2.9555476444471633,-2.69531781454485,-0.23160133885362022,20.158414491402198,19.531920319037283,4.986558277805713,5.087757108605922,3.5115290363751064,PREPARATION,False,FOLLOW,0,False,inf,0.09636163711547852,0.0,True,True,TRACKING,0,0.044358253479003906,-0.16918814633202248,-0.16918814633202248,0,0,0.044358253479003906,0.06255817413330078,inf,VISION,,,0,,0.0,0.0,False,,0.0,0.0,0.0,False,0.0,0.19718032111666295,4.7289746031624125,SAFE,4.758776473999023,1.000614881515503,20.0338191986084,20.04576873779297,,,3.239999932702631e-05,0.0038632669020444155,,20.017320662593963,0.0007781549993524095,0.0,0.21258685227526847,0.26590195676662076,0.8813407748241189,0.22903975367248666,0.3953246650239669,1.095587988604749,0.21258685227526847,0.26590195676662076,0.8813407748241189
13.940138339996338,13.940138339996338,,False,PERIODIC,True,True,1,FOLLOW,19.179912567138672,8.373846054077148,-4.95931339263916,6.349182605743408,1.047305703163147,-0.0232835840433836,38.55060470646242,9.181911897066984,0.017843935331883692,2.9521529214963818,-2.699034683062866,-0.2338473405724053,20.016212914296293,19.387539409710193,4.977157327971044,5.06154265621531,3.4910757168215367,PREPARATION,False,FOLLOW,0,False,inf,0.04643416404724121,0.0,True,True,TRACKING,0,0.04643440246582031,-0.16935554239870454,-0.16935554239870454,0,0,0.04643440246582031,0.01307225227355957,inf,VISION,,,0,,0.0,0.0,False,,0.0,0.0,0.0,False,0.0,0.19024710631023023,4.72931339263916,SAFE,4.758981990814209,1.0008156299591064,20.045778274536133,20.07533073425293,,,0.006583669222891331,0.0038632669020444155,,19.995688314086646,0.0008116610006254632,0.0,0.22759403519605975,0.25304690849722317,0.8124515419531094,0.24181687745016897,0.39068895457934255,1.0789412395795894,0.22759403519605975,0.25304690849722317,0.8124515419531094
13.98963189125061,13.98963189125061,,False,PERIODIC,True,True,1,FOLLOW,19.57273454730126,8.43535557498112,-4.960054823304102,6.356960568763376,0.9757794549750693,-0.024004043397753753,38.722088046784236,9.024886916121261,0.0041980616995068495,2.9475101234464995,-2.7041050408925327,-0.23552715334965701,19.791136737353266,19.15842599616021,4.964252885003608,5.021020241747879,3.4615613128454212,PREPARATION,False,FOLLOW,0,False,inf,0.09646892547607422,0.0,True,True,TRACKING,0,0.04445338249206543,-0.17027604925039957,-0.17027604925039957,0,0,0.04445338249206543,0.06310701370239258,inf,VISION,,,0,,0.0,0.0,False,,0.0,0.0,0.0,False,0.0,0.17911686254221504,4.730054823304101,SAFE,4.759592819213867,1.0008156299591064,20.045778274536133,20.07533073425293,,,0.006583669222891331,0.0038632669020444155,,19.945577243777375,0.000959920998866437,0.0,0.24913861927033049,0.272337518380815,0.774836863744049,0.2540409400367657,0.3927664078944529,1.0610639099931003,0.24913861927033049,0.272337518380815,0.774836863744049
14.039866209030151,14.039866209030151,,False,PERIODIC,True,True,1,FOLLOW,19.83769416809082,8.474568367004395,-4.960550308227539,6.361889839172363,0.9276716113090515,-0.024318335577845573,38.84495862844314,8.91199881696823,-0.005627400530962922,2.9442529055139692,-2.7076503069245956,-0.23535220012435334,19.64735882213037,19.012297274772656,4.954922907696576,4.994030731932008,3.4404515472874526,PREPARATION,False,FOLLOW,0,False,inf,0.09435248374938965,0.0,True,True,TRACKING,0,0.046361446380615234,-0.1720401721117182,-0.1720401721117182,0,0,0.046361446380615234,0.05568861961364746,inf,VISION,,,0,,0.0,0.0,False,,0.0,0.0,0.0,False,0.0,0.17207211096248498,4.730550308227539,SAFE,4.76007776260376,0.9964136481285095,19.90442657470703,19.88700294494629,,,4.0482998883817345e-05,0.0027715000323951244,,19.994343801715928,0.0006415240004571388,0.0,0.23238623649202422,0.27290362469502305,0.7172742580383602,0.2431429363322409,0.39239753591773835,1.0429457939227376,0.23238623649202422,0.27290362469502305,0.7172742580383602
14.09016489982605,14.09016489982605,,False,PERIODIC,True,True,1,FOLLOW,20.180345727404198,8.522489404354573,-4.961261885818234,6.367674531843112,0.8651540733716967,-0.024784346520154665,39.01657873193427,8.75393420320005,-0.01931983969426526,2.9397755709747764,-2.7125116759748575,-0.23365691083985374,19.475113136593286,18.837654856586063,4.941942046123969,4.959214781403921,3.4109671822995007,PREPARATION,False,FOLLOW,0,False,inf,0.0969395637512207,0.0,True,True,TRACKING,0,0.044931650161743164,-0.1720401721117182,-0.1720401721117182,0,0,0.0969395637512207,0.05332469940185547,inf,VISION,,,0,,0.0,0.0,False,,0.0,0.0,0.0,False,0.0,0.16496086666303178,4.731261885818234,SAFE,4.760550308227539,0.9964136481285095,19.90442657470703,19.88700294494629,,,0.008677455596625805,0.0027715000323951244,,19.972776076310396,0.0009521499996480998,0.0,0.25454551636616596,0.29144019525996445,0.6237798684498513,0.2522840536819617,0.3936149219305631,1.0233026550677256,0.25454551636616596,0.29144019525996445,0.6237798684498513
14.139884948730469,14.139884948730469,,False,PERIODIC,True,True,1,FOLLOW,20.445714950561523,8.557426452636719,-4.961933612823486,6.371742248535156,0.8167223930358887,-0.024965457618236542,39.13910175748261,8.640725523706136,-0.02900461557970667,2.9366474189958884,-2.7158972165254047,-0.23106967844724555,19.333479705946903,18.693572399314483,4.9329289972437795,4.931709312563742,3.389173536421222,PREPARATION,False,FOLLOW,0,False,inf,0.09434986114501953,0.0,True,True,TRACKING,0,0.04634881019592285,-0.17305537975154447,-0.17305537975154447,0,0,0.04634881019592285,0.049826622009277344,inf,VISION,,,0,,0.0,0.0,False,,0.0,0.0,0.0,False,0.0,0.15523261038351022,4.731933612823486,SAFE,4.761289405822754,0.9990676045417786,20.03126335144043,20.01941680908203,,,0.010048138909041882,0.0027715000323951244,,19.94115526004123,0.0005885379996470874,0.0,0.24690082003457917,0.2923413010591144,0.6001034709319335,0.24937686759892963,0.39340847262919504,1.0052923387137327,0.24690082003457917,0.2923413010591144,0.6001034709319335
14.18972110748291,14.18972110748291,,False,PERIODIC,True,True,1,FOLLOW,20.838321604477816,8.605427292068315,-4.963139003123541,6.376980507265641,0.7449434965773034,-0.02508479713591436,39.3100741779429,8.48237918494448,-0.04234335201140801,2.932353048362512,-2.720534065171594,-0.22603666652306798,19.11635461619147,18.47216240649645,4.920795651112133,4.890334826514919,3.357895898466067,PREPARATION,False,FOLLOW,0,False,inf,0.09695792198181152,0.0,True,True,TRACKING,0,0.04496431350708008,-0.17305537975154447,-0.17305537975154447,0,0,0.04496431350708008,0.05581164360046387,inf,VISION,,,0,,0.0,0.0,False,,0.0,0.0,0.0,False,0.0,0.14363475967410544,4.733139003123541,SAFE,4.76236515045166,0.9990676045417786,20.03126335144043,20.01941680908203,,,0.010048138909041882,0.0027715000323951244,,19.963089773534577,0.0012807249986508396,0.0,0.24235366830919244,0.3049763240811195,0.5558643792419907,0.24536097231637077,0.3936977712057733,0.9880580235771296,0.24235366830919244,0.3049763240811195,0.5558643792419907
14.241155862808228,14.241155862808228,,False,PERIODIC,True,True,1,FOLLOW,21.10580062866211,8.63573169708252,-4.964147090911865,6.380239963531494,0.6958665251731873,-0.02512459084391594,39.432601506988,8.36855116537222,-0.05167510546649752,2.9293426709869554,-2.7237745265531443,-0.221089912783982,18.975652739184422,18.328748344345055,4.912471985445368,4.862205204816665,3.3354805255794737,PREPARATION,False,FOLLOW,0,False,inf,0.09430313110351562,0.0,True,True,TRACKING,0,0.04630541801452637,-0.17374356916060602,-0.17374356916060602,0,0,0.04630541801452637,0.05683541297912598,inf,VISION,,,0,,0.0,0.0,False,,0.0,0.0,0.0,False,0.0,0.1366920401598848,4.734147090911865,SAFE,4.763184356689453,0.9988595247268677,20.158472061157227,20.15900230407715,,,3.132499841740355e-05,0.0038239581044763327,,20.01518900231442,0.0006531199996970827,0.0,0.20692272938060818,0.29076304584211704,0.4822370865145417,0.21349076134557352,0.3832814836084164,0.9676202866059302,0.20692272938060818,0.29076304584211704,0.4822370865145417
14.28981065750122,14.28981065750122,,False,PERIODIC,True,True,1,FOLLOW,21.451866725461944,8.672045270489683,-4.965701344425801,6.384068312841711,0.6320720816575554,-0.024966333720137145,39.60306654374483,8.209831719531513,-0.06434129075812096,2.9252241710112123,-2.7281978574384538,-0.2128426026327178,18.80699408692445,18.157083912619946,4.90136005366768,4.826003973629525,3.3046141137793468,PREPARATION,False,FOLLOW,0,False,inf,0.04429316520690918,0.0,True,True,TRACKING,0,0.04429316520690918,-0.1756543324944416,-0.1756543324944416,0,0,0.04429316520690918,0.010468482971191406,inf,VISION,,,0,,0.0,0.0,False,,0.0,0.0,0.0,False,0.0,0.1264402383641925,4.7357013444258005,SAFE,4.764565753936767,0.9988595247268677,20.158472061157227,20.15900230407715,,,0.007089708000421524,0.0038239581044763327,,20.008661104170265,0.00042620299973350484,0.0,0.22415422905645535,0.3012032931526672,0.4330032456874005,0.22732258199482924,0.38157931449861987,0.9522077343443467,0.22415422905645535,0.3012032931526672,0.4330032456874005
14.340236186981201,14.340236186981201,,False,PERIODIC,True,True,1,FOLLOW,21.716127395629883,8.697528839111328,-4.967067241668701,6.386745452880859,0.5833809971809387,-0.024649692699313164,39.72635220814731,8.094703203009777,-0.07314017865249706,2.9223120868205172,-2.73131628503296,-0.20560029091850104,18.673031854604705,18.020310667270962,4.893927063016204,4.798151700351322,3.281877243072359,PREPARATION,False,FOLLOW,0,False,inf,0.046288251876831055,0.0,True,True,TRACKING,0,0.046288251876831055,-0.17640872789318926,-0.17640872789318926,0,0,0.046288251876831055,0.009183645248413086,inf,VISION,,,0,,0.0,0.0,False,,0.0,0.0,0.0,False,0.0,0.11922606778970124,4.737067241668701,SAFE,4.765748310089111,0.9997100830078125,19.98831558227539,20.039119720458984,,,0.008562635630369186,0.0038239581044763327,,20.025640490847188,0.00048522600081923883,0.0,0.23173073515137022,0.2979999704738222,0.4416020574791934,0.22877602100091507,0.375418632964604,0.9394051933039427,0.23173073515137022,0.2979999704738222,0.4416020574791934
14.389633655548096,14.389633655548096,,False,PERIODIC,True,True,1,FOLLOW,22.110804324411642,8.73187987297762,-4.969392927775769,6.390279822608818,0.510308409377641,-0.024156408004697066,39.89523613341908,7.936651838125282,-0.08474539963556717,2.918391220919629,-2.7355059279152063,-0.19441241234470327,18.46017832716729,17.802202178288248,4.884647528140202,4.755870927782727,3.2500251642058466,PREPARATION,False,FOLLOW,0,False,inf,0.09664440155029297,0.0,True,True,TRACKING,0,0.04466366767883301,-0.17640872789318926,-0.17640872789318926,0,0,0.04466366767883301,0.059539794921875,inf,VISION,,,0,,0.0,0.0,False,,0.0,0.0,0.0,False,0.0,0.10765773391494937,4.739392927775769,SAFE,4.767923164367676,0.9997100830078125,19.98831558227539,20.039119720458984,,,0.008562635630369186,0.0038239581044763327,,19.99020604579258,0.0009031490008055698,0.0,0.19735832111738055,0.31097494338240517,0.2532366493465247,0.19824367813565869,0.3759526091357639,0.8829626647447807,0.19735832111738055,0.31097494338240517,0.2532366493465247
14.439690351486206,14.439690351486206,,False,PERIODIC,True,True,1,FOLLOW,22.37870979309082,8.752707481384277,-4.971160411834717,6.39227294921875,0.4603689908981323,-0.023562243208289146,40.01690939195359,7.822464631491887,-0.0926290874672666,2.9156307676073148,-2.7384473686348128,-0.18519847505373221,18.324069000413992,17.662713179155084,4.87853132436745,4.727112568198553,3.2271533197887745,PREPARATION,False,FOLLOW,0,False,inf,0.09438943862915039,0.0,True,True,TRACKING,0,0.04636645317077637,-0.17775467582397675,-0.17775467582397675,0,0,0.04636645317077637,0.05679154396057129,inf,VISION,,,0,,0.0,0.0,False,,0.0,0.0,0.0,False,0.0,0.10048332864922838,4.741160411834716,SAFE,4.769472408294678,1.0013084411621094,20.0845890045166,20.050933837890625,,,4.677600009017624e-05,0.0025435469578951597,,19.97057882313789,0.0006694599996990291,0.0,0.22197276588921505,0.3164549955880381,0.2532366493465247,0.21433377658194216,0.37649569160901325,0.9124236247128952,0.22197276588921505,0.3164549955880381,0.2532366493465247
14.48954725265503,14.48954725265503,,False,PERIODIC,True,True,1,FOLLOW,22.725976130756493,8.77651390367181,-4.973518604582699,6.394571661221689,0.39541943581551764,-0.022371783768853334,40.18690173983071,7.662602999170697,-0.1030726151952891,2.911841424547675,-2.7424768947592186,-0.17118102781963823,18.161661949401278,17.49642022325682,4.8704459893874095,4.690196954712327,3.1958046673697442,PREPARATION,False,FOLLOW,0,False,inf,0.045744895935058594,0.0,True,True,TRACKING,0,0.045744895935058594,-0.1784446534447272,-0.1784446534447272,0,0,0.045744895935058594,0.006981849670410156,inf,VISION,,,0,,0.0,0.0,False,,0.0,0.0,0.0,False,0.0,0.09002800992365811,4.7435186045826985,SAFE,4.771860408782959,1.0013084411621094,20.0845890045166,20.050933837890625,,,2.4388000383623876e-05,0.0025435469578951597,,20.02849919789772,0.0006211519994394621,0.0,0.193948636103478,0.33051368714812873,0.33532726815324665,0.19163067732577427,0.3762198082119498,0.8982288922786854,0.193948636103478,0.33051368714812873,0.33532726815324665
14.539642095565796,14.539642095565796,,False,PERIODIC,True,True,1,FOLLOW,22.725976130756493,8.77651390367181,-4.973518604582699,6.394571661221689,0.39541943581551764,-0.022371783768853334,40.18690173983071,7.662602999170697,-0.1030726151952891,2.911841424547675,-2.7424768947592186,-0.17118102781963823,18.161661949401278,17.49642022325682,4.8704459893874095,4.690196954712327,3.1958046673697442,PREPARATION,False,FOLLOW,0,False,inf,0.0463566780090332,0.0,True,True,TRACKING,0,0.0463566780090332,-0.17994667648756535,-0.17994667648756535,0,0,0.0463566780090332,0.014901876449584961,inf,VISION,,,0,,0.0,0.0,False,,0.0,0.0,0.0,False,0.0,0.08318064083667576,4.7435186045826985,SAFE,4.773586082458496,0.9996838569641113,20.031959533691406,20.02910804748535,,,0.005197070073336363,0.0025435469578951597,,20.010349205328875,0.000639685998976347,0.0,0.193948636103478,0.33051368714812873,0.33532726815324665,0.19163067732577427,0.3762198082119498,0.8982288922786854,0.193948636103478,0.33051368714812873,0.33532726815324665
14.589744567871094,14.589744567871094,,False,PERIODIC,True,True,1,FOLLOW,23.39935874938965,8.812317848205566,-4.978391647338867,6.396399974822998,0.2678839862346649,-0.01945986971259117,40.48270309126637,7.383351419940996,-0.11909056822886047,2.905472715820353,-2.7492231685621022,-0.14324128491656912,17.81840076812951,17.143004373686622,4.859301079110007,4.615715605398957,3.138713709246648,PREPARATION,False,FOLLOW,0,False,inf,0.04662775993347168,0.0,True,True,TRACKING,0,0.04662799835205078,-0.18036006621285608,-0.18036006621285608,0,0,0.04662799835205078,0.00939631462097168,inf,VISION,,,0,,0.0,0.0,False,,0.0,0.0,0.0,False,0.0,0.07088142086169169,4.748391647338867,SAFE,4.776479053497314,0.9996838569641113,20.031959533691406,20.02910804748535,,,0.005197070073336363,0.0025435469578951597,,19.94331110646748,0.0006210219999047695,0.0,0.16876122612214117,0.3297902420319433,0.3305423627799388,0.16455656365876045,0.36200634755407196,0.877494975338912,0.16876122612214117,0.3297902420319433,0.3305423627799388
14.639706134796143,14.639706134796143,,False,PERIODIC,True,True,1,FOLLOW,23.598924800658622,8.820113720876606,-4.979909529106556,6.396350055889166,0.22964687179841448,-0.01834001998691356,40.62284853861151,7.25060291569965,-0.12565941712997306,2.902549929389335,-2.752308832126578,-0.12866836450346356,17.77191851637936,17.096120717964148,4.854250111976583,4.594656841125874,3.113537603666135,PREPARATION,False,FOLLOW,0,False,inf,0.09431171417236328,0.0,True,True,TRACKING,0,0.046303510665893555,-0.1737393988157119,-0.1737393988157119,0,0,0.046303510665893555,0.05708026885986328,inf,VISION,,,0,,0.0,0.0,False,,0.0,0.0,0.0,False,0.0,0.06471012747227167,4.749909529106556,SAFE,4.778391647338867,0.999956488609314,19.932458877563477,19.925514221191406,,,4.766599886352196e-05,0.003964322153478861,,19.996169974446424,0.0005847840002388693,0.0,0.1725896747966419,0.31016588718000104,0.3588884524792407,0.16829423946123273,0.34591142090808785,0.8648170199307276,0.1725896747966419,0.31016588718000104,0.3588884524792407
14.689852952957153,14.689852952957153,,False,PERIODIC,True,True,1,FOLLOW,23.909183502197266,8.829964637756348,-4.982274532318115,6.395700454711914,0.169871523976326,-0.01644805073738098,40.760136757811935,7.120280169728821,-0.1313755162226431,2.8997477009794754,-2.7552608464298323,-0.11363527541785926,17.618424102838517,16.937462814811585,4.850899016095472,4.559334424822165,3.0865716565531565,PREPARATION,False,FOLLOW,0,False,inf,0.09655880928039551,0.0,True,True,TRACKING,0,0.0965585708618164,-0.1737393988157119,-0.1737393988157119,0,0,0.0965585708618164,0.051741838455200195,inf,VISION,,,0,,0.0,0.0,False,,0.0,0.0,0.0,False,0.0,0.056895262794645074,4.752274532318115,SAFE,4.780339527130127,0.999956488609314,19.932458877563477,19.925514221191406,,,3.702200046973303e-05,0.003964322153478861,,19.991565047023908,0.0007470799992006505,0.0,0.1752549801168379,0.3013376431671267,0.3412005185439591,0.1701088625094011,0.3315523663650632,0.8535011606061801,0.1752549801168379,0.3013376431671267,0.3412005185439591
14.739665508270264,14.739665508270264,,False,PERIODIC,True,True,1,FOLLOW,24.228057521616176,8.836915960145728,-4.984680003433392,6.394100659143849,0.10823497966452356,-0.014364674041878326,40.912882619464845,6.974990928018089,-0.13692878886382423,2.896694618011526,-2.7584706433063704,-0.09619773675226019,17.474290978732874,16.788393412446123,4.847751214569568,4.522891419819225,3.056646105267095,PREPARATION,False,FOLLOW,0,False,inf,0.07912111282348633,0.0,True,True,TRACKING,0,0.07912111282348633,-0.18173883319119513,-0.18173883319119513,0,0,0.07912111282348633,0.04723405838012695,inf,VISION,,,0,,0.0,0.0,False,,0.0,0.0,0.0,False,0.0,0.049159665612003245,4.754680003433392,SAFE,4.782274532318115,1.0000072717666626,19.635337829589844,19.641674041748047,,,5.779100320069119e-05,0.003964322153478861,,20.041398686939154,0.0006836310003563995,0.0,0.14936575338875024,0.26493937202462853,0.3602981856197419,0.14542808012194627,0.2996880823052369,0.8417356382693397,0.14936575338875024,0.26493937202462853,0.3602981856197419
14.789819955825806,14.789819955825806,,False,PERIODIC,True,True,1,FOLLOW,24.52004623413086,8.840642929077148,-4.98667573928833,6.392013072967529,0.05159774422645569,-0.012276466004550457,41.048886312445646,6.84534379064498,-0.1410468432579085,2.8940394901615645,-2.7612559628961755,-0.08006505181133998,17.339662406874545,16.64883698599795,4.845628896030422,4.489160328619107,3.029669117398208,PREPARATION,False,FOLLOW,0,False,inf,0.08122086524963379,0.0,True,True,TRACKING,0,0.08122086524963379,-0.18181217126773014,-0.18181217126773014,0,0,0.08122086524963379,0.04704570770263672,inf,VISION,,,0,,0.0,0.0,False,,0.0,0.0,0.0,False,0.0,0.03869631730824352,4.75667573928833,SAFE,4.784954833984375,1.0000072717666626,19.635337829589844,19.641674041748047,,,4.384099884191528e-05,0.003964322153478861,,19.977547632065342,0.001164520999736851,0.0,0.18150901480146148,0.26963060128611976,0.3375747214492331,0.17487204546571655,0.29268058891694465,0.8290541492964751,0.18150901480146148,0.26963060128611976,0.3375747214492331
14.839739561080933,14.839739561080933,,False,PERIODIC,True,True,1,FOLLOW,24.870215222183884,8.841510624348505,-4.988718030327629,6.388952030002788,-0.01654383685766193,-0.00948621437754844,41.20199007773215,6.69911685052253,-0.14481727546635742,2.891114058081552,-2.7643189944655844,-0.061400994357888594,17.169161177453965,16.47169453985979,4.843900754861272,4.448351822749828,2.999014067071802,PREPARATION,False,FOLLOW,0,False,inf,0.07909131050109863,0.0,True,True,TRACKING,0,0.07909131050109863,-0.1826543694874219,-0.1826543694874219,0,0,0.07909131050109863,0.0363612174987793,inf,VISION,,,0,,0.0,0.0,False,,0.0,0.0,0.0,False,0.0,0.031229927715717754,4.758718030327628,SAFE,4.78667573928833,0.9988458156585693,19.57228660583496,19.600366592407227,,,0.007850103080272675,0.003094844054430723,,19.993852196816007,0.0007333649991778657,0.0,0.1722875181940262,0.2625267528375002,0.3516112914462566,0.16967892478342536,0.27839073049896973,0.8177917279628221,0.1722875181940262,0.2625267528375002,0.3516112914462566
14.889752626419067,14.889752626419067,,False,PERIODIC,True,True,1,FOLLOW,25.180774688720703,8.839308738708496,-4.990365028381348,6.385478496551514,-0.07683445513248444,-0.007168627344071865,41.338623066256204,6.5683480122333755,-0.14729476125586302,2.888566477470653,-2.7669808288383786,-0.044344358637163836,17.020242548945475,16.316657954759577,4.843070267125484,4.412104171044959,2.97136788528035,PREPARATION,False,FOLLOW,0,False,inf,0.08108997344970703,0.0,True,True,TRACKING,0,0.08108997344970703,-0.18356410854205615,-0.18356410854205615,0,0,0.08108997344970703,0.03336310386657715,inf,VISION,,,0,,0.0,0.0,False,,0.0,0.0,0.0,False,0.0,0.01916491343247051,4.760365028381347,SAFE,4.789037990570068,0.9988458156585693,19.57228660583496,19.600366592407227,,,0.006093211937695742,0.003094844054430723,,19.998548512652082,0.0007551019989477936,0.0,0.163644920480667,0.22879693568418746,0.3651855631378128,0.16207479101424602,0.24393637838973437,0.806647240870178,0.163644920480667,0.22879693568418746,0.3651855631378128
14.939927816390991,14.939927816390991,,False,PERIODIC,True,True,1,FOLLOW,25.49360892867809,8.83410289466107,-4.991857145680541,6.381344335944909,-0.13744040539898703,-0.005147633517811758,41.49108164321217,6.422166183641576,-0.14915137130733316,2.8857866394836567,-2.7698800463878612,-0.02502788966590416,16.887521167044426,16.178274690158588,4.842705774373208,4.375963585008865,2.941052437568096,PREPARATION,False,FOLLOW,0,False,inf,0.07908892631530762,0.0,True,True,TRACKING,0,0.07908892631530762,-0.18376723415718443,-0.18376723415718443,0,0,0.07908892631530762,0.03272747993469238,inf,VISION,,,0,,0.0,0.0,False,,0.0,0.0,0.0,False,0.0,0.011607386640223538,4.7618571456805405,SAFE,4.7903650283813475,0.9979235529899597,19.591442108154297,19.58619499206543,,,0.004856492858380079,0.003094844054430723,,20.04268400491637,0.0009221559994330164,0.0,0.1500190048329026,0.23652672732779884,0.3638666718482203,0.15150040509223744,0.24052109929832888,0.7938225289844458,0.1500190048329026,0.23652672732779884,0.3638666718482203
14.989905595779419,14.989905595779419,,False,PERIODIC,True,True,1,FOLLOW,25.789758682250977,8.826630592346191,-4.9930419921875,6.377215385437012,-0.19451457262039185,-0.0031078450847417116,41.62624019859285,6.292315609336913,-0.14989236295401367,2.883383704737934,-2.772381217410139,-0.0077292622978102805,16.753298110571773,16.03798301690531,4.843149629233486,4.341920958386178,2.9140087320935257,PREPARATION,False,FOLLOW,0,False,inf,0.08119058609008789,0.0,True,True,TRACKING,0,0.08119082450866699,-0.1846134256373967,-0.1846134256373967,0,0,0.08119082450866699,0.03691220283508301,inf,VISION,,,0,,0.0,0.0,False,,0.0,0.0,0.0,False,0.0,0.0009683281440953095,4.7630419921875,SAFE,4.792043972015381,0.9979235529899597,19.591442108154297,19.58619499206543,,,0.006220982875674963,0.003094844054430723,,19.964870227477704,0.0012364089998300187,0.0,0.161832162975523,0.2063572872134484,0.3829320568439374,0.16429937576493395,0.21119961902542264,0.7800352520789479,0.161832162975523,0.2063572872134484,0.3829320568439374
15.040190935134888,15.040190935134888,,False,PERIODIC,True,True,1,FOLLOW,26.138486604820873,8.814459728771297,-4.994154523821862,6.371716514896736,-0.26159342995042856,-0.0012518812329349472,41.77952094092002,6.144800753718477,-0.14980709915542142,2.8807205722633396,-2.7751484617113333,0.011945598061061597,16.590260278759494,15.867231458137637,4.844347424666441,4.301765421618561,2.8829276140101894,PREPARATION,False,FOLLOW,0,False,inf,0.07917904853820801,0.0,True,True,TRACKING,0,0.07917904853820801,-0.18455171246112134,-0.18455171246112134,0,0,0.07917904853820801,0.032115936279296875,inf,VISION,,,0,,0.0,0.0,False,,0.0,0.0,0.0,False,0.0,-0.0065787851321696955,4.764154523821862,SAFE,4.7930419921875,0.9996141195297241,19.671894073486328,19.70663070678711,,,0.007203178014606237,0.003094844054430723,,20.00935942099944,0.0007932419994176598,0.0,0.2004643574372301,0.1798575826243201,0.3736295556072205,0.18874563306324568,0.18650037812476616,0.764831643684904,0.2004643574372301,0.1798575826243201,0.3736295556072205
15.08991026878357,15.08991026878357,,False,PERIODIC,True,True,1,FOLLOW,26.448530197143555,8.800833702087402,-4.994883060455322,6.366272926330566,-0.3210446536540985,0.00029559526592493057,41.91623198775645,6.012983744205789,-0.14880238735662088,2.8784071263546496,-2.7775478095379538,0.029441919201368023,16.447078888397495,15.716930555009455,4.846080673098701,4.266200311953007,2.855197615428848,PREPARATION,False,FOLLOW,0,False,inf,0.08111190795898438,0.0,True,True,TRACKING,0,0.08111190795898438,-0.18492197017480794,-0.18492197017480794,0,0,0.08111190795898438,0.0347895622253418,inf,VISION,,,0,,0.0,0.0,False,,0.0,0.0,0.0,False,0.0,-0.018778965792393798,4.764883060455322,SAFE,4.794315147399902,0.9996141195297241,19.671894073486328,19.70663070678711,,,0.007049276027828455,0.003094844054430723,,20.051554671664054,0.0008461800007353304,0.0,0.17751342244584936,0.16145382937310812,0.39678916403113285,0.18374752568272817,0.16562222330470566,0.747912339608576,0.17751342244584936,0.16145382937310812,0.39678916403113285
15.139909505844116,15.139909505844116,,False,PERIODIC,True,True,1,FOLLOW,26.75978202076292,8.784264376409302,-4.9952522284445795,6.360282624104354,-0.38056774409008987,0.0014778523542970617,42.06709779525118,5.867278595200904,-0.1467773402580934,2.8759150862691194,-2.7801281295238316,0.048578317955703436,16.31963329885338,15.582770044753566,4.8484748881864865,4.23094855037529,2.825337088248681,PREPARATION,False,FOLLOW,0,False,inf,0.07913947105407715,0.0,True,True,TRACKING,0,0.07913947105407715,-0.1855183885881025,-0.1855183885881025,0,0,0.07913947105407715,0.033333539962768555,inf,VISION,,,0,,0.0,0.0,False,,0.0,0.0,0.0,False,0.0,-0.02646427937710527,4.765252228444579,SAFE,4.794838703690121,1.0000804662704468,19.57909393310547,19.582136154174805,,,3.6559998989105225e-05,0.004041492007672787,,20.01317841819303,0.0007523869990109233,0.0,0.24317395489907204,0.16246622096795713,0.3832581949321111,0.22609135907774125,0.16844938057248374,0.7295205800406597,0.24317395489907204,0.16246622096795713,0.3832581949321111
15.189682722091675,15.189682722091675,,False,PERIODIC,True,True,1,FOLLOW,27.055343627929688,8.765885353088379,-4.99529504776001,6.35425329208374,-0.43707770109176636,0.0026820243801921606,42.20258917516953,5.736190284737561,-0.14406262131378936,2.8737369402187105,-2.782379445118496,0.06548827811513964,16.191125838896124,15.44726836290373,4.85123242644622,4.197425278863567,2.7984464700817386,PREPARATION,False,FOLLOW,0,False,inf,0.08115363121032715,0.0,True,True,TRACKING,0,0.08115363121032715,-0.18604014521023232,-0.18604014521023232,0,0,0.08115363121032715,0.036084890365600586,inf,VISION,,,0,,0.0,0.0,False,,0.0,0.0,0.0,False,0.0,-0.037210603076668125,4.765295047760009,SAFE,4.795029746217767,1.0000804662704468,19.57909393310547,19.582136154174805,,,0.0062171099707484245,0.004041492007672787,,19.988741941285227,0.0009843659991020104,0.0,0.24039557947365559,0.16472798850293685,0.41356007363737746,0.22874684379311017,0.17034661712398944,0.7095149642185662,0.24039557947365559,0.16472798850293685,0.41356007363737746
15.23971676826477,15.23971676826477,,False,PERIODIC,True,True,1,FOLLOW,27.40192511617155,8.740840973327426,-4.995029576303071,6.346837617150821,-0.5034460908263876,0.0033871184720479708,42.35480020205341,5.588697405000799,-0.14012240610689028,2.8713503550350645,-2.7848423902691533,0.0840884012899519,16.034169951717228,15.281507857843394,4.854907170196181,4.1581598672115145,2.7681782791348986,PREPARATION,False,FOLLOW,0,False,inf,0.07914018630981445,0.0,True,True,TRACKING,0,0.07914018630981445,-0.18611467351267805,-0.18611467351267805,0,0,0.07914018630981445,0.03207516670227051,inf,VISION,,,0,,0.0,0.0,False,,0.0,0.0,0.0,False,0.0,-0.044858962819696924,4.76502957630307,SAFE,4.794891305452025,1.0011663436889648,19.59515380859375,19.62254524230957,,,2.2649001039098948e-05,0.004041492007672787,,19.982391615054787,0.0007774920013616793,0.0,0.25225526149033656,0.13418187113670363,0.3856792106396473,0.2441320413356668,0.15390282945234787,0.6876733198283239,0.25225526149033656,0.13418187113670363,0.3856792106396473
15.289724111557007,15.289724111557007,,False,PERIODIC,True,True,1,FOLLOW,27.712020874023438,8.715485572814941,-4.994668483734131,6.33969259262085,-0.5632631778717041,0.003976460080593824,42.489929196317405,5.457536377016399,-0.13576197377330132,2.869291139850058,-2.786963910113677,0.1001053514958887,15.893702520717738,15.132772625812153,4.858906509960829,4.122835426467062,2.741556861606428,PREPARATION,False,FOLLOW,0,False,inf,0.08130121231079102,0.0,True,True,TRACKING,0,0.08130121231079102,-0.18692119879238725,-0.18692119879238725,0,0,0.08130121231079102,0.0441591739654541,inf,VISION,,,0,,0.0,0.0,False,,0.0,0.0,0.0,False,0.0,-0.05722331718528029,4.76466848373413,SAFE,4.794456261862085,1.0011663436889648,19.59515380859375,19.62254524230957,,,0.007214840035885572,0.004041492007672787,,19.98452631784845,0.001162466000096174,0.0,0.23078283659111637,0.1715988573900831,0.41786969848613364,0.22888105089540578,0.18594946334583765,0.6644614200184736,0.23078283659111637,0.1715988573900831,0.41786969848613364
15.339890956878662,15.339890956878662,,False,PERIODIC,True,True,1,FOLLOW,28.0201038911441,8.687210579283814,-4.994144238048546,6.332304348762939,-0.6227671472696049,0.004058347066245929,42.641398337207015,5.310299539519655,-0.13003604334433758,2.8670424163064285,-2.7892772868791287,0.11744922424317934,15.774832106198149,15.00619137052941,4.864108194704208,4.088357119502901,2.7131165172448277,PREPARATION,False,FOLLOW,0,False,inf,0.07903814315795898,0.0,True,True,TRACKING,0,0.07903814315795898,-0.18671082456946325,-0.18671082456946325,0,0,0.07903814315795898,0.04056501388549805,inf,VISION,,,0,,0.0,0.0,False,,0.0,0.0,0.0,False,0.0,-0.06481658554600322,4.764144238048545,SAFE,4.794068852275087,0.999211847782135,19.633493423461914,19.62206268310547,,,1.665700074227061e-05,0.0014322430361062288,,20.001033033219947,0.001031226998748025,0.0,0.23221638407125622,0.16515874809249412,0.3955912602492835,0.2351908073037797,0.19309462093486635,0.6410116451391525,0.23221638407125622,0.16515874809249412,0.3955912602492835
15.389789819717407,15.389789819717407,,False,PERIODIC,True,True,1,FOLLOW,28.31723976135254,8.657124519348145,-4.99353551864624,6.324903964996338,-0.6805803179740906,0.00422465056180954,42.77640911958694,5.178852839823069,-0.12413071069824554,2.865096823529318,-2.7912756404437373,0.1322065315776443,15.648548034573615,14.871649283340792,4.869404807947995,4.054834098000779,2.687864072843713,PREPARATION,False,FOLLOW,0,False,inf,0.08126568794250488,0.0,True,True,TRACKING,0,0.08126568794250488,-0.18732386845530893,-0.18732386845530893,0,0,0.08126568794250488,0.04118943214416504,inf,VISION,,,0,,0.0,0.0,False,,0.0,0.0,0.0,False,0.0,-0.07569672759236301,4.76353551864624,SAFE,4.793445804182416,0.999211847782135,19.633493423461914,19.62206268310547,,,2.6186999093624763e-05,0.0014322430361062288,,20.021766433675012,0.0010003980005421909,0.0,0.24384685424713887,0.16681134140971784,0.41925629227949807,0.24934817888232905,0.2025468287111188,0.6139640110558224,0.24384685424713887,0.16681134140971784,0.41925629227949807
15.43960189819336,15.43960189819336,,False,PERIODIC,True,True,1,FOLLOW,28.66401731261949,8.61820045434615,-4.9927846499237045,6.316272020877853,-0.7486587270497603,0.0039446668739961666,42.92778797811403,5.031267230796025,-0.11674403877330362,2.862974052558297,-2.7934529841001297,0.14794557867262007,15.495064233155611,14.707863323679288,4.876040611150401,4.015866864609057,2.6602248877171975,PREPARATION,False,FOLLOW,0,False,inf,0.07913374900817871,0.0,True,True,TRACKING,0,0.07913374900817871,-0.18732386845530893,-0.18732386845530893,0,0,0.07913374900817871,0.03772091865539551,inf,VISION,,,0,,0.0,0.0,False,,0.0,0.0,0.0,False,0.0,-0.08330764617895037,4.762784649923704,SAFE,4.792898251527495,0.9992590546607971,19.583251953125,19.59259796142578,,,2.856900027836673e-05,0.0014322430361062288,,20.016868149574844,0.0006806500005041016,0.0,0.26483638511048746,0.16196657418793772,0.38100879457586495,0.2722874688607952,0.21173470937579406,0.5868605917642146,0.26483638511048746,0.16196657418793772,0.38100879457586495
15.489728927612305,15.489728927612305,,False,PERIODIC,True,True,1,FOLLOW,28.972505569458008,8.580487251281738,-4.9922637939453125,6.308304786682129,-0.8096015453338623,0.0037164173554629087,43.06258489986205,4.899651298941737,-0.10944347284541463,2.8611420503679765,-2.7953292703228714,0.16106817627512782,15.359714292045414,14.562928580650185,4.8828203210998975,3.9813069593360937,2.636334067277437,PREPARATION,False,FOLLOW,0,False,inf,0.08121204376220703,0.0,True,True,TRACKING,0,0.08121204376220703,-0.18849847075062598,-0.18849847075062598,0,0,0.08121204376220703,0.04593944549560547,inf,VISION,,,0,,0.0,0.0,False,,0.0,0.0,0.0,False,0.0,-0.09571583648664506,4.762263793945312,SAFE,4.792106279638232,0.9992590546607971,19.583251953125,19.59259796142578,,,0.009967521764338017,0.0014322430361062288,,19.9575753826828,0.0011015840009349631,0.0,0.2628445477626962,0.18700452831705136,0.38963382741892866,0.27350979519671903,0.2382109107650698,0.5590247153579548,0.2628445477626962,0.18700452831705136,0.38963382741892866
15.539640426635742,15.539640426635742,,False,PERIODIC,True,True,1,FOLLOW,29.288578181653712,8.538501850886435,-4.991609006023707,6.299532216630226,-0.8724218219860331,0.0028703156940539294,43.214239110530954,4.751384075958663,-0.10055170162213038,2.8591392551704566,-2.7973778292435445,0.17484138211845315,15.237740478895553,14.43143420964223,4.891057304401577,3.94605288951198,2.6105307704156457,PREPARATION,False,FOLLOW,0,False,inf,0.07907700538635254,0.0,True,True,TRACKING,0,0.07907700538635254,-0.18889556035322025,-0.18889556035322025,0,0,0.07907700538635254,0.03823280334472656,inf,VISION,,,0,,0.0,0.0,False,,0.0,0.0,0.0,False,0.0,-0.10339372139689962,4.761609006023707,SAFE,4.791703568990401,0.9995597004890442,19.73838233947754,19.75149154663086,,,3.2192001526709646e-05,0.0014322430361062288,,20.027145236666374,0.0006288730000960641,0.0,0.27836421686549945,0.2297214777689555,0.3341098507419836,0.2906816316697435,0.2704836892220834,0.5282327762388467,0.27836421686549945,0.2297214777689555,0.3341098507419836
15.58976149559021,15.58976149559021,,False,PERIODIC,True,True,1,FOLLOW,29.576858520507812,8.497419357299805,-4.990870475769043,6.291245937347412,-0.9300253987312317,0.0025429907254874706,43.349010379697965,4.619437665974783,-0.09202429932806931,2.8574170978174593,-2.7991368627826594,0.18602070208151314,15.123147909455795,14.307722000054616,4.898846176440974,3.913875602877605,2.5883502131604854,PREPARATION,False,FOLLOW,0,False,inf,0.08103370666503906,0.0,True,True,TRACKING,0,0.08103370666503906,-0.18942756589424972,-0.18942756589424972,0,0,0.08103370666503906,0.04889678955078125,inf,VISION,,,0,,0.0,0.0,False,,0.0,0.0,0.0,False,0.0,-0.11419503585662971,4.7608704757690425,SAFE,4.791099008293014,0.9995597004890442,19.73838233947754,19.75149154663086,,,0.006734880153089762,0.0014322430361062288,,19.996144887396536,0.0004422170004545478,0.0,0.28413028648269617,0.22555695455100702,0.3255029535933052,0.2977409953557611,0.2855059822720632,0.49805310309236733,0.28413028648269617,0.22555695455100702,0.3255029535933052
15.639831066131592,15.639831066131592,,False,PERIODIC,True,True,1,FOLLOW,29.922661287939764,8.444343489735342,-4.990021145249507,6.280958387494719,-0.9997095661665983,0.0018438852818342376,43.49978770991855,4.471640999403191,-0.08191411502744045,2.855548032909461,-2.8010436326031956,0.1973840298418585,14.973651577861727,14.146403322225963,4.908107030222067,3.8751098648089277,2.5639259029014414,PREPARATION,False,FOLLOW,0,False,inf,0.07909846305847168,0.0,True,True,TRACKING,0,0.07909846305847168,-0.18942756589424972,-0.18942756589424972,0,0,0.07909846305847168,0.036032676696777344,inf,VISION,,,0,,0.0,0.0,False,,0.0,0.0,0.0,False,0.0,-0.1218829538346653,4.760021145249507,SAFE,4.7904877337998535,1.0004940032958984,19.899410247802734,19.899112701416016,,,3.313700290163979e-05,0.0035234030801802874,,20.014017787944038,0.0005964100000710459,0.0,0.29770248678140926,0.36381949329126595,0.2619027930572998,0.31216954436856725,0.3438620003419381,0.4656405288647815,0.29770248678140926,0.36381949329126595,0.2619027930572998
15.689794301986694,15.689794301986694,,False,PERIODIC,True,True,1,FOLLOW,30.230634689331055,8.393827438354492,-4.989048480987549,6.2711920738220215,-1.06206214427948,0.0011106859892606735,43.633598755343336,4.340303366126299,-0.07243440646054,2.8539458915149476,-2.8026759520516196,0.20627706601503604,14.840606359471535,14.002517743568472,4.916614074527009,3.8404949084450273,2.542812806309857,PREPARATION,False,FOLLOW,0,False,inf,0.08105349540710449,0.0,True,True,TRACKING,0,0.08105349540710449,-0.18994701962514704,-0.18994701962514704,0,0,0.08105349540710449,0.03572440147399902,inf,VISION,,,0,,0.0,0.0,False,,0.0,0.0,0.0,False,0.0,-0.13417402937408962,4.759048480987548,SAFE,4.78960801927363,1.0004940032958984,19.899410247802734,19.899112701416016,,,0.004913527984172106,0.0035234030801802874,,20.008404899426676,0.0007424870000249939,0.0,0.29640143886972764,0.3662245725788369,0.24215298830344525,0.311525406189012,0.36206431103472647,0.432767784316092,0.29640143886972764,0.3662245725788369,0.24215298830344525
15.739767074584961,15.739767074584961,,False,PERIODIC,True,True,1,FOLLOW,30.54571493407356,8.338689270435854,-4.987877828062665,6.260515113506557,-1.1262848302677577,0.00033283595313809186,43.78537805613537,4.191161495034153,-0.06123278884792863,2.8521857155902643,-2.8044672655930305,0.21509327458079716,14.722856298145116,13.874100555834678,4.926645039214736,3.805144887771587,2.520351728884229,PREPARATION,False,FOLLOW,0,False,inf,0.07908487319946289,0.0,True,True,TRACKING,0,0.07908487319946289,-0.1899643478169842,-0.1899643478169842,0,0,0.07908487319946289,0.03874540328979492,inf,VISION,,,0,,0.0,0.0,False,,0.0,0.0,0.0,False,0.0,-0.1418890312729304,4.757877828062664,SAFE,4.788881631364486,1.079277515411377,19.979116439819336,19.9860897064209,,,2.8788999770767987e-05,0.0035234030801802874,,20.021057190763337,0.000635509000858292,0.0,0.3308473984522881,0.3819612531577142,0.17518071247145342,0.3447720017617471,0.38758029518090875,0.39628297779210325,0.3308473984522881,0.3819612531577142,0.17518071247145342
15.789835929870605,15.789835929870605,,False,PERIODIC,True,True,1,FOLLOW,30.83290672302246,8.285611152648926,-4.986871242523193,6.250278472900391,-1.184890627861023,-0.0003543795319274068,43.91959582527396,4.059113875666386,-0.050940946356574465,2.850685866634413,-2.805991769255283,0.22157403802125644,14.611232623565488,13.752262028165728,4.935930296166619,3.772857143031755,2.5009805602562034,PREPARATION,False,FOLLOW,0,False,inf,0.08141160011291504,0.0,True,True,TRACKING,0,0.08141160011291504,-0.19028489852809838,-0.19028489852809838,0,0,0.08141160011291504,0.04671931266784668,inf,VISION,,,0,,0.0,0.0,False,,0.0,0.0,0.0,False,0.0,-0.15277676256113626,4.756871242523193,SAFE,4.787710119834272,1.079277515411377,19.979116439819336,19.9860897064209,,,0.005126501899212599,0.0035234030801802874,,19.98707252218744,0.0008374659992114175,0.0,0.32804297162516255,0.37002242724632084,0.17751233397994243,0.341651382543251,0.3919271586787252,0.370303025068605,0.32804297162516255,0.37002242724632084,0.17751233397994243
15.839627981185913,15.839627981185913,,False,PERIODIC,True,True,1,FOLLOW,31.174903479506636,8.218736520585503,-4.985944593875994,6.2372010116971195,-1.254669949233125,-0.0014616833384651332,44.070077834908396,3.9109090310908847,-0.03908670784893749,2.8490606325257017,-2.8076419843335167,0.2274794530827049,14.467698582705019,13.595694146878147,4.946857886027056,3.73411722027061,2.4791908564854324,PREPARATION,False,FOLLOW,0,False,inf,0.07905888557434082,0.0,True,True,TRACKING,0,0.07905888557434082,-0.1898727546381744,-0.1898727546381744,0,0,0.07905888557434082,0.04170680046081543,inf,VISION,,,0,,0.0,0.0,False,,0.0,0.0,0.0,False,0.0,-0.16034815082309883,4.755944593875993,SAFE,4.786871242523193,1.0001147985458374,20.11680030822754,20.13376235961914,,,0.004903417080640793,0.002322827000170946,,20.002669640519702,0.0007506109996029409,0.0,0.33119963905588296,0.37351128520546406,0.16417527767737092,0.34444950567979166,0.4078773812056929,0.34782617161084384,0.33119963905588296,0.37351128520546406,0.16417527767737092
15.889840841293335,15.889840841293335,,False,PERIODIC,True,True,1,FOLLOW,31.483186721801758,8.155488014221191,-4.985275745391846,6.224816799163818,-1.317563533782959,-0.002628930378705263,44.20408328467463,3.778781700205827,-0.02828206195467281,2.8476691676834194,-2.809053232934374,0.23135240428557685,14.33696459855045,13.452760591137153,4.956993683437173,3.6992451814471186,2.4602620082943933,PREPARATION,False,FOLLOW,0,False,inf,0.0812997817993164,0.0,True,True,TRACKING,0,0.0812997817993164,-0.19079508125522007,-0.19079508125522007,0,0,0.0812997817993164,0.03642773628234863,inf,VISION,,,0,,0.0,0.0,False,,0.0,0.0,0.0,False,0.0,-0.17289684568995067,4.755275745391845,SAFE,4.785812187194824,1.0001147985458374,20.11680030822754,20.13376235961914,,,3.672800085041672e-05,0.002322827000170946,,19.978343947767158,0.0009427449986105785,0.0,0.32716122358377453,0.387637485509576,0.11897183612447465,0.33914892313083483,0.42780171375361803,0.3252918972745693,0.32716122358377453,0.387637485509576,0.11897183612447465
15.9398353099823,15.9398353099823,,False,PERIODIC,True,True,1,FOLLOW,31.791731769115138,8.08915589953198,-4.984740675569796,6.211375615660739,-1.3799995949337833,-0.004018590112044958,44.35491328833431,3.629920467367442,-0.015944689581259112,2.8461591050947574,-2.8105832754939337,0.2342845058079976,14.226989986455235,13.331103124810106,4.968795985988537,3.6644290408733506,2.4400408662181676,PREPARATION,False,FOLLOW,0,False,inf,0.07917666435241699,0.0,True,True,TRACKING,0,0.07917666435241699,-0.1901526125515932,-0.1901526125515932,0,0,0.07917666435241699,0.03686404228210449,inf,VISION,,,0,,0.0,0.0,False,,0.0,0.0,0.0,False,0.0,-0.18057990240088984,4.754740675569796,SAFE,4.7852757453918455,1.0000059604644775,20.065580368041992,20.025556564331055,,,0.008713421411812305,0.002322827000170946,,20.02329575248753,0.0007718160013610031,0.0,0.3476865013733646,0.40703262240285876,0.14813894239224534,0.3582577794569661,0.4519840159456326,0.3226311207500026,0.3476865013733646,0.40703262240285876,0.14813894239224534
15.989823579788208,15.989823579788208,,False,PERIODIC,True,True,1,FOLLOW,32.08097457885742,8.024309158325195,-4.984408378601074,6.197890281677246,-1.4381792545318604,-0.005144493188709021,44.48919037916995,3.497256878379124,-0.004853821978926009,2.8448704248212007,-2.811887633573086,0.2354571368351838,14.115735378465649,13.208255815681733,4.979554556622149,3.6314881268550447,2.421981884579874,PREPARATION,False,FOLLOW,0,False,inf,0.0811305046081543,0.0,True,True,TRACKING,0,0.0811305046081543,-0.19028489852809838,-0.19028489852809838,0,0,0.0811305046081543,0.03240537643432617,inf,VISION,,,0,,0.0,0.0,False,,0.0,0.0,0.0,False,0.0,-0.1914971307715505,4.754408378601074,SAFE,4.784678268432617,1.0000059604644775,20.065580368041992,20.025556564331055,,,0.006085729226469994,0.002322827000170946,,20.00124888940201,0.0009148680001089815,0.0,0.3309003181864126,0.40794852527438563,0.12446003389286348,0.3398322776828667,0.46001231511232527,0.320399396021678,0.3309003181864126,0.40794852527438563,0.12446003389286348
16.039741277694702,16.039741277694702,,False,PERIODIC,True,True,1,FOLLOW,32.42147365027175,7.944247347591792,-4.984230277085064,6.181035470195131,-1.5065772420591654,-0.006467516359294624,44.63956657287822,3.348553760883246,0.007598155044897351,2.8434829156118133,-2.8132907614791147,0.23531697102905652,13.975712693962391,13.053819142624906,4.991828432129962,3.592383194312955,2.4017612812708817,PREPARATION,False,FOLLOW,0,False,inf,0.07900214195251465,0.0,True,True,TRACKING,0,0.07900214195251465,-0.1892949812360529,-0.1892949812360529,0,0,0.07900214195251465,0.042079925537109375,inf,VISION,,,0,,0.0,0.0,False,,0.0,0.0,0.0,False,0.0,-0.199264493207425,4.754230277085064,SAFE,4.784408378601074,0.9990524053573608,20.026870727539062,19.986907958984375,,,1.2663998859352432e-05,0.002713653026148677,,20.001063152407514,0.0006490029991255142,0.0,0.3556406745802279,0.42110355589315296,0.12179705194058633,0.36315659254859756,0.4767424994683091,0.3291554743446898,0.3556406745802279,0.42110355589315296,0.12179705194058633
16.089929580688477,16.089929580688477,,False,PERIODIC,True,True,1,FOLLOW,32.725181579589844,7.869575023651123,-4.984123706817627,6.165192604064941,-1.5674773454666138,-0.007565872743725777,44.7729141822466,3.216562716535421,0.018602601575596643,2.842307365300661,-2.8144783977339776,0.23375667708477407,13.850113895270988,12.915044885531323,5.002726308393224,3.557360609694945,2.384359519613851,PREPARATION,False,FOLLOW,0,False,inf,0.08114004135131836,0.0,True,True,TRACKING,0,0.08114004135131836,-0.18960258744068556,-0.18960258744068556,0,0,0.08114004135131836,0.039075374603271484,inf,VISION,,,0,,0.0,0.0,False,,0.0,0.0,0.0,False,0.0,-0.21190396379701681,4.7541237068176265,SAFE,4.784194278717041,0.9990524053573608,20.026870727539062,19.986907958984375,,,3.549800021573901e-05,0.002713653026148677,,20.009444830000092,0.0008475800004816847,0.0,0.3229961368118947,0.4280386274425252,0.13774180768806232,0.32859002591730585,0.4856743378581792,0.3475222203757161,0.3229961368118947,0.4280386274425252,0.13774180768806232
16.139744758605957,16.139744758605957,,False,PERIODIC,True,True,1,FOLLOW,33.034234717827566,7.790218982148573,-4.984234362338689,6.148333832400492,-1.6292844006055143,-0.008567645098779374,44.923679182271854,3.0672093462505807,0.0309306233777002,2.8410332968888525,-2.815764515361478,0.23055574939705803,13.741091278637438,12.793189973336995,5.015164985716389,3.521810882586132,2.3665489948831864,PREPARATION,False,FOLLOW,0,False,inf,0.07904505729675293,0.0,True,True,TRACKING,0,0.07904505729675293,-0.18878936787142614,-0.18878936787142614,0,0,0.07904505729675293,0.04267001152038574,inf,VISION,,,0,,0.0,0.0,False,,0.0,0.0,0.0,False,0.0,-0.21968739518045677,4.754234362338688,SAFE,4.784123706817627,0.9987897276878357,20.030811309814453,20.018014907836914,,,2.245599898742512e-05,0.002713653026148677,,20.00105813253662,0.0006621400007134071,0.0,0.3174927826416901,0.43805541047843866,0.1768882916876178,0.32163099784143034,0.49659727474723797,0.3762548705950693,0.3174927826416901,0.43805541047843866,0.1768882916876178
16.18987488746643,16.18987488746643,,False,PERIODIC,True,True,1,FOLLOW,33.31620788574219,7.715023517608643,-4.984303951263428,6.132219314575195,-1.6855509281158447,-0.009212720207870007,45.05710756353922,2.9349136044975523,0.041660032102551696,2.8399604763280397,-2.8168465243713605,0.22630632701837683,13.636659781178432,12.676678430311204,5.02596398336598,3.489164256054735,2.3512101720377467,PREPARATION,False,FOLLOW,0,False,inf,0.08110809326171875,0.0,True,True,TRACKING,0,0.08110809326171875,-0.1889297893948476,-0.1889297893948476,0,0,0.08110809326171875,0.04596567153930664,inf,VISION,,,0,,0.0,0.0,False,,0.0,0.0,0.0,False,0.0,-0.23072690206296187,4.754303951263427,SAFE,4.784230518341064,0.9987897276878357,20.030811309814453,20.018014907836914,,,0.005558105185627937,0.002713653026148677,,20.00013953858405,0.0006425179999496322,0.0,0.32114627382962035,0.4373801110500508,0.2108043207170069,0.32335652403936044,0.49596516869225604,0.40840349776381263,0.32114627382962035,0.4373801110500508,0.2108043207170069
16.2396821975708,16.2396821975708,,False,PERIODIC,True,True,1,FOLLOW,33.64868431671627,7.6225709507292745,-4.984484317840259,6.1128581403029205,-1.751695936911822,-0.009710291689398225,45.207461095113175,2.78572528553595,0.05349455613200752,2.838806244925987,-2.818009777089004,0.22012642533275859,13.504874221417163,12.529979912262707,5.037978873972267,3.450980431104503,2.3346035292303027,PREPARATION,False,FOLLOW,0,False,inf,0.07906675338745117,0.0,True,True,TRACKING,0,0.07906675338745117,-0.18821415373133665,-0.18821415373133665,0,0,0.07906675338745117,0.04723000526428223,inf,VISION,,,0,,0.0,0.0,False,,0.0,0.0,0.0,False,0.0,-0.2385272599594268,4.754484317840259,SAFE,4.784303951263428,1.0009799003601074,20.006118774414062,20.003433227539062,,,3.475999983493239e-05,0.002713653026148677,,20.024357357838774,0.0005751160006184364,0.0,0.333722632953278,0.4623638243054886,0.22858598894397045,0.3349556343923054,0.516779959376248,0.437663736222665,0.333722632953278,0.4623638243054886,0.22858598894397045
16.28978419303894,16.28978419303894,,False,PERIODIC,True,True,1,FOLLOW,33.95304870605469,7.534511089324951,-4.984753131866455,6.094589710235596,-1.8120625019073486,-0.009893529117107391,45.341188620590735,2.6529283314976335,0.06369970413693145,2.8378341047737057,-2.818988732700241,0.21327380726028428,13.379329466453717,12.390301890372408,5.048452836003387,3.4161617596349276,2.320470923555051,PREPARATION,False,FOLLOW,0,False,inf,0.08229565620422363,0.0,True,True,TRACKING,0,0.08229565620422363,-0.18849847075062598,-0.18849847075062598,0,0,0.08229565620422363,0.04146146774291992,inf,VISION,,,0,,0.0,0.0,False,,0.0,0.0,0.0,False,0.0,-0.25132873175350623,4.754753131866455,SAFE,4.784516143798828,1.0009799003601074,20.006118774414062,20.003433227539062,,,0.007771697826683521,0.002713653026148677,,19.97357701773997,0.0011246579997532535,0.0,0.3162890435821362,0.4589107276755955,0.27689425244071103,0.3151912569824145,0.5107333328326538,0.4779772102491287,0.3162890435821362,0.4589107276755955,0.27689425244071103
16.339768409729004,16.339768409729004,,False,PERIODIC,True,True,1,FOLLOW,34.255010271122686,7.4435419358218775,-4.9850775530946905,6.075927300298516,-1.872086905576446,-0.00990457602215141,45.49139770493956,2.5036640443132407,0.07476957432768443,2.836796677366637,-2.8200327323067733,0.2042609738584461,13.276326641761191,12.274314487817783,5.059847127422375,3.381779910873291,2.3070948674527907,PREPARATION,False,FOLLOW,0,False,inf,0.07905793190002441,0.0,True,True,TRACKING,0,0.07905793190002441,-0.18732606548928699,-0.18732606548928699,0,0,0.07905793190002441,0.038889408111572266,inf,VISION,,,0,,0.0,0.0,False,,0.0,0.0,0.0,False,0.0,-0.2586230605842088,4.75507755309469,SAFE,4.784753131866455,0.9986353516578674,20.0400390625,20.032995223999023,,,3.30340008076746e-05,0.004290010780096054,,20.01651620914872,0.0005287109997880179,0.0,0.2923731983758338,0.4580727285217527,0.3029092146320852,0.28980339934704313,0.5065441151139051,0.512095609337205,0.2923731983758338,0.4580727285217527,0.3029092146320852
16.389752864837646,16.389752864837646,,False,PERIODIC,True,True,1,FOLLOW,34.53763961791992,7.355475902557373,-4.985276222229004,6.058101177215576,-1.9280909299850464,-0.00965884793549776,45.625203768180356,2.3706045506160893,0.08417712541362246,2.8359267995966193,-2.8209074936492513,0.1949694868368075,13.171270949512438,12.156604015165803,5.069453347642626,3.349836099203804,2.295764450036816,PREPARATION,False,FOLLOW,0,False,inf,0.0811164379119873,0.0,True,True,TRACKING,0,0.0811164379119873,-0.1869010573039182,-0.1869010573039182,0,0,0.0811164379119873,0.04259490966796875,inf,VISION,,,0,,0.0,0.0,False,,0.0,0.0,0.0,False,0.0,-0.26977741594163085,4.7552762222290035,SAFE,4.785102653503418,0.9986353516578674,20.0400390625,20.032995223999023,,,0.006523650139570236,0.004290010780096054,,20.006325362529683,0.0006807560002926039,0.0,0.28680973828882156,0.4519645773468072,0.32514365232404724,0.28244114045766033,0.4955307380883736,0.5462838872558883,0.28680973828882156,0.4519645773468072,0.32514365232404724
16.439640283584595,16.439640283584595,,False,PERIODIC,True,True,1,FOLLOW,34.86077146509496,7.251090702102456,-4.985478376865796,6.0372230972879395,-1.9920330494969052,-0.009597496635112345,45.77487844283957,2.221676093968479,0.09418427703911096,2.835007606984673,-2.821831296930956,0.18338212561933329,13.046674484313666,12.017185295324568,5.079662653904907,3.3136068433639316,2.2837736662477033,PREPARATION,False,FOLLOW,0,False,inf,0.07904410362243652,0.0,True,True,TRACKING,0,0.07904410362243652,-0.18610198799187153,-0.18610198799187153,0,0,0.07904410362243652,0.03335881233215332,inf,VISION,,,0,,0.0,0.0,False,,0.0,0.0,0.0,False,0.0,-0.27746299182582046,4.7554783768657956,SAFE,4.785276222229004,0.9994857907295227,20.00096321105957,19.99610137939453,,,2.3322001652559265e-05,0.004290010780096054,,20.03827428766264,0.0006047590013622539,0.0,0.2631524615404214,0.4618136726920365,0.3461942013623284,0.2573640684162933,0.49970365863125304,0.5777482993429811,0.2631524615404214,0.4618136726920365,0.3461942013623284
16.489707231521606,16.489707231521606,,False,PERIODIC,True,True,1,FOLLOW,35.166839599609375,7.1488847732543945,-4.98557710647583,6.016848087310791,-2.052305221557617,-0.00953857321292162,45.90874912922469,2.088388723471586,0.10256148341802832,2.8342393987258,-2.8226028696467633,0.17188368498628323,12.918451723108104,11.87422589528714,5.088138589893858,3.279522917602261,2.2731907377179965,PREPARATION,False,FOLLOW,0,False,inf,0.08127355575561523,0.0,True,True,TRACKING,0,0.08127355575561523,-0.18596561481684154,-0.18596561481684154,0,0,0.08127355575561523,0.037346839904785156,inf,VISION,,,0,,0.0,0.0,False,,0.0,0.0,0.0,False,0.0,-0.28987313732626463,4.75557710647583,SAFE,4.785503196716308,0.9994857907295227,20.00096321105957,19.99610137939453,,,3.254700277466327e-05,0.004290010780096054,,20.00851039470295,0.0009668029997556005,0.0,0.2828943674268341,0.44303247050462796,0.37587212601687026,0.2766402032760569,0.47492521900279056,0.6118572710478732,0.2828943674268341,0.44303247050462796,0.37587212601687026
16.5395724773407,16.5395724773407,,False,PERIODIC,True,True,1,FOLLOW,35.46863383288276,7.044552735923061,-4.985752886956024,5.995842770503518,-2.111558253585968,-0.009412730506481108,46.05850646319281,1.9392052319574722,0.11129918422144053,2.8334340162432574,-2.823411354300964,0.15796066877457776,12.813661275323776,11.756273876634452,5.0970520711774645,3.245855483660107,2.263376322117569,PREPARATION,False,FOLLOW,0,False,inf,0.07917571067810059,0.0,True,True,TRACKING,0,0.07917571067810059,-0.18463940970716597,-0.18463940970716597,0,0,0.07917571067810059,0.030878782272338867,inf,VISION,,,0,,0.0,0.0,False,,0.0,0.0,0.0,False,0.0,-0.2974483066602236,4.7557528869560235,SAFE,4.78557710647583,1.0004336833953857,20.014949798583984,19.99013900756836,,,2.9876999178668484e-05,0.0032956909853965044,,19.981745280925445,0.0009078549992409535,0.0,0.2621568939061995,0.45456902433705065,0.4132270045591683,0.2552445151170021,0.48101866039330926,0.6452512180661495,0.2621568939061995,0.45456902433705065,0.4132270045591683
16.589688301086426,16.589688301086426,,False,PERIODIC,True,True,1,FOLLOW,35.74364471435547,6.946516513824463,-4.985985279083252,5.9762067794799805,-2.165311336517334,-0.009202660992741585,46.19225046092598,1.8059006259675199,0.11842468576342402,2.83276828798064,-2.8240792790347835,0.1445501045379895,12.71433422727984,11.644710977682255,5.104409964846676,3.2154036550387683,2.2551915714576594,PREPARATION,False,FOLLOW,0,False,inf,0.08112502098083496,0.0,True,True,TRACKING,0,0.08112502098083496,-0.18375309145366128,-0.18375309145366128,0,0,0.08112502098083496,0.04236459732055664,inf,VISION,,,0,,0.0,0.0,False,,0.0,0.0,0.0,False,0.0,-0.3081724638422014,4.7559852790832515,SAFE,4.785780239105224,1.0004336833953857,20.014949798583984,19.99013900756836,,,0.006341569125652313,0.0032956909853965044,,19.990732574158972,0.0006222530009836191,0.0,0.26637765140711794,0.4198475317540894,0.4292267867192209,0.25879364326028,0.44002091093571455,0.6717862766987713,0.26637765140711794,0.4198475317540894,0.4292267867192209
16.63977074623108,16.63977074623108,,False,PERIODIC,True,True,1,FOLLOW,36.07549203995221,6.824175202496388,-4.986269432217264,5.951829525993847,-2.2301526337314654,-0.009032328570972286,46.3417697831364,1.6568047037766445,0.12565961913892396,2.832077746274829,-2.8247717853049448,0.1286678777211415,12.578950480757033,11.493397085772257,5.111929051356188,3.178896734606337,2.245951055842888,PREPARATION,False,FOLLOW,0,False,inf,0.07921028137207031,0.0,True,True,TRACKING,0,0.07921028137207031,-0.18298573850311728,-0.18298573850311728,0,0,0.07921028137207031,0.04540657997131348,inf,VISION,,,0,,0.0,0.0,False,,0.0,0.0,0.0,False,0.0,-0.3158165387431504,4.756269432217263,SAFE,4.785985279083252,1.0004336833953857,19.938669204711914,19.94567108154297,,,0.005977315828204155,0.0032956909853965044,,19.998904840309706,0.0008031750003283378,0.0,0.26690054276447245,0.40536396774334305,0.695897849627143,0.2600833566271816,0.4200077135756064,0.7251413333944352,0.26690054276447245,0.40536396774334305,0.695897849627143
16.6897394657135,16.6897394657135,,False,PERIODIC,True,True,1,FOLLOW,36.36376953125,6.7146172523498535,-4.986484050750732,5.930090427398682,-2.2863707542419434,-0.008759133517742157,46.475298329470405,1.5235920173845283,0.13135506036794953,2.8315142868504757,-2.8253365825397414,0.11368856723454718,12.465233042128954,11.366167235585063,5.117839111118682,3.1474833918969085,2.2387779624223603,PREPARATION,False,FOLLOW,0,False,inf,0.08114337921142578,0.0,True,True,TRACKING,0,0.08114337921142578,-0.1828453989356384,-0.1828453989356384,0,0,0.08114337921142578,0.037055015563964844,inf,VISION,,,0,,0.0,0.0,False,,0.0,0.0,0.0,False,0.0,-0.3279727212475132,4.756484050750732,SAFE,4.78629093170166,1.0004336833953857,19.938669204711914,19.94567108154297,,,0.005066227167844772,0.0032956909853965044,,20.00370395378743,0.0006307110015768558,0.0,0.2657773683177036,0.3981773721647757,0.693273122575626,0.25872049711032113,0.4067680580609767,0.7484555356743051,0.2657773683177036,0.3981773721647757,0.693273122575626
16.73974895477295,16.73974895477295,,False,PERIODIC,True,True,1,FOLLOW,36.66018083008595,6.598589968898938,-4.986943642116808,5.9071624036522525,-2.343763789879189,-0.008697216877213754,46.62492998163185,1.374257276139579,0.1369268644567002,2.830936364817285,-2.825915656624432,0.09620449522108632,12.363006378142934,11.251216722553567,5.123870506573508,3.11554833597769,2.2322560886333482,PREPARATION,False,FOLLOW,0,False,inf,0.07909846305847168,0.0,True,True,TRACKING,0,0.07909846305847168,-0.18125369427966362,-0.18125369427966362,0,0,0.07909846305847168,0.0461888313293457,inf,VISION,,,0,,0.0,0.0,False,,0.0,0.0,0.0,False,0.0,-0.335523465059274,4.756943642116807,SAFE,4.786484050750732,0.9993634223937988,20.151649475097656,20.159299850463867,,,3.094400017289445e-05,0.0032956909853965044,,20.010585361235872,0.0006486420006694971,0.0,0.231892732658305,0.3970960335698784,0.6960684271350508,0.225044236916109,0.40170762435068047,0.7725196689486021,0.231892732658305,0.3970960335698784,0.6960684271350508
16.789765119552612,16.789765119552612,,False,PERIODIC,True,True,1,FOLLOW,36.931495666503906,6.489492893218994,-4.987475872039795,5.88585090637207,-2.396034002304077,-0.008597157895565033,46.75800045888489,1.2413993311493523,0.1410478894365233,2.830475358034122,-2.82637740233674,0.08005948354801982,12.26394872962825,11.140138350618596,5.128523761476318,3.0868066320074448,2.2268930628224886,PREPARATION,False,FOLLOW,0,False,inf,0.08123350143432617,0.0,True,True,TRACKING,0,0.08123350143432617,-0.18023122414548018,-0.18023122414548018,0,0,0.08123350143432617,0.04770398139953613,inf,VISION,,,0,,0.0,0.0,False,,0.0,0.0,0.0,False,0.0,-0.3461298190565114,4.7574758720397945,SAFE,4.7870080947875975,0.9993634223937988,20.151649475097656,20.159299850463867,,,2.6031999368569814e-05,0.0032956909853965044,,19.99878439010337,0.0006955930002732202,0.0,0.2225423190314958,0.37233077645561,0.6779579063655944,0.2159756705458579,0.36921415300060473,0.7816917702507301,0.2225423190314958,0.37233077645561,0.6779579063655944
16.83979368209839,16.83979368209839,,False,PERIODIC,True,True,1,FOLLOW,37.252208573107076,6.3568809569659965,-4.98822899670101,5.860055157522864,-2.4572905093885575,-0.008533089290093844,46.908039730754986,1.0915533094854228,0.14482339671960034,2.8300089415130074,-2.82684442284262,0.0613653607098519,12.137008587536243,10.998124866554639,5.13305239342061,3.053299192581241,2.220728412891362,PREPARATION,False,FOLLOW,0,False,inf,0.07909321784973145,0.0,True,True,TRACKING,0,0.07909321784973145,-0.17934527136916975,-0.17934527136916975,0,0,0.07909321784973145,0.041280269622802734,inf,VISION,,,0,,0.0,0.0,False,,0.0,0.0,0.0,False,0.0,-0.35359155186432245,4.75822899670101,SAFE,4.787475872039795,0.9975330829620361,20.038301467895508,20.024049758911133,,,2.870900061680004e-05,0.002319678897038102,,20.027613314082725,0.0006185959991853451,0.0,0.22883321978790733,0.3385032137526832,0.6658152315596038,0.22467364503017578,0.33026653365104586,0.7931470268927139,0.22883321978790733,0.3385032137526832,0.6658152315596038
16.889814138412476,16.889814138412476,,False,PERIODIC,True,True,1,FOLLOW,37.54124069213867,6.2343244552612305,-4.988992691040039,5.836231231689453,-2.5119025707244873,-0.008311768993735313,47.04091992794084,0.9588032755968489,0.14728277841701942,2.829648737204524,-2.8272049814702993,0.04442539398646457,12.018999750327174,10.86623344587343,5.1362754694570585,3.023530240418399,2.2154349533476956,PREPARATION,False,FOLLOW,0,False,inf,0.08126378059387207,0.0,True,True,TRACKING,0,0.08126378059387207,-0.17827443190721506,-0.17827443190721506,0,0,0.08126378059387207,0.044173479080200195,inf,VISION,,,0,,0.0,0.0,False,,0.0,0.0,0.0,False,0.0,-0.3656099999980458,4.758992691040039,SAFE,4.788377094268799,0.9975330829620361,20.038301467895508,20.024049758911133,,,0.008891556411981583,0.002319678897038102,,19.991153816823,0.0010540370003582211,0.0,0.1919721597919605,0.32261262910239036,0.6651373468651883,0.18838436268200556,0.3083589918754546,0.8041566003018015,0.1919721597919605,0.32261262910239036,0.6651373468651883
16.939763069152832,16.939763069152832,,False,PERIODIC,True,True,1,FOLLOW,37.82831236367731,6.109446854651926,-4.989691864296532,5.81205260102156,-2.565537860656263,-0.007846409047311664,47.19100846919048,0.8088260581050905,0.14915175904528202,2.8292951150234273,-2.827558868017529,0.025022187614593565,11.923270230022343,10.759026870167032,5.138843623341814,2.9944244143446057,2.211546900307068,PREPARATION,False,FOLLOW,0,False,inf,0.07910513877868652,0.0,True,True,TRACKING,0,0.07910513877868652,-0.17696254471927572,-0.17696254471927572,0,0,0.07910513877868652,0.04186296463012695,inf,VISION,,,0,,0.0,0.0,False,,0.0,0.0,0.0,False,0.0,-0.373006364980371,4.759691864296531,SAFE,4.788992691040039,0.9994610548019409,20.078460693359375,20.08965301513672,,,3.908899816451594e-05,0.002319678897038102,,20.008093443672912,0.0006110249996709172,0.0,0.20085532451523797,0.28917180737201087,0.6678733480202217,0.20047888006452702,0.27058679588146994,0.814395218254451,0.20085532451523797,0.28917180737201087,0.6678733480202217
16.98979139328003,16.98979139328003,,False,PERIODIC,True,True,1,FOLLOW,38.0987548828125,5.989006519317627,-4.990135669708252,5.788738250732422,-2.615687370300293,-0.007037915289402008,47.32405241596359,0.6758502931578743,0.14989421816933207,2.829034558339702,-2.82781955911842,0.007660967771362992,11.821829423021576,10.645926153169755,5.140029887877584,2.967332483807486,2.2079072603958028,PREPARATION,False,FOLLOW,0,False,inf,0.0812375545501709,0.0,True,True,TRACKING,0,0.0812375545501709,-0.17527436707902036,-0.17527436707902036,0,0,0.0812375545501709,0.03733992576599121,inf,VISION,,,0,,0.0,0.0,False,,0.0,0.0,0.0,False,0.0,-0.3834556314221387,4.7601356697082515,SAFE,4.78976469039917,0.9994610548019409,20.078460693359375,20.08965301513672,,,3.592899884097278e-05,0.002319678897038102,,19.991775683678906,0.0008892309997463599,0.0,0.17623776977112054,0.29929130940331305,0.6496407185654458,0.17819355242906412,0.2798680494837015,0.8112414985095108,0.17623776977112054,0.29929130940331305,0.6496407185654458
17.039770126342773,17.039770126342773,,False,PERIODIC,True,True,1,FOLLOW,38.41902676170021,5.84274971343113,-4.990462713000233,5.760735392044425,-2.6743600514473767,-0.00627679502823079,47.47395684732221,0.5259976608992163,0.14980720204108944,2.8287940591908716,-2.8280601426925895,-0.011942414030960575,11.6911071350443,10.500457668292599,5.140269915041323,2.935972717274897,2.2034235955484807,PREPARATION,False,FOLLOW,0,False,inf,0.07918453216552734,0.0,True,True,TRACKING,0,0.07918453216552734,-0.17411718309529195,-0.17411718309529195,0,0,0.07918453216552734,0.04091024398803711,inf,VISION,,,0,,0.0,0.0,False,,0.0,0.0,0.0,False,0.0,-0.3907990190943562,4.760462713000233,SAFE,4.790135669708252,0.9994240999221802,20.015195846557617,20.02573585510254,,,3.094699786743149e-05,0.002414159942418337,,19.982692249826982,0.0009548079997330206,0.0,0.2176951717746565,0.26808914662379707,0.6465731763489502,0.22222847382820912,0.24828140680513028,0.8102638151719632,0.2176951717746565,0.26808914662379707,0.6465731763489502
17.089751958847046,17.089751958847046,,False,PERIODIC,True,True,1,FOLLOW,38.697593688964844,5.712645053863525,-4.990606784820557,5.736203670501709,-2.724860191345215,-0.005554708652198315,47.60707475702462,0.39290585445906046,0.1488122874089371,2.8286332365895097,-2.8282209973366754,-0.02928495232059264,11.57981461215128,10.376824083109245,5.139419072229494,2.909503808012655,2.2001259712603627,PREPARATION,False,FOLLOW,0,False,inf,0.08106851577758789,0.0,True,True,TRACKING,0,0.08106851577758789,-0.17366843011424193,-0.17366843011424193,0,0,0.08106851577758789,0.045391082763671875,inf,VISION,,,0,,0.0,0.0,False,,0.0,0.0,0.0,False,0.0,-0.4026025084523299,4.760606784820556,SAFE,4.790497589111328,0.9994240999221802,20.015195846557617,20.02573585510254,,,0.0074623990803956985,0.002414159942418337,,20.00578294573254,0.0006266050004342105,0.0,0.23121142748554624,0.2666160488883579,0.6329331924793489,0.23704836356962064,0.24739940634395324,0.8011193349459313,0.23121142748554624,0.2666160488883579,0.6329331924793489
17.13971185684204,17.13971185684204,,False,PERIODIC,True,True,1,FOLLOW,38.98454336264431,5.575543100152844,-4.990719042247013,5.710744798693999,-2.7764382983037024,-0.005119567436954748,47.75686628689163,0.24312922162722594,0.14677269597435338,2.8285055018736105,-2.8283487454468403,-0.04861292890280233,11.479638871474158,10.265879760603456,5.1374917382213665,2.8830348126843504,2.197854212624348,PREPARATION,False,FOLLOW,0,False,inf,0.07906103134155273,0.0,True,True,TRACKING,0,0.07906103134155273,-0.17143031425511457,-0.17143031425511457,0,0,0.07906103134155273,0.04464578628540039,inf,VISION,,,0,,0.0,0.0,False,,0.0,0.0,0.0,False,0.0,-0.4098761280310659,4.760719042247013,SAFE,4.7906067848205565,0.9991519451141357,20.061603546142578,20.04972267150879,,,1.6018000678741373e-05,0.002414159942418337,,20.0063404300828,0.0006129710000095656,0.0,0.1996409214168379,0.2599090023619881,0.6319743072549704,0.20957053409497187,0.2474358399230842,0.7905039009528411,0.1996409214168379,0.2599090023619881,0.6319743072549704
17.18977427482605,17.18977427482605,,False,PERIODIC,True,True,1,FOLLOW,39.245845794677734,5.4481635093688965,-4.990849018096924,5.687285900115967,-2.8228542804718018,-0.004936895798891783,47.89072215414622,0.1092772974245135,0.1440467377494523,2.82844427080052,-2.828409978514633,-0.06559211574101022,11.384408095197397,10.160590202079154,5.134895755846376,2.859490406172745,2.1956459395592463,PREPARATION,False,FOLLOW,0,False,inf,0.08113932609558105,0.0,True,True,TRACKING,0,0.08113932609558105,-0.17026399518494126,-0.17026399518494126,0,0,0.08113932609558105,0.04385852813720703,inf,VISION,,,0,,0.0,0.0,False,,0.0,0.0,0.0,False,0.0,-0.4200656593066556,4.760849018096923,SAFE,4.790743637084961,0.9991519451141357,20.061603546142578,20.04972267150879,,,0.006940051913261414,0.002414159942418337,,19.9970480608515,0.0006800369992561173,0.0,0.23850092427124972,0.25710439303607063,0.6089744295268912,0.2482160806734666,0.24878640991684495,0.7683518036767788,0.23850092427124972,0.25710439303607063,0.6089744295268912
17.239701509475708,17.239701509475708,,False,PERIODIC,True,True,1,FOLLOW,39.55573686344524,5.293775415054237,-4.990804730741347,5.65924421623468,-2.8772577343356356,-0.004491860485721653,48.039718266548974,-0.03971824696859638,0.14012414582191113,2.828429216291057,-2.828425033199777,-0.08408124792262266,11.258353619752688,10.021182320018319,5.130928876563258,2.83235461536839,2.192629494255182,PREPARATION,False,FOLLOW,0,False,inf,0.07905149459838867,0.0,True,True,TRACKING,0,0.07905149459838867,-0.16859682685785823,-0.16859682685785823,0,0,0.07905149459838867,0.04403209686279297,inf,VISION,,,0,,0.0,0.0,False,,0.0,0.0,0.0,False,0.0,-0.4272136920787739,4.760804730741347,SAFE,4.790849018096924,0.9971643090248108,20.130094528198242,20.113296508789062,,,4.507500125328079e-05,0.0021950409281998873,,20.042704168080324,0.0004989459994249046,0.0,0.24456874131694514,0.21807753229137256,0.6200719314289953,0.2564380631000635,0.21927851342073434,0.7602733109278338,0.24456874131694514,0.21807753229137256,0.6200719314289953
17.28974413871765,17.28974413871765,,False,PERIODIC,True,True,1,FOLLOW,39.83453369140625,5.151920795440674,-4.9906110763549805,5.633882999420166,-2.9258790016174316,-0.004271311219781637,48.17245925912245,-0.17245751898009357,0.13577751135257102,2.828468039542173,-2.828386209324555,-0.10004775018707927,11.142255927774583,9.892927130422503,5.1263885877075515,2.808741901264258,2.18998890646408,PREPARATION,False,FOLLOW,0,False,inf,0.08112931251525879,0.0,True,True,TRACKING,0,0.08112931251525879,-0.16713030096652362,-0.16713030096652362,0,0,0.08112931251525879,0.04699897766113281,inf,VISION,,,0,,0.0,0.0,False,,0.0,0.0,0.0,False,0.0,-0.4387186961650591,4.76061107635498,SAFE,4.790767478942871,0.9971643090248108,20.130094528198242,20.113296508789062,,,0.007681210059672594,0.0021950409281998873,,19.9830630451714,0.0009566799999447539,0.0,0.22697995297919396,0.21104493597009774,0.5929750968310273,0.24068995620457934,0.22089660675567663,0.7285595921078694,0.22697995297919396,0.21104493597009774,0.5929750968310273
17.339677095413208,17.339677095413208,,False,PERIODIC,True,True,1,FOLLOW,40.11229895932402,5.007444085031598,-4.990456956552159,5.608125344434359,-2.9738704047466693,-0.004249248449409582,48.32215054448337,-0.3221400964711141,0.13004265510972265,2.8285647272431214,-2.8282895155545953,-0.11743116018919078,11.046521935482538,9.788060614752414,5.120499611661882,2.7856706849668282,2.1884909856303856,PREPARATION,False,FOLLOW,0,False,inf,0.07903599739074707,0.0,True,True,TRACKING,0,0.07903599739074707,-0.16533805144154645,-0.16533805144154645,0,0,0.07903599739074707,0.039705514907836914,inf,VISION,,,0,,0.0,0.0,False,,0.0,0.0,0.0,False,0.0,-0.4457654167327778,4.760456956552159,SAFE,4.79061107635498,1.0010530948638916,20.062305450439453,20.0386905670166,,,2.297100036230404e-05,0.0021950409281998873,,20.001896485903984,0.0005621700001938734,0.0,0.2385259350948341,0.21808929686399667,0.5813760988670073,0.2534631042124021,0.24130372040200684,0.695333325383509,0.2385259350948341,0.21808929686399667,0.5813760988670073
17.389788389205933,17.389788389205933,,False,PERIODIC,True,True,1,FOLLOW,40.37283706665039,4.8692193031311035,-4.9903950691223145,5.583765029907227,-3.018437147140503,-0.004333397839218378,48.455187054591946,-0.45515713085579534,0.12414737623947127,2.828703396697594,-2.828150825360967,-0.13216533720533732,10.946776245259661,9.678500180212525,5.114542445361786,2.7645821550032146,2.186427283143607,PREPARATION,False,FOLLOW,0,False,inf,0.0811469554901123,0.0,True,True,TRACKING,0,0.0811469554901123,-0.16440148472993693,-0.16440148472993693,0,0,0.0811469554901123,0.042554616928100586,inf,VISION,,,0,,0.0,0.0,False,,0.0,0.0,0.0,False,0.0,-0.45568732314774385,4.760395069122314,SAFE,4.790442276000976,1.0010530948638916,20.062305450439453,20.0386905670166,,,0.004935620818287134,0.0021950409281998873,,19.990095729077904,0.0009435880001547048,0.0,0.23796728163690806,0.18857456944825318,0.5467515855888954,0.25325686216551363,0.22573623161093445,0.6550954025437158,0.23796728163690806,0.18857456944825318,0.5467515855888954
17.43977665901184,17.43977665901184,,False,PERIODIC,True,True,1,FOLLOW,40.6782828923765,4.703425324571401,-4.99044143609384,5.555020520076898,-3.0707588023426267,-0.004382927024587327,48.605331724921186,-0.6052624054572526,0.11673056461888966,2.828913030324773,-2.8279411356778117,-0.14797180940614055,10.821435877616652,9.540454318768306,5.10717200071273,2.740664195422482,2.1838472961137354,PREPARATION,False,FOLLOW,0,False,inf,0.07906866073608398,0.0,True,True,TRACKING,0,0.07906866073608398,-0.1624908998708071,-0.1624908998708071,0,0,0.07906866073608398,0.035048484802246094,inf,VISION,,,0,,0.0,0.0,False,,0.0,0.0,0.0,False,0.0,-0.462575774053275,4.760441436093839,SAFE,4.790395069122314,0.9994495511054993,19.993101119995117,20.000226974487305,,,0.0066837128251791,0.0036677890457212925,,20.01462097135931,0.0005049250012234552,0.0,0.22551059987873268,0.20272568147110528,0.5415190971982823,0.24276257906411633,0.2521859619131486,0.6274264214794734,0.22551059987873268,0.20272568147110528,0.5415190971982823
17.489787101745605,17.489787101745605,,False,PERIODIC,True,True,1,FOLLOW,40.950416564941406,4.552461624145508,-4.990496635437012,5.529046535491943,-3.117147445678711,-0.0044324095360934734,48.73848478719433,-0.7383582034171217,0.10943460117202154,2.8291518281334116,-2.827702234378624,-0.16108485844239115,10.707757921261399,9.415241955584342,5.0999312366090335,2.7198805030580853,2.181342119047867,PREPARATION,False,FOLLOW,0,False,inf,0.08110451698303223,0.0,True,True,TRACKING,0,0.08110451698303223,-0.1612360547579768,-0.1612360547579768,0,0,0.08110451698303223,0.034177303314208984,inf,VISION,,,0,,0.0,0.0,False,,0.0,0.0,0.0,False,0.0,-0.4736627176556789,4.760496635437011,SAFE,4.79045467376709,0.9994495511054993,19.993101119995117,20.000226974487305,,,0.007690273225307465,0.0036677890457212925,,20.00522549245045,0.000768185998822446,0.0,0.24418606403516704,0.19033421395701638,0.4945291704463912,0.25982038692095066,0.2537767273229409,0.5723052777183889,0.24418606403516704,0.19033421395701638,0.4945291704463912
17.539713621139526,17.539713621139526,,False,PERIODIC,True,True,1,FOLLOW,41.22376673714171,4.397396555972493,-4.990496552630618,5.50283447085756,-3.1634753806133915,-0.004414153097065258,48.88819324572174,-0.8879742548748772,0.10056047519996884,2.829473459686497,-2.8273804025864164,-0.17482893135186844,10.611194088047057,9.310133098596477,5.091057027830587,2.699788904146425,2.180127585084813,PREPARATION,False,FOLLOW,0,False,inf,0.07911944389343262,0.0,True,True,TRACKING,0,0.07911968231201172,-0.15940667453527269,-0.15940667453527269,0,0,0.07911968231201172,0.034806251525878906,inf,VISION,,,0,,0.0,0.0,False,,0.0,0.0,0.0,False,0.0,-0.4804511624425425,4.7604965526306176,SAFE,4.7904966354370115,1.0002423524856567,19.968416213989258,19.97358512878418,,,2.0532001144601963e-05,0.0036677890457212925,,19.996736958561332,0.0008466300005238736,0.0,0.2621173348341219,0.2363690843629971,0.48383275962558747,0.27712180637728323,0.30177952327687757,0.5463106526538763,0.2621173348341219,0.2363690843629971,0.48383275962558747
17.589722156524658,17.589722156524658,,False,PERIODIC,True,True,1,FOLLOW,41.478336334228516,4.249999523162842,-4.990448951721191,5.477910995483398,-3.206733226776123,-0.004424736835062504,49.021517352979146,-1.021183190137782,0.0920394489982868,2.829812779886857,-2.827040787943644,-0.1859998499067742,10.51268925737307,9.202442451797191,5.082488400719479,2.681335493599999,2.1782595548142742,PREPARATION,False,FOLLOW,0,False,inf,0.08109664916992188,0.0,True,True,TRACKING,0,0.08109664916992188,-0.157794163403998,-0.157794163403998,0,0,0.08109664916992188,0.0366060733795166,inf,VISION,,,0,,0.0,0.0,False,,0.0,0.0,0.0,False,0.0,-0.4899450211396159,4.760448951721191,SAFE,4.790481853485107,1.0002423524856567,19.968416213989258,19.97358512878418,,,0.006422329228371382,0.0036677890457212925,,19.99483543079141,0.0006440340002882294,0.0,0.26615108094376183,0.26095460182056535,0.4152979682159558,0.2799895968185246,0.3287395139224798,0.474032603620639,0.26615108094376183,0.26095460182056535,0.4152979682159558
17.639770030975342,17.639770030975342,,False,PERIODIC,True,True,1,FOLLOW,41.780723014537095,4.070981817648104,-4.9904731962684705,5.447892983846635,-3.257901843748872,-0.004475495733373362,49.17111619397822,-1.1706141484772559,0.08191559737580317,2.8302467458614715,-2.8266063322543786,-0.19738251194464476,10.383706837768464,9.060476787610659,5.072388793644274,2.6599437517317375,2.1750046930978066,PREPARATION,False,FOLLOW,0,False,inf,0.07921791076660156,0.0,True,True,TRACKING,0,0.07921791076660156,-0.15615693185425827,-0.15615693185425827,0,0,0.07921791076660156,0.044254302978515625,inf,VISION,,,0,,0.0,0.0,False,,0.0,0.0,0.0,False,0.0,-0.4966677689244743,4.76047319626847,SAFE,4.790448951721191,1.000391960144043,19.947795867919922,19.958919525146484,,,3.173400182276964e-05,0.0036677890457212925,,19.98991521344384,0.0008063829991442617,0.0,0.26627867968191476,0.242868023550918,0.3762376764067267,0.2799073972068343,0.3245232804188103,0.42268110287747174,0.26627867968191476,0.242868023550918,0.3762376764067267
17.689745664596558,17.689745664596558,,False,PERIODIC,True,True,1,FOLLOW,42.04431915283203,3.911900520324707,-4.99036979675293,5.421481132507324,-3.3020012378692627,-0.00443395646288991,49.304157411279924,-1.303462694285414,0.07240990842888913,2.8306855536218154,-2.826166886697327,-0.206300294565047,10.273120428688308,8.938974493706318,5.062779705181819,2.641853531100218,2.171921451651134,PREPARATION,False,FOLLOW,0,False,inf,0.08117151260375977,0.0,True,True,TRACKING,0,0.08117151260375977,-0.15448948584746788,-0.15448948584746788,0,0,0.08117151260375977,0.04568147659301758,inf,VISION,,,0,,0.0,0.0,False,,0.0,0.0,0.0,False,0.0,-0.5072635603639051,4.760369796752929,SAFE,4.790447998046875,1.000391960144043,19.947795867919922,19.958919525146484,,,3.135999941150658e-05,0.0036677890457212925,,19.989789857282755,0.0013490130004356615,0.0,0.27367089759361185,0.28696176045802274,0.34658754102284633,0.28549765136696365,0.3638893007772417,0.38346198377881757,0.27367089759361185,0.28696176045802274,0.34658754102284633
17.739571571350098,17.739571571350098,,False,PERIODIC,True,True,1,FOLLOW,42.31502543978299,3.7454782377791025,-4.990323007684264,5.394166782807573,-3.346607376073773,-0.00441329694713448,49.45427325917898,-1.4533117981999837,0.06124345556780196,2.831234062494531,-2.825617398617639,-0.2150857812786846,10.17421254926389,8.83155010544275,5.051566463252066,2.6238211793328023,2.169224919187822,PREPARATION,False,FOLLOW,0,False,inf,0.07915019989013672,0.0,True,True,TRACKING,0,0.07915019989013672,-0.15252786492166961,-0.15252786492166961,0,0,0.07915019989013672,0.041602134704589844,inf,VISION,,,0,,0.0,0.0,False,,0.0,0.0,0.0,False,0.0,-0.5137808960528676,4.7603230076842635,SAFE,4.7903697967529295,0.9995087385177612,20.066255569458008,20.08359718322754,,,5.759899795521051e-05,0.0016648570308461785,,20.001565152222096,0.0007209100003819913,0.0,0.284779962358343,0.299484082266288,0.3285251942600732,0.29563209132546453,0.380591783791631,0.3577866637224944,0.284779962358343,0.299484082266288,0.3285251942600732
17.789726972579956,17.789726972579956,,False,PERIODIC,True,True,1,FOLLOW,42.561180114746094,3.5915935039520264,-4.990420341491699,5.3691205978393555,-3.3868377208709717,-0.004472476430237293,49.58721902416802,-1.5859672108039313,0.05097732206746377,2.831773006177984,-2.8250772735862126,-0.22154889855673637,10.079089647077998,8.727677681473754,5.041397663559163,2.607840059145993,2.165911908756287,PREPARATION,False,FOLLOW,0,False,inf,0.08117794990539551,0.0,True,True,TRACKING,0,0.08117794990539551,-0.1510874798153645,-0.1510874798153645,0,0,0.08117794990539551,0.03597116470336914,inf,VISION,,,0,,0.0,0.0,False,,0.0,0.0,0.0,False,0.0,-0.522885360408464,4.760420341491699,SAFE,4.790327358245849,0.9995087385177612,20.066255569458008,20.08359718322754,,,0.006384581793099642,0.0016648570308461785,,19.990095729077904,0.0009895870007312624,0.0,0.26874007274999845,0.2982310530759854,0.29748521677629225,0.2784420573209209,0.38230810748399513,0.3069854375554073,0.26874007274999845,0.2982310530759854,0.29748521677629225
17.839752197265625,17.839752197265625,,False,PERIODIC,True,True,1,FOLLOW,42.857191823934784,3.403157458410602,-4.990750466053064,5.338917097291066,-3.434616224525042,-0.0046867375443189465,49.73730877971949,-1.7356693755949446,0.03908094940316325,2.832434766492082,-2.8244137964482023,-0.2274818942504905,9.952022639799514,8.587406509253634,5.029831415456227,2.5892930231416655,2.160489284611074,PREPARATION,False,FOLLOW,0,False,inf,0.07923364639282227,0.0,True,True,TRACKING,0,0.07923364639282227,-0.14890723620213855,-0.14890723620213855,1,0,0.07923364639282227,0.04193735122680664,inf,VISION,,,0,,0.0,0.0,False,,0.0,0.0,0.0,False,0.0,-0.5292512977524462,4.7607504660530635,SAFE,4.790420341491699,1.0008039474487305,19.99824333190918,19.971282958984375,,,4.558500222628936e-05,0.0016648570308461785,,20.012610501351304,0.0005946109995420557,0.0,0.2776802839043171,0.3137067731945296,0.24914797898295865,0.2862431154862998,0.39839737255432134,0.2510889909253312,0.2776802839043171,0.3137067731945296,0.24914797898295865
17.889782667160034,17.889782667160034,,False,PERIODIC,True,True,1,FOLLOW,43.115604400634766,3.2359251976013184,-4.991209030151367,5.312699317932129,-3.4755609035491943,-0.004759310279041529,49.87056452180918,-1.8685160985132532,0.028277588051439068,2.83307576269876,-2.823770824636011,-0.23135287155294537,9.842766536622388,8.466688088274921,5.019486618202806,2.573850796889481,2.155305187416689,PREPARATION,False,FOLLOW,0,False,inf,0.08107471466064453,0.0,True,True,TRACKING,0,0.08107471466064453,-0.14718897575734888,-0.14718897575734888,2,0,0.08107471466064453,0.04485797882080078,inf,VISION,,,0,,0.0,0.0,False,,0.0,0.0,0.0,False,0.0,-0.5394073385225919,4.761209030151367,SAFE,4.790823745727539,1.0008039474487305,19.99824333190918,19.971282958984375,,,0.005349670071154833,0.0016648570308461785,,20.005551925287495,0.0004826950007554842,0.0,0.26069255629845167,0.32292676220808864,0.24082036950083133,0.26773260775101954,0.405765873995404,0.2363241895872609,0.26069255629845167,0.32292676220808864,0.24082036950083133
17.939838409423828,17.939838409423828,,False,PERIODIC,True,True,1,FOLLOW,43.379487715680256,3.0623373002817105,-4.991734236104929,5.285992819840863,-3.516433970299144,-0.004680365361167073,50.02063221487473,-2.0180523962821155,0.015944137841138396,2.8338513561531022,-2.8229924709834457,-0.23428459845667424,9.74638406923409,8.361528552132851,5.007678373946067,2.5586279477027007,2.150311627868744,PREPARATION,False,FOLLOW,0,False,inf,0.07916474342346191,0.0,True,True,TRACKING,0,0.07916474342346191,-0.14482932688241307,-0.14482932688241307,3,0,0.07916474342346191,0.03711986541748047,inf,VISION,,,0,,0.0,0.0,False,,0.0,0.0,0.0,False,0.0,-0.5456905603795361,4.761734236104928,SAFE,4.791209030151367,0.9996493458747864,20.055500030517578,20.041391372680664,,,0.006586013827472925,0.003875348949804902,,20.00831949930353,0.0008477559986204142,0.0,0.25862933084925016,0.32047043753648174,0.2055072104062422,0.264584848092158,0.40482044752842683,0.2136463781738935,0.25862933084925016,0.32047043753648174,0.2055072104062422
17.989795207977295,17.989795207977295,,False,PERIODIC,True,True,1,FOLLOW,43.62255859375,2.900130033493042,-4.992282867431641,5.261450290679932,-3.5533788204193115,-0.004506653640419245,50.15436059706306,-2.151231529385571,0.0048548363741357375,2.8345962202411457,-2.822244532571223,-0.23545734283639214,9.651532328092221,8.257159986909057,4.997137703805777,2.5450965103336514,2.144638344569644,PREPARATION,False,FOLLOW,0,False,inf,0.08102035522460938,0.0,True,True,TRACKING,0,0.08102035522460938,-0.14262810526281644,-0.14262810526281644,3,0,0.08102035522460938,0.03476667404174805,inf,VISION,,,0,,0.0,0.0,False,,0.0,0.0,0.0,False,0.0,-0.5543555181638897,4.76228286743164,SAFE,4.791803169250488,0.9996493458747864,20.055500030517578,20.041391372680664,,,0.006586904171854258,0.003875348949804902,,20.03260246589833,0.0005205689994909335,0.0,0.263591064947715,0.34126506249969335,0.24025526406986636,0.26718918131619646,0.4188696666799068,0.26940833720067386,0.263591064947715,0.34126506249969335,0.24025526406986636
18.04202103614807,18.04202103614807,,False,PERIODIC,True,True,1,FOLLOW,43.91180951694433,2.70400497755177,-4.992944706624202,5.232484896926997,-3.596449281563752,-0.004342202683109707,50.30410268292083,-2.3002769362150786,-0.00758484995808934,2.83548429787152,-2.8213522992572293,-0.23531803011445152,9.52670259285456,8.118143223191115,4.985359856666113,2.529770154917357,2.1363773853250647,PREPARATION,False,FOLLOW,0,False,inf,0.07903742790222168,0.0,True,True,TRACKING,0,0.07903742790222168,-0.14062624660035877,-0.14062624660035877,3,0,0.07903742790222168,0.04359865188598633,inf,VISION,,,0,,0.0,0.0,False,,0.0,0.0,0.0,False,0.0,-0.5604703379283773,4.762944706624202,SAFE,4.7922828674316404,1.0004404783248901,19.962034225463867,19.971839904785156,,,2.933200084953569e-05,0.003875348949804902,,20.000385492627455,0.0006716570005664835,0.0,0.2678587656617042,0.3579172982035442,0.22074890475798398,0.2702629572175056,0.4310193537122905,0.2844637649076132,0.2678587656617042,0.3579172982035442,0.22074890475798398
18.090325117111206,18.090325117111206,,False,PERIODIC,True,True,1,FOLLOW,44.16674041748047,2.52846097946167,-4.993419647216797,5.207180023193359,-3.6338469982147217,-0.003981819376349449,50.43759804784661,-2.433065117364324,-0.01862855556075236,2.8363297132329572,-2.820502378756314,-0.23375507719550362,9.417480715957268,7.996273921634168,4.974791091656044,2.5169935264617,2.1285702485124682,PREPARATION,False,FOLLOW,0,False,inf,0.08429312705993652,0.0,True,True,TRACKING,0,0.08429312705993652,-0.13841986727107553,-0.13841986727107553,3,0,0.08429312705993652,0.039548635482788086,inf,VISION,,,0,,0.0,0.0,False,,0.0,0.0,0.0,False,0.0,-0.5706335810550849,4.7634196472167964,SAFE,4.793035793304443,1.0004404783248901,19.962034225463867,19.971839904785156,,,2.933200084953569e-05,0.003875348949804902,,19.89043805161415,0.0025383379997947486,0.0,0.29302951910928515,0.36633046311562983,0.23472291322142275,0.2929305176269121,0.4335138001173323,0.3365816005051054,0.29302951910928515,0.36633046311562983,0.23472291322142275
18.13971757888794,18.13971757888794,,False,PERIODIC,True,True,1,FOLLOW,44.428598389519856,2.345257193214011,-4.9938977294184985,5.181342037017116,-3.671990200032184,-0.0035647839459787335,50.587962710587355,-2.5825404639790692,-0.03094456840257933,2.8373363832709995,-2.819489714144502,-0.23055113224686885,9.31943467536067,7.88802627974051,4.962953161015919,2.5045243831010047,2.1208429472917625,PREPARATION,False,FOLLOW,0,False,inf,0.13117003440856934,0.0,True,True,TRACKING,0,0.07918095588684082,-0.13620461385906552,-0.13620461385906552,3,0,0.07918095588684082,0.0864255428314209,inf,VISION,,,0,,0.0,0.0,False,,0.0,0.0,0.0,False,0.0,-0.5757128015419277,4.763897729418498,SAFE,4.793419647216797,0.9983554482460022,19.814237594604492,19.806339263916016,,,0.0071524991653859615,0.004625649191439152,,19.957135562502458,0.0009390489994984819,0.0,0.296108729197525,0.3689175732394414,0.24218225621843006,0.29514508787042687,0.4322894748168801,0.38517036962402185,0.296108729197525,0.3689175732394414,0.24218225621843006
18.189812183380127,18.189812183380127,,False,PERIODIC,True,True,1,FOLLOW,44.66474533081055,2.177788257598877,-4.994342803955078,5.157965183258057,-3.705688953399658,-0.002956351963803172,50.721659566901124,-2.715349385794833,-0.04170542365451007,2.838285603627368,-2.818534144372175,-0.22628868545231556,9.228088809786332,7.7864630006539715,4.952637380300568,2.4935585692976256,2.1128052975597944,PREPARATION,False,FOLLOW,0,False,inf,0.08043718338012695,0.0,True,True,TRACKING,0,0.08043718338012695,-0.1337868063877085,-0.1337868063877085,3,0,0.08043718338012695,0.03431200981140137,inf,VISION,,,0,,0.0,0.0,False,,0.0,0.0,0.0,False,0.0,-0.5843657039744654,4.764342803955078,SAFE,4.793953704833984,0.9983554482460022,19.814237594604492,19.806339263916016,,,0.006874786224216223,0.004625649191439152,,20.001253909368657,0.0006288519998634001,0.0,0.2840743397036439,0.37729353797673915,0.26551166406795335,0.28114810911054555,0.4334145961123716,0.43442257754050834,0.2840743397036439,0.37729353797673915,0.26551166406795335
18.239779949188232,18.239779949188232,,False,PERIODIC,True,True,1,FOLLOW,44.944722086089605,1.9762124327543449,-4.9948587589351465,5.130356817695844,-3.7450145244058675,-0.0018903476052690843,50.87165512637486,-2.864245308386122,-0.05351293292659685,2.839405117557604,-2.8174063566315186,-0.22011540404392757,9.109086945462966,7.652356918478888,4.94134582600855,2.481237348692308,2.101933053015338,PREPARATION,False,FOLLOW,0,False,inf,0.0791618824005127,0.0,True,True,TRACKING,0,0.0791618824005127,-0.13206974924001574,-0.13206974924001574,3,0,0.0791618824005127,0.03776955604553223,inf,VISION,,,0,,0.0,0.0,False,,0.0,0.0,0.0,False,0.0,-0.590202580199974,4.764858758935146,SAFE,4.794342803955078,0.9995474815368652,20.03533363342285,20.031831741333008,,,0.0052447328343987465,0.004625649191439152,,20.00563227961974,0.0008093719989119563,0.0,0.2628208845144448,0.385086609494595,0.25306240522421464,0.2591848494407244,0.43572241876011725,0.4638096062405285,0.2628208845144448,0.385086609494595,0.25306240522421464
18.28976607322693,18.28976607322693,,False,PERIODIC,True,True,1,FOLLOW,45.198944091796875,1.7906153202056885,-4.995194911956787,5.105093479156494,-3.7799878120422363,-0.0005849034641869366,51.005029595832816,-2.9965342853700734,-0.06368444408549638,2.840454821444277,-2.816348035934643,-0.21328238549551984,8.997067617899988,7.525119947638075,4.93151046787129,2.4703097147855275,2.090758246413057,PREPARATION,False,FOLLOW,0,False,inf,0.0812373161315918,0.0,True,True,TRACKING,0,0.0812373161315918,-0.12928215138693808,-0.12928215138693808,3,0,0.0812373161315918,0.03728461265563965,inf,VISION,,,0,,0.0,0.0,False,,0.0,0.0,0.0,False,0.0,-0.5993588918171895,4.765194911956787,SAFE,4.794954109191894,0.9995474815368652,20.03533363342285,20.031831741333008,,,0.005525624845176935,0.004625649191439152,,19.981073939358076,0.0007509580009354977,0.0,0.28181882576292283,0.37440871792529645,0.28221786843965857,0.27672439725591735,0.4192118727974206,0.5088255120705084,0.28181882576292283,0.37440871792529645,0.28221786843965857
18.339707612991333,18.339707612991333,,False,PERIODIC,True,True,1,FOLLOW,45.45441599662128,1.6016200898797142,-4.9952792854029315,5.0792617094134505,-3.813722584664529,0.0015445731844413284,51.15556282492517,-3.1457281999468867,-0.07476477536944993,2.8416943398096324,-2.815097383589758,-0.20426530804588625,8.902351037015396,7.418921144128643,4.920514510033482,2.458926134097854,2.0792498726202755,PREPARATION,False,FOLLOW,0,False,inf,0.07914471626281738,0.0,True,True,TRACKING,0,0.07914471626281738,-0.126962279641941,-0.126962279641941,3,0,0.07914471626281738,0.04195857048034668,inf,VISION,,,0,,0.0,0.0,False,,0.0,0.0,0.0,False,0.0,-0.6049915282810137,4.765279285402931,SAFE,4.795194911956787,1.001249074935913,20.101106643676758,20.08317756652832,,,3.646400000434369e-05,0.004625649191439152,,19.9790902383423,0.0007320360000449,0.0,0.2873020008312706,0.3784010503630398,0.3098473303606117,0.2821503988135422,0.41747472702909694,0.5557499303661442,0.2873020008312706,0.3784010503630398,0.3098473303606117
18.389740467071533,18.389740467071533,,False,PERIODIC,True,True,1,FOLLOW,45.68777847290039,1.4268343448638916,-4.995287895202637,5.054280757904053,-3.842881441116333,0.003551236819475889,51.28933195164794,-3.278187770343434,-0.08415081822845583,2.842850760266414,-2.813929526314635,-0.19499803512137073,8.811010263794344,7.3153697432090725,4.911137076974181,2.4471588609679444,2.066027283697251,PREPARATION,False,FOLLOW,0,False,inf,0.08112835884094238,0.0,True,True,TRACKING,0,0.08112835884094238,-0.12499923925148652,-0.12499923925148652,3,0,0.08112835884094238,0.04154253005981445,inf,VISION,,,0,,0.0,0.0,False,,0.0,0.0,0.0,False,0.0,-0.6130835927635832,4.765287895202636,SAFE,4.795011153773286,1.001249074935913,20.101106643676758,20.08317756652832,,,0.007940040901303291,0.004625649191439152,,19.995291965152916,0.0007000069999776315,0.0,0.2607384259888668,0.3652424327285079,0.322896256485363,0.25398125786227144,0.3974870079783016,0.585740642558364,0.2607384259888668,0.3652424327285079,0.322896256485363
18.440005779266357,18.440005779266357,,False,PERIODIC,True,True,1,FOLLOW,45.958296396301435,1.2214797870190857,-4.995188022062202,5.022297245280388,-3.8733317923549277,0.0052927691293602275,51.43979029931683,-3.4270479040631026,-0.09418269187533417,2.844206611882265,-2.8125591102988756,-0.18338413438495102,8.69916308331284,7.187182000168973,4.901005330186868,2.4300033876957405,2.0455908290315574,PREPARATION,False,FOLLOW,0,False,inf,0.07908868789672852,0.0,True,True,TRACKING,0,0.07908868789672852,-0.1226317420961671,-0.1226317420961671,3,0,0.07908868789672852,0.04015207290649414,inf,VISION,,,0,,0.0,0.0,False,,0.0,0.0,0.0,False,0.0,-0.6189196696957273,4.765188022062201,SAFE,4.794752687423125,1.000779628753662,20.055158615112305,19.99715232849121,,,4.007099778391421e-05,0.004479722119867802,,19.997645203658266,0.0008373000000574393,0.0,0.248003048014901,0.35865156662253017,0.349717150844332,0.24117312883775052,0.38553269951486463,0.6265278946493428,0.248003048014901,0.35865156662253017,0.349717150844332
18.489794731140137,18.489794731140137,,False,PERIODIC,True,True,1,FOLLOW,46.21171569824219,1.0264952182769775,-4.9950480461120605,4.988693714141846,-3.898256301879883,0.00625188322737813,51.574190719064624,-3.559889955837903,-0.1025631132936724,2.8454731783963365,-2.811277681391517,-0.1718826770801122,8.586470528228716,7.056278574027912,4.892484932818388,2.4096988832250394,2.0205962172602177,PREPARATION,False,FOLLOW,0,False,inf,0.08109140396118164,0.0,True,True,TRACKING,0,0.08109140396118164,-0.12004532872248988,-0.12004532872248988,3,0,0.08109140396118164,0.0437777042388916,inf,VISION,,,0,,0.0,0.0,False,,0.0,0.0,0.0,False,0.0,-0.6283427482421571,4.76504804611206,SAFE,4.794326593955656,1.000779628753662,20.055158615112305,19.99715232849121,,,0.008515637367963791,0.004479722119867802,,19.962864738761336,0.0007515670004067943,0.0,0.2779440511400499,0.3592623827273557,0.365720271605107,0.27083810131222996,0.3774037285897081,0.6550836806714521,0.2779440511400499,0.3592623827273557,0.365720271605107
18.540050268173218,18.540050268173218,,False,PERIODIC,True,True,1,FOLLOW,46.4577290505781,0.8345723272581989,-4.994755042215326,4.951738641737801,-3.91816493470733,0.006687271229811552,51.724632946354994,-3.708450471805202,-0.11130216410058866,2.846946846248683,-2.809785339600639,-0.15795548800402692,8.498673120724598,6.955525343218847,4.8834528781147375,2.3844833963303897,1.9915055908216217,PREPARATION,False,FOLLOW,0,False,inf,0.07906913757324219,0.0,True,True,TRACKING,0,0.07906913757324219,-0.11682276800492439,-0.11682276800492439,3,0,0.07906913757324219,0.03882956504821777,inf,VISION,,,0,,0.0,0.0,False,,0.0,0.0,0.0,False,0.0,-0.6340723669008885,4.7647550422153255,SAFE,4.794102446419176,0.9997438192367554,19.97770881652832,19.943374633789062,,,1.4619001376559027e-05,0.004479722119867802,,19.99542240737112,0.0007662040006835014,0.0,0.24810877051149896,0.35604576066284727,0.4038221501219273,0.24130604446476894,0.36847974888115387,0.6962751631547761,0.24810877051149896,0.35604576066284727,0.4038221501219273
18.58979344367981,18.58979344367981,,False,PERIODIC,True,True,1,FOLLOW,46.688480377197266,0.6523093581199646,-4.994452953338623,4.9132819175720215,-3.933040142059326,0.007024652790278196,51.85873351120085,-3.8407325663895793,-0.11840963896459114,2.8483159564268767,-2.808397403641672,-0.14457753544000918,8.408016508590242,6.849740375012352,4.876043314374032,2.3562446675249715,1.958688178783464,PREPARATION,False,FOLLOW,0,False,inf,0.08110809326171875,0.0,True,True,TRACKING,0,0.08110809326171875,-0.11444554158498757,-0.11444554158498757,3,0,0.08110809326171875,0.043419837951660156,inf,VISION,,,0,,0.0,0.0,False,,0.0,0.0,0.0,False,0.0,-0.6421377214159945,4.764452953338623,SAFE,4.793687096000475,0.9997438192367554,19.97770881652832,19.943374633789062,,,0.0051786708645522594,0.004479722119867802,,20.00838480521447,0.0007849459998396924,0.0,0.24810877051149896,0.3725494292864846,0.43489321319777896,0.33316580959908904,0.3754390641490678,0.7263997112231798,0.24810877051149896,0.3725494292864846,0.43489321319777896
18.639731407165527,18.639731407165527,,False,PERIODIC,True,True,1,FOLLOW,46.95739577357166,0.43705711529788743,-4.994355184242022,4.862926183444808,-3.944658170701222,0.006702608387298819,52.00940344054594,-3.98921121085018,-0.12565933889955,2.849910389725822,-2.806779430331642,-0.12866855301513316,8.295711663063244,6.7167427196691465,4.868695845342472,2.316317328192876,1.9124831607689412,PREPARATION,False,FOLLOW,0,False,inf,0.07918667793273926,0.0,True,True,TRACKING,0,0.07918667793273926,-0.11124439509742248,-0.11124439509742248,3,0,0.07918667793273926,0.034801483154296875,inf,VISION,,,0,,0.0,0.0,False,,0.0,0.0,0.0,False,0.0,-0.6477053427882469,4.764355184242022,SAFE,4.793389386270716,0.9428727626800537,19.960718154907227,19.95063018798828,,,4.2498999391682446e-05,0.0025844050105661154,,19.989428840322915,0.0019160720003128517,0.0,0.23607091382907677,0.3672651768536264,0.4347301887295552,0.2305437863041158,0.36536536491377325,0.7385140989425264,0.23607091382907677,0.3672651768536264,0.4347301887295552
18.689751863479614,18.689751863479614,,False,PERIODIC,True,True,1,FOLLOW,47.196197509765625,0.24365553259849548,-4.994498252868652,4.813486099243164,-3.950012683868408,0.006375145632773638,52.1435774307187,-4.121281113976435,-0.13134397470623044,2.851386340904376,-2.8052799596550866,-0.11371638818415278,8.196310727642768,6.597669286260297,4.863154278162422,2.2747901986892076,1.865224846912816,PREPARATION,False,FOLLOW,0,False,inf,0.08114910125732422,0.0,True,True,TRACKING,0,0.08114910125732422,-0.1088565040063594,-0.1088565040063594,3,0,0.08114910125732422,0.0419001579284668,inf,VISION,,,0,,0.0,0.0,False,,0.0,0.0,0.0,False,0.0,-0.6564018960303164,4.764498252868652,SAFE,4.793362012746317,0.9428727626800537,19.960718154907227,19.95063018798828,,,2.262700036226306e-05,0.0025844050105661154,,19.985869510152718,0.0009623690002626972,0.0,0.24962857318561885,0.35286478614367783,0.47046098014171694,0.24455494078559273,0.34324161700006917,0.7652146844167043,0.24962857318561885,0.35286478614367783,0.47046098014171694
18.739693880081177,18.739693880081177,,False,PERIODIC,True,True,1,FOLLOW,47.43722512204973,0.046157919827349715,-4.994638859544631,4.7589310999195344,-3.9500950094716756,0.005439376101344553,52.2949843583712,-4.270153484332474,-0.1369408392110265,2.8531087383239324,-2.8035282283757406,-0.09615540327857665,8.113297664482657,6.498335858952406,4.857698020333604,2.2264536277829334,1.8118997748262307,PREPARATION,False,FOLLOW,0,False,inf,0.07904624938964844,0.0,True,True,TRACKING,0,0.07904624938964844,-0.10619936689433107,-0.10619936689433107,3,0,0.07904624938964844,0.041333675384521484,inf,VISION,,,0,,0.0,0.0,False,,0.0,0.0,0.0,False,0.0,-0.6615427939726994,4.764638859544631,SAFE,4.793533852527369,0.9985159635543823,20.0706787109375,20.08702278137207,,,4.7198998800013214e-05,0.0025844050105661154,,20.012494911605707,0.0006089810012781527,0.0,0.24432826287704829,0.32580985910267457,0.48273550399853427,0.2414466532503134,0.31265697250969265,0.7777466239472919,0.24432826287704829,0.32580985910267457,0.48273550399853427
18.789745569229126,18.789745569229126,,False,PERIODIC,True,True,1,FOLLOW,47.65536117553711,-0.13424523174762726,-4.994816780090332,4.705946922302246,-3.9458529949188232,0.005176049191504717,52.42952956707064,-4.40228172796866,-0.14107158775463827,2.854696085548096,-2.801911838818798,-0.07996323758427235,8.035400534877798,6.403812877012612,4.853745192335694,2.1778383152463574,1.7589428399884504,PREPARATION,False,FOLLOW,0,False,inf,0.08116269111633301,0.0,True,True,TRACKING,0,0.08116269111633301,-0.10340624851429692,-0.10340624851429692,3,0,0.08116269111633301,0.03940582275390625,inf,VISION,,,0,,0.0,0.0,False,,0.0,0.0,0.0,False,0.0,-0.6685203005224771,4.764816780090332,SAFE,4.793847988907363,0.9985159635543823,20.0706787109375,20.08702278137207,,,0.007635090034455061,0.0025844050105661154,,19.997454515524847,0.0007610569991811644,0.0,0.2643059247404839,0.33615545693705373,0.4891860808901868,0.26205754176245066,0.3175586883817575,0.779543771254402,0.2643059247404839,0.33615545693705373,0.4891860808901868
18.839847564697266,18.839847564697266,,False,PERIODIC,True,True,1,FOLLOW,47.916094839138665,-0.3519607183450881,-4.995174139166189,4.637596533563125,-3.9347933637863695,0.004794463393478245,52.580082962257855,-4.5499597983571745,-0.14482272204722918,2.8565293523429367,-2.8000428673867193,-0.061369289268170646,7.931071198641901,6.275028405384248,4.85035141711896,2.112874022573317,1.6884825310097813,PREPARATION,False,FOLLOW,0,False,inf,0.07910656929016113,0.0,True,True,TRACKING,0,0.07910656929016113,-0.1003642838179159,-0.1003642838179159,3,0,0.07910656929016113,0.04307293891906738,inf,VISION,,,0,,0.0,0.0,False,,0.0,0.0,0.0,False,0.0,-0.6732461582922742,4.765174139166189,SAFE,4.794035014414559,0.999780535697937,19.934711456298828,19.923572540283203,,,2.6968000383931212e-05,0.0019900209736078978,,19.996686781679138,0.0007656790003238712,0.0,0.2603902753273585,0.3319137783983509,0.49965284735035714,0.2606070442717008,0.3126030086288823,0.7832994467085224,0.2603902753273585,0.3319137783983509,0.49965284735035714
18.889747381210327,18.889747381210327,,False,PERIODIC,True,True,1,FOLLOW,48.14081573486328,-0.5412766933441162,-4.995631217956543,4.5748724937438965,-3.920482635498047,0.004861108958721161,52.71481330399383,-4.6819414889402164,-0.1472925318192625,2.858227008042224,-2.798309850119658,-0.044359530363158484,7.846843105822648,6.169810265470167,4.84833868613728,2.0514790165046963,1.6232148118241285,PREPARATION,False,FOLLOW,0,False,inf,0.08110570907592773,0.0,True,True,TRACKING,0,0.08110570907592773,-0.09801558405532709,-0.09801558405532709,3,0,0.08110570907592773,0.038658857345581055,inf,VISION,,,0,,0.0,0.0,False,,0.0,0.0,0.0,False,0.0,-0.6805682379356663,4.7656312179565425,SAFE,4.794522779035698,0.999780535697937,19.934711456298828,19.923572540283203,,,0.007271940819919109,0.0019900209736078978,,19.992186939464837,0.0007804469987604534,0.0,0.2594753930707878,0.3019199952307294,0.5060666906373609,0.2604138075167483,0.27771941713949655,0.7792567382335668,0.2594753930707878,0.3019199952307294,0.5060666906373609
18.939651012420654,18.939651012420654,,False,PERIODIC,True,True,1,FOLLOW,48.15117135670583,-0.5500572039512962,-4.995653392447874,4.571859921107975,-3.9196757527953023,0.004836173548982379,52.72289937403695,-4.689862594021023,-0.1474407616430165,2.858328895729264,-2.798205840148134,-0.04333866082367479,7.844988938526073,6.167551031981874,4.848212630804857,2.048463852396497,1.6201459207344875,PREPARATION,False,FOLLOW,0,False,inf,0.07910633087158203,0.0,True,True,TRACKING,0,0.07910633087158203,-0.09448890100888291,-0.09448890100888291,3,0,0.07910633087158203,0.043691158294677734,inf,VISION,,,0,,0.0,0.0,False,,0.0,0.0,0.0,False,0.0,-0.6848004591007086,4.765653392447874,SAFE,4.794897325536673,0.9974614381790161,20.046274185180664,20.06962013244629,,,0.0060849180445075035,0.0019900209736078978,,19.994925732637494,0.0005153710008016787,0.0,0.2594753930707878,0.3019199952307294,0.5060666906373609,0.2604138075167483,0.27771941713949655,0.7792567382335668,0.2594753930707878,0.3019199952307294,0.5060666906373609
18.98975920677185,18.98975920677185,,False,PERIODIC,True,True,1,FOLLOW,48.576683044433594,-0.9137206077575684,-4.996730327606201,4.442507743835449,-3.8804094791412354,0.004884627647697926,53.000692491154,-4.961442507575916,-0.14983731592037422,2.8620000057180577,-2.7944506862286005,-0.007628777163344411,7.710271333077023,5.996324888041044,4.846893011685827,1.9176724943152272,1.4848363944905387,PREPARATION,False,FOLLOW,0,False,inf,0.08111166954040527,0.0,True,True,TRACKING,0,0.08111166954040527,-0.09202868398355868,-0.09202868398355868,3,0,0.08111166954040527,0.03383803367614746,inf,VISION,,,0,,0.0,0.0,False,,0.0,0.0,0.0,False,0.0,-0.6906307568976189,4.766730327606201,SAFE,4.795573678674649,0.9974614381790161,20.046274185180664,20.06962013244629,,,3.5209999623475596e-05,0.0019900209736078978,,19.99693766860827,0.0007127120006771293,0.0,0.26944128369961307,0.3129947810626338,0.5167409893659055,0.2726129045208311,0.2903725250434412,0.7605958455062035,0.26944128369961307,0.3129947810626338,0.5167409893659055
19.039847135543823,19.039847135543823,,False,PERIODIC,True,True,1,FOLLOW,48.72648122011038,-1.0433038194722064,-4.997129639792129,4.394026254566481,-3.862861304677741,0.005012172049887917,53.15213646204023,-5.109219924550575,-0.14980751587941524,2.864085775317579,-2.7923131399654126,0.011932696330952957,7.721051085631443,6.00983344976854,4.847322123912713,1.8673079919149973,1.4363591164648872,PREPARATION,False,FOLLOW,0,False,inf,0.07910013198852539,0.0,True,True,TRACKING,0,0.07910013198852539,-0.08898199635612308,-0.08898199635612308,3,0,0.07910013198852539,0.03953146934509277,inf,VISION,,,0,,0.0,0.0,False,,0.0,0.0,0.0,False,0.0,-0.6945805658898161,4.767129639792128,SAFE,4.7959928615415945,0.9992617964744568,20.480270385742188,20.525060653686523,,,0.005716899875551462,0.002359366975724697,,20.107170926824296,0.0007058880000840873,0.0,0.28338966846820474,0.27029529428944643,0.5200947037514533,0.2878005050432856,0.2515724793169813,0.745769011874812,0.28338966846820474,0.27029529428944643,0.5200947037514533
19.08972692489624,19.08972692489624,,False,PERIODIC,True,True,1,FOLLOW,48.93019104003906,-1.220765471458435,-4.997773170471191,4.326345443725586,-3.836402654647827,0.005505953915417194,53.288183957433446,-5.241761855233921,-0.1488033256174787,2.866021630954003,-2.7903260760910125,0.029431696517014765,7.659831769869086,5.9296301896825865,4.848969844853713,1.7964950006921538,1.3648257667254096,PREPARATION,False,FOLLOW,0,False,inf,0.08129143714904785,0.0,True,True,TRACKING,0,0.08129143714904785,-0.086086274587064,-0.086086274587064,3,0,0.08129143714904785,0.034284114837646484,inf,VISION,,,0,,0.0,0.0,False,,0.0,0.0,0.0,False,0.0,-0.6984186662656624,4.767773170471191,SAFE,4.796446250479572,0.9992617964744568,20.480270385742188,20.525060653686523,,,0.005412273108959198,0.002359366975724697,,20.01937734064991,0.0011855989996547578,0.0,0.2610899497172454,0.27029529428944643,0.518524977638578,0.26620333995721784,0.3422317904799464,0.7257341991701838,0.2610899497172454,0.27029529428944643,0.518524977638578
19.13965392112732,19.13965392112732,,False,PERIODIC,True,True,1,FOLLOW,49.16609619590803,-1.4284618068720103,-4.998502526679897,4.244235654645343,-3.8016707287806013,0.005853636253643015,53.438700513690556,-5.388192913468112,-0.1467756048095347,2.8682224844259774,-2.7880638048354047,0.04859125418337894,7.581152433323071,5.825342744669935,4.8517269218703625,1.7095723865555095,1.277565582899131,PREPARATION,False,FOLLOW,0,False,inf,0.05866289138793945,0.0,True,True,TRACKING,0,0.05866289138793945,-0.08373080226376806,-0.08373080226376806,3,0,0.05866289138793945,0.016777515411376953,inf,VISION,,,0,,0.0,0.0,False,,0.0,0.0,0.0,False,0.0,-0.7021318094138231,4.768502526679897,SAFE,4.796941214278175,1.0000535249710083,19.60859489440918,19.611536026000977,,,0.0052674091421067715,0.002359366975724697,,19.99467489619008,0.0007696960001339903,0.0,0.29289463023955237,0.25119962074052005,0.512125787687659,0.2982249478851755,0.24536627222631185,0.7004584884595961,0.29289463023955237,0.25119962074052005,0.512125787687659
19.1897292137146,19.1897292137146,,False,PERIODIC,True,True,1,FOLLOW,49.37516403198242,-1.614383339881897,-4.999117374420166,4.168811798095703,-3.767503261566162,0.007529722061008215,53.576208022003264,-5.521754552621368,-0.14401634613192257,2.870292717215598,-2.7859324022656495,0.06578594168526034,7.515871632427001,5.737274649189749,4.855101028288243,1.628811512226804,1.1984847677398272,PREPARATION,False,FOLLOW,0,False,inf,0.06061983108520508,0.0,True,True,TRACKING,0,0.06061983108520508,-0.08064122966035762,-0.08064122966035762,3,0,0.06061983108520508,0.019671201705932617,inf,VISION,,,0,,0.0,0.0,False,,0.0,0.0,0.0,False,0.0,-0.7078965667760206,4.769117374420166,SAFE,4.797715838426295,1.0000535249710083,19.60859489440918,19.611536026000977,,,3.402999936952256e-05,0.002359366975724697,,20.006315317506882,0.0006223430009413278,0.0,0.30223305747986284,0.2657455648861905,0.5054883150047574,0.3068918768726963,0.26538437097586837,0.6751749975855921,0.30223305747986284,0.2657455648861905,0.5054883150047574
19.23973274230957,19.23973274230957,,False,PERIODIC,True,True,1,FOLLOW,49.58188358082372,-1.8000469707384634,-4.999581962598134,4.092534834738704,-3.730857968615145,0.010372534965721793,53.72557532964241,-5.666616444634215,-0.1401341976174484,2.8726012867878006,-2.783552019838154,0.08403990324635754,7.465572542428768,5.667498637467022,4.859447764980685,1.5463031084343548,1.1197895493048384,PREPARATION,False,FOLLOW,0,False,inf,0.058691978454589844,0.0,True,True,TRACKING,0,0.058691978454589844,-0.07742870806729302,-0.07742870806729302,3,0,0.058691978454589844,0.026653528213500977,inf,VISION,,,0,,0.0,0.0,False,,0.0,0.0,0.0,False,0.0,-0.7113072826089759,4.769581962598133,SAFE,4.797976576768152,0.998592734336853,19.766687393188477,19.756553649902344,,,3.3399999665562063e-05,0.0022938319016247988,,20.002539103728513,0.0009486670005571796,0.0,0.3011217454787372,0.2573630987812526,0.4988790099307908,0.3073597439822393,0.26971211641237697,0.6481057983195407,0.3011217454787372,0.2573630987812526,0.4988790099307908
19.289761543273926,19.289761543273926,,False,PERIODIC,True,True,1,FOLLOW,49.77098846435547,-1.9713451862335205,-4.999899387359619,4.022098064422607,-3.695638656616211,0.01362597569823265,53.86876219818574,-5.805251296698841,-0.13552080873838798,2.874876565105829,-2.781202024706981,0.10099235000583028,7.42649073208078,5.6116473194181244,4.864378578621231,1.469674931960054,1.047861699228399,PREPARATION,False,FOLLOW,0,False,inf,0.060712337493896484,0.0,True,True,TRACKING,0,0.060712337493896484,-0.07413133948245629,-0.07413133948245629,3,0,0.060712337493896484,0.027568817138671875,inf,VISION,,,0,,0.0,0.0,False,,0.0,0.0,0.0,False,0.0,-0.7158345152063736,4.769899387359619,SAFE,4.797987211238358,0.998592734336853,19.766687393188477,19.756553649902344,,,2.6532999982009642e-05,0.0022938319016247988,,20.017008929210593,0.0009684800006652949,0.0,0.3256183321405376,0.28233696082473764,0.4749921253428037,0.3307098297166744,0.29904277025865095,0.6077126459767433,0.3256183321405376,0.28233696082473764,0.4749921253428037
19.339665174484253,19.339665174484253,,False,PERIODIC,True,True,1,FOLLOW,49.98920742162356,-2.1708586039129756,-4.99990726276848,3.9411681742062603,-3.6544091973224275,0.016975393948792977,54.01317463953746,-5.944840744191911,-0.1300349575125482,2.8772319434108447,-2.778765255255696,0.11745219049899557,7.358730164606447,5.516815509511814,4.869872305255932,1.3815962518486766,0.9643783350783842,PREPARATION,False,FOLLOW,0,False,inf,0.05846095085144043,0.0,True,True,TRACKING,0,0.05846095085144043,-0.07073476602038102,-0.07073476602038102,3,0,0.05846095085144043,0.02479243278503418,inf,VISION,,,0,,0.0,0.0,False,,0.0,0.0,0.0,False,0.0,-0.7188023152629128,4.76990726276848,SAFE,4.7978183575621385,0.9986852407455444,19.780086517333984,19.775659561157227,,,0.0076634930446743965,0.0022938319016247988,,20.007149088727182,0.0005884820002393099,0.0,0.315593315182677,0.27890976431693515,0.4620145512610386,0.32280113453348974,0.30819145072762405,0.5757395129710108,0.315593315182677,0.27890976431693515,0.4620145512610386
19.389782667160034,19.389782667160034,,False,PERIODIC,True,True,1,FOLLOW,50.18396759033203,-2.350468635559082,-4.999704360961914,3.8706231117248535,-3.6180763244628906,0.019309869036078453,54.148988277259505,-6.075892996009778,-0.1241198856990214,2.879504830276728,-2.776409780673834,0.1322328708382677,7.305580037794867,5.440604351834665,4.875584475262893,1.305170342557062,0.8917572412527456,PREPARATION,False,FOLLOW,0,False,inf,0.060729265213012695,0.0,True,True,TRACKING,0,0.060729265213012695,-0.06747591720262562,-0.06747591720262562,3,0,0.060729265213012695,0.028994083404541016,inf,VISION,,,0,,0.0,0.0,False,,0.0,0.0,0.0,False,0.0,-0.7234778213394284,4.769704360961914,SAFE,4.797184822700541,0.9986852407455444,19.780086517333984,19.775659561157227,,,3.3680000342428684e-05,0.0022938319016247988,,20.00517025102427,0.0006998870012466796,0.0,0.3440884788412177,0.28640571762256234,0.4370771889291012,0.3499960120586917,0.320748092840992,0.5302309117864147,0.3440884788412177,0.28640571762256234,0.4370771889291012
19.43964147567749,19.43964147567749,,False,PERIODIC,True,True,1,FOLLOW,50.37576524748648,-2.528785497945112,-4.999297303643277,3.8035451705068968,-3.5832132773036744,0.02037473351032608,54.301209978498015,-6.222534092631077,-0.11673342722761687,2.8821135570537537,-2.773701758345147,0.14796623728115837,7.272710981762572,5.390073748750641,4.88256387641566,1.233136127697144,0.8228275886817863,PREPARATION,False,FOLLOW,0,False,inf,0.05866646766662598,0.0,True,True,TRACKING,0,0.05866646766662598,-0.06391214663280095,-0.06391214663280095,3,0,0.05866646766662598,0.021317481994628906,inf,VISION,,,0,,0.0,0.0,False,,0.0,0.0,0.0,False,0.0,-0.7261277125100167,4.769297303643277,SAFE,4.796733306398064,1.0008792877197266,19.69805908203125,19.69234848022461,,,1.8946000636788085e-05,0.003714723978191614,,20.04019416601682,0.0007686839999223594,0.0,0.31433630614853497,0.30361366716330357,0.41160254548709874,0.323217460207292,0.34520162549017624,0.4893321121052151,0.31433630614853497,0.30361366716330357,0.41160254548709874
19.489768505096436,19.489768505096436,,False,PERIODIC,True,True,1,FOLLOW,50.55214309692383,-2.6937408447265625,-4.998741626739502,3.7443645000457764,-3.55228328704834,0.02078363671898842,54.43804377957455,-6.35410074311149,-0.10937683295538551,2.884520367194991,-2.771198583713224,0.16118743097708968,7.239084665054378,5.33839476819857,4.889364793784116,1.1701019066833864,0.7616756696058262,PREPARATION,False,FOLLOW,0,False,inf,0.060651302337646484,0.0,True,True,TRACKING,0,0.060651302337646484,-0.06030535361684634,-0.06030535361684634,3,0,0.060651302337646484,0.026874542236328125,inf,VISION,,,0,,0.0,0.0,False,,0.0,0.0,0.0,False,0.0,-0.7298681861162457,4.7687416267395015,SAFE,4.796074428609568,1.0008792877197266,19.69805908203125,19.69234848022461,,,0.005022843834012747,0.003714723978191614,,20.011761199142093,0.0005939899983786745,0.0,0.3432990998903454,0.30418893691384213,0.4004950400840927,0.35067643761749373,0.3496640440853112,0.4531358636343926,0.3432990998903454,0.30418893691384213,0.4004950400840927
19.539621353149414,19.539621353149414,,False,PERIODIC,True,True,1,FOLLOW,50.75744742933485,-2.8868475800775597,-4.998059288335729,3.678869483255457,-3.5176966470676,0.02027868423148438,54.58962641587068,-6.499591806468499,-0.10056339655677231,2.887248654674818,-2.7683560475629676,0.17482478515585764,7.191869203493595,5.266641874113698,4.897495891778957,1.1009356782390085,0.6929936562615572,PREPARATION,False,FOLLOW,0,False,inf,0.058624267578125,0.0,True,True,TRACKING,0,0.058624267578125,-0.056497534633052474,-0.056497534633052474,3,0,0.058624267578125,0.02440643310546875,inf,VISION,,,0,,0.0,0.0,False,,0.0,0.0,0.0,False,0.0,-0.7324225492918792,4.768059288335729,SAFE,4.7955376893206,0.9997767806053162,19.647676467895508,19.629247665405273,,,0.004745027050375938,0.003714723978191614,,20.00120872975955,0.000671276000502985,0.0,0.4445601275658885,0.3291434028966348,0.38012372833878283,0.4146117631510383,0.3779637646208909,0.41614098455611065,0.4445601275658885,0.3291434028966348,0.38012372833878283
19.589669942855835,19.589669942855835,,False,PERIODIC,True,True,1,FOLLOW,50.93881607055664,-3.0583481788635254,-4.9975996017456055,3.6237401962280273,-3.488227367401123,0.019303804263472557,54.7265607940197,-6.630761448164021,-0.09199033737955262,2.8897755131266374,-2.765718126140408,0.18606446525066808,7.153610900197922,5.206644471902847,4.905609264366053,1.0433277901983367,0.6350792454620712,PREPARATION,False,FOLLOW,0,False,inf,0.0606992244720459,0.0,True,True,TRACKING,0,0.0606992244720459,-0.05235418752947704,-0.05235418752947704,3,0,0.0606992244720459,0.02068614959716797,inf,VISION,,,0,,0.0,0.0,False,,0.0,0.0,0.0,False,0.0,-0.7365334411128766,4.767599601745605,SAFE,4.794840857076988,0.9997767806053162,19.647676467895508,19.629247665405273,,,0.006659241858869791,0.003714723978191614,,20.011107938801374,0.0010048510011984035,0.0,0.2995242919514809,0.3226517915450944,0.39348179446700415,0.30286112160148004,0.3743146579526541,0.39999106102401716,0.2995242919514809,0.3226517915450944,0.39348179446700415
19.639679431915283,19.639679431915283,,False,PERIODIC,True,True,1,FOLLOW,51.12052424353056,-3.2309738418893277,-4.9972794131027145,3.5712552054995634,-3.4597747709720514,0.017570548035252695,54.878709471993304,-6.776234463213756,-0.08190843975827551,2.8926462224585183,-2.7627156624771323,0.19738984085038327,7.131178085712507,5.166510339150521,4.915370973344439,0.9893111394643581,0.5802289442173277,PREPARATION,False,FOLLOW,0,False,inf,0.0586543083190918,0.0,True,True,TRACKING,0,0.0586543083190918,-0.04827063558208253,-0.04827063558208253,3,0,0.0586543083190918,0.02302074432373047,inf,VISION,,,0,,0.0,0.0,False,,0.0,0.0,0.0,False,0.0,-0.738957693154215,4.767279413102714,SAFE,4.794629503734276,0.9975965619087219,19.672887802124023,19.675613403320312,,,1.5157000234466977e-05,0.003714723978191614,,20.005617213133274,0.0008724119998078095,0.0,0.23991694617463738,0.35801953414354476,0.37856248531871795,0.2683365761698903,0.40889108433244026,0.3704808888850046,0.23991694617463738,0.35801953414354476,0.37856248531871795
19.689698219299316,19.689698219299316,,False,PERIODIC,True,True,1,FOLLOW,51.28569793701172,-3.3885231018066406,-4.997074604034424,3.525510311126709,-3.4343574047088623,0.016017816960811615,55.01737412653717,-6.908537050448384,-0.07221860303740806,2.89532635313252,-2.7599066399319874,0.20648056237243392,7.111266554746766,5.1299030577686,4.924856000997016,0.9424922877196746,0.5326360567259879,PREPARATION,False,FOLLOW,0,False,inf,0.06066393852233887,0.0,True,True,TRACKING,0,0.06066393852233887,-0.044213913688587465,-0.044213913688587465,3,0,0.06066393852233887,0.01897597312927246,inf,VISION,,,0,,0.0,0.0,False,,0.0,0.0,0.0,False,0.0,-0.7423935360654776,4.767074604034423,SAFE,4.794591032195959,0.9975965619087219,19.672887802124023,19.675613403320312,,,0.007470012176781893,0.003714723978191614,,19.99520165999882,0.0005539539997698739,0.0,0.21977374952525913,0.3795812121796158,0.36531191619758335,0.25655180607183503,0.42670203307895394,0.335640970685035,0.21977374952525913,0.3795812121796158,0.36531191619758335
19.73981738090515,19.73981738090515,,False,PERIODIC,True,True,1,FOLLOW,51.47938910962752,-3.5742422571119916,-4.997035286788814,3.474184335234762,-3.404677116850658,0.014123475034548241,55.16794764649282,-7.0519193862051734,-0.06126490015950048,2.8983004661834437,-2.756783344356395,0.21507071185082222,7.075417415504655,5.0694873798146185,4.935770386629314,0.8898249058407274,0.4784901153599619,PREPARATION,False,FOLLOW,0,False,inf,0.058684587478637695,0.0,True,True,TRACKING,0,0.058684587478637695,-0.039952997247957284,-0.039952997247957284,3,0,0.058684587478637695,0.024671554565429688,inf,VISION,,,0,,0.0,0.0,False,,0.0,0.0,0.0,False,0.0,-0.7447152588504875,4.767035286788814,SAFE,4.794620617398264,0.9970924854278564,19.615232467651367,19.59791374206543,,,3.2137999369297177e-05,0.004621280822902918,,19.998558549877085,0.0008196210001187865,0.0,0.19643070366921156,0.3843450739620609,0.3261916323466228,0.23443059899331126,0.43579816496268853,0.29572573533170843,0.19643070366921156,0.3843450739620609,0.3261916323466228
19.78977942466736,19.78977942466736,,False,PERIODIC,True,True,1,FOLLOW,51.6514778137207,-3.740108013153076,-4.997425079345703,3.4302239418029785,-3.3785324096679688,0.012557645328342915,55.305514405684114,-7.18262998928903,-0.05089267473441887,2.9010812665584704,-2.753856670173227,0.22160394812277873,7.0477743863900795,5.020253078440027,4.946532404611284,0.8449331967618744,0.43274829482840443,PREPARATION,False,FOLLOW,0,False,inf,0.06062006950378418,0.0,True,True,TRACKING,0,0.06062006950378418,-0.03565513905351686,-0.03565513905351686,3,0,0.06062006950378418,0.024025678634643555,inf,VISION,,,0,,0.0,0.0,False,,0.0,0.0,0.0,False,0.0,-0.7483482049490622,4.767425079345703,SAFE,4.794942490170046,0.9970924854278564,19.615232467651367,19.59791374206543,,,2.1341998944990337e-05,0.004621280822902918,,19.992131770023107,0.0006446679999498883,0.0,0.1843543958735575,0.41705557319717745,0.34043189106691274,0.21502291604364393,0.46282508884608425,0.30818326135170077,0.1843543958735575,0.41705557319717745,0.34043189106691274
19.839717388153076,19.839717388153076,,False,PERIODIC,True,True,1,FOLLOW,51.82365372406128,-3.9071030436654155,-4.99796862536658,3.3875232240029134,-3.352408637609765,0.010842256000157502,55.458406779880406,-7.327605127686294,-0.03906566103724263,2.9042368718196827,-2.7505287114231374,0.2274883735484474,7.035764556408346,4.991118540325169,4.958902964329337,0.8017235708158651,0.38958538063473336,PREPARATION,False,FOLLOW,0,False,inf,0.058744192123413086,0.0,True,True,TRACKING,0,0.058744192123413086,-0.030747719854862497,-0.030747719854862497,3,0,0.058744192123413086,0.01990652084350586,inf,VISION,,,0,,0.0,0.0,False,,0.0,0.0,0.0,False,0.0,-0.7503509903931027,4.76796862536658,SAFE,4.795509893655213,1.0003671646118164,19.589475631713867,19.578664779663086,,,0.007903333753347397,0.004621280822902918,,20.006722148998932,0.0007915249989309814,0.0,0.1831212691139234,0.4118391431688718,0.3317545182808093,0.20997937177242126,0.4632355530140625,0.3160675712797154,0.1831212691139234,0.4118391431688718,0.3317545182808093
19.891473293304443,19.891473293304443,,False,PERIODIC,True,True,1,FOLLOW,51.98027801513672,-4.059895038604736,-4.99860954284668,3.349700927734375,-3.328444242477417,0.009718542918562889,55.596867756142885,-7.458592215360319,-0.02812218189823735,2.907160147122593,-2.747438625676051,0.23140893160270629,7.024002310605089,4.962949108548003,4.970487360948442,0.7632538880963188,0.35211282859444687,PREPARATION,False,FOLLOW,0,False,inf,0.0607304573059082,0.0,True,True,TRACKING,0,0.0607304573059082,-0.02672699984223007,0.0,3,0,0.0607304573059082,0.023645639419555664,inf,VISION,,,0,,0.0,0.0,False,,0.0,0.0,0.0,False,0.0,-0.7517386674880981,4.768609542846679,SAFE,4.7964239795347146,1.0003671646118164,19.589475631713867,19.578664779663086,,,2.5719999030116014e-05,0.004621280822902918,,19.99620007898938,0.0006382739993568975,0.0,0.181304071407678,0.4442502673893944,0.3103444009445085,0.19482331705294947,0.48965027791909926,0.30610853304139757,0.181304071407678,0.4442502673893944,0.3103444009445085
19.939819812774658,19.939819812774658,,False,PERIODIC,True,True,1,FOLLOW,52.16440252879309,-4.240539247421991,-4.999629613785516,3.3060158541845897,-3.299635371102227,0.008741904537947405,55.7488965957032,-7.602104463827501,-0.01594875816005624,2.9104357569922965,-2.7439686048533205,0.23428382250861995,6.998985161477978,4.914134554513256,4.98368085562546,0.718413756250582,0.30887844396005987,PREPARATION,False,FOLLOW,0,False,inf,0.05854988098144531,0.0,True,True,TRACKING,0,0.05854988098144531,-0.022436660351585837,0.0,3,0,0.05854988098144531,0.011206388473510742,inf,VISION,,,0,,0.0,0.0,False,,0.0,0.0,0.0,False,0.0,-0.7536648511886597,4.769629613785516,SAFE,4.797132871393603,0.9999192357063293,19.565492630004883,19.568191528320312,,,0.0051328279078006744,0.004599316045641899,,20.00279515827182,0.0007791449988872046,0.0,0.1809099181229074,0.42041726131193274,0.2958761320468717,0.19338879693915903,0.47373280374263677,0.3197441020212698,0.1809099181229074,0.42041726131193274,0.2958761320468717
19.9897620677948,19.9897620677948,,False,PERIODIC,True,True,1,FOLLOW,52.32721710205078,-4.4008870124816895,-5.0005598068237305,3.2680859565734863,-3.273395538330078,0.008173656649887562,55.887144052097504,-7.732292553019651,-0.0047909807125160065,2.913480359675597,-2.7407355096841535,0.23546402863314872,6.980619523304547,4.875586402187535,4.995768826111214,0.6790675582478335,0.2723807579701823,PREPARATION,False,FOLLOW,0,False,inf,0.06067657470703125,0.0,True,True,TRACKING,0,0.06067657470703125,-0.01851858374342842,0.0,3,0,0.06067657470703125,0.028282880783081055,inf,VISION,,,0,,0.0,0.0,False,,0.0,0.0,0.0,False,0.0,-0.7563856840133667,4.77055980682373,SAFE,4.798520780530602,0.9999192357063293,19.565492630004883,19.568191528320312,,,0.005939969792962074,0.004599316045641899,,19.989749743643255,0.0009397829999215901,0.0,0.18091655741626977,0.4510195954777711,0.3391489164478067,0.18726985077374841,0.4976611238899384,0.3785229147891771,0.18091655741626977,0.4510195954777711,0.3391489164478067
20.03976798057556,20.03976798057556,,False,PERIODIC,True,True,1,FOLLOW,52.49054721866773,-4.562348790556859,-5.00159420665249,3.230628622355545,-3.2463604666516077,0.007932260886068744,56.04036279480567,-7.87625400686715,0.007587884382528669,2.9169217901043036,-2.7370727557766354,0.23531778873796672,6.976751653056459,4.856249417737939,5.009182091035019,0.6399141562161789,0.2382651941657012,PREPARATION,False,FOLLOW,0,False,inf,0.05866718292236328,0.0,True,True,TRACKING,0,0.05866718292236328,-0.01418343632506603,0.0,3,0,0.05866718292236328,0.023846864700317383,inf,VISION,,,0,,0.0,0.0,False,,0.0,0.0,0.0,False,0.0,-0.7577767968177795,4.771594206652489,SAFE,4.799320396593641,0.9990299344062805,20.144445419311523,20.130535125732422,,,0.006625519134104252,0.004599316045641899,,20.015958157558174,0.000732987000446883,0.0,0.1821581533934386,0.6632572079681887,0.30889716350711527,0.1824964500971786,0.5823050812416178,0.39280396926946837,0.1821581533934386,0.6632572079681887,0.30889716350711527
20.089754104614258,20.089754104614258,,False,PERIODIC,True,True,1,FOLLOW,52.63955307006836,-4.710229396820068,-5.002450466156006,3.1969337463378906,-3.221120834350586,0.008010854944586754,56.180342356743004,-8.007442418888855,0.0188400139124306,2.9201338731376363,-2.7336454098836542,0.23372498909878647,6.972959240577549,4.838264408393771,5.021290480068436,0.6043155877684045,0.20852324814470477,PREPARATION,False,FOLLOW,0,False,inf,0.06067490577697754,0.0,True,True,TRACKING,0,0.06067490577697754,-0.010609110533717441,0.0,3,0,0.06067490577697754,0.025829792022705078,inf,VISION,,,0,,0.0,0.0,False,,0.0,0.0,0.0,False,0.0,-0.7592940926551819,4.772450466156005,SAFE,4.800511555637504,0.9990299344062805,20.144445419311523,20.130535125732422,,,3.666400152724236e-05,0.004599316045641899,,20.000586275923133,0.0007539399994129781,0.0,0.17687313087221812,0.4360845011047026,0.30889716350711527,0.1766314058894481,0.46510704446851575,0.4709203539289,0.17687313087221812,0.4360845011047026,0.30889716350711527
20.139671087265015,20.139671087265015,,False,PERIODIC,True,True,1,FOLLOW,52.814581172036775,-4.884606922321119,-5.003277646951107,3.1578165376415863,-3.190484461903326,0.008520619890392591,56.33243905613997,-8.149647380698415,0.030933379205118176,2.923692271027063,-2.7298394649386637,0.2305548371243283,6.955508172913071,4.799563864309717,5.034211026156225,0.5624119300557632,0.17394463704852917,PREPARATION,False,FOLLOW,0,False,inf,0.05866599082946777,0.0,True,True,TRACKING,0,0.05866599082946777,-0.006808275870396479,0.0,3,0,0.05866599082946777,0.017926454544067383,inf,VISION,,,0,,0.0,0.0,False,,0.0,0.0,0.0,False,0.0,-0.7601057291030884,4.773277646951106,SAFE,4.801236003154929,1.000390648841858,20.00701904296875,19.990144729614258,,,0.007898475043475628,0.0035663219168782234,,19.995768589201873,0.0008828230002109194,0.0,0.17602970607530358,0.3279492123004245,0.32481525711656595,0.17221710095401466,0.4210897348936183,0.47012791735801696,0.17602970607530358,0.3279492123004245,0.32481525711656595
20.189768075942993,20.189768075942993,,False,PERIODIC,True,True,1,FOLLOW,52.96989059448242,-5.0397772789001465,-5.003806114196777,3.123847723007202,-3.162797689437866,0.009252172894775867,56.47099173059054,-8.278848105515323,0.04175124417318681,2.927001523434185,-2.7262906616054083,0.22627051075920634,6.943121635236443,4.769621471887165,5.045557358369964,0.525722142013161,0.1451907677663554,PREPARATION,False,FOLLOW,0,False,inf,0.06060218811035156,0.0,True,True,TRACKING,0,0.06060218811035156,-0.0031681299750092036,0.0,3,0,0.06060218811035156,0.02617669105529785,inf,VISION,,,0,,0.0,0.0,False,,0.0,0.0,0.0,False,0.0,-0.7609320282936096,4.773806114196777,SAFE,4.802077397879084,1.000390648841858,20.00701904296875,19.990144729614258,,,0.004776559770107269,0.0035663219168782234,,20.018220721524095,0.0005403309987741522,0.0,0.16570770416176583,0.30594014129584945,0.36083198801599725,0.1623515893022204,0.3992726551156538,0.5205460197447869,0.16570770416176583,0.30594014129584945,0.36083198801599725
20.239638566970825,20.239638566970825,,False,PERIODIC,True,True,1,FOLLOW,53.12518905111288,-5.195345016861212,-5.00399596256752,3.090607650473672,-3.1344947937568044,0.010051442839900634,56.62531941329922,-8.422404313426565,0.05352538398339022,2.9307570984076396,-2.7222532634075827,0.2201079341888364,6.945743043524263,4.760758789924937,5.05752134655091,0.4895089456775118,0.11913202654897971,PREPARATION,False,FOLLOW,0,False,inf,0.0586705207824707,0.0,True,True,TRACKING,0,0.0586705207824707,0.00019044422332439477,0.0,3,0,0.0586705207824707,0.02799248695373535,inf,VISION,,,0,,0.0,0.0,False,,0.0,0.0,0.0,False,0.0,-0.7612262964248657,4.773995962567519,SAFE,4.802401167721905,0.9980647563934326,20.03716468811035,20.049339294433594,,,0.0074530597776174545,0.0035663219168782234,,20.010123103832623,0.0008114980009850115,0.0,0.1591683548434237,0.31041090987386805,0.36361947927780774,0.15402646906724607,0.376320476546302,0.5582511137116354,0.1591683548434237,0.31041090987386805,0.36361947927780774
20.290854454040527,20.290854454040527,,False,PERIODIC,True,True,1,FOLLOW,53.26799774169922,-5.338713645935059,-5.003664970397949,3.0604851245880127,-3.1075217723846436,0.010863494127988815,56.765760031141994,-8.552679544759263,0.06389787862090787,2.934245115506018,-2.7184930576390207,0.21314120662543995,6.94579808668586,4.750149243155718,5.067562849018857,0.45628516715191914,0.0960044528624251,PREPARATION,False,FOLLOW,0,False,inf,0.060533761978149414,0.0,True,True,TRACKING,0,0.060533761978149414,0.00019044422332439477,0.0,3,0,0.060533761978149414,0.009801149368286133,inf,VISION,,,0,,0.0,0.0,False,,0.0,0.0,0.0,False,0.0,-0.7613897919654846,4.773664970397949,SAFE,4.802452503383479,0.9980647563934326,20.03716468811035,20.049339294433594,,,3.144700167467818e-05,0.0035663219168782234,,20.003548297866253,0.0005220379989623325,0.0,0.15278530690561448,0.32734137063887325,0.40851847032337896,0.14609755053038512,0.3594094303562757,0.606918321275476,0.15278530690561448,0.32734137063887325,0.40851847032337896
20.339748859405518,20.339748859405518,,False,PERIODIC,True,True,1,FOLLOW,53.435227240755836,-5.507054768857536,-5.002899206179144,3.025619007590448,-3.0752906759809315,0.011655408497254088,56.91868996146483,-8.694170291219928,0.0747818794909908,2.9381141130009927,-2.7143112310463575,0.20424985873737142,6.933618325753505,4.721463531517807,5.077681085670135,0.4183968074754848,0.06884861709568062,PREPARATION,False,FOLLOW,0,False,inf,0.058611154556274414,0.0,True,True,TRACKING,0,0.058611154556274414,0.006956902330425398,0.0,3,0,0.058611154556274414,0.018299579620361328,inf,VISION,,,0,,0.0,0.0,False,,0.0,0.0,0.0,False,0.0,-0.7613760232925415,4.772899206179144,SAFE,4.802011843177817,1.0000907182693481,20.048471450805664,20.050012588500977,,,2.213100015069358e-05,0.0024201530031859875,,20.0070988595781,0.0005400070003815927,0.0,0.14289313495282105,0.33475354773180427,0.413465958168911,0.13475372553107928,0.34889755498253977,0.6408376466815057,0.14289313495282105,0.33475354773180427,0.413465958168911
20.38979148864746,20.38979148864746,,False,PERIODIC,True,True,1,FOLLOW,53.58327865600586,-5.656473636627197,-5.002003192901611,2.9952218532562256,-3.0462865829467773,0.012087452225387096,57.06015026819173,-8.82467299104741,0.0843779723652714,2.9417642002118596,-2.7103546457259213,0.194775887771751,6.928015351841703,4.7038413405399435,5.086381165266883,0.3861127446696715,0.04632520411431676,PREPARATION,False,FOLLOW,0,False,inf,0.06079268455505371,0.0,True,True,TRACKING,0,0.06079268455505371,0.009790530076099568,0.0,3,0,0.06079268455505371,0.02585315704345703,inf,VISION,,,0,,0.0,0.0,False,,0.0,0.0,0.0,False,0.0,-0.7611649632453918,4.772003192901611,SAFE,4.8009660965981595,1.0000907182693481,20.048471450805664,20.050012588500977,,,2.8811000447603874e-05,0.0024201530031859875,,19.991419610019218,0.0010086989987030393,0.0,0.14289313495282105,0.3527696424976968,0.44153923076490675,0.19955485497030045,0.34024184697430193,0.6741179414635632,0.14289313495282105,0.3527696424976968,0.44153923076490675
20.43969964981079,20.43969964981079,,False,PERIODIC,True,True,1,FOLLOW,53.7309143946014,-5.805801709605414,-5.000984168699427,2.965829941366253,-3.0172289804092323,0.012055049306490739,57.21259532894604,-8.96492536037583,0.09418444281645588,2.9457696399442206,-2.7060009660720556,0.18338191553823907,6.932741705069693,4.701293903749898,5.0951686115158825,0.35583449480649854,0.02597992055698417,PREPARATION,False,FOLLOW,0,False,inf,0.05863308906555176,0.0,True,True,TRACKING,0,0.05863308906555176,0.012687381482318714,0.0,3,0,0.05863308906555176,0.024804353713989258,inf,VISION,,,0,,0.0,0.0,False,,0.0,0.0,0.0,False,0.0,-0.7609264850616455,4.770984168699426,SAFE,4.800160853767543,0.9983028769493103,19.944446563720703,19.95514488220215,,,0.008415896445512772,0.0024201530031859875,,19.98505755889304,0.0008196299986593658,0.0,0.1285270721282468,0.34306348571424616,0.4630283573070254,0.11575125325940831,0.3283597125859539,0.7085753355042501,0.1285270721282468,0.34306348571424616,0.4630283573070254
20.489760160446167,20.489760160446167,,False,PERIODIC,True,True,1,FOLLOW,53.86775588989258,-5.944402694702148,-5.000123500823975,2.9392659664154053,-2.990039825439453,0.011894176714122295,57.354826551282564,-9.095389075946743,0.1027434171379818,2.949579275643734,-2.701847688844927,0.17163464216707797,6.9374078555859935,4.69982733430875,5.102866917961957,0.3296635986051295,0.008215161069644084,PREPARATION,False,FOLLOW,0,False,inf,0.06067538261413574,0.0,True,True,TRACKING,0,0.06067538261413574,0.01552263714746249,0.0,3,0,0.06067538261413574,0.020780563354492188,inf,VISION,,,0,,0.0,0.0,False,,0.0,0.0,0.0,False,0.0,-0.760576069355011,4.770123500823974,SAFE,4.79901004740576,0.9983028769493103,19.944446563720703,19.95514488220215,,,0.007295337971299887,0.0024201530031859875,,19.990642310183436,0.0008069329996942542,0.0,0.11779281167269946,0.33836536645018117,0.48544951840826517,0.10384908548048324,0.31796164452729575,0.7311220198839553,0.11779281167269946,0.33836536645018117,0.48544951840826517
20.53971219062805,20.53971219062805,,False,PERIODIC,True,True,1,FOLLOW,54.02750743126191,-6.1063931900796815,-4.999092887807458,2.9094186208430126,-2.958280116899518,0.011222059652288932,57.50783950396134,-9.235341015508787,0.11130224781695745,2.9537512593210478,-2.6972863211122617,0.15795534245162085,6.929586154506743,4.680066861757197,5.110395135624415,0.3026777173082499,-0.012630103224628866,PREPARATION,False,FOLLOW,0,False,inf,0.058689117431640625,0.0,True,True,TRACKING,0,0.058689117431640625,0.018435476806747255,0.0,3,0,0.058689117431640625,0.026476383209228516,inf,VISION,,,0,,0.0,0.0,False,,0.0,0.0,0.0,False,0.0,-0.7602644562721252,4.769092887807457,SAFE,4.798311080028915,1.0003464221954346,20.01764488220215,20.021398544311523,,,0.006905755959451199,0.002279900945723057,,19.995858899476943,0.000877484999364242,0.0,0.11131393790742053,0.3375643107761081,0.5115343724822647,0.09534945470754368,0.30971924405401285,0.7610407926650752,0.11131393790742053,0.3375643107761081,0.5115343724822647
20.590685844421387,20.590685844421387,,False,PERIODIC,True,True,1,FOLLOW,54.17009735107422,-6.2510247230529785,-4.998170375823975,2.8841700553894043,-2.9301795959472656,0.01031382568180561,57.64814708788692,-9.363270859329123,0.11846658331630479,2.957649615209318,-2.6930107600966338,0.1444701222452517,6.925523789299187,4.667216085045633,5.11663695914028,0.2822166088622205,-0.02943702775007957,PREPARATION,False,FOLLOW,0,False,inf,0.06069016456604004,0.0,True,True,TRACKING,0,0.06069016456604004,0.021504595242011048,0.0,3,0,0.06069016456604004,0.021724939346313477,inf,VISION,,,0,,0.0,0.0,False,,0.0,0.0,0.0,False,0.0,-0.7597737908363342,4.768170375823974,SAFE,4.7972273693220755,1.0003464221954346,20.01764488220215,20.021398544311523,,,0.006952379830181599,0.002279900945723057,,20.004150850377105,0.000636978000329691,0.0,0.09688424515621359,0.31350764536417824,0.529291138563769,0.08306822490049523,0.29087120955205986,0.7728879182364775,0.09688424515621359,0.31350764536417824,0.529291138563769
20.639599323272705,20.639599323272705,,False,PERIODIC,True,True,1,FOLLOW,54.313145192139224,-6.39601159177852,-4.997175866928835,2.8604313430959447,-2.9024283283075762,0.00909379104578959,57.80346003467188,-9.504466420917769,0.12565535491519753,2.9620395584788355,-2.688181849132701,0.1286781526927042,6.934564791845476,4.673840939185123,5.122831221844033,0.26556769913268097,-0.04344608061061323,PREPARATION,False,FOLLOW,0,False,inf,0.05860614776611328,0.0,True,True,TRACKING,0,0.05860614776611328,0.02430134292834938,0.0,3,0,0.05860614776611328,0.01621079444885254,inf,VISION,,,0,,0.0,0.0,False,,0.0,0.0,0.0,False,0.0,-0.7594640851020813,4.767175866928834,SAFE,4.796602026971665,1.000704288482666,20.034456253051758,20.051410675048828,,,0.004686758853495121,0.002279900945723057,,20.005486637867843,0.0006346079990180442,0.0,0.09878119220134891,0.3053670958979851,0.5600405710623891,0.0798015585216204,0.2803510399781892,0.7992680535560344,0.09878119220134891,0.3053670958979851,0.5600405710623891
20.689751863479614,20.689751863479614,,False,PERIODIC,True,True,1,FOLLOW,54.44465255737305,-6.529212474822998,-4.9962544441223145,2.839843988418579,-2.8772034645080566,0.00791909359395504,57.94586325294722,-9.633498293979365,0.1314589783190117,2.9661406366281877,-2.683655758260281,0.11341764096166626,6.94179456081086,4.67921647092954,5.127713422441326,0.25405019472429863,-0.05507654969153312,PREPARATION,False,FOLLOW,0,False,inf,0.06069469451904297,0.0,True,True,TRACKING,0,0.06069469451904297,0.027054972472264772,0.0,3,0,0.06069469451904297,0.019456148147583008,inf,VISION,,,0,,0.0,0.0,False,,0.0,0.0,0.0,False,0.0,-0.7590851187705994,4.766254444122314,SAFE,4.795693194464832,1.000704288482666,20.034456253051758,20.051410675048828,,,0.006953161209821701,0.002279900945723057,,20.003242014255726,0.000639457999568549,0.0,0.09944017529178087,0.2708422726470314,0.595767384052736,0.0785524479603965,0.2520407575610635,0.8160481321833782,0.09944017529178087,0.2708422726470314,0.595767384052736
20.73982572555542,20.73982572555542,,False,PERIODIC,True,True,1,FOLLOW,54.599205554375686,-6.685397370872206,-4.99508973943239,2.8171584920060937,-2.847760851241204,0.006558483409917368,58.10002891086489,-9.77275470224513,0.13692124293999727,2.970656801663619,-2.6786560374056387,0.09622423458210808,6.937223954011669,4.667712444540955,5.132010982372387,0.2453530437213932,-0.06853593076642724,PREPARATION,False,FOLLOW,0,False,inf,0.058809757232666016,0.0,True,True,TRACKING,0,0.058809757232666016,0.02976393245865845,0.0,3,0,0.058809757232666016,0.02698683738708496,inf,VISION,,,0,,0.0,0.0,False,,0.0,0.0,0.0,False,0.0,-0.758836567401886,4.76508973943239,SAFE,4.795054037674551,0.9998067617416382,20.105194091796875,20.092933654785156,,,0.007642255164682865,0.002279900945723057,,20.001093271685793,0.0008152980008162558,0.0,0.09944017529178087,0.25119416575064024,0.5988742805608449,0.18808401878102013,0.23288729291658306,0.8237644256657012,0.09944017529178087,0.25119416575064024,0.5988742805608449
20.789798974990845,20.789798974990845,,False,PERIODIC,True,True,1,FOLLOW,54.73755645751953,-6.824769973754883,-4.9939799308776855,2.7983696460723877,-2.8217813968658447,0.005292144604027271,58.240716112337154,-9.89940224911654,0.14107004976789295,2.9748538652184204,-2.673993676682669,0.07997167120137968,6.935000324409919,4.661061166283652,5.1350499806455785,0.2420019039952584,-0.07892466876012601,PREPARATION,False,FOLLOW,0,False,inf,0.060692787170410156,0.0,True,True,TRACKING,0,0.060692787170410156,0.032493325051484306,0.032493325051484306,3,0,0.060692787170410156,0.029008150100708008,inf,VISION,,,0,,0.0,0.0,False,,0.0,0.0,0.0,False,0.0,-0.7568339662424508,4.763979930877685,SAFE,4.793940889366865,0.9998067617416382,20.105194091796875,20.092933654785156,,,0.008116843178868294,0.002279900945723057,,19.991068563898626,0.0009797000002436107,0.0,0.06617773563971777,0.2316892494728896,0.635979373429125,0.050805805515061586,0.2156041483822561,0.8400972408326578,0.06617773563971777,0.2316892494728896,0.635979373429125
20.839585304260254,20.839585304260254,,False,PERIODIC,True,True,1,FOLLOW,54.87642268422433,-6.963978699579527,-4.993029688056093,2.781192013602482,-2.7961591264842176,0.0038588637002875117,58.39752755006993,-10.040115218473103,0.1448181719441868,2.9796097257714123,-2.668693665838852,0.061395777078770114,6.946817688097314,4.675552946887914,5.13784786000028,0.24274993009475967,-0.08668203884255916,PREPARATION,False,FOLLOW,0,False,inf,0.05895256996154785,0.0,True,True,TRACKING,0,0.05895256996154785,0.03528144621208352,0.03528144621208352,3,0,0.05895256996154785,0.02153491973876953,inf,VISION,,,0,,0.0,0.0,False,,0.0,0.0,0.0,False,0.0,-0.7564425672116801,4.7630296880560925,SAFE,4.793180507828179,0.9983594417572021,20.121601104736328,20.123764038085938,,,0.008502783253788948,0.0049753510393202305,,19.948682787967176,0.0012289389997022226,0.0,0.08024674501179814,0.20390577167748136,0.6232965326238172,0.06467034717580193,0.18863662197729011,0.8357325108022698,0.08024674501179814,0.20390577167748136,0.6232965326238172
20.889836072921753,20.889836072921753,,False,PERIODIC,True,True,1,FOLLOW,55.0046501159668,-7.091926574707031,-4.992461204528809,2.766754388809204,-2.7731077671051025,0.002184691373258829,58.545494797079776,-10.172412819687912,0.147418036367176,2.984179517269513,-2.663582586613957,0.04349495418349452,6.960268326169326,4.6932905899041115,5.139879240895985,0.24693316800513185,-0.092641192796677,PREPARATION,False,FOLLOW,0,False,inf,0.060689687728881836,0.0,True,True,TRACKING,0,0.060689687728881836,0.03753533331824244,0.03753533331824244,3,0,0.060689687728881836,0.023743152618408203,inf,VISION,,,0,,0.0,0.0,False,,0.0,0.0,0.0,False,0.0,-0.7559776641854801,4.762461204528808,SAFE,4.79237478860684,0.9983594417572021,20.121601104736328,20.123764038085938,,,0.006543993949890137,0.0049753510393202305,,19.99551271451917,0.0005720709996239748,0.0,0.07812574416231197,0.20390577167748136,0.654158457479445,0.06525066031892852,0.19500815528489412,0.8463007038098871,0.07812574416231197,0.20390577167748136,0.654158457479445
20.93971824645996,20.93971824645996,,False,PERIODIC,True,True,1,FOLLOW,55.15627030167215,-7.242403244387216,-4.9918065769358675,2.75203746872835,-2.746718192343425,0.0003304819861139532,58.696142329340475,-10.306638337033094,0.14915118861896323,2.9889117053365313,-2.658271396547438,0.025030575814926025,6.953393230825484,4.681904599121083,5.14095776555483,0.254051833865528,-0.0998742376362283,PREPARATION,False,FOLLOW,0,False,inf,0.058663368225097656,0.0,True,True,TRACKING,0,0.058663368225097656,0.04046765261673613,0.04046765261673613,3,0,0.058663368225097656,0.027300357818603516,inf,VISION,,,0,,0.0,0.0,False,,0.0,0.0,0.0,False,0.0,-0.7554647591842238,4.761806576935867,SAFE,4.79213254624754,0.9983594417572021,20.058069229125977,20.06161880493164,,,1.7091999325202778e-05,0.0049753510393202305,,20.01231901672871,0.0006212130010680994,0.0,0.060520622721121825,0.15751861964358238,0.6193054045976637,0.05590802547122309,0.1395139444028029,0.8253357905516303,0.060520622721121825,0.15751861964358238,0.6193054045976637
20.989696264266968,20.989696264266968,,False,PERIODIC,True,True,1,FOLLOW,55.291404724121094,-7.3758649826049805,-4.991219520568848,2.740542411804199,-2.723950147628784,-0.0009685758268460631,58.84074463488711,-10.435012326042216,0.1499153977714628,2.993532409279196,-2.6530665369670365,0.0071839857878573735,6.956109869718393,4.685743939975338,5.1411349183403106,0.26285906745578824,-0.1039399202350462,PREPARATION,False,FOLLOW,0,False,inf,0.06070446968078613,0.0,True,True,TRACKING,0,0.06070446968078613,0.042562537972706475,0.042562537972706475,3,0,0.06070446968078613,0.024220705032348633,inf,VISION,,,0,,0.0,0.0,False,,0.0,0.0,0.0,False,0.0,-0.7545389713719004,4.761219520568847,SAFE,4.791682912561844,0.9983594417572021,20.058069229125977,20.06161880493164,,,0.005352457985281944,0.0049753510393202305,,20.002433671410184,0.000778232999437023,0.0,0.08535795955121671,0.13953427056312426,0.6443061644823511,0.08016906555343804,0.12504801103732233,0.8288442068254658,0.08535795955121671,0.13953427056312426,0.6443061644823511
21.040822744369507,21.040822744369507,,False,PERIODIC,True,True,1,FOLLOW,55.40113830566406,-7.4837493896484375,-4.990809917449951,2.732689142227173,-2.706212043762207,-0.0021395045332610607,58.9591032504018,-10.53971979680438,0.14984021288603058,2.9973760239390623,-2.6487217739713436,-0.007431782072145735,6.95876091268545,4.690209982228461,5.140650130335982,0.270910104412033,-0.10617584730000247,PREPARATION,False,FOLLOW,0,False,inf,0.058640480041503906,0.0,True,True,TRACKING,0,0.058640480041503906,0.04458283487894811,0.04458283487894811,3,0,0.058640480041503906,0.026006698608398438,inf,VISION,,,0,,0.0,0.0,False,,0.0,0.0,0.0,False,0.0,-0.7537219356074942,4.760809917449951,SAFE,4.7912195205688475,1.0005741119384766,20.022872924804688,20.053010940551758,,,1.7963999198400415e-05,0.00267825392074883,,19.98979487149901,0.0008751149998715846,0.0,0.0674630267474303,0.12058717716714323,1.1507200577092003,0.07189122125912545,0.10912068826615079,0.9271632230597974,0.0674630267474303,0.12058717716714323,1.1507200577092003
21.08979868888855,21.08979868888855,,False,PERIODIC,True,True,1,FOLLOW,55.554325103759766,-7.6337361335754395,-4.990530490875244,2.723579168319702,-2.682685613632202,-0.0035737273283302784,59.138939359001725,-10.698315940525365,0.14879668782004069,3.0032987018074517,-2.642005776733132,-0.029540470760764083,6.975227064528089,4.71604800145727,5.139327178695285,0.2838523177802588,-0.10674468706844474,PREPARATION,False,FOLLOW,0,False,inf,0.06061124801635742,0.0,True,True,TRACKING,0,0.06061124801635742,0.04608863324968557,0.04608863324968557,3,0,0.06061124801635742,0.018346548080444336,inf,VISION,,,0,,0.0,0.0,False,,0.0,0.0,0.0,False,0.0,-0.7523507871666419,4.760530490875244,SAFE,4.7906773567199705,1.0005741119384766,20.022872924804688,20.053010940551758,,,0.006816965062171221,0.00267825392074883,,20.01160541780358,0.0005341010000847746,0.0,0.056105966278599824,0.10075403127382929,0.6593918523838229,0.06976435656938211,0.10817805248071793,0.7721261549018832,0.056105966278599824,0.10075403127382929,0.6593918523838229
21.139694213867188,21.139694213867188,,False,PERIODIC,True,True,1,FOLLOW,55.703391435513204,-7.7790426998377065,-4.990378528325561,2.716640929236963,-2.661271644323775,-0.004984893294602411,59.29595621636355,-10.836177640640841,0.1467739289733994,3.0085703792256586,-2.6360015692798777,-0.04860374264057947,6.974448445606177,4.717265707047429,5.13715245729896,0.2962498683235043,-0.1071690124138243,PREPARATION,False,FOLLOW,0,False,inf,0.058664560317993164,0.0,True,True,TRACKING,0,0.058664560317993164,0.04768357087954503,0.04768357087954503,3,0,0.058664560317993164,0.02422928810119629,inf,VISION,,,0,,0.0,0.0,False,,0.0,0.0,0.0,False,0.0,-0.7510987487355996,4.76037852832556,SAFE,4.790530490875244,0.9999857544898987,19.91143226623535,19.90462875366211,,,0.004939124919474125,0.00267825392074883,,19.99187097314767,0.0007590559998789104,0.0,0.06908663269346277,0.09582756708093979,0.4336611743893592,0.08372221577840802,0.09780308156257954,0.6939447498590724,0.06908663269346277,0.09582756708093979,0.4336611743893592
21.1897075176239,21.1897075176239,,False,PERIODIC,True,True,1,FOLLOW,55.83777618408203,-7.909392356872559,-4.990415096282959,2.712141752243042,-2.643298864364624,-0.0062590246088802814,59.437794963797856,-10.960207953999197,0.14406068613908765,3.0134149054169908,-2.6304614227019285,-0.06550411254490264,6.9735537986206335,4.718856961381409,5.134475782422046,0.30731139447857075,-0.10629184117147086,PREPARATION,False,FOLLOW,0,False,inf,0.06063580513000488,0.0,True,True,TRACKING,0,0.06063580513000488,0.048466755406168925,0.048466755406168925,3,0,0.06063580513000488,0.02278304100036621,inf,VISION,,,0,,0.0,0.0,False,,0.0,0.0,0.0,False,0.0,-0.7488652742718411,4.760415096282959,SAFE,4.790353107452392,0.9999857544898987,19.91143226623535,19.90462875366211,,,4.4098000216763467e-05,0.00267825392074883,,20.00931922878084,0.0005152140001882799,0.0,0.10167271912966967,0.10060016362102878,0.4867420813841258,0.1111623689330649,0.10368175894722625,0.6433576055403217,0.10167271912966967,0.10060016362102878,0.4867420813841258
21.239726781845093,21.239726781845093,,False,PERIODIC,True,True,1,FOLLOW,55.97416798747099,-8.040970189220863,-4.990609517771427,2.709283278270203,-2.626358326955537,-0.00731229610703636,59.59741673577278,-11.099263763572635,0.14012404484008406,3.0189518254302845,-2.6241055382227203,-0.08408166315917724,6.986094614983398,4.741422896029401,5.1307335626115105,0.31905049737446994,-0.10323841262019699,PREPARATION,False,FOLLOW,0,False,inf,0.05861973762512207,0.0,True,True,TRACKING,0,0.05861997604370117,0.048804636928296743,0.048804636928296743,3,0,0.05861997604370117,0.026908397674560547,inf,VISION,,,0,,0.0,0.0,False,,0.0,0.0,0.0,False,0.0,-0.7472597477736649,4.760609517771426,SAFE,4.790415096282959,0.9991854429244995,20.129274368286133,20.127246856689453,,,0.00772439781576395,0.00267825392074883,,19.989133016701555,0.0007553140003437875,0.0,0.11160547435551435,0.10060016362102878,0.6070556783980542,0.12348318274972436,0.1848482866595669,0.6021064614495637,0.11160547435551435,0.10060016362102878,0.6070556783980542
21.284240007400513,21.284240007400513,0.0,True,PHASE_TRANSITION,False,True,1,FAR_GUIDANCE,56.09895324707031,-8.160895347595215,-4.990764617919922,2.707986354827881,-2.6120996475219727,-0.007853942923247814,59.747992888740704,-11.229879391571442,0.13550917995153616,3.02426505494382,-2.6179803050148513,-0.10103605880188356,nan,nan,nan,nan,nan,PREPARATION,False,FOLLOW,0,False,inf,0.060656070709228516,0.0,True,True,TRACKING,0,0.060656070709228516,0.04913165479217733,0.04913165479217733,3,0,0.060656070709228516,0.020496606826782227,inf,VISION,,,0,,0.0,0.0,False,,0.0,0.0,0.0,False,0.0,-0.7448113215006016,4.7607646179199214,SAFE,4.79063777923584,0.9991854429244995,20.129274368286133,20.127246856689453,,,3.449100040597841e-05,0.00267825392074883,,19.999296313500867,0.0006932989999768324,0.0,0.09628765761668638,0.07089078167708646,0.6754726874388531,0.11425199430150879,0.1268524797464862,0.5714608486422341,0.09628765761668638,0.07089078167708646,0.6754726874388531
21.289783716201782,21.289783716201782,0.005543708801269531,True,PERIODIC,True,True,1,FAR_GUIDANCE,56.09895324707031,-8.160895347595215,-4.990764617919922,2.707986354827881,-2.6120996475219727,-0.007853942923247814,59.74019385979568,-11.22311420967938,0.1357482049507392,3.0239898584405833,-2.6182975589102497,-0.1001579129616787,6.994065433074098,4.757711378285221,5.126512822870661,0.3292668390317126,-0.09957394207088555,PREPARATION,False,FOLLOW,0,False,inf,0.060656070709228516,0.0,True,True,TRACKING,0,0.060656070709228516,0.04913165479217733,0.04913165479217733,3,0,0.060656070709228516,0.020496606826782227,inf,VISION,,,0,,0.0,0.0,False,,0.0,0.0,0.0,False,0.0,-0.7448113215006016,4.7607646179199214,SAFE,4.79063777923584,0.9991854429244995,20.129274368286133,20.127246856689453,,,3.449100040597841e-05,0.00267825392074883,,19.999296313500867,0.0006932989999768324,0.0,0.09628765761668638,0.07089078167708646,0.6754726874388531,0.11425199430150879,0.1268524797464862,0.5714608486422341,0.09628765761668638,0.07089078167708646,0.6754726874388531
21.33981490135193,21.33981490135193,0.055574893951416016,True,PERIODIC,True,True,1,FAR_GUIDANCE,56.24804362049578,-8.303474623827547,-4.9910759119736126,2.7079111320595404,-2.59656941375626,-0.005038934470764617,59.89956346628989,-11.360813333399332,0.1300362324371739,3.029700258551057,-2.6116884085464065,-0.1174487076725676,6.993333022594159,4.762448652665383,5.1211121444107865,0.34119317555150275,-0.09231366685760409,PREPARATION,False,FAR_GUIDANCE,0,False,inf,0.05860781669616699,0.0,True,True,TRACKING,0,0.05860781669616699,0.049265883332417076,0.08001914947192673,3,0,0.05860781669616699,0.023632049560546875,inf,VISION,,,0,,0.0,0.0,False,,0.0,0.0,0.0,False,0.0,-0.7413846201334815,4.761075911973612,SAFE,4.790764617919922,1.0010786056518555,19.987995147705078,20.01399803161621,,,0.006135989911854267,0.003298800904303789,,19.97132953863974,0.0018106050010828767,0.0,0.10728948493598657,0.09646606620128596,0.7067457967794714,0.12608730656180175,0.1452383015027285,0.5438910236741306,0.10728948493598657,0.09646606620128596,0.7067457967794714
21.38973593711853,21.38973593711853,0.10549592971801758,True,PERIODIC,True,True,1,FAR_GUIDANCE,56.381561279296875,-8.430522918701172,-4.990760326385498,2.7085039615631104,-2.584120512008667,0.027031932026147842,60.04305659764217,-11.484245807899889,0.12410642720121862,3.0349288286362817,-2.60561003022166,-0.13227439593185636,6.992398255050079,4.7677847529309325,5.114866753586717,0.3638591751821401,-0.06378291101973267,PREPARATION,False,FAR_GUIDANCE,0,False,inf,0.060912132263183594,0.0,True,True,TRACKING,0,0.060912132263183594,0.04903303580969652,0.07810668743336892,3,0,0.060912132263183594,0.025791168212890625,inf,VISION,,1:1,2,HORIZON_INSUFFICIENT,0.07442831993103027,0.0022058486938476562,False,HORIZON_INSUFFICIENT,0.0,0.0,0.0,False,0.0,-0.738208179478272,4.760760326385498,SAFE,4.791127490997314,1.0010786056518555,19.987995147705078,20.01399803161621,,,0.005075991153717041,0.003298800904303789,,19.96003473454547,0.0028930910011695232,0.0291346270005306,0.12465716738311096,0.10988413483031612,0.7221676739049017,0.1413651341630226,0.16385958019989877,0.5279265478257243,0.12465716738311096,0.10988413483031612,0.7221676739049017
21.439659118652344,21.439659118652344,0.15541911125183105,True,PERIODIC,True,True,1,FAR_GUIDANCE,56.51698099723388,-8.558727058552435,-4.987728141230219,2.7098697542657413,-2.5732817768663137,0.09720346852807922,60.20309413106156,-11.62134303115887,0.11673832327271905,3.040849432648833,-2.598698660475906,-0.1479567062285823,7.001615850521658,4.792394665617701,5.104466464502938,0.4126706638007058,-0.006635440125449489,PREPARATION,False,FAR_GUIDANCE,0,False,inf,0.0586702823638916,0.0,True,True,TRACKING,0,0.0586702823638916,0.04847428432540861,0.07680696753110659,3,0,0.0586702823638916,0.027261972427368164,inf,VISION,,1:1,2,HORIZON_INSUFFICIENT,0.07442831993103027,0.0022058486938476562,False,HORIZON_INSUFFICIENT,0.0,0.0,0.0,False,0.0,-0.7361592748164214,4.757728141230219,SAFE,4.786559391511762,1.0012335777282715,19.999256134033203,19.993663787841797,,,0.008461276069283485,0.003298800904303789,,19.946980111033795,0.003104430999883334,0.0291346270005306,0.12101758624517277,0.10522572437303525,0.6903614359349687,0.1408620514191608,0.18091266131053346,0.4983500436929486,0.12101758624517277,0.10522572437303525,0.6903614359349687
21.489747047424316,21.489747047424316,0.2055070400238037,True,PERIODIC,True,True,1,FAR_GUIDANCE,56.642276763916016,-8.676779747009277,-4.9813995361328125,2.712756395339966,-2.565048933029175,0.18239834904670715,60.347974517817846,-11.744882850459462,0.10936121137144107,3.0462988762729504,-2.592307818904595,-0.1612205927282055,7.00437702333361,4.810972094771879,5.090760747504254,0.4796536360673297,0.06133894915711125,PREPARATION,False,FAR_GUIDANCE,0,False,inf,0.06060147285461426,0.0,True,True,TRACKING,0,0.06060147285461426,0.04821735086988774,0.07513758928100517,3,0,0.06060147285461426,0.026679277420043945,inf,VISION,,1:1,2,HORIZON_INSUFFICIENT,0.07442831993103027,0.0022058486938476562,False,HORIZON_INSUFFICIENT,0.0,0.0,0.0,False,0.0,-0.7330393462875069,4.751399536132812,SAFE,4.768847035684612,1.0012335777282715,19.999256134033203,19.993663787841797,,,0.006004006136208773,0.003298800904303789,,19.988370935163523,0.0020944850002706517,0.0291346270005306,0.13221064159147028,0.14211657845198972,0.6493473302489657,0.1505401146135964,0.20493958022861367,0.47624357843768667,0.13221064159147028,0.14211657845198972,0.6493473302489657
21.540351629257202,21.540351629257202,0.25611162185668945,True,PERIODIC,True,True,1,FAR_GUIDANCE,56.78825967666756,-8.81360299498311,-4.968231608215177,2.7193698439611134,-2.5590049998181796,0.3044384272627182,60.507925222764726,-11.880684749676483,0.1005563274885798,3.0524065131049665,-2.5851140165869633,-0.1748348177011649,6.995392297929493,4.821089323461589,5.068787935703757,0.5842071097558427,0.15874319579494192,PREPARATION,False,FAR_GUIDANCE,0,False,inf,0.058684349060058594,0.0,True,True,TRACKING,0,0.058684349060058594,0.04723866439416422,0.07366453390137694,3,0,0.058684349060058594,0.021349430084228516,inf,VISION,,1:1,2,HORIZON_INSUFFICIENT,0.07442831993103027,0.0022058486938476562,False,HORIZON_INSUFFICIENT,0.0,0.0,0.0,False,0.0,-0.7307056569304482,4.738231608215177,SAFE,4.7473859522288135,1.000540018081665,20.104721069335938,20.120590209960938,,,1.822400008677505e-05,0.0026273189578205347,,19.968021809234347,0.002596583000922692,0.0291346270005306,0.12171184649938331,0.13978259459086226,0.6185808181497954,0.14325055251853497,0.22048746391398977,0.46227943957440387,0.12171184649938331,0.13978259459086226,0.6185808181497954
21.589757204055786,21.589757204055786,0.30551719665527344,True,PERIODIC,True,True,1,FAR_GUIDANCE,56.92560577392578,-8.941761016845703,-4.949695587158203,2.729146718978882,-2.5570571422576904,0.43157023191452026,60.656763538197616,-12.006445515211333,0.09174652208731476,3.0581833730471266,-2.5782770285813146,-0.1863844633480114,6.980685344382919,4.828439637854924,5.0414421092455175,0.7004165965288242,0.2611008531618295,PREPARATION,False,FAR_GUIDANCE,0,False,inf,0.060693979263305664,0.0,True,True,TRACKING,0,0.060693979263305664,0.04615876215034046,0.07169418959952097,3,0,0.060693979263305664,0.019731760025024414,inf,VISION,,1:2,2,HORIZON_INSUFFICIENT,0.06849217414855957,0.0006039142608642578,False,HORIZON_INSUFFICIENT,0.0,0.0,0.0,False,0.0,-0.7267755752588272,4.719695587158203,SAFE,4.69405701332569,1.000540018081665,20.104721069335938,20.120590209960938,,,0.005197734106332064,0.0026273189578205347,,19.937633051150435,0.0032015069991757628,0.016438877000837238,0.13805505924556977,0.14971710298817797,0.5397422791912587,0.15637914940850745,0.23696782699064586,0.4298301378125426,0.13805505924556977,0.14971710298817797,0.5397422791912587
21.639666318893433,21.639666318893433,0.3554263114929199,True,PERIODIC,True,True,1,FAR_GUIDANCE,57.062060190165205,-9.068588957859525,-4.9243368617382215,2.743649571507603,-2.5594744819020834,0.5664875902747916,60.81361741075609,-12.138371665397617,0.08191586068389806,3.064364378816024,-2.5709280335792135,-0.19738224231794832,6.9685230696056655,4.847447519145255,5.006252722422119,0.8285446835374414,0.371066513976998,PREPARATION,False,FAR_GUIDANCE,0,False,inf,0.058678388595581055,0.0,True,True,TRACKING,0,0.058678388595581055,0.04439961547185357,0.07009330227257352,3,0,0.058678388595581055,0.02331233024597168,inf,VISION,,1:2,2,HORIZON_INSUFFICIENT,0.06849217414855957,0.0006039142608642578,False,HORIZON_INSUFFICIENT,0.0,0.0,0.0,False,0.0,-0.7242119128268585,4.694336861738221,SAFE,4.647709479356075,1.0008494853973389,19.994564056396484,19.981725692749023,,,0.0073968879878520966,0.0026273189578205347,,19.960389691060428,0.002045487000941648,0.016438877000837238,0.13792229996058486,0.16703007634702371,0.4933615139007338,0.15660918483083183,0.2553231545631367,0.4200459680409088,0.13792229996058486,0.16703007634702371,0.4933615139007338
21.689711332321167,21.689711332321167,0.4054713249206543,True,PERIODIC,True,True,1,FAR_GUIDANCE,57.189117431640625,-9.18630599975586,-4.8948798179626465,2.761563777923584,-2.565742254257202,0.6942461133003235,60.96412313378287,-12.26433695907115,0.07199325119199751,3.070389838539142,-2.563728640853898,-0.20669198030839872,6.956635014344474,4.870825662832726,4.966873069154644,0.9524006713928657,0.4765555432887241,PREPARATION,False,FAR_GUIDANCE,0,False,inf,0.060556888580322266,0.0,True,True,TRACKING,0,0.060556888580322266,0.04305274478913905,0.06829072533002513,3,0,0.060556888580322266,0.024927139282226562,inf,VISION,,1:2,2,HORIZON_INSUFFICIENT,0.06849217414855957,0.0006039142608642578,False,HORIZON_INSUFFICIENT,0.0,0.0,0.0,False,0.0,-0.7204792312895263,4.664879817962646,SAFE,4.565478907835341,1.0008494853973389,19.994564056396484,19.981725692749023,,,0.0071212840266525745,0.0026273189578205347,,19.97495378592009,0.002184328999646823,0.016438877000837238,0.15045992408151668,0.20052919918943662,0.3979681017626133,0.16639182020966353,0.27750913063840127,0.3825733051628884,0.15045992408151668,0.20052919918943662,0.3979681017626133
21.7396399974823,21.7396399974823,0.4553999900817871,True,PERIODIC,True,True,1,FAR_GUIDANCE,57.34153928984664,-9.327050396253842,-4.851598715959216,2.788289903016113,-2.5777957556455937,0.8559829911088176,61.120656365840546,-12.394717022012749,0.06125111575206458,3.076751856636962,-2.556090376469699,-0.21508039908218327,6.915807824817673,4.867474129449873,4.912849831711281,1.1094404932123971,0.612860720859885,PREPARATION,False,FAR_GUIDANCE,0,False,inf,0.0586545467376709,0.0,True,True,TRACKING,0,0.0586545467376709,0.041779541706747615,0.06678312704706707,3,0,0.0586545467376709,0.026720762252807617,inf,VISION,,1:2,2,HORIZON_INSUFFICIENT,0.06849217414855957,0.0006039142608642578,False,HORIZON_INSUFFICIENT,0.0,0.0,0.0,False,0.0,-0.7177049807687963,4.621598715959216,SAFE,4.494347367801077,0.9999399781227112,19.956390380859375,19.962507247924805,,,0.003809829941019416,0.003702874993905425,,19.980868537891347,0.002432045001114602,0.016438877000837238,0.14039340248819118,0.21402162339307085,0.33591416538102076,0.1570422743417276,0.2939503700706064,0.3724187092109274,0.14039340248819118,0.21402162339307085,0.33591416538102076
21.78967523574829,21.78967523574829,0.5054352283477783,True,PERIODIC,True,True,1,FAR_GUIDANCE,57.47848892211914,-9.453001976013184,-4.80576753616333,2.8163001537323,-2.592139482498169,1.0045478343963623,61.26648970899492,-12.51556561803812,0.050898508218523986,3.0827720454658656,-2.5488254859045756,-0.22159996955211286,6.878622761096602,4.871164750121325,4.856666044381854,1.2555165504734072,0.7382650156572422,PREPARATION,False,FAR_GUIDANCE,0,False,inf,0.06067037582397461,0.0,True,True,TRACKING,0,0.06067037582397461,0.04023500030343086,0.06513466251956458,3,0,0.06067037582397461,0.017977237701416016,inf,VISION,,1:2,2,HORIZON_INSUFFICIENT,0.06849217414855957,0.0006039142608642578,False,HORIZON_INSUFFICIENT,0.0,0.0,0.0,False,0.0,-0.713083099076357,4.57576753616333,SAFE,4.355696276984298,0.9999399781227112,19.956390380859375,19.962507247924805,,,1.715500002319459e-05,0.003702874993905425,,20.0278196777425,0.002049478000117233,0.016438877000837238,0.14826892543522685,0.2184155917545477,0.2745064748492191,0.16235461797547732,0.3023175248374194,0.3704351741258489,0.14826892543522685,0.2184155917545477,0.2745064748492191
21.839738368988037,21.839738368988037,0.5554983615875244,True,PERIODIC,True,True,1,FAR_GUIDANCE,57.61962356668553,-9.582133747717409,-4.751098730856739,2.8489663101566967,-2.6098842064410785,1.1591796245844739,61.4291012182856,-12.649664662090164,0.03906758467548422,3.0895823693572946,-2.5405670199694734,-0.2274875584490003,6.845988549445032,4.890998455190201,4.790166315532224,1.4090943321110747,0.8674244048743743,PREPARATION,False,FAR_GUIDANCE,0,False,inf,0.058669328689575195,0.0,True,True,TRACKING,0,0.058669328689575195,0.038873878346089234,0.0638140191989997,3,0,0.058669328689575195,0.019017934799194336,inf,VISION,,1:3,2,HORIZON_INSUFFICIENT,0.062429189682006836,0.0002865791320800781,False,HORIZON_INSUFFICIENT,0.0,0.0,0.0,False,0.0,-0.7101378413316493,4.521098730856739,SAFE,4.253262090685792,0.9998102784156799,19.93602752685547,19.90509796142578,,,0.0062924339435994625,0.003702874993905425,,19.957425441807082,0.002856965000319178,0.010222888999123825,0.15073464569828113,0.23028322129896955,0.19971167002019294,0.16383227043409554,0.31558000502872324,0.36402512563422273,0.15073464569828113,0.23028322129896955,0.19971167002019294
21.889687061309814,21.889687061309814,0.6054470539093018,True,PERIODIC,True,True,1,FAR_GUIDANCE,57.75181198120117,-9.702447891235352,-4.693735599517822,2.882739782333374,-2.6290571689605713,1.3007956743240356,61.57927126150954,-12.77282494723836,0.027916702595875316,3.0959723511750776,-2.532775608602591,-0.2314828321904649,6.809600595519823,4.906797306639877,4.721652302113697,1.5500373185204632,0.9860149597530273,PREPARATION,False,FAR_GUIDANCE,0,False,inf,0.06069445610046387,0.0,True,True,TRACKING,0,0.06069445610046387,0.03739656487437642,0.06233580658394984,3,0,0.06069445610046387,0.018582820892333984,inf,VISION,,1:3,2,HORIZON_INSUFFICIENT,0.062429189682006836,0.0002865791320800781,False,HORIZON_INSUFFICIENT,0.0,0.0,0.0,False,0.0,-0.7058985834677722,4.463735599517822,SAFE,4.090040212378779,0.9998102784156799,19.93602752685547,19.90509796142578,,,0.007929421961307526,0.003702874993905425,,19.957540396276947,0.002406920999419526,0.010222888999123825,0.15510721382186163,0.24998015357827555,0.19971167002019294,0.16582474985356982,0.329312357025009,0.32584653824935506,0.15510721382186163,0.24998015357827555,0.19971167002019294
21.939762353897095,21.939762353897095,0.655522346496582,True,PERIODIC,True,True,1,FAR_GUIDANCE,57.911615573002315,-9.847172416581582,-4.616408697281083,2.925885389902782,-2.6542781820249433,1.4741981328561546,61.73883765851222,-12.903012174269682,0.015922347329129064,3.1028623005626725,-2.524330712039713,-0.23428825494531622,6.741237009877457,4.897528511043302,4.632331044610212,1.7225367656933186,1.1324395250322894,PREPARATION,False,FAR_GUIDANCE,0,False,inf,0.05866646766662598,0.0,True,True,TRACKING,0,0.05866646766662598,0.035623573682328144,0.06100673148552013,3,0,0.05866646766662598,0.023882150650024414,inf,VISION,,1:3,2,HORIZON_INSUFFICIENT,0.062429189682006836,0.0002865791320800781,False,HORIZON_INSUFFICIENT,0.0,0.0,0.0,False,0.0,-0.7028550331110743,4.386408697281083,SAFE,3.960202371101192,0.9958482980728149,20.045806884765625,20.077627182006836,,,0.005026706960052252,0.003702874993905425,,19.962084657492177,0.0027189499996893574,0.010222888999123825,0.15163157956687282,0.25153548734426184,0.09826597439106667,0.16165152694249213,0.33493614644182546,0.37880488641283955,0.15163157956687282,0.25153548734426184,0.09826597439106667
21.990440607070923,21.990440607070923,0.7062005996704102,True,PERIODIC,True,True,1,FAR_GUIDANCE,58.05589294433594,-9.977276802062988,-4.539854049682617,2.9664371013641357,-2.6784393787384033,1.6299463510513306,61.8865422456872,-13.022847161457449,0.00474656635585409,3.10933886235618,-2.516347844117658,-0.23546807321110358,6.678530350553353,4.893809649339157,4.544600616038471,1.8778885891172257,1.2613281278890662,PREPARATION,False,FAR_GUIDANCE,0,False,inf,0.06067776679992676,0.0,True,True,TRACKING,0,0.06067776679992676,0.03386270496541981,0.05958935013806192,3,0,0.06067776679992676,0.02284097671508789,inf,VISION,,1:3,2,HORIZON_INSUFFICIENT,0.062429189682006836,0.0002865791320800781,False,HORIZON_INSUFFICIENT,0.0,0.0,0.0,False,0.0,-0.6979394333586075,4.309854049682617,SAFE,3.7261602240495333,0.9958482980728149,20.045806884765625,20.077627182006836,,,1.4930999896023422e-05,0.003702874993905425,,19.98756880684473,0.0016753640011302195,0.010222888999123825,0.1416702263617193,0.26476382504908785,0.1223985897686375,0.14987044906563324,0.3430693748268648,0.4060134953145825,0.1416702263617193,0.26476382504908785,0.1223985897686375
22.039769172668457,22.039769172668457,0.7555291652679443,True,PERIODIC,True,True,1,FAR_GUIDANCE,58.204917262086376,-10.111078645443799,-4.45369121914407,3.0097005592326562,-2.704646216617133,1.789607325379309,62.04955143592126,-13.154397126424112,-0.007586994175198026,3.116588656195548,-2.507364183375288,-0.23531785956047843,6.618975909200864,4.903366120054198,4.446104224968872,2.0373186472704305,1.3888062101267082,PREPARATION,False,FAR_GUIDANCE,0,False,inf,0.05915212631225586,0.0,True,True,TRACKING,0,0.05915212631225586,0.03236522801113672,0.05841776540835776,3,0,0.05915212631225586,0.01583695411682129,inf,VISION,,1:4,2,HORIZON_INSUFFICIENT,0.06231093406677246,0.0005681514739990234,False,HORIZON_INSUFFICIENT,0.0,0.0,0.0,False,0.0,-0.6948688745829328,4.22369121914407,SAFE,3.564017075563808,1.0001640319824219,19.934947967529297,19.9302921295166,,,2.1194000510149635e-05,0.0027588868979364634,,19.94810853892185,0.002360847000090871,0.008440866999080754,0.13454010393111157,0.2614868902188194,0.11531441907840737,0.14194427764480874,0.3426570751055259,0.4314823864296802,0.13454010393111157,0.2614868902188194,0.11531441907840737
22.089775800704956,22.089775800704956,0.8055357933044434,True,PERIODIC,True,True,1,FAR_GUIDANCE,58.34409713745117,-10.235466957092285,-4.367520809173584,3.0515620708465576,-2.7302331924438477,1.9341901540756226,62.197743080449364,-13.273278493609729,-0.018729890250000106,3.1232822560408784,-2.499020189824667,-0.23374053184689353,6.556742212554732,4.907024147626022,4.348790918923584,2.1814047530224547,1.5028613732856244,PREPARATION,False,FAR_GUIDANCE,0,False,inf,0.060680389404296875,0.0,True,True,TRACKING,0,0.060680389404296875,0.030451564870253914,0.05732511023563704,3,0,0.060680389404296875,0.017583370208740234,inf,VISION,,1:4,2,HORIZON_INSUFFICIENT,0.06231093406677246,0.0005681514739990234,False,HORIZON_INSUFFICIENT,0.0,0.0,0.0,False,0.0,-0.6907008107491222,4.137520809173584,SAFE,3.3177712929957126,1.0001640319824219,19.934947967529297,19.9302921295166,,,0.005190573167055845,0.0027588868979364634,,19.988947504660388,0.0013958489998913137,0.008440866999080754,0.13392025623378703,0.2746149114892306,0.15681052470398532,0.13980042337471707,0.3484991952978928,0.4679394831095873,0.13392025623378703,0.2746149114892306,0.15681052470398532
22.139675855636597,22.139675855636597,0.855435848236084,True,PERIODIC,True,True,1,FAR_GUIDANCE,58.51189705711642,-10.384613544193106,-4.256054787425799,3.102088462290214,-2.761310937531363,2.1093183217111173,62.361981427827274,-13.40430302845049,-0.03093346727705916,3.130805526908446,-2.489589675564937,-0.23055480796811664,6.464775666092524,4.893023016799186,4.22512132014874,2.35577235254169,1.6390667069821647,PREPARATION,False,FAR_GUIDANCE,0,False,inf,0.05870866775512695,0.0,True,True,TRACKING,0,0.05870866775512695,0.02904553215389749,0.027424953099251123,3,0,0.05870866775512695,0.02280592918395996,inf,VISION,,1:4,2,HORIZON_INSUFFICIENT,0.06231093406677246,0.0005681514739990234,False,HORIZON_INSUFFICIENT,0.0,0.0,0.0,False,0.0,-0.6891321334168348,4.026054787425799,SAFE,3.1291739756376247,0.9998477697372437,20.04644775390625,20.04816436767578,,,3.21830011671409e-05,0.0027588868979364634,,19.970588832306674,0.001326500001596287,0.008440866999080754,0.12775613674957487,0.27470397594420803,0.1865594920346385,0.13368345874189214,0.3477019665814682,0.4913410317285671,0.12775613674957487,0.27470397594420803,0.1865594920346385
22.189772129058838,22.189772129058838,0.9055321216583252,True,PERIODIC,True,True,1,FAR_GUIDANCE,58.66548156738281,-10.52044677734375,-4.147751331329346,3.1488935947418213,-2.7899553775787354,2.2677416801452637,62.51028559580129,-13.521880462775478,-0.041740825742883216,3.137703919444286,-2.480888423185317,-0.2262759645226085,6.375770106973248,4.877614394864282,4.106010505586463,2.513119894283989,1.758396011564691,PREPARATION,False,FAR_GUIDANCE,0,False,inf,0.0606989860534668,0.0,True,True,TRACKING,0,0.060698747634887695,0.02771873943660417,0.02815001513343498,3,0,0.060698747634887695,0.027845382690429688,inf,VISION,,1:4,2,HORIZON_INSUFFICIENT,0.06231093406677246,0.0005681514739990234,False,HORIZON_INSUFFICIENT,0.0,0.0,0.0,False,0.0,-0.6843142821377342,3.9177513313293457,SAFE,2.8003455912202186,0.9998477697372437,20.04644775390625,20.04816436767578,,,0.004772922024130821,0.0027588868979364634,,19.95416228689785,0.0028464589995564893,0.008440866999080754,0.1232784168409737,0.28401674191162324,0.24305773120421653,0.128157583800002,0.349307438120165,0.5212716999743108,0.1232784168409737,0.28401674191162324,0.24305773120421653
22.2397243976593,22.2397243976593,0.9554843902587891,True,PERIODIC,True,True,1,FAR_GUIDANCE,58.82322548181497,-10.659240026517653,-4.029954642085557,3.196668841631936,-2.8193277094873683,2.430805345478676,62.67583276854929,-13.652370088782448,-0.05351618951954518,3.1455119473965913,-2.4709825148683886,-0.22011345048420763,6.293923517367939,4.87866892455633,3.976438452566012,2.6741974245053877,1.8717967099448998,PREPARATION,False,FAR_GUIDANCE,0,False,inf,0.05862140655517578,0.0,True,True,TRACKING,0,0.05862140655517578,0.026659561502020826,0.029104683922596547,3,0,0.05862140655517578,0.030660390853881836,inf,VISION,,1:4,2,HORIZON_INSUFFICIENT,0.06231093406677246,0.0005681514739990234,False,HORIZON_INSUFFICIENT,0.0,0.0,0.0,False,0.0,-0.6813741929700181,3.799954642085557,SAFE,2.579059613733943,0.999015748500824,20.027782440185547,20.03313636779785,,,0.004745002835988998,0.003919389098882675,,19.980933664728457,0.001255634999324684,0.008440866999080754,0.11023717603206616,0.2771935351778825,0.24305773120421653,0.11280685068073669,0.3415535586195641,0.5478072970983346,0.11023717603206616,0.2771935351778825,0.24305773120421653
22.28986930847168,22.28986930847168,1.005629301071167,True,PERIODIC,True,True,1,FAR_GUIDANCE,58.97101593017578,-10.788683891296387,-3.9141459465026855,3.242058277130127,-2.8473243713378906,2.578902244567871,62.825523617047416,-13.76959237686123,-0.06381090398556759,3.1526805089334013,-2.4618282849950166,-0.21319809882697857,6.210324053308354,4.872683542716991,3.850335042517118,2.820003536455076,1.9715811185981187,PREPARATION,False,FAR_GUIDANCE,0,False,inf,0.060747623443603516,0.0,True,True,TRACKING,0,0.060747623443603516,0.02506007440138311,0.03018459989076451,3,0,0.060747623443603516,0.023395538330078125,inf,VISION,,1:5,2,HORIZON_INSUFFICIENT,0.05627036094665527,0.0003056526184082031,False,HORIZON_INSUFFICIENT,0.0,0.0,0.0,False,0.0,-0.6774482774504582,3.6841459465026856,SAFE,2.2460810330128425,0.999015748500824,20.027782440185547,20.03313636779785,,,0.005054677836596966,0.003919389098882675,,20.00863598576805,0.0021586040002148366,0.008154761000696453,0.10490488836573139,0.28172613978664024,0.29041572792269105,0.1067993801236732,0.33832893807319114,0.5879688256674567,0.10490488836573139,0.28172613978664024,0.29041572792269105
22.33976697921753,22.33976697921753,1.0555269718170166,True,PERIODIC,True,True,1,FAR_GUIDANCE,59.15079518425276,-10.945457008746148,-3.7676963304953732,3.3065940416553437,-2.8877186525346437,2.7043679833227614,62.991465634365795,-13.898754050088446,-0.07479928601504837,3.160737485269629,-2.4514768098457345,-0.20423413145509114,6.091814302972816,4.844864592614808,3.6928970444803246,2.9447491136671577,2.0666596577767122,PREPARATION,False,FAR_GUIDANCE,0,False,inf,0.0585782527923584,0.0,True,True,TRACKING,0,0.0585782527923584,0.02407689948930795,0.031457906287027014,3,0,0.0585782527923584,0.02196669578552246,inf,VISION,,1:5,2,HORIZON_INSUFFICIENT,0.05627036094665527,0.0003056526184082031,False,HORIZON_INSUFFICIENT,0.0,0.0,0.0,False,0.0,-0.6748125125712554,3.5376963304953732,SAFE,1.9971632524100642,1.000924825668335,20.084341049194336,20.097761154174805,,,0.0058827768079936504,0.003919389098882675,,20.029959063788052,0.0015445749995706137,0.008154761000696453,0.10016164585567032,0.27839597804100896,0.319751245331589,0.10187153010751256,0.33245981689711185,0.615582639110845,0.10016164585567032,0.27839597804100896,0.319751245331589
22.389760732650757,22.389760732650757,1.1055207252502441,True,PERIODIC,True,True,1,FAR_GUIDANCE,59.31363296508789,-11.086915016174316,-3.6332926750183105,3.375429391860962,-2.931384801864624,2.756619691848755,63.1404918476528,-14.013961793093213,-0.0841906866238445,3.168082685853701,-2.4419753659022962,-0.19496078936691988,5.984026793503081,4.817930234170812,3.549101988394466,2.99905678332278,2.122562530027548,PREPARATION,False,FAR_GUIDANCE,0,False,inf,0.06065797805786133,0.0,True,True,TRACKING,0,0.06065797805786133,0.023589386020729405,0.03279752473453493,3,0,0.06065797805786133,0.02200174331665039,inf,VISION,,1:5,2,HORIZON_INSUFFICIENT,0.05627036094665527,0.0003056526184082031,False,HORIZON_INSUFFICIENT,0.0,0.0,0.0,False,0.0,-0.670988228204771,3.4032926750183106,SAFE,1.656150934838661,1.000924825668335,20.084341049194336,20.097761154174805,,,2.168100036215037e-05,0.003919389098882675,,20.038899089581864,0.0017558729996380862,0.008154761000696453,0.0932528025563981,0.2793314661262105,0.3628122480181653,0.09699174311152346,0.3258111754732522,0.6444417902094172,0.0932528025563981,0.2793314661262105,0.3628122480181653
22.440953969955444,22.440953969955444,1.1567139625549316,True,PERIODIC,True,True,1,FAR_GUIDANCE,59.48420150030193,-11.234247383267284,-3.4946454916018683,3.4593874167149634,-2.9848701549326253,2.7434483100457707,63.3082984308717,-14.142871230412869,-0.09421658059491243,3.176466346573605,-2.431061815151013,-0.18334117745367223,5.886147024785322,4.804561376294108,3.400428911006956,2.9921304639468596,2.148277519442952,PREPARATION,False,FAR_GUIDANCE,0,False,inf,0.05864214897155762,0.0,True,True,TRACKING,0,0.05864214897155762,0.023319082556503504,0.034163500478999326,3,0,0.05864214897155762,0.028141021728515625,inf,VISION,,1:5,2,HORIZON_INSUFFICIENT,0.05627036094665527,0.0003056526184082031,False,HORIZON_INSUFFICIENT,0.0,0.0,0.0,False,0.0,-0.6688730959917533,3.2646454916018683,SAFE,1.5000092961433327,0.9992358088493347,20.057199478149414,20.026103973388672,,,0.005497877951711416,0.003919389098882675,,19.994684929527143,0.0016068750010163058,0.008154761000696453,0.0880461159468855,0.27018395397659917,0.36710960218997407,0.09309220971536832,0.31523082019236,0.6725212290953076,0.0880461159468855,0.27018395397659917,0.36710960218997407
22.49177598953247,22.49177598953247,1.207535982131958,True,PERIODIC,True,True,1,FAR_GUIDANCE,59.64484786987305,-11.372108459472656,-3.3685615062713623,3.5433952808380127,-3.0383636951446533,2.6968014240264893,63.459674892691815,-14.25832853912018,-0.10265784860373402,3.1841430838723053,-2.4209966979257347,-0.17175089873684762,5.7921756070889,4.783635809945074,3.265903657667628,2.956145561150656,2.16166746061301,PREPARATION,False,FAR_GUIDANCE,0,False,inf,0.06066703796386719,0.0,True,True,TRACKING,0,0.06066703796386719,0.02359115870757727,0.0354401519521053,3,0,0.06066703796386719,0.01914501190185547,inf,VISION,,1:6,2,HORIZON_INSUFFICIENT,0.06424212455749512,0.001924753189086914,False,HORIZON_INSUFFICIENT,0.0,0.0,0.0,False,0.0,-0.6662112940307789,3.1385615062713623,SAFE,1.3671637156726775,0.9992358088493347,20.057199478149414,20.026103973388672,,,3.125199873466045e-05,0.003919389098882675,,20.017476532926747,0.0016110480009956518,0.007979564999914146,0.09426813577833108,0.26157682546643835,0.4198098650227787,0.09784447808911823,0.3002902905734188,0.6970398369953436,0.09426813577833108,0.26157682546643835,0.4198098650227787
22.540735244750977,22.540735244750977,1.2564952373504639,True,PERIODIC,True,True,1,FAR_GUIDANCE,59.787994384765625,-11.49413013458252,-3.261136054992676,3.6209867000579834,-3.0874388217926025,2.631667375564575,63.586379902230995,-14.35433684267052,-0.10923141036475971,3.190654668199186,-2.41240299148624,-0.16128400451473707,5.70464879209135,4.7548412120997545,3.151904644627916,2.9054150204967373,2.1681309131238433,PREPARATION,False,FAR_GUIDANCE,0,False,inf,0.05862283706665039,0.0,True,True,TRACKING,0,0.05862283706665039,0.024243360262892803,0.036825937512153205,3,0,0.05862283706665039,0.016106128692626953,inf,VISION,,1:6,2,HORIZON_INSUFFICIENT,0.06424212455749512,0.001924753189086914,False,HORIZON_INSUFFICIENT,0.0,0.0,0.0,False,0.0,-0.6644963896109797,3.031136054992676,SAFE,1.309493708541129,0.9999905228614807,20.10772132873535,20.115873336791992,,,0.004928981885313988,0.004021450877189636,,20.05565729825689,0.0009723650000523776,0.007979564999914146,0.08781246679460825,0.24816411528971868,0.4181797441216077,0.09515056707582237,0.2863958388808875,0.7198302759045991,0.08781246679460825,0.24816411528971868,0.4181797441216077
22.58976411819458,22.58976411819458,1.3055241107940674,True,PERIODIC,True,True,1,FAR_GUIDANCE,60.023738861083984,-11.693549156188965,-3.0953636169433594,3.747300148010254,-3.1660265922546387,2.5031111240386963,63.77845989215574,-14.499003341161306,-0.11847730495618734,3.200644767788837,-2.3991382050060084,-0.14445076709995072,5.552508921167794,4.6870569876150805,2.976886311987172,2.8100772001195047,2.1765835253456824,PREPARATION,False,FAR_GUIDANCE,0,False,inf,0.0606846809387207,0.0,True,True,TRACKING,0,0.0606846809387207,0.0254493556923014,0.038256775740733544,3,0,0.0606846809387207,0.01865410804748535,inf,VISION,,1:6,2,HORIZON_INSUFFICIENT,0.06424212455749512,0.001924753189086914,False,HORIZON_INSUFFICIENT,0.0,0.0,0.0,False,0.0,-0.6620050012583061,2.8653636169433594,SAFE,1.272290375835371,0.9999905228614807,20.10772132873535,20.115873336791992,,,2.5137000193353742e-05,0.004021450877189636,,20.012600450016073,0.001972415000636829,0.007979564999914146,0.07591081169340964,0.24083779470996863,0.4495133351479307,0.08865604480255736,0.27442778776325694,0.7397889388647152,0.07591081169340964,0.24083779470996863,0.4495133351479307
22.6396803855896,22.6396803855896,1.355440378189087,True,PERIODIC,True,True,1,FAR_GUIDANCE,60.21287718717096,-11.852261393282014,-2.9728728896130967,3.8458490231683604,-3.226103722882168,2.3816501006196407,63.94623605394081,-14.624302320703242,-0.12564819388200685,3.209513581842921,-2.38726256787263,-0.1286954051172304,5.4524185275314645,4.64996551937618,2.84722469573109,2.7222071624690662,2.173070213580952,PREPARATION,False,FAR_GUIDANCE,0,False,inf,0.058669328689575195,0.0,True,True,TRACKING,0,0.058669328689575195,0.026476615684557444,0.039746755147262045,3,0,0.058669328689575195,0.022617340087890625,inf,VISION,,1:6,2,HORIZON_INSUFFICIENT,0.06424212455749512,0.001924753189086914,False,HORIZON_INSUFFICIENT,0.0,0.0,0.0,False,0.0,-0.6604846542990765,2.7428728896130967,SAFE,1.266783888480302,0.9994915127754211,20.002592086791992,19.974098205566406,,,0.005117837805300951,0.004021450877189636,,19.99187598840803,0.0017741419997037156,0.007979564999914146,0.0679346541203921,0.22466191474277375,0.4572431886203534,0.08748301192423633,0.26103307107399015,0.7562034971114353,0.0679346541203921,0.22466191474277375,0.4572431886203534
22.690368175506592,22.690368175506592,1.406128168106079,True,PERIODIC,True,True,1,FAR_GUIDANCE,60.39274597167969,-12.002300262451172,-2.8645496368408203,3.9341089725494385,-3.27841854095459,2.2651054859161377,64.10025724500069,-14.73843297341136,-0.13143757701914413,3.2177745487826925,-2.3761141061360282,-0.1134719537978443,5.3574213559632735,4.607826174432872,2.7331120598216763,2.642899721230982,2.169991968934163,PREPARATION,False,FAR_GUIDANCE,0,False,inf,0.06066250801086426,0.0,True,True,TRACKING,0,0.06066250801086426,0.02808573474590253,0.04137381715940324,3,0,0.06066250801086426,0.02252483367919922,inf,VISION,,1:7,2,HORIZON_INSUFFICIENT,0.052247047424316406,0.0019185543060302734,False,HORIZON_INSUFFICIENT,0.0,0.0,0.0,False,0.0,-0.6584445509663976,2.6345496368408203,SAFE,1.2839377689876985,0.9994915127754211,20.002592086791992,19.974098205566406,,,3.9163998735602945e-05,0.004021450877189636,,19.999542246805266,0.001748557999235345,0.011702567000611452,0.06674679487720087,0.21549850648753824,0.5000592738656919,0.08975472170999578,0.24919386482582762,0.7706571271330166,0.06674679487720087,0.21549850648753824,0.5000592738656919
22.739654541015625,22.739654541015625,1.4554145336151123,True,PERIODIC,True,True,1,FAR_GUIDANCE,60.61173005938779,-12.183852719869066,-2.7432576589200037,4.032654130495045,-3.335065495439945,2.1224407186759633,64.2683204391561,-14.862057617716394,-0.13692595261531815,3.226908944552626,-2.363695975282409,-0.09620769738586385,5.228422290094467,4.532486589088552,2.606331706304686,2.5524860123914723,2.1670668100696004,PREPARATION,False,FAR_GUIDANCE,0,False,inf,0.05865883827209473,0.0,True,True,TRACKING,0,0.05865883827209473,0.02998677326766236,0.043028711835104635,3,0,0.05865883827209473,0.028565645217895508,inf,VISION,,1:7,2,HORIZON_INSUFFICIENT,0.052247047424316406,0.0019185543060302734,False,HORIZON_INSUFFICIENT,0.0,0.0,0.0,False,0.0,-0.6569965027368778,2.5132576589200037,SAFE,1.2986432414879234,1.0000417232513428,20.014179229736328,20.04571533203125,,,0.0050328872166574,0.004920001141726971,,19.977577680561918,0.0017736029985826463,0.011702567000611452,0.06489713580607498,0.20450285805631616,0.5023787003039131,0.0936784570667741,0.2377286265116651,0.7819069247861699,0.06489713580607498,0.20450285805631616,0.5023787003039131
22.789710521697998,22.789710521697998,1.5054705142974854,True,PERIODIC,True,True,1,FAR_GUIDANCE,60.81159973144531,-12.348554611206055,-2.6410372257232666,4.113590717315674,-3.3795981407165527,1.998903512954712,64.42120424320508,-14.9736032367686,-0.14107419030552273,3.235337910955496,-2.3521431160995285,-0.07995911066021971,5.115656379814754,4.463196726325683,2.499963035417744,2.4796494968752048,2.1628396408539006,PREPARATION,False,FAR_GUIDANCE,0,False,inf,0.0606691837310791,0.0,True,True,TRACKING,0,0.0606691837310791,0.03176857858210658,0.07678863206592368,3,0,0.0606691837310791,0.020348787307739258,inf,VISION,,1:7,2,HORIZON_INSUFFICIENT,0.052247047424316406,0.0019185543060302734,False,HORIZON_INSUFFICIENT,0.0,0.0,0.0,False,0.0,-0.6530790994208879,2.4110372257232666,SAFE,1.3275425514856465,1.0000417232513428,20.014179229736328,20.04571533203125,,,0.0051841940730810165,0.004920001141726971,,20.01809501010679,0.0017778150013327831,0.011702567000611452,0.06522263832542465,0.19675503988760223,0.5210361094442366,0.09771550866104865,0.22975932831058749,0.7889191931929731,0.06522263832542465,0.19675503988760223,0.5210361094442366
22.839635372161865,22.839635372161865,1.5553953647613525,True,PERIODIC,True,True,1,FAR_GUIDANCE,61.0183917498247,-12.517817469390204,-2.543961358671725,4.189178619597795,-3.4185821853148055,1.8677656181659414,64.59199308477659,-15.09726506021832,-0.14482309571820676,3.2448769772051356,-2.3389684484413342,-0.06136711344802296,5.0179717794908445,4.407286736190294,2.3991382629535183,2.4039185736741855,2.1497970270132862,PREPARATION,False,FAR_GUIDANCE,0,False,inf,0.05861473083496094,0.0,True,True,TRACKING,0,0.05861473083496094,0.03387961871920571,0.08080576070581108,3,0,0.05861473083496094,0.021049976348876953,inf,VISION,,1:7,2,HORIZON_INSUFFICIENT,0.052247047424316406,0.0019185543060302734,False,HORIZON_INSUFFICIENT,0.0,0.0,0.0,False,0.0,-0.6514636738615351,2.313961358671725,SAFE,1.3420786479595224,0.9989238977432251,19.92514991760254,19.92142677307129,,,0.006221531890332699,0.004920001141726971,,20.03269814496171,0.001115963999836822,0.011702567000611452,0.06428982282055593,0.1874640752003598,0.5117006030592877,0.1024245532053637,0.22617249375787826,0.7939809957918411,0.06428982282055593,0.1874640752003598,0.5117006030592877
22.889765739440918,22.889765739440918,1.6055257320404053,True,PERIODIC,True,True,1,FAR_GUIDANCE,61.21358108520508,-12.676517486572266,-2.4593822956085205,4.251695156097412,-3.448289155960083,1.7551037073135376,64.75167544146248,-15.21189146815801,-0.14739753869046537,3.253923519718261,-2.326365810999737,-0.043639506773300314,4.928641437201927,4.352727064758648,2.311984756918055,2.3430188604774798,2.1371756254623038,PREPARATION,False,FAR_GUIDANCE,0,False,inf,0.10866737365722656,0.0,True,True,TRACKING,0,0.06067299842834473,0.03387961871920571,0.08492300849216738,3,0,0.06067299842834473,0.07110261917114258,inf,VISION,,1:7,2,HORIZON_INSUFFICIENT,0.052247047424316406,0.0019185543060302734,False,HORIZON_INSUFFICIENT,0.0,0.0,0.0,False,0.0,-0.6491289385054562,2.2293822956085205,SAFE,1.3687735663741452,0.9989238977432251,19.92514991760254,19.92142677307129,,,0.006496530957520008,0.004920001141726971,,20.022873154194293,0.0009989330010284903,0.011702567000611452,0.06642535774494901,0.17528784404144104,0.5319379158147873,0.10524106427584021,0.22113461586426897,0.7963921062734969,0.06642535774494901,0.17528784404144104,0.5319379158147873
22.939744234085083,22.939744234085083,1.6555042266845703,True,PERIODIC,True,True,1,FAR_GUIDANCE,61.44878539562147,-12.866338504444062,-2.365972357603301,4.315913239284691,-3.4749502991743633,1.627606649968951,64.91737139120849,-15.329851282174758,-0.1491513409482321,3.2634359878675414,-2.3130035782702554,-0.025028336069581415,4.797320026296809,4.254407598576423,2.216821016655069,2.2779444558744153,2.121324898704817,PREPARATION,False,FAR_GUIDANCE,0,False,inf,0.05864262580871582,0.0,True,True,TRACKING,0,0.05864262580871582,0.03837200107573821,0.08936853837779019,3,0,0.05864262580871582,0.023751020431518555,inf,VISION,,1:8,2,HORIZON_INSUFFICIENT,0.05447101593017578,0.0002703666687011719,False,HORIZON_INSUFFICIENT,0.0,0.0,0.0,False,0.0,-0.647210137401768,2.135972357603301,SAFE,1.3800389348263453,1.0001029968261719,20.116865158081055,20.123126983642578,,,0.007497489918023348,0.004920001141726971,,19.982141092987977,0.001960662999408669,0.010867491000681184,0.07242837958010431,0.16541116010078805,0.5058431507628179,0.11539626576998427,0.22312475898939652,0.7939411338892882,0.07242837958010431,0.16541116010078805,0.5058431507628179
22.98974847793579,22.98974847793579,1.7055084705352783,True,PERIODIC,True,True,1,FAR_GUIDANCE,61.662288665771484,-13.037519454956055,-2.287729024887085,4.365291595458984,-3.491785764694214,1.5210508108139038,65.0771778400245,-15.442623977557883,-0.14992443375822917,3.272735736321225,-2.299825001023422,-0.006976229597060193,4.692142826782008,4.176840413167618,2.1378045911288557,2.2247056892303743,2.1023167848088775,PREPARATION,False,FAR_GUIDANCE,0,False,inf,0.060693979263305664,0.0,True,True,TRACKING,0,0.060693979263305664,0.0405860521802217,0.09405895735135808,3,0,0.060693979263305664,0.025723695755004883,inf,VISION,,1:8,2,HORIZON_INSUFFICIENT,0.05447101593017578,0.0002703666687011719,False,HORIZON_INSUFFICIENT,0.0,0.0,0.0,False,0.0,-0.6437380733131586,2.057729024887085,SAFE,1.393307028496008,1.0001029968261719,20.116865158081055,20.123126983642578,,,3.720899985637516e-05,0.004920001141726971,,20.01664190073735,0.0017804049984988524,0.010867491000681184,0.0805797206558046,0.1769979009200875,0.5147500247083,0.1234168079628175,0.23390169162931654,0.7892995094124174,0.0805797206558046,0.1769979009200875,0.5147500247083
23.039674282073975,23.039674282073975,1.755434274673462,True,PERIODIC,True,True,1,FAR_GUIDANCE,61.87905215701612,-13.210250909225348,-2.214560213997447,4.407230998620466,-3.5020503239714826,1.4135164082628826,65.24453383305708,-15.559704587606225,-0.14980808343317759,3.2826020464985755,-2.2857217250407724,0.011915102399959908,4.5945185666503265,4.104436562870096,2.0647521305642695,2.169961234935817,2.0756440475163522,PREPARATION,False,FAR_GUIDANCE,0,False,inf,0.058602094650268555,0.0,True,True,TRACKING,0,0.058602094650268555,0.04264682260943619,0.0983009471588617,3,0,0.058602094650268555,0.025905609130859375,inf,VISION,,1:8,2,HORIZON_INSUFFICIENT,0.05447101593017578,0.0002703666687011719,False,HORIZON_INSUFFICIENT,0.0,0.0,0.0,False,0.0,-0.6411743647530166,1.984560213997447,SAFE,1.3968522894494726,1.0005857944488525,20.14434242248535,20.126873016357422,,,0.007126060780137777,0.0040433891117572784,,19.990341436151986,0.0014258870014600689,0.010867491000681184,0.08193807099509835,0.16436238259912841,0.48632527374381856,0.12659990386744335,0.23893269743263706,0.7804934927621485,0.08193807099509835,0.16436238259912841,0.48632527374381856
23.08968758583069,23.08968758583069,1.8054475784301758,True,PERIODIC,True,True,1,FAR_GUIDANCE,62.08475875854492,-13.37326431274414,-2.150080919265747,4.43959903717041,-3.505962371826172,1.3215476274490356,65.40371001967577,-15.67003477286056,-0.1487848276652517,3.2921130012290747,-2.271999792254187,0.029758493209089937,4.505083580410119,4.0361605543171155,2.001296091600495,2.1232303261315515,2.048315288404453,PREPARATION,False,FAR_GUIDANCE,0,False,inf,0.06060385704040527,0.0,True,True,TRACKING,0,0.06060385704040527,0.04435322733454432,0.10262011964985293,3,0,0.06060385704040527,0.018224477767944336,inf,VISION,,1:8,2,HORIZON_INSUFFICIENT,0.05447101593017578,0.0002703666687011719,False,HORIZON_INSUFFICIENT,0.0,0.0,0.0,False,0.0,-0.6371821177563031,1.920080919265747,SAFE,1.4034375756954318,1.0005857944488525,20.14434242248535,20.126873016357422,,,1.979300031962339e-05,0.0040433891117572784,,20.016898316472943,0.0010661579999577953,0.010867491000681184,0.08802797652439422,0.1521786101134059,0.49620270185733123,0.12986114844087945,0.24100223559185793,0.770757811717541,0.08802797652439422,0.1521786101134059,0.49620270185733123
23.13972568511963,23.13972568511963,1.8554856777191162,True,PERIODIC,True,True,1,FAR_GUIDANCE,62.327611062318226,-13.564388196569647,-2.0798690583182036,4.468955536984101,-3.5037280660356314,1.2208929965464357,65.5736460966719,-15.786762939764454,-0.1467790335267714,3.3023961758823037,-2.2570289093225937,0.0485656926729353,4.383210009500998,3.9339157265301963,1.9330900247914322,2.07110377280583,2.0130314248721084,PREPARATION,False,FAR_GUIDANCE,0,False,inf,0.058689117431640625,0.0,True,True,TRACKING,0,0.058689117431640625,0.04614457944190995,0.10655113842701291,3,0,0.058689117431640625,0.028016090393066406,inf,VISION,,1:8,2,HORIZON_INSUFFICIENT,0.05447101593017578,0.0002703666687011719,False,HORIZON_INSUFFICIENT,0.0,0.0,0.0,False,0.0,-0.6339542961848021,1.8498690583182036,SAFE,1.4025511488251567,1.000426173210144,19.956201553344727,19.935585021972656,,,0.006299387197941542,0.0040433891117572784,,20.000681649400807,0.0016070519995992072,0.010867491000681184,0.09328277683896888,0.1333360896434448,0.4704122000497136,0.13551732892790605,0.24784422548296645,0.7582137722165604,0.09328277683896888,0.1333360896434448,0.4704122000497136
23.189711332321167,23.189711332321167,1.9054713249206543,True,PERIODIC,True,True,1,FAR_GUIDANCE,62.54867935180664,-13.737168312072754,-2.020609140396118,4.48868989944458,-3.4961562156677246,1.1371076107025146,65.73076299177225,-15.893627450030918,-0.14404405428566522,3.3120311904126716,-2.2428628291447787,0.06560971402191902,4.277554070707791,3.8439526929217096,1.876565086110453,2.025679582963143,1.9772135680088716,PREPARATION,False,FAR_GUIDANCE,0,False,inf,0.06075429916381836,0.0,True,True,TRACKING,0,0.06075429916381836,0.04731554801662568,0.11111786205801273,3,0,0.06075429916381836,0.026285409927368164,inf,VISION,,1:9,2,DYNAMIC_LIMIT_VERTICAL,0.0843498706817627,0.008207321166992188,False,DYNAMIC_LIMIT_VERTICAL,0.0,0.0,0.0,False,0.0,-0.628369788193774,1.7906091403961182,SAFE,1.3974932693015945,1.000426173210144,19.956201553344727,19.935585021972656,,,0.00556537788361311,0.0040433891117572784,,19.980728266145693,0.0020211390001350082,0.03374562099998002,0.10991679988439837,0.13390426607069683,0.48335008958324516,0.1444916549597181,0.25735970035256167,0.7452724360096319,0.10991679988439837,0.13390426607069683,0.48335008958324516
23.239652633666992,23.239652633666992,1.9554126262664795,True,PERIODIC,True,True,1,FAR_GUIDANCE,62.77232540460487,-13.910726577402311,-1.9651474314513242,4.502517437694246,-3.4832611357368255,1.0533141729640505,65.90512971202833,-16.011120564319953,-0.14012957212585864,3.3228553419346714,-2.2267986834413707,0.08405893154267909,4.1900844759679545,3.7717526070635574,1.8250178593254656,1.9773103644150003,1.934000339803588,PREPARATION,False,FAR_GUIDANCE,0,False,inf,0.058675289154052734,0.0,True,True,TRACKING,0,0.058675289154052734,0.04832313256485444,0.11480573911645452,3,0,0.058675289154052734,0.022736787796020508,inf,VISION,,1:9,2,DYNAMIC_LIMIT_VERTICAL,0.0843498706817627,0.008207321166992188,False,DYNAMIC_LIMIT_VERTICAL,0.0,0.0,0.0,False,0.0,-0.6245397030326938,1.7351474314513242,SAFE,1.3914402551272247,1.0000427961349487,20.00832176208496,20.002573013305664,,,4.063700180267915e-05,0.0020122251007705927,,19.984471190678303,0.002179508999688551,0.03374562099998002,0.10663025921307237,0.13391803047157058,0.4519929755765557,0.14606307478572816,0.2750187267988576,0.7295143187980182,0.10663025921307237,0.13391803047157058,0.4519929755765557
23.289758443832397,23.289758443832397,2.0055184364318848,True,PERIODIC,True,True,1,FAR_GUIDANCE,62.9801025390625,-14.070952415466309,-1.9171581268310547,4.5099921226501465,-3.4671804904937744,0.9833295941352844,66.0630125008835,-16.1163879739711,-0.1357358234651684,3.3327875024768483,-2.2119018814987763,0.10019855215528697,4.10628857724593,3.699748701829759,1.7814223033658863,1.9342842452096984,1.892228600624076,PREPARATION,False,FAR_GUIDANCE,0,False,inf,0.06066608428955078,0.0,True,True,TRACKING,0,0.06066608428955078,0.04947617982655918,0.11891137023840107,3,0,0.06066608428955078,0.020018577575683594,inf,VISION,,1:9,2,DYNAMIC_LIMIT_VERTICAL,0.0843498706817627,0.008207321166992188,False,DYNAMIC_LIMIT_VERTICAL,0.0,0.0,0.0,False,0.0,-0.618813394610406,1.6871581268310547,SAFE,1.3843398374529414,1.0000427961349487,20.00832176208496,20.002573013305664,,,0.005468117073178291,0.0020122251007705927,,20.010922018655016,0.001253538999662851,0.03374562099998002,0.11699017668936573,0.14292519466818857,0.46503817982135276,0.15181280583264317,0.2883611235982305,0.71484889405933,0.11699017668936573,0.14292519466818857,0.46503817982135276
23.33971381187439,23.33971381187439,2.055473804473877,True,PERIODIC,True,True,1,FAR_GUIDANCE,62.993947370024244,-14.081574494010956,-1.9141224353428983,4.510226055755665,-3.465920808387174,0.9788583887673158,66.07164631864966,-16.122144520572746,-0.13549555139041136,3.333330642516159,-2.2110872501244296,0.10108114704859017,4.098740104470016,3.692716730494277,1.7786268839524868,1.9313681572206431,1.8893473423897513,PREPARATION,False,FAR_GUIDANCE,0,False,inf,0.05865144729614258,0.0,True,True,TRACKING,0,0.05865144729614258,0.05046320753247862,0.12251975163904809,3,0,0.05865144729614258,0.02110910415649414,inf,VISION,,1:9,2,DYNAMIC_LIMIT_VERTICAL,0.0843498706817627,0.008207321166992188,False,DYNAMIC_LIMIT_VERTICAL,0.0,0.0,0.0,False,0.0,-0.614477090997708,1.6841224353428983,SAFE,1.3762712695703094,1.0002840757369995,20.012983322143555,20.033578872680664,,,2.7876998501596972e-05,0.0020122251007705927,,19.984867110742638,0.0018282679993717466,0.03374562099998002,0.11699017668936573,0.14292519466818857,0.46503817982135276,0.15181280583264317,0.2883611235982305,0.71484889405933,0.11699017668936573,0.14292519466818857,0.46503817982135276
23.39085841178894,23.39085841178894,2.1066184043884277,True,PERIODIC,True,True,1,FAR_GUIDANCE,63.44825744628906,-14.428250312805176,-1.8203394412994385,4.509731769561768,-3.4184019565582275,0.8428894877433777,66.3981016202112,-16.33637303811631,-0.1240086269282476,3.3542622313190753,-2.179187618862834,0.13233762666766904,3.9012884047525063,3.5131912821921794,1.6963308143711908,1.8372931110290394,1.7887319310892857,PREPARATION,False,FAR_GUIDANCE,0,False,inf,0.06064748764038086,0.0,True,True,TRACKING,0,0.06064748764038086,0.05108303681624011,0.12750614613085032,3,0,0.06064748764038086,0.020900964736938477,inf,VISION,,1:10,2,DYNAMIC_LIMIT_VERTICAL,0.08432960510253906,0.004372835159301758,False,DYNAMIC_LIMIT_VERTICAL,0.0,0.0,0.0,False,0.0,-0.6071951863605825,1.5903394412994385,SAFE,1.3619824802853593,1.0002840757369995,20.012983322143555,20.033578872680664,,,0.004646943882107735,0.0020122251007705927,,20.024337231572066,0.0011880940000992268,0.029229692001536023,0.14233436785875542,0.15366374849402226,0.4488190198632807,0.16883756104012018,0.31351933747643884,0.6898116381789108,0.14233436785875542,0.15366374849402226,0.4488190198632807
23.43985915184021,23.43985915184021,2.1556191444396973,True,PERIODIC,True,True,1,FAR_GUIDANCE,63.520259857177734,-14.482747077941895,-1.8067755699157715,4.507995128631592,-3.4095606803894043,0.8218615651130676,66.55070516029014,-16.43505682124094,-0.11770932304923983,3.3642109826854414,-2.163801821530402,0.14591401410481325,3.9809618002739233,3.604873377656475,1.6890662468665316,1.8212804283408706,1.7684175325129214,PREPARATION,False,FAR_GUIDANCE,0,False,inf,0.05866813659667969,0.0,True,True,TRACKING,0,0.05866813659667969,0.05326307627311835,0.13432245575049764,3,0,0.05866813659667969,0.017908573150634766,inf,VISION,,1:10,2,DYNAMIC_LIMIT_VERTICAL,0.08432960510253906,0.004372835159301758,False,DYNAMIC_LIMIT_VERTICAL,0.0,0.0,0.0,False,0.0,-0.6022800535571062,1.5767755699157715,SAFE,1.351813480428273,0.9998720288276672,19.933856964111328,19.964988708496094,,,4.4369997340254486e-05,0.0020122251007705927,,19.994955833434112,0.001777900999513804,0.029229692001536023,0.14747053353324993,0.16261940529203076,0.40768997810352015,0.17343694479695299,0.3327116107186149,0.6770698771174309,0.14747053353324993,0.16261940529203076,0.40768997810352015
23.489821195602417,23.489821195602417,2.2055811882019043,True,PERIODIC,True,True,1,FAR_GUIDANCE,63.79182907301452,-14.687310018223705,-1.7587618184410607,4.497321069968526,-3.3732989512440184,0.7460059401002248,66.7423792825237,-16.557616692983398,-0.1089902420492631,3.3768601715315474,-2.14401851249562,0.16188446740357706,3.8633586231096397,3.4933928488627406,1.6497715763917977,1.7628842607729407,1.7002756388948768,PREPARATION,False,FAR_GUIDANCE,0,False,inf,0.10866475105285645,0.0,True,True,TRACKING,0,0.10866475105285645,0.05326307627311835,0.13027509452432068,3,0,0.10866475105285645,0.06790518760681152,inf,VISION,,1:10,2,DYNAMIC_LIMIT_VERTICAL,0.08432960510253906,0.004372835159301758,False,DYNAMIC_LIMIT_VERTICAL,0.0,0.0,0.0,False,0.0,-0.6006209093101393,1.5287618184410607,SAFE,1.3484050487067911,0.9998720288276672,19.933856964111328,19.964988708496094,,,0.008328881114721298,0.0020122251007705927,,19.980838479494334,0.0017410539985576179,0.029229692001536023,0.15851206072483306,0.18394863739602094,0.41715766083535594,0.18061022221680467,0.34747343899103883,0.6679842770643996,0.15851206072483306,0.18394863739602094,0.41715766083535594
23.539690256118774,23.539690256118774,2.2554502487182617,True,PERIODIC,True,True,1,FAR_GUIDANCE,63.9870719909668,-14.83338737487793,-1.726883888244629,4.485904216766357,-3.3445138931274414,0.7004693746566772,66.88719886868766,-16.649028376333504,-0.10177812096896537,3.3865457742275837,-2.1286736746853085,0.1729580371455208,3.78790930565638,3.4215914649539294,1.6251057672756635,1.7219537256167776,1.6507971895825035,PREPARATION,False,FAR_GUIDANCE,0,False,inf,0.11065125465393066,0.0,True,True,TRACKING,0,0.11065125465393066,0.05257268972520938,0.13355541794758066,3,0,0.11065125465393066,0.043909549713134766,inf,VISION,,1:10,2,DYNAMIC_LIMIT_VERTICAL,0.08432960510253906,0.004372835159301758,False,DYNAMIC_LIMIT_VERTICAL,0.0,0.0,0.0,False,0.0,-0.5927393698593519,1.496883888244629,SAFE,1.334738486677881,0.9999872446060181,19.5241641998291,19.530061721801758,,,2.429899905109778e-05,0.002800469985231757,,20.01194713488239,0.0015060780006024288,0.029229692001536023,0.1491963554667532,0.18909913473919268,0.3732089339785523,0.17556132609581135,0.3587824683492122,0.6635286840076912,0.1491963554667532,0.18909913473919268,0.3732089339785523
23.58986806869507,23.58986806869507,2.3056280612945557,True,PERIODIC,True,True,1,FAR_GUIDANCE,64.22745509934143,-15.01193057035634,-1.6903446884851654,4.467096592378229,-3.305308460420628,0.6474423743495402,67.08158510234448,-16.77045759420104,-0.09150524762336508,3.3996806133873054,-2.107646015572473,0.18669883862507472,3.7141301707519037,3.352383535282664,1.5988394408618003,1.6691485283571061,1.585652740296498,PREPARATION,False,FAR_GUIDANCE,0,False,inf,0.08330821990966797,0.0,True,True,TRACKING,0,0.08330845832824707,0.053821987191130786,0.14017563004415545,3,0,0.08330845832824707,0.038877248764038086,inf,VISION,,1:11,0,NONE,0.05989718437194824,0.00020933151245117188,False,HORIZONTAL_PREPARATION_NOT_READY,0.0,0.0,0.0,False,0.0,-0.5873625771315893,1.4603446884851654,SAFE,1.323682013079744,0.9999872446060181,19.5241641998291,19.530061721801758,,,3.502600156934932e-05,0.002800469985231757,,20.00475846091553,0.0019090659989160486,0.013044557999819517,0.17809976334198022,0.21035462932524276,0.3885895855868472,0.19568767037621398,0.3681996186230461,0.6629774777113906,0.17809976334198022,0.21035462932524276,0.3885895855868472
23.63973045349121,23.63973045349121,2.3554904460906982,True,PERIODIC,True,True,1,FAR_GUIDANCE,64.41531372070312,-15.150442123413086,-1.6636903285980225,4.449440956115723,-3.2724974155426025,0.6095414161682129,67.22741760831637,-16.860310470532877,-0.08327730264328854,3.4096637795110536,-2.091442794154954,0.19586544964053895,3.650929110763328,3.291136283901307,1.580413025954734,1.627007806057397,1.5330859817122846,PREPARATION,False,FAR_GUIDANCE,0,False,inf,0.08523869514465332,0.0,True,True,TRACKING,0,0.03324294090270996,0.05506446272119822,0.14887797146789103,3,0,0.08523869514465332,0.047945261001586914,inf,VISION,,1:11,0,NONE,0.05989718437194824,0.00020933151245117188,False,HORIZONTAL_PREPARATION_NOT_READY,0.0,0.0,0.0,False,0.0,-0.5796779241096344,1.4336903285980225,SAFE,1.3087916439802363,0.9980854392051697,19.389257431030273,19.37845230102539,,,2.8889000532217324e-05,0.002800469985231757,,20.024236600845377,0.0014916969994374085,0.013044557999819517,0.17725255127434206,0.21670202661903595,0.34032105869438234,0.19610660998147111,0.37930380613180026,0.668182453334896,0.17725255127434206,0.21670202661903595,0.34032105869438234
23.689882278442383,23.689882278442383,2.40564227104187,True,PERIODIC,True,True,1,FAR_GUIDANCE,64.68266393428297,-15.345884737409,-1.6285558802460165,4.420789182085598,-3.222783961539501,0.5583572811194547,67.42279399820137,-16.979365197133568,-0.0717810954258772,3.4231722355038734,-2.069273265200953,0.20688928747553006,3.549664619389166,3.1900738517299945,1.5567747848201392,1.565041932099767,1.455065318599127,PREPARATION,False,FAR_GUIDANCE,0,False,inf,0.08332276344299316,0.0,True,True,TRACKING,0,0.08332276344299316,0.05638004651137167,0.15369199637785935,3,0,0.08332276344299316,0.05027937889099121,inf,VISION,,1:11,0,NONE,0.05989718437194824,0.00020933151245117188,False,HORIZONTAL_PREPARATION_NOT_READY,0.0,0.0,0.0,False,0.0,-0.574123977699478,1.3985558802460165,SAFE,1.2979509685679205,0.9980854392051697,19.389257431030273,19.37845230102539,,,2.6222000087727793e-05,0.002800469985231757,,19.986556211783054,0.002352292000068701,0.013044557999819517,0.17752427980658514,0.24452049445648796,0.3679123755915272,0.19504284253562584,0.389316541522343,0.6786218755734114,0.17752427980658514,0.24452049445648796,0.3679123755915272
23.739800453186035,23.739800453186035,2.4555604457855225,True,PERIODIC,True,True,1,FAR_GUIDANCE,64.8748779296875,-15.485207557678223,-1.6050240993499756,4.397677421569824,-3.1849923133850098,0.5259060859680176,67.57437700073336,-17.07039705384881,-0.062449830958155234,3.433784731284711,-2.051601246647256,0.21414770676930595,3.4899364387982206,3.1305144901991824,1.5425742683918204,1.5201505568681752,1.398185203466516,PREPARATION,False,FAR_GUIDANCE,0,False,inf,0.08534860610961914,0.0,True,True,TRACKING,0,0.08534860610961914,0.05760813699265072,0.16192453195413853,3,0,0.08534860610961914,0.04802751541137695,inf,VISION,,1:11,0,NONE,0.05989718437194824,0.00020933151245117188,False,HORIZONTAL_PREPARATION_NOT_READY,0.0,0.0,0.0,False,0.0,-0.5650278385062673,1.3750240993499756,SAFE,1.2814763762913166,0.9998907446861267,19.238039016723633,19.254629135131836,,,4.051800351589918e-05,0.00453577795997262,,19.998854652547408,0.002002672999878996,0.013044557999819517,0.17242958366356456,0.2453513044575022,0.3493447351119693,0.19212306210366378,0.39866601133163604,0.6991780350518089,0.17242958366356456,0.2453513044575022,0.3493447351119693
23.7898006439209,23.7898006439209,2.5055606365203857,True,PERIODIC,True,True,1,FAR_GUIDANCE,65.11059210144036,-15.65474150258312,-1.5780598676379258,4.366287947257426,-3.1361526611007697,0.485948833401309,67.76631140281158,-17.184282327260508,-0.05029359874602179,3.447354283409456,-2.028730747205866,0.22198055484213658,3.4243846037491643,3.064692503666629,1.527766268891904,1.4630453260282807,1.3250727509631073,PREPARATION,False,FAR_GUIDANCE,0,False,inf,0.08317375183105469,0.0,True,True,TRACKING,0,0.08317375183105469,0.05926890394186754,0.17000648782818562,3,0,0.08317375183105469,0.03404521942138672,inf,VISION,,1:11,0,NONE,0.05989718437194824,0.00020933151245117188,False,HORIZONTAL_PREPARATION_NOT_READY,0.0,0.0,0.0,False,0.0,-0.5567953166741528,1.3480598676379258,SAFE,1.2669149106241975,0.9998907446861267,19.238039016723633,19.254629135131836,,,1.843899917730596e-05,0.00453577795997262,,19.983263480816845,0.001899725999464863,0.013044557999819517,0.18055048251876807,0.2698456859356529,0.38604592408806765,0.1973276244628321,0.4072579667980582,0.7202127528323908,0.18055048251876807,0.2698456859356529,0.38604592408806765
23.839772939682007,23.839772939682007,2.555532932281494,True,PERIODIC,True,True,1,FAR_GUIDANCE,65.29369354248047,-15.785455703735352,-1.5584690570831299,4.340017318725586,-3.0965213775634766,0.4556857645511627,67.9138866492213,-17.27052502924557,-0.040685309993859074,3.4579107720735904,-2.010666365719308,0.22669377901715954,3.3726117951984738,3.0117839926169214,1.5177837470892708,1.41761433254331,1.2665020572270362,PREPARATION,False,FAR_GUIDANCE,0,False,inf,0.08527135848999023,0.0,True,True,TRACKING,0,0.08527135848999023,0.06104109952456766,0.17539554554220516,3,0,0.08527135848999023,0.034821271896362305,inf,VISION,,1:12,0,NONE,0.0801081657409668,0.0003204345703125,False,HORIZONTAL_PREPARATION_NOT_READY,0.0,0.0,0.0,False,0.0,-0.5506979815179522,1.32846905708313,SAFE,1.2574341640360271,0.9997100830078125,19.49376678466797,19.48953628540039,,,0.007702483795583248,0.00453577795997262,,19.999632591170844,0.0016921460010053124,0.017792959999496816,0.1787136902449991,0.2698456859356529,0.3706763335441152,0.19715968509032003,0.4689111546421535,0.7479697545360044,0.1787136902449991,0.2698456859356529,0.3706763335441152
23.8897602558136,23.8897602558136,2.605520248413086,True,PERIODIC,True,True,1,FAR_GUIDANCE,65.55300635468676,-15.968926776441943,-1.5326559025441597,4.299529172792992,-3.0374110228426257,0.417724602346998,68.11197196117493,-17.384852604251556,-0.027588394432853085,3.4722091350676254,-1.9858911657875251,0.23159995174043727,3.2891304518094286,2.9245770506259046,1.5050675081113067,1.350849673415401,1.1814939745261164,PREPARATION,False,FAR_GUIDANCE,0,False,inf,0.08341717720031738,0.0,True,True,TRACKING,0,0.08341717720031738,0.06332598420930895,0.18480135194464978,3,0,0.08341717720031738,0.03512430191040039,inf,VISION,,1:12,0,NONE,0.0801081657409668,0.0003204345703125,False,HORIZONTAL_PREPARATION_NOT_READY,0.0,0.0,0.0,False,0.0,-0.5406174046686099,1.3026559025441597,SAFE,1.2433366929152612,0.9997100830078125,19.49376678466797,19.48953628540039,,,4.6733999624848366e-05,0.00453577795997262,,20.01640057428132,0.0018545840011938708,0.017792959999496816,0.2933547168906194,0.30218538872985334,0.40552996512054046,0.26621670143774107,0.42397110652897385,0.7731431189927764,0.2933547168906194,0.30218538872985334,0.40552996512054046
23.939702033996582,23.939702033996582,2.6554620265960693,True,PERIODIC,True,True,1,FAR_GUIDANCE,65.74069213867188,-16.100399017333984,-1.5151910781860352,4.268719673156738,-2.9926111698150635,0.39221253991127014,68.26648138926994,-17.472565905725702,-0.017236174384036938,3.48348940999851,-1.9660200273061434,0.23398492401691406,3.2413457393280036,2.8744483484723378,1.4979549038019981,1.3021182428984406,1.1195961975640776,PREPARATION,False,FAR_GUIDANCE,0,False,inf,0.08530783653259277,0.0,True,True,TRACKING,0,0.08530807495117188,0.06546067628893962,0.18986016569186487,3,0,0.08530807495117188,0.04179525375366211,inf,VISION,,1:12,0,NONE,0.0801081657409668,0.0003204345703125,False,HORIZONTAL_PREPARATION_NOT_READY,0.0,0.0,0.0,False,0.0,-0.5341499036456412,1.2851910781860352,SAFE,1.2342044693180296,1.0007309913635254,19.281225204467773,19.29134178161621,,,3.403599839657545e-05,0.00453577795997262,,20.005717656805032,0.0017318509999313392,0.017792959999496816,0.2933547168906194,0.3093676185144896,0.3806194884662503,0.41689310468474794,0.4320817728449845,0.8062298264742902,0.2933547168906194,0.3093676185144896,0.3806194884662503
23.989805698394775,23.989805698394775,2.7055656909942627,True,PERIODIC,True,True,1,FAR_GUIDANCE,65.97055250256177,-16.259707564085087,-1.4952461510272193,4.229860642905553,-2.9360022690120267,0.3641076585244788,68.46240752474603,-17.582271410299008,-0.004053097272270735,3.4979199050704364,-1.940246463136071,0.235533418613973,3.190951786295753,2.8210842913491696,1.4911930537549485,1.2424967620910945,1.0443811341129177,PREPARATION,False,FAR_GUIDANCE,0,False,inf,0.08331871032714844,0.0,True,True,TRACKING,0,0.08331871032714844,0.0682396463797447,0.19547220890503314,3,0,0.08331871032714844,0.03616642951965332,inf,VISION,,1:12,0,NONE,0.0801081657409668,0.0003204345703125,False,HORIZONTAL_PREPARATION_NOT_READY,0.0,0.0,0.0,False,0.0,-0.5274549505482335,1.2652461510272193,SAFE,1.2255930619066147,1.0007309913635254,19.281225204467773,19.29134178161621,,,0.007471152115613222,0.00453577795997262,,20.001354309230763,0.001861552000264055,0.017792959999496816,0.35099520403599116,0.3303734949979731,0.44554482603088336,0.3444475026797605,0.43990222553997615,0.8443657663267989,0.35099520403599116,0.3303734949979731,0.44554482603088336
24.03989815711975,24.03989815711975,2.7556581497192383,True,PERIODIC,True,True,1,FAR_GUIDANCE,66.14725494384766,-16.380908966064453,-1.4807937145233154,4.1995768547058105,-2.891458511352539,0.34505635499954224,68.61049091645076,-17.663767867096254,0.0059002813858723335,3.5089402815827735,-1.9202211951742263,0.23534897084773976,3.1501614965196456,2.7772753584552015,1.4866939959091878,1.1967942641113447,0.9873343318262394,PREPARATION,False,FAR_GUIDANCE,0,False,inf,0.08531546592712402,0.0,True,True,TRACKING,0,0.08531546592712402,0.070740949798155,0.20223157843824371,3,0,0.08531546592712402,0.04491257667541504,inf,VISION,,1:12,0,NONE,0.0801081657409668,0.0003204345703125,False,HORIZONTAL_PREPARATION_NOT_READY,0.0,0.0,0.0,False,0.0,-0.5178170830127868,1.2507937145233154,SAFE,1.2137082085249629,0.9995135068893433,19.333740234375,19.32549285888672,,,3.2657000701874495e-05,0.0023949809838086367,,19.98492725187168,0.00179319099879649,0.017792959999496816,0.37335426481717615,0.3183783965297694,0.41785205745744275,0.3587966815799041,0.4398196881954739,0.8779836657968164,0.37335426481717615,0.3183783965297694,0.41785205745744275
24.08980393409729,24.08980393409729,2.8055639266967773,True,PERIODIC,True,True,1,FAR_GUIDANCE,66.40076795430973,-16.55302277708551,-1.4613634129216688,4.156465246700616,-2.8266642877595496,0.3180842303001229,68.81158425709717,-17.77288246784723,0.019325971536158098,3.5240237221507713,-1.8924208849298365,0.2336556596429328,3.0809956124890974,2.7018684111057243,1.4806893844578268,1.131336024905505,0.9053432868994252,PREPARATION,False,FAR_GUIDANCE,0,False,inf,0.08315253257751465,0.0,True,True,TRACKING,0,0.08315253257751465,0.07376269877797562,0.21058267308681428,3,0,0.08315253257751465,0.0358738899230957,inf,VISION,,1:13,0,NONE,0.07709789276123047,0.003117084503173828,False,HORIZONTAL_PREPARATION_NOT_READY,0.0,0.0,0.0,False,0.0,-0.5064092929762443,1.2313634129216688,SAFE,1.2004109912799208,0.9995135068893433,19.333740234375,19.32549285888672,,,0.006336734164506197,0.0023949809838086367,,20.036707415528518,0.0012577659999806201,0.01621892100047262,0.42588577571830155,0.3506375443853963,0.4538518529996833,0.40986368096266296,0.4517890672974172,0.907094355924099,0.42588577571830155,0.3506375443853963,0.4538518529996833
24.13974094390869,24.13974094390869,2.8555009365081787,True,PERIODIC,True,True,1,FAR_GUIDANCE,66.58059692382812,-16.6738338470459,-1.4485242366790771,4.126724720001221,-2.780472993850708,0.2993037700653076,68.96340483180818,-17.853720827886647,0.02931180400294449,3.535522809809465,-1.8708239395549486,0.23098891332255767,3.0420233689155776,2.658929636882061,1.4778360406820217,1.0870363472521662,0.8490933524434873,PREPARATION,False,FAR_GUIDANCE,0,False,inf,0.08530330657958984,0.0,True,True,TRACKING,0,0.08530330657958984,0.07614292860484802,0.21415846215192513,3,0,0.08530330657958984,0.0428621768951416,inf,VISION,,1:13,0,NONE,0.07709789276123047,0.003117084503173828,False,HORIZONTAL_PREPARATION_NOT_READY,0.0,0.0,0.0,False,0.0,-0.4990244639180683,1.2185242366790772,SAFE,1.1927825664438274,0.9996081590652466,19.64584732055664,19.62795639038086,,,5.674500062013976e-05,0.0023949809838086367,,19.997901132921474,0.0016154429995367536,0.01621892100047262,0.45228013762978725,0.3451596203761201,0.40689113358248535,0.4353625778788063,0.45355799707716693,0.9387773545044784,0.45228013762978725,0.3451596203761201,0.40689113358248535
24.18985390663147,24.18985390663147,2.905613899230957,True,PERIODIC,True,True,1,FAR_GUIDANCE,66.79922578920589,-16.819079357377237,-1.4339840449083017,4.091953605894185,-2.7245640804101656,0.27900831848850155,69.16530789490957,-17.95959111709188,0.042356454503304615,3.5509258705426587,-1.8414465677588536,0.22603060930789518,3.013086934554241,2.6266159987669613,1.4763404994116063,1.0370217882190644,0.7850869028021381,PREPARATION,False,FAR_GUIDANCE,0,False,inf,0.0833289623260498,0.0,True,True,TRACKING,0,0.0833289623260498,0.07906663215719534,0.21851235619357223,3,0,0.0833289623260498,0.04740715026855469,inf,VISION,,1:13,0,NONE,0.07709789276123047,0.003117084503173828,False,HORIZONTAL_PREPARATION_NOT_READY,0.0,0.0,0.0,False,0.0,-0.4914523894896923,1.2039840449083017,SAFE,1.1857121218142197,0.9996081590652466,19.64584732055664,19.62795639038086,,,0.006659624166786671,0.0023949809838086367,,20.036319513969797,0.0012129459992138436,0.01621892100047262,0.4455662472577373,0.35387170781505045,0.44772377693636023,0.4353243122614912,0.45421134336244834,0.9696789363410576,0.4455662472577373,0.35387170781505045,0.44772377693636023
24.23976969718933,24.23976969718933,2.9555296897888184,True,PERIODIC,True,True,1,FAR_GUIDANCE,66.97428894042969,-16.934066772460938,-1.4230670928955078,4.065059661865234,-2.6797330379486084,0.2644268274307251,69.31812744027789,-18.038118999838918,0.0519431884875052,3.5626865717778986,-1.8185586908587834,0.22094746747504357,2.9813026623163497,2.5908512566623654,1.475010281383013,0.9979431008186993,0.7353816761290815,PREPARATION,False,FAR_GUIDANCE,0,False,inf,0.08533000946044922,0.0,True,True,TRACKING,0,0.08533000946044922,0.08145844842878824,0.22336418319432,3,0,0.08533000946044922,0.0468447208404541,inf,VISION,,1:13,0,NONE,0.07709789276123047,0.003117084503173828,False,HORIZONTAL_PREPARATION_NOT_READY,0.0,0.0,0.0,False,0.0,-0.4804863754641113,1.1930670928955078,SAFE,1.1760782197897441,1.0008141994476318,19.468326568603516,19.465225219726562,,,4.782099858857691e-05,0.003957720007747412,,19.95998974095922,0.0015512320005655056,0.01621892100047262,0.3989383541544438,0.3417380011836824,0.4140861941540586,0.39497197069985995,0.45305996537179655,1.0082029481034465,0.3989383541544438,0.3417380011836824,0.4140861941540586
24.28986382484436,24.28986382484436,3.0056238174438477,True,PERIODIC,True,True,1,FAR_GUIDANCE,67.21680110090976,-17.091377883792145,-1.4087680634807136,4.030607698033394,-2.6181302290414505,0.24509141927754202,69.52192164808415,-18.141132816910947,0.0643540999769492,3.578470016522487,-1.787331066380694,0.21283304728305213,2.9301288478636858,2.532896791543782,1.4731221634576628,0.9464123489703665,0.6695568706506559,PREPARATION,False,FAR_GUIDANCE,0,False,inf,0.08333683013916016,0.0,True,True,TRACKING,0,0.08333683013916016,0.08437735298562477,0.2268964329893116,3,0,0.08333683013916016,0.047617435455322266,inf,VISION,,1:14,2,CAPTURE_GEOMETRY,0.05283069610595703,0.00020360946655273438,False,CAPTURE_GEOMETRY,0.0,0.0,0.0,False,0.0,-0.47237131264427923,1.1787680634807136,SAFE,1.1694187593678833,1.0008141994476318,19.468326568603516,19.465225219726562,,,0.005607861094176769,0.003957720007747412,,19.968016805935196,0.002089711000735406,0.00598932600041735,0.3905164808383531,0.3542273731904487,0.46094517080789704,0.39602469059159046,0.4558037866813172,1.039100760634652,0.3905164808383531,0.3542273731904487,0.46094517080789704
24.339880228042603,24.339880228042603,3.05564022064209,True,PERIODIC,True,True,1,FAR_GUIDANCE,67.3946533203125,-17.20540428161621,-1.3988001346588135,4.007447719573975,-2.5736093521118164,0.23232124745845795,69.67544591196662,-18.21706251394219,0.07328838834529759,3.5904504880978965,-1.763106384986297,0.20547994002778525,2.896983231697702,2.4950886207061336,1.472088523004111,0.9118783946133239,0.6249773751221104,PREPARATION,False,FAR_GUIDANCE,0,False,inf,0.08530402183532715,0.0,True,True,TRACKING,0,0.08530402183532715,0.08584219494670896,0.23106546836962713,3,0,0.08530402183532715,0.04661679267883301,inf,VISION,,1:14,2,CAPTURE_GEOMETRY,0.05283069610595703,0.00020360946655273438,False,CAPTURE_GEOMETRY,0.0,0.0,0.0,False,0.0,-0.4590793540157496,1.1688001346588135,SAFE,1.1593346874169028,1.0013225078582764,19.2956485748291,19.28167724609375,,,2.9626999094034545e-05,0.003957720007747412,,19.97457327828104,0.002048055999694043,0.00598932600041735,0.3855689276402537,0.34132982212608326,0.42210346432633666,0.39648142438552697,0.4551042358751296,1.069903802789658,0.3855689276402537,0.34132982212608326,0.42210346432633666
24.389769315719604,24.389769315719604,3.105529308319092,True,PERIODIC,True,True,1,FAR_GUIDANCE,67.60887019002948,-17.341160269659177,-1.3873036883137146,3.9822597671975273,-2.5210519739966037,0.21668420832498747,69.88088515738764,-18.316886017010365,0.08474232983750933,3.6065679620691355,-1.7299328122723385,0.19441571398799315,2.87767479495137,2.4726691541618617,1.472046018151224,0.8760763359022833,0.576254478445951,PREPARATION,False,FAR_GUIDANCE,0,False,inf,0.0833282470703125,0.0,True,True,TRACKING,0,0.0833282470703125,0.08815474367780766,0.23357572317441402,3,0,0.0833282470703125,0.040178775787353516,inf,VISION,,1:14,2,CAPTURE_GEOMETRY,0.05283069610595703,0.00020360946655273438,False,CAPTURE_GEOMETRY,0.0,0.0,0.0,False,0.0,-0.4505129961905432,1.1573036883137147,SAFE,1.153157315135914,1.0013225078582764,19.2956485748291,19.28167724609375,,,0.004640241153538227,0.003957720007747412,,19.973967499978695,0.0019866070015268633,0.00598932600041735,0.39384633063778196,0.569677069100684,0.4769669168635831,0.4135623927611841,0.5251989668783493,1.093442814611219,0.39384633063778196,0.569677069100684,0.4769669168635831
24.439918994903564,24.439918994903564,3.1556789875030518,True,PERIODIC,True,True,1,FAR_GUIDANCE,67.77765655517578,-17.446760177612305,-1.3785202503204346,3.964878797531128,-2.48028564453125,0.2050667256116867,70.0359677161561,-18.390485125907826,0.09285300493881915,3.6188104441733198,-1.7041351395166204,0.18493734203457518,2.855788040827933,2.447567379633017,1.4713732552592538,0.8500459421192738,0.5405234683513803,PREPARATION,False,FAR_GUIDANCE,0,False,inf,0.08532118797302246,0.0,True,True,TRACKING,0,0.08532118797302246,0.08977150797586425,0.23581852450586527,3,0,0.08532118797302246,0.04839158058166504,inf,VISION,,1:14,2,CAPTURE_GEOMETRY,0.05283069610595703,0.00020360946655273438,False,CAPTURE_GEOMETRY,0.0,0.0,0.0,False,0.0,-0.4382852850269039,1.1485202503204346,SAFE,1.1450531080201352,1.0007275342941284,20.13820457458496,20.136240005493164,,,4.6506000217050314e-05,0.003957720007747412,,19.990627266266763,0.0020628849997592624,0.00598932600041735,0.36581142341842415,0.569677069100684,0.46583691556167756,0.390884420261371,0.652457479470927,1.1260294746652582,0.36581142341842415,0.569677069100684,0.46583691556167756
24.489786386489868,24.489786386489868,3.2055463790893555,True,PERIODIC,True,True,1,FAR_GUIDANCE,68.01403043681493,-17.59248736656161,-1.3669310681068236,3.943637109799561,-2.42409434080286,0.18926925401670827,70.24302995065912,-18.486885407810597,0.1030635359094334,3.6352245069071345,-1.668874706016536,0.17119451567412702,2.8158960962266626,2.4017465913180027,1.469994604016257,0.8159667435354352,0.49344443982533115,PREPARATION,False,FAR_GUIDANCE,0,False,inf,0.08330225944519043,0.0,True,True,TRACKING,0,0.08330225944519043,0.09188789439321146,0.2374020610383784,3,0,0.08330225944519043,0.04895973205566406,inf,VISION,,1:15,2,CAPTURE_GEOMETRY,0.04981231689453125,0.00011229515075683594,False,CAPTURE_GEOMETRY,0.0,0.0,0.0,False,0.0,-0.42929609799290924,1.1369310681068237,SAFE,1.1393497690880618,1.0007275342941284,20.13820457458496,20.136240005493164,,,0.009992723353207111,0.003957720007747412,,20.002127421931572,0.0011912320005649235,0.00016195599891943857,0.38055277950888866,0.5482230574894768,0.5355485322287442,0.4129601121542366,0.5855624867285361,1.1506959110880035,0.38055277950888866,0.5482230574894768,0.5355485322287442
24.53980016708374,24.53980016708374,3.2555601596832275,True,PERIODIC,True,True,1,FAR_GUIDANCE,68.1883773803711,-17.698469161987305,-1.3588898181915283,3.930069923400879,-2.383448839187622,0.17847704887390137,70.39922518085034,-18.557767292452688,0.11012441425160559,3.647663049227848,-1.6414637152069251,0.15984805264199028,2.790025822286543,2.3719699142074315,1.469014232443134,0.7941300940585496,0.46211447104800074,PREPARATION,False,FAR_GUIDANCE,0,False,inf,0.08533573150634766,0.0,True,True,TRACKING,0,0.08533573150634766,0.09325546616337856,0.23889205381326692,3,0,0.08533573150634766,0.046454668045043945,inf,VISION,,1:15,2,CAPTURE_GEOMETRY,0.04981231689453125,0.00011229515075683594,False,CAPTURE_GEOMETRY,0.0,0.0,0.0,False,0.0,-0.41458481807771674,1.1288898181915283,SAFE,1.1308200249665497,0.9989608526229858,19.909740447998047,20.034616470336914,,,2.304400004504714e-05,0.0022103709634393454,,20.01371118364563,0.0017073850012820913,0.00016195599891943857,0.3405189520108016,0.6050421848635891,0.5120160947867153,0.3777404731824063,0.6063259447749736,1.1715993070022714,0.3405189520108016,0.6050421848635891,0.5120160947867153
24.589767932891846,24.589767932891846,3.305527925491333,True,PERIODIC,True,True,1,FAR_GUIDANCE,68.39838991472641,-17.824176221272694,-1.3497294045878454,3.916194593264527,-2.335016833354957,0.16540440652454363,70.60802693110577,-18.650569872876176,0.11884467160102129,3.664336881461567,-1.6039436458805274,0.14375956844846316,2.7788724383854695,2.359114709284909,1.4685740761888666,0.7735430249533538,0.4291148436527272,PREPARATION,False,FAR_GUIDANCE,0,False,inf,0.08318614959716797,0.0,True,True,TRACKING,0,0.03518271446228027,0.0950409410007824,0.2514270452277572,3,0,0.03518271446228027,0.044736385345458984,inf,VISION,,1:15,2,CAPTURE_GEOMETRY,0.04981231689453125,0.00011229515075683594,False,CAPTURE_GEOMETRY,0.0,0.0,0.0,False,0.0,-0.40090334138992967,1.1197294045878454,SAFE,1.1238323787235338,0.9989608526229858,19.909740447998047,20.034616470336914,,,0.005892565939575434,0.0022103709634393454,,19.999487036761444,0.0014116559996182332,0.00016195599891943857,0.34612119940853503,0.6361113537329413,0.5837328559211604,0.39058079638422327,0.649896922585637,1.1876977227196919,0.34612119940853503,0.6361113537329413,0.5837328559211604
24.63975477218628,24.63975477218628,3.3555147647857666,True,PERIODIC,True,True,1,FAR_GUIDANCE,68.56432342529297,-17.92194366455078,-1.3428916931152344,3.9070301055908203,-2.297074794769287,0.1552826464176178,70.76552841183188,-18.718646076790584,0.12469022359755055,3.676947401119986,-1.574766190449098,0.13081295168206686,2.762939523169999,2.340948125532151,1.4675819167127848,0.7584632731596461,0.4045819591663996,PREPARATION,False,FAR_GUIDANCE,0,False,inf,0.08517813682556152,0.0,True,True,TRACKING,0,0.08517813682556152,0.096069403156959,0.24036468602948582,3,0,0.08517813682556152,0.0512087345123291,inf,VISION,,1:15,2,CAPTURE_GEOMETRY,0.04981231689453125,0.00011229515075683594,False,CAPTURE_GEOMETRY,0.0,0.0,0.0,False,0.0,-0.39190965576132797,1.1128916931152344,SAFE,1.1191611473735967,0.9995362162590027,20.074687957763672,20.093046188354492,,,4.859199907514267e-05,0.0022103709634393454,,20.04925430210325,0.0009667169997555902,0.00016195599891943857,0.35562489551524595,0.6694186617612751,0.5527686149930695,0.40101195042050464,0.6750298432175433,1.2054055893831923,0.35562489551524595,0.6694186617612751,0.5527686149930695
24.689781188964844,24.689781188964844,3.405541181564331,True,PERIODIC,True,True,1,FAR_GUIDANCE,68.79578943205466,-18.055703819470978,-1.3342390140678269,3.896662063558323,-2.2443534238798244,0.1424425244130661,70.97636870799529,-18.80772691708389,0.13171174578710182,3.6938470893411446,-1.5347617667136328,0.11274790463949876,2.733034274999918,2.3066132571380673,1.4659507598549286,0.7386040916012268,0.3729972600184485,PREPARATION,False,FAR_GUIDANCE,0,False,inf,0.0833284854888916,0.0,True,True,TRACKING,0,0.0833284854888916,0.09785145047492091,0.24125196855979164,3,0,0.0833284854888916,0.04947161674499512,inf,VISION,,1:16,2,CAPTURE_GEOMETRY,0.05895209312438965,0.008113622665405273,False,CAPTURE_GEOMETRY,0.0,0.0,0.0,False,0.0,-0.3821245708343701,1.1042390140678269,SAFE,1.1147767560969,0.9995362162590027,20.074687957763672,20.093046188354492,,,0.0076002199202775955,0.0022103709634393454,,20.01407810464952,0.0015138589988055173,0.00014542099961545318,0.337577469076255,0.6438558767635179,0.6308183520148357,0.3898346665992561,0.6759019471637481,1.2180309712570947,0.337577469076255,0.6438558767635179,0.6308183520148357
24.739800214767456,24.739800214767456,3.4555602073669434,True,PERIODIC,True,True,1,FAR_GUIDANCE,68.96937561035156,-18.15418243408203,-1.3283865451812744,3.8906772136688232,-2.2050676345825195,0.13392199575901031,71.13507713907525,-18.872766226118078,0.13619384424235081,3.7065722966811006,-1.5037078370449382,0.09852937167086055,2.7113873745330594,2.281803185573423,1.4645803894236251,0.7259840383237489,0.35204760308223354,PREPARATION,False,FAR_GUIDANCE,0,False,inf,0.08528017997741699,0.0,True,True,TRACKING,0,0.08528017997741699,0.09880005394567132,0.24098303165995097,3,0,0.08528017997741699,0.04457354545593262,inf,VISION,,1:16,2,CAPTURE_GEOMETRY,0.05895209312438965,0.008113622665405273,False,CAPTURE_GEOMETRY,0.0,0.0,0.0,False,0.0,-0.3664508944743474,1.0983865451812744,SAFE,1.1083768654095205,0.9998525381088257,20.141231536865234,20.135969161987305,,,2.62160010606749e-05,0.004683020990341902,,20.014243977464197,0.0012232529988978058,0.00014542099961545318,0.3344702664235164,0.5925600575613017,0.6012395713693962,0.3872246715127487,0.6463162658769503,1.2350740234793418,0.3344702664235164,0.5925600575613017,0.6012395713693962
24.78974175453186,24.78974175453186,3.5055017471313477,True,PERIODIC,True,True,1,FAR_GUIDANCE,69.17674184500424,-18.2695929959394,-1.3218893661085698,3.8854168334273433,-2.158036260671633,0.12432173242472715,71.34679032626926,-18.957386920758054,0.14130913796903719,3.7235321293906254,-1.4612694759679732,0.07903661989449333,2.7061265226136384,2.276438203434927,1.463198504077607,0.716757526004581,0.3313927560617538,PREPARATION,False,FAR_GUIDANCE,0,False,inf,0.08330321311950684,0.0,True,True,TRACKING,0,0.08330321311950684,0.10109610930602674,0.24227259050026753,3,0,0.08330321311950684,0.043556928634643555,inf,VISION,,1:16,2,CAPTURE_GEOMETRY,0.05895209312438965,0.008113622665405273,False,CAPTURE_GEOMETRY,0.0,0.0,0.0,False,0.0,-0.35645118627622674,1.0918893661085698,SAFE,1.1047112256278075,0.9998525381088257,20.141231536865234,20.135969161987305,,,0.007026751060038805,0.004683020990341902,,19.97500385379395,0.0018052169998554746,0.00014542099961545318,0.3164588022228224,0.5543958898586162,0.6907007168512324,0.3755079945298966,0.6468217299867447,1.2475517643741716,0.3164588022228224,0.5543958898586162,0.6907007168512324
24.839852571487427,24.839852571487427,3.555612564086914,True,PERIODIC,True,True,1,FAR_GUIDANCE,69.3421401977539,-18.360042572021484,-1.3169746398925781,3.8823981285095215,-2.1208090782165527,0.1174975037574768,71.50673051890298,-19.019207428782675,0.14432074854746446,3.7363130231702533,-1.4282007830226229,0.06389659052618364,2.693572679375369,2.262730555501752,1.4612953884400426,0.7098733453741277,0.31596853747899234,PREPARATION,False,FAR_GUIDANCE,0,False,inf,0.08531308174133301,0.0,True,True,TRACKING,0,0.08531332015991211,0.10218516424181874,0.24172896003672384,3,0,0.08531332015991211,0.047094106674194336,inf,VISION,,1:16,2,CAPTURE_GEOMETRY,0.05895209312438965,0.008113622665405273,False,CAPTURE_GEOMETRY,0.0,0.0,0.0,False,0.0,-0.3424416915116062,1.0869746398925781,SAFE,1.0999246831309963,1.0007998943328857,19.908884048461914,20.14357566833496,,,3.6263998481445014e-05,0.004683020990341902,,19.999130688357297,0.0016943500013439916,0.00014542099961545318,0.29034711949226116,0.5406864139387918,0.6907007168512324,0.3511206594533445,0.6489423709527309,1.3019439305216343,0.29034711949226116,0.5406864139387918,0.6907007168512324
24.889856100082397,24.889856100082397,3.6056160926818848,True,PERIODIC,True,True,1,FAR_GUIDANCE,69.57636147418395,-18.485526451283132,-1.3103305527241131,3.8796841725592692,-2.068636426623907,0.10837002245802783,71.72088297899742,-19.09972766354977,0.14744345812004325,3.7533693062347133,-1.382830015227882,0.04331601980383442,2.6648303286419366,2.230743287282791,1.4577740108441564,0.7003698327511088,0.29530664762511766,PREPARATION,False,FAR_GUIDANCE,0,False,inf,0.0833444595336914,0.0,True,True,TRACKING,0,0.0833444595336914,0.10416057459071348,0.2433175646537183,3,0,0.0833444595336914,0.0483856201171875,inf,VISION,,1:16,2,CAPTURE_GEOMETRY,0.05895209312438965,0.008113622665405273,False,CAPTURE_GEOMETRY,0.0,0.0,0.0,False,0.0,-0.3322607282794454,1.0803305527241132,SAFE,1.096588881651109,1.0007998943328857,19.908884048461914,20.14357566833496,,,3.073499829042703e-05,0.004683020990341902,,19.97576491638014,0.002669123001396656,0.00014542099961545318,0.3067669949990758,0.5167748215426587,0.7464288538026751,0.3707612304972552,0.6623298009963328,1.2731211771864863,0.3067669949990758,0.5167748215426587,0.7464288538026751
24.939735174179077,24.939735174179077,3.6554951667785645,True,PERIODIC,True,True,1,FAR_GUIDANCE,69.74513244628906,-18.574052810668945,-1.3056976795196533,3.878640651702881,-2.0311574935913086,0.10275954008102417,71.88219294889943,-19.158162740934504,0.14890924810193443,3.766141831863089,-1.3475686696874825,0.02761316883046515,2.6503006086738212,2.2154484878805265,1.4546069276215878,0.6968476460057026,0.28261557745034965,PREPARATION,False,FAR_GUIDANCE,0,False,inf,0.0852651596069336,0.0,True,True,TRACKING,0,0.0852651596069336,0.10520965909811977,0.24247803527562972,3,0,0.0852651596069336,0.044504404067993164,inf,VISION,,1:17,2,CAPTURE_GEOMETRY,0.059589385986328125,0.00016760826110839844,False,CAPTURE_GEOMETRY,0.0,0.0,0.0,False,0.0,-0.31611445474128175,1.0756976795196533,SAFE,1.091433317611278,1.0010498762130737,20.07073974609375,20.095149993896484,,,3.712800025823526e-05,0.004683020990341902,,20.019201324769824,0.0009288290002587019,0.00018670300050871447,0.30828498048154784,0.4876861142505423,0.7068334136642578,0.37086509869748835,0.6495290883807242,1.2863560023476328,0.30828498048154784,0.4876861142505423,0.7068334136642578
24.989728689193726,24.989728689193726,3.705488681793213,True,PERIODIC,True,True,1,FAR_GUIDANCE,69.94885380568019,-18.678605520609075,-1.3004634284198093,3.8782597276649593,-1.985877347031902,0.095844327169877,72.09778049268745,-19.233902955016,0.14994212086088218,3.7831054975950775,-1.299273948813684,0.00654484909542712,2.6513991408641475,2.219513718540824,1.4504055492806915,0.6988940912107972,0.26977040815453385,PREPARATION,False,FAR_GUIDANCE,0,False,inf,0.08330464363098145,0.0,True,True,TRACKING,0,0.08330464363098145,0.10708726235596101,0.24378752486607175,3,0,0.08330464363098145,0.03635978698730469,inf,VISION,,1:17,2,CAPTURE_GEOMETRY,0.059589385986328125,0.00016760826110839844,False,CAPTURE_GEOMETRY,0.0,0.0,0.0,False,0.0,-0.3017870050950848,1.0704634284198093,SAFE,1.0869294785683543,1.0010498762130737,20.07073974609375,20.095149993896484,,,0.008199483156204224,0.004683020990341902,,19.985328201982487,0.00208110999847122,0.00018670300050871447,0.29050480768963155,0.47087718991936917,0.7762901060392279,0.3590048731651963,0.6673366673839198,1.2991175368516266,0.29050480768963155,0.47087718991936917,0.7762901060392279
25.03977060317993,25.03977060317993,3.755530595779419,True,PERIODIC,True,True,1,FAR_GUIDANCE,70.11678314208984,-18.762948989868164,-1.296678066253662,3.878687858581543,-1.948511004447937,0.09029118716716766,72.26182622073725,-19.28919152827168,0.14982551450633858,3.795885034303123,-1.2613526430786999,-0.009467730819629913,2.6401730298656587,2.208651402661477,1.4465035807600006,0.6992816049532796,0.2588956139736248,PREPARATION,False,FAR_GUIDANCE,0,False,inf,0.08531665802001953,0.0,True,True,TRACKING,0,0.08531665802001953,0.108417512642271,0.24420556249836523,3,0,0.08531665802001953,0.03998899459838867,inf,VISION,,1:17,2,CAPTURE_GEOMETRY,0.059589385986328125,0.00016760826110839844,False,CAPTURE_GEOMETRY,0.0,0.0,0.0,False,0.0,-0.2916550965836566,1.0666780662536621,SAFE,1.0840208655564725,1.0000457763671875,20.123777389526367,20.101030349731445,,,4.8802001401782036e-05,0.002408799948170781,,19.970298570485262,0.0019364130002941238,0.00018670300050871447,0.2881850064508683,0.4392232494567401,0.714021728044353,0.35531219475076603,0.6491438205637913,1.3123396992861518,0.2881850064508683,0.4392232494567401,0.714021728044353
25.089710235595703,25.089710235595703,3.8054702281951904,True,PERIODIC,True,True,1,FAR_GUIDANCE,70.3507079421414,-18.877423177286843,-1.2917918114106492,3.8796318803057273,-1.8961263477261032,0.08296269229977951,72.47726843692864,-19.359331127309883,0.14875024859356994,3.8125020295764016,-1.2103009024518734,-0.030351896442663756,2.613361099604562,2.180480408140639,1.4405420600042191,0.6983574688269656,0.2435541166429589,PREPARATION,False,FAR_GUIDANCE,0,False,inf,0.08353686332702637,0.0,True,True,TRACKING,0,0.035535573959350586,0.11078470508497233,0.24916520815061283,3,0,0.08353686332702637,0.04728960990905762,inf,VISION,,1:17,2,CAPTURE_GEOMETRY,0.059589385986328125,0.00016760826110839844,False,CAPTURE_GEOMETRY,0.0,0.0,0.0,False,0.0,-0.2811917818811893,1.0617918114106493,SAFE,1.0815038884825756,1.0000457763671875,20.123777389526367,20.101030349731445,,,0.010205093771219254,0.002408799948170781,,20.000887458425485,0.0020100839992664987,0.00018670300050871447,0.3027287739417139,0.4151746486163646,0.7961034093303259,0.37233683280390945,0.6623641637490667,1.326394860156456,0.3027287739417139,0.4151746486163646,0.7961034093303259
25.139710903167725,25.139710903167725,3.855470895767212,True,PERIODIC,True,True,1,FAR_GUIDANCE,70.51991271972656,-18.958314895629883,-1.2885737419128418,3.8803892135620117,-1.857785701751709,0.07832709699869156,72.64099546795396,-19.410211671026246,0.14705710021915458,3.8249411847481745,-1.170269255489633,-0.04598724198632205,2.600814994443498,2.1686868654652534,1.4356308421319963,0.7008618998472202,0.2332983402896805,PREPARATION,False,FAR_GUIDANCE,0,False,inf,0.08546566963195801,0.0,True,True,TRACKING,0,0.08546566963195801,0.11208181382442273,0.24742902064002925,3,0,0.08546566963195801,0.05031847953796387,inf,VISION,,1:17,2,CAPTURE_GEOMETRY,0.059589385986328125,0.00016760826110839844,False,CAPTURE_GEOMETRY,0.0,0.0,0.0,False,0.0,-0.2650758730505762,1.0585737419128418,SAFE,1.0777607693958948,1.0009359121322632,19.931676864624023,19.906997680664062,,,5.502199928741902e-05,0.002408799948170781,,19.969242689174852,0.0025531569990562275,0.00018670300050871447,0.30266063848777136,0.4314884619638088,0.7413644761068733,0.37044483981434695,0.6764231915056024,1.3411269664633938,0.30266063848777136,0.4314884619638088,0.7413644761068733
25.189770936965942,25.189770936965942,3.9055309295654297,True,PERIODIC,True,True,1,FAR_GUIDANCE,70.72741759223403,-19.05519863590264,-1.284910320161091,3.8816562386466895,-1.8104272118273663,0.07327067045041054,72.85990743248874,-19.475649201053102,0.1438971881331942,3.841335146620685,-1.1154121620892627,-0.06652464773588801,2.6011117800438734,2.1735435575402864,1.4288075082942853,0.7100805875472421,0.22219129305666155,PREPARATION,False,FAR_GUIDANCE,0,False,inf,0.08321690559387207,0.0,True,True,TRACKING,0,0.08321690559387207,0.11535714489936122,0.2504213613993242,3,0,0.08321690559387207,0.040518999099731445,inf,VISION,,1:18,2,CAPTURE_GEOMETRY,0.05890631675720215,0.0036449432373046875,False,CAPTURE_GEOMETRY,0.0,0.0,0.0,False,0.0,-0.25083525956217523,1.054910320161091,SAFE,1.0747799676453171,1.0009359121322632,19.931676864624023,19.906997680664062,,,0.008389976806938648,0.002408799948170781,,20.030497757710023,0.0018907499998022104,0.00017207400014740415,0.28511952288305653,0.39642954960200777,0.8102643269230884,0.3594382887589755,0.6774959973926654,1.3563195727525428,0.28511952288305653,0.39642954960200777,0.8102643269230884
25.239813566207886,25.239813566207886,3.955573558807373,True,PERIODIC,True,True,1,FAR_GUIDANCE,70.89164733886719,-19.130216598510742,-1.2821860313415527,3.882725238800049,-1.7727302312850952,0.06958302855491638,73.02493229411503,-19.522417470318643,0.14066676539304518,3.8534287860082355,-1.0727340510104288,-0.08155807271692271,2.5940771587038705,2.1690380872943837,1.4228527967345979,0.7167262846017094,0.21282648858095773,PREPARATION,False,FAR_GUIDANCE,0,False,inf,0.0853581428527832,0.0,True,True,TRACKING,0,0.0853583812713623,0.11775977837299753,0.25333509714414876,3,0,0.0853583812713623,0.03780078887939453,inf,VISION,,1:18,2,CAPTURE_GEOMETRY,0.05890631675720215,0.0036449432373046875,False,CAPTURE_GEOMETRY,0.0,0.0,0.0,False,0.0,-0.24049962497305,1.0521860313415528,SAFE,1.0727203302836337,1.0007054805755615,20.005558013916016,19.99846076965332,,,3.1788000342203304e-05,0.003942857962101698,,20.044014860762722,0.001901152998470934,0.00017207400014740415,0.2912994884978149,0.4128604466732611,0.7383844123248738,0.363168627443149,0.686864337510239,1.3733442195160386,0.2912994884978149,0.4128604466732611,0.7383844123248738
25.289738655090332,25.289738655090332,4.005498647689819,True,PERIODIC,True,True,1,FAR_GUIDANCE,71.12483956564868,-19.23420853832007,-1.2786038124402588,3.883982018348464,-1.7185857744925324,0.06480104755022849,73.24545258751145,-19.58218908349624,0.13550027616442817,3.86926661802071,-1.014285876205804,-0.10106551856584946,2.5725046980955217,2.148974185120668,1.414104088604687,0.7237172151390633,0.19857725500600573,PREPARATION,False,FAR_GUIDANCE,0,False,inf,0.08374834060668945,0.0,True,True,TRACKING,0,0.08374834060668945,0.12132012409743077,0.2562656322768652,3,0,0.08374834060668945,0.033444881439208984,inf,VISION,,1:18,2,CAPTURE_GEOMETRY,0.05890631675720215,0.0036449432373046875,False,CAPTURE_GEOMETRY,0.0,0.0,0.0,False,0.0,-0.22407037677085517,1.0486038124402588,SAFE,1.0696447797970798,1.0007054805755615,20.005558013916016,19.99846076965332,,,0.005462586879730225,0.003942857962101698,,20.011731047726,0.0014257869988796301,0.00017207400014740415,0.2999125635605692,0.3853079398468472,0.8118271652372037,0.3751796395182348,0.6918099531763512,1.3922855038142359,0.2999125635605692,0.3853079398468472,0.8118271652372037
25.339821577072144,25.339821577072144,4.055581569671631,True,PERIODIC,True,True,1,FAR_GUIDANCE,71.29391479492188,-19.307859420776367,-1.27620267868042,3.8846795558929443,-1.678726077079773,0.06144530698657036,73.41248117676393,-19.62476147341214,0.13078969667515628,3.880908497927933,-0.9686040396945216,-0.11518956038550604,2.5628846968884185,2.1421368829363154,1.4069923753555762,0.7317700494212009,0.1878946329879912,PREPARATION,False,FAR_GUIDANCE,0,False,inf,0.08549809455871582,0.0,True,True,TRACKING,0,0.08549809455871582,0.12385782198072767,0.2600699894819019,3,0,0.08549809455871582,0.044007301330566406,inf,VISION,,1:18,2,CAPTURE_GEOMETRY,0.05890631675720215,0.0036449432373046875,False,CAPTURE_GEOMETRY,0.0,0.0,0.0,False,0.0,-0.213846812764384,1.04620267868042,SAFE,1.0678860623626156,1.0003031492233276,19.88890266418457,19.8769588470459,,,4.110299778403714e-05,0.003942857962101698,,19.989478980787553,0.0030109030012681615,0.00017207400014740415,0.3138248190619059,0.3977282432772237,0.7314386370990213,0.38524646361332854,0.6939492635691669,1.4132888257424827,0.3138248190619059,0.3977282432772237,0.7314386370990213
25.38983392715454,25.38983392715454,4.105593919754028,True,PERIODIC,True,True,1,FAR_GUIDANCE,71.49863457346595,-19.394812339337143,-1.2733411108623136,3.8848106810372602,-1.6299054321444877,0.05796198913969689,73.63398078633571,-19.67834894461702,0.12375821933144734,3.895923821105999,-0.9065194869051809,-0.13313741221535555,2.5674857338997485,2.1540883118736973,1.3970993301937609,0.7482845106309579,0.1746303137638136,PREPARATION,False,FAR_GUIDANCE,0,False,inf,0.0831606388092041,0.0,True,True,TRACKING,0,0.0831606388092041,0.12818887291533512,0.2646693255052207,3,0,0.0831606388092041,0.03997492790222168,inf,VISION,,1:18,2,CAPTURE_GEOMETRY,0.05890631675720215,0.0036449432373046875,False,CAPTURE_GEOMETRY,0.0,0.0,0.0,False,0.0,-0.1992927491791483,1.0433411108623136,SAFE,1.065560902328551,1.0003031492233276,19.88890266418457,19.8769588470459,,,0.005453410092741251,0.003942857962101698,,20.006676944682734,0.0018808209988492308,0.00017207400014740415,0.3050496392454211,0.3932853282815117,1.3352484261560515,0.3825879371774094,0.7168299391706059,1.4794127737693439,0.3050496392454211,0.3932853282815117,1.3352484261560515
25.439740657806396,25.439740657806396,4.155500650405884,True,PERIODIC,True,True,1,FAR_GUIDANCE,71.66474914550781,-19.46358299255371,-1.2709879875183105,3.884457588195801,-1.5895562171936035,0.0552392303943634,73.80067769996907,-19.715875830375047,0.11775116158188786,3.90677214820491,-0.8583230289687148,-0.1458180579486222,2.5601638404646,2.1507771771568773,1.3887391491001984,0.7586988522106581,0.1625047238074563,PREPARATION,False,FAR_GUIDANCE,0,False,inf,0.08541440963745117,0.0,True,True,TRACKING,0,0.08541440963745117,0.13138829445946582,0.26913699615188635,3,0,0.08541440963745117,0.03883171081542969,inf,VISION,,1:18,2,CAPTURE_GEOMETRY,0.05890631675720215,0.0036449432373046875,False,CAPTURE_GEOMETRY,0.0,0.0,0.0,False,0.0,-0.1885651818378995,1.0409879875183106,SAFE,1.063844017383678,1.0003031492233276,19.791595458984375,19.868249893188477,,,0.005135549232363701,0.003942857962101698,,19.9846265498461,0.0020349240003270097,0.00017207400014740415,0.2984774952398885,0.4281760940563808,1.3352484261560515,0.3756246710086666,0.7327282327691195,1.5898446792746552,0.2984774952398885,0.4281760940563808,1.3352484261560515
25.489728927612305,25.489728927612305,4.205488920211792,True,PERIODIC,True,True,1,FAR_GUIDANCE,71.69742484728529,-19.476853292894795,-1.2705235841740543,3.884387725925874,-1.5815418967003736,0.05476129570153395,73.82888370644967,-19.72222557950847,0.1167347353858631,3.9086077429845982,-0.8501679313411246,-0.14796369080969254,2.5549579394848285,2.1455359300996,1.3872583195599173,0.7593364910154219,0.16010708048048486,PREPARATION,False,FAR_GUIDANCE,0,False,inf,0.08333110809326172,0.0,True,True,TRACKING,0,0.08333110809326172,0.13626621696473976,0.27641018552331165,3,0,0.08333110809326172,0.037335872650146484,inf,VISION,,1:19,2,DYNAMIC_LIMIT_VERTICAL,0.07704782485961914,0.0028612613677978516,False,DYNAMIC_LIMIT_VERTICAL,0.0,0.0,0.0,False,0.0,-0.17792885120810498,1.0405235841740543,SAFE,1.0620918284442438,1.0003031492233276,19.791595458984375,19.868249893188477,,,0.01088250707834959,0.003942857962101698,,19.988807119458617,0.0020418710009835195,0.020500716998867574,0.2984774952398885,0.4281760940563808,1.3352484261560515,0.3756246710086666,0.7327282327691195,1.5898446792746552,0.2984774952398885,0.4281760940563808,1.3352484261560515
25.539746522903442,25.539746522903442,4.25550651550293,True,PERIODIC,True,True,1,FAR_GUIDANCE,72.06616973876953,-19.622873306274414,-1.2655439376831055,3.8828275203704834,-1.4898388385772705,0.04982491210103035,74.19271536431143,-19.795595355520405,0.10170700680044262,3.9307092860575215,-0.7404887791826208,-0.17285844217782104,2.534049002880223,2.133548500458122,1.3672509444835481,0.7832024331377897,0.13104345834565378,PREPARATION,False,FAR_GUIDANCE,0,False,inf,0.0855264663696289,0.0,True,True,TRACKING,0,0.0855264663696289,0.1395357334578458,0.2774168523309857,3,0,0.0855264663696289,0.04239082336425781,inf,VISION,,1:19,2,DYNAMIC_LIMIT_VERTICAL,0.07704782485961914,0.0028612613677978516,False,DYNAMIC_LIMIT_VERTICAL,0.0,0.0,0.0,False,0.0,-0.1610612250566641,1.0355439376831055,SAFE,1.059229343618699,0.9997900724411011,19.83458137512207,19.89286231994629,,,4.373499905341305e-05,0.0042718700133264065,,19.97298631721779,0.0021369759997469373,0.020500716998867574,0.34188453853034806,0.4541007305398479,1.2944898963540024,0.41574293751246233,0.7664831413246495,1.624037744256138,0.34188453853034806,0.4541007305398479,1.2944898963540024
25.589802742004395,25.589802742004395,4.305562734603882,True,PERIODIC,True,True,1,FAR_GUIDANCE,72.22057342529297,-19.681535720825195,-1.2637476921081543,3.8822879791259766,-1.4507343769073486,0.04744069650769234,74.40665229079163,-19.834467943842274,0.09203465024492077,3.9428218400321313,-0.6737599016337716,-0.18600816192652778,2.576911878752014,2.1914217008638124,1.355782342353075,0.8135429017864372,0.11758201060855633,PREPARATION,False,FAR_GUIDANCE,0,False,inf,0.0833578109741211,0.0,True,True,TRACKING,0,0.035364389419555664,0.14490567243964725,0.3384460917630054,3,0,0.035364389419555664,0.042315006256103516,inf,VISION,,1:19,2,DYNAMIC_LIMIT_VERTICAL,0.07704782485961914,0.0028612613677978516,False,DYNAMIC_LIMIT_VERTICAL,0.0,0.0,0.0,False,0.0,-0.14757022601175462,1.0337476921081543,SAFE,1.057573696494776,0.9997900724411011,19.83458137512207,19.89286231994629,,,0.004830861929804087,0.0042718700133264065,,19.982752377866955,0.0019208109988539945,0.020500716998867574,0.3452713770217474,0.448142193258196,1.0795016383793292,0.42385595501533135,0.7879798235291137,1.6691464421297337,0.3452713770217474,0.448142193258196,1.0795016383793292
25.639800548553467,25.639800548553467,4.355560541152954,True,PERIODIC,True,True,1,FAR_GUIDANCE,72.41383131257832,-19.75280584434775,-1.261684599596561,3.8821737872875923,-1.4011868372369929,0.044054275605481384,74.61515684095427,-19.868368629223923,0.08191952662942095,3.9537294564496093,-0.6066493099004365,-0.19737848827247412,2.5815617147648164,2.2043567858057767,1.3436041262259821,0.8334865779417576,0.10020744590155962,PREPARATION,False,FAR_GUIDANCE,0,False,inf,0.08539009094238281,0.0,True,True,TRACKING,0,0.08539009094238281,0.16580240784907802,0.3205403329843189,0,0,0.08539009094238281,0.05121922492980957,inf,VISION,,1:19,2,DYNAMIC_LIMIT_VERTICAL,0.07704782485961914,0.0028612613677978516,False,DYNAMIC_LIMIT_VERTICAL,0.0,0.0,0.0,False,0.0,-0.13779449837499413,1.0316845995965611,SAFE,1.0561814636949736,0.9998890161514282,19.68962287902832,19.77243423461914,,,3.234000178053975e-05,0.0042718700133264065,,19.987152728139147,0.0013178909994167043,0.020500716998867574,0.3361349177544695,0.4886400466382405,1.1823162063496329,0.4155412395610753,0.8077547740254984,1.7129849512544923,0.3361349177544695,0.4886400466382405,1.1823162063496329
25.689857244491577,25.689857244491577,4.4056172370910645,True,PERIODIC,True,True,1,FAR_GUIDANCE,72.59159088134766,-19.8162841796875,-1.2600386142730713,3.881819009780884,-1.3547195196151733,0.04185404255986214,74.80158865615701,-19.89540323023507,0.07239533528608588,3.9626741414005435,-0.5449506279270315,-0.20631462187055072,2.5818075487455783,2.2114135725417436,1.332433949559157,0.8507942737584974,0.08368045818161923,PREPARATION,False,FAR_GUIDANCE,0,False,inf,0.0695028305053711,0.0,True,True,TRACKING,0,0.0695030689239502,0.15310079435180018,0.31230676272548896,0,0,0.0695030689239502,0.03940939903259277,inf,VISION,,1:19,2,DYNAMIC_LIMIT_VERTICAL,0.07704782485961914,0.0028612613677978516,False,DYNAMIC_LIMIT_VERTICAL,0.0,0.0,0.0,False,0.0,-0.12291922174437309,1.0300386142730713,SAFE,1.0545253068338916,0.9998890161514282,19.68962287902832,19.77243423461914,,,0.007453827187418938,0.0042718700133264065,,19.96441508122748,0.002273313000841881,0.020500716998867574,0.33155666792550137,0.47624237354112375,1.1089895914057062,0.4184354277615302,0.8261293493882903,1.7468061005337396,0.33155666792550137,0.47624237354112375,1.1089895914057062
25.739783763885498,25.739783763885498,4.455543756484985,True,PERIODIC,True,True,1,FAR_GUIDANCE,72.80558426575091,-19.889705537569096,-1.2580845965647023,3.8794672630327884,-1.2968283140077252,0.039539864121600175,75.01149448763685,-19.92245550028408,0.06125257377861368,3.9718456443530132,-0.473753287517883,-0.21507937455246573,2.5705569505708743,2.206153319032638,1.3193371703433159,0.8664970982464745,0.06189549180207518,PREPARATION,False,FAR_GUIDANCE,0,False,inf,0.07121944427490234,0.0,True,True,TRACKING,0,0.07121944427490234,0.15736728018672794,0.320148149014545,0,0,0.07121944427490234,0.023698091506958008,inf,VISION,,1:20,2,DYNAMIC_LIMIT_VERTICAL,0.07576608657836914,0.0008032321929931641,False,DYNAMIC_LIMIT_VERTICAL,0.0,0.0,0.0,False,0.0,-0.11138867460904534,1.0280845965647023,SAFE,1.0534101557133715,0.9964982867240906,19.62563133239746,19.638668060302734,,,0.005661360919475555,0.0019222369883209467,,20.01560624913035,0.0017835349990491522,0.016067008999016252,0.334892770524866,0.5171414709904568,1.1218055397361097,0.42045613951269883,0.8487676933622516,1.7719396421295042,0.334892770524866,0.5171414709904568,1.1218055397361097
25.78968048095703,25.78968048095703,4.5054404735565186,True,PERIODIC,True,True,1,FAR_GUIDANCE,72.99388122558594,-19.951745986938477,-1.256324291229248,3.8757271766662598,-1.2443643808364868,0.037537772208452225,75.19778943295184,-19.943037632615756,0.05100772525758752,3.979015445835858,-0.40883539755455556,-0.2215320628556056,2.562499604538763,2.2039254120613476,1.3073320164868356,0.8808486407393198,0.04049809144187881,PREPARATION,False,FAR_GUIDANCE,0,False,inf,0.06910490989685059,0.0,True,True,TRACKING,0,0.06910490989685059,0.16327870658264484,0.32510147473382434,0,0,0.06910490989685059,0.030409812927246094,inf,VISION,,1:20,2,DYNAMIC_LIMIT_VERTICAL,0.07576608657836914,0.0008032321929931641,False,DYNAMIC_LIMIT_VERTICAL,0.0,0.0,0.0,False,0.0,-0.09229544268994072,1.026324291229248,SAFE,1.0515886881382268,0.9964982867240906,19.62563133239746,19.638668060302734,,,0.005411345977336168,0.0019222369883209467,,19.9980366275364,0.001969692000784562,0.016067008999016252,0.35604890364200653,0.5094607437154858,1.0055858963982953,0.44363251833742334,0.8734855266814993,1.809942850189535,0.35604890364200653,0.5094607437154858,1.0055858963982953
25.83963418006897,25.83963418006897,4.555394172668457,True,PERIODIC,True,True,1,FAR_GUIDANCE,73.1879425598999,-20.012834436129225,-1.2541601875530997,3.870424615368742,-1.1885478255486586,0.03578306261372621,75.40925828398451,-19.962858286773457,0.039088453295941517,3.9860823359170783,-0.33338807910579815,-0.22747871306222037,2.5708428984727743,2.221877845780457,1.2932486408490411,0.9022093231566091,0.015875349336824645,PREPARATION,False,FAR_GUIDANCE,0,False,inf,0.07106876373291016,0.0,True,True,TRACKING,0,0.07106876373291016,0.16722413384380405,0.32983477010731777,0,0,0.07106876373291016,0.0375826358795166,inf,VISION,,1:20,2,DYNAMIC_LIMIT_VERTICAL,0.07576608657836914,0.0008032321929931641,False,DYNAMIC_LIMIT_VERTICAL,0.0,0.0,0.0,False,0.0,-0.07991883313043102,1.0241601875530997,SAFE,1.0504118085295056,0.998811662197113,19.616046905517578,19.6229248046875,,,0.005816534161567688,0.0019222369883209467,,20.02831295445338,0.001514518000476528,0.016067008999016252,0.3607548530987462,0.554220303146295,1.0703432401209425,0.44649351466713333,0.8973453697919016,1.8513438791043573,0.3607548530987462,0.554220303146295,1.0703432401209425
25.889795064926147,25.889795064926147,4.605555057525635,True,PERIODIC,True,True,1,FAR_GUIDANCE,73.36518859863281,-20.066282272338867,-1.2520947456359863,3.8644185066223145,-1.1363681554794312,0.034477345645427704,75.59684344098667,-19.97682404493718,0.02828839867595618,3.9911935097887397,-0.2647015298985263,-0.23134909516545488,2.5744255875999658,2.2334471361219395,1.2803831443119424,0.9200751622631872,-0.007976966546510344,PREPARATION,False,FAR_GUIDANCE,0,False,inf,0.06920289993286133,0.0,True,True,TRACKING,0,0.06920289993286133,0.17263967619110893,0.33260779835556364,0,0,0.06920289993286133,0.030920028686523438,inf,VISION,,1:20,2,DYNAMIC_LIMIT_VERTICAL,0.07576608657836914,0.0008032321929931641,False,DYNAMIC_LIMIT_VERTICAL,0.0,0.0,0.0,False,0.0,-0.062417952276449196,1.0220947456359863,SAFE,1.0483109457459239,0.998811662197113,19.616046905517578,19.6229248046875,,,0.005675753112882376,0.0019222369883209467,,19.98756880684473,0.0013593029998446582,0.016067008999016252,0.35882547681981586,0.543208377937063,0.9599782877337121,0.452198147358587,0.919158827703434,1.8979901234445304,0.35882547681981586,0.543208377937063,0.9599782877337121
25.93956160545349,25.93956160545349,4.6553215980529785,True,PERIODIC,True,True,1,FAR_GUIDANCE,73.51969146728516,-20.110946655273438,-1.2504136562347412,3.858599901199341,-1.0899380445480347,0.03315964341163635,75.75820853382065,-19.98605982528138,0.018881110606299607,3.994646735276059,-0.20429647599666698,-0.23360731831020404,2.576366546632328,2.2419980770455927,1.2692947668410408,0.9348980376889915,-0.029709367075451732,PREPARATION,False,FAR_GUIDANCE,0,False,inf,0.07109808921813965,0.0,True,True,TRACKING,0,0.07109808921813965,0.17610393406414132,0.33501365314356313,0,0,0.07109808921813965,0.03627514839172363,inf,VISION,,1:20,2,DYNAMIC_LIMIT_VERTICAL,0.07576608657836914,0.0008032321929931641,False,DYNAMIC_LIMIT_VERTICAL,0.0,0.0,0.0,False,0.0,-0.049739525422356046,1.0204136562347412,SAFE,1.0466854063166213,1.0011693239212036,19.76778793334961,19.769420623779297,,,0.00866724643856287,0.0022953569423407316,,20.003131553615557,0.0013628819997393293,0.016067008999016252,0.36922407023163356,0.5855592083373996,1.0453452662337266,0.4595785820404138,0.9406318737492659,1.940331412504089,0.36922407023163356,0.5855592083373996,1.0453452662337266
25.989696264266968,25.989696264266968,4.705456256866455,True,PERIODIC,True,True,1,FAR_GUIDANCE,73.76652526855469,-20.17859649658203,-1.2477443218231201,3.849012613296509,-1.0144014358520508,0.03102293238043785,75.99670454928675,-19.995798373849066,0.004880302270207058,3.9983562315947867,-0.11320708973847092,-0.2354538022651194,2.5644069931986637,2.2376583246512998,1.2526246240933272,0.9515590448841643,-0.06395410665914811,PREPARATION,False,FAR_GUIDANCE,0,False,inf,0.06920337677001953,0.0,True,True,TRACKING,0,0.06920337677001953,0.1807351277854524,0.33286903159292947,0,0,0.06920337677001953,0.02311229705810547,inf,VISION,,1:21,2,DYNAMIC_LIMIT_HORIZONTAL,0.10087037086486816,0.00029587745666503906,False,DYNAMIC_LIMIT_HORIZONTAL,0.0,0.0,0.0,False,0.0,-0.029304530850171595,1.0177443218231201,SAFE,1.0443328008877086,1.0011693239212036,19.76778793334961,19.769420623779297,,,2.391599991824478e-05,0.0022953569423407316,,20.023054265564255,0.0014647700008936226,0.04002153399960662,0.3788807423720715,0.5752372790552827,0.9386407781732619,0.47480666350128736,0.9654295853042831,1.9925308806410063,0.3788807423720715,0.5752372790552827,0.9386407781732619
26.03975510597229,26.03975510597229,4.755515098571777,True,PERIODIC,True,True,1,FAR_GUIDANCE,73.95986521166832,-20.228331196788893,-1.2458386002051838,3.8416623354988624,-0.9539467201235368,0.02912344227421486,76.20831113711527,-19.99971227527799,-0.007581269592094843,3.9998855298945575,-0.030261324163602006,-0.23531831479394882,2.577024817061118,2.260038869340932,1.2382573306130888,0.9737344262352734,-0.09292937731705059,PREPARATION,False,FAR_GUIDANCE,0,False,inf,0.07114338874816895,0.0,True,True,TRACKING,0,0.07114338874816895,0.18328644228440027,0.33381816729907543,0,0,0.07114338874816895,0.034833431243896484,inf,VISION,,1:21,2,DYNAMIC_LIMIT_HORIZONTAL,0.10087037086486816,0.00029587745666503906,False,DYNAMIC_LIMIT_HORIZONTAL,0.0,0.0,0.0,False,0.0,-0.01631018053579769,1.0158386002051838,SAFE,1.0428983974993582,0.998749315738678,19.861600875854492,19.869646072387695,,,0.007655926048755646,0.0022953569423407316,,20.0089776014418,0.00209419299972069,0.04002153399960662,0.3922066508264919,0.6240713387733852,1.0474258641029948,0.48480276219860624,0.9907864955714054,2.0393695936038134,0.3922066508264919,0.6240713387733852,1.0474258641029948
26.08971881866455,26.08971881866455,4.805478811264038,True,PERIODIC,True,True,1,FAR_GUIDANCE,74.13512420654297,-20.270923614501953,-1.2441072463989258,3.835235118865967,-0.8981975317001343,0.02737700194120407,76.39612868400313,-19.999254670289172,-0.018597358969809907,3.999699361226926,0.045056471930678,-0.23375883738966965,2.586081929585973,2.2772670599524742,1.225509887429116,0.9924558070584103,-0.1191310495867854,PREPARATION,False,FAR_GUIDANCE,0,False,inf,0.06921672821044922,0.0,True,True,TRACKING,0,0.06921672821044922,0.18720311950620863,0.33177995198081645,0,0,0.06921672821044922,0.03420734405517578,inf,VISION,,1:21,2,DYNAMIC_LIMIT_HORIZONTAL,0.10087037086486816,0.00029587745666503906,False,DYNAMIC_LIMIT_HORIZONTAL,0.0,0.0,0.0,False,0.0,0.002028725994529079,1.0141072463989258,SAFE,1.0411153773580748,0.998749315738678,19.861600875854492,19.869646072387695,,,0.005785814952105284,0.0022953569423407316,,19.99521169386455,0.0025240119994123233,0.04002153399960662,0.5347222485242193,0.6108159430873226,0.9311648659812168,0.5726228352794646,1.0152719197082276,2.0942180538380564,0.5347222485242193,0.6108159430873226,0.9311648659812168
26.140825510025024,26.140825510025024,4.856585502624512,True,PERIODIC,True,True,1,FAR_GUIDANCE,74.34616351264943,-20.31883916436981,-1.2419931395755544,3.828190565100794,-0.8300717756909063,0.02520879900697439,76.60859552277925,-19.994679501255412,-0.030942908201895995,3.997823622672894,0.13193286928804612,-0.23055168204763993,2.5865654351979432,2.285536717633417,1.2110502313736584,1.0097731105806034,-0.14918917806972776,PREPARATION,False,FAR_GUIDANCE,0,False,inf,0.07111287117004395,0.0,True,True,TRACKING,0,0.07111287117004395,0.188997987038053,0.3320502511993456,0,0,0.07111287117004395,0.03722810745239258,inf,VISION,,1:21,2,DYNAMIC_LIMIT_HORIZONTAL,0.10087037086486816,0.00029587745666503906,False,DYNAMIC_LIMIT_HORIZONTAL,0.0,0.0,0.0,False,0.0,0.01530027514161647,1.0119931395755544,SAFE,1.0398507960606875,0.9996249079704285,19.656463623046875,19.671937942504883,,,0.0081486189737916,0.0034681179095059633,,20.00752079226912,0.0011483880007290281,0.04002153399960662,0.5006092283097663,0.6496657867648249,1.080081914504657,0.5540174828533593,1.036229759415662,2.150289194810555,0.5006092283097663,0.6496657867648249,1.080081914504657
26.189778804779053,26.189778804779053,4.90553879737854,True,PERIODIC,True,True,1,FAR_GUIDANCE,74.53199005126953,-20.35817527770996,-1.2401096820831299,3.8229100704193115,-0.7695135474205017,0.02310069091618061,76.79653408251885,-19.98652022861147,-0.04168489994671783,3.9944144534632073,0.21039856321469683,-0.22629662355992325,2.5889204513514907,2.294839241643584,1.198424782136412,1.0255927644248908,-0.1752408375630901,PREPARATION,False,FAR_GUIDANCE,0,False,inf,0.06917142868041992,0.0,True,True,TRACKING,0,0.06917142868041992,0.19242367289963808,0.3260229414742361,0,0,0.06917142868041992,0.014105796813964844,inf,VISION,,1:22,2,DYNAMIC_LIMIT_HORIZONTAL,0.10292577743530273,0.003960132598876953,False,DYNAMIC_LIMIT_HORIZONTAL,0.0,0.0,0.0,False,0.0,0.03651342018741355,1.01010968208313,SAFE,1.0378039059123532,0.9996249079704285,19.656463623046875,19.671937942504883,,,0.007301887031644583,0.0034681179095059633,,20.009836715938963,0.0014127719987300225,0.03468237900051463,0.44303598695354857,0.6297072533886467,0.9785794225375763,0.5329757249883188,1.0592004441381337,2.2074429177559627,0.44303598695354857,0.6297072533886467,0.9785794225375763
26.2397563457489,26.2397563457489,4.955516338348389,True,PERIODIC,True,True,1,FAR_GUIDANCE,74.72223645754612,-20.395378367097194,-1.2386372031617465,3.8189839478306036,-0.7067396415812296,0.020717358843452528,77.00778899808299,-19.973134243382372,-0.053511640406667886,3.988721942108649,0.30016207045694854,-0.22011617936093442,2.608939078449663,2.3242290153008236,1.1851255627550787,1.0491247959756704,-0.20226054988341663,PREPARATION,False,FAR_GUIDANCE,0,False,inf,0.07114744186401367,0.0,True,True,TRACKING,0,0.07114744186401367,0.1935488379341394,0.326670722729545,0,0,0.07114744186401367,0.03726768493652344,inf,VISION,,1:22,2,DYNAMIC_LIMIT_HORIZONTAL,0.10292577743530273,0.003960132598876953,False,DYNAMIC_LIMIT_HORIZONTAL,0.0,0.0,0.0,False,0.0,0.050022633070959444,1.0086372031617465,SAFE,1.0365378500615419,0.9985922574996948,19.61924171447754,19.61347770690918,,,1.6591000530752353e-05,0.0034681179095059633,,19.980758324211106,0.002622189000248909,0.03468237900051463,0.46558400581774617,0.6735596612782013,1.1515145078066826,0.5528731868771557,1.0816811282357286,2.2666530997448318,0.46558400581774617,0.6735596612782013,1.1515145078066826
26.289817810058594,26.289817810058594,5.005577802658081,True,PERIODIC,True,True,1,FAR_GUIDANCE,74.89630126953125,-20.426761627197266,-1.237501621246338,3.8165881633758545,-0.6487993597984314,0.01822182536125183,77.19593700896166,-19.956933460370948,-0.06373743254225686,3.981707129932754,0.3815996859904258,-0.2132486618717389,2.6242685478230303,2.347139331273081,1.173764188704081,1.0689083464634768,-0.22563704593794814,PREPARATION,False,FAR_GUIDANCE,0,False,inf,0.06908535957336426,0.0,True,True,TRACKING,0,0.06908535957336426,0.19636119728440557,0.3239199727142563,0,0,0.06908535957336426,0.026683330535888672,inf,VISION,,1:22,2,DYNAMIC_LIMIT_HORIZONTAL,0.10292577743530273,0.003960132598876953,False,DYNAMIC_LIMIT_HORIZONTAL,0.0,0.0,0.0,False,0.0,0.06878512919343205,1.007501621246338,SAFE,1.035325707859856,0.9985922574996948,19.61924171447754,19.61347770690918,,,0.005735763814300299,0.0034681179095059633,,20.04945606778774,0.0012338140004430898,0.03468237900051463,0.4741634207309297,0.6570932793105623,1.0640179592866104,0.5721806183376853,1.1056959809601548,2.328762386435161,0.4741634207309297,0.6570932793105623,1.0640179592866104
26.339715003967285,26.339715003967285,5.0554749965667725,True,PERIODIC,True,True,1,FAR_GUIDANCE,75.10638468965813,-20.46099941992734,-1.2361620618720268,3.8158915711783084,-0.578021974740395,0.015510095983634526,77.40587714344271,-19.93447365683511,-0.07477366379966688,3.971830060093594,0.4738839243284381,-0.20425728015261949,2.629394975158576,2.3590029512936366,1.16138839807236,1.08587316590604,-0.2499432987486488,PREPARATION,False,FAR_GUIDANCE,0,False,inf,0.07109189033508301,0.0,True,True,TRACKING,0,0.07109189033508301,0.19756015122526877,0.32600567972696215,0,0,0.07109189033508301,0.037511587142944336,inf,VISION,,1:22,2,DYNAMIC_LIMIT_HORIZONTAL,0.10292577743530273,0.003960132598876953,False,DYNAMIC_LIMIT_HORIZONTAL,0.0,0.0,0.0,False,0.0,0.08252546698503505,1.0061620618720268,SAFE,1.034701940458251,0.9997370839118958,19.773691177368164,19.762998580932617,,,2.909300019382499e-05,0.0034681179095059633,,20.00931922878084,0.0012330130011832807,0.03468237900051463,0.46596641309908055,0.7045373253158005,1.2514869343537887,0.569058300096911,1.128466511268459,2.393081352311534,0.46596641309908055,0.7045373253158005,1.2514869343537887
26.389772176742554,26.389772176742554,5.105532169342041,True,PERIODIC,True,True,1,FAR_GUIDANCE,75.28973388671875,-20.487836837768555,-1.2350265979766846,3.816843032836914,-0.5157485008239746,0.013028005138039589,77.59259897080423,-19.910082614544244,-0.0841626967400543,3.960934466102372,0.5572760590562558,-0.19498741626164898,2.638460774224843,2.374234095019605,1.1508639012366302,1.102458372360039,-0.26999460035441625,PREPARATION,False,FAR_GUIDANCE,0,False,inf,0.0691680908203125,0.0,True,True,TRACKING,0,0.0691680908203125,0.20041613837035124,0.3213468538283001,0,0,0.0691680908203125,0.030893325805664062,inf,VISION,,1:22,2,DYNAMIC_LIMIT_HORIZONTAL,0.10292577743530273,0.003960132598876953,False,DYNAMIC_LIMIT_HORIZONTAL,0.0,0.0,0.0,False,0.0,0.10404966131467752,1.0050265979766846,SAFE,1.0336455909279396,0.9997370839118958,19.773691177368164,19.762998580932617,,,3.16400000883732e-05,0.0034681179095059633,,19.99063228090314,0.002131482999175205,0.03468237900051463,0.46992889843424557,0.6843715192722301,1.159044846986589,0.5853934812318357,1.1527772108925756,2.457401608972316,0.46992889843424557,0.6843715192722301,1.159044846986589
26.439685344696045,26.439685344696045,5.155445337295532,True,PERIODIC,True,True,1,FAR_GUIDANCE,75.47845188720046,-20.512106510968877,-1.2339069700507943,3.8197429502622895,-0.4509150143088673,0.01081895441767493,77.80180212052662,-19.878223546373242,-0.09419190773491812,3.9465164657529517,0.6519262117301574,-0.18337245499873608,2.6643412586924597,2.4082699017139335,1.1397150623158763,1.1269607790745217,-0.28986101755203875,PREPARATION,False,FAR_GUIDANCE,0,False,inf,0.07112789154052734,0.0,True,True,TRACKING,0,0.07112789154052734,0.20171763506402463,0.3255333018139163,0,0,0.07112789154052734,0.032660722732543945,inf,VISION,,1:23,2,HORIZON_INSUFFICIENT,0.0732583999633789,0.0004146099090576172,False,HORIZON_INSUFFICIENT,0.0,0.0,0.0,False,0.0,0.11780597106884372,1.0039069700507943,SAFE,1.0330384514224034,1.0005507469177246,19.66060447692871,19.64000129699707,,,0.0072781541384756565,0.0023068960290402174,,19.983965037241216,0.0015756579996377695,0.027048604000810883,0.45353826846615014,0.7361757779642935,1.3665020606461313,0.5752719434525015,1.177043927083177,2.5235317116553104,0.45353826846615014,0.7361757779642935,1.3665020606461313
26.489824295043945,26.489824295043945,5.205584287643433,True,PERIODIC,True,True,1,FAR_GUIDANCE,75.65266418457031,-20.531713485717773,-1.2329742908477783,3.8239052295684814,-0.3904423117637634,0.008950703777372837,77.9867463530356,-19.845493652002148,-0.10252050910555538,3.93151141900048,0.7367030646886745,-0.17193953014624316,2.6826783224955633,2.432866052484665,1.1304537817422229,1.1466285660104252,-0.3057180374090206,PREPARATION,False,FAR_GUIDANCE,0,False,inf,0.06922364234924316,0.0,True,True,TRACKING,0,0.06922364234924316,0.2048591940604173,0.32644943846384006,0,0,0.06922364234924316,0.029264450073242188,inf,VISION,,1:23,2,HORIZON_INSUFFICIENT,0.0732583999633789,0.0004146099090576172,False,HORIZON_INSUFFICIENT,0.0,0.0,0.0,False,0.0,0.13684358560674914,1.0029742908477783,SAFE,1.0321689062901005,1.0005507469177246,19.66060447692871,19.64000129699707,,,3.732099867193028e-05,0.0023068960290402174,,19.998016554144257,0.00238670199905755,0.027048604000810883,0.4689968437345238,0.717011809826216,1.2828625106002756,0.6007985360774242,1.2032096605945521,2.5949070097885736,0.4689968437345238,0.717011809826216,1.2828625106002756
26.539538860321045,26.539538860321045,5.255298852920532,True,PERIODIC,True,True,1,FAR_GUIDANCE,75.8564524988833,-20.550957264130727,-1.2319895264286111,3.8307559418825146,-0.31886452939874976,0.006633306995557813,78.19496836243606,-19.803961736494912,-0.11130024334155084,3.9122737973006614,0.8331348840101839,-0.15795882744053105,2.698629880443407,2.4549254087234114,1.1206892830870603,1.1665497760338943,-0.32116763134199566,PREPARATION,False,FAR_GUIDANCE,0,False,inf,0.07113814353942871,0.0,True,True,TRACKING,0,0.07113814353942871,0.20698337607327988,0.3329217444015431,0,0,0.07113814353942871,0.03424811363220215,inf,VISION,,1:23,2,HORIZON_INSUFFICIENT,0.0732583999633789,0.0004146099090576172,False,HORIZON_INSUFFICIENT,0.0,0.0,0.0,False,0.0,0.1506222181495147,1.0019895264286112,SAFE,1.0316156622615504,0.9982338547706604,19.619407653808594,19.624225616455078,,,4.299500142224133e-05,0.0023068960290402174,,19.968727299515965,0.002626957000757102,0.027048604000810883,0.47878144647705057,0.7712921234100211,1.4824216572587179,0.6103625185534266,1.2292084384670607,2.6650009507240515,0.47878144647705057,0.7712921234100211,1.4824216572587179
26.589736461639404,26.589736461639404,5.305496454238892,True,PERIODIC,True,True,1,FAR_GUIDANCE,76.04654693603516,-20.565475463867188,-1.2311680316925049,3.838571786880493,-0.2513663172721863,0.004517146851867437,78.3787709820612,-19.76257146451398,-0.11840972831634511,3.8929102590803515,0.919116181604312,-0.14457817622293814,2.7059480547068984,2.4665611350703345,1.1127583033761597,1.181190655694485,-0.3328251296979224,PREPARATION,False,FAR_GUIDANCE,0,False,inf,0.06905579566955566,0.0,True,True,TRACKING,0,0.06905579566955566,0.21071023382046916,0.33317301163313506,0,0,0.06905579566955566,0.016478776931762695,inf,VISION,,1:23,2,HORIZON_INSUFFICIENT,0.0732583999633789,0.0004146099090576172,False,HORIZON_INSUFFICIENT,0.0,0.0,0.0,False,0.0,0.1722296426583143,1.001168031692505,SAFE,1.0308759612118883,0.9982338547706604,19.619407653808594,19.624225616455078,,,0.00811814609915018,0.0023068960290402174,,20.02352718292161,0.0010930759999610018,0.027048604000810883,0.47884342232025034,0.9975629961740486,1.3717225933421715,0.6244129395969421,1.288553805815756,2.734221786147472,0.47884342232025034,0.9975629961740486,1.3717225933421715
26.63987374305725,26.63987374305725,5.355633735656738,True,PERIODIC,True,True,1,FAR_GUIDANCE,76.23524318165549,-20.576108040330414,-1.2307286494259189,3.8478317596646834,-0.18313494663292149,0.002696944921238402,78.58400203298035,-19.711543825987707,-0.1256576458518895,3.8688591389035887,1.0158390440036185,-0.12867263265174825,2.7359315315517323,2.502826286900251,1.1050710035740294,1.206332767859794,-0.3438702787559498,PREPARATION,False,FAR_GUIDANCE,0,False,inf,0.07114338874816895,0.0,True,True,TRACKING,0,0.07114338874816895,0.21323596192484554,0.34220519235737396,0,0,0.07114338874816895,0.03127026557922363,inf,VISION,,1:24,2,HORIZON_INSUFFICIENT,0.07451534271240234,0.008726358413696289,False,HORIZON_INSUFFICIENT,0.0,0.0,0.0,False,0.0,0.18623985210268712,1.0007286494259189,SAFE,1.0304863787415885,0.9999215006828308,20.00993537902832,20.01422691345215,,,0.007561903912574053,0.004979864228516817,,20.00936946907932,0.002047037000011187,0.017819871000028797,0.47884342232025034,0.9550496418760756,1.5749103745883084,0.7248359691671795,1.2988096021122792,2.806028514616044,0.47884342232025034,0.9550496418760756,1.5749103745883084
26.689666986465454,26.689666986465454,5.405426979064941,True,PERIODIC,True,True,1,FAR_GUIDANCE,76.41189575195312,-20.58290672302246,-1.230449914932251,3.8574635982513428,-0.11816073209047318,0.00118050049059093,78.76522915319693,-19.66165294271857,-0.13133358046509472,3.845185961244413,1.1018274641320058,-0.11374411715329097,2.7558924764631967,2.5272290408931943,1.0991163344671562,1.2254507770748053,-0.35150494739103594,PREPARATION,False,FAR_GUIDANCE,0,False,inf,0.06915116310119629,0.0,True,True,TRACKING,0,0.06915116310119629,0.21768534419777966,0.3483021423192957,0,0,0.06915116310119629,0.03374290466308594,inf,VISION,,1:24,2,HORIZON_INSUFFICIENT,0.07451534271240234,0.008726358413696289,False,HORIZON_INSUFFICIENT,0.0,0.0,0.0,False,0.0,0.20534861186761466,1.000449914932251,SAFE,1.0303002132764802,0.9999215006828308,20.00993537902832,20.01422691345215,,,2.9553999411291443e-05,0.004979864228516817,,19.983669375314236,0.0022613950004597427,0.017819871000028797,0.48879874574252263,0.7866531388705938,1.454457112653754,0.6477372305814814,1.3142253551089969,2.883358366723665,0.48879874574252263,0.7866531388705938,1.454457112653754
26.742234230041504,26.742234230041504,5.457994222640991,True,PERIODIC,True,True,1,FAR_GUIDANCE,76.62125449344424,-20.58676702198627,-1.2302993208518551,3.869594928275554,-0.039657734121946814,-0.000253042382046875,78.96842620837539,-19.600784263241916,-0.13692740521682994,3.8161747882246124,1.1986700904414187,-0.09620259614283708,2.770710956742577,2.5458548780152337,1.0933719156350252,1.2431877691313546,-0.35755266825904797,PREPARATION,False,FAR_GUIDANCE,0,False,inf,0.07112240791320801,0.0,True,True,TRACKING,0,0.07112240791320801,0.2209933320390896,0.35933619173793163,0,0,0.07112240791320801,0.032892704010009766,inf,VISION,,1:24,2,HORIZON_INSUFFICIENT,0.07451534271240234,0.008726358413696289,False,HORIZON_INSUFFICIENT,0.0,0.0,0.0,False,0.0,0.2194296095563666,1.0002993208518551,SAFE,1.0302725611423806,1.0012823343276978,19.88343048095703,19.905916213989258,,,0.006816782057285309,0.004979864228516817,,19.941180209301407,0.002363071000218042,0.017819871000028797,0.49223021723437943,0.8445204728952733,1.6356577095210147,0.6509689855573009,1.3395141041482668,2.9544408114197136,0.49223021723437943,0.8445204728952733,1.6356577095210147
26.78975510597229,26.78975510597229,5.505515098571777,True,PERIODIC,True,True,1,FAR_GUIDANCE,76.80986022949219,-20.586517333984375,-1.2302758693695068,3.8807365894317627,0.03277893364429474,-0.0016054861480370164,79.14686816340325,-19.542383247241798,-0.14104223147861783,3.788246280816353,1.2840031954244198,-0.08008155138435288,2.7817713766904086,2.559652725324479,1.0892336378908891,1.2570899344398423,-0.3612146401515599,PREPARATION,False,FAR_GUIDANCE,0,False,inf,0.06918740272521973,0.0,True,True,TRACKING,0,0.06918740272521973,0.22649624088523235,0.36456187461482503,0,0,0.06918740272521973,0.021199941635131836,inf,VISION,,1:24,2,HORIZON_INSUFFICIENT,0.07451534271240234,0.008726358413696289,False,HORIZON_INSUFFICIENT,0.0,0.0,0.0,False,0.0,0.2414972026587483,1.0002758693695069,SAFE,1.0302849292755127,1.0012823343276978,19.88343048095703,19.905916213989258,,,0.006557434797286987,0.004979864228516817,,19.98707252218744,0.0020404189999680966,0.017819871000028797,0.5022272249727973,0.816445869221386,1.4854543077296443,0.6736409331875292,1.367005957457608,3.0250810226895273,0.5022272249727973,0.816445869221386,1.4854543077296443
26.83981442451477,26.83981442451477,5.555574417114258,True,PERIODIC,True,True,1,FAR_GUIDANCE,76.99890388726683,-20.582186992324683,-1.230373924693396,3.8920456899585987,0.10714533939173969,-0.002559137969988105,79.34668083354198,-19.47196672744602,-0.1448166086304875,3.7545244434433864,1.3796906187932614,-0.06140487486918483,2.814796673379093,2.597045557168434,1.0855573160629084,1.281306521532379,-0.36452221734865936,PREPARATION,False,FAR_GUIDANCE,0,False,inf,0.07108783721923828,0.0,True,True,TRACKING,0,0.07108783721923828,0.23039601178783223,0.3771067829389267,0,0,0.07108783721923828,0.036519765853881836,inf,VISION,,1:24,2,HORIZON_INSUFFICIENT,0.07451534271240234,0.008726358413696289,False,HORIZON_INSUFFICIENT,0.0,0.0,0.0,False,0.0,0.2558033488661118,1.000373924693396,SAFE,1.0302758693695069,0.9993451833724976,19.99358367919922,19.99686050415039,,,0.006160199176520109,0.004979864228516817,,19.979290594298572,0.0014301259998319438,0.017819871000028797,0.5124973731896949,0.8629389245602344,1.6815857295655423,0.6817864358924802,1.3912024276839823,3.093005611464729,0.5124973731896949,0.8629389245602344,1.6815857295655423
26.889854669570923,26.889854669570923,5.60561466217041,True,PERIODIC,True,True,1,FAR_GUIDANCE,77.17901611328125,-20.574522018432617,-1.230525016784668,3.9026596546173096,0.17945201694965363,-0.0032435632310807705,79.52222052967991,-19.405060749102912,-0.14727763911580766,3.722485517011202,1.4637508947031024,-0.04446233939783745,2.834020373730384,2.6188254232560912,1.0832473776688603,1.2975304677615696,-0.36524184484283057,PREPARATION,False,FAR_GUIDANCE,0,False,inf,0.06912398338317871,0.0,True,True,TRACKING,0,0.06912398338317871,0.23623898755299022,0.3867885497950813,0,0,0.06912398338317871,0.03445911407470703,inf,VISION,,1:25,2,HORIZON_INSUFFICIENT,0.07264113426208496,0.0020699501037597656,False,HORIZON_INSUFFICIENT,0.0,0.0,0.0,False,0.0,0.2757255624806767,1.000525016784668,SAFE,1.0303938865661622,0.9993451833724976,19.99358367919922,19.99686050415039,,,0.008328099735081196,0.004979864228516817,,20.015410191230938,0.001588623001225642,0.028624397999010398,0.5125026987899992,0.8286379192413427,1.5423814348183396,0.6969988074002629,1.4207859591841259,3.1689247774415317,0.5125026987899992,0.8286379192413427,1.5423814348183396
26.939725160598755,26.939725160598755,5.655485153198242,True,PERIODIC,True,True,1,FAR_GUIDANCE,77.39331362367069,-20.56070472388345,-1.2307711657004994,3.9148416138604327,0.26750238818679317,-0.0034185837759872495,79.71928093788092,-19.32481436836563,-0.1491529713634024,3.6841218309564487,1.557962237883224,-0.02500435085176893,2.8473578693162835,2.633922724309945,1.081618194337097,1.311100372680157,-0.3634501519428104,PREPARATION,False,FAR_GUIDANCE,0,False,inf,0.07108259201049805,0.0,True,True,TRACKING,0,0.07108259201049805,0.24056079024403276,0.40035332357757814,0,0,0.07108259201049805,0.03652667999267578,inf,VISION,,1:25,2,HORIZON_INSUFFICIENT,0.07264113426208496,0.0020699501037597656,False,HORIZON_INSUFFICIENT,0.0,0.0,0.0,False,0.0,0.2904843543312561,1.0007711657004994,SAFE,1.030525016784668,0.9995899200439453,20.019168853759766,20.010112762451172,,,3.736299913725816e-05,0.002121170051395893,,19.974262874891316,0.001556308001454454,0.028624397999010398,0.5286183879870114,0.8815803233887335,1.762943007768676,0.7090065217673819,1.4485484010302612,3.244704061924856,0.5286183879870114,0.8815803233887335,1.762943007768676
26.989713191986084,26.989713191986084,5.705473184585571,True,PERIODIC,True,True,1,FAR_GUIDANCE,77.5820083618164,-20.544626235961914,-1.2309575080871582,3.9250569343566895,0.3467356264591217,-0.003496211487799883,79.89171530068747,-19.249461565180997,-0.14989592546532213,3.648221402825904,1.6401171838975317,-0.007635750878998839,2.8602258325749363,2.648055450308426,1.0810615826218362,1.322683219983572,-0.3605512691272854,PREPARATION,False,FAR_GUIDANCE,0,False,inf,0.06908559799194336,0.0,True,True,TRACKING,0,0.06908559799194336,0.2468815651642761,0.40835620171563874,0,0,0.06908559799194336,0.028691530227661133,inf,VISION,,1:25,2,HORIZON_INSUFFICIENT,0.07264113426208496,0.0020699501037597656,False,HORIZON_INSUFFICIENT,0.0,0.0,0.0,False,0.0,0.3138777680311451,1.0009575080871582,SAFE,1.030804443359375,0.9995899200439453,20.019168853759766,20.010112762451172,,,0.005142252892255783,0.002121170051395893,,19.995678279742563,0.0020951709993823897,0.028624397999010398,0.5295791145710075,0.8465674981691017,1.593583327195922,0.7250477141670376,1.4800112834241699,3.313701624414547,0.5295791145710075,0.8465674981691017,1.593583327195922
27.039612770080566,27.039612770080566,5.755372762680054,True,PERIODIC,True,True,1,FAR_GUIDANCE,77.77745210683342,-20.523700155602945,-1.2309957270379928,3.9344850952565396,0.43049219560966134,-0.0032026146984340787,80.08348143848951,-19.160484692739637,-0.14980802409138397,3.60602676130509,1.7310606565777893,0.011916943190015216,2.8887877259589065,2.6788295348244664,1.0811877029466088,1.3414886506556472,-0.3571974344032547,PREPARATION,False,FAR_GUIDANCE,0,False,inf,0.07121992111206055,0.0,True,True,TRACKING,0,0.07121968269348145,0.251279485210982,0.4223649016353867,0,0,0.07121968269348145,0.03799605369567871,inf,VISION,,1:25,2,HORIZON_INSUFFICIENT,0.07264113426208496,0.0020699501037597656,False,HORIZON_INSUFFICIENT,0.0,0.0,0.0,False,0.0,0.32935089980405374,1.0009957270379928,SAFE,1.0309575080871582,0.9996843338012695,19.884397506713867,19.86310386657715,,,2.4422000933554955e-05,0.002121170051395893,,20.0069079911117,0.0015297099998861086,0.028624397999010398,0.538843176834233,0.9103084019603472,1.7996906572936722,0.7313913241597019,1.5105781606179183,3.3750352124072447,0.538843176834233,0.9103084019603472,1.7996906572936722
27.0897958278656,27.0897958278656,5.805555820465088,True,PERIODIC,True,True,1,FAR_GUIDANCE,77.95612335205078,-20.500959396362305,-1.2309775352478027,3.9418647289276123,0.5085981488227844,-0.002861960558220744,80.25219638393042,-19.07703420287287,-0.14881359095570965,3.56671706910545,1.8105373378487624,0.029258681497604612,2.910428340760982,2.7017613374202583,1.0821639442920932,1.3552908006172493,-0.3529574575907958,PREPARATION,False,FAR_GUIDANCE,0,False,inf,0.06923174858093262,0.0,True,True,TRACKING,0,0.06923174858093262,0.2572743564838233,0.4331480684542322,0,0,0.06923174858093262,0.022017955780029297,inf,VISION,,1:26,2,HORIZON_INSUFFICIENT,0.0881047248840332,0.00026988983154296875,False,HORIZON_INSUFFICIENT,0.0,0.0,0.0,False,0.0,0.3508812935152581,1.0009775352478028,SAFE,1.0309927940368653,0.9996843338012695,19.884397506713867,19.86310386657715,,,0.006308803800493479,0.002121170051395893,,19.963654883220606,0.0025551999988238094,0.028873678000309155,0.5415151042821704,0.8685314024067975,1.6100737689757953,0.7481165117452506,1.5425438648099703,3.443407842511941,0.5415151042821704,0.8685314024067975,1.6100737689757953
27.139742374420166,27.139742374420166,5.855502367019653,True,PERIODIC,True,True,1,FAR_GUIDANCE,78.17275284335275,-20.46831024119289,-1.231225474221703,3.949120184328407,0.6053414109356523,-0.0026401428521954846,80.43987759634177,-18.97896316737205,-0.1467768748126067,3.520866638537468,1.8982882061567659,0.04858178779146993,2.9213076039120844,2.7125650871295632,1.0844485994090962,1.3629879680077606,-0.3458348109056572,PREPARATION,False,FAR_GUIDANCE,0,False,inf,0.07118964195251465,0.0,True,True,TRACKING,0,0.07118964195251465,0.26127485118208665,0.44648046913015116,0,0,0.07118964195251465,0.03775429725646973,inf,VISION,,1:26,2,HORIZON_INSUFFICIENT,0.0881047248840332,0.00026988983154296875,False,HORIZON_INSUFFICIENT,0.0,0.0,0.0,False,0.0,0.3670102486967983,1.001225474221703,SAFE,1.0309775352478028,1.0010082721710205,19.934694290161133,19.929147720336914,,,2.721599958022125e-05,0.0035515669733285904,,19.962859738046223,0.0027439879995654337,0.028873678000309155,0.5607107067976977,0.8685314024067975,1.8314428522539579,0.7602854335205592,1.6608476060166046,3.5184115600129737,0.5607107067976977,0.8685314024067975,1.8314428522539579
27.189717531204224,27.189717531204224,5.905477523803711,True,PERIODIC,True,True,1,FAR_GUIDANCE,78.36370849609375,-20.435331344604492,-1.2315449714660645,3.9539992809295654,0.6921603679656982,-0.0027286142576485872,80.60571143548168,-18.887052574848756,-0.14404688152616096,3.478316165260359,1.975065355866299,0.0655886340440628,2.9336660383764532,2.7246549009187304,1.0874980899399036,1.3699587150452825,-0.3388615053201111,PREPARATION,False,FAR_GUIDANCE,0,False,inf,0.06915926933288574,0.0,True,True,TRACKING,0,0.06915926933288574,0.2666085596077416,0.45382717711933696,0,0,0.06915926933288574,0.03249692916870117,inf,VISION,,1:26,2,HORIZON_INSUFFICIENT,0.0881047248840332,0.00026988983154296875,False,HORIZON_INSUFFICIENT,0.0,0.0,0.0,False,0.0,0.39283735114029117,1.0015449714660645,SAFE,1.0312772274017334,1.0010082721710205,19.934694290161133,19.929147720336914,,,0.00584988621994853,0.0035515669733285904,,20.004467204977082,0.0024286770003527636,0.028873678000309155,0.5540970781616006,0.8910397257004065,1.6334608509470687,0.7700307705720986,1.6065562448361466,3.591385493934944,0.5540970781616006,0.8910397257004065,1.6334608509470687
27.239755153656006,27.239755153656006,5.955515146255493,True,PERIODIC,True,True,1,FAR_GUIDANCE,78.56088134020261,-20.396636093718257,-1.2320352549391458,3.9570620564034074,0.7833824358278766,-0.002268060309292677,80.78776470115962,-18.780880667557525,-0.140123954956588,3.4296652572237734,2.058493678249265,0.08408203275749689,2.960058341908924,2.751304254435523,1.0919112999825578,1.382574556003033,-0.3311094854731517,PREPARATION,False,FAR_GUIDANCE,0,False,inf,0.07112765312194824,0.0,True,True,TRACKING,0,0.07112765312194824,0.2701202950386063,0.4660406896618021,0,0,0.07112765312194824,0.03325796127319336,inf,VISION,,1:26,2,HORIZON_INSUFFICIENT,0.0881047248840332,0.00026988983154296875,False,HORIZON_INSUFFICIENT,0.0,0.0,0.0,False,0.0,0.4098079195867763,1.0020352549391458,SAFE,1.0315449714660645,0.9992533326148987,19.875572204589844,19.901437759399414,,,0.005662413779646158,0.0035515669733285904,,19.964990269507584,0.00212079800076026,0.028873678000309155,0.5638658284833077,0.9646646474797812,1.86977350156054,0.7750387841910829,1.640361103087322,3.661171355931418,0.5638658284833077,0.9646646474797812,1.86977350156054
27.289763689041138,27.289763689041138,6.005523681640625,True,PERIODIC,True,True,1,FAR_GUIDANCE,78.74124145507812,-20.357391357421875,-1.232494831085205,3.9581878185272217,0.8682622313499451,-0.0018622817005962133,80.94711637972046,-18.682769581048763,-0.13579112187752673,3.385272216636466,2.130600562236517,0.0999988596713206,2.978758349188252,2.7695202250694693,1.0967037092076783,1.3900021728892848,-0.32290990967252686,PREPARATION,False,FAR_GUIDANCE,0,False,inf,0.06917738914489746,0.0,True,True,TRACKING,0,0.06917738914489746,0.27462424626917764,0.47469997761154037,0,0,0.06917738914489746,0.02452373504638672,inf,VISION,,1:26,2,HORIZON_INSUFFICIENT,0.0881047248840332,0.00026988983154296875,False,HORIZON_INSUFFICIENT,0.0,0.0,0.0,False,0.0,0.43376767144270767,1.002494831085205,SAFE,1.0320935726165772,0.9992533326148987,19.875572204589844,19.901437759399414,,,0.005950897932052612,0.0035515669733285904,,19.96368488993914,0.002852394000001368,0.028873678000309155,0.5634016346032971,0.9089088719101901,1.6506522184046037,0.7870923007289039,1.6684936835460218,3.7190876875213332,0.5634016346032971,0.9089088719101901,1.6506522184046037
27.33961510658264,27.33961510658264,6.055375099182129,True,PERIODIC,True,True,1,FAR_GUIDANCE,78.95968429326135,-20.30443939431032,-1.2329866496157127,3.9569344914761193,0.9729447064236518,-0.0015231404875533884,81.1258037113048,-18.56746968218435,-0.13003094762524853,3.3337557280457433,2.210446277501944,0.1174631437735469,2.987582366165184,2.776533290646428,1.102955701990464,1.39065439468407,-0.3115762559449474,PREPARATION,False,FAR_GUIDANCE,0,False,inf,0.07111239433288574,0.0,True,True,TRACKING,0,0.07111239433288574,0.27721197864769836,0.48507652564879067,0,0,0.07111239433288574,0.03966522216796875,inf,VISION,,1:27,2,HORIZON_INSUFFICIENT,0.07460165023803711,0.004092216491699219,False,HORIZON_INSUFFICIENT,0.0,0.0,0.0,False,0.0,0.45154072863864236,1.0029866496157127,SAFE,1.0324948310852051,1.0008925199508667,19.997173309326172,19.99584197998047,,,3.157600076519884e-05,0.0035626410972326994,,20.006546355583396,0.002066001999992295,0.02914266599873372,0.5759264906069719,0.9813193913414686,1.9119892692130833,0.7918526946622163,1.6996415400443856,3.787294006840733,0.5759264906069719,0.9813193913414686,1.9119892692130833
27.389689207077026,27.389689207077026,6.105449199676514,True,PERIODIC,True,True,1,FAR_GUIDANCE,79.15071868896484,-20.253599166870117,-1.2334315776824951,3.953674077987671,1.0658941268920898,-0.0012814801884815097,81.28194385460601,-18.46144628650614,-0.12411631329356151,3.2871049346952215,2.2791527742343014,0.13224489608984116,2.997417723485571,2.784588417209828,1.1093152643889337,1.390733713297518,-0.30087861527403553,PREPARATION,False,FAR_GUIDANCE,0,False,inf,0.06911063194274902,0.0,True,True,TRACKING,0,0.06911063194274902,0.28057841596973865,0.48928471244707517,0,0,0.06911063194274902,0.024580001831054688,inf,VISION,,1:27,2,HORIZON_INSUFFICIENT,0.07460165023803711,0.004092216491699219,False,HORIZON_INSUFFICIENT,0.0,0.0,0.0,False,0.0,0.48023828709600647,1.0034315776824951,SAFE,1.0330622673034668,1.0008925199508667,19.997173309326172,19.99584197998047,,,2.700500044738874e-05,0.0035626410972326994,,20.023733462382904,0.0018771069990179967,0.02914266599873372,0.5656120694657069,0.9217223011642819,1.714001783286391,0.7967776625041745,1.7277973424704363,3.8581063727613483,0.5656120694657069,0.9217223011642819,1.714001783286391
27.439903497695923,27.439903497695923,6.15566349029541,True,PERIODIC,True,True,1,FAR_GUIDANCE,79.34492747676079,-20.1971840696894,-1.2341014094495735,3.948219524838093,1.1615858619743282,-0.0007686443295453994,81.45389954538827,-18.33941669301829,-0.11674676802432206,3.234204499156362,2.353703731916306,0.1479402645834912,3.024490735113745,2.8105271413160784,1.1173546414252513,1.3975252456840939,-0.2893050792381135,PREPARATION,False,FAR_GUIDANCE,0,False,inf,0.07113194465637207,0.0,True,True,TRACKING,0,0.07113170623779297,0.28229417888435143,0.4975775162049448,0,0,0.07113170623779297,0.038118600845336914,inf,VISION,,1:27,2,HORIZON_INSUFFICIENT,0.07460165023803711,0.004092216491699219,False,HORIZON_INSUFFICIENT,0.0,0.0,0.0,False,0.0,0.49892634206788644,1.0041014094495735,SAFE,1.0334315776824952,0.9992812871932983,19.980863571166992,19.97530746459961,,,0.005940972827374935,0.0035626410972326994,,20.005818101485403,0.0019373800005269004,0.02914266599873372,0.5711593585569607,0.9937779381181101,1.9877764000378773,0.7955400203947472,1.7544487569863059,3.924033037797901,0.5711593585569607,0.9937779381181101,1.9877764000378773
27.48976492881775,27.48976492881775,6.205524921417236,True,PERIODIC,True,True,1,FAR_GUIDANCE,79.52881622314453,-20.139646530151367,-1.2347073554992676,3.9409945011138916,1.2532647848129272,-0.0001424229849362746,81.60469243205974,-18.22718765540535,-0.10946253276976584,3.186400052997364,2.4179387453980663,0.16103377698867197,3.03857481287108,2.8225451249421982,1.1252448227295018,1.3970883948524133,-0.27720531049017844,PREPARATION,False,FAR_GUIDANCE,0,False,inf,0.06907105445861816,0.0,True,True,TRACKING,0,0.06907105445861816,0.2843277046315426,0.5021114206726993,0,0,0.06907105445861816,0.03418779373168945,inf,VISION,,1:27,2,HORIZON_INSUFFICIENT,0.07460165023803711,0.004092216491699219,False,HORIZON_INSUFFICIENT,0.0,0.0,0.0,False,0.0,0.5252078889727967,1.0047073554992676,SAFE,1.0341873645782471,0.9992812871932983,19.980863571166992,19.97530746459961,,,0.004524549003690481,0.0035626410972326994,,20.042931006470234,0.0014623290007875767,0.02914266599873372,0.5639656358273163,0.9241541885546143,1.7708943036628904,0.8003100169266697,1.777137676676777,3.989316983875484,0.5639656358273163,0.9241541885546143,1.7708943036628904
27.53960943222046,27.53960943222046,6.255369424819946,True,PERIODIC,True,True,1,FAR_GUIDANCE,79.54303974641161,-20.134941273717057,-1.234752288902316,3.940293669331096,1.2604248920583754,-8.538473542633605e-05,81.61473350694976,-18.219714490083152,-0.10897748633739066,3.1832168257606286,2.4222160597672597,0.16190565457876224,3.037659884893548,2.82134873246846,1.1257748025649252,1.3961250521551019,-0.2762085455275152,PREPARATION,False,FAR_GUIDANCE,0,False,inf,0.0711665153503418,0.0,True,True,TRACKING,0,0.0711665153503418,0.28472664531575664,0.5080465202994497,0,0,0.0711665153503418,0.0357203483581543,inf,VISION,,1:28,2,HORIZON_INSUFFICIENT,0.07543826103210449,0.008714675903320312,False,HORIZON_INSUFFICIENT,0.0,0.0,0.0,False,0.0,0.5446436455098382,1.004752288902316,SAFE,1.0347073554992676,1.0003606081008911,19.831825256347656,19.872257232666016,,,1.9596000129240565e-05,0.004305727779865265,,19.955916162479458,0.002426373999696807,0.023910178999358322,0.5639656358273163,0.9241541885546143,1.7708943036628904,0.8003100169266697,1.777137676676777,3.989316983875484,0.5639656358273163,0.9241541885546143,1.7708943036628904
27.58968997001648,27.58968997001648,6.305449962615967,True,PERIODIC,True,True,1,FAR_GUIDANCE,79.93728637695312,-19.99612045288086,-1.2360327243804932,3.916837692260742,1.4610025882720947,0.0017330332193523645,81.91952831952699,-17.977441992755733,-0.09195921102752441,3.0828104158188094,2.5485682971053945,0.1860034071683255,3.0517617941490727,2.8291952644298273,1.1440735133529687,1.3828796909328447,-0.24674942761031723,PREPARATION,False,FAR_GUIDANCE,0,False,inf,0.06909823417663574,0.0,True,True,TRACKING,0,0.06909823417663574,0.2855331387381885,0.5077538222932519,0,0,0.06909823417663574,0.02756476402282715,inf,VISION,,1:28,2,HORIZON_INSUFFICIENT,0.07543826103210449,0.008714675903320312,False,HORIZON_INSUFFICIENT,0.0,0.0,0.0,False,0.0,0.5758101619762286,1.0060327243804932,SAFE,1.0353362433700954,1.0003606081008911,19.831825256347656,19.872257232666016,,,3.4549000702099875e-05,0.004305727779865265,,20.015013060076353,0.0015346340005635284,0.023910178999358322,0.5600675380788829,0.9246767867396053,2.6358589741142864,0.7992922501109165,1.8211702989107523,4.068548191477706,0.5600675380788829,0.9246767867396053,2.6358589741142864
27.639949083328247,27.639949083328247,6.355709075927734,True,PERIODIC,True,True,1,FAR_GUIDANCE,79.99992370605469,-19.972108840942383,-1.2363221645355225,3.9121503829956055,1.4933289289474487,0.0019863350316882133,82.05095621274714,-17.866874158743897,-0.08377285647789103,3.0381657080509537,2.6016484535498607,0.1953180920146263,3.1570741705168412,2.939174613839824,1.1525493080576314,1.4246397961980197,-0.24184610971603326,PREPARATION,False,FAR_GUIDANCE,0,False,inf,0.07119059562683105,0.0,True,True,TRACKING,0,0.07119059562683105,0.2847413296986098,0.5109370811084252,0,0,0.07119059562683105,0.034923553466796875,inf,VISION,,1:28,2,HORIZON_INSUFFICIENT,0.07543826103210449,0.008714675903320312,False,HORIZON_INSUFFICIENT,0.0,0.0,0.0,False,0.0,0.5959536931165013,1.0063221645355225,SAFE,1.0357721687167625,0.9994642734527588,20.086671829223633,20.10302734375,,,0.006296422798186541,0.004305727779865265,,20.015385055880586,0.0019399060001887847,0.023910178999358322,0.5591257598634968,0.9878236142097045,2.4745047572906147,0.7889690112986394,1.8313080343472803,4.12170992741362,0.5591257598634968,0.9878236142097045,2.4745047572906147
27.690527200698853,27.690527200698853,6.40628719329834,True,PERIODIC,True,True,1,FAR_GUIDANCE,80.24735763858638,-19.87183291051146,-1.2373398889807874,3.8910301339629387,1.622404312464843,0.0028554146563027154,82.23095773362729,-17.709383846303048,-0.07177573589945846,2.975797477640755,2.672943952286864,0.20689387541013418,3.157434890427728,2.934425888030257,1.165564153081329,1.4081605176622212,-0.21983122907477334,PREPARATION,False,FAR_GUIDANCE,0,False,inf,0.06904840469360352,0.0,True,True,TRACKING,0,0.06904840469360352,0.2982633108704493,0.5387323289998192,0,0,0.06904840469360352,0.01575636863708496,inf,VISION,,1:28,2,HORIZON_INSUFFICIENT,0.07543826103210449,0.008714675903320312,False,HORIZON_INSUFFICIENT,0.0,0.0,0.0,False,0.0,0.617370593814889,1.0073398889807874,SAFE,1.0363448055853004,0.9994642734527588,20.086671829223633,20.10302734375,,,0.005683451890945435,0.004305727779865265,,20.06383222991849,0.0019434189998719376,0.023910178999358322,0.541846885821775,0.9086522559952734,1.5171239695598868,0.7840475401643592,1.8454845273084581,4.19218219959358,0.541846885821775,0.9086522559952734,1.5171239695598868
27.73983645439148,27.73983645439148,6.455596446990967,True,PERIODIC,True,True,1,FAR_GUIDANCE,80.40499114990234,-19.803342819213867,-1.2378778457641602,3.875225067138672,1.7056738138198853,0.004827916622161865,82.35054198779304,-17.599861147827603,-0.06321779459036286,2.9334573202726033,2.71917694239702,0.21355039852323007,3.1654898159330744,2.939472663413011,1.1746600511737972,1.3991712386708688,-0.20412528156537743,PREPARATION,False,FAR_GUIDANCE,0,False,inf,0.11902213096618652,0.0,True,True,TRACKING,0,0.04776430130004883,0.27110131548860344,0.5115576899560976,0,0,0.04776430130004883,0.06573009490966797,inf,VISION,,1:29,2,HORIZON_INSUFFICIENT,0.07412314414978027,0.0006082057952880859,False,HORIZON_INSUFFICIENT,0.0,0.0,0.0,False,0.0,0.6365202783592339,1.0078778457641602,SAFE,1.036918000533272,0.9855493903160095,19.42875862121582,19.431119918823242,,,5.020500248065218e-05,0.0026546590961515903,,19.974312939301647,0.0014159739985188935,0.022082284000134678,0.53977806913508,0.9789655516793818,1.8628938377358064,0.772528486835219,1.859560790482198,4.242301697134334,0.53977806913508,0.9789655516793818,1.8628938377358064
27.791033267974854,27.791033267974854,6.506793260574341,True,PERIODIC,True,True,1,FAR_GUIDANCE,80.62037565460004,-19.703823193170113,-1.2383749449116215,3.8497289295713037,1.8203606254638711,0.006452279749446745,82.52324310394346,-17.43649542402283,-0.050293313944866684,2.8714381667624136,2.784751847913941,0.22198071405490538,3.189548197528569,2.9600134699891347,1.1880816309667548,1.390523553389191,-0.18218841296712943,PREPARATION,False,FAR_GUIDANCE,0,False,inf,0.04635477066040039,0.0,True,True,TRACKING,0,0.04635477066040039,0.27110131548860344,0.5075006923681494,0,0,0.04635477066040039,0.010447025299072266,inf,VISION,,1:29,2,HORIZON_INSUFFICIENT,0.07412314414978027,0.0006082057952880859,False,HORIZON_INSUFFICIENT,0.0,0.0,0.0,False,0.0,0.6658123241395901,1.0083749449116215,SAFE,1.0372081649955975,0.9855493903160095,19.42875862121582,19.431119918823242,,,0.007857576943933964,0.0026546590961515903,,20.002453753670842,0.0017151289994217223,0.022082284000134678,0.5342348764716346,0.8865645578510426,1.6592828739592336,0.7725800752970339,1.8582217599318465,4.300175025135889,0.5342348764716346,0.8865645578510426,1.6592828739592336
27.8397798538208,27.8397798538208,6.555539846420288,True,PERIODIC,True,True,1,FAR_GUIDANCE,80.77467346191406,-19.628135681152344,-1.2384939193725586,3.828465461730957,1.903258204460144,0.006228041369467974,82.6380426154014,-17.323075768330465,-0.0412216758065322,2.8294604995212844,2.8272431297142413,0.22643052465473104,3.1967024617690276,2.9640252704500574,1.1972722435660264,1.378494900339267,-0.16641145306967978,PREPARATION,False,FAR_GUIDANCE,0,False,inf,0.04778695106506348,0.0,True,True,TRACKING,0,0.04778695106506348,0.2654308572658509,0.5031168285255015,0,0,0.04778695106506348,0.011680126190185547,inf,VISION,,1:29,2,HORIZON_INSUFFICIENT,0.07412314414978027,0.0006082057952880859,False,HORIZON_INSUFFICIENT,0.0,0.0,0.0,False,0.0,0.6863092130761945,1.0084939193725586,SAFE,1.0374000356571198,0.9985737800598145,19.424074172973633,19.426921844482422,,,3.882400051224977e-05,0.0026546590961515903,,20.008329546339002,0.0012236330003361218,0.022082284000134678,0.5231404711621102,0.9504069947579191,2.0090469643264055,0.754407975095284,1.8601815554758705,4.367529546980442,0.5231404711621102,0.9504069947579191,2.0090469643264055
27.890124559402466,27.890124559402466,6.605884552001953,True,PERIODIC,True,True,1,FAR_GUIDANCE,81.0154523484353,-19.502277415508637,-1.2383228753289772,3.7917435118925997,2.034561034647577,0.004730583310852985,82.80545207102668,-17.152514394123063,-0.027545153072872183,2.7675186082147487,2.8880513764794937,0.23161265089091448,3.192407861827799,2.953893238346345,1.2107777222561051,1.3523896958730752,-0.13997005496701953,PREPARATION,False,FAR_GUIDANCE,0,False,inf,0.0977630615234375,0.0,True,True,TRACKING,0,0.04575753211975098,0.26171836492855016,0.48916947565107266,0,0,0.04575753211975098,0.06165623664855957,inf,VISION,,1:29,2,HORIZON_INSUFFICIENT,0.07412314414978027,0.0006082057952880859,False,HORIZON_INSUFFICIENT,0.0,0.0,0.0,False,0.0,0.7198858284088612,1.0083228753289772,SAFE,1.0375588015413082,0.9985737800598145,19.424074172973633,19.426921844482422,,,0.005910104140639305,0.0026546590961515903,,19.914719220961743,0.001052099998560152,0.022082284000134678,0.5161120821150912,0.8583016140894785,1.7453947175548803,0.7520629452709559,1.8592549338209898,4.429649729426927,0.5161120821150912,0.8583016140894785,1.7453947175548803
27.939780473709106,27.939780473709106,6.655540466308594,True,PERIODIC,True,True,1,FAR_GUIDANCE,81.16874694824219,-19.417055130004883,-1.2381260395050049,3.7672057151794434,2.119861602783203,0.0027900247368961573,82.91637916774638,-17.034689365641963,-0.01811595489959741,2.7258486778014923,2.92728444349696,0.23378434093891326,3.1966090809475873,2.954637881341415,1.2200100846054074,1.3378021143354848,-0.12059116646527368,PREPARATION,False,FAR_GUIDANCE,0,False,inf,0.09575057029724121,0.0,True,True,TRACKING,0,0.04775357246398926,0.25717716193554263,0.48311386222594366,0,0,0.04775357246398926,0.05362820625305176,inf,VISION,,1:30,2,HORIZON_INSUFFICIENT,0.07553553581237793,0.00032711029052734375,False,HORIZON_INSUFFICIENT,0.0,0.0,0.0,False,0.0,0.7405884178435107,1.008126039505005,SAFE,1.0376095037168895,0.999970018863678,19.52752113342285,19.535268783569336,,,5.957500252407044e-05,0.0026546590961515903,,19.992964359427805,0.0013204189999669325,0.02347242599898891,0.5141051633265041,0.9186833125158151,2.096435133608931,0.7376617044412732,1.856117663654403,4.5044498015646655,0.5141051633265041,0.9186833125158151,2.096435133608931
27.989696502685547,27.989696502685547,6.705456495285034,True,PERIODIC,True,True,1,FAR_GUIDANCE,81.3770033688208,-19.294589604187518,-1.2378237018257472,3.733735159345618,2.2390020147176175,-0.0007132301157721698,83.07636377848326,-16.859673819864383,-0.004201438215712254,2.665153461215517,2.982776731197116,0.23552700479332056,3.2153482809718232,2.969282855955982,1.233622263610035,1.3232071353505739,-0.08912085197250566,PREPARATION,False,FAR_GUIDANCE,0,False,inf,0.09780645370483398,0.0,True,True,TRACKING,0,0.0458064079284668,0.25292578044764263,0.4724538977984527,0,0,0.0458064079284668,0.05495452880859375,inf,VISION,,1:30,2,HORIZON_INSUFFICIENT,0.07553553581237793,0.00032711029052734375,False,HORIZON_INSUFFICIENT,0.0,0.0,0.0,False,0.0,0.7691248849602261,1.0078237018257472,SAFE,1.0377691926803543,0.999970018863678,19.52752113342285,19.535268783569336,,,2.8870999813079834e-05,0.0026546590961515903,,20.027693845736664,0.0011257440000917995,0.02347242599898891,0.49418514736492297,0.8236372447968588,1.7834335776894694,0.7268343222544241,1.8445103258754127,4.558936597067836,0.49418514736492297,0.8236372447968588,1.7834335776894694
28.039809942245483,28.039809942245483,6.755569934844971,True,PERIODIC,True,True,1,FAR_GUIDANCE,81.5265121459961,-19.201826095581055,-1.237593650817871,3.7102465629577637,2.326975107192993,-0.0031391114462167025,83.18365091181758,-16.737533333907265,0.005371736982698253,2.6239325197597085,3.018987281813959,0.23535759001306092,3.219287290643134,2.969654475595804,1.2429653878005693,1.3099006553475343,-0.06261964431482143,PREPARATION,False,FAR_GUIDANCE,0,False,inf,0.095733642578125,0.0,True,True,TRACKING,0,0.04774045944213867,0.2474703198677524,0.4658010607287216,0,0,0.04774045944213867,0.05387282371520996,inf,VISION,,1:30,2,HORIZON_INSUFFICIENT,0.07553553581237793,0.00032711029052734375,False,HORIZON_INSUFFICIENT,0.0,0.0,0.0,False,0.0,0.7891658902471548,1.0075936508178711,SAFE,1.0378220558166504,1.0009855031967163,19.50093650817871,19.48427391052246,,,3.3741001971066e-05,0.003540625097230077,,20.038747924254267,0.0017268049996346235,0.02347242599898891,0.48809909741287305,0.8848813168586634,2.1221121460165873,0.7092766277936958,1.8388252915038605,4.620139245597585,0.48809909741287305,0.8848813168586634,2.1221121460165873
28.089738368988037,28.089738368988037,6.805498361587524,True,PERIODIC,True,True,1,FAR_GUIDANCE,81.75924832619084,-19.04900979302493,-1.2372152077543659,3.6743404531307666,2.468137690883741,-0.004935817264940143,83.33810386776341,-16.556627996682707,0.019332490043195108,2.564094227786278,3.0700848182148146,0.23365432910458556,3.2068152358271016,2.9503816430917005,1.256547697797561,1.2852673974463245,-0.014707288320257472,PREPARATION,False,FAR_GUIDANCE,0,False,inf,0.09765172004699707,0.0,True,True,TRACKING,0,0.04564714431762695,0.2474703198677524,0.453276232829087,0,0,0.04564714431762695,0.053574323654174805,inf,VISION,,1:30,2,HORIZON_INSUFFICIENT,0.07553553581237793,0.00032711029052734375,False,HORIZON_INSUFFICIENT,0.0,0.0,0.0,False,0.0,0.8209522262595033,1.007215207754366,SAFE,1.0374401092529297,1.0009855031967163,19.50093650817871,19.48427391052246,,,2.1616000594804063e-05,0.003540625097230077,,20.061842164224004,0.000782027998866397,0.02347242599898891,0.47475719015637713,0.7901521827251866,1.77793998946698,0.7015036426058058,1.818505769752535,4.6808907700095395,0.47475719015637713,0.7901521827251866,1.77793998946698
28.139652252197266,28.139652252197266,6.855412244796753,True,PERIODIC,True,True,1,FAR_GUIDANCE,81.90770721435547,-18.946107864379883,-1.2369334697723389,3.6517081260681152,2.560598134994507,-0.003913751803338528,83.44430603886887,-16.42736231720673,0.029045209896605514,2.522508389895785,3.104253181625499,0.23105923152083385,3.21059450823004,2.950460146977174,1.2659786796689443,1.27509417565577,0.02128187536030009,PREPARATION,False,FAR_GUIDANCE,0,False,inf,0.09584307670593262,0.0,True,True,TRACKING,0,0.047811269760131836,0.2370123133641515,0.44783946603526026,0,0,0.047811269760131836,0.052050113677978516,inf,VISION,,1:31,2,HORIZON_INSUFFICIENT,0.08161735534667969,0.0011882781982421875,False,HORIZON_INSUFFICIENT,0.0,0.0,0.0,False,0.0,0.8410371011878648,1.0069334697723389,SAFE,1.0372112274169922,0.9993332028388977,19.40166664123535,19.395797729492188,,,3.5432000004220754e-05,0.003540625097230077,,19.955946145938846,0.0021377679986471776,0.02648550800040539,0.5507789362103869,0.8484118091540965,1.77793998946698,0.7135719118319779,1.801654800299,4.8468418801008495,0.5507789362103869,0.8484118091540965,1.77793998946698
28.18984627723694,28.18984627723694,6.905606269836426,True,PERIODIC,True,True,1,FAR_GUIDANCE,82.10972818168156,-18.799112060995117,-1.236475494260852,3.6205485489114446,2.6890661036828325,-0.0011325452999945184,83.58939203920481,-16.245767460607397,0.04234934601499468,2.465288509651161,3.1499765974022664,0.22603389577848382,3.2162659640795033,2.9510970467928894,1.2788248402758466,1.2643847648103903,0.07525096515916621,PREPARATION,False,FAR_GUIDANCE,0,False,inf,0.0978689193725586,0.0,True,True,TRACKING,0,0.045371294021606445,0.2370123133641515,0.441130029159021,0,0,0.045371294021606445,0.053269147872924805,inf,VISION,,1:31,2,HORIZON_INSUFFICIENT,0.08161735534667969,0.0011882781982421875,False,HORIZON_INSUFFICIENT,0.0,0.0,0.0,False,0.0,0.8690148800688124,1.006475494260852,SAFE,1.036807107925415,0.9993332028388977,19.40166664123535,19.395797729492188,,,3.5432000004220754e-05,0.003540625097230077,,19.964079986812827,0.0011018059994967189,0.02648550800040539,0.5507789362103869,0.7556101797111128,1.7361427413115813,0.8379231878159876,1.7823412164778978,4.7940614324487125,0.5507789362103869,0.7556101797111128,1.7361427413115813
28.239803552627563,28.239803552627563,6.955563545227051,True,PERIODIC,True,True,1,FAR_GUIDANCE,82.2543716430664,-18.688703536987305,-1.2361395359039307,3.5973868370056152,2.7820775508880615,0.002176102949306369,83.6888751066246,-16.116617187223508,0.051445608910464444,2.4257034732742992,3.1804704877206937,0.22121086447765584,3.2142345718301883,2.9450684843652937,1.2875851448143951,1.2567955536683928,0.11637511055756607,PREPARATION,False,FAR_GUIDANCE,0,False,inf,0.09533071517944336,0.0,True,True,TRACKING,0,0.04786491394042969,0.22598878022105598,0.41095347983354,0,0,0.09533071517944336,0.057778120040893555,inf,VISION,,1:31,2,HORIZON_INSUFFICIENT,0.08161735534667969,0.0011882781982421875,False,HORIZON_INSUFFICIENT,0.0,0.0,0.0,False,0.0,0.8878245346383382,1.0061395359039307,SAFE,1.036473560333252,1.0009055137634277,19.383338928222656,19.385921478271484,,,0.008203325793147087,0.0035776901058852673,,20.046712402372247,0.0011234899993723957,0.02648550800040539,0.5599434457196505,0.8118072827005338,2.088835707708577,0.7573801742687559,1.7621343393028834,4.85512556415664,0.5599434457196505,0.8118072827005338,2.088835707708577
28.290973901748657,28.290973901748657,7.0067338943481445,True,PERIODIC,True,True,1,FAR_GUIDANCE,82.47928406888207,-18.508185655478663,-1.2355586050340794,3.55835568664858,2.9271632840969417,0.009196741645530667,83.83132349695197,-15.926717386490017,0.06436084670476515,2.3686809920172673,3.223251519515052,0.2128280134593429,3.1908900983675133,2.914101755061209,1.2999194517388446,1.2427629770232247,0.18159210755933397,PREPARATION,False,FAR_GUIDANCE,0,False,inf,0.04565620422363281,0.0,True,True,TRACKING,0,0.04565620422363281,0.22598878022105598,0.42761331923454293,0,0,0.04565620422363281,0.008447885513305664,inf,VISION,,1:31,2,HORIZON_INSUFFICIENT,0.08161735534667969,0.0011882781982421875,False,HORIZON_INSUFFICIENT,0.0,0.0,0.0,False,0.0,0.9213002500219876,1.0055586050340795,SAFE,1.035223279361956,1.0009055137634277,19.383338928222656,19.385921478271484,,,0.010207117535173893,0.0035776901058852673,,20.0361633500503,0.0009277619992644759,0.02648550800040539,0.45866073937007645,0.7218939919635411,1.6485401312047918,0.7095525672599021,1.734026277308719,4.8912957957592536,0.45866073937007645,0.7218939919635411,1.6485401312047918
28.339794397354126,28.339794397354126,7.055554389953613,True,PERIODIC,True,True,1,FAR_GUIDANCE,82.62361145019531,-18.386533737182617,-1.2350614070892334,3.5312538146972656,3.019829034805298,0.01377169881016016,83.92564938651333,-15.796371760130443,0.07275347076987145,2.3306279361419833,3.2507906992473368,0.20591956433711195,3.18034929052262,2.899007046382969,1.3078148778591048,1.2376455845374492,0.22442141328676715,PREPARATION,False,FAR_GUIDANCE,0,False,inf,0.050252676010131836,0.0,True,True,TRACKING,0,0.050252676010131836,0.2144019158234479,0.42239229873780315,0,0,0.050252676010131836,0.007892847061157227,inf,VISION,,1:31,2,HORIZON_INSUFFICIENT,0.08161735534667969,0.0011882781982421875,False,HORIZON_INSUFFICIENT,0.0,0.0,0.0,False,0.0,0.9426012142313924,1.0050614070892334,SAFE,1.0341378716091731,0.9993346929550171,19.47504425048828,19.486398696899414,,,0.00754556292667985,0.0035776901058852673,,19.94643092241114,0.0016710449999663979,0.02648550800040539,0.4056285162321245,0.7728171237399928,1.987324986161097,0.6705247949423311,1.7110231872597645,4.937038534402474,0.4056285162321245,0.7728171237399928,1.987324986161097
28.38963031768799,28.38963031768799,7.105390310287476,True,PERIODIC,True,True,1,FAR_GUIDANCE,82.8180195902805,-18.215199340639312,-1.234219372616889,3.491738607826863,3.1431350861759277,0.017582867220791148,84.06328752897838,-15.601261531712867,0.0847480364318836,2.2748144700054795,3.290170075703335,0.19440957626517952,3.1816722229382592,2.895403790161927,1.3189674090487726,1.238463293920781,0.28218734209763946,PREPARATION,False,FAR_GUIDANCE,0,False,inf,0.04610180854797363,0.0,True,True,TRACKING,0,0.04610180854797363,0.2093855742550058,0.4184836753241168,0,0,0.04610180854797363,0.011373758316040039,inf,VISION,,1:32,2,CAPTURE_GEOMETRY,0.049372196197509766,0.004317283630371094,False,CAPTURE_GEOMETRY,0.0,0.0,0.0,False,0.0,0.9687454869900503,1.004219372616889,SAFE,1.0325320044829274,0.9993346929550171,19.47504425048828,19.486398696899414,,,1.612699998077005e-05,0.0035776901058852673,,20.002202728310934,0.001978086000235635,0.0001179529990622541,0.3938265766248653,0.6860588212738598,1.5254263857023047,0.6374573017924051,1.680473201487514,4.972489331831983,0.3938265766248653,0.6860588212738598,1.5254263857023047
28.43975043296814,28.43975043296814,7.155510425567627,True,PERIODIC,True,True,1,FAR_GUIDANCE,82.9577407836914,-18.086753845214844,-1.2335264682769775,3.4611423015594482,3.229830265045166,0.020400727167725563,84.15663166577482,-15.464216681417339,0.09258201704745471,2.2367030949641133,3.3161301066934823,0.18525291928552554,3.173894175534414,2.8835811975114933,1.3261084853244323,1.2384971855286477,0.3223272456889804,PREPARATION,False,FAR_GUIDANCE,0,False,inf,0.04785037040710449,0.0,True,True,TRACKING,0,0.04785037040710449,0.20355607350179106,0.4153074476423997,0,0,0.04785037040710449,0.017572879791259766,inf,VISION,,1:32,2,CAPTURE_GEOMETRY,0.049372196197509766,0.004317283630371094,False,CAPTURE_GEOMETRY,0.0,0.0,0.0,False,0.0,0.989275814511279,1.0035264682769776,SAFE,1.0315105071794766,0.9997080564498901,19.374448776245117,19.380521774291992,,,0.0071679227985441685,0.0035776901058852673,,19.988110236398217,0.0018882910007960163,0.0001179529990622541,0.3720920410616784,0.7398636836038575,1.8689184648246224,0.6166814339955653,1.6514960658433144,5.002332834220146,0.3720920410616784,0.7398636836038575,1.8689184648246224
28.489752292633057,28.489752292633057,7.205512285232544,True,PERIODIC,True,True,1,FAR_GUIDANCE,83.17462932209769,-17.87816849680275,-1.2322712795638355,3.408575768948813,3.3609936613917815,0.02419756563998189,84.28628867906687,-15.268974657619864,0.10307400106855559,2.183517477700863,3.351455120477501,0.17117896881906028,3.13477687162488,2.8361380460702312,1.335345280632391,1.2338810046348112,0.3797605189022032,PREPARATION,False,FAR_GUIDANCE,0,False,inf,0.045755624771118164,0.0,True,True,TRACKING,0,0.045755624771118164,0.19935808289502766,0.4109826551885104,0,0,0.045755624771118164,0.010884284973144531,inf,VISION,,1:32,2,CAPTURE_GEOMETRY,0.049372196197509766,0.004317283630371094,False,CAPTURE_GEOMETRY,0.0,0.0,0.0,False,0.0,1.0203464444847414,1.0022712795638355,SAFE,1.0296852205281086,0.9997080564498901,19.374448776245117,19.380521774291992,,,0.0071679227985441685,0.0035776901058852673,,20.029742587476424,0.0017578299994056579,0.0001179529990622541,0.3777583981882821,0.6502942742249094,1.3707648865786204,0.5987649453998821,1.6225353881522848,5.020665513003449,0.3777583981882821,0.6502942742249094,1.3707648865786204
28.539831161499023,28.539831161499023,7.255591154098511,True,PERIODIC,True,True,1,FAR_GUIDANCE,83.31137084960938,-17.740663528442383,-1.2313988208770752,3.3717355728149414,3.4408833980560303,0.026531945914030075,84.37326771685525,-15.133507252939538,0.10970020672076389,2.147622172643416,3.374503630786955,0.16052832888649837,3.1182423580254865,2.8151179018933608,1.3410990275978392,1.2332132502661062,0.41473434204476783,PREPARATION,False,FAR_GUIDANCE,0,False,inf,0.09572172164916992,0.0,True,True,TRACKING,0,0.047719717025756836,0.19530719745500127,0.4062472942320722,0,0,0.047719717025756836,0.06085038185119629,inf,VISION,,1:32,2,CAPTURE_GEOMETRY,0.049372196197509766,0.004317283630371094,False,CAPTURE_GEOMETRY,0.0,0.0,0.0,False,0.0,1.0392066154942743,1.0013988208770752,SAFE,1.028508133917781,1.0002473592758179,19.3641357421875,19.36846160888672,,,4.395100040710531e-05,0.006118267774581909,,20.00279515827182,0.001821612000640016,0.0001179529990622541,0.36104720104761495,0.7050099921778026,1.7427593738914624,0.58444307101312,1.5931315455492747,5.0551183796111046,0.36104720104761495,0.7050099921778026,1.7427593738914624
28.589712619781494,28.589712619781494,7.3054726123809814,True,PERIODIC,True,True,1,FAR_GUIDANCE,83.49669866635769,-17.54661003975297,-1.2301613942213954,3.316798675683091,3.545885511377916,0.02841015108144392,84.50005108139388,-14.931216628778552,0.1188428701268473,2.0950816218654253,3.407437893450406,0.14376324297939125,3.109149605303209,2.80124950029935,1.3490042643482427,1.2349358842908142,0.46067128092274684,PREPARATION,False,FAR_GUIDANCE,0,False,inf,0.09773516654968262,0.0,True,True,TRACKING,0,0.04573631286621094,0.19530719745500127,0.40554104934418495,0,0,0.04573631286621094,0.05206418037414551,inf,VISION,,1:33,2,CAPTURE_GEOMETRY,0.051522016525268555,0.0002396106719970703,False,CAPTURE_GEOMETRY,0.0,0.0,0.0,False,0.0,1.0653450253799974,1.0001613942213954,SAFE,1.0268083791886324,1.0002473592758179,19.3641357421875,19.36846160888672,,,2.648900044732727e-05,0.006118267774581909,,20.024850464011354,0.0011350770000717603,0.00018171000010624994,0.3664288652905752,0.6198217299231289,1.2216472442035793,0.570708294794607,1.5617937507708048,5.04635751990514,0.3664288652905752,0.6198217299231289,1.2216472442035793
28.63973307609558,28.63973307609558,7.355493068695068,True,PERIODIC,True,True,1,FAR_GUIDANCE,83.62869262695312,-17.402847290039062,-1.2292590141296387,3.273895502090454,3.61775279045105,0.029638713225722313,84.58457136918734,-14.791777266596924,0.12439826085662821,2.059856370529158,3.428790662260568,0.13146053479945533,3.0925359909460473,2.7805378683221353,1.353657274986267,1.2328687611424727,0.4902241078185547,PREPARATION,False,FAR_GUIDANCE,0,False,inf,0.04773545265197754,0.0,True,True,TRACKING,0,0.04773545265197754,0.18910301123682677,0.4073280066282047,0,0,0.04773545265197754,0.011126279830932617,inf,VISION,,1:33,2,CAPTURE_GEOMETRY,0.051522016525268555,0.0002396106719970703,False,CAPTURE_GEOMETRY,0.0,0.0,0.0,False,0.0,1.083738070064082,0.9992590141296387,SAFE,1.0257309160462635,0.9996725916862488,19.9337100982666,19.958154678344727,,,0.008558438159525394,0.006118267774581909,,20.0262292774987,0.0010468330001458526,0.00018171000010624994,0.34754092258242064,0.9096627139293484,1.557127511616267,0.5582633511740097,1.5559354192994992,5.0403638421470305,0.34754092258242064,0.9096627139293484,1.557127511616267
28.69014835357666,28.69014835357666,7.4059083461761475,True,PERIODIC,True,True,1,FAR_GUIDANCE,83.8323764445704,-17.17164148403853,-1.22774484688969,3.2016053696239664,3.7236012832452596,0.03142815690078702,84.70553726225774,-14.587378504640967,0.1317131077580786,2.009241460515328,3.45874959390619,0.11274397879186451,3.0477780251659223,2.7277875577524715,1.3594579546477688,1.22412841319055,0.5299029021811911,PREPARATION,False,FAR_GUIDANCE,0,False,inf,0.045732975006103516,0.0,True,True,TRACKING,0,0.045732975006103516,0.1881839259938006,0.40650184410183654,0,0,0.045732975006103516,0.009397029876708984,inf,VISION,,1:33,2,CAPTURE_GEOMETRY,0.051522016525268555,0.0002396106719970703,False,CAPTURE_GEOMETRY,0.0,0.0,0.0,False,0.0,1.1122479966240233,0.9977448468896901,SAFE,1.0239746255188853,0.9996725916862488,19.9337100982666,19.958154678344727,,,0.012253358028829098,0.006118267774581909,,20.043515769109074,0.0013302819988894043,0.00018171000010624994,0.34780006666498375,0.9096627139293484,1.0706248810815269,0.5441877928070593,1.6661749681212037,5.037898762484861,0.34780006666498375,0.9096627139293484,1.0706248810815269
28.739991426467896,28.739991426467896,7.455751419067383,True,PERIODIC,True,True,1,FAR_GUIDANCE,83.96112060546875,-17.019515991210938,-1.2266476154327393,3.1520438194274902,3.7870993614196777,0.03263462334871292,84.78596587093173,-14.446982370860889,0.13594112911275655,1.975407058850658,3.4781333272315296,0.0993307431852944,3.025714300219057,2.701536403565206,1.3625887445454958,1.2183523501122118,0.5534195311537911,PREPARATION,False,FAR_GUIDANCE,0,False,inf,0.09570956230163574,0.0,True,True,TRACKING,0,0.04770946502685547,0.18600602711182868,0.40446689845962325,0,0,0.04770946502685547,0.05937361717224121,inf,VISION,,1:33,2,CAPTURE_GEOMETRY,0.051522016525268555,0.0002396106719970703,False,CAPTURE_GEOMETRY,0.0,0.0,0.0,False,0.0,1.1296542019496947,0.9966476154327393,SAFE,1.0228113734475226,0.9998010396957397,19.868581771850586,19.87432289123535,,,0.005843687802553177,0.002032737946137786,,19.941205158624008,0.0016143309985636733,0.00018171000010624994,0.3296995187069991,0.7292645143513146,1.4078266243349111,0.5341527924261501,1.5763987860515043,5.034727747119603,0.3296995187069991,0.7292645143513146,1.4078266243349111
28.789679765701294,28.789679765701294,7.505439758300781,True,PERIODIC,True,True,1,FAR_GUIDANCE,84.1545718633265,-16.781594335459662,-1.2247641737349546,3.0713917990390547,3.876419213976487,0.03320080598174485,84.90214637191637,-14.2393876505526,0.1413136722002286,1.9263450289706046,3.505594789669827,0.07901661449460426,2.981249931796136,2.649845745450017,1.3660778459351832,1.204467495458571,0.5823504186368387,PREPARATION,False,FAR_GUIDANCE,0,False,inf,0.04573321342468262,0.0,True,True,TRACKING,0,0.04573321342468262,0.18600602711182868,0.40636751442246644,0,0,0.04573321342468262,0.011181116104125977,inf,VISION,,1:33,2,CAPTURE_GEOMETRY,0.051522016525268555,0.0002396106719970703,False,CAPTURE_GEOMETRY,0.0,0.0,0.0,False,0.0,1.1539786013874274,0.9947641737349546,SAFE,1.0210068647349135,0.9998010396957397,19.868581771850586,19.87432289123535,,,0.00399215379729867,0.002032737946137786,,19.98742342797866,0.0018380820001766551,0.00018171000010624994,0.3316721123068334,0.41307758430708674,0.9407178539119313,0.5202256835066712,1.511587005646094,4.9975744977671255,0.3316721123068334,0.41307758430708674,0.9407178539119313
28.841127157211304,28.841127157211304,7.556887149810791,True,PERIODIC,True,True,1,FAR_GUIDANCE,84.25625610351562,-16.651823043823242,-1.2236790657043457,3.025913953781128,3.9204108715057373,0.03335666283965111,84.97930764804084,-14.097030147535008,0.14415703614527248,1.8935874041872152,3.523351156895531,0.06471928390487665,2.9867617716329984,2.6551403501444377,1.3678361018496181,1.200334722434403,0.5993905809765104,PREPARATION,False,FAR_GUIDANCE,0,False,inf,0.04774618148803711,0.0,True,True,TRACKING,0,0.04774618148803711,0.18337077652658762,0.40439535751378497,0,0,0.04774618148803711,0.015911340713500977,inf,VISION,,1:34,2,CAPTURE_GEOMETRY,0.043338775634765625,0.00020503997802734375,False,CAPTURE_GEOMETRY,0.0,0.0,0.0,False,0.0,1.174359503913763,0.9936790657043457,SAFE,1.019517670803321,1.0001062154769897,20.010265350341797,20.011890411376953,,,0.007666977122426033,0.002032737946137786,,20.127057522095956,0.001084530998923583,0.00016869399951247033,0.31435142472817634,0.3602440690726812,1.2433380142841763,0.5092803617310429,1.4638789350257888,4.968270399988396,0.31435142472817634,0.3602440690726812,1.2433380142841763
28.889764547348022,28.889764547348022,7.60552453994751,True,PERIODIC,True,True,1,FAR_GUIDANCE,84.4447185797609,-16.40207787068193,-1.2214242225114849,2.936066678175215,3.9964672297547676,0.03361805707434443,85.09074869510542,-13.88664582811838,0.14744313497241263,1.8460944817181066,3.5485116830257097,0.04331873376490381,2.935736894388259,2.597066281535277,1.3688673574838974,1.1784725979093096,0.6191555052134183,PREPARATION,False,FAR_GUIDANCE,0,False,inf,0.04578065872192383,0.0,True,True,TRACKING,0,0.04578065872192383,0.18358873817053095,0.4033480201398443,0,0,0.04578065872192383,0.010564088821411133,inf,VISION,,1:34,2,CAPTURE_GEOMETRY,0.043338775634765625,0.00020503997802734375,False,CAPTURE_GEOMETRY,0.0,0.0,0.0,False,0.0,1.1979707994335058,0.9914242225114849,SAFE,1.017585858357162,1.0001062154769897,20.010265350341797,20.011890411376953,,,2.1101001038914546e-05,0.002032737946137786,,20.03454644094931,0.001092530001187697,0.00016869399951247033,0.2728439660436349,0.5253007432112415,0.8477281577085048,0.4569367306706427,1.4280649076889358,4.9338545547794395,0.2728439660436349,0.5253007432112415,0.8477281577085048
28.940879106521606,28.940879106521606,7.656639099121094,True,PERIODIC,True,True,1,FAR_GUIDANCE,84.5617904663086,-16.24054527282715,-1.219977617263794,2.8764359951019287,4.039916515350342,0.03352636471390724,85.16461618091672,-13.742727020396602,0.14882589405653615,1.8144445043125552,3.564757107735517,0.028512935387758075,2.911377323015836,2.5695320321739503,1.36880351132033,1.1634549942423709,0.6299149222825304,PREPARATION,False,FAR_GUIDANCE,0,False,inf,0.04771280288696289,0.0,True,True,TRACKING,0,0.04771280288696289,0.1817013966091233,0.40017654980512574,0,0,0.04771280288696289,0.011456966400146484,inf,VISION,,1:34,2,CAPTURE_GEOMETRY,0.043338775634765625,0.00020503997802734375,False,CAPTURE_GEOMETRY,0.0,0.0,0.0,False,0.0,1.21454214323263,0.989977617263794,SAFE,1.0161378425616694,0.9992031455039978,20.071090698242188,20.051237106323242,,,3.1404997571371496e-05,0.002032737946137786,,20.01016329928074,0.0011244550005358178,0.00016869399951247033,0.2728439660436349,0.49556660581618306,1.0941436975252368,0.48897059794870035,1.3970263949312653,4.896912604141678,0.2728439660436349,0.49556660581618306,1.0941436975252368
28.989795207977295,28.989795207977295,7.705555200576782,True,PERIODIC,True,True,1,FAR_GUIDANCE,84.71907558125147,-16.01524279354141,-1.2180266245685971,2.7915571944227993,4.093214648714567,0.03301854260169875,85.27143000911435,-13.529853323773777,0.14994185007908667,1.7684966202020884,3.5878154501498254,0.006560137982526028,2.8902584621520413,2.5460275392091836,1.3679684746476837,1.1413944697648073,0.6426415395078788,PREPARATION,False,FAR_GUIDANCE,0,False,inf,0.04578065872192383,0.0,True,True,TRACKING,0,0.04578065872192383,0.18149131050089895,0.39781854066349653,0,0,0.04578065872192383,0.015087366104125977,inf,VISION,,1:34,2,CAPTURE_GEOMETRY,0.043338775634765625,0.00020503997802734375,False,CAPTURE_GEOMETRY,0.0,0.0,0.0,False,0.0,1.2378404052254925,0.9880266245685971,SAFE,1.0141769953385962,0.9992031455039978,20.071090698242188,20.051237106323242,,,3.1404997571371496e-05,0.002032737946137786,,19.98846117862825,0.001892038999358192,0.00016869399951247033,0.31624838510717634,0.5977764371644955,0.8054932532628375,0.479799482445976,1.3678255901044756,4.84101428610812,0.31624838510717634,0.5977764371644955,0.8054932532628375
29.04076099395752,29.04076099395752,7.756520986557007,True,PERIODIC,True,True,1,FAR_GUIDANCE,84.82965087890625,-15.850812911987305,-1.21671462059021,2.72890305519104,4.127341270446777,0.032313793897628784,85.34264132200806,-13.383443595345197,0.1498329694644282,1.737691744587122,3.6027991680773823,-0.008499443706868543,2.8667966191037824,2.5201330400240254,1.3665475900546382,1.1221898234216006,0.648282559430106,PREPARATION,False,FAR_GUIDANCE,0,False,inf,0.0957803726196289,0.0,True,True,TRACKING,0,0.04777789115905762,0.17945285114661683,0.38808225038688415,0,0,0.04777789115905762,0.06508708000183105,inf,VISION,,1:35,2,CAPTURE_GEOMETRY,0.06164360046386719,0.0071527957916259766,False,CAPTURE_GEOMETRY,0.0,0.0,0.0,False,0.0,1.2539108469623645,0.98671462059021,SAFE,1.01284809076584,0.9984883069992065,20.14095687866211,20.148223876953125,,,0.005040567833930254,0.0037038179580122232,,19.953667659779146,0.0017841729986685095,0.00022547300068254117,0.2977506957236398,0.533818329770491,0.9802473598840804,0.46892045538027227,1.342220163450132,4.801307537277508,0.2977506957236398,0.533818329770491,0.9802473598840804
29.089590549468994,29.089590549468994,7.8053505420684814,True,PERIODIC,True,True,1,FAR_GUIDANCE,84.99858579984881,-15.58920910731564,-1.2149863743680045,2.6279773016495134,4.173875971756423,0.03091845533439577,85.44438415792021,-13.169505014251317,0.14875132069700767,1.6934947598240078,3.623820566535907,-0.03033892934873229,2.813091639991954,2.460427620161054,1.3637376950650122,1.086080584932435,0.6509212415188693,PREPARATION,False,FAR_GUIDANCE,0,False,inf,0.04578137397766113,0.0,True,True,TRACKING,0,0.04578137397766113,0.17866565697273032,0.3863586236955414,0,0,0.04578137397766113,0.013898372650146484,inf,VISION,,1:35,2,CAPTURE_GEOMETRY,0.06164360046386719,0.0071527957916259766,False,CAPTURE_GEOMETRY,0.0,0.0,0.0,False,0.0,1.2801033407102933,0.9849863743680045,SAFE,1.0110476545352607,0.9984883069992065,20.14095687866211,20.148223876953125,,,0.0049220300279557705,0.0037038179580122232,,20.081664455439682,0.0011319350014673546,0.00022547300068254117,0.306152300562049,0.5993362937641444,0.7871223100308595,0.46050881632498836,1.315756574325598,4.72786368869427,0.306152300562049,0.5993362937641444,0.7871223100308595
29.139619827270508,29.139619827270508,7.855379819869995,True,PERIODIC,True,True,1,FAR_GUIDANCE,85.10374450683594,-15.419672012329102,-1.2140092849731445,2.562443494796753,4.199782848358154,0.029972393065690994,85.51249036405792,-13.021823459978494,0.1471457333050265,1.6637334653318097,3.637546209378794,-0.045169894347682135,2.7873811794567835,2.4324372254605136,1.361155018278171,1.062749320691103,0.6521471219069674,PREPARATION,False,FAR_GUIDANCE,0,False,inf,0.047910451889038086,0.0,True,True,TRACKING,0,0.047910451889038086,0.17558052768037033,0.37745643297505893,0,0,0.047910451889038086,0.015180587768554688,inf,VISION,,1:35,2,CAPTURE_GEOMETRY,0.06164360046386719,0.0071527957916259766,False,CAPTURE_GEOMETRY,0.0,0.0,0.0,False,0.0,1.295992810189924,0.9840092849731445,SAFE,1.0101427943111203,1.0005935430526733,20.033218383789062,20.030214309692383,,,1.918800080602523e-05,0.0037038179580122232,,20.069122470796664,0.0014182109989633318,0.00022547300068254117,0.30915604888749254,0.5099097119123387,0.8993020760927869,0.4570734859063339,1.289678257857312,4.6664204369655895,0.30915604888749254,0.5099097119123387,0.8993020760927869
29.189701557159424,29.189701557159424,7.905461549758911,True,PERIODIC,True,True,1,FAR_GUIDANCE,85.24346380468212,-15.185731804984561,-1.2128066910852746,2.472002448895809,4.230387130161851,0.02875560798364947,85.61020785187985,-12.805166519116323,0.14389341395132602,1.6208408927325182,3.656894146737919,-0.06654478780103565,2.764457894677041,2.408649471474813,1.3567001050366005,1.0307532984005023,0.6535422306139491,PREPARATION,False,FAR_GUIDANCE,0,False,inf,0.04576706886291504,0.0,True,True,TRACKING,0,0.04576706886291504,0.17403323835961804,0.3688988969517514,0,0,0.04576706886291504,0.015389680862426758,inf,VISION,,1:35,2,CAPTURE_GEOMETRY,0.06164360046386719,0.0071527957916259766,False,CAPTURE_GEOMETRY,0.0,0.0,0.0,False,0.0,1.3180475170006734,0.9828066910852746,SAFE,1.0090417213359608,1.0005935430526733,20.033218383789062,20.030214309692383,,,0.0050915260799229145,0.0037038179580122232,,19.985513646849874,0.0017245140006707516,0.00022547300068254117,0.3170174429222549,0.5473447193111792,0.7596267361664205,0.4504521121991855,1.2570463530619138,4.600916608321627,0.3170174429222549,0.5473447193111792,0.7596267361664205
29.239656448364258,29.239656448364258,7.955416440963745,True,PERIODIC,True,True,1,FAR_GUIDANCE,85.34138488769531,-15.015751838684082,-1.2119336128234863,2.4065794944763184,4.248622417449951,0.027786102145910263,85.67536189497619,-12.656227909977453,0.1408320540485536,1.5920583091262783,3.669485819334423,-0.08079325960030584,2.740231515948828,2.383042973076956,1.35276566687204,1.005302660126828,0.6515509479411175,PREPARATION,False,FAR_GUIDANCE,0,False,inf,0.0477602481842041,0.0,True,True,TRACKING,0,0.0477602481842041,0.1696606128648246,0.35671867002166746,0,0,0.0477602481842041,0.01421666145324707,inf,VISION,,1:35,2,CAPTURE_GEOMETRY,0.06164360046386719,0.0071527957916259766,False,CAPTURE_GEOMETRY,0.0,0.0,0.0,False,0.0,1.3335557266571243,0.9819336128234863,SAFE,1.0083231109064135,0.9972460865974426,20.003950119018555,20.021879196166992,,,0.007313501089811325,0.0029038479551672935,,19.99064732482736,0.0012878260004072217,0.00022547300068254117,0.30641004333103267,0.4576034562137235,0.8201623060489835,0.4418521446862366,1.238332894192948,4.535377046518589,0.30641004333103267,0.4576034562137235,0.8201623060489835
29.289769649505615,29.289769649505615,8.005529642105103,True,PERIODIC,True,True,1,FAR_GUIDANCE,85.49092784826867,-14.745757939661791,-1.2105607238216685,2.3034228069057225,4.271403741590331,0.026880895906891456,85.76875071325742,-12.43796232551553,0.13549534346578326,1.5506013797284102,3.6872259709955872,-0.10108183474815888,2.686070192170085,2.3244582467713366,1.3460560672874518,0.9614459055563278,0.6438993729985865,PREPARATION,False,FAR_GUIDANCE,0,False,inf,0.04565834999084473,0.0,True,True,TRACKING,0,0.04565834999084473,0.1670374299185976,0.34222691683585604,0,0,0.04565834999084473,0.006613016128540039,inf,VISION,,1:36,2,CAPTURE_GEOMETRY,0.04946303367614746,0.004578113555908203,False,CAPTURE_GEOMETRY,0.0,0.0,0.0,False,0.0,1.3582711871921394,0.9805607238216685,SAFE,1.007155386289487,0.9972460865974426,20.003950119018555,20.021879196166992,,,0.007313501089811325,0.0029038479551672935,,20.046944374428026,0.001241455998751917,0.00013882699931855313,0.22522837245061386,0.5026846520729574,0.7469970949309884,0.372235910407937,1.2035005012425803,4.450067102826041,0.22522837245061386,0.5026846520729574,0.7469970949309884
29.339653730392456,29.339653730392456,8.055413722991943,True,PERIODIC,True,True,1,FAR_GUIDANCE,85.5822982788086,-14.574047088623047,-1.2096281051635742,2.2381834983825684,4.282398223876953,0.026133673265576363,85.83162752565762,-12.286479998007765,0.13101298075373874,1.5224944727933014,3.6988930066063848,-0.1145210788379085,2.6631648068885863,2.3011145706809923,1.340641085917313,0.934062567080054,0.6390205642385547,PREPARATION,False,FAR_GUIDANCE,0,False,inf,0.0957038402557373,0.0,True,True,TRACKING,0,0.04769778251647949,0.1620277957710016,0.3250800253145373,0,0,0.04769778251647949,0.05665850639343262,inf,VISION,,1:36,2,CAPTURE_GEOMETRY,0.04946303367614746,0.004578113555908203,False,CAPTURE_GEOMETRY,0.0,0.0,0.0,False,0.0,1.3731817597850977,0.9796281051635742,SAFE,1.006377560450926,0.999853253364563,19.92188262939453,19.930160522460938,,,0.0063912938348948956,0.0029038479551672935,,20.00287549045988,0.002211013999840361,0.00013882699931855313,0.22522837245061386,0.42490380012502227,0.7464081161337676,0.43722990718773047,1.1808081505790562,4.385242064563642,0.22522837245061386,0.42490380012502227,0.7464081161337676
29.390884399414062,29.390884399414062,8.10664439201355,True,PERIODIC,True,True,1,FAR_GUIDANCE,85.70416571374435,-14.336446562393801,-1.2082316079893411,2.1490942314430024,4.29349142989191,0.025497858157732395,85.92041265096128,-12.067776788835722,0.12375870820996632,1.482593283845101,3.7150931555880797,-0.13313629092693732,2.639663516768852,2.2789526715822275,1.3319903161993074,0.8966230368010665,0.6317557561283721,PREPARATION,False,FAR_GUIDANCE,0,False,inf,0.04583740234375,0.0,True,True,TRACKING,0,0.04583740234375,0.1620277957710016,0.31383512108039374,0,0,0.04583740234375,0.010749101638793945,inf,VISION,,1:36,2,CAPTURE_GEOMETRY,0.04946303367614746,0.004578113555908203,False,CAPTURE_GEOMETRY,0.0,0.0,0.0,False,0.0,1.394278177414936,0.9782316079893412,SAFE,1.0052231520637336,0.999853253364563,19.92188262939453,19.930160522460938,,,0.004736938048154116,0.0029038479551672935,,20.02182176679532,0.0011124430002382724,0.00013882699931855313,0.3339598846288763,0.3753789311019373,0.6897159447824998,0.433620091988744,1.0884748903230128,4.298055640037143,0.3339598846288763,0.3753789311019373,0.6897159447824998
29.439804315567017,29.439804315567017,8.155564308166504,True,PERIODIC,True,True,1,FAR_GUIDANCE,85.78941345214844,-14.164141654968262,-1.2070512771606445,2.085406541824341,4.29884672164917,0.02480129338800907,85.97987058616192,-11.916828178844975,0.11805482547138402,1.455668462679382,3.7256991620045605,-0.14517586722764445,2.615835996979666,2.255369543968784,1.3251061026320285,0.8683089361412291,0.6243579945590046,PREPARATION,False,FAR_GUIDANCE,0,False,inf,0.04797840118408203,0.0,True,True,TRACKING,0,0.04797840118408203,0.1521362783717561,0.29683856087156635,0,0,0.04797840118408203,0.014904022216796875,inf,VISION,,1:36,2,CAPTURE_GEOMETRY,0.04946303367614746,0.004578113555908203,False,CAPTURE_GEOMETRY,0.0,0.0,0.0,False,0.0,1.408589007437845,0.9770512771606445,SAFE,1.0042689577909032,0.999853253364563,20.084993362426758,20.07378578186035,,,3.0028999390196986e-05,0.005518507212400436,,19.998548512652082,0.001672358999712742,0.00013882699931855313,0.23041578129729512,0.3753789311019373,0.7024664649354285,0.3499763380076292,1.1271848933111812,4.220035959141066,0.23041578129729512,0.3753789311019373,0.7024664649354285
29.490736961364746,29.490736961364746,8.206496953964233,True,PERIODIC,True,True,1,FAR_GUIDANCE,85.9187016878155,-13.892215808028345,-1.2047859237324001,1.9865075071105314,4.3034221243032835,0.024059420688332268,86.06534589832857,-11.69501000380848,0.10897786357683535,1.4167363145386427,3.74070290387615,-0.16190502806125345,2.5642139457189543,2.2020939740561625,1.3137637873092354,0.8221161165684872,0.6100415080738943,PREPARATION,False,FAR_GUIDANCE,0,False,inf,0.09768962860107422,0.0,True,True,TRACKING,0,0.0457000732421875,0.14715941016492237,0.2746213333210882,1,0,0.0457000732421875,0.06461524963378906,inf,VISION,,1:37,0,NONE,0.06299686431884766,0.0004382133483886719,False,HORIZONTAL_PREPARATION_NOT_READY,0.0,0.0,0.0,False,0.0,1.4308930984694435,0.9747859237324001,SAFE,1.0024350805789712,0.999853253364563,20.084993362426758,20.07378578186035,,,0.007678858004510403,0.005518507212400436,,19.921838337972243,0.0010199390017078258,0.013631166999402922,0.23041578129729512,0.4710381067962862,0.6105362296752356,0.43084310735072706,1.102744303988666,4.142723404372306,0.23041578129729512,0.4710381067962862,0.6105362296752356
29.539790868759155,29.539790868759155,8.255550861358643,True,PERIODIC,True,True,1,FAR_GUIDANCE,85.9976577758789,-13.719277381896973,-1.2031784057617188,1.9250705242156982,4.304055690765381,0.02324559912085533,86.12249767291856,-11.542125919086635,0.10210429268917344,1.390485673914412,3.7505164294252062,-0.17245883093874664,2.541522460019842,2.180727743646617,1.3052826984508923,0.7940320522256192,0.6009492187510911,PREPARATION,False,FAR_GUIDANCE,0,False,inf,0.047714948654174805,0.0,True,True,TRACKING,0,0.047714948654174805,0.1403592024072287,0.2579392454912608,2,0,0.047714948654174805,0.010341405868530273,inf,VISION,,1:37,0,NONE,0.06299686431884766,0.0004382133483886719,False,HORIZONTAL_PREPARATION_NOT_READY,0.0,0.0,0.0,False,0.0,1.4444622981355568,0.9731784057617188,SAFE,1.0010464900013178,1.0005240440368652,20.1160945892334,20.136327743530273,,,0.0069456822238862514,0.005518507212400436,,19.98705247080009,0.001503664001575089,0.013631166999402922,0.32183325401084434,0.4157946810500407,0.6531738776485485,0.4155056184204865,1.0840921199997215,4.068028489200628,0.32183325401084434,0.4157946810500407,0.6531738776485485
29.589778900146484,29.589778900146484,8.305538892745972,True,PERIODIC,True,True,1,FAR_GUIDANCE,86.10275313923682,-13.480385590164898,-1.2008911612704043,1.8418924525458844,4.302625958625883,0.022007435518022096,86.20375319728538,-11.31990655351079,0.09152015349903272,1.352923228796243,3.7642527461613877,-0.1866808101923799,2.519562995063179,2.1628385699232555,1.292411314769437,0.7566289721992888,0.5882928953664364,PREPARATION,False,FAR_GUIDANCE,0,False,inf,0.048183441162109375,0.0,True,True,TRACKING,0,0.048183441162109375,0.13497116458934796,0.23742882841410956,3,0,0.048183441162109375,0.011286258697509766,inf,VISION,,1:37,0,NONE,0.06299686431884766,0.0004382133483886719,False,HORIZONTAL_PREPARATION_NOT_READY,0.0,0.0,0.0,False,0.0,1.4633154146316194,0.9708911612704043,SAFE,0.9989807735959146,1.0005240440368652,20.1160945892334,20.136327743530273,,,0.0069456822238862514,0.005518507212400436,,19.903204996444774,0.0024809160004224395,0.013631166999402922,0.3593770116646767,0.46938361143156415,0.5159572601950919,0.4281456983386116,1.0597810851383873,3.986701497486454,0.3593770116646767,0.46938361143156415,0.5159572601950919
29.639840126037598,29.639840126037598,8.355600118637085,True,PERIODIC,True,True,1,FAR_GUIDANCE,86.17571258544922,-13.308389663696289,-1.1993532180786133,1.7834537029266357,4.2999677658081055,0.020795267075300217,86.25806012930379,-11.166815505043045,0.08371785047317085,1.3275864266254545,3.773240981397255,-0.19537451872753162,2.497877571448378,2.143156782643358,1.283071068551784,0.729373330546226,0.5776605047595861,PREPARATION,False,FAR_GUIDANCE,0,False,inf,0.09577631950378418,0.0,True,True,TRACKING,0,0.04778480529785156,0.12765358155465306,0.21527597026149478,3,0,0.04778480529785156,0.05887913703918457,inf,VISION,,1:37,0,NONE,0.06299686431884766,0.0004382133483886719,False,HORIZONTAL_PREPARATION_NOT_READY,0.0,0.0,0.0,False,0.0,1.4743411955613208,0.9693532180786133,SAFE,0.997486048722716,0.9976109862327576,20.05482292175293,20.05300521850586,,,0.006501308176666498,0.0017704990459606051,,19.912440187800936,0.0017827089995989809,0.013631166999402922,0.23251976182808715,0.43617765745445314,1.557597201349999,0.32868974248606203,1.0370107438668634,3.910715761275573,0.23251976182808715,0.43617765745445314,1.557597201349999
29.68966269493103,29.68966269493103,8.405422687530518,True,PERIODIC,True,True,1,FAR_GUIDANCE,86.28597916692583,-13.038069309309453,-1.1972175022680593,1.6940936100181594,4.293499108645549,0.018599040410357953,86.33610420011833,-10.941882152066567,0.0717746631523332,1.2909170384890603,3.7859652929918197,-0.20689479366433433,2.4508884578945853,2.0967863785189373,1.2689921654203926,0.6862866682864366,0.5590809364040371,PREPARATION,False,FAR_GUIDANCE,0,False,inf,0.045655012130737305,0.0,True,True,TRACKING,0,0.045655012130737305,0.12765358155465306,0.19330929834769645,3,0,0.045655012130737305,0.0063228607177734375,inf,VISION,,1:37,0,NONE,0.06299686431884766,0.0004382133483886719,False,HORIZONTAL_PREPARATION_NOT_READY,0.0,0.0,0.0,False,0.0,1.4938729155918473,0.9672175022680594,SAFE,0.9954399601803896,0.9976109862327576,20.05482292175293,20.05300521850586,,,0.01015674788504839,0.0017704990459606051,,20.034823462922827,0.0010203250003542053,0.013631166999402922,0.23251976182808715,0.4866569045467277,1.557597201349999,0.42556465090615686,1.0160470816475873,4.024443957011514,0.23251976182808715,0.4866569045467277,1.557597201349999
29.7259681224823,29.7259681224823,8.441728115081787,True,PHASE_TRANSITION,False,True,1,MINCO_READY,86.35424041748047,-12.864216804504395,-1.196117639541626,1.6384532451629639,4.288234233856201,0.016773967072367668,86.33610420011833,-10.941882152066567,0.0717746631523332,1.2909170384890603,3.7859652929918197,-0.20689479366433433,nan,nan,nan,nan,nan,PREPARATION,False,PLAN_ACCEPTED,38,False,inf,0.07681727409362793,0.03825068473815918,True,True,TRACKING,0,0.07681727409362793,0.114842655502049,0.17394666915743734,3,0,0.07681727409362793,0.03825068473815918,0.07681727409362793,VISION,,1:38,1,NONE,0.07160067558288574,0.0051419734954833984,True,ADMITTED,1.5,1791359774.4771729,1.4617493152618408,False,0.1282433667381488,1.5051482968165777,0.966117639541626,HOLD,0.0,0.9976109862327576,20.05482292175293,20.05300521850586,,,5.080900155007839e-05,0.0017704990459606051,,20.456886115980286,0.0004900910007563652,0.016492728998855455,0.23251976182808715,0.4866569045467277,1.557597201349999,0.42556465090615686,1.0160470816475873,4.024443957011514,0.23251976182808715,0.4866569045467277,1.557597201349999
29.739773750305176,29.739773750305176,8.455533742904663,True,PERIODIC,True,True,1,MINCO_READY,86.35424041748047,-12.864216804504395,-1.196117639541626,1.6384532451629639,4.288234233856201,0.016773967072367668,86.38746732381821,-10.789252008632673,0.06327578774559882,1.2665374349616423,3.7941698344568495,-0.2135050956400781,2.4274790907659773,2.0752308140088305,1.2593934272872247,0.6598859351094476,0.5468783605634546,TERMINAL_APPROACH,True,PLAN_ACCEPTED,38,False,inf,0.07681727409362793,0.03825068473815918,True,True,TRACKING,0,0.07681727409362793,0.114842655502049,0.17394666915743734,3,0,0.07681727409362793,0.03825068473815918,0.07681727409362793,VISION,,1:38,1,NONE,0.07160067558288574,0.0051419734954833984,True,ADMITTED,1.5,1791359774.4771729,1.4617493152618408,False,0.1282433667381488,1.5051482968165777,0.966117639541626,HOLD,0.0,0.9984618425369263,20.051218032836914,20.052513122558594,,,0.004990351852029562,0.0017704990459606051,,20.456886115980286,0.0004900910007563652,0.016492728998855455,0.3605101506863892,0.45018161856459643,0.6268062872173993,0.42204078811836215,0.99640135642816,3.9078401886528327,0.3605101506863892,0.45018161856459643,0.6268062872173993
29.758441925048828,29.758441925048828,8.474201917648315,True,PHASE_TRANSITION,False,True,1,MINCO_TRACKING,86.38045501708984,-12.795984268188477,-1.1957600116729736,1.6170403957366943,4.285905361175537,0.016040675342082977,86.3997471252848,-10.752761473708514,0.06124389219162631,1.2607088040376355,3.7961313611915477,-0.2150854745198869,nan,nan,nan,nan,nan,TERMINAL_APPROACH,True,TRACKING,38,False,inf,0.047715187072753906,0.06114697456359863,True,True,TRACKING,0,0.047715187072753906,0.1089877972178829,0.151849118854585,3,0,0.047715187072753906,0.010097026824951172,0.09971356391906738,VISION,,1:38,1,NONE,0.07160067558288574,0.0051419734954833984,True,ADMITTED,1.5,1791359774.4771729,1.4388530254364014,False,0.1282433667381488,1.519221478369328,0.9657600116729737,SAFE,0.9933024497185752,0.9984618425369263,20.051218032836914,20.052513122558594,,,0.004990351852029562,0.0017704990459606051,,20.99876064224315,0.001034594000884681,0.016492728998855455,0.3605101506863892,0.45018161856459643,0.6268062872173993,0.42204078811836215,0.99640135642816,3.9078401886528327,0.3605101506863892,0.45018161856459643,0.6268062872173993
29.789609909057617,29.789609909057617,8.505369901657104,True,PERIODIC,True,True,1,MINCO_TRACKING,86.4438450820194,-12.627232978324235,-1.194874695550492,1.5650185055302657,4.279908994100287,0.014519352380649655,86.46196075379214,-10.562937649408262,0.050325227273281606,1.2309053589140966,3.805899630494289,-0.22196286718363825,2.410843468653329,2.0643748163906874,1.2451999228237738,0.6262909161866977,0.5305262068791402,TERMINAL_APPROACH,True,TRACKING,38,False,inf,0.047715187072753906,0.06114697456359863,True,True,TRACKING,0,0.047715187072753906,0.1089877972178829,0.151849118854585,3,0,0.047715187072753906,0.010097026824951172,0.09971356391906738,VISION,,1:38,1,NONE,0.07160067558288574,0.0051419734954833984,True,ADMITTED,1.5,1791359774.4771729,1.4388530254364014,False,0.1282433667381488,1.519221478369328,0.9648746955504921,SAFE,0.9933024497185752,0.9984618425369263,20.051218032836914,20.052513122558594,,,0.00487753888592124,0.0017704990459606051,,20.99876064224315,0.001034594000884681,0.016492728998855455,0.3458141254357759,0.36623798218380105,1.1910375510492028,0.4120272200090108,0.9015506997123482,3.807802102823142,0.3458141254357759,0.36623798218380105,1.1910375510492028
29.83956551551819,29.83956551551819,8.555325508117676,True,PERIODIC,True,True,1,MINCO_TRACKING,86.50645446777344,-12.455083847045898,-1.193803071975708,1.513793706893921,4.273216724395752,0.015758736059069633,86.51149950456879,-10.407715774504242,0.04116664647921911,1.206942840489849,3.81354750478355,-0.22645791571823737,2.391002233867599,2.0473742884141153,1.234969718454927,0.6034253492106788,0.5193597775597626,TERMINAL_APPROACH,True,TRACKING,38,False,inf,0.04789447784423828,0.10932135581970215,True,True,TRACKING,0,0.04789447784423828,0.10191443530909237,0.13311237326172667,3,0,0.04789447784423828,0.018360137939453125,0.1478879451751709,VISION,,1:38,1,NONE,0.07160067558288574,0.0051419734954833984,True,ADMITTED,1.5,1791359774.4771729,1.3906786441802979,False,0.1282433667381488,1.5284335422316833,0.963803071975708,SAFE,0.9926471460257187,0.9990988373756409,19.94586181640625,19.93495750427246,,,2.4122999093378894e-05,0.004914821125566959,,21.05631377557424,0.0008773819990892662,0.016492728998855455,0.32697147113826763,0.36623798218380105,0.9701093746390019,0.3981727176036557,0.9597631792125558,3.732418242002488,0.32697147113826763,0.36623798218380105,0.9701093746390019
29.889801025390625,29.889801025390625,8.605561017990112,True,PERIODIC,True,True,1,MINCO_TRACKING,86.60071306722396,-12.184544227099611,-1.1910511635883985,1.431498993092455,4.264060002385191,0.049701693194424745,86.58218020873163,-10.181208419108437,0.0275879981652322,1.1724603441572974,3.8243086618862963,-0.23160006821016904,2.344947597065474,2.0034215298891915,1.2186391617536307,0.5827631972611638,0.5198300485060577,TERMINAL_APPROACH,True,TRACKING,38,False,inf,0.045766353607177734,0.15919256210327148,True,True,TRACKING,0,0.045766353607177734,0.09757948171919026,0.10924779507272395,3,0,0.045766353607177734,0.007209300994873047,0.19775915145874023,VISION,,1:38,1,NONE,0.07160067558288574,0.0051419734954833984,True,ADMITTED,1.5,1791359774.4771729,1.3408074378967285,False,0.1282433667381488,1.5418790358386847,0.9610511635883985,SAFE,0.9895847013165517,0.9990988373756409,19.94586181640625,19.93495750427246,,,2.4122999093378894e-05,0.004914821125566959,,21.014973711892765,0.0007385469998553162,0.016492728998855455,0.35482741513976923,0.5226693225975921,0.5789151400468532,0.41348106049331895,0.9425755162586287,3.6685221034613997,0.35482741513976923,0.5226693225975921,0.5789151400468532
29.939831256866455,29.939831256866455,8.655591249465942,True,PERIODIC,True,True,1,MINCO_TRACKING,86.65789794921875,-12.012557029724121,-1.1871156692504883,1.3760602474212646,4.266623020172119,0.11774430423974991,86.62926146674938,-10.025565637397234,0.018113592487802713,1.1492078878595646,3.831342680681558,-0.23378494734103034,2.324119707471968,1.987197735835405,1.205229261738291,0.6037414858220963,0.5516391304799985,TERMINAL_APPROACH,True,TRACKING,38,False,inf,0.09571051597595215,0.2091367244720459,True,True,TRACKING,0,0.04770946502685547,0.10042158407260843,0.100076873868526,3,0,0.04770946502685547,0.05715346336364746,0.24770331382751465,VISION,,1:38,1,NONE,0.07160067558288574,0.0051419734954833984,True,ADMITTED,1.5,1791359774.4771729,1.290863275527954,False,0.1282433667381488,1.5470643528973707,0.9571156692504883,SAFE,0.9830216016960236,0.9993666410446167,20.071413040161133,20.072643280029297,,,2.7607999072642997e-05,0.004914821125566959,,20.982241925623995,0.0007050419990264345,0.016492728998855455,0.3585709077670713,0.500677326565099,0.6361258915160442,0.4104658376553921,0.9268011280634558,3.6059098517170907,0.3585709077670713,0.500677326565099,0.6361258915160442
29.963313102722168,29.963313102722168,8.679073095321655,True,PHASE_TRANSITION,False,True,1,MINCO_READY,86.71234130859375,-11.842058181762695,-1.1798746585845947,1.3219813108444214,4.281638145446777,0.21539361774921417,86.63999108917602,-9.990095296299643,0.01595441493147412,1.1439087500057592,3.8329457042410944,-0.23428287218647842,nan,nan,nan,nan,nan,TERMINAL_APPROACH,True,PLAN_ACCEPTED,39,False,inf,0.06234574317932129,0.02395915985107422,True,True,TRACKING,0,0.06234574317932129,0.11136018833592533,0.09410359136408968,3,0,0.06234574317932129,0.021180152893066406,0.11434340476989746,VISION,,1:39,1,NONE,0.09150910377502441,0.026247262954711914,True,ADMITTED,1.2481884956359863,1791359774.4771729,1.224229335784912,False,0.20667310589684013,1.5485347350006045,0.9498746585845947,HOLD,0.0,0.9993666410446167,20.071413040161133,20.072643280029297,,,0.007849766872823238,0.004914821125566959,,22.82174076492353,3.4630011214176193e-06,0.013739353000346455,0.3585709077670713,0.500677326565099,0.6361258915160442,0.4104658376553921,0.9268011280634558,3.6059098517170907,0.3585709077670713,0.500677326565099,0.6361258915160442
29.989708185195923,29.989708185195923,8.70546817779541,True,PERIODIC,True,True,1,MINCO_READY,86.73317165188746,-11.774833835033409,-1.175914840692671,1.3010379068883704,4.29126786768398,0.2575359691194947,86.69662323641033,-9.797744584140837,0.0041728171332470095,1.1156255255011567,3.8412731856573634,-0.23552826024541645,2.302786262947975,1.9774270385197124,1.1800876578259178,0.6928097136321973,0.6360825384453722,TERMINAL_APPROACH,True,PLAN_ACCEPTED,39,False,inf,0.06234574317932129,0.02395915985107422,True,True,TRACKING,0,0.06234574317932129,0.11136018833592533,0.09410359136408968,3,0,0.06234574317932129,0.021180152893066406,0.11434340476989746,VISION,,1:39,1,NONE,0.09150910377502441,0.026247262954711914,True,ADMITTED,1.2481884956359863,1791359774.4771729,1.224229335784912,False,0.20667310589684013,1.5485347350006045,0.945914840692671,HOLD,0.0,0.9993666410446167,20.071413040161133,20.072643280029297,,,0.007849766872823238,0.004914821125566959,,22.82174076492353,3.4630011214176193e-06,0.013739353000346455,0.33328012510693206,0.5453056502137676,0.9974539766649633,0.3936598392668849,0.9121654058788566,3.5412028255805317,0.33328012510693206,0.5453056502137676,0.9974539766649633
30.008721351623535,30.008721351623535,8.724481344223022,True,PHASE_TRANSITION,False,True,1,MINCO_TRACKING,86.76476287841797,-11.670767784118652,-1.168393611907959,1.2704102993011475,4.309725761413574,0.32961907982826233,86.69662323641033,-9.797744584140837,0.0041728171332470095,1.1156255255011567,3.8412731856573634,-0.23552826024541645,nan,nan,nan,nan,nan,TERMINAL_APPROACH,True,TRACKING,39,False,inf,0.09565377235412598,0.057267189025878906,True,True,TRACKING,0,0.04763293266296387,0.11075343164622758,0.0836432343379912,3,0,0.04763293266296387,0.054488182067871094,0.14765143394470215,VISION,,1:39,1,NONE,0.09150910377502441,0.026247262954711914,True,ADMITTED,1.2481884956359863,1791359774.4771729,1.1909213066101074,False,0.20667310589684013,1.54726753693628,0.938393611907959,SAFE,0.9237637812606236,0.9993666410446167,20.071413040161133,20.072643280029297,,,5.049399987910874e-05,0.004914821125566959,,23.174818462261776,0.0004712690006272169,0.013739353000346455,0.33328012510693206,0.5453056502137676,0.9974539766649633,0.3936598392668849,0.9121654058788566,3.5412028255805317,0.33328012510693206,0.5453056502137676,0.9974539766649633
30.04051899909973,30.04051899909973,8.756278991699219,True,PERIODIC,True,True,1,MINCO_TRACKING,86.78516387939453,-11.601905822753906,-1.1624832153320312,1.2506216764450073,4.32492733001709,0.37670278549194336,86.7412678755089,-9.641919972655591,-0.005372258551088216,1.0930670115423966,3.847736554472419,-0.23535735775959765,2.276483507088345,1.9604773377274072,1.157110956780943,0.7919293703699815,0.7189125862548982,TERMINAL_APPROACH,True,TRACKING,39,False,inf,0.09565377235412598,0.057267189025878906,True,True,TRACKING,0,0.04763293266296387,0.11075343164622758,0.0836432343379912,3,0,0.04763293266296387,0.054488182067871094,0.14765143394470215,VISION,,1:39,1,NONE,0.09150910377502441,0.026247262954711914,True,ADMITTED,1.2481884956359863,1791359774.4771729,1.1909213066101074,False,0.20667310589684013,1.54726753693628,0.9324832153320313,SAFE,0.9237637812606236,1.0004559755325317,19.988046646118164,19.97279930114746,,,5.049399987910874e-05,0.004914821125566959,,23.174818462261776,0.0004712690006272169,0.013739353000346455,0.34147589061873734,0.4957552264112881,0.7246218018164384,0.40211014074533696,0.8925112365478056,3.4813352068105687,0.34474693527515776,0.4957552264112881,0.7246218018164384
30.090040683746338,30.090040683746338,8.805800676345825,True,PERIODIC,True,True,1,MINCO_TRACKING,86.86341163210882,-11.32432675750719,-1.1312389727816363,1.1749505275134524,4.40649309488865,0.5655377299432056,86.80564170443841,-9.41197680505924,-0.01938603418382187,1.0602030845865609,3.8569378293450804,-0.23364338256509903,2.2128345311476227,1.913222335529962,1.1118529385978144,0.9766618740049879,0.8734882232081355,TERMINAL_APPROACH,True,TRACKING,39,False,inf,0.09778809547424316,0.1074223518371582,True,True,TRACKING,0,0.045722246170043945,0.10537827413145749,0.05856291671914525,3,0,0.045722246170043945,0.05161094665527344,0.19780659675598145,VISION,,1:39,1,NONE,0.09150910377502441,0.026247262954711914,True,ADMITTED,1.2481884956359863,1791359774.4771729,1.1407661437988281,False,0.20667310589684013,1.546075379023204,0.9012389727816363,SAFE,0.8441688173518782,1.0004559755325317,19.988046646118164,19.97279930114746,,,0.004996925126761198,0.004914821125566959,,23.156109469356288,0.000809916000434896,0.013739353000346455,0.34068896808201155,0.3969944803093606,1.0375151685897208,0.39690959648016577,0.7960914598802047,3.4168319117164443,0.34068896808201155,0.3969944803093606,1.0375151685897208
30.13965654373169,30.13965654373169,8.855416536331177,True,PERIODIC,True,True,1,MINCO_TRACKING,86.9100570678711,-11.146470069885254,-1.1055200099945068,1.128191351890564,4.474312782287598,0.6803628206253052,86.84811801600378,-9.255306601179973,-0.028809771318777398,1.0381956860595098,3.862904660618437,-0.23112270619479164,2.177071576586484,1.8921775052863337,1.0767102386757295,1.1012379292023569,0.9793450431389292,TERMINAL_APPROACH,True,TRACKING,39,False,inf,0.048245906829833984,0.1578667163848877,True,True,TRACKING,0,0.048245906829833984,0.09538257014561416,0.0390299721897649,3,0,0.048245906829833984,0.0068628787994384766,0.24825096130371094,VISION,,1:39,1,NONE,0.09150910377502441,0.026247262954711914,True,ADMITTED,1.2481884956359863,1791359774.4771729,1.0903217792510986,False,0.20667310589684013,1.5466207081045962,0.8755200099945069,SAFE,0.7821551672124059,0.9995924234390259,20.10926628112793,20.110441207885742,,,1.533800059405621e-05,0.002519353060051799,,23.135249464145446,0.0007075539997458691,0.013739353000346455,0.3160006994454616,0.42479335146746655,0.6179428576783058,0.37798180720718627,0.779774578350638,3.353184960083946,0.3160006994454616,0.42479335146746655,0.6179428576783058
30.189542770385742,30.189542770385742,8.90530276298523,True,PERIODIC,True,True,1,MINCO_TRACKING,86.97033703368864,-10.89917729523732,-1.063439026763358,1.0631538946094001,4.5873256608710715,0.8221281664313451,86.90868623048621,-9.026591719764326,-0.0423550809133647,1.0064596219715347,3.8713097304841053,-0.22603124440706848,2.1337736486041865,1.8736001598540255,1.0210839458499934,1.27064204386876,1.1283130262106356,TERMINAL_APPROACH,True,PLAN_PENDING,39,False,inf,0.0828850269317627,0.24449944496154785,True,True,TRACKING,0,0.03485417366027832,0.08690856140692882,0.013573241726203278,3,0,0.03485417366027832,0.05541849136352539,0.3348836898803711,VISION,,1:40,1,NONE,0.07961344718933105,0.036696672439575195,True,ADMITTED,1.2481884956359863,1791359774.4771729,1.0036890506744385,False,0.20667310589684013,1.5494434659070864,0.833439026763358,HOLD,0.0,0.9995924234390259,20.10926628112793,20.110441207885742,,,0.004664211068302393,0.002519353060051799,,23.33033899600379,0.00011398500100767706,0.005938164998951834,0.32694753589174846,0.42479335146746655,0.8710544418808928,0.3826700947360743,0.8559583072637603,3.2774794639270244,0.32694753589174846,0.42479335146746655,0.8710544418808928
30.197704553604126,30.197704553604126,8.913464546203613,True,PHASE_TRANSITION,False,True,1,TERMINAL_MINCO,86.9716796875,-10.893484115600586,-1.0624151229858398,1.0616490840911865,4.590113639831543,0.8251491189002991,86.90868623048621,-9.026591719764326,-0.0423550809133647,1.0064596219715347,3.8713097304841053,-0.22603124440706848,nan,nan,nan,nan,nan,TERMINAL_APPROACH,True,TRACKING,39,False,inf,0.04781031608581543,0.25745558738708496,True,True,TRACKING,0,0.04781031608581543,0.07603610840467868,-0.00904917813547762,3,0,0.04781031608581543,0.015464544296264648,0.3478398323059082,VISION,,1:40,1,NONE,0.07961344718933105,0.036696672439575195,True,ADMITTED,1.2481884956359863,1791359774.4771729,0.9907329082489014,False,0.20667310589684013,1.5523901688312627,0.8324151229858399,SAFE,0.602468541466407,0.9995924234390259,20.10926628112793,20.110441207885742,,,0.004664211068302393,0.002519353060051799,,24.240510998427002,0.0009701220005808864,0.005938164998951834,0.32694753589174846,0.42479335146746655,0.8710544418808928,0.3826700947360743,0.8559583072637603,3.2774794639270244,0.32694753589174846,0.42479335146746655,0.8710544418808928
30.239687204360962,30.239687204360962,8.95544719696045,True,PERIODIC,True,True,1,TERMINAL_MINCO,87.01313781738281,-10.708356857299805,-1.0269808769226074,1.0130780935287476,4.688119888305664,0.914243221282959,86.95024141764159,-8.864474902018248,-0.0516930770298009,0.9843323282602081,3.8769817788340166,-0.22107979882161158,2.0868739575578337,1.8449543685721184,0.9752877998928066,1.3956108740037372,1.24641049794984,TERMINAL_APPROACH,True,PLAN_ACCEPTED,40,False,inf,0.05490398406982422,0.027266263961791992,True,True,TRACKING,0,0.05490398406982422,0.07603610840467868,-0.00904917813547762,3,0,0.05490398406982422,0.022558212280273438,0.1029348373413086,VISION,,1:40,1,NONE,0.07961344718933105,0.036696672439575195,True,ADMITTED,1.0109055042266846,1791359774.4771729,0.9836392402648926,True,0.2804131133651737,1.5523901688312627,0.7969808769226074,HOLD,0.0,0.9995766878128052,19.93191146850586,19.929567337036133,,,0.006178171839565039,0.002519353060051799,,25.124920629215637,5.230000169831328e-06,0.005938164998951834,0.32608157519166103,0.5217875861337966,0.413772751748119,0.3840575805287299,0.8413056701132893,3.223560438406185,0.32608157519166103,0.5217875861337966,0.413772751748119
30.29006004333496,30.29006004333496,9.005820035934448,True,PERIODIC,True,True,1,TERMINAL_MINCO,87.07468028089261,-10.405464588030041,-0.964366748795503,0.9386942236073341,4.870140296711139,1.0246789449701026,87.00671606373129,-8.638694364037915,-0.06434900513397246,0.9538810126983784,3.884599208877734,-0.2128368481848208,1.9839677663977124,1.768076966424125,0.9000177436615305,1.5820768668679177,1.4395611798790222,TERMINAL_APPROACH,True,TRACKING,40,False,inf,0.04566144943237305,0.06998848915100098,True,True,TRACKING,0,0.04566144943237305,0.07603610840467868,-0.04592379177054168,3,0,0.04566144943237305,0.008974075317382812,0.14565706253051758,VISION,,1:40,1,NONE,0.07961344718933105,0.036696672439575195,True,ADMITTED,1.0109055042266846,1791359774.4771729,0.9409170150756836,True,0.2804131133651737,1.5587862837734434,0.734366748795503,SAFE,0.4756886502184415,0.9995766878128052,19.93191146850586,19.929567337036133,,,0.004862530156970024,0.002519353060051799,,25.318424473910376,0.00047265400098694954,0.005938164998951834,0.20443199776603713,0.5269428909009105,0.7151013894106639,0.2744280340076366,0.8237131890467361,3.1436029987367626,0.20443199776603713,0.5269428909009105,0.7151013894106639
30.339797496795654,30.339797496795654,9.055557489395142,True,PERIODIC,True,True,1,TERMINAL_MINCO,87.11141967773438,-10.205530166625977,-0.9212279915809631,0.895263671875,5.0026445388793945,1.0746444463729858,87.04588181960249,-8.476874871628297,-0.07303389240167697,0.9323922160340833,3.88980038809893,-0.2056893918026765,1.9266493115392305,1.7298972049726047,0.8481940991792861,1.6967779377087886,1.5634027674332254,TERMINAL_APPROACH,True,PLAN_REJECTED,40,False,inf,0.054765939712524414,0.12709879875183105,True,True,TRACKING,0,0.054765939712524414,0.05185637112505256,-0.0737559710165265,3,0,0.054765939712524414,0.013445138931274414,0.20276737213134766,VISION,STATE_POSITION_MISMATCH,1:41,1,NONE,0.08951401710510254,0.037993431091308594,True,ADMITTED,1.0109055042266846,1791359774.4771729,0.8838067054748535,True,0.2804131133651737,1.5633112862890783,0.6912279915809632,HOLD,0.0,0.999969482421875,19.954580307006836,19.96514892578125,,,4.199899922241457e-05,0.002244869014248252,,27.19867154080964,3.7170011637499556e-06,0.0059170499989704695,0.20443199776603713,0.48495599904629405,0.3639108153625481,0.3799690737453826,0.8040158253597812,3.082896682248822,0.20443199776603713,0.48495599904629405,0.3639108153625481
30.38967728614807,30.38967728614807,9.105437278747559,True,PERIODIC,True,True,1,TERMINAL_MINCO,87.15914088984569,-9.92145744198348,-0.8594087824185384,0.8447980643490969,5.203816895881137,1.1154815008791394,87.09953094897321,-8.249600271749863,-0.08475370571503084,0.9025515335149973,3.896844971172157,-0.19440347807126232,1.843569968993554,1.6729195266695815,0.7746550767035075,1.8512994715221216,1.737510464596689,TERMINAL_APPROACH,True,TRACKING,40,False,inf,0.09775948524475098,0.17009234428405762,True,True,TRACKING,0,0.04575657844543457,0.05185637112505256,-0.11366847350097274,3,0,0.09775948524475098,0.05643868446350098,0.24576091766357422,VISION,,1:41,1,NONE,0.08951401710510254,0.037993431091308594,True,ADMITTED,1.0109055042266846,1791359774.4771729,0.840813159942627,True,0.2804131133651737,1.5674511342316304,0.6294087824185384,SAFE,0.329059187400955,0.999969482421875,19.954580307006836,19.96514892578125,,,0.00616731122136116,0.002244869014248252,,27.39813786361568,0.0009306320007453905,0.0059170499989704695,0.31502102353723593,0.5221239880784928,0.364550204843582,0.36883502664978624,0.799022725439152,2.886477031892547,0.31502102353723593,0.5221239880784928,0.364550204843582
30.439899921417236,30.439899921417236,9.155659914016724,True,PERIODIC,True,True,1,TERMINAL_MINCO,87.19219970703125,-9.707629203796387,-0.8135591149330139,0.8172142505645752,5.362886428833008,1.124861478805542,87.1355507386027,-8.091758825971773,-0.09240284111910822,0.8821316261392841,3.901504989271475,-0.18546343983300226,1.7703989818163122,1.6168630688945425,0.7211562738139057,1.9638740718161012,1.8696517288236225,TERMINAL_APPROACH,True,PLAN_REJECTED,40,False,inf,0.07500505447387695,0.24735021591186523,True,True,TRACKING,0,0.07500505447387695,0.02917379217482654,-0.161223172090622,3,0,0.07500505447387695,0.027889728546142578,0.32301878929138184,VISION,STATE_POSITION_MISMATCH,1:42,1,NONE,0.09940981864929199,0.041388750076293945,True,ADMITTED,1.0109055042266846,1791359774.4771729,0.7635552883148193,True,0.2804131133651737,1.5733862060697632,0.5835591149330139,HOLD,0.0,1.000602126121521,19.943674087524414,19.943960189819336,,,0.009048654697835445,0.002244869014248252,,28.807527601778876,6.624999514315277e-06,0.003492761999950744,0.28664361155623774,0.49671323669826917,0.364550204843582,0.35111784563324755,0.7850413775906803,2.9445240034481124,0.28664361155623774,0.49671323669826917,0.364550204843582
30.489795207977295,30.489795207977295,9.205555200576782,True,PERIODIC,True,True,1,TERMINAL_MINCO,87.24250372442444,-9.357828826269627,-0.7414926558165766,0.7911774962134468,5.630900151511038,1.1087956776740058,87.18733479329204,-7.8590387876498315,-0.10308411576096975,0.8523414053411319,3.908134353977752,-0.1711639397687992,1.6300247405619799,1.4998050509410275,0.6384085400556069,2.1470816563919057,2.0874380797661543,TERMINAL_APPROACH,True,TRACKING,40,False,inf,0.049103736877441406,0.2734410762786865,True,True,TRACKING,0,0.049103736877441406,0.02917379217482654,-0.18220862741056398,3,0,0.049103736877441406,0.00880289077758789,0.3491096496582031,VISION,,1:42,1,NONE,0.09940981864929199,0.041388750076293945,True,ADMITTED,1.0109055042266846,1791359774.4771729,0.737464427947998,True,0.2804131133651737,1.579557507763182,0.5114926558165767,SAFE,0.16506283613391298,1.000602126121521,19.943674087524414,19.943960189819336,,,0.009048654697835445,0.002244869014248252,,29.32282936105274,0.0012205719995108666,0.003492761999950744,0.274427332578244,0.4916768545005515,0.6735323531372575,0.34191883660965516,0.7648559052714268,2.8774937481925225,0.274427332578244,0.4916768545005515,0.6735323531372575
30.539739847183228,30.539739847183228,9.255499839782715,True,PERIODIC,True,True,1,TERMINAL_MINCO,87.2740478515625,-9.125682830810547,-0.6968793272972107,0.7873486876487732,5.8131937980651855,1.0745207071304321,87.2215053356567,-7.69995261483768,-0.10978180155423105,0.8322651871375892,3.9124467110998764,-0.16039963874596513,1.5427737583486691,1.4266980636125322,0.5870975257429797,2.267131500639722,2.2280203054079477,TERMINAL_APPROACH,True,TERMINAL_COMMITTED,40,False,inf,0.09575796127319336,0.3200953006744385,True,True,TERMINAL_COMMITTED,0,0.047754526138305664,0.01705965115920468,-0.19241386312550152,3,0,0.047754526138305664,0.055457115173339844,0.3957638740539551,VISION,,1:42,1,NONE,0.09940981864929199,0.041388750076293945,True,ADMITTED,1.0109055042266846,1791359774.4771729,0.6908102035522461,True,0.2804131133651737,1.5835572649087606,0.4668793272972107,WARNING,0.12886597584018772,0.99991375207901,20.062776565551758,20.04644203186035,,,0.009164315648376942,0.0019725749734789133,,29.60193137644852,0.0009896720002871007,0.003492761999950744,0.23212707800466353,0.46858737888505214,0.5144475998161497,0.3132322247771381,0.7573417608104785,2.822186340739017,0.23212707800466353,0.4711118066741387,0.5144475998161497
30.58967924118042,30.58967924118042,9.305439233779907,True,PERIODIC,True,True,1,TERMINAL_MINCO,87.31770071485066,-8.793368321187504,-0.6376822308822723,0.8001578073336371,6.0587334651908495,1.0344818783372887,87.26996462618546,-7.468386807211807,-0.11883583644679764,0.8033341716592955,3.9185015259209064,-0.14377758839432406,1.423747283599542,1.3258411467963958,0.5188463944354746,2.4431328686962925,2.4212548800583957,TERMINAL_APPROACH,True,PLAN_REJECTED,40,False,inf,0.062267303466796875,0.3865966796875,True,True,TERMINAL_COMMITTED,0,0.06226754188537598,0.02029360825748179,-0.1971731366906441,3,0,0.06226754188537598,0.0257871150970459,0.4622652530670166,VISION,STATE_POSITION_MISMATCH,1:43,1,NONE,0.1039121150970459,0.04090237617492676,True,ADMITTED,1.0109055042266846,1791359774.4771729,0.6243088245391846,True,0.2804131133651737,1.584766766281028,0.4076822308822723,HOLD,0.0,0.99991375207901,20.062776565551758,20.04644203186035,,,0.008109995163977146,0.0019725749734789133,,31.2308330373544,3.171999196638353e-06,0.007975832999363774,0.2196061632319084,0.48069046111687824,0.7055856550119901,0.29954417765011154,0.7434297033827976,2.754413627923714,0.2196061632319084,0.48069046111687824,0.7055856550119901
30.639777183532715,30.639777183532715,9.355537176132202,True,PERIODIC,True,True,1,TERMINAL_MINCO,87.34979248046875,-8.545452117919922,-0.5961427092552185,0.8202211856842041,6.224386215209961,1.0197073221206665,87.30200918168363,-7.309587495093544,-0.12435589572964198,0.7837594264307923,3.922451688088032,-0.13155525833806508,1.323717268533273,1.2367880212860134,0.4717868135255765,2.574031382133561,2.5581653785584506,TERMINAL_APPROACH,True,TERMINAL_COMMITTED,40,False,inf,0.04773426055908203,0.4201018810272217,True,True,TERMINAL_COMMITTED,0,0.04773426055908203,0.026150651874153174,-0.19839120253277656,3,0,0.04773426055908203,0.011186361312866211,0.4957704544067383,VISION,,1:43,1,NONE,0.1039121150970459,0.04090237617492676,True,ADMITTED,1.0109055042266846,1791359774.4771729,0.5908036231994629,True,0.2804131133651737,1.584012547731871,0.3661427092552185,WARNING,0.06833637314474567,0.9997670650482178,20.04186248779297,20.036304473876953,,,0.007632983848452568,0.0019725749734789133,,31.679711172066874,0.0006367169989971444,0.007975832999363774,0.11796440848597707,0.433269639096882,0.6284008982196202,0.19438129823805483,0.7235788717404442,2.688176396258788,0.11796440848597707,0.433269639096882,0.6284008982196202
30.689698934555054,30.689698934555054,9.405458927154541,True,PERIODIC,True,True,1,TERMINAL_MINCO,87.4026970334611,-8.139542116716664,-0.5328811113793068,0.8653585430865885,6.470186481978807,0.954892715922513,87.3479716935549,-7.075603675941355,-0.13170435795961224,0.7551887910649443,3.9280643948196508,-0.11276919678085316,1.1383772028952481,1.0653449528613925,0.4011767534196946,2.7594245849670083,2.7468518031467943,TERMINAL_APPROACH,True,TERMINAL_COMMITTED,40,False,inf,0.0458528995513916,0.4701817035675049,True,True,TERMINAL_COMMITTED,0,0.0458528995513916,0.04399012451556074,-0.1373920444515947,3,0,0.0458528995513916,0.01117849349975586,0.5458502769470215,VISION,,1:44,2,DYNAMIC_LIMIT_HORIZONTAL,0.05959725379943848,0.004844188690185547,False,DYNAMIC_LIMIT_HORIZONTAL,1.0109055042266846,1791359774.4771729,0.5407238006591797,True,0.2804131133651737,1.5796414139420847,0.30288111137930684,WARNING,0.020981838068834635,0.9997670650482178,20.04186248779297,20.036304473876953,,,0.00868955533951521,0.0019725749734789133,,31.692749203393916,0.0008168690001184586,0.010249569000734482,0.13292583476114284,0.4562755975515701,0.76579035004864,0.19332108517991936,0.7165562109287013,2.624628694140355,0.13292583476114284,0.4562755975515701,0.76579035004864
30.739738941192627,30.739738941192627,9.455498933792114,True,PERIODIC,True,True,1,TERMINAL_MINCO,87.4378890991211,-7.874353408813477,-0.4960153102874756,0.8974233865737915,6.604331970214844,0.8755305409431458,87.3780224227988,-6.916715189010969,-0.13593084160123436,0.7360336496616137,3.931687331895,-0.09936480883919535,1.0248491613644657,0.9595076753004093,0.3600844686862412,2.84947310093421,2.830474541885604,TERMINAL_APPROACH,True,TERMINAL_COMMITTED,40,False,inf,0.04962491989135742,0.5219569206237793,True,True,TERMINAL_COMMITTED,0,0.04962491989135742,0.0624499970390308,-0.11229125261661861,3,0,0.04962491989135742,0.008667230606079102,0.5976254940032959,VISION,,1:44,2,DYNAMIC_LIMIT_HORIZONTAL,0.05959725379943848,0.004844188690185547,False,DYNAMIC_LIMIT_HORIZONTAL,1.0109055042266846,1791359774.4771729,0.4889485836029053,True,0.2804131133651737,1.5718372390962898,0.2660153102874756,WARNING,0.00717094380188138,0.9986328482627869,20.040019989013672,20.026268005371094,,,4.967299901181832e-05,0.001300242030993104,,30.56168049170121,0.0007932589996926254,0.010249569000734482,0.13292583476114284,0.42583017865880435,0.6909539496859776,0.24595486415977194,0.7076488705447257,2.5666865373558907,0.13292583476114284,0.42583017865880435,0.6909539496859776
30.790255784988403,30.790255784988403,9.50601577758789,True,PERIODIC,True,True,1,TERMINAL_MINCO,87.48810034972135,-7.50397841666974,-0.4520875089521172,0.9382369691366769,6.750602893237686,0.7256761399500936,87.42113169972689,-6.682316103748639,-0.14131418753917316,0.7080263608687026,3.936838664755647,-0.07901434041573314,0.8810186228786351,0.8243868973709696,0.310773321412944,2.9356077440345505,2.8905444192665763,TERMINAL_APPROACH,True,TERMINAL_COMMITTED,40,False,inf,0.09780573844909668,0.5701377391815186,True,True,TERMINAL_COMMITTED,0,0.04580545425415039,0.0624499970390308,-0.09901897928568151,3,0,0.09780573844909668,0.05684804916381836,0.6458063125610352,VISION,,1:45,2,DYNAMIC_LIMIT_HORIZONTAL,0.07949709892272949,0.0033292770385742188,False,DYNAMIC_LIMIT_HORIZONTAL,1.0109055042266846,1791359774.4771729,0.440767765045166,True,0.2804131133651737,1.5626046060493124,0.22208750895211718,WARNING,0.011374983521164228,0.9986328482627869,20.040019989013672,20.026268005371094,,,0.007286303211003542,0.001300242030993104,,30.50923957169864,0.0010306120002496755,0.019116307999865967,0.14439159265997023,0.31344632607081874,0.608057815848596,0.2282873699867818,0.6131945575595041,2.3841645381249257,0.14439159265997023,0.31344632607081874,0.608057815848596
30.83976459503174,30.83976459503174,9.555524587631226,True,PERIODIC,True,True,1,TERMINAL_MINCO,87.52654266357422,-7.226374626159668,-0.4254230856895447,0.9613995552062988,6.827916145324707,0.6042684316635132,87.44932342594592,-6.522862296509107,-0.14415753778770515,0.6892012780823782,3.940167070509012,-0.06471683546232414,0.7615790944260334,0.7077375280640806,0.28126554790183955,2.976697483588072,2.88704175234756,TERMINAL_APPROACH,True,TERMINAL_COMMITTED,40,False,inf,0.04747796058654785,0.6202423572540283,True,True,TERMINAL_COMMITTED,0,0.04747796058654785,0.1444948740885876,0.07252472025183065,3,0,0.04747796058654785,0.013993024826049805,0.6959109306335449,VISION,,1:45,2,DYNAMIC_LIMIT_HORIZONTAL,0.07949709892272949,0.0033292770385742188,False,DYNAMIC_LIMIT_HORIZONTAL,1.0109055042266846,1791359774.4771729,0.39066314697265625,True,0.2804131133651737,1.5563745165013803,0.19542308568954467,WARNING,0.03829968189364763,0.9985453486442566,20.039766311645508,20.028961181640625,,,3.727799776243046e-05,0.001300242030993104,,30.573687259876106,0.0009691230006865226,0.019116307999865967,0.13143060112386676,0.31344632607081874,0.608057815848596,0.21285329019833615,0.6894840789561748,2.447160466529832,0.13143060112386676,0.31344632607081874,0.608057815848596
30.88966655731201,30.88966655731201,9.605426549911499,True,PERIODIC,True,True,1,TERMINAL_MINCO,87.5879935717418,-6.789569190920634,-0.39490312938038297,0.9832728295252107,6.90535604053376,0.3782170960995069,87.48961758466187,-6.288194870580833,-0.14744367699124716,0.6617282577704016,3.944884752799269,-0.043314181510199695,0.5677061075123991,0.5109344810542236,0.2474594523891358,3.0075687481965505,2.7425879229685535,TERMINAL_APPROACH,True,TERMINAL_COMMITTED,40,False,inf,0.09732985496520996,0.6700942516326904,True,True,TERMINAL_COMMITTED,0,0.045757293701171875,0.2541156097340034,0.36835070239906387,0,0,0.045757293701171875,0.06384491920471191,0.745762825012207,VISION,,1:45,2,DYNAMIC_LIMIT_HORIZONTAL,0.07949709892272949,0.0033292770385742188,False,DYNAMIC_LIMIT_HORIZONTAL,1.0109055042266846,1791359774.4771729,0.34081125259399414,True,0.2804131133651737,1.5559240393084117,0.16490312938038296,WARNING,0.07820494575676024,0.9985453486442566,20.039766311645508,20.028961181640625,,,0.014956546016037464,0.001300242030993104,,30.670198109077997,0.0007576549996883841,0.019116307999865967,0.13643156215550856,0.4188719831591359,0.8603925268995583,0.20355254457836267,0.6772176506424046,2.390558642202257,0.13643156215550856,0.4188719831591359,0.8603925268995583
30.93978261947632,30.93978261947632,9.655542612075806,True,PERIODIC,True,True,1,TERMINAL_MINCO,87.62773132324219,-6.508078575134277,-0.38300156593322754,0.9821299314498901,6.931443214416504,0.23881077766418457,87.51598156554694,-6.128190257781083,-0.14883001229849027,0.6432058177345071,3.9479367845907456,-0.02847245232893727,0.4600428877160207,0.3959837648267775,0.23417155363473727,3.0145680447959635,2.5174058984628065,TERMINAL_APPROACH,True,TERMINAL_COMMITTED,40,False,inf,0.09575152397155762,0.7200884819030762,True,True,TERMINAL_COMMITTED,0,0.09575152397155762,0.39343116945997436,0.20581181236144,0,0,0.09575152397155762,0.0532841682434082,0.7957570552825928,VISION,,1:45,2,DYNAMIC_LIMIT_HORIZONTAL,0.07949709892272949,0.0033292770385742188,False,DYNAMIC_LIMIT_HORIZONTAL,1.0109055042266846,1791359774.4771729,0.2908170223236084,True,0.2804131133651737,1.5444586002220824,0.15300156593322753,WARNING,0.09170056324324333,0.9978033304214478,20.08011245727539,20.09637451171875,,,0.005066394805908203,0.001300242030993104,,30.428170422027492,0.000705671998730395,0.019116307999865967,0.14303117660120612,0.329155701506357,0.7711046047862117,0.20442396002812155,0.6577044449735477,2.3376234468458326,0.14303117660120612,0.329155701506357,0.7711046047862117
