time,run_elapsed_time,intercept_elapsed_time,intercept_started,sample_kind,truth_available,uav_available,mission_id,phase,uav_x,uav_y,uav_z,uav_vx,uav_vy,uav_vz,target_x,target_y,target_z,target_vx,target_vy,target_vz,distance,horizontal_distance,vertical_error,relative_speed,closing_speed,approach_phase,first_terminal_approach,controller_status,plan_id,bearing_approach_active,bearing_age_at_control,prediction_age,trajectory_age,target_visible,target_locked,search_state,search_direction,last_valid_observation_age,last_valid_image_bearing,search_yaw_rate_command,consecutive_valid_frames,consecutive_lost_frames,kf_state_age,prediction_sample_age,planner_source_age,yaw_owner,tracker_rejection_reason,planner_event_id,planner_result,planner_failure_reason,planner_source_age_at_publish,planner_completion_to_publish_delay,terminal_admission,terminal_admission_reason,selected_t_go,contact_stamp,remaining_t_go,terminal_mode,planned_capture_margin,target_yaw,body_clearance,sea_safety_state,sea_safety_margin,gazebo_real_time_factor,front_rgb_hz,front_depth_hz,down_rgb_hz,down_depth_hz,rgbd_localizer_compute_time,front_monitor_compute_time,down_monitor_compute_time,tracker_hz,tracker_callback_time,planner_compute_time,prediction_0p5_error,prediction_1p0_error,prediction_2p0_error,kf_prediction_0p5_error,kf_prediction_1p0_error,kf_prediction_2p0_error,shadow_bctra_prediction_0p5_error,shadow_bctra_prediction_1p0_error,shadow_bctra_prediction_2p0_error
0.0,0.0,,False,PHASE_TRANSITION,False,True,1,TAKEOFF,0.0036252900026738644,0.018074799329042435,-0.01673990488052368,0.0006012251833453774,-0.004438977222889662,-0.002040974795818329,8.0,-4.898587196589413e-15,0.0,0.0,0.0,0.0,nan,nan,nan,nan,nan,PREPARATION,False,,0,False,inf,0.0,0.0,False,False,,0,inf,nan,0.0,0,0,inf,inf,inf,,,,0,,0.0,0.0,False,,0.0,0.0,0.0,False,0.0,nan,-0.21326009511947633,,0.0,1.0003371238708496,19.961387634277344,9.16756534576416,,,0.010972444899380207,0.003199625061824918,,0.0,0.0,0.0,,,,,,,,,
0.011671781539916992,0.011671781539916992,,False,PERIODIC,False,True,1,TAKEOFF,0.0041967108845710754,0.01734684407711029,-0.01670345664024353,0.0011649106163531542,-0.004916650243103504,-0.0019631681498140097,8.0,-4.898587196589413e-15,0.0,0.0,0.0,0.0,nan,nan,nan,nan,nan,PREPARATION,False,,0,False,inf,0.0,0.0,False,False,,0,inf,nan,0.0,0,0,inf,inf,inf,,,,0,,0.0,0.0,False,,0.0,0.0,0.0,False,0.0,nan,-0.21329654335975648,,0.0,1.0003371238708496,19.961387634277344,9.16756534576416,,,0.010972444899380207,0.003199625061824918,,0.0,0.0,0.0,,,,,,,,,
0.06185102462768555,0.06185102462768555,,False,PERIODIC,True,True,1,TAKEOFF,0.004372750510387286,0.0171103927503538,-0.016690603048268363,0.0012914668372208788,-0.005066529327464614,-0.001916924154246151,8.000000001906898,0.00039057917297438796,0.004655817180108418,1.9297614702454804e-07,0.019763075999057845,0.23550592308155816,7.995673227758695,7.995644732943091,0.02134642022837678,0.23872114501738473,0.0007093290101294075,PREPARATION,False,TAKEOFF,0,False,inf,0.05848526954650879,0.0,False,False,TARGET_ACQUIRE,0,inf,0.0,0.0,0,0,inf,0.019103288650512695,inf,HOLD,,,0,,0.0,0.0,False,,0.0,0.0,0.0,False,0.0,0.015488257631659508,-0.21330939695173165,UNRECOVERABLE,-0.18329654335975648,1.0003371238708496,19.961387634277344,9.16756534576416,,,3.5122000554110855e-05,0.003199625061824918,,0.0,0.0009962610001821304,0.0,,,,,,,,,
0.11175799369812012,0.11175799369812012,,False,PERIODIC,True,True,1,TAKEOFF,0.005452940929443645,0.01557753073612626,-0.01659828359712702,0.002191074576463775,-0.006270646347297436,-0.0017821714903409796,8.000000188080861,0.0038789777778394496,0.01640548057483667,6.7655759485162095e-06,0.06976658467195601,0.23420599679559972,7.9946239305878,7.994555806489665,0.03300376417196369,0.2479452505651974,0.0013213366030862192,PREPARATION,False,TAKEOFF,0,False,inf,0.06059002876281738,0.0,True,False,TARGET_ACQUIRE,0,0.06059002876281738,-0.001852067976589872,0.0,1,0,0.06059002876281738,0.01999378204345703,inf,HOLD,,,0,,0.0,0.0,False,,0.0,0.0,0.0,False,0.0,0.0154943335801363,-0.21340171640287298,UNRECOVERABLE,-0.18336195945739747,0.9825853705406189,19.82451057434082,10.744888305664062,,,3.5122000554110855e-05,0.003199625061824918,,19.98353407531636,0.0008059319998210412,0.0,,,,,,,,,
0.16153621673583984,0.16153621673583984,,False,PERIODIC,True,True,1,TAKEOFF,0.006658705288788535,0.01393556267794722,-0.016537583490208566,0.0031779113189883456,-0.007252414616200021,-0.0015649965264695526,8.000001213665762,0.009853590895469569,0.02803446256140293,2.948336473025031e-05,0.11968574936853685,0.23146774617037405,7.993467819789427,7.993343550650123,0.0445720460516115,0.2653817424828099,0.0019137970166025829,PREPARATION,False,TAKEOFF,0,False,inf,0.1105647087097168,0.0,True,False,TARGET_ACQUIRE,0,0.1105647087097168,-0.0017715434542616578,0.0,2,0,0.1105647087097168,0.06996846199035645,inf,HOLD,,,0,,0.0,0.0,False,,0.0,0.0,0.0,False,0.0,0.015512279234826565,-0.21346241650979145,UNRECOVERABLE,-0.18344165086746217,0.9825853705406189,19.82451057434082,10.744888305664062,,,2.59810003626626e-05,0.003199625061824918,,19.789260126870442,0.0007066329999361187,0.0,,,,,,,,,
0.21231627464294434,0.21231627464294434,,False,PERIODIC,True,True,1,TAKEOFF,0.007794061073339034,0.012336926018377936,-0.016327688460562963,0.004097984238678376,-0.007978034462102606,-0.0012516479813321987,8.00000420947702,0.01835096926496644,0.039527062119230724,7.788286210961883e-05,0.16976285013466647,0.22729163052626372,7.992407583333403,7.99221241115143,0.05585475057979369,0.28955140031317483,0.0022890881932990737,PREPARATION,False,TAKEOFF,0,False,inf,0.06053781509399414,0.0,True,True,TARGET_LOCK,0,0.06053781509399414,-0.0014598659783500458,0.0,3,0,0.06053781509399414,0.007972240447998047,inf,HOLD,,,0,,0.0,0.0,False,,0.0,0.0,0.0,False,0.0,0.015529944561421871,-0.21367231153943705,UNRECOVERABLE,-0.1835493862628937,1.0002323389053345,20.000049591064453,11.142830848693848,,,0.01632748357951641,0.003199625061824918,,20.134720995429934,0.0007261060000018915,0.0,,,,,,,,,
0.2623114585876465,0.2623114585876465,,False,PERIODIC,True,True,1,TAKEOFF,0.008800726271006672,0.010980738401994511,-0.015859415161059345,0.004907764721994125,-0.008708150364706043,-0.0007804995431442217,8.000010727616377,0.029295199860369867,0.050722000759211884,0.00016083081537218697,0.21959993510529294,0.2217399135006121,7.991508355125879,7.991230988095688,0.06658141592027123,0.31884549470496537,0.0023696004640455337,PREPARATION,False,TAKEOFF,0,False,inf,0.058492422103881836,0.0,True,True,TRACKING,0,0.058492422103881836,-0.0001433149467858543,0.0,3,0,0.058492422103881836,0.00947427749633789,inf,HOLD,,,0,,0.0,0.0,False,,0.0,0.0,0.0,False,0.0,0.015520221553742886,-0.21414058483894066,UNRECOVERABLE,-0.1840548634529114,1.0002323389053345,20.000049591064453,11.142830848693848,,,3.1495001167058945e-05,0.003199625061824918,,19.957884018076896,0.0007836459999452927,0.0,,,,,,,,,
0.3117353916168213,0.3117353916168213,,False,PERIODIC,True,True,1,TAKEOFF,0.00972726969058339,0.009747285500129148,-0.015100995662805662,0.005680210272811279,-0.009195675211770895,-0.0004578672334812071,8.000022945280591,0.04284413396237579,0.061696113912531464,0.000289043754470621,0.26985530920173373,0.21476634598943461,7.9907332692794615,7.990364221030886,0.07679710957533713,0.35244854735974956,0.0021665982712652378,PREPARATION,False,TAKEOFF,0,False,inf,0.06045699119567871,0.0,True,True,TRACKING,0,0.06045699119567871,0.0006684985734798447,0.0,3,0,0.06045699119567871,0.011494636535644531,inf,HOLD,,,0,,0.0,0.0,False,,0.0,0.0,0.0,False,0.0,0.015537431463599205,-0.21489900433719436,UNRECOVERABLE,-0.18462286591529847,1.0012084245681763,19.8858585357666,12.01528549194336,,,0.006796184927225113,0.00431865593418479,,20.07243547040942,0.0009474329999648035,0.0,,,,,,,,,
0.361708402633667,0.361708402633667,,False,PERIODIC,True,True,1,TAKEOFF,0.010454535166154353,0.008735205259594266,-0.014302507485156338,0.005959426440784578,-0.00933182863119009,-1.193969913424716e-05,8.000043263397679,0.058830795129906244,0.07222980077069534,0.00047041156253391307,0.319838627064738,0.20650360194365625,7.990214355997013,7.989745779085132,0.08653230825585168,0.38862834061274243,0.0011882931198479562,PREPARATION,False,TAKEOFF,0,False,inf,0.0586392879486084,0.0,True,True,TRACKING,0,0.0586392879486084,0.002572008583985176,0.0,3,0,0.0586392879486084,0.01942133903503418,inf,HOLD,,,0,,0.0,0.0,False,,0.0,0.0,0.0,False,0.0,0.015554584562778473,-0.21569749251484366,UNRECOVERABLE,-0.1855102598667145,1.0012084245681763,19.8858585357666,12.01528549194336,,,0.006796184927225113,0.00431865593418479,,19.99205904713332,0.0008657579992359388,0.0,,,,,,,,,
0.4122660160064697,0.4122660160064697,,False,PERIODIC,True,True,1,TAKEOFF,0.011051760759337859,0.007987993649528877,-0.013612990506210119,0.006147184143622037,-0.009340997758770238,0.00027669909879255946,8.000074671286676,0.0772895533396576,0.08230614655553659,0.0007144699023266846,0.36975927673095604,0.19698123042031163,7.989899264193564,7.989323486447785,0.0959191370617467,0.4271290263428978,-0.00021751096028468846,PREPARATION,False,TAKEOFF,0,False,inf,0.10857033729553223,0.0,True,True,TRACKING,0,0.10857033729553223,0.0041863114971231906,0.0,3,0,0.10857033729553223,0.06935238838195801,inf,HOLD,,,0,,0.0,0.0,False,,0.0,0.0,0.0,False,0.0,0.015566946007311344,-0.2163870094937899,UNRECOVERABLE,-0.18609833192437963,0.9987280964851379,20.009159088134766,12.738807678222656,,,3.131199991912581e-05,0.00431865593418479,,20.07208966223524,0.0007550009995611617,0.0,,,,,,,,,
0.4618239402770996,0.4618239402770996,,False,PERIODIC,True,True,1,TAKEOFF,0.011536785889412713,0.007502093220575302,-0.01293475671517581,0.006367307696930125,-0.00927301729817438,0.0005800617106387859,8.000120568820464,0.09821116511538638,0.09186505493066885,0.0010302934872956078,0.41961744715379623,0.1862623478224541,7.989786104343094,7.989098759724591,0.10479981164584466,0.4673900144357076,-0.001968580787482181,PREPARATION,False,TAKEOFF,0,False,inf,0.058551788330078125,0.0,True,True,TRACKING,0,0.058551788330078125,0.0069269670810050196,0.0,3,0,0.058551788330078125,0.01810431480407715,inf,HOLD,,,0,,0.0,0.0,False,,0.0,0.0,0.0,False,0.0,0.015578348189592361,-0.2170652432848242,UNRECOVERABLE,-0.18703220583963817,0.9987280964851379,20.009159088134766,12.738807678222656,,,3.131199991912581e-05,0.00431865593418479,,19.972436321342922,0.0007779790003041853,0.0,,,,,,,,,
0.5117669105529785,0.5117669105529785,,False,PERIODIC,True,True,1,TAKEOFF,0.012001904496142298,0.0073018261063182615,-0.012353058461480881,0.0065805171280665,-0.008749186884676994,0.0007543151602570992,8.000185495093362,0.12181722139055369,0.10093186588291823,0.0014310292257396504,0.4698830029044764,0.17430006811650667,7.989807527527025,7.9890043718127846,0.11328492434439912,0.5091497016567602,-0.004172292890311508,PREPARATION,False,TAKEOFF,0,False,inf,0.10898613929748535,0.0,True,True,TRACKING,0,0.0609736442565918,0.009260085780407034,0.0,3,0,0.10898613929748535,0.06853866577148438,inf,HOLD,,,0,,0.0,0.0,False,,0.0,0.0,0.0,False,0.0,0.015611119568347931,-0.21764694153851913,UNRECOVERABLE,-0.18758999848119107,0.9991447329521179,19.93815040588379,12.035401344299316,,,1.5159000213316176e-05,0.004475364927202463,,19.96059356068197,0.0010261489996992168,0.0,,,,,,,,,
0.562004566192627,0.562004566192627,,False,PERIODIC,True,True,1,TAKEOFF,0.012598288391167167,0.007245917742749394,-0.011803150338694912,0.006751027374730898,-0.00815942222340553,0.0009111235882132498,8.000272649126835,0.14768736730343815,0.10929166086636098,0.001918760699978827,0.5196640286823941,0.16138227884442663,7.989826621849153,7.988908905095155,0.1210948112050559,0.5516991370272267,-0.006878990594675643,PREPARATION,False,TAKEOFF,0,False,inf,0.058511972427368164,0.0,True,True,TRACKING,0,0.058511972427368164,0.012043418423786263,0.0,3,0,0.058511972427368164,0.018909215927124023,inf,HOLD,,,0,,0.0,0.0,False,,0.0,0.0,0.0,False,0.0,0.015681542456150055,-0.2181968496613051,UNRECOVERABLE,-0.18820385639429732,0.9991447329521179,19.93815040588379,12.035401344299316,,,3.490500239422545e-05,0.004475364927202463,,20.031664355916913,0.0008515669996995712,0.0,,,,,,,,,
0.6115884780883789,0.6115884780883789,,False,PERIODIC,True,True,1,TAKEOFF,0.013271274597342116,0.007311820819857303,-0.011288236877689622,0.007119471069658631,-0.007398416392082338,0.0011668987852410065,8.000388026317864,0.17618556300993976,0.11701946653762256,0.0025093937828866973,0.5696884642717899,0.14740770240561402,7.989932115679807,7.988901823555969,0.12830770341531217,0.5953460281974516,-0.009937182956152264,PREPARATION,False,TAKEOFF,0,False,inf,0.06060600280761719,0.0,True,True,TRACKING,0,0.06060600280761719,0.015585135137679515,0.0,3,0,0.06060600280761719,0.021671295166015625,inf,HOLD,,,0,,0.0,0.0,False,,0.0,0.0,0.0,False,0.0,0.015720535069704056,-0.2187117631223104,UNRECOVERABLE,-0.18862793414012716,0.9988844990730286,19.955963134765625,12.723755836486816,,,0.008394709788262844,0.004475364927202463,,20.0053177143541,0.0015927439999359194,0.0,0.16140940449567107,,,0.16022210310574414,,,0.16140940449567107,,
0.6616172790527344,0.6616172790527344,,False,PERIODIC,True,True,1,TAKEOFF,0.013956484907242299,0.007477491358264296,-0.010731347650739754,0.007578475582741053,-0.006758649473745192,0.0012702894845797361,8.000536243972782,0.20711851691719735,0.12401137263308219,0.0032085271769187714,0.6196089386814715,0.13255491703088265,7.9902107849337165,7.9890745888996175,0.13474272028382195,0.6399930510329187,-0.01349618638853139,PREPARATION,False,TAKEOFF,0,False,inf,0.05860638618469238,0.0,True,True,TRACKING,0,0.05860638618469238,0.019214935284997486,0.0,3,0,0.05860638618469238,0.01153254508972168,inf,HOLD,,,0,,0.0,0.0,False,,0.0,0.0,0.0,False,0.0,0.01579132489860058,-0.21926865234926027,UNRECOVERABLE,-0.18935184803836333,0.9988844990730286,19.955963134765625,12.723755836486816,,,3.382700015208684e-05,0.004475364927202463,,20.01868880091861,0.0008718939998288988,0.0,0.16140940449567107,,,0.17841769949615782,,,0.16140940449567107,,
0.7117321491241455,0.7117321491241455,,False,PERIODIC,True,True,1,TAKEOFF,0.0146452189074353,0.007645166497801352,-0.010132703816545859,0.008119169912105128,-0.006131323387750233,0.0015042008042675562,8.000723934349558,0.240649387278791,0.13025883846232666,0.004029320163851853,0.6696805833449514,0.11683847693478056,7.990710481633214,7.989477092785201,0.14039154227887252,0.6855949645404366,-0.01764512954468199,PREPARATION,False,TAKEOFF,0,False,inf,0.06055283546447754,0.0,True,True,TRACKING,0,0.06055283546447754,0.023278960952976897,0.0,3,0,0.06055283546447754,0.025888442993164062,inf,HOLD,,,0,,0.0,0.0,False,,0.0,0.0,0.0,False,0.0,0.015844350680708885,-0.21986729618345416,UNRECOVERABLE,-0.18988218534025747,0.9997693300247192,19.9407901763916,14.748130798339844,,,0.007554113864898682,0.0024351950269192457,,20.01560547571886,0.0014491800002360833,0.0,0.1976403459386934,,,0.19579394305041165,,,0.1976403459386934,,
0.7616875171661377,0.7616875171661377,,False,PERIODIC,True,True,1,TAKEOFF,0.015376069769488167,0.007848171121321213,-0.009526825228599682,0.008454421390824406,-0.005416212034037537,0.0016921635286494857,8.000956345317228,0.27659185180264007,0.13568780880238812,0.004976632245493579,0.7196216819495682,0.10044279650800203,7.991420574157013,7.990101094674789,0.1452146340309878,0.7317402067970192,-0.02270149883942009,PREPARATION,False,TAKEOFF,0,False,inf,0.05850625038146973,0.0,True,True,TRACKING,0,0.05850625038146973,0.027923063289710344,0.0,3,0,0.05850625038146973,0.021874666213989258,inf,HOLD,,,0,,0.0,0.0,False,,0.0,0.0,0.0,False,0.0,0.015932908281683922,-0.22047317477140033,UNRECOVERABLE,-0.19057649650996736,0.9997693300247192,19.9407901763916,14.748130798339844,,,2.881199907278642e-05,0.0024351950269192457,,20.046256398421704,0.000836596999761241,0.0,0.21765986503948132,,,0.21513540829220648,,,0.21765986503948132,,
0.8116934299468994,0.8116934299468994,,False,PERIODIC,True,True,1,TAKEOFF,0.01610898195149602,0.008092791154404587,-0.008890137715656917,0.00892572084972595,-0.004667674677087228,0.0019037489860261546,8.001241865287412,0.31518488548423657,0.14029865488540388,0.006066364899872291,0.7697606723290048,0.08336012668891231,7.992428292751221,7.99103577259747,0.1491887926010608,0.7787057095151616,-0.028419506073680798,PREPARATION,False,TAKEOFF,0,False,inf,0.06059861183166504,0.0,True,True,TRACKING,0,0.06059861183166504,0.032824907793247725,0.0,3,0,0.06059861183166504,0.02808856964111328,inf,HOLD,,,0,,0.0,0.0,False,,0.0,0.0,0.0,False,0.0,0.015980269759893417,-0.2211098622843431,UNRECOVERABLE,-0.19108126942301532,0.9991689324378967,19.919261932373047,15.017956733703613,,,0.01185387559235096,0.0024351950269192457,,20.023207542005586,0.0008045539998420281,0.0,0.23818338615610948,,,0.23498784204137863,,,0.23818338615610948,,
0.8622040748596191,0.8622040748596191,,False,PERIODIC,True,True,1,TAKEOFF,0.01679576938633096,0.008266639666115409,-0.008226131642645055,0.009577572558573437,-0.00418238851587407,0.0018920190032809413,8.001585000504328,0.35607229548459296,0.14402228512900403,0.007297693540997059,0.819636668876359,0.06585330854389232,7.993810569434751,7.992360592440587,0.15224841677164908,0.8263014484621578,-0.03478473460888666,PREPARATION,False,TAKEOFF,0,False,inf,0.058502912521362305,0.0,True,True,TRACKING,0,0.058502912521362305,0.03760383384283224,0.0,3,0,0.058502912521362305,0.009866952896118164,inf,HOLD,,,0,,0.0,0.0,False,,0.0,0.0,0.0,False,0.0,0.0160698089748621,-0.22177386835735496,UNRECOVERABLE,-0.19195460497069056,0.9991689324378967,19.919261932373047,15.017956733703613,,,2.3796999812475406e-05,0.0024351950269192457,,20.00650021032372,0.0007511479998356663,0.0,0.25913681800024346,,,0.2554263997883219,,,0.25913681800024346,,
0.9116637706756592,0.9116637706756592,,False,PERIODIC,True,True,1,TAKEOFF,0.017581457758768976,0.00832539552140639,-0.007555033948837486,0.010177203013439159,-0.0036837330122256313,0.0020269826461062875,8.0019962522381,0.39960011852920563,0.14687014386984532,0.008690264005898117,0.8696789853685108,0.04788123304682827,7.995487643334181,7.993996217109766,0.1544251778186828,0.874566899170563,-0.04214045267923547,PREPARATION,False,TAKEOFF,0,False,inf,0.06350922584533691,0.0,True,True,TRACKING,0,0.06350922584533691,0.04391478514300961,0.0,3,0,0.06350922584533691,0.011223077774047852,inf,HOLD,,,0,,0.0,0.0,False,,0.0,0.0,0.0,False,0.0,0.016109945252537727,-0.2224449660511625,UNRECOVERABLE,-0.1925624441599684,0.9990628957748413,19.825706481933594,15.470410346984863,,,2.4797998776193708e-05,0.0025995310861617327,,19.902348289018384,0.000932635999561171,0.0,0.25913681800024346,,,0.2939165965587272,,,0.25913681800024346,,
0.9627375602722168,0.9627375602722168,,False,PERIODIC,True,True,1,TAKEOFF,0.018646855062773235,0.008320487632012895,-0.0068725588428455164,0.011163804563546684,-0.00336537034424587,0.0020078059236666676,8.002481893431906,0.4455565924844437,0.1488081657355226,0.010246941320785827,0.9196373931592006,0.029643128817533212,7.997314162847576,7.9957987300379925,0.15568072457836812,0.9234168360738575,-0.050085857218441505,PREPARATION,False,TAKEOFF,0,False,inf,0.1113739013671875,0.0,True,True,TRACKING,0,0.059372663497924805,0.048950377793730813,0.0,3,0,0.1113739013671875,0.05908775329589844,inf,HOLD,,,0,,0.0,0.0,False,,0.0,0.0,0.0,False,0.0,0.01617114618420601,-0.2231274411571545,UNRECOVERABLE,-0.1931087290588463,0.9990628957748413,19.825706481933594,15.470410346984863,,,0.011270204558968544,0.0025995310861617327,,19.987142145372545,0.001503175999459927,0.0,0.300473590288147,,,0.29656341041924966,,,0.300473590288147,,
1.0117344856262207,1.0117344856262207,,False,PERIODIC,True,True,1,TAKEOFF,0.01959888358570011,0.00829756824536419,-0.006306705931688287,0.012192702753147633,-0.00300628957793612,0.0022819170071153314,8.003053365925467,0.49418889269855126,0.1498318134104997,0.011985887945350703,0.9697760414022267,0.011154610620242785,7.999750939122553,7.998227044212348,0.15613851934218798,0.9728228157951048,-0.05905193442127773,PREPARATION,False,TAKEOFF,0,False,inf,0.060381174087524414,0.0,True,True,TRACKING,0,0.060381412506103516,0.055760082873877924,0.0,3,0,0.060381412506103516,0.007151603698730469,inf,HOLD,,,0,,0.0,0.0,False,,0.0,0.0,0.0,False,0.0,0.01623496226966381,-0.22369329406831173,UNRECOVERABLE,-0.1937714078275824,0.9995049834251404,20.026147842407227,15.42435073852539,,,2.771599974948913e-05,0.0025995310861617327,,20.009701061376866,0.0004912489994239877,0.0,0.3194786830258217,,,0.3159437481043751,,,0.3194786830258217,,
1.0616772174835205,1.0616772174835205,,False,PERIODIC,True,True,1,TAKEOFF,0.020350852745274112,0.008286998657718873,-0.005750582753940579,0.01305399303982825,-0.0028277278220111383,0.0024998615523877657,8.003713190435647,0.544964495224271,0.14992854199752412,0.013897003709255413,1.019556633273356,-0.0072720057083571375,8.002895284836445,8.001380940198638,0.1556791247514647,1.0224314069262215,-0.06921238422014557,PREPARATION,False,TAKEOFF,0,False,inf,0.11057448387145996,0.0,True,True,TRACKING,0,0.11057472229003906,0.06228722548277158,0.0,3,0,0.11057472229003906,0.057344913482666016,inf,HOLD,,,0,,0.0,0.0,False,,0.0,0.0,0.0,False,0.0,0.01626497320830822,-0.22424941724605943,UNRECOVERABLE,-0.19421818634527163,0.9995049834251404,20.026147842407227,15.42435073852539,,,2.3070999304763973e-05,0.0025995310861617327,,19.92703402373337,0.0007097329998941859,0.0,0.33964650583089495,,,0.33659830131993845,,,0.33964650583089495,,
1.1155483722686768,1.1155483722686768,,False,PERIODIC,True,True,1,TAKEOFF,0.020961873090288373,0.00835441863764841,-0.00502758603306727,0.01379664684636142,-0.0026243670294449884,0.002649940830529143,8.00447824953725,0.5984644503777689,0.14910258579654748,0.01601119591426532,1.0695528759917277,-0.025735133783712134,8.006779608083725,8.005295970953052,0.15413017182961475,1.0725552000437615,-0.08068255539098516,PREPARATION,False,TAKEOFF,0,False,inf,0.060575246810913086,0.0,True,True,TRACKING,0,0.060575246810913086,0.06938037612844748,0.0,3,0,0.060575246810913086,0.019846677780151367,inf,HOLD,,,0,,0.0,0.0,False,,0.0,0.0,0.0,False,0.0,0.016319386661052704,-0.22497241396693274,UNRECOVERABLE,-0.1950936073527648,0.9991047978401184,20.0275936126709,16.995216369628906,,,0.009932667016983032,0.0025995310861617327,,20.0328844699712,0.0007723620001343079,0.0,0.3581667007436003,0.5109904789819573,,0.35585172149193117,0.5095145812417271,,0.3581667007436003,0.5109904789819573,
1.1617555618286133,1.1617555618286133,,False,PERIODIC,True,True,1,TAKEOFF,0.021471070429325077,0.008492041810771983,-0.0042935925447458055,0.014246117003147249,-0.0022784337923757447,0.0028502561727533305,8.005355477016245,0.6544423358775542,0.14735747374147004,0.01832886046898481,1.1195236898487446,-0.0440320557446027,8.011408118804862,8.009972659138528,0.15165106628621586,1.1227887711277895,-0.09363083241144246,PREPARATION,False,TAKEOFF,0,False,inf,0.05870938301086426,0.0,True,True,TRACKING,0,0.05870938301086426,0.0765437136641273,0.0,3,0,0.05870938301086426,0.016129255294799805,inf,HOLD,,,0,,0.0,0.0,False,,0.0,0.0,0.0,False,0.0,0.016354963183403015,-0.2257064074552542,UNRECOVERABLE,-0.19597617894243913,0.9991047978401184,20.0275936126709,16.995216369628906,,,0.009932667016983032,0.0025995310861617327,,19.958320122416985,0.0009266110000680783,0.0,0.37344619110993477,0.5109904789819573,,0.372058336406706,0.5618814483417145,,0.37344619110993477,0.5109904789819573,
1.211754560470581,1.211754560470581,,False,PERIODIC,True,True,1,TAKEOFF,0.021964144581405904,0.008653514905294353,-0.0036273834435414133,0.014562886688839063,-0.0017705670557246608,0.0031640497911802653,8.006357966747267,0.7130464548510064,0.14469703350830646,0.02086602080738223,1.1695978933841509,-0.062096511184687606,8.016777049035968,8.015404800837306,0.14832441695184787,1.173201918014067,-0.10799235637627186,PREPARATION,False,TAKEOFF,0,False,inf,0.10858488082885742,0.0,True,True,TRACKING,0,0.06057333946228027,0.08439182566966828,0.0,3,0,0.06057333946228027,0.06600475311279297,inf,HOLD,,,0,,0.0,0.0,False,,0.0,0.0,0.0,False,0.0,0.016365841031074524,-0.2263726165564586,UNRECOVERABLE,-0.1965441431793665,0.9991047978401184,20.063602447509766,16.52123260498047,,,1.0048000149254221e-05,0.0018079800065606833,,20.02486555948137,0.001244621999830997,0.0,0.3918646388079895,0.6189494662378858,,0.39131823966660745,0.6168948840421745,,0.3918646388079895,0.6189494662378858,
1.261795997619629,1.261795997619629,,False,PERIODIC,True,True,1,TAKEOFF,0.022383698289075073,0.008800792570980133,-0.003132281255181071,0.014904291339220204,-0.0015161508555853358,0.003266776915879324,8.007486722213656,0.7737296452940624,0.14116789710719718,0.023607741591104854,1.2193227244666245,-0.07965695152325822,8.02295512849805,8.021657338257334,0.14430017836237824,1.223682824216526,-0.12356879759418654,PREPARATION,False,TAKEOFF,0,False,inf,0.11041927337646484,0.0,True,True,TRACKING,0,0.05842781066894531,0.09220780486476768,0.0,3,0,0.05842781066894531,0.055284976959228516,inf,HOLD,,,0,,0.0,0.0,False,,0.0,0.0,0.0,False,0.0,0.016394082456827164,-0.22686771874481895,UNRECOVERABLE,-0.19726913620598835,0.9991047978401184,20.063602447509766,16.52123260498047,,,2.754299930529669e-05,0.0018079800065606833,,20.003282182063714,0.0007993939998414135,0.0,0.40544556363167544,0.6723020945198418,,0.4059026190532652,0.6696674995374117,,0.40544556363167544,0.6723020945198418,
1.311598300933838,1.311598300933838,,False,PERIODIC,True,True,1,TAKEOFF,0.022647173345043004,0.008959781320874669,-0.0026015358858770387,0.015140299007207769,-0.0013487036912469131,0.003596714372717613,8.008769239313857,0.8373498162351246,0.1367421072890682,0.0266023449720586,1.2693950287688263,-0.096850722173272,8.030180094704756,8.028971023892117,0.13934364317494521,1.2747590751169098,-0.14074553970341064,PREPARATION,False,TAKEOFF,0,False,inf,0.0605313777923584,0.0,True,True,TRACKING,0,0.0605313777923584,0.10020421580703803,0.0,3,0,0.0605313777923584,0.02364063262939453,inf,HOLD,,,0,,0.0,0.0,False,,0.0,0.0,0.0,False,0.0,0.016403304412961006,-0.22739846411412298,UNRECOVERABLE,-0.1977220797944174,0.9998854994773865,19.959182739257812,15.014937400817871,,,0.01721697859466076,0.0018079800065606833,,20.002338281222745,0.0011047929992855643,0.0,0.4195939242357228,0.723735416796598,,0.42101738956869894,0.720670821655756,,0.4195939242357228,0.723735416796598,
1.3617806434631348,1.3617806434631348,,False,PERIODIC,True,True,1,TAKEOFF,0.0227943818257316,0.00915373816719922,-0.0019808620838377656,0.01549890562580401,-0.0010545916446687935,0.0037224427915644813,8.01020386991393,0.9032104431098953,0.1314919122503465,0.029827226356484125,1.3192581678593072,-0.11337925856846981,8.038399262511339,8.037291068640874,0.13347277433418428,1.3255730429310109,-0.1591424746982636,PREPARATION,False,TAKEOFF,0,False,inf,0.05839800834655762,0.0,True,True,TRACKING,0,0.05839800834655762,0.10917556003204826,0.0,3,0,0.05839800834655762,0.008762121200561523,inf,HOLD,,,0,,0.0,0.0,False,,0.0,0.0,0.0,False,0.0,0.01641196571290493,-0.22801913791616224,UNRECOVERABLE,-0.19841809538211116,0.9998854994773865,19.959182739257812,15.014937400817871,,,3.339799877721816e-05,0.0018079800065606833,,20.002930719213456,0.0008094650002021808,0.0,0.42549261714907577,0.7730008447316117,,0.42803879167788234,0.7698463322379112,,0.42549261714907577,0.7730008447316117,
1.4116110801696777,1.4116110801696777,,False,PERIODIC,True,True,1,TAKEOFF,0.022641314418274567,0.009340475406743036,-0.00124492682730672,0.015452678168305799,-0.0006571222621568062,0.004077494764172872,8.011813764178243,0.9718042364622647,0.12541088653241014,0.033316156526353884,1.3692871078773599,-0.12926527193363163,8.047934804557418,8.046938108581973,0.12665581335971687,1.3765342680014276,-0.17946808514673046,PREPARATION,False,TAKEOFF,0,False,inf,0.0605618953704834,0.0,True,True,TRACKING,0,0.0605616569519043,0.11807054632580315,0.0,3,0,0.0605616569519043,0.021556854248046875,inf,HOLD,,,0,,0.0,0.0,False,,0.0,0.0,0.0,False,0.0,0.01641836017370224,-0.22875507317269328,UNRECOVERABLE,-0.1989758858231672,1.000029444694519,19.990848541259766,16.551847457885742,,,0.00880717858672142,0.0033343180548399687,,20.016596651583598,0.0006498150005427306,0.0,0.3906076174137174,0.7730008447316117,,0.4394018807399565,0.8369907204757728,,0.3906076174137174,0.7730008447316117,
1.4616758823394775,1.4616758823394775,,False,PERIODIC,True,True,1,TAKEOFF,0.022156726120212886,0.009469580423233547,-0.0005495706635197317,0.015050203225427257,-0.00040721543220451143,0.004182906258522761,8.013603604922409,1.0427671624972985,0.11856757569624017,0.037060612006947505,1.4192091701010647,-0.14432301921108867,8.058853268573287,8.057972890860174,0.11911714635975991,1.4275325390578175,-0.20165295669054123,PREPARATION,False,TAKEOFF,0,False,inf,0.05850386619567871,0.0,True,True,TRACKING,0,0.05850386619567871,0.12759889669172772,0.0,3,0,0.05850386619567871,0.010758161544799805,inf,HOLD,,,0,,0.0,0.0,False,,0.0,0.0,0.0,False,0.0,0.01644132100045681,-0.22945042933648027,UNRECOVERABLE,-0.199959762194476,1.000029444694519,19.990848541259766,16.551847457885742,,,3.539300087140873e-05,0.0033343180548399687,,20.024996387841536,0.0010192179997829953,0.0,0.3856884610042856,0.8626649605607476,,0.44526118145395643,0.8607405829970133,,0.3856884610042856,0.8626649605607476,
1.51308012008667,1.51308012008667,,False,PERIODIC,True,True,1,TAKEOFF,0.021514691039343784,0.009606688094788261,6.586961695857573e-05,0.014538133542696823,-9.397557662364821e-05,0.004338647953436606,8.015597868715027,1.1165184320507557,0.11096167537275241,0.04109310422704435,1.4693181923582987,-0.15854546663371144,8.071116238801125,8.070354357802698,0.11089580575579383,1.4786509123278873,-0.22558578154845974,PREPARATION,False,TAKEOFF,0,False,inf,0.06054115295410156,0.0,True,True,TRACKING,0,0.06054115295410156,0.13695565428934509,0.0,3,0,0.06054115295410156,0.024155855178833008,inf,HOLD,,,0,,0.0,0.0,False,,0.0,0.0,0.0,False,0.0,0.016440005972981453,-0.23006586961695857,UNRECOVERABLE,-0.20050083459043153,0.9993883967399597,19.888856887817383,15.75192928314209,,,0.012904114089906216,0.0033343180548399687,,19.969968282813955,0.0015441999994436628,0.0,0.3876463589581566,0.9027738614058545,,0.45701784895118436,0.9022535339654099,,0.3876463589581566,0.9027738614058545,
1.5616779327392578,1.5616779327392578,,False,PERIODIC,True,True,1,TAKEOFF,0.02063709158986691,0.009754816217293292,0.0004560801226594316,0.013931879809051804,0.00033663743053869566,0.004545523481575959,8.01778167688746,1.1920376558669297,0.102749041454602,0.04536640438082737,1.5189326141910773,-0.1716603316334276,8.084712615858567,8.084065451929778,0.10229296133194256,1.5291077049525184,-0.250939257748292,PREPARATION,False,TAKEOFF,0,False,inf,0.05850076675415039,0.0,True,True,TRACKING,0,0.05850076675415039,0.14728159078599865,0.0,3,0,0.05850076675415039,0.013286590576171875,inf,HOLD,,,0,,0.0,0.0,False,,0.0,0.0,0.0,False,0.0,0.016459772363305092,-0.23045608012265945,UNRECOVERABLE,-0.20106749506195035,0.9993883967399597,19.888856887817383,15.75192928314209,,,0.007553767878562212,0.0033343180548399687,,20.040667893372643,0.0005311519998940639,0.0,0.3876463589581566,0.9398721530064257,,0.5234109402906985,0.940940015079563,,0.3876463589581566,0.9398721530064257,
1.612004280090332,1.612004280090332,,False,PERIODIC,True,True,1,TAKEOFF,0.01952284824455702,0.00990858768304056,0.0005823146172647675,0.013106933592635402,0.0008196792418729685,0.004560025859293968,8.020207690421287,1.2706590042259756,0.09383722891064762,0.0499654499157558,1.5689281060305447,-0.1838205867577247,8.099947285982147,8.099410445004603,0.09325491429338285,1.5798132306070702,-0.27831283681648533,PREPARATION,False,TAKEOFF,0,False,inf,0.0606846809387207,0.0,True,True,TRACKING,0,0.0606846809387207,0.15781146006040198,0.0,0,0,0.0606846809387207,0.0184783935546875,inf,HOLD,,,0,,0.0,0.0,False,,0.0,0.0,0.0,False,0.0,0.01646219566464424,-0.23058231461726478,UNRECOVERABLE,-0.2012399540068931,1.0010448694229126,19.92420196533203,15.174636840820312,,,8.183799945982173e-05,0.0033343180548399687,,19.992126754634413,0.0009352830002171686,0.0,0.39391730861094554,0.9739095825950921,,0.47705210616703064,0.9769253353630223,,0.39391730861094554,0.9739095825950921,
1.661761999130249,1.661761999130249,,False,PERIODIC,True,True,1,TAKEOFF,0.018301791468997897,0.010069252175331129,0.0005733922320580491,0.012355224664557437,0.001126420482643019,0.004471070048753562,8.022862766610544,1.3514469997887302,0.08438440945133428,0.05484638572362873,1.6187020491130668,-0.19479946426072728,8.116607354871782,8.116174632581002,0.08381101721927624,1.6303573715450377,-0.30717291939097147,PREPARATION,False,TAKEOFF,0,False,inf,0.05848336219787598,0.0,True,True,TRACKING,0,0.05848336219787598,0.16852172495555218,0.0,0,0,0.05848336219787598,0.017326831817626953,inf,HOLD,,,0,,0.0,0.0,False,,0.0,0.0,0.0,False,0.0,0.016437212005257607,-0.23057339223205806,UNRECOVERABLE,-0.20126429386594405,1.0010448694229126,19.92420196533203,15.174636840820312,,,8.183799945982173e-05,0.0033343180548399687,,20.010208519352897,0.0007026009998298832,0.0,0.39329932901119863,1.0020336981164184,,0.48079700172623463,1.0072268662104613,,0.39329932901119863,1.0020336981164184,
1.7127914428710938,1.7127914428710938,,False,PERIODIC,True,True,1,TAKEOFF,0.016960357438103514,0.010231778096104286,0.00044399465577408024,0.011410280187408398,0.0014647309657521842,0.00440299977231618,8.025780099983407,1.4349517915252106,0.0743852247265603,0.06005220837387252,1.668595122746269,-0.20460692948707568,8.134893243967818,8.134557196630242,0.07394123007078622,1.680885162914163,-0.3379643635413469,PREPARATION,False,TAKEOFF,0,False,inf,0.10876321792602539,0.0,True,True,TRACKING,0,0.06076335906982422,0.17938672377283385,0.0,0,0,0.06076335906982422,0.06760668754577637,inf,HOLD,,,0,,0.0,0.0,False,,0.0,0.0,0.0,False,0.0,0.016426825895905495,-0.2304439946557741,UNRECOVERABLE,-0.2011621255684825,1.0004969835281372,19.90595245361328,14.028166770935059,,,2.2324999008560553e-05,0.0025020409375429153,,19.9772571679253,0.0006221809999260586,0.0,0.38741546612429073,1.0311440469629989,,0.47980630230993065,1.0383310891740747,,0.38741546612429073,1.0311440469629989,
1.7616016864776611,1.7616016864776611,,False,PERIODIC,True,True,1,TAKEOFF,0.015256108188354931,0.010329973662121107,0.00021782957177944885,0.01017927918897993,0.0018385806452482273,0.0043646529099286855,8.028972342374352,1.5210499131597204,0.06391458062651909,0.06558638374798566,1.7185252288129973,-0.213159587210329,8.15511985771802,8.154871097549723,0.06369675105473964,1.731300028958854,-0.37076021296207157,PREPARATION,False,TAKEOFF,0,False,inf,0.05847930908203125,0.0,True,True,TRACKING,0,0.05847930908203125,0.19062604675960276,0.0,0,0,0.05847930908203125,0.013305425643920898,inf,HOLD,,,0,,0.0,0.0,False,,0.0,0.0,0.0,False,0.0,0.01642518863081932,-0.23021782957177947,UNRECOVERABLE,-0.20094544094036496,1.0004969835281372,19.90595245361328,14.028166770935059,,,5.688600140274502e-05,0.0025020409375429153,,19.998111903115838,0.000846863000333542,0.0,0.3883715414653588,1.054235445532956,,0.48279648692080007,1.06358825389226,,0.3883715414653588,1.054235445532956,
1.8116261959075928,1.8116261959075928,,False,PERIODIC,True,True,1,TAKEOFF,0.01354359821369559,0.010121519117542896,-1.5136325590791089e-05,0.009086349289681252,0.001870975856264528,0.004196023749641196,8.032443031609716,1.6094046077282462,0.05307851609228977,0.07143708253591975,1.7682976584980374,-0.22037478168129898,8.176996603665815,8.176824231964096,0.05309365241788056,1.7817359191914675,-0.40517043807352787,PREPARATION,False,TAKEOFF,0,False,inf,0.06051325798034668,0.0,True,True,TRACKING,0,0.06051325798034668,0.20238905695628703,0.0,0,0,0.06051325798034668,0.010354280471801758,inf,HOLD,,,0,,0.0,0.0,False,,0.0,0.0,0.0,False,0.0,0.016419237479567528,-0.2299848636744092,UNRECOVERABLE,-0.20076840934123485,0.9995781779289246,20.031770706176758,12.685729026794434,,,0.010764703154563904,0.0025020409375429153,,20.00895248224493,0.0006991319996814127,0.0,0.4015149658248723,1.0750935966445407,,0.49930287582494265,1.0865326556358557,,0.4015149658248723,1.0750935966445407,
1.8617534637451172,1.8617534637451172,,False,PERIODIC,True,True,1,TAKEOFF,0.012028406574278155,0.009653453345247476,-0.0003046020246576686,0.008172698798017072,0.001426523229398418,0.0041531013803354985,8.036211686523473,1.7001127133184917,0.04193175434391047,0.07762008569112752,1.8179764759671309,-0.2262259101729581,8.200423996943378,8.200315226858386,0.04223635636856814,1.832416753716799,-0.44123717028170867,PREPARATION,False,TAKEOFF,0,False,inf,0.05849504470825195,0.0,True,True,TRACKING,0,0.05849504470825195,0.214251511606897,0.0,0,0,0.05849504470825195,0.019617557525634766,inf,HOLD,,,0,,0.0,0.0,False,,0.0,0.0,0.0,False,0.0,0.01636781357228756,-0.22969539797534233,UNRECOVERABLE,-0.2003797376873708,0.9995781779289246,20.031770706176758,12.685729026794434,,,0.010764703154563904,0.0025020409375429153,,20.1250752242839,0.0006404730002032011,0.0,0.39350503201454406,1.0862617767242906,,0.4918369876147936,1.0998205964554064,,0.39350503201454406,1.0862617767242906,
1.9117896556854248,1.9117896556854248,,False,PERIODIC,True,True,1,TAKEOFF,0.010653931307896991,0.009092037328581317,-0.000693723029696028,0.007353808837103944,0.0012031511986902268,0.003950545219619375,8.040318232993656,1.7936937844159573,0.030479439067514068,0.0841819837420255,1.867838063637018,-0.23070396289534,8.225647935543382,8.225588866061443,0.031173162097210095,1.8828943685112924,-0.4790855975324227,PREPARATION,False,TAKEOFF,0,False,inf,0.10841727256774902,0.0,True,True,TRACKING,0,0.06038546562194824,0.22654698757782746,0.0,0,0,0.06038546562194824,0.06953978538513184,inf,HOLD,,,0,,0.0,0.0,False,,0.0,0.0,0.0,False,0.0,0.01632065325975418,-0.22930627697030398,UNRECOVERABLE,-0.20003961540518936,0.9994046092033386,19.875293731689453,13.164923667907715,,,2.1788000594824553e-05,0.0035909588914364576,,19.941793980760313,0.0006961319995753001,0.0,0.4020287269542495,0.9477689316428242,,0.5029335700094949,1.1165169442618117,,0.4020287269542495,0.9477689316428242,
1.9615669250488281,1.9615669250488281,,False,PERIODIC,True,True,1,TAKEOFF,0.00927106758547879,0.008495042900598571,-0.0013066444610693529,0.006502849715717594,0.0008106275731471063,0.0036217218962682645,8.044750359200606,1.8894509048879384,0.01887721543527716,0.09108473211143688,1.917507490325674,-0.23374616187978822,8.252716509666401,8.252691827562694,0.020183859896346513,1.9331902313955822,-0.5186276735618442,PREPARATION,False,TAKEOFF,0,False,inf,0.0585322380065918,0.0,True,True,TRACKING,0,0.0585322380065918,0.23871638384518565,0.0,0,0,0.0585322380065918,0.01837468147277832,inf,HOLD,,,0,,0.0,0.0,False,,0.0,0.0,0.0,False,0.0,0.01626017689704895,-0.22869335553893066,UNRECOVERABLE,-0.1994069926020153,0.9994046092033386,19.875293731689453,13.164923667907715,,,2.0493000192800537e-05,0.0035909588914364576,,20.025071866519248,0.0006522909998238902,0.0,0.3943614698594256,0.9205067451793751,,0.4951667310462174,1.125375266488256,,0.3943614698594256,0.9205067451793751,
2.011871099472046,2.011871099472046,,False,PERIODIC,True,True,1,TAKEOFF,0.008246297602622304,0.008043310558882553,-0.0019836510284003007,0.005753844401600716,0.0005269939982093466,0.003181419998514279,8.049572565187376,1.9883486106003199,0.007080197782817197,0.0984097966336773,1.9674799351714303,-0.2353568267786242,8.281583144331524,8.28157818432699,0.009063848811217499,1.9835295544683795,-0.5600477494981663,PREPARATION,False,TAKEOFF,0,False,inf,0.060637474060058594,0.0,True,True,TRACKING,0,0.060637474060058594,0.2515510367850773,0.0,0,0,0.060637474060058594,0.01416158676147461,inf,HOLD,,,0,,0.0,0.0,False,,0.0,0.0,0.0,False,0.0,0.016223471611738205,-0.2280163489715997,UNRECOVERABLE,-0.19884695016634288,0.9998970031738281,19.952804565429688,12.414015769958496,,,0.00855232309550047,0.0035909588914364576,,20.083957083941964,0.0014096739996602992,0.0,0.4054812904551796,0.9031602617578023,,0.5079392939797747,1.139701943527816,,0.4054812904551796,0.9031602617578023,
2.0618863105773926,2.0618863105773926,,False,PERIODIC,True,True,1,TAKEOFF,0.007596434702541573,0.007693079866070385,-0.0026169417945968035,0.00541469582856078,0.0004401571047366896,0.002907238359296875,8.054724547485712,2.0887810563916487,-0.004648168648189451,0.10604813045377362,2.0169445918428606,-0.23550629586336075,8.311871158497771,8.311870910305606,-0.0020312268535926476,2.033041621999787,-0.6023694846925858,PREPARATION,False,TAKEOFF,0,False,inf,0.0584871768951416,0.0,True,True,TRACKING,0,0.0584871768951416,0.2648491398713897,0.0,0,0,0.0584871768951416,0.009502649307250977,inf,HOLD,,,0,,0.0,0.0,False,,0.0,0.0,0.0,False,0.0,0.01617623306810856,-0.2273830582054032,UNRECOVERABLE,-0.1979212319408123,0.9998970031738281,19.952804565429688,12.414015769958496,,,2.677899828995578e-05,0.0035909588914364576,,20.030256097039892,0.0006668299993179971,0.0,0.3968287373698111,0.9031602617578023,,0.4985146345819018,1.2310988086215808,,0.3968287373698111,0.9031602617578023,
2.112809419631958,2.112809419631958,,False,PERIODIC,True,True,1,TAKEOFF,0.007267930417688279,0.0072578963517968545,-0.003231713855988713,0.0051863057938603555,0.0001473615807508196,0.0028184352797968456,8.06029460580266,2.192125265181593,-0.016397924599905397,0.1141138927047907,2.0665861190127144,-0.23420730242515803,8.344163073846563,8.34415268639298,-0.013166210743916685,2.0828383417206853,-0.646585170608914,PREPARATION,False,TAKEOFF,0,False,inf,0.060524702072143555,0.0,True,True,TRACKING,0,0.060524702072143555,0.2779702016484638,0.0,0,0,0.060524702072143555,0.025486230850219727,inf,HOLD,,,0,,0.0,0.0,False,,0.0,0.0,0.0,False,0.0,0.016158513724803925,-0.2267682861440113,UNRECOVERABLE,-0.19739785670230514,0.9993227124214172,20.00304412841797,10.609617233276367,,,1.7513999409857206e-05,0.0035909588914364576,,20.031620549385554,0.0006512360005217488,0.0,0.4001561944517147,0.875746885543608,2.0798679014410344,0.5029709166367671,1.1609198254553765,2.0798084754982717,0.4001561944517147,0.875746885543608,2.0798679014410344
2.1620664596557617,2.1620664596557617,,False,PERIODIC,True,True,1,TAKEOFF,0.007205508133813477,0.006715187837789257,-0.0036484895300141615,0.005213547214718833,-0.00022433374459803555,0.0026907757475806383,8.06627339252357,2.297811934296897,-0.028031725450468555,0.12257495405495894,2.116126872775207,-0.23146856409246275,8.378442218517225,8.378406737968616,-0.024383235920454393,2.1324977668423664,-0.692288413466927,PREPARATION,False,TAKEOFF,0,False,inf,0.058496713638305664,0.0,True,True,TRACKING,0,0.058496713638305664,0.29134400045474707,0.0,0,0,0.058496713638305664,0.013273000717163086,inf,HOLD,,,0,,0.0,0.0,False,,0.0,0.0,0.0,False,0.0,0.016128236427903175,-0.22635151046998586,UNRECOVERABLE,-0.19686207689699253,0.9993227124214172,20.00304412841797,10.609617233276367,,,1.636600063648075e-05,0.0035909588914364576,,20.02454352772379,0.0006504769999082782,0.0,0.399833689464879,0.8627922666203592,2.0798679014410344,0.5016103182202547,1.1637407215756466,2.1858963368260302,0.399833689464879,0.8627922666203592,2.0798679014410344
2.2117295265197754,2.2117295265197754,,False,PERIODIC,True,True,1,TAKEOFF,0.007267187016934313,0.0062361228845782424,-0.004046212366140377,0.005384578601368547,-0.0004881323418143605,0.002558592014409981,8.07270737645279,2.4062827601010497,-0.03952547357564317,0.13147862390945442,2.1657686732220367,-0.22729231214356235,8.415034645689651,8.414959851964904,-0.035479261209502795,2.182063173708794,-0.7396613970773438,PREPARATION,False,TAKEOFF,0,False,inf,0.0605776309967041,0.0,True,True,TRACKING,0,0.0605776309967041,0.3049102219576296,0.0,0,0,0.0605776309967041,0.015304088592529297,inf,HOLD,,,0,,0.0,0.0,False,,0.0,0.0,0.0,False,0.0,0.01611628755927086,-0.22595378763385962,UNRECOVERABLE,-0.19653961806675724,1.0008670091629028,19.937421798706055,11.261844635009766,,,3.874300091410987e-05,0.00221626996062696,,19.980387614391375,0.0008413260002271272,0.0,0.38038930592416803,0.8425131451108941,2.2993339184862425,0.4826123847323342,1.1611215798751624,2.2996120606579167,0.38038930592416803,0.8425131451108941,2.2993339184862425
2.2618865966796875,2.2618865966796875,,False,PERIODIC,True,True,1,TAKEOFF,0.007425405342315209,0.005959764962327295,-0.004598996711847995,0.005529022692480552,-0.0005108125658588255,0.0022126033402840046,8.079578295960367,2.5168731633544947,-0.05073857879402046,0.14078185393678774,2.2152057478581604,-0.22173055501805397,8.453784196723582,8.453658284064874,-0.04613958208217246,2.2311081871286196,-0.7884737083330414,PREPARATION,False,TAKEOFF,0,False,inf,0.11123394966125488,0.0,True,True,TRACKING,0,0.05924057960510254,0.31890280171328095,0.0,0,0,0.11123394966125488,0.06596040725708008,inf,HOLD,,,0,,0.0,0.0,False,,0.0,0.0,0.0,False,0.0,0.016109367832541466,-0.22540100328815202,UNRECOVERABLE,-0.19615622036138547,1.0008670091629028,19.937421798706055,11.261844635009766,,,2.0136998500674963e-05,0.00221626996062696,,19.99620007898938,0.0009908720003295457,0.0,0.39629923803098166,0.8351684892034168,2.406876034572276,0.4970854344404348,1.161641241153011,2.4077082966154726,0.39629923803098166,0.8351684892034168,2.406876034572276
2.3116798400878906,2.3116798400878906,,False,PERIODIC,True,True,1,TAKEOFF,0.007587936657139541,0.00578398661761541,-0.005204330805036878,0.005683906278098758,-0.0004472837041621961,0.0018625632890321838,8.086999964039201,2.6310108264380156,-0.06174197551163133,0.1506190865668009,2.2650667220648977,-0.21473382417267228,8.495405297805885,8.495217164306002,-0.056537644706594455,2.2804547598850875,-0.8393625509768197,PREPARATION,False,TAKEOFF,0,False,inf,0.06037163734436035,0.0,True,True,TRACKING,0,0.06037163734436035,0.33319181824904875,0.0,0,0,0.06037163734436035,0.008646965026855469,inf,HOLD,,,0,,0.0,0.0,False,,0.0,0.0,0.0,False,0.0,0.01611884869635105,-0.22479566919496313,UNRECOVERABLE,-0.19530159503715716,0.9994373321533203,19.919952392578125,8.390082359313965,,,1.587999940966256e-05,0.00221626996062696,,20.007179226337687,0.0007914429997981642,0.0,0.391965432975037,0.8382746312347403,2.5096203992077384,0.4937501139690697,1.1767499162685997,2.511491619028406,0.391965432975037,0.8382746312347403,2.5096203992077384
2.3615548610687256,2.3615548610687256,,False,PERIODIC,True,True,1,TAKEOFF,0.007607420501010486,0.005697210207271087,-0.0059256305599737595,0.005567061872192361,-0.00033910047791174073,0.0015206031794056608,8.094806027024163,2.7458380161673808,-0.07219789962030324,0.1607537610310118,2.314107692501368,-0.2065311258471508,8.539059957131355,8.53880278129421,-0.06627226906032947,2.328955214485419,-0.8912835670702397,PREPARATION,False,TAKEOFF,0,False,inf,0.05849599838256836,0.0,True,True,TRACKING,0,0.05849623680114746,0.3469687429359301,0.0,0,0,0.05849623680114746,0.018738269805908203,inf,HOLD,,,0,,0.0,0.0,False,,0.0,0.0,0.0,False,0.0,0.016135551035404205,-0.22407436944002626,UNRECOVERABLE,-0.1944929053888787,0.9994373321533203,19.919952392578125,8.390082359313965,,,2.7689999114954844e-05,0.00221626996062696,,20.021565224906585,0.0009465789999012486,0.0,0.4042847250381642,0.8242435875276122,2.60510970269322,0.5049644925343971,1.165370555424525,2.6085986966552364,0.4042847250381642,0.8242435875276122,2.60510970269322
2.4115540981292725,2.4115540981292725,,False,PERIODIC,True,True,1,TAKEOFF,0.0074860441214056215,0.005630127331784963,-0.00675327380512403,0.005442738079034679,-7.246088679983098e-05,0.0010757118590463128,8.103199869948526,2.864061516319839,-0.08229435036440885,0.1714342344953321,2.3634908062763027,-0.1969933907248131,8.585855741246082,8.585523417663047,-0.07554107655928483,2.377649230682191,-0.9451434642075539,PREPARATION,False,TAKEOFF,0,False,inf,0.0605463981628418,0.0,True,True,TRACKING,0,0.0605463981628418,0.36145036774978867,0.0,0,0,0.0605463981628418,0.02083134651184082,inf,HOLD,,,0,,0.0,0.0,False,,0.0,0.0,0.0,False,0.0,0.016154341399669647,-0.22324672619487598,UNRECOVERABLE,-0.19381905719772863,0.9983980655670166,19.962343215942383,8.890985488891602,,,2.6267000066582114e-05,0.002027312060818076,,19.999893590589796,0.0006285399995249463,0.0,0.3857411576988652,0.8228183897774455,2.60510970269322,0.4864578363615189,1.1729551718740256,2.727326773663771,0.3857411576988652,0.8228183897774455,2.60510970269322
2.4617605209350586,2.4617605209350586,,False,PERIODIC,True,True,1,TAKEOFF,0.0073568640119516466,0.00537010571479804,-0.007792712873510113,0.0051644695518757895,-8.102483547671994e-05,0.0006925280181060634,8.11225088694654,2.98616995287387,-0.09199239955877175,0.18272546809860005,2.4133952164873316,-0.18610720650986615,8.636061859381408,8.635651385496312,-0.08419968668526163,2.427197893962151,-1.001490182334611,PREPARATION,False,TAKEOFF,0,False,inf,0.05838203430175781,0.0,True,True,TRACKING,0,0.05838203430175781,0.37601601393937345,0.0,0,0,0.05838203430175781,0.010206937789916992,inf,HOLD,,,0,,0.0,0.0,False,,0.0,0.0,0.0,False,0.0,0.016166742891073227,-0.2222072871264899,UNRECOVERABLE,-0.1925083735005676,0.9983980655670166,19.962343215942383,8.890985488891602,,,3.883799945469946e-05,0.002027312060818076,,20.052553680715302,0.0007136669992178213,0.0,0.40839346690283584,0.810684483093588,2.7763684892440983,0.5083365190779597,1.1627316435495507,2.7847654934748634,0.40839346690283584,0.810684483093588,2.7763684892440983
2.5115652084350586,2.5115652084350586,,False,PERIODIC,True,True,1,TAKEOFF,0.0073568640119516466,0.00537010571479804,-0.007792712873510113,0.0051644695518757895,-8.102483547671994e-05,0.0006925280181060634,8.11225088694654,2.98616995287387,-0.09199239955877175,0.18272546809860005,2.4133952164873316,-0.18610720650986615,8.636061859381408,8.635651385496312,-0.08419968668526163,2.427197893962151,-1.001490182334611,PREPARATION,False,TAKEOFF,0,False,inf,0.06045365333557129,0.0,True,True,TRACKING,0,0.06045365333557129,0.39029137097732397,0.0,0,0,0.06045365333557129,0.019356250762939453,inf,HOLD,,,0,,0.0,0.0,False,,0.0,0.0,0.0,False,0.0,0.0161601472645998,-0.2222072871264899,UNRECOVERABLE,-0.19157963507521192,0.9994310736656189,19.84406280517578,9.428088188171387,,,0.013966438360512257,0.002027312060818076,,19.99285902802099,0.0005285840006763465,0.0,0.40839346690283584,0.810684483093588,2.7763684892440983,0.5083365190779597,1.1627316435495507,2.7847654934748634,0.40839346690283584,0.810684483093588,2.7763684892440983
2.561601161956787,2.561601161956787,,False,PERIODIC,True,True,1,TAKEOFF,0.007129433801535676,0.004478217829521247,-0.009768400489098134,0.00472683974758345,-0.0006733429182583436,-0.00017125943707740557,8.132371530181615,3.240731870574483,-0.10976570276184933,0.2071010130860152,2.5140965648648126,-0.16058648496143943,8.746593410588712,8.746021771622344,-0.09999730227275119,2.5279944698724557,-1.1203005652736744,PREPARATION,False,TAKEOFF,0,False,inf,0.05879497528076172,0.0,True,True,TRACKING,0,0.05879497528076172,0.40542214051367487,0.0,0,0,0.05879497528076172,0.008079767227172852,inf,HOLD,,,0,,0.0,0.0,False,,0.0,0.0,0.0,False,0.0,0.016142800450325012,-0.22023159951090188,UNRECOVERABLE,-0.19039782583713533,0.9994310736656189,19.84406280517578,9.428088188171387,,,3.165800080751069e-05,0.002027312060818076,,20.033881619467802,0.0006448830008594086,0.0,0.40481533098473904,0.8069539962514668,2.9220767654509,0.5057105242722392,1.1646674876771244,2.9371855689678696,0.40481533098473904,0.8069539962514668,2.9220767654509
2.6116816997528076,2.6116816997528076,,False,PERIODIC,True,True,1,TAKEOFF,0.007057854387215882,0.004080615321229904,-0.010437200970382945,0.004573878160643934,-0.0008656199720854365,-0.0005538413151130599,8.142456509437181,3.360854104446271,-0.11699462527334831,0.2189924570997783,2.560176476066747,-0.1474563468933512,8.801363190924208,8.800718126032754,-0.10655742430296536,2.574197407119823,-1.1767350306067825,PREPARATION,False,TAKEOFF,0,False,inf,0.060437917709350586,0.0,True,True,TRACKING,0,0.060437917709350586,0.40542214051367487,0.0,0,0,0.060437917709350586,0.016739368438720703,inf,HOLD,,,0,,0.0,0.0,False,,0.0,0.0,0.0,False,0.0,0.016126517206430435,-0.21956279902961706,UNRECOVERABLE,-0.18966962099075318,0.9991487264633179,20.082143783569336,11.970707893371582,,,3.165800080751069e-05,0.002027312060818076,,19.98505755889304,0.0006767619997845031,0.0,0.42239741001757664,0.7972865777888232,2.972539394208175,0.5249921036396002,1.1577874470986285,2.991274239188751,0.42239741001757664,0.7972865777888232,2.972539394208175
2.6617209911346436,2.6617209911346436,,False,PERIODIC,True,True,1,TAKEOFF,0.007047451813340953,0.003478288744805514,-0.01135578238058994,0.004341827283267956,-0.0013282111733393814,-0.0010399470535288598,8.153874583105726,3.491696392335985,-0.12401759548410742,0.23222259717920393,2.609351098393049,-0.13254055124923927,8.862908694639403,8.86219260935932,-0.11266181310351747,2.6239032969204934,-1.2386384136306337,PREPARATION,False,TAKEOFF,0,False,inf,0.11049628257751465,0.0,True,True,TRACKING,0,0.11049628257751465,0.40542214051367487,0.0,0,0,0.11049628257751465,0.06679773330688477,inf,HOLD,,,0,,0.0,0.0,False,,0.0,0.0,0.0,False,0.0,0.016096577048301697,-0.21864421761941008,UNRECOVERABLE,-0.188964319229126,0.9991487264633179,20.082143783569336,11.970707893371582,,,0.007253143936395645,0.002027312060818076,,19.998016554144257,0.0007410990001517348,0.0,0.4092604633965172,0.7959554997320277,3.0209157445883665,0.5110852807692731,1.1537674974179828,3.0432029154260305,0.4092604633965172,0.7959554997320277,3.0209157445883665
2.7116143703460693,2.7116143703460693,,False,PERIODIC,True,True,1,TAKEOFF,0.007174612868074563,0.0028729829134962652,-0.012204561350640112,0.00419514847787474,-0.0016943241779876356,-0.001276927677583009,8.166051199387226,3.625836224197765,-0.13030834779908645,0.2460874958677856,2.658752358523638,-0.11670218062826307,8.927882072816647,8.927100862079884,-0.11810378644844634,2.673913134012138,-1.3022016208329872,PREPARATION,False,TAKEOFF,0,False,inf,0.0933980941772461,0.0,True,True,TRACKING,0,0.04538583755493164,0.46383199748961107,0.0,0,0,0.04538583755493164,0.033666133880615234,inf,HOLD,,,0,,0.0,0.0,False,,0.0,0.0,0.0,False,0.0,0.016068285331130028,-0.2177954386493599,UNRECOVERABLE,-0.1878661334514618,1.0001007318496704,19.62800407409668,11.524593353271484,,,2.4614999347249977e-05,0.004465710837393999,,20.026455743122263,0.0006131290001576417,0.0,0.4159303249522325,0.7701727389377958,3.067388040537553,0.5197379158051089,1.132491878063972,3.092761476427838,0.4159303249522325,0.7701727389377958,3.067388040537553
2.761598587036133,2.761598587036133,,False,PERIODIC,True,True,1,TAKEOFF,0.007485585480334506,0.0022947316069404098,-0.012957274539967301,0.004271351051495889,-0.0020813001848309994,-0.0015721700117778225,8.17869044499735,3.759807727851859,-0.1356835999553317,0.2602376485583728,2.707117314467525,-0.10045682425326487,8.994584733276678,8.993747426581644,-0.12272632541536439,2.7230596860770575,-1.3656592463725592,PREPARATION,False,TAKEOFF,0,False,inf,0.0953984260559082,0.0,True,True,TRACKING,0,0.0953984260559082,0.47860793645344946,0.0,0,0,0.0953984260559082,0.05240511894226074,inf,HOLD,,,0,,0.0,0.0,False,,0.0,0.0,0.0,False,0.0,0.016030730679631233,-0.2170427254600327,UNRECOVERABLE,-0.18723259568214418,1.0001007318496704,19.62800407409668,11.524593353271484,,,2.7722000595531426e-05,0.004465710837393999,,20.032053587879783,0.0005367309995563119,0.0,0.3948984347837454,0.7895562315865562,3.1012117386444316,0.49867748296505576,1.1444478278725114,3.1295836106236297,0.3948984347837454,0.7895562315865562,3.1012117386444316
2.811680316925049,2.811680316925049,,False,PERIODIC,True,True,1,TAKEOFF,0.00797261720137844,0.0017641034101769247,-0.013605075493711738,0.00442688876634584,-0.002464240863476233,-0.001859917781794843,8.192266326027315,3.8983566108985097,-0.14030506600556802,0.27518770481363936,2.7561575498658413,-0.08333349810288387,9.065437086502653,9.064551653652927,-0.1266999905118563,2.7730747462128673,-1.4313191545165547,PREPARATION,False,TAKEOFF,0,False,inf,0.09338784217834473,0.0,True,True,TRACKING,0,0.09338784217834473,0.49348973213823977,0.0,0,0,0.09338784217834473,0.03923988342285156,inf,HOLD,,,0,,0.0,0.0,False,,0.0,0.0,0.0,False,0.0,0.015992771834135056,-0.21639492450628828,UNRECOVERABLE,-0.18646289110183717,0.9990269541740417,19.651418685913086,11.52767276763916,,,2.2886000806465745e-05,0.004465710837393999,,20.013022614789165,0.0004990870002075098,0.0,0.4131384508980493,0.7781025298432415,3.131229606598735,0.5190462384836296,1.1391402728595326,3.1623327834072175,0.4131384508980493,0.7781025298432415,3.131229606598735
2.8616955280303955,2.8616955280303955,,False,PERIODIC,True,True,1,TAKEOFF,0.008483020219508771,0.0013492509629908066,-0.014054066348776591,0.004525430662381983,-0.002549535807411834,-0.0019120832248229293,8.2064492831231,4.037785890286328,-0.14401557579695634,0.29055674974339574,2.804556389172265,-0.0658895029695452,9.138728663491184,9.137804527947472,-0.12996150944817975,2.822366152679064,-1.497352139003397,PREPARATION,False,TAKEOFF,0,False,inf,0.09546065330505371,0.0,True,True,TRACKING,0,0.04346108436584473,0.49348973213823977,0.0,0,0,0.04346108436584473,0.04345870018005371,inf,HOLD,,,0,,0.0,0.0,False,,0.0,0.0,0.0,False,0.0,0.015987932682037354,-0.21594593365122342,UNRECOVERABLE,-0.18607414960861207,0.9990269541740417,19.651418685913086,11.52767276763916,,,0.009727012366056442,0.004465710837393999,,20.008520441930134,0.0007570319994556485,0.0,0.437375210756114,0.793842331374385,3.1466765793379046,0.5425380037644948,1.1497327711279184,3.1800528871652807,0.437375210756114,0.793842331374385,3.1466765793379046
2.911653757095337,2.911653757095337,,False,PERIODIC,True,True,1,TAKEOFF,0.009046027613741493,0.0009996912129785227,-0.014367761405115037,0.004586288519322751,-0.0025161196882664653,-0.0019121857075777421,8.22149646685017,4.180370688870648,-0.1468610429154608,0.30660869222596804,2.8531049197811704,-0.047950061719708725,9.215695232733232,9.214742761085448,-0.13249328151034576,2.8719172236380626,-1.564845963295709,PREPARATION,False,TAKEOFF,0,False,inf,0.09343171119689941,0.0,True,True,TRACKING,0,0.045430660247802734,0.5225845341060056,0.0,0,0,0.045430660247802734,0.055104732513427734,inf,HOLD,,,0,,0.0,0.0,False,,0.0,0.0,0.0,False,0.0,0.015965061262249947,-0.21563223859488498,UNRECOVERABLE,-0.1856514036655426,0.9987094402313232,19.623703002929688,11.437708854675293,,,8.089999937510584e-06,0.0045557827688753605,,19.960754659513785,0.0007513349992223084,0.0,0.44432136044018133,0.7741478671840294,2.69268262954883,0.5520195210689524,1.1308855784700553,3.2004157855012503,0.44432136044018133,0.7741478671840294,2.69268262954883
2.9617605209350586,2.9617605209350586,,False,PERIODIC,True,True,1,TAKEOFF,0.00963073689365565,0.0007005111682362217,-0.01453726563095755,0.004948610859623397,-0.0026803335196858694,-0.0017496414068457872,8.237560407769834,4.327123359142181,-0.14882011070995535,0.3234839369429396,2.902125616576942,-0.029494797424052633,9.297031419267016,9.296061603085231,-0.1342828450789978,2.922350450469997,-1.6340732977555916,PREPARATION,False,TAKEOFF,0,False,inf,0.09541988372802734,0.0,True,True,TRACKING,0,0.04341840744018555,0.5366774955259532,0.0,0,0,0.09541988372802734,0.05544638633728027,inf,HOLD,,,0,,0.0,0.0,False,,0.0,0.0,0.0,False,0.0,0.01597011089324951,-0.21546273436904245,UNRECOVERABLE,-0.18549047112464906,0.9987094402313232,19.623703002929688,11.437708854675293,,,0.006724163889884949,0.0045557827688753605,,20.029108288483105,0.0007528670003011939,0.0,0.4353691806013777,0.7999658419226964,2.5893411104895656,0.5422966577046219,1.1541964846756398,3.210678020382861,0.4353691806013777,0.7999658419226964,2.5893411104895656
3.0117297172546387,3.0117297172546387,,False,PERIODIC,True,True,1,TAKEOFF,0.010177140324240825,0.0004223466927052841,-0.014567862607957978,0.005073188619817469,-0.0029036512936206874,-0.0015057397511448111,8.254125553119415,4.473117905541405,-0.14982875710419505,0.3406277977547588,2.9499766638522993,-0.011255448390350089,9.380084568091743,9.379109285799636,-0.13526089449623707,2.971900756772763,-1.7030708195747668,PREPARATION,False,TAKEOFF,0,False,inf,0.09345602989196777,0.0,True,True,TRACKING,0,0.045467376708984375,0.5512159451910095,0.0,0,0,0.045467376708984375,0.05037808418273926,inf,HOLD,,,0,,0.0,0.0,False,,0.0,0.0,0.0,False,0.0,0.01595344766974449,-0.21543213739204203,UNRECOVERABLE,-0.18542842268943788,0.9970842599868774,19.643321990966797,11.964576721191406,,,2.2767999325878918e-05,0.0045557827688753605,,19.933394081847407,0.0006541400007336051,0.0,0.45324845850249246,0.7893011440744977,2.5129443814379293,0.563192055687327,1.1487554505019233,3.222322723684315,0.45324845850249246,0.7893011440744977,2.5129443814379293
3.0617923736572266,3.0617923736572266,,False,PERIODIC,True,True,1,TAKEOFF,0.01063399745767712,0.00010434174408493735,-0.014550722162289443,0.005270149241560561,-0.0029512208215757437,-0.001307874288501628,8.271756086602046,4.6231194687481585,-0.14992894619883004,0.3586116312058303,2.998225434579622,0.0072514144226573755,9.467667838480645,9.46669990209141,-0.1353782240365406,3.021917401456411,-1.7736494080243668,PREPARATION,False,TAKEOFF,0,False,inf,0.09550833702087402,0.0,True,True,TRACKING,0,0.09550833702087402,0.5654566544669112,0.0,0,0,0.09550833702087402,0.055599212646484375,inf,HOLD,,,0,,0.0,0.0,False,,0.0,0.0,0.0,False,0.0,0.01594388112425804,-0.21544927783771056,UNRECOVERABLE,-0.18545199632644654,0.9970842599868774,19.643321990966797,11.964576721191406,,,5.473000055644661e-05,0.0045557827688753605,,20.017717885328086,0.0004930959994453588,0.0,0.44233148770171443,0.7866006613422347,2.5129443814379293,0.5507539894029462,1.1471230562128232,3.3612872336756157,0.44233148770171443,0.7866006613422347,2.5129443814379293
3.1117262840270996,3.1117262840270996,,False,PERIODIC,True,True,1,TAKEOFF,0.011051488695649054,-0.000247403335895554,-0.014544948812028285,0.005347111114915294,-0.0029245698869769733,-0.0013283796419630049,8.290358017376725,4.775934044814888,-0.14910068628892315,0.37731908378971485,3.0464690684525983,0.025762273658142834,9.559128154178536,9.558181093781432,-0.13455573747689487,3.072116308588866,-1.845407009723446,PREPARATION,False,TAKEOFF,0,False,inf,0.09347391128540039,0.0,True,True,TRACKING,0,0.09347391128540039,0.5794585448775608,0.0,0,0,0.09347391128540039,0.03571319580078125,inf,HOLD,,,0,,0.0,0.0,False,,0.0,0.0,0.0,False,0.0,0.01595499739050865,-0.21545505118797173,UNRECOVERABLE,-0.185454797744751,0.9979668855667114,19.49510383605957,14.21292495727539,,,2.445800055284053e-05,0.004021379165351391,,19.966686017392604,0.000946594000197365,0.0,0.5341622252637986,0.8107253330328489,2.3623212040719315,0.6223006730071183,1.176861233895779,3.238270334626325,0.5341622252637986,0.8107253330328489,2.3623212040719315
3.161684513092041,3.161684513092041,,False,PERIODIC,True,True,1,TAKEOFF,0.011452022519120742,-0.0006673287121952832,-0.014551671025371478,0.0054794004970939,-0.0030355197083356,-0.0013153744240954935,8.309824483689027,4.930412855475711,-0.1473582525676202,0.396627560663371,3.094340047550832,0.04402562418422267,9.6538165963154,9.652903049714823,-0.13280658154224873,3.1223049328997825,-1.917716028218073,PREPARATION,False,TAKEOFF,0,False,inf,0.0954582691192627,0.0,True,True,TRACKING,0,0.04345345497131348,0.5933750944378786,0.0,0,0,0.04345345497131348,0.041599273681640625,inf,HOLD,,,0,,0.0,0.0,False,,0.0,0.0,0.0,False,0.0,0.01595250517129898,-0.21544832897462854,UNRECOVERABLE,-0.18544856905937196,0.9979668855667114,19.49510383605957,14.21292495727539,,,4.5273998694028705e-05,0.004021379165351391,,20.00199187187766,0.0005871299999853363,0.0,0.5341622252637986,0.8018778971974786,2.310197166762312,0.7129153854079268,1.1654169081110377,3.2354432815832723,0.5341622252637986,0.8018778971974786,2.310197166762312
3.211740255355835,3.211740255355835,,False,PERIODIC,True,True,1,TAKEOFF,0.011855274332783224,-0.0011778686038882104,-0.014486041582218851,0.005676761314857136,-0.0032666510192966088,-0.00138658546534794,8.330304222941088,5.087477729246194,-0.14470667812653995,0.4166704035574331,3.1421221125000276,0.06204103255260041,9.752331317091087,9.75146187523356,-0.1302206365443211,3.1727605189117054,-1.990946528987852,PREPARATION,False,TAKEOFF,0,False,inf,0.09346199035644531,0.0,True,True,TRACKING,0,0.09346199035644531,0.6070722344587268,0.0,0,0,0.09346199035644531,0.05412006378173828,inf,HOLD,,,0,,0.0,0.0,False,,0.0,0.0,0.0,False,0.0,0.01595408096909523,-0.21551395841778115,UNRECOVERABLE,-0.18549899458885194,1.0000097751617432,19.628665924072266,14.731801986694336,,,0.007177833002060652,0.004021379165351391,,20.034440670943972,0.0008248489994002739,0.0,0.39851775855341054,0.8048737769904704,2.2507934048145164,0.5233248332494285,1.1758801111653132,3.2264544462200466,0.39851775855341054,0.8048737769904704,2.2507934048145164
3.2617385387420654,3.2617385387420654,,False,PERIODIC,True,True,1,TAKEOFF,0.012215673266253937,-0.0017616425158780862,-0.014267996573911609,0.006146212916001192,-0.0034811721586797215,-0.0013548448477000812,8.351906752941993,5.247637258059974,-0.14114617023925788,0.43753740033223953,3.1899571394839463,0.07975189321877717,9.85508671665261,9.854269943622919,-0.12687817366534626,3.223464736864215,-2.06502598201938,PREPARATION,False,TAKEOFF,0,False,inf,0.0954580307006836,0.0,True,True,TRACKING,0,0.0954580307006836,0.6207448653802569,0.0,0,0,0.0954580307006836,0.03784346580505371,inf,HOLD,,,0,,0.0,0.0,False,,0.0,0.0,0.0,False,0.0,0.01595042087137699,-0.2157320034260884,UNRECOVERABLE,-0.1856204092502594,1.0000097751617432,19.628665924072266,14.731801986694336,,,0.011736034415662289,0.004021379165351391,,19.95344783337527,0.0011959670000578626,0.0,0.39851775855341054,0.7890986126081485,2.21075422611614,0.6401278741363823,1.1608206856089072,3.2220559707445986,0.39851775855341054,0.7890986126081485,2.21075422611614
3.311798334121704,3.311798334121704,,False,PERIODIC,True,True,1,TAKEOFF,0.012631525685104748,-0.002300484766601154,-0.013972548954679111,0.010423761218356909,-0.0034882915050571464,-0.00854535007844539,8.374409591772647,5.408982428945086,-0.136744615125397,0.458999596319478,3.237269906366592,0.096841985181629,9.960742350797082,9.959985702737265,-0.1227720661707179,3.2733530923721306,-2.135846071747739,PREPARATION,False,TAKEOFF,0,False,inf,0.0935211181640625,0.0,True,True,TRACKING,0,0.0935211181640625,0.633745229181364,0.0,0,0,0.0935211181640625,0.04140281677246094,inf,HOLD,,,0,,0.0,0.0,False,,0.0,0.0,0.0,False,0.0,0.01592112146317959,-0.2160274510453209,UNRECOVERABLE,-0.18586332798004152,1.0008206367492676,19.63793182373047,13.081465721130371,,,2.6697000066633336e-05,0.004021379165351391,,20.00183122234091,0.000654700000268349,0.0,0.4916868700695003,0.8050951511582364,2.1847927260915707,0.6159009387160511,1.1832702446964387,3.2308364648907704,0.4916868700695003,0.8050951511582364,2.1847927260915707
3.3617360591888428,3.3617360591888428,,False,PERIODIC,True,True,1,TAKEOFF,0.01311628773608788,-0.002739625459369848,-0.014646537889876972,0.0119231070839122,-0.0036069892697474814,-0.04305630607978293,8.398075750568523,5.573152690787922,-0.13148982227535466,0.48129472755982156,3.2845381371905433,0.11338523898408809,10.07034123894691,10.069663366554455,-0.1168432843854777,3.3251589507562964,-2.2096297914943075,PREPARATION,False,TAKEOFF,0,False,inf,0.09547662734985352,0.0,True,True,TRACKING,0,0.09547662734985352,0.633745229181364,0.0,0,0,0.09547662734985352,0.0458073616027832,inf,HOLD,,,0,,0.0,0.0,False,,0.0,0.0,0.0,False,0.0,0.015877002850174904,-0.21535346211012305,UNRECOVERABLE,-0.1857172966003418,1.0008206367492676,19.63793182373047,13.081465721130371,,,5.639400114887394e-05,0.004021379165351391,,19.999913667750338,0.0012028699993607006,0.0,0.34281948463696593,0.8375808116141037,2.1466395645366987,0.47761958263219684,1.2117037832970834,3.214519910250598,0.34281948463696593,0.8375808116141037,2.1466395645366987
3.411660671234131,3.411660671234131,,False,PERIODIC,True,True,1,TAKEOFF,0.0137505192779368,-0.003178926434647735,-0.01792466065416595,0.016173565460533553,-0.003570917930475043,-0.10731846690876194,8.422922191080524,5.739948075868258,-0.1254150905924488,0.504422637780939,3.331691039980805,0.12925520757222592,10.183772884494047,10.18320558421698,-0.10749042993828284,3.379101446830113,-2.281587986645964,PREPARATION,False,TAKEOFF,0,False,inf,0.09359335899353027,0.0,True,True,TRACKING,0,0.09359335899353027,0.6617678104073611,0.0,0,0,0.09359335899353027,0.0333857536315918,inf,HOLD,,,0,,0.0,0.0,False,,0.0,0.0,0.0,False,0.0,0.015844091773033142,-0.21207533934583406,UNRECOVERABLE,-0.18399490118026735,0.9409590363502502,19.664262771606445,12.862739562988281,,,3.07769987557549e-05,0.00279858591966331,,19.925843210187082,0.0007597140001962543,0.0,0.3377162602837881,0.8422548428823781,2.1214053042215144,0.47074181098405266,1.2251059383714942,3.217297390382914,0.3377162602837881,0.8422548428823781,2.1214053042215144
3.4617862701416016,3.4617862701416016,,False,PERIODIC,True,True,1,TAKEOFF,0.014559365605150755,-0.0036269529072363326,-0.02493978833439935,0.0229209816420222,-0.003509439023305748,-0.18987474083306247,8.449131097520393,5.910239290615276,-0.11851691517344962,0.5285355140118877,3.3789569886332336,0.14442565352173856,10.301678063585864,10.301253042571995,-0.09357712683905027,3.436347180253032,-2.352705360071914,PREPARATION,False,TAKEOFF,0,False,inf,0.09539318084716797,0.0,True,True,TRACKING,0,0.09539294242858887,0.6617678104073611,0.0,0,0,0.09539294242858887,0.0469970703125,inf,HOLD,,,0,,0.0,0.0,False,,0.0,0.0,0.0,False,0.0,0.015821656212210655,-0.20506021166560065,UNRECOVERABLE,-0.1779590368270874,0.9409590363502502,19.664262771606445,12.862739562988281,,,3.4983000659849495e-05,0.00279858591966331,,20.001479810475832,0.0005370609997044085,0.0,0.33476367455888456,0.841478145255888,2.0900671491703613,0.45976846220865597,1.2193829689634113,3.2018901419093133,0.33476367455888456,0.841478145255888,2.0900671491703613
3.5118050575256348,3.5118050575256348,,False,PERIODIC,True,True,1,TAKEOFF,0.015646862172669126,-0.004064700033912172,-0.03632052421841771,0.031345925819676324,-0.0033105449362690917,-0.2702554285018991,8.476174760826744,6.0803810423581925,-0.11099285771242016,0.5531368235469049,3.4253218848175417,0.1584916021592063,10.421448472904656,10.421180946323567,-0.07467233349400246,3.4945114244499504,-2.422306166105716,PREPARATION,False,TAKEOFF,0,False,inf,0.09344959259033203,0.0,True,True,TRACKING,0,0.09344959259033203,0.6891120270323823,0.0,0,0,0.09344959259033203,0.04616951942443848,inf,HOLD,,,0,,0.0,0.0,False,,0.0,0.0,0.0,False,0.0,0.01579969748854637,-0.1936794757815823,UNRECOVERABLE,-0.164749813079834,0.9998587965965271,19.6215877532959,10.298646926879883,,,1.6383000911446288e-05,0.00279858591966331,,20.000686669082725,0.0006398349996743491,0.0,0.34403269344274495,0.8545057477112944,2.096856329448964,0.46711371775462507,1.2439084494494346,3.2065236059290454,0.34403269344274495,0.8545057477112944,2.096856329448964
3.561816930770874,3.561816930770874,,False,PERIODIC,True,True,1,TAKEOFF,0.016954625015891914,-0.004412321684061907,-0.050454166971313275,0.03991897420091276,-0.003156053995804,-0.3340699141121,8.50460839569525,6.253665468586721,-0.10275268231320984,0.5787218852947182,3.471683434758493,0.1716549543132502,10.545451118596821,10.545321434646171,-0.05229851534189657,3.5525449599059575,-2.4932588880119777,PREPARATION,False,TAKEOFF,0,False,inf,0.09543514251708984,0.0,True,True,TRACKING,0,0.09543538093566895,0.6891120270323823,0.0,0,0,0.09543538093566895,0.03858160972595215,inf,HOLD,,,0,,0.0,0.0,False,,0.0,0.0,0.0,False,0.0,0.015795940533280373,-0.17954583302868674,UNRECOVERABLE,-0.16046197414398194,0.9998587965965271,19.6215877532959,10.298646926879883,,,2.7755999326473102e-05,0.00279858591966331,,20.038465755078025,0.0004973189998054295,0.0,0.34403269344274495,0.8540461584284573,2.052694663747923,0.5755097358700796,1.2357484641021224,3.1906480006930704,0.34403269344274495,0.8540461584284573,2.052694663747923
3.6117641925811768,3.6117641925811768,,False,PERIODIC,True,True,1,TAKEOFF,0.018694339993362296,-0.0045525751967720384,-0.06859491020628818,0.04888671176657553,-0.002638433362215451,-0.3911808114246655,8.534528122585115,6.430308683832374,-0.09382699176698063,0.6053599794125146,3.5180765965469942,0.1838334799558894,10.673682639727726,10.673652815961606,-0.025232081560692454,3.6105038782315466,-2.5651538197666213,PREPARATION,False,TAKEOFF,0,False,inf,0.0453944206237793,0.0,True,True,TRACKING,0,0.0453944206237793,0.7131799184187655,0.0,0,0,0.0453944206237793,0.008372306823730469,inf,HOLD,,,0,,0.0,0.0,False,,0.0,0.0,0.0,False,0.0,0.015773307532072067,-0.16140508979371182,UNRECOVERABLE,-0.1338931441307068,0.9999422430992126,20.108755111694336,10.045681953430176,,,2.7755999326473102e-05,0.004571880213916302,,19.978784703245573,0.0005851269997947384,0.0,0.4587294697801588,1.0254046431253143,2.0571809074545073,0.5789525118587714,1.3336304138968922,3.1906554485718672,0.4587294697801588,1.0254046431253143,2.0571809074545073
3.66172456741333,3.66172456741333,,False,PERIODIC,True,True,1,TAKEOFF,0.020865871685532972,-0.004486386543758138,-0.09004934999815334,0.05729982658282223,-0.0018714172118410276,-0.441344218410685,8.565620605998603,6.608180299542204,-0.0843778274481896,0.6327592553806947,3.5639288180157704,0.19480649899208438,10.80463911183547,10.804637623300318,0.0056715225499637395,3.667529496404047,-2.6377758434589857,PREPARATION,False,TAKEOFF,0,False,inf,0.09546756744384766,0.0,True,True,TRACKING,0,0.09546756744384766,0.7242051737044672,0.0,0,0,0.09546756744384766,0.05844545364379883,inf,HOLD,,,0,,0.0,0.0,False,,0.0,0.0,0.0,False,0.0,0.015792256221175194,-0.13995065000184667,UNRECOVERABLE,-0.11783276200294496,0.9999422430992126,20.108755111694336,10.045681953430176,,,3.881399970850907e-05,0.004571880213916302,,19.99983335935002,0.000611565999861341,0.0,0.36578405815424964,1.0254046431253143,2.059095237642622,0.4732724485290312,1.4507472003563204,3.1860827433937624,0.36578405815424964,1.0254046431253143,2.059095237642622
3.711862564086914,3.711862564086914,,False,PERIODIC,True,True,1,TAKEOFF,0.023489796179048717,-0.004190287306357364,-0.11399321169602217,0.06479898983506589,-0.000945573529544396,-0.4849573006759569,8.598354074910624,6.789663512315244,-0.07433562814149272,0.6613196098115505,3.6098411123316043,0.20465139935804902,10.940124294231442,10.940052415290323,0.039657583554529446,3.7241344632024043,-2.712363005913194,PREPARATION,False,TAKEOFF,0,False,inf,0.0934147834777832,0.0,True,True,TRACKING,0,0.045408010482788086,0.7347605528957394,0.0,0,0,0.045408010482788086,0.03652834892272949,inf,HOLD,,,0,,0.0,0.0,False,,0.0,0.0,0.0,False,0.0,0.015837233513593674,-0.11600678830397784,UNRECOVERABLE,-0.08902810215950013,1.0005115270614624,20.0166015625,9.541621208190918,,,1.4652000572823454e-05,0.004571880213916302,,19.998533456833467,0.0005324429994288948,0.0,0.36578405815424964,0.7573664081102947,2.014014360901101,0.5881192992422624,1.1975224734065306,3.165354176956132,0.36578405815424964,0.7573664081102947,2.014014360901101
3.7617716789245605,3.7617716789245605,,False,PERIODIC,True,True,1,TAKEOFF,0.026265877297482296,-0.0037496024411924457,-0.1363834471879652,0.07061393025951783,-3.2706147319429464e-05,-0.5186703842627355,8.63222013103217,6.971676207672976,-0.06393300405999128,0.6905863553636532,3.6550216445604704,0.2131459545104495,11.078098343871591,11.077861429435785,0.07245044312797391,3.7788018297090993,-2.787846275027682,PREPARATION,False,TAKEOFF,0,False,inf,0.09550213813781738,0.0,True,True,TRACKING,0,0.09550213813781738,0.744865743109439,0.0,0,0,0.09550213813781738,0.05236935615539551,inf,HOLD,,,0,,0.0,0.0,False,,0.0,0.0,0.0,False,0.0,0.015926899388432503,-0.09361655281203482,UNRECOVERABLE,-0.06939582228660585,1.0005115270614624,20.0166015625,9.541621208190918,,,3.063199983444065e-05,0.004571880213916302,,19.912669062763612,0.0012946220003868802,0.0,0.4891172181038686,0.7573664081102947,2.0750263347760787,0.5926604189915744,1.3399131314726682,3.182134894697829,0.4891172181038686,0.7573664081102947,2.0750263347760787
3.811718702316284,3.811718702316284,,False,PERIODIC,True,True,1,TAKEOFF,0.029941296457022034,-0.0030988267957061384,-0.16296593106962565,0.07594052349521685,0.0009671194635107975,-0.5528789347752923,8.667675144631964,7.1564447296209455,-0.05310946533661327,0.7209451598513305,3.7000161220916694,0.22035638280041317,11.219696003510863,11.219158166642197,0.10985646573301239,3.8336519613955122,-2.8645897108469316,PREPARATION,False,TAKEOFF,0,False,inf,0.09345006942749023,0.0,True,True,TRACKING,0,0.09345006942749023,0.7544547898982,0.0,0,0,0.09345006942749023,0.030130863189697266,inf,HOLD,,,0,,0.0,0.0,False,,0.0,0.0,0.0,False,0.0,0.016111377626657486,-0.06703406893037436,UNRECOVERABLE,-0.04008219838142396,0.9986899495124817,20.00034523010254,9.341381072998047,,,2.3791999410605058e-05,0.004437670111656189,,20.08977957447624,0.0007255860000441317,0.0,0.5100877845084733,0.8432881863467313,2.0332165476234536,0.6002962380797495,1.3038591581187038,3.1796870334295937,0.5100877845084733,0.8432881863467313,2.0332165476234536
3.8617327213287354,3.8617327213287354,,False,PERIODIC,True,True,1,TAKEOFF,0.034396841416137726,-0.0023345015383356245,-0.1924804289303708,0.08053523654745184,0.0018411421984091745,-0.5854976140556976,8.7047663618226,7.343887394784455,-0.04193347478896544,0.7524236169646806,3.7447823633623947,0.22622512332483233,11.365075809505498,11.364078659108525,0.15054695414140534,3.8884362902340026,-2.9427168139078153,PREPARATION,False,TAKEOFF,0,False,inf,0.0954596996307373,0.0,True,True,TRACKING,0,0.0954596996307373,0.7633290152584393,0.0,0,0,0.0954596996307373,0.03914594650268555,inf,HOLD,,,0,,0.0,0.0,False,,0.0,0.0,0.0,False,0.0,0.01623200997710228,-0.03751957106962922,UNRECOVERABLE,-0.01792607903480531,0.9986899495124817,20.00034523010254,9.341381072998047,,,3.0293000236270018e-05,0.004437670111656189,,19.99524179552216,0.0007163130003391416,0.0,0.5293391930839882,0.6399766402076366,2.0774662553930368,0.6072270835065231,1.1229727395496425,3.197019559403478,0.5293391930839882,0.6399766402076366,2.0774662553930368
3.911653518676758,3.911653518676758,,False,PERIODIC,True,True,1,TAKEOFF,0.03911647429907139,-0.0016359490010301285,-0.22196519891976765,0.08406086330913631,0.0025190887021790316,-0.6143695258699913,8.743512438935007,7.533780760506979,-0.030485202259743993,0.7850259203159976,3.7892457085491995,0.2307020840215812,11.514585476004935,11.512993272607384,0.19147999666002366,3.942688997428964,-3.022067519551578,PREPARATION,False,TAKEOFF,0,False,inf,0.09369182586669922,0.0,True,True,TRACKING,0,0.045693397521972656,0.772644648213849,0.0,0,0,0.09369182586669922,0.04767131805419922,inf,HOLD,,,0,,0.0,0.0,False,,0.0,0.0,0.0,False,0.0,0.016387049108743668,-0.008034801080232357,WARNING,0.005205976963043202,1.0006604194641113,20.099123001098633,8.519354820251465,,,1.3219999345892575e-05,0.004437670111656189,,19.965615511752492,0.0005759200003012666,0.0,0.516072286546534,0.6303866527291414,2.068731133765862,0.6112276505395454,1.1114206048173612,3.1861924252741627,0.516072286546534,0.6303866527291414,2.068731133765862
3.9617528915405273,3.9617528915405273,,False,PERIODIC,True,True,1,TAKEOFF,0.04408050187023954,-0.0011241827019496105,-0.25190147614709535,0.08646679155198345,0.0027564958280538432,-0.6409314736627453,8.783963906332737,7.726063795157106,-0.018837755614987278,0.8187839113096117,3.8333700767716925,0.23375401653009598,11.668303847029215,11.665975997265232,0.23306372053210808,3.9968692094130183,-3.1027727235713227,PREPARATION,False,TAKEOFF,0,False,inf,0.09543442726135254,0.0,True,True,TRACKING,0,0.09543442726135254,0.7815245111721978,0.0,0,0,0.09543442726135254,0.049968719482421875,inf,HOLD,,,0,,0.0,0.0,False,,0.0,0.0,0.0,False,0.0,0.01647993177175522,0.02190147614709534,WARNING,0.04406740069389342,1.0006604194641113,20.099123001098633,8.519354820251465,,,0.015451290644705296,0.004437670111656189,,20.068576643558142,0.0005571480005528429,0.0,0.5568874149231603,0.6407837236930319,2.0982784740435245,0.625184709823696,1.096872984969114,3.2174433673512763,0.5568874149231603,0.6407837236930319,2.0982784740435245
4.011725425720215,4.011725425720215,,False,PERIODIC,True,True,1,TAKEOFF,0.04940540628412904,-0.0007275442714918122,-0.28390236509244227,0.0881243733981273,0.002836699536854852,-0.6668316298073107,8.825938585966568,7.919612788211328,-0.0071299577085522665,0.8535378965932178,3.8768820397610426,0.23535312027070998,11.82522425165417,11.821984843351004,0.27677240738389,4.050681730632018,-3.1839679133747856,PREPARATION,False,TAKEOFF,0,False,inf,0.09359574317932129,0.0,True,True,TRACKING,0,0.09359574317932129,0.7900064716169293,0.0,0,0,0.09359574317932129,0.03950166702270508,inf,HOLD,,,0,,0.0,0.0,False,,0.0,0.0,0.0,False,0.0,0.016433749347925186,0.053902365092442256,WARNING,0.06947262883186339,1.0007107257843018,20.15296173095703,8.40832805633545,,,2.146199949493166e-05,0.0023676189593970776,,19.974242849197452,0.0009274049998566625,0.0,0.5666175893807356,0.6513016189959113,2.0817177348390556,0.6338969611967513,1.1036590046907429,3.2214486624669822,0.5666175893807356,0.6513016189959113,2.0817177348390556
4.061768531799316,4.061768531799316,,False,PERIODIC,True,True,1,TAKEOFF,0.05516514673095428,-0.00045621648776680184,-0.31919346189362907,0.08885923693789194,0.002899190062216361,-0.6928950406201643,8.869567168246085,8.11480331714985,0.004648014862575525,0.8850788218982149,3.9008506096782622,0.23550630335242623,11.985657829141205,11.981282080611667,0.3238414767562046,4.085329846248801,-3.2498626572243046,PREPARATION,False,TAKEOFF,0,False,inf,0.09539103507995605,0.0,True,True,TRACKING,0,0.0433802604675293,0.7900064716169293,0.0,0,0,0.0433802604675293,0.04179883003234863,inf,HOLD,,,0,,0.0,0.0,False,,0.0,0.0,0.0,False,0.0,0.016204029321670532,0.08919346189362906,WARNING,0.10659440159797667,1.0007107257843018,20.15296173095703,8.40832805633545,,,0.007103115785866976,0.0023676189593970776,,19.992733634936155,0.0007969749995027087,0.0,0.5566958850543524,0.6513016189959113,2.071167827685126,0.640817547260815,1.2414628621066683,3.228772071702682,0.5566958850543524,0.6513016189959113,2.071167827685126
4.111831426620483,4.111831426620483,,False,PERIODIC,True,True,1,TAKEOFF,0.060765207213911016,-0.00036000763812490846,-0.35409265066182954,0.08875646830749753,0.00266391605767628,-0.7166405615413651,8.914399459052682,8.309473104756774,0.016383190304259478,0.9103623774673458,3.895027643251329,0.23420984667682304,12.148144638994339,12.142494217465675,0.37047584096608904,4.090189256446203,-3.290326177125262,PREPARATION,False,TAKEOFF,0,False,inf,0.09346485137939453,0.0,True,True,TRACKING,0,0.09346461296081543,0.8064294572050165,0.0,0,0,0.09346461296081543,0.054860591888427734,inf,HOLD,,,0,,0.0,0.0,False,,0.0,0.0,0.0,False,0.0,0.015938324853777885,0.12409265066182953,WARNING,0.13426299691200255,1.0002248287200928,20.0688533782959,5.560286998748779,,,5.6123000831576064e-05,0.0023676189593970776,,20.0237988689532,0.0006551540000145906,0.0,0.44946696603303965,0.8064865341881446,2.0887685824160034,0.5376550750535407,1.2416352817340552,3.2631793816031123,0.44946696603303965,0.8064865341881446,2.0887685824160034
4.161846160888672,4.161846160888672,,False,PERIODIC,True,True,1,TAKEOFF,0.06614707231144046,-0.0003832249474700272,-0.38844213627316576,0.08820727284651535,0.0022217063248317513,-0.7381978318277483,8.96045219119938,8.503640401398224,0.028005353788216097,0.9359101136982421,3.8889680198064553,0.23147644041238088,12.31261588360899,12.305571152340795,0.4164474900613819,4.09458974819157,-3.329635960427444,PREPARATION,False,TAKEOFF,0,False,inf,0.09544920921325684,0.0,True,True,TRACKING,0,0.09544920921325684,0.8064294572050165,0.0,0,0,0.09544920921325684,0.04285120964050293,inf,HOLD,,,0,,0.0,0.0,False,,0.0,0.0,0.0,False,0.0,0.015345488674938679,0.15844213627316575,SAFE,0.18036724925041198,1.0002248287200928,20.0688533782959,5.560286998748779,,,4.172799890511669e-05,0.0023676189593970776,,20.011148138206178,0.000496833999932278,0.0,0.44946696603303965,0.6992162135590716,2.0922075128351705,0.6489044025693994,1.1022318650682554,3.256234134184302,0.44946696603303965,0.6992162135590716,2.0922075128351705
4.211698770523071,4.211698770523071,,False,PERIODIC,True,True,1,TAKEOFF,0.07208025488697889,-0.0004946332875225427,-0.4273053373420204,0.08700397785576944,0.0014545151861370062,-0.7608663080752462,9.008360316768822,8.69981354150234,0.03959111084428006,0.9620694816094929,3.8825793375738815,0.22726412377292626,12.480803498734817,12.472067337883574,0.4668964481863005,4.0994232854340025,-3.3690272446699505,PREPARATION,False,TAKEOFF,0,False,inf,0.09342813491821289,0.0,True,True,TRACKING,0,0.09342813491821289,0.8214183055777904,0.0,0,0,0.09342813491821289,0.046703338623046875,inf,HOLD,,,0,,0.0,0.0,False,,0.0,0.0,0.0,False,0.0,0.014730785973370075,0.1973053373420204,SAFE,0.222452837228775,0.9987261295318604,20.013870239257812,6.584089279174805,,,4.993400216335431e-05,0.0027817380614578724,,20.052805971471248,0.000558085999728064,0.0,0.4420829591579783,0.6992162135590716,2.0797085933921693,0.5273309394212515,1.241532788543393,3.269771671976174,0.4420829591579783,0.6992162135590716,2.0797085933921693
4.261687755584717,4.261687755584717,,False,PERIODIC,True,True,1,TAKEOFF,0.0778568434567976,-0.00046618988462557634,-0.46716966610094296,0.08522685024905838,0.000953233533853487,-0.7823232861560676,9.056756900656616,8.89236237669852,0.05073957125873023,0.9880991564350525,3.8760366428934003,0.22172999465127882,12.647975179053862,12.63736705773082,0.5179092373596732,4.103604856887566,-3.4066528832686336,PREPARATION,False,TAKEOFF,0,False,inf,0.04538917541503906,0.0,True,True,TRACKING,0,0.04538917541503906,0.828463462362923,0.0,0,0,0.04538917541503906,0.006643772125244141,inf,HOLD,,,0,,0.0,0.0,False,,0.0,0.0,0.0,False,0.0,0.014327291399240494,0.23716966610094295,SAFE,0.2534846246242523,0.9987261295318604,20.013870239257812,6.584089279174805,,,0.006763570010662079,0.0027817380614578724,,19.897947203825193,0.0007258910000018659,0.0,0.4420829591579783,0.8460439411329844,2.060409183944774,0.6500307583534158,1.2375664816342506,3.252311157789091,0.4420829591579783,0.8460439411329844,2.060409183944774
4.311747789382935,4.311747789382935,,False,PERIODIC,True,True,1,TAKEOFF,0.08333705649645286,-0.00035616541003513847,-0.5081161486922153,0.08281423946245911,0.00046144279941709806,-0.8027496793143281,9.106817706850556,9.085969491743974,0.061656915016276626,1.0146393277857955,3.8691739473058577,0.2147941200325761,12.818313396827913,12.805643950819896,0.5697730637084919,4.107387225639022,-3.443546356323621,PREPARATION,False,TAKEOFF,0,False,inf,0.093597412109375,0.0,True,True,TRACKING,0,0.045595645904541016,0.8351915788003763,0.0,0,0,0.045595645904541016,0.05485200881958008,inf,HOLD,,,0,,0.0,0.0,False,,0.0,0.0,0.0,False,0.0,0.013819240964949131,0.27811614869221535,SAFE,0.3046720504760742,1.0003141164779663,19.992351531982422,8.900588035583496,,,6.629999916185625e-06,0.0027817380614578724,,19.96192464835708,0.000718557999789482,0.0,0.5533613972947353,0.874900277360471,2.0605915619493667,0.6396429174907733,1.2367391588754062,3.270178860817931,0.5533613972947353,0.874900277360471,2.0605915619493667
4.361730098724365,4.361730098724365,,False,PERIODIC,True,True,1,TAKEOFF,0.08830029800352449,-0.00015873941728293303,-0.547734215737033,0.08003133996281346,0.00015650446007174003,-0.8212861751282164,9.158414452114698,9.279970953631217,0.0722340305465866,1.041617951874662,3.8619984518811545,0.20649995135876548,12.99123314065329,12.976431631554505,0.6199682462836196,4.1103304442426865,-3.4790607433705127,PREPARATION,False,TAKEOFF,0,False,inf,0.09539961814880371,0.0,True,True,TRACKING,0,0.09539961814880371,0.841739145100839,0.0,0,0,0.09539961814880371,0.05492448806762695,inf,HOLD,,,0,,0.0,0.0,False,,0.0,0.0,0.0,False,0.0,0.013598122633993626,0.317734215737033,SAFE,0.33743672370910643,1.0003141164779663,19.992351531982422,8.900588035583496,,,0.01651289314031601,0.0027817380614578724,,20.079078917663754,0.0005129000001034001,0.0,0.5700096648480019,0.8864486641826389,2.0985874395781656,0.6459148270161218,1.2328677581776364,3.2928708281125605,0.5700096648480019,0.8864486641826389,2.0985874395781656
4.411701202392578,4.411701202392578,,False,PERIODIC,True,True,1,TAKEOFF,0.09328189023198265,4.7963068878983126e-05,-0.5895660829442982,0.07673865919053285,5.095490611408196e-05,-0.8397356210593003,9.210880241283874,9.471824738295936,0.08227150741889915,1.0686914932459666,3.8545944653444035,0.19701693167541057,13.164213638446464,13.14705879544299,0.6718375903631973,4.112946869879853,-3.5133228487825496,PREPARATION,False,TAKEOFF,0,False,inf,0.09346914291381836,0.0,True,True,TRACKING,0,0.09346914291381836,0.8480630185894048,0.0,0,0,0.09346914291381836,0.023932933807373047,inf,HOLD,,,0,,0.0,0.0,False,,0.0,0.0,0.0,False,0.0,0.013444633223116398,0.35956608294429826,SAFE,0.3707811117172241,1.0006383657455444,20.08025550842285,8.976754188537598,,,3.0195998988347128e-05,0.0027817380614578724,,19.94393000034286,0.0005685179994543432,0.0,0.43119972697727504,0.8723660247832368,2.073836749500335,0.5102214475537385,1.2230179155612224,3.2943521808558387,0.43119972697727504,0.8723660247832368,2.073836749500335
4.461636304855347,4.461636304855347,,False,PERIODIC,True,True,1,TAKEOFF,0.09826503855143594,0.00027908163057367003,-0.6347884088571897,0.07288467167512198,-3.2391507908306676e-05,-0.8586264396675324,9.26569319461123,9.666784197373643,0.09197585950117158,1.096620350887472,3.8467419728933523,0.18612737637298538,13.342085536038484,13.322276838033536,0.7267642683583613,4.1154851825317404,-3.5473597420325484,PREPARATION,False,TAKEOFF,0,False,inf,0.0954141616821289,0.0,True,True,TRACKING,0,0.09541440010070801,0.8528681242622073,0.0,0,0,0.09541440010070801,0.0492703914642334,inf,HOLD,,,0,,0.0,0.0,False,,0.0,0.0,0.0,False,0.0,0.013315890915691853,0.4047884088571897,SAFE,0.4183664798736572,1.0006383657455444,20.08025550842285,8.976754188537598,,,2.756300091277808e-05,0.0027817380614578724,,19.987207870104353,0.0006815229999119765,0.0,0.43119972697727504,0.8987533092025107,2.078605160913492,0.6343564399950411,1.223912164315428,3.27755101740952,0.43119972697727504,0.8987533092025107,2.078605160913492
4.511667251586914,4.511667251586914,,False,PERIODIC,True,True,1,TAKEOFF,0.10252558159831154,0.0005917961187984148,-0.677250564338408,0.06923452241882803,-5.37431462672494e-05,-0.8753821036170039,9.320630698507223,9.856903885347752,0.10089756595569296,1.1242769437899633,3.8387499727987366,0.1743490605335757,13.517613119901876,13.495197291876213,0.778148130294101,4.117215563634574,-3.5789443987053096,PREPARATION,False,TAKEOFF,0,False,inf,0.045537710189819336,0.0,True,True,TRACKING,0,0.045537710189819336,0.856247786537991,0.0,0,0,0.045537710189819336,0.008563756942749023,inf,HOLD,,,0,,0.0,0.0,False,,0.0,0.0,0.0,False,0.0,0.013338604010641575,0.44725056433840804,SAFE,0.47377853393554686,1.000156044960022,19.923110961914062,10.0054349899292,,,2.756300091277808e-05,0.00255305296741426,,19.926406213079524,0.0008320840006490471,0.0,0.5513465779947752,0.8949700016275776,2.0441279827715904,0.6248945929669109,1.2143563838886249,3.283801228454071,0.5513465779947752,0.8949700016275776,2.0441279827715904
4.561758995056152,4.561758995056152,,False,PERIODIC,True,True,1,TAKEOFF,0.10646076575264578,0.0009539538548238573,-0.7198178397273381,0.06537019026136846,0.00022338481144456397,-0.8915362482840621,9.377384215053603,10.048077767953881,0.10927164965053564,1.1525228694359704,3.8303643476080804,0.16141571063742569,13.696061766801126,13.670944317735874,0.8290894893778737,4.11832351455369,-3.6093442033671583,PREPARATION,False,TAKEOFF,0,False,inf,0.09546303749084473,0.0,True,True,TRACKING,0,0.09546303749084473,0.8589124075017266,0.0,0,0,0.09546303749084473,0.058489084243774414,inf,HOLD,,,0,,0.0,0.0,False,,0.0,0.0,0.0,False,0.0,0.013431276194751263,0.48981783972733817,SAFE,0.5090511322021485,1.000156044960022,19.923110961914062,10.0054349899292,,,3.706699862959795e-05,0.00255305296741426,,20.02264173887831,0.000662420000480779,0.0,0.4205693231609389,0.868898621975972,2.0497662331483837,0.5004739782604359,1.2022674310136339,3.258228941454516,0.4205693231609389,0.868898621975972,2.0497662331483837
4.611901760101318,4.611901760101318,,False,PERIODIC,True,True,1,TAKEOFF,0.11030561266164988,0.0013359106807778428,-0.7648243084371366,0.06122028973514078,0.0004722627353650473,-0.9078440039407867,9.435848556970498,10.23977274866622,0.11701250252817398,1.181302237678964,3.821586715391222,0.1474213420807767,13.876922434485945,13.84887504787179,0.8818368109653105,4.11935482580939,-3.63900449446117,PREPARATION,False,TAKEOFF,0,False,inf,0.09335589408874512,0.0,True,True,TRACKING,0,0.0453493595123291,0.8613594450173141,0.0,0,0,0.0453493595123291,0.04820847511291504,inf,HOLD,,,0,,0.0,0.0,False,,0.0,0.0,0.0,False,0.0,0.013585052452981472,0.5348243084371366,SAFE,0.5592955827713013,0.9991666674613953,20.225421905517578,10.590017318725586,,,1.875199995993171e-05,0.00255305296741426,,19.845951630648898,0.0008140999998431653,0.0,0.4205693231609389,0.7271383190934844,2.415552414144768,0.6027346842387248,1.058909364916238,3.3770151296522126,0.4205693231609389,0.7271383190934844,2.415552414144768
4.661696672439575,4.661696672439575,,False,PERIODIC,True,True,1,TAKEOFF,0.11395063840142992,0.0016712694671188056,-0.8114689434713165,0.057057976456587264,0.0007268813434269897,-0.9240805991552083,9.495528793854902,10.430274975295475,0.12400309504244636,1.2103734336387868,3.81247900337057,0.13257402275838995,14.058623399001048,14.027465342680362,0.9354720385137628,4.120207491567043,-3.667474459963759,PREPARATION,False,TAKEOFF,0,False,inf,0.09529972076416016,0.0,True,True,TRACKING,0,0.043306589126586914,0.8636983185311002,0.0,0,0,0.043306589126586914,0.05309104919433594,inf,HOLD,,,0,,0.0,0.0,False,,0.0,0.0,0.0,False,0.0,0.013686465099453926,0.5814689434713165,SAFE,0.5958415746688843,0.9991666674613953,20.225421905517578,10.590017318725586,,,1.5139999959501438e-05,0.00255305296741426,,20.006531287720094,0.00041613299981690943,0.0,0.5114758313352045,0.7271383190934844,2.415552414144768,0.5884487058392259,1.1757902094994261,3.514704488830274,0.5114758313352045,0.7271383190934844,2.415552414144768
4.711784362792969,4.711784362792969,,False,PERIODIC,True,True,1,TAKEOFF,0.1172892467814552,0.0020226002308999383,-0.8593143694275974,0.0529126457881441,0.0009757471574943235,-0.9403397524376492,9.556842727653411,10.620842310713419,0.13024823638447533,1.239943022293965,3.802964804131707,0.11686763644280643,14.242322005656083,14.20790279956806,0.9895626058120728,4.120903950252012,-3.69489230319386,PREPARATION,False,TAKEOFF,0,False,inf,0.09349822998046875,0.0,True,True,TRACKING,0,0.09349822998046875,0.865925664296646,0.0,0,0,0.09349822998046875,0.051912546157836914,inf,HOLD,,,0,,0.0,0.0,False,,0.0,0.0,0.0,False,0.0,0.013804398477077484,0.6293143694275974,SAFE,0.6329167366027832,0.9986178874969482,20.094310760498047,14.881442070007324,,,0.00028306199237704277,0.0051133050583302975,,20.030094993165942,0.0007952209998620674,0.0,0.5106870694117172,0.6932062352686842,1.7009346633698943,0.5775053978256891,1.0140397089377164,3.102371352480821,0.5106870694117172,0.6932062352686842,1.7009346633698943
4.761697053909302,4.761697053909302,,False,PERIODIC,True,True,1,TAKEOFF,0.11998749023351098,0.002295678181003732,-0.9051651551712906,0.04892039713239834,0.0012815666138947125,-0.955078328555174,9.619820027667515,10.81143958793814,0.1357024994984813,1.270025485995872,3.793024553693391,0.1003938148391393,14.428021894066676,14.39042773169476,1.040867654669772,4.12097488024329,-3.720842446704855,PREPARATION,False,TAKEOFF,0,False,inf,0.04328417778015137,0.0,True,True,TRACKING,0,0.04328441619873047,0.865925664296646,0.0,0,0,0.04328441619873047,0.005043983459472656,inf,HOLD,,,0,,0.0,0.0,False,,0.0,0.0,0.0,False,0.0,0.013956363312900066,0.6751651551712906,SAFE,0.6933948278427124,0.9986178874969482,20.094310760498047,14.881442070007324,,,4.1092000174103305e-05,0.0051133050583302975,,19.954317175178673,0.00043815899971377803,0.0,0.37830201813956765,0.6932062352686842,1.7009346633698943,0.4658343858851433,1.143872996160473,3.261730227923489,0.37830201813956765,0.6932062352686842,1.7009346633698943
4.811805009841919,4.811805009841919,,False,PERIODIC,True,True,1,TAKEOFF,0.12236492407231069,0.0024763596023945574,-0.9531341910335024,0.04455372829195703,0.001283743943307517,-0.9697866670425949,9.683868819868593,11.000220743239723,0.1402851740303682,1.3003424125037353,3.7827383745434955,0.08341608772135771,14.613976330384915,14.573014042302775,1.0934193650638706,4.1213638986777585,-3.7461599000691663,PREPARATION,False,TAKEOFF,0,False,inf,0.0934607982635498,0.0,False,True,TRACKING,0,0.0934610366821289,0.8678382174212722,0.0,0,1,0.0934610366821289,0.055220603942871094,inf,HOLD,,,0,,0.0,0.0,False,,0.0,0.0,0.0,False,0.0,0.014050529338419437,0.7231341910335024,SAFE,0.7473578929901123,1.0003904104232788,19.962600708007812,14.768589973449707,,,4.1092000174103305e-05,0.0051133050583302975,,20.025585136617735,0.0007076920001054532,0.0,0.3637521106906602,0.8142550687714527,1.6832352496668979,0.45730652326264953,1.1187124023282773,3.1639750309806005,0.3637521106906602,0.8142550687714527,1.6832352496668979
4.861636161804199,4.861636161804199,,False,PERIODIC,True,True,1,TAKEOFF,0.1244082844660815,0.0024891244102200794,-1.0043164487572878,0.0401871977727317,0.0013342434980776435,-0.9848513330231131,9.749645310349564,11.189060992647558,0.14401872102276386,1.3312084938443987,3.771986737240274,0.06587253829730635,14.802136725143134,14.757526146603208,1.1483351697800517,4.121720134754103,-3.7706477992401797,PREPARATION,False,TAKEOFF,0,False,inf,0.14388298988342285,0.0,False,False,REACQUIRE,0,0.14388322830200195,0.8678382174212722,0.0,0,1,0.14388322830200195,0.10564279556274414,inf,HOLD,,,0,,0.0,0.0,False,,0.0,0.0,0.0,False,0.0,0.014103597030043602,0.7743164487572878,SAFE,0.7864882230758667,1.0003904104232788,19.962600708007812,14.768589973449707,,,2.9521001124521717e-05,0.0051133050583302975,,20.02676777081585,0.0005123799992361455,0.0,0.3637521106906602,0.804367676269099,1.313109943053469,0.5403574405732146,1.1094970093279877,2.8646956573422484,0.3637521106906602,0.804367676269099,1.313109943053469
4.911678314208984,4.911678314208984,,False,PERIODIC,True,True,1,TAKEOFF,0.12590228406420892,0.00237611030736493,-1.0544040736145133,0.03577248446139004,0.001050186314306714,-0.99901728528452,9.817122474556058,11.37775527774915,0.14686975477498104,1.3626114806121938,3.7607565665572986,0.0478841778041962,14.992066528482288,14.943861615515095,1.2012738283894944,4.122122810005013,-3.794299453179687,PREPARATION,False,TAKEOFF,0,False,inf,inf,0.0,False,False,REACQUIRE,0,0.19336581230163574,0.8678382174212722,0.0,0,3,inf,inf,inf,HOLD,,,0,,0.0,0.0,False,,0.0,0.0,0.0,False,0.0,0.014153475873172283,0.8244040736145133,SAFE,0.8503101348876954,1.000069499015808,20.020917892456055,15.124167442321777,,,0.0019027009839192033,0.00908982940018177,,19.987523689039286,0.0007643369999641436,0.0,0.3507301009133733,0.6556909489093019,1.2503360207514271,0.4391695501129881,0.9463934958243116,2.804210325778343,0.3507301009133733,0.6556909489093019,1.2503360207514271
4.961543083190918,4.961543083190918,,False,PERIODIC,True,True,1,TAKEOFF,0.1269299979450391,0.0021986719804700733,-1.1030721456753039,0.03155754265118044,0.0007917795111209938,-1.0120370395095122,9.886165750111047,11.565823348956737,0.1488112831674735,1.394490468939936,3.74905272462734,0.02960448970472477,15.183125839422555,15.131427498300672,1.2518834288427774,4.122143053028283,-3.8166502000193803,PREPARATION,False,TAKEOFF,0,False,inf,inf,0.0,False,False,REACQUIRE,0,0.2434687614440918,0.8678382174212722,0.0,0,3,inf,inf,inf,HOLD,,,0,,0.0,0.0,False,,0.0,0.0,0.0,False,0.0,0.014179171063005924,0.8730721456753039,SAFE,0.8908490419387818,1.000069499015808,20.020917892456055,15.124167442321777,,,4.517900015343912e-05,0.00908982940018177,,20.033972274344418,0.0004960240003129002,0.0,0.3507301009133733,0.6556909489093019,1.2951967480091724,0.5213967914388825,1.073134025875494,2.744384690752011,0.3507301009133733,0.6556909489093019,1.2951967480091724
5.011739015579224,5.011739015579224,,False,PERIODIC,True,True,1,TAKEOFF,0.12758671767227012,0.0019959364681582433,-1.1546109773994142,0.027116687606590216,0.0005296533164334687,-1.0252288034862787,9.956473709995862,11.752390793216081,0.14982950381946125,1.4267104860559028,3.7369101125098165,0.011230895524525759,15.374666297724918,15.319229706396987,1.3044404812188755,4.12233555695961,-3.838287859811866,PREPARATION,False,TAKEOFF,0,False,inf,inf,0.0,False,False,REACQUIRE,0,0.2935655117034912,0.8678382174212722,0.0,0,5,inf,inf,inf,HOLD,,,0,,0.0,0.0,False,,0.0,0.0,0.0,False,0.0,0.014224283397197723,0.9246109773994142,SAFE,0.9483714580535889,1.0009804964065552,20.060224533081055,15.568321228027344,,,3.0062999940128066e-05,0.00908982940018177,,20.00891731547527,0.0009247899997717468,0.0,0.3502356031807544,0.7649336968489123,1.2434695268253606,0.4410669244017123,1.0552589953014395,2.705125067447185,0.3502356031807544,0.7649336968489123,1.2434695268253606
5.061551570892334,5.061551570892334,,False,PERIODIC,True,True,1,TAKEOFF,0.12784866590158533,0.0017003753542395,-1.208336325456848,0.022720568858949075,0.00025623121820366325,-1.03848135145114,10.028493511586646,11.938578256435324,0.14992926455568045,1.4594799073015947,3.724233934674744,-0.007235155029000919,15.567809971901799,15.508443568206095,1.3582655900125284,4.122590938970143,-3.859130947033507,PREPARATION,False,TAKEOFF,0,False,inf,inf,0.0,False,False,REACQUIRE,0,0.34346508979797363,0.8678382174212722,0.0,0,6,inf,inf,inf,HOLD,,,0,,0.0,0.0,False,,0.0,0.0,0.0,False,0.0,0.014268694445490837,0.978336325456848,SAFE,0.9899234056472779,1.0009804964065552,20.060224533081055,15.568321228027344,,,3.719400046975352e-05,0.00908982940018177,,19.962704717120324,0.0006599180005650851,0.0,0.3502356031807544,0.6117841030214982,1.2434695268253606,0.5063426027837278,0.9114872451945776,2.846664909131934,0.3502356031807544,0.6117841030214982,1.2434695268253606
5.111783027648926,5.111783027648926,,False,PERIODIC,True,True,1,TAKEOFF,0.12775510261134124,0.0012206553604013784,-1.2613940583960481,0.018778623413422724,-0.00024686469187359554,-1.0509904379868193,10.102298834967016,12.124460448007923,0.14910570180729277,1.4928332146009364,3.7109902982066973,-0.0256905498549826,15.762422888383687,15.699186785904175,1.410499760203341,4.122785233029194,-3.8789357268348112,PREPARATION,False,TAKEOFF,0,False,inf,inf,0.0,False,False,REACQUIRE,0,0.39345359802246094,0.8678382174212722,0.0,0,7,inf,inf,inf,HOLD,,,0,,0.0,0.0,False,,0.0,0.0,0.0,False,0.0,0.014362809248268604,1.0313940583960481,SAFE,1.0571134567260743,0.9999880194664001,20.050979614257812,16.7985782623291,,,1.2366000191832427e-05,0.004732305184006691,,19.979526017682076,0.0007188319996203063,0.0,0.36595493766738646,0.6117841030214982,1.4231714668363245,0.44053109263798795,1.0181243776533275,2.8050463313380614,0.36595493766738646,0.6117841030214982,1.4231714668363245
5.161648273468018,5.161648273468018,,False,PERIODIC,True,True,1,TAKEOFF,0.12729270667502507,0.0006271395606449526,-1.3123467915520437,0.015000882082663614,-0.0009160273523574546,-1.0624745701990275,10.177883555149819,12.309904471809892,0.1473600258008451,1.5267684308111251,3.6971581192422014,-0.044010977159406134,15.958177491126513,15.891277004875047,1.4597068173528889,4.1229190636546225,-3.8977781542094867,PREPARATION,False,TAKEOFF,0,False,inf,inf,0.0,False,False,REACQUIRE,0,0.44333767890930176,0.8678382174212722,0.0,0,8,inf,inf,inf,HOLD,,,0,,0.0,0.0,False,,0.0,0.0,0.0,False,0.0,0.014450800605118275,1.0823467915520437,SAFE,1.0995498180389405,0.9999880194664001,20.050979614257812,16.7985782623291,,,3.212999945390038e-05,0.004732305184006691,,19.96956294469439,0.00045424900054058526,0.0,0.37380981829351706,0.6387209875687538,1.2633925112416635,0.44502213891875,0.9985713582394212,2.5836680976415343,0.37380981829351706,0.6387209875687538,1.2633925112416635
5.211618423461914,5.211618423461914,,False,PERIODIC,True,True,1,TAKEOFF,0.1264826038525849,-0.00013554277719823104,-1.3663052286685453,0.011300263230966986,-0.0016879697770855549,-1.0742399888269396,10.255534109499834,12.49547398227666,0.14468944793089356,1.5614138664943662,3.6826602799496877,-0.06214010822557642,16.156145787884665,16.085333127003356,1.5109946765994389,4.123302120461254,-3.9160723091011542,PREPARATION,False,TAKEOFF,0,False,inf,inf,0.0,False,False,REACQUIRE,0,0.49347710609436035,0.8678382174212722,0.0,0,9,inf,inf,inf,HOLD,,,0,,0.0,0.0,False,,0.0,0.0,0.0,False,0.0,0.01461962703615427,1.1363052286685453,SAFE,1.1595775365829468,1.0001842975616455,20.061880111694336,16.256269454956055,,,1.476600027672248e-05,0.004732305184006691,,20.090083449256085,0.0008245939998232643,0.0,0.37380981829351706,0.6480588114260232,1.2633925112416635,0.5051430438756553,0.9854069686474242,2.7268348428622637,0.37380981829351706,0.6480588114260232,1.2633925112416635
5.261646747589111,5.261646747589111,,False,PERIODIC,True,True,1,TAKEOFF,0.12536453401709105,-0.0009241214891051499,-1.4217864815477808,0.007677148714755183,-0.0022564258478880773,-1.0860486977394048,10.333951209860231,12.678023880284918,0.14116590214893662,1.596193578963804,3.66771946289172,-0.07966567438490661,16.352791336759445,16.27792874876566,1.5629523836967174,4.123701524455595,-3.9333266441166628,PREPARATION,False,TAKEOFF,0,False,inf,inf,0.0,False,False,REACQUIRE,0,0.5434980392456055,0.8678382174212722,0.0,0,10,inf,inf,inf,HOLD,,,0,,0.0,0.0,False,,0.0,0.0,0.0,False,0.0,0.014757250435650349,1.1917864815477808,SAFE,1.2029240608215332,1.0001842975616455,20.061880111694336,16.256269454956055,,,4.088100104127079e-05,0.004732305184006691,,20.0489819248707,0.0006520990000353777,0.0,0.41377381221469856,0.5118116733628983,1.4053487870085295,0.46856670167451475,0.8661342217896023,2.6871963339521407,0.41377381221469856,0.5118116733628983,1.4053487870085295
5.311898469924927,5.311898469924927,,False,PERIODIC,True,True,1,TAKEOFF,0.12398541250489449,-0.0016826208929707764,-1.477644683615986,0.0044827753358685635,-0.0028731658516097315,-1.0973409170512098,10.4147416450949,12.861229556731985,0.13674599683249783,1.631822563328199,3.6520069991462214,-0.0968371710796919,16.5517500826046,16.47283137556754,1.6143906804484838,4.124001885520973,-3.9496828580012706,PREPARATION,False,TAKEOFF,0,False,inf,inf,0.0,False,False,REACQUIRE,0,0.5934631824493408,0.8678382174212722,0.0,0,11,inf,inf,inf,HOLD,,,0,,0.0,0.0,False,,0.0,0.0,0.0,False,0.0,0.014994650147855282,1.247644683615986,SAFE,1.2731405973434449,0.9986540675163269,20.059106826782227,16.97411346435547,,,0.0023166390601545572,0.002793476916849613,,19.983078077705336,0.0007082089996401919,0.0,0.41377381221469856,0.46532530393521365,1.4721331080388613,0.5226551751437707,0.8591975187062724,2.6545369950854405,0.41377381221469856,0.46532530393521365,1.4721331080388613
5.361645221710205,5.361645221710205,,False,PERIODIC,True,True,1,TAKEOFF,0.12251099448715769,-0.0021975663961803227,-1.5308726935547436,0.0015407514564859666,-0.003126541637618504,-1.107825799781056,10.497295581964764,13.04355574779459,0.1314834403268905,1.668030183583582,3.635612095184815,-0.1134034982434924,16.750858565671678,16.66816830882393,1.6623561338816342,4.123891561170219,-3.9647304798548646,PREPARATION,False,TAKEOFF,0,False,inf,inf,0.0,False,False,REACQUIRE,1,0.6432850360870361,0.8678382174212722,0.35,0,12,inf,inf,inf,SEARCH,,,0,,0.0,0.0,False,,0.0,0.0,0.0,False,0.0,0.032570353522896944,1.3008726935547437,SAFE,1.3174487829208374,0.9986540675163269,20.059106826782227,16.97411346435547,,,3.620600182330236e-05,0.002793476916849613,,20.064893086137882,0.0004526230004557874,0.0,0.41377381221469856,0.46532530393521365,1.4360248419582038,0.5603646940917659,0.9475282346207893,2.6191810073191135,0.41377381221469856,0.46532530393521365,1.4360248419582038
5.41180419921875,5.41180419921875,,False,PERIODIC,True,True,1,TAKEOFF,0.12077393075470767,-0.002458625570529476,-1.5868882406651252,-0.0012961448096924617,-0.0032201264093582736,-1.1191432047658731,10.581676100261404,13.225043163674181,0.1254090814419837,1.7048442133364423,3.618495019791135,-0.12926959290816414,16.95078876936873,16.86408247680442,1.712297322107109,4.124025374481262,-3.979105031808844,PREPARATION,False,TAKEOFF,0,False,inf,inf,0.0,False,False,REACQUIRE,1,0.6933953762054443,0.8678382174212722,0.35,0,13,inf,inf,inf,SEARCH,,,0,,0.0,0.0,False,,0.0,0.0,0.0,False,0.0,0.03284610230475682,1.3568882406651253,SAFE,1.3800615549087525,0.999965250492096,19.99443244934082,12.81224536895752,,,3.620600182330236e-05,0.002793476916849613,,20.02405043666734,0.0004924209997625439,0.0,0.41377381221469856,0.5459921655665649,1.4478892064842865,0.6012651450416536,0.9277864838772636,2.583396162300348,0.41377381221469856,0.5459921655665649,1.4478892064842865
5.461604356765747,5.461604356765747,,False,PERIODIC,True,True,1,TAKEOFF,0.11881105028469092,-0.002499712630741039,-1.645466162652694,-0.003961404740295069,-0.003148982101188251,-1.1334258789915506,10.667655393092623,13.40512064437037,0.11858184103019544,1.7421655087384005,3.600674845103661,-0.14429409765379947,17.150926096440365,17.059964847744016,1.7640480036828896,4.124910551315803,-3.9929738068321283,PREPARATION,False,TAKEOFF,0,False,inf,inf,0.0,False,False,REACQUIRE,1,0.7434191703796387,0.8678382174212722,0.35,0,13,inf,inf,inf,SEARCH,,,0,,0.0,0.0,False,,0.0,0.0,0.0,False,0.0,0.03333456628024578,1.415466162652694,SAFE,1.425242829322815,0.999965250492096,19.99443244934082,12.81224536895752,,,4.640300176106393e-05,0.002793476916849613,,20.06031200150833,0.000633241999821621,0.0,0.41377381221469856,0.5349699645275326,1.4006055756198266,0.6436676265306486,0.9358005016465213,2.5548504434913486,0.41377381221469856,0.5349699645275326,1.4006055756198266
5.5116496086120605,5.5116496086120605,,False,PERIODIC,True,True,1,TAKEOFF,0.11664898938564545,-0.002359515248965652,-1.7032837112156771,-0.006374080776527602,-0.0027734245260541183,-1.1467453618609755,10.755908617133642,13.585087284090323,0.11099149055367119,1.780285429180297,3.5819804285685772,-0.15849396449465197,17.352352879631603,17.257246476524113,1.8142752017693482,4.125439760339794,-4.005759169721128,PREPARATION,False,TAKEOFF,0,False,inf,inf,0.0,False,False,REACQUIRE,1,0.7936806678771973,0.8678382174212722,0.35,0,15,inf,inf,inf,SEARCH,,,0,,0.0,0.0,False,,0.0,0.0,0.0,False,0.0,0.03636563122272474,1.4732837112156771,SAFE,1.4983940601348877,0.9983163475990295,20.06083869934082,12.553179740905762,,,2.431499888189137e-05,0.002793476916849613,,19.976480968996913,0.0007921800006442936,0.0,0.41377381221469856,0.49815247463686857,1.3660859423279925,0.6887728234814924,0.8619163364875023,2.523416156321121,0.41377381221469856,0.49815247463686857,1.3660859423279925
5.561795234680176,5.561795234680176,,False,PERIODIC,True,True,1,TAKEOFF,0.11445519147356727,-0.0019720244514091494,-1.7586646926427334,-0.008549993637368022,-0.001690269997149072,-1.1579140454359598,10.845698362004512,13.76333293302763,0.10275060629965094,1.8188833407665783,3.56253609001815,-0.17165802049926804,17.553007362631647,17.45403106899561,1.8614152989423842,4.125036131216618,-4.01692569651148,PREPARATION,False,TAKEOFF,0,False,inf,inf,0.0,False,False,REACQUIRE,1,0.8434679508209229,0.8678382174212722,0.35,0,16,inf,inf,inf,SEARCH,,,0,,0.0,0.0,False,,0.0,0.0,0.0,False,0.0,0.03989361673593539,1.5286646926427334,SAFE,1.5446056604385376,0.9983163475990295,20.06083869934082,12.553179740905762,,,2.750999919953756e-05,0.002793476916849613,,20.14885293915379,0.0006761199992979527,0.0,0.41377381221469856,0.49815247463686857,1.3328390425931997,0.7357611533230448,0.9348257633737896,2.4895871898687867,0.41377381221469856,0.49815247463686857,1.3328390425931997
5.611612319946289,5.611612319946289,,False,PERIODIC,True,True,1,TAKEOFF,0.11219288633306748,-0.0012343039861610616,-1.8173065385996803,-0.010408296066242826,0.0002567968482080719,-1.1682173028331877,10.9376568930277,13.941019062692364,0.09385643377313377,1.8582285576817184,3.5421725857750244,-0.1837963929066746,17.754707651996654,17.651546671634744,1.911162972372814,4.123839918684368,-4.026680614970847,PREPARATION,False,TAKEOFF,0,False,inf,inf,0.0,False,False,REACQUIRE,1,0.893618106842041,0.8678382174212722,0.35,0,17,inf,inf,inf,SEARCH,,,0,,0.0,0.0,False,,0.0,0.0,0.0,False,0.0,0.047904182225465775,1.5873065385996803,SAFE,1.6098217248916626,1.000067949295044,20.151535034179688,13.271636962890625,,,0.0018970429664477706,0.006557963788509369,,19.94491332202421,0.0006935789997442043,0.0,0.41377381221469856,0.6033089236842386,1.1373962927624321,0.7854022184969256,0.8809303052155185,2.3027233687071837,0.41377381221469856,0.6033089236842386,1.1373962927624321
5.661572694778442,5.661572694778442,,False,PERIODIC,True,True,1,TAKEOFF,0.11008744270690551,-0.0001911339609227183,-1.8783602413387368,-0.011937926805104065,0.002888966767030668,-1.177918039925009,11.031949817310561,14.118312827022619,0.0843472788404248,1.8983862225283523,3.520813790889052,-0.19483913830957356,17.957490154135094,17.8499084542776,1.9627075201791615,4.122084127052959,-4.035175781519511,PREPARATION,False,TAKEOFF,0,False,inf,inf,0.0,False,False,REACQUIRE,1,0.943403959274292,0.8678382174212722,0.35,0,17,inf,inf,inf,SEARCH,,,0,,0.0,0.0,False,,0.0,0.0,0.0,False,0.0,0.05536548346281034,1.6483602413387368,SAFE,1.656735110282898,1.000067949295044,20.151535034179688,13.271636962890625,,,1.6093999875010923e-05,0.006557963788509369,,20.041590214067277,0.00045797300026606536,0.0,0.41377381221469856,0.6290299815191297,1.1373962927624321,0.8376984421149697,0.8960604511212752,2.4299575042055523,0.41377381221469856,0.6290299815191297,1.1373962927624321
5.711634874343872,5.711634874343872,,False,PERIODIC,True,True,1,TAKEOFF,0.1082184113615777,0.001090146952683234,-1.9374127522146953,-0.012834301027765272,0.005784003565266093,-1.1867888072665103,11.127420657345418,14.29296744149208,0.07440411407443782,1.93886003834947,3.49868857597979,-0.20458998235612333,18.158413527716334,18.046622252933265,2.0118168662891334,4.119976659886167,-4.042329042038231,PREPARATION,False,TAKEOFF,0,False,inf,inf,0.0,False,False,REACQUIRE,1,0.9934399127960205,0.8678382174212722,0.35,0,19,inf,inf,inf,SEARCH,,,0,,0.0,0.0,False,,0.0,0.0,0.0,False,0.0,0.07080819234251967,1.7074127522146954,SAFE,1.7323161840438843,1.0001109838485718,20.004268646240234,13.593539237976074,,,1.6093999875010923e-05,0.006557963788509369,,20.045915669675626,0.0008865620002325159,0.0,0.41377381221469856,0.6290299815191297,1.133805561182076,0.891602070827069,0.9633690777177097,2.238251467757429,0.41377381221469856,0.6290299815191297,1.133805561182076
5.76180362701416,5.76180362701416,,False,PERIODIC,True,True,1,TAKEOFF,0.1065064183085204,0.002533689665996436,-1.9946526781190237,-0.013617530727088838,0.008930934984666006,-1.195020602211028,11.225900559198543,14.468213477626206,0.06390129280411246,1.98041942978901,3.4753329167310247,-0.21316941675683437,18.361221697900806,18.245460196669743,2.058553970923136,4.117785551645103,-4.048616092084195,PREPARATION,False,TAKEOFF,0,False,inf,inf,0.0,False,False,REACQUIRE,1,1.0434496402740479,0.8678382174212722,0.35,0,19,inf,inf,inf,SEARCH,,,0,,0.0,0.0,False,,0.0,0.0,0.0,False,0.0,0.08214121460914603,1.7646526781190237,SAFE,1.779875683784485,1.0001109838485718,20.004268646240234,13.593539237976074,,,1.6093999875010923e-05,0.006557963788509369,,20.02518256960914,0.0004940019998684875,0.0,0.41377381221469856,0.7718200069301674,1.133805561182076,0.891602070827069,0.943165768411812,2.376500096589034,0.41377381221469856,0.7718200069301674,1.133805561182076
5.811747789382935,5.811747789382935,,False,PERIODIC,True,True,1,TAKEOFF,0.10513319123983299,0.0038698718601173797,-2.0410425430403336,-0.014157572884961677,0.011347942030289998,-1.2012369903094577,11.325513413963044,14.640598868308787,0.05310649624281608,2.022264591964277,3.4511513904909408,-0.22035814841572562,18.561148355009987,18.442634520533108,2.09414903928315,4.115991533033788,-4.054221587203199,PREPARATION,False,TAKEOFF,0,False,inf,inf,0.0,False,False,REACQUIRE,1,1.0934689044952393,0.8678382174212722,0.35,0,20,inf,inf,inf,SEARCH,,,0,,0.0,0.0,False,,0.0,0.0,0.0,False,0.0,0.09465063512325278,1.8110425430403336,SAFE,1.827669906616211,1.0001109838485718,19.74610710144043,12.546740531921387,,,0.004301988985389471,0.0028447029180824757,,19.99584886496165,0.0008238689997597248,0.0,0.41377381221469856,0.7718200069301674,1.4352523927985266,0.891602070827069,1.0074744664313477,2.350637877741515,0.41377381221469856,0.7718200069301674,1.4352523927985266
5.8659186363220215,5.8659186363220215,,False,PERIODIC,True,True,1,TAKEOFF,0.103376486549973,0.0057967790904193735,-2.100947901060901,-0.014854483261221402,0.014224818435455915,-1.2088673054538435,11.428480145353873,14.813833908555017,0.04184984496550402,2.0653179074324393,3.4255600916111355,-0.22626333103372923,18.76506111609103,18.642315749666285,2.142797746026405,4.114588204372701,-4.05961208702518,PREPARATION,False,TAKEOFF,0,False,inf,inf,0.0,True,False,REACQUIRE,0,1.1433894634246826,0.8684569980686416,0.6,0,0,inf,inf,inf,SEARCH,,,0,,0.0,0.0,False,,0.0,0.0,0.0,False,0.0,0.1261857479810713,1.8709479010609011,SAFE,1.894895601272583,1.0001109838485718,19.74610710144043,12.546740531921387,,,0.02098233252763748,0.0028447029180824757,,20.005260646244132,0.0007633069999428699,0.0,0.41377381221469856,0.7718200069301674,1.3508076171841426,0.891602070827069,1.0694344806155354,2.3414159879257275,0.41377381221469856,0.7718200069301674,1.3508076171841426
5.911752223968506,5.911752223968506,,False,PERIODIC,True,True,1,TAKEOFF,0.1015551974453714,0.007996872538550423,-2.163245120963999,-0.01544866955358162,0.016851385611806234,-1.2162316264879038,11.531977006729832,14.983079831124101,0.03051248917592036,2.108388194729786,3.3992203841945985,-0.23069318311026102,18.96629180432306,18.83899286996747,2.1937576101399197,4.113683154065003,-4.064560474908753,PREPARATION,False,TAKEOFF,0,False,inf,0.08220767974853516,0.0,True,False,REACQUIRE,0,0.08220767974853516,0.8611368516971238,0.6,0,0,0.08220767974853516,0.012724161148071289,inf,SEARCH,,,0,,0.0,0.0,False,,0.0,0.0,0.0,False,0.0,0.14076709449291247,1.9332451209639991,SAFE,1.9431307792663575,0.9995219707489014,19.554790496826172,11.51156997680664,,,0.007822123356163502,0.0028447029180824757,,19.994704996231476,0.0006791590003558667,0.0,0.41377381221469856,0.7718200069301674,1.2844269399368962,0.891602070827069,1.132920742017657,2.1845509416383644,0.41377381221469856,0.7718200069301674,1.2844269399368962
5.962021350860596,5.962021350860596,,False,PERIODIC,True,True,1,TAKEOFF,0.09975303892936427,0.010142908403002584,-2.2241741512282616,-0.01587408310098206,0.01852201036786408,-1.2243450800441715,11.63863433523531,15.152568112491103,0.01888064121402275,2.152558246047903,3.371422992946921,-0.2337454791756301,19.169510098944627,19.037826100467505,2.243054792442284,4.1140407550629075,-4.069707800041939,PREPARATION,False,TAKEOFF,0,False,inf,0.08422017097473145,0.0,True,False,REACQUIRE,0,0.08422017097473145,0.8479912245732034,0.6,0,0,0.08422017097473145,0.020528316497802734,inf,SEARCH,,,0,,0.0,0.0,False,,0.0,0.0,0.0,False,0.0,0.1657246708869935,1.9941741512282616,SAFE,2.0206044197082518,0.9995219707489014,19.554790496826172,11.51156997680664,,,0.008920950815081596,0.0028447029180824757,,20.01306784778554,0.0007267430000865716,0.0,0.41377381221469856,0.7718200069301674,1.2844269399368962,0.891602070827069,1.1994207514727397,2.319791277172462,0.41377381221469856,0.7718200069301674,1.2844269399368962
6.012257099151611,6.012257099151611,,False,PERIODIC,True,True,1,TAKEOFF,0.09808962098258016,0.01205095594355592,-2.2828915815676476,-0.016396612229239233,0.01951336786029235,-1.2322005783985113,11.747418660653878,15.320478403138331,0.00714298635961126,2.197381267329488,3.342381720568352,-0.23535214549721026,19.372637308917366,19.23680893445052,2.290034567927259,4.11533393391473,-4.074805724449708,PREPARATION,False,TAKEOFF,0,False,inf,0.08228754997253418,0.0,True,False,REACQUIRE,0,0.08228754997253418,0.8285806795033598,0.6,0,0,0.08228754997253418,0.037909507751464844,inf,SEARCH,,,0,,0.0,0.0,False,,0.0,0.0,0.0,False,0.0,0.18282676041126233,2.0528915815676476,SAFE,2.069275665283203,0.999220609664917,19.572830200195312,9.871081352233887,,,1.9139999494655058e-05,0.004272907972335815,,20.020649776069664,0.0007284379998964141,0.0,0.41377381221469856,0.7718200069301674,1.4504828752506753,0.891602070827069,1.268345050020393,2.317581887538965,0.41377381221469856,0.7718200069301674,1.4504828752506753
6.0616326332092285,6.0616326332092285,,False,PERIODIC,True,True,1,TAKEOFF,0.0964293502295275,0.013833876888859375,-2.3431856041898205,-0.016680857548735883,0.019911796799537054,-1.2396262319718114,11.858533263515909,15.487008112498186,-0.004646201463700239,2.2429222928376182,3.3119932953271576,-0.23550639164278062,19.576388224863486,19.436208719615845,2.3385394027261204,4.117264096936969,-4.079649962826721,PREPARATION,False,TAKEOFF,0,False,inf,0.08419537544250488,0.0,True,False,REACQUIRE,0,0.08419537544250488,0.8090702623577956,0.6,0,0,0.08419537544250488,0.01392054557800293,inf,SEARCH,,,0,,0.0,0.0,False,,0.0,0.0,0.0,False,0.0,0.20884263515472412,2.1131856041898205,SAFE,2.1377017974853514,0.999220609664917,19.572830200195312,9.871081352233887,,,4.672000068239868e-05,0.004272907972335815,,20.009665891975825,0.0007454049991792999,0.0,0.41377381221469856,0.7718200069301674,1.2069394841493024,0.891602070827069,1.3398146675059903,2.2011669349354612,0.41377381221469856,0.7718200069301674,1.2069394841493024
6.111704111099243,6.111704111099243,,False,PERIODIC,True,True,1,TAKEOFF,0.09466854460932864,0.015633733466957563,-2.407756383824198,-0.01690238330980687,0.020074280706342776,-1.2472387503493523,11.971755846541782,15.651712357282296,-0.016387407714414742,2.289068894880302,3.28026882960703,-0.23420911866993271,19.780566298459718,19.63548210530773,2.3913689761097836,4.119781677125625,-4.084180750766822,PREPARATION,False,TAKEOFF,0,False,inf,0.08226346969604492,0.0,True,False,REACQUIRE,0,0.08226346969604492,0.785979129797774,0.6,0,0,0.08226346969604492,0.012751340866088867,inf,SEARCH,,,0,,0.0,0.0,False,,0.0,0.0,0.0,False,0.0,0.22913412451744097,2.1777563838241982,SAFE,2.186913776397705,1.0003246068954468,19.5737247467041,11.889437675476074,,,1.135300044552423e-05,0.004272907972335815,,20.01843694885528,0.0006600420001632301,0.0,0.41377381221469856,0.7718200069301674,1.2069394841493024,0.891602070827069,1.413727827626323,2.322025659114806,0.41377381221469856,0.7718200069301674,1.2069394841493024
6.161724090576172,6.161724090576172,,False,PERIODIC,True,True,1,TAKEOFF,0.09312859165565603,0.0174101575493361,-2.4703149876310397,-0.017023779622938783,0.020176491333089724,-1.2545474603300262,12.087532599414054,15.815117464360771,-0.028050660967798055,2.3359778602024175,3.24703055677709,-0.23146290395848693,19.984942799375382,19.835152725729493,2.4422643266632416,4.1226091114947145,-4.0879972528318635,PREPARATION,False,TAKEOFF,0,False,inf,0.08417296409606934,0.0,True,False,REACQUIRE,0,0.08417296409606934,0.7627864610099356,0.6,0,0,0.08417296409606934,0.03838610649108887,inf,SEARCH,,,0,,0.0,0.0,False,,0.0,0.0,0.0,False,0.0,0.2637718230485917,2.2403149876310398,SAFE,2.2661645889282225,1.0003246068954468,19.5737247467041,11.889437675476074,,,4.110100053367205e-05,0.004272907972335815,,20.017954215193864,0.0006986789994698483,0.0,0.41377381221469856,0.7718200069301674,0.9399508844639881,0.891602070827069,1.4903794171558953,2.3256530633637036,0.41377381221469856,0.7718200069301674,0.9399508844639881
6.21222448348999,6.21222448348999,,False,PERIODIC,True,True,1,TAKEOFF,0.09175334585108032,0.019253780359901135,-2.529827857501763,-0.017268092615695757,0.02021637895165883,-1.2611237832898385,12.20504434731103,15.975971573964035,-0.03948042618884897,2.3832904235240946,3.212464281068093,-0.22731162896581586,20.187879828239026,20.03368816845199,2.490347431312914,4.1257599819192246,-4.091118776167007,PREPARATION,False,TAKEOFF,0,False,inf,0.08226442337036133,0.0,True,False,REACQUIRE,0,0.08226442337036133,0.7353441749446735,0.6,0,0,0.08226442337036133,0.03687548637390137,inf,SEARCH,,,0,,0.0,0.0,False,,0.0,0.0,0.0,False,0.0,0.28691408038139343,2.299827857501763,SAFE,2.315973329544067,0.9998760223388672,19.565885543823242,12.447596549987793,,,0.019103337079286575,0.0026795610319823027,,20.020171965148744,0.0007225270001072204,0.0,0.41377381221469856,0.7718200069301674,1.0958431417008256,0.891602070827069,1.5692020551620158,2.3371662650298237,0.41377381221469856,0.7718200069301674,1.0958431417008256
6.262141704559326,6.262141704559326,,False,PERIODIC,True,True,1,TAKEOFF,0.09034846424486888,0.02139964139236451,-2.5919875842498876,-0.017450616107779496,0.02027251244011151,-1.2676450053052262,12.325982071206596,16.136442296399164,-0.05076482105858238,2.431653499212952,3.1760134224787846,-0.2217157339115542,20.39272278703022,20.233767062425617,2.541222763191305,4.129258977072128,-4.093576916567331,PREPARATION,False,TAKEOFF,0,False,inf,0.08442354202270508,0.0,True,False,REACQUIRE,0,0.08442354202270508,0.7084651225470657,0.6,0,0,0.08442354202270508,0.012265920639038086,inf,SEARCH,,,0,,0.0,0.0,False,,0.0,0.0,0.0,False,0.0,0.32055785655975333,2.3619875842498876,SAFE,2.385921049118042,0.9998760223388672,19.565885543823242,12.447596549987793,,,4.257999898982234e-05,0.0026795610319823027,,19.96378491298574,0.001259352000488434,0.0,0.41377381221469856,0.7718200069301674,0.9055960496399318,0.891602070827069,1.5692020551620158,2.255162421598711,0.41377381221469856,0.7718200069301674,0.9055960496399318
6.312237024307251,6.312237024307251,,False,PERIODIC,True,True,1,TAKEOFF,0.08895151639835837,0.023682019056164228,-2.6557226889698815,-0.017484154094371276,0.020324536516825118,-1.2739803894645272,12.448239249299213,16.293616390989555,-0.061635808611705346,2.480188696815318,3.1382581200706765,-0.21480906599773866,20.595923006131567,20.431905386714504,2.594086880358176,4.133004160907497,-4.095257814697711,PREPARATION,False,TAKEOFF,0,False,inf,0.08221673965454102,0.0,True,False,REACQUIRE,0,0.08221673965454102,0.6773780190521098,0.6,0,0,0.08221673965454102,0.018663883209228516,inf,SEARCH,,,0,,0.0,0.0,False,,0.0,0.0,0.0,False,0.0,0.34512590765953055,2.4257226889698815,SAFE,2.4361098289489744,0.9991903901100159,19.5379695892334,12.447596549987793,,,1.2157000128354412e-05,0.0026795610319823027,,19.896372394666923,0.0008998939993034583,0.0,0.41377381221469856,0.7718200069301674,0.7038510863294472,0.891602070827069,1.5692020551620158,2.274022833561924,0.41377381221469856,0.7718200069301674,0.7038510863294472
6.361527681350708,6.361527681350708,,False,PERIODIC,True,True,1,TAKEOFF,0.08756416545390551,0.026123521625404385,-2.720414146022546,-0.017743582420349964,0.020246015873293485,-1.280231274458517,12.573664228323018,16.449772170016185,-0.07219029915425314,2.5295905996672925,3.098575704751276,-0.2065376810974024,20.800288922245535,20.631018629863345,2.6482238468682926,4.137371513543887,-4.096436161143725,PREPARATION,False,TAKEOFF,0,False,inf,0.08417963981628418,0.0,True,False,REACQUIRE,0,0.08417963981628418,0.6472550001740681,0.6,0,0,0.08417963981628418,0.020528793334960938,inf,SEARCH,,,0,,0.0,0.0,False,,0.0,0.0,0.0,False,0.0,0.3858025789260866,2.490414146022546,SAFE,2.516642618179321,0.9991903901100159,19.5379695892334,12.447596549987793,,,3.616699905251153e-05,0.0026795610319823027,,19.978899903905866,0.0009497500004727044,0.0,0.41377381221469856,0.7718200069301674,0.7038510863294472,0.891602070827069,1.5692020551620158,2.3836149001534452,0.41377381221469856,0.7718200069301674,0.7038510863294472
6.411747217178345,6.411747217178345,,False,PERIODIC,True,True,1,TAKEOFF,0.08624339029837251,0.028435094733992188,-2.7797405273457674,-0.017830301479700706,0.020127083043810102,-1.2857952107997084,12.701294556009977,16.60356218230774,-0.08227685497469593,2.5794323893284767,3.0572092746299178,-0.19701142155398202,21.003586935247615,20.829650834393327,2.6974636723710717,4.141870575384737,-4.096518371842956,PREPARATION,False,TAKEOFF,0,False,inf,0.08232426643371582,0.0,True,False,REACQUIRE,0,0.08232426643371582,0.613845435068528,0.6,0,0,0.08232426643371582,0.021131515502929688,inf,SEARCH,,,0,,0.0,0.0,False,,0.0,0.0,0.0,False,0.0,0.4116805374622343,2.5497405273457674,SAFE,2.5671549320220945,1.000321865081787,19.694934844970703,11.436103820800781,,,2.3423999664373696e-05,0.0026795610319823027,,20.00253408311672,0.0007399239993901574,0.0,0.319841187251455,0.7718200069301674,0.9856978151777342,0.38010855247973524,1.5692020551620158,2.401122084788518,0.319841187251455,0.7718200069301674,0.9856978151777342
6.461985349655151,6.461985349655151,,False,PERIODIC,True,True,1,TAKEOFF,0.0846584901536917,0.03078476363370262,-2.843498889662491,-0.017933336931856603,0.01969391736414499,-1.2914804220718943,12.831852924117982,16.75572682579736,-0.09188697941860471,2.629944526470824,3.013866584254544,-0.18623566219542223,21.208159303075252,21.028900421087673,2.7516119102438865,4.147034255692363,-4.096139685845059,PREPARATION,False,TAKEOFF,0,False,inf,0.08407783508300781,0.0,True,False,REACQUIRE,0,0.08407783508300781,0.5817980403919168,0.5817980403919168,0,0,0.08407783508300781,0.02377939224243164,inf,SEARCH,,,0,,0.0,0.0,False,,0.0,0.0,0.0,False,0.0,0.44696317370789806,2.613498889662491,SAFE,2.638186979293823,1.000321865081787,19.694934844970703,11.436103820800781,,,6.0461999964900315e-05,0.0026795610319823027,,20.04548707385424,0.0005123810005898122,0.0,0.25673166342798204,0.7718200069301674,0.860882364463591,0.3617445276760655,1.5692020551620158,2.430846617231039,0.25673166342798204,0.7718200069301674,0.860882364463591
6.51169490814209,6.51169490814209,,False,PERIODIC,True,True,1,TAKEOFF,0.08282593484936138,0.032980171284441175,-2.9110798026579894,-0.018112077683035077,0.01882637787648382,-1.2974105283121578,12.965230699780108,16.905976560663063,-0.1009456736756578,2.6810243618172382,2.968519558861365,-0.17428033711879978,21.41380894437899,21.228621238401104,2.8101341289823316,4.153004792599805,-4.095379632427899,PREPARATION,False,TAKEOFF,0,False,inf,0.08219313621520996,0.0,True,False,REACQUIRE,0,0.08219289779663086,0.5459908019020596,0.5459908019020596,0,0,0.08219289779663086,0.0335085391998291,inf,SEARCH,,,0,,0.0,0.0,False,,0.0,0.0,0.0,False,0.0,0.47151502489855845,2.6810798026579894,SAFE,2.6892860412597654,0.9998962879180908,19.70635223388672,7.3059892654418945,,,0.007783717941492796,0.0030238518957048655,,20.005833168274453,0.0007268890003615525,0.0,0.3107149595027099,0.7718200069301674,0.9909928352408127,0.3819879151818454,1.5692020551620158,2.38810644441135,0.3107149595027099,0.7718200069301674,0.9909928352408127
6.56171178817749,6.56171178817749,,False,PERIODIC,True,True,1,TAKEOFF,0.0809224178698056,0.03477196742878884,-2.9761009767565745,-0.018499081621294888,0.017545725397004903,-1.3033187291607373,13.10057966643133,17.05325232819594,-0.10934061167500371,2.7322864155078603,2.921405645170011,-0.1613004440151646,21.618475053773807,21.42755582561478,2.866760365081571,4.159739060143919,-4.094065834334362,PREPARATION,False,TAKEOFF,0,False,inf,0.08414101600646973,0.0,True,False,REACQUIRE,0,0.08414101600646973,0.5135070898927879,0.5135070898927879,0,0,0.08414101600646973,0.03681826591491699,inf,SEARCH,,,0,,0.0,0.0,False,,0.0,0.0,0.0,False,0.0,0.5116857505866088,2.7461009767565745,SAFE,2.7715480804443358,0.9998962879180908,19.70635223388672,7.3059892654418945,,,5.647299985866994e-05,0.0030238518957048655,,20.033020439057513,0.0005742660005125799,0.0,0.3431395124535617,0.7718200069301674,0.9909928352408127,0.39227433083832197,1.5692020551620158,2.4916122839797175,0.3431395124535617,0.7718200069301674,0.9909928352408127
6.611675262451172,6.611675262451172,,False,PERIODIC,True,True,1,TAKEOFF,0.07897434939436894,0.03611477905755834,-3.0379593411364123,-0.018943442053260384,0.01592849046498153,-1.3089117575862925,13.238293108577608,17.19790731026017,-0.11705025002235686,2.7838164954769145,2.8723449861586317,-0.1473473851665046,21.82261448608728,21.62625240511711,2.9209090911140554,4.166990551413564,-4.091923206427545,PREPARATION,False,TAKEOFF,0,False,inf,0.08221745491027832,0.0,True,False,REACQUIRE,0,0.08221745491027832,0.47707781944603156,0.47707781944603156,0,0,0.08221745491027832,0.02467823028564453,inf,SEARCH,,,0,,0.0,0.0,False,,0.0,0.0,0.0,False,0.0,0.5359763106126123,2.8079593411364123,SAFE,2.8232436656951903,0.9999042749404907,19.688037872314453,8.284733772277832,,,0.008945978246629238,0.0030238518957048655,,20.008068326695927,0.0005170060003365506,0.0,0.3840794935537434,0.7718200069301674,1.5100983814747406,0.42114416600002497,1.5692020551620158,2.472995387349222,0.3840794935537434,0.7718200069301674,1.5100983814747406
6.6615211963653564,6.6615211963653564,,False,PERIODIC,True,True,1,TAKEOFF,0.07688098130796264,0.03721198526884061,-3.1025459436915908,-0.019304859005602755,0.014061242382869876,-1.3146864537479646,13.378181813173711,17.339658233261893,-0.12402127548709625,2.8354740486385115,2.8213625997906626,-0.1325320546952059,22.02659436189771,21.8242812020117,2.9785246682044946,4.174708677983788,-4.08899026589924,PREPARATION,False,TAKEOFF,0,False,inf,0.08417701721191406,0.0,True,False,REACQUIRE,0,0.08417701721191406,0.4437458221739566,0.4437458221739566,0,0,0.08417701721191406,0.03540635108947754,inf,SEARCH,,,0,,0.0,0.0,False,,0.0,0.0,0.0,False,0.0,0.5702185599811385,2.8725459436915908,SAFE,2.895940589904785,0.9999042749404907,19.688037872314453,8.284733772277832,,,1.9380000594537705e-05,0.0030238518957048655,,19.970398659815388,0.0010290370000802795,0.0,0.41830889797921006,0.7718200069301674,1.5857601205056493,0.4571905012474361,1.5692020551620158,2.5204898409520813,0.41830889797921006,0.7718200069301674,1.5857601205056493
6.711707830429077,6.711707830429077,,False,PERIODIC,True,True,1,TAKEOFF,0.07462831396726703,0.03825212978055577,-3.1705466133032765,-0.019611242382374834,0.012157989393388602,-1.3205141161039748,13.522389884691755,17.480488356690586,-0.1303045728988671,2.887959798311451,2.767614171689559,-0.11671258013779665,22.233240148989292,22.024393200685168,3.0402420404044093,4.182779729704888,-4.0849416090069885,PREPARATION,False,TAKEOFF,0,False,inf,0.08219695091247559,0.0,True,False,REACQUIRE,0,0.08219671249389648,0.4076230689186633,0.4076230689186633,0,0,0.08219671249389648,0.03530478477478027,inf,SEARCH,,,0,,0.0,0.0,False,,0.0,0.0,0.0,False,0.0,0.5935437443856038,2.9405466133032765,SAFE,2.948060083389282,0.9992178678512573,20.710134506225586,8.922672271728516,,,1.3202000445744488e-05,0.0021574129350483418,,20.00013451917676,0.0006100030004745349,0.0,0.4557614641392952,0.7718200069301674,1.5857601205056493,0.48985450285302046,1.5692020551620158,2.6213842768395508,0.4557614641392952,0.7718200069301674,1.5857601205056493
6.761481285095215,6.761481285095215,,False,PERIODIC,True,True,1,TAKEOFF,0.07235816542407673,0.03914011622205641,-3.2361412715409634,-0.019967661401180357,0.010265473379831006,-1.3259886376906678,13.667357945331581,17.616812849225646,-0.13570745322437747,2.939892229063526,2.7123852384003078,-0.1003772915583426,22.436828821961985,22.221579550613924,3.100433818316586,4.190983770842396,-4.079729763343269,PREPARATION,False,TAKEOFF,0,False,inf,0.08425569534301758,0.0,True,False,REACQUIRE,0,0.08425569534301758,0.37451763140542976,0.37451763140542976,0,0,0.08425569534301758,0.03915262222290039,inf,SEARCH,,,0,,0.0,0.0,False,,0.0,0.0,0.0,False,0.0,0.630701893286552,3.0061412715409634,SAFE,3.031840133666992,0.9992178678512573,20.710134506225586,8.922672271728516,,,1.879900082712993e-05,0.0021574129350483418,,19.998769333929594,0.000835398000162968,0.0,0.48981060347169475,0.7718200069301674,2.257766905153613,0.5215154826983645,1.5692020551620158,2.6384070498568692,0.48981060347169475,0.7718200069301674,2.257766905153613
6.811658143997192,6.811658143997192,,False,PERIODIC,True,True,1,TAKEOFF,0.07016679399239145,0.0398437156135598,-3.299165697394965,-0.02017458488656476,0.008344362405722928,-1.33119925727888,13.81511603717128,17.750517630273393,-0.14028771455701186,2.991919705969968,2.6548853973436564,-0.08340554490008502,22.640011270302725,22.418554819813345,3.1588779828379527,4.199271438627529,-4.073087040427433,PREPARATION,False,TAKEOFF,0,False,inf,0.08227944374084473,0.0,True,False,REACQUIRE,0,0.08227944374084473,0.3400075635133744,0.3400075635133744,0,0,0.08227944374084473,0.04009079933166504,inf,SEARCH,,,0,,0.0,0.0,False,,0.0,0.0,0.0,False,0.0,0.6521585695218386,3.069165697394965,SAFE,3.084518241882324,1.0007150173187256,20.047115325927734,10.542448997497559,,,1.7735001165419817e-05,0.0021574129350483418,,19.971679891856102,0.0010151489996133023,0.0,0.5215764629816471,0.7718200069301674,2.257766905153613,0.5581623255271198,1.5692020551620158,2.740489888749157,0.5215764629816471,0.7718200069301674,2.257766905153613
6.86183762550354,6.86183762550354,,False,PERIODIC,True,True,1,TAKEOFF,0.06792377718292579,0.04040783534294404,-3.3654626085304353,-0.020195513865302783,0.006355577837484343,-1.336725310334798,13.966228680736847,17.881953837045216,-0.14402584457375756,3.0441326385996734,2.5948519184362313,-0.06583409785998941,22.844283699586228,22.616004132538738,3.2214367639566777,4.20780047117591,-4.065167479953452,PREPARATION,False,TAKEOFF,0,False,inf,0.0843050479888916,0.0,True,False,REACQUIRE,0,0.0843050479888916,0.30882365713197785,0.30882365713197785,0,0,0.0843050479888916,0.03959178924560547,inf,SEARCH,,,0,,0.0,0.0,False,,0.0,0.0,0.0,False,0.0,0.681471960764477,3.1354626085304353,SAFE,3.1587522506713865,1.0007150173187256,20.047115325927734,10.542448997497559,,,3.9653001294936985e-05,0.0021574129350483418,,19.959104908317645,0.0011561490000531194,0.0,0.5541400399599428,0.7718200069301674,2.257766905153613,0.5963918267612793,1.5692020551620158,2.8586241364709752,0.5541400399599428,0.7718200069301674,2.257766905153613
6.913912534713745,6.913912534713745,,False,PERIODIC,True,True,1,TAKEOFF,0.06559388453070282,0.040875372382231254,-3.434366942046514,-0.020225592472761615,0.00422920208997068,-1.3420121712978395,14.119238389608192,18.00974406544332,-0.14686249477308497,3.0959214076447372,2.532838454715781,-0.047939088525542434,23.04762138430793,22.811952261557224,3.287504447273429,4.216498787188482,-4.056112310143513,PREPARATION,False,TAKEOFF,0,False,inf,0.08220410346984863,0.0,True,False,REACQUIRE,0,0.08220410346984863,0.27612792884352094,0.27612792884352094,0,0,0.08220410346984863,0.038483381271362305,inf,SEARCH,,,0,,0.0,0.0,False,,0.0,0.0,0.0,False,0.0,0.7005502556355538,3.204366942046514,SAFE,3.2121561050415037,1.0006098747253418,19.964027404785156,11.127397537231445,,,0.014068737626075745,0.003273526905104518,,20.0232454422315,0.0005786920000900864,0.0,0.5956212529598967,0.7133513961606556,2.257766905153613,0.6370832514871877,0.8656955824826508,2.9792986223192317,0.5956212529598967,0.7133513961606556,2.257766905153613
6.9621570110321045,6.9621570110321045,,False,PERIODIC,True,True,1,TAKEOFF,0.06336392193945553,0.04130851572110418,-3.500900125080282,-0.01980688811239418,0.0023032971275945,-1.3470256509317509,14.27558344979419,18.13498414370802,-0.14880667220466934,3.1476606747183395,2.4682447765227193,-0.029661622314680204,23.25090992102362,23.00800472963145,3.3520934528756126,4.224827348576564,-4.045029517164098,PREPARATION,False,TAKEOFF,0,False,inf,0.08418917655944824,0.0,True,False,REACQUIRE,0,0.08418917655944824,0.24810282907821507,0.24810282907821507,0,0,0.08418917655944824,0.01734638214111328,inf,SEARCH,,,0,,0.0,0.0,False,,0.0,0.0,0.0,False,0.0,0.7300117567910802,3.270900125080282,SAFE,3.2980628490447996,1.0006098747253418,19.964027404785156,11.127397537231445,,,4.256999818608165e-05,0.003273526905104518,,20.027713978751343,0.0007465420003427425,0.0,0.6189377037805053,0.467322491695976,2.257766905153613,0.6749917550127437,0.8645426000917679,3.1041772000788224,0.6189377037805053,0.467322491695976,2.257766905153613
7.011718273162842,7.011718273162842,,False,PERIODIC,True,True,1,TAKEOFF,0.061181609805250864,0.0417920547583136,-3.5673596550732385,-0.019391797520078902,0.0006350348143385633,-1.3517243085722792,14.434777507348187,18.257133151581375,-0.14983135710110532,3.1990606243500634,2.4012519904693432,-0.011169723736244657,23.453750445651853,23.203424538189925,3.417528297972133,4.233023075125507,-4.032198375492167,PREPARATION,False,TAKEOFF,0,False,inf,0.08227014541625977,0.0,True,False,REACQUIRE,0,0.08227014541625977,0.21909727061222556,0.21909727061222556,0,0,0.08227014541625977,0.03510403633117676,inf,SEARCH,,,0,,0.0,0.0,False,,0.0,0.0,0.0,False,0.0,0.7463270022867441,3.3373596550732385,SAFE,3.3520391464233397,0.9996021389961243,20.019847869873047,12.181137084960938,,,0.007617651019245386,0.003273526905104518,,20.003939952869167,0.0006592129993805429,0.0,0.6521965657933532,0.6892181094904551,2.257766905153613,0.7125799961656039,0.8996944685510839,3.2327653738565374,0.6521965657933532,0.6892181094904551,2.257766905153613
7.061757326126099,7.061757326126099,,False,PERIODIC,True,True,1,TAKEOFF,0.05899297251639051,0.04226455846091815,-3.634440206501808,-0.01895197899273298,-0.0005457305299995109,-1.352740401092772,14.595183456065847,18.37489300027095,-0.14992921959652222,3.2494847042825263,2.332562787286529,0.007237453438740716,23.65434243806747,23.39628387927228,3.484510986905286,4.23976573330456,-4.017084296801461,PREPARATION,False,TAKEOFF,0,False,inf,0.08421993255615234,0.0,True,False,REACQUIRE,0,0.08421993255615234,0.19364424523874216,0.19364424523874216,0,0,0.08421993255615234,0.03608059883117676,inf,SEARCH,,,0,,0.0,0.0,False,,0.0,0.0,0.0,False,0.0,0.7677500143605513,3.4044402065018082,SAFE,3.4278233528137205,0.9996021389961243,20.019847869873047,12.181137084960938,,,3.4167998819611967e-05,0.003273526905104518,,19.9899703706528,0.0005670179998560343,0.0,0.6873110034798962,0.8674514615985316,2.257766905153613,0.7518942062184198,0.9645675567991027,3.3641489884566256,0.6873110034798962,0.8674514615985316,2.257766905153613
7.113257169723511,7.113257169723511,,False,PERIODIC,True,True,1,TAKEOFF,0.05678777417857838,0.04276705199950865,-3.7043381734441656,-0.018309874633184134,-0.001358782281720043,-1.3420527329263643,14.75924124659096,18.489975178694653,-0.14910296118153316,3.2995777661018995,2.2611471790765854,0.02572976691179671,23.855844633811866,23.589438861025464,3.5552352122626325,4.242421547723424,-3.9982149863861425,PREPARATION,False,TAKEOFF,0,False,inf,0.08227181434631348,0.0,True,False,REACQUIRE,0,0.08227181434631348,0.146370448058341,0.146370448058341,1,0,0.08227181434631348,0.029235363006591797,inf,SEARCH,,,0,,0.0,0.0,False,,0.0,0.0,0.0,False,0.0,0.7801969734331378,3.4743381734441656,SAFE,3.4818678379058836,0.9980724453926086,19.999839782714844,11.673487663269043,,,3.4167998819611967e-05,0.003273526905104518,,19.93746844576274,0.0012479779998102458,0.0,0.7202473952810836,0.9767645198381527,2.257766905153613,0.789525835078991,1.0292196052117923,3.499853657765809,0.7202473952810836,0.9767645198381527,2.257766905153613
7.161758661270142,7.161758661270142,,False,PERIODIC,True,True,1,TAKEOFF,0.05470668094251052,0.04323252176607255,-3.772005112470393,-0.017992287354360897,-0.0018134848299925714,-1.3208630161718156,14.925532213463882,18.601256460950836,-0.1473571192716405,3.348767350016122,2.1876373637936424,0.04403498264052501,24.05576391679641,23.781120758829772,3.6246479931987525,4.241663827029166,-3.9759972521691913,PREPARATION,False,TAKEOFF,0,False,inf,0.0842440128326416,0.0,True,False,REACQUIRE,0,0.0842440128326416,0.146370448058341,0.146370448058341,1,0,0.0842440128326416,0.006203889846801758,inf,SEARCH,,,0,,0.0,0.0,False,,0.0,0.0,0.0,False,0.0,0.8014274649938629,3.542005112470393,SAFE,3.5676293849945067,0.9980724453926086,19.999839782714844,11.673487663269043,,,4.136200004722923e-05,0.003273526905104518,,19.9282548799255,0.0008386819999941508,0.0,0.7546636865493198,0.9783407045209672,2.257766905153613,0.8305794615811642,1.0837812846117818,3.639094779483055,0.7546636865493198,0.9783407045209672,2.257766905153613
7.211693286895752,7.211693286895752,,False,PERIODIC,True,True,1,TAKEOFF,0.052805677589866186,0.043781164534576054,-3.8348489445859713,-0.017464311946896707,-0.0020256977026968017,-1.2940005372116439,15.094091129677764,18.70870146644168,-0.14470500146135137,3.3969412070213503,2.112058341059814,0.0620506810430959,24.253591079440472,23.97122270406195,3.6901439431246197,4.2386780105879,-3.9507667969984563,PREPARATION,False,TAKEOFF,0,False,inf,0.08233499526977539,0.0,True,False,REACQUIRE,0,0.08233499526977539,0.12539512554180396,0.12539512554180396,2,0,0.08233499526977539,0.03072500228881836,inf,SEARCH,,,0,,0.0,0.0,False,,0.0,0.0,0.0,False,0.0,0.8121515860588469,3.6048489445859713,SAFE,3.6203279972076414,0.9991220235824585,20.22891616821289,15.832850456237793,,,0.014507223851978779,0.003976131789386272,,20.015953130207794,0.0007309350003197324,0.0,0.7904609354455843,1.0596704310786824,2.257766905153613,0.8699497179866414,1.1516202465495216,3.7820535048447113,0.7904609354455843,1.0596704310786824,2.257766905153613
7.2617645263671875,7.2617645263671875,,False,PERIODIC,True,True,1,TAKEOFF,0.05095227925664307,0.044357945340910074,-3.8986985392764897,-0.017087879329149843,-0.0022836416001145426,-1.258889391579061,15.265347135243417,18.812504571167693,-0.14115433014449,3.4440912834526354,2.0342652804503096,0.079716251176891,24.450772525341435,24.160321574896518,3.7575442091319995,4.23310261812747,-3.922651728546862,PREPARATION,False,TAKEOFF,0,False,inf,0.0842440128326416,0.0,True,True,TARGET_LOCK,0,0.0842440128326416,0.10801979213810156,0.10801979213810156,3,0,0.0842440128326416,0.03704500198364258,inf,VISION,,,0,,0.0,0.0,False,,0.0,0.0,0.0,False,0.0,0.8258507477928534,3.6686985392764897,SAFE,3.6927390575408934,0.9991220235824585,20.22891616821289,15.832850456237793,,,3.933400148525834e-05,0.003976131789386272,,20.071488065299263,0.0008279140001832275,0.0,0.820997172019082,1.1601064323215105,2.257766905153613,0.9103494280415337,1.2384714641324654,3.7820535048447113,0.820997172019082,1.1601064323215105,2.257766905153613
7.31165885925293,7.31165885925293,,False,PERIODIC,True,True,1,TAKEOFF,0.049177792499882085,0.04492204221946702,-3.963725390534021,-0.016591037239311792,-0.002214068585966616,-1.2159393683325792,15.438632902820906,18.91219472603342,-0.13673942962506697,3.489906795103735,1.954622869376284,0.0968600497767149,24.6466048100539,24.34767559990025,3.826985960908954,4.2247106601740265,-3.89129994874773,PREPARATION,False,TAKEOFF,0,False,inf,0.08225750923156738,0.0,True,True,TRACKING,0,0.08225750923156738,0.08968000312004383,0.08968000312004383,3,0,0.08225750923156738,0.02511906623840332,inf,VISION,,,0,,0.0,0.0,False,,0.0,0.0,0.0,False,0.0,0.8341077029644448,3.733725390534021,SAFE,3.7430882930755613,0.999879002571106,19.98832893371582,15.01992416381836,,,0.007762418128550053,0.003976131789386272,,19.988401016227893,0.000817381999695499,0.0,0.8649703438660381,1.1849495113965516,2.257766905153613,0.9522109019075834,1.3070840378486221,3.7820535048447113,0.8649703438660381,1.1849495113965516,2.257766905153613
7.361553430557251,7.361553430557251,,False,PERIODIC,True,True,1,TAKEOFF,0.04774022071126858,0.04537313271406615,-4.024977662935793,-0.01594869290032156,-0.002200141505638445,-1.1699220849589276,15.614848549203316,19.008214310420442,-0.13146052166300293,3.5344955481635942,1.8727896892101181,0.1134690388301406,24.84116911442189,24.534143703050308,3.89351714127279,4.215250164677299,-3.857394528520372,PREPARATION,False,TAKEOFF,0,False,inf,0.0841367244720459,0.0,True,True,TRACKING,0,0.0841367244720459,0.07513173303161996,0.07513173303161996,3,0,0.0841367244720459,0.03703904151916504,inf,VISION,,,0,,0.0,0.0,False,,0.0,0.0,0.0,False,0.0,0.8461247519431638,3.794977662935793,SAFE,3.8209574699401854,0.999879002571106,19.98832893371582,15.01992416381836,,,2.5273000574088655e-05,0.003976131789386272,,20.004165914654976,0.0005150739998498466,0.0,0.8995081812778586,1.217125086880103,2.257766905153613,0.9950578788129992,1.3805129618494996,3.7820535048447113,0.8995081812778586,1.217125086880103,2.257766905153613
7.411647796630859,7.411647796630859,,False,PERIODIC,True,True,1,TAKEOFF,0.04669619293737523,0.04567588694319297,-4.07977848461823,-0.015234799813053373,-0.002266244329665544,-1.1245595477670505,15.792057986843389,19.0994805527029,-0.1254091410352331,3.5772580111457333,1.7897556039006195,0.12926945025882333,25.031998065823483,24.71768375600597,3.954369343582997,4.205880889613473,-3.821829803750735,PREPARATION,False,TAKEOFF,0,False,inf,0.08235359191894531,0.0,True,True,TRACKING,0,0.08235359191894531,0.060427299567806736,0.060427299567806736,3,0,0.08235359191894531,0.02272939682006836,inf,VISION,,,0,,0.0,0.0,False,,0.0,0.0,0.0,False,0.0,0.852292700112669,3.84977848461823,SAFE,3.8678024291992186,0.9994375705718994,19.96260643005371,14.509859085083008,,,1.3702999240194913e-05,0.003966891206800938,,19.999020273118944,0.0007633810000697849,0.0,0.9466976727070122,1.2963967138577899,2.257766905153613,1.0392123989344217,1.4563723548577834,3.7820535048447113,0.9466976727070122,1.2963967138577899,2.257766905153613
7.461578369140625,7.461578369140625,,False,PERIODIC,True,True,1,TAKEOFF,0.045813318063282905,0.045817942578694315,-4.1360170256295845,-0.014111943018401721,-0.0028085049091729412,-1.0759026965259064,15.971913619806664,19.186830117947732,-0.1185675347084906,3.6184923647751384,1.7048498485391697,0.14432310229634465,25.22219098989853,24.900181082048707,4.017449490921094,4.195338140032754,-3.7840378518147753,PREPARATION,False,TAKEOFF,0,False,inf,0.08421611785888672,0.0,True,True,TRACKING,0,0.08421611785888672,0.04825352669737791,0.04825352669737791,3,0,0.08421611785888672,0.041541337966918945,inf,VISION,,,0,,0.0,0.0,False,,0.0,0.0,0.0,False,0.0,0.8600009902051013,3.9060170256295845,SAFE,3.930733013153076,0.9994375705718994,19.96260643005371,14.509859085083008,,,3.297399962320924e-05,0.003966891206800938,,19.966030694238167,0.0008532459996786201,0.0,0.986589370274433,1.2718218212334258,2.257766905153613,1.0884899869266143,1.5256494910737595,3.7820535048447113,0.986589370274433,1.2718218212334258,2.257766905153613
7.514708042144775,7.514708042144775,,False,PERIODIC,True,True,1,TAKEOFF,0.04519614084680612,0.045715415170979413,-4.19123127585024,-0.012708112991174816,-0.0036789232921457028,-1.0244938673490738,16.153589886709682,19.26981123653519,-0.11100379821061367,3.6578993751179487,1.6185710245496554,0.15847269558087262,25.410518796160627,25.08079363219488,4.080227477639626,4.183833662330015,-3.744144406766664,PREPARATION,False,TAKEOFF,0,False,inf,0.0822913646697998,0.0,True,True,TRACKING,0,0.0822913646697998,0.026716367433528614,0.0,3,0,0.0822913646697998,0.04245114326477051,inf,VISION,,,0,,0.0,0.0,False,,0.0,0.0,0.0,False,0.0,0.8627030849456787,3.9612312758502397,SAFE,3.9738443374633787,1.0007177591323853,19.925806045532227,14.695956230163574,,,0.016726279631257057,0.003966891206800938,,19.990767677036263,0.000659332000395807,0.0,1.025631952578074,1.3079038271575658,2.257766905153613,1.129427711201893,1.5888936404956515,3.7820535048447113,1.025631952578074,1.3079038271575658,2.257766905153613
7.561529636383057,7.561529636383057,,False,PERIODIC,True,True,1,TAKEOFF,0.044812137685677184,0.04541485462024504,-4.241892432195425,-0.011339535599588106,-0.0045175731168321815,-0.9735579853291331,16.337895713504295,19.348744573240616,-0.10272457642501426,3.695550788617589,1.530654882312768,0.17169645564149028,25.59718385238161,25.26030701781716,4.139167855770411,4.17245707925769,-3.702400031825832,PREPARATION,False,TAKEOFF,0,False,inf,0.08417034149169922,0.0,True,True,TRACKING,0,0.08417034149169922,0.026716367433528614,0.0,3,0,0.08417034149169922,0.019774198532104492,inf,VISION,,,0,,0.0,0.0,False,,0.0,0.0,0.0,False,0.0,0.869523286819458,4.011892432195425,SAFE,4.0393798828125,1.0007177591323853,19.925806045532227,14.695956230163574,,,3.3650001569185406e-05,0.003966891206800938,,20.001434629846173,0.0006855500005258364,0.0,1.0586784009436265,1.360157489472194,2.257766905153613,1.173555613978988,1.6605760290877598,3.7820535048447113,1.0586784009436265,1.360157489472194,2.257766905153613
7.6117260456085205,7.6117260456085205,,False,PERIODIC,True,True,1,TAKEOFF,0.04448497395000914,0.04496937735231394,-4.288699932157371,-0.010341368371940366,-0.005277295597707604,-0.9247897514158296,16.523410522313167,19.422999220588324,-0.09383979631019894,3.7310718079039513,1.4419095548141492,0.1838173528769644,25.780998417306517,25.437433593698902,4.194860135847172,4.161914469003935,-3.6596158680307207,PREPARATION,False,TAKEOFF,0,False,inf,0.13457274436950684,0.0,True,False,REACQUIRE,0,0.13457274436950684,0.009603031212140236,0.0,3,0,0.13457274436950684,0.07017660140991211,inf,SEARCH,,,0,,0.0,0.0,False,,0.0,0.0,0.0,False,0.0,0.8729304075241089,4.058699932157371,SAFE,4.078129577636719,1.000154733657837,20.044069290161133,14.598495483398438,,,4.6141998609527946e-05,0.0035662269219756126,,19.999662706140757,0.0007306509996851673,0.0,1.1091683897598033,1.4271562303337835,2.257766905153613,1.2197587005874677,1.7358150317518977,3.7820535048447113,1.1091683897598033,1.4271562303337835,2.257766905153613
7.661684274673462,7.661684274673462,,False,PERIODIC,True,True,1,TAKEOFF,0.044179938667063386,0.04435639042945233,-4.333492113767956,-0.009311716182827735,-0.005880335560184351,-0.8750742748493338,16.710405804983257,19.492709248455753,-0.08438998647466145,3.764460604993374,1.3523447613138155,0.19479350300615259,25.962595833343304,25.612526496176958,4.249102127293294,4.1509938578547,-3.6150376052797624,PREPARATION,False,TAKEOFF,0,False,inf,inf,0.0,True,False,REACQUIRE,0,0.18416404724121094,0.009603031212140236,0.0,3,0,inf,inf,inf,SEARCH,,,0,,0.0,0.0,False,,0.0,0.0,0.0,False,0.0,0.8766316175460815,4.103492113767955,SAFE,4.129564571380615,1.000154733657837,20.044069290161133,14.598495483398438,,,3.7322999560274184e-05,0.0035662269219756126,,19.988390989196375,0.0006446649995268672,0.0,1.1527222491931215,1.4555161267544883,2.257766905153613,1.274157915812186,1.8027104740412256,3.7820535048447113,1.1527222491931215,1.4555161267544883,2.257766905153613
7.711631774902344,7.711631774902344,,False,PERIODIC,True,True,1,TAKEOFF,0.04391258106604083,0.04357676695388908,-4.378083983325248,-0.008568766468927982,-0.006543760799397261,-0.8210243646058459,16.899549316189184,19.558109577719655,-0.07439322308040237,3.7957739290679013,1.2617845614083347,0.2045997542265894,26.14290027385453,25.786226567082014,4.303690760244845,4.139273476243085,-3.5684419562062235,PREPARATION,False,TAKEOFF,0,False,inf,inf,0.0,True,False,REACQUIRE,0,0.23427438735961914,0.001852067976589872,0.0,3,0,inf,inf,inf,SEARCH,,,0,,0.0,0.0,False,,0.0,0.0,0.0,False,0.0,0.878584623336792,4.148083983325248,SAFE,4.164247322082519,1.0007721185684204,19.8989315032959,14.480087280273438,,,6.897200364619493e-05,0.0035662269219756126,,19.971304513880362,0.000675061000038113,0.0,1.1868903615810886,1.5137658518826853,2.257766905153613,1.3088916888459687,1.8714346567383668,3.7820535048447113,1.1868903615810886,1.5137658518826853,2.257766905153613
7.762057065963745,7.762057065963745,,False,PERIODIC,True,True,1,TAKEOFF,0.043718860996108305,0.04271959744582644,-4.418700083396622,-0.007955408524417992,-0.007200765232396149,-0.7677315632297026,17.09027423776655,19.618985949241964,-0.06393325727727354,3.82486350285279,1.1706490441394823,0.21314576710502156,26.320700002082702,25.957951662058523,4.354766826119349,4.127947591480869,-3.5206416798908267,PREPARATION,False,TAKEOFF,0,False,inf,inf,0.0,True,False,REACQUIRE,0,0.28427958488464355,-0.004321469985013684,0.0,3,0,inf,inf,inf,SEARCH,,,0,,0.0,0.0,False,,0.0,0.0,0.0,False,0.0,0.8806752562522888,4.188700083396622,SAFE,4.216116714477539,1.0007721185684204,19.8989315032959,14.480087280273438,,,4.880299820797518e-05,0.0035662269219756126,,20.007887486323185,0.000762289000704186,0.0,1.2221063038273583,1.527012791790414,2.257766905153613,1.3536040908993878,1.9417022217818127,3.7820535048447113,1.2221063038273583,1.527012791790414,2.257766905153613
7.811690330505371,7.811690330505371,,False,PERIODIC,True,True,1,TAKEOFF,0.043642904933714324,0.04179629016451875,-4.454262647145985,-0.007432499816848122,-0.008003128969971091,-0.7192236292459179,17.28218997537258,19.675233118714427,-0.053090211417879694,3.8516444775366456,1.0792751357561525,0.22036783041955602,26.49546500081493,26.127367774048658,4.401172435728105,4.117946242140847,-3.472563824730239,PREPARATION,False,TAKEOFF,0,False,inf,inf,0.0,True,False,REACQUIRE,0,0.3343186378479004,-0.01049467856166317,0.0,3,0,inf,inf,inf,SEARCH,,,0,,0.0,0.0,False,,0.0,0.0,0.0,False,0.0,0.8815150856971741,4.224262647145984,SAFE,4.246241855621338,1.0008164644241333,19.918746948242188,14.606178283691406,,,3.045899939024821e-05,0.002594046061858535,,20.026989215722985,0.0007637429998794687,0.0,1.2743372389358023,1.6230542713428107,2.257766905153613,1.4012413318637114,2.01198897217763,3.7820535048447113,1.2743372389358023,1.6230542713428107,2.257766905153613
7.8617072105407715,7.8617072105407715,,False,PERIODIC,True,True,1,TAKEOFF,0.04351859842638742,0.04074968013069131,-4.488827756647659,-0.007286580708878722,-0.008855203177865624,-0.6686281773382501,17.476298077917722,19.727139677213714,-0.041866702202089566,3.876230228636307,0.9873394627007102,0.22625563617489886,26.668918502961088,26.29554622931086,4.446961054445569,4.107909889527687,-3.423141523512562,PREPARATION,False,TAKEOFF,0,False,inf,inf,0.0,True,False,REACQUIRE,0,0.3841238021850586,-0.014815476667689065,0.0,3,0,inf,inf,inf,SEARCH,,,0,,0.0,0.0,False,,0.0,0.0,0.0,False,0.0,0.8821303248405457,4.2588277566476584,SAFE,4.285663414001465,1.0008164644241333,19.918746948242188,14.606178283691406,,,6.378199759637937e-05,0.002594046061858535,,19.991198951018514,0.0006635019999521319,0.0,1.3032655418720733,1.6515575916033352,2.257766905153613,1.4435372116900482,2.0827468507071094,3.7820535048447113,1.3032655418720733,1.6515575916033352,2.257766905153613
7.91156792640686,7.91156792640686,,False,PERIODIC,True,True,1,TAKEOFF,0.04324113369211854,0.03952794606539127,-4.522522104856515,-0.007542075674515752,-0.009636971987667727,-0.6142612584971547,17.670954562963754,19.77428472930355,-0.030419820347164624,3.8984091814250106,0.8957710947452932,0.2307233776135606,26.83981909351444,26.4612340233423,4.49210228450935,4.097586853918492,-3.3724800645743276,PREPARATION,False,TAKEOFF,0,False,inf,inf,0.0,True,False,REACQUIRE,0,0.43421268463134766,-0.02014779595937518,0.0,3,0,inf,inf,inf,SEARCH,,,0,,0.0,0.0,False,,0.0,0.0,0.0,False,0.0,0.8822557926177979,4.2925221048565145,SAFE,4.311800289154053,0.998844563961029,19.95988655090332,15.762958526611328,,,0.002066484885290265,0.002594046061858535,,19.987403375887236,0.0004405390000101761,0.0,1.3446436789810405,1.7551354235200451,2.8202846280012794,1.4866642319217103,2.1543875751795767,3.1263035072520453,1.3446436789810405,1.7551354235200451,2.8202846280012794
7.961894273757935,7.961894273757935,,False,PERIODIC,True,True,1,TAKEOFF,0.042814894460308166,0.03814897555746754,-4.551626237461868,-0.008185107411032138,-0.010628959223408908,-0.5625223501734211,17.86513312315621,19.816536407310302,-0.018876145812352512,3.9181214642241136,0.8051858118386656,0.23374637501313172,27.006766926805092,26.623666848227813,4.532750091649516,4.088457033877036,-3.322155264935853,PREPARATION,False,TAKEOFF,0,False,inf,inf,0.0,True,False,REACQUIRE,0,0.48426055908203125,-0.024843494706707662,0.0,3,0,inf,inf,inf,SEARCH,,,0,,0.0,0.0,False,,0.0,0.0,0.0,False,0.0,0.8819869756698608,4.321626237461867,SAFE,4.350023555755615,0.998844563961029,19.95988655090332,15.762958526611328,,,4.1095001506619155e-05,0.002594046061858535,,19.989248336732942,0.0006352769996738061,0.0,1.3706684281656496,1.7985683228222045,1.4905045184963646,1.5240708063067043,2.24019332065654,3.1812313692215812,1.3706684281656496,1.7985683228222045,1.4905045184963646
8.011850595474243,8.011850595474243,,False,PERIODIC,True,True,1,TAKEOFF,0.04218079182501313,0.03666331260308491,-4.577480548358864,-0.009583343373950743,-0.011636079039956662,-0.5141657240545616,18.06103883884428,19.85444433134887,-0.0071694779560208585,3.93563470475734,0.7146883731456711,0.23535015795675407,27.17188681534351,26.784766002815697,4.570311070402843,4.080939440193989,-3.2720577799030734,PREPARATION,False,TAKEOFF,0,False,inf,inf,0.0,True,False,REACQUIRE,0,0.5342435836791992,-0.029288004324332612,0.0,3,0,inf,inf,inf,SEARCH,,,0,,0.0,0.0,False,,0.0,0.0,0.0,False,0.0,0.8816058039665222,4.347480548358863,SAFE,4.371751594543457,0.9970248937606812,19.84054183959961,17.335723876953125,,,3.356299930601381e-05,0.0032143830321729183,,20.025907201878457,0.0005069019998700242,0.0,1.4097209895276812,1.8474211629255577,2.7953117890462553,1.5615921996640152,2.295860670170713,3.274586400718383,1.4097209895276812,1.8474211629255577,2.7953117890462553
8.061543941497803,8.061543941497803,,False,PERIODIC,True,True,1,TAKEOFF,0.04127966464686919,0.03503351282340259,-4.601680034381279,-0.011332480891087085,-0.012638449855670437,-0.4643610037155852,18.259202294304558,19.88808070542248,0.004667050328549357,3.9509995772010242,0.6241813365980506,0.235505374476964,27.335958392501524,26.94505868933597,4.606347084709829,4.073748608631587,-3.2211089264756882,PREPARATION,False,TAKEOFF,0,False,inf,inf,0.0,True,False,REACQUIRE,0,0.5841405391693115,-0.03298854993232553,-0.03298854993232553,3,0,inf,inf,inf,SEARCH,,,0,,0.0,0.0,False,,0.0,0.0,0.0,False,0.0,0.8791934984456331,4.371680034381279,SAFE,4.399551677703857,0.9970248937606812,19.84054183959961,17.335723876953125,,,3.1946001399774104e-05,0.0032143830321729183,,20.069481317842225,0.0006949530006750138,0.0,1.436162646165387,1.8522012621442245,3.484051173818923,1.6023735767425291,2.362929549260512,3.4343908148660334,1.436162646165387,1.8522012621442245,3.484051173818923
8.11162781715393,8.11162781715393,,False,PERIODIC,True,True,1,TAKEOFF,0.04010198267779263,0.033393656369286824,-4.6240792637863555,-0.013448289573267644,-0.013280719370823094,-0.4116615151433362,18.45650833653594,19.91697695258637,0.016381577065877277,3.964032151781514,0.5352093979391807,0.23421012510294953,27.49645039825164,27.10204619005786,4.640460840852232,4.066736067883063,-3.1696450196175,PREPARATION,False,TAKEOFF,0,False,inf,inf,0.0,True,False,REACQUIRE,0,0.6342923641204834,-0.0373607491608113,-0.0373607491608113,3,0,inf,inf,inf,SEARCH,,,0,,0.0,0.0,False,,0.0,0.0,0.0,False,0.0,0.8783199409705462,4.394079263786355,SAFE,4.41737060546875,1.00137460231781,19.90179443359375,14.530410766601562,,,0.0025377569254487753,0.0032143830321729183,,20.0794583580363,0.0006457709996539052,0.0,1.436162646165387,1.9657369827212634,3.8178132804144274,1.7136954811678877,2.4345294024227258,3.5755507310357824,1.436162646165387,1.9657369827212634,3.8178132804144274
8.161552906036377,8.161552906036377,,False,PERIODIC,True,True,1,TAKEOFF,0.03868080294609677,0.0318794922217608,-4.643543232139431,-0.015710079004030608,-0.013325050711667768,-0.362745816187909,18.655629403544552,19.941598435565616,0.028066680349585524,3.9749815646819173,0.44667836352223067,0.23145811241211822,27.655227765736004,27.257800417500125,4.671609912489017,4.0608251926000705,-3.1179974215015296,PREPARATION,False,TAKEOFF,0,False,inf,inf,0.0,True,False,REACQUIRE,0,0.6841647624969482,-0.04105919320584794,-0.04105919320584794,3,0,inf,inf,inf,SEARCH,,,0,,0.0,0.0,False,,0.0,0.0,0.0,False,0.0,0.8769593806183815,4.413543232139431,SAFE,4.442330169677734,1.00137460231781,19.90179443359375,14.530410766601562,,,1.7386999388691038e-05,0.0032143830321729183,,20.04266384179299,0.0005917190001127892,0.0,1.436162646165387,1.9949139844491592,3.5834773657563432,1.8345807506727685,2.522130056444045,3.6911351404396395,1.436162646165387,1.9949139844491592,3.5834773657563432
8.211733341217041,8.211733341217041,,False,PERIODIC,True,True,1,TAKEOFF,0.037111334744264396,0.03043684563129442,-4.6595643376546825,-0.01818546212802241,-0.013372914730694536,-0.3257475589785195,18.85403281411384,19.961697650194456,0.03950837569016328,3.98378361384734,0.35981678399072176,0.2272996466947349,27.81030340693136,27.41043033628396,4.6990727133448456,4.0572020220834295,-3.0687075529131764,PREPARATION,False,TAKEOFF,0,False,inf,inf,0.0,True,False,REACQUIRE,0,0.7342865467071533,-0.04512457983336256,-0.04512457983336256,3,0,inf,inf,inf,SEARCH,,,0,,0.0,0.0,False,,0.0,0.0,0.0,False,0.0,0.8758176303100473,4.429564337654682,SAFE,4.455964374542236,0.9349324703216553,20.026079177856445,13.282206535339355,,,1.0369999472459313e-05,0.0032143830321729183,,20.004984441193333,0.0007991769998625387,0.0,1.436162646165387,2.040523764786994,3.7430983549463277,1.958910102695102,2.5633500881409175,3.8313779512392627,1.436162646165387,2.040523764786994,3.7430983549463277
8.261848449707031,8.261848449707031,,False,PERIODIC,True,True,1,TAKEOFF,0.035262526986622,0.028805780417261877,-4.674388697337246,-0.020822312706751906,-0.013518790524473535,-0.29272969077134064,19.05311449934259,19.977517179472276,0.050723980891649444,3.990597919881304,0.27409531524455033,0.22173879587571907,27.96348458163236,27.561382043091225,4.7251126782288955,4.054490347751125,-3.020261952504921,PREPARATION,False,TAKEOFF,0,False,inf,inf,0.0,True,False,REACQUIRE,0,0.7841885089874268,-0.049562645877360735,-0.049562645877360735,3,0,inf,inf,inf,SEARCH,,,0,,0.0,0.0,False,,0.0,0.0,0.0,False,0.0,0.8740586256902896,4.444388697337246,SAFE,4.472979354858398,0.9349324703216553,20.026079177856445,13.282206535339355,,,8.760600030655041e-05,0.0032143830321729183,,20.01512365197919,0.0006278709997786791,0.0,1.436162646165387,2.050801027993216,3.9446050565473776,2.0874694024829683,2.6243528473579465,4.010301689214878,1.436162646165387,2.050801027993216,3.9446050565473776
8.31163215637207,8.31163215637207,,False,PERIODIC,True,True,1,TAKEOFF,0.03318916914459567,0.027084997592274198,-4.688183904074797,-0.023199819830495506,-0.013451110729704157,-0.26463925924446113,19.252981096873928,19.989114382295593,0.061654250698308766,3.995506021192233,0.18955641539291354,0.2147960070413491,28.11483561035893,27.710702244818126,4.749838154773106,4.052291557488326,-2.9723941254253785,PREPARATION,False,TAKEOFF,0,False,inf,inf,0.0,True,False,REACQUIRE,0,0.8342921733856201,-0.05365847495463141,-0.05365847495463141,3,0,inf,inf,inf,SEARCH,,,0,,0.0,0.0,False,,0.0,0.0,0.0,False,0.0,0.8725299051972115,4.458183904074796,SAFE,4.483942317962646,1.000969648361206,19.873653411865234,14.353324890136719,,,0.003252622904255986,0.002227142918854952,,19.99100337097649,0.0007155599996622186,0.0,1.436162646165387,2.159930767883691,3.7888632731089125,2.2201554442377787,2.693111137571558,4.14484801996253,1.436162646165387,2.159930767883691,3.7888632731089125
8.361752271652222,8.361752271652222,,False,PERIODIC,True,True,1,TAKEOFF,0.031138526278849245,0.025394080424128225,-4.700561391289628,-0.02508579103827799,-0.013254672517281373,-0.24148128492071944,19.45482106461854,19.996564594645854,0.07229522434619719,3.9986007429253814,0.10579271561213148,0.2064471057917254,28.264947467344427,27.859057684320938,4.772856615635825,4.0502920200187,-2.9248320250926625,PREPARATION,False,TAKEOFF,0,False,inf,inf,0.0,True,False,REACQUIRE,0,0.8840892314910889,-0.057790720074920574,-0.057790720074920574,3,0,inf,inf,inf,SEARCH,,,0,,0.0,0.0,False,,0.0,0.0,0.0,False,0.0,0.8698742625814129,4.470561391289627,SAFE,4.499820041656494,1.000969648361206,19.873653411865234,14.353324890136719,,,5.0882001232821494e-05,0.002227142918854952,,20.0044420971036,0.000616272000115714,0.0,1.436162646165387,2.1352972947275743,3.674745648439538,2.357632154140937,2.746627589720524,4.287623980025543,1.436162646165387,2.1352972947275743,3.674745648439538
8.411652326583862,8.411652326583862,,False,PERIODIC,True,True,1,TAKEOFF,0.02931492684413071,0.023901199122787955,-4.71131745512765,-0.026135725956453342,-0.012909011809722018,-0.22385238323077356,19.652343295565032,19.999798662738606,0.08226356865386625,3.9999191049637304,0.025439216696872716,0.1970251108341499,28.409120733807946,28.001780690458208,4.793581023781517,4.048175632703664,-2.8788972237809656,PREPARATION,False,TAKEOFF,0,False,inf,inf,0.0,True,False,REACQUIRE,0,0.93422532081604,-0.06152794037411944,-0.06152794037411944,3,0,inf,inf,inf,SEARCH,,,0,,0.0,0.0,False,,0.0,0.0,0.0,False,0.0,0.8679283942056868,4.48131745512765,SAFE,4.508916187286377,1.0403218269348145,19.95180892944336,14.66146469116211,,,0.003435974009335041,0.002227142918854952,,20.040436066549162,0.0005881879997104988,0.0,1.436162646165387,2.1958350287611124,3.8364190667968012,2.4964530241806004,2.8058387137028875,4.4276529843464845,1.436162646165387,2.1958350287611124,3.8364190667968012
8.46181344985962,8.46181344985962,,False,PERIODIC,True,True,1,TAKEOFF,0.027669245416727425,0.022454809556820502,-4.721576582684455,-0.026414110713435454,-0.012281917263610368,-0.20748075726358362,19.85308792839557,19.999061176641597,0.09188600056083278,3.9996281349022325,-0.054541566703657854,0.18623685384008606,28.553133802459598,28.144484857621016,4.813462583245288,4.045468526480712,-2.8322255035649437,PREPARATION,False,TAKEOFF,0,False,inf,inf,0.0,True,False,REACQUIRE,0,0.9842500686645508,-0.06436301506643875,-0.06436301506643875,3,0,inf,inf,inf,SEARCH,,,0,,0.0,0.0,False,,0.0,0.0,0.0,False,0.0,0.8651866117815432,4.491576582684455,SAFE,4.5206602096557615,1.0403218269348145,19.95180892944336,14.66146469116211,,,3.577399911591783e-05,0.002227142918854952,,20.01498792572342,0.00074378999943292,0.0,1.436162646165387,2.182194197550376,3.4048341304366887,2.640651768010174,2.850697964272708,4.555358265343528,1.436162646165387,2.182194197550376,3.4048341304366887
8.511619329452515,8.511619329452515,,False,PERIODIC,True,True,1,TAKEOFF,0.02622239278573529,0.020993207527916866,-4.731299993595203,-0.026019234013392244,-0.011797415405135021,-0.19297633896484165,20.052947458787354,19.994380974936252,0.1009014224960052,3.997806545103749,-0.13244934097845867,0.17434355354892472,28.694182447007414,28.28437617796218,4.832201416091209,4.042357565984056,-2.786250793167653,PREPARATION,False,TAKEOFF,0,False,inf,inf,0.0,True,False,REACQUIRE,0,1.0343141555786133,-0.06745396895090709,-0.06745396895090709,3,0,inf,inf,inf,SEARCH,,,0,,0.0,0.0,False,,0.0,0.0,0.0,False,0.0,0.8630130876979383,4.501299993595203,SAFE,4.528355407714844,1.0000252723693848,20.073238372802734,14.73965072631836,,,2.1429999833344482e-05,0.002430198946967721,,19.97023851736876,0.0009372149997943779,0.0,1.436162646165387,2.24928679827102,3.387001770334653,2.640651768010174,2.8963072358687088,4.6676067409708075,1.436162646165387,2.24928679827102,3.387001770334653
8.561683416366577,8.561683416366577,,False,PERIODIC,True,True,1,TAKEOFF,0.024983845453756325,0.019540454648900366,-4.740329315707817,-0.025329835376901838,-0.011266333609633748,-0.18044856075823254,20.252652611086788,19.9858529660825,0.10929416484133846,3.994559327847702,-0.2085564103663837,0.16137809465318748,28.83281233073683,28.422037558845002,4.849623480549155,4.0392174639832215,-2.7410285478966374,PREPARATION,False,TAKEOFF,0,False,inf,inf,0.0,True,False,REACQUIRE,0,1.0843660831451416,-0.07026280885388524,-0.07026280885388524,3,0,inf,inf,inf,SEARCH,,,0,,0.0,0.0,False,,0.0,0.0,0.0,False,0.0,0.8593635005352205,4.510329315707817,SAFE,4.539736080169678,1.0000252723693848,20.073238372802734,14.73965072631836,,,3.700800152728334e-05,0.002430198946967721,,20.02921400219213,0.0007439040000463137,0.0,1.436162646165387,2.2200005896884916,3.4359219321268792,2.640651768010174,2.950272811764666,4.7938774538859334,1.436162646165387,2.2200005896884916,3.4359219321268792
8.611640691757202,8.611640691757202,,False,PERIODIC,True,True,1,TAKEOFF,0.024020375322516718,0.018156133791931595,-4.748201172591455,-0.02434430547354893,-0.0108654875563837,-0.17098401845579697,20.453394714356094,19.973479821574962,0.11705934390019447,3.989955948621755,-0.28328700651083943,0.14732955883722867,28.969726254521127,28.558261140492395,4.86526051649165,4.036104997086691,-2.6966793128468667,PREPARATION,False,TAKEOFF,0,False,inf,inf,0.0,True,False,REACQUIRE,0,1.1341779232025146,-0.07535097169895409,-0.07535097169895409,3,0,inf,inf,inf,SEARCH,,,0,,0.0,0.0,False,,0.0,0.0,0.0,False,0.0,0.8567439849106848,4.518201172591454,SAFE,4.546405601501465,0.9995999336242676,20.071285247802734,14.616999626159668,,,0.0020107440650463104,0.002430198946967721,,20.010203494890344,0.0005742260000261012,0.0,1.436162646165387,2.2200005896884916,3.5541139811381437,2.640651768010174,3.0932178865338273,4.927934165003103,1.436162646165387,2.2200005896884916,3.5541139811381437
8.661597967147827,8.661597967147827,,False,PERIODIC,True,True,1,TAKEOFF,0.023221652163360876,0.01663170983356232,-4.7559707340786845,-0.02288937282455391,-0.010769825736265809,-0.1616444448193887,20.65150256305935,19.957608024438606,0.1240158361138716,3.9841903452371144,-0.35528480535953444,0.13254461307971363,29.102968553804523,28.690913365009404,4.879986570192556,4.032607796435646,-2.6535038690884902,PREPARATION,False,TAKEOFF,0,False,inf,inf,0.0,True,False,REACQUIRE,0,1.1842598915100098,-0.07535097169895409,-0.07535097169895409,3,0,inf,inf,inf,SEARCH,,,0,,0.0,0.0,False,,0.0,0.0,0.0,False,0.0,0.8531685710515711,4.525970734078684,SAFE,4.555240440368652,0.9995999336242676,20.071285247802734,14.616999626159668,,,2.1322000975487754e-05,0.002430198946967721,,20.019870201580954,0.001236078000147245,0.0,1.436162646165387,2.2200005896884916,3.4678969719314297,2.640651768010174,3.2498650328011456,5.038844949977071,1.436162646165387,2.2200005896884916,3.4678969719314297
8.71164584159851,8.71164584159851,,False,PERIODIC,True,True,1,TAKEOFF,0.022570225500352464,0.014819235223998972,-4.763743768060802,-0.02128700153530102,-0.010779393697312697,-0.15342928963972732,20.85064997904672,19.938060030090778,0.1302570858490151,3.977261308409217,-0.42590196598631075,0.11684329791436822,29.23517871244166,28.822637457219837,4.894000853909818,4.029114370251505,-2.6110396367314412,PREPARATION,False,TAKEOFF,0,False,inf,inf,0.0,True,False,REACQUIRE,0,1.234269380569458,-0.07763061979409139,-0.07763061979409139,3,0,inf,inf,inf,SEARCH,,,0,,0.0,0.0,False,,0.0,0.0,0.0,False,0.0,0.8503625605929113,4.533743768060802,SAFE,4.561294841766357,0.9992435574531555,19.93001365661621,14.121007919311523,,,0.0035072939936071634,0.0018463300075381994,,20.00646599390807,0.0007395289994747145,0.0,1.436162646165387,2.2200005896884916,3.554819472075791,2.640651768010174,3.410325380779902,5.151455069864275,1.436162646165387,2.2200005896884916,3.554819472075791
8.761605024337769,8.761605024337769,,False,PERIODIC,True,True,1,TAKEOFF,0.022046472858764685,0.012814911885761355,-4.7710759369068185,-0.01984107936895815,-0.011334830399880608,-0.1459776600324927,21.049257809137387,19.915047284921382,0.1356901786569767,3.9693068477725006,-0.494573703532984,0.10043489692152756,29.36526559940632,28.952417343130975,4.906766115563795,4.025858932122258,-2.570118519797743,PREPARATION,False,TAKEOFF,0,False,inf,inf,0.0,True,False,REACQUIRE,0,1.2842004299163818,-0.07947128510420098,-0.07947128510420098,3,0,inf,inf,inf,SEARCH,,,0,,0.0,0.0,False,,0.0,0.0,0.0,False,0.0,0.8456194154371661,4.541075936906818,SAFE,4.570619869232178,0.9992435574531555,19.93001365661621,14.121007919311523,,,5.880100070498884e-05,0.0018463300075381994,,19.992517962509535,0.000841345000480942,0.0,1.436162646165387,2.2200005896884916,3.370186550771401,2.640651768010174,3.573857767494112,5.265129261927788,1.436162646165387,2.2200005896884916,3.370186550771401
8.81166958808899,8.81166958808899,,False,PERIODIC,True,True,1,TAKEOFF,0.02158394351636495,0.010860999401633391,-4.777657154782052,-0.018557087604098837,-0.01189659810902047,-0.14007230977467483,21.247491937564632,19.88864235442491,0.14028821081387688,3.9604111322117657,-0.5613765793592729,0.08340348532737743,29.493245809657836,29.080326025853168,4.917945365595928,4.02294143321723,-2.5305391156779438,PREPARATION,False,TAKEOFF,0,False,inf,inf,0.0,True,False,REACQUIRE,0,1.3343281745910645,-0.08131141093135456,-0.08131141093135456,3,0,inf,inf,inf,SEARCH,,,0,,0.0,0.0,False,,0.0,0.0,0.0,False,0.0,0.8424274193144492,4.547657154782051,SAFE,4.576221752166748,0.9997482895851135,19.85040855407715,12.211326599121094,,,0.0018585419747978449,0.0018463300075381994,,19.9724807453687,0.0007351720005317475,0.0,1.436162646165387,2.2200005896884916,3.684127068937674,2.640651768010174,3.740266466905518,5.374317932337866,1.436162646165387,2.2200005896884916,3.684127068937674
8.862817287445068,8.862817287445068,,False,PERIODIC,True,True,1,TAKEOFF,0.021088966563129388,0.008763873180004964,-4.784347192597698,-0.01741462946541814,-0.012573585571044849,-0.13383219469325142,21.446319798273805,19.858776358606335,0.14403908879091068,3.9506094767103312,-0.6266456435071789,0.06576256401520117,29.620136785677516,29.207251015178866,4.928386281388609,4.020216146830125,-2.491891749465858,PREPARATION,False,TAKEOFF,0,False,inf,inf,0.0,True,False,REACQUIRE,0,1.3841748237609863,-0.08266694077675278,-0.08266694077675278,3,0,inf,inf,inf,SEARCH,,,0,,0.0,0.0,False,,0.0,0.0,0.0,False,0.0,0.8378264087099847,4.554347192597698,SAFE,4.5837071418762205,0.9997482895851135,19.85040855407715,12.211326599121094,,,1.9145998521707952e-05,0.0018463300075381994,,20.006018993872054,0.0006660660001216456,0.0,1.436162646165387,2.2200005896884916,3.5632715125555214,2.640651768010174,3.9102019135873483,5.482190361004581,1.436162646165387,2.2200005896884916,3.5632715125555214
8.911643505096436,8.911643505096436,,False,PERIODIC,True,True,1,TAKEOFF,0.020634678067050483,0.0066735963643370965,-4.7907469583043385,-0.01631383600820473,-0.012939246895205828,-0.12801684177521058,21.643158971187223,19.825935413754053,0.1468745771709655,3.9401138264601134,-0.6895672806462344,0.047847667480104765,29.74418938583473,29.331496651088464,4.937621535475304,4.017719959133279,-2.454463846131561,PREPARATION,False,TAKEOFF,0,False,inf,inf,0.0,True,False,REACQUIRE,0,1.4343905448913574,-0.08407056141885749,-0.08407056141885749,3,0,inf,inf,inf,SEARCH,,,0,,0.0,0.0,False,,0.0,0.0,0.0,False,0.0,0.8343222280392553,4.560746958304338,SAFE,4.588803100585937,0.9992914795875549,19.85927963256836,14.319672584533691,,,0.005959394853562117,0.003543098922818899,,20.001685635927238,0.000765884999964328,0.0,1.436162646165387,2.2200005896884916,3.8966633333152765,2.640651768010174,4.0820601718097755,5.587603841404811,1.436162646165387,2.2200005896884916,3.8966633333152765
8.96164584159851,8.96164584159851,,False,PERIODIC,True,True,1,TAKEOFF,0.02024551160425201,0.004732780753974921,-4.796840244671787,-0.015383021778930663,-0.01292398468721857,-0.12247662189832415,21.84029053389524,19.789841830559553,0.14881477290631065,3.9288842052669612,-0.7509120465166317,0.029561175147315044,29.866777670856955,29.454454754544418,4.945655017578098,4.015592836615973,-2.4178986257906154,PREPARATION,False,TAKEOFF,0,False,inf,inf,0.0,True,False,REACQUIRE,0,1.4842119216918945,-0.0848061199834822,-0.0848061199834822,3,0,inf,inf,inf,SEARCH,,,0,,0.0,0.0,False,,0.0,0.0,0.0,False,0.0,0.8287099967793301,4.566840244671787,SAFE,4.596437263488769,0.9992914795875549,19.85927963256836,14.319672584533691,,,2.9810998967150226e-05,0.003543098922818899,,19.9972537951026,0.0005375430000640335,0.0,1.436162646165387,2.2200005896884916,3.7856282888075428,2.640651768010174,4.257160297636607,5.7210374971877105,1.436162646165387,2.2200005896884916,3.7856282888075428
8.970927476882935,8.970927476882935,,False,PHASE_TRANSITION,False,True,1,FOLLOW,0.020001506432890892,0.003520920407027006,-4.800868511199951,-0.014860028401017189,-0.012625250034034252,-0.11901014298200607,22.03514657544479,19.751071496642563,0.1498288664221785,3.917143912804068,-0.8099281242073516,0.011251857243303952,nan,nan,nan,nan,nan,PREPARATION,False,TAKEOFF,0,False,inf,inf,0.0,True,False,REACQUIRE,0,1.5342447757720947,-0.08590928512992857,-0.08590928512992857,3,0,inf,inf,inf,SEARCH,,,0,,0.0,0.0,False,,0.0,0.0,0.0,False,0.0,0.8250258991211963,4.570868511199951,SAFE,4.600868511199951,0.9992914795875549,19.85927963256836,14.319672584533691,,,5.248399975243956e-05,0.003543098922818899,,19.97569982323316,0.0009390429995619343,0.0,1.436162646165387,2.2200005896884916,3.849816043935866,2.640651768010174,4.257160297636607,5.791515063118798,1.436162646165387,2.2200005896884916,3.849816043935866
9.011652946472168,9.011652946472168,,False,PERIODIC,True,True,1,FOLLOW,0.019935992272039436,0.0031793188806651003,-4.802056792317558,-0.01471469167226256,-0.012489566348551619,-0.11792210645507853,22.03514657544479,19.751071496642563,0.1498288664221785,3.917143912804068,-0.8099281242073516,0.011251857243303952,29.986162042902112,29.574460983861584,4.951885658739736,4.013988820618716,-2.38285310063728,PREPARATION,False,TAKEOFF,0,False,inf,inf,0.0,True,False,REACQUIRE,0,1.5342447757720947,-0.08590928512992857,-0.08590928512992857,3,0,inf,inf,inf,SEARCH,,,0,,0.0,0.0,False,,0.0,0.0,0.0,False,0.0,0.8250258991211963,4.572056792317557,SAFE,4.600868511199951,0.9987949728965759,19.91282844543457,14.319672584533691,,,0.0038848489057272673,0.003543098922818899,,19.97569982323316,0.0009390429995619343,0.0,1.436162646165387,2.2200005896884916,3.849816043935866,2.640651768010174,4.257160297636607,5.791515063118798,1.436162646165387,2.2200005896884916,3.849816043935866
9.061755418777466,9.061755418777466,,False,PERIODIC,True,True,1,FOLLOW,0.019630269666897824,0.0017836808867103227,-4.807192804365223,-0.014301015028965037,-0.011739283713533428,-0.11325229423976357,22.23122215316575,19.70901023474086,0.14992803033577068,3.9047503931651724,-0.8677121452857676,-0.007297987967967304,30.104860727362166,29.693931912834415,4.957120834700993,4.0128393681823535,-2.348615669800717,PREPARATION,False,FOLLOW,0,False,inf,inf,0.0,True,False,REACQUIRE,0,1.5844557285308838,-0.08682842943824448,-0.08682842943824448,3,0,inf,inf,inf,VISION,,,0,,0.0,0.0,False,,0.0,0.0,0.0,False,0.0,0.8198132950688137,4.577192804365223,SAFE,4.606675434112549,0.9987949728965759,19.91282844543457,14.319672584533691,,,4.7327001084340736e-05,0.003543098922818899,,19.95151956389539,0.0013661630000569858,0.0,1.436162646165387,2.2200005896884916,3.5927322248642857,2.640651768010174,4.257160297636607,5.881659408544323,1.436162646165387,2.2200005896884916,3.5927322248642857
9.1116304397583,9.1116304397583,,False,PERIODIC,True,True,1,FOLLOW,0.01922549277794986,0.0007068466381263037,-4.812132107444443,-0.014013774983237456,-0.010650323035880545,-0.10930722074528892,22.425820230190585,19.664296491467287,0.1491034464052295,3.89193384309086,-0.923499302113438,-0.0257228279987633,30.221285605805427,29.811277152226808,4.961235553849672,4.0120700896734665,-2.315711528137753,PREPARATION,False,FOLLOW,0,False,inf,inf,0.0,True,False,REACQUIRE,0,1.634307622909546,-0.08789251797720385,-0.08789251797720385,3,0,inf,inf,inf,VISION,,,0,,0.0,0.0,False,,0.0,0.0,0.0,False,0.0,0.8160472993483721,4.582132107444442,SAFE,4.610629367828369,1.0002672672271729,19.8742733001709,11.110790252685547,,,2.30350015044678e-05,0.003543098922818899,,19.961454636357193,0.0008291839994853945,0.0,1.436162646165387,2.2200005896884916,3.984900764698547,2.640651768010174,4.257160297636607,5.9800446640055736,1.436162646165387,2.2200005896884916,3.984900764698547
9.161593914031982,9.161593914031982,,False,PERIODIC,True,True,1,FOLLOW,0.01876738685749968,4.434171829181203e-05,-4.817126028021209,-0.013845262638090276,-0.008975652755091898,-0.10669675770222635,22.623759981816264,19.6158339704618,0.14731714361964862,3.8784261025231666,-0.9786781734906324,-0.04436378226921723,30.338269380136264,29.92933164935799,4.964443171640858,4.011730893093587,-2.2833449193856064,PREPARATION,False,FOLLOW,0,False,inf,inf,0.0,True,False,REACQUIRE,0,1.6841659545898438,-0.0890746044744643,-0.0890746044744643,3,0,inf,inf,inf,VISION,,,0,,0.0,0.0,False,,0.0,0.0,0.0,False,0.0,0.8099075864881744,4.587126028021209,SAFE,4.616792011260986,1.0002672672271729,19.8742733001709,11.110790252685547,,,4.162800178164616e-05,0.003543098922818899,,19.96130463718651,0.0007264920004672604,0.0,1.436162646165387,2.2200005896884916,3.773847311031699,2.640651768010174,4.257160297636607,6.105177682921246,1.436162646165387,2.2200005896884916,3.773847311031699
9.21161961555481,9.21161961555481,,False,PERIODIC,True,True,1,FOLLOW,0.018430143534317697,-0.00019865994912669286,-4.821757208765134,-0.012247348092613592,-0.0056842879456665074,-0.10529380479513233,22.814568405551896,19.566321298221975,0.14469178433298044,3.8650056957350416,-1.030403305475914,-0.06212668358661073,30.44960161538366,30.04184786151694,4.966448993098115,4.01061137871926,-2.2512806416136733,PREPARATION,False,FOLLOW,0,False,inf,inf,0.0,True,False,REACQUIRE,0,1.7342185974121094,-0.08866627536992934,-0.08866627536992934,3,0,inf,inf,inf,VISION,,,0,,0.0,0.0,False,,0.0,0.0,0.0,False,0.0,0.8060918466601228,4.5917572087651335,SAFE,4.620662498474121,1.0003681182861328,19.954383850097656,10.41254997253418,,,5.834400144522078e-05,0.0020203168969601393,,20.016903344298136,0.0004925060002278769,0.0,1.436162646165387,2.2200005896884916,3.8812569468547404,2.640651768010174,4.257160297636607,6.143965367011386,1.436162646165387,2.2200005896884916,3.8812569468547404
9.261680841445923,9.261680841445923,,False,PERIODIC,True,True,1,FOLLOW,0.01825133955689249,-0.00011121593328275813,-4.826625439915067,-0.007747559889649157,0.00035566314818583555,-0.10483747416602673,23.007680312731956,19.513464386001584,0.14113828849395513,3.851071323824414,-1.0813184816774708,-0.07978630320044112,30.56095799785054,30.15449348414078,4.967763728409022,4.007633927151944,-2.216198875343439,PREPARATION,False,FOLLOW,0,False,inf,inf,0.0,True,False,REACQUIRE,0,1.784174919128418,-0.09050352095166767,-0.09050352095166767,3,0,inf,inf,inf,VISION,,,0,,0.0,0.0,False,,0.0,0.0,0.0,False,0.0,0.8006006160373582,4.596625439915067,SAFE,4.626140403747558,1.0003681182861328,19.954383850097656,10.41254997253418,,,4.997200085199438e-05,0.0020203168969601393,,20.00163041404887,0.0006703479994030204,0.0,1.436162646165387,2.2200005896884916,3.686336030913057,2.640651768010174,4.257160297636607,6.217113815823248,1.436162646165387,2.2200005896884916,3.686336030913057
9.311586380004883,9.311586380004883,,False,PERIODIC,True,True,1,FOLLOW,0.018375436271090863,0.00044670211395685854,-4.831875167656344,0.001709446788216609,0.010945372512119956,-0.10572269359152019,23.19870773184461,19.45850561911556,0.13674760224958643,3.836982224841895,-1.130295273920642,-0.0968315771725048,30.669709395107446,30.264564463258253,4.968622769905931,4.001478045310386,-2.17611277128117,PREPARATION,False,FOLLOW,0,False,inf,inf,0.0,True,False,REACQUIRE,0,1.834256887435913,-0.09131987867229255,-0.09131987867229255,3,0,inf,inf,inf,VISION,,,0,,0.0,0.0,False,,0.0,0.0,0.0,False,0.0,0.7966627329840605,4.601875167656344,SAFE,4.630158710479736,1.0008955001831055,19.886686325073242,10.646411895751953,,,0.003198981983587146,0.0020203168969601393,,19.989714644340758,0.0006017509995217551,0.0,1.436162646165387,2.2200005896884916,4.0435329028906555,2.640651768010174,4.257160297636607,6.299861948909556,1.436162646165387,2.2200005896884916,4.0435329028906555
9.361588954925537,9.361588954925537,,False,PERIODIC,True,True,1,FOLLOW,0.01899839936587415,0.0017277076552572924,-4.8370837223494565,0.016612011353587454,0.026429554530573864,-0.10749069847945067,23.390215320066822,19.400785651816015,0.13148893706690665,3.8225934882878443,-1.1780403317795922,-0.11338777186406036,30.77700348876194,30.373297968369602,4.968572659416363,3.9920267390473723,-2.130016899254685,PREPARATION,False,FOLLOW,0,False,inf,inf,0.0,True,False,REACQUIRE,0,1.8842051029205322,-0.09234015408059569,-0.09234015408059569,3,0,inf,inf,inf,VISION,,,0,,0.0,0.0,False,,0.0,0.0,0.0,False,0.0,0.7903925591469818,4.607083722349456,SAFE,4.636743354797363,1.0008955001831055,19.886686325073242,10.646411895751953,,,4.28870007453952e-05,0.0020203168969601393,,19.954851808041056,0.0008167650003088056,0.0,1.436162646165387,2.2200005896884916,3.6550527442876763,2.640651768010174,4.257160297636607,6.354890934962224,1.436162646165387,2.2200005896884916,3.6550527442876763
9.411624193191528,9.411624193191528,,False,PERIODIC,True,True,1,FOLLOW,0.020200806663977795,0.0037708344340824903,-4.842123594137551,0.036663159675829574,0.04605646043668241,-0.10947127124181061,23.58121597181156,19.3406460714381,0.12541208571302187,3.8080168192308244,-1.224339783089299,-0.12926240125468125,30.882237455766735,30.480094808641482,4.967535679850572,3.9796239432678764,-2.078641939423955,PREPARATION,False,FOLLOW,0,False,inf,inf,0.0,True,False,REACQUIRE,0,1.9343864917755127,-0.09406817967675962,-0.09406817967675962,3,0,inf,inf,inf,VISION,,,0,,0.0,0.0,False,,0.0,0.0,0.0,False,0.0,0.7863635792289623,4.61212359413755,SAFE,4.6410072326660154,0.9998095631599426,19.865306854248047,10.034269332885742,,,0.005298282951116562,0.0028065969236195087,,19.998749259066493,0.0005830529999002465,0.0,1.436162646165387,2.2200005896884916,3.763156855714528,2.640651768010174,4.257160297636607,6.423883452444409,1.436162646165387,2.2200005896884916,3.763156855714528
9.461845874786377,9.461845874786377,,False,PERIODIC,True,True,1,FOLLOW,0.02243720069789889,0.007002330720413995,-4.84767477847196,0.06453475619231286,0.07250880642314736,-0.1114966649667906,23.77115749376403,19.278334331589534,0.11857252349469527,3.7933316791939404,-1.2691078644558453,-0.14431298908847542,30.984666609636196,30.584080052308476,4.966247301966655,3.9629457094055294,-2.018302848900847,PREPARATION,False,FOLLOW,0,False,inf,inf,0.0,True,False,REACQUIRE,0,1.984243392944336,-0.09564451179373333,-0.09564451179373333,3,0,inf,inf,inf,VISION,,,0,,0.0,0.0,False,,0.0,0.0,0.0,False,0.0,0.780766021708549,4.61767477847196,SAFE,4.647214698791504,0.9998095631599426,19.865306854248047,10.034269332885742,,,4.437000097823329e-05,0.0028065969236195087,,19.99838791842225,0.0010113199996339972,0.0,1.436162646165387,2.2200005896884916,3.5140263899801027,2.640651768010174,4.257160297636607,6.464423558479235,1.436162646165387,2.2200005896884916,3.5140263899801027
9.511627197265625,9.511627197265625,,False,PERIODIC,True,True,1,FOLLOW,0.026584691860859343,0.012031696962421259,-4.853809700869942,0.10258617741210838,0.10721366951132244,-0.11379466488554814,23.962191179574372,19.213185292250706,0.11092590546580901,3.7784040080204804,-1.312883525745818,-0.15860721453090218,31.084500268869427,30.685461660606077,4.964735606335751,3.940852817906469,-1.9460805791798412,PREPARATION,False,FOLLOW,0,False,inf,inf,0.0,True,False,REACQUIRE,0,2.03422474861145,-0.09637853164570441,-0.09637853164570441,3,0,inf,inf,inf,VISION,,,0,,0.0,0.0,False,,0.0,0.0,0.0,False,0.0,0.7767481192973591,4.623809700869941,SAFE,4.651786136627197,1.0008262395858765,19.85738182067871,9.412327766418457,,,1.5562000044155866e-05,0.0028065969236195087,,19.998598698877856,0.0007530059992859606,0.0,1.436162646165387,2.2200005896884916,3.7310989569243844,2.640651768010174,4.257160297636607,6.505547381053175,1.436162646165387,2.2200005896884916,3.7310989569243844
9.561729431152344,9.561729431152344,,False,PERIODIC,True,True,1,FOLLOW,0.03260849973699027,0.018608667486875837,-4.8597394458192085,0.14627183785420583,0.14594050412198867,-0.1158753801593319,24.148765386665072,19.14719609538822,0.10275184841044946,3.763700626124481,-1.3544584146108685,-0.17165618596710475,31.17881010922481,30.78135604520688,4.9624912942296575,3.9166439015868986,-1.8686138542234556,PREPARATION,False,FOLLOW,0,False,inf,inf,0.0,True,False,REACQUIRE,0,2.084197998046875,-0.09880704079779347,-0.09880704079779347,3,0,inf,inf,inf,VISION,,,0,,0.0,0.0,False,,0.0,0.0,0.0,False,0.0,0.7702231401986266,4.629739445819208,SAFE,4.659339714050293,1.0008262395858765,19.85738182067871,9.412327766418457,,,2.666100044734776e-05,0.0028065969236195087,,19.990070657267104,0.0006992280004851636,0.0,1.436162646165387,2.2200005896884916,3.2900609932110645,2.640651768010174,4.257160297636607,6.559339387415501,1.436162646165387,2.2200005896884916,3.2900609932110645
9.61164927482605,9.61164927482605,,False,PERIODIC,True,True,1,FOLLOW,0.040727025521288825,0.026962403922930533,-4.865600007354317,0.19527471043987174,0.18854237166333127,-0.11684406108220236,24.33691981580343,19.078322960685977,0.09384435490934558,3.7487751587364935,-1.3952364707246498,-0.18381161053515685,31.270679742351838,30.874897945845014,4.959444362263662,3.891041699894752,-1.785419083565928,PREPARATION,False,FOLLOW,0,False,inf,inf,0.0,True,False,REACQUIRE,0,2.1344003677368164,-0.10055344845006693,-0.10055344845006693,3,0,inf,inf,inf,VISION,,,0,,0.0,0.0,False,,0.0,0.0,0.0,False,0.0,0.7660675796700858,4.635600007354316,SAFE,4.664217281341553,0.9990511536598206,19.920740127563477,10.520076751708984,,,0.0027161419857293367,0.0028065969236195087,,20.006872831528263,0.0007205949996205163,0.0,1.436162646165387,2.2200005896884916,3.2900609932110645,2.640651768010174,4.257160297636607,6.743097204756298,1.436162646165387,2.2200005896884916,3.2900609932110645
9.661851167678833,9.661851167678833,,False,PERIODIC,True,True,1,FOLLOW,0.040727025521288825,0.026962403922930533,-4.865600007354317,0.19527471043987174,0.18854237166333127,-0.11684406108220236,24.33691981580343,19.078322960685977,0.09384435490934558,3.7487751587364935,-1.3952364707246498,-0.18381161053515685,31.270679742351838,30.874897945845014,4.959444362263662,3.891041699894752,-1.785419083565928,PREPARATION,False,FOLLOW,0,False,inf,inf,0.0,True,False,REACQUIRE,0,2.184213161468506,-0.10199606889869811,-0.10199606889869811,3,0,inf,inf,inf,VISION,,,0,,0.0,0.0,False,,0.0,0.0,0.0,False,0.0,0.7603366878807534,4.635600007354316,SAFE,4.671211051940918,0.9990511536598206,19.920740127563477,10.520076751708984,,,4.3798998376587406e-05,0.0028065969236195087,,20.017109487305657,0.0008589340004618862,0.0,1.436162646165387,2.2200005896884916,3.2900609932110645,2.640651768010174,4.257160297636607,6.743097204756298,1.436162646165387,2.2200005896884916,3.2900609932110645
9.711663246154785,9.711663246154785,,False,PERIODIC,True,True,1,FOLLOW,0.06765786922907316,0.05278246628325698,-4.878648819669809,0.32408239470079725,0.2974782158073663,-0.11611607449171987,24.717318045325776,18.9320984875869,0.07399718693809637,3.7184001132356888,-1.4742796878098865,-0.20495380838718838,31.44142208450612,31.048902077679013,4.952646006607905,3.829936159566344,-1.5832368820389133,PREPARATION,False,FOLLOW,0,False,inf,inf,0.0,True,False,REACQUIRE,0,2.234283208847046,-0.10334641674144442,-0.10334641674144442,3,0,inf,inf,inf,VISION,,,0,,0.0,0.0,False,,0.0,0.0,0.0,False,0.0,0.7561014467159621,4.648648819669808,SAFE,4.676226425170898,0.9984536170959473,19.888599395751953,11.098945617675781,,,0.002739140996709466,0.0026763740461319685,,20.02550462192117,0.0006749029998900369,0.0,1.436162646165387,2.2200005896884916,3.2900609932110645,2.640651768010174,4.257160297636607,7.161132443182807,1.436162646165387,2.2200005896884916,3.2900609932110645
9.761609077453613,9.761609077453613,,False,PERIODIC,True,True,1,FOLLOW,0.07873142791093653,0.0629302933764524,-4.882594709702111,0.36885309635450736,0.3345869514750369,-0.11511483954684033,24.896486228460557,18.860057622287826,0.06389934869247474,3.704042322880727,-1.5099902219247472,-0.21317085468645644,31.523336635407794,31.132827516297173,4.9464940583945864,3.8125538825660104,-1.5104404554435382,PREPARATION,False,FOLLOW,0,False,inf,inf,0.0,True,False,REACQUIRE,0,2.284754991531372,-0.09828300007803317,-0.09828300007803317,3,0,inf,inf,inf,VISION,,,0,,0.0,0.0,False,,0.0,0.0,0.0,False,0.0,0.7521234342054082,4.652594709702111,SAFE,4.681232261657715,0.9984536170959473,19.888599395751953,11.098945617675781,,,0.002739140996709466,0.0026763740461319685,,19.945162911483393,0.0021785349999845494,0.0,1.436162646165387,2.2200005896884916,3.2900609932110645,2.640651768010174,4.257160297636607,7.365661281884599,1.436162646165387,2.2200005896884916,3.2900609932110645
9.811643600463867,9.811643600463867,,False,PERIODIC,True,True,1,FOLLOW,0.0989907318822207,0.08115446511387817,-4.888695193519455,0.44399430602323836,0.3963309981195603,-0.11412044879013218,25.080778869284647,18.783882701939604,0.053086960317022105,3.689264723830878,-1.545744415321328,-0.2203697629273476,31.595933170245114,31.207079037337326,4.941782153836477,3.7834806611034235,-1.3997209118808966,PREPARATION,False,FOLLOW,0,False,inf,inf,0.0,True,False,REACQUIRE,0,2.334372043609619,-0.10621359683245805,-0.10621359683245805,3,0,inf,inf,inf,VISION,,,0,,0.0,0.0,False,,0.0,0.0,0.0,False,0.0,0.747583209175299,4.6586951935194545,SAFE,4.686151790618896,1.0005836486816406,19.785598754882812,14.058786392211914,,,0.0031531229615211487,0.0026763740461319685,,19.951409673752025,0.0008643159999337513,0.0,1.436162646165387,2.2200005896884916,3.2900609932110645,2.640651768010174,4.257160297636607,7.57594407639066,1.436162646165387,2.2200005896884916,3.2900609932110645
9.861728191375732,9.861728191375732,,False,PERIODIC,True,True,1,FOLLOW,0.123278522096294,0.1026679209965244,-4.894689023973194,0.5255348603697103,0.46251870250624283,-0.11290683334664918,25.265106540115763,18.70562164677854,0.04190176470220578,3.674491894190956,-1.5805408313374762,-0.2262396203552208,31.663091005555515,31.275891728474438,4.9365907886753995,3.755378407070736,-1.282380062446471,PREPARATION,False,FOLLOW,0,False,inf,inf,0.0,True,False,REACQUIRE,0,2.3843846321105957,-0.107328140712917,-0.107328140712917,3,0,inf,inf,inf,VISION,,,0,,0.0,0.0,False,,0.0,0.0,0.0,False,0.0,0.7406391478965122,4.664689023973193,SAFE,4.69382791519165,1.0005836486816406,19.785598754882812,14.058786392211914,,,3.763000131584704e-05,0.0026763740461319685,,19.984516294703983,0.0014449889995375997,0.0,1.436162646165387,2.2200005896884916,3.2900609932110645,2.640651768010174,4.257160297636607,7.788445647642839,1.436162646165387,2.2200005896884916,3.2900609932110645
9.911611318588257,9.911611318588257,,False,PERIODIC,True,True,1,FOLLOW,0.1493760336311257,0.125567120856788,-4.900103162999479,0.6057240752038116,0.5270885876958855,-0.1109055323801222,25.44819353879382,18.62586743243777,0.030489287289753017,3.659841508681435,-1.6141747524144958,-0.23070075202558632,31.72699198929925,31.341526427061744,4.930592450289232,3.731888648368613,-1.1681184071153146,PREPARATION,False,FOLLOW,0,False,inf,inf,0.0,True,False,REACQUIRE,0,2.4343528747558594,-0.10746743993629258,-0.10746743993629258,3,0,inf,inf,inf,VISION,,,0,,0.0,0.0,False,,0.0,0.0,0.0,False,0.0,0.7362771651752644,4.670103162999479,SAFE,4.69850902557373,0.9994328022003174,19.686325073242188,14.65194034576416,,,0.002170461928471923,0.0038849820848554373,,19.92852897024391,0.0007376799994744943,0.0,1.436162646165387,2.2200005896884916,3.2900609932110645,2.640651768010174,4.257160297636607,8.002207380226949,1.436162646165387,2.2200005896884916,3.2900609932110645
9.961533546447754,9.961533546447754,,False,PERIODIC,True,True,1,FOLLOW,0.18411419262095127,0.15590221024449963,-4.906099191327794,0.7029816708624175,0.6050835571935269,-0.10756072289142371,25.6310373757776,18.544240279469225,0.018858227379682322,3.6452476274383705,-1.646866641430002,-0.23374994362009188,31.77942859797288,31.395491339324103,4.924957418707476,3.7073079688278487,-1.0333891804890478,PREPARATION,False,FOLLOW,0,False,inf,inf,0.0,True,False,REACQUIRE,0,2.4844911098480225,-0.10884030742815075,-0.10884030742815075,3,0,inf,inf,inf,VISION,,,0,,0.0,0.0,False,,0.0,0.0,0.0,False,0.0,0.7300556129334921,4.676099191327793,SAFE,4.704878616333008,0.9994328022003174,19.686325073242188,14.65194034576416,,,3.224900137865916e-05,0.0038849820848554373,,19.96097964671682,0.0010711139993873076,0.0,1.436162646165387,2.2200005896884916,3.2900609932110645,2.640651768010174,4.257160297636607,8.217913492673746,1.436162646165387,2.2200005896884916,3.2900609932110645
10.011566162109375,10.011566162109375,,False,PERIODIC,True,True,1,FOLLOW,0.22134490914766192,0.18811025124967778,-4.911467597249649,0.7987618876192852,0.6812022922918198,-0.1035149018514604,25.812905803098992,18.461116101741954,0.007126667234858268,3.6307811684604263,-1.6785196176253467,-0.23535336617421482,31.828026978428365,31.445679064077215,4.918594264484507,3.6886314643610136,-0.9019761645307102,PREPARATION,False,FOLLOW,0,False,inf,inf,0.0,True,False,REACQUIRE,0,2.5343267917633057,-0.10996645547921927,-0.10996645547921927,3,0,inf,inf,inf,VISION,,,0,,0.0,0.0,False,,0.0,0.0,0.0,False,0.0,0.725615716380358,4.6814675972496484,SAFE,4.709259796142578,1.0002528429031372,19.690536499023438,14.777507781982422,,,1.436099955753889e-05,0.0038849820848554373,,20.024296979160017,0.0007285140000021784,0.0,1.436162646165387,2.2200005896884916,3.2900609932110645,2.640651768010174,4.257160297636607,8.217913492673746,1.436162646165387,2.2200005896884916,3.2900609932110645
10.06169080734253,10.06169080734253,,False,PERIODIC,True,True,1,FOLLOW,0.26439245972384495,0.22466316258951133,-4.9166280445738035,0.9006985312802204,0.7610068876797446,-0.0990109950750117,25.994355097926565,18.37629131294542,-0.004668427328276773,3.6164089934598267,-1.70926475188102,-0.23550530713598963,31.869106186925794,31.488292774809196,4.911959617245527,3.6736842521962876,-0.7645404864711588,PREPARATION,False,FOLLOW,0,False,inf,inf,0.0,True,False,REACQUIRE,0,2.584459066390991,-0.11067015600785662,-0.11067015600785662,3,0,inf,inf,inf,VISION,,,0,,0.0,0.0,False,,0.0,0.0,0.0,False,0.0,0.7184034910908288,4.686628044573803,SAFE,4.7158740043640135,1.0002528429031372,19.690536499023438,14.777507781982422,,,5.4887997976038605e-05,0.0038849820848554373,,19.997785713031018,0.0013679650000995025,0.0,1.436162646165387,2.2200005896884916,3.2900609932110645,2.640651768010174,4.257160297636607,8.217913492673746,1.436162646165387,2.2200005896884916,3.2900609932110645
10.11165738105774,10.11165738105774,,False,PERIODIC,True,True,1,FOLLOW,0.3090901423899582,0.2620256919458977,-4.921317629821829,0.9986739823905311,0.8366578228195283,-0.09497021992447789,26.174289144421188,18.290335925458567,-0.016382722118695226,3.6022274529743035,-1.7389529542337436,-0.23420992748304806,31.9074736658868,31.52821735034277,4.904934907703133,3.6649214514396844,-0.6338501446156035,PREPARATION,False,FOLLOW,0,False,inf,inf,0.0,True,False,REACQUIRE,0,2.6342973709106445,-0.1105346370334645,-0.1105346370334645,3,0,inf,inf,inf,VISION,,,0,,0.0,0.0,False,,0.0,0.0,0.0,False,0.0,0.7138465454765406,4.691317629821828,SAFE,4.719910907745361,0.9989867806434631,19.650386810302734,15.515195846557617,,,3.268900036346167e-05,0.0030081099830567837,,20.019513126443684,0.0007157480004025274,0.0,1.436162646165387,2.2200005896884916,3.2900609932110645,2.640651768010174,4.257160297636607,8.217913492673746,1.436162646165387,2.2200005896884916,3.2900609932110645
10.161755800247192,10.161755800247192,,False,PERIODIC,True,True,1,FOLLOW,0.365174001308565,0.30830010935246055,-4.926207391198003,1.1126298318702135,0.923241190154399,-0.0902481730351785,26.35439612595088,18.20249082773738,-0.02805315451364573,3.5881122544918065,-1.7678943546393615,-0.23146215830197367,31.931702789489314,31.553791025959633,4.898154236684357,3.659257456752095,-0.4850502988046291,PREPARATION,False,FOLLOW,0,False,inf,inf,0.0,True,False,REACQUIRE,0,2.684309959411621,-0.11093150249947771,-0.11093150249947771,3,0,inf,inf,inf,VISION,,,0,,0.0,0.0,False,,0.0,0.0,0.0,False,0.0,0.7071898271044947,4.696207391198002,SAFE,4.725229072570801,0.9989867806434631,19.650386810302734,15.515195846557617,,,4.5327000407269225e-05,0.0030081099830567837,,19.92955563008028,0.0013785889996142942,0.0,1.436162646165387,2.2200005896884916,3.2900609932110645,2.640651768010174,4.257160297636607,8.217913492673746,1.436162646165387,2.2200005896884916,3.2900609932110645
10.211620569229126,10.211620569229126,,False,PERIODIC,True,True,1,FOLLOW,0.42358843924872797,0.3558953184405358,-4.93050021755061,1.2233057045735622,1.006058286059209,-0.08550092094081528,26.53302910905459,18.113604700342016,-0.039500963851460937,3.574200184054542,-1.795854405096493,-0.2273028251225471,31.952480471504398,31.575926503939424,4.890999253699149,3.660263291423597,-0.3421154001549625,PREPARATION,False,FOLLOW,0,False,inf,inf,0.0,True,False,REACQUIRE,0,2.7342989444732666,-0.11067015600785662,-0.11067015600785662,3,0,inf,inf,inf,VISION,,,0,,0.0,0.0,False,,0.0,0.0,0.0,False,0.0,0.7023762223863574,4.700500217550609,SAFE,4.72877197265625,0.9999235272407532,19.65794563293457,15.161097526550293,,,2.960799974971451e-05,0.0030081099830567837,,19.95344783337527,0.0008206000002246583,0.0,1.436162646165387,2.2200005896884916,3.2900609932110645,2.640651768010174,4.257160297636607,8.217913492673746,1.436162646165387,2.2200005896884916,3.2900609932110645
10.262611389160156,10.262611389160156,,False,PERIODIC,True,True,1,FOLLOW,0.49007025612823957,0.4094480346340847,-4.934620601103335,1.3406047945453723,1.0926627192824856,-0.0806954117345729,26.712825944598915,18.02239513316335,-0.05082185195487011,3.5602934394234995,-1.8232692135825668,-0.221683494154861,31.964047172018063,31.588745169645655,4.883798749148465,3.6673634066843674,-0.19270528256104413,PREPARATION,False,FOLLOW,0,False,inf,inf,0.0,True,False,REACQUIRE,0,2.7843034267425537,-0.11094118170717943,-0.11094118170717943,3,0,inf,inf,inf,VISION,,,0,,0.0,0.0,False,,0.0,0.0,0.0,False,0.0,0.6944652467240875,4.7046206011033345,SAFE,4.734014797210693,0.9999235272407532,19.65794563293457,15.161097526550293,,,9.837000106927007e-06,0.0030081099830567837,,19.984751841257047,0.0009916959998008679,0.0,1.436162646165387,2.2200005896884916,3.2900609932110645,2.640651768010174,4.257160297636607,8.217913492673746,1.436162646165387,2.2200005896884916,3.2900609932110645
10.311596393585205,10.311596393585205,,False,PERIODIC,True,True,1,FOLLOW,0.5542146782487072,0.460619564763887,-4.938106437650646,1.446998426561344,1.1701352485334937,-0.07705008970103175,26.889212620726532,17.931239349882112,-0.06166007698403305,3.546750946979598,-1.8494749849888006,-0.21479188043497424,31.97709182234892,31.60308010790207,4.876446360666613,3.6804863007909656,-0.05850518152384109,PREPARATION,False,FOLLOW,0,False,inf,inf,0.0,True,False,REACQUIRE,0,2.834298610687256,-0.11094118170717943,-0.11094118170717943,3,0,inf,inf,inf,VISION,,,0,,0.0,0.0,False,,0.0,0.0,0.0,False,0.0,0.6894319507841855,4.708106437650645,SAFE,4.7371118545532225,1.0008604526519775,19.72026824951172,14.46243667602539,,,0.0018380540423095226,0.0030081099830567837,,20.024684415343255,0.0006011350005792337,0.0,1.436162646165387,2.2200005896884916,3.2900609932110645,2.640651768010174,4.257160297636607,8.217913492673746,1.436162646165387,2.2200005896884916,3.2900609932110645
10.361660480499268,10.361660480499268,,False,PERIODIC,True,True,1,FOLLOW,0.6353292357641936,0.5247536300614055,-4.942001794751014,1.5733749595929345,1.260950894313614,-0.07311400371522885,27.066406763377213,17.838018554329754,-0.07220991571273336,3.5332529277462132,-1.8751329949027116,-0.20652076037468087,31.969765006232652,31.59669289037368,4.869791879038281,3.7005325526168815,0.09833753289672972,PREPARATION,False,FOLLOW,0,False,inf,inf,0.0,True,False,REACQUIRE,0,2.88434100151062,-0.11167940997349861,-0.11167940997349861,3,0,inf,inf,inf,VISION,,,0,,0.0,0.0,False,,0.0,0.0,0.0,False,0.0,0.6822809037214359,4.712001794751013,SAFE,4.741242218017578,1.0008604526519775,19.72026824951172,14.46243667602539,,,5.543400038732216e-05,0.0030081099830567837,,19.948842584885828,0.0015313690000766655,0.0,1.436162646165387,2.2200005896884916,3.2900609932110645,2.640651768010174,4.257160297636607,8.217913492673746,1.436162646165387,2.2200005896884916,3.2900609932110645
10.411646842956543,10.411646842956543,,False,PERIODIC,True,True,1,FOLLOW,0.7184206055461689,0.590026202866358,-4.9456523733356885,1.6953759033883522,1.347626446500508,-0.06942050420539922,27.242388556595206,17.743824077934963,-0.0822833132940308,3.519958466143171,-1.899971683111887,-0.19700476621888433,31.959756194645088,31.587555419927398,4.8633690600416575,3.7272339453922654,0.2482485091680429,PREPARATION,False,FOLLOW,0,False,inf,inf,0.0,True,False,REACQUIRE,0,2.934265613555908,-0.11121219104194012,-0.11121219104194012,3,0,inf,inf,inf,VISION,,,0,,0.0,0.0,False,,0.0,0.0,0.0,False,0.0,0.6772413321514152,4.715652373335688,SAFE,4.744145679473877,1.0010446310043335,19.57259178161621,14.349860191345215,,,0.00367378699593246,0.008678056299686432,,20.026153790095705,0.0005833209997945232,0.0,1.436162646165387,2.2200005896884916,3.2900609932110645,2.640651768010174,4.257160297636607,8.217913492673746,1.436162646165387,2.2200005896884916,3.2900609932110645
10.461950063705444,10.461950063705444,,False,PERIODIC,True,True,1,FOLLOW,0.8079688870796601,0.6599128345154552,-4.949281219671447,1.819356106837843,1.4347083498536009,-0.06618364952684742,27.418955379356078,17.64772524552991,-0.09191748959854737,3.5067362445733643,-1.9242663305778378,-0.18619850943662056,31.942516416371493,31.571036926333836,4.8573637300729,3.7608996529557914,0.39889585946854245,PREPARATION,False,FOLLOW,0,False,inf,inf,0.0,True,False,REACQUIRE,0,2.9842121601104736,-0.11213349985733051,-0.11213349985733051,3,0,inf,inf,inf,VISION,,,0,,0.0,0.0,False,,0.0,0.0,0.0,False,0.0,0.6691572763875455,4.719281219671447,SAFE,4.748750495910644,1.0010446310043335,19.57259178161621,14.349860191345215,,,5.342200165614486e-05,0.008678056299686432,,20.00298594827201,0.0008836849992803764,0.0,1.436162646165387,2.2200005896884916,3.2900609932110645,2.640651768010174,4.257160297636607,8.217913492673746,1.436162646165387,2.2200005896884916,3.2900609932110645
10.511664390563965,10.511664390563965,,False,PERIODIC,True,True,1,FOLLOW,0.896484746361295,0.7284681582132913,-4.952563257306182,1.9354677404705396,1.515131076908886,-0.06348204545540456,27.592870221879693,17.551533462345688,-0.10087977634842137,3.493831068794421,-1.9475996669559261,-0.17437445840227356,31.92571622194201,31.554912829614548,4.851683480957761,3.7988547741155387,0.5384089766187485,PREPARATION,False,FOLLOW,0,False,inf,inf,0.0,True,False,REACQUIRE,0,3.0342752933502197,-0.11167940997349861,-0.11167940997349861,3,0,inf,inf,inf,VISION,,,0,,0.0,0.0,False,,0.0,0.0,0.0,False,0.0,0.6641953724607861,4.722563257306182,SAFE,4.7515867233276365,0.9991163015365601,19.86607551574707,13.878183364868164,,,3.5712000681087375e-05,0.008678056299686432,,19.991083608479503,0.0005275379999147845,0.0,1.436162646165387,2.2200005896884916,3.2900609932110645,2.640651768010174,4.257160297636607,8.217913492673746,1.436162646165387,2.2200005896884916,3.2900609932110645
10.561558246612549,10.561558246612549,,False,PERIODIC,True,True,1,FOLLOW,1.0037467130896343,0.8107576821223662,-4.95618844089272,2.06897961992284,1.6059432905270332,-0.06062483434414344,27.76738931128036,17.453496176311326,-0.10928545309751521,3.4810031908306636,-1.9704356841639716,-0.16139265126654714,31.886764939120848,31.516238825558617,4.846902987795205,3.8463555852700972,0.696786196882455,PREPARATION,False,FOLLOW,0,False,inf,inf,0.0,True,False,REACQUIRE,0,3.0842437744140625,-0.11204205492834159,-0.11204205492834159,3,0,inf,inf,inf,VISION,,,0,,0.0,0.0,False,,0.0,0.0,0.0,False,0.0,0.6572600936894304,4.726188440892719,SAFE,4.7554295539855955,0.9991163015365601,19.86607551574707,13.878183364868164,,,4.375199932837859e-05,0.008678056299686432,,20.00200191255939,0.0006910560005053412,0.0,1.436162646165387,2.2200005896884916,3.2900609932110645,2.640651768010174,4.257160297636607,8.217913492673746,1.436162646165387,2.2200005896884916,3.2900609932110645
10.611562252044678,10.611562252044678,,False,PERIODIC,True,True,1,FOLLOW,1.111777526260659,0.8928843794715678,-4.959684407279076,2.196916693545971,1.691131482432402,-0.057621501916102304,27.94147953888531,17.354212366805665,-0.1170250709171756,3.4683322590884322,-1.9926543454815573,-0.14739672418881783,31.847442262148416,31.477106429797896,4.8426593363619,3.8980553044790813,0.8466317824532859,PREPARATION,False,FOLLOW,0,False,inf,inf,0.0,True,False,REACQUIRE,0,3.134326696395874,-0.11220429463809549,-0.11220429463809549,3,0,inf,inf,inf,VISION,,,0,,0.0,0.0,False,,0.0,0.0,0.0,False,0.0,0.6522833178652379,4.729684407279075,SAFE,4.75822811126709,0.9974560141563416,19.577392578125,11.971152305603027,,,0.0034323949366807938,0.0027829159516841173,,19.948058605784684,0.0008454109993181191,0.0,1.436162646165387,2.2200005896884916,3.2900609932110645,2.640651768010174,4.257160297636607,8.217913492673746,1.436162646165387,2.2200005896884916,3.2900609932110645
10.661622047424316,10.661622047424316,,False,PERIODIC,True,True,1,FOLLOW,1.2271907250663454,0.9798623911375747,-4.963140789163818,2.327179505719914,1.775877889087662,-0.05459341670473203,28.114404937665334,17.254142452296406,-0.12401973067267896,3.4558732252575446,-2.0141847608767214,-0.1325356215282515,31.79923854814686,31.428879706779508,4.839121058491139,3.9553254468465027,0.9972025875377273,PREPARATION,False,FOLLOW,0,False,inf,inf,0.0,True,False,REACQUIRE,0,3.184333086013794,-0.11222217192939488,-0.11222217192939488,3,0,inf,inf,inf,VISION,,,0,,0.0,0.0,False,,0.0,0.0,0.0,False,0.0,0.6443606131589852,4.7331407891638175,SAFE,4.7626550674438475,0.9974560141563416,19.577392578125,11.971152305603027,,,1.7297999875154346e-05,0.0027829159516841173,,19.991444685213885,0.0007381940004052012,0.0,1.436162646165387,2.2200005896884916,3.2900609932110645,2.640651768010174,4.257160297636607,8.217913492673746,1.436162646165387,2.2200005896884916,3.2900609932110645
10.71157193183899,10.71157193183899,,False,PERIODIC,True,True,1,FOLLOW,1.3399757947444895,1.0642512303517082,-4.966241645318629,2.448874777585148,1.8536001698105102,-0.052327234714755054,28.28674743686092,17.15299139708281,-0.1302525379475868,3.4435849578165083,-2.0351222661795716,-0.11685580676827587,31.754729612005335,31.384328287936274,4.835989107371042,4.014445723065615,1.1359717651107448,PREPARATION,False,FOLLOW,0,False,inf,inf,0.0,True,False,REACQUIRE,0,3.2342653274536133,-0.11204205492834159,-0.11204205492834159,3,0,inf,inf,inf,VISION,,,0,,0.0,0.0,False,,0.0,0.0,0.0,False,0.0,0.6394356299386743,4.7362416453186285,SAFE,4.765333938598633,1.0005162954330444,20.00728988647461,13.496047019958496,,,0.003538978984579444,0.0027829159516841173,,20.066787751298243,0.0006988300001466996,0.0,1.436162646165387,2.2200005896884916,3.2900609932110645,2.640651768010174,4.257160297636607,8.217913492673746,1.436162646165387,2.2200005896884916,3.2900609932110645
10.76171612739563,10.76171612739563,,False,PERIODIC,True,True,1,FOLLOW,1.4771502545183655,1.1661673489018485,-4.969758386476009,2.590451106642909,1.9419469779178304,-0.04963247800416374,28.459185436996986,17.050386471643414,-0.1357042614587545,3.4314209284281447,-2.0555657157934237,-0.10038793815584135,31.681330764527225,31.310359942482023,4.834054125017254,4.085329129246665,1.2957676936196219,PREPARATION,False,FOLLOW,0,False,inf,inf,0.0,True,False,REACQUIRE,0,3.284329414367676,-0.11232228342916753,-0.11232228342916753,3,0,inf,inf,inf,VISION,,,0,,0.0,0.0,False,,0.0,0.0,0.0,False,0.0,0.6325623673525831,4.739758386476009,SAFE,4.769021797180176,1.0005162954330444,20.00728988647461,13.496047019958496,,,2.1933999960310757e-05,0.0027829159516841173,,20.05364866860983,0.0007844589999876916,0.0,1.436162646165387,2.2200005896884916,3.2900609932110645,2.640651768010174,4.257160297636607,8.217913492673746,1.436162646165387,2.2200005896884916,3.2900609932110645
10.811586618423462,10.811586618423462,,False,PERIODIC,True,True,1,FOLLOW,1.6100687476677624,1.2642878383524974,-4.972950171279759,2.7219587079108583,2.02224883139095,-0.0466932941957441,28.6298771124471,16.947462400571144,-0.14028602802613357,3.419511240437033,-2.075317536312162,-0.08341254393137325,31.613077217188312,31.24151098167983,4.832664143253625,4.156678719442543,1.4422058428565705,PREPARATION,False,FOLLOW,0,False,inf,inf,0.0,True,False,REACQUIRE,0,3.3342490196228027,-0.11204205492834159,-0.11204205492834159,3,0,inf,inf,inf,VISION,,,0,,0.0,0.0,False,,0.0,0.0,0.0,False,0.0,0.6277925631101642,4.742950171279759,SAFE,4.7716248512268065,0.9994023442268372,20.01753807067871,12.715713500976562,,,0.0026816660538315773,0.0031463669147342443,,19.96997829137075,0.0007966660004967707,0.0,1.436162646165387,2.2200005896884916,3.2900609932110645,2.640651768010174,4.257160297636607,8.217913492673746,1.436162646165387,2.2200005896884916,3.2900609932110645
10.861812829971313,10.861812829971313,,False,PERIODIC,True,True,1,FOLLOW,1.753075149269896,1.368969067089579,-4.976116817769918,2.857940227210732,2.102926956243481,-0.04388724818758267,28.800908025451903,16.842996846271582,-0.1440266863653139,3.4077105357283277,-2.0946381321569976,-0.06582955373656407,31.533789719074143,31.161367091460676,4.832090131404604,4.233471569322139,1.5915997094858447,PREPARATION,False,FOLLOW,0,False,inf,inf,0.0,True,False,REACQUIRE,0,3.3842544555664062,-0.11249926072636654,-0.11249926072636654,3,0,inf,inf,inf,VISION,,,0,,0.0,0.0,False,,0.0,0.0,0.0,False,0.0,0.6202596736082491,4.746116817769917,SAFE,4.775666522979736,0.9994023442268372,20.01753807067871,12.715713500976562,,,3.6285000533098355e-05,0.0031463669147342443,,19.994715029598744,0.0010368189996370347,0.0,1.436162646165387,2.2200005896884916,3.2900609932110645,2.640651768010174,4.257160297636607,8.217913492673746,1.436162646165387,2.2200005896884916,3.2900609932110645
10.91166067123413,10.91166067123413,,False,PERIODIC,True,True,1,FOLLOW,1.8897858807736265,1.4680613667701383,-4.978901459564613,2.983284986218856,2.1746524686372806,-0.04162307760199857,28.970714248108745,16.73797334064796,-0.14686672642982082,3.3961272026750167,-2.113366987357087,-0.04790709054759002,31.462604033819808,31.089337286708336,4.832034733134792,4.307852021540825,1.7267449844541385,PREPARATION,False,FOLLOW,0,False,inf,inf,0.0,True,False,REACQUIRE,0,3.434300422668457,-0.11249926072636654,-0.11249926072636654,3,0,inf,inf,inf,VISION,,,0,,0.0,0.0,False,,0.0,0.0,0.0,False,0.0,0.6155538571308732,4.748901459564612,SAFE,4.7780969619750975,0.9994023442268372,20.041807174682617,12.645151138305664,,,0.0017163630109280348,0.0031463669147342443,,20.066439106047344,0.0005464930000016466,0.0,1.436162646165387,2.2200005896884916,3.2900609932110645,2.640651768010174,4.257160297636607,8.217913492673746,1.436162646165387,2.2200005896884916,3.2900609932110645
10.963039636611938,10.963039636611938,,False,PERIODIC,True,True,1,FOLLOW,2.0544300544364518,1.5861899655044218,-4.98196058254084,3.1286968374977966,2.2549054731776947,-0.039035711197421136,29.14031794372391,16.63179368072361,-0.14880761232326567,3.384691117687048,-2.1316345929474876,-0.02964998275657377,31.358808675394375,30.98411712323697,4.833152970217575,4.394013531511879,1.882053272239373,PREPARATION,False,FOLLOW,0,False,inf,inf,0.0,True,False,REACQUIRE,0,3.4844958782196045,-0.11277633217619422,-0.11277633217619422,3,0,inf,inf,inf,VISION,,,0,,0.0,0.0,False,,0.0,0.0,0.0,False,0.0,0.6089667403472148,4.75196058254084,SAFE,4.78135232925415,0.9994023442268372,20.041807174682617,12.645151138305664,,,1.8863000150304288e-05,0.0031463669147342443,,20.001901506195708,0.0014360690001922194,0.0,1.436162646165387,2.2200005896884916,3.2900609932110645,2.640651768010174,4.257160297636607,8.217913492673746,1.436162646165387,2.2200005896884916,3.2900609932110645
11.011710166931152,11.011710166931152,,False,PERIODIC,True,True,1,FOLLOW,2.2117090994083313,1.6980513239285617,-4.984642976507063,3.262821803974442,2.3261950736020314,-0.03626593973888602,29.309257129013613,16.524774046386334,-0.14982981971049011,3.3734334689958727,-2.149406111059162,-0.011220492451518162,31.26474426836951,30.88865189524157,4.834813156796573,4.477037880006077,2.022728933101791,PREPARATION,False,FOLLOW,0,False,inf,inf,0.0,True,False,REACQUIRE,0,3.534350633621216,-0.11217653211354646,-0.11217653211354646,3,0,inf,inf,inf,VISION,,,0,,0.0,0.0,False,,0.0,0.0,0.0,False,0.0,0.6043986592473662,4.754642976507062,SAFE,4.783582496643066,0.9999797344207764,20.03681182861328,11.662217140197754,,,2.2913998691365123e-05,0.0031463669147342443,,19.981189166420116,0.0007773900006213808,0.0,1.436162646165387,2.2200005896884916,3.2900609932110645,2.640651768010174,4.257160297636607,8.217913492673746,1.436162646165387,2.2200005896884916,3.2900609932110645
11.062336206436157,11.062336206436157,,False,PERIODIC,True,True,1,FOLLOW,2.383667850083375,1.819001980288232,-4.9873351683754,3.4046676848319724,2.3977990688151642,-0.03313050313989709,29.47801236784907,16.41663629377844,-0.14992760766722327,3.362322094156047,-2.1667464399763285,0.007319381509265427,31.154372795904003,30.77652404671078,4.837407560708177,4.5649211432451295,2.169301241662549,PREPARATION,False,FOLLOW,0,False,inf,inf,0.0,True,False,REACQUIRE,0,3.5846261978149414,-0.11277633217619422,-0.11277633217619422,3,0,inf,inf,inf,VISION,,,0,,0.0,0.0,False,,0.0,0.0,0.0,False,0.0,0.5970007162231621,4.757335168375399,SAFE,4.787001895904541,0.9999797344207764,20.03681182861328,11.662217140197754,,,4.49030012532603e-05,0.0031463669147342443,,19.959374848943032,0.001579429999765125,0.0,1.436162646165387,2.2200005896884916,3.2900609932110645,2.640651768010174,4.257160297636607,8.217913492673746,1.436162646165387,2.2200005896884916,3.2900609932110645
11.11148452758789,11.11148452758789,,False,PERIODIC,True,True,1,FOLLOW,2.5705465314962423,1.9486994466307859,-4.9899898143475,3.553581996553592,2.468624344761941,-0.029340943392405595,29.645562749505235,16.308066188616625,-0.14910208278457304,3.3514232471231713,-2.1835663989543295,0.025742323560850332,31.027118952069905,30.647151848684064,4.840887731562927,4.656906810554497,2.3208507584015456,PREPARATION,False,FOLLOW,0,False,inf,inf,0.0,True,False,REACQUIRE,0,3.634316921234131,-0.11234250976382228,-0.11234250976382228,3,0,inf,inf,inf,VISION,,,0,,0.0,0.0,False,,0.0,0.0,0.0,False,0.0,0.5924973604202375,4.7599898143475,SAFE,4.789027976989746,1.0005404949188232,19.989927291870117,10.640636444091797,,,3.1784999009687454e-05,0.00840641837567091,,19.982436709693935,0.0008315040004163166,0.0,1.436162646165387,2.2200005896884916,3.2900609932110645,2.640651768010174,4.257160297636607,8.217913492673746,1.436162646165387,2.2200005896884916,3.2900609932110645
11.162275075912476,11.162275075912476,,False,PERIODIC,True,True,1,FOLLOW,2.7431318064082975,2.066978684219997,-4.992111202819823,3.685934478493828,2.527375241114058,-0.02312590066007582,29.812902397060324,16.198450820330322,-0.14735615750494943,3.340671100184761,-2.1999810454616053,0.04404292303736541,30.91832201160496,30.5363878768297,4.844755045314873,4.740423600429051,2.4524386400864,PREPARATION,False,FOLLOW,0,False,inf,inf,0.0,True,False,REACQUIRE,0,3.6842565536499023,-0.11234250976382228,-0.11234250976382228,3,0,inf,inf,inf,VISION,,,0,,0.0,0.0,False,,0.0,0.0,0.0,False,0.0,0.5860744746255517,4.762111202819822,SAFE,4.791668224334717,1.0005404949188232,19.989927291870117,10.640636444091797,,,4.0521001210436225e-05,0.00840641837567091,,20.046959503226837,0.0010681209996619145,0.0,1.436162646165387,2.2200005896884916,3.2900609932110645,2.640651768010174,4.257160297636607,8.217913492673746,1.436162646165387,2.2200005896884916,3.2900609932110645
11.211647033691406,11.211647033691406,,False,PERIODIC,True,True,1,FOLLOW,2.9319068044690164,2.1946497122890753,-4.993822832909456,3.825249390491098,2.584397213666023,-0.012625181733749723,29.979456057947996,16.088193189632864,-0.14470602444240338,3.330101805599747,-2.2159471934911497,0.06204479441675974,30.791466428190315,30.40724372540552,4.849116808467053,4.8263913189345935,2.5891666824845854,PREPARATION,False,FOLLOW,0,False,inf,inf,0.0,True,False,REACQUIRE,0,3.7343368530273438,-0.11101317015940652,-0.11101317015940652,3,0,inf,inf,inf,VISION,,,0,,0.0,0.0,False,,0.0,0.0,0.0,False,0.0,0.5815139321283525,4.763822832909455,SAFE,4.793207454681396,1.0017623901367188,20.059621810913086,11.146504402160645,,,0.0031064979266375303,0.00840641837567091,,20.01589782952029,0.0006291520003287587,0.0,1.436162646165387,2.2200005896884916,3.2900609932110645,2.640651768010174,4.257160297636607,8.217913492673746,1.436162646165387,2.2200005896884916,3.2900609932110645
11.262420177459717,11.262420177459717,,False,PERIODIC,True,True,1,FOLLOW,3.1315261027119234,2.327421985642327,-4.994835195431733,3.966171803669383,2.636333727789974,0.0003992049463822306,30.146647518715756,15.976367800486418,-0.14113813402701972,3.3196250822552824,-2.231611371467175,0.07978697740194285,30.65401902103324,30.26731747244838,4.853697061404714,4.911335314430127,2.7247171998663258,PREPARATION,False,FOLLOW,0,False,inf,inf,0.0,True,False,REACQUIRE,0,3.7851369380950928,-0.11067015600785662,-0.11067015600785662,3,0,inf,inf,inf,VISION,,,0,,0.0,0.0,False,,0.0,0.0,0.0,False,0.0,0.5736866353009344,4.764835195431733,SAFE,4.794735240936279,1.0017623901367188,20.059621810913086,11.146504402160645,,,4.3882999307243153e-05,0.00840641837567091,,19.93716418235306,0.0015801790004843497,0.0,1.436162646165387,2.2200005896884916,3.2900609932110645,2.640651768010174,4.257160297636607,8.217913492673746,1.436162646165387,2.2200005896884916,3.2900609932110645
11.311651468276978,11.311651468276978,,False,PERIODIC,True,True,1,FOLLOW,3.31839417506098,2.4496599312278238,-4.995169376902539,4.091551778044547,2.677905567745541,0.012493890130210274,30.31150686856498,15.864993361992092,-0.13674312565575958,3.3094251443469105,-2.246709864215768,0.09684717442402406,30.532009589635464,30.142981006244025,4.8584262512467795,4.9870507016093,2.841855723139231,PREPARATION,False,FOLLOW,0,False,inf,inf,0.0,True,False,REACQUIRE,0,3.834305763244629,-0.1098091427344783,-0.1098091427344783,3,0,inf,inf,inf,VISION,,,0,,0.0,0.0,False,,0.0,0.0,0.0,False,0.0,0.5687438655622032,4.765169376902539,SAFE,4.793782399627419,1.0011104345321655,20.104827880859375,11.628847122192383,,,0.0035969160962849855,0.0031310950871556997,,19.995161524636607,0.0007996540007297881,0.0,1.436162646165387,2.2200005896884916,3.2900609932110645,2.640651768010174,4.257160297636607,8.217913492673746,1.436162646165387,2.2200005896884916,3.2900609932110645
11.361697673797607,11.361697673797607,,False,PERIODIC,True,True,1,FOLLOW,3.5441823395842245,2.594775000841069,-4.994750021655785,4.233755027364708,2.7198615894262503,0.025395058571083737,30.47769096696684,15.751624409776575,-0.1314510002420405,3.29927455977799,-2.261589569130914,0.113496252786973,30.367223296218313,29.975266026354134,4.863299021413745,5.069109508563991,2.9729612462328303,PREPARATION,False,FOLLOW,0,False,inf,inf,0.0,True,False,REACQUIRE,0,3.8844945430755615,-0.1098091427344783,-0.1098091427344783,3,0,inf,inf,inf,VISION,,,0,,0.0,0.0,False,,0.0,0.0,0.0,False,0.0,0.5611175076461778,4.764750021655785,SAFE,4.791378084411883,1.0011104345321655,20.104827880859375,11.628847122192383,,,6.029900032444857e-05,0.0031310950871556997,,19.93148464116874,0.0009748219999892171,0.0,1.436162646165387,2.2200005896884916,3.2900609932110645,2.640651768010174,4.257160297636607,8.217913492673746,1.436162646165387,2.2200005896884916,3.2900609932110645
11.411625623703003,11.411625623703003,,False,PERIODIC,True,True,1,FOLLOW,3.7594705839016274,2.730642725212988,-4.993695288987903,4.360321915026793,2.752748667546121,0.03522673489224382,30.641281010673147,15.638961142653514,-0.12542101041487577,3.289411112873231,-2.2759118020050972,0.12924103383938693,30.21517020700582,29.820402683178447,4.868274278573027,5.142286918541475,3.085929474811797,PREPARATION,False,FOLLOW,0,False,inf,inf,0.0,True,False,REACQUIRE,0,3.9342362880706787,-0.10884030742815075,-0.10884030742815075,3,0,inf,inf,inf,VISION,,,0,,0.0,0.0,False,,0.0,0.0,0.0,False,0.0,0.5557054111911417,4.763695288987902,SAFE,4.7893160796963405,0.9987652897834778,20.042259216308594,11.059598922729492,,,0.005751872900873423,0.0031310950871556997,,19.96782668242542,0.0006754149999324,0.0,1.436162646165387,2.2200005896884916,3.2900609932110645,2.640651768010174,4.257160297636607,8.217913492673746,1.436162646165387,2.2200005896884916,3.2900609932110645
11.461693525314331,11.461693525314331,,False,PERIODIC,True,True,1,FOLLOW,3.984381284179224,2.86976889937706,-4.992082825010362,4.4828289027040515,2.780103376434447,0.04303011757906499,30.806245312498692,15.524296710744165,-0.11854645781911871,3.27959393193174,-2.2900357293362283,0.14436581660083117,30.05496333061574,29.657199194838366,4.873536367191243,5.211943387130249,3.192130259212197,PREPARATION,False,FOLLOW,0,False,inf,inf,0.0,True,False,REACQUIRE,0,3.984198570251465,-0.10884030742815075,-0.10884030742815075,3,0,inf,inf,inf,VISION,,,0,,0.0,0.0,False,,0.0,0.0,0.0,False,0.0,0.5466928486099909,4.762082825010362,SAFE,4.7856830020984935,0.9987652897834778,20.042259216308594,11.059598922729492,,,2.345100074307993e-05,0.0031310950871556997,,20.01749664540457,0.0006651349995081546,0.0,1.436162646165387,2.2200005896884916,3.2900609932110645,2.640651768010174,4.257160297636607,8.217913492673746,1.436162646165387,2.2200005896884916,3.2900609932110645
11.51162314414978,11.51162314414978,,False,PERIODIC,True,True,1,FOLLOW,4.198242181448806,2.9996561391640517,-4.990264543064589,4.590264422706181,2.8003251309976065,0.047712734910648605,30.97037891053888,15.409172476882887,-0.11095099671464229,3.2699546270607867,-2.3037787951458695,0.15856390529819187,29.909047150666613,29.5083615400314,4.879313546349946,5.273270600616539,3.2814852751061183,PREPARATION,False,FOLLOW,0,False,inf,inf,0.0,True,False,REACQUIRE,0,4.034266948699951,-0.10866318626874386,-0.10866318626874386,3,0,inf,inf,inf,VISION,,,0,,0.0,0.0,False,,0.0,0.0,0.0,False,0.0,0.5410308870213489,4.760264543064588,SAFE,4.783405802840097,0.9996448755264282,19.931978225708008,12.589489936828613,,,0.0037545189261436462,0.0027611549012362957,,19.99190608002304,0.0008344970001417096,0.0,1.436162646165387,2.2200005896884916,3.2900609932110645,2.640651768010174,4.257160297636607,8.217913492673746,1.436162646165387,2.2200005896884916,3.2900609932110645
11.562378644943237,11.562378644943237,,False,PERIODIC,True,True,1,FOLLOW,4.447193904464309,3.1479532399048678,-4.988001722748215,4.70472811975565,2.817497800715335,0.050826668211737196,31.133092933898386,15.29403627836552,-0.10271771042450216,3.260524834827979,-2.317105479142022,0.1717065907705346,29.724241623082627,29.32003649701569,4.885284012323712,5.3352118913306175,3.3748429771634294,PREPARATION,False,FOLLOW,0,False,inf,inf,0.0,True,False,REACQUIRE,0,4.084228038787842,-0.10993830517875611,-0.10993830517875611,3,0,inf,inf,inf,VISION,,,0,,0.0,0.0,False,,0.0,0.0,0.0,False,0.0,0.5330912967379526,4.758001722748214,SAFE,4.780429533464226,0.9996448755264282,19.931978225708008,12.589489936828613,,,5.484699795488268e-05,0.0027611549012362957,,20.061493690802102,0.0005401669995990233,0.0,1.436162646165387,2.2200005896884916,3.2900609932110645,2.640651768010174,4.257160297636607,8.217913492673746,1.436162646165387,2.2200005896884916,3.2900609932110645
11.61157512664795,11.61157512664795,,False,PERIODIC,True,True,1,FOLLOW,4.6863238202010065,3.287740030641151,-4.985684304675375,4.805103099377238,2.828404926080094,0.05213504263768714,31.295405129241374,15.17819806655776,-0.09385173751590557,3.251243084022162,-2.33011124382465,0.18380230989672636,29.5526010070203,29.144917231226017,4.89183256715947,5.389072860126818,3.452820050832516,PREPARATION,False,FOLLOW,0,False,inf,inf,0.0,True,False,REACQUIRE,0,4.1343324184417725,-0.1102916272874755,-0.1102916272874755,3,0,inf,inf,inf,VISION,,,0,,0.0,0.0,False,,0.0,0.0,0.0,False,0.0,0.5274880847098005,4.755684304675374,SAFE,4.77837601444179,1.000440239906311,20.053030014038086,13.202933311462402,,,0.0035407880786806345,0.0027611549012362957,,19.96263970906147,0.0007251909992191941,0.0,1.436162646165387,2.2200005896884916,3.2900609932110645,2.640651768010174,4.257160297636607,8.217913492673746,1.436162646165387,2.2200005896884916,3.2900609932110645
11.662269830703735,11.662269830703735,,False,PERIODIC,True,True,1,FOLLOW,4.933298505153271,3.4295003071924284,-4.983129388550292,4.89921299968879,2.834485041540853,0.05207495225769301,31.457787875337058,15.061336769613195,-0.0843787383611023,3.2420815461271997,-2.3428417036286224,0.19480552547194657,29.374238947932298,28.96287547598639,4.89875065018919,5.437937926931529,3.5227187445572565,PREPARATION,False,FOLLOW,0,False,inf,inf,0.0,True,False,REACQUIRE,0,4.184278249740601,-0.11094118170717943,-0.11094118170717943,3,0,inf,inf,inf,VISION,,,0,,0.0,0.0,False,,0.0,0.0,0.0,False,0.0,0.5187206038776697,4.753129388550292,SAFE,4.7751294445215775,1.000440239906311,20.053030014038086,13.202933311462402,,,4.889499905402772e-05,0.0027611549012362957,,19.975444461907006,0.0013313700001162942,0.0,1.436162646165387,2.2200005896884916,3.2900609932110645,2.640651768010174,4.257160297636607,8.217913492673746,1.436162646165387,2.2200005896884916,3.2900609932110645
11.711684465408325,11.711684465408325,,False,PERIODIC,True,True,1,FOLLOW,5.164057571476593,3.5598517543020143,-4.980720990576873,4.9791686610822286,2.8361997743438914,0.050744731109460886,31.62024729330226,14.943459565528105,-0.07435157688660314,3.2330395568338455,-2.3553036373146483,0.20463710349681546,29.21624483434921,28.80132811863095,4.906369413690269,5.479448638708508,3.5781090079712436,PREPARATION,False,FOLLOW,0,False,inf,inf,0.0,True,False,REACQUIRE,0,4.234303951263428,-0.1121839514259042,-0.1121839514259042,3,0,inf,inf,inf,VISION,,,0,,0.0,0.0,False,,0.0,0.0,0.0,False,0.0,0.5133396331691653,4.750720990576872,SAFE,4.773213658178828,0.9994290471076965,20.024927139282227,13.577807426452637,,,2.1936999473837204e-05,0.0027611549012362957,,19.93298524131531,0.0008357100005014217,0.0,1.436162646165387,2.2200005896884916,3.2900609932110645,2.640651768010174,4.257160297636607,8.217913492673746,1.436162646165387,2.2200005896884916,3.2900609932110645
11.762080669403076,11.762080669403076,,False,PERIODIC,True,True,1,FOLLOW,5.437576364952769,3.7116569205002015,-4.977961736812032,5.064839199192096,2.8331799597344367,0.04810510086692607,31.782295949759778,14.824935811248245,-0.06386011768320353,3.2241433285575236,-2.3674669579358465,0.21319985982585474,29.012025307254657,28.5928175894867,4.914101619128829,5.519252298081716,3.635649790794643,PREPARATION,False,FOLLOW,0,False,inf,inf,0.0,True,False,REACQUIRE,0,4.284268617630005,-0.11405679141431276,-0.11405679141431276,3,0,inf,inf,inf,VISION,,,0,,0.0,0.0,False,,0.0,0.0,0.0,False,0.0,0.5060263777717773,4.747961736812032,SAFE,4.770746942293566,0.9994290471076965,20.024927139282227,13.577807426452637,,,2.1936999473837204e-05,0.0027611549012362957,,20.042694086493277,0.0010298699999111705,0.0,1.436162646165387,2.2200005896884916,3.2900609932110645,2.640651768010174,4.257160297636607,8.217913492673746,1.436162646165387,2.2200005896884916,3.2900609932110645
11.811667203903198,11.811667203903198,,False,PERIODIC,True,True,1,FOLLOW,5.698035628354648,3.853716848212875,-4.9754923716092,5.138633748700728,2.8258445820964133,0.045006031462590995,31.942618835601625,14.706758251808235,-0.053059854727044234,3.2154620657230293,-2.3792443556507994,0.22038586966983037,28.82354935315087,28.40011717282633,4.922432516882156,5.5517833404875665,3.6810383165562772,PREPARATION,False,FOLLOW,0,False,inf,inf,0.0,True,False,REACQUIRE,0,4.334300756454468,-0.11462007474972605,-0.11462007474972605,3,0,inf,inf,inf,VISION,,,0,,0.0,0.0,False,,0.0,0.0,0.0,False,0.0,0.5009586756977487,4.7454923716092,SAFE,4.769160228526388,0.9999387264251709,20.029333114624023,12.770670890808105,,,0.0017581699648872018,0.002646723063662648,,20.02895727083453,0.0008660829998916597,0.0,1.436162646165387,2.2200005896884916,3.2900609932110645,2.640651768010174,4.257160297636607,8.217913492673746,1.436162646165387,2.2200005896884916,3.2900609932110645
11.862237691879272,11.862237691879272,,False,PERIODIC,True,True,1,FOLLOW,5.9531839934970545,3.990523270884173,-4.973297585210438,5.204294146608022,2.81498653830661,0.04163351835848631,32.10276905150896,14.58781036496877,-0.04191709898615404,3.2069089405072835,-2.390760349197395,0.22623261140311704,28.64300623120005,28.215302452049865,4.931380486224284,5.578837257301976,3.7177403594373573,PREPARATION,False,FOLLOW,0,False,inf,inf,0.0,True,False,REACQUIRE,0,4.384351015090942,-0.11771140628208399,-0.11771140628208399,3,0,inf,inf,inf,VISION,,,0,,0.0,0.0,False,,0.0,0.0,0.0,False,0.0,0.4929607666313238,4.7432975852104375,SAFE,4.766923291639675,0.9999387264251709,20.029333114624023,12.770670890808105,,,0.0017581699648872018,0.002646723063662648,,19.949142211008606,0.0007074469995131949,0.0,1.436162646165387,2.2200005896884916,3.2900609932110645,2.640651768010174,4.257160297636607,8.217913492673746,1.436162646165387,2.2200005896884916,3.2900609932110645
11.911560773849487,11.911560773849487,,False,PERIODIC,True,True,1,FOLLOW,6.201154279242228,4.121367279127266,-4.971463029098451,5.262512944102645,2.8011368144047446,0.037979532154584196,32.26260758176616,14.468211325647424,-0.030509189794315546,3.198490210410095,-2.4020117347570937,0.23069425980027466,28.472259390585418,28.0402662248889,4.940953839304135,5.600900252289462,3.7466434483366995,PREPARATION,False,FOLLOW,0,False,inf,inf,0.0,True,False,REACQUIRE,0,4.43428111076355,-0.11843857162672124,-0.11843857162672124,3,0,inf,inf,inf,VISION,,,0,,0.0,0.0,False,,0.0,0.0,0.0,False,0.0,0.48809936224288686,4.74146302909845,SAFE,4.765795691916507,1.0002408027648926,20.118881225585938,14.053984642028809,,,0.00321738189086318,0.002646723063662648,,19.97957109938844,0.0007196970000222791,0.0,1.436162646165387,2.2200005896884916,3.2900609932110645,2.640651768010174,4.257160297636607,8.217913492673746,1.436162646165387,2.2200005896884916,3.2900609932110645
11.962515115737915,11.962515115737915,,False,PERIODIC,True,True,1,FOLLOW,6.481671309157008,4.266880195538792,-4.969863976250439,5.322096241090711,2.782000719061798,0.03360324504167557,32.423160074114236,14.347202174715747,-0.018831031193963184,3.190151635794803,-2.4130753284213373,0.2337553533902069,28.268117336839303,27.83116473571094,4.951032945056475,5.619080334508459,3.7739653949026386,PREPARATION,False,FOLLOW,0,False,inf,inf,0.0,True,False,REACQUIRE,0,4.484272003173828,-0.1214928432640836,-0.1214928432640836,3,0,inf,inf,inf,VISION,,,0,,0.0,0.0,False,,0.0,0.0,0.0,False,0.0,0.4812408674008646,4.739863976250438,SAFE,4.764743048228517,1.0002408027648926,20.118881225585938,14.053984642028809,,,0.00321738189086318,0.002646723063662648,,19.95608107262109,0.0014421910000237403,0.0,1.436162646165387,2.2200005896884916,3.2900609932110645,2.640651768010174,4.257160297636607,8.217913492673746,1.436162646165387,2.2200005896884916,3.2900609932110645
12.01168155670166,12.01168155670166,,False,PERIODIC,True,True,1,FOLLOW,6.747882464847023,4.402827577688025,-4.968747748758046,5.373747980883107,2.760855285815825,0.029865717842716324,32.58171801409753,14.226846253324608,-0.007152338769246685,3.1820318060236885,-2.4237725935932235,0.23535144467186248,28.080524053824167,27.638712020008743,4.961595409988799,5.632602455616451,3.7939028168503484,PREPARATION,False,FOLLOW,0,False,inf,inf,0.0,True,False,REACQUIRE,0,4.534416913986206,-0.12303666907356807,-0.12303666907356807,3,0,inf,inf,inf,VISION,,,0,,0.0,0.0,False,,0.0,0.0,0.0,False,0.0,0.4763858756185626,4.738747748758046,SAFE,4.764228738372121,0.9981489181518555,20.21980094909668,12.003140449523926,,,0.0022227440495043993,0.004991944879293442,,20.017451392386302,0.0007376280000244151,0.0,1.436162646165387,2.2200005896884916,3.2900609932110645,2.640651768010174,4.257160297636607,8.217913492673746,1.436162646165387,2.2200005896884916,3.2900609932110645
12.062279224395752,12.062279224395752,,False,PERIODIC,True,True,1,FOLLOW,7.02234824434408,4.540824624211547,-4.968018667089254,5.422100898576455,2.7362039073799638,0.026132401893152222,32.74082906858304,14.105232639676426,0.0046408140164870045,3.1739979843665798,-2.4342836308115134,0.23550665374217397,27.886295897950784,27.439354157724555,4.972659481105741,5.641962927280685,3.809372807143311,PREPARATION,False,FOLLOW,0,False,inf,inf,0.0,True,False,REACQUIRE,0,4.584210634231567,-0.1252811801196094,-0.1252811801196094,3,0,inf,inf,inf,VISION,,,0,,0.0,0.0,False,,0.0,0.0,0.0,False,0.0,0.46874061835575587,4.7380186670892535,SAFE,4.763946552065865,0.9981489181518555,20.21980094909668,12.003140449523926,,,0.0022227440495043993,0.004991944879293442,,20.05924153139545,0.0006869110002298839,0.0,1.436162646165387,2.2200005896884916,3.2900609932110645,2.640651768010174,4.257160297636607,8.217913492673746,1.436162646165387,2.2200005896884916,3.2900609932110645
12.111613035202026,12.111613035202026,,False,PERIODIC,True,True,1,FOLLOW,7.281067724447675,4.66898539773491,-4.967613712857135,5.463507974524556,2.71087264074722,0.022848578600263892,32.89949782957651,13.983132451294173,0.016402066783928172,3.166099832590648,-2.4445473712058576,0.2342065867546698,27.71096731762371,27.259077320898047,4.984015779641063,5.648106928686945,3.8187378001122894,PREPARATION,False,FOLLOW,0,False,inf,inf,0.0,True,False,REACQUIRE,0,4.634269952774048,-0.12790564655866718,-0.12790564655866718,3,0,inf,inf,inf,VISION,,,0,,0.0,0.0,False,,0.0,0.0,0.0,False,0.0,0.46382124276780035,4.737613712857135,SAFE,4.764019218212014,1.0007027387619019,20.016307830810547,11.735461235046387,,,0.002516506938263774,0.004991944879293442,,20.008309452278144,0.0006992219996391213,0.0,1.436162646165387,2.2200005896884916,3.2900609932110645,2.640651768010174,4.257160297636607,8.217913492673746,1.436162646165387,2.2200005896884916,3.2900609932110645
12.162252426147461,12.162252426147461,,False,PERIODIC,True,True,1,FOLLOW,7.568229713196852,4.808899380931715,-4.967444744463487,5.505319257139288,2.6802610000349705,0.0197409845601107,33.057720648083254,13.860566413541505,0.028058030943035064,3.1583358499464795,-2.454570157673813,0.23146069988230636,27.506396931768165,27.04897085267554,4.995502775406522,5.64974754919823,3.8261844335987485,PREPARATION,False,FOLLOW,0,False,inf,inf,0.0,True,False,REACQUIRE,0,4.684584140777588,-0.1300465284695682,-0.1300465284695682,3,0,inf,inf,inf,VISION,,,0,,0.0,0.0,False,,0.0,0.0,0.0,False,0.0,0.4569935240644174,4.737444744463486,SAFE,4.764306907833402,1.0007027387619019,20.016307830810547,11.735461235046387,,,4.963100218446925e-05,0.004991944879293442,,19.97960616307849,0.0006771509997633984,0.0,1.436162646165387,2.2200005896884916,3.2900609932110645,2.640651768010174,4.257160297636607,8.217913492673746,1.436162646165387,2.2200005896884916,3.2900609932110645
12.211590766906738,12.211590766906738,,False,PERIODIC,True,True,1,FOLLOW,7.850298723158853,4.944044728914373,-4.967467653049847,5.543044035084837,2.6479524916886557,0.017170065150734506,33.21535440879467,13.737664111446454,0.03952605771656377,3.1507112212920143,-2.46434956936401,0.22729206150195383,27.30904205203661,26.846113159641,5.006993710766411,5.648277605495665,3.829691785612684,PREPARATION,False,FOLLOW,0,False,inf,inf,0.0,True,False,REACQUIRE,0,4.734280586242676,-0.13229737459161428,-0.13229737459161428,3,0,inf,inf,inf,VISION,,,0,,0.0,0.0,False,,0.0,0.0,0.0,False,0.0,0.4521225799668729,4.737467653049847,SAFE,4.764652662327817,0.9997698068618774,19.902971267700195,11.556655883789062,,,0.0023814919404685497,0.001826956053264439,,20.04996049976602,0.0011080120002588956,0.0,1.436162646165387,2.2200005896884916,3.2900609932110645,2.640651768010174,4.257160297636607,8.217913492673746,1.436162646165387,2.2200005896884916,3.2900609932110645
12.262283563613892,12.262283563613892,,False,PERIODIC,True,True,1,FOLLOW,8.124708474403814,5.0730735459838945,-4.96755340598803,5.57679077971943,2.6145244202065703,0.015274233364475599,33.37391001885446,13.613255799290505,0.050842346279617624,3.1431524551315353,-2.473983153499757,0.22167189865667628,27.122706123806307,26.65439722732409,5.018395752267648,5.6442984345982,3.829574415609424,PREPARATION,False,FOLLOW,0,False,inf,inf,0.0,True,False,REACQUIRE,0,4.784213542938232,-0.13438623981163103,-0.13438623981163103,3,0,inf,inf,inf,VISION,,,0,,0.0,0.0,False,,0.0,0.0,0.0,False,0.0,0.44412614756853364,4.73755340598803,SAFE,4.765152055967012,0.9997698068618774,19.902971267700195,11.556655883789062,,,5.6673998187761754e-05,0.001826956053264439,,20.056984829616326,0.0006161030005387147,0.0,1.436162646165387,2.2200005896884916,3.2900609932110645,2.640651768010174,4.257160297636607,8.217913492673746,1.436162646165387,2.2200005896884916,3.2900609932110645
12.31162714958191,12.31162714958191,,False,PERIODIC,True,True,1,FOLLOW,8.386067153523445,5.1937683664847905,-4.967694369523135,5.606870574161551,2.5810927807041586,0.013813067164055328,33.52923706253255,13.490625447836933,0.06164511184971447,3.1358542698232648,-2.48322733522954,0.21480247890450246,26.95015929675704,26.47672242747739,5.029339481372849,5.638586397013716,3.826926508469074,PREPARATION,False,FOLLOW,0,False,inf,inf,0.0,True,False,REACQUIRE,0,4.834294319152832,-0.13620461385906552,-0.13620461385906552,3,0,inf,inf,inf,VISION,,,0,,0.0,0.0,False,,0.0,0.0,0.0,False,0.0,0.43899823452006537,4.737694369523134,SAFE,4.765461043958276,0.9984561204910278,20.005950927734375,12.457707405090332,,,0.0019983649253845215,0.001826956053264439,,20.037659601216966,0.0007145990002754843,0.0,1.436162646165387,2.2200005896884916,3.2900609932110645,2.640651768010174,4.257160297636607,8.217913492673746,1.436162646165387,2.2200005896884916,3.2900609932110645
12.3623046875,12.3623046875,,False,PERIODIC,True,True,1,FOLLOW,8.684981447187276,5.329188784359173,-4.967954306797541,5.638546010373647,2.5411796429285065,0.012196812130533443,33.68711834541429,13.365222867997025,0.07226802050143842,3.128543490901418,-2.4924316691813977,0.2064706056053588,26.74113936203312,26.261848626307213,5.040222327298979,5.628063414353895,3.8228182494085954,PREPARATION,False,FOLLOW,0,False,inf,inf,0.0,True,False,REACQUIRE,0,4.884290933609009,-0.13768558271242456,-0.13768558271242456,3,0,inf,inf,inf,VISION,,,0,,0.0,0.0,False,,0.0,0.0,0.0,False,0.0,0.43173523440828854,4.7379543067975405,SAFE,4.765974592280077,0.9984561204910278,20.005950927734375,12.457707405090332,,,4.6763998398091644e-05,0.001826956053264439,,20.012489885994885,0.0015809810001883307,0.0,1.436162646165387,2.2200005896884916,3.2900609932110645,2.640651768010174,4.257160297636607,8.217913492673746,1.436162646165387,2.2200005896884916,3.2900609932110645
12.411694288253784,12.411694288253784,,False,PERIODIC,True,True,1,FOLLOW,8.9656653992352,5.45403154948987,-4.968223051463187,5.6663819734068035,2.5023803174768173,0.0108816542689644,33.842107398651166,13.241386555190104,0.08227869308242362,3.121471220612148,-2.501283154480937,0.19700952744950076,26.551606964678605,26.066842243262055,5.050501744545611,5.616748389012,3.8164767016690297,PREPARATION,False,FOLLOW,0,False,inf,inf,0.0,True,False,REACQUIRE,0,4.934316635131836,-0.13983863300522845,-0.13983863300522845,3,0,inf,inf,inf,VISION,,,0,,0.0,0.0,False,,0.0,0.0,0.0,False,0.0,0.4263943167941435,4.738223051463186,SAFE,4.76638970745644,0.9975375533103943,20.00035285949707,11.696979522705078,,,3.0384999263333157e-05,0.00311273499391973,,19.96393995068874,0.0006640219999098917,0.0,1.436162646165387,2.2200005896884916,3.2900609932110645,2.640651768010174,4.257160297636607,8.217913492673746,1.436162646165387,2.2200005896884916,3.2900609932110645
12.46240758895874,12.46240758895874,,False,PERIODIC,True,True,1,FOLLOW,9.249310000056003,5.5778290004223745,-4.968413741818847,5.692720774114149,2.4622722975104683,0.010018002983812547,33.99860573117458,13.115619518651442,0.09190131796135076,3.1144344463243043,-2.5100394577672724,0.1862182043703829,26.361955799737363,25.87172056673209,5.060315059780198,5.603792563140602,3.8084953725993866,PREPARATION,False,FOLLOW,0,False,inf,inf,0.0,True,False,REACQUIRE,0,4.984548330307007,-0.1406456916320828,-0.1406456916320828,3,0,inf,inf,inf,VISION,,,0,,0.0,0.0,False,,0.0,0.0,0.0,False,0.0,0.41778147963693435,4.738413741818847,SAFE,4.766852983227918,0.9975375533103943,20.00035285949707,11.696979522705078,,,4.074900061823428e-05,0.00311273499391973,,19.974568271698203,0.001037877000271692,0.0,1.436162646165387,2.2200005896884916,3.2900609932110645,2.640651768010174,4.257160297636607,8.217913492673746,1.436162646165387,2.2200005896884916,3.2900609932110645
12.51163625717163,12.51163625717163,,False,PERIODIC,True,True,1,FOLLOW,9.51736019009521,5.692631076881363,-4.968462330228577,5.716094491817228,2.4233797636603565,0.009324067216599147,34.15367756512132,12.990290274014454,0.1008925904551853,3.1075644923196424,-2.5185398400807886,0.1743561647805441,26.18973697600599,25.694434486100576,5.069354920683762,5.59054860647381,3.798908397320966,PREPARATION,False,FOLLOW,0,False,inf,inf,0.0,True,False,REACQUIRE,0,5.034431219100952,-0.14165425549743918,-0.14165425549743918,3,0,inf,inf,inf,VISION,,,0,,0.0,0.0,False,,0.0,0.0,0.0,False,0.0,0.4123367738837729,4.738462330228576,SAFE,4.767012193055866,1.0010212659835815,19.95636558532715,9.929624557495117,,,1.8647000615601428e-05,0.00311273499391973,,19.955436439382424,0.0008453039999949397,0.0,1.436162646165387,2.2200005896884916,3.2900609932110645,2.640651768010174,4.257160297636607,8.217913492673746,1.436162646165387,2.2200005896884916,3.2900609932110645
12.56211256980896,12.56211256980896,,False,PERIODIC,True,True,1,FOLLOW,9.817042813614998,5.818150046234912,-4.968249526289952,5.740739513750236,2.3789885003141835,0.008867876457000294,34.30884004470094,12.864191504678242,0.10928803163348867,3.1007920575396413,-2.526873288453356,0.16138834300093938,25.986077416471588,25.485188479639138,5.077537557923441,5.573155744706676,3.7885492826111484,PREPARATION,False,FOLLOW,0,False,inf,inf,0.0,True,False,REACQUIRE,0,5.084336519241333,-0.143608489993819,-0.143608489993819,3,0,inf,inf,inf,VISION,,,0,,0.0,0.0,False,,0.0,0.0,0.0,False,0.0,0.4044847567299543,4.738249526289952,SAFE,4.766964110979888,1.0010212659835815,19.95636558532715,9.929624557495117,,,4.8221998440567404e-05,0.00311273499391973,,20.054178544394517,0.0004984280003554886,0.0,1.436162646165387,2.2200005896884916,3.2900609932110645,2.640651768010174,4.257160297636607,8.217913492673746,1.436162646165387,2.2200005896884916,3.2900609932110645
12.611571073532104,12.611571073532104,,False,PERIODIC,True,True,1,FOLLOW,10.10422243542006,5.93582165450541,-4.9678764537829,5.7632444651954104,2.335470279212763,0.008261569000560789,34.464016238688856,12.737394629494148,0.11702671820493303,3.094119837384468,-2.535038940904837,0.14739349712081684,25.79761983866655,25.291519311260643,5.084903171987833,5.555667739836492,3.7770529871138496,PREPARATION,False,FOLLOW,0,False,inf,inf,0.0,True,False,REACQUIRE,0,5.134313106536865,-0.14424636898782062,-0.14424636898782062,3,0,inf,inf,inf,VISION,,,0,,0.0,0.0,False,,0.0,0.0,0.0,False,0.0,0.39877522203251825,4.737876453782899,SAFE,4.766745060146032,0.9997225999832153,19.99005889892578,10.125739097595215,,,2.6899000658886507e-05,0.00311273499391973,,19.980813430899243,0.0010132329998668865,0.0,1.436162646165387,2.2200005896884916,3.2900609932110645,2.640651768010174,4.257160297636607,8.217913492673746,1.436162646165387,2.2200005896884916,3.2900609932110645
12.661722898483276,12.661722898483276,,False,PERIODIC,True,True,1,FOLLOW,10.396984843652094,6.0530360670577625,-4.9675139886516355,5.784814430152788,2.2899371212718047,0.007740657812307361,34.6186832841223,12.610339647990807,0.12403343600262565,3.087569069246314,-2.5430134177061383,0.13250397228955613,25.604936257899524,25.09360288188195,5.091547424654261,5.536073458126982,3.764420591568202,PREPARATION,False,FOLLOW,0,False,inf,inf,0.0,True,False,REACQUIRE,0,5.1842591762542725,-0.1455952855247051,-0.1455952855247051,3,0,inf,inf,inf,VISION,,,0,,0.0,0.0,False,,0.0,0.0,0.0,False,0.0,0.38950372081535223,4.737513988651635,SAFE,4.76636705041063,0.9997225999832153,19.99005889892578,10.125739097595215,,,5.5345000873785466e-05,0.00311273499391973,,20.006134508821305,0.0015610029995514196,0.0,1.436162646165387,2.2200005896884916,3.2900609932110645,2.640651768010174,4.257160297636607,8.217913492673746,1.436162646165387,2.2200005896884916,3.2900609932110645
12.711597442626953,12.711597442626953,,False,PERIODIC,True,True,1,FOLLOW,10.665753159414471,6.158321058316855,-4.967254345483179,5.803469810936604,2.2476934213368285,0.006720126815025564,34.77337750614252,12.482598513939623,0.13028755418863477,3.081115811337081,-2.550828366850393,0.11675944990853902,25.439319377639865,24.92336327582322,5.097541899671813,5.518073151333705,3.7507190837145945,PREPARATION,False,FOLLOW,0,False,inf,inf,0.0,True,False,REACQUIRE,0,5.23439359664917,-0.1459703862330011,-0.1459703862330011,3,0,inf,inf,inf,VISION,,,0,,0.0,0.0,False,,0.0,0.0,0.0,False,0.0,0.3836123032935408,4.737254345483178,SAFE,4.766248453762291,0.9998012781143188,20.08391761779785,10.125739097595215,,,1.351200080534909e-05,0.003992694895714521,,19.951005088657197,0.0009429720003026887,0.0,1.436162646165387,2.2200005896884916,3.2900609932110645,2.640651768010174,4.257160297636607,8.217913492673746,1.436162646165387,2.2200005896884916,3.2900609932110645
12.761611700057983,12.761611700057983,,False,PERIODIC,True,True,1,FOLLOW,10.974479697948308,6.276406898149313,-4.967048066861408,5.8236065843808795,2.198391081832087,0.00571557058103956,34.92667842590498,12.35536212869992,0.13569842634626905,3.074817269914859,-2.558417236619808,0.10040739845483532,25.232905943876364,24.71156653469318,5.102746493207677,5.49472789281524,3.736104931656269,PREPARATION,False,FOLLOW,0,False,inf,inf,0.0,True,False,REACQUIRE,0,5.2842442989349365,-0.14709543976785902,-0.14709543976785902,3,0,inf,inf,inf,VISION,,,0,,0.0,0.0,False,,0.0,0.0,0.0,False,0.0,0.37527166881427254,4.737048066861408,SAFE,4.766194028397993,0.9998012781143188,20.08391761779785,10.125739097595215,,,1.351200080534909e-05,0.003992694895714521,,20.004572658733963,0.0012478059998102253,0.0,1.436162646165387,2.2200005896884916,3.2900609932110645,2.640651768010174,4.257160297636607,8.217913492673746,1.436162646165387,2.2200005896884916,3.2900609932110645
12.811665773391724,12.811665773391724,,False,PERIODIC,True,True,1,FOLLOW,11.268740395418071,6.386201034206631,-4.966871763540218,5.841864269285748,2.1507239840550283,0.00481531037370589,35.080488643743294,12.227066033229598,0.14030144042081982,3.0685936937517373,-2.5658785518155507,0.08334855816290128,25.043926942747788,24.517647900612957,5.107173203961038,5.472068771270317,3.7208372612438314,PREPARATION,False,FOLLOW,0,False,inf,inf,0.0,True,True,TARGET_LOCK,0,0.06725168228149414,-0.14772030766214858,-0.14772030766214858,3,0,0.06725168228149414,inf,inf,VISION,,,0,,0.0,0.0,False,,0.0,0.0,0.0,False,0.0,0.3691866987528134,4.7368717635402176,SAFE,4.766149120430753,0.9998575448989868,20.03649139404297,13.258491516113281,,,0.0073214988224208355,0.003992694895714521,,20.00406548656439,0.0012875809998149634,0.0,1.436162646165387,2.2200005896884916,3.2900609932110645,2.640651768010174,4.257160297636607,8.217913492673746,1.436162646165387,2.2200005896884916,3.2900609932110645
12.862151622772217,12.862151622772217,,False,PERIODIC,True,True,1,FOLLOW,11.559376870042339,6.491719289068104,-4.966743407844157,5.858686031609735,2.1028597005560887,0.002966939903328401,35.23349355646166,12.098817521832474,0.14402624464100838,3.0624972623260325,-2.573151864590498,0.06583193827637202,24.860074776935615,24.329063925150656,5.110769652485165,5.448642748324887,3.7045289559688284,PREPARATION,False,FOLLOW,0,False,inf,0.06918001174926758,0.0,True,True,TRACKING,0,0.06918001174926758,-0.14890723620213855,-0.14890723620213855,3,0,0.06918001174926758,0.01822495460510254,inf,VISION,,,0,,0.0,0.0,False,,0.0,0.0,0.0,False,0.0,0.3594074300434542,4.736743407844156,SAFE,4.76623978034921,0.9998575448989868,20.03649139404297,13.258491516113281,,,0.0073214988224208355,0.003992694895714521,,20.010520040959257,0.0010731519996625138,0.0,1.436162646165387,2.2200005896884916,3.2900609932110645,2.640651768010174,4.257160297636607,8.217913492673746,1.436162646165387,2.2200005896884916,3.2900609932110645
12.911634683609009,12.911634683609009,,False,PERIODIC,True,True,1,FOLLOW,11.837188742573849,6.589978368488291,-4.96672271931941,5.8742478990134,2.0563582215013474,-0.0007562128963789509,35.38622809713288,11.97018358915569,0.14686671555490205,3.056504936537827,-2.580266957684784,0.04790717280764688,24.691145369292304,24.15582461310453,5.113589434874312,5.425895002665609,3.6876495185979525,PREPARATION,False,FOLLOW,0,False,inf,0.1191396713256836,0.0,True,True,TRACKING,0,0.06713008880615234,-0.14890723620213855,-0.14890723620213855,3,0,0.06713008880615234,0.06818461418151855,inf,VISION,,,0,,0.0,0.0,False,,0.0,0.0,0.0,False,0.0,0.3532768390852894,4.73672271931941,SAFE,4.766612690929438,1.0006790161132812,20.2088565826416,11.14812183380127,,,0.007337245158851147,0.0019531999714672565,,20.073414313695462,0.0008282799999506096,0.0,1.436162646165387,2.2200005896884916,3.2900609932110645,2.640651768010174,4.257160297636607,8.217913492673746,1.436162646165387,2.2200005896884916,3.2900609932110645
12.962689876556396,12.962689876556396,,False,PERIODIC,True,True,1,FOLLOW,12.142434209889597,6.694833871509833,-4.966857120796574,5.89144075699722,2.003776514652503,-0.00568707644779286,35.539085308703825,11.84084282749929,0.14880861905459314,3.0506004358167957,-2.5872450562315072,0.02963751331968773,24.496014508010397,23.955890524352643,5.115665739851167,5.398990703956529,3.6704288822151963,PREPARATION,False,FOLLOW,0,False,inf,0.06917333602905273,0.0,True,True,TRACKING,0,0.06917333602905273,-0.14939021612761402,-0.14939021612761402,3,0,0.06917333602905273,0.018712282180786133,inf,VISION,,,0,,0.0,0.0,False,,0.0,0.0,0.0,False,0.0,0.3447942813080189,4.736857120796573,SAFE,4.7668078422546385,1.0006790161132812,20.2088565826416,11.14812183380127,,,5.600800068350509e-05,0.0019531999714672565,,20.040254640602427,0.0008818129999781377,0.0,1.436162646165387,2.2200005896884916,3.2900609932110645,2.640651768010174,4.257160297636607,8.217913492673746,1.436162646165387,2.2200005896884916,3.2900609932110645
13.011487007141113,13.011487007141113,,False,PERIODIC,True,True,1,FOLLOW,12.438599640448825,6.793566832393275,-4.967193786393854,5.9088727969330295,1.9501599499352873,-0.011397573911935749,35.691821824221414,11.71100980867319,0.14983153668479532,3.0447924426763198,-2.594077674438677,0.011163778312882185,24.31208620233744,23.767490135747575,5.117025323078649,5.371551068083536,3.653725084235527,PREPARATION,False,FOLLOW,0,False,inf,0.06722116470336914,0.0,True,True,TRACKING,0,0.06722116470336914,-0.1502508367855256,-0.1502508367855256,0,0,0.06722116470336914,0.017615795135498047,inf,VISION,,,0,,0.0,0.0,False,,0.0,0.0,0.0,False,0.0,0.33881399751765384,4.737193786393854,SAFE,4.767018127441406,0.9992997646331787,20.06138038635254,10.629833221435547,,,3.787199966609478e-05,0.0019531999714672565,,19.96970305971432,0.0007237119998535491,0.0,1.436162646165387,2.2200005896884916,3.2900609932110645,2.640651768010174,4.257160297636607,8.217913492673746,1.436162646165387,2.2200005896884916,3.2900609932110645
13.063621520996094,13.063621520996094,,False,PERIODIC,True,True,1,FOLLOW,12.7301683425411,6.887559253827767,-4.9677461385557695,5.927455434376419,1.8936983167598223,-0.01736846629898225,35.8436749288162,11.581347230980004,0.14992785855554533,3.0391083486391683,-2.6007345972305034,-0.0073066902571611,24.134133906750222,23.585288471592655,5.117673997111315,5.342525371524553,3.6381770323760843,PREPARATION,False,FOLLOW,0,False,inf,0.06938457489013672,0.0,True,True,TRACKING,0,0.06938457489013672,-0.15281967686401748,-0.15281967686401748,0,0,0.06938457489013672,0.017244338989257812,inf,VISION,,,0,,0.0,0.0,False,,0.0,0.0,0.0,False,0.0,0.3293222268615339,4.737746138555769,SAFE,4.767659473419189,0.9992997646331787,20.06138038635254,10.629833221435547,,,0.011194547638297081,0.0019531999714672565,,19.958150176912074,0.0010118419995706063,0.0,1.436162646165387,2.2200005896884916,3.2900609932110645,2.640651768010174,4.257160297636607,8.217913492673746,1.436162646165387,2.2200005896884916,3.2900609932110645
13.111588716506958,13.111588716506958,,False,PERIODIC,True,True,1,FOLLOW,13.012530213210116,6.975500426768695,-4.968484316571514,5.947228208014788,1.8348312826225,-0.023111729840763404,35.99501005257947,11.451559440325711,0.1491047940847778,3.033532532513857,-2.607236156196839,-0.025703545641231097,23.967044084854763,23.414300840722614,5.117589110656292,5.312399866158511,3.624150381640894,PREPARATION,False,FOLLOW,0,False,inf,0.06714153289794922,0.0,True,True,TRACKING,0,0.06714153289794922,-0.15445722640990858,-0.15445722640990858,0,0,0.06714153289794922,0.016634225845336914,inf,VISION,,,0,,0.0,0.0,False,,0.0,0.0,0.0,False,0.0,0.3235050131905859,4.738484316571514,SAFE,4.768235492706299,1.0018466711044312,19.986846923828125,11.046730995178223,,,3.550700057530776e-05,0.0017704319907352328,,20.035987038873323,0.0005688900000677677,0.0,1.436162646165387,2.2200005896884916,3.2900609932110645,2.640651768010174,4.257160297636607,8.217913492673746,1.436162646165387,2.2200005896884916,3.2900609932110645
13.162854671478271,13.162854671478271,,False,PERIODIC,True,True,1,FOLLOW,13.328605258046952,7.069981324737246,-4.969532181193621,5.971695677024908,1.7629271362614198,-0.029382468158400607,36.14728277494826,11.320404098833292,0.14735062258146414,3.028011040472396,-2.6136467126942162,-0.04408859085653523,23.76847969489131,23.211164067725935,5.116882803775085,5.2744567649078755,3.611864545036888,PREPARATION,False,FOLLOW,0,False,inf,0.06916928291320801,0.0,True,True,TRACKING,0,0.06916928291320801,-0.1567091927270569,-0.1567091927270569,0,0,0.06916928291320801,0.021239280700683594,inf,VISION,,,0,,0.0,0.0,False,,0.0,0.0,0.0,False,0.0,0.3152610288319435,4.739532181193621,SAFE,4.769275951385498,1.0018466711044312,19.986846923828125,11.046730995178223,,,2.3042000975692645e-05,0.0017704319907352328,,20.015626357850024,0.0007192240000222228,0.0,1.436162646165387,2.2200005896884916,3.2900609932110645,2.640651768010174,4.257160297636607,8.217913492673746,1.436162646165387,2.2200005896884916,3.2900609932110645
13.21158766746521,13.21158766746521,,False,PERIODIC,True,True,1,FOLLOW,13.632769050925699,7.157001575103848,-4.9707633572828,5.997435306134081,1.6876977225864258,-0.033750990149905236,36.29852704028724,11.189583346666305,0.14469465637860485,3.022614400229483,-2.6198859111658597,-0.062110176942083706,23.583176454120363,23.021691965983827,5.115458013661405,5.235039677734364,3.601818624834709,PREPARATION,False,FOLLOW,0,False,inf,0.06747245788574219,0.0,True,True,TRACKING,0,0.06747245788574219,-0.15975695732694137,-0.15975695732694137,0,0,0.06747245788574219,0.00793004035949707,inf,VISION,,,0,,0.0,0.0,False,,0.0,0.0,0.0,False,0.0,0.30921590087903184,4.740763357282799,SAFE,4.770203399658203,1.0011450052261353,19.9510555267334,10.06773853302002,,,0.008095973171293736,0.0017704319907352328,,19.968357035989097,0.0011328970003887662,0.0,1.436162646165387,2.2200005896884916,3.2900609932110645,2.640651768010174,4.257160297636607,8.217913492673746,1.436162646165387,2.2200005896884916,3.2900609932110645
13.262211322784424,13.262211322784424,,False,PERIODIC,True,True,1,FOLLOW,13.926099428893075,7.236755830444779,-4.972013454675237,6.024010167526198,1.6090601899274064,-0.035154573819097396,36.44933345329974,11.058602444968962,0.14115135146309746,3.0173195962405064,-2.625982188466447,-0.07972926398774444,23.410404456093268,22.84518729323837,5.113164806138334,5.194011844543077,3.593871931904705,PREPARATION,False,FOLLOW,0,False,inf,0.06937980651855469,0.0,True,True,TRACKING,0,0.06937980651855469,-0.1627641600787695,-0.1627641600787695,0,0,0.06937980651855469,0.02131938934326172,inf,VISION,,,0,,0.0,0.0,False,,0.0,0.0,0.0,False,0.0,0.29954847419101505,4.742013454675236,SAFE,4.771827983856201,1.0011450052261353,19.9510555267334,10.06773853302002,,,3.438500061747618e-05,0.0017704319907352328,,19.992237093766995,0.0017276090002269484,0.0,1.436162646165387,2.2200005896884916,3.2900609932110645,2.640651768010174,4.257160297636607,8.217913492673746,1.436162646165387,2.2200005896884916,3.2900609932110645
13.311614513397217,13.311614513397217,,False,PERIODIC,True,True,1,FOLLOW,14.209278331931056,7.309769598835261,-4.973207720032472,6.050878405436962,1.5283960839363666,-0.033243390091100965,36.5998979784031,10.927302833912549,0.13673935872342,3.012118506052597,-2.631946448067566,-0.0968602967468774,23.24947212320216,22.680969883580126,5.1099470787558925,5.152335278349015,3.5878222553696926,PREPARATION,False,FOLLOW,0,False,inf,0.06741642951965332,0.0,True,True,TRACKING,0,0.06741642951965332,-0.16403488750616554,-0.16403488750616554,0,0,0.06741642951965332,0.01818394660949707,inf,VISION,,,0,,0.0,0.0,False,,0.0,0.0,0.0,False,0.0,0.29323811570626335,4.743207720032472,SAFE,4.772847461700439,1.0007375478744507,20.04616355895996,10.621838569641113,,,0.007179971784353256,0.004983230959624052,,19.99496085024236,0.0006293890000961255,0.0,1.7315357808760108,2.2200005896884916,3.2900609932110645,1.6613310154430236,4.257160297636607,8.217913492673746,1.7315357808760108,2.2200005896884916,3.2900609932110645
13.364243268966675,13.364243268966675,,False,PERIODIC,True,True,1,FOLLOW,14.527457179787291,7.386655911175432,-4.97443719316745,6.081338399182572,1.4335256180516875,-0.027632503137906037,36.75074781572475,10.795232505081355,0.13146576120388717,3.006992300866306,-2.6378016040882906,-0.11345405964170133,23.055656270540787,22.48317239817079,5.105902954371337,5.102418507093593,3.5842707361296138,PREPARATION,False,FOLLOW,0,False,inf,0.06914472579956055,0.0,True,True,TRACKING,0,0.06914472579956055,-0.16671196323070178,-0.16671196323070178,0,0,0.06914472579956055,0.02515697479248047,inf,VISION,,,0,,0.0,0.0,False,,0.0,0.0,0.0,False,0.0,0.28406428450788024,4.74443719316745,SAFE,4.7741978645324705,1.0007375478744507,20.04616355895996,10.621838569641113,,,1.422300010744948e-05,0.004983230959624052,,20.00011946097002,0.001049694999892381,0.0,1.6455795097304844,2.2200005896884916,3.2900609932110645,1.6175628242584923,4.257160297636607,8.217913492673746,1.6455795097304844,2.2200005896884916,3.2900609932110645
13.411559820175171,13.411559820175171,,False,PERIODIC,True,True,1,FOLLOW,14.833200987858044,7.455651234345775,-4.975391718429926,6.110309245259537,1.339821159487665,-0.02063101528405026,36.900504967856044,10.663609909993458,0.12541371568729887,3.0019864897053306,-2.643497137434929,-0.12925849916673474,22.87520753757261,22.299257920619215,5.100805434117225,5.053740687604489,3.581375649980895,PREPARATION,False,FOLLOW,0,False,inf,0.06909060478210449,0.0,True,True,TRACKING,0,0.06909060478210449,-0.16696924792054074,-0.16696924792054074,0,0,0.06909060478210449,0.00940394401550293,inf,VISION,,,0,,0.0,0.0,False,,0.0,0.0,0.0,False,0.0,0.2769076822615886,4.745391718429926,SAFE,4.775028991699219,0.9985643029212952,20.022336959838867,10.636884689331055,,,1.509100002294872e-05,0.004983230959624052,,19.91827316494282,0.0007523180001953733,0.0,1.7707356337944693,2.2200005896884916,3.2900609932110645,1.7724385566278844,4.257160297636607,8.217913492673746,1.7707356337944693,2.2200005896884916,3.2900609932110645
13.462482690811157,13.462482690811157,,False,PERIODIC,True,True,1,FOLLOW,15.135385294395018,7.518803573297959,-4.976001501399719,6.138075669747124,1.2469579754862727,-0.013359282959099366,37.05054379864228,10.531239003944027,0.11856778366540664,2.9970538256506805,-2.6490882141130405,-0.14432259764074204,22.70029902204863,22.12123277509852,5.094569285065126,5.006230670511973,3.578797828222395,PREPARATION,False,FOLLOW,0,False,inf,0.06936144828796387,0.0,True,True,TRACKING,0,0.06936144828796387,-0.16815246964689706,-0.16815246964689706,0,0,0.06936144828796387,0.019149303436279297,inf,VISION,,,0,,0.0,0.0,False,,0.0,0.0,0.0,False,0.0,0.26612714810010063,4.746001501399719,SAFE,4.775940227508545,0.9985643029212952,20.022336959838867,10.636884689331055,,,3.1406998459715396e-05,0.004983230959624052,,20.015646466610104,0.001242960999661591,0.0,1.6797582367946682,2.2200005896884916,3.2900609932110645,1.7042280501292777,4.257160297636607,8.217913492673746,1.6797582367946682,2.2200005896884916,3.2900609932110645
13.51198697090149,13.51198697090149,,False,PERIODIC,True,True,1,FOLLOW,15.427826311428708,7.575418474743814,-4.976232524399404,6.1639019805763775,1.158371241304243,-0.006865999670496184,37.20003717841216,10.39885849659975,0.1110061665544615,2.9922206644800413,-2.654546193807639,-0.1584686022377977,22.53621479069074,21.954520709717396,5.087238690953866,4.96194368034946,3.5760795447320874,PREPARATION,False,FOLLOW,0,False,inf,0.06715250015258789,0.0,True,True,TRACKING,0,0.06715250015258789,-0.16696924792054074,-0.16696924792054074,0,0,0.06715250015258789,0.008667230606079102,inf,VISION,,,0,,0.0,0.0,False,,0.0,0.0,0.0,False,0.0,0.25863208604647525,4.746232524399404,SAFE,4.776202011108398,0.9977821707725525,20.006004333496094,11.500645637512207,,,2.0651001250371337e-05,0.002370221074670553,,19.97492374531625,0.0007835199994588038,0.0,1.6919349258891323,2.2200005896884916,3.2900609932110645,1.74053419943991,4.257160297636607,8.217913492673746,1.6919349258891323,2.2200005896884916,3.2900609932110645
13.563714981079102,13.563714981079102,,False,PERIODIC,True,True,1,FOLLOW,15.747000589345546,7.632100259231703,-4.976230314150386,6.190494753201425,1.0653152846888063,-0.00069985318129264,37.349656091131315,10.265883891511285,0.102741384121638,2.9874643580465037,-2.6598978757466973,-0.1716716398633532,22.347427021076655,21.76261797097258,5.078971698272023,4.9158771500933,3.5741800802131474,PREPARATION,False,FOLLOW,0,False,inf,0.06918644905090332,0.0,True,True,TRACKING,0,0.06918644905090332,-0.16516778830707293,-0.16516778830707293,0,0,0.06918644905090332,0.016280651092529297,inf,VISION,,,0,,0.0,0.0,False,,0.0,0.0,0.0,False,0.0,0.2482858841354365,4.746230314150385,SAFE,4.776269721984863,0.9977821707725525,20.006004333496094,11.500645637512207,,,1.996400169446133e-05,0.002370221074670553,,20.050742419496263,0.0007058070004859474,0.0,1.6891870412201404,2.2200005896884916,3.2900609932110645,1.7646002293800276,4.257160297636607,8.217913492673746,1.6891870412201404,2.2200005896884916,3.2900609932110645
13.611565589904785,13.611565589904785,,False,PERIODIC,True,True,1,FOLLOW,16.048953649952725,7.681290558404143,-4.975885374291138,6.214054542517512,0.9814141434843435,0.003954772424932464,37.49881005434284,10.13284914768339,0.09385620880617461,2.982802802179048,-2.665124282901798,-0.18379667636205263,22.176761688871768,21.589499282883438,5.069741583097313,4.875805667894556,3.5713708284102035,PREPARATION,False,FOLLOW,0,False,inf,0.06739568710327148,0.0,True,True,TRACKING,0,0.06739568710327148,-0.16232117857200903,-0.16232117857200903,0,0,0.06739568710327148,0.007138490676879883,inf,VISION,,,0,,0.0,0.0,False,,0.0,0.0,0.0,False,0.0,0.2409044508795959,4.745885374291138,SAFE,4.77572996842834,0.9238033294677734,19.914453506469727,13.456061363220215,,,2.7951999072683975e-05,0.002370221074670553,,19.97244070116767,0.0007272570001077838,0.0,1.671155635351238,2.2200005896884916,3.2900609932110645,1.7719404762169915,4.257160297636607,8.217913492673746,1.671155635351238,2.2200005896884916,3.2900609932110645
13.66237497329712,13.66237497329712,,False,PERIODIC,True,True,1,FOLLOW,16.369302893454176,7.7289116383400165,-4.975137652826786,6.237105844659358,0.8982351684239207,0.007480848985162755,37.64862186346603,9.998759417901068,0.08433504331157377,2.978200465099047,-2.6702662769251724,-0.19485220637531542,21.989995196289932,21.400037961879523,5.05947269613836,4.836900402497162,3.568483758886831,PREPARATION,False,FOLLOW,0,False,inf,0.06916689872741699,0.0,True,True,TRACKING,0,0.06916689872741699,-0.15949906064410627,-0.15949906064410627,0,0,0.06916689872741699,0.015651941299438477,inf,VISION,,,0,,0.0,0.0,False,,0.0,0.0,0.0,False,0.0,0.22907582344290667,4.745137652826785,SAFE,4.774192947042571,0.9238033294677734,19.914453506469727,13.456061363220215,,,6.156000017654151e-05,0.002370221074670553,,20.028831424533653,0.0009522880000076839,0.0,1.6048556944076229,2.2200005896884916,3.2900609932110645,1.7336863365539752,4.257160297636607,8.217913492673746,1.6048556944076229,2.2200005896884916,3.2900609932110645
13.711592197418213,13.711592197418213,,False,PERIODIC,True,True,1,FOLLOW,16.660917150439385,7.768652991512408,-4.974197738852141,6.2565134497020995,0.8281498677236068,0.009387171983889532,37.796690591649465,9.865776081083212,0.07439260641590924,2.973729663851399,-2.675244266666176,-0.20460030746786892,21.831333186164013,21.23955847495358,5.04859034526805,4.8058537729401545,3.5642146791748326,PREPARATION,False,FOLLOW,0,False,inf,0.06712555885314941,0.0,True,True,TRACKING,0,0.06712555885314941,-0.15614446787604744,-0.15614446787604744,0,0,0.06712555885314941,0.011430025100708008,inf,VISION,,,0,,0.0,0.0,False,,0.0,0.0,0.0,False,0.0,0.2217156422959965,4.74419773885214,SAFE,4.77315255443595,0.9992625713348389,20.136838912963867,13.509655952453613,,,0.010783097706735134,0.002370221074670553,,20.040839247080765,0.0006901349997860962,0.0,1.6406732294294764,2.2200005896884916,3.2900609932110645,1.7901492754338713,4.257160297636607,8.217913492673746,1.6406732294294764,2.2200005896884916,3.2900609932110645
13.761903762817383,13.761903762817383,,False,PERIODIC,True,True,1,FOLLOW,16.988578761307355,7.8096053761101265,-4.972976358542282,6.276467508399675,0.7562110841527514,0.010349034572200674,37.94533933552532,9.731825363595249,0.06393854985118252,2.9693187676547645,-2.680139185947847,-0.21314184987773396,21.639114012356885,21.044731964208612,5.036914908393465,4.774482605232039,3.5601388319359315,PREPARATION,False,FOLLOW,0,False,inf,0.06919717788696289,0.0,True,True,TRACKING,0,0.06919717788696289,-0.15267456284937286,-0.15267456284937286,0,0,0.06919717788696289,0.020552873611450195,inf,VISION,,,0,,0.0,0.0,False,,0.0,0.0,0.0,False,0.0,0.2115027043988582,4.742976358542282,SAFE,4.771648994062165,0.9992625713348389,20.136838912963867,13.509655952453613,,,4.5312001020647585e-05,0.002370221074670553,,20.032592394471138,0.0008733969998502289,0.0,1.4977651843883026,2.2200005896884916,3.2900609932110645,1.6670721297909528,4.257160297636607,8.217913492673746,1.4977651843883026,2.2200005896884916,3.2900609932110645
13.811584711074829,13.811584711074829,,False,PERIODIC,True,True,1,FOLLOW,17.3045748771796,7.846013611746992,-4.97185989644647,6.294083876451893,0.6936312757386617,0.010007434049791422,38.09398464543829,9.59743768442794,0.05307391463829948,2.964984979727803,-2.684932786866092,-0.22037751613261816,21.459659936744547,20.863054541340205,5.02493381108477,4.748754764626664,3.554807900218055,PREPARATION,False,FOLLOW,0,False,inf,0.06729507446289062,0.0,True,True,TRACKING,0,0.06729507446289062,-0.14890723620213855,-0.14890723620213855,1,0,0.06729507446289062,0.024674415588378906,inf,VISION,,,0,,0.0,0.0,False,,0.0,0.0,0.0,False,0.0,0.2043632599945786,4.74185989644647,SAFE,4.770762921983231,0.9997583031654358,20.165769577026367,13.87466049194336,,,4.5312001020647585e-05,0.002336174948140979,,19.984396017754595,0.0015693200002715457,0.0,1.4443394912266974,3.536769139910032,3.2900609932110645,1.6262533415667808,3.2002781686894832,8.217913492673746,1.4443394912266974,3.536769139910032,3.2900609932110645
13.862760782241821,13.862760782241821,,False,PERIODIC,True,True,1,FOLLOW,17.619343705665674,7.879369362968119,-4.97075116109158,6.309987066747125,0.6377211081866327,0.00898610485534478,38.24225125965306,9.462961204930654,0.0418932958020658,2.960738393751881,-2.6896148727584643,-0.2262434901043545,21.282356156061923,20.683618617211067,5.0126444568936455,4.726940275272915,3.5484562726458506,PREPARATION,False,FOLLOW,0,False,inf,0.11739063262939453,0.0,True,True,TRACKING,0,0.06939935684204102,-0.14528267007339035,-0.14528267007339035,2,0,0.06939935684204102,0.07476997375488281,inf,VISION,,,0,,0.0,0.0,False,,0.0,0.0,0.0,False,0.0,0.1930191603886744,4.74075116109158,SAFE,4.769509397237519,0.9997583031654358,20.165769577026367,13.87466049194336,,,6.986199878156185e-05,0.002336174948140979,,19.921758655360005,0.0012468200002331287,0.0,1.3138086055649698,3.2547684388379925,3.2900609932110645,1.5103474697342882,3.141499316463193,8.217913492673746,1.3138086055649698,3.2547684388379925,3.2900609932110645
13.911610126495361,13.911610126495361,,False,PERIODIC,True,True,1,FOLLOW,17.91554917272961,7.90845803172965,-4.9697435400561885,6.323599973674009,0.5909504894064288,0.007258295813761276,38.38989694568977,9.328627073373625,0.03048598803060506,2.9565846417597883,-2.694180256796146,-0.23070182782161094,21.123874932609162,20.523542502086784,5.000229528086794,4.710148754066211,3.54067325816537,PREPARATION,False,FOLLOW,0,False,inf,0.06720924377441406,0.0,True,True,TRACKING,0,0.06720924377441406,-0.14165425549743918,-0.14165425549743918,3,0,0.06720924377441406,0.019980907440185547,inf,VISION,,,0,,0.0,0.0,False,,0.0,0.0,0.0,False,0.0,0.18620915151783324,4.739743540056188,SAFE,4.768863782453121,1.0004994869232178,20.20246696472168,14.86384391784668,,,0.009868551045656204,0.002336174948140979,,20.01954330131467,0.0006046160006007995,0.0,1.320134539414915,3.2807177614254326,3.2900609932110645,1.5213966221270936,3.2759339516233767,8.217913492673746,1.320134539414915,3.2807177614254326,3.2900609932110645
13.962332010269165,13.962332010269165,,False,PERIODIC,True,True,1,FOLLOW,18.246159067885934,7.938432529681467,-4.968695126006827,6.337069237096784,0.5446959601117461,0.004864095315280962,38.53766883061234,9.193764676463026,0.01886520923598888,2.9525018001085823,-2.6986539460174552,-0.23374855353402116,20.933155169425646,20.330303176528485,4.987560335242815,4.693777939496079,3.532174628006335,PREPARATION,False,FOLLOW,0,False,inf,0.06921625137329102,0.0,True,True,TRACKING,0,0.06921625137329102,-0.13904123648971617,-0.13904123648971617,3,0,0.06921625137329102,0.02652120590209961,inf,VISION,,,0,,0.0,0.0,False,,0.0,0.0,0.0,False,0.0,0.17666893833246045,4.738695126006826,SAFE,4.768092862782478,1.0004994869232178,20.20246696472168,14.86384391784668,,,3.7378998968051746e-05,0.002336174948140979,,20.018557635908508,0.0012135440001657116,0.0,1.1521195139151577,3.100026415949527,3.2900609932110645,1.3626340020498366,3.1833963937639362,8.217913492673746,1.1521195139151577,3.100026415949527,3.2900609932110645
14.011537313461304,14.011537313461304,,False,PERIODIC,True,True,1,FOLLOW,18.563890435240225,7.9650871644181285,-4.967748627903984,6.348832880544194,0.5050939748276537,0.002767240154845295,38.68534150957264,9.05858660709473,0.007119826917198802,2.948495598659332,-2.703030466843936,-0.23535387700039553,20.75615211234158,20.151142259631015,4.974868454821183,4.680924879792672,3.522445941864611,PREPARATION,False,FOLLOW,0,False,inf,0.06729483604431152,0.0,True,True,TRACKING,0,0.06729483604431152,-0.13620461385906552,-0.13620461385906552,3,0,0.06729483604431152,0.019109249114990234,inf,VISION,,,0,,0.0,0.0,False,,0.0,0.0,0.0,False,0.0,0.1701339008904572,4.737748627903984,SAFE,4.767587441250431,0.9999819993972778,20.094404220581055,15.840282440185547,,,0.01703321933746338,0.0026583990547806025,,19.993937473483975,0.0008184000007531722,0.0,1.0967200179803598,3.0156520438049967,3.2900609932110645,1.310582842535195,3.1878487425190514,8.217913492673746,1.0967200179803598,3.0156520438049967,3.2900609932110645
14.061690330505371,14.061690330505371,,False,PERIODIC,True,True,1,FOLLOW,18.877884356292128,7.989342190352012,-4.966967104110676,6.35913495177588,0.469833720994155,0.0004732672939165637,38.83278879965613,8.92321664958261,-0.004667392282341437,2.9445687085508383,-2.7073077255131617,-0.23550535775586703,20.58384685328287,19.976744801127925,4.962299711828335,4.67002958362867,3.5112674286586723,PREPARATION,False,FOLLOW,0,False,inf,0.06922721862792969,0.0,True,True,TRACKING,0,0.06922721862792969,-0.13352003230954648,-0.13352003230954648,3,0,0.06922721862792969,0.017743349075317383,inf,VISION,,,0,,0.0,0.0,False,,0.0,0.0,0.0,False,0.0,0.15993031156894322,4.736967104110676,SAFE,4.766946856836172,0.9999819993972778,20.094404220581055,15.840282440185547,,,0.008611164055764675,0.0026583990547806025,,19.969442847670802,0.0012261089996172814,0.0,0.9482615281025462,2.902672498643245,3.2900609932110645,1.1682428109999434,3.1748415019484066,8.217913492673746,0.9482615281025462,2.902672498643245,3.2900609932110645
14.111587285995483,14.111587285995483,,False,PERIODIC,True,True,1,FOLLOW,19.181140221587714,8.010981451387782,-4.966304921468041,6.368218962793552,0.4389540269397969,-0.0016366845635733596,38.97960800071315,8.788034814549295,-0.01639126091736324,2.9407307245219996,-2.7114761304227475,-0.23420845336649235,20.422653685972712,19.81371086723203,4.949913660550678,4.661220379638077,3.49897124400008,PREPARATION,False,FOLLOW,0,False,inf,0.06739497184753418,0.0,True,True,TRACKING,0,0.06739497184753418,-0.13230066247227443,-0.13230066247227443,3,0,0.06739497184753418,0.012164831161499023,inf,VISION,,,0,,0.0,0.0,False,,0.0,0.0,0.0,False,0.0,0.15368157631370094,4.73630492146804,SAFE,4.76649694442749,0.999503493309021,20.176223754882812,15.51664924621582,,,0.008710659109055996,0.0026583990547806025,,19.9837495539553,0.0006707900001856615,0.0,0.8857180192110502,2.77317238163477,3.2900609932110645,1.105533714359335,3.1369138806186205,8.217913492673746,0.8857180192110502,2.77317238163477,3.2900609932110645
14.16181468963623,14.16181468963623,,False,PERIODIC,True,True,1,FOLLOW,19.181140221587714,8.010981451387782,-4.966304921468041,6.368218962793552,0.4389540269397969,-0.0016366845635733596,38.97960800071315,8.788034814549295,-0.01639126091736324,2.9407307245219996,-2.7114761304227475,-0.23420845336649235,20.422653685972712,19.81371086723203,4.949913660550678,4.661220379638077,3.49897124400008,PREPARATION,False,FOLLOW,0,False,inf,0.06929230690002441,0.0,True,True,TRACKING,0,0.06929230690002441,-0.13043597450820904,-0.13043597450820904,3,0,0.06929230690002441,0.020986557006835938,inf,VISION,,,0,,0.0,0.0,False,,0.0,0.0,0.0,False,0.0,0.14529379503872564,4.73630492146804,SAFE,4.765840339660644,0.999503493309021,20.176223754882812,15.51664924621582,,,5.488099850481376e-05,0.0026583990547806025,,20.023607681717916,0.0009463360001973342,0.0,0.8857180192110502,2.77317238163477,3.2900609932110645,1.105533714359335,3.1369138806186205,8.217913492673746,0.8857180192110502,2.77317238163477,3.2900609932110645
14.211638689041138,14.211638689041138,,False,PERIODIC,True,True,1,FOLLOW,19.849184284172264,8.05310881046383,-4.9653933522375375,6.384819393662032,0.379100230105325,-0.006288341918770191,39.27778004770488,8.512331683728277,-0.03986073919241649,2.93315591237753,-2.719668434512696,-0.22714780237888768,20.04849347238485,19.434022203087213,4.925532613045121,4.643826754534059,3.470178470546797,PREPARATION,False,FOLLOW,0,False,inf,0.06720089912414551,0.0,True,True,TRACKING,0,0.06720089912414551,-0.129349367151321,-0.129349367151321,3,0,0.06720089912414551,0.019528627395629883,inf,VISION,,,0,,0.0,0.0,False,,0.0,0.0,0.0,False,0.0,0.13944437506700647,4.735393352237537,SAFE,4.765519428253174,1.000133991241455,20.203170776367188,15.931127548217773,,,0.010795478709042072,0.002738686976954341,,20.039987547269828,0.0006122559998402721,0.0,0.6419238357838408,2.498768129340427,3.2900609932110645,0.8611528679758127,3.0345895692002167,8.217913492673746,0.6419238357838408,2.498768129340427,3.2900609932110645
14.26148271560669,14.26148271560669,,False,PERIODIC,True,True,1,FOLLOW,20.06779996071841,8.065426712252203,-4.965339789857478,6.389428071860254,0.361299790079024,-0.007599166173691029,39.41954886141108,8.380711207123747,-0.05072056809501949,2.9296567418594894,-2.7234374189390214,-0.22174072209316573,19.968552073775488,19.35431708503729,4.914619221762459,4.64020235663999,3.454312550895198,PREPARATION,False,FOLLOW,0,False,inf,0.06917047500610352,0.0,True,True,TRACKING,0,0.06917047500610352,-0.1216332152291889,-0.1216332152291889,3,0,0.06917047500610352,0.024440288543701172,inf,VISION,,,0,,0.0,0.0,False,,0.0,0.0,0.0,False,0.0,0.13406899412721707,4.735339789857478,SAFE,4.765352535247803,1.000133991241455,20.203170776367188,15.931127548217773,,,3.141200068057515e-05,0.002738686976954341,,20.013464901750616,0.0007818189997124136,0.0,0.5060749803204072,2.241015773955027,3.2900609932110645,0.7253817964870319,2.8503344026299744,8.217913492673746,0.5060749803204072,2.241015773955027,3.2900609932110645
14.311729192733765,14.311729192733765,,False,PERIODIC,True,True,1,FOLLOW,20.37785456116511,8.081900271697538,-4.9653700729209795,6.395408273336389,0.33686200922393894,-0.009272469812996592,39.56606720039568,8.244327790190056,-0.06164898879488103,2.9261090535154475,-2.727248761469135,-0.2147997335072137,19.805564053012837,19.188900098418657,4.903721084126098,4.633255156782231,3.437175292863989,PREPARATION,False,FOLLOW,0,False,inf,0.05363321304321289,0.0,True,True,TRACKING,0,0.05363321304321289,-0.1292569556357829,-0.1292569556357829,3,0,0.05363321304321289,0.011372804641723633,inf,VISION,,,0,,0.0,0.0,False,,0.0,0.0,0.0,False,0.0,0.12476145045587916,4.735370072920979,SAFE,4.765365886688232,0.9993182420730591,19.839813232421875,16.355405807495117,,,3.141200068057515e-05,0.002738686976954341,,20.03678298251516,0.000565886999538634,0.0,0.3913782653028192,2.0856851733527044,3.2900609932110645,0.6085039145278976,2.7345979710179096,8.217913492673746,0.3913782653028192,2.0856851733527044,3.2900609932110645
14.361666917800903,14.361666917800903,,False,PERIODIC,True,True,1,FOLLOW,20.687401081270952,8.097234750718442,-4.965459948267562,6.400730162294627,0.313545464376295,-0.010669358635117192,39.712597883476796,8.10758016210999,-0.07220996403858772,2.9226304737847015,-2.7309762199083707,-0.20652071868269262,19.6443914590999,19.0251996149896,4.893249984228975,4.626515695912515,3.418857626880538,PREPARATION,False,FOLLOW,0,False,inf,0.10363125801086426,0.0,True,True,TRACKING,0,0.10363125801086426,-0.12983641609767546,-0.12983641609767546,3,0,0.10363125801086426,0.061370849609375,inf,VISION,,,0,,0.0,0.0,False,,0.0,0.0,0.0,False,0.0,0.11929764322981962,4.735459948267562,SAFE,4.765435981750488,0.9993182420730591,19.839813232421875,16.355405807495117,,,0.014481290243566036,0.002738686976954341,,20.076494045584138,0.001195210000332736,0.0,0.3860608396919619,1.8358000223874558,3.2900609932110645,0.6016280771375657,2.5382902678882098,8.217913492673746,0.3860608396919619,1.8358000223874558,3.2900609932110645
14.411691427230835,14.411691427230835,,False,PERIODIC,True,True,1,FOLLOW,21.006528708827066,8.111909205068514,-4.965345148347806,6.405715268454728,0.29002524501590365,-0.01184760392140545,39.85853972385232,7.971037998074809,-0.08229574172366355,2.919234427647395,-2.734606069699653,-0.1969919565481443,19.474658803561248,18.852537336061513,4.883049406624143,4.619331301669554,3.399554335693242,PREPARATION,False,FOLLOW,0,False,inf,0.10565733909606934,0.0,True,True,TRACKING,0,0.05365943908691406,-0.130898532309262,-0.130898532309262,3,0,0.05365943908691406,0.041435956954956055,inf,VISION,,,0,,0.0,0.0,False,,0.0,0.0,0.0,False,0.0,0.11181415045314802,4.735345148347806,SAFE,4.765367317199707,0.99949049949646,19.92799949645996,15.363571166992188,,,7.687000106670894e-06,0.0031854999251663685,,19.958275136560495,0.0008878249991539633,0.0,0.24544657963465358,1.7537786232686945,3.2900609932110645,0.449827972292175,2.464742224097649,8.217913492673746,0.24544657963465358,1.7537786232686945,3.2900609932110645
14.461735963821411,14.461735963821411,,False,PERIODIC,True,True,1,FOLLOW,21.34503130158507,8.126167190929648,-4.965131782175818,6.4103406002585315,0.26558108268637953,-0.0130047744387472,40.0043800282457,7.8342543082437475,-0.09187910200600082,2.9159086617714256,-2.7381520549827716,-0.18624525144624363,19.2874337255891,18.661631976711192,4.873252680169817,4.611234064534601,3.3789482462460456,PREPARATION,False,FOLLOW,0,False,inf,0.056317806243896484,0.0,True,True,TRACKING,0,0.056317806243896484,-0.1325669712446473,-0.1325669712446473,3,0,0.056317806243896484,0.006366252899169922,inf,VISION,,,0,,0.0,0.0,False,,0.0,0.0,0.0,False,0.0,0.106409751404406,4.735131782175817,SAFE,4.765212821960449,0.99949049949646,19.92799949645996,15.363571166992188,,,0.006571049802005291,0.0031854999251663685,,19.95791025877337,0.0007588660000692471,0.0,0.15481861905647118,1.4795303242130757,3.2900609932110645,0.3447490456807271,2.221926828320883,8.217913492673746,0.15481861905647118,1.4795303242130757,3.2900609932110645
14.512099742889404,14.512099742889404,,False,PERIODIC,True,True,1,FOLLOW,21.66170397368085,8.138305066218482,-4.965172680332584,6.4140654301547135,0.24265802986354681,-0.01406996338638171,40.15007007589518,7.697282100943675,-0.10089714228674179,2.912653693329358,-2.741614207494346,-0.17434966549238382,19.12263995622568,18.49362545271769,4.864275538045842,4.603417699964953,3.3572192048205656,PREPARATION,False,FOLLOW,0,False,inf,0.10586047172546387,0.0,True,True,TRACKING,0,0.05385708808898926,-0.13313306108057235,-0.13313306108057235,3,0,0.05385708808898926,0.055908918380737305,inf,VISION,,,0,,0.0,0.0,False,,0.0,0.0,0.0,False,0.0,0.09821196032920865,4.7351726803325835,SAFE,4.7651646614074705,0.9993643760681152,19.835508346557617,15.073160171508789,,,0.008264466188848019,0.0031854999251663685,,19.970588832306674,0.0011533480001162388,0.0,0.12273663717448738,1.3357800295633626,3.2900609932110645,0.30025979139992365,2.0843830834422548,8.217913492673746,0.12273663717448738,1.3357800295633626,3.2900609932110645
14.562453031539917,14.562453031539917,,False,PERIODIC,True,True,1,FOLLOW,21.96792956809117,8.148897880097822,-4.965184658302552,6.417021351135268,0.21998985600259086,-0.014802145783129396,40.295504211092435,7.560228476252544,-0.10928805358230158,2.9094711931118087,-2.7449913253874865,-0.16138830632752676,18.969086846697188,18.337026039186576,4.85589660472025,4.595161479155095,3.3344409976742773,PREPARATION,False,FOLLOW,0,False,inf,0.05560874938964844,0.0,True,True,TRACKING,0,0.05560874938964844,-0.13550832170188862,-0.13550832170188862,3,0,0.05560874938964844,0.008013010025024414,inf,VISION,,,0,,0.0,0.0,False,,0.0,0.0,0.0,False,0.0,0.09290232543989818,4.735184658302551,SAFE,4.7651951789855955,0.9993643760681152,19.835508346557617,15.073160171508789,,,0.008264466188848019,0.0031854999251663685,,20.085632602673506,0.0007434979997924529,0.0,0.08163681717067481,1.0974055124091449,3.2900609932110645,0.2364562511332349,1.8617715937191643,8.217913492673746,0.08163681717067481,1.0974055124091449,3.2900609932110645
14.611704587936401,14.611704587936401,,False,PERIODIC,True,True,1,FOLLOW,22.292240318353805,8.15885003717672,-4.96523380212339,6.419902844998945,0.19544304015898337,-0.015716654115859874,40.44185538939976,7.421992297808277,-0.11706074292866372,2.9063355455157,-2.748311062611355,-0.1473268160688034,18.800432669678305,18.164566786885,4.8481730591947265,4.585647677297555,3.3105001333446924,PREPARATION,False,FOLLOW,0,False,inf,0.054689884185791016,0.0,True,True,TRACKING,0,0.05469012260437012,-0.13751328290979925,-0.13751328290979925,3,0,0.05469012260437012,0.00823664665222168,inf,VISION,,,0,,0.0,0.0,False,,0.0,0.0,0.0,False,0.0,0.085390586612335,4.73523380212339,SAFE,4.765224266052246,1.0017458200454712,19.84795379638672,14.472152709960938,,,9.372999556944706e-06,0.0019630249589681625,,19.900779506824275,0.0007572760005132295,0.0,0.0575827872224019,0.9602783381871546,3.2900609932110645,0.1917357039553399,1.717620155374962,8.217913492673746,0.0575827872224019,0.9602783381871546,3.2900609932110645
14.661686658859253,14.661686658859253,,False,PERIODIC,True,True,1,FOLLOW,22.620752483049703,8.167634584954811,-4.965244257532961,6.422505987405085,0.16929437888888454,-0.01663849744596574,40.58648678461496,7.285073091788003,-0.12403086722311236,2.903302307560908,-2.7515151663967816,-0.13250990512414285,18.627503076745814,17.987399027754385,4.841213390309849,4.57486055778512,3.2859069833382426,PREPARATION,False,FOLLOW,0,False,inf,0.10392379760742188,0.0,True,True,TRACKING,0,0.05591130256652832,-0.1396162478506313,-0.1396162478506313,3,0,0.05591130256652832,0.05747056007385254,inf,VISION,,,0,,0.0,0.0,False,,0.0,0.0,0.0,False,0.0,0.0803532890883325,4.735244257532961,SAFE,4.765264797210693,1.0017458200454712,19.84795379638672,14.472152709960938,,,0.006867780815809965,0.0019630249589681625,,19.9518442463909,0.0007964570004332927,0.0,0.08057853237849329,0.7301105541191855,3.2900609932110645,0.10091392501498903,1.4865959292525686,8.217913492673746,0.08057853237849329,0.7301105541191855,3.2900609932110645
14.711685419082642,14.711685419082642,,False,PERIODIC,True,True,1,FOLLOW,22.942281243475488,8.174912613710884,-4.965058993075126,6.424437438553803,0.14250682299326536,-0.017504946364208945,40.73153598194795,7.147457662111556,-0.1302655481996658,2.9003253845850976,-2.7546529116263105,-0.11682001776853251,18.46316537006701,17.81890142034101,4.83479344487546,4.563196662454573,3.2602640224332307,PREPARATION,False,FOLLOW,0,False,inf,0.10563087463378906,0.0,True,True,TRACKING,0,0.10563087463378906,-0.1423049107894837,-0.1423049107894837,3,0,0.10563087463378906,0.050868988037109375,inf,VISION,,,0,,0.0,0.0,False,,0.0,0.0,0.0,False,0.0,0.07494092016431608,4.735058993075126,SAFE,4.765188980102539,0.9993332028388977,19.72043228149414,14.455300331115723,,,2.9938000807305798e-05,0.0019630249589681625,,19.998116921507947,0.0007078830003592884,0.0,0.10431006190687477,0.5924788111076039,3.2900609932110645,0.052766560511734256,1.3318808342434711,8.217913492673746,0.10431006190687477,0.5924788111076039,3.2900609932110645
14.761733531951904,14.761733531951904,,False,PERIODIC,True,True,1,FOLLOW,23.249808792382034,8.18055922193055,-4.964864273598176,6.426210017750344,0.11550080106328425,-0.018045961283096938,40.87622729207952,7.009887957436862,-0.1356902492626272,2.897420366552518,-2.757708327486189,-0.10043466155559036,18.313438292502756,17.665251210667485,4.829174024335549,4.551315743465123,3.234466857119062,PREPARATION,False,FOLLOW,0,False,inf,0.10361075401306152,0.0,True,True,TRACKING,0,0.055608510971069336,-0.14458519416441434,-0.14458519416441434,3,0,0.055608510971069336,0.04543447494506836,inf,VISION,,,0,,0.0,0.0,False,,0.0,0.0,0.0,False,0.0,0.0663527527468255,4.734864273598175,SAFE,4.764917182922363,0.9993332028388977,19.72043228149414,14.455300331115723,,,0.007302879821509123,0.0019630249589681625,,20.032446359914886,0.0008771000002525398,0.0,0.23247407311395624,0.40300709694180137,3.2900609932110645,0.0715020377928092,1.1241279555124597,8.217913492673746,0.23247407311395624,0.40300709694180137,3.2900609932110645
14.811721563339233,14.811721563339233,,False,PERIODIC,True,True,1,FOLLOW,23.573509097267802,8.184877763671992,-4.9647025126728535,6.427880839938916,0.08526198465326273,-0.01861078145501565,41.02142162908378,6.871551206060831,-0.14029990199751757,2.8945697014970158,-2.7607003175237033,-0.08335494757080868,18.150188398876715,17.497270597576865,4.824402610675336,4.537398024583698,3.2078773212874525,PREPARATION,False,FOLLOW,0,False,inf,0.10578513145446777,0.0,True,True,TRACKING,0,0.053789615631103516,-0.1478771190301435,-0.1478771190301435,3,0,0.10578513145446777,0.0526883602142334,inf,VISION,,,0,,0.0,0.0,False,,0.0,0.0,0.0,False,0.0,0.06083954078850562,4.734702512672853,SAFE,4.764771747589111,1.0000519752502441,19.799850463867188,15.549162864685059,,,1.7573998775333166e-05,0.0019630249589681625,,20.041570053144564,0.0007341499995163758,0.0,0.21136867007933083,0.2690352409685577,8.016965101977897,0.0740397197280934,0.9442303510197733,6.254481397536231,0.21136867007933083,0.2690352409685577,8.016965101977897
14.86167597770691,14.86167597770691,,False,PERIODIC,True,True,1,FOLLOW,23.894528668638287,8.187481174561727,-4.964428198003108,6.429283251722347,0.05345657194018015,-0.019216277340116043,41.16563666708228,6.733867268477943,-0.14402076546930326,2.8918018232079605,-2.763599503417801,-0.06586150844981559,17.990010914324188,17.33217138392868,4.820407432533805,4.522361724406925,3.180996454102871,PREPARATION,False,FOLLOW,0,False,inf,0.1035463809967041,0.0,True,True,TRACKING,0,0.055539608001708984,-0.1498127659759864,-0.1498127659759864,3,0,0.055539608001708984,0.0500643253326416,inf,VISION,,,0,,0.0,0.0,False,,0.0,0.0,0.0,False,0.0,0.053231961233530356,4.7344281980031075,SAFE,4.764545726776123,1.0000519752502441,19.799850463867188,15.549162864685059,,,1.6670001059537753e-05,0.0019630249589681625,,19.97535433593892,0.0010596620004434953,0.0,0.21136867007933083,0.23307557575307178,6.675645878921718,0.16303675863696826,0.8839813531498352,6.164432538318221,0.21136867007933083,0.23307557575307178,6.675645878921718
14.911635875701904,14.911635875701904,,False,PERIODIC,True,True,1,FOLLOW,24.229504120318087,8.18844253363527,-4.964203733282521,6.4302944930097725,0.018638741653360737,-0.019966883449808192,41.31054883691739,6.595242591274588,-0.14687295430462355,2.8890840232821153,-2.7664405842916677,-0.04785995743231095,17.818727521932953,17.155185066527352,4.817330778977897,4.50528761193904,3.153129551894263,PREPARATION,False,FOLLOW,0,False,inf,0.10558009147644043,0.0,True,True,TRACKING,0,0.05358457565307617,-0.15269855055991036,-0.15269855055991036,0,0,0.05358457565307617,0.05238056182861328,inf,VISION,,,0,,0.0,0.0,False,,0.0,0.0,0.0,False,0.0,0.044205562553580435,4.734203733282521,SAFE,4.7642090797424315,0.9996591210365295,19.85494613647461,14.348078727722168,,,2.2107000404503196e-05,0.005147248040884733,,20.000405570775612,0.0009317919993918622,0.0,0.24083798697523942,0.18957826110182183,6.36361780439812,0.13928109062291255,0.6784691762993806,6.255932202501565,0.24083798697523942,0.18957826110182183,6.36361780439812
14.961662292480469,14.961662292480469,,False,PERIODIC,True,True,1,FOLLOW,24.537812603287783,8.187787157318681,-4.964208022084435,6.430404614890836,-0.014976682795173264,-0.020963655302103146,41.45489464334946,6.456891557624365,-0.14881030154727415,2.8864397472818166,-2.7691994484528704,-0.029616661953410162,17.67404083774203,17.00540103400148,4.8153977205371605,4.488374416226687,3.124805499903072,PREPARATION,False,FOLLOW,0,False,inf,0.10371136665344238,0.0,True,True,TRACKING,0,0.10371136665344238,-0.15558580486740436,-0.15558580486740436,0,0,0.10371136665344238,0.05270504951477051,inf,VISION,,,0,,0.0,0.0,False,,0.0,0.0,0.0,False,0.0,0.03840658173776701,4.7342080220844345,SAFE,4.764184761047363,0.9996591210365295,19.85494613647461,14.348078727722168,,,0.010315058752894402,0.005147248040884733,,20.022692046100662,0.001232876999893051,0.0,0.2588990329911603,0.25764134873844446,5.892326697533535,0.17336617855886105,0.5270184917551888,6.113285573017756,0.2588990329911603,0.25764134873844446,5.892326697533535
15.011714935302734,15.011714935302734,,False,PERIODIC,True,True,1,FOLLOW,24.857124747600462,8.185439800716027,-4.964427017544429,6.429846209778734,-0.0513720335337175,-0.021968324862085928,41.59904652237052,6.318465352601297,-0.14983047140029992,2.8838613482740243,-2.771884507682657,-0.011199000091687113,17.520213417780507,16.845697916751124,4.814596546144129,4.469374982967593,3.095602926955901,PREPARATION,False,FOLLOW,0,False,inf,0.10556197166442871,0.0,True,True,TRACKING,0,0.05356884002685547,-0.15770208491327178,-0.15770208491327178,0,0,0.05356884002685547,0.04625749588012695,inf,VISION,,,0,,0.0,0.0,False,,0.0,0.0,0.0,False,0.0,0.03031550215552281,4.734427017544428,SAFE,4.764390754699707,0.9996845722198486,19.815258026123047,15.031787872314453,,,2.1201998606557027e-05,0.005147248040884733,,20.005772901254417,0.0008684429994900711,0.0,0.26120490956604625,0.2843043428371591,5.51574754366202,0.1920319915557802,0.44283707511781445,6.053529395687225,0.26120490956604625,0.2843043428371591,5.51574754366202
15.061687231063843,15.061687231063843,,False,PERIODIC,True,True,1,FOLLOW,25.19183081045763,8.181107942048493,-4.964808483595196,6.4284694035668055,-0.09144951780677871,-0.022920832763532357,41.743122978564124,6.179856908647354,-0.14992810392446113,2.881346212889,-2.7744988739356558,0.007294256826981737,17.353194265127403,16.671840874142017,4.814880379670735,4.447667897775962,3.06540306838001,PREPARATION,False,FOLLOW,0,False,inf,0.10367989540100098,0.0,True,True,TRACKING,0,0.0556797981262207,-0.16042196031401573,-0.16042196031401573,0,0,0.10367989540100098,0.05534720420837402,inf,VISION,,,0,,0.0,0.0,False,,0.0,0.0,0.0,False,0.0,0.02428393261652939,4.734808483595196,SAFE,4.764663028717041,0.9996845722198486,19.815258026123047,15.031787872314453,,,2.6841000362765044e-05,0.005147248040884733,,19.964805205314242,0.0007984629992279224,0.0,0.29620137712984457,0.3203667566669685,5.070293988164548,0.2381308258709295,0.3425112567383696,5.964894835696953,0.29620137712984457,0.3203667566669685,5.070293988164548
15.11172366142273,15.11172366142273,,False,PERIODIC,True,True,1,FOLLOW,25.515706817691182,8.174922815654071,-4.965219702700848,6.4263312066341145,-0.13199988291225295,-0.023636642197984194,41.88687712045343,6.041310752055359,-0.14910383652676357,2.878898084969021,-2.7770390376013263,0.025717247714484113,17.197746641824683,16.509618939272293,4.816115866174084,4.425262668924222,3.034958669765617,PREPARATION,False,FOLLOW,0,False,inf,0.10554933547973633,0.0,True,True,TRACKING,0,0.053551673889160156,-0.16293903374491225,-0.16293903374491225,0,0,0.053551673889160156,0.05011487007141113,inf,VISION,,,0,,0.0,0.0,False,,0.0,0.0,0.0,False,0.0,0.01458068215898134,4.735219702700848,SAFE,4.765181350708008,0.999751091003418,19.978775024414062,5.285202980041504,,,2.0486000721575692e-05,0.0019870500545948744,,20.015068355875005,0.0006303119998847251,0.0,0.30135204610344046,0.3547099117033377,4.636638926383349,0.2572159001119744,0.27006925372037743,5.833982973210115,0.30135204610344046,0.3547099117033377,4.636638926383349
15.161609172821045,15.161609172821045,,False,PERIODIC,True,True,1,FOLLOW,25.82352114922706,8.166990347840127,-4.965639723680957,6.423784223982916,-0.1722526620279103,-0.02406683443353878,42.03081837301762,5.902342199211312,-0.14735879616830833,2.8765078998870295,-2.779514760149244,0.04402113454298338,17.059336025584617,16.364752199082545,4.818280927512649,4.4029105077562765,3.004757242418372,PREPARATION,False,FOLLOW,0,False,inf,0.055617332458496094,0.0,True,True,TRACKING,0,0.055617332458496094,-0.16566485126291425,-0.16566485126291425,0,0,0.055617332458496094,0.022365570068359375,inf,VISION,,,0,,0.0,0.0,False,,0.0,0.0,0.0,False,0.0,0.008274093943244853,4.735639723680957,SAFE,4.765527534484863,0.999751091003418,19.978775024414062,5.285202980041504,,,3.909299994120374e-05,0.0019870500545948744,,20.00552179257932,0.0005706270003429381,0.0,0.2819381423321123,0.4200848584496278,4.110010770158196,0.25448285442661583,0.15724981882375402,5.6366842914894075,0.2819381423321123,0.4200848584496278,4.110010770158196
15.21170425415039,15.21170425415039,,False,PERIODIC,True,True,1,FOLLOW,26.138300948252873,8.156760247474208,-4.9661877307520665,6.4208290198516025,-0.21492758525822786,-0.024427783864097243,42.17474672689267,5.763149830705125,-0.14470225921727964,2.874178794768661,-2.781923121817382,0.06206645801043636,16.91578216313809,16.21409769424496,4.821485471534787,4.379003900166446,2.9743966645129754,PREPARATION,False,FOLLOW,0,False,inf,0.10574603080749512,0.0,True,True,TRACKING,0,0.10574603080749512,-0.16775901752091393,-0.16775901752091393,0,0,0.10574603080749512,0.0724942684173584,inf,VISION,,,0,,0.0,0.0,False,,0.0,0.0,0.0,False,0.0,0.0018874322151876122,4.736187730752066,SAFE,4.76592903137207,1.045315146446228,19.810415267944336,3.5686240196228027,,,0.014599934220314026,0.0019870500545948744,,20.01264065541758,0.0008540549997633207,0.0,0.2819381423321123,0.4424665757000404,3.7727788798361934,0.3767154638151313,0.11163473012631535,5.503457145034859,0.2819381423321123,0.4424665757000404,3.7727788798361934
15.261632204055786,15.261632204055786,,False,PERIODIC,True,True,1,FOLLOW,26.481821433730094,8.143137271002796,-4.9668903636470665,6.416893668351274,-0.2633708223930589,-0.024750533481265238,42.31847420462779,5.623921855922224,-0.14115396416350998,2.8719133890253383,-2.784261748819064,0.0797178501482686,16.74615624825177,16.035773049452942,4.8257363994835565,4.351171093731539,2.9431122503377223,PREPARATION,False,FOLLOW,0,False,inf,0.10360550880432129,0.0,True,True,TRACKING,0,0.10360550880432129,-0.17030348165284467,-0.17030348165284467,0,0,0.10360550880432129,0.04079937934875488,inf,VISION,,,0,,0.0,0.0,False,,0.0,0.0,0.0,False,0.0,-0.007081011785126989,4.736890363647066,SAFE,4.766633319854736,1.045315146446228,19.810415267944336,3.5686240196228027,,,2.6912999601336196e-05,0.0019870500545948744,,19.950330816628526,0.0006987780006966204,0.0,0.2997525764580558,0.6368906912477712,3.243281873522921,0.28980139358301577,0.1278229886297909,5.176109917082843,0.2997525764580558,0.6368906912477712,3.243281873522921
15.31171989440918,15.31171989440918,,False,PERIODIC,True,True,1,FOLLOW,26.79927896147321,8.128299346109658,-4.967590866482156,6.41282957105442,-0.3097747407862451,-0.024882998327192464,42.462612574693495,5.484071053356567,-0.1367168439328138,2.8697018920005544,-2.7865410549727123,0.09693868373124415,16.60329205202915,15.884960281449631,4.830874022549342,4.324692549463603,2.9126482843260217,PREPARATION,False,FOLLOW,0,False,inf,0.053563594818115234,0.0,True,True,TRACKING,0,0.053563594818115234,-0.17202460677482295,-0.17202460677482295,0,0,0.053563594818115234,0.008771181106567383,inf,VISION,,,0,,0.0,0.0,False,,0.0,0.0,0.0,False,0.0,-0.017587661889835626,4.737590866482155,SAFE,4.767528343200683,1.045315146446228,19.956321716308594,4.4659247398376465,,,2.6912999601336196e-05,0.0028864690102636814,,20.056268041807918,0.0005675080001310562,0.0,0.29703238236481216,0.5904957952608204,2.87487109367406,0.2948556452916561,0.16564458759068132,4.907366457616647,0.29703238236481216,0.5904957952608204,2.87487109367406
15.361679792404175,15.361679792404175,,False,PERIODIC,True,True,1,FOLLOW,27.10281588614811,8.111880413117717,-4.9683053384651625,6.40826930404421,-0.3555153330796026,-0.024915387023918944,42.60559286190621,5.345127280001569,-0.13147128523785512,2.8675676380440263,-2.7887373202298216,0.1134382643347041,16.473796785142238,15.747730530451156,4.8368340532273075,4.298404268936555,2.882722828032704,PREPARATION,False,FOLLOW,0,False,inf,0.10439920425415039,0.0,True,True,TRACKING,0,0.05639958381652832,-0.17437019086878808,-0.17437019086878808,0,0,0.05639958381652832,0.05960679054260254,inf,VISION,,,0,,0.0,0.0,False,,0.0,0.0,0.0,False,0.0,-0.024509147086034577,4.738305338465162,SAFE,4.7681248664855955,1.045315146446228,19.956321716308594,4.4659247398376465,,,4.201900082989596e-05,0.0028864690102636814,,20.006360520188927,0.0013628430006065173,0.0,0.3044005794931038,0.5904957952608204,2.468091967981187,0.30885322455082953,0.23894538343227528,4.549761043399674,0.3044005794931038,0.5904957952608204,2.468091967981187
15.411715745925903,15.411715745925903,,False,PERIODIC,True,True,1,FOLLOW,27.428940573602375,8.091789715006701,-4.969283355748351,6.402581857956114,-0.40593521014641676,-0.02530976687211268,42.74854969540054,5.205996378821995,-0.12541657920415072,2.865492693620112,-2.7908693310167276,0.12925164362311392,16.32425410769994,15.589041882805038,4.8438667765442,4.2688171367451275,2.851935607283571,PREPARATION,False,FOLLOW,0,False,inf,0.10564351081848145,0.0,True,True,TRACKING,0,0.05365252494812012,-0.17563836728481588,-0.17563836728481588,0,0,0.05365252494812012,0.05236077308654785,inf,VISION,,,0,,0.0,0.0,False,,0.0,0.0,0.0,False,0.0,-0.03373572140812264,4.73928335574835,SAFE,4.769144344329834,1.000148057937622,19.99272918701172,14.136702537536621,,,2.005399983318057e-05,0.0028864690102636814,,20.047756318902408,0.0007075080002323375,0.0,0.3076822685163656,0.5843491828462519,2.1620876085946343,0.31690735103327033,0.26913640511793285,4.306469451522138,0.3076822685163656,0.5843491828462519,2.1620876085946343
15.46170425415039,15.46170425415039,,False,PERIODIC,True,True,1,FOLLOW,27.750054115173516,8.0695915234471,-4.9704251566185915,6.39627571731519,-0.4568063042325208,-0.025518298054655015,42.89192421322994,5.066253907963797,-0.11856642976224505,2.8634706457035524,-2.7929439416490407,0.14432534207677306,16.181372006241137,15.43684769954644,4.851858726856347,4.238761328153785,2.8213311003243717,PREPARATION,False,FOLLOW,0,False,inf,0.10373687744140625,0.0,True,True,TRACKING,0,0.05572772026062012,-0.17741824966186212,-0.17741824966186212,0,0,0.05572772026062012,0.05299520492553711,inf,VISION,,,0,,0.0,0.0,False,,0.0,0.0,0.0,False,0.0,-0.04082203937488016,4.740425156618591,SAFE,4.770029830932617,1.000148057937622,19.99272918701172,14.136702537536621,,,1.7268001101911068e-05,0.0028864690102636814,,20.008314475789575,0.0010864769992622314,0.0,0.3076822685163656,0.5798245552927849,1.8073422236497887,0.4297115153052813,0.31732405389776763,3.892875868282119,0.3076822685163656,0.5798245552927849,1.8073422236497887
15.512968063354492,15.512968063354492,,False,PERIODIC,True,True,1,FOLLOW,28.080138385811843,8.044311171613666,-4.971745150702865,6.389079852006561,-0.5104502773299108,-0.02548078752675607,43.03483930570456,4.926760572553043,-0.11100366461803333,2.8615135924849238,-2.794949008483702,0.1584729264707583,16.03087674257679,15.276197214658604,4.860741486084831,4.20672047286865,2.7907086597717066,PREPARATION,False,FOLLOW,0,False,inf,0.10565471649169922,0.0,True,True,TRACKING,0,0.10565471649169922,-0.1791620480354297,-0.1791620480354297,0,0,0.10565471649169922,0.054082393646240234,inf,VISION,,,0,,0.0,0.0,False,,0.0,0.0,0.0,False,0.0,-0.047789880261910334,4.741745150702864,SAFE,4.77100019454956,0.998354971408844,19.99992561340332,14.944899559020996,,,0.008270453661680222,0.0028864690102636814,,19.99512640632684,0.0007972459998200065,0.0,0.31538743434713173,0.560275030225582,1.5053960693955264,0.3318247488012077,0.3509878590546256,3.5830790975185294,0.31538743434713173,0.560275030225582,1.5053960693955264
15.561842918395996,15.561842918395996,,False,PERIODIC,True,True,1,FOLLOW,28.382928429716127,8.018673408841574,-4.9730393845448395,6.381871633905523,-0.5611194807136034,-0.0251283183695497,43.17769733367082,4.7871304196867746,-0.10275617320758464,2.859615468665636,-2.7968910188579414,0.17164979814372597,15.907473575989803,15.143581379983413,4.870283211337255,4.17656371811627,2.7614447246293885,PREPARATION,False,FOLLOW,0,False,inf,0.0556025505065918,0.0,True,True,TRACKING,0,0.0556025505065918,-0.1810244540260065,-0.1810244540260065,0,0,0.0556025505065918,0.015122413635253906,inf,VISION,,,0,,0.0,0.0,False,,0.0,0.0,0.0,False,0.0,-0.05911678027888145,4.743039384544839,SAFE,4.772716331481933,0.998354971408844,19.99992561340332,14.944899559020996,,,2.8752001526299864e-05,0.0028864690102636814,,20.111220215855788,0.0007814549999238807,0.0,0.2991850252154128,0.5785556533727609,1.3822391077072607,0.31982508028602,0.4052738226614027,3.1981654773989123,0.2991850252154128,0.5785556533727609,1.3822391077072607
15.611650705337524,15.611650705337524,,False,PERIODIC,True,True,1,FOLLOW,28.703757853418832,7.988851509247743,-4.974675445180327,6.373641693068149,-0.6160493093860387,-0.02444630214207311,43.320790469255975,4.647083213352714,-0.09385553868195326,2.8577722692684286,-2.798774313337961,0.18379752070304683,15.76855924920114,14.99416746057933,4.880819906498374,4.1435482062888855,2.7320832263147907,PREPARATION,False,FOLLOW,0,False,inf,0.1056821346282959,0.0,True,True,TRACKING,0,0.1056821346282959,-0.18277376447329055,-0.18277376447329055,0,0,0.1056821346282959,0.06520199775695801,inf,VISION,,,0,,0.0,0.0,False,,0.0,0.0,0.0,False,0.0,-0.0692164621243121,4.744675445180326,SAFE,4.774465847015381,1.000051736831665,19.931333541870117,14.285520553588867,,,0.010530401952564716,0.00227965391241014,,20.03523649172701,0.0007615889999215142,0.0,0.31148640222425283,0.5587015642277712,1.0801314696879918,0.33259989833368153,0.43443642455440173,2.8952045262357173,0.31148640222425283,0.5587015642277712,1.0801314696879918
15.66147232055664,15.66147232055664,,False,PERIODIC,True,True,1,FOLLOW,29.046316830707287,7.953954122026491,-4.976485591152281,6.364324818567733,-0.6761579433456585,-0.023411578764405017,43.46643572242439,4.504351635922606,-0.08419460377546734,2.855955622922788,-2.800628050972801,0.19500200341243373,15.613266707148735,14.826988438769037,4.892290987376814,4.107277948231768,2.702444116540361,PREPARATION,False,FOLLOW,0,False,inf,0.0556640625,0.0,True,True,TRACKING,0,0.0556640625,-0.1840015207894968,-0.1840015207894968,0,0,0.0556640625,0.008630752563476562,inf,VISION,,,0,,0.0,0.0,False,,0.0,0.0,0.0,False,0.0,-0.07649678597351794,4.746485591152281,SAFE,4.775832939147949,1.000051736831665,19.931333541870117,14.285520553588867,,,2.8213999030413106e-05,0.00227965391241014,,19.989764786239203,0.0011534189998201327,0.0,0.36679127274804685,0.5175943979472806,1.1863360444782012,0.38828692697615536,0.44564061953748424,2.5045632395283572,0.36679127274804685,0.5175943979472806,1.1863360444782012
15.711753368377686,15.711753368377686,,False,PERIODIC,True,True,1,FOLLOW,29.35370941984253,7.9199624951102665,-4.978089953888679,6.355512391885098,-0.7309119534724968,-0.02232042545976333,43.6065335571561,4.366884435692242,-0.07438550094574684,2.85426452791707,-2.802351513403403,0.20460668171006635,15.485918666560222,14.689021736845037,4.903704452942932,4.074444056230972,2.675327246682513,PREPARATION,False,FOLLOW,0,False,inf,0.05357670783996582,0.0,True,True,TRACKING,0,0.05357670783996582,-0.18522871629350246,-0.18522871629350246,0,0,0.05357670783996582,0.007852315902709961,inf,VISION,,,0,,0.0,0.0,False,,0.0,0.0,0.0,False,0.0,-0.08822794718451554,4.7480899538886785,SAFE,4.777958679199219,0.9995759129524231,20.01970672607422,12.342571258544922,,,2.8213999030413106e-05,0.00227965391241014,,19.98002192764179,0.0007770390002406202,0.0,0.36679127274804685,0.5175943979472806,0.7563750325464376,0.435980865593077,0.5521943028799049,2.2139261666537653,0.36679127274804685,0.5175943979472806,0.7563750325464376
15.76172661781311,15.76172661781311,,False,PERIODIC,True,True,1,FOLLOW,29.660530622109594,7.883442593164558,-4.979703237478118,6.3461890077903895,-0.7861078118183198,-0.021342100392515093,43.7492437094725,4.226686074044096,-0.06393347596474698,2.8525985117789907,-2.8040473838001176,0.21314560525428208,15.363218967598232,14.55553862617804,4.915769761513371,4.041316512485845,2.648428885310785,PREPARATION,False,FOLLOW,0,False,inf,0.10398364067077637,0.0,True,True,TRACKING,0,0.10398364067077637,-0.18641276579821506,-0.18641276579821506,0,0,0.10398364067077637,0.05825924873352051,inf,VISION,,,0,,0.0,0.0,False,,0.0,0.0,0.0,False,0.0,-0.09574756259217043,4.749703237478117,SAFE,4.779292869567871,0.9995759129524231,20.01970672607422,12.342571258544922,,,0.007189556956291199,0.00227965391241014,,20.01520408322161,0.0010909789998549968,0.0,0.4340004867944084,0.5012773124867324,0.9864799074010714,0.4343490851817856,0.4878509651779035,1.8754180398299771,0.4340004867944084,0.5012773124867324,0.9864799074010714
15.811731815338135,15.811731815338135,,False,PERIODIC,True,True,1,FOLLOW,29.97660447872118,7.842966670863026,-4.981290769419088,6.3357221922521925,-0.8436853202412005,-0.020017460830219515,43.89230216311751,4.085981076806175,-0.05305381301961974,2.8509855716046464,-2.8056873080409606,0.2203894585048395,15.233157988279572,14.413937102591513,4.928236956399468,4.006324575253041,2.6216852661337624,PREPARATION,False,FOLLOW,0,False,inf,0.10551643371582031,0.0,True,True,TRACKING,0,0.05352473258972168,-0.18720071124153975,-0.18720071124153975,0,0,0.05352473258972168,0.04975748062133789,inf,VISION,,,0,,0.0,0.0,False,,0.0,0.0,0.0,False,0.0,-0.10604372915159477,4.751290769419088,SAFE,4.781093883514404,0.9973865747451782,19.881702423095703,13.249988555908203,,,3.518399898894131e-05,0.00227965391241014,,20.022908370037413,0.0007772159997330164,0.0,0.31637955493221115,0.4862857855303626,1.1580251563469803,0.34002889169807343,0.4975761278234705,1.5750649718055942,0.31637955493221115,0.4862857855303626,1.1580251563469803
15.86181640625,15.86181640625,,False,PERIODIC,True,True,1,FOLLOW,30.304925304869283,7.797833152831303,-4.982966418600348,6.323821258485798,-0.9043824759537732,-0.01848619577278004,44.03440890798453,3.9460546755574906,-0.0419141590846359,2.8494398095675266,-2.8072571616529505,0.2262339553807035,15.091352321030262,14.259555303241408,4.941052259515713,3.9688973877442018,2.5950514894669428,PREPARATION,False,FOLLOW,0,False,inf,0.10363531112670898,0.0,True,True,TRACKING,0,0.10363554954528809,-0.18837933213195968,-0.18837933213195968,0,0,0.10363554954528809,0.052356719970703125,inf,VISION,,,0,,0.0,0.0,False,,0.0,0.0,0.0,False,0.0,-0.113717654175161,4.752966418600348,SAFE,4.78238468170166,0.9973865747451782,19.881702423095703,13.249988555908203,,,0.012751462869346142,0.00227965391241014,,20.028740816176246,0.0007037880004645558,0.0,0.29407678773953033,0.4795591035652921,1.1894033811170803,0.3175811605825902,0.5124163195607129,1.4132985513672036,0.29407678773953033,0.4795591035652921,1.1894033811170803
15.911576747894287,15.911576747894287,,False,PERIODIC,True,True,1,FOLLOW,30.623078827450286,7.750897779569695,-4.984685961176037,6.311388733167294,-0.9642138682683161,-0.017184752034377276,44.17699752217781,3.8055016355542133,-0.030472389411411095,2.847945164444558,-2.808773458347408,0.23070626066881203,14.960584708865934,14.116474868624122,4.954213571764626,3.931830539234701,2.569258486127789,PREPARATION,False,FOLLOW,0,False,inf,0.10562992095947266,0.0,True,True,TRACKING,0,0.05363273620605469,-0.18887466240229725,-0.18887466240229725,0,0,0.05363273620605469,0.045465707778930664,inf,VISION,,,0,,0.0,0.0,False,,0.0,0.0,0.0,False,0.0,-0.12583900870761822,4.754685961176037,SAFE,4.784533309936523,0.9996723532676697,20.053916931152344,14.127318382263184,,,1.4150999959383626e-05,0.0037669590674340725,,20.02136402018221,0.0008316249995914404,0.0,0.29346991964206764,0.4744046183492666,1.2472434024076562,0.3150648502922608,0.5217130462629688,1.1134157254162615,0.29346991964206764,0.4744046183492666,1.2472434024076562
15.961728811264038,15.961728811264038,,False,PERIODIC,True,True,1,FOLLOW,30.92234539429455,7.703751660600493,-4.9863863005050995,6.298984062473374,-1.0211740473608977,-0.0157765358262047,44.31869573380015,3.6656807882985993,-0.018909431291136862,2.8465156000817244,-2.810222222261324,0.23373973678904628,14.84735819042164,13.99171965086868,4.967476869213963,3.896471509741001,2.545012179052215,PREPARATION,False,FOLLOW,0,False,inf,0.0555570125579834,0.0,True,True,TRACKING,0,0.0555567741394043,-0.19000291240087833,-0.19000291240087833,0,0,0.0555567741394043,0.014223098754882812,inf,VISION,,,0,,0.0,0.0,False,,0.0,0.0,0.0,False,0.0,-0.13351272162915295,4.756386300505099,SAFE,4.785961437225342,0.9996723532676697,20.053916931152344,14.127318382263184,,,1.4150999959383626e-05,0.0037669590674340725,,20.000867379309792,0.0007286099998964346,0.0,0.2906499773434317,0.4744046183492666,1.4020248879678818,0.31136169626571547,0.6207459058808872,0.8881011423487617,0.2906499773434317,0.4744046183492666,1.4020248879678818
16.011648654937744,16.011648654937744,,False,PERIODIC,True,True,1,FOLLOW,31.231461881193603,7.651849891193248,-4.98808825367274,6.285523974005786,-1.0808457984712003,-0.014356617067989191,44.46128607191396,3.524838747289149,-0.007151407248089903,2.8451329606205684,-2.8116220294325553,0.2353515145168652,14.726513537404191,13.858588279448892,4.98093684642465,3.8593044499782803,2.521238644426671,PREPARATION,False,FOLLOW,0,False,inf,0.10557055473327637,0.0,True,True,TRACKING,0,0.05357718467712402,-0.19037766649044224,-0.19037766649044224,0,0,0.05357718467712402,0.06423664093017578,inf,VISION,,,0,,0.0,0.0,False,,0.0,0.0,0.0,False,0.0,-0.14431274625182944,4.75808825367274,SAFE,4.787914562225342,1.000611424446106,19.797882080078125,14.716024398803711,,,2.296999991813209e-05,0.0037669590674340725,,20.06710609015165,0.0006049459998394013,0.0,0.2906499773434317,0.46423436886210395,1.425636599546976,0.4068478441781021,0.5321760867973011,0.7472421497898399,0.2906499773434317,0.46423436886210395,1.425636599546976
16.06170105934143,16.06170105934143,,False,PERIODIC,True,True,1,FOLLOW,31.564386213038855,7.592233283654857,-4.989906443862384,6.270274778622349,-1.1459196602440465,-0.012642617253684235,44.60378864955262,3.383947722385015,0.004649245147349069,2.8438070543735328,-2.812963106316066,0.23550624343296442,14.583595914491488,13.701667171061825,4.994555689009733,3.818545897782377,2.497621549430985,PREPARATION,False,FOLLOW,0,False,inf,0.10394430160522461,0.0,True,True,TRACKING,0,0.055934906005859375,-0.19037766649044224,-0.19037766649044224,0,0,0.055934906005859375,0.05553627014160156,inf,VISION,,,0,,0.0,0.0,False,,0.0,0.0,0.0,False,0.0,-0.15211578820572802,4.759906443862383,SAFE,4.789299774169922,1.000611424446106,19.797882080078125,14.716024398803711,,,0.005542548839002848,0.0037669590674340725,,19.954686918215153,0.0013065339999229764,0.0,0.3082840223253923,0.441831647177668,1.410640348214522,0.32588358331428185,0.5209684643631796,0.6085788879554129,0.3082840223253923,0.441831647177668,1.410640348214522
16.112088441848755,16.112088441848755,,False,PERIODIC,True,True,1,FOLLOW,31.877011347378808,7.532773754473604,-4.991628504886676,6.255412903808987,-1.207815831509063,-0.011030191258084403,44.746088929096366,3.2431268858534876,0.016409809631566852,2.8425386165916784,-2.8142448744174815,0.23420524848487811,14.460106355812552,13.565184409425765,5.0080383145182426,3.780008676068699,2.4758726738254198,PREPARATION,False,FOLLOW,0,False,inf,0.10564565658569336,0.0,True,True,TRACKING,0,0.10564565658569336,-0.19123414538535333,-0.19123414538535333,0,0,0.10564565658569336,0.0515446662902832,inf,VISION,,,0,,0.0,0.0,False,,0.0,0.0,0.0,False,0.0,-0.15981351179626868,4.7616285048866756,SAFE,4.790664482116699,0.9997065663337708,20.037973403930664,16.094234466552734,,,1.2708000213024206e-05,0.004544482100754976,,19.909102196697745,0.0011670710000544204,0.0,0.3082840223253923,0.4499129555808887,1.4632825053044043,0.39187494309200793,0.5293414890179778,0.5241183038865921,0.3082840223253923,0.4499129555808887,1.4632825053044043
16.16310453414917,16.16310453414917,,False,PERIODIC,True,True,1,FOLLOW,32.178067070202104,7.4722797944237,-4.993108558384905,6.240263641783363,-1.2678099960182234,-0.009308737271709722,44.888254908501104,3.1023148974718233,0.028063117506658238,2.8413266913188076,-2.8154684571487065,0.23145917833676882,14.347739650697983,13.440441513783519,5.021171675891563,3.742457520764734,2.4553677277868897,PREPARATION,False,FOLLOW,0,False,inf,0.05759930610656738,0.0,True,True,TRACKING,0,0.05759930610656738,-0.19175777702166263,-0.19175777702166263,0,0,0.05759930610656738,0.010304450988769531,inf,VISION,,,0,,0.0,0.0,False,,0.0,0.0,0.0,False,0.0,-0.17275953626360607,4.763108558384904,SAFE,4.792748260498047,0.9997065663337708,20.037973403930664,16.094234466552734,,,2.501199924154207e-05,0.004544482100754976,,19.925848192374037,0.0010409439992145053,0.0,0.27835552050411305,0.4842003723744539,1.4834244837538053,0.2910426238187645,0.5658280865607601,0.4474484381453294,0.27835552050411305,0.4842003723744539,1.4834244837538053
16.211756944656372,16.211756944656372,,False,PERIODIC,True,True,1,FOLLOW,32.48234843969077,7.407910915164591,-4.994321556223183,6.22447906837134,-1.329068304779025,-0.007480034993598644,45.029815378029326,2.9619848788620864,0.039499520021951055,2.8401747196770777,-2.816630533404627,0.22730344420714396,14.23181434380808,13.31184378247325,5.033821076245134,3.7042516910612417,2.436020904866477,PREPARATION,False,FOLLOW,0,False,inf,0.10559582710266113,0.0,True,True,TRACKING,0,0.05359959602355957,-0.19184701538501986,-0.19184701538501986,0,0,0.05359959602355957,0.05830097198486328,inf,VISION,,,0,,0.0,0.0,False,,0.0,0.0,0.0,False,0.0,-0.18298543545274493,4.764321556223183,SAFE,4.7942054748535154,0.9997687935829163,20.139129638671875,14.830492973327637,,,0.007361618801951408,0.004544482100754976,,20.048306057779293,0.0006046709995644051,0.0,0.2712642118756642,0.4842003723744539,1.4604693669738817,0.2807432457017929,0.6127250412317744,0.4533188672795731,0.2712642118756642,0.4842003723744539,1.4604693669738817
16.261668920516968,16.261668920516968,,False,PERIODIC,True,True,1,FOLLOW,32.81060570023234,7.334696412952386,-4.995342575035732,6.206560946783521,-1.3953301716445652,-0.005612199103258649,45.17189799607609,2.821024518333479,0.05073918478316058,2.8390733382306115,-2.8177406871726314,0.22173021286511238,14.093889538460834,13.159588944779346,5.046081759818892,3.662636897198767,2.4165803041236025,PREPARATION,False,FOLLOW,0,False,inf,0.05699300765991211,0.0,True,True,TRACKING,0,0.05699300765991211,-0.1921345998962971,-0.1921345998962971,0,0,0.05699300765991211,0.009400367736816406,inf,VISION,,,0,,0.0,0.0,False,,0.0,0.0,0.0,False,0.0,-0.19151339760352126,4.765342575035731,SAFE,4.795028972625732,0.9997687935829163,20.139129638671875,14.830492973327637,,,3.6427001759875566e-05,0.004544482100754976,,19.927402756366735,0.000866940999912913,0.0,0.24466578472252404,0.5428707398591295,1.8126422131345508,0.25117016260295044,0.6049793937621002,0.48374371534068716,0.24466578472252404,0.5428707398591295,1.8126422131345508
16.311705827713013,16.311705827713013,,False,PERIODIC,True,True,1,FOLLOW,33.11811359098401,7.262569189997789,-4.9960059789449,6.189104324313174,-1.4577920929390287,-0.0037510994947936426,45.313829020794216,2.680107227019789,0.06165817091489729,2.838027852343074,-2.818793697545983,0.21479323050572408,13.975492804900583,13.028216780782047,5.0576641498597965,3.623506659702677,2.398964644471158,PREPARATION,False,FOLLOW,0,False,inf,0.10559868812561035,0.0,True,True,TRACKING,0,0.10559868812561035,-0.19167116035890222,-0.19167116035890222,0,0,0.10559868812561035,0.05800604820251465,inf,VISION,,,0,,0.0,0.0,False,,0.0,0.0,0.0,False,0.0,-0.20352187441560954,4.766005978944899,SAFE,4.795962142944336,0.9998610019683838,20.066591262817383,14.417741775512695,,,0.008700226433575153,0.005936734843999147,,20.043062070991454,0.000760291999540641,0.0,0.2429845018603423,0.42757296214503493,1.6843412711218462,0.24677639305297494,0.5083393841797776,0.5493827738340196,0.2429845018603423,0.42757296214503493,1.6843412711218462
16.362346649169922,16.362346649169922,,False,PERIODIC,True,True,1,FOLLOW,33.41259170076767,7.190320390372881,-4.9964040509540295,6.171916258523948,-1.5178123929672163,-0.001998831907154271,45.455435349458924,2.539410815313471,0.07217706137537576,2.837039137115798,-2.8197888102610187,0.20654909627306617,13.869086397973911,12.909726682707213,5.068581112329405,3.586089826597903,2.382924594806832,PREPARATION,False,FOLLOW,0,False,inf,0.10357856750488281,0.0,True,True,TRACKING,0,0.10357856750488281,-0.19173806115220038,-0.19173806115220038,0,0,0.10357856750488281,0.03815460205078125,inf,VISION,,,0,,0.0,0.0,False,,0.0,0.0,0.0,False,0.0,-0.21164237062119762,4.766404050954029,SAFE,4.796326923370361,0.9998610019683838,20.066591262817383,14.417741775512695,,,1.3543999557441566e-05,0.005936734843999147,,20.013716209869866,0.0005700269994122209,0.0,0.2429845018603423,0.40401591817382804,1.6843412711218462,0.34434236146153946,0.4810223476933354,0.5978650364621164,0.2429845018603423,0.40401591817382804,1.6843412711218462
16.411684274673462,16.411684274673462,,False,PERIODIC,True,True,1,FOLLOW,33.71987179571804,7.11156480503311,-4.99632907588072,6.153487647817831,-1.5805839328956965,-0.00032223755991428243,45.597895104143085,2.3977696073105776,0.08231526262938905,2.836099152473753,-2.820734230185052,0.19697183125205814,13.751361067132278,12.77917457747411,5.0786443385101085,3.5471064458931174,2.367490518971375,PREPARATION,False,FOLLOW,0,False,inf,0.05753803253173828,0.0,True,True,TRACKING,0,0.05753803253173828,-0.1909908223709578,-0.1909908223709578,0,0,0.05753803253173828,0.011006593704223633,inf,VISION,,,0,,0.0,0.0,False,,0.0,0.0,0.0,False,0.0,-0.22340944382608274,4.766329075880719,SAFE,4.7963560104370115,1.0004409551620483,20.08073616027832,12.69664478302002,,,1.3543999557441566e-05,0.005936734843999147,,19.93098116815606,0.0010212990000582067,0.0,0.2377952187980011,0.3995539073654333,1.5387993815442251,0.23861908342633456,0.4692727663201611,0.6938711801040001,0.2377952187980011,0.3995539073654333,1.5387993815442251
16.46168041229248,16.46168041229248,,False,PERIODIC,True,True,1,FOLLOW,34.041139485981766,7.025543833198555,-4.996062800944926,6.1335417370220675,-1.646184774908605,0.0009386425701876575,45.739667238912524,2.2567210394341535,0.09189928761079195,2.83521804981684,-2.8216198556844603,0.18622067667914557,13.619272397562153,12.633179426590049,5.0879620885557175,3.5064107299147347,2.3523563290813456,PREPARATION,False,FOLLOW,0,False,inf,0.10355925559997559,0.0,True,True,TRACKING,0,0.055564165115356445,-0.19077749041947462,-0.19077749041947462,0,0,0.055564165115356445,0.05702781677246094,inf,VISION,,,0,,0.0,0.0,False,,0.0,0.0,0.0,False,0.0,-0.22977765360908498,4.766062800944925,SAFE,4.796068321266138,1.0004409551620483,20.08073616027832,12.69664478302002,,,0.006005776114761829,0.005936734843999147,,19.988882325571478,0.0008884669996405137,0.0,0.24645810668409138,0.39030672128038535,1.4606951396299308,0.24748839034918732,0.4557384451838871,0.7561803487639221,0.24645810668409138,0.39030672128038535,1.4606951396299308
16.511926889419556,16.511926889419556,,False,PERIODIC,True,True,1,FOLLOW,34.041139485981766,7.025543833198555,-4.996062800944926,6.1335417370220675,-1.646184774908605,0.0009386425701876575,45.739667238912524,2.2567210394341535,0.09189928761079195,2.83521804981684,-2.8216198556844603,0.18622067667914557,13.619272397562153,12.633179426590049,5.0879620885557175,3.5064107299147347,2.3523563290813456,PREPARATION,False,FOLLOW,0,False,inf,0.10567283630371094,0.0,True,True,TRACKING,0,0.10567283630371094,-0.18939183757495662,-0.18939183757495662,0,0,0.10567283630371094,0.052154541015625,inf,VISION,,,0,,0.0,0.0,False,,0.0,0.0,0.0,False,0.0,-0.23836923763631956,4.766062800944925,SAFE,4.795767172897823,0.9982341527938843,20.36591911315918,12.841470718383789,,,0.008061735890805721,0.005936734843999147,,20.018286092085077,0.0008513969996783999,0.0,0.24645810668409138,0.39030672128038535,1.4606951396299308,0.24748839034918732,0.4557384451838871,0.7561803487639221,0.24645810668409138,0.39030672128038535,1.4606951396299308
16.561776399612427,16.561776399612427,,False,PERIODIC,True,True,1,FOLLOW,34.645754693929945,6.853744712854971,-4.995590758787506,6.0949358708551395,-1.7689362120980114,0.0017365393881468676,46.02843265164294,1.9691710058864678,0.10961618831019072,2.833590632159679,-2.823254173703975,0.16083827837722725,13.397296584031714,12.386461067948877,5.105206947097696,3.431220263037023,2.3258947257242997,PREPARATION,False,FOLLOW,0,False,inf,0.05551266670227051,0.0,True,True,TRACKING,0,0.05551266670227051,-0.1892131886392001,-0.1892131886392001,0,0,0.05551266670227051,0.012125015258789062,inf,VISION,,,0,,0.0,0.0,False,,0.0,0.0,0.0,False,0.0,-0.25097279963554264,4.765590758787505,SAFE,4.795413154443001,0.9982341527938843,20.36591911315918,12.841470718383789,,,0.00010497000039322302,0.005936734843999147,,20.01834140597015,0.000516019000315282,0.0,0.1993612944289426,0.3907908274151396,1.320470740386972,0.194159930837114,0.4454224306076493,0.8703067924066175,0.1993612944289426,0.3907908274151396,1.320470740386972
16.61166548728943,16.61166548728943,,False,PERIODIC,True,True,1,FOLLOW,34.82791138656014,6.7993802736971025,-4.995423330254169,6.082647483547436,-1.8058362515178836,0.0019785143353474813,46.16443556368369,1.8336307423499163,0.11701806202392909,2.8329016768743007,-2.823945482682478,0.14741045344627793,13.390761958008962,12.376406943316852,5.112441392278098,3.4085986363146,2.318138004499749,PREPARATION,False,FOLLOW,0,False,inf,0.10573458671569824,0.0,True,True,TRACKING,0,0.10573458671569824,-0.18267469241021078,-0.18267469241021078,0,0,0.10573458671569824,0.0623469352722168,inf,VISION,,,0,,0.0,0.0,False,,0.0,0.0,0.0,False,0.0,-0.258605645479546,4.765423330254168,SAFE,4.795152428522781,0.9994453191757202,20.003374099731445,13.38809585571289,,,0.01340001542121172,0.0038994529750198126,,19.98639581009811,0.0007976540000527166,0.0,0.180641170674396,0.3907908274151396,1.2245086733845822,0.17270163431077393,0.4952465456016736,0.900253156324037,0.180641170674396,0.3907908274151396,1.2245086733845822
16.6617488861084,16.6617488861084,,False,PERIODIC,True,True,1,FOLLOW,35.116522870777075,6.710894559907026,-4.99505904693575,6.06287507621863,-1.8641664911625202,0.001904756913146913,46.307291735355825,1.6911919444157488,0.12407771418312659,2.8322313499436205,-2.824617775982538,0.13240164661124476,13.290458355806763,12.26502026612248,5.1191367611188765,3.3729149107045937,2.3072323882207786,PREPARATION,False,FOLLOW,0,False,inf,0.10358405113220215,0.0,True,True,TRACKING,0,0.10358405113220215,-0.18267469241021078,-0.18267469241021078,0,0,0.10358405113220215,0.04046511650085449,inf,VISION,,,0,,0.0,0.0,False,,0.0,0.0,0.0,False,0.0,-0.2664123635872442,4.765059046935749,SAFE,4.7948803717564115,0.9994453191757202,20.003374099731445,13.38809585571289,,,0.011443573981523514,0.0038994529750198126,,19.964575130290438,0.001414794999618607,0.0,0.19652354456672588,0.3473779467085107,1.183507974382918,0.19027692997271622,0.38401990802090097,0.9150679210011586,0.19652354456672588,0.3473779467085107,1.183507974382918
16.711791515350342,16.711791515350342,,False,PERIODIC,True,True,1,FOLLOW,35.411849539091975,6.617373983561143,-4.994583093804073,6.041935542992116,-1.923339863325461,0.0016806247527671831,46.44737413940141,1.5514557844039687,0.1302460722913562,2.8316270359452997,-2.8252235892586683,0.1168735872876084,13.17991670634716,12.142748058186278,5.12482916609543,3.33657674632817,2.296541453457371,PREPARATION,False,FOLLOW,0,False,inf,0.08553457260131836,0.0,True,True,TRACKING,0,0.08553457260131836,-0.1933836840643169,-0.1933836840643169,0,0,0.08553457260131836,0.021622896194458008,inf,VISION,,,0,,0.0,0.0,False,,0.0,0.0,0.0,False,0.0,-0.2780147031134992,4.764583093804073,SAFE,4.794376544084114,1.1516849994659424,19.530771255493164,13.374070167541504,,,1.999300002353266e-05,0.0038994529750198126,,20.031187529613145,0.0005441120001705713,0.0,0.1818972787974357,0.33376356283111325,1.183507974382918,0.1740302330895284,0.3600219490558338,1.0001692755323806,0.1818972787974357,0.33376356283111325,1.183507974382918
16.76156997680664,16.76156997680664,,False,PERIODIC,True,True,1,FOLLOW,35.72953345435904,6.513363708034436,-4.994093808486789,6.018944599586835,-1.986434236642129,0.0014551009785105247,46.58922806445944,1.4098942163842096,0.13569241365226922,2.8310684846738305,-2.8257832958467675,0.10042744617431631,13.049638867098812,11.999098627682342,5.129786222139058,3.2980079581975086,2.285738484973529,PREPARATION,False,FOLLOW,0,False,inf,0.08354306221008301,0.0,True,True,TRACKING,0,0.08354306221008301,-0.19197204195406253,-0.19197204195406253,0,0,0.08354306221008301,0.02517104148864746,inf,VISION,,,0,,0.0,0.0,False,,0.0,0.0,0.0,False,0.0,-0.2857944300399837,4.7640938084867885,SAFE,4.794025560474099,1.1516849994659424,19.530771255493164,13.374070167541504,,,4.654700023820624e-05,0.0038994529750198126,,19.98952912150373,0.0007772909993946087,0.0,0.1746745351788681,0.30404223717335244,1.0257981612191367,0.16776988042763627,0.3202070784184959,0.9500723230901645,0.1746745351788681,0.30404223717335244,1.0257981612191367
16.81175398826599,16.81175398826599,,False,PERIODIC,True,True,1,FOLLOW,36.026969081756235,6.412649936333804,-4.993554783520055,5.997012731750703,-2.0453733020858276,0.0009168664486126441,46.73094190646718,1.2684192362363855,0.14029543400855193,2.8305640796588616,-2.82628855408378,0.08337350093139054,12.938105030644701,11.875948119117698,5.1338502175286065,3.262364908116119,2.2764579533628795,PREPARATION,False,FOLLOW,0,False,inf,0.08566570281982422,0.0,True,True,TRACKING,0,0.08566570281982422,-0.19110326795386473,-0.19110326795386473,0,0,0.08566570281982422,0.017441511154174805,inf,VISION,,,0,,0.0,0.0,False,,0.0,0.0,0.0,False,0.0,-0.2982727700045791,4.763554783520054,SAFE,4.793464442461421,0.9990850687026978,19.56945037841797,12.39000415802002,,,0.012930570170283318,0.0046136691235005856,,19.974247855617154,0.0009700350001367042,0.0,0.1746745351788681,0.29496424862225185,0.910805566362448,0.2610992490300873,0.30101347518174976,0.9521579830307302,0.1746745351788681,0.29496424862225185,0.910805566362448
16.862013578414917,16.862013578414917,,False,PERIODIC,True,True,1,FOLLOW,36.31145915815115,6.313086833588901,-4.992951365572447,5.9756771838819365,-2.1018142430430133,0.00021053498820307413,46.872128777615586,1.1274227714666512,0.14401966612536632,2.830114760285522,-2.826738481645237,0.065867439690786,12.837730561013025,11.76515425214074,5.136971031697813,3.228682229887278,2.268528241438376,PREPARATION,False,FOLLOW,0,False,inf,0.08350229263305664,0.0,True,True,TRACKING,0,0.08350229263305664,-0.19028489852809838,-0.19028489852809838,0,0,0.08350229263305664,0.028259754180908203,inf,VISION,,,0,,0.0,0.0,False,,0.0,0.0,0.0,False,0.0,-0.30599163949728503,4.762951365572446,SAFE,4.793027546989403,0.9990850687026978,19.56945037841797,12.39000415802002,,,4.381200051284395e-05,0.0046136691235005856,,19.995914089491077,0.000743425999644387,0.0,0.2752643953301618,0.29496424862225185,0.8482789115372927,0.2544731459303937,0.38441048973750913,0.9540994655268016,0.2752643953301618,0.29496424862225185,0.8482789115372927
16.911707878112793,16.911707878112793,,False,PERIODIC,True,True,1,FOLLOW,36.60259197471153,6.207954843844741,-4.99236944548367,5.9534375650950695,-2.1596768123036685,-0.0007276670330847654,47.01410498565964,0.9855955066310167,0.14687382170682572,2.8297164321679236,-2.8271372293397503,0.047853389012801034,12.731239593358067,11.647859898888088,5.139243267190495,3.1946043954787524,2.261152576748081,PREPARATION,False,FOLLOW,0,False,inf,0.08557534217834473,0.0,True,True,TRACKING,0,0.08557534217834473,-0.18995348900040787,-0.18995348900040787,0,0,0.08557534217834473,0.02138233184814453,inf,VISION,,,0,,0.0,0.0,False,,0.0,0.0,0.0,False,0.0,-0.31691154563521406,4.762369445483669,SAFE,4.7924354553222654,1.0005871057510376,19.46863555908203,11.34649658203125,,,0.008511588908731937,0.0046136691235005856,,20.013877050378394,0.0007247139992614393,0.0,0.15110147104112484,0.2656744636180942,0.8090207076190985,0.1444310272334345,0.26464610441390857,0.9488093802736531,0.15110147104112484,0.2656744636180942,0.8090207076190985
16.961613655090332,16.961613655090332,,False,PERIODIC,True,True,1,FOLLOW,36.910597363181985,6.093240002508543,-4.99178431953256,5.929462413227564,-2.2211988149029525,-0.0015675200891043578,47.15492188261275,0.8448894968142406,0.1488043521072732,2.8293743067743926,-2.8274796254199477,0.02969032747618228,12.606229403791753,11.51048947221759,5.140588671639834,3.1589713107288535,2.2540959517382215,PREPARATION,False,FOLLOW,0,False,inf,0.08341741561889648,0.0,True,True,TRACKING,0,0.08341741561889648,-0.18869309149670688,-0.18869309149670688,0,0,0.08341741561889648,0.021950244903564453,inf,VISION,,,0,,0.0,0.0,False,,0.0,0.0,0.0,False,0.0,-0.32460820421690695,4.76178431953256,SAFE,4.791963863372803,1.0005871057510376,19.46863555908203,11.34649658203125,,,1.687199983280152e-05,0.0046136691235005856,,19.99650614698823,0.0005412860000433284,0.0,0.1246803652186425,0.25783290723321606,0.8090207076190985,0.11793773537700034,0.2582141060275859,1.0266333500556497,0.1246803652186425,0.25783290723321606,0.8090207076190985
17.011719465255737,17.011719465255737,,False,PERIODIC,True,True,1,FOLLOW,37.208696731718376,5.978844601488383,-4.991231910986021,5.905799660878485,-2.280927678735906,-0.002487275569963257,47.296876052724464,0.7030153099057507,0.1498305848719835,2.8290827509295946,-2.8277713465541447,0.011195253632858948,12.491447486701206,11.384451533855119,5.141062495858004,3.124965944231031,2.248184236383272,PREPARATION,False,FOLLOW,0,False,inf,0.0856482982635498,0.0,True,True,TRACKING,0,0.0856482982635498,-0.1879145218515064,-0.1879145218515064,0,0,0.0856482982635498,0.03549051284790039,inf,VISION,,,0,,0.0,0.0,False,,0.0,0.0,0.0,False,0.0,-0.33705236482961665,4.76123191098602,SAFE,4.791289138793945,0.9980358481407166,19.624629974365234,11.528709411621094,,,1.798100129235536e-05,0.0046136691235005856,,20.010097981759554,0.000985898000180896,0.0,0.1246803652186425,0.22000703225524657,0.7028820008951251,0.24269558849844622,0.20914101402861962,0.9200215695863007,0.1246803652186425,0.22000703225524657,0.7028820008951251
17.061702966690063,17.061702966690063,,False,PERIODIC,True,True,1,FOLLOW,37.49222120014644,5.866888949311029,-4.990639760014303,5.882790337823114,-2.3381043155625005,-0.002911876560647812,47.440302971413566,0.5596422349297294,0.14992269387729643,2.828842518146277,-2.8280116703309117,-0.007563651095350022,12.391794904592652,11.275247164258902,5.140562453891599,3.0929966279599164,2.2438053879986577,PREPARATION,False,FOLLOW,0,False,inf,0.08352375030517578,0.0,True,True,TRACKING,0,0.08352375030517578,-0.18671082456946325,-0.18671082456946325,0,0,0.08352375030517578,0.04081535339355469,inf,VISION,,,0,,0.0,0.0,False,,0.0,0.0,0.0,False,0.0,-0.3447436221803373,4.7606397600143024,SAFE,4.790793704986572,0.9980358481407166,19.624629974365234,11.528709411621094,,,3.837799886241555e-05,0.0046136691235005856,,20.082033872336652,0.0007079269998939708,0.0,0.1520738815562617,0.1980305677047773,0.6518929764800141,0.1513520884952228,0.17970883270201887,0.8897158249950754,0.1520738815562617,0.1980305677047773,0.6518929764800141
17.11211323738098,17.11211323738098,,False,PERIODIC,True,True,1,FOLLOW,37.77921664963928,5.750323497327641,-4.990047363774056,5.858957885418445,-2.396253568286231,-0.00333159508109545,47.5797062007341,0.42027059750444107,0.14910135230104965,2.8286613481017997,-2.8281928819928295,-0.025752761074206473,12.282911254339048,11.156122057239804,5.1391487160751055,3.0610082298946977,2.2398074280499976,PREPARATION,False,FOLLOW,0,False,inf,0.0856328010559082,0.0,True,True,TRACKING,0,0.0856328010559082,-0.18537347675058968,-0.18537347675058968,0,0,0.0856328010559082,0.0410916805267334,inf,VISION,,,0,,0.0,0.0,False,,0.0,0.0,0.0,False,0.0,-0.35562718800918924,4.7600473637740555,SAFE,4.790126132965088,1.0000102519989014,19.579084396362305,11.983785629272461,,,0.008893934078514576,0.002069277921691537,,20.0368787015165,0.0008876640004018554,0.0,0.1520738815562617,0.17377905858069578,0.6281856830189251,0.23509501388039591,0.15232670815413446,0.8737465986670191,0.1520738815562617,0.17377905858069578,0.6281856830189251
17.16163730621338,17.16163730621338,,False,PERIODIC,True,True,1,FOLLOW,38.08119848400463,5.624254332288013,-4.989392821349688,5.833221669115694,-2.4573552790531257,-0.0037742300905597567,47.720982819183334,0.2790103927180409,0.14735778930987528,2.82853034499362,-2.828323900731716,-0.044029449892335495,12.160727019318278,11.022571152061856,5.136750610659564,3.0277728042648553,2.2357577440254377,PREPARATION,False,FOLLOW,0,False,inf,0.08355879783630371,0.0,True,True,TRACKING,0,0.08355879783630371,-0.18537347675058968,-0.18537347675058968,0,0,0.08355879783630371,0.017691612243652344,inf,VISION,,,0,,0.0,0.0,False,,0.0,0.0,0.0,False,0.0,-0.36339845064088694,4.759392821349688,SAFE,4.789622116088867,1.0000102519989014,19.579084396362305,11.983785629272461,,,5.418499858933501e-05,0.002069277921691537,,19.986420872691667,0.0006611700000576093,0.0,0.3596107032648322,0.1761037830873303,0.6425657049946856,0.30824253871491286,0.16386012532659594,0.8774051453462384,0.3596107032648322,0.1761037830873303,0.6425657049946856
17.21310830116272,17.21310830116272,,False,PERIODIC,True,True,1,FOLLOW,38.367767758417166,5.501386582613361,-4.988722567942975,5.808318779767974,-2.5152275909781765,-0.00429198986881354,47.862612810693506,0.1373863789240568,0.14469981178345467,2.8284521502487516,-2.8284020990222047,-0.062080535205905944,12.053074548868913,10.905254731179616,5.13342237972643,2.9968354840035922,2.232638378001741,PREPARATION,False,FOLLOW,0,False,inf,0.0856485366821289,0.0,True,True,TRACKING,0,0.0856485366821289,-0.1840270930940903,-0.1840270930940903,0,0,0.0856485366821289,0.02130889892578125,inf,VISION,,,0,,0.0,0.0,False,,0.0,0.0,0.0,False,0.0,-0.37588115995282223,4.758722567942975,SAFE,4.7887804985046385,0.9996461272239685,19.465391159057617,11.015567779541016,,,0.014236824586987495,0.002069277921691537,,20.02516747366117,0.0008747840001888108,0.0,0.20319470196084527,0.15848453686058744,0.6425657049946856,0.20202382339063057,0.14664219943581,0.9108558391424557,0.20319470196084527,0.15848453686058744,0.6425657049946856
17.261859893798828,17.261859893798828,,False,PERIODIC,True,True,1,FOLLOW,38.64808458766753,5.377857938925726,-4.987949574328531,5.783350619965347,-2.5717857364587364,-0.004670543163085527,48.00350366787098,-0.003503667857542585,0.14116787201523973,2.8284271410216077,-2.8284271084707724,-0.07965706124336529,11.949508972655895,10.792725277203887,5.129117446343771,2.9669952035915053,2.2300566649641165,PREPARATION,False,FOLLOW,0,False,inf,0.08348941802978516,0.0,True,True,TRACKING,0,0.08348941802978516,-0.18230278701321623,-0.18230278701321623,0,0,0.08348941802978516,0.012337207794189453,inf,VISION,,,0,,0.0,0.0,False,,0.0,0.0,0.0,False,0.0,-0.38356596160873924,4.7579495743285305,SAFE,4.788129138946533,0.9996461272239685,19.465391159057617,11.015567779541016,,,3.7655998312402517e-05,0.002069277921691537,,19.980648111746724,0.0007357380000030389,0.0,0.1491983964044613,0.13935131004075357,0.6402104621078085,0.16898197624995326,0.13950078699478227,0.8757445054299445,0.1491983964044613,0.13935131004075357,0.6402104621078085
17.311697483062744,17.311697483062744,,False,PERIODIC,True,True,1,FOLLOW,38.93234415012035,5.248996537544376,-4.987141152817963,5.757476457996033,-2.629134432649881,-0.0049383899186663536,48.14508983295112,-0.14508887848087862,0.1367483137589061,2.828455035062548,-2.8283992141544165,-0.09682909786867441,11.841667271021878,10.675712645621994,5.123889466576869,2.9372294516021213,2.22775352861887,PREPARATION,False,FOLLOW,0,False,inf,0.08549976348876953,0.0,True,True,TRACKING,0,0.08549976348876953,-0.1811927244105126,-0.1811927244105126,0,0,0.08549976348876953,0.022005081176757812,inf,VISION,,,0,,0.0,0.0,False,,0.0,0.0,0.0,False,0.0,-0.39442616036231204,4.757141152817963,SAFE,4.787244129180908,0.9973828792572021,19.490896224975586,10.827300071716309,,,0.006678760051727295,0.0020320219919085503,,20.007435399692902,0.0005329659998096758,0.0,0.0682514897357069,0.13935131004075357,0.509943568266946,0.10460122737351894,0.24037465196789945,0.7397868936785302,0.0682514897357069,0.13935131004075357,0.509943568266946
17.361851930618286,17.361851930618286,,False,PERIODIC,True,True,1,FOLLOW,39.234704388715016,5.107975035681271,-4.986165382566053,5.729743732353661,-2.690189539481423,-0.005465719522140449,48.286790587866435,-0.2867832164612175,0.13147921207879001,2.8285361767717503,-2.8283180685158884,-0.11341559348880756,11.714690237177619,10.537726564868109,5.117644594644843,2.9064992596572616,2.225347782492517,PREPARATION,False,FOLLOW,0,False,inf,0.08347344398498535,0.0,True,True,TRACKING,0,0.08347344398498535,-0.17893985298186374,-0.17893985298186374,0,0,0.08347344398498535,0.036498069763183594,inf,VISION,,,0,,0.0,0.0,False,,0.0,0.0,0.0,False,0.0,-0.4020391907918457,4.756165382566053,SAFE,4.786510276794433,0.9973828792572021,19.490896224975586,10.827300071716309,,,3.9498001569882035e-05,0.0020320219919085503,,20.08621985968441,0.0008835950002321624,0.0,0.08050878226517282,0.24445756326819917,0.45810822711432936,0.12154957521678543,0.2402299847566061,0.6822947439034897,0.08050878226517282,0.24445756326819917,0.45810822711432936
17.411643981933594,17.411643981933594,,False,PERIODIC,True,True,1,FOLLOW,39.51826851101669,4.972142638154076,-4.985191706238288,5.7034895378071075,-2.7472665524787674,-0.005766676527335165,48.42799090772771,-0.42796640772789485,0.12541944670495606,2.828670006405941,-2.828184222228003,-0.12924477802024734,11.604424899600069,10.418461061686136,5.110611152943243,2.8786076233053306,2.223973054327413,PREPARATION,False,FOLLOW,0,False,inf,0.08554339408874512,0.0,True,True,TRACKING,0,0.08554339408874512,-0.17758598858174834,-0.17758598858174834,0,0,0.08554339408874512,0.030375003814697266,inf,VISION,,,0,,0.0,0.0,False,,0.0,0.0,0.0,False,0.0,-0.41430545671962093,4.755191706238287,SAFE,4.785284805297851,1.0013225078582764,19.489822387695312,12.117483139038086,,,0.008046877570450306,0.0020320219919085503,,20.012851736425894,0.000710350000190374,0.0,0.054858876177282516,0.11596486381867038,0.43041848465529003,0.088990349377324,0.14559528385049456,0.6387904661185354,0.054858876177282516,0.11596486381867038,0.43041848465529003
17.46182084083557,17.46182084083557,,False,PERIODIC,True,True,1,FOLLOW,39.79022887487759,4.838547141817901,-4.984159175177198,5.6779988858662795,-2.801594215454342,-0.006105881193954188,48.5696056788297,-0.5695479231138016,0.11856820306563955,2.828857358633944,-2.827996825405324,-0.14432174747650223,11.504902259201511,10.311398998056037,5.102727378242838,2.8526142686497704,2.223067742736794,PREPARATION,False,FOLLOW,0,False,inf,0.08349490165710449,0.0,True,True,TRACKING,0,0.08349490165710449,-0.1748981566798167,-0.1748981566798167,0,0,0.08349490165710449,0.0183260440826416,inf,VISION,,,0,,0.0,0.0,False,,0.0,0.0,0.0,False,0.0,-0.42183394645117334,4.754159175177198,SAFE,4.784433174133301,1.0013225078582764,19.489822387695312,12.117483139038086,,,3.3511001674924046e-05,0.0020320219919085503,,19.972781081994846,0.0007811249997757841,0.0,0.06673935576310933,0.09350512542773907,0.4034058237640375,0.09362774728481045,0.1407234816307617,0.5935067248730913,0.06673935576310933,0.09350512542773907,0.4034058237640375
17.51324439048767,17.51324439048767,,False,PERIODIC,True,True,1,FOLLOW,40.073771568906146,4.695801903466618,-4.982931045613594,5.650997962086856,-2.857474650505213,-0.0066444101147177794,48.711155862728155,-0.7110434595143261,0.11098833789604634,2.8290978189307294,-2.8277562714847595,-0.1584994117770101,11.392383372413645,10.190112080755132,5.09391938350964,2.82613933512239,2.2214891269166803,PREPARATION,False,FOLLOW,0,False,inf,0.08561968803405762,0.0,True,True,TRACKING,0,0.08561968803405762,-0.17359511270833106,-0.17359511270833106,0,0,0.08561968803405762,0.042516469955444336,inf,VISION,,,0,,0.0,0.0,False,,0.0,0.0,0.0,False,0.0,-0.43248840798138133,4.752931045613593,SAFE,4.783121395111084,0.9981061220169067,19.54391098022461,12.117483139038086,,,0.01835123635828495,0.003658002009615302,,19.975614702065673,0.0007406799995806068,0.0,0.08426047162348764,0.09350512542773907,0.4034058237640375,0.1152739100403061,0.2548715260577848,0.656507012793635,0.08426047162348764,0.09350512542773907,0.4034058237640375
17.561542749404907,17.561542749404907,,False,PERIODIC,True,True,1,FOLLOW,40.36395734179542,4.546188491561954,-4.98145161849095,5.622950312452405,-2.913890775395312,-0.007580237993392478,48.8531883393074,-0.8529942354527205,0.10269475064474407,2.8293925808199005,-2.827461339010899,-0.1717404731927295,11.272389336409896,10.060726467249365,5.084146369135694,2.7997113119495323,2.2192650666960385,PREPARATION,False,FOLLOW,0,False,inf,0.08350181579589844,0.0,True,True,TRACKING,0,0.08350181579589844,-0.1708086944615394,-0.1708086944615394,0,0,0.08350181579589844,0.017534255981445312,inf,VISION,,,0,,0.0,0.0,False,,0.0,0.0,0.0,False,0.0,-0.4398821343180521,4.751451618490949,SAFE,4.781973648071289,0.9981061220169067,19.54391098022461,12.117483139038086,,,2.9087999791954644e-05,0.003658002009615302,,20.040410868304566,0.0006337469994832645,0.0,0.1020617969125096,0.13358235840528457,0.3517383926925635,0.11975969401371603,0.19441637835900297,0.5151249065662117,0.1020617969125096,0.13358235840528457,0.3517383926925635
17.611787796020508,17.611787796020508,,False,PERIODIC,True,True,1,FOLLOW,40.64243595540093,4.39927495117957,-4.979951579375291,5.595898289126657,-2.9670556548882563,-0.008531144855229445,48.994008932181686,-0.9937019678278597,0.09384269397817922,2.829737751919465,-2.827115889977235,-0.18381370281748297,11.161378031576385,9.941477316548154,5.07379427335347,2.775238950168349,2.2170946170798254,PREPARATION,False,FOLLOW,0,False,inf,0.08552742004394531,0.0,True,True,TRACKING,0,0.08552742004394531,-0.1683306019280814,-0.1683306019280814,0,0,0.08552742004394531,0.038458824157714844,inf,VISION,,,0,,0.0,0.0,False,,0.0,0.0,0.0,False,0.0,-0.45177732034273177,4.74995157937529,SAFE,4.780079650878906,1.0003113746643066,20.002071380615234,10.601248741149902,,,0.015558205544948578,0.003658002009615302,,20.066494686362567,0.0006440329998440575,0.0,0.1077686857358829,0.13358235840528457,0.3517383926925635,0.12408611267507404,0.2707612912058281,0.5575867429537892,0.1077686857358829,0.13358235840528457,0.3517383926925635
17.661622285842896,17.661622285842896,,False,PERIODIC,True,True,1,FOLLOW,40.90301287157018,4.2588135772786275,-4.978561660686673,5.570312000760639,-3.015743206261564,-0.009500114104196326,49.13560207849339,-1.1351443414140894,0.08436552753532198,2.8301379897730667,-2.8267152242210862,-0.19481964277509,11.068131675753312,9.842271438980758,5.0629271882219955,2.75293089564428,2.215061761729287,PREPARATION,False,FOLLOW,0,False,inf,0.0835115909576416,0.0,True,True,TRACKING,0,0.0835115909576416,-0.1654874814096884,-0.1654874814096884,0,0,0.0835115909576416,0.0242922306060791,inf,VISION,,,0,,0.0,0.0,False,,0.0,0.0,0.0,False,0.0,-0.45904307208119155,4.748561660686673,SAFE,4.77886323928833,1.0003113746643066,20.002071380615234,10.601248741149902,,,2.785299875540659e-05,0.003658002009615302,,20.014997979457018,0.0004947280003761989,0.0,0.12217748619281976,0.4518642100997671,0.28831330455059445,0.13264199655890163,0.3730072533191632,0.3960959798318179,0.12217748619281976,0.4518642100997671,0.28831330455059445
17.71184778213501,17.71184778213501,,False,PERIODIC,True,True,1,FOLLOW,41.18558543105974,4.103290672170925,-4.977225697018174,5.542582131267813,-3.0677311551762405,-0.010765274663294702,49.276975706386864,-1.2763248148508322,0.07438492293113823,2.8305908492078586,-2.8262617437846647,-0.20460720020535114,10.951238707627887,9.716525066908572,5.051610619949312,2.7296114893341215,2.21180517089672,PREPARATION,False,FOLLOW,0,False,inf,0.08561944961547852,0.0,True,True,TRACKING,0,0.08561944961547852,-0.16310765240112057,-0.16310765240112057,0,0,0.08561944961547852,0.020985126495361328,inf,VISION,,,0,,0.0,0.0,False,,0.0,0.0,0.0,False,0.0,-0.46924681960941594,4.747225697018173,SAFE,4.777384090423584,0.999456524848938,19.981616973876953,10.539775848388672,,,0.014419551938772202,0.0022586900740861893,,19.97269598570038,0.0007189890002337052,0.0,0.12401582402523423,0.23028272130293137,0.24991238974256383,0.13687556996146116,0.2763045802088932,0.3477617270415513,0.12401582402523423,0.23028272130293137,0.24991238974256383
17.76172971725464,17.76172971725464,,False,PERIODIC,True,True,1,FOLLOW,41.47204757638057,3.9424845071752888,-4.975932490944411,5.514549557781781,-3.119107534909443,-0.012360272212044103,49.418429998563994,-1.4175379051430315,0.0639423757219707,2.8310972672047416,-2.82575445918888,-0.2131390179642447,10.829366210992955,9.585136089808033,5.0398748666663815,2.706895699428351,2.207702321803663,PREPARATION,False,FOLLOW,0,False,inf,0.08353829383850098,0.0,True,True,TRACKING,0,0.08353829383850098,-0.16013476724369863,-0.16013476724369863,0,0,0.08353829383850098,0.020353317260742188,inf,VISION,,,0,,0.0,0.0,False,,0.0,0.0,0.0,False,0.0,-0.4763386856813785,4.74593249094441,SAFE,4.77637939453125,0.999456524848938,19.981616973876953,10.539775848388672,,,2.775300163193606e-05,0.0022586900740861893,,20.010625558541136,0.0007301159994312911,0.0,0.14391869972464177,0.1502657265226468,0.22901998986834796,0.15496929770064838,0.25549345376617794,0.2792498358328721,0.14391869972464177,0.1502657265226468,0.22901998986834796
17.811778783798218,17.811778783798218,,False,PERIODIC,True,True,1,FOLLOW,41.74599390215458,3.7858325784108793,-4.97470290109354,5.4878095091087244,-3.1668037063649535,-0.013801363969956543,49.56042105224307,-1.559233259278903,0.053066391093967206,2.8316592866856833,-2.8251912650521067,-0.2203819864760453,10.719769799242062,9.467576273433371,5.027769292187507,2.6859837337059016,2.203486973617148,PREPARATION,False,FOLLOW,0,False,inf,0.08556294441223145,0.0,True,True,TRACKING,0,0.08556294441223145,-0.1543902540282842,-0.1543902540282842,0,0,0.08556294441223145,0.038155555725097656,inf,VISION,,,0,,0.0,0.0,False,,0.0,0.0,0.0,False,0.0,-0.4875385485747632,4.7447029010935395,SAFE,4.774802494049072,1.0006734132766724,20.070844650268555,11.892857551574707,,,0.011425364762544632,0.0022586900740861893,,19.970738971042447,0.0009087660000659525,0.0,0.13323034918500967,0.16144855730193775,0.2251782226500606,0.14721912114379568,0.239348734364088,0.24655685362317842,0.13323034918500967,0.16144855730193775,0.2251782226500606
17.86169934272766,17.86169934272766,,False,PERIODIC,True,True,1,FOLLOW,42.00821543565063,3.63321158368033,-4.973641862227445,5.462595018737577,-3.2116688167176948,-0.015019897689066534,49.70198804378759,-1.7004466406451675,0.04189751522517752,2.832273235338115,-2.824575777065888,-0.2262415622022008,10.62062532275814,9.36173311944074,5.0155393774526225,2.6670298643120405,2.1995983784401747,PREPARATION,False,FOLLOW,0,False,inf,0.08348679542541504,0.0,True,True,TRACKING,0,0.08348679542541504,-0.1543902540282842,-0.1543902540282842,0,0,0.08348679542541504,0.041281938552856445,inf,VISION,,,0,,0.0,0.0,False,,0.0,0.0,0.0,False,0.0,-0.4945718390588758,4.743641862227444,SAFE,4.773901748657226,1.0006734132766724,20.070844650268555,11.892857551574707,,,2.695199873414822e-05,0.0022586900740861893,,19.991956232916028,0.0005064449997007614,0.0,0.14583512172352497,0.1836145961438662,0.2251782226500606,0.15265855262877112,0.2563878867608439,0.34335080310388816,0.14583512172352497,0.1836145961438662,0.2251782226500606
17.91175413131714,17.91175413131714,,False,PERIODIC,True,True,1,FOLLOW,42.275920423544584,3.474789184549113,-4.972696418014107,5.43747864103832,-3.256392085706371,-0.016382101768952436,49.84331373857632,-1.8413554415903557,0.030492699576344345,2.8329396012001915,-2.8239074375679705,-0.23069963924672968,10.514691465601551,9.248071975845482,5.003189117590451,2.6488862919700527,2.1951184686327005,PREPARATION,False,FOLLOW,0,False,inf,0.08550667762756348,0.0,True,True,TRACKING,0,0.08550667762756348,-0.15164969656554084,-0.15164969656554084,0,0,0.08550667762756348,0.010960578918457031,inf,VISION,,,0,,0.0,0.0,False,,0.0,0.0,0.0,False,0.0,-0.5041501872421201,4.7426964180141065,SAFE,4.772777843475342,1.0012242794036865,20.020225524902344,11.892857551574707,,,0.016185356304049492,0.007028502877801657,,19.898434103792653,0.000714916999640991,0.0,0.14411305492936372,0.2437190000678155,0.1143761224949767,0.1529146690725208,0.27003146427827407,0.20724308302841082,0.14411305492936372,0.2437190000678155,0.1143761224949767
17.96165156364441,17.96165156364441,,False,PERIODIC,True,True,1,FOLLOW,42.56167214752913,3.302808036213214,-4.971984152503951,5.410994338434437,-3.3029721956865266,-0.01821533177030112,49.98506837632571,-1.9826224460232698,0.018868163112741154,2.833661730662452,-2.823182813099265,-0.23374796526041325,10.389956390118407,9.11277054206161,4.990852315616692,2.630455386207374,2.1890511641844363,PREPARATION,False,FOLLOW,0,False,inf,0.08354568481445312,0.0,True,True,TRACKING,0,0.08354568481445312,-0.14865211290842878,-0.14865211290842878,1,0,0.08354568481445312,0.010839700698852539,inf,VISION,,,0,,0.0,0.0,False,,0.0,0.0,0.0,False,0.0,-0.5108264678406473,4.74198415250395,SAFE,4.772208976745605,1.0012242794036865,20.020225524902344,11.892857551574707,,,4.6089000534266233e-05,0.007028502877801657,,19.995146473917316,0.0014614980000260402,0.0,0.14511488309856768,0.26231247675498137,0.10282023598708735,0.1556603829574643,0.2877273524795253,0.22019853130241454,0.14511488309856768,0.26231247675498137,0.10282023598708735
18.011778116226196,18.011778116226196,,False,PERIODIC,True,True,1,FOLLOW,42.83217027442562,3.1373547238160575,-4.971404511559915,5.38617186413265,-3.3461041973472625,-0.019755632711586365,50.12663349513253,-2.1236257904498306,0.007145999336330986,2.834436695252922,-2.822404758464613,-0.235351919819336,10.279740990865308,8.993726127125019,4.9785505108962465,2.6138276977257515,2.1831355388176608,PREPARATION,False,FOLLOW,0,False,inf,0.08565258979797363,0.0,True,True,TRACKING,0,0.08565258979797363,-0.1434689382578342,-0.1434689382578342,3,0,0.08565258979797363,0.028084516525268555,inf,VISION,,,0,,0.0,0.0,False,,0.0,0.0,0.0,False,0.0,-0.5212870938486804,4.741404511559915,SAFE,4.771442699432373,0.9992912411689758,20.065553665161133,10.431385040283203,,,0.010266088880598545,0.007028502877801657,,19.980362566926704,0.0007927639999252278,0.0,0.1748365451337751,0.25317529595613075,0.08605142888470352,0.16147160625302384,0.29328618140324,0.20494652102093294,0.1748365451337751,0.25317529595613075,0.08605142888470352
18.0618634223938,18.0618634223938,,False,PERIODIC,True,True,1,FOLLOW,43.08883910755873,2.9778075514335365,-4.971031347377551,5.362804106498321,-3.386129297570814,-0.020869985475399998,50.26824830942527,-2.2645984901561915,-0.004620936978679309,2.8352658172131315,-2.8215718572708286,-0.2355076181271855,10.182925412535473,8.889698397175376,4.966410410398871,2.598700486887848,2.1773555891893497,PREPARATION,False,FOLLOW,0,False,inf,0.08353686332702637,0.0,True,True,TRACKING,0,0.08353686332702637,-0.1434689382578342,-0.1434689382578342,3,0,0.08353686332702637,0.029790163040161133,inf,VISION,,,0,,0.0,0.0,False,,0.0,0.0,0.0,False,0.0,-0.5278449103353955,4.74103134737755,SAFE,4.77111177444458,0.9992912411689758,20.065553665161133,10.431385040283203,,,5.6798999139573425e-05,0.007028502877801657,,20.038435523137604,0.0005680899994331412,0.0,0.14679287958792486,0.25105711050409535,0.06389384024658927,0.1523075239903083,0.30547774941356887,0.22240166275732556,0.14679287958792486,0.25105711050409535,0.06389384024658927
18.11171293258667,18.11171293258667,,False,PERIODIC,True,True,1,FOLLOW,43.35694984804702,2.8083930875809804,-4.970775034746043,5.338289328096903,-3.427246161215054,-0.02208956695969615,50.41020294433774,-2.4058236353059836,-0.01638396530442329,2.8361511169528395,-2.820681981685841,-0.23420971291096782,10.073848626147385,8.77134170315857,4.95439106944162,2.5833332514163847,2.170163374652082,PREPARATION,False,FOLLOW,0,False,inf,0.08557391166687012,0.0,True,True,TRACKING,0,0.08557391166687012,-0.14099190693595548,-0.14099190693595548,3,0,0.08557391166687012,0.03970646858215332,inf,VISION,,,0,,0.0,0.0,False,,0.0,0.0,0.0,False,0.0,-0.5367322960001926,4.740775034746043,SAFE,4.770790386199951,0.9988009333610535,19.935632705688477,12.790016174316406,,,1.94569984159898e-05,0.004447550978511572,,19.976901611251993,0.0007686930002819281,0.0,0.17575473874243475,0.2631243316696173,0.09336543127309922,0.16300137266659437,0.31506704882211456,0.25498077873008235,0.17575473874243475,0.2631243316696173,0.09336543127309922
18.161607265472412,18.161607265472412,,False,PERIODIC,True,True,1,FOLLOW,43.63345023225473,2.6306103572043336,-4.97072451536698,5.312767053663595,-3.468975468403675,-0.022967142532496466,50.552230217144356,-2.5470296314287477,-0.028047938496336244,2.837091270589614,-2.8197363568859077,-0.23146371799325086,9.955276192790803,8.641612831595827,4.942676576870643,2.5678693169244835,2.1617394802626606,PREPARATION,False,FOLLOW,0,False,inf,0.08345627784729004,0.0,True,True,TRACKING,0,0.08345627784729004,-0.13857192502333163,-0.13857192502333163,3,0,0.08345627784729004,0.017302513122558594,inf,VISION,,,0,,0.0,0.0,False,,0.0,0.0,0.0,False,0.0,-0.5428973684090099,4.7407245153669795,SAFE,4.770711231231689,0.9988009333610535,19.935632705688477,12.790016174316406,,,5.0932998419739306e-05,0.004447550978511572,,20.039105685884653,0.0005341500000213273,0.0,0.15447903975822855,0.31089281940251173,0.08956404338602349,0.15158432377041192,0.3389666216633233,0.303179359876365,0.15447903975822855,0.31089281940251173,0.08956404338602349
18.211685180664062,18.211685180664062,,False,PERIODIC,True,True,1,FOLLOW,43.89910885795361,2.4567617258263152,-4.970856801703994,5.287763150942264,-3.5084489419294824,-0.023785023329577947,50.693889492213984,-2.6877732786409023,-0.03950515598088989,2.8380833039822946,-2.818737866431879,-0.22730102748530032,9.846497516055358,8.522633646937335,4.931351645723105,2.5530474896118545,2.1527338937108427,PREPARATION,False,FOLLOW,0,False,inf,0.0855875015258789,0.0,True,True,TRACKING,0,0.0855875015258789,-0.1368347726535248,-0.1368347726535248,3,0,0.0855875015258789,0.016483306884765625,inf,VISION,,,0,,0.0,0.0,False,,0.0,0.0,0.0,False,0.0,-0.5527399033782046,4.740856801703994,SAFE,4.770838069915771,0.9996878504753113,19.927562713623047,11.703030586242676,,,0.006742970086634159,0.004447550978511572,,20.023134760558143,0.0007694959995205863,0.0,0.14739585866869834,0.3008937355456653,0.12789516774746512,0.14570817664732358,0.3376947124311742,0.33810049177068024,0.14739585866869834,0.3008937355456653,0.12789516774746512
18.261920928955078,18.261920928955078,,False,PERIODIC,True,True,1,FOLLOW,44.148270854813404,2.2909867490228124,-4.971125960273714,5.264260852429165,-3.54507358881406,-0.024415989193646206,50.83589359880384,-2.8287574057860305,-0.05074252158695786,2.839132314754225,-2.8176812629036507,-0.22172832875985343,9.75429399599686,8.422355856685083,4.9203834386867555,2.539543301340585,2.1440054760416984,PREPARATION,False,FOLLOW,0,False,inf,0.08355164527893066,0.0,True,True,TRACKING,0,0.08355188369750977,-0.13423563355102683,-0.13423563355102683,3,0,0.08355188369750977,0.03853178024291992,inf,VISION,,,0,,0.0,0.0,False,,0.0,0.0,0.0,False,0.0,-0.5586650032378673,4.741125960273713,SAFE,4.771052646636963,0.9996878504753113,19.927562713623047,11.703030586242676,,,2.3833999875932932e-05,0.004447550978511572,,19.973496920706307,0.0006180990003485931,0.0,0.14873724689167594,0.3124993117877715,0.1670241735070663,0.1428235999793408,0.3519582803284436,0.3754181907058481,0.14873724689167594,0.3124993117877715,0.1670241735070663
18.311747789382935,18.311747789382935,,False,PERIODIC,True,True,1,FOLLOW,44.41635731400874,2.109755979165596,-4.971561225548715,5.238881174299017,-3.5840673418505236,-0.024900435051257094,50.97807376103956,-2.9698084451002265,-0.06167595763541222,2.8402374826173373,-2.816567244419265,-0.21478063020072513,9.641839597067243,8.29807793838439,4.909885267913303,2.525589524786502,2.133418184212113,PREPARATION,False,FOLLOW,0,False,inf,0.08761453628540039,0.0,True,True,TRACKING,0,0.08761453628540039,-0.13113367510846602,-0.13113367510846602,3,0,0.08761453628540039,0.010993480682373047,inf,VISION,,,0,,0.0,0.0,False,,0.0,0.0,0.0,False,0.0,-0.5671245359665957,4.741561225548715,SAFE,4.77150182723999,1.0008537769317627,19.983047485351562,10.526986122131348,,,0.009744920767843723,0.004447550978511572,,19.952263851730116,0.0010561979997874005,0.0,0.18510125800970942,0.28624446589007774,0.1670241735070663,0.1617429926471959,0.33454880339871257,0.4327276201584793,0.18510125800970942,0.28624446589007774,0.1670241735070663
18.361677169799805,18.361677169799805,,False,PERIODIC,True,True,1,FOLLOW,44.68683123713254,1.924117889301104,-4.972097674663051,5.213262009530372,-3.622705370702649,-0.025166537724536104,51.11974707829437,-3.110243872192565,-0.07218712795370331,2.8413934401317715,-2.815401093694491,-0.20654041592902325,9.525561817069581,8.168672142096318,4.899910546709348,2.5120503955676456,2.121765502355185,PREPARATION,False,FOLLOW,0,False,inf,0.0838010311126709,0.0,True,True,TRACKING,0,0.0838010311126709,-0.12965430938213182,-0.12965430938213182,3,0,0.0838010311126709,0.03960990905761719,inf,VISION,,,0,,0.0,0.0,False,,0.0,0.0,0.0,False,0.0,-0.5723854411853204,4.742097674663051,SAFE,4.771880435943603,1.0008537769317627,19.983047485351562,10.526986122131348,,,2.4093000320135616e-05,0.004447550978511572,,19.98020727404742,0.0006984239998928388,0.0,0.1973600566214522,0.2779160581625145,0.2610152112335929,0.16160252960264196,0.31810340014063215,0.46542394215264593,0.1973600566214522,0.2779160581625145,0.2610152112335929
18.411730766296387,18.411730766296387,,False,PERIODIC,True,True,1,FOLLOW,44.94463499647493,1.744505069813915,-4.9727567068342085,5.1888363754783695,-3.658702735589226,-0.025066236393978227,51.2618922362831,-3.2510284136468015,-0.08228414957743559,2.842608291494747,-2.814174497277189,-0.19700390436939735,9.422304158302655,8.053762711818987,4.890472557256773,2.4995152988226974,2.110041403330865,PREPARATION,False,FOLLOW,0,False,inf,0.08555436134338379,0.0,True,True,TRACKING,0,0.08555459976196289,-0.12746835750666288,-0.12746835750666288,3,0,0.08555459976196289,0.040805816650390625,inf,VISION,,,0,,0.0,0.0,False,,0.0,0.0,0.0,False,0.0,-0.5816502917588728,4.742756706834208,SAFE,4.77269868850708,0.9993576407432556,19.936309814453125,12.978412628173828,,,1.4921000001777429e-05,0.0030226579401642084,,20.015998376452124,0.000748821000343014,0.0,0.12824877158399217,0.2739539878302283,0.2935785438568055,0.12005412698284329,0.3134359669407863,0.4777143174033215,0.12824877158399217,0.2739539878302283,0.2935785438568055
18.461804389953613,18.461804389953613,,False,PERIODIC,True,True,1,FOLLOW,45.194259778931915,1.5680281867652224,-4.973444839571443,5.164974230626273,-3.693031495436349,-0.024674125750309448,51.404013217399076,-3.3916647751134006,-0.09186788404332365,2.8438782035234254,-2.8128911752011265,-0.18625890491013478,9.326810044994284,7.947300928155613,4.88157695552812,2.4876180155306225,2.097978647250695,PREPARATION,False,FOLLOW,0,False,inf,0.08355426788330078,0.0,True,True,TRACKING,0,0.08355426788330078,-0.1252811801196094,-0.1252811801196094,3,0,0.08355426788330078,0.04114127159118652,inf,VISION,,,0,,0.0,0.0,False,,0.0,0.0,0.0,False,0.0,-0.5871917780801144,4.743444839571443,SAFE,4.773259449005127,0.9993576407432556,19.936309814453125,12.978412628173828,,,5.4960000852588564e-05,0.0030226579401642084,,19.996335550554424,0.0007701190006628167,0.0,0.12471378584385481,0.2719271979511145,0.29431443097356225,0.11420982324831758,0.31474858706533276,0.5048441459851316,0.12471378584385481,0.2719271979511145,0.29431443097356225
18.51166796684265,18.51166796684265,,False,PERIODIC,True,True,1,FOLLOW,45.45045718180398,1.3843841602162013,-4.974161122692349,5.140946465810807,-3.7276356911475874,-0.024170667264805216,51.54613065371348,-3.5321679324111885,-0.10088135529893849,2.845203497105482,-2.811550650452297,-0.1743722044966953,9.223804814009561,7.831329360693495,4.873279767393411,2.476329558425626,2.0848287487318586,PREPARATION,False,FOLLOW,0,False,inf,0.08567690849304199,0.0,True,True,TRACKING,0,0.08567690849304199,-0.12291986830168873,-0.12291986830168873,3,0,0.08567690849304199,0.021497488021850586,inf,VISION,,,0,,0.0,0.0,False,,0.0,0.0,0.0,False,0.0,-0.5948540509479372,4.744161122692349,SAFE,4.774077701568603,1.0001708269119263,19.952890396118164,12.978412628173828,,,0.015058989636600018,0.0030226579401642084,,19.985984792531845,0.000726592000319215,0.0,0.15602371868243367,0.27608363928883356,0.29431443097356225,0.14037131307164155,0.29434575333550217,0.553279735816846,0.15602371868243367,0.27608363928883356,0.29431443097356225
18.56172013282776,18.56172013282776,,False,PERIODIC,True,True,1,FOLLOW,45.713123683583284,1.1936106765029393,-4.9748849057808355,5.116550409008741,-3.762202554975875,-0.023596934019803197,51.68844049053123,-3.672725847884208,-0.10928089058091485,2.846586269781091,-2.810150638078637,-0.1614002738728809,9.113711897174968,7.706208024182773,4.865604015199921,2.4653863401750833,2.070205486542911,PREPARATION,False,FOLLOW,0,False,inf,0.08353042602539062,0.0,True,True,TRACKING,0,0.08353042602539062,-0.12056087373101931,-0.12056087373101931,3,0,0.08353042602539062,0.020222902297973633,inf,VISION,,,0,,0.0,0.0,False,,0.0,0.0,0.0,False,0.0,-0.6001535507454161,4.744884905780835,SAFE,4.774635124206543,1.0001708269119263,19.952890396118164,12.978412628173828,,,0.007225649897009134,0.0030226579401642084,,19.986826895464628,0.0006788609998693573,0.0,0.16162070521584918,0.26079931488654956,0.29637556096156775,0.14535934999052494,0.2865044303857102,0.5601196602489075,0.16162070521584918,0.26079931488654956,0.29637556096156775
18.611639499664307,18.611639499664307,,False,PERIODIC,True,True,1,FOLLOW,45.97311443057148,1.0023341525326521,-4.975639738443225,5.092756363165882,-3.795574358248605,-0.02289022616465049,51.830876612297274,-3.8132672421467944,-0.11700941236599796,2.8480262332472304,-2.8086912565705027,-0.14742739379323858,9.00609145054462,7.583099272071782,4.858630326077227,2.4552517424214058,2.0548992939983344,PREPARATION,False,FOLLOW,0,False,inf,0.08561563491821289,0.0,True,True,TRACKING,0,0.08561563491821289,-0.11826452304583415,-0.11826452304583415,3,0,0.08561563491821289,0.0375514030456543,inf,VISION,,,0,,0.0,0.0,False,,0.0,0.0,0.0,False,0.0,-0.6085977112973415,4.7456397384432245,SAFE,4.775582599639892,1.0006829500198364,20.028968811035156,11.218026161193848,,,0.011553250253200531,0.0025475809816271067,,19.98202084462714,0.0007670630002394319,0.0,0.18972411068225425,0.2701767291288092,0.29637556096156775,0.15640137277584207,0.2689779977270357,0.5972779007558484,0.18972411068225425,0.2701767291288092,0.29637556096156775
18.664294719696045,18.664294719696045,,False,PERIODIC,True,True,1,FOLLOW,46.21951827880164,0.8188286520603634,-4.976390365183874,5.070490999952398,-3.8262307022214816,-0.0217759919566443,51.97406752747073,-3.9544053577024147,-0.12404749573334253,2.8495304373583097,-2.8071651690929342,-0.13247149315282516,8.913126908667994,7.476536629169556,4.852342869450531,2.44610177126666,2.0399123573493956,PREPARATION,False,FOLLOW,0,False,inf,0.08349394798278809,0.0,True,True,TRACKING,0,0.08349394798278809,-0.11567432400600947,-0.11567432400600947,3,0,0.08349394798278809,0.027474164962768555,inf,VISION,,,0,,0.0,0.0,False,,0.0,0.0,0.0,False,0.0,-0.6137089386140033,4.746390365183873,SAFE,4.776183414459228,1.0006829500198364,20.028968811035156,11.218026161193848,,,1.208100002259016e-05,0.0025475809816271067,,20.03113717969181,0.0007229820002976339,0.0,0.12064387480923162,0.2527617901243342,0.7611904575152024,0.10833749767249622,0.25435282420660865,0.6914065129131739,0.12064387480923162,0.2527617901243342,0.7611904575152024
18.711713314056396,18.711713314056396,,False,PERIODIC,True,True,1,FOLLOW,46.46401266228721,0.6346169264661637,-4.977254521246352,5.0480357256936195,-3.8556234259188713,-0.019806170629433597,52.11578228789685,-4.0939368228459365,-0.13024907174613082,2.8510751995278194,-2.805596230150983,-0.1168653392494995,8.82015772469983,7.368970108576723,4.847005449500221,2.4369269885649225,2.0240308257875435,PREPARATION,False,FOLLOW,0,False,inf,0.0855259895324707,0.0,True,True,TRACKING,0,0.0855259895324707,-0.11379687731716967,-0.11379687731716967,3,0,0.0855259895324707,0.018530607223510742,inf,VISION,,,0,,0.0,0.0,False,,0.0,0.0,0.0,False,0.0,-0.6210540662226331,4.747254521246352,SAFE,4.77716474533081,0.999626874923706,19.99526596069336,10.53042221069336,,,0.006845415104180574,0.0025475809816271067,,20.00006424773928,0.0007994279994818498,0.0,0.1078305699812624,0.23263085400038086,0.4128289102993591,0.09991080958256082,0.2376904202353991,0.6291899439789045,0.1078305699812624,0.23263085400038086,0.4128289102993591
18.761510610580444,18.761510610580444,,False,PERIODIC,True,True,1,FOLLOW,46.73381365167267,0.42883575450742084,-4.978265522929759,5.021447185869176,-3.8859149859277897,-0.01754804328386388,52.25848973785968,-4.23428765761893,-0.13568882084701098,2.852687332198507,-2.8039570226225234,-0.10043942308841755,8.701569681934531,7.229575769988691,4.842576702082749,2.4250821260524775,2.002903810643561,PREPARATION,False,FOLLOW,0,False,inf,0.0835573673248291,0.0,True,True,TRACKING,0,0.0835573673248291,-0.11127056013765091,-0.11127056013765091,3,0,0.0835573673248291,0.03813886642456055,inf,VISION,,,0,,0.0,0.0,False,,0.0,0.0,0.0,False,0.0,-0.6263522319596664,4.748265522929759,SAFE,4.777922439575195,0.999626874923706,19.99526596069336,10.53042221069336,,,2.454299828968942e-05,0.0025475809816271067,,20.021147729613755,0.0006288099993980723,0.0,0.18018591945307316,0.23286501328940004,0.3776265817026234,0.15432471673134682,0.22092909386340165,0.6216936025971841,0.18018591945307316,0.23286501328940004,0.3776265817026234
18.811733961105347,18.811733961105347,,False,PERIODIC,True,True,1,FOLLOW,46.983970804485175,0.23580529740025918,-4.979077025085133,4.994168396603385,-3.910812202916097,-0.015633631875213827,52.40106889757817,-4.374348377283145,-0.14028452187281668,2.8543548810447446,-2.8022594835339643,-0.08341879383596537,8.603044899541812,7.1132600581160155,4.838792503212317,2.410868275372795,1.979552198080342,PREPARATION,False,FOLLOW,0,False,inf,0.08555436134338379,0.0,True,True,TRACKING,0,0.08555436134338379,-0.1089646893878098,-0.1089646893878098,3,0,0.08555436134338379,0.039173126220703125,inf,VISION,,,0,,0.0,0.0,False,,0.0,0.0,0.0,False,0.0,-0.6349972344792327,4.749077025085133,SAFE,4.7790220260620115,0.9998992681503296,19.99407958984375,11.388436317443848,,,0.015398653224110603,0.002453245921060443,,20.01158531716237,0.0006267969993132283,0.0,0.08298448642728061,0.2559758046082918,0.5701568161481116,0.08035556718080247,0.2135886570098616,0.6297438280396649,0.08298448642728061,0.2559758046082918,0.5701568161481116
18.86177110671997,18.86177110671997,,False,PERIODIC,True,True,1,FOLLOW,47.22339603001452,0.04893565316123999,-4.979740427705707,4.964562933426505,-3.930968105871151,-0.01413298947032933,52.54463115269778,-4.5152035891569176,-0.14403719810186058,2.8560915615492517,-2.800489420091987,-0.06577278105076874,8.516509612449669,7.010485735963416,4.835703229603847,2.3929689202121707,1.9525661938063381,PREPARATION,False,FOLLOW,0,False,inf,0.08351349830627441,0.0,True,True,TRACKING,0,0.08351349830627441,-0.10588423129899979,-0.10588423129899979,3,0,0.08351349830627441,0.024417877197265625,inf,VISION,,,0,,0.0,0.0,False,,0.0,0.0,0.0,False,0.0,-0.64028873852057,4.7497404277057065,SAFE,4.779559898376465,0.9998992681503296,19.99407958984375,11.388436317443848,,,3.188600021530874e-05,0.002453245921060443,,20.106125886419697,0.0005112600001666578,0.0,0.18055130204577602,0.26369802846541096,0.6126959669544789,0.15602082541667958,0.2018556965615457,0.6413023633219028,0.18055130204577602,0.26369802846541096,0.6126959669544789
18.91171169281006,18.91171169281006,,False,PERIODIC,True,True,1,FOLLOW,47.47139248403315,-0.1467772812790097,-4.980514620087383,4.929691783836556,-3.9474670671399275,-0.01266458885135248,52.686734866131516,-4.654452938735636,-0.14686595642025888,2.8578677603510254,-2.798676805982822,-0.04791291468957609,8.419209903495068,6.893398000648045,4.833648663667124,2.3692649267010175,1.9187101571197522,PREPARATION,False,FOLLOW,0,False,inf,0.08563518524169922,0.0,True,True,TRACKING,0,0.08563518524169922,-0.10084554470736216,-0.10084554470736216,3,0,0.08563518524169922,0.028940677642822266,inf,VISION,,,0,,0.0,0.0,False,,0.0,0.0,0.0,False,0.0,-0.6475858975860103,4.750514620087382,SAFE,4.780422973632812,0.9939920902252197,20.15312957763672,11.388436317443848,,,1.4322999959404115e-05,0.002453245921060443,,20.02169097991293,0.0007142720005504088,0.0,0.18424615644381637,0.1885271814263678,0.7296405768963297,0.15675987111587356,0.16306647955459547,0.6624718259382658,0.18424615644381637,0.1885271814263678,0.7296405768963297
18.96151900291443,18.96151900291443,,False,PERIODIC,True,True,1,FOLLOW,47.724750246476034,-0.34891370869008004,-4.981361603242038,4.8889237204959,-3.959030327093524,-0.011907216178024182,52.82955266194325,-4.79422114905246,-0.14880514105743695,2.8597104011050387,-2.796793954121694,-0.029680569438404986,8.317052837424033,6.769029911316762,4.832556462184601,2.3385499725980012,1.8770016361401893,PREPARATION,False,FOLLOW,0,False,inf,0.08354616165161133,0.0,True,True,TRACKING,0,0.08354616165161133,-0.10084554470736216,-0.10084554470736216,3,0,0.08354616165161133,0.024820327758789062,inf,VISION,,,0,,0.0,0.0,False,,0.0,0.0,0.0,False,0.0,-0.6528051915174227,4.751361603242038,SAFE,4.781043815612793,0.9939920902252197,20.15312957763672,11.388436317443848,,,2.6734000130090863e-05,0.002453245921060443,,20.015540896070444,0.0007293230000868789,0.0,0.18787216311129887,0.17945726810030907,0.7098239871917806,0.16146828982307523,0.1459605288465029,0.6731801331643767,0.18787216311129887,0.17945726810030907,0.7098239871917806
19.011759281158447,19.011759281158447,,False,PERIODIC,True,True,1,FOLLOW,47.97142227268476,-0.5479566285583977,-4.982282006339107,4.844320279273654,-3.965188636191677,-0.011216752070878033,52.97276131197143,-4.934184111955689,-0.14982961809714043,2.861616207003464,-2.794843946236553,-0.011227133193225346,8.222224748000272,6.652246516929649,4.8324523882419665,2.3023514352962535,1.8303590514314887,PREPARATION,False,FOLLOW,0,False,inf,0.08553028106689453,0.0,True,True,TRACKING,0,0.08553028106689453,-0.09796193935286059,-0.09796193935286059,3,0,0.08553028106689453,0.03276705741882324,inf,VISION,,,0,,0.0,0.0,False,,0.0,0.0,0.0,False,0.0,-0.6606986445094876,4.752282006339106,SAFE,4.782204437255859,0.9991190433502197,19.935535430908203,10.00578498840332,,,0.006867430172860622,0.002453245921060443,,20.01666201153802,0.0005292480000207433,0.0,0.11533468636361709,0.2031268745962606,0.7023088852567985,0.12258437750062622,0.15622712292900637,0.6599223967320748,0.11533468636361709,0.2031268745962606,0.7023088852567985
19.06177592277527,19.06177592277527,,False,PERIODIC,True,True,1,FOLLOW,48.20372599189846,-0.7374973993727978,-4.9831923599549794,4.79748531827678,-3.9659579329703276,-0.010664286293007861,53.117076957875234,-5.075032988443795,-0.14992547914538437,2.863595859200893,-2.792815560535192,0.0074261799897701345,8.143445305425297,6.554024160874172,4.833266880809595,2.2619723099317315,1.7809401104618843,PREPARATION,False,FOLLOW,0,False,inf,0.08347868919372559,0.0,True,True,TRACKING,0,0.08347868919372559,-0.09549640751002507,-0.09549640751002507,3,0,0.08347868919372559,0.03176522254943848,inf,VISION,,,0,,0.0,0.0,False,,0.0,0.0,0.0,False,0.0,-0.6653294971639538,4.753192359954979,SAFE,4.782948303222656,0.9991190433502197,19.935535430908203,10.00578498840332,,,4.4077998609282076e-05,0.002453245921060443,,20.034541404257062,0.0006458150000980822,0.0,0.11929279636985762,0.20539815580819917,0.6372226605656041,0.12800472891601708,0.15766574417087376,0.6576725504111541,0.11929279636985762,0.20539815580819917,0.6372226605656041
19.11177134513855,19.11177134513855,,False,PERIODIC,True,True,1,FOLLOW,48.44100283613291,-0.9332142088840089,-4.984219669527024,4.744892177967941,-3.962269097672582,-0.010254819025462833,53.25963678434842,-5.213969330735408,-0.1490984253163951,2.8656099292254984,-2.7907489556612273,0.02579454041468753,8.057449657699944,6.445471087527428,4.8351212442106295,2.2148274808419735,1.7246475816808065,PREPARATION,False,FOLLOW,0,False,inf,0.08546948432922363,0.0,True,True,TRACKING,0,0.08546948432922363,-0.09288945343826444,-0.09288945343826444,3,0,0.08546948432922363,0.023359060287475586,inf,VISION,,,0,,0.0,0.0,False,,0.0,0.0,0.0,False,0.0,-0.6715826066281854,4.754219669527024,SAFE,4.784082221984863,0.9991190433502197,19.968732833862305,8.89058780670166,,,1.4463999832514673e-05,0.0017492769984528422,,20.012846710635856,0.000461046000054921,0.0,0.17772472746450813,0.22463373629296277,0.6266083992302787,0.17379767361701143,0.1653483632030563,0.6516202067056642,0.17772472746450813,0.22463373629296277,0.6266083992302787
19.161882638931274,19.161882638931274,,False,PERIODIC,True,True,1,FOLLOW,48.686618315807706,-1.1378799987673083,-4.985439421808864,4.6862886314438095,-3.9532803543335757,-0.00972437190033903,53.4025545909939,-5.353050415841659,-0.14735677274910505,2.8676876674033367,-2.78861389263964,0.04403784371993344,7.963338515706141,6.325165341443321,4.838082649059759,2.1602425348168683,1.660806934534513,PREPARATION,False,FOLLOW,0,False,inf,0.0836493968963623,0.0,True,True,TRACKING,0,0.0836493968963623,-0.09033246707731256,-0.09033246707731256,3,0,0.0836493968963623,0.03739762306213379,inf,VISION,,,0,,0.0,0.0,False,,0.0,0.0,0.0,False,0.0,-0.6758520997574631,4.755439421808863,SAFE,4.784980583190918,0.9991190433502197,19.968732833862305,8.89058780670166,,,4.700399949797429e-05,0.0017492769984528422,,19.980387614391375,0.000836805999824719,0.0,0.14829397605527686,0.14537192370167937,0.6464906941997066,0.1596407792423972,0.12345000199052662,0.6620189781211114,0.14829397605527686,0.14537192370167937,0.6464906941997066
19.211719036102295,19.211719036102295,,False,PERIODIC,True,True,1,FOLLOW,48.91857729436828,-1.332877656533669,-4.9867997732592695,4.626711915125158,-3.939874621201332,-0.00906274086863629,53.54579482332928,-5.492234441017353,-0.1447071623459233,2.8698292298206414,-2.7864099109188984,0.06203824577724141,7.883987048037053,6.221847870283745,4.842092610913346,2.1028963260445734,1.5960036447816202,PREPARATION,False,FOLLOW,0,False,inf,0.08561062812805176,0.0,True,True,TRACKING,0,0.08561062812805176,-0.08790180369330115,-0.08790180369330115,3,0,0.08561062812805176,0.022800683975219727,inf,VISION,,,0,,0.0,0.0,False,,0.0,0.0,0.0,False,0.0,-0.6823949168664907,4.756799773259269,SAFE,4.7866747856140135,1.0009934902191162,19.95165252685547,9.997736930847168,,,0.008864645846188068,0.0017492769984528422,,20.012233583189797,0.00082672000007733,0.0,0.12272081278403116,0.11740307762695472,0.5813215336276941,0.14188613457157273,0.12218996987654318,0.6366929289863851,0.12272081278403116,0.11740307762695472,0.5813215336276941
19.26174831390381,19.26174831390381,,False,PERIODIC,True,True,1,FOLLOW,49.13990918341709,-1.5205634414730613,-4.988233203014102,4.566196308781689,-3.9228549906098484,-0.008165502566229887,53.689218907889526,-5.63137985158204,-0.14116574600354556,2.872033120936709,-2.7841382423009358,0.07966635707781843,7.815951219116681,6.131478657452927,4.8470674570105565,2.0431786939709458,1.530536882432484,PREPARATION,False,FOLLOW,0,False,inf,0.08353281021118164,0.0,True,True,TRACKING,0,0.08353281021118164,-0.08531909621547992,-0.08531909621547992,3,0,0.08353281021118164,0.03663444519042969,inf,VISION,,,0,,0.0,0.0,False,,0.0,0.0,0.0,False,0.0,-0.6862227584000928,4.758233203014101,SAFE,4.787862110137939,1.0009934902191162,19.95165252685547,9.997736930847168,,,5.239000165602192e-05,0.0017492769984528422,,20.052488086158608,0.0006792260001020622,0.0,0.19087526509393196,0.20249147223611408,0.539602342551925,0.1911571555996297,0.1773215014887744,0.628564555056976,0.19087526509393196,0.20249147223611408,0.539602342551925
19.31167697906494,19.31167697906494,,False,PERIODIC,True,True,1,FOLLOW,49.365344958801,-1.7133852068490256,-4.989719479264875,4.5007419415733905,-3.901246491190103,-0.007212553697129531,53.833127034940716,-5.770770514905845,-0.13674293147649633,2.8743046422137777,-2.7817930950644634,0.09684785091082303,7.744342037338912,6.03518452227524,4.852976547788378,1.9771956814267497,1.459597008877308,PREPARATION,False,FOLLOW,0,False,inf,0.0857236385345459,0.0,True,True,TRACKING,0,0.0857236385345459,-0.08285252612888137,-0.08285252612888137,3,0,0.0857236385345459,0.024906396865844727,inf,VISION,,,0,,0.0,0.0,False,,0.0,0.0,0.0,False,0.0,-0.6914535180156132,4.7597194792648745,SAFE,4.789539623260498,1.0003774166107178,19.980066299438477,9.377782821655273,,,0.007157247979193926,0.0021906450856477022,,20.011138088339834,0.0008438719996775035,0.0,0.19700838148541863,0.09739498936689542,0.445826448339403,0.1966044704920524,0.1329922447375394,0.5799149614758552,0.19700838148541863,0.09739498936689542,0.445826448339403
19.36208462715149,19.36208462715149,,False,PERIODIC,True,True,1,FOLLOW,49.59843772827816,-1.9144353814136499,-4.991270327943362,4.4292008995311285,-3.874423926621912,-0.005839466624469829,53.977023157938646,-5.909918970321545,-0.13147913756467527,2.8766365402853955,-2.77938162458754,0.11341580662739946,7.665081205580914,5.927554257370189,4.8597911903786875,1.9036269469208584,1.3820732251176837,PREPARATION,False,FOLLOW,0,False,inf,0.08354020118713379,0.0,True,True,TRACKING,0,0.08354020118713379,-0.07988984531209348,-0.07988984531209348,3,0,0.08354020118713379,0.03558659553527832,inf,VISION,,,0,,0.0,0.0,False,,0.0,0.0,0.0,False,0.0,-0.694919417641612,4.761270327943362,SAFE,4.79071741104126,1.0003774166107178,19.980066299438477,9.377782821655273,,,5.485099973157048e-05,0.0021906450856477022,,19.999005216589996,0.0009794360003070324,0.0,0.16229907387684298,0.20126285319968898,0.43918753889231604,0.18036873926336683,0.1999231195147725,0.5233967131101843,0.16229907387684298,0.20126285319968898,0.43918753889231604
19.4117488861084,19.4117488861084,,False,PERIODIC,True,True,1,FOLLOW,49.81663354997175,-2.104175506690291,-4.992730470059582,4.359183319062818,-3.845385664369916,-0.0039942623691302725,54.12080727819112,-6.048722921656723,-0.1254136850530261,2.8790274038676564,-2.776904969166043,0.129258572505413,7.601061667768444,5.838267362121423,4.867316785006556,1.830373963787914,1.3073091158254282,PREPARATION,False,FOLLOW,0,False,inf,0.08560943603515625,0.0,True,True,TRACKING,0,0.08560943603515625,-0.07742463820597706,-0.07742463820597706,3,0,0.08560943603515625,0.035085201263427734,inf,VISION,,,0,,0.0,0.0,False,,0.0,0.0,0.0,False,0.0,-0.7004127009917167,4.762730470059582,SAFE,4.792616653442383,1.01493501663208,19.885356903076172,9.34012222290039,,,1.5546000213362277e-05,0.0021906450856477022,,19.995984331767865,0.001143802999649779,0.0,0.18045923299441796,0.2118868440606683,0.3676917758258067,0.19733584691120448,0.21498441117144637,0.49182817492510267,0.18045923299441796,0.2118868440606683,0.3676917758258067
19.461759328842163,19.461759328842163,,False,PERIODIC,True,True,1,FOLLOW,50.020256106535356,-2.2826358043544532,-4.993994458107567,4.291024098132541,-3.814981902686966,-0.002491788720273485,54.26470437117717,-6.187393634121988,-0.11857657020450348,2.8814812697025984,-2.77435860918395,0.144304784813408,7.551964933845822,5.7673628965370085,4.875417887903064,1.7581971044682612,1.235495530826264,PREPARATION,False,FOLLOW,0,False,inf,0.08359766006469727,0.0,True,True,TRACKING,0,0.08359766006469727,-0.07473440955051024,-0.07473440955051024,3,0,0.08359766006469727,0.026165246963500977,inf,VISION,,,0,,0.0,0.0,False,,0.0,0.0,0.0,False,0.0,-0.7036240492300121,4.763994458107566,SAFE,4.793715763092041,1.01493501663208,19.885356903076172,9.34012222290039,,,4.1281000449089333e-05,0.0021906450856477022,,19.99192614115004,0.0007432519996655174,0.0,0.18060117992553018,0.22033232490036253,0.31462528432586845,0.19659604101991213,0.2333138976868954,0.47041267625711036,0.18060117992553018,0.22033232490036253,0.31462528432586845
19.51170587539673,19.51170587539673,,False,PERIODIC,True,True,1,FOLLOW,50.236033807140196,-2.473093576470963,-4.995190649494012,4.216316332804076,-3.7794328180423924,-0.0006177069080309267,54.40881857516091,-6.326024678412279,-0.11100445539452651,2.8840004277605926,-2.771739802484483,0.15847155975197463,7.490826761791011,5.679543185550435,4.8841861940994855,1.6780406071375171,1.156750509831216,PREPARATION,False,FOLLOW,0,False,inf,0.08552002906799316,0.0,True,True,TRACKING,0,0.08552002906799316,-0.07215987686280641,-0.07215987686280641,3,0,0.08552002906799316,0.020490169525146484,inf,VISION,,,0,,0.0,0.0,False,,0.0,0.0,0.0,False,0.0,-0.7080339776741749,4.765190649494012,SAFE,4.795060443878174,1.0001447200775146,20.000761032104492,9.43702220916748,,,4.296300176065415e-05,0.003538876073434949,,20.02140929089261,0.0005623140004900051,0.0,0.2090610397133683,0.1601776508997172,0.29918364396541175,0.22304573116180024,0.22379194884023573,0.40583960396541546,0.2090610397133683,0.1601776508997172,0.29918364396541175
19.561694622039795,19.561694622039795,,False,PERIODIC,True,True,1,FOLLOW,50.45560294329251,-2.6683420752105307,-4.996313011576087,4.137813164611292,-3.739687881528075,0.001981656063417961,54.55423700693975,-6.465651778389285,-0.10267817857051184,2.886605176500927,-2.7690270051045096,0.17176492023149262,7.427383391770651,5.587339453581194,4.893634833005575,1.592648838671638,1.074845060316513,PREPARATION,False,FOLLOW,0,False,inf,0.08346080780029297,0.0,True,True,TRACKING,0,0.08346104621887207,-0.06922132456230458,-0.06922132456230458,3,0,0.08346104621887207,0.022780656814575195,inf,VISION,,,0,,0.0,0.0,False,,0.0,0.0,0.0,False,0.0,-0.7110236676297386,4.766313011576087,SAFE,4.7957755792610985,1.0001447200775146,20.000761032104492,9.43702220916748,,,2.1717998606618494e-05,0.003538876073434949,,20.02071013275578,0.0005833860004713642,0.0,0.2188632375182324,0.17935245520580997,0.2815022343777421,0.23058739705458,0.24301615568608181,0.37958790230220657,0.2188632375182324,0.17935245520580997,0.2815022343777421
19.61172103881836,19.61172103881836,,False,PERIODIC,True,True,1,FOLLOW,50.66090462194588,-2.8521536870940607,-4.997288090505088,4.062583364794502,-3.699654109649673,0.00452224390246888,54.69799983121402,-6.603427893528089,-0.09382254421584897,2.889242592443911,-2.766274975848929,0.18383908071609367,7.376596116380415,5.510916067275295,4.903465546289239,1.5099932792697301,0.9976112875177684,PREPARATION,False,FOLLOW,0,False,inf,0.08565235137939453,0.0,True,True,TRACKING,0,0.08565235137939453,-0.0666793797768148,-0.0666793797768148,3,0,0.08565235137939453,0.03875589370727539,inf,VISION,,,0,,0.0,0.0,False,,0.0,0.0,0.0,False,0.0,-0.7157208859595778,4.767288090505088,SAFE,4.796553159146767,1.0000683069229126,20.057188034057617,11.026432991027832,,,1.2831000276491977e-05,0.003538876073434949,,19.985799338920906,0.000857332999657956,0.0,0.20241837311658392,0.23079798856797007,0.27872381187988227,0.215563429327485,0.2822544964402892,0.3194190236867501,0.20241837311658392,0.23079798856797007,0.27872381187988227
19.66167449951172,19.66167449951172,,False,PERIODIC,True,True,1,FOLLOW,50.8532388377671,-3.0254557858708537,-4.998163676882166,3.9908730466972346,-3.6599329682621873,0.006614745445478377,54.84366785440088,-6.742758723494865,-0.0842741083131985,2.8919784973749154,-2.7634146215725806,0.19491724628086787,7.340856595721771,5.4536102598976495,4.913889568568968,1.4306544685220925,0.9252861973884209,PREPARATION,False,FOLLOW,0,False,inf,0.08358478546142578,0.0,True,True,TRACKING,0,0.08358478546142578,-0.06317891603933094,-0.06317891603933094,3,0,0.08358478546142578,0.024845361709594727,inf,VISION,,,0,,0.0,0.0,False,,0.0,0.0,0.0,False,0.0,-0.7184195957251274,4.768163676882166,SAFE,4.7969707730628395,1.0000683069229126,20.057188034057617,11.026432991027832,,,3.309599924250506e-05,0.003538876073434949,,20.009329276820353,0.0006875310000395984,0.0,0.25175228869934957,0.22009670017996277,0.26048107819729016,0.2508757008210045,0.28868402611946425,0.2880690082176718,0.25175228869934957,0.22009670017996277,0.26048107819729016
19.711860179901123,19.711860179901123,,False,PERIODIC,True,True,1,FOLLOW,51.05206161396328,-3.205885137927827,-4.998969424069153,3.915861052092844,-3.61697131910465,0.008042679870378924,54.98705764706636,-6.879637845849015,-0.07436885619878601,2.894734410127099,-2.7605276116760935,0.20462161037585977,7.296049855405618,5.383368159386389,4.924600567870367,1.347159500150182,0.8492840762853677,PREPARATION,False,FOLLOW,0,False,inf,0.08559966087341309,0.0,True,True,TRACKING,0,0.08559966087341309,-0.06029223085680972,-0.06029223085680972,3,0,0.08559966087341309,0.04040360450744629,inf,VISION,,,0,,0.0,0.0,False,,0.0,0.0,0.0,False,0.0,-0.7221836282296707,4.7689694240691525,SAFE,4.7977048752826565,0.9989213943481445,19.903764724731445,11.370168685913086,,,1.443699966330314e-05,0.003538876073434949,,19.977938269571563,0.0017755589997250354,0.0,0.2162239947398376,0.20586507223575914,0.2165812272216305,0.22609704310786544,0.2919825921761207,0.25297666689128373,0.2162239947398376,0.20586507223575914,0.2165812272216305
19.76180338859558,19.76180338859558,,False,PERIODIC,True,True,1,FOLLOW,51.25135183308826,-3.3881630181281714,-4.9995405896045275,3.8400115550836036,-3.57235076924826,0.009561385173990683,55.13136303213493,-7.0171118848938,-0.06395597963780579,2.8975711634724495,-2.757549882162228,0.2131289466544507,7.251465522531806,5.312603578503399,4.935584609966722,1.2623526169115626,0.7734746981498425,PREPARATION,False,FOLLOW,0,False,inf,0.08315205574035645,0.0,True,True,TRACKING,0,0.08315205574035645,-0.05686596712638403,-0.05686596712638403,3,0,0.08315205574035645,0.022983312606811523,inf,VISION,,,0,,0.0,0.0,False,,0.0,0.0,0.0,False,0.0,-0.7246991101078155,4.769540589604527,SAFE,4.797966951257201,0.9989213943481445,19.903764724731445,11.370168685913086,,,3.757800004677847e-05,0.003538876073434949,,19.998844615025174,0.0005779580005764728,0.0,0.2627786012374543,0.26829721222852876,0.23129755920328662,0.2608314667853458,0.3299676331944444,0.22164723605638526,0.2627786012374543,0.26829721222852876,0.23129755920328662
19.811710596084595,19.811710596084595,,False,PERIODIC,True,True,1,FOLLOW,51.441872473323265,-3.563699024456868,-5.000007134893866,3.767111199210286,-3.5282826239200116,0.011148957015553398,55.276234094690736,-7.154837053638193,-0.05311941164951492,2.9004832081571448,-2.7544867324418965,0.22035046725679444,7.215975300292663,5.2534371023215,4.946887723244351,1.1804954165232622,0.7021748783849369,PREPARATION,False,FOLLOW,0,False,inf,0.08549714088439941,0.0,True,True,TRACKING,0,0.08549714088439941,-0.053297489942352304,-0.053297489942352304,3,0,0.08549714088439941,0.029008150100708008,inf,VISION,,,0,,0.0,0.0,False,,0.0,0.0,0.0,False,0.0,-0.7287182623560762,4.7700071348938655,SAFE,4.798293678203602,1.0003036260604858,19.94527816772461,16.031930923461914,,,0.007674693129956722,0.0034515310544520617,,19.98562892512365,0.000575076999666635,0.0,0.23516471091410499,0.27624349044044766,0.280748519576166,0.24129713193790506,0.3425424842924011,0.20172731042971248,0.23516471091410499,0.27624349044044766,0.280748519576166
19.86174964904785,19.86174964904785,,False,PERIODIC,True,True,1,FOLLOW,51.62102442310903,-3.729840868938014,-5.000390174555173,3.6984507574052454,-3.4854230509582638,0.012700773560024107,55.42179086026764,-7.292917483721078,-0.04191374937477293,2.9034741562870323,-2.7513338263055798,0.22623414267167372,7.192206124112068,5.209735163388379,4.9584764251804,1.102937571125772,0.6365691246392798,PREPARATION,False,FOLLOW,0,False,inf,0.08349251747131348,0.0,True,True,TRACKING,0,0.08349251747131348,-0.04980562698883296,-0.04980562698883296,3,0,0.08349251747131348,0.0363466739654541,inf,VISION,,,0,,0.0,0.0,False,,0.0,0.0,0.0,False,0.0,-0.7310512957207198,4.770390174555173,SAFE,4.79840458114745,1.0003036260604858,19.94527816772461,16.031930923461914,,,1.9021999833057635e-05,0.0034515310544520617,,19.996606499191397,0.0007677140001760563,0.0,0.27494408733694675,0.2652813022963693,0.307660111039868,0.27328870986920867,0.3436590684895469,0.20229346052698846,0.27494408733694675,0.2652813022963693,0.307660111039868
19.91169571876526,19.91169571876526,,False,PERIODIC,True,True,1,FOLLOW,51.80466075131072,-3.901379332604715,-5.0006908839490345,3.6285453668222774,-3.441010714075421,0.013774705986737655,55.56707971351186,-7.430440994164156,-0.030481352062187626,2.90652506786311,-2.7481106291201853,0.23070333927589842,7.1633131614552665,5.158495193195336,4.970209531886847,1.0239540379239496,0.5700782774743745,PREPARATION,False,FOLLOW,0,False,inf,0.08566880226135254,0.0,True,True,TRACKING,0,0.08566880226135254,-0.04181646163238918,-0.04181646163238918,3,0,0.08566880226135254,0.03640604019165039,inf,VISION,,,0,,0.0,0.0,False,,0.0,0.0,0.0,False,0.0,-0.7340453284439827,4.770690883949034,SAFE,4.79858997658616,1.0001507997512817,20.053678512573242,16.637332916259766,,,1.7487000150140375e-05,0.0034515310544520617,,19.976761395198665,0.000999529999717197,0.0,0.27558236904889066,0.2851084999026322,0.2050728962290486,0.27528484302970574,0.3594013240701848,0.2086802702441014,0.27558236904889066,0.2851084999026322,0.2050728962290486
19.961519718170166,19.961519718170166,,False,PERIODIC,True,True,1,FOLLOW,51.99244341871663,-4.0780515186455215,-5.000777468113503,3.5575394339209834,-3.3948710878125814,0.014872926637271858,55.71274160938487,-7.568007632245278,-0.018843353776596926,2.909649857922493,-2.744801942634772,0.2337529032080143,7.130222985428683,5.101020711812655,4.981934114336906,0.9435355003089817,0.5032955617133567,PREPARATION,False,FOLLOW,0,False,inf,0.08352947235107422,0.0,True,True,TRACKING,0,0.08352947235107422,-0.04181646163238918,-0.04181646163238918,3,0,0.08352947235107422,0.042639970779418945,inf,VISION,,,0,,0.0,0.0,False,,0.0,0.0,0.0,False,0.0,-0.736377525608968,4.7707774681135025,SAFE,4.7985591579327345,1.0001507997512817,20.053678512573242,16.637332916259766,,,2.707699968595989e-05,0.0034515310544520617,,19.996631587399566,0.0005302839999785647,0.0,0.25618661326723235,0.29649951553691856,0.2292005712102946,0.25747446548469055,0.36508121490049356,0.23088637654949568,0.25618661326723235,0.29649951553691856,0.2292005712102946
20.01175355911255,20.01175355911255,,False,PERIODIC,True,True,1,FOLLOW,51.99244341871663,-4.0780515186455215,-5.000777468113503,3.5575394339209834,-3.3948710878125814,0.014872926637271858,55.71274160938487,-7.568007632245278,-0.018843353776596926,2.909649857922493,-2.744801942634772,0.2337529032080143,7.130222985428683,5.101020711812655,4.981934114336906,0.9435355003089817,0.5032955617133567,PREPARATION,False,FOLLOW,0,False,inf,0.08562135696411133,0.0,True,True,TRACKING,0,0.08562135696411133,-0.03812335598966038,-0.03812335598966038,3,0,0.08562135696411133,0.026020050048828125,inf,VISION,,,0,,0.0,0.0,False,,0.0,0.0,0.0,False,0.0,-0.7397903125508849,4.7707774681135025,SAFE,4.798327659276358,0.9983208179473877,20.07450294494629,15.903029441833496,,,1.588200029800646e-05,0.00279275793582201,,19.99788105980134,0.0008111710003504413,0.0,0.25618661326723235,0.29649951553691856,0.2292005712102946,0.25747446548469055,0.36508121490049356,0.23088637654949568,0.25618661326723235,0.29649951553691856,0.2292005712102946
20.061825037002563,20.061825037002563,,False,PERIODIC,True,True,1,FOLLOW,52.33275815924589,-4.400998333216127,-5.000638253325255,3.431209052357826,-3.3096470536305143,0.016296148677037412,56.00938134557432,-7.847175305654015,0.005100337043522009,2.9162195888392253,-2.7378209053315343,0.23548320358507394,7.102894664481246,5.039215591697677,5.005738590368777,0.8001513959575911,0.3895374123125559,PREPARATION,False,FOLLOW,0,False,inf,0.08356833457946777,0.0,True,True,TRACKING,0,0.08356833457946777,-0.03402464968567555,-0.03402464968567555,3,0,0.08356833457946777,0.03263974189758301,inf,VISION,,,0,,0.0,0.0,False,,0.0,0.0,0.0,False,0.0,-0.7416881717602863,4.770638253325255,SAFE,4.798173554459218,0.9983208179473877,20.07450294494629,15.903029441833496,,,2.6898000214714557e-05,0.00279275793582201,,19.946336065620958,0.00148191200059955,0.0,0.2566344579037567,0.34077151134312167,0.29334323126647943,0.2565673911834102,0.39534230115365115,0.31183238726309204,0.2566344579037567,0.34077151134312167,0.29334323126647943
20.111695528030396,20.111695528030396,,False,PERIODIC,True,True,1,FOLLOW,52.33275815924589,-4.400998333216127,-5.000638253325255,3.431209052357826,-3.3096470536305143,0.016296148677037412,56.00938134557432,-7.847175305654015,0.005100337043522009,2.9162195888392253,-2.7378209053315343,0.23548320358507394,7.102894664481246,5.039215591697677,5.005738590368777,0.8001513959575911,0.3895374123125559,PREPARATION,False,FOLLOW,0,False,inf,0.08559155464172363,0.0,True,True,TRACKING,0,0.08559155464172363,-0.030620816052442972,-0.030620816052442972,3,0,0.08559155464172363,0.01813220977783203,inf,VISION,,,0,,0.0,0.0,False,,0.0,0.0,0.0,False,0.0,-0.743476688196135,4.770638253325255,SAFE,4.798029584135898,0.9980425834655762,19.67141342163086,15.649324417114258,,,2.3070999304763973e-05,0.00279275793582201,,20.016536319696822,0.0008324820000780164,0.0,0.2566344579037567,0.34077151134312167,0.29334323126647943,0.2565673911834102,0.39534230115365115,0.31183238726309204,0.2566344579037567,0.34077151134312167,0.29334323126647943
20.16154170036316,20.16154170036316,,False,PERIODIC,True,True,1,FOLLOW,52.33275815924589,-4.400998333216127,-5.000638253325255,3.431209052357826,-3.3096470536305143,0.016296148677037412,56.00938134557432,-7.847175305654015,0.005100337043522009,2.9162195888392253,-2.7378209053315343,0.23548320358507394,7.102894664481246,5.039215591697677,5.005738590368777,0.8001513959575911,0.3895374123125559,PREPARATION,False,FOLLOW,0,False,inf,0.06686758995056152,0.0,True,True,TRACKING,0,0.06686758995056152,-0.026534669409889383,0.0,3,0,0.06686758995056152,0.02141594886779785,inf,VISION,,,0,,0.0,0.0,False,,0.0,0.0,0.0,False,0.0,-0.7437777519226074,4.770638253325255,SAFE,4.797847364911087,0.9980425834655762,19.67141342163086,15.649324417114258,,,1.74429987964686e-05,0.00279275793582201,,19.960309699757946,0.0010875019997911295,0.0,0.2566344579037567,0.34077151134312167,0.29334323126647943,0.2565673911834102,0.39534230115365115,0.31183238726309204,0.2566344579037567,0.34077151134312167,0.29334323126647943
20.21157670021057,20.21157670021057,,False,PERIODIC,True,True,1,FOLLOW,52.33275815924589,-4.400998333216127,-5.000638253325255,3.431209052357826,-3.3096470536305143,0.016296148677037412,56.00938134557432,-7.847175305654015,0.005100337043522009,2.9162195888392253,-2.7378209053315343,0.23548320358507394,7.102894664481246,5.039215591697677,5.005738590368777,0.8001513959575911,0.3895374123125559,PREPARATION,False,FOLLOW,0,False,inf,0.0705864429473877,0.0,True,True,TRACKING,0,0.0705864429473877,-0.02264430024737559,0.0,3,0,0.0705864429473877,0.009518146514892578,inf,VISION,,,0,,0.0,0.0,False,,0.0,0.0,0.0,False,0.0,-0.7461386919021606,4.770638253325255,SAFE,4.7975641204073,0.9986343383789062,19.77640724182129,16.184650421142578,,,4.2546998884063214e-05,0.0030345399864017963,,19.980087048960026,0.0007098390005921829,0.0,0.2566344579037567,0.34077151134312167,0.29334323126647943,0.2565673911834102,0.39534230115365115,0.31183238726309204,0.2566344579037567,0.34077151134312167,0.29334323126647943
20.26163959503174,20.26163959503174,,False,PERIODIC,True,True,1,FOLLOW,52.962543831058014,-5.009137307071656,-4.999269067602742,3.2071013244792232,-3.1489724451295427,0.013806775421949271,56.602215299508615,-8.400939415410408,0.05179824698472211,2.930189670695491,-2.722864024102094,0.22112517615785754,7.089768046761358,4.975090947951058,5.051067314587464,0.5488436660429284,0.1983088416203513,PREPARATION,False,FOLLOW,0,False,inf,0.06688356399536133,0.0,True,True,TRACKING,0,0.06688356399536133,-0.018453621033019032,0.0,3,0,0.06688356399536133,0.01627635955810547,inf,VISION,,,0,,0.0,0.0,False,,0.0,0.0,0.0,False,0.0,-0.7476369738578796,4.769269067602742,SAFE,4.79732298534703,0.9986343383789062,19.77640724182129,16.184650421142578,,,4.2546998884063214e-05,0.0030345399864017963,,20.001369369297013,0.0007642740001756465,0.0,0.2611944131384204,0.39619706129353777,0.3510095646147936,0.25836058941676926,0.4196792027201475,0.47412468242891487,0.2611944131384204,0.39619706129353777,0.3510095646147936
20.313424348831177,20.313424348831177,,False,PERIODIC,True,True,1,FOLLOW,53.10672020302268,-5.150018013156216,-4.998436992077696,3.1571196860581328,-3.1111202220031235,0.011075393277364648,56.73505600569178,-8.524232070705205,0.06167780388408686,2.9334759774518724,-2.719323204349344,0.21477932204766198,7.082012634230681,4.954809905848218,5.060114795961783,0.4949916181492495,0.15570379108828034,PREPARATION,False,FOLLOW,0,False,inf,0.11681866645812988,0.0,True,True,TRACKING,0,0.11681866645812988,-0.014785368303085718,0.0,3,0,0.11681866645812988,0.06621146202087402,inf,VISION,,,0,,0.0,0.0,False,,0.0,0.0,0.0,False,0.0,-0.7489739656448364,4.768436992077696,SAFE,4.797015529938972,1.0011054277420044,19.66143035888672,16.184650421142578,,,1.1545000234036706e-05,0.0030345399864017963,,19.894862401719973,0.0008921890002966393,0.0,0.25986960152522637,0.36311838003989777,0.27310940873221096,0.2571651614561657,0.3920103893119818,0.48697110108234176,0.25986960152522637,0.36311838003989777,0.27310940873221096
20.36273503303528,20.36273503303528,,False,PERIODIC,True,True,1,FOLLOW,53.256398608314754,-5.296823191164698,-4.997602799357567,3.104291768764571,-3.0699105042357067,0.007762381615884915,56.88149900797137,-8.659800205522107,0.07219289387308549,2.9371657965543143,-2.7153373793235085,0.20653544330517848,7.081934458732791,4.944791937653882,5.0697956932306525,0.43950417694324645,0.11162640520960225,PREPARATION,False,FOLLOW,0,False,inf,0.06683826446533203,0.0,True,True,TRACKING,0,0.06683826446533203,-0.011132425521610262,0.0,3,0,0.06683826446533203,0.011219501495361328,inf,VISION,,,0,,0.0,0.0,False,,0.0,0.0,0.0,False,0.0,-0.7507188320159912,4.767602799357567,SAFE,4.796503319697138,1.0011054277420044,19.66143035888672,16.184650421142578,,,3.953499981435016e-05,0.0030345399864017963,,20.024040373837412,0.0005946020000919816,0.0,0.28336336257283634,0.39549614347281625,0.36044651434606206,0.271843691515167,0.4101240832745004,0.5366265832178723,0.28336336257283634,0.39549614347281625,0.36044651434606206
20.411682605743408,20.411682605743408,,False,PERIODIC,True,True,1,FOLLOW,53.41845465441564,-5.456286297095551,-4.996695808703833,3.0447489538609367,-3.021700398176019,0.0030849650323340585,57.02890764356478,-8.795885952103484,0.08231707042830165,2.9409513720493115,-2.7112368076656956,0.1969699671360136,7.0699836257925766,4.918159883796485,5.079012879132135,0.3804641547678921,0.0603729780881967,PREPARATION,False,FOLLOW,0,False,inf,0.0688483715057373,0.0,True,True,TRACKING,0,0.0688483715057373,-0.007458029506402262,0.0,3,0,0.0688483715057373,0.014698982238769531,inf,VISION,,,0,,0.0,0.0,False,,0.0,0.0,0.0,False,0.0,-0.7518733143806458,4.766695808703832,SAFE,4.796261696081725,0.9995182156562805,19.725797653198242,15.309722900390625,,,1.9221999536966905e-05,0.0032330709509551525,,20.011233562477653,0.0007614269998157397,0.0,0.27787764514911656,0.39140859316333904,0.38989986144316,0.2671321162896529,0.40500314678435556,0.5719873849782534,0.27787764514911656,0.39140859316333904,0.38989986144316
20.461575031280518,20.461575031280518,,False,PERIODIC,True,True,1,FOLLOW,53.56764781013509,-5.60361992906983,-4.995764934173095,2.9865210887308273,-2.9730179156058623,-0.0017705390512471274,57.17534983254762,-8.930698909149305,0.09185733509299719,2.9447835620099103,-2.707074024277176,0.18627174168040997,7.068866159218065,4.907643876872699,5.087622269266092,0.3283718529572637,0.011134005580960558,PREPARATION,False,FOLLOW,0,False,inf,0.06680488586425781,0.0,True,True,TRACKING,0,0.06680488586425781,-0.003704123247503522,0.0,3,0,0.06680488586425781,0.01863884925842285,inf,VISION,,,0,,0.0,0.0,False,,0.0,0.0,0.0,False,0.0,-0.7524846196174622,4.765764934173094,SAFE,4.796092700780926,0.9995182156562805,19.725797653198242,15.309722900390625,,,1.9221999536966905e-05,0.0032330709509551525,,19.9284093662687,0.00066828200033342,0.0,0.2970792032525843,0.373682251212552,0.4034798948452544,0.26264073852422604,0.3843209614716623,0.6044123380385166,0.2970792032525843,0.373682251212552,0.4034798948452544
20.51174545288086,20.51174545288086,,False,PERIODIC,True,True,1,FOLLOW,53.71867216762275,-5.753432192085015,-4.994875277265562,2.9229931074032276,-2.9185231335633515,-0.006572005479053339,57.32326114428717,-9.06647240418623,0.10091213944684704,2.9487269621087453,-2.7027780713430642,0.17432824815490752,7.066565398693688,4.895844884970351,5.095787416712409,0.28272436208305723,-0.042427561556841645,PREPARATION,False,FOLLOW,0,False,inf,0.11684370040893555,0.0,True,True,TRACKING,0,0.0688471794128418,-6.480998974731135e-05,0.0,3,0,0.0688471794128418,0.06867766380310059,inf,VISION,,,0,,0.0,0.0,False,,0.0,0.0,0.0,False,0.0,-0.7530388236045837,4.764875277265562,SAFE,4.794982242584228,0.9975271224975586,19.69487190246582,14.957792282104492,,,2.0036000933032483e-05,0.0032330709509551525,,19.96130963712255,0.001008303999697091,0.0,0.23255610524319953,0.35449434455261664,0.37512846638962666,0.22782457326900651,0.36554327952448173,0.6235774269892035,0.23255610524319953,0.35449434455261664,0.37512846638962666
20.561636209487915,20.561636209487915,,False,PERIODIC,True,True,1,FOLLOW,53.85503378452592,-5.8892915140658,-4.994221375732854,2.861109560501193,-2.863972713409899,-0.01121084791206573,57.47028420142972,-9.201033339959011,0.10928047045508892,2.9527196491535426,-2.6984155857655767,0.16140097574390347,7.076962667157241,4.90282260522381,5.103501846187943,0.256117966028487,-0.0938023469844474,PREPARATION,False,FOLLOW,0,False,inf,0.06681180000305176,0.0,True,True,TRACKING,0,0.06681180000305176,0.0036868144175828594,0.0,3,0,0.06681180000305176,0.011807441711425781,inf,VISION,,,0,,0.0,0.0,False,,0.0,0.0,0.0,False,0.0,-0.7531651854515076,4.764221375732854,SAFE,4.7943933486938475,0.9975271224975586,19.69487190246582,14.957792282104492,,,1.598499875399284e-05,0.0032330709509551525,,20.01125868740218,0.000770252999245713,0.0,0.25005244075088373,0.35720035077009843,0.4147734068007694,0.2457695336863815,0.36221128190517077,0.6490046720686385,0.25005244075088373,0.35720035077009843,0.4147734068007694
20.611706733703613,20.611706733703613,,False,PERIODIC,True,True,1,FOLLOW,54.00304714163421,-6.037437011533415,-4.993845182054668,2.787896956012663,-2.798721660557027,-0.015997125461213426,57.61849345305011,-9.336272135997586,0.11702885434856092,2.956818693019896,-2.6939233872937276,0.147389312202013,7.07635489677489,4.894258392149861,5.110874036403229,0.25731762342441533,-0.15545613021915575,PREPARATION,False,FOLLOW,0,False,inf,0.06885194778442383,0.0,True,True,TRACKING,0,0.06885194778442383,0.007430139723890474,0.0,3,0,0.06885194778442383,0.025606870651245117,inf,VISION,,,0,,0.0,0.0,False,,0.0,0.0,0.0,False,0.0,-0.7531422972679138,4.763845182054667,SAFE,4.793884563446045,1.0000334978103638,19.686033248901367,14.256552696228027,,,1.598499875399284e-05,0.0032330709509551525,,19.988967559850185,0.0009347120003440068,0.0,0.3103394993364105,0.3917376267293573,0.4429305029101756,0.271380871685534,0.3792097193639754,0.677031185900879,0.3103394993364105,0.3917376267293573,0.4429305029101756
20.661818504333496,20.661818504333496,,False,PERIODIC,True,True,1,FOLLOW,54.14230135154646,-6.177360424162988,-4.993738768922612,2.7133471673359866,-2.7312239503157163,-0.01966828996560305,57.76619367758907,-9.470632127305432,0.12401904029047549,2.9609782364873904,-2.6893508292984056,0.13253721551125486,7.08305577383313,4.896757508951132,5.117757809213088,0.2936682151174409,-0.21719999531301043,PREPARATION,False,FOLLOW,0,False,inf,0.11888384819030762,0.0,True,True,TRACKING,0,0.11888384819030762,0.011111963190156306,0.0,3,0,0.11888384819030762,0.0756387710571289,inf,VISION,,,0,,0.0,0.0,False,,0.0,0.0,0.0,False,0.0,-0.7529967427253723,4.763738768922612,SAFE,4.793751525878906,1.0000334978103638,19.686033248901367,14.256552696228027,,,2.469999890308827e-05,0.0032330709509551525,,20.029163662191518,0.0006437329993786989,0.0,0.5554568069027925,0.3482057495884358,0.4444518694785263,0.48254555732807497,0.3454193231960198,0.6910802128363837,0.5554568069027925,0.3482057495884358,0.4444518694785263
20.711665868759155,20.711665868759155,,False,PERIODIC,True,True,1,FOLLOW,54.27510736056153,-6.311109160570964,-4.9938865135872454,2.6366606423608165,-2.660595619968648,-0.02296389013476084,57.914627551464804,-9.605235705469168,0.13026777776798196,2.965233978580018,-2.684657790533929,0.11681388314436,7.096078784470322,4.908907914576887,5.124154291355228,0.3578788219906262,-0.28062766260311794,PREPARATION,False,FOLLOW,0,False,inf,0.11687660217285156,0.0,False,True,TRACKING,0,0.11687660217285156,0.011111963190156306,0.0,0,1,0.11687660217285156,0.037702322006225586,inf,SEARCH,,,0,,0.0,0.0,False,,0.0,0.0,0.0,False,0.0,-0.7526249289512634,4.763886513587245,SAFE,4.7938535690307615,0.9992740154266357,19.68359375,12.435586929321289,,,2.2934000298846513e-05,0.0028286869637668133,,19.945572251719575,0.001124612000239722,0.0,0.7953177599899595,0.3767440495487324,0.4251114107318267,0.6945606450782128,0.35580930987546294,0.7019048297966415,0.7953177599899595,0.3767440495487324,0.4251114107318267
20.761533975601196,20.761533975601196,,False,PERIODIC,True,True,1,FOLLOW,54.394351782587826,-6.431261098439342,-4.994118397581962,2.5628528814095093,-2.5918100641088997,-0.025629558699004858,58.062678964110404,-9.739062127023708,0.13569013707690092,2.969554726984356,-2.67987774412283,0.10043503552957328,7.121313611803659,4.939450572219664,5.1298085346588636,0.4348040815988718,-0.3412169665996991,PREPARATION,False,FOLLOW,0,False,inf,inf,0.0,False,False,REACQUIRE,1,0.16687870025634766,0.011111963190156306,0.35,0,2,inf,inf,inf,SEARCH,,,0,,0.0,0.0,False,,0.0,0.0,0.0,False,0.0,-0.7348307609558105,4.764118397581962,SAFE,4.794030952453613,0.9992740154266357,19.68359375,12.435586929321289,,,2.017699989664834e-05,0.0028286869637668133,,19.98954917786063,0.000634059000731213,0.0,0.940664222874938,0.3204522846658986,0.48609182699378756,0.8278385078465001,0.31283985967170935,0.7230697304085251,0.940664222874938,0.3204522846658986,0.48609182699378756
20.811647176742554,20.811647176742554,,False,PERIODIC,True,True,1,FOLLOW,54.52961267087036,-6.56747705453384,-4.994690780558864,2.472776099476388,-2.506884880164142,-0.02889555766949114,58.21187061068271,-9.87347721841315,0.14030536975386879,2.9739860598402004,-2.674959236301772,0.08333223624307172,7.131398606346985,4.9486018852683165,5.134996150312733,0.5404215866205325,-0.4175236386375431,PREPARATION,False,FOLLOW,0,False,inf,inf,0.0,False,False,REACQUIRE,1,0.21690940856933594,0.011111963190156306,0.35,0,3,inf,inf,inf,SEARCH,,,0,,0.0,0.0,False,,0.0,0.0,0.0,False,0.0,-0.734380030632019,4.764690780558864,SAFE,4.7945459365844725,0.9994180798530579,19.51909065246582,11.393261909484863,,,2.9742001061094925e-05,0.0028286869637668133,,19.976931657805217,0.0017124420000982354,0.0,0.940664222874938,0.32181299522089885,0.47115345389148205,0.9204579320535667,0.31459788681914946,0.7294898078166105,0.940664222874938,0.32181299522089885,0.47115345389148205
20.86153483390808,20.86153483390808,,False,PERIODIC,True,True,1,FOLLOW,54.648584989759286,-6.687399355066762,-4.995458026187964,2.3873446603542763,-2.4262392377553237,-0.03326949616843587,58.36011624051861,-10.006593250670598,0.14402268248139868,2.978466721316042,-2.669969286342611,0.0658511642941996,7.155890880719281,4.979208003485778,5.139480708669363,0.6470351867329907,-0.4908381182084531,PREPARATION,False,FOLLOW,0,False,inf,inf,0.0,False,False,REACQUIRE,1,0.26691126823425293,0.011111963190156306,0.35,0,4,inf,inf,inf,SEARCH,,,0,,0.0,0.0,False,,0.0,0.0,0.0,False,0.0,-0.7335947036743162,4.7654580261879635,SAFE,4.795110034942627,0.9994180798530579,19.51909065246582,11.393261909484863,,,1.523100036138203e-05,0.0028286869637668133,,19.988847229315052,0.0006214340000951779,0.0,1.3613153440596513,0.33765438536487286,0.47087588073409775,1.2122767977018132,0.3190282054223581,0.7280271274841007,1.3613153440596513,0.33765438536487286,0.47087588073409775
20.911701440811157,20.911701440811157,,False,PERIODIC,True,True,1,FOLLOW,54.76965147627161,-6.809839084435862,-4.996472856913898,2.2936386071198376,-2.339119427457769,-0.036646145636096916,58.50932326898791,-10.140115552980014,0.14687060351298376,2.983054947152208,-2.6648420557831822,0.04787775412086033,7.178430777411789,5.007582897384411,5.143343460426881,0.7671599638517174,-0.5708312608655393,PREPARATION,False,FOLLOW,0,False,inf,inf,0.0,False,False,REACQUIRE,1,0.31697940826416016,0.011111963190156306,0.35,0,5,inf,inf,inf,SEARCH,,,0,,0.0,0.0,False,,0.0,0.0,0.0,False,0.0,-0.7300401687622071,4.766472856913897,SAFE,4.7963059425354,1.0006979703903198,19.587453842163086,11.97848892211914,,,1.6312000298057683e-05,0.006937216967344284,,19.934585798106095,0.00174069500008045,0.0,1.6544283986790966,0.32102080181996584,0.48184890610658637,1.4925128186066683,0.3042619248878002,0.7279607011532107,1.6544283986790966,0.32102080181996584,0.48184890610658637
20.961601972579956,20.961601972579956,,False,PERIODIC,True,True,1,FOLLOW,54.872602307158616,-6.914586295615753,-4.997582104917532,2.207522155498985,-2.260566280057527,-0.03860306481173092,58.65830140004294,-10.272968194911991,0.14880639028402862,2.987715294288619,-2.659616009929605,0.029665111854630808,7.217725482929422,5.0606567363718495,5.146388495201561,0.8789781366284086,-0.6435645713434379,PREPARATION,False,FOLLOW,0,False,inf,inf,0.0,False,False,REACQUIRE,1,0.36687779426574707,0.011111963190156306,0.35,0,6,inf,inf,inf,SEARCH,,,0,,0.0,0.0,False,,0.0,0.0,0.0,False,0.0,-0.72598477602005,4.7675821049175315,SAFE,4.797263431549072,1.0006979703903198,19.587453842163086,11.97848892211914,,,2.4809000024106354e-05,0.006937216967344284,,19.90480077409441,0.0007794989996909862,0.0,1.982357303491349,0.3334461818585268,0.4967739907509789,1.8101702866795684,0.29286803068525735,0.7207668745459995,1.982357303491349,0.3334461818585268,0.4967739907509789
21.011638164520264,21.011638164520264,,False,PERIODIC,True,True,1,FOLLOW,54.98821183413403,-7.033150233761341,-4.999000984874752,2.1027079082357627,-2.167079797614726,-0.039277265613624976,58.80809428810795,-10.406071606965977,0.14983048261031373,2.992481473234437,-2.654252179494001,0.011198630030113474,7.2442091378260836,5.095890555339518,5.148831467485066,1.0156681262486356,-0.7318834046879696,PREPARATION,False,FOLLOW,0,False,inf,inf,0.0,False,False,REACQUIRE,1,0.4168097972869873,0.011111963190156306,0.35,0,7,inf,inf,inf,SEARCH,,,0,,0.0,0.0,False,,0.0,0.0,0.0,False,0.0,-0.7173959612846375,4.769000984874752,SAFE,4.7987034797668455,1.0002793073654175,19.565876007080078,11.545812606811523,,,2.782600131467916e-05,0.006937216967344284,,20.03156012689807,0.0007139619992813095,0.0,2.2781911766404437,0.2595243358654494,0.5003172666636331,2.0977962514365776,0.2500065561680754,0.7191074718811592,2.2781911766404437,0.2595243358654494,0.5003172666636331
21.061692476272583,21.061692476272583,,False,PERIODIC,True,True,1,FOLLOW,55.09219306064824,-7.1406363186988955,-5.000470359689973,2.0007079914716326,-2.0776359606660266,-0.03890622328306487,58.95763106012197,-10.538464007997481,0.14992846723631004,2.9973204634088426,-2.6487865220947127,-0.007275807887514702,7.281033718528108,5.146537081760862,5.150398826926283,1.1491082917720135,-0.8180052993503792,PREPARATION,False,FOLLOW,0,False,inf,inf,0.0,False,False,REACQUIRE,1,0.4668562412261963,0.011111963190156306,0.35,0,8,inf,inf,inf,SEARCH,,,0,,0.0,0.0,False,,0.0,0.0,0.0,False,0.0,-0.7092182040214539,4.7704703596899725,SAFE,4.799849796295166,1.0002793073654175,19.565876007080078,11.545812606811523,,,1.6060999769251794e-05,0.006937216967344284,,19.966440891482094,0.0008397669998885249,0.0,2.6535897898994336,0.2692760621519938,0.5176518065481229,2.4665988180851146,0.26337406060726415,0.7081655448607598,2.6535897898994336,0.2692760621519938,0.5176518065481229
21.11157751083374,21.11157751083374,,False,PERIODIC,True,True,1,FOLLOW,55.18249664169731,-7.234840031037282,-5.0019450126101415,1.9050859126720345,-1.9947660383212067,-0.0380890074597642,59.10781880750763,-10.670938910411863,0.14910116741249774,3.002262555179961,-2.6431836012211285,-0.02575540217527133,7.33131682325671,5.216793039237902,5.1510461800226395,1.2745171786058258,-0.9000197079667895,PREPARATION,False,FOLLOW,0,False,inf,inf,0.0,False,False,REACQUIRE,1,0.5171768665313721,0.011111963190156306,0.35,0,9,inf,inf,inf,SEARCH,,,0,,0.0,0.0,False,,0.0,0.0,0.0,False,0.0,-0.6928008198738098,4.771945012610141,SAFE,4.801831531524658,1.0003013610839844,20.094362258911133,11.696700096130371,,,0.002269196091219783,0.003954437095671892,,20.010816497946607,0.001597172999936447,0.0,3.036059232681251,0.4541926137761535,0.496268514014879,2.843764501927275,0.32791346015367523,0.6855450981510613,3.036059232681251,0.4541926137761535,0.496268514014879
21.16179394721985,21.16179394721985,,False,PERIODIC,True,True,1,FOLLOW,55.24252819369738,-7.298035126991849,-5.002999414175183,1.8372776755128084,-1.936599959791638,-0.037422564772745893,59.25827424081736,-10.803145936551426,0.14735191175274887,3.0072965169668726,-2.637454769098215,-0.04407795847862773,7.412026503105525,5.330292496875861,5.150351325927932,1.3638863029413593,-0.9607082067065176,PREPARATION,False,FOLLOW,0,False,inf,inf,0.0,False,False,REACQUIRE,1,0.5671563148498535,0.011111963190156306,0.35,0,10,inf,inf,inf,SEARCH,,,0,,0.0,0.0,False,,0.0,0.0,0.0,False,0.0,-0.6882674932479858,4.772999414175183,SAFE,4.802354621887207,1.0003013610839844,20.094362258911133,11.696700096130371,,,0.002269196091219783,0.003954437095671892,,19.989153072263605,0.001717957000437309,0.0,3.036059232681251,0.8893712170257518,0.5320266164662482,2.970426065206018,0.64233775607379,0.6796290103214123,3.036059232681251,0.8893712170257518,0.5320266164662482
21.21168065071106,21.21168065071106,,False,PERIODIC,True,True,1,FOLLOW,55.3322643498012,-7.3936071673109955,-5.00467391144932,1.7283262248563658,-1.8440617441725569,-0.037255811128098004,59.40989799590039,-10.935861315519531,0.14467269405768907,3.012454320452556,-2.631562077395616,-0.062236282460303424,7.462602164523263,5.40135729259792,5.149346605507009,1.506574181603384,-1.0582229859261594,PREPARATION,False,FOLLOW,0,False,inf,inf,0.0,True,False,REACQUIRE,0,0.6168005466461182,-0.013822728994263326,0.0,1,0,inf,inf,inf,SEARCH,,,0,,0.0,0.0,False,,0.0,0.0,0.0,False,0.0,-0.685242235660553,4.7746739114493195,SAFE,4.804467964172363,1.0015950202941895,19.733232498168945,12.559541702270508,,,2.1250998543109745e-05,0.003954437095671892,,19.98477188802859,0.0009403479998582043,0.0,3.5390714135116363,1.3239726982839228,0.5055226772651434,3.337320758474243,0.9795259172814454,0.6474519495416273,3.5390714135116363,1.3239726982839228,0.5055226772651434
21.26154088973999,21.26154088973999,,False,PERIODIC,True,True,1,FOLLOW,55.40712029339645,-7.474675624570489,-5.006210464154401,1.6293312976597534,-1.7605776518455367,-0.03788866658024202,59.55881803600906,-11.065695935724307,0.14116654408363266,3.017603604660815,-2.6256558200072715,-0.07966286767315808,7.5251253202901145,5.489264160261725,5.147377008238034,1.636277885719007,-1.150169910145172,PREPARATION,False,FOLLOW,0,False,inf,0.09773468971252441,0.0,True,False,REACQUIRE,0,0.045722246170043945,-0.02313574935006563,0.0,2,0,0.045722246170043945,0.0383305549621582,inf,SEARCH,,,0,,0.0,0.0,False,,0.0,0.0,0.0,False,0.0,-0.671100378036499,4.776210464154401,SAFE,4.805825519561767,1.0015950202941895,19.733232498168945,12.559541702270508,,,0.013517213985323906,0.003954437095671892,,20.002629475171716,0.0007114720001482056,0.0,3.5390714135116363,1.5365283564817873,0.5212729226383364,3.4584329155991242,1.1506960584235462,0.6386587085221034,3.5390714135116363,1.5365283564817873,0.5212729226383364
21.311622619628906,21.311622619628906,,False,PERIODIC,True,True,1,FOLLOW,55.49148943294535,-7.567796761030136,-5.008095142032595,1.5079482421365258,-1.6574371780042363,-0.035374405049663854,59.71082052049712,-11.197684418867958,0.13672059927813687,3.02294541906885,-2.619503959403508,-0.09692561450789747,7.579443795354833,5.565863745628721,5.144815741310732,1.7957108590668591,-1.26233529121847,PREPARATION,False,FOLLOW,0,False,inf,0.09568667411804199,0.0,True,True,TARGET_LOCK,0,0.04769396781921387,-0.031825077353243,-0.031825077353243,3,0,0.04769396781921387,0.053193092346191406,inf,VISION,,,0,,0.0,0.0,False,,0.0,0.0,0.0,False,0.0,-0.652409781017449,4.778095142032595,SAFE,4.807791996002197,1.0000810623168945,19.682201385498047,13.538773536682129,,,0.008089464157819748,0.003954437095671892,,20.01118331281787,0.0005015239994463627,0.0,3.5390714135116363,1.5365283564817873,0.5047540073755048,3.583650857792211,1.2442561039787647,0.6049543052135986,3.5390714135116363,1.5365283564817873,0.5047540073755048
21.361545085906982,21.361545085906982,,False,PERIODIC,True,True,1,FOLLOW,55.56256583465273,-7.64790133009923,-5.009454243000295,1.398872693410392,-1.5628442759940604,-0.02313097617216234,59.86130406169256,-11.32781499508826,0.13148774194177082,3.028320044073378,-2.613288677253896,-0.11339119140341009,7.645273011405583,5.658702583312408,5.140941984942066,1.9407933983745795,-1.3611142173960964,PREPARATION,False,FOLLOW,0,False,inf,0.04576277732849121,0.0,True,True,TRACKING,0,0.04576277732849121,-0.03783842516617762,-0.03783842516617762,3,0,0.04576277732849121,0.009747982025146484,inf,VISION,,,0,,0.0,0.0,False,,0.0,0.0,0.0,False,0.0,-0.6388335824910523,4.779454243000295,SAFE,4.809011745452881,1.0000810623168945,19.682201385498047,13.538773536682129,,,0.008089464157819748,0.003954437095671892,,19.923770836489716,0.0007408880001094076,0.0,3.5390714135116363,2.213678528640428,0.5273955804012338,3.7064146813106036,1.7021328830950466,0.5981388526891173,3.5390714135116363,2.213678528640428,0.5273955804012338
21.411776542663574,21.411776542663574,,False,PERIODIC,True,True,1,FOLLOW,55.62963209223527,-7.7252467300937,-5.010054869749974,1.290322213545286,-1.4662711489657494,-0.005596887833273887,60.01353941739714,-11.458906578953066,0.12538960333730456,3.033845177535183,-2.606872347996064,-0.12931620590590823,7.715675552973642,5.758372973557067,5.135444473087278,2.0871391642278825,-1.4602358832015851,PREPARATION,False,FOLLOW,0,False,inf,0.09570026397705078,0.0,True,True,TRACKING,0,0.09570026397705078,-0.04248157741841506,-0.04248157741841506,3,0,0.09570026397705078,0.059685468673706055,inf,VISION,,,0,,0.0,0.0,False,,0.0,0.0,0.0,False,0.0,-0.6196622595393704,4.780054869749973,SAFE,4.8100536346435545,0.9917678236961365,19.705059051513672,14.911453247070312,,,0.008820494636893272,0.004204477183520794,,20.069547023620792,0.0005325840002115001,0.0,3.5390714135116363,2.65083448980838,0.49896043489133035,3.8309002189618937,2.0942727935698433,0.5706612136214142,3.5390714135116363,2.65083448980838,0.49896043489133035
21.46204447746277,21.46204447746277,,False,PERIODIC,True,True,1,FOLLOW,55.6870497965993,-7.792812123720065,-5.0097356451361685,1.1947949329350567,-1.3788103290714497,0.011709316965716643,60.16488203188692,-11.58866899387261,0.11856713753020612,3.039426266803369,-2.6003630455507047,-0.1443239074026822,7.794805984549512,5.870222389830321,5.128302782666375,2.21792744789667,-1.5518799730716646,PREPARATION,False,FOLLOW,0,False,inf,0.09792900085449219,0.0,True,True,TRACKING,0,0.09792900085449219,-0.04248157741841506,-0.04248157741841506,3,0,0.09792900085449219,0.037194013595581055,inf,VISION,,,0,,0.0,0.0,False,,0.0,0.0,0.0,False,0.0,-0.6099514589106412,4.779735645136168,SAFE,4.808856914874833,0.9917678236961365,19.705059051513672,14.911453247070312,,,0.013628081418573856,0.004204477183520794,,19.955966134961827,0.0008749600001465296,0.0,3.5390714135116363,3.1291769927257085,0.47809082597031544,3.9544357817097002,2.536732026153178,0.5329140325031333,3.5390714135116363,3.1291769927257085,0.47809082597031544
21.51175355911255,21.51175355911255,,False,PERIODIC,True,True,1,FOLLOW,55.74492407022014,-7.862044745443275,-5.008497768325449,1.0995187545313247,-1.2879119847347344,0.027735366968345852,60.31691531020674,-11.718452643589279,0.11099702420351355,3.0451222197240178,-2.593690549572765,-0.15848440241602615,7.873005316023117,5.9812194221075945,5.119494792528962,2.3505548933538756,-1.6483598206111463,PREPARATION,False,FOLLOW,0,False,inf,0.0957651138305664,0.0,True,True,TRACKING,0,0.0957651138305664,-0.04935887609614833,-0.04935887609614833,3,0,0.0957651138305664,0.03913140296936035,inf,VISION,,,0,,0.0,0.0,False,,0.0,0.0,0.0,False,0.0,-0.600077481446597,4.778497768325448,SAFE,4.804854156944601,0.9997603297233582,19.433759689331055,14.911453247070312,,,0.012750115245580673,0.004204477183520794,,19.986240423420973,0.0007273520004673628,0.0,3.5390714135116363,3.5727432452256083,0.42626706211126986,4.078101658361121,2.951692947232649,0.4947222176108875,3.5390714135116363,3.5727432452256083,0.42626706211126986
21.56256651878357,21.56256651878357,,False,PERIODIC,True,True,1,FOLLOW,55.79826737605021,-7.926863988721737,-5.00656837375942,1.0151848798774457,-1.204024157689968,0.038283524114855375,60.46916980418119,-11.847843204125823,0.10274700794852674,3.050916955297439,-2.586871804299278,-0.1716633348383254,7.955910455158991,6.0984758342352,5.1093153817079475,2.469929225749395,-1.7418670228687518,PREPARATION,False,FOLLOW,0,False,inf,0.09775733947753906,0.0,True,True,TRACKING,0,0.09775733947753906,-0.05181155118988894,-0.05181155118988894,3,0,0.09775733947753906,0.02823328971862793,inf,VISION,,,0,,0.0,0.0,False,,0.0,0.0,0.0,False,0.0,-0.5953255095435521,4.77656837375942,SAFE,4.801941572211116,0.9997603297233582,19.433759689331055,14.911453247070312,,,0.0080237602815032,0.004204477183520794,,20.006551378209537,0.0006845709995104698,0.0,3.5390714135116363,4.096756932628413,0.4170221739817157,4.202094632989214,3.452511630932192,0.4737414640106235,3.5390714135116363,4.096756932628413,0.4170221739817157
21.611745357513428,21.611745357513428,,False,PERIODIC,True,True,1,FOLLOW,55.844291793978556,-7.9834626449292765,-5.0043721549548446,0.9487353924066837,-1.1344955873808542,0.0424334836459886,60.62195806350377,-11.977093387512793,0.09385019981767798,3.056823755969908,-2.5798892466418053,-0.1838042471944742,8.047798001302557,6.2269720965383435,5.098222354772522,2.5660052396046034,-1.8254311255442615,PREPARATION,False,FOLLOW,0,False,inf,0.047749996185302734,0.0,True,True,TRACKING,0,0.047749996185302734,-0.05477617268868471,-0.05477617268868471,3,0,0.047749996185302734,0.013824462890625,inf,VISION,,,0,,0.0,0.0,False,,0.0,0.0,0.0,False,0.0,-0.5912441501284773,4.774372154954844,SAFE,4.797911062899758,1.0009225606918335,19.568565368652344,14.069513320922852,,,2.2308999177766964e-05,0.0053285229951143265,,19.980122114461057,0.0007331840006372659,0.0,3.5390714135116363,4.620414441167945,0.4465495776093265,4.325818717963472,3.957476793700725,0.4745405216574861,3.5390714135116363,4.620414441167945,0.4465495776093265
21.661746978759766,21.661746978759766,,False,PERIODIC,True,True,1,FOLLOW,55.886677731420505,-8.035869330580807,-5.002119480070303,0.8958750202930745,-1.0759476778216328,0.0414780500823931,60.77554474740894,-12.106410556720299,0.08434222912458426,3.062854782769246,-2.5727262931893,-0.19484453195705703,8.145085591497894,6.361629238938781,5.086461709194888,2.644238241381632,-1.9011131321866042,PREPARATION,False,FOLLOW,0,False,inf,0.09769058227539062,0.0,True,True,TRACKING,0,0.04569840431213379,-0.0575592067773659,-0.0575592067773659,3,0,0.04569840431213379,0.06376504898071289,inf,VISION,,,0,,0.0,0.0,False,,0.0,0.0,0.0,False,0.0,-0.5906223527924603,4.772119480070303,SAFE,4.796020098756556,1.0009225606918335,19.568565368652344,14.069513320922852,,,1.969299955817405e-05,0.0053285229951143265,,19.98137453448246,0.00050318800003879,0.0,3.5390714135116363,4.620414441167945,0.3803443022202276,4.325818717963472,4.084927053527864,0.4309270231946558,3.5390714135116363,4.620414441167945,0.3803443022202276
21.711758852005005,21.711758852005005,,False,PERIODIC,True,True,1,FOLLOW,55.93149241569025,-8.091178665370013,-4.999753942488826,0.8524751424862115,-1.0232522073401533,0.03555655491282709,60.928209956072585,-12.234338570816487,0.0743920161432596,3.0689431130164007,-2.5654606153806383,-0.20460083702597776,8.238926956222276,6.49099069329665,5.074145958632085,2.7108693460068913,-1.9718692561132833,PREPARATION,False,FOLLOW,0,False,inf,0.048365116119384766,0.0,True,True,TRACKING,0,0.048365116119384766,-0.05997479603801376,-0.05997479603801376,3,0,0.048365116119384766,0.005875349044799805,inf,VISION,,,0,,0.0,0.0,False,,0.0,0.0,0.0,False,0.0,-0.591582459082729,4.769753942488825,SAFE,4.794325987396384,0.999250590801239,19.600635528564453,14.548797607421875,,,1.6123000023071654e-05,0.0053285229951143265,,19.911226243355785,0.0009789570003704284,0.0,3.5390714135116363,5.257102413395336,0.3946262649770261,4.325818717963472,4.574360302406395,0.4305742276046792,3.5390714135116363,5.257102413395336,0.3946262649770261
21.76165533065796,21.76165533065796,,False,PERIODIC,True,True,1,FOLLOW,55.970085360952105,-8.138438016280746,-4.997980508917473,0.8271293314848629,-0.9875445303592422,0.02751682850618201,61.08172144441829,-12.36235033147211,0.0639494509978802,3.0751599105286833,-2.558005380111078,-0.2131337802921588,8.342265496572706,6.631007366623778,5.061929959915353,2.752798844891207,-2.026601362515496,PREPARATION,False,FOLLOW,0,False,inf,0.048686981201171875,0.0,True,True,TRACKING,0,0.048686981201171875,-0.062170759165058154,-0.062170759165058154,3,0,0.048686981201171875,0.0071184635162353516,inf,VISION,,,0,,0.0,0.0,False,,0.0,0.0,0.0,False,0.0,-0.5933892701956056,4.767980508917472,SAFE,4.793728417555001,0.999250590801239,19.600635528564453,14.548797607421875,,,0.013212457299232483,0.0053285229951143265,,19.884130177892754,0.0009052010000232258,0.0,2.2457706873355874,5.257102413395336,0.3177802401350063,2.3633071726103956,4.698107553387767,0.38638104069831003,2.2457706873355874,5.257102413395336,0.3177802401350063
21.811715841293335,21.811715841293335,,False,PERIODIC,True,True,1,FOLLOW,56.01364731752892,-8.190843378541823,-4.996575015765012,0.8130380438322331,-0.9601382267522502,0.01593735310985769,61.23641413634667,-12.490703615973528,0.05305101802998188,3.0815213710988743,-2.550338416653937,-0.2203911185987832,8.441848990971707,6.765064028166317,5.049626033794994,2.780396445939002,-2.072061183781461,PREPARATION,False,FOLLOW,0,False,inf,0.09561514854431152,0.0,True,True,TRACKING,0,0.04761838912963867,-0.0628398445929849,-0.0628398445929849,3,0,0.04761838912963867,0.054046630859375,inf,VISION,,,0,,0.0,0.0,False,,0.0,0.0,0.0,False,0.0,-0.5968470166804987,4.766575015765012,SAFE,4.794025957068972,0.9995357394218445,19.72080421447754,15.401327133178711,,,1.685499955783598e-05,0.0027958969585597515,,20.05478919788419,0.0005081860008431249,0.0,2.464243724649277,5.257102413395336,0.3030746628295563,2.568114231738512,4.823376797904372,0.3900781870765502,2.464243724649277,5.257102413395336,0.3030746628295563
21.8619122505188,21.8619122505188,,False,PERIODIC,True,True,1,FOLLOW,56.05116007701105,-8.235070081562325,-4.996007815619183,0.8135326270938307,-0.94780867116552,0.00498536884446822,61.38979880829137,-12.617324752530138,0.04194166565418302,3.087925756562778,-2.5425802882025565,-0.22622137674008294,8.549044068210675,6.906896517564568,5.037949481273366,2.7874033036297914,-2.101527442331216,PREPARATION,False,FOLLOW,0,False,inf,0.09776616096496582,0.0,True,True,TRACKING,0,0.09776616096496582,-0.06305581815988874,-0.06305581815988874,3,0,0.09776616096496582,0.05285048484802246,inf,VISION,,,0,,0.0,0.0,False,,0.0,0.0,0.0,False,0.0,-0.5999405611783648,4.766007815619183,SAFE,4.794863561533168,0.9995357394218445,19.72080421447754,15.401327133178711,,,3.1193998438538983e-05,0.0027958969585597515,,20.009731206676157,0.0006668910000371397,0.0,2.4252652367045076,5.257102413395336,0.3283908665523976,2.5512980226905295,4.946462122363166,0.4041329867732215,2.4252652367045076,5.257102413395336,0.3283908665523976
21.911543369293213,21.911543369293213,,False,PERIODIC,True,True,1,FOLLOW,56.09362066082838,-8.284010305429584,-4.996129263568839,0.8274018960625245,-0.945999875054646,-0.007280917519290578,61.54439006978484,-12.744280995875394,0.030510570036726536,3.094478719242893,-2.534600847501016,-0.23069380939936823,8.652861364800415,7.043074739179296,5.026639833605565,2.77726550623403,-2.1172056777219797,PREPARATION,False,FOLLOW,0,False,inf,0.0957801342010498,0.0,True,True,TRACKING,0,0.0957801342010498,-0.06258866890846865,-0.06258866890846865,3,0,0.0957801342010498,0.04851961135864258,inf,VISION,,,0,,0.0,0.0,False,,0.0,0.0,0.0,False,0.0,-0.6030596295332176,4.766129263568838,SAFE,4.795977401733398,0.9968059659004211,19.738845825195312,16.06734848022461,,,0.008046306669712067,0.0027958969585597515,,20.059337465093908,0.0006360670004141866,0.0,2.4252652367045076,5.257102413395336,0.3035901585802517,2.573609992581608,5.070475326721598,0.4027912219712788,2.4252652367045076,5.257102413395336,0.3035901585802517
21.96169638633728,21.96169638633728,,False,PERIODIC,True,True,1,FOLLOW,56.13682675861975,-8.332688141307978,-4.996833465359146,0.8532568998211457,-0.9557384781106733,-0.018018467810345454,61.700019250489845,-12.871409932541171,0.018837972071188067,3.1011760218716837,-2.5264020427018576,-0.23375397348909158,8.75819993880417,7.179770623064143,5.015671437430335,2.7507573903972724,-2.118283830602915,PREPARATION,False,FOLLOW,0,False,inf,0.04567313194274902,0.0,True,True,TRACKING,0,0.04567313194274902,-0.061480828037643535,-0.061480828037643535,3,0,0.04567313194274902,0.008722543716430664,inf,VISION,,,0,,0.0,0.0,False,,0.0,0.0,0.0,False,0.0,-0.607714410341226,4.766833465359146,SAFE,4.796484756469726,0.9968059659004211,19.738845825195312,16.06734848022461,,,0.008046306669712067,0.0027958969585597515,,20.019442718765127,0.0006966829996599699,0.0,2.348424449704379,5.257102413395336,0.32584573165425107,2.5167500800633182,5.195998708093975,0.41490814392438086,2.348424449704379,5.257102413395336,0.32584573165425107
22.011776208877563,22.011776208877563,,False,PERIODIC,True,True,1,FOLLOW,56.18021626258827,-8.380251132129025,-4.998032625938,0.8891481039641616,-0.975291222537316,-0.026750460470542393,61.855468363233065,-12.997701423200782,0.007087458532608042,3.107966850366174,-2.5180432992752455,-0.23535628756241378,8.864567708374894,7.31637434774847,5.005120084470608,2.7104901753669717,-2.1063451909445785,PREPARATION,False,FOLLOW,0,False,inf,0.09567832946777344,0.0,True,True,TRACKING,0,0.047681331634521484,-0.059761955027746824,-0.059761955027746824,3,0,0.047681331634521484,0.05872774124145508,inf,VISION,,,0,,0.0,0.0,False,,0.0,0.0,0.0,False,0.0,-0.6131811840919625,4.768032625938,SAFE,4.797851848602295,0.9995387196540833,19.521642684936523,16.46015167236328,,,2.0105999283259735e-05,0.0022041730117052794,,19.91986638064419,0.0006657980002273689,0.0,2.1971703876041864,5.257102413395336,0.24310715749653766,2.3947892414011056,5.3204462214591866,0.4069942517524511,2.1971703876041864,5.257102413395336,0.24310715749653766
22.062053442001343,22.062053442001343,,False,PERIODIC,True,True,1,FOLLOW,56.222328818566055,-8.425391962552155,-4.999571719879187,0.9310201215656544,-1.0015998042477519,-0.03351086236780112,62.010046982404106,-13.122591966609056,-0.004615130299379797,3.114820780246533,-2.50956002258252,-0.2355078990709955,8.972790020607848,7.453949920822721,4.994956589579807,2.661528158741168,-2.0855772852806167,PREPARATION,False,FOLLOW,0,False,inf,0.09780502319335938,0.0,True,True,TRACKING,0,0.09780502319335938,-0.05705973476568344,-0.05705973476568344,3,0,0.09780502319335938,0.054897308349609375,inf,VISION,,,0,,0.0,0.0,False,,0.0,0.0,0.0,False,0.0,-0.616521035737688,4.7695717198791865,SAFE,4.799115943908691,0.9995387196540833,19.521642684936523,16.46015167236328,,,2.1825999283464625e-05,0.0022041730117052794,,19.99606460925991,0.0006882440002300427,0.0,2.133959325436225,5.257102413395336,0.2632066340177185,2.3029727870767465,5.443740043540919,0.4444198631538153,2.133959325436225,5.257102413395336,0.2632066340177185
22.111724615097046,22.111724615097046,,False,PERIODIC,True,True,1,FOLLOW,56.27329037715032,-8.478850808891883,-5.001679832446759,0.9880767581800314,-1.040712930117387,-0.0398924109681753,62.16647853474869,-13.24826549997172,-0.016402878309507082,3.1218603051998586,-2.500797519755938,-0.23420644652099595,9.0735863618416,7.581357606414955,4.985276954137252,2.5928048863817947,-2.0465807893783037,PREPARATION,False,FOLLOW,0,False,inf,0.04756927490234375,0.0,True,True,TRACKING,0,0.04756927490234375,-0.05459172796138406,-0.05459172796138406,3,0,0.04756927490234375,0.006676912307739258,inf,VISION,,,0,,0.0,0.0,False,,0.0,0.0,0.0,False,0.0,-0.6211534820631561,4.771679832446758,SAFE,4.801305103302002,0.9994413256645203,20.15530776977539,15.652873039245605,,,2.1825999283464625e-05,0.0022041730117052794,,20.047433550490155,0.0005509220000021742,0.0,1.7380946958199297,5.257102413395336,0.8208512959138077,1.9228694324649824,5.568370965219034,0.5751648053915821,1.7380946958199297,5.257102413395336,0.8208512959138077
22.162314414978027,22.162314414978027,,False,PERIODIC,True,True,1,FOLLOW,56.3265744040651,-8.533603830854169,-5.003920384115819,1.0526469409689312,-1.08684061802741,-0.044516354124106094,62.322271550434614,-13.372702231761355,-0.02801524633373771,3.1289752803355095,-2.491889583237852,-0.2314734867452625,9.171962142576264,7.704885307689274,4.975905137782082,2.514011721717628,-1.9971653675091001,PREPARATION,False,FOLLOW,0,False,inf,0.09775495529174805,0.0,True,True,TRACKING,0,0.09775495529174805,-0.05459172796138406,-0.05459172796138406,3,0,0.09775495529174805,0.056862592697143555,inf,VISION,,,0,,0.0,0.0,False,,0.0,0.0,0.0,False,0.0,-0.624501998707176,4.773920384115819,SAFE,4.803016948699951,0.9994413256645203,20.15530776977539,15.652873039245605,,,3.55140000465326e-05,0.0022041730117052794,,20.020785579125185,0.0006873220008856151,0.0,1.634511263374395,5.257102413395336,1.7266880171198606,1.8247132764989755,5.568370965219034,1.036162073261568,1.634511263374395,5.257102413395336,1.7266880171198606
22.211548328399658,22.211548328399658,,False,PERIODIC,True,True,1,FOLLOW,56.380670555675344,-8.588282988892397,-5.006150483613468,1.1212659022302758,-1.1374176636258433,-0.046862733818394016,62.479161406307384,-13.49727496804242,-0.03950951764235754,3.1362461923175204,-2.4827323297475807,-0.22729915693301667,9.271316810004091,7.828779784015,4.966640965971111,2.429521439112797,-1.9410743054872626,PREPARATION,False,FOLLOW,0,False,inf,0.09576535224914551,0.0,True,True,TRACKING,0,0.09576535224914551,-0.051306865134760085,-0.051306865134760085,3,0,0.09576535224914551,0.03229975700378418,inf,VISION,,,0,,0.0,0.0,False,,0.0,0.0,0.0,False,0.0,-0.6293813459885191,4.776150483613468,SAFE,4.805880832672119,0.9985072612762451,20.05789566040039,15.230977058410645,,,0.01994376815855503,0.00235195504501462,,20.117043292204837,0.0006366029992932454,0.0,1.4673979506055579,5.257102413395336,2.6112122702133083,1.6620071041827666,5.568370965219034,1.595182400524494,1.4673979506055579,5.257102413395336,2.6112122702133083
22.26155424118042,22.26155424118042,,False,PERIODIC,True,True,1,FOLLOW,56.43663304491852,-8.644166946868884,-5.00834601352871,1.1940530610066733,-1.1922397647157408,-0.04822231727731946,62.63595420377958,-13.621018445925534,-0.05072664196992476,3.143619491896466,-2.4733896761668195,-0.2217372938342891,9.36902468283758,7.949882620162694,4.957619371558786,2.3392866030379937,-1.878729181507128,PREPARATION,False,FOLLOW,0,False,inf,0.0977323055267334,0.0,True,True,TRACKING,0,0.0977323055267334,-0.047730846093326125,-0.047730846093326125,3,0,0.0977323055267334,0.017880678176879883,inf,VISION,,,0,,0.0,0.0,False,,0.0,0.0,0.0,False,0.0,-0.6321965762831994,4.77834601352871,SAFE,4.8077061653137205,0.9985072612762451,20.05789566040039,15.230977058410645,,,2.1382000340963714e-05,0.00235195504501462,,19.97781306357912,0.0006824219999543857,0.0,1.3146906549576112,4.396233376015239,2.9921723860094818,1.5126361204699028,4.800873836343157,1.8459658271270027,1.3146906549576112,4.396233376015239,2.9921723860094818
22.311798572540283,22.311798572540283,,False,PERIODIC,True,True,1,FOLLOW,56.4991809565517,-8.705852325579487,-5.010711232638171,1.2760167221768892,-1.2551363330900027,-0.04880025147770342,62.79415636002314,-13.745101601161151,-0.06170258367962595,3.1511681388156867,-2.4637652812134685,-0.2147617598485711,9.461154009909533,8.063544418663591,4.949008648958545,2.2370784500828886,-1.804565239990812,PREPARATION,False,FOLLOW,0,False,inf,0.09572219848632812,0.0,True,True,TRACKING,0,0.09572219848632812,-0.03985659681417654,-0.03985659681417654,3,0,0.09572219848632812,0.024608135223388672,inf,VISION,,,0,,0.0,0.0,False,,0.0,0.0,0.0,False,0.0,-0.6357655552733004,4.78071123263817,SAFE,4.810318279266357,1.0002460479736328,20.062694549560547,14.599797248840332,,,0.00800842884927988,0.00235195504501462,,20.087890692448365,0.0005839790001118672,0.0,1.1775618735552829,4.6367935009326375,2.9921723860094818,1.3784526070165606,4.9944931900571214,1.9413739494747426,1.1775618735552829,4.6367935009326375,2.9921723860094818
22.361859798431396,22.361859798431396,,False,PERIODIC,True,True,1,FOLLOW,56.56892635057831,-8.774021034409998,-5.01331800801043,1.366936519885937,-1.3258883335191585,-0.04883862691394797,62.95104882241091,-13.86738057591768,-0.0721834405592705,3.1587632529648397,-2.4540201123297622,-0.20654359572774467,9.54403528274067,8.16540254148796,4.941134567451159,2.1232510941777827,-1.718601876429936,PREPARATION,False,FOLLOW,0,False,inf,0.09776806831359863,0.0,True,True,TRACKING,0,0.09776806831359863,-0.03533520231925521,-0.03533520231925521,3,0,0.09776806831359863,0.037863731384277344,inf,VISION,,,0,,0.0,0.0,False,,0.0,0.0,0.0,False,0.0,-0.6382042987454675,4.783318008010429,SAFE,4.812237548828125,1.0002460479736328,20.062694549560547,14.599797248840332,,,0.007921750657260418,0.00235195504501462,,19.990622251632903,0.0006079719996705535,0.0,1.1775618735552829,4.425080097299177,4.265678860609993,1.2905422099129098,4.859966785562408,2.7173125519133725,1.1775618735552829,4.425080097299177,4.265678860609993
22.41169762611389,22.41169762611389,,False,PERIODIC,True,True,1,FOLLOW,56.63787254283166,-8.840850889850874,-5.015856886293859,1.4556577892227855,-1.3955152515694658,-0.047860602983361776,63.109184595035074,-13.989834939348846,-0.08227773856887906,3.166529108031144,-2.443991286398437,-0.19701051104923253,9.629647949216235,8.269819612239298,4.93357914772498,2.0121203642445926,-1.6339460976608902,PREPARATION,False,FOLLOW,0,False,inf,0.0477445125579834,0.0,True,True,TRACKING,0,0.0477445125579834,-0.0317544782026834,-0.0317544782026834,3,0,0.0477445125579834,0.008165836334228516,inf,VISION,,,0,,0.0,0.0,False,,0.0,0.0,0.0,False,0.0,-0.6419983724198919,4.785856886293859,SAFE,4.815548229217529,0.9982737302780151,20.108089447021484,13.076959609985352,,,1.3998000213177875e-05,0.00235195504501462,,20.04576944080618,0.0005791630001112935,0.0,0.9270900708647984,4.425080097299177,5.018886654495778,1.131909451458957,4.882909445724712,3.32405496130022,0.9270900708647984,4.425080097299177,5.018886654495778
22.461618900299072,22.461618900299072,,False,PERIODIC,True,True,1,FOLLOW,56.63787254283166,-8.840850889850874,-5.015856886293859,1.4556577892227855,-1.3955152515694658,-0.047860602983361776,63.109184595035074,-13.989834939348846,-0.08227773856887906,3.166529108031144,-2.443991286398437,-0.19701051104923253,9.629647949216235,8.269819612239298,4.93357914772498,2.0121203642445926,-1.6339460976608902,PREPARATION,False,FOLLOW,0,False,inf,0.09784173965454102,0.0,True,True,TRACKING,0,0.09784173965454102,-0.027773907704640347,0.0,3,0,0.09784173965454102,0.05826306343078613,inf,VISION,,,0,,0.0,0.0,False,,0.0,0.0,0.0,False,0.0,-0.6427282691001892,4.785856886293859,SAFE,4.817656803131103,0.9982737302780151,20.108089447021484,13.076959609985352,,,1.203400006488664e-05,0.00235195504501462,,20.004944266548584,0.0012286619994483772,0.0,0.9270900708647984,4.425080097299177,5.018886654495778,1.131909451458957,4.882909445724712,3.32405496130022,0.9270900708647984,4.425080097299177,5.018886654495778
22.511684894561768,22.511684894561768,,False,PERIODIC,True,True,1,FOLLOW,56.78669684162199,-8.983126637182421,-5.02105307972248,1.64220781327498,-1.5419164972623167,-0.04522407084405659,63.43143293101014,-14.23686053869988,-0.1011477872302873,3.1827009371293684,-2.4228938781539395,-0.1739909562762041,9.795902495056998,8.470787307303333,4.919905292492193,1.7792754483410407,-1.4527574273055037,PREPARATION,False,FOLLOW,0,False,inf,0.09575843811035156,0.0,True,True,TRACKING,0,0.09575867652893066,-0.023954566610775153,0.0,3,0,0.09575867652893066,0.04227018356323242,inf,VISION,,,0,,0.0,0.0,False,,0.0,0.0,0.0,False,0.0,-0.6456907987594604,4.79105307972248,SAFE,4.8206971168518065,1.0000975131988525,20.068655014038086,12.60729694366455,,,0.006809864193201065,0.005327295046299696,,20.01295727859982,0.0007070779993227916,0.0,0.6624192710347594,3.7884797187975146,6.585948390128881,0.8699839979528565,4.3750470246459,4.683784117864549,0.6624192710347594,3.7884797187975146,6.585948390128881
22.56171202659607,22.56171202659607,,False,PERIODIC,True,True,1,FOLLOW,56.851308403610105,-9.044094116312086,-5.0231492960406925,1.7205646926178024,-1.6031354060916687,-0.043808582318238594,63.58601271730615,-14.354139188592379,-0.10928617726362631,3.1906248738900302,-2.4124495671649244,-0.16139144133829064,9.884273954754683,8.57629412173838,4.9138631187770665,1.68222830692245,-1.3779595046786215,PREPARATION,False,FOLLOW,0,False,inf,0.0977318286895752,0.0,True,True,TRACKING,0,0.0977318286895752,-0.023954566610775153,0.0,3,0,0.0977318286895752,0.04759716987609863,inf,VISION,,,0,,0.0,0.0,False,,0.0,0.0,0.0,False,0.0,-0.6475859880447388,4.793149296040692,SAFE,4.822871494293213,1.0000975131988525,20.068655014038086,12.60729694366455,,,0.0069272941909730434,0.005327295046299696,,20.024820273139596,0.0007957620000524912,0.0,0.6624192710347594,3.529216988791416,7.416199074427461,0.7822932932321406,4.114599932740371,5.438760056299733,0.6624192710347594,3.529216988791416,7.416199074427461
22.611677885055542,22.611677885055542,,False,PERIODIC,True,True,1,FOLLOW,56.94310809600118,-9.129934362450904,-5.02600172383206,1.8294582203489664,-1.6878150671378447,-0.04317686004971261,63.745914222792045,-14.47460981902947,-0.11701808693628948,3.198936097710359,-2.4014178817452034,-0.14741040465082322,9.946951657777724,8.651226903443037,4.908983636895771,1.5477607261517916,-1.268588368866429,PREPARATION,False,FOLLOW,0,False,inf,0.09574317932128906,0.0,True,True,TRACKING,0,0.09574317932128906,-0.01969476335746095,0.0,3,0,0.09574317932128906,0.03926563262939453,inf,VISION,,,0,,0.0,0.0,False,,0.0,0.0,0.0,False,0.0,-0.6492794752120972,4.79600172383206,SAFE,4.825010108947754,1.0022422075271606,19.64409637451172,11.97006607055664,,,0.01292051188647747,0.005327295046299696,,20.06561049058808,0.0007386369998130249,0.0,0.4634106611021147,2.7497021086285667,8.23419180053172,0.6724864325560194,3.3910955755915766,6.1965892253453685,0.4634106611021147,2.7497021086285667,8.23419180053172
22.66201400756836,22.66201400756836,,False,PERIODIC,True,True,1,FOLLOW,57.03722972165523,-9.217148830547485,-5.029061630149374,1.9382087641336614,-1.7719005988742742,-0.042753814319418326,63.906109537593466,-14.594428019404242,-0.12402187638428651,3.20738002039044,-2.3901283239190776,-0.13253066724145554,10.007799777510117,8.723338890626437,4.905039753765087,1.4145886614288508,-1.1592766772223324,PREPARATION,False,FOLLOW,0,False,inf,0.08464932441711426,0.0,True,True,TRACKING,0,0.08464932441711426,-0.015839321826203213,0.0,3,0,0.08464932441711426,0.024199724197387695,inf,VISION,,,0,,0.0,0.0,False,,0.0,0.0,0.0,False,0.0,-0.6515225768089294,4.799061630149374,SAFE,4.828829097747803,1.0022422075271606,19.64409637451172,11.97006607055664,,,4.2064999433932826e-05,0.005327295046299696,,20.102707435565687,0.0006843099999969127,0.0,0.4634106611021147,2.470855640134772,8.23419180053172,0.5835678834429169,3.1307420526220207,6.323572607523781,0.4634106611021147,2.470855640134772,8.23419180053172
22.711695671081543,22.711695671081543,,False,PERIODIC,True,True,1,FOLLOW,57.1316723579788,-9.304085511575137,-5.032138912517541,2.044053805363993,-1.8532808702663743,-0.04071315322210397,64.06636642362145,-14.713405379228933,-0.13024743221065999,3.2159454521326873,-2.378590937699689,-0.11686984781489178,10.068726994976009,8.794925992562609,4.901891480306881,1.286499335734121,-1.0522649373413826,PREPARATION,False,FOLLOW,0,False,inf,0.08263254165649414,0.0,True,True,TRACKING,0,0.08263254165649414,-0.012456731884588334,0.0,3,0,0.08263254165649414,0.02288532257080078,inf,VISION,,,0,,0.0,0.0,False,,0.0,0.0,0.0,False,0.0,-0.6526205539703369,4.802138912517541,SAFE,4.831381130218506,0.9996061325073242,19.639938354492188,10.176283836364746,,,0.010527278296649456,0.002158266957849264,,20.14784940595634,0.0005214550001255702,0.0,0.298340789695916,2.147842463541938,9.138670405692201,0.5046917940173873,2.823546078136218,7.060440998243913,0.298340789695916,2.147842463541938,9.138670405692201
22.761866331100464,22.761866331100464,,False,PERIODIC,True,True,1,FOLLOW,57.23903334863973,-9.402302701866569,-5.0353877383944505,2.160764671155619,-1.9424021452538842,-0.037695458768552494,64.23109084929371,-14.834762471297829,-0.13579874895197483,3.224873606395877,-2.3664721047946564,-0.1000721755056971,10.11960767541937,8.854404962443308,4.899588989442476,1.1471939728894909,-0.9326876974877513,PREPARATION,False,FOLLOW,0,False,inf,0.08461165428161621,0.0,True,True,TRACKING,0,0.08461165428161621,-0.009183379341474451,0.0,3,0,0.08461165428161621,0.02503180503845215,inf,VISION,,,0,,0.0,0.0,False,,0.0,0.0,0.0,False,0.0,-0.653801441192627,4.80538773839445,SAFE,4.834979820251465,0.9996061325073242,19.639938354492188,10.176283836364746,,,4.600000102072954e-05,0.002158266957849264,,19.956745738093897,0.0008913359997677617,0.0,0.2817715656716583,1.8447481493266549,9.138670405692201,0.4892041874831544,2.5314019458176267,7.188945133909953,0.2817715656716583,1.8447481493266549,9.138670405692201
22.81273889541626,22.81273889541626,,False,PERIODIC,True,True,1,FOLLOW,57.347406555584385,-9.50087007913217,-5.038242476118768,2.275048683205809,-2.029340113034964,-0.03470845511875387,64.38888210146504,-14.950108929066399,-0.1402840439608653,3.233544394021228,-2.3546105095947167,-0.0834207768582462,10.162016468694318,8.903739770841678,4.897958432157902,1.0133547003981112,-0.8151048848138228,PREPARATION,False,FOLLOW,0,False,inf,0.08268570899963379,0.0,True,True,TRACKING,0,0.08268570899963379,-0.005917788024087474,0.0,3,0,0.08268570899963379,0.022045373916625977,inf,VISION,,,0,,0.0,0.0,False,,0.0,0.0,0.0,False,0.0,-0.654441237449646,4.808242476118767,SAFE,4.837343502044678,1.0006110668182373,19.614673614501953,9.70411491394043,,,2.7153000701218843e-05,0.002158266957849264,,20.030386995845717,0.0006929130004209583,0.0,0.19321266564414194,1.582419188427531,9.138670405692201,0.39237987644140093,2.280846979716068,7.308618850735292,0.19321266564414194,1.582419188427531,9.138670405692201
22.86159110069275,22.86159110069275,,False,PERIODIC,True,True,1,FOLLOW,57.466267770551234,-9.608320836160935,-5.040887455787601,2.3964345863156895,-2.1212325748579905,-0.03162607805792209,64.55159435523281,-15.068115095216799,-0.14403479571132705,3.242607511590278,-2.342113687628828,-0.06578576077152598,10.19756697145505,8.944898331608629,4.896852660076274,0.875193675348338,-0.6897823805082367,PREPARATION,False,FOLLOW,0,False,inf,0.08455467224121094,0.0,True,True,TRACKING,0,0.08455467224121094,-0.002772682626428221,0.0,3,0,0.08455467224121094,0.01701211929321289,inf,VISION,,,0,,0.0,0.0,False,,0.0,0.0,0.0,False,0.0,-0.6551679372787476,4.810887455787601,SAFE,4.840713310241699,1.0006110668182373,19.614673614501953,9.70411491394043,,,3.229600042686798e-05,0.002158266957849264,,20.00565236830366,0.0009376170000905404,0.0,0.10981400295899744,1.582419188427531,9.138670405692201,0.2964038100303627,2.1920927231435323,7.433658249699372,0.10981400295899744,1.582419188427531,9.138670405692201
22.911719799041748,22.911719799041748,,False,PERIODIC,True,True,1,FOLLOW,57.58213653945395,-9.712340029455053,-5.043032130456133,2.5108220844989377,-2.2072661135075204,-0.02783200860040082,64.71325320338993,-15.18440196455649,-0.14686638560960866,3.251735067759812,-2.329424617604333,-0.04790966850967688,10.235659514523721,8.988675469514485,4.896165744846525,0.7511843058232328,-0.5718920468959291,PREPARATION,False,FOLLOW,0,False,inf,0.08262968063354492,0.0,True,True,TRACKING,0,0.08262968063354492,-0.000789047450352995,0.0,3,0,0.08262968063354492,0.026654720306396484,inf,VISION,,,0,,0.0,0.0,False,,0.0,0.0,0.0,False,0.0,-0.6554780006408691,4.813032130456133,SAFE,4.842529582977295,1.000434398651123,19.741806030273438,9.279760360717773,,,0.009089387021958828,0.002867393894121051,,19.976495991629562,0.0007227249998322804,0.0,0.1209317402916129,1.1070809747505412,9.138670405692201,0.28855260983133296,1.8188298530667049,7.556528064379725,0.1209317402916129,1.1070809747505412,9.138670405692201
22.961607933044434,22.961607933044434,,False,PERIODIC,True,True,1,FOLLOW,57.709438314567215,-9.825850855289934,-5.045092460759324,2.6323676907178357,-2.2982328770046023,-0.023931019389875574,64.87647907499206,-15.300836952688543,-0.14881036436338793,3.2610760926114506,-2.3163295789239573,-0.029615883175707607,10.26233523111512,9.018976994554272,4.896282096395937,0.6289944855944641,-0.4460216056436457,PREPARATION,False,FOLLOW,0,False,inf,0.08461880683898926,0.0,True,True,TRACKING,0,0.08461880683898926,0.001852067976589872,0.0,3,0,0.08461880683898926,0.03898787498474121,inf,VISION,,,0,,0.0,0.0,False,,0.0,0.0,0.0,False,0.0,-0.6557531356811523,4.815092460759324,SAFE,4.844861793518066,1.000434398651123,19.741806030273438,9.279760360717773,,,3.165399903082289e-05,0.002867393894121051,,20.10281899869558,0.000902992000192171,0.0,0.1209317402916129,0.8447810797549459,9.138670405692201,0.2103821018521065,1.5569695066235543,7.681252223230249,0.1209317402916129,0.8447810797549459,9.138670405692201
23.011833429336548,23.011833429336548,,False,PERIODIC,True,True,1,FOLLOW,57.846106413279706,-9.946885412680807,-5.047159141668199,2.758463219808892,-2.3919163065534224,-0.02087368814312803,65.03933212748156,-15.416012400373116,-0.14982940655727756,3.2705213805253894,-2.302974142174918,-0.011234096664717171,10.27801949391811,9.03625177731116,4.8973297351109215,0.519814572982103,-0.3156368984499185,PREPARATION,False,FOLLOW,0,False,inf,0.08268189430236816,0.0,True,True,TRACKING,0,0.08268189430236816,0.004123037441724821,0.0,3,0,0.08268189430236816,0.03519725799560547,inf,VISION,,,0,,0.0,0.0,False,,0.0,0.0,0.0,False,0.0,-0.6558873057365417,4.817159141668198,SAFE,4.846481609344482,0.9987533092498779,19.77799415588379,9.176877975463867,,,0.015009417198598385,0.002867393894121051,,20.00958550523768,0.0007152589996621828,0.0,0.12989221103339624,0.6683926357367012,9.138670405692201,0.1809079045355246,1.3914936324376583,7.804444954106747,0.12989221103339624,0.6683926357367012,9.138670405692201
23.061929941177368,23.061929941177368,,False,PERIODIC,True,True,1,FOLLOW,57.987496375004724,-10.0712416468312,-5.049147418279741,2.88486830833277,-2.485121527412163,-0.01852663804923418,65.20317615173559,-15.530873713585443,-0.1499284871997342,3.280151124874298,-2.2892375582245448,0.007274792789468158,10.289604612389473,9.048404110375154,4.899218931080007,0.4419103396290061,-0.1855451940284678,PREPARATION,False,FOLLOW,0,False,inf,0.08451604843139648,0.0,True,True,TRACKING,0,0.08451604843139648,0.0061734885516197035,0.0,3,0,0.08451604843139648,0.021976947784423828,inf,VISION,,,0,,0.0,0.0,False,,0.0,0.0,0.0,False,0.0,-0.6560215353965759,4.819147418279741,SAFE,4.849007415771484,0.9987533092498779,19.77799415588379,9.176877975463867,,,3.353499778313562e-05,0.002867393894121051,,19.975379370848476,0.0007992559994818293,0.0,0.2536802419147133,0.6683926357367012,9.138670405692201,0.142970055428857,1.3010697851902533,7.928575763112089,0.2536802419147133,0.6683926357367012,9.138670405692201
23.11170220375061,23.11170220375061,,False,PERIODIC,True,True,1,FOLLOW,58.12694277386105,-10.193098213399518,-5.0509788887997695,3.0049537875493337,-2.5731110636594057,-0.015554517240856809,65.36739981738788,-15.64496585698903,-0.14910315916119748,3.289931306485797,-2.2751597743025997,0.025726935943959424,10.30414793523439,9.063502579156442,4.901875729638572,0.41435650773894633,-0.06224027914797599,PREPARATION,False,FOLLOW,0,False,inf,0.08262252807617188,0.0,True,True,TRACKING,0,0.08262252807617188,0.011111963190156306,0.0,3,0,0.08262252807617188,0.03612947463989258,inf,VISION,,,0,,0.0,0.0,False,,0.0,0.0,0.0,False,0.0,-0.6560988426208496,4.820978888799769,SAFE,4.850536632537842,0.9983435273170471,19.723800659179688,11.910276412963867,,,0.007702798116952181,0.0024069929495453835,,19.992237093766995,0.0007560439998997026,0.0,0.22106869087910389,0.33889081655654896,9.138670405692201,0.15040679107848634,1.054887899446023,8.05189311679602,0.22106869087910389,0.33889081655654896,9.138670405692201
23.161623239517212,23.161623239517212,,False,PERIODIC,True,True,1,FOLLOW,58.27892362305383,-10.3249887165668,-5.0528903663714795,3.131939659825228,-2.664858651188294,-0.012734778758282944,65.53190618418083,-15.758201256408892,-0.14736167393295596,3.299857171134793,-2.2607394034055064,0.04399735894780803,10.304841885611216,9.06231507591243,4.905528692438524,0.4412790415163935,0.06787700984378423,PREPARATION,False,FOLLOW,0,False,inf,0.08457446098327637,0.0,True,True,TRACKING,0,0.08457446098327637,0.011111963190156306,0.0,3,0,0.08457446098327637,0.03202700614929199,inf,VISION,,,0,,0.0,0.0,False,,0.0,0.0,0.0,False,0.0,-0.6561614871025085,4.822890366371479,SAFE,4.852678108215332,0.9983435273170471,19.723800659179688,11.910276412963867,,,3.54410003637895e-05,0.0024069929495453835,,20.00424123638467,0.0005729560007239343,0.0,0.194901163895051,0.33889081655654896,9.138670405692201,0.15789310540697093,0.9719497355474027,8.05189311679602,0.194901163895051,0.33889081655654896,9.138670405692201
23.211679935455322,23.211679935455322,,False,PERIODIC,True,True,1,FOLLOW,58.443131182064604,-10.466296322284613,-5.05477277154762,3.2641165953368434,-2.7589263539803746,-0.007818363157810624,65.69763444165925,-15.871197564295276,-0.14470073519191698,3.309987324154392,-2.2458815449478298,0.062075224330893214,10.293181353768132,9.046589135102671,4.910072036355703,0.519811709573317,0.2037275505306919,PREPARATION,False,FOLLOW,0,False,inf,0.08258461952209473,0.0,True,True,TRACKING,0,0.08258485794067383,0.013674316349063464,0.0,3,0,0.08258485794067383,0.037259578704833984,inf,VISION,,,0,,0.0,0.0,False,,0.0,0.0,0.0,False,0.0,-0.6562344431877136,4.82477277154762,SAFE,4.8542149543762205,1.0002230405807495,19.65357780456543,12.175254821777344,,,0.017583385109901428,0.0024069929495453835,,19.97038364635191,0.0008259379992523463,0.0,0.20920707881065023,0.2075955395319855,9.138670405692201,0.1710614824197091,0.8403126657987595,8.05189311679602,0.20920707881065023,0.2075955395319855,9.138670405692201
23.26153588294983,23.26153588294983,,False,PERIODIC,True,True,1,FOLLOW,58.6094797925002,-10.608156988244037,-5.056035920959289,3.3923055212051154,-2.8479681441352795,0.0021903626512692806,65.86293005603272,-15.982804447635225,-0.14116513240293282,3.320221640019036,-2.2307237079363507,0.07966903977499173,10.278877901137104,9.027700484524292,4.914870788556356,0.626250529224706,0.33656693212704164,PREPARATION,False,FOLLOW,0,False,inf,0.08458995819091797,0.0,True,True,TRACKING,0,0.08458995819091797,0.016331423348554728,0.0,3,0,0.08458995819091797,0.026864051818847656,inf,VISION,,,0,,0.0,0.0,False,,0.0,0.0,0.0,False,0.0,-0.6562873721122742,4.8260359209592885,SAFE,4.855781524714655,1.0002230405807495,19.65357780456543,12.175254821777344,,,2.1785999706480652e-05,0.0024069929495453835,,19.980582986771086,0.0006623379995289724,0.0,0.22526817294044707,0.2016984883965295,8.46950233615095,0.18922760880379544,0.7873444853166957,9.68960832527744,0.22526817294044707,0.2016984883965295,8.46950233615095
23.311951160430908,23.311951160430908,,False,PERIODIC,True,True,1,FOLLOW,58.77375191729122,-10.746951756843435,-5.056522176375722,3.5130652713649164,-2.9296943756936487,0.01549007099489923,66.02956769492891,-16.0941961867695,-0.1367399509209692,3.3306710543759976,-2.2150914941694584,0.09685823393478614,10.268599843128174,9.013317124809902,4.919782225454753,0.7419876728180116,0.46201639424509733,PREPARATION,False,FOLLOW,0,False,inf,0.08261752128601074,0.0,True,True,TRACKING,0,0.08261752128601074,0.01893936112616493,0.0,3,0,0.08261752128601074,0.02582383155822754,inf,VISION,,,0,,0.0,0.0,False,,0.0,0.0,0.0,False,0.0,-0.656245768070221,4.826522176375722,SAFE,4.854656762824777,1.0002230405807495,19.633310317993164,12.582682609558105,,,0.012531621381640434,0.004308039788156748,,19.987699148315755,0.0007954049997351831,0.0,0.2268158098684098,0.2584974134913592,8.782146720983446,0.20019474045196273,0.6542011610961532,9.862236732191894,0.2268158098684098,0.2584974134913592,8.782146720983446
23.36179280281067,23.36179280281067,,False,PERIODIC,True,True,1,FOLLOW,58.95120941267312,-10.895500604053641,-5.056096786604774,3.6368667586923022,-3.0112482148729085,0.030312323968464772,66.19610774562156,-16.204382711948817,-0.13148923606933424,3.3412466404601755,-2.1991068386082535,0.11338691632548929,10.243268063322333,8.981802775071861,4.92460755053544,0.8682547191002825,0.5900646864999936,PREPARATION,False,FOLLOW,0,False,inf,0.08458590507507324,0.0,True,True,TRACKING,0,0.08458590507507324,0.021246869665044108,0.0,3,0,0.08458590507507324,0.02135944366455078,inf,VISION,,,0,,0.0,0.0,False,,0.0,0.0,0.0,False,0.0,-0.6560397744178772,4.826096786604774,SAFE,4.851729914745889,1.0002230405807495,19.633310317993164,12.582682609558105,,,2.323199987586122e-05,0.004308039788156748,,20.015329758332022,0.0007241180001074099,0.0,0.2153716939968378,0.3432181441977855,8.163872507135807,0.20499406306240733,0.5426405392121155,9.492430684814986,0.2153716939968378,0.3432181441977855,8.163872507135807
23.41173529624939,23.41173529624939,,False,PERIODIC,True,True,1,FOLLOW,59.135172163709555,-11.048093031889033,-5.05478558255277,3.757842935440231,-3.088451538751563,0.04447333736739939,66.36343186108783,-16.313924777272263,-0.12542062966944814,3.3520049497153517,-2.1826733189105005,0.1292419455187654,10.211530789364701,8.942970548057781,4.929364952883322,0.9961547927524071,0.7134407959341136,PREPARATION,False,FOLLOW,0,False,inf,0.08260011672973633,0.0,True,True,TRACKING,0,0.08260035514831543,0.027063763823739078,0.0,3,0,0.08260035514831543,0.020557403564453125,inf,VISION,,,0,,0.0,0.0,False,,0.0,0.0,0.0,False,0.0,-0.6557765007019043,4.82478558255277,SAFE,4.848942331215941,0.9996631145477295,19.70646858215332,12.133671760559082,,,0.00986822322010994,0.004308039788156748,,20.009419709630095,0.0006098249996284721,0.0,0.2514614800497359,0.3185655341140168,8.163872507135807,0.23692887089867426,0.4894463932408968,9.517113999780532,0.2514614800497359,0.3185655341140168,8.163872507135807
23.461713314056396,23.461713314056396,,False,PERIODIC,True,True,1,FOLLOW,59.3327009197581,-11.21063300223735,-5.052617628008329,3.879027818125182,-3.1638413296221,0.05679540562907376,66.5312516288703,-16.42260436056175,-0.11858081610184029,3.3629285777560294,-2.1658050191353353,0.14429617590423383,10.165062568076099,8.88728179769571,4.934036811906489,1.126983268623983,0.8347387081115177,PREPARATION,False,FOLLOW,0,False,inf,0.08465147018432617,0.0,True,True,TRACKING,0,0.08465147018432617,0.027063763823739078,0.0,3,0,0.08465147018432617,0.03831601142883301,inf,VISION,,,0,,0.0,0.0,False,,0.0,0.0,0.0,False,0.0,-0.6552850008010864,4.822617628008328,SAFE,4.843761111619336,0.9996631145477295,19.70646858215332,12.133671760559082,,,2.298700019309763e-05,0.004308039788156748,,19.982146103367754,0.0007758419997117016,0.0,0.2894107521455818,0.3185655341140168,7.456191707730169,0.26429478829419406,0.4426627246157453,9.015418465520824,0.2894107521455818,0.3185655341140168,7.456191707730169
23.51172685623169,23.51172685623169,,False,PERIODIC,True,True,1,FOLLOW,59.51999635407066,-11.363531948802425,-5.050043945412636,3.9854764151824975,-3.2283611156427994,0.06589876923829047,66.69990908296703,-16.530612540079396,-0.11099687174139237,3.37404084346149,-2.1484525562957337,0.15848466588280488,10.131340218710438,8.84589558107709,4.939047073671244,1.2444388708065652,0.9389421630716188,PREPARATION,False,FOLLOW,0,False,inf,0.08261752128601074,0.0,True,True,TRACKING,0,0.08261752128601074,0.030043000104000205,0.030043000104000205,3,0,0.08261752128601074,0.025493383407592773,inf,VISION,,,0,,0.0,0.0,False,,0.0,0.0,0.0,False,0.0,-0.6534194030597682,4.820043945412635,SAFE,4.840280995541474,0.999414324760437,19.991130828857422,12.623481750488281,,,0.00691252900287509,0.0021009109914302826,,20.00609432955722,0.000596838000092248,0.0,0.2831170902265535,0.4730548079779651,6.6311305128731375,0.2769472917529628,0.41637223226393805,8.369915049342715,0.2831170902265535,0.4730548079779651,6.6311305128731375
23.56180238723755,23.56180238723755,,False,PERIODIC,True,True,1,FOLLOW,59.72016057592557,-11.52581096886839,-5.046854598129024,4.0902358835007195,-3.2900425224871115,0.07275119521075162,66.86876283925852,-16.63751082888538,-0.10274517165132961,3.3853000220532703,-2.130667444883441,0.17166604669699867,10.08346209390467,8.788173290179634,4.944109426477695,1.360466569661938,1.0389921208929693,PREPARATION,False,FOLLOW,0,False,inf,0.08460164070129395,0.0,True,True,TRACKING,0,0.08460164070129395,0.03254944500236378,0.03254944500236378,3,0,0.08460164070129395,0.039449214935302734,inf,VISION,,,0,,0.0,0.0,False,,0.0,0.0,0.0,False,0.0,-0.652780098741653,4.816854598129024,SAFE,4.835358054752461,0.999414324760437,19.991130828857422,12.623481750488281,,,2.00100002984982e-05,0.0021009109914302826,,19.999421788920834,0.0006754730002285214,0.0,0.24597659917102999,0.6937817564232489,5.938398758727877,0.2583905924986516,0.38451574764738317,7.760131997336175,0.24597659917102999,0.6937817564232489,5.938398758727877
23.611706972122192,23.611706972122192,,False,PERIODIC,True,True,1,FOLLOW,59.93458602084051,-11.698537451850937,-5.043043872093887,4.193177786418898,-3.3489041695867416,0.07702444303373022,67.03840275967781,-16.74364488855599,-0.09384911095725547,3.3967457340975735,-2.1123726986235023,0.18380561898401007,10.02057134551438,8.713054648450312,4.949194761136631,1.474691938061843,1.134432382739408,PREPARATION,False,FOLLOW,0,False,inf,0.0826253890991211,0.0,True,True,TRACKING,0,0.0826253890991211,0.03553601266426769,0.03553601266426769,3,0,0.0826253890991211,0.0360417366027832,inf,VISION,,,0,,0.0,0.0,False,,0.0,0.0,0.0,False,0.0,-0.652250328929469,4.813043872093886,SAFE,4.831779895200721,0.9999362826347351,20.037635803222656,14.60788345336914,,,0.006808184087276459,0.0021009109914302826,,19.983744542771383,0.0007865499992476543,0.0,0.28925457926537834,0.6065810162338943,4.340199051261742,0.2933082009645421,0.3996398576639287,6.354939406551675,0.28925457926537834,0.6065810162338943,4.340199051261742
23.662885189056396,23.662885189056396,,False,PERIODIC,True,True,1,FOLLOW,60.14790615575945,-11.869170606813716,-5.039178201905786,4.286631069694562,-3.4002444771775484,0.07882990279216055,67.20861481212572,-16.84884825994664,-0.08437410173582362,3.4083640697443762,-2.093574543233547,0.1948104806133608,9.959963851854987,8.640069227685444,4.954804100169962,1.5786673917917162,1.2182093848104074,PREPARATION,False,FOLLOW,0,False,inf,0.08458900451660156,0.0,True,True,TRACKING,0,0.08458900451660156,0.038731625814212106,0.038731625814212106,3,0,0.08458900451660156,0.0382533073425293,inf,VISION,,,0,,0.0,0.0,False,,0.0,0.0,0.0,False,0.0,-0.6513953853131262,4.809178201905786,SAFE,4.826416496606306,0.9999362826347351,20.037635803222656,14.60788345336914,,,4.464200173970312e-05,0.0021009109914302826,,19.952528611799146,0.0009879420003926498,0.0,0.2774546345848609,0.5684198512640594,3.7063120141117203,0.2943174266421698,0.4166563020148331,5.776879003395821,0.2774546345848609,0.5684198512640594,3.7063120141117203
23.7117121219635,23.7117121219635,,False,PERIODIC,True,True,1,FOLLOW,60.35187175022065,-12.031096407562458,-5.035435548711769,4.36821435884588,-3.442588063084322,0.07908873900574022,67.37909928713805,-16.95290837631706,-0.07439711044260164,3.4201342713357863,-2.0742906175448104,0.2045962665349775,9.910502625869704,8.579403237486051,4.961038438269167,1.6693848841024055,1.2889588002042442,PREPARATION,False,FOLLOW,0,False,inf,0.08261561393737793,0.0,True,True,TRACKING,0,0.08261561393737793,0.041985142235256276,0.041985142235256276,3,0,0.08261561393737793,0.018052339553833008,inf,VISION,,,0,,0.0,0.0,False,,0.0,0.0,0.0,False,0.0,-0.6506601890469081,4.805435548711769,SAFE,4.823182994501974,0.9985917210578918,19.902301788330078,14.83069896697998,,,1.7196000044350512e-05,0.003223495092242956,,20.008721388592896,0.0007822789993952028,0.0,0.2959465184033998,0.5629931327343229,3.0577753537480277,0.3061886177998808,0.43597542865146827,5.185837520772627,0.2959465184033998,0.5629931327343229,3.0577753537480277
23.761909246444702,23.761909246444702,,False,PERIODIC,True,True,1,FOLLOW,60.5709632425162,-12.203618165230095,-5.0314025933293784,4.448083036734227,-3.48169962678822,0.07805549935473688,67.55020683606627,-17.056010792813993,-0.06396072981657432,3.4320800615113134,-2.0544650036874565,0.2131254293647795,9.845355961960937,8.500326779032687,4.967441863512804,1.757129648327723,1.355510460520439,PREPARATION,False,FOLLOW,0,False,inf,0.0844888687133789,0.0,True,True,TRACKING,0,0.0844888687133789,0.04457727711184525,0.04457727711184525,3,0,0.0844888687133789,0.034436702728271484,inf,VISION,,,0,,0.0,0.0,False,,0.0,0.0,0.0,False,0.0,-0.649516014006088,4.801402593329378,SAFE,4.818823365059436,0.9985917210578918,19.902301788330078,14.83069896697998,,,3.499499871395528e-05,0.003223495092242956,,20.020403323378204,0.0006395009995685541,0.0,0.2716040163391651,0.5542128580868351,2.4754294198724884,0.29584459948059594,0.45803247945538744,4.630849880697692,0.2716040163391651,0.5542128580868351,2.4754294198724884
23.81168246269226,23.81168246269226,,False,PERIODIC,True,True,1,FOLLOW,60.80649187688912,-12.387430164172667,-5.027237590550525,4.525894526198558,-3.5170444873734,0.07541178597586079,67.72248446727511,-17.158445350443042,-0.05309450371763214,3.444239906593508,-2.0340136346221334,0.22036527879879925,9.763997074261336,8.401996156741353,4.9741430868328935,1.8412953976498894,1.4169666925610236,PREPARATION,False,FOLLOW,0,False,inf,0.08266520500183105,0.0,True,True,TRACKING,0,0.08266520500183105,0.050262958681746336,0.050262958681746336,3,0,0.08266520500183105,0.04100966453552246,inf,VISION,,,0,,0.0,0.0,False,,0.0,0.0,0.0,False,0.0,-0.6483062326450715,4.797237590550525,SAFE,4.815974775035018,0.9991719126701355,20.10778045654297,15.752715110778809,,,0.008089008741080761,0.003223495092242956,,20.03828436480381,0.0005940609999015578,0.0,0.27509359899166624,0.5379998449469254,1.9286673374523386,0.3002846387269618,0.47505756002931054,4.141661475386901,0.27509359899166624,0.5379998449469254,1.9286673374523386
23.861738681793213,23.861738681793213,,False,PERIODIC,True,True,1,FOLLOW,61.035794551731115,-12.564909020040378,-5.023372177025808,4.594411524636075,-3.545532495030199,0.07231268043696072,67.8946970995037,-17.259445412481135,-0.04194394053111491,3.456525809886263,-2.0130646600618944,0.22622033604747374,9.690089957019934,8.311631374152245,4.981428236494693,1.9149227481806304,1.4687369643760397,PREPARATION,False,FOLLOW,0,False,inf,0.08452320098876953,0.0,True,True,TRACKING,0,0.08452320098876953,0.050262958681746336,0.050262958681746336,3,0,0.08452320098876953,0.03232121467590332,inf,VISION,,,0,,0.0,0.0,False,,0.0,0.0,0.0,False,0.0,-0.6465432570030853,4.793372177025808,SAFE,4.811693422018919,0.9991719126701355,20.10778045654297,15.752715110778809,,,0.008854436688125134,0.003223495092242956,,20.005044703463014,0.0005646400004479801,0.0,0.26571356248394873,0.5015497491635349,1.9286673374523386,0.29560681187053894,0.4874687166284875,4.062583412058437,0.26571356248394873,0.5015497491635349,1.9286673374523386
23.911678314208984,23.911678314208984,,False,PERIODIC,True,True,1,FOLLOW,61.25763614564074,-12.735280409512779,-5.019874682874474,4.654596571542177,-3.567952358366177,0.06862364492244613,68.068225957208,-17.359786169799282,-0.030489230075965972,3.4690353086166796,-1.9914301462945618,0.2307007706824349,9.626222223953913,8.232265004744857,4.989385452798508,1.9792035741679779,1.5121552273636165,PREPARATION,False,FOLLOW,0,False,inf,0.08261966705322266,0.0,True,True,TRACKING,0,0.08261966705322266,0.053240750002949415,0.053240750002949415,3,0,0.08261966705322266,0.04169511795043945,inf,VISION,,,0,,0.0,0.0,False,,0.0,0.0,0.0,False,0.0,-0.6450571898833228,4.789874682874474,SAFE,4.809309270204313,1.0007826089859009,20.008644104003906,13.699433326721191,,,0.008257707580924034,0.003223495092242956,,20.02560023319542,0.0006454909998865332,0.0,0.27068865371794276,0.5272382359522169,1.040816962053604,0.29956863184268445,0.5167775824107741,3.278280966806201,0.27068865371794276,0.5272382359522169,1.040816962053604
23.961540937423706,23.961540937423706,,False,PERIODIC,True,True,1,FOLLOW,61.4924820809867,-12.914276392392928,-5.016327245299016,4.7120748732255455,-3.5868119237028457,0.06439756546264905,68.24196150299818,-17.458787098392573,-0.018874197768447013,3.481687352478484,-1.9692265434914704,0.2337467631493436,9.548957376979669,8.136832923509113,4.997453047530569,2.039390856172697,1.5508808011067974,PREPARATION,False,FOLLOW,0,False,inf,0.08458638191223145,0.0,True,True,TRACKING,0,0.08458638191223145,0.05587000508310723,0.05587000508310723,3,0,0.08458638191223145,0.03718256950378418,inf,VISION,,,0,,0.0,0.0,False,,0.0,0.0,0.0,False,0.0,-0.6427771670448905,4.786327245299016,SAFE,4.806149906531511,1.0007826089859009,20.008644104003906,13.699433326721191,,,2.9176999305491336e-05,0.003223495092242956,,19.995206676930426,0.0008690579998074099,0.0,0.3069808120580937,0.5409104614770628,0.7140719970724114,0.327036560242491,0.5411790824581586,2.8520534058528986,0.3069808120580937,0.5409104614770628,0.7140719970724114
24.011743545532227,24.011743545532227,,False,PERIODIC,True,True,1,FOLLOW,61.73703420489113,-13.099280249103245,-5.012745226560357,4.766272842152322,-3.602025883923661,0.059789919883678745,68.4159706128725,-17.556459750405367,-0.007167304731909465,3.494484194296132,-1.946427552161784,0.2353503212812516,9.462053211654608,8.029610242638611,5.005577921828447,2.0950593441445675,1.5847208682456784,PREPARATION,False,FOLLOW,0,False,inf,0.08261418342590332,0.0,True,True,TRACKING,0,0.08261418342590332,0.05803128403459752,0.05803128403459752,3,0,0.08261418342590332,0.028891563415527344,inf,VISION,,,0,,0.0,0.0,False,,0.0,0.0,0.0,False,0.0,-0.6409816499389214,4.7827452265603565,SAFE,4.803966393585865,0.9993114471435547,20.068317413330078,14.126827239990234,,,0.008528639562427998,0.0029208390042185783,,20.01865820956448,0.000509499000145297,0.0,0.28555760687346177,0.5262015203179246,0.3715754066939658,0.31451472231991306,0.5562317805217096,2.5479104243710102,0.28555760687346177,0.5262015203179246,0.3715754066939658
24.06214451789856,24.06214451789856,,False,PERIODIC,True,True,1,FOLLOW,61.97450594664888,-13.27758391496872,-5.009525181699781,4.813979649756858,-3.613016945297221,0.055266035837651134,68.59157791514235,-17.65350242812122,0.004647738378167198,3.5075216749568843,-1.9228342881558091,0.23550631681606474,9.384893944121897,7.933114411753611,5.0141729200779475,2.143836843910289,1.6129401330688318,PREPARATION,False,FOLLOW,0,False,inf,0.08467411994934082,0.0,True,True,TRACKING,0,0.08467411994934082,0.06018988714222257,0.06018988714222257,3,0,0.08467411994934082,0.03270602226257324,inf,VISION,,,0,,0.0,0.0,False,,0.0,0.0,0.0,False,0.0,-0.6378917250070932,4.77952518169978,SAFE,4.800755553610939,0.9993114471435547,20.068317413330078,14.126827239990234,,,4.5900000259280205e-05,0.0029208390042185783,,19.993626467970895,0.0008480169999529608,0.0,0.31518561562263536,0.4719856648097073,0.3715754066939658,0.3330993065870529,0.5506653063268767,2.475659942918032,0.31518561562263536,0.4719856648097073,0.3715754066939658
24.111703395843506,24.111703395843506,,False,PERIODIC,True,True,1,FOLLOW,62.208883754210554,-13.452282330718877,-5.006576310111733,4.856682181850189,-3.6205480231168043,0.05135875100400607,68.7670151945685,-17.74889768953037,0.01637884804675459,3.5206659805021183,-1.898660331321813,0.2342105960366426,9.311287239230522,7.840280067101316,5.022955158158487,2.187069114283189,1.636895302209288,PREPARATION,False,FOLLOW,0,False,inf,0.08264756202697754,0.0,True,True,TRACKING,0,0.08264756202697754,0.06265805425291364,0.06265805425291364,3,0,0.08264756202697754,0.038797616958618164,inf,VISION,,,0,,0.0,0.0,False,,0.0,0.0,0.0,False,0.0,-0.6357469991029641,4.776576310111732,SAFE,4.798887075434311,1.000046730041504,19.963459014892578,13.733668327331543,,,0.007822238840162754,0.0029208390042185783,,19.98233148918586,0.0008538319998478983,0.0,0.3145451824427031,0.5130562124411505,0.6722012598201574,0.3380693119095936,0.5775404542433645,1.999157456676713,0.3145451824427031,0.5130562124411505,0.6722012598201574
24.162272214889526,24.162272214889526,,False,PERIODIC,True,True,1,FOLLOW,62.453846748304954,-13.633532998681707,-5.0035098954073876,4.897179551157244,-3.6254266707417306,0.048124937350473115,68.9435000450844,-17.84327365233861,0.028034645420899843,3.534004677672048,-1.8737158104131164,0.23146769152410776,9.227890157007232,7.73547130325309,5.031544540828287,2.227184599309758,1.6578311228052713,PREPARATION,False,FOLLOW,0,False,inf,0.08457231521606445,0.0,True,True,TRACKING,0,0.08457231521606445,0.06473188794000502,0.06473188794000502,3,0,0.08457231521606445,0.03774762153625488,inf,VISION,,,0,,0.0,0.0,False,,0.0,0.0,0.0,False,0.0,-0.6326353847528123,4.773509895407387,SAFE,4.796115459360166,1.000046730041504,19.963459014892578,13.733668327331543,,,4.7328001528512686e-05,0.0029208390042185783,,20.036994573110142,0.0006405169997378835,0.0,0.3206310598993263,0.48910245041462436,0.6722012598201574,0.3402419881665327,0.5826348118202125,1.9430747993974256,0.3206310598993263,0.48910245041462436,0.6722012598201574
24.21169686317444,24.21169686317444,,False,PERIODIC,True,True,1,FOLLOW,62.709263644269484,-13.821254572463692,-5.000315023056411,4.935031605969876,-3.627137038241559,0.04552968150497463,69.121132562495,-17.936631093560244,0.03954787730498077,3.547542360676432,-1.847956492779603,0.22728269636045162,9.135020798517013,7.61894920149093,5.039862900361391,2.263546769466964,1.675134306835991,PREPARATION,False,FOLLOW,0,False,inf,0.0825648307800293,0.0,True,True,TRACKING,0,0.0825648307800293,0.06671939671817366,0.06671939671817366,3,0,0.0825648307800293,0.03346586227416992,inf,VISION,,,0,,0.0,0.0,False,,0.0,0.0,0.0,False,0.0,-0.6302113357595354,4.77031502305641,SAFE,4.794006143255243,0.9988802671432495,19.943159103393555,13.684432029724121,,,0.011209878139197826,0.0019935991149395704,,20.016023513342923,0.0007162600004448905,0.0,0.28664992882806284,0.5056915151692052,1.040164896012233,0.3146423502714234,0.5950735502713247,1.7428409275466843,0.28664992882806284,0.5056915151692052,1.040164896012233
24.26180362701416,24.26180362701416,,False,PERIODIC,True,True,1,FOLLOW,62.95840506394924,-14.00319525719988,-4.997222745268234,4.967346965735743,-3.625358348789985,0.04333099751753206,69.2983022002516,-18.028090685878098,0.05074429452266876,3.5611512351066428,-1.8215932259147294,0.22172732762594577,9.048538564072373,7.509599117841751,5.047967039790902,2.29407504278671,1.6880696678917029,PREPARATION,False,FOLLOW,0,False,inf,0.08463358879089355,0.0,True,True,TRACKING,0,0.08463358879089355,0.06914885611696407,0.06914885611696407,3,0,0.08463358879089355,0.029141902923583984,inf,VISION,,,0,,0.0,0.0,False,,0.0,0.0,0.0,False,0.0,-0.6261146793478645,4.767222745268233,SAFE,4.790545819162173,0.9988802671432495,19.943159103393555,13.684432029724121,,,2.234800012956839e-05,0.0019935991149395704,,19.99486051455573,0.0008086580000963295,0.0,0.320348238723471,0.4835526257479805,1.1895543587921036,0.34642482467272884,0.5925528611992118,1.6378539537028705,0.320348238723471,0.4835526257479805,1.1895543587921036
24.311760902404785,24.311760902404785,,False,PERIODIC,True,True,1,FOLLOW,63.19637731445535,-14.17582915816723,-4.994376757709302,4.993487306533671,-3.6199902082623137,0.0409671960879152,69.47646934006744,-18.118374746871652,0.061648725020691304,3.5749376038380793,-1.7943860032513776,0.21479992030131295,8.97477661288482,7.415067199234898,5.056025482729994,2.318476178091726,1.6966715111106474,PREPARATION,False,FOLLOW,0,False,inf,0.08263182640075684,0.0,True,True,TRACKING,0,0.08263182640075684,0.07103561319174087,0.07103561319174087,3,0,0.08263182640075684,0.03766322135925293,inf,VISION,,,0,,0.0,0.0,False,,0.0,0.0,0.0,False,0.0,-0.6234048008621329,4.764376757709302,SAFE,4.788448607077914,0.999309241771698,20.05186653137207,15.399531364440918,,,0.012297042645514011,0.0019935991149395704,,20.006365542721763,0.0005800549997729831,0.0,0.34208434526676923,0.48955235080780574,1.3977833882040671,0.3506528062990787,0.5988726991710844,1.4822335565706033,0.34208434526676923,0.48955235080780574,1.3977833882040671
24.361858367919922,24.361858367919922,,False,PERIODIC,True,True,1,FOLLOW,63.44678647348141,-14.356222875874842,-4.991516445868159,5.015785353668226,-3.610309921630209,0.03822790120519545,69.65573818472748,-18.207481270178544,0.07219763918441024,3.5889042147708534,-1.7662860858875618,0.20653135048277121,8.889571019314713,7.306385739357063,5.0637140850525695,2.3376782803385967,1.6996329503756544,PREPARATION,False,FOLLOW,0,False,inf,0.08458685874938965,0.0,True,True,TRACKING,0,0.08458709716796875,0.07380907606522477,0.07380907606522477,3,0,0.08458709716796875,0.025487899780273438,inf,VISION,,,0,,0.0,0.0,False,,0.0,0.0,0.0,False,0.0,-0.6194309026895111,4.761516445868159,SAFE,4.785759233321811,0.999309241771698,20.05186653137207,15.399531364440918,,,2.4930999643402174e-05,0.0019935991149395704,,20.01555597750793,0.0006574900007763063,0.0,0.3245699058261009,0.46670117023338387,1.5106642670239605,0.3508318823847935,0.5986924520958756,1.3700777223146814,0.3245699058261009,0.46670117023338387,1.5106642670239605
24.41171360015869,24.41171360015869,,False,PERIODIC,True,True,1,FOLLOW,63.70580033925183,-14.541406436339889,-4.988597555379684,5.032826852008189,-3.595552644273665,0.035078953196027274,69.83532318389976,-18.294973641813904,0.08227943935305485,3.602983112436558,-1.7373867420631988,0.1970087584269462,8.796255485419952,7.187511187404918,5.070876994732739,2.350203161761116,1.695935771700605,PREPARATION,False,FOLLOW,0,False,inf,0.08262109756469727,0.0,True,True,TRACKING,0,0.08262109756469727,0.07578942724167484,0.07578942724167484,3,0,0.08262109756469727,0.04180598258972168,inf,VISION,,,0,,0.0,0.0,False,,0.0,0.0,0.0,False,0.0,-0.6164543858975429,4.7585975553796835,SAFE,4.783828848013453,1.0006126165390015,19.996553421020508,15.790484428405762,,,1.1930999789910857e-05,0.0041761239990592,,19.99391239203553,0.0007616459997734637,0.0,0.3504543420146718,0.47826600295655347,1.4497666477461062,0.35757554480426545,0.6035031873191031,1.2755215935037703,0.3504543420146718,0.47826600295655347,1.4497666477461062
24.461573600769043,24.461573600769043,,False,PERIODIC,True,True,1,FOLLOW,63.96183888494237,-14.723071987261605,-4.985932678167584,5.043458210977809,-3.576270918504167,0.03167757515397484,70.01619898230827,-18.381276457769655,0.0918852377327758,3.6172430966039646,-1.7074988667846787,0.18623778247979245,8.707581232676512,7.073735656399773,5.0778179159003605,2.3559047925255516,1.6866155101406182,PREPARATION,False,FOLLOW,0,False,inf,0.08458232879638672,0.0,True,True,TRACKING,0,0.08458232879638672,0.07854172282115719,0.07854172282115719,3,0,0.08458232879638672,0.04190993309020996,inf,VISION,,,0,,0.0,0.0,False,,0.0,0.0,0.0,False,0.0,-0.6116026801128376,4.755932678167584,SAFE,4.781125012015624,1.0006126165390015,19.996553421020508,15.790484428405762,,,3.183499939041212e-05,0.0041761239990592,,19.954771861118484,0.001443021999875782,0.0,0.3373951707676519,0.48737115840169043,1.4497666477461062,0.3596978080804182,0.6210597419568374,1.2791519654643027,0.3373951707676519,0.48737115840169043,1.4497666477461062
24.511748552322388,24.511748552322388,,False,PERIODIC,True,True,1,FOLLOW,64.20062541088916,-14.891233263414154,-4.983637458054868,5.047836406938424,-3.5540336570232443,0.028259563837669553,70.19724050295288,-18.465803809958615,0.10089570807796779,3.631586734584278,-1.6767760104413167,0.1743517133711326,8.636516929416299,6.981185225632504,5.084533166132836,2.356098962745167,1.6743189169524468,PREPARATION,False,FOLLOW,0,False,inf,0.08256888389587402,0.0,True,True,TRACKING,0,0.08256888389587402,0.08145786506386274,0.08145786506386274,3,0,0.08256888389587402,0.019190311431884766,inf,VISION,,,0,,0.0,0.0,False,,0.0,0.0,0.0,False,0.0,-0.6084227593399261,4.753637458054867,SAFE,4.779599353850337,0.9991300106048584,19.99236488342285,15.895356178283691,,,2.0432999008335173e-05,0.0041761239990592,,19.981920638765317,0.0007801379997545155,0.0,0.3206490464653028,0.48316983411288833,1.5864894975962072,0.35055515556620187,0.6162273806123769,1.2627069614679551,0.3206490464653028,0.48316983411288833,1.5864894975962072
24.561508893966675,24.561508893966675,,False,PERIODIC,True,True,1,FOLLOW,64.45542963488273,-15.069422788490646,-4.981405071780848,5.046974786611721,-3.525895351561656,0.024473626978052783,70.37890583086613,-18.548729585745868,0.10928111492703294,3.6460400823541126,-1.6451114606211992,0.1613998990731921,8.550335191403127,6.869726780142593,5.09068618670788,2.3491945202567517,1.65434202871769,PREPARATION,False,FOLLOW,0,False,inf,0.08455157279968262,0.0,True,True,TRACKING,0,0.08455157279968262,0.08400328015697589,0.08400328015697589,3,0,0.08455157279968262,0.039362192153930664,inf,VISION,,,0,,0.0,0.0,False,,0.0,0.0,0.0,False,0.0,-0.6039356098910642,4.751405071780847,SAFE,4.7777766217416735,0.9991300106048584,19.99236488342285,15.895356178283691,,,2.0026000129291788e-05,0.0041761239990592,,20.004391881545715,0.0006918689996382454,0.0,0.3270315307289461,0.4841737933375938,2.0007878535609027,0.3598201451096326,0.6276291380143318,1.232699963105894,0.3270315307289461,0.4841737933375938,2.0007878535609027
24.611639738082886,24.611639738082886,,False,PERIODIC,True,True,1,FOLLOW,64.71778301669615,-15.25166756907452,-4.979270337819162,5.039823211407385,-3.4921467980464835,0.020362659710959085,70.56199577121777,-18.6303583608418,0.11702300571333046,3.6606559941574415,-1.6123267945547493,0.14740076979839004,8.458284697846235,6.750583247874675,5.096293343532492,2.3349441406764324,1.6272866419758774,PREPARATION,False,FOLLOW,0,False,inf,0.08257699012756348,0.0,True,True,TRACKING,0,0.08257699012756348,0.08740659519682847,0.08740659519682847,3,0,0.08257699012756348,0.0366818904876709,inf,VISION,,,0,,0.0,0.0,False,,0.0,0.0,0.0,False,0.0,-0.6005949549408278,4.749270337819161,SAFE,4.7765897899344125,0.99946129322052,19.97922134399414,15.79289722442627,,,0.013651580549776554,0.0031252000480890274,,20.048038749788997,0.0007376069997917512,0.0,0.3473552610214245,0.49697124850352636,1.7239226383195125,0.3663901775381001,0.6331934587474526,1.2554250284659856,0.3473552610214245,0.49697124850352636,1.7239226383195125
24.662012815475464,24.662012815475464,,False,PERIODIC,True,True,1,FOLLOW,64.97083338676497,-15.426352989148162,-4.97746758394655,5.027391480156292,-3.455522761152012,0.016744249167092173,70.74519178132586,-18.710048167133493,0.12401739388957371,3.6753167729098983,-1.578621746577428,0.1325410166766155,8.3756204468593,6.642730529741512,5.101484977836123,2.3160898781895702,1.5974696277051772,PREPARATION,False,FOLLOW,0,False,inf,0.08455610275268555,0.0,True,True,TRACKING,0,0.08455634117126465,0.09130765301412619,0.09130765301412619,3,0,0.08455634117126465,0.024124860763549805,inf,VISION,,,0,,0.0,0.0,False,,0.0,0.0,0.0,False,0.0,-0.595270008199356,4.747467583946549,SAFE,4.774970724561605,0.99946129322052,19.97922134399414,15.79289722442627,,,5.148100171936676e-05,0.0031252000480890274,,19.99556288550945,0.0006857970001874492,0.0,0.340540623204516,0.48608597626399186,1.6502494354175505,0.36733155091010655,0.6358902490575177,1.2808025768222768,0.340540623204516,0.48608597626399186,1.6502494354175505
24.711711645126343,24.711711645126343,,False,PERIODIC,True,True,1,FOLLOW,65.2122108045937,-15.591884045510218,-4.975940943332047,5.010388426054471,-3.4166338071912947,0.013354543197396245,70.9292114243583,-18.788065435473207,0.13025169272112896,3.690065753799492,-1.543831186573256,0.11685813134028807,8.304990957274926,6.5497840852912566,5.1061926360531755,2.293764287677087,1.565997269110984,PREPARATION,False,FOLLOW,0,False,inf,0.0826103687286377,0.0,True,True,TRACKING,0,0.0826103687286377,0.095142228064752,0.095142228064752,3,0,0.0826103687286377,0.017381906509399414,inf,VISION,,,0,,0.0,0.0,False,,0.0,0.0,0.0,False,0.0,-0.5917921241432738,4.745940943332046,SAFE,4.774130995735133,0.9994900226593018,19.824892044067383,15.02831745147705,,,0.010071479715406895,0.0031252000480890274,,19.967966773081606,0.0007645880004929495,0.0,0.3304591057347702,0.48305150049247203,1.551369989832992,0.36527171696952515,0.6246610370913884,1.3053704632387955,0.3304591057347702,0.48305150049247203,1.551369989832992
24.76190757751465,24.76190757751465,,False,PERIODIC,True,True,1,FOLLOW,65.46190059144865,-15.762126635767252,-4.974382595362369,4.987673819520726,-3.3725502180835454,0.010150237950205785,71.11437719453967,-18.864482551396897,0.1356949904098925,3.7049132906494755,-1.5078519518735494,0.10041885526426708,8.227271534861705,6.44787592744569,5.110077585772261,2.2651098476030707,1.5283866446533243,PREPARATION,False,FOLLOW,0,False,inf,0.08458375930786133,0.0,True,True,TRACKING,0,0.08458375930786133,0.09947392294137848,0.09947392294137848,3,0,0.08458375930786133,0.02141427993774414,inf,VISION,,,0,,0.0,0.0,False,,0.0,0.0,0.0,False,0.0,-0.5868787548225227,4.744382595362368,SAFE,4.772949929389354,0.9994900226593018,19.824892044067383,15.02831745147705,,,4.973199975211173e-05,0.0031252000480890274,,19.980572967581747,0.0008098700000118697,0.0,0.3137952905545149,0.4908888762570257,1.4398983938025656,0.358017064716793,0.6461212041453203,1.3309102764677263,0.3137952905545149,0.4908888762570257,1.4398983938025656
24.812981843948364,24.812981843948364,,False,PERIODIC,True,True,1,FOLLOW,65.71826623462327,-15.935839329820018,-4.972920977056979,4.9593171820388955,-3.323232032225114,0.007007978742561868,71.2996593840501,-18.938820674184143,0.14028495631319957,3.7197595480135823,-1.470846322686972,0.08341699114551873,8.143385129055345,6.337968636958353,5.113205933370178,2.2301735991056737,1.4846950018927974,PREPARATION,False,FOLLOW,0,False,inf,0.08257198333740234,0.0,True,True,TRACKING,0,0.08257198333740234,0.1036341340063093,0.1036341340063093,3,0,0.08257198333740234,0.03897881507873535,inf,VISION,,,0,,0.0,0.0,False,,0.0,0.0,0.0,False,0.0,-0.5832673419216978,4.742920977056978,SAFE,4.7721607182660515,1.0002487897872925,19.897747039794922,15.356183052062988,,,0.013026461005210876,0.002461660886183381,,20.004050422437775,0.0006550960006279638,0.0,0.33940331778031796,0.5166418209589667,1.359495650799995,0.37233102003677904,0.6525879735304558,1.3530569401485966,0.33940331778031796,0.5166418209589667,1.359495650799995
24.86184787750244,24.86184787750244,,False,PERIODIC,True,True,1,FOLLOW,65.96513700677555,-16.10184967315912,-4.971533219254636,4.927956348787427,-3.2719795026904825,0.004307758549023465,71.48586459855983,-19.01135192285303,0.1440163288907628,3.7346500579176674,-1.432616119166457,0.06588544137483462,8.069230673564412,6.240483673855912,5.115549548145399,2.1934058838939254,1.440601669543285,PREPARATION,False,FOLLOW,0,False,inf,0.08455705642700195,0.0,True,True,TRACKING,0,0.08455729484558105,0.10875315342803839,0.10875315342803839,3,0,0.08455729484558105,0.019330263137817383,inf,VISION,,,0,,0.0,0.0,False,,0.0,0.0,0.0,False,0.0,-0.5774005681948715,4.741533219254635,SAFE,4.770955095731692,1.0002487897872925,19.897747039794922,15.356183052062988,,,4.005699884146452e-05,0.002461660886183381,,20.00436175233199,0.0005522949995793169,0.0,0.3042602543316215,0.5064673774510823,1.2424529776418904,0.3540739818872754,0.6589500709927357,1.3746413991877031,0.3042602543316215,0.5064673774510823,1.2424529776418904
24.91177487373352,24.91177487373352,,False,PERIODIC,True,True,1,FOLLOW,66.20043116793308,-16.25884988889014,-4.970221365600092,4.894494189964481,-3.2198399810015133,0.0020737972175379864,71.67367051009265,-19.082260876273914,0.14687221090005143,3.749617410875548,-1.3929713823546237,0.04786558612927624,8.007037228020225,6.158571141120542,5.117093576500143,2.1564527826852222,1.3975037602055145,PREPARATION,False,FOLLOW,0,False,inf,0.08270549774169922,0.0,True,True,TRACKING,0,0.08270549774169922,0.11357942004129644,0.11357942004129644,3,0,0.08270549774169922,0.03599190711975098,inf,VISION,,,0,,0.0,0.0,False,,0.0,0.0,0.0,False,0.0,-0.5735002705770569,4.7402213656000916,SAFE,4.770101724670348,0.9992401003837585,20.027484893798828,17.66050148010254,,,0.014064256101846695,0.002461660886183381,,19.989273406481054,0.0010293859995726962,0.0,0.35605562944925995,0.521125421421086,1.248309348058666,0.38007135001249714,0.6686165483117387,1.403298869543585,0.35605562944925995,0.521125421421086,1.248309348058666
24.96170449256897,24.96170449256897,,False,PERIODIC,True,True,1,FOLLOW,66.44196659560487,-16.418585141319998,-4.969193303579152,4.856590968127231,-3.162805651490468,-0.0003085744220590489,71.8609046339377,-19.150673000994004,0.14880539531740133,3.764465278253796,-1.352331752500683,0.029677423959135703,7.938709228720707,6.068706084188664,5.117998698896553,2.114581145641783,1.3492202061931757,PREPARATION,False,FOLLOW,0,False,inf,0.08454513549804688,0.0,True,True,TRACKING,0,0.08454513549804688,0.11911736106868231,0.11911736106868231,3,0,0.08454513549804688,0.0349888801574707,inf,VISION,,,0,,0.0,0.0,False,,0.0,0.0,0.0,False,0.0,-0.5679580981757524,4.739193303579151,SAFE,4.769287872314453,0.9992401003837585,20.027484893798828,17.66050148010254,,,2.2401000023819506e-05,0.002461660886183381,,20.00116857027836,0.0006773349996365141,0.0,0.3530762521052291,0.49224150495394603,1.1788060874893758,0.3834876145718182,0.6751209191204569,1.4284603686711383,0.3530762521052291,0.49224150495394603,1.1788060874893758
25.01171064376831,25.01171064376831,,False,PERIODIC,True,True,1,FOLLOW,66.68917373107467,-16.580325584640157,-4.9684089218766045,4.814632783661441,-3.101091665121541,-0.0027156459757373087,72.04971104113248,-19.217316213266024,0.14982965291070283,3.779338118698773,-1.3101921174203501,0.011225986785136829,7.866730320560331,5.974033798697698,5.118238574787307,2.0686591315101994,1.2967222701509495,PREPARATION,False,FOLLOW,0,False,inf,0.08263349533081055,0.0,True,True,TRACKING,0,0.08263349533081055,0.12442235599889286,0.12442235599889286,3,0,0.08263349533081055,0.03809499740600586,inf,VISION,,,0,,0.0,0.0,False,,0.0,0.0,0.0,False,0.0,-0.5637122406748762,4.738408921876604,SAFE,4.768624114990234,0.9995769262313843,19.976301193237305,17.738616943359375,,,0.010954828932881355,0.002461660886183381,,19.99227721738991,0.0006848689999969793,0.0,0.2996847676687869,0.49440373707761603,1.158336602994961,0.3573342630701424,0.6773765645603375,1.4507786426994171,0.2996847676687869,0.49440373707761603,1.158336602994961
25.061840534210205,25.061840534210205,,False,PERIODIC,True,True,1,FOLLOW,66.93086154266489,-16.736536930525194,-4.967956253091403,4.7710021455041085,-3.0379030067373622,-0.004548009744090607,72.23997804077972,-19.28205564272713,0.14992670631569344,3.794197238609344,-1.2665177908459215,-0.007364796018902222,7.801224871192654,5.887816531170558,5.117882959407097,2.0228596944665673,1.2446098405051882,PREPARATION,False,FOLLOW,0,False,inf,0.0845186710357666,0.0,True,True,TRACKING,0,0.0845186710357666,0.1307083561973063,0.1307083561973063,3,0,0.0845186710357666,0.028753995895385742,inf,VISION,,,0,,0.0,0.0,False,,0.0,0.0,0.0,False,0.0,-0.5567953842998441,4.737956253091403,SAFE,4.767978000640869,0.9995769262313843,19.976301193237305,17.738616943359375,,,4.767099744640291e-05,0.002461660886183381,,20.02628966783084,0.0005282399997668108,0.0,0.3536513243485768,0.48536610512445894,1.0093981524894633,0.3960815209610236,0.6907975999774051,1.4637097125639664,0.3536513243485768,0.48536610512445894,1.0093981524894633
25.11173105239868,25.11173105239868,,False,PERIODIC,True,True,1,FOLLOW,67.1557323967714,-16.879933492789622,-4.967771152003523,4.728204810590543,-2.976230659470617,-0.005939940099282864,72.42950390274504,-19.34408870629533,0.14910040648893697,3.8088403003350195,-1.221775579451413,-0.02576626895279519,7.750296856222728,5.821058908262899,5.116871558492459,1.980842450534211,1.1964982684313907,PREPARATION,False,FOLLOW,0,False,inf,0.08263063430786133,0.0,True,True,TRACKING,0,0.08263063430786133,0.13630287864342014,0.13630287864342014,3,0,0.08263063430786133,0.018546104431152344,inf,VISION,,,0,,0.0,0.0,False,,0.0,0.0,0.0,False,0.0,-0.5521433132922438,4.737771152003522,SAFE,4.767798233032226,1.0000300407409668,19.945405960083008,17.575794219970703,,,0.01373250037431717,0.0041168550960719585,,19.99433376872122,0.0007286299996849266,0.0,0.3533568894332555,0.5159678878269094,1.123343749101053,0.4034267704482295,0.7029855799240333,1.4906752362864573,0.3533568894332555,0.5159678878269094,1.123343749101053
25.161781787872314,25.161781787872314,,False,PERIODIC,True,True,1,FOLLOW,67.38980434378576,-17.027170975191055,-4.9677430256406385,4.682115694685314,-2.9097036041367033,-0.007191808750253577,72.62013168637284,-19.403970604051402,0.1473558485348986,3.823377025817169,-1.1754948398242577,-0.04404547359570578,7.692186755335354,5.745041391179423,5.115098874175537,1.9355284374661288,1.1442599493254977,PREPARATION,False,FOLLOW,0,False,inf,0.08456182479858398,0.0,True,True,TRACKING,0,0.08456182479858398,0.14256772392546205,0.14256772392546205,3,0,0.08456182479858398,0.02379608154296875,inf,VISION,,,0,,0.0,0.0,False,,0.0,0.0,0.0,False,0.0,-0.5455297218053929,4.737743025640638,SAFE,4.767735767364502,1.0000300407409668,19.945405960083008,17.575794219970703,,,5.387199780670926e-05,0.0041168550960719585,,19.978814755463652,0.0009083329996428802,0.0,0.3224419209235499,0.4927467756715663,1.0385177300686406,0.38841696955138205,0.713254982827854,1.5101855478108999,0.3224419209235499,0.4927467756715663,1.0385177300686406
25.211687326431274,25.211687326431274,,False,PERIODIC,True,True,1,FOLLOW,67.62919828895059,-17.175571005372984,-4.967868127054442,4.633258324977553,-2.8392941600094,-0.007920858812570224,72.81141931352285,-19.46148516322362,0.14470549388431342,3.837736088014503,-1.1277329997615317,-0.06204784752693018,7.630152509229388,5.663993139524511,5.112573620938755,1.8881808614852045,1.0893336869440735,PREPARATION,False,FOLLOW,0,False,inf,0.08261919021606445,0.0,True,True,TRACKING,0,0.08261919021606445,0.14842379794549598,0.14842379794549598,3,0,0.08261919021606445,0.01879262924194336,inf,VISION,,,0,,0.0,0.0,False,,0.0,0.0,0.0,False,0.0,-0.5405108468914155,4.737868127054441,SAFE,4.767801094055176,1.0003530979156494,19.908845901489258,17.06812858581543,,,0.01021517813205719,0.0041168550960719585,,20.006681967374444,0.0007306130000870326,0.0,0.3178550989528075,0.5020675038569683,1.0853211412310566,0.38519734143618056,0.7230367330650798,1.5335649032375076,0.3178550989528075,0.5020675038569683,1.0853211412310566
25.262093782424927,25.262093782424927,,False,PERIODIC,True,True,1,FOLLOW,67.8583370637891,-17.315528892664037,-4.96823842097021,4.585704647075021,-2.7703166424155934,-0.008472375353939727,73.00352602439014,-19.516606369509727,0.141163007027698,3.851888824615536,-1.0784027461027468,-0.07967833124936202,7.57784233484673,5.596222967267143,5.109401427997908,1.845569988373074,1.0376930667115065,PREPARATION,False,FOLLOW,0,False,inf,0.08455252647399902,0.0,True,True,TRACKING,0,0.08455252647399902,0.15420062434145157,0.15420062434145157,0,0,0.08455252647399902,0.022812604904174805,inf,VISION,,,0,,0.0,0.0,False,,0.0,0.0,0.0,False,0.0,-0.5323575164493355,4.73823842097021,SAFE,4.768199253082275,1.0003530979156494,19.908845901489258,17.06812858581543,,,4.503799937083386e-05,0.0041168550960719585,,20.00626007006177,0.000550301999282965,0.0,0.33016580586539873,0.47145499242941363,1.0790425524153224,0.40124550897457834,0.731153496606706,1.554910065393852,0.33016580586539873,0.47145499242941363,1.0790425524153224
25.311729431152344,25.311729431152344,,False,PERIODIC,True,True,1,FOLLOW,68.07612566523534,-17.44650270767165,-4.968956713448485,4.540061573597468,-2.703307453270346,-0.00892947484818112,73.1963642124781,-19.569231484482557,0.13675065673063233,3.865784395779449,-1.027477982901884,-0.09682093308040524,7.535984871964192,5.542816995046094,5.105707370179117,1.8085295227647953,0.9897232587327165,PREPARATION,False,FOLLOW,0,False,inf,0.08258700370788574,0.0,True,True,TRACKING,0,0.08258700370788574,0.16034779288652407,0.16034779288652407,0,0,0.08258700370788574,0.03507637977600098,inf,VISION,,,0,,0.0,0.0,False,,0.0,0.0,0.0,False,0.0,-0.5268918070201423,4.738956713448484,SAFE,4.768737125396728,0.9992126226425171,19.953548431396484,12.431474685668945,,,0.015881484374403954,0.002809824887663126,,19.98949903704384,0.0006023300002198084,0.0,0.38414209676601424,0.50639455288443,1.120384033098896,0.4363180998770192,0.7505468719691888,1.580306401427638,0.38414209676601424,0.50639455288443,1.120384033098896
25.36221218109131,25.36221218109131,,False,PERIODIC,True,True,1,FOLLOW,68.29972885676095,-17.578852864776838,-4.970054105257823,4.493594873380042,-2.6334338194225864,-0.0095833815538391,73.39081647235643,-19.61950416751172,0.13146900494977076,3.8794358330941257,-0.9746679521279475,-0.11344478488965956,7.490592025534794,5.4848364468800055,5.1015231102075935,1.771858549763366,0.9400527404782993,PREPARATION,False,FOLLOW,0,False,inf,0.08449888229370117,0.0,True,True,TRACKING,0,0.08449888229370117,0.1665833125288957,0.1665833125288957,0,0,0.08449888229370117,0.020160913467407227,inf,VISION,,,0,,0.0,0.0,False,,0.0,0.0,0.0,False,0.0,-0.5190817386955655,4.740054105257823,SAFE,4.769928741455078,0.9992126226425171,19.953548431396484,12.431474685668945,,,0.016041599214076996,0.002809824887663126,,20.02617895250014,0.0005617990000246209,0.0,0.34306586300998615,0.4885507639438475,0.9874126959470829,0.41825638886405436,0.758285267756517,1.6042927370159579,0.34306586300998615,0.4885507639438475,0.9874126959470829
25.411803722381592,25.411803722381592,,False,PERIODIC,True,True,1,FOLLOW,68.52907619977269,-17.71234195309964,-4.971332298639194,4.446116994381511,-2.5607248994706895,-0.009696676287586865,73.58418287161638,-19.66666624173576,0.12542846129232857,3.892604321562093,-0.920669102205629,-0.12922319116598946,7.439788782811607,5.419731256148377,5.096760759931522,1.735063654415424,0.8887973474077214,PREPARATION,False,FOLLOW,0,False,inf,0.08259034156799316,0.0,True,True,TRACKING,0,0.08259034156799316,0.1724499093937787,0.1724499093937787,0,0,0.08259034156799316,0.020837068557739258,inf,VISION,,,0,,0.0,0.0,False,,0.0,0.0,0.0,False,0.0,-0.5130853909594753,4.741332298639193,SAFE,4.770898628234863,0.9994125962257385,19.8861083984375,12.626425743103027,,,0.014025305397808552,0.002809824887663126,,20.03758402761801,0.0005399450001277728,0.0,0.39256777521033637,0.5464258315664776,1.068731836024635,0.4562466327872934,0.7857017854181355,1.6308291061403914,0.39256777521033637,0.5464258315664776,1.068731836024635
25.46212387084961,25.46212387084961,,False,PERIODIC,True,True,1,FOLLOW,68.75234882475445,-17.84002091886393,-4.97271652431441,4.399988304348055,-2.4889863959324323,-0.00942557248318619,73.77946951108208,-19.711381666329054,0.11857494055191439,3.9054401745530822,-0.8646022455365175,-0.1443080888510131,7.395619123662137,5.364133988078267,5.091291464866324,1.7033481775499923,0.840049760810178,PREPARATION,False,FOLLOW,0,False,inf,0.0845956802368164,0.0,True,True,TRACKING,0,0.0845956802368164,0.17804769012160565,0.17804769012160565,0,0,0.0845956802368164,0.022064924240112305,inf,VISION,,,0,,0.0,0.0,False,,0.0,0.0,0.0,False,0.0,-0.5032940069271761,4.742716524314409,SAFE,4.772612857818603,0.9994125962257385,19.8861083984375,12.626425743103027,,,4.565799827105366e-05,0.002809824887663126,,20.0015902528743,0.0007329469999604044,0.0,0.39419422255130876,0.5254025309015056,0.9608009054850737,0.4655768313449311,0.8042783547661309,1.6606602262231054,0.39419422255130876,0.5254025309015056,0.9608009054850737
25.512755155563354,25.512755155563354,,False,PERIODIC,True,True,1,FOLLOW,68.95870393839475,-17.955784322109785,-4.974124638204636,4.357580089589651,-2.4219282112614215,-0.00891981363753054,73.9749240030516,-19.753149705113685,0.11100660154974412,3.9177652709754427,-0.8069171466381904,-0.1584678503897778,7.365564865141888,5.328506925686287,5.0851312397543795,1.6804946976484523,0.7968763291867086,PREPARATION,False,FOLLOW,0,False,inf,0.0825495719909668,0.0,True,True,TRACKING,0,0.0825495719909668,0.1835608411442326,0.1835608411442326,0,0,0.0825495719909668,0.019466400146484375,inf,VISION,,,0,,0.0,0.0,False,,0.0,0.0,0.0,False,0.0,-0.496857278576031,4.744124638204635,SAFE,4.7737987518310545,0.9999619722366333,19.992706298828125,11.61073112487793,,,0.02096371352672577,0.0025018961168825626,,20.021484742531555,0.0005905600000915001,0.0,0.41594969140631766,0.5271067532433484,1.0518027252297077,0.47794253813088017,0.8120784998168128,1.6887267277738043,0.41594969140631766,0.5271067532433484,1.0518027252297077
25.562037467956543,25.562037467956543,,False,PERIODIC,True,True,1,FOLLOW,69.17712882916905,-18.07580000331652,-4.975628477083706,4.313734409627289,-2.3500965487288132,-0.00853053108463,74.17113690940094,-19.79202062250247,0.10274795243635819,3.9295535880912515,-0.7474012298084444,-0.17166193997543505,7.326352235529316,5.280675138572761,5.078376429520064,1.6561518787514828,0.7503902903807501,PREPARATION,False,FOLLOW,0,False,inf,0.0845954418182373,0.0,True,True,TRACKING,0,0.0845954418182373,0.18932838443548614,0.18932838443548614,0,0,0.0845954418182373,0.016045570373535156,inf,VISION,,,0,,0.0,0.0,False,,0.0,0.0,0.0,False,0.0,-0.48759025803684874,4.745628477083706,SAFE,4.775469589233398,0.9999619722366333,19.992706298828125,11.61073112487793,,,4.679700214182958e-05,0.0025018961168825626,,20.00239350700984,0.0006772440001441282,0.0,0.4034986277705246,0.5502859446602386,0.9200406157385588,0.48030633521543453,0.8459519204703662,1.7199776391377306,0.4034986277705246,0.5502859446602386,0.9200406157385588
25.61175227165222,25.61175227165222,,False,PERIODIC,True,True,1,FOLLOW,69.3967588456498,-18.193815049033844,-4.977152715181265,4.270498523711926,-2.27716676649901,-0.007834329513062704,74.36758356475852,-19.827810724578548,0.09387153609222246,3.9407057491006325,-0.6861765071796204,-0.18377736163165329,7.286585428910094,5.232498471648231,5.071024251273487,1.63431001648588,0.7042015375460126,PREPARATION,False,FOLLOW,0,False,inf,0.08258271217346191,0.0,True,True,TRACKING,0,0.08258271217346191,0.19442427593106407,0.19442427593106407,0,0,0.08258271217346191,0.03934359550476074,inf,VISION,,,0,,0.0,0.0,False,,0.0,0.0,0.0,False,0.0,-0.4806824873297826,4.747152715181264,SAFE,4.776621150970459,1.0013593435287476,20.00482177734375,11.57262897491455,,,3.20979997923132e-05,0.0025018961168825626,,20.007571023536805,0.0005283990003590588,0.0,0.3989092245962343,0.5747334996022228,1.0427044472027163,0.47713274758808766,0.8676314127114623,1.752949284163847,0.3989092245962343,0.5747334996022228,1.0427044472027163
25.66203737258911,25.66203737258911,,False,PERIODIC,True,True,1,FOLLOW,69.6106045178909,-18.306203242221446,-4.9787001484467535,4.229159203158626,-2.2055844781146767,-0.006971966446237345,74.56533263275742,-19.86061895838621,0.08438061277023241,3.9512068130826306,-0.6228681403390285,-0.19480352218593594,7.252608200193516,5.192835344097545,5.063080761216986,1.6178780023050299,0.6602292410419249,PREPARATION,False,FOLLOW,0,False,inf,0.0846247673034668,0.0,True,True,TRACKING,0,0.0846247673034668,0.20023941289233918,0.20023941289233918,0,0,0.0846247673034668,0.024655818939208984,inf,VISION,,,0,,0.0,0.0,False,,0.0,0.0,0.0,False,0.0,-0.46930962147990796,4.748700148446753,SAFE,4.778599071502685,1.0013593435287476,20.00482177734375,11.57262897491455,,,3.75300005543977e-05,0.0025018961168825626,,20.02402024820789,0.0006711940004606731,0.0,0.4169048798189628,0.5600407821257606,0.9319728423280544,0.4976967380498976,0.8829664876804753,1.787267434953038,0.4169048798189628,0.5600407821257606,0.9319728423280544
25.714118003845215,25.714118003845215,,False,PERIODIC,True,True,1,FOLLOW,69.81180779856095,-18.40945710261486,-4.980076245304654,4.191456843554877,-2.1376702039059605,-0.006079996967306222,74.76292718403724,-19.890114582233164,0.07440126964217164,3.9609011673826284,-0.5579085428875672,-0.20459253468671043,7.228670188235992,5.167778027468744,5.054477514946826,1.608791488375866,0.6203038233455659,PREPARATION,False,FOLLOW,0,False,inf,0.0826878547668457,0.0,True,True,TRACKING,0,0.0826878547668457,0.20497862091207075,0.20497862091207075,0,0,0.0826878547668457,0.03889870643615723,inf,VISION,,,0,,0.0,0.0,False,,0.0,0.0,0.0,False,0.0,-0.4618438650741674,4.750076245304654,SAFE,4.7797730445861815,1.000726580619812,19.913162231445312,12.22110366821289,,,0.0132437814027071,0.0025018961168825626,,20.001725797484845,0.0008693270001458586,0.0,0.42502749553974606,0.5935217648195046,1.1137953933132938,0.5043424908893503,0.9033212779248959,1.8249574857439672,0.42502749553974606,0.5935217648195046,1.1137953933132938
25.764880180358887,25.764880180358887,,False,PERIODIC,True,True,1,FOLLOW,70.01396195295423,-18.51064858341312,-4.98129569998283,4.15464007726075,-2.0692061668450616,-0.005123215203100868,74.96176370528296,-19.916415253816147,0.06392238663801238,3.969774158163499,-0.4908086523048304,-0.21315381161951433,7.204939115185452,5.143629274351259,5.045218086620842,1.6027447866069693,0.5805875938405926,PREPARATION,False,FOLLOW,0,False,inf,0.08498787879943848,0.0,True,True,TRACKING,0,0.08498787879943848,0.2103512731857342,0.2103512731857342,0,0,0.08498787879943848,0.019939661026000977,inf,VISION,,,0,,0.0,0.0,False,,0.0,0.0,0.0,False,0.0,-0.4510554000948175,4.75129569998283,SAFE,4.781202125549316,1.000726580619812,19.913162231445312,12.22110366821289,,,1.758299913490191e-05,0.0025018961168825626,,19.986586287385606,0.000647796000521339,0.0,0.43688391158022577,0.5961801872091567,1.0099981236643463,0.522684594034455,0.9309100553881147,1.8672721461401312,0.43688391158022577,0.5961801872091567,1.0099981236643463
25.81238627433777,25.81238627433777,,False,PERIODIC,True,True,1,FOLLOW,70.22811966118623,-18.61503121061347,-4.982459654980613,4.116805226290345,-1.9961893588256858,-0.004247154235084768,75.16110732112628,-19.939312894070664,0.0530424054859089,3.9777003524608916,-0.4217818227857839,-0.22039623342109377,7.17247309031018,5.1076500692844125,5.035502060466523,1.5952522308071857,0.5381101850540376,PREPARATION,False,FOLLOW,0,False,inf,0.08295202255249023,0.0,True,True,TRACKING,0,0.08295202255249023,0.21521574569104607,0.21521574569104607,0,0,0.08295202255249023,0.015496253967285156,inf,VISION,,,0,,0.0,0.0,False,,0.0,0.0,0.0,False,0.0,-0.44315222174860835,4.752459654980613,SAFE,4.782109069824219,1.0007212162017822,19.869352340698242,11.317817687988281,,,0.016323719173669815,0.006158764008432627,,19.894514738438772,0.0015262790002452675,0.0,0.4718191813697267,0.6553677740869025,1.1202918367495716,0.551951471875382,0.9645496256023781,1.910472681191153,0.4718191813697267,0.6553677740869025,1.1202918367495716
25.86175298690796,25.86175298690796,,False,PERIODIC,True,True,1,FOLLOW,70.43861708612047,-18.71481960972245,-4.983526424109923,4.080728823209085,-1.924080111236082,-0.003421509121187679,75.35923554786602,-19.958560342533676,0.0419233746390011,3.9845324779807383,-0.35142699372227804,-0.2262297421428893,7.142445151085902,5.07536964727939,5.025449798748924,1.591268385145457,0.4968928382147202,PREPARATION,False,FOLLOW,0,False,inf,0.08469653129577637,0.0,True,True,TRACKING,0,0.08469653129577637,0.21995609157057167,0.21995609157057167,0,0,0.08469653129577637,0.007809162139892578,inf,VISION,,,0,,0.0,0.0,False,,0.0,0.0,0.0,False,0.0,-0.4302516710027584,4.753526424109922,SAFE,4.783457088470459,1.0007212162017822,19.869352340698242,11.317817687988281,,,2.995999966515228e-05,0.006158764008432627,,20.01737094308125,0.0007381659997918177,0.0,0.4488827708402544,0.6381335724039318,1.1515317551024375,0.5423355901785883,0.9811852219518653,1.9592406282124784,0.4488827708402544,0.6381335724039318,1.1515317551024375
25.91166377067566,25.91166377067566,,False,PERIODIC,True,True,1,FOLLOW,70.63271825167188,-18.80415519929948,-4.984397550257544,4.049191296700362,-1.857505183403209,-0.002684324857678235,75.55856734954617,-19.974322496953768,0.030496769798373898,3.990266129871308,-0.27888386974124746,-0.23069831173903235,7.126180314927319,5.062932039789643,5.014894320055918,1.5960914151285883,0.4604112468675775,PREPARATION,False,FOLLOW,0,False,inf,0.08260893821716309,0.0,True,True,TRACKING,0,0.08260893821716309,0.22916092106159494,0.22916092106159494,0,0,0.08260893821716309,0.027295351028442383,inf,VISION,,,0,,0.0,0.0,False,,0.0,0.0,0.0,False,0.0,-0.42168765135274855,4.7543975502575435,SAFE,4.784213829040527,0.9995954036712646,20.165416717529297,9.52436351776123,,,0.011746842414140701,0.006158764008432627,,19.981454694709782,0.0006977650000408175,0.0,0.4639349619064434,0.7033663630320269,1.1354198852526536,0.5545795392425307,1.0165386460934651,2.006063662085805,0.4639349619064434,0.7033663630320269,1.1354198852526536
25.961692810058594,25.961692810058594,,False,PERIODIC,True,True,1,FOLLOW,70.83218207932094,-18.893363987528975,-4.985163126103193,4.019117445437672,-1.789409083004103,-0.0021858982353661145,75.75799514942737,-19.986403524468187,0.01889160289078008,3.994766856316396,-0.20454281624153545,-0.23374329383898934,7.106260167043601,5.045628784496895,5.004054728993973,1.601877917374231,0.42371004582113464,PREPARATION,False,FOLLOW,0,False,inf,0.08463549613952637,0.0,True,True,TRACKING,0,0.08463549613952637,0.22916092106159494,0.22916092106159494,0,0,0.08463549613952637,0.04010272026062012,inf,VISION,,,0,,0.0,0.0,False,,0.0,0.0,0.0,False,0.0,-0.4101600987561347,4.755163126103192,SAFE,4.785090732574463,0.9995954036712646,20.165416717529297,9.52436351776123,,,3.804399966611527e-05,0.006158764008432627,,20.017265354349696,0.000725858999430784,0.0,0.46804153377813124,0.6909639179075904,1.0029609862514963,0.5664864445445724,1.0428257448235085,2.0542786172657967,0.46804153377813124,0.6909639179075904,1.0029609862514963
26.01173210144043,26.01173210144043,,False,PERIODIC,True,True,1,FOLLOW,71.03651140905497,-18.982029774979118,-4.985847449619348,3.9909291858332288,-1.719904749754386,-0.00178728004632721,75.95778923792192,-19.99473112140174,0.007159943435914191,3.9979415981601663,-0.12830813575348776,-0.23535087413660238,7.083407535434346,5.0243944397254054,4.993007393055262,1.6086581078992932,0.387311720096031,PREPARATION,False,FOLLOW,0,False,inf,0.08261370658874512,0.0,True,True,TRACKING,0,0.08261370658874512,0.23803062938443534,0.23803062938443534,0,0,0.08261370658874512,0.040642499923706055,inf,VISION,,,0,,0.0,0.0,False,,0.0,0.0,0.0,False,0.0,-0.40124192347784327,4.755847449619347,SAFE,4.785652446746826,0.9987964630126953,20.12369728088379,12.97852611541748,,,3.804399966611527e-05,0.0022118811029940844,,19.986290547891542,0.000642889999653562,0.0,0.4780339926010908,0.7491984806479078,1.13503149479992,0.5750215247591551,1.0706961831056203,2.1040136466717683,0.4780339926010908,0.7491984806479078,1.13503149479992
26.064009189605713,26.064009189605713,,False,PERIODIC,True,True,1,FOLLOW,71.23868034175075,-19.06695283716299,-4.986404362430891,3.964888944514816,-1.6512755787749702,-0.0014903943505206086,76.15789449862612,-19.999204994095244,-0.0046269066221138865,3.9996848514730936,-0.050210446091013106,-0.235507328930086,7.0629928942702795,5.006771615053746,4.981777455808777,1.6184511855188475,0.3521521586418211,PREPARATION,False,FOLLOW,0,False,inf,0.13270926475524902,0.0,True,True,TRACKING,0,0.0847163200378418,0.23803062938443534,0.23803062938443534,0,0,0.0847163200378418,0.09073805809020996,inf,VISION,,,0,,0.0,0.0,False,,0.0,0.0,0.0,False,0.0,-0.395995844906869,4.7564043624308905,SAFE,4.78594331741333,0.9987964630126953,20.12369728088379,12.97852611541748,,,3.8163001590874046e-05,0.0022118811029940844,,19.96329981056706,0.0005820340002173907,0.0,0.47524683957288666,0.7470552405112785,1.0503671941295991,0.5823220421753429,1.0975014626260802,2.157011991227962,0.47524683957288666,0.7470552405112785,1.0503671941295991
26.111753225326538,26.111753225326538,,False,PERIODIC,True,True,1,FOLLOW,71.42776941060093,-19.14368264936473,-4.986870377493899,3.9419406195283306,-1.587010307601606,-0.0017579188950751208,76.3577765143981,-19.99972914442647,-0.016369233199316734,3.999891096153813,0.029516417625577034,-0.2342122545918724,7.052919060263754,5.003777137842773,4.970501144294582,1.6341823427326219,0.3195188117422115,PREPARATION,False,FOLLOW,0,False,inf,0.08192634582519531,0.0,True,True,TRACKING,0,0.08192634582519531,0.24211918576171532,0.24211918576171532,0,0,0.08192634582519531,0.013284444808959961,inf,VISION,,,0,,0.0,0.0,False,,0.0,0.0,0.0,False,0.0,-0.37778871676360604,4.7568703774938985,SAFE,4.786750602722168,1.0008950233459473,19.90831756591797,12.904186248779297,,,1.7330999980913475e-05,0.0022118811029940844,,19.998960047139175,0.0007675019996895571,0.0,0.5218383005090753,0.7822620349407026,1.2068363882986388,0.6135331040545381,1.12260060654393,2.2112924260623426,0.5218383005090753,0.7822620349407026,1.2068363882986388
26.161974906921387,26.161974906921387,,False,PERIODIC,True,True,1,FOLLOW,71.64808261398458,-19.22971772182055,-4.987546880062392,3.917588959078609,-1.5122543497799252,-0.0025019189683691,76.55802438523281,-19.99621624908383,-0.028033676728003488,3.998457515332882,0.11107429080574592,-0.23146798100691893,7.0208133007076245,4.969411251782747,4.959513203334389,1.6413899769103668,0.28241447718537865,PREPARATION,False,FOLLOW,0,False,inf,0.08460664749145508,0.0,True,True,TRACKING,0,0.08460664749145508,0.24646559837924265,0.24646559837924265,0,0,0.08460664749145508,0.03539609909057617,inf,VISION,,,0,,0.0,0.0,False,,0.0,0.0,0.0,False,0.0,-0.3628845299447705,4.7575468800623915,SAFE,4.787507343292236,1.0008950233459473,19.90831756591797,12.904186248779297,,,5.043900091550313e-05,0.0022118811029940844,,20.02079060890336,0.0006164490005176049,0.0,0.49875199894546174,0.7921404027335781,1.0842413816068277,0.6119738066732185,1.1544073146980942,2.2675621337132412,0.49875199894546174,0.7921404027335781,1.0842413816068277
26.211783170700073,26.211783170700073,,False,PERIODIC,True,True,1,FOLLOW,71.82558631978888,-19.296186878629623,-4.988113155907485,3.9011359285897718,-1.4527104172850815,-0.0029874928633853996,76.75842289078287,-19.988566511487857,-0.039539906440814905,3.9952763077078224,0.19433791464495473,-0.22728611816287903,7.021441689387566,4.98119124227655,4.94857324946667,1.6649145599715462,0.2543582743397712,PREPARATION,False,FOLLOW,0,False,inf,0.08252382278442383,0.0,True,True,TRACKING,0,0.08252382278442383,0.2545808835935892,0.2545808835935892,0,0,0.08252382278442383,0.024717092514038086,inf,VISION,,,0,,0.0,0.0,False,,0.0,0.0,0.0,False,0.0,-0.3551108501372475,4.758113155907485,SAFE,4.787918376922607,0.9967818856239319,20.05827522277832,13.3221435546875,,,0.009838388301432133,0.003991873003542423,,20.008867077447327,0.0005194429995754035,0.0,0.5313308325684983,0.840675696284828,1.2300019334101744,0.633202207425318,1.1836214645731638,2.3250090113040893,0.5313308325684983,0.840675696284828,1.2300019334101744
26.26150131225586,26.26150131225586,,False,PERIODIC,True,True,1,FOLLOW,71.82558631978888,-19.296186878629623,-4.988113155907485,3.9011359285897718,-1.4527104172850815,-0.0029874928633853996,76.75842289078287,-19.988566511487857,-0.039539906440814905,3.9952763077078224,0.19433791464495473,-0.22728611816287903,7.021441689387566,4.98119124227655,4.94857324946667,1.6649145599715462,0.2543582743397712,PREPARATION,False,FOLLOW,0,False,inf,0.0845799446105957,0.0,True,True,TRACKING,0,0.0845799446105957,0.2545808835935892,0.2545808835935892,0,0,0.0845799446105957,0.02933216094970703,inf,VISION,,,0,,0.0,0.0,False,,0.0,0.0,0.0,False,0.0,-0.3397237315328163,4.758113155907485,SAFE,4.788481521606445,0.9967818856239319,20.05827522277832,13.3221435546875,,,3.5593002394307405e-05,0.003991873003542423,,20.00383450578276,0.0006882889992994023,0.0,0.5313308325684983,0.840675696284828,1.2300019334101744,0.633202207425318,1.1836214645731638,2.3250090113040893,0.5313308325684983,0.840675696284828,1.2300019334101744
26.311613082885742,26.311613082885742,,False,PERIODIC,True,True,1,FOLLOW,72.2131426921443,-19.432663728204975,-4.988513274157057,3.8724135825383073,-1.3229186480550492,-0.0031210559014498906,77.16359082912354,-19.960088798324445,-0.062021043681514974,3.98308443087162,0.3674757359991311,-0.21453530095735496,7.003958856136118,4.9784650206174685,4.926492230475542,1.707154706910093,0.1977762499355583,PREPARATION,False,FOLLOW,0,False,inf,0.08281087875366211,0.0,True,True,TRACKING,0,0.08281111717224121,0.25707436871646083,0.25707436871646083,0,0,0.08281111717224121,0.03525519371032715,inf,VISION,,,0,,0.0,0.0,False,,0.0,0.0,0.0,False,0.0,-0.329621349606418,4.758513274157057,SAFE,4.788519668579101,0.9975064992904663,20.123483657836914,12.602072715759277,,,0.013627665117383003,0.003991873003542423,,19.9602047121464,0.0012229079993630876,0.0,0.5181135376177145,0.8698891998891024,1.2421312527135677,0.6394674970782633,1.2488349886034762,2.445040637603191,0.5181135376177145,0.8698891998891024,1.2421312527135677
26.361559629440308,26.361559629440308,,False,PERIODIC,True,True,1,FOLLOW,72.34306115173875,-19.47557104542194,-4.988482622182812,3.8642280228162673,-1.2792699395434204,-0.002978412342916653,77.3558361411655,-19.940302632192402,-0.07219807207372836,3.9744095069423704,0.4517400481760576,-0.20653097709909285,7.036600196117851,5.034271401341459,4.916284550109084,1.7464160969389957,0.17804938815768212,PREPARATION,False,FOLLOW,0,False,inf,0.08464264869689941,0.0,True,True,TRACKING,0,0.08464264869689941,0.25707436871646083,0.25707436871646083,0,0,0.08464264869689941,0.022042512893676758,inf,VISION,,,0,,0.0,0.0,False,,0.0,0.0,0.0,False,0.0,-0.3196306727592697,4.758482622182812,SAFE,4.788497257232666,0.9975064992904663,20.123483657836914,12.602072715759277,,,3.0414001230383292e-05,0.003991873003542423,,19.95677572404619,0.000643337999463256,0.0,0.5096111618629178,0.839294721871077,1.2713298914559052,0.6435626060123951,1.2698986536735681,2.5084859274623144,0.5096111618629178,0.839294721871077,1.2713298914559052
26.411927938461304,26.411927938461304,,False,PERIODIC,True,True,1,FOLLOW,72.5298810748285,-19.534720402437774,-4.988261011533774,3.8534157739984676,-1.2161158524665483,-0.0030051101384331587,77.55409265215783,-19.91553917816802,-0.08228165371867432,3.9633879762548285,0.5399590259257218,-0.19700647649213876,7.032521480452564,5.038623315323229,4.9059793578151005,1.7701777859685859,0.15186435977578439,PREPARATION,False,FOLLOW,0,False,inf,0.06509637832641602,0.0,True,True,TRACKING,0,0.06509637832641602,0.2665530126421255,0.2665530126421255,0,0,0.06509637832641602,0.009874820709228516,inf,VISION,,,0,,0.0,0.0,False,,0.0,0.0,0.0,False,0.0,-0.30885311061464016,4.758261011533774,SAFE,4.788330364227295,0.9995931386947632,19.82920265197754,12.680342674255371,,,1.8333999832975678e-05,0.0025198450312018394,,20.02031782080092,0.0008247639998444356,0.0,0.5415031747210179,0.8909957515983258,1.4410200041829004,0.6689926578700808,1.2976879722877188,2.5708567169992818,0.5415031747210179,0.8909957515983258,1.4410200041829004
26.462314128875732,26.462314128875732,,False,PERIODIC,True,True,1,FOLLOW,72.72789463777369,-19.59391869652889,-4.988074794643867,3.8430840786550053,-1.1487767564261202,-0.0032715112718486867,77.75249401186639,-19.886224857514062,-0.09189426124590912,3.9501568618889484,0.6294924673668907,-0.18622679678589854,7.021725256481328,5.033094650598443,4.896180533397958,1.7908597515429252,0.12498115288568118,PREPARATION,False,FOLLOW,0,False,inf,0.06712770462036133,0.0,True,True,TRACKING,0,0.06712770462036133,0.27049190335965395,0.27049190335965395,0,0,0.06712770462036133,0.020995616912841797,inf,VISION,,,0,,0.0,0.0,False,,0.0,0.0,0.0,False,0.0,-0.29399934496595215,4.758074794643867,SAFE,4.788099575042724,0.9995931386947632,19.82920265197754,12.680342674255371,,,0.009805941954255104,0.0025198450312018394,,19.947094945204906,0.0014244139993024874,0.0,0.5553296578706601,0.8738491278780106,1.270231278179277,0.6870040755145395,1.3268453810768783,2.636307597388497,0.5553296578706601,0.8738491278780106,1.270231278179277
26.51248598098755,26.51248598098755,,False,PERIODIC,True,True,1,FOLLOW,72.92220464582826,-19.648745483369,-4.987972030931613,3.833950465759226,-1.0822782788613137,-0.003841266507259684,77.94927124204095,-19.85256566870223,-0.10089704151259062,3.934771298847405,0.7194267341200942,-0.17434980938756622,7.014017620658767,5.031196799043616,4.887074989419022,1.8125614354780073,0.0988989307342562,PREPARATION,False,FOLLOW,0,False,inf,0.0653984546661377,0.0,True,True,TRACKING,0,0.0653984546661377,0.2746130942193013,0.2746130942193013,0,0,0.0653984546661377,0.017026424407958984,inf,VISION,,,0,,0.0,0.0,False,,0.0,0.0,0.0,False,0.0,-0.2831405977494419,4.7579720309316125,SAFE,4.787997055053711,0.9357079863548279,19.796113967895508,13.027127265930176,,,2.663999839569442e-05,0.0025198450312018394,,19.98045774762654,0.0012738350005747634,0.0,0.5706283469239497,0.9211993650706966,1.4799472755256289,0.6988459442902984,1.3547773760651192,2.7070602677951934,0.5706283469239497,0.9211993650706966,1.4799472755256289
26.561851501464844,26.561851501464844,,False,PERIODIC,True,True,1,FOLLOW,73.10628661111846,-19.69764620695432,-4.987952010318594,3.826271893409393,-1.0188590445336771,-0.004416603883810717,78.14531723965737,-19.814382078685252,-0.10928382043565586,3.9171208643216615,0.8100395881041343,-0.16139537903616843,7.0147601702465705,5.040382618323933,4.878668189882938,1.8378699844734963,0.07435103600905889,PREPARATION,False,FOLLOW,0,False,inf,0.06708550453186035,0.0,True,True,TRACKING,0,0.06708550453186035,0.27876638831005723,0.27876638831005723,0,0,0.06708550453186035,0.011085271835327148,inf,VISION,,,0,,0.0,0.0,False,,0.0,0.0,0.0,False,0.0,-0.26592380741876553,4.7579520103185935,SAFE,4.787946033477783,0.9357079863548279,19.796113967895508,13.027127265930176,,,3.097800072282553e-05,0.0025198450312018394,,20.003849569584183,0.0006800090004617232,0.0,0.539327686466826,0.8944391724093449,1.394777259353642,0.6943965734048555,1.3837126514440132,2.7695190020644205,0.539327686466826,0.8944391724093449,1.394777259353642
26.61172103881836,26.61172103881836,,False,PERIODIC,True,True,1,FOLLOW,73.29323597439213,-19.744197388710965,-4.98809398379502,3.8191906451008273,-0.9542991451560611,-0.005042190517963724,78.34134194844563,-19.771449682210736,-0.11703330861647936,3.897080426377045,0.9015343312092504,-0.14738058521813796,7.015080093202531,5.048179534522878,4.871060675178541,1.8629130222936434,0.049994982343581774,PREPARATION,False,FOLLOW,0,False,inf,0.06534075736999512,0.0,True,True,TRACKING,0,0.06534075736999512,0.28266928943058645,0.28266928943058645,0,0,0.06534075736999512,0.02093982696533203,inf,VISION,,,0,,0.0,0.0,False,,0.0,0.0,0.0,False,0.0,-0.2546605728162037,4.758093983795019,SAFE,4.78805570602417,0.9988727569580078,19.707683563232422,13.04257869720459,,,0.011208143085241318,0.007263037841767073,,19.947259709585985,0.0013634100005219807,0.0,0.561180907137003,0.952105675355169,1.5287442662873763,0.7108533330609202,1.4124226367788648,2.8349018035178566,0.561180907137003,0.952105675355169,1.5287442662873763
26.6623318195343,26.6623318195343,,False,PERIODIC,True,True,1,FOLLOW,73.49488287745503,-19.790916180341963,-4.988279134508925,3.812567392092376,-0.8844647241246895,-0.005723470076346951,78.53553664766157,-19.724116090352968,-0.12403016995175192,3.874802375725467,0.9929282698524992,-0.13251151546999554,7.005253076964139,5.041096377091001,4.864248964557174,1.8826982911441719,0.025354343482189727,PREPARATION,False,FOLLOW,0,False,inf,0.06711912155151367,0.0,True,True,TRACKING,0,0.06711935997009277,0.2868132659613851,0.2868132659613851,0,0,0.06711935997009277,0.01103353500366211,inf,VISION,,,0,,0.0,0.0,False,,0.0,0.0,0.0,False,0.0,-0.2391797617790412,4.758279134508925,SAFE,4.788255023956299,0.9988727569580078,19.707683563232422,13.04257869720459,,,0.01167247910052538,0.007263037841767073,,19.98383474446639,0.000997207000182243,0.0,0.5755810112837698,0.9170745680008174,1.4996819593741284,0.7361969961540398,1.4409005230801593,2.909388615323197,0.5755810112837698,0.9170745680008174,1.4996819593741284
26.71163582801819,26.71163582801819,,False,PERIODIC,True,True,1,FOLLOW,73.69176554927557,-19.83313276143232,-4.988511449615482,3.806350594203804,-0.8159142565299459,-0.006612919278047597,78.72826070070192,-19.67229745229667,-0.13025413545328696,3.850249833571686,1.0842399268986576,-0.1168514130835084,6.999629671462367,5.039062552400585,4.858257314162195,1.9038554539499049,0.0012653208131758254,PREPARATION,False,FOLLOW,0,False,inf,0.06510210037231445,0.0,True,True,TRACKING,0,0.06510210037231445,0.2910757692376507,0.2910757692376507,0,0,0.06510210037231445,0.012308359146118164,inf,VISION,,,0,,0.0,0.0,False,,0.0,0.0,0.0,False,0.0,-0.22773907715863917,4.758511449615481,SAFE,4.788410472869873,1.0013347864151,19.77288246154785,15.14846420288086,,,1.6736999896238558e-05,0.007263037841767073,,20.010922018655016,0.0008359719995496562,0.0,0.5831891829634762,0.9671727166037493,1.6921983440967217,0.7425734277727045,1.4684946762435045,2.981236996616763,0.5831891829634762,0.9671727166037493,1.6921983440967217
26.761624574661255,26.761624574661255,,False,PERIODIC,True,True,1,FOLLOW,73.88431452615872,-19.871100225240234,-4.988887876378593,3.8009677863010567,-0.7483843420204803,-0.007272932379318764,78.91974997555104,-19.615911051602698,-0.13567970991566597,3.823396318952104,1.1754320857554919,-0.1004697873108786,6.99816841654737,5.041897626820549,4.8532081664629265,1.9262030891436956,-0.021658640712690427,PREPARATION,False,FOLLOW,0,False,inf,0.06702899932861328,0.0,True,True,TRACKING,0,0.06702899932861328,0.2949168283883204,0.2949168283883204,0,0,0.06702899932861328,0.025779008865356445,inf,VISION,,,0,,0.0,0.0,False,,0.0,0.0,0.0,False,0.0,-0.20948532785232388,4.7588878763785925,SAFE,4.788847732543945,1.0013347864151,19.77288246154785,15.14846420288086,,,3.346000085002743e-05,0.007263037841767073,,20.076367601208435,0.0007461139994120458,0.0,0.5863304094993023,0.938051033913975,1.6077727517271145,0.7583180015589202,1.499234811686564,3.050732560510284,0.5863304094993023,0.938051033913975,1.6077727517271145
26.81154441833496,26.81154441833496,,False,PERIODIC,True,True,1,FOLLOW,74.06158544384768,-19.903098009217043,-4.989278808669368,3.7964780631241926,-0.6861088529498245,-0.008072294583080434,79.11068618951595,-19.554699773047226,-0.14029047492413688,3.794142441719138,1.2666819379566183,-0.08339408804503816,7.009100336824368,5.061106565848433,4.848988333745231,1.9542442786782528,-0.043275394420481936,PREPARATION,False,FOLLOW,0,False,inf,0.06515026092529297,0.0,True,True,TRACKING,0,0.06515026092529297,0.29879610245338434,0.29879610245338434,0,0,0.06515026092529297,0.021625280380249023,inf,VISION,,,0,,0.0,0.0,False,,0.0,0.0,0.0,False,0.0,-0.19782852380664417,4.759278808669367,SAFE,4.789181518554687,1.0020830631256104,19.518451690673828,15.321866035461426,,,2.1346000721678138e-05,0.005640414077788591,,19.95409733446343,0.0017575589999978547,0.0,0.6100262309420864,0.9958328461553486,1.7748312997782154,0.7750200655062015,1.5295077375570982,3.113586292079378,0.6100262309420864,0.9958328461553486,1.7748312997782154
26.861780881881714,26.861780881881714,,False,PERIODIC,True,True,1,FOLLOW,74.26118931905144,-19.93569025511621,-4.989658294519871,3.7925800235044496,-0.615427570286064,-0.008626678823592361,79.29981875799322,-19.48902866350337,-0.14402695139221636,3.7626975554745155,1.3572424639783809,-0.06582812300917289,7.00481522339412,5.058388399519446,4.845631343127654,1.973725419402953,-0.06472292684833429,PREPARATION,False,FOLLOW,0,False,inf,0.06707477569580078,0.0,True,True,TRACKING,0,0.06707501411437988,0.3030569662295738,0.3030569662295738,0,0,0.06707501411437988,0.007869720458984375,inf,VISION,,,0,,0.0,0.0,False,,0.0,0.0,0.0,False,0.0,-0.1814806906919415,4.759658294519871,SAFE,4.7895973205566404,1.0020830631256104,19.518451690673828,15.321866035461426,,,2.1346000721678138e-05,0.005640414077788591,,19.980172208247474,0.000945812000281876,0.0,0.6734011424633578,0.9698908685741178,1.7370455152490656,0.8077599094310383,1.5638063329768723,3.196019676296714,0.6734011424633578,0.9698908685741178,1.7370455152490656
26.911645889282227,26.911645889282227,,False,PERIODIC,True,True,1,FOLLOW,74.46323560674558,-19.965087538581063,-4.990147350886681,3.789379741175266,-0.5432772945707122,-0.009729801317365528,79.48678314114534,-19.419052111886106,-0.14686662251848823,3.7291820040356654,1.4467900956173776,-0.04790787654763417,6.99939659766201,5.0531361071694665,4.8432807283681925,1.9913436545395802,-0.08562651911455198,PREPARATION,False,FOLLOW,0,False,inf,0.0650322437286377,0.0,True,True,TRACKING,0,0.0650322437286377,0.30731739058741436,0.30731739058741436,0,0,0.0650322437286377,0.007757663726806641,inf,VISION,,,0,,0.0,0.0,False,,0.0,0.0,0.0,False,0.0,-0.16943900758034447,4.7601473508866805,SAFE,4.789949703216553,1.001717448234558,19.631744384765625,14.4613037109375,,,0.010669494047760963,0.005640414077788591,,19.997750585502718,0.0007897589994172449,0.0,0.6665889686763734,1.027863902265072,1.9702346591494033,0.8060176131001348,1.5887801207434598,3.2606691073082246,0.6665889686763734,1.027863902265072,1.9702346591494033
26.961751222610474,26.961751222610474,,False,PERIODIC,True,True,1,FOLLOW,74.6505844351424,-19.989048063143986,-4.990555439802717,3.787312565933147,-0.475940334895699,-0.010764309207321712,79.6729432432609,-19.34424629863524,-0.14881149947767716,3.693401608416455,1.5358335062586521,-0.029601806739536014,7.005879080934332,5.0635814709550235,4.84174394032504,2.0140526575062307,-0.10481689019968675,PREPARATION,False,FOLLOW,0,False,inf,0.06701254844665527,0.0,True,True,TRACKING,0,0.06701254844665527,0.31143105429894924,0.31143105429894924,0,0,0.06701254844665527,0.023667097091674805,inf,VISION,,,0,,0.0,0.0,False,,0.0,0.0,0.0,False,0.0,-0.15023113895729212,4.760555439802717,SAFE,4.790509510040283,1.001717448234558,19.631744384765625,14.4613037109375,,,3.8922000385355204e-05,0.005640414077788591,,20.013002511300854,0.0005810879993077833,0.0,0.6529103063941961,0.9813257864596916,1.8028401791095126,0.8218921007298896,1.6188903255894482,3.336437471544101,0.6529103063941961,0.9813257864596916,1.8028401791095126
27.012203693389893,27.012203693389893,,False,PERIODIC,True,True,1,FOLLOW,74.83285341658507,-20.009336899871446,-4.9910198254197615,3.786366824153837,-0.41001281756382596,-0.01155796152598386,79.85676257328267,-19.26522206879124,-0.14983158553394932,3.6557148532932637,1.6234989717924107,-0.011162160529499351,7.016443092521466,5.078717367267399,4.841188239885812,2.037704662506072,-0.12238377546796775,PREPARATION,False,FOLLOW,0,False,inf,0.06517910957336426,0.0,True,True,TRACKING,0,0.06517910957336426,0.3153464772444159,0.3153464772444159,0,0,0.06517910957336426,0.022515296936035156,inf,VISION,,,0,,0.0,0.0,False,,0.0,0.0,0.0,False,0.0,-0.13804372780971708,4.761019825419761,SAFE,4.7908862113952635,1.000069260597229,19.924062728881836,15.600866317749023,,,0.01026693545281887,0.005640414077788591,,20.012866813811158,0.0013111540001773392,0.0,0.6578092877855201,1.0458081706341202,2.075797898228293,0.8268416085510705,1.6488715566743013,3.4107617030652464,0.6578092877855201,1.0458081706341202,2.075797898228293
27.062206983566284,27.062206983566284,,False,PERIODIC,True,True,1,FOLLOW,75.02561849055476,-20.02752949795696,-4.991572228905878,3.7868527266718774,-0.3397234835656123,-0.011836685468120648,80.03773139022495,-19.182278436108668,-0.14992892461698268,3.616337003465737,1.709417057761052,0.007252515348676367,7.019774566363327,5.082885506933629,4.841643304288895,2.056311495750795,-0.13815504396973174,PREPARATION,False,FOLLOW,0,False,inf,0.06703901290893555,0.0,True,True,TRACKING,0,0.06703901290893555,0.3197778273706632,0.3197778273706632,0,0,0.06703901290893555,0.016275405883789062,inf,VISION,,,0,,0.0,0.0,False,,0.0,0.0,0.0,False,0.0,-0.12092860378571402,4.7615722289058775,SAFE,4.791498470306396,1.000069260597229,19.924062728881836,15.600866317749023,,,0.007689878810197115,0.005640414077788591,,20.023678118695628,0.0005932300000495161,0.0,0.6424630673262867,1.0169468614355486,2.009274893472562,0.830712379173867,1.6930532553379822,3.493135048146122,0.6424630673262867,1.0169468614355486,2.009274893472562
27.11166501045227,27.11166501045227,,False,PERIODIC,True,True,1,FOLLOW,75.21624708756828,-20.042244917741506,-4.992108874402449,3.7885108698206844,-0.26978581819731495,-0.012217681058464156,80.21776201662296,-19.094559526452507,-0.14910276379766726,3.5749435072894946,1.794374241814869,0.02573258904635642,7.0262342242324,5.090506771080794,4.843006110604782,2.0755259561588386,-0.15254364399317086,PREPARATION,False,FOLLOW,0,False,inf,0.06516695022583008,0.0,True,True,TRACKING,0,0.06516695022583008,0.3241957170472537,0.3241957170472537,0,0,0.06516695022583008,0.015359878540039062,inf,VISION,,,0,,0.0,0.0,False,,0.0,0.0,0.0,False,0.0,-0.10818021752985896,4.762108874402449,SAFE,4.791909503936767,0.9973534941673279,19.562896728515625,14.984382629394531,,,3.936999928555451e-05,0.002370303962379694,,19.92339227632622,0.0008711089994903887,0.0,0.6643643360848214,1.078789942385521,2.179634933318124,0.8445777091460361,1.7159966463153793,3.5766606800408813,0.6643643360848214,1.078789942385521,2.179634933318124
27.16173505783081,27.16173505783081,,False,PERIODIC,True,True,1,FOLLOW,75.41513033199878,-20.054087140418467,-4.992734739763582,3.7911647146206215,-0.19610519301802154,-0.012878950015572212,80.3967548001504,-19.002054764860485,-0.14734141818880442,3.531622433653426,1.8782020621104245,0.04416442656261709,7.0285980751264026,5.091498253059615,4.845393321574778,2.091259603946771,-0.16585011624170032,PREPARATION,False,FOLLOW,0,False,inf,0.1149134635925293,0.0,True,True,TRACKING,0,0.06693100929260254,0.3284383198005278,0.3284383198005278,0,0,0.1149134635925293,0.06510639190673828,inf,VISION,,,0,,0.0,0.0,False,,0.0,0.0,0.0,False,0.0,-0.08789858226704128,4.762734739763582,SAFE,4.792671489715576,0.9973534941673279,19.562896728515625,14.984382629394531,,,0.01314281765371561,0.002370303962379694,,19.98378463231308,0.000752033000026131,0.0,0.6469065677429907,1.0105681890408271,2.1147011024711344,0.8469119408628512,1.7397125116583747,3.654284188111153,0.6469065677429907,1.0105681890408271,2.1147011024711344
27.185641288757324,27.185641288757324,0.0,True,PHASE_TRANSITION,False,True,1,FAR_GUIDANCE,75.60904693603516,-20.062108993530273,-4.993352890014648,3.7945263385772705,-0.12376981228590012,-0.012904745526611805,80.57082290582503,-18.906890947697683,-0.14470630233745735,3.4874566858203684,1.9589910322731987,0.06204319519810346,nan,nan,nan,nan,nan,PREPARATION,False,FOLLOW,0,False,inf,0.11713552474975586,0.0,True,True,TRACKING,0,0.11713552474975586,0.3322576103799067,0.3322576103799067,0,0,0.11713552474975586,0.05092215538024902,inf,VISION,,,0,,0.0,0.0,False,,0.0,0.0,0.0,False,0.0,-0.08245347874390418,4.763352890014648,SAFE,4.792860794067383,0.9973534941673279,19.562896728515625,14.984382629394531,,,3.609000123105943e-05,0.002370303962379694,,19.9984732337857,0.0006264069997996558,0.0,0.6608516262138974,1.0881918037526606,2.334198460529189,0.8540972241973721,1.7706548497231922,3.7356407839407346,0.6608516262138974,1.0881918037526606,2.334198460529189
27.21163845062256,27.21163845062256,0.025997161865234375,True,PERIODIC,True,True,1,FAR_GUIDANCE,75.59945258904992,-20.061773675104266,-4.993320567468241,3.7943378152725336,-0.12735784704544065,-0.012927326666145557,80.57082290582503,-18.906890947697683,-0.14470630233745735,3.4874566858203684,1.9589910322731987,0.06204319519810346,7.039697240123643,5.10375126162852,4.8486142651307835,2.110129913772272,-0.17719109864526714,PREPARATION,False,FOLLOW,0,False,inf,0.11713552474975586,0.0,True,True,TRACKING,0,0.11713552474975586,0.3322576103799067,0.3322576103799067,0,0,0.11713552474975586,0.05092215538024902,inf,VISION,,,0,,0.0,0.0,False,,0.0,0.0,0.0,False,0.0,-0.08245347874390418,4.763320567468241,SAFE,4.792860794067383,0.9999107718467712,19.712696075439453,13.513480186462402,,,2.673599919944536e-05,0.002370303962379694,,19.9984732337857,0.0006264069997996558,0.0,0.6608516262138974,1.0881918037526606,2.334198460529189,0.8540972241973721,1.7706548497231922,3.7356407839407346,0.6608516262138974,1.0881918037526606,2.334198460529189
27.261653423309326,27.261653423309326,0.07601213455200195,True,PERIODIC,True,True,1,FAR_GUIDANCE,75.79143926597418,-20.066271776400512,-4.994056500076354,3.798613872291912,-0.05503113173161119,-0.012484265595371656,80.74396182701237,-18.806998438826586,-0.1411633740223978,3.441575712110917,2.038518240734734,0.07967672695094802,7.047256256815033,5.110112430888081,4.8528931260539565,2.1257748872650604,-0.18664835809537625,PREPARATION,False,FAR_GUIDANCE,0,False,inf,0.06708431243896484,0.0,True,True,TRACKING,0,0.06708431243896484,0.33680957630248487,0.5723235374039999,0,0,0.06708431243896484,0.01394200325012207,inf,VISION,,1:1,2,HORIZON_INSUFFICIENT,0.07677698135375977,0.00016760826110839844,False,HORIZON_INSUFFICIENT,0.0,0.0,0.0,False,0.0,-0.04464915205142583,4.764056500076354,SAFE,4.793928909301758,0.9999107718467712,19.712696075439453,13.513480186462402,,,3.715999991982244e-05,0.002370303962379694,,19.956540836498245,0.004166547000750143,0.016810324000289256,0.6634691289063485,1.0441822329219312,2.096215360409226,0.8689938748006968,1.798874086622885,3.811913217643857,0.6634691289063485,1.0441822329219312,2.096215360409226
27.312097787857056,27.312097787857056,0.12645649909973145,True,PERIODIC,True,True,1,FAR_GUIDANCE,75.99542063730252,-20.06729810651308,-4.994909410169574,3.8029124076904095,0.02080099161936388,-0.0011980852800118173,80.91575682848615,-18.70256952953524,-0.13672306931787304,3.3941743647316756,2.116501921047635,0.09691701720419438,7.04799026996558,5.106093646134142,4.8581863408517005,2.137441401934505,-0.18808139081509512,PREPARATION,False,FAR_GUIDANCE,0,False,inf,0.06666398048400879,0.0,True,True,TRACKING,0,0.06666398048400879,0.3404906603258345,0.5804696067300779,0,0,0.06666398048400879,0.020473480224609375,inf,VISION,,1:1,2,HORIZON_INSUFFICIENT,0.07677698135375977,0.00016760826110839844,False,HORIZON_INSUFFICIENT,0.0,0.0,0.0,False,0.0,-0.030034972499304313,4.764909410169573,SAFE,4.794637012481689,0.9995771646499634,19.95652198791504,14.392297744750977,,,0.007603019010275602,0.0025556040927767754,,19.942946775615944,0.003358215999469394,0.016810324000289256,0.6741287326696074,1.1210933860951438,2.2341645866722493,0.873461729299961,1.8258279233175405,3.8770492492858515,0.6741287326696074,1.1210933860951438,2.2341645866722493
27.361945867538452,27.361945867538452,0.17630457878112793,True,PERIODIC,True,True,1,FAR_GUIDANCE,76.18019524150917,-20.06495187876763,-4.994484740578695,3.805832029578351,0.08420417818979278,0.04455927281352419,81.08336129988467,-18.595439120374916,-0.1314913053265286,3.346177948872788,2.1915960244710933,0.11338099530938293,7.06039731845101,5.118642900523979,4.862993435252166,2.158035842420019,-0.16681192991166308,PREPARATION,False,FAR_GUIDANCE,0,False,inf,0.0670461654663086,0.0,True,True,TRACKING,0,0.0670461654663086,0.3439217562702535,0.5860658974467379,0,0,0.0670461654663086,0.018655061721801758,inf,VISION,,1:1,2,HORIZON_INSUFFICIENT,0.07677698135375977,0.00016760826110839844,False,HORIZON_INSUFFICIENT,0.0,0.0,0.0,False,0.0,-0.009891762875283039,4.764484740578695,SAFE,4.788709578357586,0.9995771646499634,19.95652198791504,14.392297744750977,,,3.751899930648506e-05,0.0025556040927767754,,19.949521750351906,0.0036834660004387842,0.016810324000289256,0.6547105085916246,1.2898735680567726,2.030739451792377,0.873342980134785,1.8642526318540165,3.9648538095275785,0.6547105085916246,1.2898735680567726,2.030739451792377
27.412288665771484,27.412288665771484,0.22664737701416016,True,PERIODIC,True,True,1,FAR_GUIDANCE,76.36477302868822,-20.05964783855938,-4.991168311645861,3.808788276333001,0.14323488426501113,0.12169346888879756,81.24999206991578,-18.4836394020254,-0.12540123252690544,3.29679920633142,2.2651964579551414,0.12928837901741028,7.072825244627241,5.133144033903449,4.865767079118956,2.1828677034301553,-0.1244206694920962,PREPARATION,False,FAR_GUIDANCE,0,False,inf,0.06538605690002441,0.0,True,True,TRACKING,0,0.06538605690002441,0.346482537095857,0.5944942521703055,0,0,0.06538605690002441,0.021322011947631836,inf,VISION,,1:1,2,HORIZON_INSUFFICIENT,0.07677698135375977,0.00016760826110839844,False,HORIZON_INSUFFICIENT,0.0,0.0,0.0,False,0.0,0.0058447728455601755,4.761168311645861,SAFE,4.7759659204424505,0.9990097284317017,19.980504989624023,14.528949737548828,,,3.751899930648506e-05,0.0025556040927767754,,19.894167087308208,0.006359139999403851,0.016810324000289256,0.6709725474333529,1.2962214205603155,2.2863238384965814,0.8797243112074152,1.878070428830559,4.038050201870015,0.6709725474333529,1.2962214205603155,2.2863238384965814
27.461660385131836,27.461660385131836,0.2760190963745117,True,PERIODIC,True,True,1,FAR_GUIDANCE,76.55830080690409,-20.05093207438881,-4.983095702817324,3.813291271378144,0.20331589136365488,0.22200720565456528,81.41327135875487,-18.368816718620764,-0.11857079806769037,3.246862103662045,2.3362119937632544,0.14431648698181526,7.0755815081432285,5.138117469409294,4.864524904749634,2.2081946547890303,-0.06499139621986474,PREPARATION,False,FAR_GUIDANCE,0,False,inf,0.1150808334350586,0.0,True,True,TRACKING,0,0.06707763671875,0.34889117446221035,0.5984421453220341,0,0,0.06707763671875,0.07101678848266602,inf,VISION,,1:2,2,HORIZON_INSUFFICIENT,0.08517718315124512,0.0008006095886230469,False,HORIZON_INSUFFICIENT,0.0,0.0,0.0,False,0.0,0.02658812503461805,4.7530957028173235,SAFE,4.745421706123778,0.9990097284317017,19.980504989624023,14.528949737548828,,,3.090999962296337e-05,0.0025556040927767754,,19.917327313697538,0.0026472460003788,0.012800921999769344,0.6675642312433983,1.1129110415669872,2.0879324788328972,0.8900174237653379,1.8883258268431655,4.114147110710898,0.6675642312433983,1.1129110415669872,2.0879324788328972
27.511639833450317,27.511639833450317,0.32599854469299316,True,PERIODIC,True,True,1,FAR_GUIDANCE,76.75225055907673,-20.03914084463695,-4.9695684601152825,3.820147015746044,0.2626250004917533,0.3388049602739445,81.5748882077066,-18.249868255172295,-0.11097014400532826,3.1959777591775103,2.405353646107512,0.15853084119757246,7.075684269856758,5.143863362239697,4.858598316109954,2.2390560662020995,0.007362687901201737,PREPARATION,False,FAR_GUIDANCE,0,False,inf,0.06514549255371094,0.0,True,True,TRACKING,0,0.06514549255371094,0.3509290948319993,0.6100067856769651,0,0,0.06514549255371094,0.022402286529541016,inf,VISION,,1:2,2,HORIZON_INSUFFICIENT,0.08517718315124512,0.0008006095886230469,False,HORIZON_INSUFFICIENT,0.0,0.0,0.0,False,0.0,0.04344186976041575,4.739568460115282,SAFE,4.713649129942496,0.9978523850440979,19.80998420715332,13.813597679138184,,,0.008894821628928185,0.003324968973174691,,19.95373760555978,0.0028107380003348226,0.012800921999769344,0.6785636861618173,1.1613882598640808,2.3200784414661797,0.8929935703980908,1.901340396948816,4.1894816670610435,0.6785636861618173,1.1613882598640808,2.3200784414661797
27.56188988685608,27.56188988685608,0.3762485980987549,True,PERIODIC,True,True,1,FAR_GUIDANCE,76.94637310228,-20.024318925906694,-4.949648935020482,3.8296525628365217,0.32234715675188746,0.4687687408073774,81.73266940238409,-18.128505362423482,-0.10274996635679191,3.1449602535081795,2.4716846489497333,0.1716589656448234,7.070726338383498,5.1480813260744975,4.84689896866369,2.2752427194296976,0.09086169209575959,PREPARATION,False,FAR_GUIDANCE,0,False,inf,0.06702876091003418,0.0,True,True,TRACKING,0,0.06702876091003418,0.3524521150647011,0.6147106966755851,0,0,0.06702876091003418,0.012948751449584961,inf,VISION,,1:2,2,HORIZON_INSUFFICIENT,0.08517718315124512,0.0008006095886230469,False,HORIZON_INSUFFICIENT,0.0,0.0,0.0,False,0.0,0.07133864971266002,4.719648935020482,SAFE,4.641577206794888,0.9978523850440979,19.80998420715332,13.813597679138184,,,3.295599890407175e-05,0.003324968973174691,,20.04230595310371,0.00160022799991566,0.012800921999769344,0.664024526276056,1.0895866751343277,2.071563252122736,0.8936191676160549,1.9158862950330982,4.267489402038137,0.664024526276056,1.0895866751343277,2.071563252122736
27.614750623703003,27.614750623703003,0.4291093349456787,True,PERIODIC,True,True,1,FAR_GUIDANCE,77.12940587615199,-20.007518008768756,-4.92455140561235,3.841440247580597,0.3796949220395537,0.6004985187842928,81.88940474252121,-18.00266469046517,-0.09381287818854789,3.0930258762617937,2.5363735783151036,0.18385125155151327,7.071991286482599,5.164980739145996,4.830738527423803,2.320556364952934,0.176943261661312,PREPARATION,False,FAR_GUIDANCE,0,False,inf,0.06543517112731934,0.0,True,True,TRACKING,0,0.06543517112731934,0.3528613239079949,0.6234855365333071,0,0,0.06543517112731934,0.02347564697265625,inf,VISION,,1:2,2,HORIZON_INSUFFICIENT,0.08517718315124512,0.0008006095886230469,False,HORIZON_INSUFFICIENT,0.0,0.0,0.0,False,0.0,0.09084175410043738,4.69455140561235,SAFE,4.582776384950415,0.9978523850440979,19.809911727905273,13.474773406982422,,,0.008154229260981083,0.003324968973174691,,19.88173909572411,0.006537260999721184,0.012800921999769344,0.6755796330880247,1.1564500597778034,2.310257408622957,0.8955841172179261,1.925466345632726,4.320161362196209,0.6755796330880247,1.1564500597778034,2.310257408622957
27.66147255897522,27.66147255897522,0.4758312702178955,True,PERIODIC,True,True,1,FAR_GUIDANCE,77.3319205989207,-19.985747146377964,-4.889308593498216,3.857904177073034,0.44640142496873386,0.748740528498932,82.04256492815533,-17.874449262945717,-0.08435292577576047,3.0411227633690863,2.5983787903456976,0.19483310620718108,7.052329240606537,5.162145750473908,4.804955667722456,2.367477960053037,0.2787167216741413,PREPARATION,False,FAR_GUIDANCE,0,False,inf,0.06714248657226562,0.0,True,True,TRACKING,0,0.06714248657226562,0.35338970359503,0.6276354523602328,0,0,0.06714248657226562,0.014358758926391602,inf,VISION,,1:2,2,HORIZON_INSUFFICIENT,0.08517718315124512,0.0008006095886230469,False,HORIZON_INSUFFICIENT,0.0,0.0,0.0,False,0.0,0.1186544192543515,4.659308593498215,SAFE,4.48253706171522,0.9978523850440979,19.809911727905273,13.474773406982422,,,3.5101998946629465e-05,0.003324968973174691,,19.952024075089444,0.0036223799997969763,0.012800921999769344,0.6656723972932609,1.082275943111534,2.050656010680068,0.8976039630065261,1.9410853036337046,4.403272259799531,0.6656723972932609,1.082275943111534,2.050656010680068
27.711698055267334,27.711698055267334,0.5260567665100098,True,PERIODIC,True,True,1,FAR_GUIDANCE,77.52898804817872,-19.961414950463126,-4.847713349626133,3.876226647467358,0.5138614960311106,0.8982545261186402,82.19295337385232,-17.743349571427277,-0.07438620438243859,2.989102757303605,2.658056565665972,0.20460605070045418,7.032569844678645,5.164531593935998,4.7733271452436945,2.421922686750279,0.3828701839985125,PREPARATION,False,FAR_GUIDANCE,0,False,inf,0.06624865531921387,0.0,True,True,TRACKING,0,0.06624865531921387,0.352632784926756,0.6317401984533166,0,0,0.06624865531921387,0.011610031127929688,inf,VISION,,1:3,2,HORIZON_INSUFFICIENT,0.08103632926940918,0.000335693359375,False,HORIZON_INSUFFICIENT,0.0,0.0,0.0,False,0.0,0.14105129560868335,4.617713349626133,SAFE,4.398136734477475,1.0008167028427124,20.047609329223633,12.81444263458252,,,2.52800000453135e-05,0.003324968973174691,,19.90018813486778,0.0037867559994992916,0.01573864300007699,0.6656723972932609,1.154529840842961,2.271654879852629,0.9924362758529395,1.9515424373217192,4.460494769189408,0.6656723972932609,1.154529840842961,2.271654879852629
27.761762142181396,27.761762142181396,0.5761208534240723,True,PERIODIC,True,True,1,FAR_GUIDANCE,77.721511752047,-19.934437902964888,-4.799517466341767,3.895806121774051,0.5827832273783312,1.0488171843185121,82.34171978884774,-17.608427609338253,-0.06389235063470812,2.9366655794425838,2.7158783615097994,0.2131760302402661,7.013044376438151,5.172682687868576,4.735625115707059,2.4836146177675134,0.48867662256809474,PREPARATION,False,FAR_GUIDANCE,0,False,inf,0.06701254844665527,0.0,True,True,TRACKING,0,0.06701278686523438,0.3515163718048103,0.6356819785565656,0,0,0.06701278686523438,0.010124683380126953,inf,VISION,,1:3,2,HORIZON_INSUFFICIENT,0.08103632926940918,0.000335693359375,False,HORIZON_INSUFFICIENT,0.0,0.0,0.0,False,0.0,0.17589489792344448,4.569517466341766,SAFE,4.236867556803392,1.0008167028427124,20.047609329223633,12.81444263458252,,,2.638300065882504e-05,0.003324968973174691,,20.03757395118122,0.0025941350004359265,0.01573864300007699,0.6612193744862344,1.0792029770995615,2.048638526676132,0.8969300900249593,1.9590515151036163,4.548286940695443,0.6612193744862344,1.0792029770995615,2.048638526676132
27.811628103256226,27.811628103256226,0.6259868144989014,True,PERIODIC,True,True,1,FAR_GUIDANCE,77.90658236290254,-19.905340390139756,-4.746187379043432,3.915983318148334,0.6518210998637336,1.197142139133425,82.4866426108319,-17.47182203989887,-0.05309379898880301,2.884696040140186,2.7710158346713807,0.22036569775140458,6.994575811782426,5.186421062314725,4.693093580054629,2.5512020677039344,0.5933686258027766,PREPARATION,False,FAR_GUIDANCE,0,False,inf,0.06508803367614746,0.0,True,True,TRACKING,0,0.06508803367614746,0.3485006828357555,0.6391658069267188,0,0,0.06508803367614746,0.013282537460327148,inf,VISION,,1:3,2,HORIZON_INSUFFICIENT,0.08103632926940918,0.000335693359375,False,HORIZON_INSUFFICIENT,0.0,0.0,0.0,False,0.0,0.20057994907605226,4.516187379043432,SAFE,4.12026561120864,1.0002775192260742,19.990461349487305,12.552138328552246,,,3.911900057573803e-05,0.002207749057561159,,19.99441904949719,0.002470656000696181,0.01573864300007699,0.672696155795413,1.1527766329482387,2.3351369185341735,0.8950879521184673,1.9690212497504997,4.61727315995602,0.672696155795413,1.1527766329482387,2.3351369185341735
27.86173129081726,27.86173129081726,0.6760900020599365,True,PERIODIC,True,True,1,FAR_GUIDANCE,78.10526930832769,-19.87040239335164,-4.681047309351155,3.9385829376067494,0.7294320791557151,1.3581596866951604,82.62959734085578,-17.33190996302274,-0.04192138652803508,2.8326202397011078,2.8242277843041697,0.22623065116770258,6.959524214525451,5.187821119194129,4.63912592282312,2.625373473800872,0.7094272791905653,PREPARATION,False,FAR_GUIDANCE,0,False,inf,0.11503720283508301,0.0,True,True,TRACKING,0,0.06704592704772949,0.3451321281194417,0.6389278087754405,0,0,0.06704592704772949,0.0632317066192627,inf,VISION,,1:3,2,HORIZON_INSUFFICIENT,0.08103632926940918,0.000335693359375,False,HORIZON_INSUFFICIENT,0.0,0.0,0.0,False,0.0,0.2348031768307859,4.4510473093511544,SAFE,3.935006103121961,1.0002775192260742,19.990461349487305,12.552138328552246,,,4.923799860989675e-05,0.002207749057561159,,19.98731815494755,0.0021937020001132623,0.01573864300007699,0.6584223253615662,1.0699417590106641,2.081930666988726,0.8931112477301636,1.983242954808785,4.6964761279324785,0.6584223253615662,1.0699417590106641,2.081930666988726
27.913405179977417,27.913405179977417,0.7277638912200928,True,PERIODIC,True,True,1,FAR_GUIDANCE,78.30572778599768,-19.831162896383404,-4.607644569353491,3.962318619864753,0.8123253409737754,1.517674959483958,82.77008699197214,-17.189251323168403,-0.03047928910992719,2.7806995692528362,2.8753625694087854,0.23070401177846914,6.918138614058223,5.187504205362756,4.577165280243564,2.703449723393387,0.826159898514268,PREPARATION,False,FAR_GUIDANCE,0,False,inf,0.0651094913482666,0.0,True,True,TRACKING,0,0.0651094913482666,0.3395046228077326,0.6419969793671028,0,0,0.0651094913482666,0.02014923095703125,inf,VISION,,1:3,2,HORIZON_INSUFFICIENT,0.08103632926940918,0.000335693359375,False,HORIZON_INSUFFICIENT,0.0,0.0,0.0,False,0.0,0.2602979369561891,4.377644569353491,SAFE,3.7903293109993568,1.0012540817260742,20.02298927307129,9.97568130493164,,,3.111999831162393e-05,0.002207749057561159,,19.93250662005097,0.0030658289997518295,0.01573864300007699,0.6682444745007017,1.1510171582553304,2.3646390670288726,0.889885146021288,1.9893401736106344,4.736736104148841,0.6682444745007017,1.1510171582553304,2.3646390670288726
27.96178650856018,27.96178650856018,0.7761452198028564,True,PERIODIC,True,True,1,FAR_GUIDANCE,78.50518872802675,-19.787937535679223,-4.527094561603319,3.9866888189135943,0.8984215568367153,1.6762296677118738,82.90868260530733,-17.04333709693431,-0.018789050321322567,2.728797506406708,2.9246647960114225,0.23376368850612303,6.873747775316024,5.188794647662051,4.508305511281997,2.787231658751657,0.9428576877419386,PREPARATION,False,FAR_GUIDANCE,0,False,inf,0.06702184677124023,0.0,True,True,TRACKING,0,0.06702184677124023,0.3339107884950229,0.6393901463426221,0,0,0.06702184677124023,0.013546228408813477,inf,VISION,,1:4,2,HORIZON_INSUFFICIENT,0.07489776611328125,0.0006206035614013672,False,HORIZON_INSUFFICIENT,0.0,0.0,0.0,False,0.0,0.30157705128296364,4.297094561603319,SAFE,3.534265472212925,1.0012540817260742,20.02298927307129,9.97568130493164,,,3.931600076612085e-05,0.002207749057561159,,20.00347298135469,0.001666390999162104,0.013829892000103428,0.6532421212438156,1.05437838982938,1.9727210340726888,0.8880183277081319,1.9873579402588588,4.794022785425947,0.6532421212438156,1.05437838982938,1.9727210340726888
28.012861967086792,28.012861967086792,0.8272206783294678,True,PERIODIC,True,True,1,FAR_GUIDANCE,78.69408418736674,-19.743048491218577,-4.443727373159035,4.0099941935069925,0.9825574857978774,1.8278073886932584,83.04254476908905,-16.897358662391998,-0.00716881003220619,2.6780616420626213,2.9711926631090178,0.23535020815857213,6.833016311756745,5.196831730264099,4.436558563126829,2.87482765776888,1.0533923105784364,PREPARATION,False,FAR_GUIDANCE,0,False,inf,0.06501317024230957,0.0,True,True,TRACKING,0,0.06501317024230957,0.3261363250450831,0.6377116666214953,0,0,0.06501317024230957,0.020055532455444336,inf,VISION,,1:4,2,HORIZON_INSUFFICIENT,0.07489776611328125,0.0006206035614013672,False,HORIZON_INSUFFICIENT,0.0,0.0,0.0,False,0.0,0.328086444088346,4.213727373159035,SAFE,3.3583790879726507,0.9990553855895996,19.905277252197266,12.007840156555176,,,0.010499447584152222,0.00287519209086895,,19.94757426732658,0.0025301699997726246,0.013829892000103428,0.6583118309603457,1.1179132476371125,2.2928949913076977,0.8797880056590384,1.9871852072306113,4.849991140391053,0.6583118309603457,1.1179132476371125,2.2928949913076977
28.061748266220093,28.061748266220093,0.8761069774627686,True,PERIODIC,True,True,1,FAR_GUIDANCE,78.897866931211,-19.69022508211205,-4.346055319924573,4.034723304697634,1.0761721200983896,1.9916385947595185,83.17581261042011,-16.746933580992128,0.004665824522914095,2.6269924948695267,3.0164400262394047,0.2355054344071929,6.774404665472171,5.19266637622991,4.350721144447487,2.971590358281098,1.1738105358678197,PREPARATION,False,FAR_GUIDANCE,0,False,inf,0.06971216201782227,0.0,True,True,TRACKING,0,0.06971216201782227,0.3183543279078557,0.6311670827807976,0,0,0.06971216201782227,0.01093745231628418,inf,VISION,,1:4,2,HORIZON_INSUFFICIENT,0.07489776611328125,0.0006206035614013672,False,HORIZON_INSUFFICIENT,0.0,0.0,0.0,False,0.0,0.367144364505108,4.116055319924572,SAFE,3.089570024692864,0.9990553855895996,19.905277252197266,12.007840156555176,,,2.9843999072909355e-05,0.00287519209086895,,19.945023140616662,0.0029238950000944897,0.013829892000103428,0.6414413646987719,1.0368517076166524,1.9993215413493926,0.8748780860005849,1.990922369426162,4.951228803798609,0.6414413646987719,1.0368517076166524,1.9993215413493926
28.11220645904541,28.11220645904541,0.9265651702880859,True,PERIODIC,True,True,1,FAR_GUIDANCE,79.11161791422006,-19.63003174415491,-4.235514609992119,4.0605093515372666,1.1780703486534623,2.160096881863249,83.306042706661,-16.594857634216126,0.016427469060565348,2.5765792036981345,3.059614290571654,0.2342021938466462,6.699588991923667,5.177401009878017,4.251942079052685,3.0743009999616957,1.2989173839495338,PREPARATION,False,FAR_GUIDANCE,0,False,inf,0.06509518623352051,0.0,True,True,TRACKING,0,0.06509518623352051,0.3082664645384417,0.628850986779683,0,0,0.06509518623352051,0.021454572677612305,inf,VISION,,1:4,2,HORIZON_INSUFFICIENT,0.07489776611328125,0.0006206035614013672,False,HORIZON_INSUFFICIENT,0.0,0.0,0.0,False,0.0,0.39092998383620037,4.005514609992119,SAFE,2.885911657539862,0.9996811151504517,19.957923889160156,13.295769691467285,,,1.714899917715229e-05,0.00287519209086895,,19.885499604245208,0.004428404999998747,0.013829892000103428,0.6464308970550021,1.1038641807591814,2.317820737216723,0.8668662582922931,1.9877118167093477,4.984674513506159,0.6464308970550021,1.1038641807591814,2.317820737216723
28.16173005104065,28.16173005104065,0.9760887622833252,True,PERIODIC,True,True,1,FAR_GUIDANCE,79.30914061436864,-19.569906477981682,-4.126049856907002,4.08340444718602,1.274472070592451,2.3156688336793794,83.43351609217862,-16.440968602878158,0.028065086295918352,2.5267734949351195,3.1008733778233126,0.23145858933543295,6.6375745773256245,5.176941694496629,4.154114943202921,3.178486117507578,1.4106784208380008,PREPARATION,False,FAR_GUIDANCE,0,False,inf,0.06703019142150879,0.0,True,True,TRACKING,0,0.06703019142150879,0.29867478790935437,0.622314228283438,0,0,0.06703019142150879,0.016839981079101562,inf,VISION,,1:4,2,HORIZON_INSUFFICIENT,0.07489776611328125,0.0006206035614013672,False,HORIZON_INSUFFICIENT,0.0,0.0,0.0,False,0.0,0.43622521561862815,3.8960498569070023,SAFE,2.5337783660633133,0.9996811151504517,19.957923889160156,13.295769691467285,,,3.271699824836105e-05,0.00287519209086895,,19.96670602793673,0.0013129069993738085,0.013829892000103428,0.6249858132052254,1.0400938410609202,1.8161903551326433,0.8588593203369641,1.9932662452305425,5.011301610805088,0.6249858132052254,1.0400938410609202,1.8161903551326433
28.21286964416504,28.21286964416504,1.0272283554077148,True,PERIODIC,True,True,1,FAR_GUIDANCE,79.50290719227684,-19.50673606410581,-4.011765342660275,4.104964691339837,1.370323370144564,2.469146044885163,83.55867474360701,-16.28486006598424,0.03954463328911364,2.477453740394141,3.140417641685112,0.22728408906946387,6.575929432325264,5.179742790688997,4.051309975949389,3.287547817830581,1.5176956604231087,PREPARATION,False,FAR_GUIDANCE,0,False,inf,0.06505632400512695,0.0,True,True,TRACKING,0,0.06505632400512695,0.2875889561906271,0.6158390354706615,0,0,0.06505632400512695,0.020094633102416992,inf,VISION,,1:5,2,HORIZON_INSUFFICIENT,0.06125187873840332,0.0026814937591552734,False,HORIZON_INSUFFICIENT,0.0,0.0,0.0,False,0.0,0.46359657623205486,3.781765342660275,SAFE,2.2978882844528927,1.0000580549240112,19.956439971923828,13.293021202087402,,,3.271699824836105e-05,0.002989331027492881,,20.026113530380137,0.0027637230004984303,0.005794392000098014,0.6279820820733688,1.0400938410609202,2.213366708584347,0.8490932929418934,2.10077365852635,5.0672146965995735,0.6279820820733688,1.0400938410609202,2.213366708584347
28.261791229248047,28.261791229248047,1.0761499404907227,True,PERIODIC,True,True,1,FAR_GUIDANCE,79.71572769916759,-19.432280579164946,-3.878580206623106,4.1290666689067175,1.483649706036283,2.6195815722127267,83.68079824409666,-16.127578631737524,0.0507269774583038,2.42895114085534,3.178080608690966,0.22173710446208778,6.487086737085341,5.161670212982883,3.9293071840814098,3.3928081266282835,1.6283667570718359,PREPARATION,False,FAR_GUIDANCE,0,False,inf,0.11514687538146973,0.0,True,True,TRACKING,0,0.06715869903564453,0.27675124000691065,0.6046185326853861,0,0,0.06715869903564453,0.07018518447875977,inf,VISION,,1:5,2,HORIZON_INSUFFICIENT,0.06125187873840332,0.0026814937591552734,False,HORIZON_INSUFFICIENT,0.0,0.0,0.0,False,0.0,0.5017646147309627,3.648580206623106,SAFE,1.9576333650995255,1.0000580549240112,19.956439971923828,13.293021202087402,,,0.011095947585999966,0.002989331027492881,,20.04624343178807,0.002714285999900312,0.005794392000098014,0.6034118078680732,0.9935052186442862,1.8561115790438452,0.8375305613177467,1.9670450754296016,5.10772987979907,0.6034118078680732,0.9935052186442862,1.8561115790438452
28.312868118286133,28.312868118286133,1.1272268295288086,True,PERIODIC,True,True,1,FAR_GUIDANCE,79.9293683337189,-19.351761500211964,-3.7392858357558967,4.1572990843561035,1.6192275108187255,2.712648323321198,83.80131721849173,-15.967389622231437,0.061671018285014194,2.380737063758498,3.214357017079242,0.21478412972854682,6.394781793074695,5.142563677268278,3.8009568540409107,3.4554212889899594,1.7161680060204654,PREPARATION,False,FAR_GUIDANCE,0,False,inf,0.11719346046447754,0.0,True,True,TRACKING,0,0.06517553329467773,0.2643702730946984,0.5942300036065538,0,0,0.06517553329467773,0.054711103439331055,inf,VISION,,1:5,2,HORIZON_INSUFFICIENT,0.06125187873840332,0.0026814937591552734,False,HORIZON_INSUFFICIENT,0.0,0.0,0.0,False,0.0,0.5287316925017533,3.5092858357558967,SAFE,1.742857641121691,1.0017656087875366,19.96605682373047,12.542731285095215,,,2.7308000426273793e-05,0.002989331027492881,,20.02134389993219,0.002229161999821372,0.005794392000098014,0.6002422474062412,1.064430572493579,2.236733479754397,0.8225104713698465,1.9515928989882987,5.1413874512287485,0.6002422474062412,1.064430572493579,2.236733479754397
28.361699104309082,28.361699104309082,1.1760578155517578,True,PERIODIC,True,True,1,FAR_GUIDANCE,80.13038312606798,-19.269551531722115,-3.606441360202187,4.187857282429127,1.7710295029000438,2.735721193859161,83.91895295155817,-15.806094813067634,0.0721903288956745,2.333357754867946,3.24891390895444,0.2065376554477706,6.31515042327913,5.133107612802171,3.6786316890978616,3.4669987289231248,1.7752937359303143,PREPARATION,False,FAR_GUIDANCE,0,False,inf,0.06790590286254883,0.0,True,True,TRACKING,0,0.06790590286254883,0.2526509228015484,0.5818347235812028,0,0,0.06790590286254883,0.008831024169921875,inf,VISION,,1:5,2,HORIZON_INSUFFICIENT,0.06125187873840332,0.0026814937591552734,False,HORIZON_INSUFFICIENT,0.0,0.0,0.0,False,0.0,0.5723357083195282,3.376441360202187,SAFE,1.5103688173439425,1.0017656087875366,19.96605682373047,12.542731285095215,,,2.7308000426273793e-05,0.002989331027492881,,20.115286368253237,0.001193844000226818,0.005794392000098014,0.5768654304938552,0.9723206951698674,2.8836733624095507,0.8106603974576776,1.9388758332904612,5.154193885081799,0.5768654304938552,0.9723206951698674,2.8836733624095507
28.412042379379272,28.412042379379272,1.2264010906219482,True,PERIODIC,True,True,1,FAR_GUIDANCE,80.33289166378023,-19.179498158916694,-3.4735252876033424,4.220571066263436,1.9421175654198255,2.7120464252799215,84.03452308341575,-15.642707097468449,0.08229054441420092,2.286516733532109,3.282048327992392,0.1969973136213587,6.2333612449784805,5.119664654952809,3.5558158320175433,3.4440459701490114,1.8229574934367065,PREPARATION,False,FAR_GUIDANCE,0,False,inf,0.11743569374084473,0.0,True,True,TRACKING,0,0.06544303894042969,0.23961631126536473,0.5659914046564202,0,0,0.06544303894042969,0.05836081504821777,inf,VISION,,1:6,2,CAPTURE_GEOMETRY,0.0846872329711914,0.000789642333984375,False,CAPTURE_GEOMETRY,0.0,0.0,0.0,False,0.0,0.5981202727264257,3.2435252876033425,SAFE,1.4146305068117728,0.9994228482246399,19.877538681030273,13.151237487792969,,,0.0069152978248894215,0.0031684429850429296,,20.056156994759192,0.0024204739993365365,0.009839294999437698,0.5685674624885977,1.0387439676621233,2.8764571630669384,0.7894590456457302,1.9213600926797694,5.167209568650849,0.5685674624885977,1.0387439676621233,2.8764571630669384
28.461702823638916,28.461702823638916,1.2760615348815918,True,PERIODIC,True,True,1,FAR_GUIDANCE,80.54614515440964,-19.076047691322838,-3.3370515526101117,4.255401892049607,2.137724473951744,2.646400437653654,84.14782591472212,-15.477609940856688,0.09188769400316874,2.2403226493312047,3.31375231827812,0.18623479225959816,6.138280125584836,5.091253140748842,3.42893924661328,3.3905752974742596,1.8672278632689296,PREPARATION,False,FAR_GUIDANCE,0,False,inf,0.06699514389038086,0.0,True,True,TRACKING,0,0.06699514389038086,0.22761806036771856,0.5521695381981836,0,0,0.06699514389038086,0.016731977462768555,inf,VISION,,1:6,2,CAPTURE_GEOMETRY,0.0846872329711914,0.000789642333984375,False,CAPTURE_GEOMETRY,0.0,0.0,0.0,False,0.0,0.6355347289731021,3.1070515526101117,SAFE,1.3446105141519071,0.9994228482246399,19.877538681030273,13.151237487792969,,,0.0069152978248894215,0.0031684429850429296,,20.022269473289622,0.000897548000466486,0.009839294999437698,0.5385430077012444,0.951091179542079,1.7857801247477403,0.7729863872861991,1.9164118478385561,5.15964129494464,0.5385430077012444,0.951091179542079,1.7857801247477403
28.511664390563965,28.511664390563965,1.3260231018066406,True,PERIODIC,True,True,1,FAR_GUIDANCE,80.7718248440729,-18.95687745667749,-3.1980213835599147,4.290394210889864,2.354485841482052,2.546732543752866,84.25852216852617,-15.311434761601523,0.10089225987544602,2.1949394404160802,3.3439857734305543,0.17435663677473429,6.027366083313367,5.044433632771111,3.2989136434353608,3.316354663548177,1.9121643402113968,PREPARATION,False,FAR_GUIDANCE,0,False,inf,0.11700654029846191,0.0,True,True,TRACKING,0,0.06499624252319336,0.21348384101803078,0.5319441849911877,0,0,0.06499624252319336,0.06674337387084961,inf,VISION,,1:6,2,CAPTURE_GEOMETRY,0.0846872329711914,0.000789642333984375,False,CAPTURE_GEOMETRY,0.0,0.0,0.0,False,0.0,0.6619711418333782,2.9680213835599147,SAFE,1.3207237789391002,0.9989453554153442,19.87802505493164,13.925965309143066,,,7.76799970481079e-06,0.0031684429850429296,,19.99793124267723,0.0012425419999999576,0.009839294999437698,0.5322995090489565,1.0006419907745725,2.0715252274317866,0.7518684272469682,1.8834355684522612,5.162897100602389,0.5322995090489565,1.0006419907745725,2.0715252274317866
28.5617458820343,28.5617458820343,1.3761045932769775,True,PERIODIC,True,True,1,FAR_GUIDANCE,80.9806047293415,-18.837292857636452,-3.0753955477137738,4.318142439659872,2.5550402745651133,2.4462768433392355,84.36722737006122,-15.143380000822017,0.10929614573713102,2.150136449110957,3.372968017963486,0.16137478439273353,5.9377155781251085,5.011407497337889,3.1846916934509046,3.2542331181792585,1.9532045313396966,PREPARATION,False,FAR_GUIDANCE,0,False,inf,0.11491727828979492,0.0,True,True,TRACKING,0,0.06693124771118164,0.2010057090260716,0.5124333603334376,0,0,0.06693124771118164,0.05170726776123047,inf,VISION,,1:6,2,CAPTURE_GEOMETRY,0.0846872329711914,0.000789642333984375,False,CAPTURE_GEOMETRY,0.0,0.0,0.0,False,0.0,0.7043088309097425,2.845395547713774,SAFE,1.3120010346521667,0.9989453554153442,19.87802505493164,13.925965309143066,,,0.013012251816689968,0.0031684429850429296,,20.145593094884667,0.000957860000198707,0.009839294999437698,0.5058645242136486,0.9112564697485839,1.6803388281124658,0.7362391636461166,1.869687577738147,5.173233924649283,0.5058645242136486,0.9112564697485839,1.6803388281124658
28.612085580825806,28.612085580825806,1.4264442920684814,True,PERIODIC,True,True,1,FAR_GUIDANCE,80.9806047293415,-18.837292857636452,-3.0753955477137738,4.318142439659872,2.5550402745651133,2.4462768433392355,84.36722737006122,-15.143380000822017,0.10929614573713102,2.150136449110957,3.372968017963486,0.16137478439273353,5.9377155781251085,5.011407497337889,3.1846916934509046,3.2542331181792585,1.9532045313396966,PREPARATION,False,FAR_GUIDANCE,0,False,inf,0.11706161499023438,0.0,True,True,TRACKING,0,0.06504392623901367,0.18687684662481824,0.49823361658079546,0,0,0.06504392623901367,0.051740407943725586,inf,VISION,,1:6,2,CAPTURE_GEOMETRY,0.0846872329711914,0.000789642333984375,False,CAPTURE_GEOMETRY,0.0,0.0,0.0,False,0.0,0.7305392257427004,2.845395547713774,SAFE,1.310525189243663,1.0009313821792603,19.989274978637695,13.765823364257812,,,0.009843189269304276,0.0031684429850429296,,19.881550611626594,0.0017435990002923063,0.009839294999437698,0.5058645242136486,0.9112564697485839,1.6803388281124658,0.7362391636461166,1.869687577738147,5.173233924649283,0.5058645242136486,0.9112564697485839,1.6803388281124658
28.66168737411499,28.66168737411499,1.476046085357666,True,PERIODIC,True,True,1,FAR_GUIDANCE,81.39494377735035,-18.573627978096372,-2.8494933143513013,4.355866211436832,2.946726330730349,2.221112105616776,84.58285137851314,-14.795009945181228,0.12434265646001535,2.0605898249441226,3.4284062730861917,0.13178694526584955,5.769264207289722,4.9437545562277885,2.9738359708113165,3.1409534990086025,2.0297830743765233,PREPARATION,False,FAR_GUIDANCE,0,False,inf,0.06709527969360352,0.0,True,True,TRACKING,0,0.06709551811218262,0.17455542738167765,0.48226813300532667,0,0,0.06709551811218262,0.010327339172363281,inf,VISION,,1:7,2,CAPTURE_GEOMETRY,0.07330012321472168,0.008284807205200195,False,CAPTURE_GEOMETRY,0.0,0.0,0.0,False,0.0,0.7664276935349994,2.6194933143513013,SAFE,1.3280788482295975,1.0009313821792603,19.989274978637695,13.765823364257812,,,0.0003270540037192404,0.0031684429850429296,,20.071346518319828,0.0026742139998532366,0.0001440659998479532,0.46502506999137355,0.8605557178156076,1.6043524235834135,0.6932568219788011,1.824981066124625,5.180802249414494,0.46502506999137355,0.8605557178156076,1.6043524235834135
28.71175718307495,28.71175718307495,1.526115894317627,True,PERIODIC,True,True,1,FAR_GUIDANCE,81.53278133867958,-18.47836167546629,-2.7795833189432857,4.362664268144214,3.071727553336068,2.1450035498281776,84.67998217984513,-14.631213031199167,0.13026338907719898,2.0199610075930337,3.452500185054845,0.11682595815490215,5.759568880558431,4.970455293604345,2.909846708020485,3.121978652622209,2.050458097062184,PREPARATION,False,FAR_GUIDANCE,0,False,inf,0.11720967292785645,0.0,True,True,TRACKING,0,0.06522226333618164,0.15809325867721577,0.46474473773881564,0,0,0.06522226333618164,0.06044173240661621,inf,VISION,,1:7,2,CAPTURE_GEOMETRY,0.07330012321472168,0.008284807205200195,False,CAPTURE_GEOMETRY,0.0,0.0,0.0,False,0.0,0.7809273052570846,2.5495833189432857,SAFE,1.3354021351668053,0.9986772537231445,19.907485961914062,13.711118698120117,,,2.4700999347260222e-05,0.0025206049904227257,,19.95278338755609,0.0017170339997392148,0.0001440659998479532,0.45480724322791155,0.9143278596262974,1.98497863229825,0.667728448374087,1.7958032889173647,5.169876686264712,0.45480724322791155,0.9143278596262974,1.98497863229825
28.76150608062744,28.76150608062744,1.5758647918701172,True,PERIODIC,True,True,1,FAR_GUIDANCE,81.75100477314442,-18.319564297749565,-2.674500415791527,4.367018691096662,3.265635983506075,2.015505235023018,84.77964555156898,-14.458473295403337,0.13568281055526854,1.9780839761726223,3.4766627364771967,0.10045945499293664,5.654893319840438,4.907207830644135,2.810183226346796,3.0690294397821862,2.087052833477966,PREPARATION,False,FAR_GUIDANCE,0,False,inf,0.11505627632141113,0.0,True,True,TRACKING,0,0.11505627632141113,0.15809325867721577,0.4549923639912724,0,0,0.11505627632141113,0.05085253715515137,inf,VISION,,1:7,2,CAPTURE_GEOMETRY,0.07330012321472168,0.008284807205200195,False,CAPTURE_GEOMETRY,0.0,0.0,0.0,False,0.0,0.8150624749491433,2.444500415791527,SAFE,1.3569669745261763,0.9986772537231445,19.907485961914062,13.711118698120117,,,2.7599000532063656e-05,0.0025206049904227257,,20.026541298135253,0.0016789250003057532,0.0001440659998479532,0.43165647853369105,0.8000477254177868,1.5121245130971555,0.6525720880945131,1.7672244513909219,5.152817568337582,0.43165647853369105,0.8000477254177868,1.5121245130971555
28.811670780181885,28.811670780181885,1.6260294914245605,True,PERIODIC,True,True,1,FAR_GUIDANCE,81.97984441783693,-18.143062410402695,-2.571294344797209,4.362751399551035,3.4591834929855354,1.882272853391299,84.8778053779331,-14.283529986787535,0.1402948988269154,1.9366492530249495,3.499912809022234,0.08337572296099238,5.535962832364058,4.826403242081854,2.7115892436241245,3.020539916709211,2.1227424488046367,PREPARATION,False,FAR_GUIDANCE,0,False,inf,0.09656500816345215,0.0,True,True,TRACKING,0,0.09656500816345215,0.14521143440690112,0.4546323918345797,1,0,0.09656500816345215,0.03908133506774902,inf,VISION,,1:7,2,CAPTURE_GEOMETRY,0.07330012321472168,0.008284807205200195,False,CAPTURE_GEOMETRY,0.0,0.0,0.0,False,0.0,0.8388770874465563,2.341294344797209,SAFE,1.3723811557238037,0.9992530345916748,19.630834579467773,13.682106971740723,,,0.01490028202533722,0.0025206049904227257,,20.00719429517699,0.0018240029994558427,0.0001440659998479532,0.42567347112284276,0.8417095612588461,1.9110101486090563,0.6317756171700822,1.7316981221266434,5.149499421132729,0.42567347112284276,0.8417095612588461,1.9110101486090563
28.86165499687195,28.86165499687195,1.676013708114624,True,PERIODIC,True,True,1,FAR_GUIDANCE,82.19151466105829,-17.97070741162423,-2.481858304520642,4.349723053766584,3.6275117179167804,1.7683160418815782,84.97360396341752,-14.108004320347094,0.144026386244684,1.8960260709411598,3.52208533944188,0.06583117387402766,5.436521541101376,4.760304198017557,2.625884690765326,2.9883437437148377,2.152877310953577,PREPARATION,False,FAR_GUIDANCE,0,False,inf,0.0944821834564209,0.0,True,True,TRACKING,0,0.0944821834564209,0.1376435180896132,0.443648113252339,2,0,0.0944821834564209,0.022746562957763672,inf,VISION,,1:8,2,CAPTURE_GEOMETRY,0.06265449523925781,0.004025936126708984,False,CAPTURE_GEOMETRY,0.0,0.0,0.0,False,0.0,0.8611068356545335,2.251858304520642,SAFE,1.3855874471796341,0.9992530345916748,19.630834579467773,13.682106971740723,,,3.027500133612193e-05,0.0025206049904227257,,20.041655737346236,0.0011632859996097977,0.00015295899993361672,0.3936680888009496,0.7370778004245903,1.379974853488045,0.6082771345188793,1.7047161075190593,5.155550038059273,0.3936680888009496,0.7370778004245903,1.379974853488045
28.911768436431885,28.911768436431885,1.7261271476745605,True,PERIODIC,True,True,1,FAR_GUIDANCE,82.40165449619121,-17.79116118303988,-2.3981814755321107,4.327846245028533,3.7848180324756346,1.6627390047502066,85.06720470705501,-13.931745231592462,0.14686544583966482,1.8561530372820259,3.5432606314225197,0.04791677617455496,5.3364326328462885,4.690442347254981,2.5450469213717755,2.962307904510567,2.1794505767253955,PREPARATION,False,FAR_GUIDANCE,0,False,inf,0.09658026695251465,0.0,True,True,TRACKING,0,0.09658026695251465,0.13142454109314802,0.43910068544639447,3,0,0.09658026695251465,0.04449462890625,inf,VISION,,1:8,2,CAPTURE_GEOMETRY,0.06265449523925781,0.004025936126708984,False,CAPTURE_GEOMETRY,0.0,0.0,0.0,False,0.0,0.8958544431787603,2.1681814755321107,SAFE,1.3945743391519045,0.9999390244483948,19.683757781982422,13.191690444946289,,,0.012465812265872955,0.0038259420543909073,,19.99830260378672,0.002390929000284814,0.00015295899993361672,0.3915997920055768,0.7740410036202664,1.8170569394041014,0.5903246669905101,1.6570019184154035,5.138858402113367,0.3915997920055768,0.7740410036202664,1.8170569394041014
28.961716651916504,28.961716651916504,1.7760753631591797,True,PERIODIC,True,True,1,FAR_GUIDANCE,82.6153322203418,-17.599869724225687,-2.318016556102144,4.296406727127031,3.937111678518802,1.556385042510802,85.15906524125555,-13.753996142874854,0.14880670619664682,1.8168401663036933,3.563578511848107,0.029661201542693763,5.229391770831262,4.611000030949823,2.466823262298791,2.935755957626029,2.201035046940776,PREPARATION,False,FAR_GUIDANCE,0,False,inf,0.09444499015808105,0.0,True,True,TRACKING,0,0.09444499015808105,0.12713619161904563,0.4343525984214598,3,0,0.09444499015808105,0.03852224349975586,inf,VISION,,1:8,2,CAPTURE_GEOMETRY,0.06265449523925781,0.004025936126708984,False,CAPTURE_GEOMETRY,0.0,0.0,0.0,False,0.0,0.9240459284589431,2.088016556102144,SAFE,1.3990925304235133,0.9999390244483948,19.683757781982422,13.191690444946289,,,2.38840002566576e-05,0.0038259420543909073,,20.026989215722985,0.0011343859996486572,0.00015295899993361672,0.3582429858580328,0.6522868672595236,1.250101525487568,0.5645719273546662,1.6240887506415096,5.1026369634053514,0.3582429858580328,0.6522868672595236,1.250101525487568
29.011692762374878,29.011692762374878,1.8260514736175537,True,PERIODIC,True,True,1,FAR_GUIDANCE,82.83551998816785,-17.393746300009767,-2.2405668750032834,4.2547691042316,4.088815222872144,1.4419175824793442,85.24971454737442,-13.573763721634965,0.14983438729071805,1.777862066512641,3.583183845751625,0.011068975540460857,5.112203092949888,4.518916050203814,2.3904012622940014,2.9048337816490366,2.2165670369408836,PREPARATION,False,FAR_GUIDANCE,0,False,inf,0.09645318984985352,0.0,True,True,TRACKING,0,0.04446101188659668,0.12393130796006015,0.4353984271390814,3,0,0.04446101188659668,0.03787517547607422,inf,VISION,,1:8,2,CAPTURE_GEOMETRY,0.06265449523925781,0.004025936126708984,False,CAPTURE_GEOMETRY,0.0,0.0,0.0,False,0.0,0.9434523486830244,2.0105668750032835,SAFE,1.4049252353393513,0.9990705847740173,19.672508239746094,11.52121353149414,,,7.746999472146854e-06,0.0038259420543909073,,19.99291921726041,0.001189190999866696,0.00015295899993361672,0.36098617610299727,0.7041290045183641,1.605521788140177,0.5524345891958969,1.58029478458055,5.077724265437636,0.36098617610299727,0.7041290045183641,1.605521788140177
29.061691999435425,29.061691999435425,1.8760507106781006,True,PERIODIC,True,True,1,FAR_GUIDANCE,83.04855827084047,-17.185287417876534,-2.1704278717262553,4.206050900949281,4.227845727648917,1.3397530413607766,85.33721437272717,-13.395048381321995,0.14992724825057627,1.7400566115975074,3.601694460727589,-0.007337524410171009,4.998790512686824,4.42762449931395,2.3203551199768317,2.8788619690030006,2.229100082368905,PREPARATION,False,FAR_GUIDANCE,0,False,inf,0.09475111961364746,0.0,True,True,TRACKING,0,0.09475135803222656,0.12264442716963951,0.42904085083364013,3,0,0.09475135803222656,0.05451798439025879,inf,VISION,,1:9,2,CAPTURE_GEOMETRY,0.06257104873657227,0.0016596317291259766,False,CAPTURE_GEOMETRY,0.0,0.0,0.0,False,0.0,0.9726912674400552,1.9404278717262553,SAFE,1.4106466379111111,0.9990705847740173,19.672508239746094,11.52121353149414,,,0.011763867922127247,0.0038259420543909073,,20.080399432046534,0.002282528999785427,0.00012853899988840567,0.33798475154563473,0.6006637792396005,1.1142924308706466,0.5349827638106841,1.5498666986373284,5.057406809284216,0.33798475154563473,0.6006637792396005,1.1142924308706466
29.11170744895935,29.11170744895935,1.9260661602020264,True,PERIODIC,True,True,1,FAR_GUIDANCE,83.24683571903988,-16.98276066845226,-2.1089180130883,4.153351745344057,4.35130146739913,1.2519391805188662,85.42289343764638,-13.215337500909307,0.14910442481538647,1.702855426991624,3.6194313634554764,-0.025708830537327018,4.901772113034512,4.350713104543474,2.258022437903686,2.858837262850261,2.2389134861495856,PREPARATION,False,FAR_GUIDANCE,0,False,inf,0.04453849792480469,0.0,True,True,TRACKING,0,0.04453849792480469,0.12186459596276208,0.43510329227253075,3,0,0.04453849792480469,0.005746364593505859,inf,VISION,,1:9,2,CAPTURE_GEOMETRY,0.06257104873657227,0.0016596317291259766,False,CAPTURE_GEOMETRY,0.0,0.0,0.0,False,0.0,0.9905291000004572,1.8789180130882999,SAFE,1.4080349562399277,0.9995681643486023,19.71451759338379,9.873462677001953,,,7.069999810482841e-06,0.0038259420543909073,,19.973316704729328,0.001546703999338206,0.00012853899988840567,0.32704598927279027,0.6379438495566409,1.4895667705335514,0.5128714537795033,1.4987950371368248,5.022168041261354,0.32704598927279027,0.6379438495566409,1.4895667705335514
29.161741495132446,29.161741495132446,1.976100206375122,True,PERIODIC,True,True,1,FAR_GUIDANCE,83.45719873714485,-16.758496319033775,-2.047423637506031,4.089497294378071,4.47701349096026,1.1622223166394614,85.50717981217507,-13.033794315253047,0.14735894764288088,1.666072245308731,3.6365097653398264,-0.04401988341793751,4.784652340664173,4.251567643228814,2.1947825851489116,2.834511549886131,2.24593972715182,PREPARATION,False,FAR_GUIDANCE,0,False,inf,0.09453225135803223,0.0,True,True,TRACKING,0,0.09453225135803223,0.1224999052016394,0.4293080868231669,3,0,0.09453225135803223,0.0557401180267334,inf,VISION,,1:9,2,CAPTURE_GEOMETRY,0.06257104873657227,0.0016596317291259766,False,CAPTURE_GEOMETRY,0.0,0.0,0.0,False,0.0,1.0147934397263203,1.8174236375060309,SAFE,1.4038620068974978,0.9995681643486023,19.71451759338379,9.873462677001953,,,0.012714092619717121,0.0038259420543909073,,20.03838009815042,0.0017317180008831201,0.00012853899988840567,0.3080108582436359,0.5238219926226829,1.0651643620147304,0.49494868510746437,1.4615120850159131,5.004661015518828,0.3080108582436359,0.5238219926226829,1.0651643620147304
29.211722373962402,29.211722373962402,2.026081085205078,True,PERIODIC,True,True,1,FAR_GUIDANCE,83.66706691789685,-16.525166092668847,-1.9895599983373269,4.0176853114151605,4.5965540413747785,1.077825562810481,85.58967143892474,-12.851346055223702,0.14470236907435288,1.6298814664846533,3.652873718760318,-0.062065826052016944,4.6635220236169195,4.146487888781341,2.13426236741168,2.8091799749317454,2.249488988540152,PREPARATION,False,FAR_GUIDANCE,0,False,inf,0.09686088562011719,0.0,True,True,TRACKING,0,0.04486823081970215,0.12275117809637227,0.43534697992692395,3,0,0.04486823081970215,0.040442705154418945,inf,VISION,,1:9,2,CAPTURE_GEOMETRY,0.06257104873657227,0.0016596317291259766,False,CAPTURE_GEOMETRY,0.0,0.0,0.0,False,0.0,1.0326019457879863,1.759559998337327,SAFE,1.3985045388224535,1.000566840171814,19.670061111450195,11.03836727142334,,,6.7040000431006774e-06,0.007820448838174343,,20.003744123450648,0.0011010689995600842,0.00012853899988840567,0.3477146394051579,0.5776511728108144,1.0651643620147304,0.48631539965306536,1.417653700795679,5.136967636846509,0.3477146394051579,0.5776511728108144,1.0651643620147304
29.261703729629517,29.261703729629517,2.0760624408721924,True,PERIODIC,True,True,1,FAR_GUIDANCE,83.8658739481727,-16.294620325786415,-1.9375158143538658,3.9429315549328114,4.703070960379658,1.0073601571780937,85.67008702069981,-12.668738690985506,0.1411655511385961,1.5944074011596139,3.6684962912789545,-0.07966720904963871,4.552265222931306,4.0499632641129235,2.078681365492462,2.787030488123326,2.251201610626875,PREPARATION,False,FAR_GUIDANCE,0,False,inf,0.09452366828918457,0.0,True,True,TRACKING,0,0.09452366828918457,0.12275117809637227,0.4321610877374171,3,0,0.09452366828918457,0.0506746768951416,inf,VISION,,1:10,2,CAPTURE_GEOMETRY,0.08270788192749023,0.0016019344329833984,False,CAPTURE_GEOMETRY,0.0,0.0,0.0,False,0.0,1.0598479961736373,1.7075158143538658,SAFE,1.384717075795831,1.000566840171814,19.670061111450195,11.03836727142334,,,0.0164796095341444,0.007820448838174343,,19.98992524200465,0.002224200999989989,0.00026257700028509134,0.3477146394051579,0.49246382130453126,0.8789169107345465,0.557002278165175,1.389570320520003,4.899379734514797,0.3477146394051579,0.49246382130453126,0.8789169107345465
29.31186079978943,29.31186079978943,2.1262195110321045,True,PERIODIC,True,True,1,FAR_GUIDANCE,84.05397996945416,-16.067376979122532,-1.8903985081405592,3.8660243310030022,4.798171687351497,0.9443661352894701,85.74896138508154,-12.48486315206491,0.13674920157072368,1.559413831534332,3.683507635667315,-0.0968260041193776,4.451594675772823,3.9632521141584274,2.027147709711283,2.765322587971045,2.249443693210154,PREPARATION,False,FAR_GUIDANCE,0,False,inf,0.09653639793395996,0.0,True,True,TRACKING,0,0.09653639793395996,0.1239263538545948,0.4310448178792325,3,0,0.09653639793395996,0.02794647216796875,inf,VISION,,1:10,2,CAPTURE_GEOMETRY,0.08270788192749023,0.0016019344329833984,False,CAPTURE_GEOMETRY,0.0,0.0,0.0,False,0.0,1.0775054929753374,1.6603985081405592,SAFE,1.3735884255589716,1.000320315361023,19.610889434814453,10.329370498657227,,,9.859999408945441e-06,0.007820448838174343,,20.011077789353763,0.0015701049997005612,0.00026257700028509134,0.3674754012870061,0.5478123129537587,1.3151235228975144,0.5099171987293373,1.3506729195970202,4.8410572118746575,0.3674754012870061,0.5478123129537587,1.3151235228975144
29.361708879470825,29.361708879470825,2.176067590713501,True,PERIODIC,True,True,1,FAR_GUIDANCE,84.24214540910191,-15.830552457005965,-1.8453012760954985,3.782661979747799,4.887024501882414,0.8835618495170479,85.82613113986851,-12.300175953750937,0.13148673297410787,1.524971341452205,3.697899729271937,-0.11339407819715618,4.345142101566848,3.8694404052792173,1.9767880090696064,2.7395448280486256,2.242729514454855,PREPARATION,False,FAR_GUIDANCE,0,False,inf,0.09453678131103516,0.0,True,True,TRACKING,0,0.09453678131103516,0.12428428478057911,0.4350410071284161,3,0,0.09453678131103516,0.04888105392456055,inf,VISION,,1:10,2,CAPTURE_GEOMETRY,0.08270788192749023,0.0016019344329833984,False,CAPTURE_GEOMETRY,0.0,0.0,0.0,False,0.0,1.1024804319062351,1.6153012760954986,SAFE,1.3583869756524443,1.000320315361023,19.610889434814453,10.329370498657227,,,0.010229990817606449,0.007820448838174343,,20.02871564733357,0.0017666659996393719,0.00026257700028509134,0.2947099507433533,0.4497209885998314,0.8183432835196571,0.4784981329207933,1.3094024912164686,4.790059305210574,0.2947099507433533,0.4497209885998314,0.8183432835196571
29.411768674850464,29.411768674850464,2.2261273860931396,True,PERIODIC,True,True,1,FAR_GUIDANCE,84.44295348122141,-15.56708098610263,-1.7991968618985519,3.6868111298488895,4.974053638725078,0.8213316689501992,85.90160807881993,-12.114741709432854,0.12541083224097102,1.4910731625773217,3.7116978357406283,-0.12926540189796068,4.213126451066138,3.7478420079203048,1.924607694139523,2.7052619439439676,2.228850794417086,PREPARATION,False,FAR_GUIDANCE,0,False,inf,0.09653353691101074,0.0,True,True,TRACKING,0,0.09653353691101074,0.123774724867802,0.43510130841721917,3,0,0.09653353691101074,0.04308772087097168,inf,VISION,,1:10,2,CAPTURE_GEOMETRY,0.08270788192749023,0.0016019344329833984,False,CAPTURE_GEOMETRY,0.0,0.0,0.0,False,0.0,1.1205459905837731,1.569196861898552,SAFE,1.3465270739893527,0.999927282333374,19.739770889282227,9.788171768188477,,,3.06289985019248e-05,0.004254159051924944,,20.00536610836647,0.002010098000027938,0.00026257700028509134,0.2731224704830447,0.5137495030930908,1.231493973060117,0.4578026384881202,1.275607073126416,4.729479698826911,0.2731224704830447,0.5137495030930908,1.231493973060117
29.461671113967896,29.461671113967896,2.2760298252105713,True,PERIODIC,True,True,1,FAR_GUIDANCE,84.62243060257772,-15.321807006990493,-1.7597662466226582,3.595322947379195,5.043081846061552,0.7690875131166223,85.97523981101396,-11.929045356329889,0.11857617581843691,1.4577867846592427,3.7248970040086835,-0.14430558442217026,4.107200339472746,3.652523014660299,1.8783424224410952,2.6722572996223612,2.210661725239746,PREPARATION,False,FAR_GUIDANCE,0,False,inf,0.0945272445678711,0.0,True,True,TRACKING,0,0.0945272445678711,0.12341855283555841,0.4358212636417216,3,0,0.0945272445678711,0.04403567314147949,inf,VISION,,1:10,2,CAPTURE_GEOMETRY,0.08270788192749023,0.0016019344329833984,False,CAPTURE_GEOMETRY,0.0,0.0,0.0,False,0.0,1.1389494101379238,1.5297662466226583,SAFE,1.334816554404415,0.999927282333374,19.739770889282227,9.788171768188477,,,2.160599979106337e-05,0.004254159051924944,,19.92860870702497,0.0021867460000066785,0.00026257700028509134,0.2746594251965005,0.41895303110211607,0.7084593394289541,0.44065731248156054,1.2312912709889212,4.6922860706763245,0.2746594251965005,0.41895303110211607,0.7084593394289541
29.51173734664917,29.51173734664917,2.3260960578918457,True,PERIODIC,True,True,1,FAR_GUIDANCE,84.79181153191807,-15.081631530535292,-1.7240475186083335,3.5036640682404516,5.099234871352298,0.7226751676132229,86.04766059766733,-11.74155379539882,0.1109634383814171,1.424822305419028,3.7376304523026898,-0.1585424220985253,4.012547989117403,3.568371638814779,1.8350109569897506,2.636682405835653,2.1870442537322257,PREPARATION,False,FAR_GUIDANCE,0,False,inf,0.09644865989685059,0.0,True,True,TRACKING,0,0.04445457458496094,0.1226552727632195,0.4397490630587504,3,0,0.04445457458496094,0.04686903953552246,inf,VISION,,1:11,2,DYNAMIC_LIMIT_VERTICAL,0.07059955596923828,0.004118442535400391,False,DYNAMIC_LIMIT_VERTICAL,0.0,0.0,0.0,False,0.0,1.1688418910680243,1.4940475186083335,SAFE,1.3150145494525731,0.9976216554641724,19.660911560058594,11.055192947387695,,,2.0049999875482172e-05,0.004254159051924944,,19.938421199456076,0.0016317270001309225,0.019409223000366183,0.29950596898271387,0.48374308416940903,1.1055502832828852,0.41037330035604197,1.20703998116271,4.606500440002633,0.29950596898271387,0.48374308416940903,1.1055502832828852
29.5616557598114,29.5616557598114,2.376014471054077,True,PERIODIC,True,True,1,FAR_GUIDANCE,84.9686989214554,-14.82122157876173,-1.6881396019070243,3.4023143747009867,5.148023188953506,0.6742940711130435,86.1180257372094,-11.554545763746022,0.1027106152918206,1.3925620834026964,3.749769438761421,-0.1717170627889619,3.898623796964886,3.462964482898973,1.790850217198845,2.5903576318707646,2.1527040233670167,PREPARATION,False,FAR_GUIDANCE,0,False,inf,0.09446573257446289,0.0,True,True,TRACKING,0,0.09446573257446289,0.1226552727632195,0.4397681886270684,3,0,0.09446573257446289,0.0542905330657959,inf,VISION,,1:11,2,DYNAMIC_LIMIT_VERTICAL,0.07059955596923828,0.004118442535400391,False,DYNAMIC_LIMIT_VERTICAL,0.0,0.0,0.0,False,0.0,1.1948902975995042,1.4581396019070243,SAFE,1.2980644512875983,0.9976216554641724,19.660911560058594,11.055192947387695,,,2.430600034131203e-05,0.004254159051924944,,20.16304044485725,0.0010714270001699333,0.019409223000366183,0.29950596898271387,0.4118665096922492,0.6217718376025915,0.41463653771175674,1.1756889543856301,4.555570241347781,0.29950596898271387,0.4118665096922492,0.6217718376025915
29.61158275604248,29.61158275604248,2.4259414672851562,True,PERIODIC,True,True,1,FAR_GUIDANCE,85.14406121290685,-14.55350883838261,-1.654082575685209,3.2958447027674347,5.18681651384041,0.6238610113463214,86.18671075088659,-11.367167908578475,0.09383670943274841,1.360834276853784,3.7614000147471467,-0.1838212410712245,3.780887251331587,3.3525940076296816,1.7479192851179572,2.5354345121008555,2.1082786962463946,PREPARATION,False,FAR_GUIDANCE,0,False,inf,0.04444694519042969,0.0,True,True,TRACKING,0,0.04444694519042969,0.12132600884355095,0.44119425435845305,3,0,0.04444694519042969,0.008129596710205078,inf,VISION,,1:11,2,DYNAMIC_LIMIT_VERTICAL,0.07059955596923828,0.004118442535400391,False,DYNAMIC_LIMIT_VERTICAL,0.0,0.0,0.0,False,0.0,1.2133278410250732,1.424082575685209,SAFE,1.2874643328749407,1.0003591775894165,19.769474029541016,10.983487129211426,,,0.009873815812170506,0.00368792493827641,,20.03136879142579,0.00156629699995392,0.019409223000366183,0.2856730551355245,0.4440892088011484,0.9986814503898432,0.38862606919711246,1.1381053914666517,4.475877176217509,0.2856730551355245,0.4440892088011484,0.9986814503898432
29.661864757537842,29.661864757537842,2.4762234687805176,True,PERIODIC,True,True,1,FAR_GUIDANCE,85.3043878316143,-14.299599850833951,-1.6243416854723218,3.193659808411737,5.213353410379591,0.5805717568081571,86.25370950946626,-11.17954879191416,0.0844036429353802,1.329640475231386,3.772539755473288,-0.19477890324410407,3.681812170068065,3.26127739671224,1.708745328407702,2.4802581939544233,2.061442191582951,PREPARATION,False,FAR_GUIDANCE,0,False,inf,0.04648017883300781,0.0,True,True,TRACKING,0,0.04648017883300781,0.12132600884355095,0.4437079626539446,3,0,0.04648017883300781,0.00832223892211914,inf,VISION,,1:11,2,DYNAMIC_LIMIT_VERTICAL,0.07059955596923828,0.004118442535400391,False,DYNAMIC_LIMIT_VERTICAL,0.0,0.0,0.0,False,0.0,1.2426876003569518,1.3943416854723218,SAFE,1.2710665886241195,1.0003591775894165,19.769474029541016,10.983487129211426,,,2.9689999792026356e-05,0.00368792493827641,,20.050787823160473,0.001902056000290031,0.019409223000366183,0.2856730551355245,0.40048960657775157,0.4649114967424532,0.39003293896248936,1.1060112068118697,4.4177251195618386,0.2856730551355245,0.40048960657775157,0.4649114967424532
29.711683988571167,29.711683988571167,2.5260426998138428,True,PERIODIC,True,True,1,FAR_GUIDANCE,85.45620720005653,-14.050674048112981,-1.5973470387607198,3.0924555421236986,5.230075666114909,0.5405429969740093,86.31962746292741,-10.990042730692956,0.07438158740017829,1.2986943279345484,3.7833045135953083,-0.20461019216562096,3.5927197512517,3.1800878307852245,1.6717286261608981,2.421978393086361,2.0103145513277654,PREPARATION,False,FAR_GUIDANCE,0,False,inf,0.09658217430114746,0.0,True,True,TRACKING,0,0.09658217430114746,0.12094904488751958,0.4408250337412586,3,0,0.09658217430114746,0.05842423439025879,inf,VISION,,1:12,0,NONE,0.08068585395812988,0.005239725112915039,False,HORIZONTAL_PREPARATION_NOT_READY,0.0,0.0,0.0,False,0.0,1.2607534635223123,1.3673470387607198,SAFE,1.2607539023634609,1.00015127658844,20.21776008605957,11.58115291595459,,,0.010108265094459057,0.00368792493827641,,19.965940653196657,0.002924381000411813,0.01476888900015183,0.27792497956394974,0.61144888568433,0.8355298666233463,0.37454870003936996,1.078740612043992,4.347833804976844,0.27792497956394974,0.61144888568433,0.8355298666233463
29.761759281158447,29.761759281158447,2.576117992401123,True,PERIODIC,True,True,1,FAR_GUIDANCE,85.61059932047009,-13.788344525533194,-1.5710499873591652,2.9846070881580813,5.238432655254383,0.5003147224933029,86.38370782881208,-10.800895639395577,0.06394787891882829,1.2683476838883199,3.79358592268254,-0.21313494412911432,3.4922436392223926,3.085862539543145,1.6349978662779936,2.3541747705239655,1.9499639475225568,PREPARATION,False,FAR_GUIDANCE,0,False,inf,0.09483146667480469,0.0,True,True,TRACKING,0,0.04681873321533203,0.12094904488751958,0.4411543824316795,3,0,0.04681873321533203,0.043543100357055664,inf,VISION,,1:12,0,NONE,0.08068585395812988,0.005239725112915039,False,HORIZONTAL_PREPARATION_NOT_READY,0.0,0.0,0.0,False,0.0,1.2861132042079966,1.3410499873591653,SAFE,1.247649707850598,1.00015127658844,20.21776008605957,11.58115291595459,,,0.00908687524497509,0.00368792493827641,,19.981499785120295,0.0015075609999257722,0.01476888900015183,0.27792497956394974,0.61144888568433,0.31502732160024766,0.3655063239281956,1.1499104814368852,4.274782267437957,0.27792497956394974,0.61144888568433,0.31502732160024766
29.811696767807007,29.811696767807007,2.6260554790496826,True,PERIODIC,True,True,1,FAR_GUIDANCE,85.76637720298305,-13.513971113117012,-1.545687834636677,2.8706950239017575,5.237635376020127,0.4616447944097063,86.44674581142456,-10.609827623649968,0.05303890293244351,1.2382202726992855,3.803526068830935,-0.2203983132479518,3.384210104615974,2.9827756956845515,1.5987267375691205,2.2774604538791783,1.8810724328708686,PREPARATION,False,FAR_GUIDANCE,0,False,inf,0.09719443321228027,0.0,True,True,TRACKING,0,0.04519939422607422,0.12109219771555715,0.4423186724178694,3,0,0.09719443321228027,0.051737070083618164,inf,VISION,,1:12,0,NONE,0.08068585395812988,0.005239725112915039,False,HORIZONTAL_PREPARATION_NOT_READY,0.0,0.0,0.0,False,0.0,1.3043202053579908,1.315687834636677,SAFE,1.2381898061708903,1.0009328126907349,20.0942440032959,12.209817886352539,,,1.2595000043802429e-05,0.002058630110695958,,19.97744246303917,0.0010661420001270017,0.01476888900015183,0.24662529583149015,0.5459840245005362,0.6334663011836628,0.35904870404888195,1.0942143739705874,4.19030775605303,0.24662529583149015,0.5459840245005362,0.6334663011836628
29.861637592315674,29.861637592315674,2.6759963035583496,True,PERIODIC,True,True,1,FAR_GUIDANCE,85.90551748984016,-13.259308182237557,-1.5238955013074842,2.7639768581194266,5.227859287912027,0.42977175385916205,86.5075802497816,-10.42047527806941,0.04192986354414433,1.208866223762722,3.8129571795452484,-0.22622677489267334,3.2974627970469634,2.901973780842282,1.5658253648516285,2.202419381288369,1.8135531363459292,PREPARATION,False,FAR_GUIDANCE,0,False,inf,0.09448552131652832,0.0,True,True,TRACKING,0,0.04648923873901367,0.12061803428483035,0.44195989314669326,3,0,0.04648923873901367,0.04922318458557129,inf,VISION,,1:12,0,NONE,0.08068585395812988,0.005239725112915039,False,HORIZONTAL_PREPARATION_NOT_READY,0.0,0.0,0.0,False,0.0,1.3327991841104705,1.2938955013074842,SAFE,1.2236398824847974,1.0009328126907349,20.0942440032959,12.209817886352539,,,2.5424000341445208e-05,0.002058630110695958,,19.95485680474499,0.0014309779999166494,0.01476888900015183,0.24291816996000867,0.35579985862247737,0.1890302661587863,0.3427099389003049,1.0593146443120889,4.120289597750012,0.24291816996000867,0.35579985862247737,0.1890302661587863
29.91174340248108,29.91174340248108,2.726102113723755,True,PERIODIC,True,True,1,FAR_GUIDANCE,86.03619669185251,-13.011056101260147,-1.5039686913464365,2.659398565857228,5.2112739325586395,0.4014779071128171,86.56729681591116,-10.22958999617964,0.03050039659723617,1.1797617004354908,3.8220625753885242,-0.23069712869860198,3.2207478040575492,2.8317169765862613,1.5344690879436726,2.1257654443302694,1.744915472453643,PREPARATION,False,FAR_GUIDANCE,0,False,inf,0.09655618667602539,0.0,True,True,TRACKING,0,0.09655618667602539,0.12107021782021342,0.44146453646415973,3,0,0.09655618667602539,0.05329489707946777,inf,VISION,,1:12,0,NONE,0.08068585395812988,0.005239725112915039,False,HORIZONTAL_PREPARATION_NOT_READY,0.0,0.0,0.0,False,0.0,1.35110289735778,1.2739686913464365,SAFE,1.2142758112110938,1.0010786056518555,20.01181983947754,12.95606803894043,,,0.009382683783769608,0.002058630110695958,,19.999958841508942,0.0019987440000477363,0.01476888900015183,0.23537574715743664,0.34202187107268256,0.5210799276398131,0.3332153160967616,1.0255987438218241,4.018262583530159,0.23537574715743664,0.34202187107268256,0.5210799276398131
29.961642503738403,29.961642503738403,2.776001214981079,True,PERIODIC,True,True,1,FAR_GUIDANCE,86.16840647493167,-12.74998656969244,-1.4842901492906475,2.5487862987249574,5.186692135833484,0.37290074397982426,86.62554393787481,-10.03833948792725,0.018887804322359713,1.1510732017541783,3.8308002407073363,-0.23374405127332362,3.1339349891629777,2.749909917810357,1.5031779536130072,2.039623161351174,1.6680443020211815,PREPARATION,False,FAR_GUIDANCE,0,False,inf,0.09451866149902344,0.0,True,True,TRACKING,0,0.04651451110839844,0.12084650733799988,0.4352942864128957,3,0,0.04651451110839844,0.03243827819824219,inf,VISION,,1:13,0,NONE,0.0907280445098877,0.006239175796508789,False,HORIZONTAL_PREPARATION_NOT_READY,0.0,0.0,0.0,False,0.0,1.3758751490710397,1.2542901492906475,SAFE,1.2021469661563031,1.0010786056518555,20.01181983947754,12.95606803894043,,,2.698299977055285e-05,0.002058630110695958,,19.96188464647411,0.002574829999502981,0.013226994999968156,0.24071721935372897,0.42845086128957066,0.22968086519995637,0.3233171032236205,0.9976367332057258,3.941131746404715,0.24071721935372897,0.42845086128957066,0.22968086519995637
30.011759042739868,30.011759042739868,2.826117753982544,True,PERIODIC,True,True,1,FAR_GUIDANCE,86.29657357509642,-12.48669154179609,-1.4656377261163587,2.437119244000938,5.155293986480996,0.34778016020240443,86.68230577930092,-9.846870403156267,0.007171685304379849,1.122806720139364,3.8391802600568115,-0.23534999201691092,3.0473943853298042,2.66785400225914,1.4728094114207386,1.9492597378720098,1.5882805003131524,PREPARATION,False,FAR_GUIDANCE,0,False,inf,0.0964806079864502,0.0,True,True,TRACKING,0,0.0964806079864502,0.1208147494292525,0.43306066091255,3,0,0.0964806079864502,0.05377960205078125,inf,VISION,,1:13,0,NONE,0.0907280445098877,0.006239175796508789,False,HORIZONTAL_PREPARATION_NOT_READY,0.0,0.0,0.0,False,0.0,1.393666701767308,1.2356377261163587,SAFE,1.1932484005878548,1.0031564235687256,19.991823196411133,12.928962707519531,,,0.022905634716153145,0.002301078988239169,,20.00097279511695,0.0027825070001199492,0.013226994999968156,0.2063206635992474,0.5101615533665396,0.4063866806202789,0.29032208955544786,0.9244307691612984,3.8454589485013653,0.2063206635992474,0.5101615533665396,0.4063866806202789
30.061588048934937,30.061588048934937,2.8759467601776123,True,PERIODIC,True,True,1,FAR_GUIDANCE,86.41601255787629,-12.231244651021786,-1.4485731977145846,2.3289392538231763,5.1186657681051075,0.32524711601784484,86.73786455509703,-9.654293168208811,-0.004631256911544061,1.0948180243113372,3.8472553195288484,-0.23550711794656978,2.9714030324573986,2.5969727863200593,1.4439419408030405,1.8584899915764184,1.5088037304888182,PREPARATION,False,FAR_GUIDANCE,0,False,inf,0.09452366828918457,0.0,True,True,TRACKING,0,0.09452366828918457,0.11937680871118062,0.42899281169558906,3,0,0.09452366828918457,0.03054356575012207,inf,VISION,,1:13,0,NONE,0.0907280445098877,0.006239175796508789,False,HORIZONTAL_PREPARATION_NOT_READY,0.0,0.0,0.0,False,0.0,1.421986822418698,1.2185731977145846,SAFE,1.179589327496125,1.0031564235687256,19.991823196411133,12.928962707519531,,,2.069100082735531e-05,0.002301078988239169,,20.037256548609818,0.0015786069998284802,0.013226994999968156,0.2063206635992474,0.5101615533665396,0.20291482641289793,0.30917227728702734,0.947697494938531,3.7739997271889645,0.2063206635992474,0.5101615533665396,0.20291482641289793
30.111805200576782,30.111805200576782,2.926163911819458,True,PERIODIC,True,True,1,FAR_GUIDANCE,86.52280677892631,-11.99368460780261,-1.4336761793746013,2.2285369255862553,5.079790365528742,0.3053165087329667,86.7919251632314,-9.461698764152139,-0.01638247690087399,1.0672525262114345,3.8549931316793953,-0.23420996980534786,2.914120528785495,2.5462476347003973,1.4172937024737273,1.7719476689000455,1.433832155466416,PREPARATION,False,FAR_GUIDANCE,0,False,inf,0.09651994705200195,0.0,True,True,TRACKING,0,0.09651994705200195,0.11841069778631111,0.41932160872582736,3,0,0.09651994705200195,0.039740562438964844,inf,VISION,,1:13,0,NONE,0.0907280445098877,0.006239175796508789,False,HORIZONTAL_PREPARATION_NOT_READY,0.0,0.0,0.0,False,0.0,1.439098692340007,1.2036761793746014,SAFE,1.1713566317979553,1.0001187324523926,20.017242431640625,12.246432304382324,,,0.008731741458177567,0.002301078988239169,,19.991123727472544,0.0012181960000816616,0.013226994999968156,0.1922355782638789,0.4851096157872787,0.3445063727798111,0.267226553045923,0.8740552715648804,3.6700299128317493,0.1922355782638789,0.4851096157872787,0.3445063727798111
30.16178870201111,30.16178870201111,2.976147413253784,True,PERIODIC,True,True,1,FAR_GUIDANCE,86.63549616152291,-11.732365253324183,-1.4184391252503699,2.1184273527226543,5.031920724521376,0.28353756999315066,86.844806315035,-9.268019041440862,-0.028074969514545207,1.039944462385135,3.8624494191062873,-0.23145563193267468,2.837239059004708,2.4732191557536765,1.3903641557358246,1.6721263340339612,1.347700214760638,PREPARATION,False,FAR_GUIDANCE,0,False,inf,0.09447503089904785,0.0,True,True,TRACKING,0,0.09447503089904785,0.1159069790020955,0.4075142059668338,3,0,0.09447503089904785,0.045256614685058594,inf,VISION,,1:14,0,NONE,0.08277034759521484,0.005447864532470703,False,HORIZONTAL_PREPARATION_NOT_READY,0.0,0.0,0.0,False,0.0,1.4560807510938272,1.1884391252503699,SAFE,1.1639696176514744,1.0001187324523926,20.017242431640625,12.246432304382324,,,2.801300070132129e-05,0.002301078988239169,,19.973491914663033,0.0009590379995643161,0.018960307000270404,0.1860376576401566,0.4851096157872787,0.3172968039253595,0.2599964471795804,0.8954433513025563,3.589025018230585,0.1860376576401566,0.4851096157872787,0.3172968039253595
30.21175718307495,30.21175718307495,3.026115894317627,True,PERIODIC,True,True,1,FAR_GUIDANCE,86.73986004061474,-11.48001665051474,-1.4046113560913047,2.013174899375308,4.980815453860849,0.26533428892128375,86.89592668168325,-9.075496207312787,-0.03950354645986385,1.0131939536952088,3.869552688902875,-0.22730171769218033,2.769403309405705,2.4095799132277236,1.3651078096314408,1.5740257493184056,1.2640336463381607,PREPARATION,False,FAR_GUIDANCE,0,False,inf,0.0965571403503418,0.0,True,True,TRACKING,0,0.0965571403503418,0.11335154472001235,0.3946153727064712,3,0,0.0965571403503418,0.04646444320678711,inf,VISION,,1:14,0,NONE,0.08277034759521484,0.005447864532470703,False,HORIZONTAL_PREPARATION_NOT_READY,0.0,0.0,0.0,False,0.0,1.4801338118310765,1.1746113560913047,SAFE,1.154008432892307,0.9993007183074951,20.058395385742188,11.842939376831055,,,0.012155218981206417,0.002301078988239169,,19.99359135505308,0.003445905000262428,0.018960307000270404,0.1860376576401566,0.4560681582221768,0.32411196976440043,0.2965378804388548,0.8282760169172977,3.4965477904490117,0.1860376576401566,0.4560681582221768,0.32411196976440043
30.261561155319214,30.261561155319214,3.0759198665618896,True,PERIODIC,True,True,1,FAR_GUIDANCE,86.83781421622123,-11.233058414743383,-1.3916540583456887,1.911548503842923,4.92704889100921,0.24981670294227623,86.9458986717362,-8.881937339287981,-0.05072996225012609,0.9866806477109509,3.876397980010914,-0.22173541958260853,2.7087875502638132,2.3536041640374723,1.3409240960955626,1.4770271806386714,1.1822584394979814,PREPARATION,False,FAR_GUIDANCE,0,False,inf,0.09448838233947754,0.0,True,True,TRACKING,0,0.09448838233947754,0.10972094685874507,0.38239714727746743,3,0,0.09448838233947754,0.03413081169128418,inf,VISION,,1:14,0,NONE,0.08277034759521484,0.005447864532470703,False,HORIZONTAL_PREPARATION_NOT_READY,0.0,0.0,0.0,False,0.0,1.5071637051159819,1.1616540583456887,SAFE,1.1424749074742364,0.9993007183074951,20.058395385742188,11.842939376831055,,,1.9278999388916418e-05,0.002301078988239169,,19.97420279793019,0.001846422999733477,0.018960307000270404,0.17829112807393255,0.4560681582221768,0.2728239884537574,0.2502376476380381,0.8417643987447484,3.4288359749278015,0.17829112807393255,0.4560681582221768,0.2728239884537574
30.31172490119934,30.31172490119934,3.1260836124420166,True,PERIODIC,True,True,1,FAR_GUIDANCE,86.92616764318973,-11.000911959307704,-1.3799635270955126,1.8169292735604492,4.873781886046628,0.2349852955144913,86.9946385664984,-8.687700223733291,-0.06166287914595394,0.9604438036146563,3.8829818052751945,-0.21478989556958683,2.6633725611191075,2.3142248812373287,1.3183006479495587,1.3847562539305118,1.1051828400519228,PREPARATION,False,FAR_GUIDANCE,0,False,inf,0.09652876853942871,0.0,True,True,TRACKING,0,0.09652876853942871,0.10622418546445309,0.36236587738211684,3,0,0.09652876853942871,0.03599739074707031,inf,VISION,,1:14,0,NONE,0.08277034759521484,0.005447864532470703,False,HORIZONTAL_PREPARATION_NOT_READY,0.0,0.0,0.0,False,0.0,1.523134885765808,1.1499635270955126,SAFE,1.1355864289014035,1.0002107620239258,19.98997688293457,11.380127906799316,,,0.014893163926899433,0.005849033128470182,,19.968081849019708,0.0029490609995264094,0.018960307000270404,0.17968091052184246,0.41142640425963745,0.3796204414748555,0.24534675716696405,0.8219327222359895,3.3448574296082825,0.17968091052184246,0.41142640425963745,0.3796204414748555
30.361702919006348,30.361702919006348,3.1760616302490234,True,PERIODIC,True,True,1,FAR_GUIDANCE,87.01566110258054,-10.755118702846607,-1.3681752074528633,1.7183145169820435,4.815307665420488,0.21932627770693033,87.04193468783873,-8.493714879870884,-0.07218411719513164,0.9345959668177198,3.8892840445007417,-0.20654301225139216,2.606574468124584,2.2615564445424603,1.2959910902577316,1.2857290400790493,1.0230389696017026,PREPARATION,False,FAR_GUIDANCE,0,False,inf,0.09450149536132812,0.0,True,True,TRACKING,0,0.09450149536132812,0.10622418546445309,0.34344689710276105,3,0,0.09450149536132812,0.035675048828125,inf,VISION,,1:14,0,NONE,0.08277034759521484,0.005447864532470703,False,HORIZONTAL_PREPARATION_NOT_READY,0.0,0.0,0.0,False,0.0,1.545513386567123,1.1381752074528633,SAFE,1.1267922533853354,1.0002107620239258,19.98997688293457,11.380127906799316,,,2.6153000362683088e-05,0.005849033128470182,,19.986019878737295,0.002653427999575797,0.018960307000270404,0.1751542671039707,0.4242908518309314,0.3040863983094989,0.240802629980171,0.7905577898370806,3.2594665977245865,0.1751542671039707,0.4242908518309314,0.3040863983094989
30.411553144454956,30.411553144454956,3.225911855697632,True,PERIODIC,True,True,1,FAR_GUIDANCE,87.10124911811664,-10.508841044870248,-1.3569905137473814,1.6209559816316712,4.75525043691681,0.20457738952636909,87.08813947724612,-8.298601201496488,-0.0823032656833187,0.9089417458678333,3.8953594060906283,-0.19698420044663206,2.551501441954864,2.210278721772577,1.2746872480640628,1.1864352352182228,0.9418362713430206,PREPARATION,False,FAR_GUIDANCE,0,False,inf,0.09645390510559082,0.0,True,True,TRACKING,0,0.09645390510559082,0.09606781982819648,0.31249319984464935,3,0,0.09645390510559082,0.02331256866455078,inf,VISION,,1:15,0,NONE,0.09261035919189453,0.0003254413604736328,False,HORIZONTAL_PREPARATION_NOT_READY,0.0,0.0,0.0,False,0.0,1.5603547573219885,1.1269905137473815,SAFE,1.1206597765629673,0.9995149970054626,20.02824592590332,12.281290054321289,,,0.008640626445412636,0.005849033128470182,,20.081477221928516,0.0017145930005426635,0.011633201999757148,0.1751542671039707,0.3981340520504103,0.4494580238631346,0.2945711960629177,0.7680807645759153,3.1828548290358123,0.1751542671039707,0.3981340520504103,0.4494580238631346
30.461634635925293,30.461634635925293,3.2759933471679688,True,PERIODIC,True,True,1,FAR_GUIDANCE,87.17850965058665,-10.275685613376401,-1.3469784800297429,1.5307299296776524,4.697516040590265,0.19213277494231396,87.13279588637528,-8.104380186804539,-0.09185553644248842,0.8837341506518486,3.901155463573793,-0.18627393018066815,2.508384062941304,2.1717865925773623,1.2551229435872544,1.093611147156633,0.8668976970587706,PREPARATION,False,FAR_GUIDANCE,0,False,inf,0.04644346237182617,0.0,True,True,TRACKING,0,0.04644346237182617,0.09606781982819648,0.28585990359987934,3,0,0.04644346237182617,0.0065860748291015625,inf,VISION,,1:15,0,NONE,0.09261035919189453,0.0003254413604736328,False,HORIZONTAL_PREPARATION_NOT_READY,0.0,0.0,0.0,False,0.0,1.5845029073458017,1.1169784800297429,SAFE,1.1114694672687897,0.9995149970054626,20.02824592590332,12.281290054321289,,,3.0455999876721762e-05,0.005849033128470182,,20.016848038359957,0.0017647960003159824,0.011633201999757148,0.17303127422205702,0.42192715253623564,0.34074031612034034,0.23742935608603408,0.7442088977977497,3.093943616737147,0.17303127422205702,0.42192715253623564,0.34074031612034034
30.51160502433777,30.51160502433777,3.3259637355804443,True,PERIODIC,True,True,1,FAR_GUIDANCE,87.24846541844198,-10.054583209677629,-1.3379350134589,1.446997882623815,4.642653361784101,0.1808459843281752,87.17637335193305,-7.909103082377328,-0.10088001803117863,0.858707712354817,3.9067404654958016,-0.17437411341139714,2.477617263502723,2.146690998419205,1.2370549954277215,1.006893456725522,0.7975009965504547,PREPARATION,False,FAR_GUIDANCE,0,False,inf,0.0965111255645752,0.0,True,True,TRACKING,0,0.0965111255645752,0.08380740877461773,0.268112161656215,3,0,0.0965111255645752,0.056653738021850586,inf,VISION,,1:15,0,NONE,0.09261035919189453,0.0003254413604736328,False,HORIZONTAL_PREPARATION_NOT_READY,0.0,0.0,0.0,False,0.0,1.598976441821013,1.1079350134589,SAFE,1.1058740661948143,1.0000940561294556,19.97807502746582,9.848305702209473,,,1.7679998563835397e-05,0.003638488007709384,,19.986571249573014,0.001480060999710986,0.011633201999757148,0.17303127422205702,0.37752984540734086,0.49185126611162205,0.2972259412688956,0.6746359923438356,3.0300952648003046,0.17303127422205702,0.37752984540734086,0.49185126611162205
30.561533451080322,30.561533451080322,3.375892162322998,True,PERIODIC,True,True,1,FAR_GUIDANCE,87.31797047179306,-9.824065717258442,-1.328979501402016,1.3614948109418652,4.5863811246844755,0.16886033938489786,87.21873865983173,-7.713398327157006,-0.10928839136743164,0.8339340206252562,3.9121035325312894,-0.16138774193359057,2.4397561738911806,2.1129987657693357,1.2196911100345844,0.9176243534115288,0.7269683669054313,PREPARATION,False,FAR_GUIDANCE,0,False,inf,0.04756307601928711,0.0,True,True,TRACKING,0,0.04756307601928711,0.08380740877461773,0.23250048503372406,3,0,0.04756307601928711,0.006917476654052734,inf,VISION,,1:15,0,NONE,0.09261035919189453,0.0003254413604736328,False,HORIZONTAL_PREPARATION_NOT_READY,0.0,0.0,0.0,False,0.0,1.6178188798136075,1.098979501402016,SAFE,1.0987977466466385,1.0000940561294556,19.97807502746582,9.848305702209473,,,2.0991999917896464e-05,0.003638488007709384,,19.937608110765467,0.002410261000477476,0.011633201999757148,0.2499297026862723,0.37752984540734086,0.3746784136901269,0.2946298770282876,0.705801029903225,2.9585535973794745,0.2499297026862723,0.37752984540734086,0.3746784136901269
30.61173939704895,30.61173939704895,3.426098108291626,True,PERIODIC,True,True,1,FAR_GUIDANCE,87.38641466178537,-9.584706862022799,-1.3199817822578919,1.2749885070396936,4.529927788598272,0.15761499960453146,87.25992159342623,-7.517182987859979,-0.11703067767964243,0.8093925498719535,3.9172546126352032,-0.14738573995981144,2.395359435780396,2.0713897427997816,1.2029511045782495,0.8277520564821408,0.6574056110990781,PREPARATION,False,FAR_GUIDANCE,0,False,inf,0.044464826583862305,0.0,True,True,TRACKING,0,0.044464826583862305,0.06912064833018224,0.21079806773323267,3,0,0.044464826583862305,0.010405540466308594,inf,VISION,,1:16,0,NONE,0.0529935359954834,0.00047779083251953125,False,HORIZONTAL_PREPARATION_NOT_READY,0.0,0.0,0.0,False,0.0,1.6301501468053319,1.0899817822578919,SAFE,1.0938022579182682,0.9995147585868835,20.019433975219727,10.539870262145996,,,2.0991999917896464e-05,0.003638488007709384,,20.00294076083778,0.0010765339993668022,0.011613256000600813,0.269480443816704,0.3692742451754782,0.48428860112937727,0.30237347976154383,0.635865777308699,2.876953667310819,0.269480443816704,0.3692742451754782,0.48428860112937727
30.661787033081055,30.661787033081055,3.4761457443237305,True,PERIODIC,True,True,1,FAR_GUIDANCE,87.44674593834473,-9.361808947128031,-1.311874278220847,1.1963583275363647,4.479514486811106,0.14734019085750022,87.30049394264799,-7.317651178422066,-0.12415126378820403,0.7847288740551561,3.922269826799799,-0.13223141960179594,2.368682458376216,2.0493829875370366,1.187723014432643,0.7470747643035203,0.5956678586054885,PREPARATION,False,FAR_GUIDANCE,0,False,inf,0.09447813034057617,0.0,True,True,TRACKING,0,0.09447813034057617,0.06912064833018224,0.18811298174939223,3,0,0.09447813034057617,0.06041884422302246,inf,VISION,,1:16,0,NONE,0.0529935359954834,0.00047779083251953125,False,HORIZONTAL_PREPARATION_NOT_READY,0.0,0.0,0.0,False,0.0,1.6426074858414061,1.081874278220847,SAFE,1.0889014031423527,0.9995147585868835,20.019433975219727,10.539870262145996,,,1.9376999262021855e-05,0.003638488007709384,,20.023537245235755,0.0018356309992668685,0.011613256000600813,0.2925781371364598,0.34869359536487243,0.43436552158441133,0.3079168885959325,0.6219700626012442,2.804799671626144,0.2925781371364598,0.34869359536487243,0.43436552158441133
30.711673498153687,30.711673498153687,3.5260322093963623,True,PERIODIC,True,True,1,FAR_GUIDANCE,87.50023293015074,-9.153274601840495,-1.3046597362463799,1.1248834047851393,4.43506997706164,0.13824692934609212,87.33854801642511,-7.124421743336301,-0.13028412412432527,0.7611141439868926,3.9269205823167725,-0.11676889333556452,2.349796589310266,2.035285221483001,1.1743756121220545,0.6749644081722236,0.5411654435003405,PREPARATION,False,FAR_GUIDANCE,0,False,inf,0.09639811515808105,0.0,True,True,TRACKING,0,0.044403076171875,0.05261013584634845,0.1462216261811454,3,0,0.044403076171875,0.0392611026763916,inf,VISION,,1:16,0,NONE,0.0529935359954834,0.00047779083251953125,False,HORIZONTAL_PREPARATION_NOT_READY,0.0,0.0,0.0,False,0.0,1.6603230658848425,1.07465973624638,SAFE,1.081512573252212,0.999032199382782,20.046586990356445,10.522354125976562,,,1.7729998944560066e-05,0.003638488007709384,,19.95111996917647,0.0017189089994644746,0.011613256000600813,0.2862328977256395,0.34869359536487243,1.298947284500274,0.30628403671297344,0.6634399831437581,2.7184194394739403,0.2862328977256395,0.34869359536487243,1.298947284500274
30.761561155319214,30.761561155319214,3.5759198665618896,True,PERIODIC,True,True,1,FAR_GUIDANCE,87.55413574143482,-8.930327762694063,-1.2972003161757306,1.0509070094257942,4.390884682880586,0.12872647139294136,87.37578515550744,-6.929155358158441,-0.13568446146074264,0.7375093872223334,3.9314221223062447,-0.10045395312059,2.3206936473670554,2.009104259160166,1.161515854714988,0.6015376805758019,0.48682248324115024,PREPARATION,False,FAR_GUIDANCE,0,False,inf,0.09451484680175781,0.0,True,True,TRACKING,0,0.04650568962097168,0.05261013584634845,0.1142097979201945,3,0,0.04650568962097168,0.05193066596984863,inf,VISION,,1:16,0,NONE,0.0529935359954834,0.00047779083251953125,False,HORIZONTAL_PREPARATION_NOT_READY,0.0,0.0,0.0,False,0.0,1.674565928498759,1.0672003161757306,SAFE,1.0753349470738127,0.999032199382782,20.046586990356445,10.522354125976562,,,2.8792999728466384e-05,0.003638488007709384,,19.949092272696436,0.0023298029991565272,0.011613256000600813,0.2534344926505975,0.3277802299582354,1.298947284500274,0.3045613564921515,0.5978966312786339,2.798613425963817,0.2534344926505975,0.3277802299582354,1.298947284500274
30.81148386001587,30.81148386001587,3.625842571258545,True,PERIODIC,True,True,1,FAR_GUIDANCE,87.60494340011682,-8.70713560895589,-1.2901636637630556,0.9794435004753161,4.349796917698854,0.11854883079277143,87.41202704311861,-6.7327206836942475,-0.14027851832711635,0.7140153778073363,3.9357568573597947,-0.08344370071445661,2.292982090114885,1.98381728440232,1.1498851454359391,0.5316787024635449,0.43548079337105555,PREPARATION,False,FAR_GUIDANCE,0,False,inf,0.09647893905639648,0.0,True,True,TRACKING,0,0.09647893905639648,0.0362768801389572,0.09098321172584521,3,0,0.09647893905639648,0.05409955978393555,inf,VISION,,1:16,0,NONE,0.0529935359954834,0.00047779083251953125,False,HORIZONTAL_PREPARATION_NOT_READY,0.0,0.0,0.0,False,0.0,1.6837829003637728,1.0601636637630556,SAFE,1.071270751712106,0.9990997910499573,19.982223510742188,11.065406799316406,,,2.40420013142284e-05,0.005553918890655041,,20.06662605924068,0.0016046480004661134,0.011613256000600813,0.25177000552558193,0.3277802299582354,0.8363708823525383,0.3070482619053683,0.643727982978795,2.709093447860816,0.25177000552558193,0.3277802299582354,0.8363708823525383
30.842187643051147,30.842187643051147,3.6565463542938232,True,PHASE_TRANSITION,False,True,1,MINCO_READY,87.66110229492188,-8.443212509155273,-1.282615303993225,0.8986368775367737,4.306154727935791,0.10662152618169785,87.4471297547715,-6.535911032120816,-0.14401259742614855,0.6907195558630782,3.9399119907871434,-0.06590556329485124,nan,nan,nan,nan,nan,PREPARATION,False,PLAN_ACCEPTED,17,False,inf,0.06783628463745117,0.04021048545837402,True,True,TRACKING,0,0.06783628463745117,0.027209877741965285,0.06545435224077976,3,0,0.06783628463745117,0.020714282989501953,0.1158750057220459,VISION,,1:17,1,NONE,0.11066651344299316,0.004918575286865234,True,ADMITTED,1.5,1791343368.7465026,1.459789514541626,False,0.47911675306035234,1.6920263228407073,1.0526153039932251,HOLD,0.0,0.9990997910499573,19.982223510742188,11.065406799316406,,,2.1796000510221347e-05,0.005553918890655041,,20.61303864492609,0.00039725399983581156,0.017767080000339774,0.25469827088490415,0.3283011104148626,0.6583536330642541,0.3094635442994612,0.5811323688082317,2.6440383696531673,0.25469827088490415,0.3283011104148626,0.6583536330642541
30.861713886260986,30.861713886260986,3.676072597503662,True,PERIODIC,True,True,1,MINCO_READY,87.65131392904416,-8.49053762765631,-1.2839320456483556,0.9128508168840119,4.3136357140413475,0.10868098960162278,87.4471297547715,-6.535911032120816,-0.14401259742614855,0.6907195558630782,3.9399119907871434,-0.06590556329485124,2.27193148079631,1.9652624010543962,1.139919448222207,0.4684999283863429,0.38916193347449934,TERMINAL_APPROACH,True,PLAN_ACCEPTED,17,False,inf,0.06783628463745117,0.04021048545837402,True,True,TRACKING,0,0.06783628463745117,0.027209877741965285,0.06545435224077976,3,0,0.06783628463745117,0.020714282989501953,0.1158750057220459,VISION,,1:17,1,NONE,0.11066651344299316,0.004918575286865234,True,ADMITTED,1.5,1791343368.7465026,1.459789514541626,False,0.47911675306035234,1.6920263228407073,1.0539320456483556,HOLD,0.0,0.9990997910499573,19.982223510742188,11.065406799316406,,,2.1796000510221347e-05,0.005553918890655041,,20.61303864492609,0.00039725399983581156,0.017767080000339774,0.25469827088490415,0.3283011104148626,0.6583536330642541,0.3094635442994612,0.5811323688082317,2.6440383696531673,0.25469827088490415,0.3283011104148626,0.6583536330642541
30.88264298439026,30.88264298439026,3.6970016956329346,True,PHASE_TRANSITION,False,True,1,MINCO_TRACKING,87.69525146484375,-8.272260665893555,-1.2781627178192139,0.8488291501998901,4.280546188354492,0.09967876225709915,87.48129897045933,-6.337565701501337,-0.14687572072239202,0.6674778126236017,3.943915994244199,-0.047839005397604384,nan,nan,nan,nan,nan,TERMINAL_APPROACH,True,TRACKING,17,False,inf,0.09635567665100098,0.06872987747192383,True,True,TRACKING,0,0.044387102127075195,0.020264852430816375,0.014235382968295093,3,0,0.044387102127075195,0.04923367500305176,0.1443943977355957,VISION,,1:17,1,NONE,0.11066651344299316,0.004918575286865234,True,ADMITTED,1.5,1791343368.7465026,1.4312701225280762,False,0.47911675306035234,1.702937756425439,1.0481627178192139,SAFE,1.0624277460419678,0.9990997910499573,19.982223510742188,11.065406799316406,,,1.5022999832581263e-05,0.005553918890655041,,21.239052413969464,0.0006369510001604795,0.017767080000339774,0.2208163853011507,0.3283011104148626,0.7046669079982799,0.2915966586809335,0.6336427821802141,2.57459920095007,0.2208163853011507,0.3283011104148626,0.7046669079982799
30.911802530288696,30.911802530288696,3.726161241531372,True,PERIODIC,True,True,1,MINCO_TRACKING,87.6927111808604,-8.285169448571587,-1.2784919963604615,0.8525496100377828,4.282441844623443,0.10021243398964458,87.48129897045933,-6.337565701501337,-0.14687572072239202,0.6674778126236017,3.943915994244199,-0.047839005397604384,2.2623905219032627,1.9590445319871477,1.1316162756380694,0.4132439355607557,0.3481826800989683,TERMINAL_APPROACH,True,TRACKING,17,False,inf,0.09635567665100098,0.06872987747192383,True,True,TRACKING,0,0.044387102127075195,0.020264852430816375,0.014235382968295093,3,0,0.044387102127075195,0.04923367500305176,0.1443943977355957,VISION,,1:17,1,NONE,0.11066651344299316,0.004918575286865234,True,ADMITTED,1.5,1791343368.7465026,1.4312701225280762,False,0.47911675306035234,1.702937756425439,1.0484919963604615,SAFE,1.0624277460419678,0.9992004036903381,19.957609176635742,11.552811622619629,,,1.5022999832581263e-05,0.005553918890655041,,21.239052413969464,0.0006369510001604795,0.017767080000339774,0.2208163853011507,0.3283011104148626,0.7046669079982799,0.2915966586809335,0.6336427821802141,2.57459920095007,0.2208163853011507,0.3283011104148626,0.7046669079982799
30.96164298057556,30.96164298057556,3.7760016918182373,True,PERIODIC,True,True,1,MINCO_TRACKING,87.73325457952694,-8.070609699533545,-1.2730919889302297,0.7933740165559646,4.253046630278719,0.09607557903113127,87.51410368981942,-6.140249639464632,-0.14881262668495984,0.6445816792866332,3.9477226927341316,-0.02958782162394704,2.244620493165712,1.9427601689268943,1.1242793622452698,0.36215073758312366,0.3109915156688094,TERMINAL_APPROACH,True,TRACKING,17,False,inf,0.09487390518188477,0.1192166805267334,True,True,TRACKING,0,0.04683995246887207,0.020264852430816375,-0.01751455464801996,3,0,0.09487390518188477,0.05237078666687012,0.19488120079040527,VISION,,1:17,1,NONE,0.11066651344299316,0.004918575286865234,True,ADMITTED,1.5,1791343368.7465026,1.3807833194732666,False,0.47911675306035234,1.7113645483139512,1.0430919889302297,SAFE,1.0576815049604802,0.9992004036903381,19.957609176635742,11.552811622619629,,,0.00807301327586174,0.005553918890655041,,20.965833017793923,0.0016127299995787325,0.017767080000339774,0.16728896693773015,0.31652655501800075,0.6713975223183757,0.2486231162685135,0.5735089191966939,2.509098187104209,0.16728896693773015,0.31652655501800075,0.6713975223183757
31.011886596679688,31.011886596679688,3.8262453079223633,True,PERIODIC,True,True,1,MINCO_TRACKING,87.77185949538378,-7.8525763237005135,-1.2673729753833773,0.7356297066668657,4.226852716975049,0.11021355203142566,87.54600190657368,-5.94126309184395,-0.14983599052061414,0.6217092212070118,3.951389330889348,-0.011015297548209145,2.225537875038133,1.9246116285352461,1.1175369848627632,0.321798676273863,0.28588357840563805,TERMINAL_APPROACH,True,TRACKING,17,False,inf,0.09647870063781738,0.1688556671142578,True,True,TRACKING,0,0.04450821876525879,0.007376424003955254,-0.017202536027857204,3,0,0.04450821876525879,0.051253318786621094,0.2445201873779297,VISION,,1:17,1,NONE,0.11066651344299316,0.004918575286865234,True,ADMITTED,1.5,1791343368.7465026,1.3311443328857422,False,0.47911675306035234,1.7167432105055962,1.0373729753833774,SAFE,1.0527665703167628,1.0004844665527344,20.008832931518555,12.727436065673828,,,1.602300108061172e-05,0.004135644994676113,,21.01704818062127,0.0009796849999474944,0.017767080000339774,0.16728896693773015,0.31652655501800075,0.8922006824260301,0.3125637976045788,0.6303329734692933,2.338375585194835,0.16728896693773015,0.31652655501800075,0.8922006824260301
31.06173014640808,31.06173014640808,3.876088857650757,True,PERIODIC,True,True,1,MINCO_TRACKING,87.80636823356899,-7.643047478890378,-1.2603656878310145,0.6738880486523668,4.2093755761993,0.16174731983160237,87.57617629922166,-5.74589908087029,-0.14992857259484904,0.5994564504116664,3.954826413897308,0.007270449026551347,2.2102558579591576,1.911062628682994,1.1104371152361656,0.3069176476826177,0.28834708452212016,TERMINAL_APPROACH,True,TRACKING,17,False,inf,0.09452009201049805,0.21886754035949707,True,True,TRACKING,0,0.09452009201049805,0.007376424003955254,-0.05866956134346518,3,0,0.09452009201049805,0.05426478385925293,0.29453206062316895,VISION,,1:17,1,NONE,0.11066651344299316,0.004918575286865234,True,ADMITTED,1.5,1791343368.7465026,1.281132459640503,False,0.47911675306035234,1.7169719170248001,1.0303656878310146,SAFE,1.0333799835517943,1.0004844665527344,20.008832931518555,12.727436065673828,,,0.02481961064040661,0.004135644994676113,,21.049978532485206,0.0008349409999937052,0.017767080000339774,0.16751553476309672,0.4189716293219569,0.8922006824260301,0.250596586056691,0.6269995440573858,2.383162699271092,0.16751553476309672,0.4189716293219569,0.8922006824260301
31.097599744796753,31.097599744796753,3.9119584560394287,True,PHASE_TRANSITION,False,True,1,MINCO_READY,87.85303497314453,-7.326903820037842,-1.241768479347229,0.5789441466331482,4.2196502685546875,0.33169862627983093,87.6057228409438,-5.547162738276246,-0.14909731103612575,0.5770171178752291,3.9581626098076064,0.02581042749576036,nan,nan,nan,nan,nan,TERMINAL_APPROACH,True,PLAN_ACCEPTED,18,False,inf,0.07112455368041992,0.017515182495117188,True,True,TRACKING,0,0.07112479209899902,0.01917711242735918,-0.05174466054646067,3,0,0.07112479209899902,0.03074812889099121,0.12312126159667969,VISION,,1:18,1,NONE,0.11318564414978027,0.02825164794921875,True,ADMITTED,1.2220525741577148,1791343368.7465026,1.2045373916625977,False,0.4404700802828989,1.7144635992240103,1.011768479347229,HOLD,0.0,1.0003660917282104,20.006271362304688,12.643674850463867,,,6.863999260531273e-06,0.004135644994676113,,22.62236109357513,2.8300000849412754e-06,0.007837149000806676,0.17506834469083832,0.4095165464439741,0.8412555508364238,0.25450558698538683,0.6307559829386568,2.2100064767280276,0.17506834469083832,0.4095165464439741,0.8412555508364238
31.111737966537476,31.111737966537476,3.9260966777801514,True,PERIODIC,True,True,1,MINCO_READY,87.83650490527957,-7.444004879060385,-1.2501850588449654,0.6132084563703083,4.210007043550644,0.25796385979959174,87.6057228409438,-5.547162738276246,-0.14909731103612575,0.5770171178752291,3.9581626098076064,0.02581042749576036,2.2053717819561354,1.9108297852696448,1.1010877478088397,0.344428001068244,0.32873283719773344,TERMINAL_APPROACH,True,PLAN_ACCEPTED,18,False,inf,0.07112455368041992,0.017515182495117188,True,True,TRACKING,0,0.07112479209899902,0.01917711242735918,-0.05174466054646067,3,0,0.07112479209899902,0.03074812889099121,0.12312126159667969,VISION,,1:18,1,NONE,0.11318564414978027,0.02825164794921875,True,ADMITTED,1.2220525741577148,1791343368.7465026,1.2045373916625977,False,0.4404700802828989,1.7144635992240103,1.0201850588449655,HOLD,0.0,1.0003660917282104,20.006271362304688,12.643674850463867,,,6.863999260531273e-06,0.004135644994676113,,22.62236109357513,2.8300000849412754e-06,0.007837149000806676,0.17506834469083832,0.4095165464439741,0.8412555508364238,0.25450558698538683,0.6307559829386568,2.2100064767280276,0.17506834469083832,0.4095165464439741,0.8412555508364238
31.13326072692871,31.13326072692871,3.9476194381713867,True,PHASE_TRANSITION,False,True,1,MINCO_TRACKING,87.87525939941406,-7.157977104187012,-1.225740909576416,0.5318764448165894,4.246213436126709,0.4476572871208191,87.63387777336452,-5.350181976313873,-0.14735970129802867,0.5549638411373273,3.9613148240237237,0.04401365795189169,nan,nan,nan,nan,nan,TERMINAL_APPROACH,True,TRACKING,18,False,inf,0.09459590911865234,0.04098653793334961,True,True,TRACKING,0,0.04659008979797363,0.01533731853130879,-0.07054262887201522,3,0,0.04659008979797363,0.05421948432922363,0.1465926170349121,VISION,,1:18,1,NONE,0.11318564414978027,0.02825164794921875,True,ADMITTED,1.2220525741577148,1791343368.7465026,1.1810660362243652,False,0.4404700802828989,1.7079003141540152,0.995740909576416,SAFE,0.950612799852226,1.0003660917282104,20.006271362304688,12.643674850463867,,,0.009993164800107479,0.004135644994676113,,23.22501116264132,0.000594615999943926,0.007837149000806676,0.17506834469083832,0.43593231718646036,0.8412555508364238,0.3128029613906482,0.632352177158429,2.2530653899768156,0.17506834469083832,0.43593231718646036,0.8412555508364238
31.16163396835327,31.16163396835327,3.9759926795959473,True,PERIODIC,True,True,1,MINCO_TRACKING,87.8661011134559,-7.228712497932239,-1.2328413068743351,0.5514405971906803,4.23382854296051,0.39918534184103655,87.63387777336452,-5.350181976313873,-0.14735970129802867,0.5549638411373273,3.9613148240237237,0.04401365795189169,2.181988752578593,1.892829786413709,1.0854816055763066,0.4476863470034753,0.41167757930988874,TERMINAL_APPROACH,True,TRACKING,18,False,inf,0.09459590911865234,0.04098653793334961,True,True,TRACKING,0,0.04659008979797363,0.01533731853130879,-0.07054262887201522,3,0,0.04659008979797363,0.05421948432922363,0.1465926170349121,VISION,,1:18,1,NONE,0.11318564414978027,0.02825164794921875,True,ADMITTED,1.2220525741577148,1791343368.7465026,1.1810660362243652,False,0.4404700802828989,1.7079003141540152,1.0028413068743351,SAFE,0.950612799852226,1.0003660917282104,20.006271362304688,12.643674850463867,,,3.523499981383793e-05,0.004135644994676113,,23.22501116264132,0.000594615999943926,0.007837149000806676,0.17506834469083832,0.43593231718646036,0.8412555508364238,0.3128029613906482,0.632352177158429,2.2530653899768156,0.17506834469083832,0.43593231718646036,0.8412555508364238
31.211787700653076,31.211787700653076,4.026146411895752,True,PERIODIC,True,True,1,MINCO_TRACKING,87.89348258541129,-7.007290929634467,-1.2074831327251572,0.49244994987959917,4.28171156739111,0.5550267185321298,87.66119322026907,-5.151162309345536,-0.14469327359337877,0.5328635140735688,3.964348177868484,0.062118124877868885,2.1514400035527865,1.8706073356570236,1.0627898591317784,0.5876322479905023,0.5216567343062884,TERMINAL_APPROACH,True,TRACKING,18,False,inf,0.0964975357055664,0.09089398384094238,True,True,TRACKING,0,0.0964975357055664,0.008479309333898961,-0.0958728804706671,3,0,0.0964975357055664,0.05122995376586914,0.19650006294250488,VISION,,1:18,1,NONE,0.11318564414978027,0.02825164794921875,True,ADMITTED,1.2220525741577148,1791343368.7465026,1.1311585903167725,False,0.4404700802828989,1.7033491653322503,0.9774831327251572,SAFE,0.8947425960212796,1.026023030281067,20.01801872253418,16.98902130126953,,,1.1640000593615696e-05,0.0037243450060486794,,23.210750808385832,0.000985468999715522,0.007837149000806676,0.1721501531320621,0.4018044680698241,0.7631482318125541,0.25081157570255364,0.6329765222028155,2.088312400780199,0.1721501531320621,0.4018044680698241,0.7631482318125541
31.261711359024048,31.261711359024048,4.076070070266724,True,PERIODIC,True,True,1,MINCO_TRACKING,87.91674957220631,-6.795018193775144,-1.176120092686205,0.438465891131023,4.348770011282555,0.698634516935566,87.68720285050853,-4.953545817305516,-0.14115805163693357,0.5110908310732899,3.967213904290115,0.07969998991452314,2.1248196716794054,1.8557241742087918,1.0349620410492715,0.7307115665046001,0.6399929403250826,TERMINAL_APPROACH,True,TRACKING,18,False,inf,0.0945439338684082,0.14093899726867676,True,True,TRACKING,0,0.0945439338684082,0.008479309333898961,-0.11612922360052799,3,0,0.0945439338684082,0.03710222244262695,0.24654507637023926,VISION,,1:18,1,NONE,0.11318564414978027,0.02825164794921875,True,ADMITTED,1.2220525741577148,1791343368.7465026,1.081113576889038,False,0.4404700802828989,1.698862674581851,0.946120092686205,SAFE,0.7826609836393736,1.026023030281067,20.01801872253418,16.98902130126953,,,0.011854044161736965,0.0037243450060486794,,23.19577323946565,0.0009304860004704096,0.007837149000806676,0.17254718523837767,0.3792862361055024,0.7631482318125541,0.25202064034540494,0.6323675853276237,2.12438622223853,0.17254718523837767,0.3792862361055024,0.7631482318125541
31.311715602874756,31.311715602874756,4.126074314117432,True,PERIODIC,True,True,1,MINCO_TRACKING,87.93655675397792,-6.5878684593128485,-1.1397420478276383,0.38665575632484445,4.432243934714458,0.8260674361847866,87.71229262649017,-4.754480986150992,-0.1367265044265367,0.4893234051446122,3.9699575067219146,0.0969050593227742,2.1018192610043496,1.8470527944876567,1.0030155434011017,0.869440716467399,0.7621663975371812,TERMINAL_APPROACH,True,TRACKING,18,False,inf,0.09630894660949707,0.19081521034240723,True,True,TRACKING,0,0.044426918029785156,-0.008105197719521494,-0.10587719918750127,3,0,0.044426918029785156,0.04153299331665039,0.2964212894439697,VISION,,1:19,2,PLAN_STALE_ON_ARRIVAL,0.08077692985534668,0.027375459671020508,False,PLAN_STALE_ON_ARRIVAL,1.2220525741577148,1791343368.7465026,1.0312373638153076,False,0.4404700802828989,1.698043325767224,0.9097420478276383,SAFE,0.7043943755366164,0.9993164539337158,20.025951385498047,16.306859970092773,,,1.7903999832924455e-05,0.0037243450060486794,,23.220101894505014,0.0007477230001313728,0.004089305999514181,0.17254718523837767,0.3587099299496308,0.5606155753020149,0.30842032646529755,0.6348080392327845,2.07140190646052,0.17254718523837767,0.3587099299496308,0.5606155753020149
31.320443153381348,31.320443153381348,4.134801864624023,True,PHASE_TRANSITION,False,True,1,TERMINAL_MINCO,87.95280456542969,-6.3909525871276855,-1.100713849067688,0.3383660912513733,4.525050640106201,0.9354615807533264,87.73609177638097,-4.557000676042063,-0.13149566968755155,0.46788472333175296,3.9725412377561002,0.11336850571534664,nan,nan,nan,nan,nan,TERMINAL_APPROACH,True,TRACKING,18,False,inf,0.09447979927062988,0.24086809158325195,True,True,TRACKING,0,0.09447979927062988,-0.016638819311202525,-0.1400335437423376,3,0,0.09447979927062988,0.05102205276489258,0.34647417068481445,VISION,,1:19,2,PLAN_STALE_ON_ARRIVAL,0.08077692985534668,0.027375459671020508,False,PLAN_STALE_ON_ARRIVAL,1.2220525741577148,1791343368.7465026,0.9811844825744629,False,0.4404700802828989,1.6952329344576276,0.870713849067688,SAFE,0.5853769381415865,0.9993164539337158,20.025951385498047,16.306859970092773,,,1.7903999832924455e-05,0.0037243450060486794,,23.0372501923572,0.0008469710001008934,0.004089305999514181,0.2128042404874426,0.37604527920650194,0.7573962869280325,0.28739981600163245,0.6370683085657156,2.0059081973790027,0.2128042404874426,0.37604527920650194,0.7573962869280325
31.361583709716797,31.361583709716797,4.175942420959473,True,PERIODIC,True,True,1,TERMINAL_MINCO,87.95514093474573,-6.358609180516532,-1.0938465628607268,0.3306725089315481,4.542161043051751,0.950633153044869,87.73609177638097,-4.557000676042063,-0.13149566968755155,0.46788472333175296,3.9725412377561002,0.11336850571534664,2.054238296490027,1.8148762319163918,0.9623508931731752,1.0219129141142567,0.9064335379108213,TERMINAL_APPROACH,True,TRACKING,18,False,inf,0.09447979927062988,0.24086809158325195,True,True,TRACKING,0,0.09447979927062988,-0.016638819311202525,-0.1400335437423376,3,0,0.09447979927062988,0.05102205276489258,0.34647417068481445,VISION,,1:19,2,PLAN_STALE_ON_ARRIVAL,0.08077692985534668,0.027375459671020508,False,PLAN_STALE_ON_ARRIVAL,1.2220525741577148,1791343368.7465026,0.9811844825744629,False,0.4404700802828989,1.6952329344576276,0.8638465628607268,SAFE,0.5853769381415865,0.9993164539337158,20.025951385498047,16.306859970092773,,,4.089900176040828e-05,0.0037243450060486794,,23.154668438580888,0.0008469710001008934,0.004089305999514181,0.2128042404874426,0.37604527920650194,0.7573962869280325,0.28739981600163245,0.6370683085657156,2.0059081973790027,0.2128042404874426,0.37604527920650194,0.7573962869280325
31.411730527877808,31.411730527877808,4.226089239120483,True,PERIODIC,True,True,1,TERMINAL_MINCO,87.97126886380121,-6.115682808104026,-1.0407043529240274,0.27496672570560016,4.678032873710591,1.0536235481426508,87.75907088137762,-4.35723440961091,-0.12539268769944237,0.44634750978638676,3.9750187295794586,0.12930882632964721,1.9937312252166415,1.77120545220131,0.9153116652245851,1.1738645428501637,1.0626391225113918,TERMINAL_APPROACH,True,TRACKING,18,False,inf,0.0965583324432373,0.2909519672393799,True,True,TRACKING,0,0.0965583324432373,-0.02298524793377028,-0.1457515317878578,3,0,0.0965583324432373,0.02016448974609375,0.3965580463409424,VISION,,1:19,2,PLAN_STALE_ON_ARRIVAL,0.08077692985534668,0.027375459671020508,False,PLAN_STALE_ON_ARRIVAL,1.2220525741577148,1791343368.7465026,0.931100606918335,True,0.4404700802828989,1.6946959288053325,0.8107043529240274,SAFE,0.5014715678899364,0.9986864924430847,20.0700626373291,15.443426132202148,,,1.719799911370501e-05,0.00391656719148159,,23.198473257493994,0.0009733329998198315,0.004089305999514181,0.18167804457720851,0.3269408334996545,0.5815692094335473,0.25099344237694315,0.6301512395767844,1.9546805043946522,0.18167804457720851,0.3269408334996545,0.5815692094335473
31.461697816848755,31.461697816848755,4.276056528091431,True,PERIODIC,True,True,1,TERMINAL_MINCO,87.98360499579738,-5.88357926538757,-0.9871352192884016,0.22790169708480829,4.82377146072566,1.126221304958363,87.78076012028329,-4.159316303218476,-0.11857970573410656,0.4251503024820517,3.977341727875469,0.14429842734631407,1.941292735873709,1.7361534512336358,0.8685555135542951,1.3113057776742731,1.2117352488911146,TERMINAL_APPROACH,True,PLAN_REJECTED,18,False,inf,0.11054801940917969,0.35694336891174316,True,True,TRACKING,0,0.06254363059997559,-0.031061384278058893,-0.1690161973948219,3,0,0.06254363059997559,0.05190467834472656,0.46254944801330566,VISION,STATE_POSITION_MISMATCH,1:20,1,NONE,0.10068368911743164,0.028345823287963867,True,ADMITTED,1.2220525741577148,1791343368.7465026,0.8651092052459717,True,0.4404700802828989,1.693293118273532,0.7571352192884017,HOLD,0.0,0.9986864924430847,20.0700626373291,15.443426132202148,,,0.014132387936115265,0.00391656719148159,,24.749968836123248,4.053999873576686e-06,0.004168722999565944,0.18026299275263957,0.25955364078050835,0.7516579953623197,0.24995827575031693,0.58509316581888,1.9017715032823654,0.18026299275263957,0.25955364078050835,0.7516579953623197
31.51180100440979,31.51180100440979,4.326159715652466,True,PERIODIC,True,True,1,TERMINAL_MINCO,87.99324912993812,-5.657553290665698,-0.9338488003638282,0.1899656925108841,4.978481338026637,1.1705028301956961,87.80164135599395,-3.9588811878582093,-0.11094641568917916,0.40381866825218266,3.9795641071819703,0.15857181407897356,1.8972002494716995,1.7094444863441032,0.822902384674649,1.4379058073082565,1.3549066170991493,TERMINAL_APPROACH,True,TRACKING,18,False,inf,0.09642696380615234,0.3908267021179199,True,True,TRACKING,0,0.04443216323852539,-0.03497286250668538,-0.19587528737568086,3,0,0.04443216323852539,0.039491891860961914,0.4964327812194824,VISION,,1:20,1,NONE,0.10068368911743164,0.028345823287963867,True,ADMITTED,1.2220525741577148,1791343368.7465026,0.8312258720397949,True,0.4404700802828989,1.6915673123619959,0.7038488003638282,SAFE,0.3016304509027094,1.000147819519043,19.904706954956055,14.644857406616211,,,6.881000444991514e-06,0.00391656719148159,,25.356326077822683,0.0009249660006389604,0.004168722999565944,0.1831910474379376,0.25955364078050835,0.7612747675573638,0.24836191944743938,0.6423895162856381,1.7690101885292782,0.1831910474379376,0.25955364078050835,0.7612747675573638
31.561705589294434,31.561705589294434,4.376064300537109,True,PERIODIC,True,True,1,TERMINAL_MINCO,88.00224650522144,-5.395795328290949,-0.8724945147612176,0.15761350016144376,5.170195687903794,1.1921944601507792,87.82116731318945,-3.761287091326315,-0.10274591856790201,0.3829151850038191,3.981629812161534,0.17166494365553087,1.815742204123089,1.6445080876943698,0.7697485961933156,1.582697123334027,1.5250344005546153,TERMINAL_APPROACH,True,TRACKING,18,False,inf,0.09454822540283203,0.44094276428222656,True,True,TRACKING,0,0.09454822540283203,-0.0391721724767702,-0.21392326805926462,3,0,0.09454822540283203,0.052396535873413086,0.5465488433837891,VISION,,1:20,1,NONE,0.10068368911743164,0.028345823287963867,True,ADMITTED,1.2220525741577148,1791343368.7465026,0.7811098098754883,True,0.4404700802828989,1.6897167923944965,0.6424945147612177,SAFE,0.23898955251363246,1.000147819519043,19.904706954956055,14.644857406616211,,,3.054000262636691e-05,0.00391656719148159,,25.295876424668325,0.0007862360007493407,0.004168722999565944,0.1831910474379376,0.26324952769405735,0.7612747675573638,0.29867969608999356,0.588253651231974,1.8175337495442077,0.1831910474379376,0.26324952769405735,0.7612747675573638
31.611692428588867,31.611692428588867,4.426051139831543,True,PERIODIC,True,True,1,TERMINAL_MINCO,88.01008515790555,-5.115913149901011,-0.8088682016817841,0.1373817371261101,5.385412473940614,1.1847824367213011,87.83982319109559,-3.561779360064152,-0.09383737706997024,0.3619287186050038,3.9835922987485732,0.18382040014110124,1.7191829612347036,1.5634324334791938,0.7150308246118139,1.737079776274397,1.7057908836903126,TERMINAL_APPROACH,True,PLAN_REJECTED,18,False,inf,0.11055374145507812,0.504941463470459,True,True,TRACKING,0,0.058547019958496094,-0.03748657308150317,-0.22754792482890973,3,0,0.11055374145507812,0.05678582191467285,0.6105475425720215,VISION,STATE_POSITION_MISMATCH,1:21,1,NONE,0.09268593788146973,0.027256250381469727,True,ADMITTED,1.2220525741577148,1791343368.7465026,0.7171111106872559,True,0.4404700802828989,1.6865189528644002,0.5788682016817841,HOLD,0.0,0.9990074634552002,20.041820526123047,14.62546443939209,,,0.01424738671630621,0.00391656719148159,,27.020038830871634,1.6829999367473647e-06,0.004015081000034115,0.16582652359381375,0.2822833292252352,0.7640799634553143,0.2355700395378073,0.5891080525863557,1.6983861157529003,0.16582652359381375,0.2822833292252352,0.7640799634553143
31.661744356155396,31.661744356155396,4.476103067398071,True,PERIODIC,True,True,1,TERMINAL_MINCO,88.01667187858875,-4.84565406704636,-0.7506281106940904,0.1324346959567098,5.596955445278615,1.1565169328693397,87.85734657564387,-3.3631553624493855,-0.08439596303091428,0.3411473775227653,3.985425757282318,0.19478711405282342,1.6331112135644876,1.4910355332084428,0.6662321476631762,1.888256646523662,1.875609684945635,TERMINAL_APPROACH,True,TERMINAL_COMMITTED,18,False,inf,0.09452223777770996,0.5409166812896729,True,True,TERMINAL_COMMITTED,0,0.09452223777770996,-0.035300021635855994,-0.228964632152167,3,0,0.09452223777770996,0.036417245864868164,0.6465227603912354,VISION,,1:21,1,NONE,0.09268593788146973,0.027256250381469727,True,ADMITTED,1.2220525741577148,1791343368.7465026,0.681135892868042,True,0.4404700802828989,1.6811836325797156,0.5206281106940904,WARNING,0.1125079615716203,0.9990074634552002,20.041820526123047,14.62546443939209,,,0.009478654712438583,0.00391656719148159,,27.420037977535323,0.0011698829994202242,0.004015081000034115,0.16441334421956744,0.2822833292252352,0.642074530235519,0.22902765003042663,0.6427760031182024,1.6734048298178124,0.16441334421956744,0.2822833292252352,0.642074530235519
31.7117178440094,31.7117178440094,4.526076555252075,True,PERIODIC,True,True,1,TERMINAL_MINCO,88.02317391037049,-4.568856329588086,-0.6954359060807176,0.14154842881169036,5.822219158821979,1.0910512046474699,87.87389757374982,-3.163682246729987,-0.07439832962849902,0.32038283643336946,3.987148710309023,0.20459517264720561,1.5435301419721719,1.413080899244975,0.6210375764522186,2.0457931452188887,2.0445416643522054,TERMINAL_APPROACH,True,PLAN_REJECTED,18,False,inf,0.06971216201782227,0.616107702255249,True,True,TERMINAL_COMMITTED,0,0.06971216201782227,-0.025799937238834756,-0.22134574506647745,3,0,0.06971216201782227,0.017934322357177734,0.7217137813568115,VISION,TERMINAL_COMMITTED,1:22,1,NONE,0.10274982452392578,0.02714848518371582,True,ADMITTED,1.2220525741577148,1791343368.7465026,0.6059448719024658,True,0.4404700802828989,1.6766287716903525,0.4654359060807176,HOLD,0.0,1.000078797340393,20.062389373779297,13.71854019165039,,,2.0544999642879702e-05,0.001725611975416541,,28.876397803101888,2.280999979120679e-06,0.004556832000162103,0.16441334421956744,0.2957505321682866,0.642074530235519,0.2668142819819194,0.5869256063684276,1.7301843466876676,0.16441334421956744,0.2957505321682866,0.642074530235519
31.76169753074646,31.76169753074646,4.576056241989136,True,PERIODIC,True,True,1,TERMINAL_MINCO,88.03063919676187,-4.271589759152298,-0.642640679774737,0.16397927553125685,6.054631822927013,1.0186834811717669,87.889399321617,-2.9642919760400415,-0.06395015604356687,0.29972584100893085,3.98875474556051,0.21313325832344532,1.436613698360632,1.314905394338755,0.5786905237311701,2.221527940485631,2.2177525074211926,TERMINAL_APPROACH,True,TERMINAL_COMMITTED,18,False,inf,0.09454822540283203,0.6409437656402588,True,True,TERMINAL_COMMITTED,0,0.09454822540283203,-0.025799937238834756,-0.1760491048236052,3,0,0.09454822540283203,0.0427703857421875,0.7465498447418213,VISION,,1:22,1,NONE,0.10274982452392578,0.02714848518371582,True,ADMITTED,1.2220525741577148,1791343368.7465026,0.581108808517456,True,0.4404700802828989,1.6727024442851581,0.41264067977473706,WARNING,0.09312517595385544,1.000078797340393,20.062389373779297,13.71854019165039,,,4.5920001866761595e-05,0.001725611975416541,,29.456856954022772,0.0009969379998437944,0.004556832000162103,0.19024965366102822,0.2904568449224115,0.6000216927483345,0.25146638710229824,0.5865580426273375,1.6348404023323801,0.19024965366102822,0.2904568449224115,0.6000216927483345
31.811732530593872,31.811732530593872,4.626091241836548,True,PERIODIC,True,True,1,TERMINAL_MINCO,88.03985790242245,-3.9452772729205554,-0.5896204558785187,0.19705100144162702,6.279687823704956,0.96815682247319,87.90388010338006,-2.7646853906219366,-0.05310007076386864,0.2791387148637671,3.9902483103015287,0.2203619690349358,1.3038946575645525,1.1883968842023314,0.5365203851146501,2.409869046453881,2.389198372596728,TERMINAL_APPROACH,True,TERMINAL_COMMITTED,18,False,inf,0.09652972221374512,0.690924882888794,True,True,TERMINAL_COMMITTED,0,0.09652972221374512,0.004261752277633497,-0.15486599532755269,3,0,0.09652972221374512,0.04273176193237305,0.7965309619903564,VISION,,1:22,1,NONE,0.10274982452392578,0.02714848518371582,True,ADMITTED,1.2220525741577148,1791343368.7465026,0.5311276912689209,True,0.4404700802828989,1.6617374449261462,0.35962045587851876,WARNING,0.062114330132856554,0.9998108148574829,20.0509090423584,14.393492698669434,,,0.015319320373237133,0.001725611975416541,,29.507110293147743,0.0008544290003555943,0.004556832000162103,0.19716473473880494,0.2904568449224115,0.6000216927483345,0.22127545941389293,0.6361499837707602,1.6931890908723106,0.19716473473880494,0.2904568449224115,0.6000216927483345
31.861655473709106,31.861655473709106,4.676014184951782,True,PERIODIC,True,True,1,TERMINAL_MINCO,88.05004216897791,-3.630609198130251,-0.5433397486327901,0.23292824348390107,6.4658396209985955,0.9058165474540156,87.91731375057512,-2.5653014205498508,-0.04193886887139911,0.25866005816295373,3.9916281107226332,0.22622265610611625,1.184863003157114,1.0735443605296422,0.501400879761391,2.5659759509835856,2.5150258514300776,TERMINAL_APPROACH,True,TERMINAL_COMMITTED,18,False,inf,0.09453296661376953,0.7409317493438721,True,True,TERMINAL_COMMITTED,0,0.09453296661376953,0.023449755095457353,-0.13827116748260324,3,0,0.09453296661376953,0.0244596004486084,0.8465378284454346,VISION,,1:23,2,DYNAMIC_LIMIT_HORIZONTAL,0.1006464958190918,0.0044858455657958984,False,DYNAMIC_LIMIT_HORIZONTAL,1.2220525741577148,1791343368.7465026,0.4811208248138428,True,0.4404700802828989,1.6500441914194894,0.3133397486327901,WARNING,0.0527056252005586,0.9998108148574829,20.0509090423584,14.393492698669434,,,3.38829995598644e-05,0.001725611975416541,,28.390954401723018,0.0008543390003978857,0.016925851000451075,0.19716473473880494,0.34533309781301613,0.6336835026458644,0.22170478462777846,0.625035935345416,1.6124322335814674,0.19716473473880494,0.34533309781301613,0.6336835026458644
31.911650896072388,31.911650896072388,4.7260096073150635,True,PERIODIC,True,True,1,TERMINAL_MINCO,88.06142289589803,-3.314833661310294,-0.5009863951815031,0.26625749680317073,6.608936783212156,0.8377663228463607,87.92973991095835,-2.365620297362605,-0.03050617853573711,0.23822995282897722,3.9928995090754666,0.23069524236084618,1.0675664162358054,0.9583039282083289,0.470480216645766,2.6856976485925586,2.590098079106514,TERMINAL_APPROACH,True,TERMINAL_COMMITTED,18,False,inf,0.09653449058532715,0.7909276485443115,True,True,TERMINAL_COMMITTED,0,0.09653449058532715,0.05210001202046629,-0.0702052219967683,3,0,0.09653449058532715,0.04524827003479004,0.896533727645874,VISION,,1:23,2,DYNAMIC_LIMIT_HORIZONTAL,0.1006464958190918,0.0044858455657958984,False,DYNAMIC_LIMIT_HORIZONTAL,1.2220525741577148,1791343368.7465026,0.4311249256134033,True,0.4404700802828989,1.6310462010759643,0.27098639518150314,WARNING,0.03255271102868201,1.000770092010498,20.08314323425293,13.315608978271484,,,0.029904944822192192,0.0038336929865181446,,28.581864988125194,0.0008114979991660221,0.016925851000451075,0.18484730761048151,0.32564619880540063,0.6336835026458644,0.21665523474586015,0.576749574022912,1.6749130776841656,0.18484730761048151,0.32564619880540063,0.6336835026458644
31.961604356765747,31.961604356765747,4.775963068008423,True,PERIODIC,True,True,1,TERMINAL_MINCO,88.07486765830487,-2.976151987281657,-0.4620273417955672,0.29723284883277734,6.730968418752195,0.701445746347301,87.9411450770294,-2.165893512416342,-0.018886170450304374,0.2178678359562547,3.994062293712473,0.23374437701971978,0.9331530542066994,0.8212189262517272,0.4431411713452628,2.7777146205864516,2.587192111840051,TERMINAL_APPROACH,True,TERMINAL_COMMITTED,18,False,inf,0.09451603889465332,0.8409132957458496,True,True,TERMINAL_COMMITTED,0,0.09451603889465332,0.0842271682095204,0.005969866343756479,3,0,0.09451603889465332,0.02082347869873047,0.9465193748474121,VISION,,1:24,2,DYNAMIC_LIMIT_HORIZONTAL,0.09590482711791992,0.00023651123046875,False,DYNAMIC_LIMIT_HORIZONTAL,1.2220525741577148,1791343368.7465026,0.38113927841186523,True,0.4404700802828989,1.6219346791096445,0.2320273417955672,WARNING,0.04253449382958935,1.000770092010498,20.08314323425293,13.315608978271484,,,3.968199962400831e-05,0.0038336929865181446,,28.470295248733123,0.0008433410002908204,0.013916816000346444,0.16746213398133739,0.312469946951247,0.5897070504166204,0.2025150112934402,0.5718320882761532,1.6048579114741934,0.16746213398133739,0.312469946951247,0.5897070504166204
32.01174306869507,32.01174306869507,4.826101779937744,True,PERIODIC,True,True,1,TERMINAL_MINCO,88.08935987497789,-2.635081676981142,-0.43130162159079155,0.317488180765305,6.818723022987463,0.5304085414647393,87.95152372727134,-1.9663070618372405,-0.007161196679072345,0.19758620818280284,3.9951169808074383,0.23535078005451043,0.803836668434421,0.6828310841456,0.4241404249117192,2.841511331498281,2.48430461173308,TERMINAL_APPROACH,True,TERMINAL_COMMITTED,18,False,inf,0.09650039672851562,0.8908884525299072,True,True,TERMINAL_COMMITTED,0,0.09650039672851562,0.1418175972424082,0.2144626323169197,3,0,0.09650039672851562,0.048505544662475586,0.9964945316314697,VISION,,1:24,2,DYNAMIC_LIMIT_HORIZONTAL,0.09590482711791992,0.00023651123046875,False,DYNAMIC_LIMIT_HORIZONTAL,1.2220525741577148,1791343368.7465026,0.3311641216278076,True,0.4404700802828989,1.616941982942243,0.20130162159079154,WARNING,0.08155641065356961,1.001296877861023,19.98122215270996,13.24960708618164,,,0.019574610516428947,0.0038336929865181446,,28.394855407050436,0.0007478809993699542,0.013916816000346444,0.24090540788836096,0.32753493052722493,0.5897070504166204,0.23884738628598057,0.5648666527728767,1.6696030292933444,0.24090540788836096,0.32753493052722493,0.5897070504166204
32.061492919921875,32.061492919921875,4.875851631164551,True,PERIODIC,True,True,1,TERMINAL_MINCO,88.10470555314107,-2.282902354450828,-0.40881624937678784,0.321353805014452,6.873640458719374,0.3515288723909083,87.96090908610677,-1.7662498650348173,0.004632658414199037,0.1773167788769598,3.996067912326904,0.2355070499332012,0.6771611463343634,0.536290237419356,0.41344890779098686,2.883510271862506,2.2357486221095804,TERMINAL_APPROACH,True,TERMINAL_COMMITTED,18,False,inf,0.09458589553833008,0.940976619720459,True,True,TERMINAL_COMMITTED,0,0.09458589553833008,0.2227047429037369,0.4040321138448149,0,0,0.09458589553833008,0.033888816833496094,1.0465826988220215,VISION,,1:24,2,DYNAMIC_LIMIT_HORIZONTAL,0.09590482711791992,0.00023651123046875,False,DYNAMIC_LIMIT_HORIZONTAL,1.2220525741577148,1791343368.7465026,0.28107595443725586,True,0.4404700802828989,1.6175387112229078,0.17881624937678783,WARNING,0.11054672316685626,1.001296877861023,19.98122215270996,13.24960708618164,,,2.943900108220987e-05,0.0038336929865181446,,28.383724716021664,0.0009308510007031146,0.013916816000346444,0.24090540788836096,0.32753493052722493,0.8264363395261047,0.1985403746124383,0.6086605594903799,1.6695724184702665,0.24090540788836096,0.32753493052722493,0.8264363395261047
32.11157512664795,32.11157512664795,4.925933837890625,True,PERIODIC,True,True,1,TERMINAL_MINCO,88.11885586780687,-1.9516425809779434,-0.3962047337465716,0.3055872857917363,6.899519519530148,0.17906590496199537,87.96927608433555,-1.5662682905052148,0.01639080538183722,0.15710878709917547,3.996913412749421,0.2342085320286212,0.584056961510904,0.41338535941744153,0.41259553912840885,2.9069242826421497,1.838226159511834,TERMINAL_APPROACH,True,TERMINAL_COMMITTED,18,False,inf,0.09622526168823242,0.9908778667449951,True,True,TERMINAL_COMMITTED,0,0.09622526168823242,0.37807560778324656,1.0,0,0,0.09622526168823242,0.03849506378173828,1.0964839458465576,VISION,,1:24,2,DYNAMIC_LIMIT_HORIZONTAL,0.09590482711791992,0.00023651123046875,False,DYNAMIC_LIMIT_HORIZONTAL,1.2220525741577148,1791343368.7465026,0.23117470741271973,True,0.4404700802828989,1.636930227279663,0.1662047337465716,SAFE,0.15445046404413526,1.001296877861023,20.063108444213867,11.618799209594727,,,2.943900108220987e-05,0.0038336929865181446,,26.281661341788972,0.000982206000117003,0.013916816000346444,0.1761580395865117,0.2770885336844829,0.6887381527271849,0.20195690339291839,0.536396695103078,1.6722689200445833,0.1761580395865117,0.2770885336844829,0.6887381527271849
32.16160035133362,32.16160035133362,4.975959062576294,True,PERIODIC,True,True,1,TERMINAL_MINCO,88.13237335326752,-1.6017328755230757,-0.3915735990810789,0.2630121541917261,6.905569578095896,0.014167750025851512,87.97662679856134,-1.366428139007996,0.028037251742715846,0.13696256509070498,3.9976544692811777,0.23146691260313326,0.5056664656256596,0.2821795675262074,0.4196108508237948,2.9187459130664735,1.1340149322763455,TERMINAL_APPROACH,True,TERMINAL_COMMITTED,18,False,inf,inf,1.0410230159759521,True,False,TERMINAL_COMMITTED,0,0.14637041091918945,0.41575653601449264,0.0,0,0,0.14637041091918945,inf,1.1466290950775146,HOLD,,1:24,2,DYNAMIC_LIMIT_HORIZONTAL,0.09590482711791992,0.00023651123046875,False,DYNAMIC_LIMIT_HORIZONTAL,1.2220525741577148,1791343368.7465026,0.1810295581817627,True,0.4404700802828989,1.5829664468765259,0.1615735990810789,SAFE,0.1860659024884354,1.001296877861023,20.063108444213867,11.618799209594727,,,1.715100006549619e-05,0.0038336929865181446,,26.29191513880799,0.0008649119999972754,0.013916816000346444,0.19130285785621662,0.2850494423827374,0.7882226875978232,0.20600573753690393,0.5201906002241157,1.6745049537906251,0.19130285785621662,0.2850494423827374,0.7882226875978232
32.211772441864014,32.211772441864014,5.0261311531066895,True,PERIODIC,True,True,1,TERMINAL_MINCO,88.14353806106904,-1.2434597733167858,-0.3938367437100005,0.19196421193859634,6.894562427376251,-0.09605364219071025,87.98295741572716,-1.1670282723150733,0.03948389108868456,0.1169018884714237,3.9982913786356056,0.2273101440183418,0.46839586948021333,0.17784239653071948,0.43332063479868504,2.9152331773648887,0.14772245149301463,TERMINAL_APPROACH,True,TERMINAL_COMMITTED,18,False,inf,inf,1.0909454822540283,True,False,TERMINAL_COMMITTED,0,0.19629287719726562,0.5173503107435573,0.0,0,0,inf,inf,1.1965515613555908,HOLD,,1:24,2,DYNAMIC_LIMIT_HORIZONTAL,0.09590482711791992,0.00023651123046875,False,DYNAMIC_LIMIT_HORIZONTAL,1.2220525741577148,1791343368.7465026,0.13110709190368652,True,0.4404700802828989,1.5841772556304932,0.16383674371000048,SAFE,0.19226213097572326,0.9986087083816528,20.051868438720703,11.64926528930664,,,1.715100006549619e-05,0.0054873391054570675,,26.33282529857401,0.0008535449996998068,0.013916816000346444,0.2004469386947798,0.2850494423827374,0.6148840460950906,0.21334428030290256,0.5520736726767086,1.6756123457541907,0.2004469386947798,0.2850494423827374,0.6148840460950906
