time,run_elapsed_time,intercept_elapsed_time,intercept_started,sample_kind,truth_available,uav_available,mission_id,phase,uav_x,uav_y,uav_z,uav_vx,uav_vy,uav_vz,target_x,target_y,target_z,target_vx,target_vy,target_vz,distance,horizontal_distance,vertical_error,relative_speed,closing_speed,approach_phase,first_terminal_approach,controller_status,plan_id,bearing_approach_active,bearing_age_at_control,prediction_age,trajectory_age,target_visible,target_locked,search_state,search_direction,last_valid_observation_age,last_valid_image_bearing,search_yaw_rate_command,consecutive_valid_frames,consecutive_lost_frames,kf_state_age,prediction_sample_age,planner_source_age,yaw_owner,tracker_rejection_reason,planner_event_id,planner_result,planner_failure_reason,planner_source_age_at_publish,planner_completion_to_publish_delay,terminal_admission,terminal_admission_reason,selected_t_go,contact_stamp,remaining_t_go,terminal_mode,planned_capture_margin,target_yaw,body_clearance,sea_safety_state,sea_safety_margin,gazebo_real_time_factor,front_rgb_hz,front_depth_hz,down_rgb_hz,down_depth_hz,rgbd_localizer_compute_time,front_monitor_compute_time,down_monitor_compute_time,tracker_hz,tracker_callback_time,planner_compute_time,prediction_0p5_error,prediction_1p0_error,prediction_2p0_error,kf_prediction_0p5_error,kf_prediction_1p0_error,kf_prediction_2p0_error,shadow_bctra_prediction_0p5_error,shadow_bctra_prediction_1p0_error,shadow_bctra_prediction_2p0_error
0.0,0.0,,False,PHASE_TRANSITION,False,True,1,TAKEOFF,-0.028686437755823135,0.006331820506602526,0.016726911067962646,-0.00170187430921942,0.006237336900085211,0.003254601499065757,8.0,-4.898587196589413e-15,0.0,0.0,0.0,0.0,nan,nan,nan,nan,nan,PREPARATION,False,,0,False,inf,0.0,0.0,False,False,,0,inf,nan,0.0,0,0,inf,inf,inf,,,,0,,0.0,0.0,False,,0.0,0.0,0.0,False,0.0,nan,-0.24672691106796266,,0.0,1.003524899482727,19.446128845214844,19.47813606262207,,,2.399400000285823e-05,0.006044698879122734,,0.0,0.0,0.0,,,,,,,,,
0.04580521583557129,0.04580521583557129,,False,PERIODIC,False,True,1,TAKEOFF,-0.02849780209362507,0.005374239291995764,0.016902610659599304,-0.0015499378787353635,0.005664973519742489,0.003382439725100994,8.00000000008167,8.083000728674687e-05,0.002118278259774335,1.8167657571195114e-08,0.008990550999981646,0.23559595343251727,nan,nan,nan,nan,nan,PREPARATION,False,TAKEOFF,0,False,inf,0.03165864944458008,0.0,False,False,TARGET_ACQUIRE,0,0.03165864944458008,0.0,0.0,0,0,0.03165864944458008,0.005269527435302734,inf,HOLD,,,0,,0.0,0.0,False,,0.0,0.0,0.0,False,0.0,0.01624024100601673,-0.24690261065959931,UNRECOVERABLE,-0.21730250293013859,0.999503493309021,19.442245483398438,19.439315795898438,,,2.834799852280412e-05,0.002742690034210682,,0.0,0.0006108349989517592,0.0,,,,,,,,,
0.09569501876831055,0.09569501876831055,,False,PERIODIC,True,True,1,TAKEOFF,-0.02838131810979876,0.004772099529456974,0.016997484312639644,-0.0013791343407552937,0.00520649087015103,0.003360410417312596,8.000000115548275,0.003040371952556093,0.013919152455374778,4.496697096189623e-06,0.0591598278291046,0.2346028208392076,8.028382210589696,8.028381620425506,-0.003078331857264865,0.23745721589706098,-0.0012833275876551783,PREPARATION,False,TAKEOFF,0,False,inf,0.08060836791992188,0.0,True,False,TARGET_ACQUIRE,0,0.08060836791992188,-0.001852067976589872,0.0,1,0,0.08060836791992188,0.05421924591064453,inf,HOLD,,,0,,0.0,0.0,False,,0.0,0.0,0.0,False,0.0,0.01622127741575241,-0.24699748431263965,UNRECOVERABLE,-0.21757784983275316,0.999503493309021,19.442245483398438,19.439315795898438,,,2.979199962283019e-05,0.002742690034210682,,20.14864916797971,0.0010319700013496913,0.0,,,,,,,,,
0.14577388763427734,0.14577388763427734,,False,PERIODIC,True,True,1,TAKEOFF,-0.02817064744740513,0.003266226135565508,0.01725229358534541,-0.0011881817810917273,0.004225970077980713,0.003263996640894987,8.000000918313972,0.008571179249918444,0.025748247684192038,2.353278741673664e-05,0.10982285647870303,0.2321221796280968,8.028177813991359,8.028173318496995,0.008495954098846629,0.252048087852152,-0.0015236841880335841,PREPARATION,False,TAKEOFF,0,False,inf,0.08295083045959473,0.0,True,False,TARGET_ACQUIRE,0,0.08295059204101562,-0.001852067976589872,0.0,2,0,0.08295059204101562,0.04226183891296387,inf,HOLD,,,0,,0.0,0.0,False,,0.0,0.0,0.0,False,0.0,0.016210326924920082,-0.24725229358534542,UNRECOVERABLE,-0.21776536540254715,1.0001630783081055,19.35851287841797,19.387100219726562,,,4.446700040716678e-05,0.002742690034210682,,20.001354309230763,0.0008057659997575684,0.0,,,,,,,,,
0.19565129280090332,0.19565129280090332,,False,PERIODIC,True,True,1,TAKEOFF,-0.028118878853998053,0.001873175088826509,0.017509328570888594,-0.0012154597604956785,0.00335335841625297,0.003236603560533781,8.000003377044337,0.01643665081414052,0.03712594829900723,6.542701508738673e-05,0.1592221875574824,0.22828845109124707,8.028159431790387,8.028135465378956,0.019616619728118633,0.27376096625665436,-0.0021135434835543804,PREPARATION,False,TAKEOFF,0,False,inf,0.08072710037231445,0.0,True,True,TARGET_LOCK,0,0.08072710037231445,-0.0014598659783500458,0.0,3,0,0.08072710037231445,0.04008007049560547,inf,HOLD,,,0,,0.0,0.0,False,,0.0,0.0,0.0,False,0.0,0.01620514877140522,-0.24750932857088861,UNRECOVERABLE,-0.21803849041429066,1.0001630783081055,19.35851287841797,19.387100219726562,,,0.004690160043537617,0.002742690034210682,,20.045836672205343,0.0008325589988089632,0.0,,,,,,,,,
0.24584603309631348,0.24584603309631348,,False,PERIODIC,True,True,1,TAKEOFF,-0.02811975051940413,0.0006241099968900192,0.017656278532493786,-0.0014117521958587286,0.0025794562057759847,0.0031961964532870304,8.00000903526989,0.026885333970080236,0.04840350093722151,0.00014059312230859958,0.20917421175128892,0.223014917494523,8.02823061731468,8.02817173789296,0.030747222404727725,0.30166881329547773,-0.003070000796035077,PREPARATION,False,TAKEOFF,0,False,inf,0.08263182640075684,0.0,True,True,TRACKING,0,0.08263182640075684,-0.0002645814358575084,0.0,3,0,0.08263182640075684,0.042807817459106445,inf,HOLD,,,0,,0.0,0.0,False,,0.0,0.0,0.0,False,0.0,0.01619485765695572,-0.2476562785324938,UNRECOVERABLE,-0.2181496188481405,0.9997398257255554,19.307510375976562,19.35824966430664,,,4.38069982919842e-05,0.0034791419748216867,,19.94393374376946,0.0007206370009953389,0.0,,,,,,,,,
0.29563093185424805,0.29563093185424805,,False,PERIODIC,True,True,1,TAKEOFF,-0.028051902921298125,-0.0007209802535667467,0.01779753564129743,-0.0013477791165160352,0.001847769647188746,0.0030626742218104472,8.000019830255823,0.03982986944300829,0.05938365468610006,0.0002580267811508055,0.25912828253505094,0.21636875007191414,8.028281854154464,8.028174146370308,0.041586119044802625,0.33420850216443115,-0.004010203028761824,PREPARATION,False,TAKEOFF,0,False,inf,0.08057570457458496,0.0,True,True,TRACKING,0,0.08057570457458496,0.0005415409102835157,0.0,3,0,0.08057570457458496,0.048552751541137695,inf,HOLD,,,0,,0.0,0.0,False,,0.0,0.0,0.0,False,0.0,0.016186736524105072,-0.24779753564129745,UNRECOVERABLE,-0.2182878458785903,0.9997398257255554,19.307510375976562,19.35824966430664,,,1.919699934660457e-05,0.0034791419748216867,,20.00725055237761,0.001018942999507999,0.0,,,,,,,,,
0.3457627296447754,0.3457627296447754,,False,PERIODIC,True,True,1,TAKEOFF,-0.027853476061184747,-0.002108302683784735,0.01788017188345814,-0.0011364590655332826,0.0011341444344072059,0.002965721439562609,8.000038183338454,0.055268976707970034,0.06999787222895493,0.00042706532596707806,0.30907993095543823,0.20839144503234466,8.028265871403239,8.028096701413649,0.05211770034549679,0.3701793888889512,-0.0050978894836770546,PREPARATION,False,TAKEOFF,0,False,inf,0.08285689353942871,0.0,True,True,TRACKING,0,0.08285689353942871,0.0020204373535267347,0.0,3,0,0.08285689353942871,0.04195284843444824,inf,HOLD,,,0,,0.0,0.0,False,,0.0,0.0,0.0,False,0.0,0.01619766093790531,-0.24788017188345815,UNRECOVERABLE,-0.21833338782521833,0.9985144734382629,19.419132232666016,19.473031997680664,,,0.005886042024940252,0.0034791419748216867,,20.027060515314847,0.0007421749996865401,0.0,,,,,,,,,
0.39569807052612305,0.39569807052612305,,False,PERIODIC,True,True,1,TAKEOFF,-0.027669122514925044,-0.003471949014890516,0.017883985989978674,-0.0008963829794251352,0.0005401795784277176,0.002953116268367843,8.000066999284925,0.07321147689776498,0.0801853632830972,0.0006571728429744562,0.35905154058803684,0.19912783442958198,8.0283441039029,8.028102365382482,0.06230137729311852,0.4086775373742572,-0.006500141254495921,PREPARATION,False,TAKEOFF,0,False,inf,0.0807037353515625,0.0,True,True,TRACKING,0,0.0807037353515625,0.003704123247503522,0.0,3,0,0.0807037353515625,0.042288780212402344,inf,HOLD,,,0,,0.0,0.0,False,,0.0,0.0,0.0,False,0.0,0.01621263101696968,-0.24788398598997868,UNRECOVERABLE,-0.21832810501240427,0.9985144734382629,19.419132232666016,19.473031997680664,,,0.007526442874222994,0.0034791419748216867,,19.963858502009977,0.0015278489991032984,0.0,,,,,,,,,
0.4457869529724121,0.4457869529724121,,False,PERIODIC,True,True,1,TAKEOFF,-0.027541905590737974,-0.004799765172635956,0.017817127504711764,-0.0008253176717296781,-0.00019535966014245216,0.002824538465380765,8.00010965427495,0.0936604605779,0.08988286686236074,0.0009577925486258114,0.4090432246450264,0.1886334132348733,8.028578794124028,8.028255351112648,0.07206573935764898,0.4494489251397334,-0.008469539456673069,PREPARATION,False,TAKEOFF,0,False,inf,0.08263540267944336,0.0,True,True,TRACKING,0,0.08263540267944336,0.006354622031609988,0.0,3,0,0.08263540267944336,0.043599605560302734,inf,HOLD,,,0,,0.0,0.0,False,,0.0,0.0,0.0,False,0.0,0.01619972661137581,-0.24781712750471177,UNRECOVERABLE,-0.21823086089252708,0.9967436194419861,19.96595001220703,19.968236923217773,,,3.557799936970696e-05,0.0034791419748216867,,19.94967282101651,0.0011287510005786316,0.0,,,,,,,,,
0.49582576751708984,0.49582576751708984,,False,PERIODIC,True,True,1,TAKEOFF,-0.0274600636410294,-0.006057302981189326,0.017600601939150938,-0.00071795654141813,-0.0008786037477816142,0.002783704904352113,8.000170169717613,0.11667661556846035,0.09905243578171614,0.0013394229745828357,0.45918180847085815,0.17694039258270697,8.028981577979401,8.028568414001109,0.08145183384256521,0.4919251645975774,-0.010856455442831934,PREPARATION,False,TAKEOFF,0,False,inf,0.08072686195373535,0.0,True,True,TRACKING,0,0.08072686195373535,0.011477894421080801,0.0,3,0,0.08072686195373535,0.049079179763793945,inf,HOLD,,,0,,0.0,0.0,False,,0.0,0.0,0.0,False,0.0,0.016221409663558006,-0.24760060193915095,UNRECOVERABLE,-0.21797202707355376,0.9967436194419861,19.96595001220703,19.968236923217773,,,0.008437952026724815,0.0034791419748216867,,19.999213779416383,0.0012718750003841706,0.0,,,,,,,,,
0.5457892417907715,0.5457892417907715,,False,PERIODIC,True,True,1,TAKEOFF,-0.027387447498632117,-0.007109474539531494,0.017430285010379735,-0.0006612404748535985,-0.0014845239716488328,0.002634355805668596,8.00025230744042,0.14207137973587067,0.10756613448651456,0.0018081481694995564,0.5090655548325382,0.16421792299785515,8.029531707000169,8.02902577915654,0.09013584947613482,0.5355153872988062,-0.01376819165581713,PREPARATION,False,TAKEOFF,0,False,inf,0.08269524574279785,0.0,True,True,TRACKING,0,0.030707836151123047,0.011477894421080801,0.0,3,0,0.030707836151123047,0.042563438415527344,inf,HOLD,,,0,,0.0,0.0,False,,0.0,0.0,0.0,False,0.0,0.016229717060923576,-0.24743028501037975,UNRECOVERABLE,-0.21779329246439522,1.0004947185516357,19.977964401245117,19.954017639160156,,,0.004962272010743618,0.007758222986012697,,20.046149640304275,0.00046782199933659285,0.0,,,,0.11579072124834415,,,,,
0.5957396030426025,0.5957396030426025,,False,PERIODIC,True,True,1,TAKEOFF,-0.027244668001750922,-0.007944599727557322,0.017103148720363167,-0.0007160581284903474,-0.001815153617688192,0.002489393701704777,8.000361587597816,0.17007749440169348,0.11545123120929729,0.002377613525241176,0.5591582990624873,0.15042794983159222,8.030182215010361,8.029579942994493,0.09834808248893412,0.580160841324209,-0.017340816971571492,PREPARATION,False,TAKEOFF,0,False,inf,0.08062243461608887,0.0,True,True,TRACKING,0,0.08062243461608887,0.015003968840588851,0.0,3,0,0.08062243461608887,0.05088949203491211,inf,HOLD,,,0,,0.0,0.0,False,,0.0,0.0,0.0,False,0.0,0.016243912279605865,-0.24710314872036318,UNRECOVERABLE,-0.21751138713351748,1.0004947185516357,19.977964401245117,19.954017639160156,,,5.2543997298926115e-05,0.007758222986012697,,20.013535724309172,0.0007697979999647941,0.0,0.1324697900410169,,,0.13088001433434654,,,0.1324697900410169,,
0.6457955837249756,0.6457955837249756,,False,PERIODIC,True,True,1,TAKEOFF,-0.02707781025756069,-0.008476403904497444,0.016654093558944073,-0.0005336885574003792,-0.0018303926480771632,0.0023323714955817425,8.00050239141784,0.20047456560425506,0.12259648405162296,0.0030527352133911823,0.6090634986205438,0.135763537579854,8.030997957420535,8.030299147727282,0.1059423904926789,0.6253063928246616,-0.021239351934881676,PREPARATION,False,TAKEOFF,0,False,inf,0.08260273933410645,0.0,True,True,TRACKING,0,0.03059673309326172,0.01857401587274139,0.0,3,0,0.03059673309326172,0.0457768440246582,inf,HOLD,,,0,,0.0,0.0,False,,0.0,0.0,0.0,False,0.0,0.016222668811678886,-0.24665409355894408,UNRECOVERABLE,-0.21695644101323505,1.000091791152954,19.946088790893555,19.961532592773438,,,3.3454998629167676e-05,0.007758222986012697,,20.04982135807697,0.00043895000089833047,0.0,0.15256244158666335,,,0.15108398021093555,,,0.15256244158666335,,
0.6957416534423828,0.6957416534423828,,False,PERIODIC,True,True,1,TAKEOFF,-0.026847292707486797,-0.008863174640989145,0.016101133645660518,-0.00031169251055875534,-0.0018277752289263015,0.0022164539172671517,8.00068109093506,0.2334201264070643,0.1289984865462497,0.003846211910371364,0.6590493328491955,0.12023920529338887,8.031977275891997,8.031183794942901,0.11289735290058919,0.6713458199715442,-0.02574977893935684,PREPARATION,False,TAKEOFF,0,False,inf,0.08063316345214844,0.0,True,True,TRACKING,0,0.08063316345214844,0.026717166202811067,0.0,3,0,0.08063316345214844,0.051094770431518555,inf,HOLD,,,0,,0.0,0.0,False,,0.0,0.0,0.0,False,0.0,0.016224533319473267,-0.24610113364566052,UNRECOVERABLE,-0.21623050251408396,1.000091791152954,19.946088790893555,19.961532592773438,,,0.008628283627331257,0.007758222986012697,,20.00992019658371,0.0008944130004238104,0.0,0.17403187679886284,,,0.17213966403664033,,,0.17403187679886284,,
0.7457616329193115,0.7457616329193115,,False,PERIODIC,True,True,1,TAKEOFF,-0.02650481528877723,-0.009115615298726927,0.015596459761010723,8.530679641410239e-05,-0.0018144162131744886,0.001935561985815995,8.000904167513859,0.268941096874705,0.13461667109744777,0.004768470039392921,0.7091413208997556,0.1039382037715741,8.033105023779518,8.03222326086403,0.11902021133643705,0.7182510223334345,-0.0308000526193651,PREPARATION,False,TAKEOFF,0,False,inf,0.0826408863067627,0.0,True,True,TRACKING,0,0.0826408863067627,0.026717166202811067,0.0,3,0,0.0826408863067627,0.04269695281982422,inf,HOLD,,,0,,0.0,0.0,False,,0.0,0.0,0.0,False,0.0,0.016232537105679512,-0.24559645976101074,UNRECOVERABLE,-0.2158340216389787,1.0004957914352417,19.906160354614258,19.93028450012207,,,0.0067438711412250996,0.007578363176435232,,20.007964988939786,0.0010335049992136192,0.0,0.19676279408360867,,,0.19426577714049253,,,0.19676279408360867,,
0.7957093715667725,0.7957093715667725,,False,PERIODIC,True,True,1,TAKEOFF,-0.026083836307536645,-0.009218141531772828,0.015234949539969855,0.0004445993513311305,-0.0016954273176733848,0.001835484628380974,8.001176963351163,0.30683895131295236,0.13938691147073057,0.005823601861585179,0.7590620546936233,0.08705229254530758,8.034439727904239,8.03348044322476,0.12415196193076071,0.7655343130492088,-0.03661752380651645,PREPARATION,False,TAKEOFF,0,False,inf,0.08067631721496582,0.0,True,True,TRACKING,0,0.08067655563354492,0.031866928539530937,0.0,3,0,0.08067655563354492,0.0406644344329834,inf,HOLD,,,0,,0.0,0.0,False,,0.0,0.0,0.0,False,0.0,0.01622731052339077,-0.24523494953996985,UNRECOVERABLE,-0.21552892358483305,1.0004957914352417,19.906160354614258,19.93028450012207,,,0.006503705866634846,0.007578363176435232,,19.984790932498804,0.001007085000310326,0.0,0.220565741262491,,,0.21743851914265463,,,0.220565741262491,,
0.8457329273223877,0.8457329273223877,,False,PERIODIC,True,True,1,TAKEOFF,-0.02565288965030532,-0.009124117648911877,0.01506007420731064,0.000982663056718787,-0.001334907757075339,0.0018976872456357755,8.001507080510784,0.3472104329461527,0.14329877280147205,0.00702329952761902,0.8089591597954312,0.06963894308977044,8.03608839313764,8.035065120987158,0.1282386985941614,0.81314318723279,-0.04304481997368892,PREPARATION,False,TAKEOFF,0,False,inf,0.08267998695373535,0.0,True,True,TRACKING,0,0.08267998695373535,0.03683619767573871,0.0,3,0,0.08267998695373535,0.048514604568481445,inf,HOLD,,,0,,0.0,0.0,False,,0.0,0.0,0.0,False,0.0,0.01622694917023182,-0.24506007420731066,UNRECOVERABLE,-0.21533380020972087,0.9990681409835815,19.8536434173584,19.911392211914062,,,0.005083124153316021,0.007578363176435232,,20.00873708772091,0.0007792129999870667,0.0,0.24480762070520387,,,0.24137089696497752,,,0.24480762070520387,,
0.8956944942474365,0.8956944942474365,,False,PERIODIC,True,True,1,TAKEOFF,-0.02512764552417212,-0.009037311135365402,0.01495661618478303,0.0013826637867653908,-0.0012124711359995757,0.0019006423115918087,8.001904096777146,0.3902686445758902,0.14634205761260613,0.008383769941245907,0.8590774312061117,0.05171719400843758,8.038031224895722,8.03695737441598,0.1313854414278231,0.8617594910310823,-0.050542494952433854,PREPARATION,False,TAKEOFF,0,False,inf,0.08054709434509277,0.0,True,True,TRACKING,0,0.08054709434509277,0.048150149149391266,0.0,3,0,0.08054709434509277,0.03914642333984375,inf,HOLD,,,0,,0.0,0.0,False,,0.0,0.0,0.0,False,0.0,0.016223398968577385,-0.24495661618478304,UNRECOVERABLE,-0.21519964993303708,0.9990681409835815,19.8536434173584,19.911392211914062,,,0.00764563400298357,0.007578363176435232,,20.017941792208397,0.0007041709995974088,0.0,0.26943485174614945,,,0.26577942944650584,,,0.26943485174614945,,
0.9457697868347168,0.9457697868347168,,False,PERIODIC,True,True,1,TAKEOFF,-0.024546081715281137,-0.009173270864085042,0.014800278346258093,0.0018955100799891485,-0.0012416911951530511,0.0019680845676242438,8.00237365862376,0.43573446037938157,0.1484745903868702,0.00990585344620562,0.9090779285684595,0.03351712807907746,8.040351499086611,8.039240225740539,0.1336743120406121,0.9109013765901884,-0.05889343479191754,PREPARATION,False,TAKEOFF,0,False,inf,0.0826261043548584,0.0,True,True,TRACKING,0,0.0826261043548584,0.048150149149391266,0.0,3,0,0.0826261043548584,0.04278755187988281,inf,HOLD,,,0,,0.0,0.0,False,,0.0,0.0,0.0,False,0.0,0.016216229647397995,-0.24480027834625812,UNRECOVERABLE,-0.21507996751505906,0.9999399781227112,20.128141403198242,20.14690589904785,,,0.004697658121585846,0.003887177910655737,,20.0037550027622,0.0009195420007017674,0.0,0.29387906646261946,,,0.2901477321401747,,,0.29387906646261946,,
1.000218391418457,1.000218391418457,,False,PERIODIC,True,True,1,TAKEOFF,-0.023935005375250454,-0.00954944502714228,0.014637785228871035,0.0025168953719784206,-0.0014345665372418866,0.0020857918263890844,8.002925483104221,0.48373118421729255,0.149691708824705,0.01160299012283312,0.9591068618025771,0.015098638522333185,8.043137114520633,8.042003175869846,0.13505392359583396,0.9606725388258234,-0.06819562110289344,PREPARATION,False,TAKEOFF,0,False,inf,0.08083772659301758,0.0,True,True,TRACKING,0,0.08083772659301758,0.054325483386595895,0.0,3,0,0.08083772659301758,0.04917478561401367,inf,HOLD,,,0,,0.0,0.0,False,,0.0,0.0,0.0,False,0.0,0.016225071623921394,-0.24463778522887106,UNRECOVERABLE,-0.21491685711905267,0.9999399781227112,20.128141403198242,20.14690589904785,,,0.008153421804308891,0.003887177910655737,,20.0033022660282,0.0007908970001153648,0.0,0.31815420731168687,,,0.3142203554201843,,,0.31815420731168687,,
1.0458102226257324,1.0458102226257324,,False,PERIODIC,True,True,1,TAKEOFF,-0.023384177427117247,-0.010085502551985728,0.014478194267302813,0.003048081771563602,-0.001866346670282115,0.002085596028446822,8.00356673811148,0.5341118285079951,0.14998465207314604,0.013479207207164706,1.0090170283301805,-0.0033704994086493608,8.046518112556873,8.04537704123298,0.13550645780584322,1.0109519153785693,-0.0786813403675101,PREPARATION,False,TAKEOFF,0,False,inf,0.08257222175598145,0.0,True,True,TRACKING,0,0.08257222175598145,0.060578312035517674,0.0,3,0,0.08257222175598145,0.04178047180175781,inf,HOLD,,,0,,0.0,0.0,False,,0.0,0.0,0.0,False,0.0,0.016208462417125702,-0.24447819426730283,UNRECOVERABLE,-0.21477598463826428,0.9983581900596619,19.921939849853516,19.94489097595215,,,2.699799915717449e-05,0.003887177910655737,,20.004537507358137,0.0007272820002981462,0.0,0.3407849549888859,,,0.3374999269069097,0.4466823640512881,,0.3407849549888859,,
1.0957553386688232,1.0957553386688232,,False,PERIODIC,True,True,1,TAKEOFF,-0.02284794598795756,-0.010684927598533542,0.014274435988252197,0.0034351223039824816,-0.002347212111907327,0.002088261565901957,8.004309499289086,0.5870835478953383,0.14935350256089386,0.015551607752052535,1.0590132484887673,-0.021852214428444917,8.050517384354068,8.049384063489637,0.13507906657264165,1.0616995728250649,-0.0904879610747693,PREPARATION,False,TAKEOFF,0,False,inf,0.08065056800842285,0.0,True,True,TRACKING,0,0.08065056800842285,0.07459320980175646,0.0,3,0,0.08065056800842285,0.044586181640625,inf,HOLD,,,0,,0.0,0.0,False,,0.0,0.0,0.0,False,0.0,0.01620410941541195,-0.24427443598825221,UNRECOVERABLE,-0.21453491014789822,0.9983581900596619,19.921939849853516,19.94489097595215,,,0.005758285988122225,0.003887177910655737,,20.01246978357683,0.000952882999627036,0.0,0.36354213739978974,0.5003439979254845,,0.35972387424109803,0.4991214712066172,,0.36354213739978974,0.5003439979254845,
1.1458048820495605,1.1458048820495605,,False,PERIODIC,True,True,1,TAKEOFF,-0.022331101505740435,-0.011233097822181331,0.014109880982257007,0.0035972097387768805,-0.002818843329628357,0.002177348450646568,8.005163739945864,0.6426242201989857,0.14779831377793698,0.017829324174232244,1.1090660543249191,-0.04022154108325106,8.055189347180196,8.054079886732062,0.13368843279567996,1.1127840062416763,-0.10373363371534568,PREPARATION,False,TAKEOFF,0,False,inf,0.08267498016357422,0.0,True,True,TRACKING,0,0.08267498016357422,0.07459320980175646,0.0,3,0,0.08267498016357422,0.045159339904785156,inf,HOLD,,,0,,0.0,0.0,False,,0.0,0.0,0.0,False,0.0,0.01621483452618122,-0.24410988098225703,UNRECOVERABLE,-0.2144118562026401,1.0000427961349487,20.16585350036621,20.210142135620117,,,3.124800059595145e-05,0.003974519204348326,,20.002885532028753,0.0009140229994955007,0.0,0.3838493490693825,0.5555157689504953,,0.38079006877061305,0.5542368608114665,,0.3838493490693825,0.5555157689504953,
1.195765495300293,1.195765495300293,,False,PERIODIC,True,True,1,TAKEOFF,-0.021842641908939135,-0.011791149094403647,0.013884008818507152,0.0038292651616526814,-0.0032330538209948047,0.002095581799614378,8.0061345039095,0.7004085772986011,0.14534178752271823,0.020308026214605073,1.1588925252930262,-0.058262883386408795,8.060578555639744,8.059506529810461,0.13145777870421108,1.1638086421386256,-0.11810840131052026,PREPARATION,False,TAKEOFF,0,False,inf,0.080902099609375,0.0,True,True,TRACKING,0,0.03290081024169922,0.08223684218558995,0.0,3,0,0.080902099609375,0.04727983474731445,inf,HOLD,,,0,,0.0,0.0,False,,0.0,0.0,0.0,False,0.0,0.016207637265324593,-0.24388400881850716,UNRECOVERABLE,-0.21423200434178752,1.0000427961349487,20.16585350036621,20.210142135620117,,,4.670699854614213e-05,0.003974519204348326,,20.01688323301253,0.0009886959996947553,0.0,0.40369813711467045,0.6103061962552248,,0.4000313241075915,0.6086508294020815,,0.40369813711467045,0.6103061962552248,
1.2458701133728027,1.2458701133728027,,False,PERIODIC,True,True,1,TAKEOFF,-0.021425006614708426,-0.012374366934824575,0.013449934514004334,0.00401196718909307,-0.00373654241141766,0.0021677011578244993,8.007238565764247,0.7608043867474145,0.1419864710663942,0.023012584940302495,1.2088135977415575,-0.07598242434557755,8.06683121087948,8.065807098089467,0.12853653655238986,1.2152145110951091,-0.13388434678199285,PREPARATION,False,TAKEOFF,0,False,inf,0.08267688751220703,0.0,True,True,TRACKING,0,0.08267688751220703,0.09026772940631274,0.0,3,0,0.08267688751220703,0.05069327354431152,inf,HOLD,,,0,,0.0,0.0,False,,0.0,0.0,0.0,False,0.0,0.016200026497244835,-0.24344993451400435,UNRECOVERABLE,-0.21372692591224943,1.000474214553833,20.016401290893555,20.00481605529785,,,0.007391524035483599,0.003974519204348326,,20.00789250962273,0.0008302290007122792,0.0,0.42002140887194217,0.6643300687527414,,0.4178296611688152,0.6622679251762871,,0.42002140887194217,0.6643300687527414,
1.295753002166748,1.295753002166748,,False,PERIODIC,True,True,1,TAKEOFF,-0.020968567286119233,-0.013086394560415028,0.012862246061380228,0.004245395128953188,-0.004337320779349051,0.002191843476379168,8.008488122772405,0.8238262206336422,0.1377474399089354,0.02595397402491272,1.2588307010669315,-0.09326936753441946,8.073920595016952,8.072954692242273,0.12488519384755517,1.2669560200024212,-0.15104776427345254,PREPARATION,False,TAKEOFF,0,False,inf,0.0806725025177002,0.0,True,True,TRACKING,0,0.0806725025177002,0.09898850729240878,0.0,3,0,0.0806725025177002,0.04481387138366699,inf,HOLD,,,0,,0.0,0.0,False,,0.0,0.0,0.0,False,0.0,0.016180481761693954,-0.24286224606138024,UNRECOVERABLE,-0.21303661580220695,1.000474214553833,20.016401290893555,20.00481605529785,,,0.005782249849289656,0.003974519204348326,,20.003332392050552,0.0009238370003004093,0.0,0.43558757280070615,0.7173402910610859,,0.4339223148128026,0.7150282606383261,,0.43558757280070615,0.7173402910610859,
1.345841646194458,1.345841646194458,,False,PERIODIC,True,True,1,TAKEOFF,-0.020579683383747088,-0.013841053849661715,0.01241115464144775,0.004357759114280465,-0.004881731055484303,0.0021814864652601076,8.009889496736498,0.8891967301484688,0.132669747718078,0.029128804455903712,1.3087230530554692,-0.10994158281051836,8.081978385358264,8.081083621160555,0.12025859307663024,1.318613937507989,-0.16972009098547244,PREPARATION,False,TAKEOFF,0,False,inf,0.08263468742370605,0.0,True,True,TRACKING,0,0.08263468742370605,0.10706554788423837,0.0,3,0,0.08263468742370605,0.04610013961791992,inf,HOLD,,,0,,0.0,0.0,False,,0.0,0.0,0.0,False,0.0,0.01616303250193596,-0.24241115464144775,UNRECOVERABLE,-0.2126839072569985,0.9996848702430725,20.080366134643555,20.043989181518555,,,2.0139999833190814e-05,0.0029489740263670683,,20.036873663651523,0.0005714880007872125,0.0,0.4517593372488653,0.7684613020577484,,0.44821262464493267,0.7661629015486833,,0.4517593372488653,0.7684613020577484,
1.3957078456878662,1.3957078456878662,,False,PERIODIC,True,True,1,TAKEOFF,-0.020322737522153154,-0.014532400276849548,0.01190392501224564,0.004489922520769281,-0.005314157273721659,0.0021846077216541525,8.011460883115276,0.9571907022861609,0.12676380162930503,0.03256003088082522,1.3587010822898287,-0.1259670789085541,8.091167203070944,8.090351903149479,0.11485987661705939,1.3703095852876173,-0.18985872268095966,PREPARATION,False,TAKEOFF,0,False,inf,0.08055567741394043,0.0,True,True,TRACKING,0,0.08055567741394043,0.11622163440415695,0.0,3,0,0.08055567741394043,0.04508066177368164,inf,HOLD,,,0,,0.0,0.0,False,,0.0,0.0,0.0,False,0.0,0.01616726815700531,-0.24190392501224564,UNRECOVERABLE,-0.21211487360277298,0.9996848702430725,20.080366134643555,20.043989181518555,,,0.006661485880613327,0.0029489740263670683,,20.042875556611875,0.0007468559997505508,0.0,0.4621319457587524,0.8172725863429666,,0.46082882063211306,0.8153707610684315,,0.4621319457587524,0.8172725863429666,
1.4459056854248047,1.4459056854248047,,False,PERIODIC,True,True,1,TAKEOFF,-0.02025844262661073,-0.015006618463131298,0.011419099909465583,0.00429341646974245,-0.005522470278999395,0.0020805959422268865,8.013210868715689,1.027617191633198,0.12008176210983638,0.03624790126797517,1.4086205252420245,-0.14120026500251143,8.101573992738373,8.100845238964778,0.1086626622003708,1.4217422079944595,-0.2117557961875801,PREPARATION,False,TAKEOFF,0,False,inf,0.03203082084655762,0.0,True,True,TRACKING,0,0.03203082084655762,0.12544591943440725,0.0,3,0,0.03203082084655762,0.006269216537475586,inf,HOLD,,,0,,0.0,0.0,False,,0.0,0.0,0.0,False,0.0,0.016146156936883926,-0.24141909990946558,UNRECOVERABLE,-0.21168290375791954,0.9996091723442078,19.966238021850586,19.943647384643555,,,1.3208000382292084e-05,0.0029489740263670683,,19.951659425828623,0.0005608379997283919,0.0,0.429006465617315,0.863512237540803,,0.4718397665390166,0.8623287409913314,,0.429006465617315,0.863512237540803,
1.4957566261291504,1.4957566261291504,,False,PERIODIC,True,True,1,TAKEOFF,-0.020370388438551428,-0.01538682154712036,0.010803863681259702,0.003909854858453433,-0.005694030995252702,0.0020400640231793324,8.015157156620866,1.1006471645680682,0.11264800340772202,0.040211312680110994,1.4586022647473225,-0.15558360833929574,8.11329815884819,8.11265892205341,0.10184413972646232,1.4732028576046268,-0.23539782605522847,PREPARATION,False,TAKEOFF,0,False,inf,0.08061623573303223,0.0,True,True,TRACKING,0,0.08061623573303223,0.145054648668364,0.0,3,0,0.08061623573303223,0.054854631423950195,inf,HOLD,,,0,,0.0,0.0,False,,0.0,0.0,0.0,False,0.0,0.016148922964930534,-0.24080386368125972,UNRECOVERABLE,-0.21076294642675242,0.9996091723442078,19.966238021850586,19.943647384643555,,,0.0070323338732123375,0.0029489740263670683,,19.994092979868864,0.0008432750000793021,0.0,0.43167035812041415,0.9072145374084669,,0.48144275720258956,0.9068321406732698,,0.43167035812041415,0.9072145374084669,
1.5459442138671875,1.5459442138671875,,False,PERIODIC,True,True,1,TAKEOFF,-0.020521864430847546,-0.01570856815746034,0.009777217075773215,0.0036998834372988115,-0.0058262704397116696,0.0016418138607688325,8.017306611110847,1.1760237298780978,0.10453504665215901,0.044445994768836004,1.5084693399651166,-0.16897873168921806,8.126247074675742,8.12569458399773,0.0947578295763858,1.5244221239026112,-0.2603880474712373,PREPARATION,False,TAKEOFF,0,False,inf,0.08261847496032715,0.0,True,True,TRACKING,0,0.08261847496032715,0.145054648668364,0.0,3,0,0.08261847496032715,0.04480934143066406,inf,HOLD,,,0,,0.0,0.0,False,,0.0,0.0,0.0,False,0.0,0.01616671122610569,-0.23977721707577324,UNRECOVERABLE,-0.20989253976014124,0.9996326565742493,19.96963119506836,19.93414878845215,,,0.006842221133410931,0.004163593053817749,,20.010188421517817,0.0007398840007226681,0.0,0.42821010619419936,0.9472039513075429,,0.4895984510307671,0.9483643175539022,,0.42821010619419936,0.9472039513075429,
1.5957212448120117,1.5957212448120117,,False,PERIODIC,True,True,1,TAKEOFF,-0.02061636674301113,-0.015984938224210005,0.008739594382405028,0.003399733263966223,-0.00596745834322688,0.0014890266039960813,8.019678113505393,1.2539193361512795,0.09577530674410871,0.048971186889191054,1.5583394883132087,-0.1813374700784693,8.140427962362692,8.139962665466598,0.08703571236170368,1.5756136927027133,-0.287087553806989,PREPARATION,False,TAKEOFF,0,False,inf,0.08051586151123047,0.0,True,True,TRACKING,0,0.08051586151123047,0.16582880510565345,0.0,0,0,0.08051586151123047,0.04559493064880371,inf,HOLD,,,0,,0.0,0.0,False,,0.0,0.0,0.0,False,0.0,0.01616291143000126,-0.23873959438240505,UNRECOVERABLE,-0.208702652059225,0.9996326565742493,19.96963119506836,19.93414878845215,,,0.005739549174904823,0.004163593053817749,,19.988671749881547,0.0006966790006117662,0.0,0.4310476080207576,0.98476450975128,,0.4968766744080244,0.9866013953045503,,0.4310476080207576,0.98476450975128,
1.6457576751708984,1.6457576751708984,,False,PERIODIC,True,True,1,TAKEOFF,-0.020508755918687456,-0.016192426139241305,0.00778512480893612,0.003433050514273458,-0.005962008907917873,0.0011960625884341175,8.022281923158708,1.334193591015326,0.08643863753218425,0.05378848892321985,1.6081257034345318,-0.1925642666486818,8.155747095014931,8.155367821427848,0.07865351272324814,1.6264556183610777,-0.31504162248166934,PREPARATION,False,TAKEOFF,0,False,inf,0.08261775970458984,0.0,True,True,TRACKING,0,0.08261775970458984,0.16582880510565345,0.0,0,0,0.08261775970458984,0.045713186264038086,inf,HOLD,,,0,,0.0,0.0,False,,0.0,0.0,0.0,False,0.0,0.016172349452972412,-0.23778512480893613,UNRECOVERABLE,-0.20788819332208647,1.0001637935638428,19.891931533813477,19.88348960876465,,,2.9955999707453884e-05,0.004163593053817749,,20.005456505356342,0.0006279379995248746,0.0,0.4314798817901442,1.0178952271222028,,0.5028982367358902,1.021492696224361,,0.4314798817901442,1.0178952271222028,
1.6957383155822754,1.6957383155822754,,False,PERIODIC,True,True,1,TAKEOFF,-0.02021316375548936,-0.016237608138146502,0.00690925128761744,0.0034723483086177053,-0.0057823092233768745,0.001122366805593342,8.025141979096077,1.4171094951149419,0.0765521507691378,0.058923760603983105,1.6579867105023043,-0.2026252264553782,8.172335861090165,8.172039114750502,0.06964289948152036,1.6771151695349198,-0.34466219753015903,PREPARATION,False,TAKEOFF,0,False,inf,0.08051276206970215,0.0,True,True,TRACKING,0,0.08051276206970215,0.17703905406851275,0.0,0,0,0.08051276206970215,0.04901862144470215,inf,HOLD,,,0,,0.0,0.0,False,,0.0,0.0,0.0,False,0.0,0.016147665679454803,-0.23690925128761745,UNRECOVERABLE,-0.20681910965284866,1.0001637935638428,19.891931533813477,19.88348960876465,,,0.004503349773585796,0.004163593053817749,,20.01725529833812,0.0005351449999579927,0.0,0.4350492012851098,1.0487939441580003,,0.5082071698543993,1.0528881672794883,,0.4350492012851098,1.0487939441580003,
1.7459728717803955,1.7459728717803955,,False,PERIODIC,True,True,1,TAKEOFF,-0.019858057799946642,-0.016133138658520296,0.006294401585394469,0.003506185968630546,-0.00558919612108039,0.0010429935619380001,8.028269130012895,1.5025102133375663,0.0661945381474852,0.06437787660688235,1.7078241624826487,-0.2114357389467419,8.190373427880704,8.190154385710574,0.059900136562090735,1.7276104630186067,-0.3759583658399375,PREPARATION,False,TAKEOFF,0,False,inf,0.08263421058654785,0.0,True,True,TRACKING,0,0.03063225746154785,0.18835613637315168,0.0,0,0,0.08263421058654785,0.042961835861206055,inf,HOLD,,,0,,0.0,0.0,False,,0.0,0.0,0.0,False,0.0,0.016161654144525528,-0.23629440158539447,UNRECOVERABLE,-0.2063905265224167,1.0011037588119507,20.00929069519043,20.00668716430664,,,0.004913873039186001,0.0025465120561420918,,20.03216940367353,0.0007884210008342052,0.0,0.4377473215154943,1.0744659912425387,,0.5123376441654749,1.0808884217868284,,0.4377473215154943,1.0744659912425387,
1.7957122325897217,1.7957122325897217,,False,PERIODIC,True,True,1,TAKEOFF,-0.01955663371058826,-0.015990098155420473,0.005969579200217196,0.0034249453414702665,-0.005415531817485406,0.0010027370478837548,8.03168005423197,1.5904054163134864,0.055428375507573194,0.0701616898434383,1.7576427330995175,-0.21894272420906388,8.210077035370025,8.209928060231592,0.049458796307356,1.7779775714238932,-0.4090831257784531,PREPARATION,False,TAKEOFF,0,False,inf,0.0805056095123291,0.0,True,True,TRACKING,0,0.03250837326049805,0.21148675995706961,0.0,0,0,0.03250837326049805,0.050327301025390625,inf,HOLD,,,0,,0.0,0.0,False,,0.0,0.0,0.0,False,0.0,0.016162892803549767,-0.23596957920021722,UNRECOVERABLE,-0.20605807571832685,1.0011037588119507,20.00929069519043,20.00668716430664,,,1.9969000277342275e-05,0.0025465120561420918,,20.017129599045912,0.0006856569998490158,0.0,0.43717987523941204,1.0973744141710873,,0.5159673258005859,1.1051274058920082,,0.43717987523941204,1.0973744141710873,
1.8457934856414795,1.8457934856414795,,False,PERIODIC,True,True,1,TAKEOFF,-0.01927848560497855,-0.015780765690979803,0.0057823513187358145,0.003362563145065882,-0.004951569331227695,0.0011075327728560795,8.035394200137333,1.6808559417734434,0.044312335539733176,0.07628977473963044,1.8074744943156962,-0.22510348220679946,8.231513393735264,8.231423217862083,0.03852998422099736,1.8279436637040452,-0.44386947172674884,PREPARATION,False,TAKEOFF,0,False,inf,0.08250546455383301,0.0,True,True,TRACKING,0,0.0303957462310791,0.21148675995706961,0.0,0,0,0.08250546455383301,0.05349898338317871,inf,HOLD,,,0,,0.0,0.0,False,,0.0,0.0,0.0,False,0.0,0.01616680808365345,-0.23578235131873582,UNRECOVERABLE,-0.20593983459254847,1.0003703832626343,20.047412872314453,20.051288604736328,,,0.006205042824149132,0.0025465120561420918,,20.012680860980637,0.0007027530009509064,0.0,0.4388163154807579,1.1195454531343334,,0.5187378309176535,1.1261571230612857,,0.4388163154807579,1.1195454531343334,
1.8956689834594727,1.8956689834594727,,False,PERIODIC,True,True,1,TAKEOFF,-0.018968677090279835,-0.015486248750567066,0.005832580741167797,0.0031114451623809355,-0.0046001990879903885,0.0013237085522234391,8.039418152158767,1.7736091289656752,0.03294582407705584,0.08275512036929575,1.8571813668689252,-0.2298659178354577,8.254646914819817,8.254602386570786,0.027113243335888042,1.8777705817502641,-0.48050947273991473,PREPARATION,False,TAKEOFF,0,False,inf,0.08046817779541016,0.0,True,True,TRACKING,0,0.08046817779541016,0.2237145879085857,0.0,0,0,0.08046817779541016,0.050628662109375,inf,HOLD,,,0,,0.0,0.0,False,,0.0,0.0,0.0,False,0.0,0.016175851225852966,-0.2358325807411678,UNRECOVERABLE,-0.2061135767363031,1.0003703832626343,20.047412872314453,20.051288604736328,,,0.00388355297036469,0.0025465120561420918,,20.019548330468677,0.000704657000824227,0.0,0.4410284410799907,1.134222231650961,,0.5209474765111346,1.1435095224946712,,0.4410284410799907,1.134222231650961,
1.9458668231964111,1.9458668231964111,,False,PERIODIC,True,True,1,TAKEOFF,-0.018498345795406428,-0.015174617329609728,0.0060930210337264415,0.0029569010275241714,-0.0042047156869385125,0.0015182779044034364,8.043780570233665,1.8689222338922828,0.021367339493930607,0.08958588488922607,1.90690146054283,-0.2332166379600421,8.279516626557106,8.279502537268234,0.015274318460204165,1.927415855074967,-0.5188166093481267,PREPARATION,False,TAKEOFF,0,False,inf,0.08254289627075195,0.0,True,True,TRACKING,0,0.030547618865966797,0.23623064335855176,0.0,0,0,0.030547618865966797,0.048204898834228516,inf,HOLD,,,0,,0.0,0.0,False,,0.0,0.0,0.0,False,0.0,0.016171300783753395,-0.23609302103372645,UNRECOVERABLE,-0.20636188277726583,1.000116229057312,19.951473236083984,19.927474975585938,,,0.005613328889012337,0.0025465120561420918,,20.021997828758323,0.000582358999963617,0.0,0.44017244545842116,0.9929285383349176,,0.5222933888347624,1.1580294291600184,,0.44017244545842116,0.9929285383349176,
1.995654582977295,1.995654582977295,,False,PERIODIC,True,True,1,TAKEOFF,-0.017972188025576073,-0.014988409539661404,0.006448605340868733,0.0029579513835619724,-0.0039051947889683844,0.0018513277709889366,8.04850341776394,1.966855846473333,0.009640955424947964,0.09679779803031874,1.9566614161535172,-0.2351322706597204,8.306367770872422,8.306367157421409,0.0031923500840792306,1.9770656485525104,-0.5588168142423123,PREPARATION,False,TAKEOFF,0,False,inf,0.03253817558288574,0.0,True,True,TRACKING,0,0.03253817558288574,0.26197054349683935,0.0,0,0,0.03253817558288574,0.005810737609863281,inf,HOLD,,,0,,0.0,0.0,False,,0.0,0.0,0.0,False,0.0,0.016170596703886986,-0.23644860534086876,UNRECOVERABLE,-0.2068763935061265,1.000116229057312,19.951473236083984,19.927474975585938,,,2.7616999432211742e-05,0.0025465120561420918,,20.000310199930883,0.00047987699872464873,0.0,0.452434565894075,0.9735869538325452,,0.523637936056607,1.169807100551805,,0.452434565894075,0.9735869538325452,
2.045746088027954,2.045746088027954,,False,PERIODIC,True,True,1,TAKEOFF,-0.01738464680037689,-0.014964714084524277,0.0069999998185145285,0.003188427454219315,-0.003916796730444949,0.0021890965533410117,8.0535933968374,2.067154051900278,-0.0021303874136718733,0.10438290399911314,2.0063284282974294,-0.2355956840257277,8.335225761820741,8.335220761116597,-0.009130387232186402,2.0267875539152103,-0.6004011067871265,PREPARATION,False,TAKEOFF,0,False,inf,0.08261632919311523,0.0,True,True,TRACKING,0,0.08261632919311523,0.26197054349683935,0.0,0,0,0.08261632919311523,0.05588889122009277,inf,HOLD,,,0,,0.0,0.0,False,,0.0,0.0,0.0,False,0.0,0.016182901337742805,-0.23699999981851455,UNRECOVERABLE,-0.20737849294723418,1.0003061294555664,19.986358642578125,19.983789443969727,,,0.005994933191686869,0.001527467044070363,,20.013253807807732,0.0006529089987452608,0.0,0.4440011864359402,0.9471687919970918,,0.523872852236024,1.1790879248209545,1.9688755149034656,0.4440011864359402,0.9471687919970918,
2.0956761837005615,2.0956761837005615,,False,PERIODIC,True,True,1,TAKEOFF,-0.016628776207368447,-0.015073578747487671,0.007573962374272006,0.0034712590914139003,-0.004202644159255975,0.002412684528107594,8.059074869402494,2.1699218787317354,-0.013887252723378301,0.11235982573735151,2.0559558626433065,-0.2346074853284134,8.366101547595195,8.366074020765131,-0.021461215097650307,2.0766050067396025,-0.6437736242963167,PREPARATION,False,TAKEOFF,0,False,inf,0.08060407638549805,0.0,True,True,TRACKING,0,0.08060407638549805,0.28873883741872797,0.0,0,0,0.08060407638549805,0.04327678680419922,inf,HOLD,,,0,,0.0,0.0,False,,0.0,0.0,0.0,False,0.0,0.016205595806241035,-0.23757396237427203,UNRECOVERABLE,-0.20816162916065556,1.0003061294555664,19.986358642578125,19.983789443969727,,,0.005405570846050978,0.001527467044070363,,20.014098210298805,0.0007524470001953887,0.0,0.4468433696294573,0.9342714345121628,2.075819225972421,0.5240798054600595,1.186490177542661,2.0764828304101535,0.4468433696294573,0.9342714345121628,2.075819225972421
2.1457691192626953,2.1457691192626953,,False,PERIODIC,True,True,1,TAKEOFF,-0.01576795673133901,-0.01539823500265695,0.008152186693490198,0.003868957929302115,-0.004550703543888412,0.0026377639730813486,8.06497370040713,2.275261642512279,-0.025568665500658606,0.12074796807721923,2.1055898991020148,-0.23217115424848678,8.399205051654736,8.399137360697807,-0.033720852194148804,2.1263793861924913,-0.6888748901574743,PREPARATION,False,TAKEOFF,0,False,inf,0.0825967788696289,0.0,True,True,TRACKING,0,0.03058910369873047,0.28873883741872797,0.0,0,0,0.03058910369873047,0.04676032066345215,inf,HOLD,,,0,,0.0,0.0,False,,0.0,0.0,0.0,False,0.0,0.01619582064449787,-0.2381521866934902,UNRECOVERABLE,-0.2086158675368117,0.9998600482940674,19.94536781311035,19.927982330322266,,,2.3616999897058122e-05,0.001527467044070363,,20.013932339900272,0.0008260750000772532,0.0,0.4462595261973826,0.9170432300389155,2.186035389338162,0.5234444593365098,1.1920250444285894,2.1866696470996896,0.4462595261973826,0.9170432300389155,2.186035389338162
2.1956467628479004,2.1956467628479004,,False,PERIODIC,True,True,1,TAKEOFF,-0.014949739115246889,-0.015907172620726294,0.008668689256561639,0.004304172789633788,-0.005016071483080202,0.0029109525274123565,8.071295678506935,2.382913161585394,-0.037074541810681795,0.12953781582995155,2.1551074510336683,-0.22830906360327635,8.43467820328701,8.434554164258861,-0.045743231067243435,2.1760698044269606,-0.7356528374235036,PREPARATION,False,TAKEOFF,0,False,inf,0.03451943397521973,0.0,True,True,TRACKING,0,0.03451943397521973,0.3163505963528484,0.0,0,0,0.03451943397521973,0.0073184967041015625,inf,HOLD,,,0,,0.0,0.0,False,,0.0,0.0,0.0,False,0.0,0.016206389293074608,-0.23866868925656165,UNRECOVERABLE,-0.2092318247752947,0.9998600482940674,19.94536781311035,19.927982330322266,,,3.256100171711296e-05,0.001527467044070363,,19.947224759338305,0.0005296099989209324,0.0,0.45151606042061293,0.9092894900887087,2.2955333346957523,0.5229067116855347,1.1958031625293006,2.2965117976197096,0.45151606042061293,0.9092894900887087,2.2955333346957523
2.245767593383789,2.245767593383789,,False,PERIODIC,True,True,1,TAKEOFF,-0.014383454349612844,-0.016490893187183504,0.009056865316736858,0.00455453189897051,-0.005410521246370413,0.0031666775136922603,8.078081174461616,2.4932023961535723,-0.04836881643632567,0.1387675515621939,2.2046558371556824,-0.22303348460650235,8.472888638713934,8.472694032899033,-0.05742568175306253,2.225662363551766,-0.7843479130821083,PREPARATION,False,TAKEOFF,0,False,inf,0.08260655403137207,0.0,True,True,TRACKING,0,0.08260655403137207,0.3163505963528484,0.0,0,0,0.08260655403137207,0.055405616760253906,inf,HOLD,,,0,,0.0,0.0,False,,0.0,0.0,0.0,False,0.0,0.016214333474636078,-0.23905686531673687,UNRECOVERABLE,-0.20956131779606416,1.0004512071609497,20.03533363342285,20.00925064086914,,,0.006203251890838146,0.002034679986536503,,20.012138099509514,0.0005631280000670813,0.0,0.4437161198378701,0.897583827843037,2.402437391259265,0.5219089241753957,1.19786664539736,2.4041880290988,0.4437161198378701,0.897583827843037,2.402437391259265
2.295563220977783,2.295563220977783,,False,PERIODIC,True,True,1,TAKEOFF,-0.014035467084986607,-0.01719087189018657,0.00926172200860708,0.004723031426230145,-0.00609935208364617,0.003219131362733448,8.085345752036986,2.6060128180451754,-0.05936885039328902,0.14843994520657533,2.254177815879659,-0.21637877394613442,8.513864215914209,8.513587594636954,-0.0686305724018961,2.275462736969957,-0.834903685247113,PREPARATION,False,TAKEOFF,0,False,inf,0.08060598373413086,0.0,True,True,TRACKING,0,0.08060622215270996,0.3439507913844,0.0,0,0,0.08060622215270996,0.04592418670654297,inf,HOLD,,,0,,0.0,0.0,False,,0.0,0.0,0.0,False,0.0,0.016190258786082268,-0.2392617220086071,UNRECOVERABLE,-0.20979495523414324,1.0004512071609497,20.03533363342285,20.00925064086914,,,2.8313999791862443e-05,0.002034679986536503,,19.99523677857293,0.0008473140005662572,0.0,0.45394685055257084,0.889240235185626,2.5054896678940515,0.5214963172573523,1.199088448672566,2.508473508178339,0.45394685055257084,0.889240235185626,2.5054896678940515
2.345777750015259,2.345777750015259,,False,PERIODIC,True,True,1,TAKEOFF,-0.013885612015917733,-0.018078770778162313,0.009377978268934469,0.004716129077879845,-0.006815250065061999,0.003202384431814056,8.09309131924374,2.721039543418678,-0.06997901292959059,0.1585403081008422,2.303540436795665,-0.2084070727468133,8.557578023903543,8.557210065386077,-0.07935699119852506,2.3251201775885098,-0.8871878601190738,PREPARATION,False,TAKEOFF,0,False,inf,0.08260631561279297,0.0,True,True,TRACKING,0,0.08260631561279297,0.3439507913844,0.0,0,0,0.08260631561279297,0.04483914375305176,inf,HOLD,,,0,,0.0,0.0,False,,0.0,0.0,0.0,False,0.0,0.01619165949523449,-0.23937797826893448,UNRECOVERABLE,-0.20986837689264154,0.9988687634468079,20.00766944885254,20.003887176513672,,,0.004580891225486994,0.002034679986536503,,20.00664680858542,0.0004884809986833716,0.0,0.4565318013887657,0.8790279336622144,2.603162118724767,0.520052234306661,1.1986891303728433,2.6077201634426057,0.4565318013887657,0.8790279336622144,2.603162118724767
2.395585775375366,2.395585775375366,,False,PERIODIC,True,True,1,TAKEOFF,-0.013884234361075288,-0.019053113526636443,0.009454524003560623,0.004698922039820504,-0.007490009262801772,0.0030961651529837057,8.101375073349061,2.838789435065221,-0.08018065664233824,0.1691254444686569,2.3529581543567386,-0.19913251066202325,8.604227573090302,8.603760669841881,-0.08963518064589887,2.3747943177746555,-0.9411977771866784,PREPARATION,False,TAKEOFF,0,False,inf,0.08057546615600586,0.0,True,True,TRACKING,0,0.08057546615600586,0.3581688076918075,0.0,0,0,0.08057546615600586,0.047873735427856445,inf,HOLD,,,0,,0.0,0.0,False,,0.0,0.0,0.0,False,0.0,0.016156751662492752,-0.23945452400356063,UNRECOVERABLE,-0.20992797265050853,0.9988687634468079,20.00766944885254,20.003887176513672,,,2.935900010925252e-05,0.002034679986536503,,20.07854772523363,0.0006303270001808414,0.0,0.4549699935463892,0.8760964081868678,2.6945440781086822,0.5197958896136083,1.1980406814857554,2.701227863274037,0.4549699935463892,0.8760964081868678,2.6945440781086822
2.445740222930908,2.445740222930908,,False,PERIODIC,True,True,1,TAKEOFF,-0.014031089935024117,-0.020124433766091996,0.009498949958295515,0.004669726267397185,-0.008193411247624093,0.003033710502215827,8.110210555404457,2.9590955329821806,-0.0898938732444628,0.18019410378948963,2.4023542379994605,-0.18862047174966826,8.653839197457053,8.653268395360215,-0.09939282320275832,2.424516467663151,-0.996852726112576,PREPARATION,False,TAKEOFF,0,False,inf,0.0826270580291748,0.0,True,True,TRACKING,0,0.03063225746154785,0.37292688729946133,0.0,0,0,0.03063225746154785,0.04546475410461426,inf,HOLD,,,0,,0.0,0.0,False,,0.0,0.0,0.0,False,0.0,0.016133295372128487,-0.23949894995829552,UNRECOVERABLE,-0.20995953863733005,0.9993656277656555,20.071430206298828,20.060062408447266,,,0.0065554468892514706,0.0024624569341540337,,19.9807132371469,0.0007474750000255881,0.0,0.4506506316631708,0.8658972750540357,2.779353635734524,0.5188781853424842,1.1962403024524744,2.788514468278846,0.4506506316631708,0.8658972750540357,2.779353635734524
2.495638608932495,2.495638608932495,,False,PERIODIC,True,True,1,TAKEOFF,-0.014213754343172996,-0.021288611277353008,0.009492791632687163,0.00435235330263397,-0.008952610551626368,0.0031311064388978493,8.119592209960416,3.0815639259792587,-0.0990290718577066,0.1917222557649824,2.4515664354572113,-0.17697265767374012,8.70622020900895,8.705543827521657,-0.10852186349039376,2.4742067055863646,-1.0542121805811624,PREPARATION,False,TAKEOFF,0,False,inf,0.08043718338012695,0.0,True,True,TRACKING,0,0.08043718338012695,0.40218744655923244,0.0,0,0,0.08043718338012695,0.05345940589904785,inf,HOLD,,,0,,0.0,0.0,False,,0.0,0.0,0.0,False,0.0,0.016121691092848778,-0.23949279163268716,UNRECOVERABLE,-0.20995475188470758,0.9993656277656555,20.071430206298828,20.060062408447266,,,0.0060909949243068695,0.0024624569341540337,,20.01276629833852,0.0004887830000370741,0.0,0.4592363415996112,0.8745388383253805,2.856859092917189,0.5189737433652821,1.194102248165875,2.868566966331236,0.4592363415996112,0.8745388383253805,2.856859092917189
2.545757293701172,2.545757293701172,,False,PERIODIC,True,True,1,TAKEOFF,-0.01441352444460329,-0.022501507038723147,0.009428142125921565,0.004190612990590414,-0.009719700068580308,0.0031937751343012175,8.12956553097694,3.206481509775551,-0.10755451573269957,0.20374916484893404,2.5007113652221618,-0.16423669912545047,8.761530181438596,8.760749179038273,-0.11698265785862114,2.5239098068091605,-1.1129250486306903,PREPARATION,False,TAKEOFF,0,False,inf,0.0826559066772461,0.0,True,True,TRACKING,0,0.030652761459350586,0.40218744655923244,0.0,0,0,0.030652761459350586,0.04541349411010742,inf,HOLD,,,0,,0.0,0.0,False,,0.0,0.0,0.0,False,0.0,0.01610575057566166,-0.23942814212592156,UNRECOVERABLE,-0.20989808848072722,0.9995402097702026,19.884212493896484,19.890167236328125,,,0.005534987896680832,0.0024624569341540337,,19.913927969111985,0.0008315030008816393,0.0,0.46272277874151024,0.8578048218991334,2.9266431809217726,0.5183945921596343,1.1907645788600616,2.941418005614627,0.46272277874151024,0.8578048218991334,2.9266431809217726
2.5956079959869385,2.5956079959869385,,False,PERIODIC,True,True,1,TAKEOFF,-0.014558624247215081,-0.023542380240276346,0.009163986452247192,0.00407083353602161,-0.01034034677962939,0.003149019106290931,8.140173130686378,3.3340490548365147,-0.11542976479861296,0.216308303033902,2.54986225366075,-0.1504685913737988,8.819784228804814,8.818904140528081,-0.12459375125086015,2.573573482341267,-1.1730438615447822,PREPARATION,False,TAKEOFF,0,False,inf,0.08053016662597656,0.0,True,True,TRACKING,0,0.03252887725830078,0.430983577469316,0.0,0,0,0.03252887725830078,0.05413651466369629,inf,HOLD,,,0,,0.0,0.0,False,,0.0,0.0,0.0,False,0.0,0.01610015518963337,-0.2391639864522472,UNRECOVERABLE,-0.2095382720895866,0.9995402097702026,19.884212493896484,19.890167236328125,,,8.365999747184105e-06,0.0024624569341540337,,20.012409476564983,0.0007073769993439782,0.0,0.4472303788582774,0.8582354532311991,2.9896839374246196,0.5195510447736287,1.1878572816964432,3.0066085515492884,0.4472303788582774,0.8582354532311991,2.9896839374246196
2.6457698345184326,2.6457698345184326,,False,PERIODIC,True,True,1,TAKEOFF,-0.01468360186489581,-0.024471782592630064,0.008775568741485055,0.003925138612809199,-0.010774214490095508,0.0029994319664798184,8.151423514780205,3.4640413753138777,-0.12259105041683911,0.22939200499726517,2.5989272277069015,-0.13577564345195237,8.881007075891658,8.880035444377944,-0.13136661915832418,2.623096537834569,-1.2344765318005357,PREPARATION,False,TAKEOFF,0,False,inf,0.08262014389038086,0.0,True,True,TRACKING,0,0.030617475509643555,0.430983577469316,0.0,0,0,0.030617475509643555,0.05541706085205078,inf,HOLD,,,0,,0.0,0.0,False,,0.0,0.0,0.0,False,0.0,0.01608305610716343,-0.23877556874148506,UNRECOVERABLE,-0.20919391342518467,1.0002118349075317,20.02655029296875,20.025859832763672,,,0.005137283820658922,0.0016012330306693912,,19.975835017166702,0.0007358879993262235,0.0,0.4522608812714678,0.8501158275753102,3.0444858783493545,0.5199792151747137,1.1839666675316987,3.064325641439208,0.4522608812714678,0.8501158275753102,3.0444858783493545
2.6956794261932373,2.6956794261932373,,False,PERIODIC,True,True,1,TAKEOFF,-0.014812441277083374,-0.025394926684925993,0.008341382131360098,0.004070403775774789,-0.011408263495583694,0.0028107042402141045,8.163346072976353,3.5964859980785837,-0.12899624499167803,0.24301731348461553,2.647913609949444,-0.12024513882280095,8.945342907974268,8.944288575254141,-0.13733762712303813,2.6728694679603278,-1.297076387923986,PREPARATION,False,TAKEOFF,0,False,inf,0.08052492141723633,0.0,True,True,TRACKING,0,0.08052492141723633,0.46079196877485334,0.0,0,0,0.08052492141723633,0.054852962493896484,inf,HOLD,,,0,,0.0,0.0,False,,0.0,0.0,0.0,False,0.0,0.016095519065856934,-0.2383413821313601,UNRECOVERABLE,-0.20860138930687402,1.0002118349075317,20.02655029296875,20.025859832763672,,,0.006179063115268946,0.0016012330306693912,,20.004899070266113,0.0007718769993516617,0.0,0.46520371314585107,0.8537877942316957,3.0928431259496945,0.5223705538962318,1.1808924171960709,3.1140808195163334,0.46520371314585107,0.8537877942316957,3.0928431259496945
2.745713710784912,2.745713710784912,,False,PERIODIC,True,True,1,TAKEOFF,-0.014950730449567406,-0.026418471218119785,0.007907839672774856,0.00410357886230794,-0.012052535215083409,0.0026962590983102826,8.17596672333083,3.7313617751500234,-0.13460516695023722,0.2571967753357111,2.6968099279253734,-0.10397495928417742,9.012899149091579,9.01177236256215,-0.14251300662301208,2.722750587024767,-1.3611133518378185,PREPARATION,False,TAKEOFF,0,False,inf,0.08278942108154297,0.0,True,True,TRACKING,0,0.030762910842895508,0.46079196877485334,0.0,0,0,0.030762910842895508,0.04544186592102051,inf,HOLD,,,0,,0.0,0.0,False,,0.0,0.0,0.0,False,0.0,0.016075825318694115,-0.23790783967277487,UNRECOVERABLE,-0.20826209760021536,0.9992750287055969,19.957386016845703,19.96091651916504,,,0.006180073134601116,0.0016012330306693912,,19.999331446459752,0.0007417399992846185,0.0,0.47190248120355355,0.838513707890073,3.132484878572711,0.524121943518688,1.177265878900862,3.156627125036803,0.47190248120355355,0.838513707890073,3.132484878572711
2.7955987453460693,2.7955987453460693,,False,PERIODIC,True,True,1,TAKEOFF,-0.015185697084918287,-0.02750427608253922,0.007457163606380223,0.00390759643093818,-0.012859410325972192,0.002692450873479024,8.189327718244343,3.8688073584697835,-0.13938808438210082,0.2719606214865045,2.745661753669379,-0.08704765850166639,9.083878481283334,9.082691491835755,-0.14684524798848103,2.772966772913511,-1.4267562782617265,PREPARATION,False,TAKEOFF,0,False,inf,0.08045172691345215,0.0,True,True,TRACKING,0,0.08045172691345215,0.4902413140026674,0.0,0,0,0.08045172691345215,0.05069994926452637,inf,HOLD,,,0,,0.0,0.0,False,,0.0,0.0,0.0,False,0.0,0.0160731952637434,-0.23745716360638022,UNRECOVERABLE,-0.20774253688192565,0.9992750287055969,19.957386016845703,19.96091651916504,,,0.006157402880489826,0.0016012330306693912,,19.994343801715928,0.00080396799967275,0.0,0.4622391803021351,0.8478735803226245,3.165937392520613,0.5280975485276136,1.174989888524787,3.1916492100746567,0.4622391803021351,0.8478735803226245,3.165937392520613
2.845694065093994,2.845694065093994,,False,PERIODIC,True,True,1,TAKEOFF,-0.015452295617668595,-0.028554158356322835,0.006979502542927354,0.0037945412713301257,-0.013509652941661555,0.002375407898082183,8.203419071691798,4.008424853456657,-0.14330319047182388,0.2872812915344797,2.7943243806768825,-0.06961650943606021,9.158036415193905,9.156803268291718,-0.15028269301475122,2.8230266619503954,-1.493325284625914,PREPARATION,False,TAKEOFF,0,False,inf,0.08263301849365234,0.0,True,True,TRACKING,0,0.08263301849365234,0.4902413140026674,0.0,0,0,0.08263301849365234,0.04526686668395996,inf,HOLD,,,0,,0.0,0.0,False,,0.0,0.0,0.0,False,0.0,0.016069557517766953,-0.23697950254292738,UNRECOVERABLE,-0.20729420962036973,0.9989036917686462,20.036592483520508,20.01995277404785,,,0.004126048181205988,0.0017241040477529168,,19.997364190836198,0.0007795139990776079,0.0,0.46305150477515555,0.8439965788358317,3.1954478884492086,0.5311780316479848,1.1717547759432174,3.2198994791400266,0.46305150477515555,0.8439965788358317,3.1954478884492086
2.895606279373169,2.895606279373169,,False,PERIODIC,True,True,1,TAKEOFF,-0.015790792801366995,-0.029746961505065367,0.006360003528239745,0.00348094545741556,-0.014296067584857035,0.0024644273939976717,8.21832017761512,4.15070293857458,-0.14634055900706353,0.3032284910407428,2.842964030598566,-0.051727656018738105,9.235803284068346,9.234540857032853,-0.15270056253530326,2.873450998652837,-1.5614302257708095,PREPARATION,False,TAKEOFF,0,False,inf,0.08062338829040527,0.0,True,True,TRACKING,0,0.08062314987182617,0.5051267646194763,0.0,0,0,0.08062314987182617,0.04650616645812988,inf,HOLD,,,0,,0.0,0.0,False,,0.0,0.0,0.0,False,0.0,0.016035817563533783,-0.23636000352823974,UNRECOVERABLE,-0.20650042314264702,0.9989036917686462,20.036592483520508,20.01995277404785,,,1.5155999790295027e-05,0.0017241040477529168,,19.99711831109543,0.0007933249999041436,0.0,0.4762170244599377,0.8427970881551039,3.2149336154602155,0.536706860983644,1.170521613160193,3.241683033538379,0.4762170244599377,0.8427970881551039,3.2149336154602155
2.945739507675171,2.945739507675171,,False,PERIODIC,True,True,1,TAKEOFF,-0.016159534924895882,-0.03096536853667352,0.0057498920504708865,0.003297583183296465,-0.015186141869996134,0.002514065735326064,8.234008997621913,4.295136589090637,-0.148471224460981,0.31976223736695963,2.891403905104245,-0.033553897480944964,9.316878399764079,9.315601910945551,-0.15422111651145187,2.9239898215431386,-1.6304445988891356,PREPARATION,False,TAKEOFF,0,False,inf,0.08262801170349121,0.0,True,True,TRACKING,0,0.030630111694335938,0.5197014880474021,0.0,0,0,0.030630111694335938,0.0458216667175293,inf,HOLD,,,0,,0.0,0.0,False,,0.0,0.0,0.0,False,0.0,0.016034740954637527,-0.2357498920504709,UNRECOVERABLE,-0.2060732344942311,0.99907386302948,19.92087173461914,19.923521041870117,,,0.0067781382240355015,0.0017241040477529168,,20.00187138448317,0.0009258400004910072,0.0,0.4763722666988112,0.8319447896059401,2.743557661480259,0.541656853485457,1.168305392061112,3.2577949215707274,0.4763722666988112,0.8319447896059401,2.743557661480259
2.995619773864746,2.995619773864746,,False,PERIODIC,True,True,1,TAKEOFF,-0.016473756218368257,-0.032117220900931796,0.005295061450137223,0.003070297742186697,-0.015810301225437525,0.002481424124909215,8.250568009433493,4.442194258319288,-0.14968968980456582,0.3369531800325328,2.9397961198153997,-0.01514794782389326,9.401460686576078,9.400183124179767,-0.15498475125470304,2.974457579112475,-1.7005080686136647,PREPARATION,False,TAKEOFF,0,False,inf,0.08060979843139648,0.0,True,True,TRACKING,0,0.08060979843139648,0.5336386706707079,0.0,0,0,0.08060979843139648,0.05302739143371582,inf,HOLD,,,0,,0.0,0.0,False,,0.0,0.0,0.0,False,0.0,0.016039544716477394,-0.23529506145013723,UNRECOVERABLE,-0.2055639365898734,0.99907386302948,19.92087173461914,19.923521041870117,,,0.007566902786493301,0.0017241040477529168,,19.99781582243921,0.0007077059999573976,0.0,0.5010952676608462,0.842076674890389,2.651075827039556,0.5488068259517159,1.168538435266677,3.268939209119693,0.5010952676608462,0.842076674890389,2.651075827039556
3.0457801818847656,3.0457801818847656,,False,PERIODIC,True,True,1,TAKEOFF,-0.016744177943687353,-0.03314092113499398,0.004889870860248162,0.002973764690338357,-0.016476204775268562,0.00256352605710143,8.26800861552583,4.591673768500851,-0.1499848192774029,0.3547964502774962,2.9880671665458345,0.003352090522108863,9.489469212343632,9.488205297229422,-0.15487469013765107,3.0250720146927503,-1.7714476744404968,PREPARATION,False,TAKEOFF,0,False,inf,0.08259057998657227,0.0,True,True,TRACKING,0,0.08259057998657227,0.5481725303745212,0.0,0,0,0.08259057998657227,0.04431319236755371,inf,HOLD,,,0,,0.0,0.0,False,,0.0,0.0,0.0,False,0.0,0.016024332493543625,-0.23488987086024818,UNRECOVERABLE,-0.20524298528894053,1.0001680850982666,19.91023826599121,19.904909133911133,,,3.416999970795587e-05,0.002702923957258463,,19.98862662709664,0.0006479229996330105,0.0,0.49206140974476104,0.8405608109978632,2.549087653679658,0.5553504083062023,1.1682043214100162,3.276051706847214,0.49206140974476104,0.8405608109978632,2.549087653679658
3.0956976413726807,3.0956976413726807,,False,PERIODIC,True,True,1,TAKEOFF,-0.01696452553842273,-0.03408435502944439,0.0043562662188341645,0.003014257875692328,-0.01692014538214725,0.0024532612839609077,8.28635704149552,4.74351193515382,-0.1493551039056678,0.3733029520793193,3.036191185872209,0.02182519255291644,9.580929106451496,9.579695995048272,-0.15371137012450198,3.075545120756621,-1.8430552598849037,PREPARATION,False,TAKEOFF,0,False,inf,0.08065390586853027,0.0,True,True,TRACKING,0,0.08065390586853027,0.5763978236959697,0.0,0,0,0.08065390586853027,0.04401278495788574,inf,HOLD,,,0,,0.0,0.0,False,,0.0,0.0,0.0,False,0.0,0.01602035202085972,-0.23435626621883418,UNRECOVERABLE,-0.2045215078850515,1.0001680850982666,19.91023826599121,19.904909133911133,,,0.004662150051444769,0.002702923957258463,,20.00002911220572,0.0008670290008012671,0.0,0.5199983069377391,0.8277810254829712,2.483957620462593,0.5640824192188524,1.1702963040414247,3.2800074378654123,0.5199983069377391,0.8277810254829712,2.483957620462593
3.1457746028900146,3.1457746028900146,,False,PERIODIC,True,True,1,TAKEOFF,-0.017072656022312813,-0.03495999948481205,0.003755883942559484,0.00308863956736068,-0.017275922649972048,0.0024149919312951725,8.305660411640318,4.897809895489089,-0.14780393177972753,0.39250439082711674,3.0841942271978366,0.04017057093252437,9.675901763146813,9.67471470134008,-0.15155981572228702,3.126049775910791,-1.915492753078976,PREPARATION,False,TAKEOFF,0,False,inf,0.08251667022705078,0.0,True,True,TRACKING,0,0.030514240264892578,0.5763978236959697,0.0,0,0,0.030514240264892578,0.04703068733215332,inf,HOLD,,,0,,0.0,0.0,False,,0.0,0.0,0.0,False,0.0,0.016033636406064034,-0.2337558839425595,UNRECOVERABLE,-0.20405379342684135,0.9994550347328186,19.949703216552734,19.946704864501953,,,3.4552002034615725e-05,0.002702923957258463,,20.06699492305515,0.0006305510014499305,0.0,0.5299287827360883,0.8286645403100157,2.408530708832082,0.5718627144615488,1.1717451706662387,3.281148394077678,0.5299287827360883,0.8286645403100157,2.408530708832082
3.1956839561462402,3.1956839561462402,,False,PERIODIC,True,True,1,TAKEOFF,-0.017049229325629897,-0.03563329774126275,0.0032268357667874854,0.003339554190090366,-0.01738434166510191,0.0023400880052879317,8.325936966560377,5.054427596535919,-0.14534235574356394,0.41240332718425404,3.1320261755137198,0.0582593857929792,9.774262702468167,9.773133508358223,-0.14856919151035142,3.176357464763351,-1.9884054103717395,PREPARATION,False,TAKEOFF,0,False,inf,0.08071327209472656,0.0,True,True,TRACKING,0,0.08071327209472656,0.6040144178385036,0.0,0,0,0.08071327209472656,0.05253243446350098,inf,HOLD,,,0,,0.0,0.0,False,,0.0,0.0,0.0,False,0.0,0.01604265160858631,-0.2332268357667875,UNRECOVERABLE,-0.20363116120817543,0.9994550347328186,19.949703216552734,19.946704864501953,,,0.007697171065956354,0.002702923957258463,,19.989153072263605,0.0009276839991798624,0.0,0.5411528601949385,0.8461442001140604,2.3644774292956243,0.5814383069446317,1.1761311337446732,3.280043843046903,0.5411528601949385,0.8461442001140604,2.3644774292956243
3.2457587718963623,3.2457587718963623,,False,PERIODIC,True,True,1,TAKEOFF,-0.01687610450224616,-0.03619964235005591,0.002579741008883607,0.0038553960558452565,-0.0174495768603802,0.0022118760894739567,8.347211699778086,5.213284273898643,-0.14198848736460565,0.4330095381297945,3.179657657536056,0.07597312702099888,9.87602886575975,9.87497069285093,-0.14456822837348926,3.2266249655062547,-2.061758088677615,PREPARATION,False,TAKEOFF,0,False,inf,0.0831902027130127,0.0,True,True,TRACKING,0,0.031193256378173828,0.6040144178385036,0.0,0,0,0.0831902027130127,0.0480952262878418,inf,HOLD,,,0,,0.0,0.0,False,,0.0,0.0,0.0,False,0.0,0.016072414815425873,-0.23257974100888362,UNRECOVERABLE,-0.20286288078946166,0.9993424415588379,19.92688751220703,19.92192840576172,,,0.006673024967312813,0.0015877820551395416,,19.992954327817436,0.0007254480005940422,0.0,0.5298040676244393,0.8501972995218446,2.307065531754906,0.5897510373860368,1.1797133916974722,3.2763933300513877,0.5298040676244393,0.8501972995218446,2.307065531754906
3.295661211013794,3.295661211013794,,False,PERIODIC,True,True,1,TAKEOFF,-0.01687610450224616,-0.03619964235005591,0.002579741008883607,0.0038553960558452565,-0.0174495768603802,0.0022118760894739567,8.347211699778086,5.213284273898643,-0.14198848736460565,0.4330095381297945,3.179657657536056,0.07597312702099888,9.87602886575975,9.87497069285093,-0.14456822837348926,3.2266249655062547,-2.061758088677615,PREPARATION,False,TAKEOFF,0,False,inf,0.08064985275268555,0.0,True,True,TRACKING,0,0.08064985275268555,0.6310597647899391,0.0,0,0,0.08064985275268555,0.04989886283874512,inf,HOLD,,,0,,0.0,0.0,False,,0.0,0.0,0.0,False,0.0,0.016100643202662468,-0.23257974100888362,UNRECOVERABLE,-0.2020407482771087,0.9993424415588379,19.92688751220703,19.92192840576172,,,0.006167589221149683,0.0015877820551395416,,19.990165930482732,0.0008605219991295598,0.0,0.5298040676244393,0.8501972995218446,2.307065531754906,0.5897510373860368,1.1797133916974722,3.2763933300513877,0.5298040676244393,0.8501972995218446,2.307065531754906
3.345771551132202,3.345771551132202,,False,PERIODIC,True,True,1,TAKEOFF,-0.016146094626016873,-0.03720457027726018,0.0012709775725665538,0.005069387019972912,-0.01734003436026263,0.0022188881499882658,8.393597879682417,5.542500925628349,-0.1325388904149745,0.47708193204252514,3.2756756123180133,0.11033032910605366,10.093305316655545,10.092418299617602,-0.13380986798754105,3.3284284543297917,-2.2122679419680815,PREPARATION,False,TAKEOFF,0,False,inf,0.08262181282043457,0.0,True,True,TRACKING,0,0.030627012252807617,0.6310597647899391,0.0,0,0,0.030627012252807617,0.04492902755737305,inf,HOLD,,,0,,0.0,0.0,False,,0.0,0.0,0.0,False,0.0,0.016095586121082306,-0.23127097757256657,UNRECOVERABLE,-0.20155741822666756,0.999870777130127,19.96136474609375,19.960813522338867,,,0.005881024990230799,0.0015877820551395416,,19.997027989443893,0.0005625180001516128,0.0,0.5540138952736238,0.8514567075527236,2.2349718545907993,0.6123944836458637,1.1966730798204162,3.2709373102745145,0.5540138952736238,0.8514567075527236,2.2349718545907993
3.395737648010254,3.395737648010254,,False,PERIODIC,True,True,1,TAKEOFF,-0.0158689937985088,-0.037375117822659856,0.0009914803549706946,0.0054009723595172246,-0.017307695446118602,0.002257112773935,8.417612386982228,5.704757188925383,-0.12676702918109206,0.49948889578645017,3.321721261376904,0.12595906451777553,10.203529480769575,10.202729616537672,-0.12775850953606277,3.3776529459736113,-2.2858975823814336,PREPARATION,False,TAKEOFF,0,False,inf,0.08076691627502441,0.0,True,True,TRACKING,0,0.08076715469360352,0.6310597647899391,0.0,0,0,0.08076715469360352,0.05362224578857422,inf,HOLD,,,0,,0.0,0.0,False,,0.0,0.0,0.0,False,0.0,0.01612318493425846,-0.2309914803549707,UNRECOVERABLE,-0.20121361533972332,0.999870777130127,19.96136474609375,19.960813522338867,,,2.8640000891755335e-05,0.0015877820551395416,,20.016687150095684,0.0006864269998914097,0.0,0.5656032184171239,0.8693945039626882,2.215218494591954,0.6192276405727404,1.2020560599607195,3.262018042733578,0.5656032184171239,0.8693945039626882,2.215218494591954
3.445652961730957,3.445652961730957,,False,PERIODIC,True,True,1,TAKEOFF,-0.015311055257008387,-0.037565611922054466,0.0006918054568583687,0.005988905462798384,-0.01701767359019911,0.002112847635058908,8.44337130547899,5.873287446003978,-0.12008334621696304,0.523245483494635,3.36868085242836,0.14119694090451226,10.319984389013468,10.319277646822952,-0.12077515167382141,3.4278058961385245,-2.361522726893844,PREPARATION,False,TAKEOFF,0,False,inf,0.06501269340515137,0.0,True,True,TRACKING,0,0.06501245498657227,0.6700282469582467,0.0,0,0,0.06501245498657227,0.03569650650024414,inf,HOLD,,,0,,0.0,0.0,False,,0.0,0.0,0.0,False,0.0,0.01615377701818943,-0.23069180545685838,UNRECOVERABLE,-0.2009963294122977,1.0018221139907837,19.629867553710938,19.61329460144043,,,3.7898000300629064e-05,0.0015877820551395416,,19.98785957092146,0.0007203720015240833,0.0,0.5727992275767473,0.8706736943076597,2.180293483916343,0.628247039630717,1.2108385808256514,3.2561028999438646,0.5727992275767473,0.8706736943076597,2.180293483916343
3.495715379714966,3.495715379714966,,False,PERIODIC,True,True,1,TAKEOFF,-0.014726833409696969,-0.03747307134906482,0.0006419200260798352,0.006517871157916244,-0.016561608978696747,0.002296881543498565,8.47029968083691,6.043876000930677,-0.11267178142624619,0.5478001083741096,3.415350767207105,0.15554111897690512,10.43989087497194,10.43927590814543,-0.11331370145232603,3.4777137338270943,-2.4373900946384732,PREPARATION,False,TAKEOFF,0,False,inf,0.06305861473083496,0.0,True,True,TRACKING,0,0.06305861473083496,0.6823684198795879,0.0,0,0,0.06305861473083496,0.034353017807006836,inf,HOLD,,,0,,0.0,0.0,False,,0.0,0.0,0.0,False,0.0,0.016199760138988495,-0.23064192002607983,UNRECOVERABLE,-0.20100361596053962,1.0018221139907837,19.629867553710938,19.61329460144043,,,0.0002870940079446882,0.0015877820551395416,,20.08216038809693,0.0008746510011405917,0.0,0.6012376085555373,0.9050667564519944,2.1851534895944495,0.638853844404374,1.2222068158135555,3.251026743566786,0.6012376085555373,0.9050667564519944,2.1851534895944495
3.546156883239746,3.546156883239746,,False,PERIODIC,True,True,1,TAKEOFF,-0.014078412601362044,-0.03704184743914212,0.0007306142184579291,0.007105684347759296,-0.015898156346784226,0.002517351773287719,8.498568511303603,6.217313119855083,-0.10454210855503024,0.5732944371949891,3.461934618743752,0.1689679516612458,10.563768080289663,10.56324352213782,-0.10527272277348816,3.527548202016197,-2.5136715164419927,PREPARATION,False,TAKEOFF,0,False,inf,0.06511402130126953,0.0,True,True,TRACKING,0,0.06511402130126953,0.6945001608130277,0.0,0,0,0.06511402130126953,0.028833866119384766,inf,HOLD,,,0,,0.0,0.0,False,,0.0,0.0,0.0,False,0.0,0.016235075891017914,-0.23073061421845795,UNRECOVERABLE,-0.20111645091971253,1.0018221139907837,19.62753677368164,19.64577865600586,,,0.004214670974761248,0.0019090550485998392,,19.986250448294975,0.0010295560005033622,0.0,0.5915508117362117,0.897717267889678,2.1528014447141004,0.6480674659328053,1.233000768524707,3.2457270337663457,0.5915508117362117,0.897717267889678,2.1528014447141004
3.5962817668914795,3.5962817668914795,,False,PERIODIC,True,True,1,TAKEOFF,-0.013392202524162044,-0.0364421234878476,0.0008904638405808322,0.007733604975578974,-0.015065549770442874,0.002808487733929163,8.528051405347576,6.392542256022194,-0.09579327812136773,0.5996012396964587,3.5081374065879487,0.18131404635628892,10.690998400729319,10.69056121344605,-0.09668374196194857,3.5770281803728747,-2.589913605291254,PREPARATION,False,TAKEOFF,0,False,inf,0.06302881240844727,0.0,True,True,TRACKING,0,0.06302881240844727,0.7065255438888665,0.0,0,0,0.06302881240844727,0.03845930099487305,inf,HOLD,,,0,,0.0,0.0,False,,0.0,0.0,0.0,False,0.0,0.016258539631962776,-0.23089046384058085,UNRECOVERABLE,-0.20137713114019135,1.0018221139907837,19.62753677368164,19.64577865600586,,,0.0059097339399158955,0.0019090550485998392,,20.017034068639642,0.0008369600000150967,0.0,0.6037648940891789,0.9356978600263399,2.1540826869021825,0.6586117691561779,1.2462799636258521,3.24147182080041,0.6037648940891789,0.9356978600263399,2.1540826869021825
3.6458005905151367,3.6458005905151367,,False,PERIODIC,True,True,1,TAKEOFF,-0.012772060661279063,-0.03582047884672483,0.0010318981448485043,0.008154489018347574,-0.01420126973835647,0.0032280919526057775,8.558927664199103,6.570358618709442,-0.08644016032373601,0.6268681424842772,3.5541582361015838,0.19256258002515908,10.82235139898776,10.821997895128217,-0.08747205846858451,3.626547076252715,-2.6667114282128637,PREPARATION,False,TAKEOFF,0,False,inf,0.06516146659851074,0.0,True,True,TRACKING,0,0.06516146659851074,0.7183637334529972,0.0,0,0,0.06516146659851074,0.039923906326293945,inf,HOLD,,,0,,0.0,0.0,False,,0.0,0.0,0.0,False,0.0,0.016266660764813423,-0.2310318981448485,UNRECOVERABLE,-0.2015289933061398,0.9991711974143982,19.698261260986328,19.691041946411133,,,0.0059097339399158955,0.0019090550485998392,,19.986420872691667,0.0009008679990074597,0.0,0.6188122424168735,0.9464301157801831,2.1313345038247764,0.667134508104024,1.2581779326668565,3.237125516716692,0.6188122424168735,0.9464301157801831,2.1313345038247764
3.695807695388794,3.695807695388794,,False,PERIODIC,True,True,1,TAKEOFF,-0.01233772589434207,-0.03516438808507269,0.0011137191090343137,0.010412637398620172,-0.013487518166791546,0.0018570182848939192,8.59121437419526,6.750560448858504,-0.07654877379088222,0.6550970223982814,3.5999299354558385,0.2026283743410388,10.957791828852772,10.957516611973224,-0.07766249289991653,3.6759641983865494,-2.742399227973219,PREPARATION,False,TAKEOFF,0,False,inf,0.06309890747070312,0.0,True,True,TRACKING,0,0.06309890747070312,0.7298579017540976,0.0,0,0,0.06309890747070312,0.026578664779663086,inf,HOLD,,,0,,0.0,0.0,False,,0.0,0.0,0.0,False,0.0,0.016255298629403114,-0.23111371910903433,UNRECOVERABLE,-0.20123246631577915,0.9991711974143982,19.698261260986328,19.691041946411133,,,0.00035999700776301324,0.0019090550485998392,,19.98396002594923,0.0010635609996825224,0.0,0.6435387817358903,0.9676255320616193,2.13657880784263,0.6776178072102417,1.2725697811022056,3.235298087553183,0.6435387817358903,0.9676255320616193,2.13657880784263
3.7457642555236816,3.7457642555236816,,False,PERIODIC,True,True,1,TAKEOFF,-0.011938975646531687,-0.03436076701630932,0.000689225414627948,0.01286722539195706,-0.012226655498956946,-0.016709125669355025,8.62489692450088,6.932790189354804,-0.06619943199534734,0.6842634424701587,3.6453488458642953,0.21143195840608497,11.096873474426397,11.09667188011514,-0.06688865740997528,3.725678432543888,-2.8175827745038813,PREPARATION,False,TAKEOFF,0,False,inf,0.06507682800292969,0.0,True,True,TRACKING,0,0.06507682800292969,0.7411602292527248,0.0,0,0,0.06507682800292969,0.02803945541381836,inf,HOLD,,,0,,0.0,0.0,False,,0.0,0.0,0.0,False,0.0,0.016147732734680176,-0.23068922541462797,UNRECOVERABLE,-0.2006515681743622,0.9991711974143982,19.696142196655273,19.68880844116211,,,0.007075795903801918,0.0017994019435718656,,19.986150200007526,0.0010617140014801407,0.0,0.6395859671810479,0.95700103196569,2.103291359755884,0.6852671404609438,1.2847289719034638,3.233136059651529,0.6395859671810479,0.95700103196569,2.103291359755884
3.797391176223755,3.797391176223755,,False,PERIODIC,True,True,1,TAKEOFF,-0.011549486211143108,-0.033435136070915035,-0.0017543943586387197,0.01562535159714875,-0.011131429044221618,-0.06926345149068258,8.660176523591375,7.117837496814038,-0.05540958906162582,0.7145295016928541,3.6905952707883265,0.21895445698490898,11.240214016594765,11.240085954250295,-0.053655194702987095,3.778136727811768,-2.892942937178245,PREPARATION,False,TAKEOFF,0,False,inf,0.06308770179748535,0.0,True,True,TRACKING,0,0.06308770179748535,0.7535914493226743,0.0,0,0,0.06308770179748535,0.03511953353881836,inf,HOLD,,,0,,0.0,0.0,False,,0.0,0.0,0.0,False,0.0,0.015975968912243843,-0.2282456056413613,UNRECOVERABLE,-0.19707692861557008,0.9991711974143982,19.696142196655273,19.68880844116211,,,2.3479000446968712e-05,0.0017994019435718656,,19.988280692513655,0.000923431998671731,0.0,0.6572894281726043,0.9899381087690893,2.1171184447665135,0.6950087648382337,1.2994487727968769,3.2342546955536124,0.6572894281726043,0.9899381087690893,2.1171184447665135
3.846879005432129,3.846879005432129,,False,PERIODIC,True,True,1,TAKEOFF,-0.01105637236975402,-0.03249004536969007,-0.007631508258476487,0.021133797096239193,-0.009356821629242534,-0.14789029989063568,8.696812403245758,7.304172837435175,-0.04433459053634792,0.7456784906164896,3.7352817514539733,0.22509266963040886,11.38661266512192,11.38655351145667,-0.03670308227787143,3.832283829713529,-2.9656494262529436,PREPARATION,False,TAKEOFF,0,False,inf,0.06508898735046387,0.0,True,True,TRACKING,0,0.06508874893188477,0.7660496778054846,0.0,0,0,0.06508874893188477,0.03897738456726074,inf,HOLD,,,0,,0.0,0.0,False,,0.0,0.0,0.0,False,0.0,0.015871142968535423,-0.2223684917415235,UNRECOVERABLE,-0.19194552004337312,0.9986226558685303,19.626033782958984,19.62108612060547,,,0.005629840772598982,0.0017994019435718656,,19.990165930482732,0.0009385459998156875,0.0,0.6514925129352073,0.9853395852948116,2.1001471343062152,0.7013923904793894,1.3110620534195174,3.233835185637846,0.6514925129352073,0.9853395852948116,2.1001471343062152
3.8957550525665283,3.8957550525665283,,False,PERIODIC,True,True,1,TAKEOFF,-0.010248802171481405,-0.03163536197041687,-0.01738273081392297,0.0285352521106131,-0.007106121205555145,-0.2302701982979611,8.735181513093323,7.493438138897163,-0.032944943689994344,0.7780208362802873,3.7797858465588114,0.22986622917415245,11.537310118701056,11.537299623075242,-0.015562212876071374,3.8876734621471534,-3.037454419126983,PREPARATION,False,TAKEOFF,0,False,inf,0.06307458877563477,0.0,True,True,TRACKING,0,0.06307458877563477,0.7778370869196781,0.0,0,0,0.06307458877563477,0.03741168975830078,inf,HOLD,,,0,,0.0,0.0,False,,0.0,0.0,0.0,False,0.0,0.015734374523162842,-0.21261726918607704,UNRECOVERABLE,-0.18023122549057008,0.9986226558685303,19.626033782958984,19.62108612060547,,,0.0002136149996658787,0.0017994019435718656,,19.993887310650013,0.001043749000018579,0.0,0.763033646216751,1.0097509450735775,2.1090665393660326,0.7666413771955961,1.3255666485299382,3.2373538192447606,0.763033646216751,1.0097509450735775,2.1090665393660326
3.9455478191375732,3.9455478191375732,,False,PERIODIC,True,True,1,TAKEOFF,-0.008928033214596811,-0.030809871703638587,-0.030541130100562364,0.037038413570365525,-0.0046701174993243055,-0.3004942223663693,8.775189348894017,7.684849520520599,-0.021356116815063917,0.811465716532551,3.8239007668383116,0.23321917431937997,11.691544055596326,11.691540447669023,0.009185013285498447,3.942403157183825,-3.1088717818162355,PREPARATION,False,TAKEOFF,0,False,inf,0.06506633758544922,0.0,True,True,TRACKING,0,0.06506633758544922,0.7886908743246737,0.0,0,0,0.06506633758544922,0.029514551162719727,inf,HOLD,,,0,,0.0,0.0,False,,0.0,0.0,0.0,False,0.0,0.01566270738840103,-0.19945886989943765,UNRECOVERABLE,-0.16885821223258973,1.000035047531128,19.649667739868164,19.655765533447266,,,0.004724769853055477,0.002952494891360402,,19.98722290887494,0.0009456269999645883,0.0,0.6542345845325488,1.0158874595586096,2.0860855852243887,0.7188951590311304,1.337562025195,3.2398609258291335,0.6542345845325488,1.0158874595586096,2.0860855852243887
3.9956300258636475,3.9956300258636475,,False,PERIODIC,True,True,1,TAKEOFF,-0.007031564827248448,-0.029833557382694418,-0.04814344304213194,0.0464804966538887,-0.0019279931971806896,-0.3633311981150618,8.816890288541757,7.878382317248284,-0.009639990206776571,0.8460495954425621,3.8676017707451997,0.2351323683049992,11.84917540211169,11.84911284418072,0.03850345283535537,3.996339572421984,-3.1799221115111904,PREPARATION,False,TAKEOFF,0,False,inf,0.06306338310241699,0.0,True,True,TRACKING,0,0.06306338310241699,0.7986951501045925,0.0,0,0,0.06306338310241699,0.031404733657836914,inf,HOLD,,,0,,0.0,0.0,False,,0.0,0.0,0.0,False,0.0,0.015584404580295086,-0.18185655695786807,UNRECOVERABLE,-0.14640371203422547,1.000035047531128,19.649667739868164,19.655765533447266,,,0.004736109171062708,0.002952494891360402,,19.990652339473797,0.0009479489999648649,0.0,0.5952781728611315,1.053307412247165,2.108206196370005,0.6815131041494008,1.3518334437143362,3.245892772051407,0.5952781728611315,1.053307412247165,2.108206196370005
4.04585599899292,4.04585599899292,,False,PERIODIC,True,True,1,TAKEOFF,-0.004684770212206343,-0.028696466408702135,-0.06863614336768088,0.055723471661936044,0.0009365262020678228,-0.41664452325190954,8.860261019774356,8.073658260573845,0.0021363013348745952,0.8797760455111253,3.902049988114556,0.235595551893412,12.010013518734526,12.00980499347333,0.07077244470255548,4.040193807580013,-3.243922003732263,PREPARATION,False,TAKEOFF,0,False,inf,0.06499171257019043,0.0,True,True,TRACKING,0,0.06499171257019043,0.8080933463727137,0.0,0,0,0.06499171257019043,0.03219318389892578,inf,HOLD,,,0,,0.0,0.0,False,,0.0,0.0,0.0,False,0.0,0.015572013333439827,-0.1613638566323191,UNRECOVERABLE,-0.13017536401748658,1.0008875131607056,19.652189254760742,19.656885147094727,,,0.004736109171062708,0.002952494891360402,,19.998623792085198,0.0006110640006227186,0.0,0.5385838210858416,1.0406884272253571,2.09443476905939,0.6498717867997488,1.3627671414497304,3.2505581532125825,0.5385838210858416,1.0406884272253571,2.09443476905939
4.095756769180298,4.095756769180298,,False,PERIODIC,True,True,1,TAKEOFF,-0.001873360045520021,-0.02744038039267824,-0.09041608858740018,0.06367976166512825,0.003514160899059729,-0.46019331786688433,8.904840943030905,8.268449281024106,0.013887272195799402,0.9050071723395631,3.8962754032555176,0.23460748248438135,12.17219060572495,12.17174371037396,0.10430336078319957,4.042792358520717,-3.274665339766971,PREPARATION,False,TAKEOFF,0,False,inf,0.06303095817565918,0.0,True,True,TRACKING,0,0.06303095817565918,0.8164966954102683,0.0,0,0,0.06303095817565918,0.027765750885009766,inf,HOLD,,,0,,0.0,0.0,False,,0.0,0.0,0.0,False,0.0,0.015605312772095203,-0.13958391141259985,UNRECOVERABLE,-0.10505006909370423,1.0008875131607056,19.652189254760742,19.656885147094727,,,0.00019826200150419027,0.002952494891360402,,19.98726301237382,0.00100384699908318,0.0,0.534381213018381,1.0588778472457205,2.0943487580628934,0.6237038803126154,1.3734861631014388,3.256143100617505,0.534381213018381,1.0588778472457205,2.0943487580628934
4.145811080932617,4.145811080932617,,False,PERIODIC,True,True,1,TAKEOFF,0.001295927265620642,-0.025957256270917987,-0.11347946976466808,0.0706281374744875,0.006057567523967574,-0.49772912925022167,8.950737813991374,8.463151891178605,0.025565068929738834,0.9305550013646743,3.890252869600534,0.232172131478336,12.335996821697599,12.335213180208624,0.13904453869440692,4.044651184753367,-3.3050196703145764,PREPARATION,False,TAKEOFF,0,False,inf,0.06505680084228516,0.0,True,True,TRACKING,0,0.06505680084228516,0.8241880442862526,0.0,0,0,0.06505680084228516,0.0287322998046875,inf,HOLD,,,0,,0.0,0.0,False,,0.0,0.0,0.0,False,0.0,0.015677031129598618,-0.11652053023533193,UNRECOVERABLE,-0.08556542992591859,1.0001788139343262,19.625513076782227,19.63582420349121,,,0.005369606893509626,0.0030867059249430895,,19.99710827531608,0.001012993001495488,0.0,0.5114693042436648,1.064952108966138,2.0791009869526933,0.6000899483782653,1.3787332708253837,3.258105313645547,0.5114693042436648,1.064952108966138,2.0791009869526933
4.1958794593811035,4.1958794593811035,,False,PERIODIC,True,True,1,TAKEOFF,0.005177480057303252,-0.02407916590792887,-0.1401152201826777,0.07675151295120342,0.008644495665126576,-0.5337929070288838,8.997867160102125,8.657333324352592,0.0370726219565317,0.9563744608190998,3.88398608271103,0.22830983281988748,12.500671423529136,12.499415606644817,0.1771878421392094,4.046332849975181,-3.334912901152104,PREPARATION,False,TAKEOFF,0,False,inf,0.0630483627319336,0.0,True,True,TRACKING,0,0.0630483627319336,0.8315645345674135,0.0,0,0,0.0630483627319336,0.02768087387084961,inf,HOLD,,,0,,0.0,0.0,False,,0.0,0.0,0.0,False,0.0,0.015885310247540474,-0.08988477981732232,UNRECOVERABLE,-0.051929455995559703,1.0001788139343262,19.625513076782227,19.63582420349121,,,0.005997747182846069,0.0030867059249430895,,19.999090537220468,0.0008959570004662964,0.0,0.4686617360938867,1.0896234386477268,2.1066206989144027,0.5809347629428199,1.383825415893709,3.2616725899209555,0.4686617360938867,1.0896234386477268,2.1066206989144027
4.24674654006958,4.24674654006958,,False,PERIODIC,True,True,1,TAKEOFF,0.009509842362087326,-0.021903451032219193,-0.16897732014690325,0.08169359395262257,0.010977749806864695,-0.5671901148530478,9.046323284252615,8.851310763801306,0.04835866806620861,0.9825195226321198,3.8774547563636057,0.22303891436600076,12.666695015576465,12.664830345719484,0.21733598821311187,4.047912266172988,-3.3647624539447394,PREPARATION,False,TAKEOFF,0,False,inf,0.06509733200073242,0.0,True,True,TRACKING,0,0.06509733200073242,0.8384696536245588,0.0,0,0,0.06509733200073242,0.04001903533935547,inf,HOLD,,,0,,0.0,0.0,False,,0.0,0.0,0.0,False,0.0,0.016083333641290665,-0.061022679853096756,UNRECOVERABLE,-0.029401671886444103,1.0000624656677246,19.544944763183594,19.55470848083496,,,1.3446999219013378e-05,0.0030867059249430895,,19.994885598382982,0.000919198999326909,0.0,0.4559611390317731,1.0708217757373646,2.092867709629253,0.5628872001558837,1.3830628231906787,3.2615064127324525,0.4559611390317731,1.0708217757373646,2.092867709629253
4.29578971862793,4.29578971862793,,False,PERIODIC,True,True,1,TAKEOFF,0.013834312906155048,-0.019524523366531203,-0.19766691008389553,0.0850365998535168,0.013114215124261834,-0.5963034062586077,9.096162242254472,9.045215888150645,0.05936133503736166,1.0090213791132738,3.8706428221281732,0.21638386140249494,12.834495037328239,12.831921108875829,0.2570282451212572,4.049041296551038,-3.394626097480225,PREPARATION,False,TAKEOFF,0,False,inf,0.06296563148498535,0.0,True,True,TRACKING,0,0.06296563148498535,0.8446120431584636,0.0,0,0,0.06296563148498535,0.04024553298950195,inf,HOLD,,,0,,0.0,0.0,False,,0.0,0.0,0.0,False,0.0,0.016471954062581062,-0.03233308991610448,WARNING,0.003693658113479603,1.0000624656677246,19.544944763183594,19.55470848083496,,,0.00033998501021414995,0.0030867059249430895,,19.975784945126094,0.0007269180005096132,0.0,0.4635953688860491,1.0836393013529924,2.100478791624824,0.5480639196596417,1.3824133471976328,3.263401467024794,0.4635953688860491,1.0836393013529924,2.100478791624824
4.345861911773682,4.345861911773682,,False,PERIODIC,True,True,1,TAKEOFF,0.018262610469349475,-0.016902944450611967,-0.2267877550648211,0.08732380826457695,0.01520181344515396,-0.6227463937262664,9.147528044376308,9.239489465596366,0.07003589849898478,1.0359559110152532,3.8635211078021245,0.20835991827993894,13.00432205433327,13.00093411303602,0.2968236535638059,4.049716281364147,-3.4241354219654485,PREPARATION,False,TAKEOFF,0,False,inf,0.0651407241821289,0.0,True,True,TRACKING,0,0.0651407241821289,0.8507632995129241,0.0,0,0,0.0651407241821289,0.026439428329467773,inf,HOLD,,,0,,0.0,0.0,False,,0.0,0.0,0.0,False,0.0,0.016852905973792076,-0.0032122449351789095,WARNING,0.02845715284347533,0.9991849064826965,20.03314971923828,20.02526092529297,,,2.9590000849566422e-05,0.003933572210371494,,20.001665555208913,0.0007192279990704264,0.0,0.4596854483205904,1.0583617891717512,2.083434548737141,0.5348626493599302,1.376769319306667,3.26205533946857,0.4596854483205904,1.0583617891717512,2.083434548737141
4.395714044570923,4.395714044570923,,False,PERIODIC,True,True,1,TAKEOFF,0.023324479110532002,-0.013711464955253792,-0.26025118063153163,0.08866841190493507,0.017454246101463494,-0.6501690205521033,9.199760620991306,9.431602386848207,0.08018186139040699,1.062982304111228,3.8561727945135424,0.19913131373409668,13.173337795759522,13.168938226944723,0.34043304202193864,4.050476356218829,-3.453017093625549,PREPARATION,False,TAKEOFF,0,False,inf,0.06310391426086426,0.0,True,True,TRACKING,0,0.06310391426086426,0.8543389507633867,0.0,0,0,0.06310391426086426,0.035822153091430664,inf,HOLD,,,0,,0.0,0.0,False,,0.0,0.0,0.0,False,0.0,0.017628511413931847,0.03025118063153162,WARNING,0.06993075013160704,0.9991849064826965,20.03314971923828,20.02526092529297,,,4.830000034417026e-05,0.003933572210371494,,19.98394499208835,0.0010158429995499318,0.0,0.4514269633272568,1.249303904151805,2.11693634898943,0.5227963766611602,1.4535268872096758,3.2608033358415867,0.4514269633272568,1.249303904151805,2.11693634898943
4.445835828781128,4.445835828781128,,False,PERIODIC,True,True,1,TAKEOFF,0.028429521551508165,-0.01031876009041028,-0.2944433942007388,0.08919361375752696,0.019552555752614827,-0.6755275410957398,9.253583932267617,9.624178148849845,0.08987896172591667,1.0904800910663592,3.8484871275590757,0.18863800436434164,13.34446358094619,13.338928164958915,0.3843223559266554,4.050937750049559,-3.4815186474649944,PREPARATION,False,TAKEOFF,0,False,inf,0.06509089469909668,0.0,True,True,TRACKING,0,0.06509089469909668,0.8575154194649798,0.0,0,0,0.06509089469909668,0.026628971099853516,inf,HOLD,,,0,,0.0,0.0,False,,0.0,0.0,0.0,False,0.0,0.018194640055298805,0.06444339420073877,WARNING,0.0969042956829071,0.9997585415840149,20.020099639892578,20.05440902709961,,,0.0066111390478909016,0.003933572210371494,,19.992307310212784,0.0010201290006079944,0.0,0.42679272435705606,1.0397272795944326,2.0961475232953752,0.5109894327937159,1.3592475565327027,3.2565807486595477,0.42679272435705606,1.0397272795944326,2.0961475232953752
4.495791673660278,4.495791673660278,,False,PERIODIC,True,True,1,TAKEOFF,0.03348220687415238,-0.0068328216253548705,-0.3289938850061835,0.0888040362178906,0.021289061612454765,-0.69906469331888,9.30882416522099,9.816475946264138,0.09902743024882185,1.118360290103839,3.840477868901064,0.17697492419398736,13.517121211259317,13.510342837750786,0.4280213152550053,4.051374413342508,-3.509735549814887,PREPARATION,False,TAKEOFF,0,False,inf,0.06315732002258301,0.0,True,True,TRACKING,0,0.06315732002258301,0.8601984195823387,0.0,0,0,0.06315732002258301,0.029033422470092773,inf,HOLD,,,0,,0.0,0.0,False,,0.0,0.0,0.0,False,0.0,0.01903870329260826,0.09899388500618347,WARNING,0.13592662215232848,0.9997585415840149,20.020099639892578,20.05440902709961,,,4.660100239561871e-05,0.003933572210371494,,19.99353617785998,0.0012203370006318437,0.0,0.4277456235021068,0.8861990876002265,2.1416231697309978,0.501790493164239,1.2800571219153778,3.254155368660844,0.4277456235021068,0.8861990876002265,2.1416231697309978
4.545852422714233,4.545852422714233,,False,PERIODIC,True,True,1,TAKEOFF,0.038344710665877885,-0.0034425288000568266,-0.3630706740096152,0.08779371429096053,0.022644268839127388,-0.7206024706169618,9.365366378597415,10.00802410692951,0.10755029870373707,1.1465678938091715,3.832151101520659,0.16424351289210037,13.691029234222981,13.682938185652622,0.47062097271335224,4.051703035267251,-3.537381048328242,PREPARATION,False,TAKEOFF,0,False,inf,0.06513333320617676,0.0,True,True,TRACKING,0,0.06513333320617676,0.8624957124661871,0.0,0,0,0.06513333320617676,0.025951623916625977,inf,HOLD,,,0,,0.0,0.0,False,,0.0,0.0,0.0,False,0.0,0.019634783267974854,0.13307067400961517,SAFE,0.16463108658790587,0.9993246793746948,19.9975643157959,19.997034072875977,,,0.006742910016328096,0.0027130090165883303,,19.99312486656285,0.0010828150007000659,0.0,0.4206068957806505,0.7616875344240942,2.104797237524424,0.4924756373408688,1.209300181816102,3.2466444844781885,0.4206068957806505,0.7616875344240942,2.104797237524424
4.595607280731201,4.595607280731201,,False,PERIODIC,True,True,1,TAKEOFF,0.04350118490377506,0.0001886765246123859,-0.40091142446650446,0.08606184119098265,0.023626450116262535,-0.7429633157391238,9.42346445461635,10.199596299769976,0.11542958769688368,1.1752317540524873,3.823457901463898,0.15046892659671082,13.866442761109086,13.85682600043288,0.5163410121633881,4.052558615168774,-3.564989248431638,PREPARATION,False,TAKEOFF,0,False,inf,0.06296658515930176,0.0,True,True,TRACKING,0,0.06296658515930176,0.8647183966801837,0.0,0,0,0.06296658515930176,0.028217315673828125,inf,HOLD,,,0,,0.0,0.0,False,,0.0,0.0,0.0,False,0.0,0.02054331824183464,0.17091142446650445,SAFE,0.211891371011734,0.9993246793746948,19.9975643157959,19.997034072875977,,,0.004782665986567736,0.0027130090165883303,,20.008058279922793,0.0007010869994701352,0.0,0.41481892956468286,0.7305032431133796,2.148930022920329,0.48619601376766397,1.150142770771326,3.24143894462865,0.41481892956468286,0.7305032431133796,2.148930022920329
4.64579963684082,4.64579963684082,,False,PERIODIC,True,True,1,TAKEOFF,0.048497793394666096,0.0037322771698275825,-0.44017788242244915,0.08356519706347595,0.024354766479656408,-0.7646649026490577,9.48294644102537,10.390532284795652,0.12258903370784169,1.204268917230645,3.814411668264469,0.1357801361696382,14.043188465768285,14.03190777062038,0.5627669161302908,4.053555157524864,-3.592241573492804,PREPARATION,False,TAKEOFF,0,False,inf,0.0651252269744873,0.0,True,True,TRACKING,0,0.0651252269744873,0.8667628727968236,0.0,0,0,0.0651252269744873,0.03229784965515137,inf,HOLD,,,0,,0.0,0.0,False,,0.0,0.0,0.0,False,0.0,0.021022874861955643,0.21017788242244914,SAFE,0.24232615828514098,1.0001929998397827,20.05684471130371,20.05872917175293,,,0.002613072982057929,0.0027130090165883303,,20.00348302352346,0.0008700150010554353,0.0,0.4112460124671706,0.6726114022450126,2.1193667308306434,0.4807674061390362,1.096946198974725,3.2306009508807714,0.4112460124671706,0.6726114022450126,2.1193667308306434
4.695684909820557,4.695684909820557,,False,PERIODIC,True,True,1,TAKEOFF,0.05290272862768203,0.0070783358141683515,-0.478326326770369,0.08064545566219493,0.02469129977725316,-0.7846757710283485,9.543892723391508,10.581013476219905,0.12899299152270619,1.23372160192437,3.804987648987204,0.12025375024606572,14.221667700680758,14.208694360644625,0.6073193182930752,4.05451877852389,-3.6188458933640986,PREPARATION,False,TAKEOFF,0,False,inf,0.11507821083068848,0.0,False,True,TRACKING,0,0.11507821083068848,0.8667628727968236,0.0,0,1,0.11507821083068848,0.08225083351135254,inf,HOLD,,,0,,0.0,0.0,False,,0.0,0.0,0.0,False,0.0,0.021600637584924698,0.248326326770369,SAFE,0.28603078722953795,1.0001929998397827,20.05684471130371,20.05872917175293,,,0.00194774498231709,0.0027130090165883303,,20.00430149417682,0.0009531359992251964,0.0,0.4147418538620845,0.637263779673705,2.137265613484016,0.4786639181149217,1.0531025527283064,3.2207709095093993,0.4147418538620845,0.637263779673705,2.137265613484016
4.7459588050842285,4.7459588050842285,,False,PERIODIC,True,True,1,TAKEOFF,0.05690492934354912,0.010261557567810659,-0.5166981254703389,0.07735635075962072,0.024670119920031357,-0.8038446039576937,9.606382726496271,10.771195410133622,0.13460668817231797,1.263630311534458,3.7951598695932867,0.10397009993676509,14.401889512764766,14.387154811762112,0.6513048136426569,4.055609251272919,-3.6449072656602954,PREPARATION,False,TAKEOFF,0,False,inf,inf,0.0,False,False,REACQUIRE,0,0.16515731811523438,0.8667628727968236,0.0,0,2,inf,inf,inf,HOLD,,,0,,0.0,0.0,False,,0.0,0.0,0.0,False,0.0,0.021923506632447243,0.2866981254703389,SAFE,0.31811087131500243,0.9997662901878357,20.115999221801758,20.07961082458496,,,3.417799962335266e-05,0.0027130090165883303,,19.988857256804312,0.001191938001284143,0.0,0.425789042994788,0.6056204582681032,2.081975284683824,0.47860776055028814,1.0133937598417175,3.205230070284157,0.425789042994788,0.6056204582681032,2.081975284683824
4.79671049118042,4.79671049118042,,False,PERIODIC,True,True,1,TAKEOFF,0.06077436896417332,0.013488138082204119,-0.5584221870877659,0.07362474915255063,0.024473250476717265,-0.8235180414350721,9.670258695429723,10.960518857355845,0.13938074983167142,1.2939224848519204,3.784939180910921,0.08707663181162519,14.583092934219449,14.566388385228091,0.6978029369194374,4.057020241095015,-3.6705371009328647,PREPARATION,False,TAKEOFF,0,False,inf,inf,0.0,False,False,REACQUIRE,0,0.21509718894958496,0.8667628727968236,0.0,0,3,inf,inf,inf,HOLD,,,0,,0.0,0.0,False,,0.0,0.0,0.0,False,0.0,0.022360792383551598,0.32842218708776594,SAFE,0.3706607103347778,0.9997662901878357,20.115999221801758,20.07961082458496,,,0.00036603500484488904,0.0027130090165883303,,19.999808263107187,0.0008116640001389896,0.0,0.4339863428059837,0.61684021494374,2.1038077495980305,0.48200183440150196,0.9803596273598778,3.1900717484527163,0.4339863428059837,0.61684021494374,2.1038077495980305
4.845841884613037,4.845841884613037,,False,PERIODIC,True,True,1,TAKEOFF,0.06423143716700036,0.016639197436242172,-0.601915408035612,0.06936934584733163,0.0240402383056345,-0.8429250943148611,9.735723644632948,11.1495050860777,0.14330051526604884,1.3246973056286246,3.774278348036915,0.06963009551499802,14.765968007072662,14.747151060918549,0.7452159233016609,4.058680960703233,-3.695785006385172,PREPARATION,False,TAKEOFF,0,False,inf,inf,0.0,False,False,REACQUIRE,0,0.2651255130767822,0.8667628727968236,0.0,0,4,inf,inf,inf,HOLD,,,0,,0.0,0.0,False,,0.0,0.0,0.0,False,0.0,0.02255789376795292,0.37191540803561207,SAFE,0.40422897338867186,1.0001592636108398,20.000593185424805,20.00946807861328,,,1.8584998542792164e-05,0.005497043952345848,,20.006782421738293,0.0007643829994776752,0.0,0.4323685635663728,0.5934485955168715,2.041701400723095,0.4882560391576137,0.9508861562823087,3.169137700206395,0.4323685635663728,0.5934485955168715,2.041701400723095
4.895571947097778,4.895571947097778,,False,PERIODIC,True,True,1,TAKEOFF,0.06706163787539418,0.01945890190828022,-0.6437174517805532,0.06513086549560645,0.02333983776437008,-0.8605984162899248,9.802785279835838,11.338075601288491,0.14633851548296395,1.3559602388149723,3.763159819985439,0.0517419186129831,14.950571469061803,14.929681805722321,0.7900559672635171,4.060155028707009,-3.720095047327374,PREPARATION,False,TAKEOFF,0,False,inf,inf,0.0,False,False,REACQUIRE,0,0.31506967544555664,0.8667628727968236,0.0,0,5,inf,inf,inf,HOLD,,,0,,0.0,0.0,False,,0.0,0.0,0.0,False,0.0,0.022766301408410072,0.4137174517805532,SAFE,0.45213072299957274,1.0001592636108398,20.000593185424805,20.00946807861328,,,0.0024400390684604645,0.005497043952345848,,19.99901023543046,0.0008804859990050318,0.0,0.4511892241421892,0.6021965848075923,2.053932161618532,0.49836425695569553,0.9275863387845092,3.149460150180683,0.4511892241421892,0.6021965848075923,2.053932161618532
4.945861577987671,4.945861577987671,,False,PERIODIC,True,True,1,TAKEOFF,0.0695627400588353,0.0220348897760039,-0.6853999580503934,0.06084346587599787,0.022441418852265353,-0.8775660653407116,9.87134699580892,11.525872263915852,0.14847117969975585,1.3876688450233072,3.751583022745422,0.03355438617584614,15.136333439816255,15.113346714971078,0.8338711377501493,4.061662611026175,-3.7436048789899714,PREPARATION,False,TAKEOFF,0,False,inf,inf,0.0,False,False,REACQUIRE,0,0.36498498916625977,0.8667628727968236,0.0,0,6,inf,inf,inf,HOLD,,,0,,0.0,0.0,False,,0.0,0.0,0.0,False,0.0,0.022882040590047836,0.45539995805039346,SAFE,0.48705487251281737,0.9992632865905762,19.974609375,19.977998733520508,,,0.0019330549985170364,0.005497043952345848,,20.02074534099074,0.0006179290012369165,0.0,0.46483163715176834,0.5728621876486186,1.99846663782725,0.5119125783772964,0.9059696266051497,3.123701295746166,0.46483163715176834,0.5728621876486186,1.99846663782725
4.995547294616699,4.995547294616699,,False,PERIODIC,True,True,1,TAKEOFF,0.07191954801394859,0.024506948455599014,-0.7309108540819564,0.056191554500902,0.02146664933391133,-0.8952584702506198,9.941550323394232,11.713195403378219,0.14968966477965204,1.419891104730917,3.7395065517666923,0.015148557980964539,15.323527880758865,15.29820412462113,0.8806005188616085,4.063537638121908,-3.76675178734413,PREPARATION,False,TAKEOFF,0,False,inf,inf,0.0,False,False,REACQUIRE,0,0.41503453254699707,0.8667628727968236,0.0,0,7,inf,inf,inf,HOLD,,,0,,0.0,0.0,False,,0.0,0.0,0.0,False,0.0,0.02296895533800125,0.5009108540819565,SAFE,0.5441185712814331,0.9992632865905762,19.974609375,19.977998733520508,,,1.7158999980892986e-05,0.005497043952345848,,20.002021993953093,0.0007126100008463254,0.0,0.48811102862877026,0.5919919940191734,2.021121117943009,0.5293207175909597,0.8901604686954947,3.0996345498507663,0.48811102862877026,0.5919919940191734,2.021121117943009
5.045808553695679,5.045808553695679,,False,PERIODIC,True,True,1,TAKEOFF,0.07401223867587545,0.02669857625003164,-0.7769325552755616,0.05172287977863535,0.020137373799606825,-0.9120787345650644,10.013380422410208,11.899908572253132,0.14998482567922078,1.4526221992512036,3.7269141050261134,-0.003351383683221803,15.512038271359902,15.484319665423413,0.9269173809547824,4.0655255547962925,-3.7891672783798165,PREPARATION,False,TAKEOFF,0,False,inf,inf,0.0,False,False,REACQUIRE,0,0.46503543853759766,0.8667628727968236,0.0,0,8,inf,inf,inf,HOLD,,,0,,0.0,0.0,False,,0.0,0.0,0.0,False,0.0,0.022985661402344704,0.5469325552755616,SAFE,0.5804548740386963,1.0008740425109863,20.06694221496582,20.06374168395996,,,1.793999945221003e-05,0.0033084149472415447,,20.006511197271,0.0007232580010168022,0.0,0.5110252236848843,0.5753325890416636,1.9365357721184566,0.5501025489997464,0.8767265817434794,3.069213427947652,0.5110252236848843,0.5753325890416636,1.9365357721184566
5.095759630203247,5.095759630203247,,False,PERIODIC,True,True,1,TAKEOFF,0.07586032727295962,0.02845373916494582,-0.8229482333577643,0.04748265420408088,0.01846725359325309,-0.9283050760934963,10.086793548438749,12.08581121176742,0.1493557638618771,1.485844571200084,3.7137940048197664,-0.02181404630419682,15.70172055042927,15.671587449290628,0.9723039972196414,4.067683713083304,-3.810831136374786,PREPARATION,False,TAKEOFF,0,False,inf,inf,0.0,False,False,REACQUIRE,0,0.5151846408843994,0.8667628727968236,0.0,0,9,inf,inf,inf,HOLD,,,0,,0.0,0.0,False,,0.0,0.0,0.0,False,0.0,0.022959653288125992,0.5929482333577644,SAFE,0.6320974111557007,1.0008740425109863,20.06694221496582,20.06374168395996,,,4.594500205712393e-05,0.0033084149472415447,,19.99725881306405,0.0010427050001453608,0.0,0.5378591245388872,0.601531911837201,1.9420956073336524,0.5737810708917704,0.8689314310794861,3.0403736878963024,0.5378591245388872,0.601531911837201,1.9420956073336524
5.145819187164307,5.145819187164307,,False,PERIODIC,True,True,1,TAKEOFF,0.07734133190762794,0.029769742559538702,-0.8678744811731309,0.04342731925321149,0.016882350289519794,-0.9434339342458615,10.161969614781675,12.271262382937495,0.14780466812535414,1.5196414276537036,3.7000932327927383,-0.04016388538975525,15.892937859391841,15.86044985705547,1.0156791492984851,4.069538951772216,-3.831418870055,PREPARATION,False,TAKEOFF,0,False,inf,inf,0.0,False,False,REACQUIRE,0,0.5650815963745117,0.8667628727968236,0.0,0,10,inf,inf,inf,HOLD,,,0,,0.0,0.0,False,,0.0,0.0,0.0,False,0.0,0.02290431596338749,0.637874481173131,SAFE,0.6696143627166748,0.9996199011802673,19.992658615112305,19.98969078063965,,,0.002478840062394738,0.0033084149472415447,,19.999853436389635,0.0008950319988798583,0.0,0.5610286414855681,0.5928824491645324,1.8700047294786468,0.6003046453772767,0.8646295482950964,3.005200342906189,0.5610286414855681,0.5928824491645324,1.8700047294786468
5.195788145065308,5.195788145065308,,False,PERIODIC,True,True,1,TAKEOFF,0.07852160668930923,0.030974079886278247,-0.9165559228858744,0.039101851247649574,0.01519732662002976,-0.9591399436608941,10.238862457754578,12.45604266177033,0.14534084687999596,1.553993221315408,3.6857977519264082,-0.05826867287223226,16.085474199537515,16.050384901127696,1.0618967697658703,4.071826665256948,-3.851668046414006,PREPARATION,False,TAKEOFF,0,False,inf,inf,0.0,False,False,REACQUIRE,0,0.6151618957519531,0.8667628727968236,0.0,0,11,inf,inf,inf,HOLD,,,0,,0.0,0.0,False,,0.0,0.0,0.0,False,0.0,0.022798435762524605,0.6865559228858744,SAFE,0.7306406974792481,0.9996199011802673,19.992658615112305,19.98969078063965,,,0.0017937410157173872,0.0033084149472415447,,19.998734202945613,0.0008904549995349953,0.0,0.5610286414855681,0.6292524665008956,1.8820364734883976,0.640802092414339,0.8664121934098663,2.9720110455577973,0.5610286414855681,0.6292524665008956,1.8820364734883976
5.2458412647247314,5.2458412647247314,,False,PERIODIC,True,True,1,TAKEOFF,0.07951542452313186,0.032086983787092994,-0.9662442897937685,0.03500802916929819,0.01343572743551705,-0.9744298425431556,10.317358991647012,12.639793864107727,0.14198586235995098,1.5888512466624616,3.6709061164757593,-0.07598523089387518,16.278694289012456,16.24092711900968,1.1082301521537194,4.074152809045987,-3.8710722535164535,PREPARATION,False,TAKEOFF,0,False,inf,inf,0.0,False,False,REACQUIRE,0,0.6651084423065186,0.8667628727968236,0.0,0,12,inf,inf,inf,HOLD,,,0,,0.0,0.0,False,,0.0,0.0,0.0,False,0.0,0.02274300530552864,0.7362442897937685,SAFE,0.7693794250488282,1.0001630783081055,19.93918228149414,19.92628288269043,,,0.002887527924031019,0.00408544484525919,,20.010389401685366,0.0009206529994116863,0.0,0.5610286414855681,0.6260740678796587,1.780740516733478,0.6833536679329567,0.872243868853363,2.9319521545276905,0.5610286414855681,0.6260740678796587,1.780740516733478
5.295589208602905,5.295589208602905,,False,PERIODIC,True,True,1,TAKEOFF,0.08027830527066337,0.03306476516021368,-1.0147173981775999,0.03129065791007824,0.011878727584737073,-0.9886579690191055,10.397695446394998,12.822974831452159,0.13775225541963548,1.624321588473479,3.655349419305765,-0.09325181761758064,16.472980369995735,16.432616832622923,1.1524696535972354,4.076073895690495,-3.889251008848842,PREPARATION,False,TAKEOFF,0,False,inf,inf,0.0,False,False,REACQUIRE,0,0.7150347232818604,0.8667628727968236,0.0,0,13,inf,inf,inf,HOLD,,,0,,0.0,0.0,False,,0.0,0.0,0.0,False,0.0,0.02264777198433876,0.7847173981775999,SAFE,0.8244115591049195,1.0001630783081055,19.93918228149414,19.92628288269043,,,1.7902999388752505e-05,0.00408544484525919,,19.996636605048757,0.0008658750011818483,0.0,0.5610286414855681,0.6711766311066062,1.7856353520661714,0.7280968811504043,0.8840512806493656,2.894232231057212,0.5610286414855681,0.6711766311066062,1.7856353520661714
5.345827579498291,5.345827579498291,,False,PERIODIC,True,True,1,TAKEOFF,0.080834459244192,0.0339023305439266,-1.0624739836953105,0.027881257109999995,0.01064618825392633,-1.002388126518744,10.479793520051196,13.005302229479376,0.13267093253950593,1.660370045316746,3.6391168314049587,-0.10993805494940381,16.66805136352911,16.625148567349488,1.1951449162348164,4.077656923047073,-3.906223562409994,PREPARATION,False,TAKEOFF,0,False,inf,inf,0.0,False,False,REACQUIRE,0,0.7650537490844727,0.8667628727968236,0.0,0,14,inf,inf,inf,HOLD,,,0,,0.0,0.0,False,,0.0,0.0,0.0,False,0.0,0.022610554471611977,0.8324739836953106,SAFE,0.8643362998962403,1.0012354850769043,20.029911041259766,20.019102096557617,,,0.002171821892261505,0.00408544484525919,,20.014937657206936,0.0008052209996094462,0.0,0.5610286414855681,0.6942057691258078,1.6712592531960377,0.7749555232724875,0.9005061643730256,2.850676746644229,0.5610286414855681,0.6942057691258078,1.6712592531960377
5.395763397216797,5.395763397216797,,False,PERIODIC,True,True,1,TAKEOFF,0.08123292999458036,0.034622885265980674,-1.1142230314206958,0.024271107772668166,0.00920512803349876,-1.0166796899932427,10.563780914689715,13.1869546889029,0.12676661956056,1.6970526322681985,3.6221557618787705,-0.12596008169330178,16.864391463620553,16.8186695111235,1.240989650981256,4.079827414475586,-3.9230061804170235,PREPARATION,False,TAKEOFF,0,False,inf,inf,0.0,False,False,REACQUIRE,0,0.8151001930236816,0.8667628727968236,0.0,0,15,inf,inf,inf,HOLD,,,0,,0.0,0.0,False,,0.0,0.0,0.0,False,0.0,0.02256837673485279,0.8842230314206958,SAFE,0.9291338205337525,1.0012354850769043,20.029911041259766,20.019102096557617,,,0.0026373169384896755,0.00408544484525919,,20.00289557360771,0.0007554189996881178,0.0,0.5610286414855681,0.7447747071250664,2.1329261101255956,0.8240600983988433,0.9226238476751478,2.9394007079859583,0.5610286414855681,0.7447747071250664,2.1329261101255956
5.445780992507935,5.445780992507935,,False,PERIODIC,True,True,1,TAKEOFF,0.0813696397652452,0.03523571835795182,-1.1673800464886548,0.020671157067048213,0.00781623633445278,-1.030540948175887,10.649490362677028,13.367472597494478,0.1200902081795495,1.73429600080559,3.604471858898296,-0.1411825403190391,17.06139781706355,17.012751565089214,1.2874702546682042,4.0820828200838495,-3.9390841343462,PREPARATION,False,TAKEOFF,0,False,inf,inf,0.0,False,False,REACQUIRE,0,0.8653101921081543,0.8667628727968236,0.0,0,16,inf,inf,inf,HOLD,,,0,,0.0,0.0,False,,0.0,0.0,0.0,False,0.0,0.022525500506162643,0.9373800464886548,SAFE,0.9702334880828858,1.0009877681732178,20.007110595703125,19.99232292175293,,,0.0026373169384896755,0.00408544484525919,,20.00581307922743,0.0009048279989656294,0.0,0.5610286414855681,0.7827758263982316,1.6184183887467622,0.875349765096778,0.949797182770885,2.7638517066509096,0.5610286414855681,0.7827758263982316,1.6184183887467622
5.4958882331848145,5.4958882331848145,,False,PERIODIC,True,True,1,TAKEOFF,0.08122854652458594,0.0357054057998432,-1.2183815658308763,0.017410662377852333,0.006669627412493082,-1.0435512980258823,10.73724208075108,13.547423612711881,0.11266006294718137,1.7722380463697327,3.585968810098547,-0.15556206150578444,17.259456108526614,17.208054897187434,1.3310416287780578,4.0840331378381824,-3.954000433115279,PREPARATION,False,TAKEOFF,0,False,inf,inf,0.0,False,False,REACQUIRE,0,0.9150240421295166,0.8667628727968236,0.0,0,17,inf,inf,inf,HOLD,,,0,,0.0,0.0,False,,0.0,0.0,0.0,False,0.0,0.02245616726577282,0.9883815658308763,SAFE,1.0285951375961304,1.0009877681732178,20.007110595703125,19.99232292175293,,,0.002465863013640046,0.00408544484525919,,20.006616672578893,0.000659321000057389,0.0,0.5610286414855681,0.8464979826337208,1.184518753036758,0.9289789792073939,0.9822416044565547,2.6195518332467786,0.5610286414855681,0.8464979826337208,1.184518753036758
5.5458245277404785,5.5458245277404785,,False,PERIODIC,True,True,1,TAKEOFF,0.08081949691777394,0.03609245871354211,-1.268773069481303,0.014217107513737679,0.005631442585352441,-1.055793297330785,10.826784385818037,13.726182838214589,0.10454550475875106,1.8107679051996974,3.5666678557862244,-0.16896276683602413,17.457959213457258,17.403859801560813,1.3733185742400542,4.0859568640192725,-3.9680745112982883,PREPARATION,False,TAKEOFF,0,False,inf,inf,0.0,False,False,REACQUIRE,0,0.9650733470916748,0.8667628727968236,0.0,0,18,inf,inf,inf,HOLD,,,0,,0.0,0.0,False,,0.0,0.0,0.0,False,0.0,0.022416025400161743,1.038773069481303,SAFE,1.070895004272461,0.9994138479232788,20.006580352783203,20.006099700927734,,,0.001836805953644216,0.0035767951048910618,,19.99296937523677,0.0009032480011228472,0.0,0.5610286414855681,0.8855400378135239,0.9346710308791629,0.9848047796103571,1.0191509543221413,2.496350323469853,0.5610286414855681,0.8855400378135239,0.9346710308791629
5.595815896987915,5.595815896987915,,False,PERIODIC,True,True,1,TAKEOFF,0.08002487803555307,0.03636292578833861,-1.3237037498094402,0.010886541401369326,0.004641661832798079,-1.0684020379699062,10.918375539439033,13.9041606694222,0.0957763552334102,1.8499939791641453,3.5464802659899877,-0.18133610369131625,17.657875950591965,17.60072894279898,1.4194801050428503,4.088254253014367,-3.9817679861278705,PREPARATION,False,TAKEOFF,0,False,inf,inf,0.0,False,False,REACQUIRE,0,1.0150742530822754,0.8667628727968236,0.0,0,19,inf,inf,inf,HOLD,,,0,,0.0,0.0,False,,0.0,0.0,0.0,False,0.0,0.02235240302979946,1.0937037498094402,SAFE,1.1395386934280396,0.9994138479232788,20.006580352783203,20.006099700927734,,,0.0028705939184874296,0.0035767951048910618,,20.007058676440426,0.0008018139997147955,0.0,0.5610286414855681,0.9457035188414342,1.0056084232257092,1.043015280681231,1.0596106922012465,2.397600395696087,0.5610286414855681,0.9457035188414342,1.0056084232257092
5.645893335342407,5.645893335342407,,False,PERIODIC,True,True,1,TAKEOFF,0.07891771922962759,0.036493557713673574,-1.380155652981924,0.007516568569999836,0.0035628837513907324,-1.0808118744378794,11.011759907697538,14.080758389148846,0.08643472361941154,1.8898032242192404,3.5254281688513474,-0.192568601441935,17.8583117988843,17.797989014869927,1.4665903766013357,4.090906287419689,-3.994971168829509,PREPARATION,False,TAKEOFF,0,False,inf,inf,0.0,False,False,REACQUIRE,0,1.0650858879089355,0.8667628727968236,0.0,0,20,inf,inf,inf,HOLD,,,0,,0.0,0.0,False,,0.0,0.0,0.0,False,0.0,0.022305598482489586,1.1501556529819241,SAFE,1.1831181526184082,1.0006589889526367,20.036930084228516,20.021997451782227,,,2.3222999516292475e-05,0.0035767951048910618,,20.002227830563395,0.0008449739998468431,0.0,0.5610286414855681,0.9756013464745471,0.9164022256100999,1.043015280681231,1.1034892837803432,2.3149409924276343,0.5610286414855681,0.9756013464745471,0.9164022256100999
5.696938514709473,5.696938514709473,,False,PERIODIC,True,True,1,TAKEOFF,0.07762056002182195,0.036527719701072825,-1.4340804869380497,0.004536087376845879,0.0027112352338346793,-1.0922766158097952,11.107379569158716,14.256699510847959,0.07653722954326467,1.9303790370483758,3.503375054618643,-0.20263913401437253,18.05964660381574,17.996357119410753,1.5106177164813144,4.09328390075312,-4.007028944020583,PREPARATION,False,TAKEOFF,0,False,inf,inf,0.0,False,False,REACQUIRE,0,1.1150782108306885,0.8667628727968236,0.0,0,21,inf,inf,inf,HOLD,,,0,,0.0,0.0,False,,0.0,0.0,0.0,False,0.0,0.022260725498199463,1.2040804869380497,SAFE,1.2449259042739869,1.0006589889526367,20.036930084228516,20.021997451782227,,,0.0035354329738765955,0.0035767951048910618,,20.01188683102047,0.0009349730007670587,0.0,0.5610286414855681,0.9756013464745471,1.0675780802333876,1.043015280681231,1.1663962734136017,2.2527960687172,0.5610286414855681,0.9756013464745471,1.0675780802333876
5.745773792266846,5.745773792266846,,False,PERIODIC,True,True,1,TAKEOFF,0.07613976075608206,0.03650064945098799,-1.487478980361737,0.0016503132056279457,0.0018766937637457225,-1.1029910431357004,11.204820787394262,14.431111584463046,0.06619100947369252,1.9715395950034902,3.4803780865494307,-0.21143846466302998,18.2610584523554,18.194844472075747,1.5536699898354296,4.095766316861267,-4.018338933526489,PREPARATION,False,TAKEOFF,0,False,inf,inf,0.0,False,False,REACQUIRE,0,1.1649925708770752,0.8667628727968236,0.0,0,22,inf,inf,inf,HOLD,,,0,,0.0,0.0,False,,0.0,0.0,0.0,False,0.0,0.022227343171834946,1.257478980361737,SAFE,1.2896410703659058,0.9998984932899475,20.011302947998047,19.983861923217773,,,0.0025696069933474064,0.0023816279135644436,,20.007611208732555,0.0006935469991731225,0.0,0.5610286414855681,0.9756013464745471,1.0067517701904685,1.043015280681231,1.2315850259474452,2.202520750951681,0.5610286414855681,0.9756013464745471,1.0067517701904685
5.795517444610596,5.795517444610596,,False,PERIODIC,True,True,1,TAKEOFF,0.07436582756236403,0.036353098073093684,-1.5453920908862184,-0.0012785466057293113,0.0011364420898349068,-1.1140273092768445,11.304462176531594,14.604567731499827,0.05542372754166354,2.0134374068886394,3.4563086969397783,-0.2189456274510261,18.463763237683963,18.394236641206966,1.600815818427882,4.098593283199701,-4.029189782984116,PREPARATION,False,TAKEOFF,0,False,inf,inf,0.0,False,False,REACQUIRE,1,1.2151119709014893,0.8667628727968236,0.35,0,23,inf,inf,inf,SEARCH,,,0,,0.0,0.0,False,,0.0,0.0,0.0,False,0.0,0.03971600867807856,1.3153920908862184,SAFE,1.3620980262756348,0.9998984932899475,20.011302947998047,19.983861923217773,,,0.002523992909118533,0.0023816279135644436,,19.991078593616695,0.0010817530001077102,0.0,0.5610286414855681,0.9756013464745471,1.1349029666687211,1.043015280681231,1.2992763197112087,2.1678148381706017,0.5610286414855681,0.9756013464745471,1.1349029666687211
5.84587550163269,5.84587550163269,,False,PERIODIC,True,True,1,TAKEOFF,0.07242141031343927,0.036096748642964235,-1.6038661609166402,-0.0038539769676545457,0.00022141561402593929,-1.124763582313068,11.406179810893768,14.776732420487269,0.04431857986825973,2.0560107428873353,3.431154299231072,-0.22510044900398676,18.667001163350534,18.594096361285587,1.6481847407849,4.101674885875716,-4.039371461596743,PREPARATION,False,TAKEOFF,0,False,inf,inf,0.0,False,False,REACQUIRE,1,1.2650752067565918,0.8667628727968236,0.35,0,24,inf,inf,inf,SEARCH,,,0,,0.0,0.0,False,,0.0,0.0,0.0,False,0.0,0.03967416994273654,1.3738661609166403,SAFE,1.4078743934631348,0.9990509152412415,19.98735237121582,20.018054962158203,,,0.002746559912338853,0.0023816279135644436,,19.998061719333247,0.001012479000564781,0.0,0.5610286414855681,0.9756013464745471,1.047443015082479,1.043015280681231,1.3693385658344128,2.142738262737168,0.5610286414855681,0.9756013464745471,1.047443015082479
5.896071434020996,5.896071434020996,,False,PERIODIC,True,True,1,TAKEOFF,0.07049780934259062,0.03560587948799553,-1.6612146719984466,-0.00599480223920728,-0.0008961253601297392,-1.1369860044184184,11.510038815190292,14.947604210102126,0.03294074769830413,2.099275751924887,3.4048555501489632,-0.2298677129179358,18.87063738252626,18.794435150775605,1.6941554196967508,4.1053833166024996,-4.048972483199959,PREPARATION,False,TAKEOFF,0,False,inf,inf,0.0,False,False,REACQUIRE,1,1.3150837421417236,0.8667628727968236,0.35,0,25,inf,inf,inf,SEARCH,,,0,,0.0,0.0,False,,0.0,0.0,0.0,False,0.0,0.040324611216783435,1.4312146719984467,SAFE,1.4725754737854004,0.9990509152412415,19.98735237121582,20.018054962158203,,,0.00021601299522444606,0.0023816279135644436,,19.986942188888822,0.0009447970005567186,0.0,0.5610286414855681,0.9756013464745471,1.1905137717351584,1.043015280681231,1.4418936787862537,2.1303451968079905,0.5610286414855681,0.9756013464745471,1.1905137717351584
5.946288108825684,5.946288108825684,,False,PERIODIC,True,True,1,TAKEOFF,0.0686240024208153,0.03490153425330847,-1.7169819802454416,-0.00791106120650564,-0.002234130195196227,-1.1495732610115912,11.615984926356198,15.116984884392682,0.021370032909365635,2.1431968241401167,3.3773817333839715,-0.23321602903763317,19.074397767945925,18.99501993913618,1.7383520131548071,4.1095959772643536,-4.058016387464772,PREPARATION,False,TAKEOFF,0,False,inf,inf,0.0,False,False,REACQUIRE,1,1.365189552307129,0.8667628727968236,0.35,0,26,inf,inf,inf,SEARCH,,,0,,0.0,0.0,False,,0.0,0.0,0.0,False,0.0,0.04203233905136594,1.4869819802454416,SAFE,1.5192707061767579,0.9999492764472961,20.027965545654297,20.029470443725586,,,3.429999924264848e-05,0.0023816279135644436,,19.990712515427298,0.0009296120006183628,0.0,0.5610286414855681,0.9756013464745471,1.1146610898331955,1.043015280681231,1.5168949971515728,2.1251766114053123,0.5610286414855681,0.9756013464745471,1.1146610898331955
5.995604515075684,5.995604515075684,,False,PERIODIC,True,True,1,TAKEOFF,0.06654925409225454,0.03400848326012155,-1.7774640319513466,-0.00961533481673952,-0.0031093841028594933,-1.1614848733493526,11.724381669050032,15.285329012963906,0.009642092759462338,2.1879086045554805,3.3485901418525517,-0.23513215558987433,19.279563864776176,19.19655788194864,1.7871061247108089,4.113530179068108,-4.066051533532547,PREPARATION,False,TAKEOFF,0,False,inf,inf,0.0,False,False,REACQUIRE,1,1.4150469303131104,0.8667628727968236,0.35,0,27,inf,inf,inf,SEARCH,,,0,,0.0,0.0,False,,0.0,0.0,0.0,False,0.0,0.047674314305186094,1.5474640319513466,SAFE,1.5946314811706543,0.9999492764472961,20.027965545654297,20.029470443725586,,,1.9205999706173316e-05,0.0023816279135644436,,19.986626388329817,0.0008672059993841685,0.0,0.5610286414855681,0.9756013464745471,1.2635887142687088,1.043015280681231,1.5945592359407907,2.1308722998600915,0.5610286414855681,0.9756013464745471,1.2635887142687088
6.045811891555786,6.045811891555786,,False,PERIODIC,True,True,1,TAKEOFF,0.06429143553328076,0.033026696969818095,-1.8387712788595403,-0.01125105771191422,-0.003356137880791932,-1.1719495599771195,11.834898386785007,15.451997945517528,-0.002131138492686213,2.2332561728658473,3.318518775953601,-0.2355956672649871,19.48499703283537,19.398243795879985,1.836640140366854,4.116967848268343,-4.072818241094373,PREPARATION,False,TAKEOFF,0,False,inf,inf,0.0,False,False,REACQUIRE,1,1.4650437831878662,0.8667628727968236,0.35,0,28,inf,inf,inf,SEARCH,,,0,,0.0,0.0,False,,0.0,0.0,0.0,False,0.0,0.05345440953969938,1.6087712788595403,SAFE,1.64212064743042,0.9993631839752197,20.043235778808594,20.041767120361328,,,0.0026249319780617952,0.0030543790198862553,,20.002719847431518,0.0010285190001013689,0.0,0.5610286414855681,0.9756013464745471,1.1899466140167483,1.043015280681231,1.6746645035566472,2.143222669962994,0.5610286414855681,0.9756013464745471,1.1899466140167483
6.095566034317017,6.095566034317017,,False,PERIODIC,True,True,1,TAKEOFF,0.062027981573313525,0.032073238740723604,-1.897296557536704,-0.012893198040390854,-0.00304317046996207,-1.1806500872310313,11.947722215462719,15.617162276908658,-0.013893582655466257,2.279295612753515,3.2870673114012403,-0.23460656060234358,19.690402091245513,19.600120605474196,1.8834029748812378,4.119945980413284,-4.078266200817401,PREPARATION,False,TAKEOFF,0,False,inf,inf,0.0,False,False,REACQUIRE,1,1.5151960849761963,0.8667628727968236,0.35,0,29,inf,inf,inf,SEARCH,,,0,,0.0,0.0,False,,0.0,0.0,0.0,False,0.0,0.06434047818183908,1.667296557536704,SAFE,1.7089975357055665,0.9993631839752197,20.043235778808594,20.041767120361328,,,0.0021750670857727528,0.0030543790198862553,,19.999266199634356,0.0009341389995825011,0.0,0.5610286414855681,0.9756013464745471,1.3732887641167628,1.043015280681231,1.7574138233842833,2.164796911038915,0.5610286414855681,0.9756013464745471,1.3732887641167628
6.145801544189453,6.145801544189453,,False,PERIODIC,True,True,1,TAKEOFF,0.05965076610528031,0.031204289547943673,-1.954936738218916,-0.014561465337586295,-0.0021123640510393236,-1.1886591852179342,12.062795382422962,15.780620620352765,-0.025563385447955767,2.3259793337762815,3.254200383941598,-0.2321725888511297,19.89578038116727,19.802009883879407,1.9293733527709602,4.122689723237161,-4.0824885005162095,PREPARATION,False,TAKEOFF,0,False,inf,inf,0.0,False,False,REACQUIRE,1,1.5653636455535889,0.8667628727968236,0.35,0,30,inf,inf,inf,SEARCH,,,0,,0.0,0.0,False,,0.0,0.0,0.0,False,0.0,0.07396705523133296,1.724936738218916,SAFE,1.7570298194885254,1.0001850128173828,19.964374542236328,19.96966552734375,,,0.0027696238830685616,0.0030543790198862553,,19.99557793685563,0.0008953689994086744,0.0,0.5610286414855681,0.9756013464745471,1.3147974569129648,1.043015280681231,1.7574138233842833,2.19310827080912,0.5610286414855681,0.9756013464745471,1.3147974569129648
6.195762634277344,6.195762634277344,,False,PERIODIC,True,True,1,TAKEOFF,0.05687218933020026,0.030332883919981617,-2.0165728199227035,-0.016325856605600417,-0.0006556025972649453,-1.196647100083664,12.180236270300213,15.942423933002416,-0.037077482423833324,2.373327941670446,3.2198314367814858,-0.22830788532293314,20.101965077703795,20.00426450020203,1.9794953374988702,4.125489411120221,-4.085777119809619,PREPARATION,False,TAKEOFF,0,False,inf,inf,0.0,False,False,REACQUIRE,1,1.6150245666503906,0.8667628727968236,0.35,0,31,inf,inf,inf,SEARCH,,,0,,0.0,0.0,False,,0.0,0.0,0.0,False,0.0,0.09203308522701281,1.7865728199227036,SAFE,1.8343284606933594,1.0001850128173828,19.964374542236328,19.96966552734375,,,4.5793996832799166e-05,0.0030543790198862553,,20.010494917889496,0.0006226740006241016,0.0,0.5610286414855681,0.9756013464745471,1.5055390623849603,1.043015280681231,1.7574138233842833,2.2295347505174865,0.5610286414855681,0.9756013464745471,1.5055390623849603
6.245742082595825,6.245742082595825,,False,PERIODIC,True,True,1,TAKEOFF,0.053826369882673364,0.02944138101259315,-2.0795683056645813,-0.018128082698510368,0.0007709160851178903,-1.2042411219813467,12.30014504869942,16.102582631802672,-0.04837098253190019,2.4213500528877216,3.1838756133650423,-0.2230323254992776,20.30871619321337,20.20688473889495,2.031197323132681,4.128677729024462,-4.088399580000209,PREPARATION,False,TAKEOFF,0,False,inf,inf,0.0,False,False,REACQUIRE,1,1.6650779247283936,0.8667628727968236,0.35,0,31,inf,inf,inf,SEARCH,,,0,,0.0,0.0,False,,0.0,0.0,0.0,False,0.0,0.10505172461271295,1.8495683056645813,SAFE,1.8829150676727295,0.9997228384017944,19.962053298950195,19.94515609741211,,,4.5793996832799166e-05,0.0030543790198862553,,19.99407291439295,0.0010555320004641544,0.0,0.5610286414855681,0.9756013464745471,1.448577924949687,1.043015280681231,1.7574138233842833,2.2727837277819587,0.5610286414855681,0.9756013464745471,1.448577924949687
6.29572868347168,6.29572868347168,,False,PERIODIC,True,True,1,TAKEOFF,0.05294315297702137,0.029183455807559048,-2.097796535190964,-0.01858113833147746,0.0012079568220887962,-1.2063750979129355,12.42266516539081,16.261149275190363,-0.05938301466669679,2.470066427471644,3.146231371637736,-0.2163691834854846,20.509555497539726,20.408006689189563,2.0384135205242675,4.130938234483518,-4.088427591603709,PREPARATION,False,TAKEOFF,0,False,inf,inf,0.0,False,False,REACQUIRE,1,1.7149710655212402,0.8667628727968236,0.35,0,32,inf,inf,inf,SEARCH,,,0,,0.0,0.0,False,,0.0,0.0,0.0,False,0.0,0.11042924523353559,1.8677965351909642,SAFE,1.902388620376587,0.9997228384017944,19.962053298950195,19.94515609741211,,,4.098299905308522e-05,0.0030543790198862553,,20.001605313295865,0.0008468319992971374,0.0,0.5610286414855681,0.9756013464745471,1.6614272588822991,1.043015280681231,1.7574138233842833,2.3231297773035275,0.5610286414855681,0.9756013464745471,1.6614272588822991
6.3462302684783936,6.3462302684783936,,False,PERIODIC,True,True,1,TAKEOFF,0.05054271765011462,0.028475600540580907,-2.146297465873211,-0.01991129384821639,0.0021588193590864977,-1.2117487751493874,12.54720322242477,16.417248162212257,-0.06999131823259624,2.519202234885725,3.1070275344365337,-0.20839687659645897,20.71399133601555,20.609667388140863,2.0763061476406146,4.134491780375935,-4.0889605145710695,PREPARATION,False,TAKEOFF,0,False,inf,inf,0.0,False,False,REACQUIRE,1,1.7650365829467773,0.8667628727968236,0.35,0,33,inf,inf,inf,SEARCH,,,0,,0.0,0.0,False,,0.0,0.0,0.0,False,0.0,0.12465571612119675,1.9162974658732108,SAFE,1.9511962413787842,0.998940646648407,18.753990173339844,18.73600196838379,,,0.005945669952780008,0.0028173390310257673,,20.009208701012238,0.0005936739999015117,0.0,0.5610286414855681,0.9756013464745471,1.6887364939219605,1.043015280681231,1.7574138233842833,2.3797896431486776,0.5610286414855681,0.9756013464745471,1.6887364939219605
6.396056175231934,6.396056175231934,,False,PERIODIC,True,True,1,TAKEOFF,0.047542681485281714,0.027643637858597594,-2.2067684834918344,-0.02141705522249958,0.003096277656750381,-1.2179834922832167,12.674399803679556,16.57157497440338,-0.08018427006830493,2.568966690831139,3.0660088293088954,-0.1991289206156775,20.92036197749453,20.811996176547233,2.1265842134235293,4.138790389605999,-4.0892074686547035,PREPARATION,False,TAKEOFF,0,False,inf,0.0725398063659668,0.0,True,False,REACQUIRE,0,0.0725398063659668,0.862315418448287,0.6,0,0,0.0725398063659668,0.030568361282348633,inf,SEARCH,,,0,,0.0,0.0,False,,0.0,0.0,0.0,False,0.0,0.16118441224098223,1.9767684834918344,SAFE,2.029556083679199,0.998940646648407,18.753990173339844,18.73600196838379,,,0.004939379170536995,0.0028173390310257673,,20.00802813966392,0.0007279109995579347,0.0,0.5610286414855681,0.9756013464745471,1.9144302206911092,1.043015280681231,1.7574138233842833,2.443120552006506,0.5610286414855681,0.9756013464745471,1.9144302206911092
6.445758819580078,6.445758819580078,,False,PERIODIC,True,True,1,TAKEOFF,0.044417191582873064,0.026763102970883752,-2.2715387659207638,-0.02277711565411828,0.0036299740189755093,-1.2242904447318919,12.804230111026982,16.72395860129265,-0.08989244481527028,2.619298713286155,3.023123260897162,-0.18862215145984515,21.127440543491836,21.014498881686176,2.1816463211054935,4.143731797433553,-4.0889441746247135,PREPARATION,False,TAKEOFF,0,False,inf,0.07043647766113281,0.0,True,False,REACQUIRE,0,0.07043647766113281,0.8460644364814045,0.6,0,0,0.07043647766113281,0.03774619102478027,inf,SEARCH,,,0,,0.0,0.0,False,,0.0,0.0,0.0,False,0.0,0.176680478453636,2.0415387659207638,SAFE,2.0787444591522215,1.0013129711151123,18.98729133605957,18.963916778564453,,,0.004008627030998468,0.0028173390310257673,,19.99817212398741,0.0008775429996603634,0.0,0.5610286414855681,0.9756013464745471,1.9760375570262605,1.043015280681231,1.7574138233842833,2.513657535077054,0.5610286414855681,0.9756013464745471,1.9760375570262605
6.495771408081055,6.495771408081055,,False,PERIODIC,True,True,1,TAKEOFF,0.041596130105081605,0.025991778177524665,-2.3329958038809404,-0.023821804958491163,0.0036378001333119635,-1.2310415044428504,12.936191939393069,16.87370315501902,-0.09901884756256617,2.6699499343628124,2.9784840687833154,-0.1769867729677351,21.333228371805877,21.215936927749894,2.2339769563183745,4.149355116474372,-4.087950570190772,PREPARATION,False,TAKEOFF,0,False,inf,0.07304167747497559,0.0,True,False,REACQUIRE,0,0.07304167747497559,0.8265919276245356,0.6,0,0,0.07304167747497559,0.03589797019958496,inf,SEARCH,,,0,,0.0,0.0,False,,0.0,0.0,0.0,False,0.0,0.19979835748672503,2.1029958038809404,SAFE,2.1479022979736326,1.0013129711151123,18.98729133605957,18.963916778564453,,,3.0234999940148555e-05,0.0028173390310257673,,19.989819942618027,0.0008622519999335054,0.0,0.5610286414855681,0.9756013464745471,2.2198941280560316,1.043015280681231,1.7574138233842833,2.5899572618417763,0.5610286414855681,0.9756013464745471,2.2198941280560316
6.545787334442139,6.545787334442139,,False,PERIODIC,True,True,1,TAKEOFF,0.03903447023026049,0.025322701848964277,-2.392372146942809,-0.024535568730812272,0.003353415810358884,-1.2386266723939916,13.07107758147231,17.021587712633032,-0.10756051643606462,2.7211636766441925,2.9317687911757746,-0.16422700239574722,21.538977138132,21.417450174333872,2.2848116305067445,4.15557644709152,-4.086034123858791,PREPARATION,False,TAKEOFF,0,False,inf,0.07043075561523438,0.0,True,False,REACQUIRE,0,0.07043075561523438,0.8047921124635379,0.6,0,0,0.07043075561523438,0.02759099006652832,inf,SEARCH,,,0,,0.0,0.0,False,,0.0,0.0,0.0,False,0.0,0.2162566661834715,2.162372146942809,SAFE,2.197511005401611,1.0000154972076416,18.967275619506836,18.97940444946289,,,0.0070065162144601345,0.0027428569737821817,,20.002689723254182,0.0006061839994799811,0.0,0.5610286414855681,0.9756013464745471,2.2619407425420777,1.043015280681231,1.7574138233842833,2.6727768427724263,0.5610286414855681,0.9756013464745471,2.2619407425420777
6.595619440078735,6.595619440078735,,False,PERIODIC,True,True,1,TAKEOFF,0.036458284645090856,0.02459700318679796,-2.4551773805380748,-0.02494482368090279,0.0027073992914299076,-1.246051055486085,13.208405711093896,17.166949819174114,-0.11543093272723967,2.772688765807289,2.883088102706202,-0.15046638065552873,21.744766554574987,21.61852120458103,2.339746447810835,4.162169203355425,-4.083289418162701,PREPARATION,False,TAKEOFF,0,False,inf,0.07254528999328613,0.0,True,False,REACQUIRE,0,0.07254528999328613,0.7832792641943599,0.6,0,0,0.07254528999328613,0.029930830001831055,inf,SEARCH,,,0,,0.0,0.0,False,,0.0,0.0,0.0,False,0.0,0.24638698995113373,2.225177380538075,SAFE,2.277241277694702,1.0000154972076416,18.967275619506836,18.97940444946289,,,0.004394505172967911,0.0027428569737821817,,19.995853882218036,0.0009254750002583023,0.0,0.5610286414855681,0.9756013464745471,2.458515830344491,1.043015280681231,1.7574138233842833,2.759108870829232,0.5610286414855681,0.9756013464745471,2.458515830344491
6.64742374420166,6.64742374420166,,False,PERIODIC,True,True,1,TAKEOFF,0.033875197381980277,0.023876102770253566,-2.5193037283119772,-0.02522923295154276,0.002081612117084794,-1.2528530735879022,13.348325012245468,17.309834468713287,-0.12259022027890182,2.8245087124084867,2.8323401161457555,-0.1357774928163136,21.950470749877383,21.81923304109552,2.3967135080330753,4.1688400556998575,-4.079353681238635,PREPARATION,False,TAKEOFF,0,False,inf,0.07051253318786621,0.0,True,False,REACQUIRE,0,0.07051253318786621,0.7581395625816321,0.6,0,0,0.07051253318786621,0.03309059143066406,inf,SEARCH,,,0,,0.0,0.0,False,,0.0,0.0,0.0,False,0.0,0.2663329094648361,2.2893037283119773,SAFE,2.3272841453552244,1.0001929998397827,19.002464294433594,18.990427017211914,,,0.004131266847252846,0.0027428569737821817,,20.00881683967166,0.0007770450010866625,0.0,0.5610286414855681,0.9756013464745471,2.4611586475938343,1.043015280681231,1.7574138233842833,2.850349129254405,0.5610286414855681,0.9756013464745471,2.4611586475938343
6.698256015777588,6.698256015777588,,False,PERIODIC,True,True,1,TAKEOFF,0.031383934104095006,0.02319209284380319,-2.5827022000842947,-0.025416532577908303,0.0016328210301730017,-1.2591665241487782,13.490958167506903,17.450242494484847,-0.1289987038179743,2.876588550174879,2.779431293089071,-0.12023863014105302,22.1558769876845,22.019587286001027,2.4537034962663204,4.175518482709019,-4.074006107765028,PREPARATION,False,TAKEOFF,0,False,inf,0.07231283187866211,0.0,True,False,REACQUIRE,0,0.07231283187866211,0.7333476321166613,0.6,0,0,0.07231283187866211,0.03645467758178711,inf,SEARCH,,,0,,0.0,0.0,False,,0.0,0.0,0.0,False,0.0,0.2960630238056181,2.3527022000842948,SAFE,2.397553253173828,1.0001929998397827,19.002464294433594,18.990427017211914,,,0.006777741014957428,0.0027428569737821817,,19.99399766921698,0.001028861999657238,0.0,0.5610286414855681,0.9756013464745471,2.4611586475938343,1.043015280681231,1.7574138233842833,2.9677349525231977,0.5610286414855681,0.9756013464745471,2.4611586475938343
6.74906325340271,6.74906325340271,,False,PERIODIC,True,True,1,TAKEOFF,0.029187096794835547,0.022481488307086128,-2.642764938068641,-0.02534525855004358,0.0012152800985099036,-1.265172831064526,13.63597449243315,17.58773836473482,-0.1346026385969406,2.9287225276636835,2.7244420265359377,-0.10398303515829971,22.360093704756352,22.218976402278155,2.5081622994717003,4.1822054158272275,-4.067156574684859,PREPARATION,False,TAKEOFF,0,False,inf,0.07042145729064941,0.0,True,False,REACQUIRE,0,0.07042145729064941,0.7040633250266222,0.6,0,0,0.07042145729064941,0.03966212272644043,inf,SEARCH,,,0,,0.0,0.0,False,,0.0,0.0,0.0,False,0.0,0.3187869906425478,2.412764938068641,SAFE,2.4478872299194334,0.999562680721283,19.02649688720703,19.027185440063477,,,1.4073999409447424e-05,0.0027428569737821817,,20.012228557710223,0.0007263019997481024,0.0,0.5610286414855681,0.9756013464745471,2.4611586475938343,1.043015280681231,1.7574138233842833,3.0882206945731534,0.5610286414855681,0.9756013464745471,2.4611586475938343
6.795698642730713,6.795698642730713,,False,PERIODIC,True,True,1,TAKEOFF,0.026984741184693798,0.021608816999512555,-2.706587749120969,-0.02526479274182631,0.0007463435987231227,-1.2715116162903133,13.783817870996444,17.7226298378914,-0.13938448353559352,2.9809778876748165,2.6671653179347152,-0.08706188414199628,22.564732117850962,22.418220333994903,2.5672032655853756,4.189296643619769,-4.059230127765082,PREPARATION,False,TAKEOFF,0,False,inf,0.07243132591247559,0.0,True,False,REACQUIRE,0,0.07243132591247559,0.675656671477604,0.6,0,0,0.07243132591247559,0.0385894775390625,inf,SEARCH,,,0,,0.0,0.0,False,,0.0,0.0,0.0,False,0.0,0.35653401017189035,2.476587749120969,SAFE,2.5288999557495115,0.999562680721283,19.02649688720703,19.027185440063477,,,0.005365984980016947,0.0027428569737821817,,19.99709322166594,0.0008817320012894925,0.0,0.5610286414855681,0.9756013464745471,2.4611586475938343,1.043015280681231,1.7574138233842833,3.212205681429354,0.5610286414855681,0.9756013464745471,2.4611586475938343
6.847182273864746,6.847182273864746,,False,PERIODIC,True,True,1,TAKEOFF,0.024832932209594445,0.02062777512613445,-2.77209244270525,-0.02506839492778949,0.0003245579059274874,-1.2777809795405726,13.934042541052364,17.8543998597507,-0.14330047160790954,3.0330985839488314,2.607740972575228,-0.06963031720952911,22.768840241355385,22.616576635491466,2.6287919710973404,4.196502550108746,-4.049952978741624,PREPARATION,False,TAKEOFF,0,False,inf,0.0704793930053711,0.0,True,False,REACQUIRE,0,0.0704793930053711,0.6433780711872863,0.6,0,0,0.0704793930053711,0.03661823272705078,inf,SEARCH,,,0,,0.0,0.0,False,,0.0,0.0,0.0,False,0.0,0.3810847520828249,2.54209244270525,SAFE,2.5799274921417235,0.9998397827148438,18.988828659057617,18.973878860473633,,,0.004600247833877802,0.002804925898090005,,20.01119336272964,0.0006019550000928575,0.0,0.5610286414855681,0.9756013464745471,2.4611586475938343,1.043015280681231,1.7574138233842833,3.3393612699335242,0.5610286414855681,0.9756013464745471,2.4611586475938343
6.896142244338989,6.896142244338989,,False,PERIODIC,True,True,1,TAKEOFF,0.022841746125137213,0.019591547928641925,-2.8367056940346336,-0.024844024696197772,-0.00034080605087475046,-1.2837496496618526,14.08711930827824,17.983352705765714,-0.1463386886611431,3.0851429208478756,2.545956236454633,-0.051740710091518,22.97256391665287,22.814482643292596,2.6903670053734903,4.20398542543954,-4.039398826500078,PREPARATION,False,TAKEOFF,0,False,inf,0.07241034507751465,0.0,True,False,REACQUIRE,0,0.07241034507751465,0.6116508312011711,0.6,0,0,0.07241034507751465,0.03947043418884277,inf,SEARCH,,,0,,0.0,0.0,False,,0.0,0.0,0.0,False,0.0,0.4162483572959901,2.6067056940346336,SAFE,2.651792573928833,0.9998397827148438,18.988828659057617,18.973878860473633,,,3.161100175930187e-05,0.002804925898090005,,20.00939961337951,0.000821470999653684,0.0,0.7746285407506946,0.9756013464745471,2.4611586475938343,0.8273835640676862,1.7574138233842833,3.4701443344526273,0.7746285407506946,0.9756013464745471,2.4611586475938343
6.947337865829468,6.947337865829468,,False,PERIODIC,True,True,1,TAKEOFF,0.0210662756871028,0.0185747766101422,-2.8981954253857096,-0.024444934967586412,-0.0009708099017014042,-1.2890907909395504,14.242650914051538,18.109043759440397,-0.14847173665209226,3.1368641380324007,2.481951526425575,-0.033548304954434054,23.17497611669297,23.011269796447714,2.749723688733617,4.21131396566186,-4.027121689696323,PREPARATION,False,TAKEOFF,0,False,inf,0.0708913803100586,0.0,True,False,REACQUIRE,0,0.0708913803100586,0.5764772864094875,0.5764772864094875,0,0,0.0708913803100586,0.03846168518066406,inf,SEARCH,,,0,,0.0,0.0,False,,0.0,0.0,0.0,False,0.0,0.4410132970727325,2.6681954253857096,SAFE,2.703376579284668,0.9983013868331909,19.020919799804688,18.989212036132812,,,0.0033764950931072235,0.002804925898090005,,19.996400778258934,0.000801222999143647,0.0,0.8137391464008119,0.9756013464745471,2.4611586475938343,0.8574396425806498,1.7574138233842833,3.6043434184450778,0.8137391464008119,0.9756013464745471,2.4611586475938343
6.995612382888794,6.995612382888794,,False,PERIODIC,True,True,1,TAKEOFF,0.01929443147735919,0.017527214607150607,-2.9630639120871116,-0.023870352240251625,-0.0016272036453372444,-1.294419327882743,14.400785700132367,18.231498374318146,-0.14968976946251594,3.1881970220832767,2.415657208376082,-0.015146005440622461,23.37714932543258,23.207241036305547,2.8133741426245957,4.218670522724841,-4.01339533080621,PREPARATION,False,TAKEOFF,0,False,inf,0.0724477767944336,0.0,True,False,REACQUIRE,0,0.0724477767944336,0.542919003187824,0.542919003187824,0,0,0.0724477767944336,0.038709402084350586,inf,SEARCH,,,0,,0.0,0.0,False,,0.0,0.0,0.0,False,0.0,0.4802755051437875,2.7330639120871116,SAFE,2.786340045928955,0.9983013868331909,19.020919799804688,18.989212036132812,,,2.3671000235481188e-05,0.002804925898090005,,20.008093443672912,0.0008960839986684732,0.0,0.8706972555816365,0.9756013464745471,2.4611586475938343,0.8999241734983283,1.7574138233842833,3.742178322238455,0.8706972555816365,0.9756013464745471,2.4611586475938343
7.04576849937439,7.04576849937439,,False,PERIODIC,True,True,1,TAKEOFF,0.017618499820819738,0.01651474151910049,-3.030662543320101,-0.023236150533400942,-0.002415445601930017,-1.2999915274858487,14.561470849300406,18.350578572480007,-0.14998484502394122,3.239003809968805,2.3470948679181163,0.0033492468831763517,23.578800684569874,23.40216950885562,2.8806776982961595,4.226240107633185,-3.998342169175446,PREPARATION,False,TAKEOFF,0,False,inf,0.07040977478027344,0.0,True,False,REACQUIRE,0,0.07040977478027344,0.5057322389062443,0.5057322389062443,0,0,0.07040977478027344,0.03971099853515625,inf,SEARCH,,,0,,0.0,0.0,False,,0.0,0.0,0.0,False,0.0,0.5046596672629882,2.800662543320101,SAFE,2.8384144783020018,1.0010396242141724,18.964345932006836,18.941913604736328,,,0.0038808719255030155,0.0023649989161640406,,20.00846015871836,0.0008318769996549236,0.0,0.9191683301045165,0.9756013464745471,2.4611586475938343,0.9478478934776887,1.7574138233842833,3.8835464475654886,0.9191683301045165,0.9756013464745471,2.4611586475938343
7.0956761837005615,7.0956761837005615,,False,PERIODIC,True,True,1,TAKEOFF,0.016220763890929787,0.015561932615142129,-3.0961051574918503,-0.022226033577016857,-0.003176342473846274,-1.3053977192141224,14.724674627252185,18.46617024714808,-0.14935522234556087,3.289150525661152,2.276288386725849,0.021823192599795017,23.77912734747058,23.595837815744932,2.9467499351462894,4.233519755179326,-3.9813794250490044,PREPARATION,False,TAKEOFF,0,False,inf,0.07234764099121094,0.0,True,False,REACQUIRE,0,0.07234764099121094,0.4710752047000903,0.4710752047000903,0,0,0.07234764099121094,0.0356745719909668,inf,SEARCH,,,0,,0.0,0.0,False,,0.0,0.0,0.0,False,0.0,0.5391612380840876,2.8661051574918504,SAFE,2.911596584320068,1.0010396242141724,18.964345932006836,18.941913604736328,,,0.0033584439661353827,0.0023649989161640406,,20.00372403859887,0.001096805000997847,0.0,0.9676649948851622,0.9756013464745471,2.4611586475938343,0.9974712065605429,1.7574138233842833,4.028657900611118,0.9676649948851622,0.9756013464745471,2.4611586475938343
7.145678520202637,7.145678520202637,,False,PERIODIC,True,True,1,TAKEOFF,0.015123342355039536,0.014742919132217496,-3.158716367308104,-0.02109490805980416,-0.004012364728562323,-1.310422279942559,14.890314501657208,18.57813201677527,-0.1478054340646492,3.338485872595209,2.2032957310543244,0.040156929939193495,23.977829582015953,23.788037472987856,3.010910933243455,4.2406433773214225,-3.962660538227579,PREPARATION,False,TAKEOFF,0,False,inf,0.07043576240539551,0.0,True,False,REACQUIRE,0,0.07043576240539551,0.43362641345668007,0.43362641345668007,0,0,0.07043576240539551,0.0363314151763916,inf,SEARCH,,,0,,0.0,0.0,False,,0.0,0.0,0.0,False,0.0,0.5629389697684895,2.928716367308104,SAFE,2.964035081863403,0.9999212622642517,19.00510025024414,19.02006721496582,,,0.004142201039940119,0.0023649989161640406,,19.99287909106053,0.0009060030006367015,0.0,1.019916813359685,0.9756013464745471,2.4611586475938343,1.0492193570670136,1.7574138233842833,4.028657900611118,1.019916813359685,0.9756013464745471,2.4611586475938343
7.19710636138916,7.19710636138916,,False,PERIODIC,True,True,1,TAKEOFF,0.014159830085737565,0.013900109108550563,-3.2245532296876602,-0.019776767345476287,-0.005125495912135579,-1.3157364578427029,15.058578478035969,18.686504949861572,-0.1453418642546246,3.386935683099741,2.128066417794729,0.05826241108837181,24.176067641920547,23.97917229584261,3.0792113654330358,4.247831252833224,-3.9425390562628784,PREPARATION,False,TAKEOFF,0,False,inf,0.07232236862182617,0.0,True,False,REACQUIRE,0,0.07232236862182617,0.3985645939385759,0.3985645939385759,0,0,0.07232236862182617,0.03368186950683594,inf,SEARCH,,,0,,0.0,0.0,False,,0.0,0.0,0.0,False,0.0,0.601011591354462,2.9945532296876602,SAFE,3.0482430934906004,0.9999212622642517,19.00510025024414,19.02006721496582,,,1.5758001609356143e-05,0.0023649989161640406,,20.01263562973356,0.0007533179996244144,0.0,1.0667662101173254,0.9756013464745471,2.4611586475938343,1.1014596536325245,1.7574138233842833,4.028657900611118,1.0667662101173254,0.9756013464745471,2.4611586475938343
7.245697021484375,7.245697021484375,,False,PERIODIC,True,True,1,TAKEOFF,0.013372704418368459,0.012912865301409537,-3.2923138576663358,-0.018123433363525288,-0.0062249326006720545,-1.321196284440874,15.228866620027901,18.790837875844314,-0.1419891571300787,3.4342017461634993,2.050916469934251,0.07597003839379433,24.373064405534492,24.168610278572565,3.150324700536257,4.254697830502538,-3.9206890748037133,PREPARATION,False,TAKEOFF,0,False,inf,0.07044267654418945,0.0,True,False,REACQUIRE,0,0.07044267654418945,0.36082708313901674,0.36082708313901674,0,0,0.07044267654418945,0.040411949157714844,inf,SEARCH,,,0,,0.0,0.0,False,,0.0,0.0,0.0,False,0.0,0.6233148592980653,3.062313857666336,SAFE,3.1010568618774412,0.9996793270111084,20.807086944580078,20.814462661743164,,,0.004918043967336416,0.0023649989161640406,,19.99686240186851,0.0008570720001443988,0.0,1.1172378361330098,0.9756013464745471,2.4611586475938343,1.1541622398797988,1.7574138233842833,4.028657900611118,1.1172378361330098,0.9756013464745471,2.4611586475938343
7.2957844734191895,7.2957844734191895,,False,PERIODIC,True,True,1,TAKEOFF,0.012855555857841131,0.011876247865958305,-3.3571010724007455,-0.01638416089286826,-0.0076025053100927595,-1.326009870141734,15.401946469664438,18.89153014503985,-0.13775118533265082,3.4803685120326584,1.9715564968956836,0.09325571784094568,24.568875923123617,24.357041085289445,3.2193498870680948,4.261298443063546,-3.8970767146959866,PREPARATION,False,TAKEOFF,0,False,inf,0.07248687744140625,0.0,True,False,REACQUIRE,0,0.07248687744140625,0.32739491968322865,0.32739491968322865,0,0,0.07248687744140625,0.03151750564575195,inf,SEARCH,,,0,,0.0,0.0,False,,0.0,0.0,0.0,False,0.0,0.6539236924096388,3.1271010724007455,SAFE,3.1751993179321287,0.9996793270111084,20.807086944580078,20.814462661743164,,,4.688400076702237e-05,0.0023649989161640406,,19.99748462393572,0.0007512829997722292,0.0,1.158624794046059,0.9756013464745471,2.4611586475938343,1.2067529369685142,1.7574138233842833,4.028657900611118,1.158624794046059,0.9756013464745471,2.4611586475938343
7.345786094665527,7.345786094665527,,False,PERIODIC,True,True,1,TAKEOFF,0.012535067212985656,0.01069277314014197,-3.422973481129421,-0.014631684299013415,-0.009203858667585418,-1.3307595148987914,15.577331339889582,18.98821619696263,-0.13266100709757514,3.5251736770638615,1.8902779019329545,0.10996760394568722,24.76359090456043,24.544027344990848,3.290312474031846,4.267780170786845,-3.871984950801859,PREPARATION,False,TAKEOFF,0,False,inf,0.07039999961853027,0.0,True,False,REACQUIRE,0,0.07039999961853027,0.2931874766002709,0.2931874766002709,0,0,0.07039999961853027,0.0297544002532959,inf,SEARCH,,,0,,0.0,0.0,False,,0.0,0.0,0.0,False,0.0,0.6740374414714707,3.192973481129421,SAFE,3.2282970428466795,0.9994472861289978,20.04358673095703,20.057994842529297,,,0.005010001827031374,0.0017848840216174722,,20.000054209002812,0.0006307060011749854,0.0,1.2053680183851276,0.9756013464745471,2.4611586475938343,1.2591064778291132,1.7574138233842833,4.028657900611118,1.2053680183851276,0.9756013464745471,2.4611586475938343
7.395854473114014,7.395854473114014,,False,PERIODIC,True,True,1,TAKEOFF,0.012445140471014866,0.009315483456053267,-3.4897432003319775,-0.012562324242680898,-0.011043058751865972,-1.3355770421208575,15.754242619367702,19.080443166358734,-0.12677468099489334,3.5683095244912515,1.8075306739928423,0.12594006131062807,24.956395096772837,24.728770672319623,3.362968519337084,4.273860767749337,-3.845372976977819,PREPARATION,False,TAKEOFF,0,False,inf,0.07244181632995605,0.0,True,False,REACQUIRE,0,0.07244181632995605,0.26209825871819137,0.26209825871819137,0,0,0.07244181632995605,0.03606414794921875,inf,SEARCH,,,0,,0.0,0.0,False,,0.0,0.0,0.0,False,0.0,0.7051526387665934,3.2597432003319775,SAFE,3.3136077404022215,0.9994472861289978,20.04358673095703,20.057994842529297,,,0.005150334909558296,0.0017848840216174722,,20.003026115051608,0.0008885389997885795,0.0,1.244605809265095,1.3475189698746357,2.4611586475938343,1.310049684012079,1.5232920634784823,4.028657900611118,1.244605809265095,1.3475189698746357,2.4611586475938343
7.445757627487183,7.445757627487183,,False,PERIODIC,True,True,1,TAKEOFF,0.01254232939861206,0.007833430878036018,-3.5588615178126775,-0.01036313780126016,-0.012823379630399215,-1.340294108878008,15.933705738956327,19.168711535281783,-0.12009333092367322,3.6099168140754028,1.722933717661738,0.14117598613718998,25.14851527802026,24.912300055307185,3.4387681868890043,4.279489837957844,-3.817009872495534,PREPARATION,False,TAKEOFF,0,False,inf,0.07040929794311523,0.0,True,False,REACQUIRE,0,0.07040929794311523,0.23002630774313124,0.23002630774313124,0,0,0.07040929794311523,0.04083418846130371,inf,SEARCH,,,0,,0.0,0.0,False,,0.0,0.0,0.0,False,0.0,0.7223958597177815,3.3288615178126775,SAFE,3.367129850387573,1.000659704208374,20.018049240112305,20.007055282592773,,,0.005150334909558296,0.0017848840216174722,,20.01719496248084,0.0006621989996347111,0.0,1.2898598654710078,1.41882434201377,2.4611586475938343,1.3603134867634068,1.590605038872782,4.028657900611118,1.2898598654710078,1.41882434201377,2.4611586475938343
7.496036052703857,7.496036052703857,,False,PERIODIC,True,True,1,TAKEOFF,0.012770715534553344,0.006258803347720328,-3.6263817414839594,-0.008144253810099424,-0.014653059366133045,-1.3420123765015692,16.11544188868909,19.25281780457112,-0.11266149612865667,3.6498130327195564,1.636723808768747,0.15555950048220432,25.33914525513707,25.094343033805757,3.513720245355303,4.283738857285662,-3.786562385320632,PREPARATION,False,TAKEOFF,0,False,inf,0.07220935821533203,0.0,True,False,REACQUIRE,0,0.07220935821533203,0.20228102642947265,0.20228102642947265,0,0,0.07220935821533203,0.0298159122467041,inf,SEARCH,,,0,,0.0,0.0,False,,0.0,0.0,0.0,False,0.0,0.7452309134748742,3.3963817414839594,SAFE,3.4422743797302244,1.000659704208374,20.018049240112305,20.007055282592773,,,0.004119610879570246,0.0017848840216174722,,20.005742767880566,0.0007174419988587033,0.0,1.3249356069300602,1.5982201164959227,2.4611586475938343,1.4093053842367733,1.6750064990480031,4.028657900611118,1.3249356069300602,1.5982201164959227,2.4611586475938343
7.545697927474976,7.545697927474976,,False,PERIODIC,True,True,1,TAKEOFF,0.013149910359526076,0.00466604057193862,-3.690011065044973,-0.005981299190176316,-0.016257783041149436,-1.334558268332379,16.298703752847373,19.33239515503811,-0.10455273798736851,3.687741183616809,1.5493756686667381,0.16895172311279671,25.52715981251774,25.274104864045217,3.5854583270576046,4.2843128013108505,-3.753070405888994,PREPARATION,False,TAKEOFF,0,False,inf,0.07050037384033203,0.0,True,False,REACQUIRE,0,0.07050037384033203,0.17416404757145015,0.17416404757145015,0,0,0.07050037384033203,0.039603233337402344,inf,SEARCH,,,0,,0.0,0.0,False,,0.0,0.0,0.0,False,0.0,0.7597313821276499,3.460011065044973,SAFE,3.4957724094390867,0.9995481967926025,20.013473510742188,20.01510238647461,,,0.003713140031322837,0.002639942103996873,,20.00650617466503,0.0007841009992262116,0.0,1.3682366459381132,1.7002907317051408,2.4611586475938343,1.4562022692055685,1.7638510054086487,4.028657900611118,1.3682366459381132,1.7002907317051408,2.4611586475938343
7.595646619796753,7.595646619796753,,False,PERIODIC,True,True,1,TAKEOFF,0.013689386485577219,0.002894052408269593,-3.757185889039012,-0.0037696388213486033,-0.01781379099692811,-1.315612559462376,16.484344071725396,19.407788844942477,-0.09577472392425909,3.723790142266774,1.4606118499987597,0.18133822959609516,25.714555010533637,25.45255208559121,3.6614111651147527,4.2803394681265665,-3.7163776035998257,PREPARATION,False,TAKEOFF,0,False,inf,0.07263898849487305,0.0,True,False,REACQUIRE,0,0.07263922691345215,0.1503157312273532,0.1503157312273532,0,0,0.07263922691345215,0.03460216522216797,inf,SEARCH,,,0,,0.0,0.0,False,,0.0,0.0,0.0,False,0.0,0.7812019570411235,3.527185889039012,SAFE,3.580252933502197,0.9995481967926025,20.013473510742188,20.01510238647461,,,0.004677155055105686,0.002639942103996873,,19.99582377871748,0.000796038999396842,0.0,1.396155637801504,1.7602343065292816,2.4611586475938343,1.5012962035423898,1.8548041340107053,4.028657900611118,1.396155637801504,1.7602343065292816,2.4611586475938343
7.645740985870361,7.645740985870361,,False,PERIODIC,True,True,1,TAKEOFF,0.014210321340306482,0.0011139793434773986,-3.8236640101513144,-0.0020180045224382414,-0.019189174587480123,-1.2883325413862612,16.67099029286626,19.478437817281353,-0.0864423740090619,3.7576242786325698,1.371225649056733,0.19256012809760686,25.89944571733884,25.6283917347096,3.7372216361422526,4.273313302067568,-3.6772801717832073,PREPARATION,False,TAKEOFF,0,False,inf,0.07034826278686523,0.0,True,False,REACQUIRE,0,0.07034826278686523,0.12676643316641278,0.12676643316641278,1,0,0.07034826278686523,0.041307926177978516,inf,SEARCH,,,0,,0.0,0.0,False,,0.0,0.0,0.0,False,0.0,0.7925427653113837,3.5936640101513144,SAFE,3.631989288330078,1.0011651515960693,19.987770080566406,19.99903106689453,,,0.004613026045262814,0.002639942103996873,,20.002850386581798,0.000612441999692237,0.0,1.4347442677866338,1.832677177377441,2.4611586475938343,1.5431324296468842,1.9458553733971629,4.028657900611118,1.4347442677866338,1.832677177377441,2.4611586475938343
7.696548938751221,7.696548938751221,,False,PERIODIC,True,True,1,TAKEOFF,0.014619481517918557,-0.0005762702511958219,-3.887932659217864,-0.0007309574401385279,-0.020035977932495414,-1.2548180446189328,16.859718131789222,19.544757726751516,-0.07655545495359074,3.7893845517710947,1.280845314157248,0.2026221462434762,26.082638397695646,25.802663226724526,3.8113772042642733,4.263965246013816,-3.635593986586196,PREPARATION,False,TAKEOFF,0,False,inf,0.07244086265563965,0.0,True,False,REACQUIRE,0,0.07244086265563965,0.10700972679471413,0.10700972679471413,2,0,0.07244086265563965,0.04105663299560547,inf,SEARCH,,,0,,0.0,0.0,False,,0.0,0.0,0.0,False,0.0,0.8071926799164464,3.657932659217864,SAFE,3.7027099609375,1.0011651515960693,19.987770080566406,19.99903106689453,,,1.7603999367565848e-05,0.002639942103996873,,20.000591295557175,0.0007804369997757021,0.0,1.456912983931243,1.8727440568301703,2.4611586475938343,1.582747500172002,2.0368170546294087,4.028657900611118,1.456912983931243,1.8727440568301703,2.4611586475938343
7.745754718780518,7.745754718780518,,False,PERIODIC,True,True,1,TAKEOFF,0.014999758230889181,-0.002067748425824768,-3.9463040920912675,0.00013902047685631697,-0.0205002095829739,-1.217617662387257,17.050005605464364,19.606550405270873,-0.06619485889531278,3.8189282618658007,1.1898684510157642,0.2114354911768435,26.26298874412992,25.97478258066393,3.8801092331959546,4.253273619274809,-3.5918088836804984,PREPARATION,False,TAKEOFF,0,False,inf,0.07047700881958008,0.0,True,True,TARGET_LOCK,0,0.07047700881958008,0.0868965083704847,0.0868965083704847,3,0,0.07047700881958008,0.03967165946960449,inf,VISION,,,0,,0.0,0.0,False,,0.0,0.0,0.0,False,0.0,0.8159624244934309,3.7163040920912676,SAFE,3.7516782760620115,1.0008713006973267,20.017431259155273,20.005237579345703,,,0.004498736932873726,0.00410913210362196,,20.012997485435086,0.0009276399996451801,0.0,1.4936851288585222,1.9379125172418041,2.4611586475938343,1.6191830999779107,2.1261969183378904,4.028657900611118,1.4936851288585222,1.9379125172418041,2.4611586475938343
7.795880556106567,7.795880556106567,,False,PERIODIC,True,True,1,TAKEOFF,0.015448416887969657,-0.0035683681344902433,-4.006328737543172,0.0008890508808227041,-0.02076515790762892,-1.1731976709771772,17.241649474250366,19.663763708623474,-0.05542953349372824,3.8461935457180605,1.0985423109178534,0.21894200085652862,26.441549848802445,26.144711776689107,3.950899204049444,4.239960935395187,-3.5457068174031927,PREPARATION,False,TAKEOFF,0,False,inf,0.07245087623596191,0.0,True,True,TRACKING,0,0.07245087623596191,0.07026280885388524,0.07026280885388524,3,0,0.07245087623596191,0.03632760047912598,inf,VISION,,,0,,0.0,0.0,False,,0.0,0.0,0.0,False,0.0,0.828571501465523,3.776328737543172,SAFE,3.8270161628723143,1.0008713006973267,20.017431259155273,20.005237579345703,,,1.690499993856065e-05,0.00410913210362196,,19.995718417179326,0.0007993970011739293,0.0,1.5092036207805761,1.9644454833743836,2.4611586475938343,1.6535268534718426,2.2140495082834395,4.028657900611118,1.5092036207805761,1.9644454833743836,2.4611586475938343
7.845903635025024,7.845903635025024,,False,PERIODIC,True,True,1,TAKEOFF,0.0160064254765523,-0.00499374583940088,-4.06510102420283,0.0013357320289274501,-0.020841237349536985,-1.1258530045269084,17.434717106377228,19.716435991588583,-0.04431559052465448,3.8711729415467486,1.0069856288131893,0.22510190114575587,26.6179072839491,26.31247370874187,4.020785433678176,4.225771793665106,-3.4980093991263863,PREPARATION,False,TAKEOFF,0,False,inf,0.07043790817260742,0.0,True,True,TRACKING,0,0.07043790817260742,0.05442791911555661,0.05442791911555661,3,0,0.07043790817260742,0.03939509391784668,inf,VISION,,,0,,0.0,0.0,False,,0.0,0.0,0.0,False,0.0,0.8349250417699503,3.8351010242028303,SAFE,3.8722370147705076,1.0002931356430054,20.0311279296875,20.01988983154297,,,0.00668148510158062,0.00410913210362196,,19.99889982152214,0.0008445980001852149,0.0,1.54110714192663,2.029442191862907,2.4611586475938343,1.6850346534150646,2.2990710199761173,4.028657900611118,1.54110714192663,2.029442191862907,2.4611586475938343
7.897416114807129,7.897416114807129,,False,PERIODIC,True,True,1,TAKEOFF,0.016629342278918685,-0.00642047496078221,-4.120450224637631,0.0015845728003076988,-0.020894317966357226,-1.0786750126519469,17.628580657421615,19.764434304959547,-0.032951446343222494,3.893789451448238,0.9156438760732437,0.22986392937993524,26.79132647179332,26.47767980499151,4.0874987782944086,4.2117261032835005,-3.4494049738715358,PREPARATION,False,TAKEOFF,0,False,inf,0.07271194458007812,0.0,True,True,TRACKING,0,0.07271194458007812,0.040723015935210265,0.040723015935210265,3,0,0.07271194458007812,0.039246559143066406,inf,VISION,,,0,,0.0,0.0,False,,0.0,0.0,0.0,False,0.0,0.8427519566094168,3.890450224637631,SAFE,3.9329355239868162,1.0002931356430054,20.0311279296875,20.01988983154297,,,1.4908999219187535e-05,0.00410913210362196,,20.01616930855459,0.0007019820004643407,0.0,1.5568233805213,2.039524879621481,2.4611586475938343,1.7144511313179114,2.381352818644625,4.028657900611118,1.5568233805213,2.039524879621481,2.4611586475938343
7.94577169418335,7.94577169418335,,False,PERIODIC,True,True,1,TAKEOFF,0.017163369050563208,-0.007839544050521516,-4.168796068476632,0.0014164187895924006,-0.02103270148047948,-1.0334404211533883,17.823823531950605,19.807941593510694,-0.021366372577295834,3.9141264344584603,0.8243871997268633,0.23321685653966684,26.961889795249252,26.640989625926778,4.147429695899336,4.198625386386084,-3.4002930061986714,PREPARATION,False,TAKEOFF,0,False,inf,0.07038474082946777,0.0,True,True,TRACKING,0,0.07038474082946777,0.027773907704640347,0.0,3,0,0.07038474082946777,0.04027843475341797,inf,VISION,,,0,,0.0,0.0,False,,0.0,0.0,0.0,False,0.0,0.8457927703857422,3.938796068476632,SAFE,3.9743202209472654,0.9986972212791443,19.928462982177734,19.937105178833008,,,0.0058905878104269505,0.00410913210362196,,20.00243869197157,0.0007321650009544101,0.0,1.5872674838467724,2.1053625151988484,2.4611586475938343,1.740927466941486,2.4601674775388434,4.028657900611118,1.5872674838467724,2.1053625151988484,2.4611586475938343
7.995766878128052,7.995766878128052,,False,PERIODIC,True,True,1,TAKEOFF,0.017163369050563208,-0.007839544050521516,-4.168796068476632,0.0014164187895924006,-0.02103270148047948,-1.0334404211533883,17.823823531950605,19.807941593510694,-0.021366372577295834,3.9141264344584603,0.8243871997268633,0.23321685653966684,26.961889795249252,26.640989625926778,4.147429695899336,4.198625386386084,-3.4002930061986714,PREPARATION,False,TAKEOFF,0,False,inf,0.0724480152130127,0.0,True,True,TRACKING,0,0.0724480152130127,0.016667087349735484,0.0,3,0,0.0724480152130127,0.034000396728515625,inf,VISION,,,0,,0.0,0.0,False,,0.0,0.0,0.0,False,0.0,0.8523226380348206,3.938796068476632,SAFE,4.037025260925293,0.9986972212791443,19.928462982177734,19.937105178833008,,,0.0032573388889431953,0.00410913210362196,,19.999226047953407,0.0009265740009141155,0.0,1.5872674838467724,2.1053625151988484,2.4611586475938343,1.740927466941486,2.4601674775388434,4.028657900611118,1.5872674838467724,2.1053625151988484,2.4611586475938343
8.045625448226929,8.045625448226929,,False,PERIODIC,True,True,1,TAKEOFF,0.018091856596073173,-0.011044167299773443,-4.270428349617026,0.0007882562877419164,-0.020918051385988703,-0.927983420327823,18.224070775042883,19.882457837924484,0.002544403317558752,3.9484443799105944,0.6401460604834189,0.2355855488573422,27.303248644769592,26.966814613720903,4.272972752934584,4.168319490685584,-3.2960811393313527,PREPARATION,False,TAKEOFF,0,False,inf,0.12251567840576172,0.0,True,True,TRACKING,0,0.12251567840576172,0.00694515118442537,0.0,3,0,0.12251567840576172,0.08406805992126465,inf,VISION,,,0,,0.0,0.0,False,,0.0,0.0,0.0,False,0.0,0.8554616570472717,4.0404283496170255,SAFE,4.074029731750488,0.9988512992858887,19.88105010986328,19.898412704467773,,,0.000338720012223348,0.0030914039816707373,,20.001996892217267,0.0009737009986565681,0.0,1.6280182954433642,2.1724482261747204,2.4611586475938343,1.792164418594173,2.6109822926360153,4.028657900611118,1.6280182954433642,2.1724482261747204,2.4611586475938343
8.0958833694458,8.0958833694458,,False,PERIODIC,True,True,1,TAKEOFF,0.018303833071531543,-0.011808073336604122,-4.2989596085477935,0.00033663626561987404,-0.020372369228881766,-0.8952447632877607,18.41467408163021,19.911227808821717,0.013879508546231498,3.9614534578529867,0.5539733759528688,0.23460861608038197,27.458229701380226,27.117407639444867,4.312839117094025,4.158952773011541,-3.2480520178754597,PREPARATION,False,TAKEOFF,0,False,inf,inf,0.0,True,False,REACQUIRE,0,0.17240405082702637,0.002623759946038865,0.0,3,0,inf,inf,inf,SEARCH,,,0,,0.0,0.0,False,,0.0,0.0,0.0,False,0.0,0.8579618334770203,4.068959608547793,SAFE,4.109498310089111,0.9988512992858887,19.88105010986328,19.898412704467773,,,2.4150998797267675e-05,0.0030914039816707373,,20.00730982369908,0.0005946660003246507,0.0,1.627676236297656,2.1534826635254025,2.4611586475938343,1.8086556519754031,2.674074819105847,4.028657900611118,1.627676236297656,2.1534826635254025,2.4611586475938343
8.145776748657227,8.145776748657227,,False,PERIODIC,True,True,1,TAKEOFF,0.018663828498208548,-0.012805214763724817,-4.3428177075562635,-0.00020656117437666287,-0.019024619862055604,-0.8397650261303597,18.61334159974041,19.936745775627017,0.02557273150440834,3.9728366929664296,0.46536932754486976,0.23217004929780702,27.619367501132345,27.271718430171006,4.368390439060672,4.143519639327346,-3.1942632924654815,PREPARATION,False,TAKEOFF,0,False,inf,inf,0.0,True,False,REACQUIRE,0,0.22237658500671387,-0.015152141084269532,0.0,3,0,inf,inf,inf,SEARCH,,,0,,0.0,0.0,False,,0.0,0.0,0.0,False,0.0,0.8599103689193726,4.112817707556263,SAFE,4.143270778656006,1.0005768537521362,19.631898880004883,19.646591186523438,,,1.864300065790303e-05,0.0030914039816707373,,19.999918687046772,0.0006250280002859654,0.0,1.6544428642608628,2.2123374695267195,2.4611586475938343,1.8268879101193811,2.735399658978373,4.028657900611118,1.6544428642608628,2.2123374695267195,2.4611586475938343
8.195743083953857,8.195743083953857,,False,PERIODIC,True,True,1,TAKEOFF,0.019007815116224194,-0.01348061525579495,-4.381608443996014,-0.0007512074519243463,-0.017392541959185128,-0.7867214385200444,18.81201327452267,19.95780525635948,0.03707841254939936,3.9820903013658695,0.3780963260438825,0.2283075126082828,27.77686280160644,27.423152874224005,4.418686856545413,4.129130865049571,-3.1404942728598195,PREPARATION,False,TAKEOFF,0,False,inf,inf,0.0,True,False,REACQUIRE,0,0.2723534107208252,-0.022221182942334907,0.0,3,0,inf,inf,inf,SEARCH,,,0,,0.0,0.0,False,,0.0,0.0,0.0,False,0.0,0.8618100881576538,4.151608443996014,SAFE,4.187756824493408,1.0005768537521362,19.631898880004883,19.646591186523438,,,2.635100099723786e-05,0.0030914039816707373,,20.007656417270724,0.0005860080000275047,0.0,1.656374055289995,2.1826681988945795,2.4611586475938343,1.843382509259187,2.7923098483854236,4.028657900611118,1.656374055289995,2.1826681988945795,2.4611586475938343
8.245831489562988,8.245831489562988,,False,PERIODIC,True,True,1,TAKEOFF,0.019385801645391706,-0.013859442875228853,-4.417103966957489,-0.0011776747148253969,-0.015659669222954493,-0.7363830780114854,19.01156510648227,19.9745704415253,0.04838218306477103,3.98933776849005,0.291863270897225,0.22302633101741795,27.93171621198223,27.572453717264093,4.46548615002226,4.115732046099449,-3.0868033427082193,PREPARATION,False,TAKEOFF,0,False,inf,inf,0.0,True,False,REACQUIRE,0,0.322429895401001,-0.029288004324332612,0.0,3,0,inf,inf,inf,SEARCH,,,0,,0.0,0.0,False,,0.0,0.0,0.0,False,0.0,0.8627011179924011,4.187103966957489,SAFE,4.217567253112793,0.9995289444923401,19.727069854736328,19.697362899780273,,,0.001800623955205083,0.0029203020967543125,,20.000440707631896,0.000818934999188059,0.0,1.676487657580768,2.2402072619326066,2.4611586475938343,1.8574327023848383,2.8432184009853967,4.028657900611118,1.676487657580768,2.2402072619326066,2.4611586475938343
8.29588007926941,8.29588007926941,,False,PERIODIC,True,True,1,TAKEOFF,0.019778257582478642,-0.01401903712410323,-4.453975984089986,-0.0018453525431321206,-0.013422829131081558,-0.6818432800903375,19.21099883623016,19.98702986450469,0.05936349583929895,3.99463073042342,0.20718428404890218,0.21638239874419546,28.084072669838058,27.71903505650326,4.513339479929285,4.102108963719399,-3.032452811372185,PREPARATION,False,TAKEOFF,0,False,inf,inf,0.0,True,False,REACQUIRE,0,0.3723940849304199,-0.035174817717225436,-0.035174817717225436,3,0,inf,inf,inf,SEARCH,,,0,,0.0,0.0,False,,0.0,0.0,0.0,False,0.0,0.8617312525093768,4.223975984089986,SAFE,4.262025165557861,0.9995289444923401,19.727069854736328,19.697362899780273,,,3.055999695789069e-05,0.0029203020967543125,,20.001319169164372,0.0008049160005612066,0.0,1.6726551128552904,2.207756323420275,2.4611586475938343,1.8697362994933742,2.8904939468076636,4.028657900611118,1.6726551128552904,2.207756323420275,2.4611586475938343
8.345603227615356,8.345603227615356,,False,PERIODIC,True,True,1,TAKEOFF,0.0201045595736948,-0.014091588074600068,-4.487656325244311,-0.002677552648144418,-0.011447648034062874,-0.6283171915721654,19.41091330345731,19.995303625617794,0.06999314711693504,3.998081447331863,0.12387388950360682,0.2083953609908078,28.23387202054518,27.86358484760368,4.557649472361246,4.089556502856885,-2.9786597172009808,PREPARATION,False,TAKEOFF,0,False,inf,inf,0.0,True,False,REACQUIRE,0,0.4223611354827881,-0.040723015935210265,-0.040723015935210265,3,0,inf,inf,inf,SEARCH,,,0,,0.0,0.0,False,,0.0,0.0,0.0,False,0.0,0.8616023403380746,4.2576563252443105,SAFE,4.287711429595947,0.9985952377319336,19.606277465820312,19.617740631103516,,,0.00032713700784370303,0.0029203020967543125,,20.002975906602316,0.0007071079999150243,0.0,1.6912773774963417,2.275530063618774,2.4611586475938343,1.8794912805026276,2.9322263971569322,4.028657900611118,1.6912773774963417,2.275530063618774,2.4611586475938343
8.395726919174194,8.395726919174194,,False,PERIODIC,True,True,1,TAKEOFF,0.02037572422536357,-0.014112805831172609,-4.516386290847506,-0.00344797734142239,-0.009727396393906703,-0.5778468851470456,19.61077203865281,19.999447150992,0.08018171901146764,3.9997772255250865,0.04221547312111273,0.19913145519015182,28.380532894414568,28.005824571001092,4.596568009858974,4.078260098119319,-2.9258000223567526,PREPARATION,False,TAKEOFF,0,False,inf,inf,0.0,True,False,REACQUIRE,0,0.472428560256958,-0.04542862523333707,-0.04542862523333707,3,0,inf,inf,inf,SEARCH,,,0,,0.0,0.0,False,,0.0,0.0,0.0,False,0.0,0.8612033318420051,4.286386290847505,SAFE,4.320963668823242,0.9985952377319336,19.606277465820312,19.617740631103516,,,2.3720000172033906e-05,0.0029203020967543125,,19.999622552867695,0.000761185001465492,0.0,1.6845588399123952,2.2302998059647168,3.825398811404562,1.8876551665162076,2.970917979315971,4.253572209905312,1.6845588399123952,2.2302998059647168,3.825398811404562
8.445767402648926,8.445767402648926,,False,PERIODIC,True,True,1,TAKEOFF,0.0206209015912674,-0.014105054681412424,-4.542705753440456,-0.004352269594981781,-0.008066617017995404,-0.5282912052797247,19.810907769194017,19.999548565585805,0.08988744492998217,3.9998206454730294,-0.037878807369261414,0.18862803056795308,28.524773535921945,28.14607939898637,4.632593198370437,4.067955591103006,-2.873581971750752,PREPARATION,False,TAKEOFF,0,False,inf,inf,0.0,True,False,REACQUIRE,0,0.5223512649536133,-0.05093193854450556,-0.05093193854450556,3,0,inf,inf,inf,SEARCH,,,0,,0.0,0.0,False,,0.0,0.0,0.0,False,0.0,0.860536232103402,4.312705753440455,SAFE,4.342738437652588,0.9985952377319336,19.68560028076172,19.68581771850586,,,0.0038023439701646566,0.003422875888645649,,19.993596371176647,0.0006979339996178169,0.0,1.6999011790890064,2.2945457209216222,3.957393089943598,1.8935026685525385,3.0038709696857535,4.388182793660328,1.6999011790890064,2.2945457209216222,3.957393089943598
8.495967149734497,8.495967149734497,,False,PERIODIC,True,True,1,TAKEOFF,0.020861105509874425,-0.014117166553889378,-4.568674556208398,-0.0052488484877098954,-0.006690400083660307,-0.47603662261073454,20.010756881744847,19.995692733716076,0.09902717115727126,3.9983133708715677,-0.11614726991902222,0.17697528190785047,28.666633300848762,28.284066634585606,4.667701727365669,4.057944775139028,-2.8217002075823308,PREPARATION,False,TAKEOFF,0,False,inf,inf,0.0,True,False,REACQUIRE,0,0.5723569393157959,-0.055505032368945224,-0.055505032368945224,3,0,inf,inf,inf,SEARCH,,,0,,0.0,0.0,False,,0.0,0.0,0.0,False,0.0,0.8591089081802297,4.338674556208398,SAFE,4.37450532913208,0.9985952377319336,19.68560028076172,19.68581771850586,,,2.447299993946217e-05,0.003422875888645649,,20.005019594139856,0.0005992689984850585,0.0,1.6875222093365292,2.2502736615082104,4.640381733542794,1.8980550231514743,3.034387238330484,4.547580489083233,1.6875222093365292,2.2502736615082104,4.640381733542794
8.545817852020264,8.545817852020264,,False,PERIODIC,True,True,1,TAKEOFF,0.02111803396852213,-0.014158441268290915,-4.592532480203971,-0.005888534916678516,-0.005534216333893933,-0.4280836795344858,20.21112468871543,19.987939488556314,0.10758295442854522,3.9953472215239074,-0.19287451739717268,0.16419073425276684,28.80644676824771,28.420420305002846,4.700115434632516,4.049169414614333,-2.7709608289294434,PREPARATION,False,TAKEOFF,0,False,inf,inf,0.0,True,False,REACQUIRE,0,0.6224377155303955,-0.05919699824227743,-0.05919699824227743,3,0,inf,inf,inf,SEARCH,,,0,,0.0,0.0,False,,0.0,0.0,0.0,False,0.0,0.8578181108787577,4.362532480203971,SAFE,4.3925331115722654,1.0011308193206787,19.59444236755371,19.621341705322266,,,0.0032183120492845774,0.003422875888645649,,20.008786697127352,0.0005811949995404575,0.0,1.6875222093365292,2.316063763179042,4.806631095036798,2.006927156957203,3.0600128550899997,4.707995385171423,1.6875222093365292,2.316063763179042,4.806631095036798
8.595795631408691,8.595795631408691,,False,PERIODIC,True,True,1,TAKEOFF,0.021387418475646038,-0.01422934988203133,-4.612353789096075,-0.006473377568913409,-0.004630984866882901,-0.38841530259460144,20.41005208827942,19.976469994291975,0.11542460235456581,3.991058659098036,-0.2673027864399974,0.15047836246922155,28.942660482504564,28.553908791737495,4.7277783914506415,4.042235178928385,-2.722663214170378,PREPARATION,False,TAKEOFF,0,False,inf,inf,0.0,True,False,REACQUIRE,0,0.6724033355712891,-0.0628873491593502,-0.0628873491593502,3,0,inf,inf,inf,SEARCH,,,0,,0.0,0.0,False,,0.0,0.0,0.0,False,0.0,0.8556893194554629,4.382353789096075,SAFE,4.41555814743042,1.0011308193206787,19.59444236755371,19.621341705322266,,,1.542999962111935e-05,0.003422875888645649,,20.005672457027924,0.0006333709989121417,0.0,1.6875222093365292,2.259177785104135,4.7341299629155955,2.1187617200999767,3.082557670880666,4.86857966978702,1.6875222093365292,2.259177785104135,4.7341299629155955
8.645816564559937,8.645816564559937,,False,PERIODIC,True,True,1,TAKEOFF,0.02161408944831897,-0.014357911998803706,-4.630554289119374,-0.006688221112997938,-0.004118730050507619,-0.35471655845192923,20.60965349231781,19.961260211693276,0.12259117913201337,3.9855049442605845,-0.3402210153333143,0.13577535669953597,29.07722610085152,28.68610614701274,4.753145468251387,4.036230089409773,-2.675941592403326,PREPARATION,False,TAKEOFF,0,False,inf,inf,0.0,True,False,REACQUIRE,0,0.7224047183990479,-0.06657598573272737,-0.06657598573272737,3,0,inf,inf,inf,SEARCH,,,0,,0.0,0.0,False,,0.0,0.0,0.0,False,0.0,0.8537693304291123,4.400554289119373,SAFE,4.430590438842773,1.0011811256408691,19.643766403198242,19.653526306152344,,,0.0036753369495272636,0.004117086064070463,,20.004497334508457,0.0005735399990953738,0.0,1.6875222093365292,2.327031649437196,4.7482646212195165,2.234730550935217,3.1008221329957615,5.024825657948798,1.6875222093365292,2.327031649437196,4.7482646212195165
