measurement_stamp,receipt_stamp,processed_stamp,published_stamp,source,valid,observation_valid,truth_available,rejection_reason,rgb_raw_stamp,depth_raw_stamp,rgb_receipt_stamp,depth_receipt_stamp,rgb_mapped_stamp,depth_mapped_stamp,image_measurement_stamp,rgb_depth_acquisition_skew,pose_history_start_stamp,pose_history_end_stamp,position_source_stamp,position_mapped_stamp,attitude_source_stamp,attitude_mapped_stamp,position_history_start_stamp,position_history_end_stamp,attitude_history_start_stamp,attitude_history_end_stamp,image_clock_offset,image_clock_mapping_mode,image_clock_status,image_clock_reset_count,image_clock_anchor_sim_stamp,image_clock_anchor_system_stamp,image_clock_reference_age,image_clock_sync_quality,image_measurement_time_source,px4_clock_offset,px4_clock_reset_count,px4_clock_calibration_count,px4_clock_recalibration_count,px4_clock_status,approach_phase,distance_bin,motion_regime,confidence,red_pixel_count,valid_depth_ratio,target_range,view_angle,image_bearing,px4_heading,geometry_diagnostics_enabled,mask_centroid_u,mask_centroid_v,projection_centroid_u,projection_centroid_v,mask_bbox_left,mask_bbox_top,mask_bbox_right,mask_bbox_bottom,valid_depth_count,depth_min,depth_median,depth_mad,camera_fx,camera_fy,camera_cx,camera_cy,camera_translation_x,camera_translation_y,camera_translation_z,camera_pitch_down,surface_camera_x,surface_camera_y,surface_camera_z,center_camera_x,center_camera_y,center_camera_z,target_body_flu_x,target_body_flu_y,target_body_flu_z,interpolated_uav_x,interpolated_uav_y,interpolated_uav_z,interpolated_attitude_w,interpolated_attitude_x,interpolated_attitude_y,interpolated_attitude_z,target_reference_z_offset,gazebo_entity_available,gazebo_entity_clock_status,gazebo_entity_clock_reset_count,gazebo_entity_raw_stamp,gazebo_entity_mapped_stamp,gazebo_entity_center_x,gazebo_entity_center_y,gazebo_entity_center_z,gazebo_entity_reference_x,gazebo_entity_reference_y,gazebo_entity_reference_z,entity_expected_projection_u,entity_expected_projection_v,projection_error_u,projection_error_v,entity_expected_camera_x,entity_expected_camera_y,entity_expected_camera_z,camera_center_error_x,camera_center_error_y,camera_center_error_z,camera_center_error_3d,entity_expected_body_flu_x,entity_expected_body_flu_y,entity_expected_body_flu_z,body_flu_error_x,body_flu_error_y,body_flu_error_z,body_flu_error_3d,vision_to_entity_x,vision_to_entity_y,vision_to_entity_z,vision_to_entity_3d,entity_to_truth_x,entity_to_truth_y,entity_to_truth_z,entity_to_truth_3d,position_x,position_y,position_z,covariance_xx,covariance_yy,covariance_zz,truth_x,truth_y,truth_z,error_x,error_y,error_z,horizontal_error,position_3d_error,observation_age,gazebo_uav_diagnostics_enabled,heading_diagnostics_status,heading_reference_source,uav_position_reference_status,reference_heading,delta_yaw,predicted_lateral_error,actual_lateral_error,heading_induced_error_x,heading_induced_error_y,uav_reference_position_x,uav_reference_position_y,uav_reference_position_z,uav_reference_attitude_w,uav_reference_attitude_x,uav_reference_attitude_y,uav_reference_attitude_z,attitude_counterfactual_status,attitude_counterfactual_error_x,attitude_counterfactual_error_y,attitude_counterfactual_error_z,uav_pose_query_ros_stamp,uav_pose_status,uav_pose_left_sim_stamp,uav_pose_right_sim_stamp,uav_pose_left_ros_stamp,uav_pose_right_ros_stamp,uav_pose_fraction,uav_pose_interval
0.0,1791339367.675588,1791339367.692281,1791339367.692281,front_rgbd_red_sphere,False,False,False,DEPTH_FRAME_UNMATCHED,13.1,13.0,1791339367.301535,1791339367.675588,1791339365.2219672,1791339365.2219672,1791339365.2219672,0.09999999999999964,1791339365.1339755,1791339365.623531,1791339365.470687,1791339365.623531,1791339365.4746869,1791339365.6275344,1791339365.129972,1791339365.623531,1791339365.1339755,1791339365.6275344,1791339354.1699672,GAZEBO_CLOCK_SYSTEM_INTERPOLATION,MAPPED_EXACT,0,11.052,1791339365.2219672,0.0017995834350585938,0.0,RGB,0.0,0,1,0,UNCALIBRATED,PREPARATION,UNKNOWN,UNKNOWN,0.0,0,0.0,nan,nan,nan,nan,False,0.0,0.0,0.0,0.0,0,0,0,0,0,0.0,0.0,0.0,0.0,0.0,0.0,0.0,0.0,0.0,0.0,0.0,0.0,0.0,0.0,0.0,0.0,0.0,0.0,0.0,0.0,0.0,0.0,0.0,0.0,0.0,0.0,0.0,0.0,False,CLOCK_REFERENCE_READY,0,13.492,1791339367.6755414,nan,nan,nan,nan,nan,nan,nan,nan,nan,nan,nan,nan,nan,nan,nan,nan,nan,nan,nan,nan,nan,nan,nan,nan,nan,nan,nan,nan,nan,nan,nan,nan,nan,nan,nan,nan,nan,nan,nan,nan,nan,nan,nan,nan,nan,nan,nan,True,GEOMETRY_DISABLED,none,MODEL_ORIGIN_FRAME_NOT_ESTABLISHED,nan,nan,nan,nan,nan,nan,nan,nan,nan,nan,nan,nan,nan,NOT_EVALUATED,nan,nan,nan,0.0,BEFORE_HISTORY,nan,nan,nan,nan,nan,nan
0.0,1791339367.7550874,1791339367.7923281,1791339367.7923281,front_rgbd_red_sphere,False,False,False,DEPTH_FRAME_UNMATCHED,13.2,13.1,1791339367.3998754,1791339367.7550874,1791339365.2219672,1791339365.2219672,1791339365.2219672,0.09999999999999964,1791339365.1339755,1791339365.623531,1791339365.470687,1791339365.623531,1791339365.4746869,1791339365.6275344,1791339365.129972,1791339365.623531,1791339365.1339755,1791339365.6275344,1791339354.1699672,GAZEBO_CLOCK_SYSTEM_INTERPOLATION,MAPPED_EXACT,0,11.052,1791339365.2219672,0.0017995834350585938,0.0,RGB,0.0,0,1,0,UNCALIBRATED,PREPARATION,UNKNOWN,STRAIGHT,0.0,0,0.0,nan,nan,nan,nan,False,0.0,0.0,0.0,0.0,0,0,0,0,0,0.0,0.0,0.0,0.0,0.0,0.0,0.0,0.0,0.0,0.0,0.0,0.0,0.0,0.0,0.0,0.0,0.0,0.0,0.0,0.0,0.0,0.0,0.0,0.0,0.0,0.0,0.0,0.0,False,CLOCK_REFERENCE_READY,0,13.592,1791339367.7755287,nan,nan,nan,nan,nan,nan,nan,nan,nan,nan,nan,nan,nan,nan,nan,nan,nan,nan,nan,nan,nan,nan,nan,nan,nan,nan,nan,nan,nan,nan,nan,nan,nan,nan,nan,nan,nan,nan,nan,nan,nan,nan,nan,nan,nan,nan,nan,True,GEOMETRY_DISABLED,none,MODEL_ORIGIN_FRAME_NOT_ESTABLISHED,nan,nan,nan,nan,nan,nan,nan,nan,nan,nan,nan,nan,nan,NOT_EVALUATED,nan,nan,nan,0.0,BEFORE_HISTORY,nan,nan,nan,nan,nan,nan
0.0,1791339368.0782878,1791339368.092439,1791339368.092439,front_rgbd_red_sphere,False,False,False,DEPTH_FRAME_UNMATCHED,13.5,13.4,1791339367.6992507,1791339368.0782878,1791339365.2219672,1791339365.2219672,1791339365.2219672,0.09999999999999964,1791339365.1339755,1791339365.623531,1791339365.470687,1791339365.623531,1791339365.4746869,1791339365.6275344,1791339365.129972,1791339365.623531,1791339365.1339755,1791339365.6275344,1791339354.1699672,GAZEBO_CLOCK_SYSTEM_INTERPOLATION,MAPPED_EXACT,0,11.052,1791339365.2219672,0.0017995834350585938,0.0,RGB,0.0,0,1,0,UNCALIBRATED,PREPARATION,UNKNOWN,STRAIGHT,0.0,0,0.0,nan,nan,nan,nan,False,0.0,0.0,0.0,0.0,0,0,0,0,0,0.0,0.0,0.0,0.0,0.0,0.0,0.0,0.0,0.0,0.0,0.0,0.0,0.0,0.0,0.0,0.0,0.0,0.0,0.0,0.0,0.0,0.0,0.0,0.0,0.0,0.0,0.0,0.0,False,CLOCK_REFERENCE_READY,0,13.892,1791339368.0755446,nan,nan,nan,nan,nan,nan,nan,nan,nan,nan,nan,nan,nan,nan,nan,nan,nan,nan,nan,nan,nan,nan,nan,nan,nan,nan,nan,nan,nan,nan,nan,nan,nan,nan,nan,nan,nan,nan,nan,nan,nan,nan,nan,nan,nan,nan,nan,True,GEOMETRY_DISABLED,none,MODEL_ORIGIN_FRAME_NOT_ESTABLISHED,nan,nan,nan,nan,nan,nan,nan,nan,nan,nan,nan,nan,nan,NOT_EVALUATED,nan,nan,nan,0.0,BEFORE_HISTORY,nan,nan,nan,nan,nan,nan
0.0,1791339368.172525,1791339368.192387,1791339368.192387,front_rgbd_red_sphere,False,False,False,DEPTH_FRAME_UNMATCHED,13.6,13.5,1791339367.8005557,1791339368.172525,1791339365.2219672,1791339365.2219672,1791339365.2219672,0.09999999999999964,1791339365.1339755,1791339365.623531,1791339365.470687,1791339365.623531,1791339365.4746869,1791339365.6275344,1791339365.129972,1791339365.623531,1791339365.1339755,1791339365.6275344,1791339354.1699672,GAZEBO_CLOCK_SYSTEM_INTERPOLATION,MAPPED_EXACT,0,11.052,1791339365.2219672,0.0017995834350585938,0.0,RGB,0.0,0,1,0,UNCALIBRATED,PREPARATION,UNKNOWN,STRAIGHT,0.0,0,0.0,nan,nan,nan,nan,False,0.0,0.0,0.0,0.0,0,0,0,0,0,0.0,0.0,0.0,0.0,0.0,0.0,0.0,0.0,0.0,0.0,0.0,0.0,0.0,0.0,0.0,0.0,0.0,0.0,0.0,0.0,0.0,0.0,0.0,0.0,0.0,0.0,0.0,0.0,False,CLOCK_REFERENCE_READY,0,13.992,1791339368.1755397,nan,nan,nan,nan,nan,nan,nan,nan,nan,nan,nan,nan,nan,nan,nan,nan,nan,nan,nan,nan,nan,nan,nan,nan,nan,nan,nan,nan,nan,nan,nan,nan,nan,nan,nan,nan,nan,nan,nan,nan,nan,nan,nan,nan,nan,nan,nan,True,GEOMETRY_DISABLED,none,MODEL_ORIGIN_FRAME_NOT_ESTABLISHED,nan,nan,nan,nan,nan,nan,nan,nan,nan,nan,nan,nan,nan,NOT_EVALUATED,nan,nan,nan,0.0,BEFORE_HISTORY,nan,nan,nan,nan,nan,nan
0.0,1791339368.5631576,1791339368.59233,1791339368.59233,front_rgbd_red_sphere,False,False,False,DEPTH_FRAME_UNMATCHED,14.0,13.852,1791339368.1975577,1791339368.5631576,1791339365.2219672,1791339365.2219672,1791339365.2219672,0.1479999999999997,1791339365.1339755,1791339365.623531,1791339365.470687,1791339365.623531,1791339365.4746869,1791339365.6275344,1791339365.129972,1791339365.623531,1791339365.1339755,1791339365.6275344,1791339354.1699672,GAZEBO_CLOCK_SYSTEM_INTERPOLATION,MAPPED_EXACT,0,11.052,1791339365.2219672,0.0017995834350585938,0.0,RGB,0.0,0,1,0,UNCALIBRATED,PREPARATION,UNKNOWN,STRAIGHT,0.0,0,0.0,nan,nan,nan,nan,False,0.0,0.0,0.0,0.0,0,0,0,0,0,0.0,0.0,0.0,0.0,0.0,0.0,0.0,0.0,0.0,0.0,0.0,0.0,0.0,0.0,0.0,0.0,0.0,0.0,0.0,0.0,0.0,0.0,0.0,0.0,0.0,0.0,0.0,0.0,False,CLOCK_REFERENCE_READY,0,14.404,1791339368.587544,nan,nan,nan,nan,nan,nan,nan,nan,nan,nan,nan,nan,nan,nan,nan,nan,nan,nan,nan,nan,nan,nan,nan,nan,nan,nan,nan,nan,nan,nan,nan,nan,nan,nan,nan,nan,nan,nan,nan,nan,nan,nan,nan,nan,nan,nan,nan,True,GEOMETRY_DISABLED,none,MODEL_ORIGIN_FRAME_NOT_ESTABLISHED,nan,nan,nan,nan,nan,nan,nan,nan,nan,nan,nan,nan,nan,NOT_EVALUATED,nan,nan,nan,0.0,BEFORE_HISTORY,nan,nan,nan,nan,nan,nan
0.0,1791339368.683655,1791339368.692477,1791339368.692477,front_rgbd_red_sphere,False,False,False,DEPTH_FRAME_UNMATCHED,14.1,13.952,1791339368.298199,1791339368.683655,1791339365.2219672,1791339365.2219672,1791339365.2219672,0.1479999999999997,1791339365.1339755,1791339365.623531,1791339365.470687,1791339365.623531,1791339365.4746869,1791339365.6275344,1791339365.129972,1791339365.623531,1791339365.1339755,1791339365.6275344,1791339354.1699672,GAZEBO_CLOCK_SYSTEM_INTERPOLATION,MAPPED_EXACT,0,11.052,1791339365.2219672,0.0017995834350585938,0.0,RGB,0.0,0,1,0,UNCALIBRATED,PREPARATION,UNKNOWN,STRAIGHT,0.0,0,0.0,nan,nan,nan,nan,False,0.0,0.0,0.0,0.0,0,0,0,0,0,0.0,0.0,0.0,0.0,0.0,0.0,0.0,0.0,0.0,0.0,0.0,0.0,0.0,0.0,0.0,0.0,0.0,0.0,0.0,0.0,0.0,0.0,0.0,0.0,0.0,0.0,0.0,0.0,False,CLOCK_REFERENCE_READY,0,14.5,1791339368.6877706,nan,nan,nan,nan,nan,nan,nan,nan,nan,nan,nan,nan,nan,nan,nan,nan,nan,nan,nan,nan,nan,nan,nan,nan,nan,nan,nan,nan,nan,nan,nan,nan,nan,nan,nan,nan,nan,nan,nan,nan,nan,nan,nan,nan,nan,nan,nan,True,GEOMETRY_DISABLED,none,MODEL_ORIGIN_FRAME_NOT_ESTABLISHED,nan,nan,nan,nan,nan,nan,nan,nan,nan,nan,nan,nan,nan,NOT_EVALUATED,nan,nan,nan,0.0,BEFORE_HISTORY,nan,nan,nan,nan,nan,nan
0.0,1791339368.7903535,1791339368.7923303,1791339368.7923303,front_rgbd_red_sphere,False,False,False,DEPTH_FRAME_UNMATCHED,14.2,14.1,1791339368.3997319,1791339368.7903535,1791339365.2219672,1791339365.2219672,1791339365.2219672,0.09999999999999964,1791339365.1339755,1791339365.623531,1791339365.470687,1791339365.623531,1791339365.4746869,1791339365.6275344,1791339365.129972,1791339365.623531,1791339365.1339755,1791339365.6275344,1791339354.1699672,GAZEBO_CLOCK_SYSTEM_INTERPOLATION,MAPPED_EXACT,0,11.052,1791339365.2219672,0.0017995834350585938,0.0,RGB,0.0,0,1,0,UNCALIBRATED,PREPARATION,UNKNOWN,STRAIGHT,0.0,0,0.0,nan,nan,nan,nan,False,0.0,0.0,0.0,0.0,0,0,0,0,0,0.0,0.0,0.0,0.0,0.0,0.0,0.0,0.0,0.0,0.0,0.0,0.0,0.0,0.0,0.0,0.0,0.0,0.0,0.0,0.0,0.0,0.0,0.0,0.0,0.0,0.0,0.0,0.0,False,CLOCK_REFERENCE_READY,0,14.6,1791339368.787766,nan,nan,nan,nan,nan,nan,nan,nan,nan,nan,nan,nan,nan,nan,nan,nan,nan,nan,nan,nan,nan,nan,nan,nan,nan,nan,nan,nan,nan,nan,nan,nan,nan,nan,nan,nan,nan,nan,nan,nan,nan,nan,nan,nan,nan,nan,nan,True,GEOMETRY_DISABLED,none,MODEL_ORIGIN_FRAME_NOT_ESTABLISHED,nan,nan,nan,nan,nan,nan,nan,nan,nan,nan,nan,nan,nan,NOT_EVALUATED,nan,nan,nan,0.0,BEFORE_HISTORY,nan,nan,nan,nan,nan,nan
0.0,1791339368.9842813,1791339368.9924254,1791339368.9924254,front_rgbd_red_sphere,False,False,False,DEPTH_FRAME_UNMATCHED,14.4,14.3,1791339368.6199236,1791339368.9842813,1791339365.2219672,1791339365.2219672,1791339365.2219672,0.09999999999999964,1791339365.1339755,1791339365.623531,1791339365.470687,1791339365.623531,1791339365.4746869,1791339365.6275344,1791339365.129972,1791339365.623531,1791339365.1339755,1791339365.6275344,1791339354.1699672,GAZEBO_CLOCK_SYSTEM_INTERPOLATION,MAPPED_EXACT,0,11.052,1791339365.2219672,0.0017995834350585938,0.0,RGB,0.0,0,1,0,UNCALIBRATED,PREPARATION,UNKNOWN,STRAIGHT,0.0,0,0.0,nan,nan,nan,nan,False,0.0,0.0,0.0,0.0,0,0,0,0,0,0.0,0.0,0.0,0.0,0.0,0.0,0.0,0.0,0.0,0.0,0.0,0.0,0.0,0.0,0.0,0.0,0.0,0.0,0.0,0.0,0.0,0.0,0.0,0.0,0.0,0.0,0.0,0.0,False,CLOCK_REFERENCE_READY,0,14.8,1791339368.9877677,nan,nan,nan,nan,nan,nan,nan,nan,nan,nan,nan,nan,nan,nan,nan,nan,nan,nan,nan,nan,nan,nan,nan,nan,nan,nan,nan,nan,nan,nan,nan,nan,nan,nan,nan,nan,nan,nan,nan,nan,nan,nan,nan,nan,nan,nan,nan,True,GEOMETRY_DISABLED,none,MODEL_ORIGIN_FRAME_NOT_ESTABLISHED,nan,nan,nan,nan,nan,nan,nan,nan,nan,nan,nan,nan,nan,NOT_EVALUATED,nan,nan,nan,0.0,BEFORE_HISTORY,nan,nan,nan,nan,nan,nan
0.0,1791339369.3802326,1791339369.3925874,1791339369.3925874,front_rgbd_red_sphere,False,False,False,DEPTH_FRAME_UNMATCHED,14.8,14.7,1791339369.0030456,1791339369.3802326,1791339365.2219672,1791339365.2219672,1791339365.2219672,0.10000000000000142,1791339365.1339755,1791339365.623531,1791339365.470687,1791339365.623531,1791339365.4746869,1791339365.6275344,1791339365.129972,1791339365.623531,1791339365.1339755,1791339365.6275344,1791339354.1699672,GAZEBO_CLOCK_SYSTEM_INTERPOLATION,MAPPED_EXACT,0,11.052,1791339365.2219672,0.0017995834350585938,0.0,RGB,0.0,0,1,0,UNCALIBRATED,PREPARATION,UNKNOWN,STRAIGHT,0.0,0,0.0,nan,nan,nan,nan,False,0.0,0.0,0.0,0.0,0,0,0,0,0,0.0,0.0,0.0,0.0,0.0,0.0,0.0,0.0,0.0,0.0,0.0,0.0,0.0,0.0,0.0,0.0,0.0,0.0,0.0,0.0,0.0,0.0,0.0,0.0,0.0,0.0,0.0,0.0,False,CLOCK_REFERENCE_READY,0,15.2,1791339369.3877692,nan,nan,nan,nan,nan,nan,nan,nan,nan,nan,nan,nan,nan,nan,nan,nan,nan,nan,nan,nan,nan,nan,nan,nan,nan,nan,nan,nan,nan,nan,nan,nan,nan,nan,nan,nan,nan,nan,nan,nan,nan,nan,nan,nan,nan,nan,nan,True,GEOMETRY_DISABLED,none,MODEL_ORIGIN_FRAME_NOT_ESTABLISHED,nan,nan,nan,nan,nan,nan,nan,nan,nan,nan,nan,nan,nan,NOT_EVALUATED,nan,nan,nan,0.0,BEFORE_HISTORY,nan,nan,nan,nan,nan,nan
0.0,1791339369.4647408,1791339369.4923432,1791339369.4923432,front_rgbd_red_sphere,False,False,False,DEPTH_FRAME_UNMATCHED,14.9,14.8,1791339369.11351,1791339369.4647408,1791339365.2219672,1791339365.2219672,1791339365.2219672,0.09999999999999964,1791339365.1339755,1791339365.623531,1791339365.470687,1791339365.623531,1791339365.4746869,1791339365.6275344,1791339365.129972,1791339365.623531,1791339365.1339755,1791339365.6275344,1791339354.1699672,GAZEBO_CLOCK_SYSTEM_INTERPOLATION,MAPPED_EXACT,0,11.052,1791339365.2219672,0.0017995834350585938,0.0,RGB,0.0,0,1,0,UNCALIBRATED,PREPARATION,UNKNOWN,STRAIGHT,0.0,0,0.0,nan,nan,nan,nan,False,0.0,0.0,0.0,0.0,0,0,0,0,0,0.0,0.0,0.0,0.0,0.0,0.0,0.0,0.0,0.0,0.0,0.0,0.0,0.0,0.0,0.0,0.0,0.0,0.0,0.0,0.0,0.0,0.0,0.0,0.0,0.0,0.0,0.0,0.0,False,CLOCK_REFERENCE_READY,0,15.3,1791339369.4877696,nan,nan,nan,nan,nan,nan,nan,nan,nan,nan,nan,nan,nan,nan,nan,nan,nan,nan,nan,nan,nan,nan,nan,nan,nan,nan,nan,nan,nan,nan,nan,nan,nan,nan,nan,nan,nan,nan,nan,nan,nan,nan,nan,nan,nan,nan,nan,True,GEOMETRY_DISABLED,none,MODEL_ORIGIN_FRAME_NOT_ESTABLISHED,nan,nan,nan,nan,nan,nan,nan,nan,nan,nan,nan,nan,nan,NOT_EVALUATED,nan,nan,nan,0.0,BEFORE_HISTORY,nan,nan,nan,nan,nan,nan
0.0,1791339369.559021,1791339369.592434,1791339369.592434,front_rgbd_red_sphere,False,False,False,DEPTH_FRAME_UNMATCHED,15.0,14.9,1791339369.2044857,1791339369.559021,1791339365.2219672,1791339365.2219672,1791339365.2219672,0.09999999999999964,1791339365.1339755,1791339365.623531,1791339365.470687,1791339365.623531,1791339365.4746869,1791339365.6275344,1791339365.129972,1791339365.623531,1791339365.1339755,1791339365.6275344,1791339354.1699672,GAZEBO_CLOCK_SYSTEM_INTERPOLATION,MAPPED_EXACT,0,11.052,1791339365.2219672,0.0017995834350585938,0.0,RGB,0.0,0,1,0,UNCALIBRATED,PREPARATION,UNKNOWN,STRAIGHT,0.0,0,0.0,nan,nan,nan,nan,False,0.0,0.0,0.0,0.0,0,0,0,0,0,0.0,0.0,0.0,0.0,0.0,0.0,0.0,0.0,0.0,0.0,0.0,0.0,0.0,0.0,0.0,0.0,0.0,0.0,0.0,0.0,0.0,0.0,0.0,0.0,0.0,0.0,0.0,0.0,False,CLOCK_REFERENCE_READY,0,15.4,1791339369.5877674,nan,nan,nan,nan,nan,nan,nan,nan,nan,nan,nan,nan,nan,nan,nan,nan,nan,nan,nan,nan,nan,nan,nan,nan,nan,nan,nan,nan,nan,nan,nan,nan,nan,nan,nan,nan,nan,nan,nan,nan,nan,nan,nan,nan,nan,nan,nan,True,GEOMETRY_DISABLED,none,MODEL_ORIGIN_FRAME_NOT_ESTABLISHED,nan,nan,nan,nan,nan,nan,nan,nan,nan,nan,nan,nan,nan,NOT_EVALUATED,nan,nan,nan,0.0,BEFORE_HISTORY,nan,nan,nan,nan,nan,nan
0.0,1791339370.5846653,1791339370.5924313,1791339370.5924313,front_rgbd_red_sphere,False,False,False,DEPTH_FRAME_UNMATCHED,16.0,15.9,1791339370.207191,1791339370.5846653,1791339365.2219672,1791339365.2219672,1791339365.2219672,0.09999999999999964,1791339365.1339755,1791339365.623531,1791339365.470687,1791339365.623531,1791339365.4746869,1791339365.6275344,1791339365.129972,1791339365.623531,1791339365.1339755,1791339365.6275344,1791339354.1699672,GAZEBO_CLOCK_SYSTEM_INTERPOLATION,MAPPED_EXACT,0,11.052,1791339365.2219672,0.0017995834350585938,0.0,RGB,0.0,0,1,0,UNCALIBRATED,PREPARATION,UNKNOWN,STRAIGHT,0.0,0,0.0,nan,nan,nan,nan,False,0.0,0.0,0.0,0.0,0,0,0,0,0,0.0,0.0,0.0,0.0,0.0,0.0,0.0,0.0,0.0,0.0,0.0,0.0,0.0,0.0,0.0,0.0,0.0,0.0,0.0,0.0,0.0,0.0,0.0,0.0,0.0,0.0,0.0,0.0,False,CLOCK_REFERENCE_READY,0,16.4,1791339370.5877743,nan,nan,nan,nan,nan,nan,nan,nan,nan,nan,nan,nan,nan,nan,nan,nan,nan,nan,nan,nan,nan,nan,nan,nan,nan,nan,nan,nan,nan,nan,nan,nan,nan,nan,nan,nan,nan,nan,nan,nan,nan,nan,nan,nan,nan,nan,nan,True,GEOMETRY_DISABLED,none,MODEL_ORIGIN_FRAME_NOT_ESTABLISHED,nan,nan,nan,nan,nan,nan,nan,nan,nan,nan,nan,nan,nan,NOT_EVALUATED,nan,nan,nan,0.0,BEFORE_HISTORY,nan,nan,nan,nan,nan,nan
0.0,1791339371.1894972,1791339371.194001,1791339371.194001,front_rgbd_red_sphere,False,False,False,DEPTH_FRAME_UNMATCHED,16.6,16.5,1791339370.807155,1791339371.1894972,1791339365.2219672,1791339365.2219672,1791339365.2219672,0.10000000000000142,1791339365.1339755,1791339365.623531,1791339365.470687,1791339365.623531,1791339365.4746869,1791339365.6275344,1791339365.129972,1791339365.623531,1791339365.1339755,1791339365.6275344,1791339354.1699672,GAZEBO_CLOCK_SYSTEM_INTERPOLATION,MAPPED_EXACT,0,11.052,1791339365.2219672,0.0017995834350585938,0.0,RGB,0.0,0,1,0,UNCALIBRATED,PREPARATION,UNKNOWN,TURNING,0.0,0,0.0,nan,nan,nan,nan,False,0.0,0.0,0.0,0.0,0,0,0,0,0,0.0,0.0,0.0,0.0,0.0,0.0,0.0,0.0,0.0,0.0,0.0,0.0,0.0,0.0,0.0,0.0,0.0,0.0,0.0,0.0,0.0,0.0,0.0,0.0,0.0,0.0,0.0,0.0,False,CLOCK_REFERENCE_READY,0,17.0,1791339371.1877666,nan,nan,nan,nan,nan,nan,nan,nan,nan,nan,nan,nan,nan,nan,nan,nan,nan,nan,nan,nan,nan,nan,nan,nan,nan,nan,nan,nan,nan,nan,nan,nan,nan,nan,nan,nan,nan,nan,nan,nan,nan,nan,nan,nan,nan,nan,nan,True,GEOMETRY_DISABLED,none,MODEL_ORIGIN_FRAME_NOT_ESTABLISHED,nan,nan,nan,nan,nan,nan,nan,nan,nan,nan,nan,nan,nan,NOT_EVALUATED,nan,nan,nan,0.0,BEFORE_HISTORY,nan,nan,nan,nan,nan,nan
0.0,1791339371.4827285,1791339371.4924788,1791339371.4924788,front_rgbd_red_sphere,False,False,False,DEPTH_FRAME_UNMATCHED,16.9,16.8,1791339371.1069043,1791339371.4827285,1791339365.2219672,1791339365.2219672,1791339365.2219672,0.09999999999999787,1791339365.1339755,1791339365.623531,1791339365.470687,1791339365.623531,1791339365.4746869,1791339365.6275344,1791339365.129972,1791339365.623531,1791339365.1339755,1791339365.6275344,1791339354.1699672,GAZEBO_CLOCK_SYSTEM_INTERPOLATION,MAPPED_EXACT,0,11.052,1791339365.2219672,0.0017995834350585938,0.0,RGB,0.0,0,1,0,UNCALIBRATED,PREPARATION,UNKNOWN,TURNING,0.0,0,0.0,nan,nan,nan,nan,False,0.0,0.0,0.0,0.0,0,0,0,0,0,0.0,0.0,0.0,0.0,0.0,0.0,0.0,0.0,0.0,0.0,0.0,0.0,0.0,0.0,0.0,0.0,0.0,0.0,0.0,0.0,0.0,0.0,0.0,0.0,0.0,0.0,0.0,0.0,False,CLOCK_REFERENCE_READY,0,17.3,1791339371.4877615,nan,nan,nan,nan,nan,nan,nan,nan,nan,nan,nan,nan,nan,nan,nan,nan,nan,nan,nan,nan,nan,nan,nan,nan,nan,nan,nan,nan,nan,nan,nan,nan,nan,nan,nan,nan,nan,nan,nan,nan,nan,nan,nan,nan,nan,nan,nan,True,GEOMETRY_DISABLED,none,MODEL_ORIGIN_FRAME_NOT_ESTABLISHED,nan,nan,nan,nan,nan,nan,nan,nan,nan,nan,nan,nan,nan,NOT_EVALUATED,nan,nan,nan,0.0,BEFORE_HISTORY,nan,nan,nan,nan,nan,nan
0.0,1791339371.584787,1791339371.5924644,1791339371.5924644,front_rgbd_red_sphere,False,False,False,DEPTH_FRAME_UNMATCHED,17.0,16.9,1791339371.2210226,1791339371.584787,1791339365.2219672,1791339365.2219672,1791339365.2219672,0.10000000000000142,1791339365.1339755,1791339365.623531,1791339365.470687,1791339365.623531,1791339365.4746869,1791339365.6275344,1791339365.129972,1791339365.623531,1791339365.1339755,1791339365.6275344,1791339354.1699672,GAZEBO_CLOCK_SYSTEM_INTERPOLATION,MAPPED_EXACT,0,11.052,1791339365.2219672,0.0017995834350585938,0.0,RGB,0.0,0,1,0,UNCALIBRATED,PREPARATION,UNKNOWN,TURNING,0.0,0,0.0,nan,nan,nan,nan,False,0.0,0.0,0.0,0.0,0,0,0,0,0,0.0,0.0,0.0,0.0,0.0,0.0,0.0,0.0,0.0,0.0,0.0,0.0,0.0,0.0,0.0,0.0,0.0,0.0,0.0,0.0,0.0,0.0,0.0,0.0,0.0,0.0,0.0,0.0,False,CLOCK_REFERENCE_READY,0,17.4,1791339371.5877676,nan,nan,nan,nan,nan,nan,nan,nan,nan,nan,nan,nan,nan,nan,nan,nan,nan,nan,nan,nan,nan,nan,nan,nan,nan,nan,nan,nan,nan,nan,nan,nan,nan,nan,nan,nan,nan,nan,nan,nan,nan,nan,nan,nan,nan,nan,nan,True,GEOMETRY_DISABLED,none,MODEL_ORIGIN_FRAME_NOT_ESTABLISHED,nan,nan,nan,nan,nan,nan,nan,nan,nan,nan,nan,nan,nan,NOT_EVALUATED,nan,nan,nan,0.0,BEFORE_HISTORY,nan,nan,nan,nan,nan,nan
0.0,1791339371.685915,1791339371.6924026,1791339371.6924026,front_rgbd_red_sphere,False,False,False,DEPTH_FRAME_UNMATCHED,17.1,17.0,1791339371.3119874,1791339371.685915,1791339365.2219672,1791339365.2219672,1791339365.2219672,0.10000000000000142,1791339365.1339755,1791339365.623531,1791339365.470687,1791339365.623531,1791339365.4746869,1791339365.6275344,1791339365.129972,1791339365.623531,1791339365.1339755,1791339365.6275344,1791339354.1699672,GAZEBO_CLOCK_SYSTEM_INTERPOLATION,MAPPED_EXACT,0,11.052,1791339365.2219672,0.0017995834350585938,0.0,RGB,0.0,0,1,0,UNCALIBRATED,PREPARATION,UNKNOWN,TURNING,0.0,0,0.0,nan,nan,nan,nan,False,0.0,0.0,0.0,0.0,0,0,0,0,0,0.0,0.0,0.0,0.0,0.0,0.0,0.0,0.0,0.0,0.0,0.0,0.0,0.0,0.0,0.0,0.0,0.0,0.0,0.0,0.0,0.0,0.0,0.0,0.0,0.0,0.0,0.0,0.0,False,CLOCK_REFERENCE_READY,0,17.5,1791339371.6877725,nan,nan,nan,nan,nan,nan,nan,nan,nan,nan,nan,nan,nan,nan,nan,nan,nan,nan,nan,nan,nan,nan,nan,nan,nan,nan,nan,nan,nan,nan,nan,nan,nan,nan,nan,nan,nan,nan,nan,nan,nan,nan,nan,nan,nan,nan,nan,True,GEOMETRY_DISABLED,none,MODEL_ORIGIN_FRAME_NOT_ESTABLISHED,nan,nan,nan,nan,nan,nan,nan,nan,nan,nan,nan,nan,nan,NOT_EVALUATED,nan,nan,nan,0.0,BEFORE_HISTORY,nan,nan,nan,nan,nan,nan
0.0,1791339371.7844691,1791339371.7923672,1791339371.7923672,front_rgbd_red_sphere,False,False,False,DEPTH_FRAME_UNMATCHED,17.2,17.1,1791339371.4071968,1791339371.7844691,1791339365.2219672,1791339365.2219672,1791339365.2219672,0.09999999999999787,1791339365.1339755,1791339365.623531,1791339365.470687,1791339365.623531,1791339365.4746869,1791339365.6275344,1791339365.129972,1791339365.623531,1791339365.1339755,1791339365.6275344,1791339354.1699672,GAZEBO_CLOCK_SYSTEM_INTERPOLATION,MAPPED_EXACT,0,11.052,1791339365.2219672,0.0017995834350585938,0.0,RGB,0.0,0,1,0,UNCALIBRATED,PREPARATION,UNKNOWN,TURNING,0.0,0,0.0,nan,nan,nan,nan,False,0.0,0.0,0.0,0.0,0,0,0,0,0,0.0,0.0,0.0,0.0,0.0,0.0,0.0,0.0,0.0,0.0,0.0,0.0,0.0,0.0,0.0,0.0,0.0,0.0,0.0,0.0,0.0,0.0,0.0,0.0,0.0,0.0,0.0,0.0,False,CLOCK_REFERENCE_READY,0,17.6,1791339371.7877727,nan,nan,nan,nan,nan,nan,nan,nan,nan,nan,nan,nan,nan,nan,nan,nan,nan,nan,nan,nan,nan,nan,nan,nan,nan,nan,nan,nan,nan,nan,nan,nan,nan,nan,nan,nan,nan,nan,nan,nan,nan,nan,nan,nan,nan,nan,nan,True,GEOMETRY_DISABLED,none,MODEL_ORIGIN_FRAME_NOT_ESTABLISHED,nan,nan,nan,nan,nan,nan,nan,nan,nan,nan,nan,nan,nan,NOT_EVALUATED,nan,nan,nan,0.0,BEFORE_HISTORY,nan,nan,nan,nan,nan,nan
0.0,1791339371.8855402,1791339371.8924847,1791339371.8924847,front_rgbd_red_sphere,False,False,False,DEPTH_FRAME_UNMATCHED,17.3,17.2,1791339371.5060701,1791339371.8855402,1791339365.2219672,1791339365.2219672,1791339365.2219672,0.10000000000000142,1791339365.1339755,1791339365.623531,1791339365.470687,1791339365.623531,1791339365.4746869,1791339365.6275344,1791339365.129972,1791339365.623531,1791339365.1339755,1791339365.6275344,1791339354.1699672,GAZEBO_CLOCK_SYSTEM_INTERPOLATION,MAPPED_EXACT,0,11.052,1791339365.2219672,0.0017995834350585938,0.0,RGB,0.0,0,1,0,UNCALIBRATED,PREPARATION,UNKNOWN,TURNING,0.0,0,0.0,nan,nan,nan,nan,False,0.0,0.0,0.0,0.0,0,0,0,0,0,0.0,0.0,0.0,0.0,0.0,0.0,0.0,0.0,0.0,0.0,0.0,0.0,0.0,0.0,0.0,0.0,0.0,0.0,0.0,0.0,0.0,0.0,0.0,0.0,0.0,0.0,0.0,0.0,False,CLOCK_REFERENCE_READY,0,17.7,1791339371.887771,nan,nan,nan,nan,nan,nan,nan,nan,nan,nan,nan,nan,nan,nan,nan,nan,nan,nan,nan,nan,nan,nan,nan,nan,nan,nan,nan,nan,nan,nan,nan,nan,nan,nan,nan,nan,nan,nan,nan,nan,nan,nan,nan,nan,nan,nan,nan,True,GEOMETRY_DISABLED,none,MODEL_ORIGIN_FRAME_NOT_ESTABLISHED,nan,nan,nan,nan,nan,nan,nan,nan,nan,nan,nan,nan,nan,NOT_EVALUATED,nan,nan,nan,0.0,BEFORE_HISTORY,nan,nan,nan,nan,nan,nan
0.0,1791339371.9868271,1791339371.992347,1791339371.992347,front_rgbd_red_sphere,False,False,False,DEPTH_FRAME_UNMATCHED,17.4,17.3,1791339371.6166558,1791339371.9868271,1791339365.2219672,1791339365.2219672,1791339365.2219672,0.09999999999999787,1791339365.1339755,1791339365.623531,1791339365.470687,1791339365.623531,1791339365.4746869,1791339365.6275344,1791339365.129972,1791339365.623531,1791339365.1339755,1791339365.6275344,1791339354.1699672,GAZEBO_CLOCK_SYSTEM_INTERPOLATION,MAPPED_EXACT,0,11.052,1791339365.2219672,0.0017995834350585938,0.0,RGB,0.0,0,1,0,UNCALIBRATED,PREPARATION,UNKNOWN,TURNING,0.0,0,0.0,nan,nan,nan,nan,False,0.0,0.0,0.0,0.0,0,0,0,0,0,0.0,0.0,0.0,0.0,0.0,0.0,0.0,0.0,0.0,0.0,0.0,0.0,0.0,0.0,0.0,0.0,0.0,0.0,0.0,0.0,0.0,0.0,0.0,0.0,0.0,0.0,0.0,0.0,False,CLOCK_REFERENCE_READY,0,17.8,1791339371.9877734,nan,nan,nan,nan,nan,nan,nan,nan,nan,nan,nan,nan,nan,nan,nan,nan,nan,nan,nan,nan,nan,nan,nan,nan,nan,nan,nan,nan,nan,nan,nan,nan,nan,nan,nan,nan,nan,nan,nan,nan,nan,nan,nan,nan,nan,nan,nan,True,GEOMETRY_DISABLED,none,MODEL_ORIGIN_FRAME_NOT_ESTABLISHED,nan,nan,nan,nan,nan,nan,nan,nan,nan,nan,nan,nan,nan,NOT_EVALUATED,nan,nan,nan,0.0,BEFORE_HISTORY,nan,nan,nan,nan,nan,nan
0.0,1791339372.071094,1791339372.092456,1791339372.092456,front_rgbd_red_sphere,False,False,False,DEPTH_FRAME_UNMATCHED,17.5,17.4,1791339371.7067175,1791339372.071094,1791339365.2219672,1791339365.2219672,1791339365.2219672,0.10000000000000142,1791339365.1339755,1791339365.623531,1791339365.470687,1791339365.623531,1791339365.4746869,1791339365.6275344,1791339365.129972,1791339365.623531,1791339365.1339755,1791339365.6275344,1791339354.1699672,GAZEBO_CLOCK_SYSTEM_INTERPOLATION,MAPPED_EXACT,0,11.052,1791339365.2219672,0.0017995834350585938,0.0,RGB,0.0,0,1,0,UNCALIBRATED,PREPARATION,UNKNOWN,TURNING,0.0,0,0.0,nan,nan,nan,nan,False,0.0,0.0,0.0,0.0,0,0,0,0,0,0.0,0.0,0.0,0.0,0.0,0.0,0.0,0.0,0.0,0.0,0.0,0.0,0.0,0.0,0.0,0.0,0.0,0.0,0.0,0.0,0.0,0.0,0.0,0.0,0.0,0.0,0.0,0.0,False,CLOCK_REFERENCE_READY,0,17.9,1791339372.0877707,nan,nan,nan,nan,nan,nan,nan,nan,nan,nan,nan,nan,nan,nan,nan,nan,nan,nan,nan,nan,nan,nan,nan,nan,nan,nan,nan,nan,nan,nan,nan,nan,nan,nan,nan,nan,nan,nan,nan,nan,nan,nan,nan,nan,nan,nan,nan,True,GEOMETRY_DISABLED,none,MODEL_ORIGIN_FRAME_NOT_ESTABLISHED,nan,nan,nan,nan,nan,nan,nan,nan,nan,nan,nan,nan,nan,NOT_EVALUATED,nan,nan,nan,0.0,BEFORE_HISTORY,nan,nan,nan,nan,nan,nan
0.0,1791339372.1717255,1791339372.1924105,1791339372.1924105,front_rgbd_red_sphere,False,False,False,DEPTH_FRAME_UNMATCHED,17.6,17.5,1791339371.805239,1791339372.1717255,1791339365.2219672,1791339365.2219672,1791339365.2219672,0.10000000000000142,1791339365.1339755,1791339365.623531,1791339365.470687,1791339365.623531,1791339365.4746869,1791339365.6275344,1791339365.129972,1791339365.623531,1791339365.1339755,1791339365.6275344,1791339354.1699672,GAZEBO_CLOCK_SYSTEM_INTERPOLATION,MAPPED_EXACT,0,11.052,1791339365.2219672,0.0017995834350585938,0.0,RGB,0.0,0,1,0,UNCALIBRATED,PREPARATION,UNKNOWN,TURNING,0.0,0,0.0,nan,nan,nan,nan,False,0.0,0.0,0.0,0.0,0,0,0,0,0,0.0,0.0,0.0,0.0,0.0,0.0,0.0,0.0,0.0,0.0,0.0,0.0,0.0,0.0,0.0,0.0,0.0,0.0,0.0,0.0,0.0,0.0,0.0,0.0,0.0,0.0,0.0,0.0,False,CLOCK_REFERENCE_READY,0,18.0,1791339372.1877713,nan,nan,nan,nan,nan,nan,nan,nan,nan,nan,nan,nan,nan,nan,nan,nan,nan,nan,nan,nan,nan,nan,nan,nan,nan,nan,nan,nan,nan,nan,nan,nan,nan,nan,nan,nan,nan,nan,nan,nan,nan,nan,nan,nan,nan,nan,nan,True,GEOMETRY_DISABLED,none,MODEL_ORIGIN_FRAME_NOT_ESTABLISHED,nan,nan,nan,nan,nan,nan,nan,nan,nan,nan,nan,nan,nan,NOT_EVALUATED,nan,nan,nan,0.0,BEFORE_HISTORY,nan,nan,nan,nan,nan,nan
0.0,1791339372.7781332,1791339372.792415,1791339372.792415,front_rgbd_red_sphere,False,False,False,DEPTH_FRAME_UNMATCHED,18.2,18.1,1791339372.404503,1791339372.7781332,1791339365.2219672,1791339365.2219672,1791339365.2219672,0.09999999999999787,1791339365.1339755,1791339365.623531,1791339365.470687,1791339365.623531,1791339365.4746869,1791339365.6275344,1791339365.129972,1791339365.623531,1791339365.1339755,1791339365.6275344,1791339354.1699672,GAZEBO_CLOCK_SYSTEM_INTERPOLATION,MAPPED_EXACT,0,11.052,1791339365.2219672,0.0017995834350585938,0.0,RGB,0.0,0,1,0,UNCALIBRATED,PREPARATION,UNKNOWN,TURNING,0.0,0,0.0,nan,nan,nan,nan,False,0.0,0.0,0.0,0.0,0,0,0,0,0,0.0,0.0,0.0,0.0,0.0,0.0,0.0,0.0,0.0,0.0,0.0,0.0,0.0,0.0,0.0,0.0,0.0,0.0,0.0,0.0,0.0,0.0,0.0,0.0,0.0,0.0,0.0,0.0,False,CLOCK_REFERENCE_READY,0,18.6,1791339372.7877562,nan,nan,nan,nan,nan,nan,nan,nan,nan,nan,nan,nan,nan,nan,nan,nan,nan,nan,nan,nan,nan,nan,nan,nan,nan,nan,nan,nan,nan,nan,nan,nan,nan,nan,nan,nan,nan,nan,nan,nan,nan,nan,nan,nan,nan,nan,nan,True,GEOMETRY_DISABLED,none,MODEL_ORIGIN_FRAME_NOT_ESTABLISHED,nan,nan,nan,nan,nan,nan,nan,nan,nan,nan,nan,nan,nan,NOT_EVALUATED,nan,nan,nan,0.0,BEFORE_HISTORY,nan,nan,nan,nan,nan,nan
0.0,1791339372.8612826,1791339372.892446,1791339372.892446,front_rgbd_red_sphere,False,False,False,DEPTH_FRAME_UNMATCHED,18.3,18.2,1791339372.5071836,1791339372.8612826,1791339365.2219672,1791339365.2219672,1791339365.2219672,0.10000000000000142,1791339365.1339755,1791339365.623531,1791339365.470687,1791339365.623531,1791339365.4746869,1791339365.6275344,1791339365.129972,1791339365.623531,1791339365.1339755,1791339365.6275344,1791339354.1699672,GAZEBO_CLOCK_SYSTEM_INTERPOLATION,MAPPED_EXACT,0,11.052,1791339365.2219672,0.0017995834350585938,0.0,RGB,0.0,0,1,0,UNCALIBRATED,PREPARATION,UNKNOWN,TURNING,0.0,0,0.0,nan,nan,nan,nan,False,0.0,0.0,0.0,0.0,0,0,0,0,0,0.0,0.0,0.0,0.0,0.0,0.0,0.0,0.0,0.0,0.0,0.0,0.0,0.0,0.0,0.0,0.0,0.0,0.0,0.0,0.0,0.0,0.0,0.0,0.0,0.0,0.0,0.0,0.0,False,CLOCK_REFERENCE_READY,0,18.7,1791339372.8877668,nan,nan,nan,nan,nan,nan,nan,nan,nan,nan,nan,nan,nan,nan,nan,nan,nan,nan,nan,nan,nan,nan,nan,nan,nan,nan,nan,nan,nan,nan,nan,nan,nan,nan,nan,nan,nan,nan,nan,nan,nan,nan,nan,nan,nan,nan,nan,True,GEOMETRY_DISABLED,none,MODEL_ORIGIN_FRAME_NOT_ESTABLISHED,nan,nan,nan,nan,nan,nan,nan,nan,nan,nan,nan,nan,nan,NOT_EVALUATED,nan,nan,nan,0.0,BEFORE_HISTORY,nan,nan,nan,nan,nan,nan
0.0,1791339373.4257197,1791339373.492279,1791339373.492279,front_rgbd_red_sphere,False,False,False,DEPTH_FRAME_UNMATCHED,18.852,18.7,1791339373.060973,1791339373.4257197,1791339365.2219672,1791339365.2219672,1791339365.2219672,0.15200000000000102,1791339365.1339755,1791339365.623531,1791339365.470687,1791339365.623531,1791339365.4746869,1791339365.6275344,1791339365.129972,1791339365.623531,1791339365.1339755,1791339365.6275344,1791339354.1699672,GAZEBO_CLOCK_SYSTEM_INTERPOLATION,MAPPED_EXACT,0,11.052,1791339365.2219672,0.0017995834350585938,0.0,RGB,0.0,0,1,0,UNCALIBRATED,PREPARATION,UNKNOWN,TURNING,0.0,0,0.0,nan,nan,nan,nan,False,0.0,0.0,0.0,0.0,0,0,0,0,0,0.0,0.0,0.0,0.0,0.0,0.0,0.0,0.0,0.0,0.0,0.0,0.0,0.0,0.0,0.0,0.0,0.0,0.0,0.0,0.0,0.0,0.0,0.0,0.0,0.0,0.0,0.0,0.0,False,MAPPED_EXACT,0,19.3,1791339373.4877672,nan,nan,nan,nan,nan,nan,nan,nan,nan,nan,nan,nan,nan,nan,nan,nan,nan,nan,nan,nan,nan,nan,nan,nan,nan,nan,nan,nan,nan,nan,nan,nan,nan,nan,nan,nan,nan,nan,nan,nan,nan,nan,nan,nan,nan,nan,nan,True,GEOMETRY_DISABLED,none,MODEL_ORIGIN_FRAME_NOT_ESTABLISHED,nan,nan,nan,nan,nan,nan,nan,nan,nan,nan,nan,nan,nan,NOT_EVALUATED,nan,nan,nan,0.0,BEFORE_HISTORY,nan,nan,nan,nan,nan,nan
1791339373.039771,1791339373.500711,1791339373.5033877,1791339373.5033877,front_rgbd_red_sphere,False,False,True,IMAGE_INVALID,18.852,18.852,1791339373.060973,1791339373.500711,1791339373.039771,1791339373.039771,1791339373.039771,0.0,1791339372.4717689,1791339373.467773,1791339373.3106868,1791339373.467773,1791339373.314687,1791339373.471771,1791339372.4677722,1791339373.467773,1791339372.4717689,1791339373.471771,1791339354.187771,GAZEBO_CLOCK_SYSTEM_INTERPOLATION,MAPPED_EXACT,0,18.852,1791339373.039771,0.01342320442199707,0.0,RGB,0.0,0,1,0,UNCALIBRATED,PREPARATION,UNKNOWN,TURNING,0.0,0,0.0,nan,nan,nan,nan,False,0.0,0.0,0.0,0.0,0,0,0,0,0,0.0,0.0,0.0,0.0,0.0,0.0,0.0,0.0,0.0,0.0,0.0,0.0,0.0,0.0,0.0,0.0,0.0,0.0,0.0,0.0,0.0,0.0,0.0,0.0,0.0,0.0,0.0,0.0,True,MAPPED_EXACT,0,19.3,1791339373.4877672,10.952446593052123,13.969150389349906,-0.3275965312362258,10.952446593052123,13.969150389349906,0.0924034687637742,nan,nan,nan,nan,nan,nan,nan,nan,nan,nan,nan,nan,nan,nan,nan,nan,nan,nan,nan,nan,nan,nan,-0.040334615538077045,-0.07551377317031438,0.004090371463858461,0.08570847267181073,nan,nan,nan,nan,nan,nan,10.9927812085902,14.04466416252022,0.08831309729991574,nan,nan,nan,nan,nan,0.460939884185791,True,GEOMETRY_DISABLED,none,MODEL_ORIGIN_FRAME_NOT_ESTABLISHED,nan,nan,nan,nan,nan,nan,nan,nan,nan,nan,nan,nan,nan,NOT_EVALUATED,nan,nan,nan,1791339373.039771,INTERPOLATED,18.84,18.86,1791339373.02777,1791339373.0477712,0.6000166883217508,0.02000117301940918
0.0,1791339374.7419748,1791339374.792295,1791339374.792295,front_rgbd_red_sphere,False,False,False,DEPTH_FRAME_UNMATCHED,20.152,20.0,1791339374.3931057,1791339374.7419748,1791339373.039771,1791339373.039771,1791339373.039771,0.15200000000000102,1791339372.4717689,1791339373.467773,1791339373.3106868,1791339373.467773,1791339373.314687,1791339373.471771,1791339372.4677722,1791339373.467773,1791339372.4717689,1791339373.471771,1791339354.187771,GAZEBO_CLOCK_SYSTEM_INTERPOLATION,MAPPED_EXACT,0,18.852,1791339373.039771,0.01342320442199707,0.0,RGB,0.0,0,1,0,UNCALIBRATED,PREPARATION,UNKNOWN,TURNING,0.0,0,0.0,nan,nan,nan,nan,False,0.0,0.0,0.0,0.0,0,0,0,0,0,0.0,0.0,0.0,0.0,0.0,0.0,0.0,0.0,0.0,0.0,0.0,0.0,0.0,0.0,0.0,0.0,0.0,0.0,0.0,0.0,0.0,0.0,0.0,0.0,0.0,0.0,0.0,0.0,False,CLOCK_REFERENCE_READY,0,20.556,1791339374.7775328,nan,nan,nan,nan,nan,nan,nan,nan,nan,nan,nan,nan,nan,nan,nan,nan,nan,nan,nan,nan,nan,nan,nan,nan,nan,nan,nan,nan,nan,nan,nan,nan,nan,nan,nan,nan,nan,nan,nan,nan,nan,nan,nan,nan,nan,nan,nan,True,GEOMETRY_DISABLED,none,MODEL_ORIGIN_FRAME_NOT_ESTABLISHED,nan,nan,nan,nan,nan,nan,nan,nan,nan,nan,nan,nan,nan,NOT_EVALUATED,nan,nan,nan,0.0,BEFORE_HISTORY,nan,nan,nan,nan,nan,nan
0.0,1791339375.5746653,1791339375.5923731,1791339375.5923731,front_rgbd_red_sphere,False,False,False,DEPTH_FRAME_UNMATCHED,20.952,20.9,1791339375.1975412,1791339375.5746653,1791339373.039771,1791339373.039771,1791339373.039771,0.052000000000003155,1791339372.4717689,1791339373.467773,1791339373.3106868,1791339373.467773,1791339373.314687,1791339373.471771,1791339372.4677722,1791339373.467773,1791339372.4717689,1791339373.471771,1791339354.187771,GAZEBO_CLOCK_SYSTEM_INTERPOLATION,MAPPED_EXACT,0,18.852,1791339373.039771,0.01342320442199707,0.0,RGB,0.0,0,1,0,UNCALIBRATED,PREPARATION,UNKNOWN,TURNING,0.0,0,0.0,nan,nan,nan,nan,False,0.0,0.0,0.0,0.0,0,0,0,0,0,0.0,0.0,0.0,0.0,0.0,0.0,0.0,0.0,0.0,0.0,0.0,0.0,0.0,0.0,0.0,0.0,0.0,0.0,0.0,0.0,0.0,0.0,0.0,0.0,0.0,0.0,0.0,0.0,False,CLOCK_REFERENCE_READY,0,21.356,1791339375.5775347,nan,nan,nan,nan,nan,nan,nan,nan,nan,nan,nan,nan,nan,nan,nan,nan,nan,nan,nan,nan,nan,nan,nan,nan,nan,nan,nan,nan,nan,nan,nan,nan,nan,nan,nan,nan,nan,nan,nan,nan,nan,nan,nan,nan,nan,nan,nan,True,GEOMETRY_DISABLED,none,MODEL_ORIGIN_FRAME_NOT_ESTABLISHED,nan,nan,nan,nan,nan,nan,nan,nan,nan,nan,nan,nan,nan,NOT_EVALUATED,nan,nan,nan,0.0,BEFORE_HISTORY,nan,nan,nan,nan,nan,nan
0.0,1791339375.6616738,1791339375.6923447,1791339375.6923447,front_rgbd_red_sphere,False,False,False,DEPTH_FRAME_UNMATCHED,21.052,20.952,1791339375.2962692,1791339375.6616738,1791339373.039771,1791339373.039771,1791339373.039771,0.09999999999999787,1791339372.4717689,1791339373.467773,1791339373.3106868,1791339373.467773,1791339373.314687,1791339373.471771,1791339372.4677722,1791339373.467773,1791339372.4717689,1791339373.471771,1791339354.187771,GAZEBO_CLOCK_SYSTEM_INTERPOLATION,MAPPED_EXACT,0,18.852,1791339373.039771,0.01342320442199707,0.0,RGB,0.0,0,1,0,UNCALIBRATED,PREPARATION,UNKNOWN,TURNING,0.0,0,0.0,nan,nan,nan,nan,False,0.0,0.0,0.0,0.0,0,0,0,0,0,0.0,0.0,0.0,0.0,0.0,0.0,0.0,0.0,0.0,0.0,0.0,0.0,0.0,0.0,0.0,0.0,0.0,0.0,0.0,0.0,0.0,0.0,0.0,0.0,0.0,0.0,0.0,0.0,False,CLOCK_REFERENCE_READY,0,21.456,1791339375.6775408,nan,nan,nan,nan,nan,nan,nan,nan,nan,nan,nan,nan,nan,nan,nan,nan,nan,nan,nan,nan,nan,nan,nan,nan,nan,nan,nan,nan,nan,nan,nan,nan,nan,nan,nan,nan,nan,nan,nan,nan,nan,nan,nan,nan,nan,nan,nan,True,GEOMETRY_DISABLED,none,MODEL_ORIGIN_FRAME_NOT_ESTABLISHED,nan,nan,nan,nan,nan,nan,nan,nan,nan,nan,nan,nan,nan,NOT_EVALUATED,nan,nan,nan,0.0,BEFORE_HISTORY,nan,nan,nan,nan,nan,nan
0.0,1791339375.7653263,1791339375.7923608,1791339375.7923608,front_rgbd_red_sphere,False,False,False,DEPTH_FRAME_UNMATCHED,21.152,21.052,1791339375.3976586,1791339375.7653263,1791339373.039771,1791339373.039771,1791339373.039771,0.10000000000000142,1791339372.4717689,1791339373.467773,1791339373.3106868,1791339373.467773,1791339373.314687,1791339373.471771,1791339372.4677722,1791339373.467773,1791339372.4717689,1791339373.471771,1791339354.187771,GAZEBO_CLOCK_SYSTEM_INTERPOLATION,MAPPED_EXACT,0,18.852,1791339373.039771,0.01342320442199707,0.0,RGB,0.0,0,1,0,UNCALIBRATED,PREPARATION,UNKNOWN,TURNING,0.0,0,0.0,nan,nan,nan,nan,False,0.0,0.0,0.0,0.0,0,0,0,0,0,0.0,0.0,0.0,0.0,0.0,0.0,0.0,0.0,0.0,0.0,0.0,0.0,0.0,0.0,0.0,0.0,0.0,0.0,0.0,0.0,0.0,0.0,0.0,0.0,0.0,0.0,0.0,0.0,False,CLOCK_REFERENCE_READY,0,21.556,1791339375.7775567,nan,nan,nan,nan,nan,nan,nan,nan,nan,nan,nan,nan,nan,nan,nan,nan,nan,nan,nan,nan,nan,nan,nan,nan,nan,nan,nan,nan,nan,nan,nan,nan,nan,nan,nan,nan,nan,nan,nan,nan,nan,nan,nan,nan,nan,nan,nan,True,GEOMETRY_DISABLED,none,MODEL_ORIGIN_FRAME_NOT_ESTABLISHED,nan,nan,nan,nan,nan,nan,nan,nan,nan,nan,nan,nan,nan,NOT_EVALUATED,nan,nan,nan,0.0,BEFORE_HISTORY,nan,nan,nan,nan,nan,nan
0.0,1791339376.2901936,1791339376.2922797,1791339376.2922797,front_rgbd_red_sphere,False,False,False,DEPTH_FRAME_UNMATCHED,21.652,21.552,1791339375.9045045,1791339376.2901936,1791339373.039771,1791339373.039771,1791339373.039771,0.10000000000000142,1791339372.4717689,1791339373.467773,1791339373.3106868,1791339373.467773,1791339373.314687,1791339373.471771,1791339372.4677722,1791339373.467773,1791339372.4717689,1791339373.471771,1791339354.187771,GAZEBO_CLOCK_SYSTEM_INTERPOLATION,MAPPED_EXACT,0,18.852,1791339373.039771,0.01342320442199707,0.0,RGB,0.0,0,1,0,UNCALIBRATED,PREPARATION,UNKNOWN,TURNING,0.0,0,0.0,nan,nan,nan,nan,False,0.0,0.0,0.0,0.0,0,0,0,0,0,0.0,0.0,0.0,0.0,0.0,0.0,0.0,0.0,0.0,0.0,0.0,0.0,0.0,0.0,0.0,0.0,0.0,0.0,0.0,0.0,0.0,0.0,0.0,0.0,0.0,0.0,0.0,0.0,False,CLOCK_REFERENCE_READY,0,22.056,1791339376.2775588,nan,nan,nan,nan,nan,nan,nan,nan,nan,nan,nan,nan,nan,nan,nan,nan,nan,nan,nan,nan,nan,nan,nan,nan,nan,nan,nan,nan,nan,nan,nan,nan,nan,nan,nan,nan,nan,nan,nan,nan,nan,nan,nan,nan,nan,nan,nan,True,GEOMETRY_DISABLED,none,MODEL_ORIGIN_FRAME_NOT_ESTABLISHED,nan,nan,nan,nan,nan,nan,nan,nan,nan,nan,nan,nan,nan,NOT_EVALUATED,nan,nan,nan,0.0,BEFORE_HISTORY,nan,nan,nan,nan,nan,nan
0.0,1791339376.3883572,1791339376.3923697,1791339376.3923697,front_rgbd_red_sphere,False,False,False,DEPTH_FRAME_UNMATCHED,21.752,21.652,1791339375.9972038,1791339376.3883572,1791339373.039771,1791339373.039771,1791339373.039771,0.09999999999999787,1791339372.4717689,1791339373.467773,1791339373.3106868,1791339373.467773,1791339373.314687,1791339373.471771,1791339372.4677722,1791339373.467773,1791339372.4717689,1791339373.471771,1791339354.187771,GAZEBO_CLOCK_SYSTEM_INTERPOLATION,MAPPED_EXACT,0,18.852,1791339373.039771,0.01342320442199707,0.0,RGB,0.0,0,1,0,UNCALIBRATED,PREPARATION,UNKNOWN,TURNING,0.0,0,0.0,nan,nan,nan,nan,False,0.0,0.0,0.0,0.0,0,0,0,0,0,0.0,0.0,0.0,0.0,0.0,0.0,0.0,0.0,0.0,0.0,0.0,0.0,0.0,0.0,0.0,0.0,0.0,0.0,0.0,0.0,0.0,0.0,0.0,0.0,0.0,0.0,0.0,0.0,False,CLOCK_REFERENCE_READY,0,22.156,1791339376.3775458,nan,nan,nan,nan,nan,nan,nan,nan,nan,nan,nan,nan,nan,nan,nan,nan,nan,nan,nan,nan,nan,nan,nan,nan,nan,nan,nan,nan,nan,nan,nan,nan,nan,nan,nan,nan,nan,nan,nan,nan,nan,nan,nan,nan,nan,nan,nan,True,GEOMETRY_DISABLED,none,MODEL_ORIGIN_FRAME_NOT_ESTABLISHED,nan,nan,nan,nan,nan,nan,nan,nan,nan,nan,nan,nan,nan,NOT_EVALUATED,nan,nan,nan,0.0,BEFORE_HISTORY,nan,nan,nan,nan,nan,nan
0.0,1791339376.4841464,1791339376.492294,1791339376.492294,front_rgbd_red_sphere,False,False,False,DEPTH_FRAME_UNMATCHED,21.852,21.752,1791339376.0975404,1791339376.4841464,1791339373.039771,1791339373.039771,1791339373.039771,0.10000000000000142,1791339372.4717689,1791339373.467773,1791339373.3106868,1791339373.467773,1791339373.314687,1791339373.471771,1791339372.4677722,1791339373.467773,1791339372.4717689,1791339373.471771,1791339354.187771,GAZEBO_CLOCK_SYSTEM_INTERPOLATION,MAPPED_EXACT,0,18.852,1791339373.039771,0.01342320442199707,0.0,RGB,0.0,0,1,0,UNCALIBRATED,PREPARATION,UNKNOWN,TURNING,0.0,0,0.0,nan,nan,nan,nan,False,0.0,0.0,0.0,0.0,0,0,0,0,0,0.0,0.0,0.0,0.0,0.0,0.0,0.0,0.0,0.0,0.0,0.0,0.0,0.0,0.0,0.0,0.0,0.0,0.0,0.0,0.0,0.0,0.0,0.0,0.0,0.0,0.0,0.0,0.0,False,CLOCK_REFERENCE_READY,0,22.256,1791339376.4775743,nan,nan,nan,nan,nan,nan,nan,nan,nan,nan,nan,nan,nan,nan,nan,nan,nan,nan,nan,nan,nan,nan,nan,nan,nan,nan,nan,nan,nan,nan,nan,nan,nan,nan,nan,nan,nan,nan,nan,nan,nan,nan,nan,nan,nan,nan,nan,True,GEOMETRY_DISABLED,none,MODEL_ORIGIN_FRAME_NOT_ESTABLISHED,nan,nan,nan,nan,nan,nan,nan,nan,nan,nan,nan,nan,nan,NOT_EVALUATED,nan,nan,nan,0.0,BEFORE_HISTORY,nan,nan,nan,nan,nan,nan
0.0,1791339376.8759015,1791339376.8923392,1791339376.8923392,front_rgbd_red_sphere,False,False,False,DEPTH_FRAME_UNMATCHED,22.252,22.152,1791339376.4977107,1791339376.8759015,1791339373.039771,1791339373.039771,1791339373.039771,0.09999999999999787,1791339372.4717689,1791339373.467773,1791339373.3106868,1791339373.467773,1791339373.314687,1791339373.471771,1791339372.4677722,1791339373.467773,1791339372.4717689,1791339373.471771,1791339354.187771,GAZEBO_CLOCK_SYSTEM_INTERPOLATION,MAPPED_EXACT,0,18.852,1791339373.039771,0.01342320442199707,0.0,RGB,0.0,0,1,0,UNCALIBRATED,PREPARATION,UNKNOWN,TURNING,0.0,0,0.0,nan,nan,nan,nan,False,0.0,0.0,0.0,0.0,0,0,0,0,0,0.0,0.0,0.0,0.0,0.0,0.0,0.0,0.0,0.0,0.0,0.0,0.0,0.0,0.0,0.0,0.0,0.0,0.0,0.0,0.0,0.0,0.0,0.0,0.0,0.0,0.0,0.0,0.0,False,CLOCK_REFERENCE_READY,0,22.656,1791339376.877544,nan,nan,nan,nan,nan,nan,nan,nan,nan,nan,nan,nan,nan,nan,nan,nan,nan,nan,nan,nan,nan,nan,nan,nan,nan,nan,nan,nan,nan,nan,nan,nan,nan,nan,nan,nan,nan,nan,nan,nan,nan,nan,nan,nan,nan,nan,nan,True,GEOMETRY_DISABLED,none,MODEL_ORIGIN_FRAME_NOT_ESTABLISHED,nan,nan,nan,nan,nan,nan,nan,nan,nan,nan,nan,nan,nan,NOT_EVALUATED,nan,nan,nan,0.0,BEFORE_HISTORY,nan,nan,nan,nan,nan,nan
0.0,1791339376.9461708,1791339376.992447,1791339376.992447,front_rgbd_red_sphere,False,False,False,DEPTH_FRAME_UNMATCHED,22.352,22.252,1791339376.599343,1791339376.9461708,1791339373.039771,1791339373.039771,1791339373.039771,0.10000000000000142,1791339372.4717689,1791339373.467773,1791339373.3106868,1791339373.467773,1791339373.314687,1791339373.471771,1791339372.4677722,1791339373.467773,1791339372.4717689,1791339373.471771,1791339354.187771,GAZEBO_CLOCK_SYSTEM_INTERPOLATION,MAPPED_EXACT,0,18.852,1791339373.039771,0.01342320442199707,0.0,RGB,0.0,0,1,0,UNCALIBRATED,PREPARATION,UNKNOWN,TURNING,0.0,0,0.0,nan,nan,nan,nan,False,0.0,0.0,0.0,0.0,0,0,0,0,0,0.0,0.0,0.0,0.0,0.0,0.0,0.0,0.0,0.0,0.0,0.0,0.0,0.0,0.0,0.0,0.0,0.0,0.0,0.0,0.0,0.0,0.0,0.0,0.0,0.0,0.0,0.0,0.0,False,CLOCK_REFERENCE_READY,0,22.756,1791339376.9775403,nan,nan,nan,nan,nan,nan,nan,nan,nan,nan,nan,nan,nan,nan,nan,nan,nan,nan,nan,nan,nan,nan,nan,nan,nan,nan,nan,nan,nan,nan,nan,nan,nan,nan,nan,nan,nan,nan,nan,nan,nan,nan,nan,nan,nan,nan,nan,True,GEOMETRY_DISABLED,none,MODEL_ORIGIN_FRAME_NOT_ESTABLISHED,nan,nan,nan,nan,nan,nan,nan,nan,nan,nan,nan,nan,nan,NOT_EVALUATED,nan,nan,nan,0.0,BEFORE_HISTORY,nan,nan,nan,nan,nan,nan
0.0,1791339377.2835097,1791339377.2923756,1791339377.2923756,front_rgbd_red_sphere,False,False,False,DEPTH_FRAME_UNMATCHED,22.652,22.552,1791339376.8973143,1791339377.2835097,1791339373.039771,1791339373.039771,1791339373.039771,0.10000000000000142,1791339372.4717689,1791339373.467773,1791339373.3106868,1791339373.467773,1791339373.314687,1791339373.471771,1791339372.4677722,1791339373.467773,1791339372.4717689,1791339373.471771,1791339354.187771,GAZEBO_CLOCK_SYSTEM_INTERPOLATION,MAPPED_EXACT,0,18.852,1791339373.039771,0.01342320442199707,0.0,RGB,0.0,0,1,0,UNCALIBRATED,PREPARATION,UNKNOWN,TURNING,0.0,0,0.0,nan,nan,nan,nan,False,0.0,0.0,0.0,0.0,0,0,0,0,0,0.0,0.0,0.0,0.0,0.0,0.0,0.0,0.0,0.0,0.0,0.0,0.0,0.0,0.0,0.0,0.0,0.0,0.0,0.0,0.0,0.0,0.0,0.0,0.0,0.0,0.0,0.0,0.0,False,CLOCK_REFERENCE_READY,0,23.056,1791339377.2775738,nan,nan,nan,nan,nan,nan,nan,nan,nan,nan,nan,nan,nan,nan,nan,nan,nan,nan,nan,nan,nan,nan,nan,nan,nan,nan,nan,nan,nan,nan,nan,nan,nan,nan,nan,nan,nan,nan,nan,nan,nan,nan,nan,nan,nan,nan,nan,True,GEOMETRY_DISABLED,none,MODEL_ORIGIN_FRAME_NOT_ESTABLISHED,nan,nan,nan,nan,nan,nan,nan,nan,nan,nan,nan,nan,nan,NOT_EVALUATED,nan,nan,nan,0.0,BEFORE_HISTORY,nan,nan,nan,nan,nan,nan
0.0,1791339377.357874,1791339377.3924913,1791339377.3924913,front_rgbd_red_sphere,False,False,False,DEPTH_FRAME_UNMATCHED,22.752,22.652,1791339377.0066943,1791339377.357874,1791339373.039771,1791339373.039771,1791339373.039771,0.09999999999999787,1791339372.4717689,1791339373.467773,1791339373.3106868,1791339373.467773,1791339373.314687,1791339373.471771,1791339372.4677722,1791339373.467773,1791339372.4717689,1791339373.471771,1791339354.187771,GAZEBO_CLOCK_SYSTEM_INTERPOLATION,MAPPED_EXACT,0,18.852,1791339373.039771,0.01342320442199707,0.0,RGB,0.0,0,1,0,UNCALIBRATED,PREPARATION,UNKNOWN,TURNING,0.0,0,0.0,nan,nan,nan,nan,False,0.0,0.0,0.0,0.0,0,0,0,0,0,0.0,0.0,0.0,0.0,0.0,0.0,0.0,0.0,0.0,0.0,0.0,0.0,0.0,0.0,0.0,0.0,0.0,0.0,0.0,0.0,0.0,0.0,0.0,0.0,0.0,0.0,0.0,0.0,False,CLOCK_REFERENCE_READY,0,23.156,1791339377.377557,nan,nan,nan,nan,nan,nan,nan,nan,nan,nan,nan,nan,nan,nan,nan,nan,nan,nan,nan,nan,nan,nan,nan,nan,nan,nan,nan,nan,nan,nan,nan,nan,nan,nan,nan,nan,nan,nan,nan,nan,nan,nan,nan,nan,nan,nan,nan,True,GEOMETRY_DISABLED,none,MODEL_ORIGIN_FRAME_NOT_ESTABLISHED,nan,nan,nan,nan,nan,nan,nan,nan,nan,nan,nan,nan,nan,NOT_EVALUATED,nan,nan,nan,0.0,BEFORE_HISTORY,nan,nan,nan,nan,nan,nan
0.0,1791339377.4535081,1791339377.4924033,1791339377.4924033,front_rgbd_red_sphere,False,False,False,DEPTH_FRAME_UNMATCHED,22.852,22.752,1791339377.0973434,1791339377.4535081,1791339373.039771,1791339373.039771,1791339373.039771,0.10000000000000142,1791339372.4717689,1791339373.467773,1791339373.3106868,1791339373.467773,1791339373.314687,1791339373.471771,1791339372.4677722,1791339373.467773,1791339372.4717689,1791339373.471771,1791339354.187771,GAZEBO_CLOCK_SYSTEM_INTERPOLATION,MAPPED_EXACT,0,18.852,1791339373.039771,0.01342320442199707,0.0,RGB,0.0,0,1,0,UNCALIBRATED,PREPARATION,UNKNOWN,TURNING,0.0,0,0.0,nan,nan,nan,nan,False,0.0,0.0,0.0,0.0,0,0,0,0,0,0.0,0.0,0.0,0.0,0.0,0.0,0.0,0.0,0.0,0.0,0.0,0.0,0.0,0.0,0.0,0.0,0.0,0.0,0.0,0.0,0.0,0.0,0.0,0.0,0.0,0.0,0.0,0.0,False,CLOCK_REFERENCE_READY,0,23.256,1791339377.4775395,nan,nan,nan,nan,nan,nan,nan,nan,nan,nan,nan,nan,nan,nan,nan,nan,nan,nan,nan,nan,nan,nan,nan,nan,nan,nan,nan,nan,nan,nan,nan,nan,nan,nan,nan,nan,nan,nan,nan,nan,nan,nan,nan,nan,nan,nan,nan,True,GEOMETRY_DISABLED,none,MODEL_ORIGIN_FRAME_NOT_ESTABLISHED,nan,nan,nan,nan,nan,nan,nan,nan,nan,nan,nan,nan,nan,NOT_EVALUATED,nan,nan,nan,0.0,BEFORE_HISTORY,nan,nan,nan,nan,nan,nan
0.0,1791339377.85315,1791339377.892513,1791339377.892513,front_rgbd_red_sphere,False,False,False,DEPTH_FRAME_UNMATCHED,23.252,23.152,1791339377.4986858,1791339377.85315,1791339373.039771,1791339373.039771,1791339373.039771,0.09999999999999787,1791339372.4717689,1791339373.467773,1791339373.3106868,1791339373.467773,1791339373.314687,1791339373.471771,1791339372.4677722,1791339373.467773,1791339372.4717689,1791339373.471771,1791339354.187771,GAZEBO_CLOCK_SYSTEM_INTERPOLATION,MAPPED_EXACT,0,18.852,1791339373.039771,0.01342320442199707,0.0,RGB,0.0,0,1,0,UNCALIBRATED,PREPARATION,UNKNOWN,TURNING,0.0,0,0.0,nan,nan,nan,nan,False,0.0,0.0,0.0,0.0,0,0,0,0,0,0.0,0.0,0.0,0.0,0.0,0.0,0.0,0.0,0.0,0.0,0.0,0.0,0.0,0.0,0.0,0.0,0.0,0.0,0.0,0.0,0.0,0.0,0.0,0.0,0.0,0.0,0.0,0.0,False,CLOCK_REFERENCE_READY,0,23.652,1791339377.8735154,nan,nan,nan,nan,nan,nan,nan,nan,nan,nan,nan,nan,nan,nan,nan,nan,nan,nan,nan,nan,nan,nan,nan,nan,nan,nan,nan,nan,nan,nan,nan,nan,nan,nan,nan,nan,nan,nan,nan,nan,nan,nan,nan,nan,nan,nan,nan,True,GEOMETRY_DISABLED,none,MODEL_ORIGIN_FRAME_NOT_ESTABLISHED,nan,nan,nan,nan,nan,nan,nan,nan,nan,nan,nan,nan,nan,NOT_EVALUATED,nan,nan,nan,0.0,BEFORE_HISTORY,nan,nan,nan,nan,nan,nan
0.0,1791339378.381257,1791339378.3924074,1791339378.3924074,front_rgbd_red_sphere,False,False,False,DEPTH_FRAME_UNMATCHED,23.752,23.652,1791339377.997331,1791339378.381257,1791339373.039771,1791339373.039771,1791339373.039771,0.09999999999999787,1791339372.4717689,1791339373.467773,1791339373.3106868,1791339373.467773,1791339373.314687,1791339373.471771,1791339372.4677722,1791339373.467773,1791339372.4717689,1791339373.471771,1791339354.187771,GAZEBO_CLOCK_SYSTEM_INTERPOLATION,MAPPED_EXACT,0,18.852,1791339373.039771,0.01342320442199707,0.0,RGB,0.0,0,1,0,UNCALIBRATED,PREPARATION,UNKNOWN,TURNING,0.0,0,0.0,nan,nan,nan,nan,False,0.0,0.0,0.0,0.0,0,0,0,0,0,0.0,0.0,0.0,0.0,0.0,0.0,0.0,0.0,0.0,0.0,0.0,0.0,0.0,0.0,0.0,0.0,0.0,0.0,0.0,0.0,0.0,0.0,0.0,0.0,0.0,0.0,0.0,0.0,False,CLOCK_REFERENCE_READY,0,24.152,1791339378.373521,nan,nan,nan,nan,nan,nan,nan,nan,nan,nan,nan,nan,nan,nan,nan,nan,nan,nan,nan,nan,nan,nan,nan,nan,nan,nan,nan,nan,nan,nan,nan,nan,nan,nan,nan,nan,nan,nan,nan,nan,nan,nan,nan,nan,nan,nan,nan,True,GEOMETRY_DISABLED,none,MODEL_ORIGIN_FRAME_NOT_ESTABLISHED,nan,nan,nan,nan,nan,nan,nan,nan,nan,nan,nan,nan,nan,NOT_EVALUATED,nan,nan,nan,0.0,BEFORE_HISTORY,nan,nan,nan,nan,nan,nan
0.0,1791339378.469352,1791339378.4923654,1791339378.4923654,front_rgbd_red_sphere,False,False,False,DEPTH_FRAME_UNMATCHED,23.852,23.752,1791339378.0969326,1791339378.469352,1791339373.039771,1791339373.039771,1791339373.039771,0.10000000000000142,1791339372.4717689,1791339373.467773,1791339373.3106868,1791339373.467773,1791339373.314687,1791339373.471771,1791339372.4677722,1791339373.467773,1791339372.4717689,1791339373.471771,1791339354.187771,GAZEBO_CLOCK_SYSTEM_INTERPOLATION,MAPPED_EXACT,0,18.852,1791339373.039771,0.01342320442199707,0.0,RGB,0.0,0,1,0,UNCALIBRATED,PREPARATION,UNKNOWN,TURNING,0.0,0,0.0,nan,nan,nan,nan,False,0.0,0.0,0.0,0.0,0,0,0,0,0,0.0,0.0,0.0,0.0,0.0,0.0,0.0,0.0,0.0,0.0,0.0,0.0,0.0,0.0,0.0,0.0,0.0,0.0,0.0,0.0,0.0,0.0,0.0,0.0,0.0,0.0,0.0,0.0,False,CLOCK_REFERENCE_READY,0,24.252,1791339378.473528,nan,nan,nan,nan,nan,nan,nan,nan,nan,nan,nan,nan,nan,nan,nan,nan,nan,nan,nan,nan,nan,nan,nan,nan,nan,nan,nan,nan,nan,nan,nan,nan,nan,nan,nan,nan,nan,nan,nan,nan,nan,nan,nan,nan,nan,nan,nan,True,GEOMETRY_DISABLED,none,MODEL_ORIGIN_FRAME_NOT_ESTABLISHED,nan,nan,nan,nan,nan,nan,nan,nan,nan,nan,nan,nan,nan,NOT_EVALUATED,nan,nan,nan,0.0,BEFORE_HISTORY,nan,nan,nan,nan,nan,nan
0.0,1791339378.568894,1791339378.5923193,1791339378.5923193,front_rgbd_red_sphere,False,False,False,DEPTH_FRAME_UNMATCHED,23.952,23.852,1791339378.2048187,1791339378.568894,1791339373.039771,1791339373.039771,1791339373.039771,0.10000000000000142,1791339372.4717689,1791339373.467773,1791339373.3106868,1791339373.467773,1791339373.314687,1791339373.471771,1791339372.4677722,1791339373.467773,1791339372.4717689,1791339373.471771,1791339354.187771,GAZEBO_CLOCK_SYSTEM_INTERPOLATION,MAPPED_EXACT,0,18.852,1791339373.039771,0.01342320442199707,0.0,RGB,0.0,0,1,0,UNCALIBRATED,PREPARATION,UNKNOWN,STRAIGHT,0.0,0,0.0,nan,nan,nan,nan,False,0.0,0.0,0.0,0.0,0,0,0,0,0,0.0,0.0,0.0,0.0,0.0,0.0,0.0,0.0,0.0,0.0,0.0,0.0,0.0,0.0,0.0,0.0,0.0,0.0,0.0,0.0,0.0,0.0,0.0,0.0,0.0,0.0,0.0,0.0,False,CLOCK_REFERENCE_READY,0,24.352,1791339378.5735333,nan,nan,nan,nan,nan,nan,nan,nan,nan,nan,nan,nan,nan,nan,nan,nan,nan,nan,nan,nan,nan,nan,nan,nan,nan,nan,nan,nan,nan,nan,nan,nan,nan,nan,nan,nan,nan,nan,nan,nan,nan,nan,nan,nan,nan,nan,nan,True,GEOMETRY_DISABLED,none,MODEL_ORIGIN_FRAME_NOT_ESTABLISHED,nan,nan,nan,nan,nan,nan,nan,nan,nan,nan,nan,nan,nan,NOT_EVALUATED,nan,nan,nan,0.0,BEFORE_HISTORY,nan,nan,nan,nan,nan,nan
0.0,1791339378.6564622,1791339378.6923401,1791339378.6923401,front_rgbd_red_sphere,False,False,False,DEPTH_FRAME_UNMATCHED,24.052,23.952,1791339378.2964141,1791339378.6564622,1791339373.039771,1791339373.039771,1791339373.039771,0.09999999999999787,1791339372.4717689,1791339373.467773,1791339373.3106868,1791339373.467773,1791339373.314687,1791339373.471771,1791339372.4677722,1791339373.467773,1791339372.4717689,1791339373.471771,1791339354.187771,GAZEBO_CLOCK_SYSTEM_INTERPOLATION,MAPPED_EXACT,0,18.852,1791339373.039771,0.01342320442199707,0.0,RGB,0.0,0,1,0,UNCALIBRATED,PREPARATION,UNKNOWN,STRAIGHT,0.0,0,0.0,nan,nan,nan,nan,False,0.0,0.0,0.0,0.0,0,0,0,0,0,0.0,0.0,0.0,0.0,0.0,0.0,0.0,0.0,0.0,0.0,0.0,0.0,0.0,0.0,0.0,0.0,0.0,0.0,0.0,0.0,0.0,0.0,0.0,0.0,0.0,0.0,0.0,0.0,False,CLOCK_REFERENCE_READY,0,24.452,1791339378.6735198,nan,nan,nan,nan,nan,nan,nan,nan,nan,nan,nan,nan,nan,nan,nan,nan,nan,nan,nan,nan,nan,nan,nan,nan,nan,nan,nan,nan,nan,nan,nan,nan,nan,nan,nan,nan,nan,nan,nan,nan,nan,nan,nan,nan,nan,nan,nan,True,GEOMETRY_DISABLED,none,MODEL_ORIGIN_FRAME_NOT_ESTABLISHED,nan,nan,nan,nan,nan,nan,nan,nan,nan,nan,nan,nan,nan,NOT_EVALUATED,nan,nan,nan,0.0,BEFORE_HISTORY,nan,nan,nan,nan,nan,nan
0.0,1791339378.7453575,1791339378.7923577,1791339378.7923577,front_rgbd_red_sphere,False,False,False,DEPTH_FRAME_UNMATCHED,24.152,24.052,1791339378.3962574,1791339378.7453575,1791339373.039771,1791339373.039771,1791339373.039771,0.10000000000000142,1791339372.4717689,1791339373.467773,1791339373.3106868,1791339373.467773,1791339373.314687,1791339373.471771,1791339372.4677722,1791339373.467773,1791339372.4717689,1791339373.471771,1791339354.187771,GAZEBO_CLOCK_SYSTEM_INTERPOLATION,MAPPED_EXACT,0,18.852,1791339373.039771,0.01342320442199707,0.0,RGB,0.0,0,1,0,UNCALIBRATED,PREPARATION,UNKNOWN,STRAIGHT,0.0,0,0.0,nan,nan,nan,nan,False,0.0,0.0,0.0,0.0,0,0,0,0,0,0.0,0.0,0.0,0.0,0.0,0.0,0.0,0.0,0.0,0.0,0.0,0.0,0.0,0.0,0.0,0.0,0.0,0.0,0.0,0.0,0.0,0.0,0.0,0.0,0.0,0.0,0.0,0.0,False,CLOCK_REFERENCE_READY,0,24.552,1791339378.7735167,nan,nan,nan,nan,nan,nan,nan,nan,nan,nan,nan,nan,nan,nan,nan,nan,nan,nan,nan,nan,nan,nan,nan,nan,nan,nan,nan,nan,nan,nan,nan,nan,nan,nan,nan,nan,nan,nan,nan,nan,nan,nan,nan,nan,nan,nan,nan,True,GEOMETRY_DISABLED,none,MODEL_ORIGIN_FRAME_NOT_ESTABLISHED,nan,nan,nan,nan,nan,nan,nan,nan,nan,nan,nan,nan,nan,NOT_EVALUATED,nan,nan,nan,0.0,BEFORE_HISTORY,nan,nan,nan,nan,nan,nan
0.0,1791339379.9765368,1791339379.9923158,1791339379.9923158,front_rgbd_red_sphere,False,False,False,DEPTH_FRAME_UNMATCHED,25.352,25.252,1791339379.5977476,1791339379.9765368,1791339373.039771,1791339373.039771,1791339373.039771,0.10000000000000142,1791339372.4717689,1791339373.467773,1791339373.3106868,1791339373.467773,1791339373.314687,1791339373.471771,1791339372.4677722,1791339373.467773,1791339372.4717689,1791339373.471771,1791339354.187771,GAZEBO_CLOCK_SYSTEM_INTERPOLATION,MAPPED_EXACT,0,18.852,1791339373.039771,0.01342320442199707,0.0,RGB,0.0,0,1,0,UNCALIBRATED,PREPARATION,UNKNOWN,STRAIGHT,0.0,0,0.0,nan,nan,nan,nan,False,0.0,0.0,0.0,0.0,0,0,0,0,0,0.0,0.0,0.0,0.0,0.0,0.0,0.0,0.0,0.0,0.0,0.0,0.0,0.0,0.0,0.0,0.0,0.0,0.0,0.0,0.0,0.0,0.0,0.0,0.0,0.0,0.0,0.0,0.0,False,MAPPED_EXACT,0,25.768,1791339379.9895396,nan,nan,nan,nan,nan,nan,nan,nan,nan,nan,nan,nan,nan,nan,nan,nan,nan,nan,nan,nan,nan,nan,nan,nan,nan,nan,nan,nan,nan,nan,nan,nan,nan,nan,nan,nan,nan,nan,nan,nan,nan,nan,nan,nan,nan,nan,nan,True,GEOMETRY_DISABLED,none,MODEL_ORIGIN_FRAME_NOT_ESTABLISHED,nan,nan,nan,nan,nan,nan,nan,nan,nan,nan,nan,nan,nan,NOT_EVALUATED,nan,nan,nan,0.0,BEFORE_HISTORY,nan,nan,nan,nan,nan,nan
0.0,1791339380.0717049,1791339380.0922592,1791339380.0922592,front_rgbd_red_sphere,False,False,False,DEPTH_FRAME_UNMATCHED,25.452,25.352,1791339379.710695,1791339380.0717049,1791339373.039771,1791339373.039771,1791339373.039771,0.10000000000000142,1791339372.4717689,1791339373.467773,1791339373.3106868,1791339373.467773,1791339373.314687,1791339373.471771,1791339372.4677722,1791339373.467773,1791339372.4717689,1791339373.471771,1791339354.187771,GAZEBO_CLOCK_SYSTEM_INTERPOLATION,MAPPED_EXACT,0,18.852,1791339373.039771,0.01342320442199707,0.0,RGB,0.0,0,1,0,UNCALIBRATED,PREPARATION,UNKNOWN,STRAIGHT,0.0,0,0.0,nan,nan,nan,nan,False,0.0,0.0,0.0,0.0,0,0,0,0,0,0.0,0.0,0.0,0.0,0.0,0.0,0.0,0.0,0.0,0.0,0.0,0.0,0.0,0.0,0.0,0.0,0.0,0.0,0.0,0.0,0.0,0.0,0.0,0.0,0.0,0.0,0.0,0.0,False,MAPPED_EXACT,0,25.868,1791339380.0895424,nan,nan,nan,nan,nan,nan,nan,nan,nan,nan,nan,nan,nan,nan,nan,nan,nan,nan,nan,nan,nan,nan,nan,nan,nan,nan,nan,nan,nan,nan,nan,nan,nan,nan,nan,nan,nan,nan,nan,nan,nan,nan,nan,nan,nan,nan,nan,True,GEOMETRY_DISABLED,none,MODEL_ORIGIN_FRAME_NOT_ESTABLISHED,nan,nan,nan,nan,nan,nan,nan,nan,nan,nan,nan,nan,nan,NOT_EVALUATED,nan,nan,nan,0.0,BEFORE_HISTORY,nan,nan,nan,nan,nan,nan
0.0,1791339380.147727,1791339380.1924243,1791339380.1924243,front_rgbd_red_sphere,False,False,False,DEPTH_FRAME_UNMATCHED,25.552,25.452,1791339379.7984655,1791339380.147727,1791339373.039771,1791339373.039771,1791339373.039771,0.09999999999999787,1791339372.4717689,1791339373.467773,1791339373.3106868,1791339373.467773,1791339373.314687,1791339373.471771,1791339372.4677722,1791339373.467773,1791339372.4717689,1791339373.471771,1791339354.187771,GAZEBO_CLOCK_SYSTEM_INTERPOLATION,MAPPED_EXACT,0,18.852,1791339373.039771,0.01342320442199707,0.0,RGB,0.0,0,1,0,UNCALIBRATED,PREPARATION,UNKNOWN,STRAIGHT,0.0,0,0.0,nan,nan,nan,nan,False,0.0,0.0,0.0,0.0,0,0,0,0,0,0.0,0.0,0.0,0.0,0.0,0.0,0.0,0.0,0.0,0.0,0.0,0.0,0.0,0.0,0.0,0.0,0.0,0.0,0.0,0.0,0.0,0.0,0.0,0.0,0.0,0.0,0.0,0.0,False,MAPPED_EXACT,0,25.968,1791339380.1895437,nan,nan,nan,nan,nan,nan,nan,nan,nan,nan,nan,nan,nan,nan,nan,nan,nan,nan,nan,nan,nan,nan,nan,nan,nan,nan,nan,nan,nan,nan,nan,nan,nan,nan,nan,nan,nan,nan,nan,nan,nan,nan,nan,nan,nan,nan,nan,True,GEOMETRY_DISABLED,none,MODEL_ORIGIN_FRAME_NOT_ESTABLISHED,nan,nan,nan,nan,nan,nan,nan,nan,nan,nan,nan,nan,nan,NOT_EVALUATED,nan,nan,nan,0.0,BEFORE_HISTORY,nan,nan,nan,nan,nan,nan
0.0,1791339380.2542474,1791339380.292315,1791339380.292315,front_rgbd_red_sphere,False,False,False,DEPTH_FRAME_UNMATCHED,25.652,25.552,1791339379.8971665,1791339380.2542474,1791339373.039771,1791339373.039771,1791339373.039771,0.10000000000000142,1791339372.4717689,1791339373.467773,1791339373.3106868,1791339373.467773,1791339373.314687,1791339373.471771,1791339372.4677722,1791339373.467773,1791339372.4717689,1791339373.471771,1791339354.187771,GAZEBO_CLOCK_SYSTEM_INTERPOLATION,MAPPED_EXACT,0,18.852,1791339373.039771,0.01342320442199707,0.0,RGB,0.0,0,1,0,UNCALIBRATED,PREPARATION,UNKNOWN,STRAIGHT,0.0,0,0.0,nan,nan,nan,nan,False,0.0,0.0,0.0,0.0,0,0,0,0,0,0.0,0.0,0.0,0.0,0.0,0.0,0.0,0.0,0.0,0.0,0.0,0.0,0.0,0.0,0.0,0.0,0.0,0.0,0.0,0.0,0.0,0.0,0.0,0.0,0.0,0.0,0.0,0.0,False,MAPPED_EXACT,0,26.068,1791339380.2895372,nan,nan,nan,nan,nan,nan,nan,nan,nan,nan,nan,nan,nan,nan,nan,nan,nan,nan,nan,nan,nan,nan,nan,nan,nan,nan,nan,nan,nan,nan,nan,nan,nan,nan,nan,nan,nan,nan,nan,nan,nan,nan,nan,nan,nan,nan,nan,True,GEOMETRY_DISABLED,none,MODEL_ORIGIN_FRAME_NOT_ESTABLISHED,nan,nan,nan,nan,nan,nan,nan,nan,nan,nan,nan,nan,nan,NOT_EVALUATED,nan,nan,nan,0.0,BEFORE_HISTORY,nan,nan,nan,nan,nan,nan
0.0,1791339380.3488472,1791339380.3922892,1791339380.3922892,front_rgbd_red_sphere,False,False,False,DEPTH_FRAME_UNMATCHED,25.752,25.652,1791339379.9980037,1791339380.3488472,1791339373.039771,1791339373.039771,1791339373.039771,0.09999999999999787,1791339372.4717689,1791339373.467773,1791339373.3106868,1791339373.467773,1791339373.314687,1791339373.471771,1791339372.4677722,1791339373.467773,1791339372.4717689,1791339373.471771,1791339354.187771,GAZEBO_CLOCK_SYSTEM_INTERPOLATION,MAPPED_EXACT,0,18.852,1791339373.039771,0.01342320442199707,0.0,RGB,0.0,0,1,0,UNCALIBRATED,PREPARATION,UNKNOWN,STRAIGHT,0.0,0,0.0,nan,nan,nan,nan,False,0.0,0.0,0.0,0.0,0,0,0,0,0,0.0,0.0,0.0,0.0,0.0,0.0,0.0,0.0,0.0,0.0,0.0,0.0,0.0,0.0,0.0,0.0,0.0,0.0,0.0,0.0,0.0,0.0,0.0,0.0,0.0,0.0,0.0,0.0,False,MAPPED_EXACT,0,26.168,1791339380.3895373,nan,nan,nan,nan,nan,nan,nan,nan,nan,nan,nan,nan,nan,nan,nan,nan,nan,nan,nan,nan,nan,nan,nan,nan,nan,nan,nan,nan,nan,nan,nan,nan,nan,nan,nan,nan,nan,nan,nan,nan,nan,nan,nan,nan,nan,nan,nan,True,GEOMETRY_DISABLED,none,MODEL_ORIGIN_FRAME_NOT_ESTABLISHED,nan,nan,nan,nan,nan,nan,nan,nan,nan,nan,nan,nan,nan,NOT_EVALUATED,nan,nan,nan,0.0,BEFORE_HISTORY,nan,nan,nan,nan,nan,nan
0.0,1791339380.9762805,1791339380.9922857,1791339380.9922857,front_rgbd_red_sphere,False,False,False,DEPTH_FRAME_UNMATCHED,26.352,26.252,1791339380.5988395,1791339380.9762805,1791339373.039771,1791339373.039771,1791339373.039771,0.10000000000000142,1791339372.4717689,1791339373.467773,1791339373.3106868,1791339373.467773,1791339373.314687,1791339373.471771,1791339372.4677722,1791339373.467773,1791339372.4717689,1791339373.471771,1791339354.187771,GAZEBO_CLOCK_SYSTEM_INTERPOLATION,MAPPED_EXACT,0,18.852,1791339373.039771,0.01342320442199707,0.0,RGB,0.0,0,1,0,UNCALIBRATED,PREPARATION,UNKNOWN,STRAIGHT,0.0,0,0.0,nan,nan,nan,nan,False,0.0,0.0,0.0,0.0,0,0,0,0,0,0.0,0.0,0.0,0.0,0.0,0.0,0.0,0.0,0.0,0.0,0.0,0.0,0.0,0.0,0.0,0.0,0.0,0.0,0.0,0.0,0.0,0.0,0.0,0.0,0.0,0.0,0.0,0.0,False,MAPPED_EXACT,0,26.768,1791339380.9895482,nan,nan,nan,nan,nan,nan,nan,nan,nan,nan,nan,nan,nan,nan,nan,nan,nan,nan,nan,nan,nan,nan,nan,nan,nan,nan,nan,nan,nan,nan,nan,nan,nan,nan,nan,nan,nan,nan,nan,nan,nan,nan,nan,nan,nan,nan,nan,True,GEOMETRY_DISABLED,none,MODEL_ORIGIN_FRAME_NOT_ESTABLISHED,nan,nan,nan,nan,nan,nan,nan,nan,nan,nan,nan,nan,nan,NOT_EVALUATED,nan,nan,nan,0.0,BEFORE_HISTORY,nan,nan,nan,nan,nan,nan
0.0,1791339381.0697522,1791339381.092415,1791339381.092415,front_rgbd_red_sphere,False,False,False,DEPTH_FRAME_UNMATCHED,26.452,26.352,1791339380.6968226,1791339381.0697522,1791339373.039771,1791339373.039771,1791339373.039771,0.10000000000000142,1791339372.4717689,1791339373.467773,1791339373.3106868,1791339373.467773,1791339373.314687,1791339373.471771,1791339372.4677722,1791339373.467773,1791339372.4717689,1791339373.471771,1791339354.187771,GAZEBO_CLOCK_SYSTEM_INTERPOLATION,MAPPED_EXACT,0,18.852,1791339373.039771,0.01342320442199707,0.0,RGB,0.0,0,1,0,UNCALIBRATED,PREPARATION,UNKNOWN,STRAIGHT,0.0,0,0.0,nan,nan,nan,nan,False,0.0,0.0,0.0,0.0,0,0,0,0,0,0.0,0.0,0.0,0.0,0.0,0.0,0.0,0.0,0.0,0.0,0.0,0.0,0.0,0.0,0.0,0.0,0.0,0.0,0.0,0.0,0.0,0.0,0.0,0.0,0.0,0.0,0.0,0.0,False,MAPPED_EXACT,0,26.868,1791339381.089538,nan,nan,nan,nan,nan,nan,nan,nan,nan,nan,nan,nan,nan,nan,nan,nan,nan,nan,nan,nan,nan,nan,nan,nan,nan,nan,nan,nan,nan,nan,nan,nan,nan,nan,nan,nan,nan,nan,nan,nan,nan,nan,nan,nan,nan,nan,nan,True,GEOMETRY_DISABLED,none,MODEL_ORIGIN_FRAME_NOT_ESTABLISHED,nan,nan,nan,nan,nan,nan,nan,nan,nan,nan,nan,nan,nan,NOT_EVALUATED,nan,nan,nan,0.0,BEFORE_HISTORY,nan,nan,nan,nan,nan,nan
0.0,1791339381.155967,1791339381.1924067,1791339381.1924067,front_rgbd_red_sphere,False,False,False,DEPTH_FRAME_UNMATCHED,26.552,26.452,1791339380.806296,1791339381.155967,1791339373.039771,1791339373.039771,1791339373.039771,0.09999999999999787,1791339372.4717689,1791339373.467773,1791339373.3106868,1791339373.467773,1791339373.314687,1791339373.471771,1791339372.4677722,1791339373.467773,1791339372.4717689,1791339373.471771,1791339354.187771,GAZEBO_CLOCK_SYSTEM_INTERPOLATION,MAPPED_EXACT,0,18.852,1791339373.039771,0.01342320442199707,0.0,RGB,0.0,0,1,0,UNCALIBRATED,PREPARATION,UNKNOWN,STRAIGHT,0.0,0,0.0,nan,nan,nan,nan,False,0.0,0.0,0.0,0.0,0,0,0,0,0,0.0,0.0,0.0,0.0,0.0,0.0,0.0,0.0,0.0,0.0,0.0,0.0,0.0,0.0,0.0,0.0,0.0,0.0,0.0,0.0,0.0,0.0,0.0,0.0,0.0,0.0,0.0,0.0,False,MAPPED_EXACT,0,26.968,1791339381.1895452,nan,nan,nan,nan,nan,nan,nan,nan,nan,nan,nan,nan,nan,nan,nan,nan,nan,nan,nan,nan,nan,nan,nan,nan,nan,nan,nan,nan,nan,nan,nan,nan,nan,nan,nan,nan,nan,nan,nan,nan,nan,nan,nan,nan,nan,nan,nan,True,GEOMETRY_DISABLED,none,MODEL_ORIGIN_FRAME_NOT_ESTABLISHED,nan,nan,nan,nan,nan,nan,nan,nan,nan,nan,nan,nan,nan,NOT_EVALUATED,nan,nan,nan,0.0,BEFORE_HISTORY,nan,nan,nan,nan,nan,nan
0.0,1791339381.875201,1791339381.8923185,1791339381.8923185,front_rgbd_red_sphere,False,False,False,DEPTH_FRAME_UNMATCHED,27.252,27.152,1791339381.4997861,1791339381.875201,1791339373.039771,1791339373.039771,1791339373.039771,0.09999999999999787,1791339372.4717689,1791339373.467773,1791339373.3106868,1791339373.467773,1791339373.314687,1791339373.471771,1791339372.4677722,1791339373.467773,1791339372.4717689,1791339373.471771,1791339354.187771,GAZEBO_CLOCK_SYSTEM_INTERPOLATION,MAPPED_EXACT,0,18.852,1791339373.039771,0.01342320442199707,0.0,RGB,0.0,0,1,0,UNCALIBRATED,PREPARATION,UNKNOWN,STRAIGHT,0.0,0,0.0,nan,nan,nan,nan,False,0.0,0.0,0.0,0.0,0,0,0,0,0,0.0,0.0,0.0,0.0,0.0,0.0,0.0,0.0,0.0,0.0,0.0,0.0,0.0,0.0,0.0,0.0,0.0,0.0,0.0,0.0,0.0,0.0,0.0,0.0,0.0,0.0,0.0,0.0,False,MAPPED_EXACT,0,27.668,1791339381.8895402,nan,nan,nan,nan,nan,nan,nan,nan,nan,nan,nan,nan,nan,nan,nan,nan,nan,nan,nan,nan,nan,nan,nan,nan,nan,nan,nan,nan,nan,nan,nan,nan,nan,nan,nan,nan,nan,nan,nan,nan,nan,nan,nan,nan,nan,nan,nan,True,GEOMETRY_DISABLED,none,MODEL_ORIGIN_FRAME_NOT_ESTABLISHED,nan,nan,nan,nan,nan,nan,nan,nan,nan,nan,nan,nan,nan,NOT_EVALUATED,nan,nan,nan,0.0,BEFORE_HISTORY,nan,nan,nan,nan,nan,nan
0.0,1791339381.9691606,1791339381.9923444,1791339381.9923444,front_rgbd_red_sphere,False,False,False,DEPTH_FRAME_UNMATCHED,27.352,27.252,1791339381.6001818,1791339381.9691606,1791339373.039771,1791339373.039771,1791339373.039771,0.10000000000000142,1791339372.4717689,1791339373.467773,1791339373.3106868,1791339373.467773,1791339373.314687,1791339373.471771,1791339372.4677722,1791339373.467773,1791339372.4717689,1791339373.471771,1791339354.187771,GAZEBO_CLOCK_SYSTEM_INTERPOLATION,MAPPED_EXACT,0,18.852,1791339373.039771,0.01342320442199707,0.0,RGB,0.0,0,1,0,UNCALIBRATED,PREPARATION,UNKNOWN,STRAIGHT,0.0,0,0.0,nan,nan,nan,nan,False,0.0,0.0,0.0,0.0,0,0,0,0,0,0.0,0.0,0.0,0.0,0.0,0.0,0.0,0.0,0.0,0.0,0.0,0.0,0.0,0.0,0.0,0.0,0.0,0.0,0.0,0.0,0.0,0.0,0.0,0.0,0.0,0.0,0.0,0.0,False,MAPPED_EXACT,0,27.768,1791339381.9895413,nan,nan,nan,nan,nan,nan,nan,nan,nan,nan,nan,nan,nan,nan,nan,nan,nan,nan,nan,nan,nan,nan,nan,nan,nan,nan,nan,nan,nan,nan,nan,nan,nan,nan,nan,nan,nan,nan,nan,nan,nan,nan,nan,nan,nan,nan,nan,True,GEOMETRY_DISABLED,none,MODEL_ORIGIN_FRAME_NOT_ESTABLISHED,nan,nan,nan,nan,nan,nan,nan,nan,nan,nan,nan,nan,nan,NOT_EVALUATED,nan,nan,nan,0.0,BEFORE_HISTORY,nan,nan,nan,nan,nan,nan
0.0,1791339382.0579631,1791339382.0923195,1791339382.0923195,front_rgbd_red_sphere,False,False,False,DEPTH_FRAME_UNMATCHED,27.452,27.352,1791339381.7010834,1791339382.0579631,1791339373.039771,1791339373.039771,1791339373.039771,0.10000000000000142,1791339372.4717689,1791339373.467773,1791339373.3106868,1791339373.467773,1791339373.314687,1791339373.471771,1791339372.4677722,1791339373.467773,1791339372.4717689,1791339373.471771,1791339354.187771,GAZEBO_CLOCK_SYSTEM_INTERPOLATION,MAPPED_EXACT,0,18.852,1791339373.039771,0.01342320442199707,0.0,RGB,0.0,0,1,0,UNCALIBRATED,PREPARATION,UNKNOWN,STRAIGHT,0.0,0,0.0,nan,nan,nan,nan,False,0.0,0.0,0.0,0.0,0,0,0,0,0,0.0,0.0,0.0,0.0,0.0,0.0,0.0,0.0,0.0,0.0,0.0,0.0,0.0,0.0,0.0,0.0,0.0,0.0,0.0,0.0,0.0,0.0,0.0,0.0,0.0,0.0,0.0,0.0,False,MAPPED_EXACT,0,27.868,1791339382.089535,nan,nan,nan,nan,nan,nan,nan,nan,nan,nan,nan,nan,nan,nan,nan,nan,nan,nan,nan,nan,nan,nan,nan,nan,nan,nan,nan,nan,nan,nan,nan,nan,nan,nan,nan,nan,nan,nan,nan,nan,nan,nan,nan,nan,nan,nan,nan,True,GEOMETRY_DISABLED,none,MODEL_ORIGIN_FRAME_NOT_ESTABLISHED,nan,nan,nan,nan,nan,nan,nan,nan,nan,nan,nan,nan,nan,NOT_EVALUATED,nan,nan,nan,0.0,BEFORE_HISTORY,nan,nan,nan,nan,nan,nan
0.0,1791339382.154704,1791339382.1923945,1791339382.1923945,front_rgbd_red_sphere,False,False,False,DEPTH_FRAME_UNMATCHED,27.552,27.452,1791339381.7992642,1791339382.154704,1791339373.039771,1791339373.039771,1791339373.039771,0.09999999999999787,1791339372.4717689,1791339373.467773,1791339373.3106868,1791339373.467773,1791339373.314687,1791339373.471771,1791339372.4677722,1791339373.467773,1791339372.4717689,1791339373.471771,1791339354.187771,GAZEBO_CLOCK_SYSTEM_INTERPOLATION,MAPPED_EXACT,0,18.852,1791339373.039771,0.01342320442199707,0.0,RGB,0.0,0,1,0,UNCALIBRATED,PREPARATION,UNKNOWN,STRAIGHT,0.0,0,0.0,nan,nan,nan,nan,False,0.0,0.0,0.0,0.0,0,0,0,0,0,0.0,0.0,0.0,0.0,0.0,0.0,0.0,0.0,0.0,0.0,0.0,0.0,0.0,0.0,0.0,0.0,0.0,0.0,0.0,0.0,0.0,0.0,0.0,0.0,0.0,0.0,0.0,0.0,False,MAPPED_EXACT,0,27.968,1791339382.1895397,nan,nan,nan,nan,nan,nan,nan,nan,nan,nan,nan,nan,nan,nan,nan,nan,nan,nan,nan,nan,nan,nan,nan,nan,nan,nan,nan,nan,nan,nan,nan,nan,nan,nan,nan,nan,nan,nan,nan,nan,nan,nan,nan,nan,nan,nan,nan,True,GEOMETRY_DISABLED,none,MODEL_ORIGIN_FRAME_NOT_ESTABLISHED,nan,nan,nan,nan,nan,nan,nan,nan,nan,nan,nan,nan,nan,NOT_EVALUATED,nan,nan,nan,0.0,BEFORE_HISTORY,nan,nan,nan,nan,nan,nan
0.0,1791339382.2519948,1791339382.292404,1791339382.292404,front_rgbd_red_sphere,False,False,False,DEPTH_FRAME_UNMATCHED,27.652,27.552,1791339381.8995001,1791339382.2519948,1791339373.039771,1791339373.039771,1791339373.039771,0.10000000000000142,1791339372.4717689,1791339373.467773,1791339373.3106868,1791339373.467773,1791339373.314687,1791339373.471771,1791339372.4677722,1791339373.467773,1791339372.4717689,1791339373.471771,1791339354.187771,GAZEBO_CLOCK_SYSTEM_INTERPOLATION,MAPPED_EXACT,0,18.852,1791339373.039771,0.01342320442199707,0.0,RGB,0.0,0,1,0,UNCALIBRATED,PREPARATION,UNKNOWN,STRAIGHT,0.0,0,0.0,nan,nan,nan,nan,False,0.0,0.0,0.0,0.0,0,0,0,0,0,0.0,0.0,0.0,0.0,0.0,0.0,0.0,0.0,0.0,0.0,0.0,0.0,0.0,0.0,0.0,0.0,0.0,0.0,0.0,0.0,0.0,0.0,0.0,0.0,0.0,0.0,0.0,0.0,False,MAPPED_EXACT,0,28.068,1791339382.2895942,nan,nan,nan,nan,nan,nan,nan,nan,nan,nan,nan,nan,nan,nan,nan,nan,nan,nan,nan,nan,nan,nan,nan,nan,nan,nan,nan,nan,nan,nan,nan,nan,nan,nan,nan,nan,nan,nan,nan,nan,nan,nan,nan,nan,nan,nan,nan,True,GEOMETRY_DISABLED,none,MODEL_ORIGIN_FRAME_NOT_ESTABLISHED,nan,nan,nan,nan,nan,nan,nan,nan,nan,nan,nan,nan,nan,NOT_EVALUATED,nan,nan,nan,0.0,BEFORE_HISTORY,nan,nan,nan,nan,nan,nan
0.0,1791339382.792696,1791339382.793363,1791339382.793363,front_rgbd_red_sphere,False,False,False,DEPTH_FRAME_UNMATCHED,28.152,28.1,1791339382.4027944,1791339382.792696,1791339373.039771,1791339373.039771,1791339373.039771,0.0519999999999996,1791339372.4717689,1791339373.467773,1791339373.3106868,1791339373.467773,1791339373.314687,1791339373.471771,1791339372.4677722,1791339373.467773,1791339372.4717689,1791339373.471771,1791339354.187771,GAZEBO_CLOCK_SYSTEM_INTERPOLATION,MAPPED_EXACT,0,18.852,1791339373.039771,0.01342320442199707,0.0,RGB,0.0,0,1,0,UNCALIBRATED,PREPARATION,UNKNOWN,STRAIGHT,0.0,0,0.0,nan,nan,nan,nan,False,0.0,0.0,0.0,0.0,0,0,0,0,0,0.0,0.0,0.0,0.0,0.0,0.0,0.0,0.0,0.0,0.0,0.0,0.0,0.0,0.0,0.0,0.0,0.0,0.0,0.0,0.0,0.0,0.0,0.0,0.0,0.0,0.0,0.0,0.0,False,MAPPED_EXACT,0,28.568,1791339382.789541,nan,nan,nan,nan,nan,nan,nan,nan,nan,nan,nan,nan,nan,nan,nan,nan,nan,nan,nan,nan,nan,nan,nan,nan,nan,nan,nan,nan,nan,nan,nan,nan,nan,nan,nan,nan,nan,nan,nan,nan,nan,nan,nan,nan,nan,nan,nan,True,GEOMETRY_DISABLED,none,MODEL_ORIGIN_FRAME_NOT_ESTABLISHED,nan,nan,nan,nan,nan,nan,nan,nan,nan,nan,nan,nan,nan,NOT_EVALUATED,nan,nan,nan,0.0,BEFORE_HISTORY,nan,nan,nan,nan,nan,nan
0.0,1791339382.8768106,1791339382.89231,1791339382.89231,front_rgbd_red_sphere,False,False,False,DEPTH_FRAME_UNMATCHED,28.252,28.152,1791339382.5027564,1791339382.8768106,1791339373.039771,1791339373.039771,1791339373.039771,0.09999999999999787,1791339372.4717689,1791339373.467773,1791339373.3106868,1791339373.467773,1791339373.314687,1791339373.471771,1791339372.4677722,1791339373.467773,1791339372.4717689,1791339373.471771,1791339354.187771,GAZEBO_CLOCK_SYSTEM_INTERPOLATION,MAPPED_EXACT,0,18.852,1791339373.039771,0.01342320442199707,0.0,RGB,0.0,0,1,0,UNCALIBRATED,PREPARATION,UNKNOWN,STRAIGHT,0.0,0,0.0,nan,nan,nan,nan,False,0.0,0.0,0.0,0.0,0,0,0,0,0,0.0,0.0,0.0,0.0,0.0,0.0,0.0,0.0,0.0,0.0,0.0,0.0,0.0,0.0,0.0,0.0,0.0,0.0,0.0,0.0,0.0,0.0,0.0,0.0,0.0,0.0,0.0,0.0,False,MAPPED_EXACT,0,28.668,1791339382.8895428,nan,nan,nan,nan,nan,nan,nan,nan,nan,nan,nan,nan,nan,nan,nan,nan,nan,nan,nan,nan,nan,nan,nan,nan,nan,nan,nan,nan,nan,nan,nan,nan,nan,nan,nan,nan,nan,nan,nan,nan,nan,nan,nan,nan,nan,nan,nan,True,GEOMETRY_DISABLED,none,MODEL_ORIGIN_FRAME_NOT_ESTABLISHED,nan,nan,nan,nan,nan,nan,nan,nan,nan,nan,nan,nan,nan,NOT_EVALUATED,nan,nan,nan,0.0,BEFORE_HISTORY,nan,nan,nan,nan,nan,nan
0.0,1791339382.9788399,1791339382.9924138,1791339382.9924138,front_rgbd_red_sphere,False,False,False,DEPTH_FRAME_UNMATCHED,28.352,28.252,1791339382.6110508,1791339382.9788399,1791339373.039771,1791339373.039771,1791339373.039771,0.10000000000000142,1791339372.4717689,1791339373.467773,1791339373.3106868,1791339373.467773,1791339373.314687,1791339373.471771,1791339372.4677722,1791339373.467773,1791339372.4717689,1791339373.471771,1791339354.187771,GAZEBO_CLOCK_SYSTEM_INTERPOLATION,MAPPED_EXACT,0,18.852,1791339373.039771,0.01342320442199707,0.0,RGB,0.0,0,1,0,UNCALIBRATED,PREPARATION,UNKNOWN,STRAIGHT,0.0,0,0.0,nan,nan,nan,nan,False,0.0,0.0,0.0,0.0,0,0,0,0,0,0.0,0.0,0.0,0.0,0.0,0.0,0.0,0.0,0.0,0.0,0.0,0.0,0.0,0.0,0.0,0.0,0.0,0.0,0.0,0.0,0.0,0.0,0.0,0.0,0.0,0.0,0.0,0.0,False,MAPPED_EXACT,0,28.768,1791339382.9895425,nan,nan,nan,nan,nan,nan,nan,nan,nan,nan,nan,nan,nan,nan,nan,nan,nan,nan,nan,nan,nan,nan,nan,nan,nan,nan,nan,nan,nan,nan,nan,nan,nan,nan,nan,nan,nan,nan,nan,nan,nan,nan,nan,nan,nan,nan,nan,True,GEOMETRY_DISABLED,none,MODEL_ORIGIN_FRAME_NOT_ESTABLISHED,nan,nan,nan,nan,nan,nan,nan,nan,nan,nan,nan,nan,nan,NOT_EVALUATED,nan,nan,nan,0.0,BEFORE_HISTORY,nan,nan,nan,nan,nan,nan
0.0,1791339383.0771568,1791339383.092714,1791339383.092714,front_rgbd_red_sphere,False,False,False,DEPTH_FRAME_UNMATCHED,28.452,28.352,1791339382.697931,1791339383.0771568,1791339373.039771,1791339373.039771,1791339373.039771,0.10000000000000142,1791339372.4717689,1791339373.467773,1791339373.3106868,1791339373.467773,1791339373.314687,1791339373.471771,1791339372.4677722,1791339373.467773,1791339372.4717689,1791339373.471771,1791339354.187771,GAZEBO_CLOCK_SYSTEM_INTERPOLATION,MAPPED_EXACT,0,18.852,1791339373.039771,0.01342320442199707,0.0,RGB,0.0,0,1,0,UNCALIBRATED,PREPARATION,UNKNOWN,STRAIGHT,0.0,0,0.0,nan,nan,nan,nan,False,0.0,0.0,0.0,0.0,0,0,0,0,0,0.0,0.0,0.0,0.0,0.0,0.0,0.0,0.0,0.0,0.0,0.0,0.0,0.0,0.0,0.0,0.0,0.0,0.0,0.0,0.0,0.0,0.0,0.0,0.0,0.0,0.0,0.0,0.0,False,MAPPED_EXACT,0,28.868,1791339383.0895395,nan,nan,nan,nan,nan,nan,nan,nan,nan,nan,nan,nan,nan,nan,nan,nan,nan,nan,nan,nan,nan,nan,nan,nan,nan,nan,nan,nan,nan,nan,nan,nan,nan,nan,nan,nan,nan,nan,nan,nan,nan,nan,nan,nan,nan,nan,nan,True,GEOMETRY_DISABLED,none,MODEL_ORIGIN_FRAME_NOT_ESTABLISHED,nan,nan,nan,nan,nan,nan,nan,nan,nan,nan,nan,nan,nan,NOT_EVALUATED,nan,nan,nan,0.0,BEFORE_HISTORY,nan,nan,nan,nan,nan,nan
0.0,1791339383.1581495,1791339383.1924832,1791339383.1924832,front_rgbd_red_sphere,False,False,False,DEPTH_FRAME_UNMATCHED,28.552,28.452,1791339382.800143,1791339383.1581495,1791339373.039771,1791339373.039771,1791339373.039771,0.09999999999999787,1791339372.4717689,1791339373.467773,1791339373.3106868,1791339373.467773,1791339373.314687,1791339373.471771,1791339372.4677722,1791339373.467773,1791339372.4717689,1791339373.471771,1791339354.187771,GAZEBO_CLOCK_SYSTEM_INTERPOLATION,MAPPED_EXACT,0,18.852,1791339373.039771,0.01342320442199707,0.0,RGB,0.0,0,1,0,UNCALIBRATED,PREPARATION,UNKNOWN,STRAIGHT,0.0,0,0.0,nan,nan,nan,nan,False,0.0,0.0,0.0,0.0,0,0,0,0,0,0.0,0.0,0.0,0.0,0.0,0.0,0.0,0.0,0.0,0.0,0.0,0.0,0.0,0.0,0.0,0.0,0.0,0.0,0.0,0.0,0.0,0.0,0.0,0.0,0.0,0.0,0.0,0.0,False,MAPPED_EXACT,0,28.968,1791339383.1895356,nan,nan,nan,nan,nan,nan,nan,nan,nan,nan,nan,nan,nan,nan,nan,nan,nan,nan,nan,nan,nan,nan,nan,nan,nan,nan,nan,nan,nan,nan,nan,nan,nan,nan,nan,nan,nan,nan,nan,nan,nan,nan,nan,nan,nan,nan,nan,True,GEOMETRY_DISABLED,none,MODEL_ORIGIN_FRAME_NOT_ESTABLISHED,nan,nan,nan,nan,nan,nan,nan,nan,nan,nan,nan,nan,nan,NOT_EVALUATED,nan,nan,nan,0.0,BEFORE_HISTORY,nan,nan,nan,nan,nan,nan
0.0,1791339383.2564285,1791339383.2923882,1791339383.2923882,front_rgbd_red_sphere,False,False,False,DEPTH_FRAME_UNMATCHED,28.652,28.552,1791339382.8971496,1791339383.2564285,1791339373.039771,1791339373.039771,1791339373.039771,0.10000000000000142,1791339372.4717689,1791339373.467773,1791339373.3106868,1791339373.467773,1791339373.314687,1791339373.471771,1791339372.4677722,1791339373.467773,1791339372.4717689,1791339373.471771,1791339354.187771,GAZEBO_CLOCK_SYSTEM_INTERPOLATION,MAPPED_EXACT,0,18.852,1791339373.039771,0.01342320442199707,0.0,RGB,0.0,0,1,0,UNCALIBRATED,PREPARATION,UNKNOWN,STRAIGHT,0.0,0,0.0,nan,nan,nan,nan,False,0.0,0.0,0.0,0.0,0,0,0,0,0,0.0,0.0,0.0,0.0,0.0,0.0,0.0,0.0,0.0,0.0,0.0,0.0,0.0,0.0,0.0,0.0,0.0,0.0,0.0,0.0,0.0,0.0,0.0,0.0,0.0,0.0,0.0,0.0,False,MAPPED_EXACT,0,29.068,1791339383.28959,nan,nan,nan,nan,nan,nan,nan,nan,nan,nan,nan,nan,nan,nan,nan,nan,nan,nan,nan,nan,nan,nan,nan,nan,nan,nan,nan,nan,nan,nan,nan,nan,nan,nan,nan,nan,nan,nan,nan,nan,nan,nan,nan,nan,nan,nan,nan,True,GEOMETRY_DISABLED,none,MODEL_ORIGIN_FRAME_NOT_ESTABLISHED,nan,nan,nan,nan,nan,nan,nan,nan,nan,nan,nan,nan,nan,NOT_EVALUATED,nan,nan,nan,0.0,BEFORE_HISTORY,nan,nan,nan,nan,nan,nan
0.0,1791339383.45289,1791339383.4923596,1791339383.4923596,front_rgbd_red_sphere,False,False,False,DEPTH_FRAME_UNMATCHED,28.852,28.752,1791339383.1011655,1791339383.45289,1791339373.039771,1791339373.039771,1791339373.039771,0.10000000000000142,1791339372.4717689,1791339373.467773,1791339373.3106868,1791339373.467773,1791339373.314687,1791339373.471771,1791339372.4677722,1791339373.467773,1791339372.4717689,1791339373.471771,1791339354.187771,GAZEBO_CLOCK_SYSTEM_INTERPOLATION,MAPPED_EXACT,0,18.852,1791339373.039771,0.01342320442199707,0.0,RGB,0.0,0,1,0,UNCALIBRATED,PREPARATION,UNKNOWN,STRAIGHT,0.0,0,0.0,nan,nan,nan,nan,False,0.0,0.0,0.0,0.0,0,0,0,0,0,0.0,0.0,0.0,0.0,0.0,0.0,0.0,0.0,0.0,0.0,0.0,0.0,0.0,0.0,0.0,0.0,0.0,0.0,0.0,0.0,0.0,0.0,0.0,0.0,0.0,0.0,0.0,0.0,False,MAPPED_EXACT,0,29.268,1791339383.4895403,nan,nan,nan,nan,nan,nan,nan,nan,nan,nan,nan,nan,nan,nan,nan,nan,nan,nan,nan,nan,nan,nan,nan,nan,nan,nan,nan,nan,nan,nan,nan,nan,nan,nan,nan,nan,nan,nan,nan,nan,nan,nan,nan,nan,nan,nan,nan,True,GEOMETRY_DISABLED,none,MODEL_ORIGIN_FRAME_NOT_ESTABLISHED,nan,nan,nan,nan,nan,nan,nan,nan,nan,nan,nan,nan,nan,NOT_EVALUATED,nan,nan,nan,0.0,BEFORE_HISTORY,nan,nan,nan,nan,nan,nan
0.0,1791339383.5643642,1791339383.5923457,1791339383.5923457,front_rgbd_red_sphere,False,False,False,DEPTH_FRAME_UNMATCHED,28.952,28.852,1791339383.1982524,1791339383.5643642,1791339373.039771,1791339373.039771,1791339373.039771,0.10000000000000142,1791339372.4717689,1791339373.467773,1791339373.3106868,1791339373.467773,1791339373.314687,1791339373.471771,1791339372.4677722,1791339373.467773,1791339372.4717689,1791339373.471771,1791339354.187771,GAZEBO_CLOCK_SYSTEM_INTERPOLATION,MAPPED_EXACT,0,18.852,1791339373.039771,0.01342320442199707,0.0,RGB,0.0,0,1,0,UNCALIBRATED,PREPARATION,UNKNOWN,STRAIGHT,0.0,0,0.0,nan,nan,nan,nan,False,0.0,0.0,0.0,0.0,0,0,0,0,0,0.0,0.0,0.0,0.0,0.0,0.0,0.0,0.0,0.0,0.0,0.0,0.0,0.0,0.0,0.0,0.0,0.0,0.0,0.0,0.0,0.0,0.0,0.0,0.0,0.0,0.0,0.0,0.0,False,MAPPED_EXACT,0,29.368,1791339383.5895581,nan,nan,nan,nan,nan,nan,nan,nan,nan,nan,nan,nan,nan,nan,nan,nan,nan,nan,nan,nan,nan,nan,nan,nan,nan,nan,nan,nan,nan,nan,nan,nan,nan,nan,nan,nan,nan,nan,nan,nan,nan,nan,nan,nan,nan,nan,nan,True,GEOMETRY_DISABLED,none,MODEL_ORIGIN_FRAME_NOT_ESTABLISHED,nan,nan,nan,nan,nan,nan,nan,nan,nan,nan,nan,nan,nan,NOT_EVALUATED,nan,nan,nan,0.0,BEFORE_HISTORY,nan,nan,nan,nan,nan,nan
0.0,1791339383.7916706,1791339383.7920728,1791339383.7920728,front_rgbd_red_sphere,False,False,False,DEPTH_FRAME_UNMATCHED,29.152,29.052,1791339383.3984237,1791339383.7916706,1791339373.039771,1791339373.039771,1791339373.039771,0.10000000000000142,1791339372.4717689,1791339373.467773,1791339373.3106868,1791339373.467773,1791339373.314687,1791339373.471771,1791339372.4677722,1791339373.467773,1791339372.4717689,1791339373.471771,1791339354.187771,GAZEBO_CLOCK_SYSTEM_INTERPOLATION,MAPPED_EXACT,0,18.852,1791339373.039771,0.01342320442199707,0.0,RGB,0.0,0,1,0,UNCALIBRATED,PREPARATION,UNKNOWN,STRAIGHT,0.0,0,0.0,nan,nan,nan,nan,False,0.0,0.0,0.0,0.0,0,0,0,0,0,0.0,0.0,0.0,0.0,0.0,0.0,0.0,0.0,0.0,0.0,0.0,0.0,0.0,0.0,0.0,0.0,0.0,0.0,0.0,0.0,0.0,0.0,0.0,0.0,0.0,0.0,0.0,0.0,False,CLOCK_REFERENCE_READY,0,29.564,1791339383.7855349,nan,nan,nan,nan,nan,nan,nan,nan,nan,nan,nan,nan,nan,nan,nan,nan,nan,nan,nan,nan,nan,nan,nan,nan,nan,nan,nan,nan,nan,nan,nan,nan,nan,nan,nan,nan,nan,nan,nan,nan,nan,nan,nan,nan,nan,nan,nan,True,GEOMETRY_DISABLED,none,MODEL_ORIGIN_FRAME_NOT_ESTABLISHED,nan,nan,nan,nan,nan,nan,nan,nan,nan,nan,nan,nan,nan,NOT_EVALUATED,nan,nan,nan,0.0,BEFORE_HISTORY,nan,nan,nan,nan,nan,nan
0.0,1791339383.8782694,1791339383.8922536,1791339383.8922536,front_rgbd_red_sphere,False,False,False,DEPTH_FRAME_UNMATCHED,29.252,29.152,1791339383.496667,1791339383.8782694,1791339373.039771,1791339373.039771,1791339373.039771,0.09999999999999787,1791339372.4717689,1791339373.467773,1791339373.3106868,1791339373.467773,1791339373.314687,1791339373.471771,1791339372.4677722,1791339373.467773,1791339372.4717689,1791339373.471771,1791339354.187771,GAZEBO_CLOCK_SYSTEM_INTERPOLATION,MAPPED_EXACT,0,18.852,1791339373.039771,0.01342320442199707,0.0,RGB,0.0,0,1,0,UNCALIBRATED,PREPARATION,UNKNOWN,STRAIGHT,0.0,0,0.0,nan,nan,nan,nan,False,0.0,0.0,0.0,0.0,0,0,0,0,0,0.0,0.0,0.0,0.0,0.0,0.0,0.0,0.0,0.0,0.0,0.0,0.0,0.0,0.0,0.0,0.0,0.0,0.0,0.0,0.0,0.0,0.0,0.0,0.0,0.0,0.0,0.0,0.0,False,CLOCK_REFERENCE_READY,0,29.664,1791339383.8855379,nan,nan,nan,nan,nan,nan,nan,nan,nan,nan,nan,nan,nan,nan,nan,nan,nan,nan,nan,nan,nan,nan,nan,nan,nan,nan,nan,nan,nan,nan,nan,nan,nan,nan,nan,nan,nan,nan,nan,nan,nan,nan,nan,nan,nan,nan,nan,True,GEOMETRY_DISABLED,none,MODEL_ORIGIN_FRAME_NOT_ESTABLISHED,nan,nan,nan,nan,nan,nan,nan,nan,nan,nan,nan,nan,nan,NOT_EVALUATED,nan,nan,nan,0.0,BEFORE_HISTORY,nan,nan,nan,nan,nan,nan
0.0,1791339383.9879467,1791339383.9923553,1791339383.9923553,front_rgbd_red_sphere,False,False,False,DEPTH_FRAME_UNMATCHED,29.352,29.252,1791339383.6106558,1791339383.9879467,1791339373.039771,1791339373.039771,1791339373.039771,0.10000000000000142,1791339372.4717689,1791339373.467773,1791339373.3106868,1791339373.467773,1791339373.314687,1791339373.471771,1791339372.4677722,1791339373.467773,1791339372.4717689,1791339373.471771,1791339354.187771,GAZEBO_CLOCK_SYSTEM_INTERPOLATION,MAPPED_EXACT,0,18.852,1791339373.039771,0.01342320442199707,0.0,RGB,0.0,0,1,0,UNCALIBRATED,PREPARATION,UNKNOWN,STRAIGHT,0.0,0,0.0,nan,nan,nan,nan,False,0.0,0.0,0.0,0.0,0,0,0,0,0,0.0,0.0,0.0,0.0,0.0,0.0,0.0,0.0,0.0,0.0,0.0,0.0,0.0,0.0,0.0,0.0,0.0,0.0,0.0,0.0,0.0,0.0,0.0,0.0,0.0,0.0,0.0,0.0,False,CLOCK_REFERENCE_READY,0,29.764,1791339383.985545,nan,nan,nan,nan,nan,nan,nan,nan,nan,nan,nan,nan,nan,nan,nan,nan,nan,nan,nan,nan,nan,nan,nan,nan,nan,nan,nan,nan,nan,nan,nan,nan,nan,nan,nan,nan,nan,nan,nan,nan,nan,nan,nan,nan,nan,nan,nan,True,GEOMETRY_DISABLED,none,MODEL_ORIGIN_FRAME_NOT_ESTABLISHED,nan,nan,nan,nan,nan,nan,nan,nan,nan,nan,nan,nan,nan,NOT_EVALUATED,nan,nan,nan,0.0,BEFORE_HISTORY,nan,nan,nan,nan,nan,nan
0.0,1791339384.0933561,1791339384.0943103,1791339384.0943103,front_rgbd_red_sphere,False,False,False,DEPTH_FRAME_UNMATCHED,29.452,29.352,1791339383.7035377,1791339384.0933561,1791339373.039771,1791339373.039771,1791339373.039771,0.10000000000000142,1791339372.4717689,1791339373.467773,1791339373.3106868,1791339373.467773,1791339373.314687,1791339373.471771,1791339372.4677722,1791339373.467773,1791339372.4717689,1791339373.471771,1791339354.187771,GAZEBO_CLOCK_SYSTEM_INTERPOLATION,MAPPED_EXACT,0,18.852,1791339373.039771,0.01342320442199707,0.0,RGB,0.0,0,1,0,UNCALIBRATED,PREPARATION,UNKNOWN,STRAIGHT,0.0,0,0.0,nan,nan,nan,nan,False,0.0,0.0,0.0,0.0,0,0,0,0,0,0.0,0.0,0.0,0.0,0.0,0.0,0.0,0.0,0.0,0.0,0.0,0.0,0.0,0.0,0.0,0.0,0.0,0.0,0.0,0.0,0.0,0.0,0.0,0.0,0.0,0.0,0.0,0.0,False,CLOCK_REFERENCE_READY,0,29.864,1791339384.0855384,nan,nan,nan,nan,nan,nan,nan,nan,nan,nan,nan,nan,nan,nan,nan,nan,nan,nan,nan,nan,nan,nan,nan,nan,nan,nan,nan,nan,nan,nan,nan,nan,nan,nan,nan,nan,nan,nan,nan,nan,nan,nan,nan,nan,nan,nan,nan,True,GEOMETRY_DISABLED,none,MODEL_ORIGIN_FRAME_NOT_ESTABLISHED,nan,nan,nan,nan,nan,nan,nan,nan,nan,nan,nan,nan,nan,NOT_EVALUATED,nan,nan,nan,0.0,BEFORE_HISTORY,nan,nan,nan,nan,nan,nan
0.0,1791339384.1868026,1791339384.1924644,1791339384.1924644,front_rgbd_red_sphere,False,False,False,DEPTH_FRAME_UNMATCHED,29.552,29.452,1791339383.7979288,1791339384.1868026,1791339373.039771,1791339373.039771,1791339373.039771,0.09999999999999787,1791339372.4717689,1791339373.467773,1791339373.3106868,1791339373.467773,1791339373.314687,1791339373.471771,1791339372.4677722,1791339373.467773,1791339372.4717689,1791339373.471771,1791339354.187771,GAZEBO_CLOCK_SYSTEM_INTERPOLATION,MAPPED_EXACT,0,18.852,1791339373.039771,0.01342320442199707,0.0,RGB,0.0,0,1,0,UNCALIBRATED,PREPARATION,UNKNOWN,STRAIGHT,0.0,0,0.0,nan,nan,nan,nan,False,0.0,0.0,0.0,0.0,0,0,0,0,0,0.0,0.0,0.0,0.0,0.0,0.0,0.0,0.0,0.0,0.0,0.0,0.0,0.0,0.0,0.0,0.0,0.0,0.0,0.0,0.0,0.0,0.0,0.0,0.0,0.0,0.0,0.0,0.0,False,CLOCK_REFERENCE_READY,0,29.964,1791339384.1855347,nan,nan,nan,nan,nan,nan,nan,nan,nan,nan,nan,nan,nan,nan,nan,nan,nan,nan,nan,nan,nan,nan,nan,nan,nan,nan,nan,nan,nan,nan,nan,nan,nan,nan,nan,nan,nan,nan,nan,nan,nan,nan,nan,nan,nan,nan,nan,True,GEOMETRY_DISABLED,none,MODEL_ORIGIN_FRAME_NOT_ESTABLISHED,nan,nan,nan,nan,nan,nan,nan,nan,nan,nan,nan,nan,nan,NOT_EVALUATED,nan,nan,nan,0.0,BEFORE_HISTORY,nan,nan,nan,nan,nan,nan
0.0,1791339384.545855,1791339384.5924263,1791339384.5924263,front_rgbd_red_sphere,False,False,False,DEPTH_FRAME_UNMATCHED,29.952,29.8,1791339384.2063243,1791339384.545855,1791339373.039771,1791339373.039771,1791339373.039771,0.15200000000000102,1791339372.4717689,1791339373.467773,1791339373.3106868,1791339373.467773,1791339373.314687,1791339373.471771,1791339372.4677722,1791339373.467773,1791339372.4717689,1791339373.471771,1791339354.187771,GAZEBO_CLOCK_SYSTEM_INTERPOLATION,MAPPED_EXACT,0,18.852,1791339373.039771,0.01342320442199707,0.0,RGB,0.0,0,1,0,UNCALIBRATED,PREPARATION,UNKNOWN,STRAIGHT,0.0,0,0.0,nan,nan,nan,nan,False,0.0,0.0,0.0,0.0,0,0,0,0,0,0.0,0.0,0.0,0.0,0.0,0.0,0.0,0.0,0.0,0.0,0.0,0.0,0.0,0.0,0.0,0.0,0.0,0.0,0.0,0.0,0.0,0.0,0.0,0.0,0.0,0.0,0.0,0.0,False,CLOCK_REFERENCE_READY,0,30.364,1791339384.585579,nan,nan,nan,nan,nan,nan,nan,nan,nan,nan,nan,nan,nan,nan,nan,nan,nan,nan,nan,nan,nan,nan,nan,nan,nan,nan,nan,nan,nan,nan,nan,nan,nan,nan,nan,nan,nan,nan,nan,nan,nan,nan,nan,nan,nan,nan,nan,True,GEOMETRY_DISABLED,none,MODEL_ORIGIN_FRAME_NOT_ESTABLISHED,nan,nan,nan,nan,nan,nan,nan,nan,nan,nan,nan,nan,nan,NOT_EVALUATED,nan,nan,nan,0.0,BEFORE_HISTORY,nan,nan,nan,nan,nan,nan
0.0,1791339384.6466422,1791339384.6923072,1791339384.6923072,front_rgbd_red_sphere,False,False,False,DEPTH_FRAME_UNMATCHED,30.052,29.9,1791339384.3070533,1791339384.6466422,1791339373.039771,1791339373.039771,1791339373.039771,0.15200000000000102,1791339372.4717689,1791339373.467773,1791339373.3106868,1791339373.467773,1791339373.314687,1791339373.471771,1791339372.4677722,1791339373.467773,1791339372.4717689,1791339373.471771,1791339354.187771,GAZEBO_CLOCK_SYSTEM_INTERPOLATION,MAPPED_EXACT,0,18.852,1791339373.039771,0.01342320442199707,0.0,RGB,0.0,0,1,0,UNCALIBRATED,PREPARATION,UNKNOWN,STRAIGHT,0.0,0,0.0,nan,nan,nan,nan,False,0.0,0.0,0.0,0.0,0,0,0,0,0,0.0,0.0,0.0,0.0,0.0,0.0,0.0,0.0,0.0,0.0,0.0,0.0,0.0,0.0,0.0,0.0,0.0,0.0,0.0,0.0,0.0,0.0,0.0,0.0,0.0,0.0,0.0,0.0,False,CLOCK_REFERENCE_READY,0,30.464,1791339384.6855354,nan,nan,nan,nan,nan,nan,nan,nan,nan,nan,nan,nan,nan,nan,nan,nan,nan,nan,nan,nan,nan,nan,nan,nan,nan,nan,nan,nan,nan,nan,nan,nan,nan,nan,nan,nan,nan,nan,nan,nan,nan,nan,nan,nan,nan,nan,nan,True,GEOMETRY_DISABLED,none,MODEL_ORIGIN_FRAME_NOT_ESTABLISHED,nan,nan,nan,nan,nan,nan,nan,nan,nan,nan,nan,nan,nan,NOT_EVALUATED,nan,nan,nan,0.0,BEFORE_HISTORY,nan,nan,nan,nan,nan,nan
0.0,1791339384.7839327,1791339384.7922943,1791339384.7922943,front_rgbd_red_sphere,False,False,False,DEPTH_FRAME_UNMATCHED,30.152,30.052,1791339384.3962162,1791339384.7839327,1791339373.039771,1791339373.039771,1791339373.039771,0.10000000000000142,1791339372.4717689,1791339373.467773,1791339373.3106868,1791339373.467773,1791339373.314687,1791339373.471771,1791339372.4677722,1791339373.467773,1791339372.4717689,1791339373.471771,1791339354.187771,GAZEBO_CLOCK_SYSTEM_INTERPOLATION,MAPPED_EXACT,0,18.852,1791339373.039771,0.01342320442199707,0.0,RGB,0.0,0,1,0,UNCALIBRATED,PREPARATION,UNKNOWN,STRAIGHT,0.0,0,0.0,nan,nan,nan,nan,False,0.0,0.0,0.0,0.0,0,0,0,0,0,0.0,0.0,0.0,0.0,0.0,0.0,0.0,0.0,0.0,0.0,0.0,0.0,0.0,0.0,0.0,0.0,0.0,0.0,0.0,0.0,0.0,0.0,0.0,0.0,0.0,0.0,0.0,0.0,False,CLOCK_REFERENCE_READY,0,30.564,1791339384.7855299,nan,nan,nan,nan,nan,nan,nan,nan,nan,nan,nan,nan,nan,nan,nan,nan,nan,nan,nan,nan,nan,nan,nan,nan,nan,nan,nan,nan,nan,nan,nan,nan,nan,nan,nan,nan,nan,nan,nan,nan,nan,nan,nan,nan,nan,nan,nan,True,GEOMETRY_DISABLED,none,MODEL_ORIGIN_FRAME_NOT_ESTABLISHED,nan,nan,nan,nan,nan,nan,nan,nan,nan,nan,nan,nan,nan,NOT_EVALUATED,nan,nan,nan,0.0,BEFORE_HISTORY,nan,nan,nan,nan,nan,nan
0.0,1791339384.8763134,1791339384.8922758,1791339384.8922758,front_rgbd_red_sphere,False,False,False,DEPTH_FRAME_UNMATCHED,30.252,30.152,1791339384.5101848,1791339384.8763134,1791339373.039771,1791339373.039771,1791339373.039771,0.09999999999999787,1791339372.4717689,1791339373.467773,1791339373.3106868,1791339373.467773,1791339373.314687,1791339373.471771,1791339372.4677722,1791339373.467773,1791339372.4717689,1791339373.471771,1791339354.187771,GAZEBO_CLOCK_SYSTEM_INTERPOLATION,MAPPED_EXACT,0,18.852,1791339373.039771,0.01342320442199707,0.0,RGB,0.0,0,1,0,UNCALIBRATED,PREPARATION,UNKNOWN,STRAIGHT,0.0,0,0.0,nan,nan,nan,nan,False,0.0,0.0,0.0,0.0,0,0,0,0,0,0.0,0.0,0.0,0.0,0.0,0.0,0.0,0.0,0.0,0.0,0.0,0.0,0.0,0.0,0.0,0.0,0.0,0.0,0.0,0.0,0.0,0.0,0.0,0.0,0.0,0.0,0.0,0.0,False,CLOCK_REFERENCE_READY,0,30.664,1791339384.8855376,nan,nan,nan,nan,nan,nan,nan,nan,nan,nan,nan,nan,nan,nan,nan,nan,nan,nan,nan,nan,nan,nan,nan,nan,nan,nan,nan,nan,nan,nan,nan,nan,nan,nan,nan,nan,nan,nan,nan,nan,nan,nan,nan,nan,nan,nan,nan,True,GEOMETRY_DISABLED,none,MODEL_ORIGIN_FRAME_NOT_ESTABLISHED,nan,nan,nan,nan,nan,nan,nan,nan,nan,nan,nan,nan,nan,NOT_EVALUATED,nan,nan,nan,0.0,BEFORE_HISTORY,nan,nan,nan,nan,nan,nan
0.0,1791339384.9585247,1791339384.9922853,1791339384.9922853,front_rgbd_red_sphere,False,False,False,DEPTH_FRAME_UNMATCHED,30.352,30.252,1791339384.5968537,1791339384.9585247,1791339373.039771,1791339373.039771,1791339373.039771,0.10000000000000142,1791339372.4717689,1791339373.467773,1791339373.3106868,1791339373.467773,1791339373.314687,1791339373.471771,1791339372.4677722,1791339373.467773,1791339372.4717689,1791339373.471771,1791339354.187771,GAZEBO_CLOCK_SYSTEM_INTERPOLATION,MAPPED_EXACT,0,18.852,1791339373.039771,0.01342320442199707,0.0,RGB,0.0,0,1,0,UNCALIBRATED,PREPARATION,UNKNOWN,STRAIGHT,0.0,0,0.0,nan,nan,nan,nan,False,0.0,0.0,0.0,0.0,0,0,0,0,0,0.0,0.0,0.0,0.0,0.0,0.0,0.0,0.0,0.0,0.0,0.0,0.0,0.0,0.0,0.0,0.0,0.0,0.0,0.0,0.0,0.0,0.0,0.0,0.0,0.0,0.0,0.0,0.0,False,CLOCK_REFERENCE_READY,0,30.764,1791339384.9855392,nan,nan,nan,nan,nan,nan,nan,nan,nan,nan,nan,nan,nan,nan,nan,nan,nan,nan,nan,nan,nan,nan,nan,nan,nan,nan,nan,nan,nan,nan,nan,nan,nan,nan,nan,nan,nan,nan,nan,nan,nan,nan,nan,nan,nan,nan,nan,True,GEOMETRY_DISABLED,none,MODEL_ORIGIN_FRAME_NOT_ESTABLISHED,nan,nan,nan,nan,nan,nan,nan,nan,nan,nan,nan,nan,nan,NOT_EVALUATED,nan,nan,nan,0.0,BEFORE_HISTORY,nan,nan,nan,nan,nan,nan
0.0,1791339385.0698495,1791339385.092335,1791339385.092335,front_rgbd_red_sphere,False,False,False,DEPTH_FRAME_UNMATCHED,30.452,30.352,1791339384.6978757,1791339385.0698495,1791339373.039771,1791339373.039771,1791339373.039771,0.10000000000000142,1791339372.4717689,1791339373.467773,1791339373.3106868,1791339373.467773,1791339373.314687,1791339373.471771,1791339372.4677722,1791339373.467773,1791339372.4717689,1791339373.471771,1791339354.187771,GAZEBO_CLOCK_SYSTEM_INTERPOLATION,MAPPED_EXACT,0,18.852,1791339373.039771,0.01342320442199707,0.0,RGB,0.0,0,1,0,UNCALIBRATED,PREPARATION,UNKNOWN,STRAIGHT,0.0,0,0.0,nan,nan,nan,nan,False,0.0,0.0,0.0,0.0,0,0,0,0,0,0.0,0.0,0.0,0.0,0.0,0.0,0.0,0.0,0.0,0.0,0.0,0.0,0.0,0.0,0.0,0.0,0.0,0.0,0.0,0.0,0.0,0.0,0.0,0.0,0.0,0.0,0.0,0.0,False,CLOCK_REFERENCE_READY,0,30.864,1791339385.0855305,nan,nan,nan,nan,nan,nan,nan,nan,nan,nan,nan,nan,nan,nan,nan,nan,nan,nan,nan,nan,nan,nan,nan,nan,nan,nan,nan,nan,nan,nan,nan,nan,nan,nan,nan,nan,nan,nan,nan,nan,nan,nan,nan,nan,nan,nan,nan,True,GEOMETRY_DISABLED,none,MODEL_ORIGIN_FRAME_NOT_ESTABLISHED,nan,nan,nan,nan,nan,nan,nan,nan,nan,nan,nan,nan,nan,NOT_EVALUATED,nan,nan,nan,0.0,BEFORE_HISTORY,nan,nan,nan,nan,nan,nan
0.0,1791339385.572306,1791339385.592383,1791339385.592383,front_rgbd_red_sphere,False,False,False,DEPTH_FRAME_UNMATCHED,30.952,30.852,1791339385.1974902,1791339385.572306,1791339373.039771,1791339373.039771,1791339373.039771,0.10000000000000142,1791339372.4717689,1791339373.467773,1791339373.3106868,1791339373.467773,1791339373.314687,1791339373.471771,1791339372.4677722,1791339373.467773,1791339372.4717689,1791339373.471771,1791339354.187771,GAZEBO_CLOCK_SYSTEM_INTERPOLATION,MAPPED_EXACT,0,18.852,1791339373.039771,0.01342320442199707,0.0,RGB,0.0,0,1,0,UNCALIBRATED,PREPARATION,UNKNOWN,STRAIGHT,0.0,0,0.0,nan,nan,nan,nan,False,0.0,0.0,0.0,0.0,0,0,0,0,0,0.0,0.0,0.0,0.0,0.0,0.0,0.0,0.0,0.0,0.0,0.0,0.0,0.0,0.0,0.0,0.0,0.0,0.0,0.0,0.0,0.0,0.0,0.0,0.0,0.0,0.0,0.0,0.0,False,CLOCK_REFERENCE_READY,0,31.364,1791339385.5855415,nan,nan,nan,nan,nan,nan,nan,nan,nan,nan,nan,nan,nan,nan,nan,nan,nan,nan,nan,nan,nan,nan,nan,nan,nan,nan,nan,nan,nan,nan,nan,nan,nan,nan,nan,nan,nan,nan,nan,nan,nan,nan,nan,nan,nan,nan,nan,True,GEOMETRY_DISABLED,none,MODEL_ORIGIN_FRAME_NOT_ESTABLISHED,nan,nan,nan,nan,nan,nan,nan,nan,nan,nan,nan,nan,nan,NOT_EVALUATED,nan,nan,nan,0.0,BEFORE_HISTORY,nan,nan,nan,nan,nan,nan
0.0,1791339385.667454,1791339385.6923916,1791339385.6923916,front_rgbd_red_sphere,False,False,False,DEPTH_FRAME_UNMATCHED,31.052,30.952,1791339385.2979288,1791339385.667454,1791339373.039771,1791339373.039771,1791339373.039771,0.09999999999999787,1791339372.4717689,1791339373.467773,1791339373.3106868,1791339373.467773,1791339373.314687,1791339373.471771,1791339372.4677722,1791339373.467773,1791339372.4717689,1791339373.471771,1791339354.187771,GAZEBO_CLOCK_SYSTEM_INTERPOLATION,MAPPED_EXACT,0,18.852,1791339373.039771,0.01342320442199707,0.0,RGB,0.0,0,1,0,UNCALIBRATED,PREPARATION,UNKNOWN,STRAIGHT,0.0,0,0.0,nan,nan,nan,nan,False,0.0,0.0,0.0,0.0,0,0,0,0,0,0.0,0.0,0.0,0.0,0.0,0.0,0.0,0.0,0.0,0.0,0.0,0.0,0.0,0.0,0.0,0.0,0.0,0.0,0.0,0.0,0.0,0.0,0.0,0.0,0.0,0.0,0.0,0.0,False,CLOCK_REFERENCE_READY,0,31.464,1791339385.6855345,nan,nan,nan,nan,nan,nan,nan,nan,nan,nan,nan,nan,nan,nan,nan,nan,nan,nan,nan,nan,nan,nan,nan,nan,nan,nan,nan,nan,nan,nan,nan,nan,nan,nan,nan,nan,nan,nan,nan,nan,nan,nan,nan,nan,nan,nan,nan,True,GEOMETRY_DISABLED,none,MODEL_ORIGIN_FRAME_NOT_ESTABLISHED,nan,nan,nan,nan,nan,nan,nan,nan,nan,nan,nan,nan,nan,NOT_EVALUATED,nan,nan,nan,0.0,BEFORE_HISTORY,nan,nan,nan,nan,nan,nan
0.0,1791339385.7634363,1791339385.7925231,1791339385.7925231,front_rgbd_red_sphere,False,False,False,DEPTH_FRAME_UNMATCHED,31.152,31.052,1791339385.3970444,1791339385.7634363,1791339373.039771,1791339373.039771,1791339373.039771,0.10000000000000142,1791339372.4717689,1791339373.467773,1791339373.3106868,1791339373.467773,1791339373.314687,1791339373.471771,1791339372.4677722,1791339373.467773,1791339372.4717689,1791339373.471771,1791339354.187771,GAZEBO_CLOCK_SYSTEM_INTERPOLATION,MAPPED_EXACT,0,18.852,1791339373.039771,0.01342320442199707,0.0,RGB,0.0,0,1,0,UNCALIBRATED,PREPARATION,UNKNOWN,STRAIGHT,0.0,0,0.0,nan,nan,nan,nan,False,0.0,0.0,0.0,0.0,0,0,0,0,0,0.0,0.0,0.0,0.0,0.0,0.0,0.0,0.0,0.0,0.0,0.0,0.0,0.0,0.0,0.0,0.0,0.0,0.0,0.0,0.0,0.0,0.0,0.0,0.0,0.0,0.0,0.0,0.0,False,CLOCK_REFERENCE_READY,0,31.564,1791339385.7855427,nan,nan,nan,nan,nan,nan,nan,nan,nan,nan,nan,nan,nan,nan,nan,nan,nan,nan,nan,nan,nan,nan,nan,nan,nan,nan,nan,nan,nan,nan,nan,nan,nan,nan,nan,nan,nan,nan,nan,nan,nan,nan,nan,nan,nan,nan,nan,True,GEOMETRY_DISABLED,none,MODEL_ORIGIN_FRAME_NOT_ESTABLISHED,nan,nan,nan,nan,nan,nan,nan,nan,nan,nan,nan,nan,nan,NOT_EVALUATED,nan,nan,nan,0.0,BEFORE_HISTORY,nan,nan,nan,nan,nan,nan
0.0,1791339385.8664122,1791339385.892355,1791339385.892355,front_rgbd_red_sphere,False,False,False,DEPTH_FRAME_UNMATCHED,31.252,31.152,1791339385.491819,1791339385.8664122,1791339373.039771,1791339373.039771,1791339373.039771,0.09999999999999787,1791339372.4717689,1791339373.467773,1791339373.3106868,1791339373.467773,1791339373.314687,1791339373.471771,1791339372.4677722,1791339373.467773,1791339372.4717689,1791339373.471771,1791339354.187771,GAZEBO_CLOCK_SYSTEM_INTERPOLATION,MAPPED_EXACT,0,18.852,1791339373.039771,0.01342320442199707,0.0,RGB,0.0,0,1,0,UNCALIBRATED,PREPARATION,UNKNOWN,STRAIGHT,0.0,0,0.0,nan,nan,nan,nan,False,0.0,0.0,0.0,0.0,0,0,0,0,0,0.0,0.0,0.0,0.0,0.0,0.0,0.0,0.0,0.0,0.0,0.0,0.0,0.0,0.0,0.0,0.0,0.0,0.0,0.0,0.0,0.0,0.0,0.0,0.0,0.0,0.0,0.0,0.0,False,CLOCK_REFERENCE_READY,0,31.664,1791339385.885533,nan,nan,nan,nan,nan,nan,nan,nan,nan,nan,nan,nan,nan,nan,nan,nan,nan,nan,nan,nan,nan,nan,nan,nan,nan,nan,nan,nan,nan,nan,nan,nan,nan,nan,nan,nan,nan,nan,nan,nan,nan,nan,nan,nan,nan,nan,nan,True,GEOMETRY_DISABLED,none,MODEL_ORIGIN_FRAME_NOT_ESTABLISHED,nan,nan,nan,nan,nan,nan,nan,nan,nan,nan,nan,nan,nan,NOT_EVALUATED,nan,nan,nan,0.0,BEFORE_HISTORY,nan,nan,nan,nan,nan,nan
0.0,1791339386.2907155,1791339386.292534,1791339386.292534,front_rgbd_red_sphere,False,False,False,DEPTH_FRAME_UNMATCHED,31.652,31.6,1791339385.8968704,1791339386.2907155,1791339373.039771,1791339373.039771,1791339373.039771,0.0519999999999996,1791339372.4717689,1791339373.467773,1791339373.3106868,1791339373.467773,1791339373.314687,1791339373.471771,1791339372.4677722,1791339373.467773,1791339372.4717689,1791339373.471771,1791339354.187771,GAZEBO_CLOCK_SYSTEM_INTERPOLATION,MAPPED_EXACT,0,18.852,1791339373.039771,0.01342320442199707,0.0,RGB,0.0,0,1,0,UNCALIBRATED,PREPARATION,UNKNOWN,STRAIGHT,0.0,0,0.0,nan,nan,nan,nan,False,0.0,0.0,0.0,0.0,0,0,0,0,0,0.0,0.0,0.0,0.0,0.0,0.0,0.0,0.0,0.0,0.0,0.0,0.0,0.0,0.0,0.0,0.0,0.0,0.0,0.0,0.0,0.0,0.0,0.0,0.0,0.0,0.0,0.0,0.0,False,CLOCK_REFERENCE_READY,0,32.064,1791339386.2855392,nan,nan,nan,nan,nan,nan,nan,nan,nan,nan,nan,nan,nan,nan,nan,nan,nan,nan,nan,nan,nan,nan,nan,nan,nan,nan,nan,nan,nan,nan,nan,nan,nan,nan,nan,nan,nan,nan,nan,nan,nan,nan,nan,nan,nan,nan,nan,True,GEOMETRY_DISABLED,none,MODEL_ORIGIN_FRAME_NOT_ESTABLISHED,nan,nan,nan,nan,nan,nan,nan,nan,nan,nan,nan,nan,nan,NOT_EVALUATED,nan,nan,nan,0.0,BEFORE_HISTORY,nan,nan,nan,nan,nan,nan
0.0,1791339386.385508,1791339386.3922863,1791339386.3922863,front_rgbd_red_sphere,False,False,False,DEPTH_FRAME_UNMATCHED,31.752,31.652,1791339385.9922996,1791339386.385508,1791339373.039771,1791339373.039771,1791339373.039771,0.09999999999999787,1791339372.4717689,1791339373.467773,1791339373.3106868,1791339373.467773,1791339373.314687,1791339373.471771,1791339372.4677722,1791339373.467773,1791339372.4717689,1791339373.471771,1791339354.187771,GAZEBO_CLOCK_SYSTEM_INTERPOLATION,MAPPED_EXACT,0,18.852,1791339373.039771,0.01342320442199707,0.0,RGB,0.0,0,1,0,UNCALIBRATED,PREPARATION,UNKNOWN,STRAIGHT,0.0,0,0.0,nan,nan,nan,nan,False,0.0,0.0,0.0,0.0,0,0,0,0,0,0.0,0.0,0.0,0.0,0.0,0.0,0.0,0.0,0.0,0.0,0.0,0.0,0.0,0.0,0.0,0.0,0.0,0.0,0.0,0.0,0.0,0.0,0.0,0.0,0.0,0.0,0.0,0.0,False,CLOCK_REFERENCE_READY,0,32.164,1791339386.3855515,nan,nan,nan,nan,nan,nan,nan,nan,nan,nan,nan,nan,nan,nan,nan,nan,nan,nan,nan,nan,nan,nan,nan,nan,nan,nan,nan,nan,nan,nan,nan,nan,nan,nan,nan,nan,nan,nan,nan,nan,nan,nan,nan,nan,nan,nan,nan,True,GEOMETRY_DISABLED,none,MODEL_ORIGIN_FRAME_NOT_ESTABLISHED,nan,nan,nan,nan,nan,nan,nan,nan,nan,nan,nan,nan,nan,NOT_EVALUATED,nan,nan,nan,0.0,BEFORE_HISTORY,nan,nan,nan,nan,nan,nan
0.0,1791339386.984409,1791339386.992259,1791339386.992259,front_rgbd_red_sphere,False,False,False,DEPTH_FRAME_UNMATCHED,32.352,32.252,1791339386.6083248,1791339386.984409,1791339373.039771,1791339373.039771,1791339373.039771,0.09999999999999432,1791339372.4717689,1791339373.467773,1791339373.3106868,1791339373.467773,1791339373.314687,1791339373.471771,1791339372.4677722,1791339373.467773,1791339372.4717689,1791339373.471771,1791339354.187771,GAZEBO_CLOCK_SYSTEM_INTERPOLATION,MAPPED_EXACT,0,18.852,1791339373.039771,0.01342320442199707,0.0,RGB,0.0,0,1,0,UNCALIBRATED,PREPARATION,UNKNOWN,STRAIGHT,0.0,0,0.0,nan,nan,nan,nan,False,0.0,0.0,0.0,0.0,0,0,0,0,0,0.0,0.0,0.0,0.0,0.0,0.0,0.0,0.0,0.0,0.0,0.0,0.0,0.0,0.0,0.0,0.0,0.0,0.0,0.0,0.0,0.0,0.0,0.0,0.0,0.0,0.0,0.0,0.0,False,CLOCK_REFERENCE_READY,0,32.76,1791339386.9815416,nan,nan,nan,nan,nan,nan,nan,nan,nan,nan,nan,nan,nan,nan,nan,nan,nan,nan,nan,nan,nan,nan,nan,nan,nan,nan,nan,nan,nan,nan,nan,nan,nan,nan,nan,nan,nan,nan,nan,nan,nan,nan,nan,nan,nan,nan,nan,True,GEOMETRY_DISABLED,none,MODEL_ORIGIN_FRAME_NOT_ESTABLISHED,nan,nan,nan,nan,nan,nan,nan,nan,nan,nan,nan,nan,nan,NOT_EVALUATED,nan,nan,nan,0.0,BEFORE_HISTORY,nan,nan,nan,nan,nan,nan
0.0,1791339387.0573976,1791339387.0922804,1791339387.0922804,front_rgbd_red_sphere,False,False,False,DEPTH_FRAME_UNMATCHED,32.452,32.352,1791339386.7072465,1791339387.0573976,1791339373.039771,1791339373.039771,1791339373.039771,0.10000000000000142,1791339372.4717689,1791339373.467773,1791339373.3106868,1791339373.467773,1791339373.314687,1791339373.471771,1791339372.4677722,1791339373.467773,1791339372.4717689,1791339373.471771,1791339354.187771,GAZEBO_CLOCK_SYSTEM_INTERPOLATION,MAPPED_EXACT,0,18.852,1791339373.039771,0.01342320442199707,0.0,RGB,0.0,0,1,0,UNCALIBRATED,PREPARATION,UNKNOWN,STRAIGHT,0.0,0,0.0,nan,nan,nan,nan,False,0.0,0.0,0.0,0.0,0,0,0,0,0,0.0,0.0,0.0,0.0,0.0,0.0,0.0,0.0,0.0,0.0,0.0,0.0,0.0,0.0,0.0,0.0,0.0,0.0,0.0,0.0,0.0,0.0,0.0,0.0,0.0,0.0,0.0,0.0,False,CLOCK_REFERENCE_READY,0,32.86,1791339387.0815384,nan,nan,nan,nan,nan,nan,nan,nan,nan,nan,nan,nan,nan,nan,nan,nan,nan,nan,nan,nan,nan,nan,nan,nan,nan,nan,nan,nan,nan,nan,nan,nan,nan,nan,nan,nan,nan,nan,nan,nan,nan,nan,nan,nan,nan,nan,nan,True,GEOMETRY_DISABLED,none,MODEL_ORIGIN_FRAME_NOT_ESTABLISHED,nan,nan,nan,nan,nan,nan,nan,nan,nan,nan,nan,nan,nan,NOT_EVALUATED,nan,nan,nan,0.0,BEFORE_HISTORY,nan,nan,nan,nan,nan,nan
0.0,1791339387.1530385,1791339387.1923454,1791339387.1923454,front_rgbd_red_sphere,False,False,False,DEPTH_FRAME_UNMATCHED,32.552,32.452,1791339386.796523,1791339387.1530385,1791339373.039771,1791339373.039771,1791339373.039771,0.10000000000000142,1791339372.4717689,1791339373.467773,1791339373.3106868,1791339373.467773,1791339373.314687,1791339373.471771,1791339372.4677722,1791339373.467773,1791339372.4717689,1791339373.471771,1791339354.187771,GAZEBO_CLOCK_SYSTEM_INTERPOLATION,MAPPED_EXACT,0,18.852,1791339373.039771,0.01342320442199707,0.0,RGB,0.0,0,1,0,UNCALIBRATED,PREPARATION,UNKNOWN,STRAIGHT,0.0,0,0.0,nan,nan,nan,nan,False,0.0,0.0,0.0,0.0,0,0,0,0,0,0.0,0.0,0.0,0.0,0.0,0.0,0.0,0.0,0.0,0.0,0.0,0.0,0.0,0.0,0.0,0.0,0.0,0.0,0.0,0.0,0.0,0.0,0.0,0.0,0.0,0.0,0.0,0.0,False,CLOCK_REFERENCE_READY,0,32.96,1791339387.1815417,nan,nan,nan,nan,nan,nan,nan,nan,nan,nan,nan,nan,nan,nan,nan,nan,nan,nan,nan,nan,nan,nan,nan,nan,nan,nan,nan,nan,nan,nan,nan,nan,nan,nan,nan,nan,nan,nan,nan,nan,nan,nan,nan,nan,nan,nan,nan,True,GEOMETRY_DISABLED,none,MODEL_ORIGIN_FRAME_NOT_ESTABLISHED,nan,nan,nan,nan,nan,nan,nan,nan,nan,nan,nan,nan,nan,NOT_EVALUATED,nan,nan,nan,0.0,BEFORE_HISTORY,nan,nan,nan,nan,nan,nan
0.0,1791339387.2419782,1791339387.2923653,1791339387.2923653,front_rgbd_red_sphere,False,False,False,DEPTH_FRAME_UNMATCHED,32.652,32.5,1791339386.8998086,1791339387.2419782,1791339373.039771,1791339373.039771,1791339373.039771,0.15200000000000102,1791339372.4717689,1791339373.467773,1791339373.3106868,1791339373.467773,1791339373.314687,1791339373.471771,1791339372.4677722,1791339373.467773,1791339372.4717689,1791339373.471771,1791339354.187771,GAZEBO_CLOCK_SYSTEM_INTERPOLATION,MAPPED_EXACT,0,18.852,1791339373.039771,0.01342320442199707,0.0,RGB,0.0,0,1,0,UNCALIBRATED,PREPARATION,UNKNOWN,STRAIGHT,0.0,0,0.0,nan,nan,nan,nan,False,0.0,0.0,0.0,0.0,0,0,0,0,0,0.0,0.0,0.0,0.0,0.0,0.0,0.0,0.0,0.0,0.0,0.0,0.0,0.0,0.0,0.0,0.0,0.0,0.0,0.0,0.0,0.0,0.0,0.0,0.0,0.0,0.0,0.0,0.0,False,CLOCK_REFERENCE_READY,0,33.06,1791339387.2815359,nan,nan,nan,nan,nan,nan,nan,nan,nan,nan,nan,nan,nan,nan,nan,nan,nan,nan,nan,nan,nan,nan,nan,nan,nan,nan,nan,nan,nan,nan,nan,nan,nan,nan,nan,nan,nan,nan,nan,nan,nan,nan,nan,nan,nan,nan,nan,True,GEOMETRY_DISABLED,none,MODEL_ORIGIN_FRAME_NOT_ESTABLISHED,nan,nan,nan,nan,nan,nan,nan,nan,nan,nan,nan,nan,nan,NOT_EVALUATED,nan,nan,nan,0.0,BEFORE_HISTORY,nan,nan,nan,nan,nan,nan
0.0,1791339387.7805219,1791339387.7923157,1791339387.7923157,front_rgbd_red_sphere,False,False,False,DEPTH_FRAME_UNMATCHED,33.152,33.1,1791339387.40374,1791339387.7805219,1791339373.039771,1791339373.039771,1791339373.039771,0.0519999999999996,1791339372.4717689,1791339373.467773,1791339373.3106868,1791339373.467773,1791339373.314687,1791339373.471771,1791339372.4677722,1791339373.467773,1791339372.4717689,1791339373.471771,1791339354.187771,GAZEBO_CLOCK_SYSTEM_INTERPOLATION,MAPPED_EXACT,0,18.852,1791339373.039771,0.01342320442199707,0.0,RGB,0.0,0,1,0,UNCALIBRATED,PREPARATION,UNKNOWN,STRAIGHT,0.0,0,0.0,nan,nan,nan,nan,False,0.0,0.0,0.0,0.0,0,0,0,0,0,0.0,0.0,0.0,0.0,0.0,0.0,0.0,0.0,0.0,0.0,0.0,0.0,0.0,0.0,0.0,0.0,0.0,0.0,0.0,0.0,0.0,0.0,0.0,0.0,0.0,0.0,0.0,0.0,False,CLOCK_REFERENCE_READY,0,33.556,1791339387.7775314,nan,nan,nan,nan,nan,nan,nan,nan,nan,nan,nan,nan,nan,nan,nan,nan,nan,nan,nan,nan,nan,nan,nan,nan,nan,nan,nan,nan,nan,nan,nan,nan,nan,nan,nan,nan,nan,nan,nan,nan,nan,nan,nan,nan,nan,nan,nan,True,GEOMETRY_DISABLED,none,MODEL_ORIGIN_FRAME_NOT_ESTABLISHED,nan,nan,nan,nan,nan,nan,nan,nan,nan,nan,nan,nan,nan,NOT_EVALUATED,nan,nan,nan,0.0,BEFORE_HISTORY,nan,nan,nan,nan,nan,nan
0.0,1791339387.8797634,1791339387.8922603,1791339387.8922603,front_rgbd_red_sphere,False,False,False,DEPTH_FRAME_UNMATCHED,33.252,33.152,1791339387.4940436,1791339387.8797634,1791339373.039771,1791339373.039771,1791339373.039771,0.10000000000000142,1791339372.4717689,1791339373.467773,1791339373.3106868,1791339373.467773,1791339373.314687,1791339373.471771,1791339372.4677722,1791339373.467773,1791339372.4717689,1791339373.471771,1791339354.187771,GAZEBO_CLOCK_SYSTEM_INTERPOLATION,MAPPED_EXACT,0,18.852,1791339373.039771,0.01342320442199707,0.0,RGB,0.0,0,1,0,UNCALIBRATED,PREPARATION,UNKNOWN,STRAIGHT,0.0,0,0.0,nan,nan,nan,nan,False,0.0,0.0,0.0,0.0,0,0,0,0,0,0.0,0.0,0.0,0.0,0.0,0.0,0.0,0.0,0.0,0.0,0.0,0.0,0.0,0.0,0.0,0.0,0.0,0.0,0.0,0.0,0.0,0.0,0.0,0.0,0.0,0.0,0.0,0.0,False,CLOCK_REFERENCE_READY,0,33.656,1791339387.8775377,nan,nan,nan,nan,nan,nan,nan,nan,nan,nan,nan,nan,nan,nan,nan,nan,nan,nan,nan,nan,nan,nan,nan,nan,nan,nan,nan,nan,nan,nan,nan,nan,nan,nan,nan,nan,nan,nan,nan,nan,nan,nan,nan,nan,nan,nan,nan,True,GEOMETRY_DISABLED,none,MODEL_ORIGIN_FRAME_NOT_ESTABLISHED,nan,nan,nan,nan,nan,nan,nan,nan,nan,nan,nan,nan,nan,NOT_EVALUATED,nan,nan,nan,0.0,BEFORE_HISTORY,nan,nan,nan,nan,nan,nan
0.0,1791339387.965153,1791339387.9923527,1791339387.9923527,front_rgbd_red_sphere,False,False,False,DEPTH_FRAME_UNMATCHED,33.352,33.252,1791339387.603307,1791339387.965153,1791339373.039771,1791339373.039771,1791339373.039771,0.09999999999999432,1791339372.4717689,1791339373.467773,1791339373.3106868,1791339373.467773,1791339373.314687,1791339373.471771,1791339372.4677722,1791339373.467773,1791339372.4717689,1791339373.471771,1791339354.187771,GAZEBO_CLOCK_SYSTEM_INTERPOLATION,MAPPED_EXACT,0,18.852,1791339373.039771,0.01342320442199707,0.0,RGB,0.0,0,1,0,UNCALIBRATED,PREPARATION,UNKNOWN,STRAIGHT,0.0,0,0.0,nan,nan,nan,nan,False,0.0,0.0,0.0,0.0,0,0,0,0,0,0.0,0.0,0.0,0.0,0.0,0.0,0.0,0.0,0.0,0.0,0.0,0.0,0.0,0.0,0.0,0.0,0.0,0.0,0.0,0.0,0.0,0.0,0.0,0.0,0.0,0.0,0.0,0.0,False,CLOCK_REFERENCE_READY,0,33.756,1791339387.9775324,nan,nan,nan,nan,nan,nan,nan,nan,nan,nan,nan,nan,nan,nan,nan,nan,nan,nan,nan,nan,nan,nan,nan,nan,nan,nan,nan,nan,nan,nan,nan,nan,nan,nan,nan,nan,nan,nan,nan,nan,nan,nan,nan,nan,nan,nan,nan,True,GEOMETRY_DISABLED,none,MODEL_ORIGIN_FRAME_NOT_ESTABLISHED,nan,nan,nan,nan,nan,nan,nan,nan,nan,nan,nan,nan,nan,NOT_EVALUATED,nan,nan,nan,0.0,BEFORE_HISTORY,nan,nan,nan,nan,nan,nan
0.0,1791339388.0507627,1791339388.0923755,1791339388.0923755,front_rgbd_red_sphere,False,False,False,DEPTH_FRAME_UNMATCHED,33.452,33.352,1791339387.6958506,1791339388.0507627,1791339373.039771,1791339373.039771,1791339373.039771,0.10000000000000142,1791339372.4717689,1791339373.467773,1791339373.3106868,1791339373.467773,1791339373.314687,1791339373.471771,1791339372.4677722,1791339373.467773,1791339372.4717689,1791339373.471771,1791339354.187771,GAZEBO_CLOCK_SYSTEM_INTERPOLATION,MAPPED_EXACT,0,18.852,1791339373.039771,0.01342320442199707,0.0,RGB,0.0,0,1,0,UNCALIBRATED,PREPARATION,UNKNOWN,STRAIGHT,0.0,0,0.0,nan,nan,nan,nan,False,0.0,0.0,0.0,0.0,0,0,0,0,0,0.0,0.0,0.0,0.0,0.0,0.0,0.0,0.0,0.0,0.0,0.0,0.0,0.0,0.0,0.0,0.0,0.0,0.0,0.0,0.0,0.0,0.0,0.0,0.0,0.0,0.0,0.0,0.0,False,CLOCK_REFERENCE_READY,0,33.856,1791339388.0775335,nan,nan,nan,nan,nan,nan,nan,nan,nan,nan,nan,nan,nan,nan,nan,nan,nan,nan,nan,nan,nan,nan,nan,nan,nan,nan,nan,nan,nan,nan,nan,nan,nan,nan,nan,nan,nan,nan,nan,nan,nan,nan,nan,nan,nan,nan,nan,True,GEOMETRY_DISABLED,none,MODEL_ORIGIN_FRAME_NOT_ESTABLISHED,nan,nan,nan,nan,nan,nan,nan,nan,nan,nan,nan,nan,nan,NOT_EVALUATED,nan,nan,nan,0.0,BEFORE_HISTORY,nan,nan,nan,nan,nan,nan
0.0,1791339388.4838932,1791339388.4923563,1791339388.4923563,front_rgbd_red_sphere,False,False,False,DEPTH_FRAME_UNMATCHED,33.852,33.752,1791339388.0964904,1791339388.4838932,1791339373.039771,1791339373.039771,1791339373.039771,0.09999999999999432,1791339372.4717689,1791339373.467773,1791339373.3106868,1791339373.467773,1791339373.314687,1791339373.471771,1791339372.4677722,1791339373.467773,1791339372.4717689,1791339373.471771,1791339354.187771,GAZEBO_CLOCK_SYSTEM_INTERPOLATION,MAPPED_EXACT,0,18.852,1791339373.039771,0.01342320442199707,0.0,RGB,0.0,0,1,0,UNCALIBRATED,PREPARATION,UNKNOWN,STRAIGHT,0.0,0,0.0,nan,nan,nan,nan,False,0.0,0.0,0.0,0.0,0,0,0,0,0,0.0,0.0,0.0,0.0,0.0,0.0,0.0,0.0,0.0,0.0,0.0,0.0,0.0,0.0,0.0,0.0,0.0,0.0,0.0,0.0,0.0,0.0,0.0,0.0,0.0,0.0,0.0,0.0,False,CLOCK_REFERENCE_READY,0,34.256,1791339388.4775395,nan,nan,nan,nan,nan,nan,nan,nan,nan,nan,nan,nan,nan,nan,nan,nan,nan,nan,nan,nan,nan,nan,nan,nan,nan,nan,nan,nan,nan,nan,nan,nan,nan,nan,nan,nan,nan,nan,nan,nan,nan,nan,nan,nan,nan,nan,nan,True,GEOMETRY_DISABLED,none,MODEL_ORIGIN_FRAME_NOT_ESTABLISHED,nan,nan,nan,nan,nan,nan,nan,nan,nan,nan,nan,nan,nan,NOT_EVALUATED,nan,nan,nan,0.0,BEFORE_HISTORY,nan,nan,nan,nan,nan,nan
0.0,1791339388.5752876,1791339388.5923047,1791339388.5923047,front_rgbd_red_sphere,False,False,False,DEPTH_FRAME_UNMATCHED,33.952,33.852,1791339388.1967835,1791339388.5752876,1791339373.039771,1791339373.039771,1791339373.039771,0.10000000000000142,1791339372.4717689,1791339373.467773,1791339373.3106868,1791339373.467773,1791339373.314687,1791339373.471771,1791339372.4677722,1791339373.467773,1791339372.4717689,1791339373.471771,1791339354.187771,GAZEBO_CLOCK_SYSTEM_INTERPOLATION,MAPPED_EXACT,0,18.852,1791339373.039771,0.01342320442199707,0.0,RGB,0.0,0,1,0,UNCALIBRATED,PREPARATION,UNKNOWN,STRAIGHT,0.0,0,0.0,nan,nan,nan,nan,False,0.0,0.0,0.0,0.0,0,0,0,0,0,0.0,0.0,0.0,0.0,0.0,0.0,0.0,0.0,0.0,0.0,0.0,0.0,0.0,0.0,0.0,0.0,0.0,0.0,0.0,0.0,0.0,0.0,0.0,0.0,0.0,0.0,0.0,0.0,False,CLOCK_REFERENCE_READY,0,34.356,1791339388.5775359,nan,nan,nan,nan,nan,nan,nan,nan,nan,nan,nan,nan,nan,nan,nan,nan,nan,nan,nan,nan,nan,nan,nan,nan,nan,nan,nan,nan,nan,nan,nan,nan,nan,nan,nan,nan,nan,nan,nan,nan,nan,nan,nan,nan,nan,nan,nan,True,GEOMETRY_DISABLED,none,MODEL_ORIGIN_FRAME_NOT_ESTABLISHED,nan,nan,nan,nan,nan,nan,nan,nan,nan,nan,nan,nan,nan,NOT_EVALUATED,nan,nan,nan,0.0,BEFORE_HISTORY,nan,nan,nan,nan,nan,nan
0.0,1791339388.6633847,1791339388.692348,1791339388.692348,front_rgbd_red_sphere,False,False,False,DEPTH_FRAME_UNMATCHED,34.052,33.952,1791339388.2942104,1791339388.6633847,1791339373.039771,1791339373.039771,1791339373.039771,0.10000000000000142,1791339372.4717689,1791339373.467773,1791339373.3106868,1791339373.467773,1791339373.314687,1791339373.471771,1791339372.4677722,1791339373.467773,1791339372.4717689,1791339373.471771,1791339354.187771,GAZEBO_CLOCK_SYSTEM_INTERPOLATION,MAPPED_EXACT,0,18.852,1791339373.039771,0.01342320442199707,0.0,RGB,0.0,0,1,0,UNCALIBRATED,PREPARATION,UNKNOWN,STRAIGHT,0.0,0,0.0,nan,nan,nan,nan,False,0.0,0.0,0.0,0.0,0,0,0,0,0,0.0,0.0,0.0,0.0,0.0,0.0,0.0,0.0,0.0,0.0,0.0,0.0,0.0,0.0,0.0,0.0,0.0,0.0,0.0,0.0,0.0,0.0,0.0,0.0,0.0,0.0,0.0,0.0,False,CLOCK_REFERENCE_READY,0,34.456,1791339388.677541,nan,nan,nan,nan,nan,nan,nan,nan,nan,nan,nan,nan,nan,nan,nan,nan,nan,nan,nan,nan,nan,nan,nan,nan,nan,nan,nan,nan,nan,nan,nan,nan,nan,nan,nan,nan,nan,nan,nan,nan,nan,nan,nan,nan,nan,nan,nan,True,GEOMETRY_DISABLED,none,MODEL_ORIGIN_FRAME_NOT_ESTABLISHED,nan,nan,nan,nan,nan,nan,nan,nan,nan,nan,nan,nan,nan,NOT_EVALUATED,nan,nan,nan,0.0,BEFORE_HISTORY,nan,nan,nan,nan,nan,nan
0.0,1791339388.8467596,1791339388.892407,1791339388.892407,front_rgbd_red_sphere,False,False,False,DEPTH_FRAME_UNMATCHED,34.252,34.1,1791339388.4974675,1791339388.8467596,1791339373.039771,1791339373.039771,1791339373.039771,0.15200000000000102,1791339372.4717689,1791339373.467773,1791339373.3106868,1791339373.467773,1791339373.314687,1791339373.471771,1791339372.4677722,1791339373.467773,1791339372.4717689,1791339373.471771,1791339354.187771,GAZEBO_CLOCK_SYSTEM_INTERPOLATION,MAPPED_EXACT,0,18.852,1791339373.039771,0.01342320442199707,0.0,RGB,0.0,0,1,0,UNCALIBRATED,PREPARATION,UNKNOWN,STRAIGHT,0.0,0,0.0,nan,nan,nan,nan,False,0.0,0.0,0.0,0.0,0,0,0,0,0,0.0,0.0,0.0,0.0,0.0,0.0,0.0,0.0,0.0,0.0,0.0,0.0,0.0,0.0,0.0,0.0,0.0,0.0,0.0,0.0,0.0,0.0,0.0,0.0,0.0,0.0,0.0,0.0,False,CLOCK_REFERENCE_READY,0,34.656,1791339388.8775427,nan,nan,nan,nan,nan,nan,nan,nan,nan,nan,nan,nan,nan,nan,nan,nan,nan,nan,nan,nan,nan,nan,nan,nan,nan,nan,nan,nan,nan,nan,nan,nan,nan,nan,nan,nan,nan,nan,nan,nan,nan,nan,nan,nan,nan,nan,nan,True,GEOMETRY_DISABLED,none,MODEL_ORIGIN_FRAME_NOT_ESTABLISHED,nan,nan,nan,nan,nan,nan,nan,nan,nan,nan,nan,nan,nan,NOT_EVALUATED,nan,nan,nan,0.0,BEFORE_HISTORY,nan,nan,nan,nan,nan,nan
0.0,1791339388.9420774,1791339388.9923089,1791339388.9923089,front_rgbd_red_sphere,False,False,False,DEPTH_FRAME_UNMATCHED,34.352,34.2,1791339388.5968683,1791339388.9420774,1791339373.039771,1791339373.039771,1791339373.039771,0.15199999999999392,1791339372.4717689,1791339373.467773,1791339373.3106868,1791339373.467773,1791339373.314687,1791339373.471771,1791339372.4677722,1791339373.467773,1791339372.4717689,1791339373.471771,1791339354.187771,GAZEBO_CLOCK_SYSTEM_INTERPOLATION,MAPPED_EXACT,0,18.852,1791339373.039771,0.01342320442199707,0.0,RGB,0.0,0,1,0,UNCALIBRATED,PREPARATION,UNKNOWN,STRAIGHT,0.0,0,0.0,nan,nan,nan,nan,False,0.0,0.0,0.0,0.0,0,0,0,0,0,0.0,0.0,0.0,0.0,0.0,0.0,0.0,0.0,0.0,0.0,0.0,0.0,0.0,0.0,0.0,0.0,0.0,0.0,0.0,0.0,0.0,0.0,0.0,0.0,0.0,0.0,0.0,0.0,False,CLOCK_REFERENCE_READY,0,34.756,1791339388.9775386,nan,nan,nan,nan,nan,nan,nan,nan,nan,nan,nan,nan,nan,nan,nan,nan,nan,nan,nan,nan,nan,nan,nan,nan,nan,nan,nan,nan,nan,nan,nan,nan,nan,nan,nan,nan,nan,nan,nan,nan,nan,nan,nan,nan,nan,nan,nan,True,GEOMETRY_DISABLED,none,MODEL_ORIGIN_FRAME_NOT_ESTABLISHED,nan,nan,nan,nan,nan,nan,nan,nan,nan,nan,nan,nan,nan,NOT_EVALUATED,nan,nan,nan,0.0,BEFORE_HISTORY,nan,nan,nan,nan,nan,nan
0.0,1791339389.0708244,1791339389.0923653,1791339389.0923653,front_rgbd_red_sphere,False,False,False,DEPTH_FRAME_UNMATCHED,34.452,34.352,1791339388.6973197,1791339389.0708244,1791339373.039771,1791339373.039771,1791339373.039771,0.10000000000000142,1791339372.4717689,1791339373.467773,1791339373.3106868,1791339373.467773,1791339373.314687,1791339373.471771,1791339372.4677722,1791339373.467773,1791339372.4717689,1791339373.471771,1791339354.187771,GAZEBO_CLOCK_SYSTEM_INTERPOLATION,MAPPED_EXACT,0,18.852,1791339373.039771,0.01342320442199707,0.0,RGB,0.0,0,1,0,UNCALIBRATED,PREPARATION,UNKNOWN,STRAIGHT,0.0,0,0.0,nan,nan,nan,nan,False,0.0,0.0,0.0,0.0,0,0,0,0,0,0.0,0.0,0.0,0.0,0.0,0.0,0.0,0.0,0.0,0.0,0.0,0.0,0.0,0.0,0.0,0.0,0.0,0.0,0.0,0.0,0.0,0.0,0.0,0.0,0.0,0.0,0.0,0.0,False,CLOCK_REFERENCE_READY,0,34.856,1791339389.077536,nan,nan,nan,nan,nan,nan,nan,nan,nan,nan,nan,nan,nan,nan,nan,nan,nan,nan,nan,nan,nan,nan,nan,nan,nan,nan,nan,nan,nan,nan,nan,nan,nan,nan,nan,nan,nan,nan,nan,nan,nan,nan,nan,nan,nan,nan,nan,True,GEOMETRY_DISABLED,none,MODEL_ORIGIN_FRAME_NOT_ESTABLISHED,nan,nan,nan,nan,nan,nan,nan,nan,nan,nan,nan,nan,nan,NOT_EVALUATED,nan,nan,nan,0.0,BEFORE_HISTORY,nan,nan,nan,nan,nan,nan
0.0,1791339389.161743,1791339389.1922972,1791339389.1922972,front_rgbd_red_sphere,False,False,False,DEPTH_FRAME_UNMATCHED,34.552,34.452,1791339388.7988398,1791339389.161743,1791339373.039771,1791339373.039771,1791339373.039771,0.10000000000000142,1791339372.4717689,1791339373.467773,1791339373.3106868,1791339373.467773,1791339373.314687,1791339373.471771,1791339372.4677722,1791339373.467773,1791339372.4717689,1791339373.471771,1791339354.187771,GAZEBO_CLOCK_SYSTEM_INTERPOLATION,MAPPED_EXACT,0,18.852,1791339373.039771,0.01342320442199707,0.0,RGB,0.0,0,1,0,UNCALIBRATED,PREPARATION,UNKNOWN,STRAIGHT,0.0,0,0.0,nan,nan,nan,nan,False,0.0,0.0,0.0,0.0,0,0,0,0,0,0.0,0.0,0.0,0.0,0.0,0.0,0.0,0.0,0.0,0.0,0.0,0.0,0.0,0.0,0.0,0.0,0.0,0.0,0.0,0.0,0.0,0.0,0.0,0.0,0.0,0.0,0.0,0.0,False,CLOCK_REFERENCE_READY,0,34.968,1791339389.1895347,nan,nan,nan,nan,nan,nan,nan,nan,nan,nan,nan,nan,nan,nan,nan,nan,nan,nan,nan,nan,nan,nan,nan,nan,nan,nan,nan,nan,nan,nan,nan,nan,nan,nan,nan,nan,nan,nan,nan,nan,nan,nan,nan,nan,nan,nan,nan,True,GEOMETRY_DISABLED,none,MODEL_ORIGIN_FRAME_NOT_ESTABLISHED,nan,nan,nan,nan,nan,nan,nan,nan,nan,nan,nan,nan,nan,NOT_EVALUATED,nan,nan,nan,0.0,BEFORE_HISTORY,nan,nan,nan,nan,nan,nan
0.0,1791339389.291243,1791339389.2926493,1791339389.2926493,front_rgbd_red_sphere,False,False,False,DEPTH_FRAME_UNMATCHED,34.652,34.552,1791339388.899108,1791339389.291243,1791339373.039771,1791339373.039771,1791339373.039771,0.10000000000000142,1791339372.4717689,1791339373.467773,1791339373.3106868,1791339373.467773,1791339373.314687,1791339373.471771,1791339372.4677722,1791339373.467773,1791339372.4717689,1791339373.471771,1791339354.187771,GAZEBO_CLOCK_SYSTEM_INTERPOLATION,MAPPED_EXACT,0,18.852,1791339373.039771,0.01342320442199707,0.0,RGB,0.0,0,1,0,UNCALIBRATED,PREPARATION,UNKNOWN,STRAIGHT,0.0,0,0.0,nan,nan,nan,nan,False,0.0,0.0,0.0,0.0,0,0,0,0,0,0.0,0.0,0.0,0.0,0.0,0.0,0.0,0.0,0.0,0.0,0.0,0.0,0.0,0.0,0.0,0.0,0.0,0.0,0.0,0.0,0.0,0.0,0.0,0.0,0.0,0.0,0.0,0.0,False,CLOCK_REFERENCE_READY,0,35.052,1791339389.2735338,nan,nan,nan,nan,nan,nan,nan,nan,nan,nan,nan,nan,nan,nan,nan,nan,nan,nan,nan,nan,nan,nan,nan,nan,nan,nan,nan,nan,nan,nan,nan,nan,nan,nan,nan,nan,nan,nan,nan,nan,nan,nan,nan,nan,nan,nan,nan,True,GEOMETRY_DISABLED,none,MODEL_ORIGIN_FRAME_NOT_ESTABLISHED,nan,nan,nan,nan,nan,nan,nan,nan,nan,nan,nan,nan,nan,NOT_EVALUATED,nan,nan,nan,0.0,BEFORE_HISTORY,nan,nan,nan,nan,nan,nan
0.0,1791339389.4889524,1791339389.4923615,1791339389.4923615,front_rgbd_red_sphere,False,False,False,DEPTH_FRAME_UNMATCHED,34.852,34.752,1791339389.1008368,1791339389.4889524,1791339373.039771,1791339373.039771,1791339373.039771,0.09999999999999432,1791339372.4717689,1791339373.467773,1791339373.3106868,1791339373.467773,1791339373.314687,1791339373.471771,1791339372.4677722,1791339373.467773,1791339372.4717689,1791339373.471771,1791339354.187771,GAZEBO_CLOCK_SYSTEM_INTERPOLATION,MAPPED_EXACT,0,18.852,1791339373.039771,0.01342320442199707,0.0,RGB,0.0,0,1,0,UNCALIBRATED,PREPARATION,UNKNOWN,STRAIGHT,0.0,0,0.0,nan,nan,nan,nan,False,0.0,0.0,0.0,0.0,0,0,0,0,0,0.0,0.0,0.0,0.0,0.0,0.0,0.0,0.0,0.0,0.0,0.0,0.0,0.0,0.0,0.0,0.0,0.0,0.0,0.0,0.0,0.0,0.0,0.0,0.0,0.0,0.0,0.0,0.0,False,CLOCK_REFERENCE_READY,0,35.252,1791339389.473525,nan,nan,nan,nan,nan,nan,nan,nan,nan,nan,nan,nan,nan,nan,nan,nan,nan,nan,nan,nan,nan,nan,nan,nan,nan,nan,nan,nan,nan,nan,nan,nan,nan,nan,nan,nan,nan,nan,nan,nan,nan,nan,nan,nan,nan,nan,nan,True,GEOMETRY_DISABLED,none,MODEL_ORIGIN_FRAME_NOT_ESTABLISHED,nan,nan,nan,nan,nan,nan,nan,nan,nan,nan,nan,nan,nan,NOT_EVALUATED,nan,nan,nan,0.0,BEFORE_HISTORY,nan,nan,nan,nan,nan,nan
0.0,1791339389.5703104,1791339389.592241,1791339389.592241,front_rgbd_red_sphere,False,False,False,DEPTH_FRAME_UNMATCHED,34.952,34.852,1791339389.2261178,1791339389.5703104,1791339373.039771,1791339373.039771,1791339373.039771,0.10000000000000142,1791339372.4717689,1791339373.467773,1791339373.3106868,1791339373.467773,1791339373.314687,1791339373.471771,1791339372.4677722,1791339373.467773,1791339372.4717689,1791339373.471771,1791339354.187771,GAZEBO_CLOCK_SYSTEM_INTERPOLATION,MAPPED_EXACT,0,18.852,1791339373.039771,0.01342320442199707,0.0,RGB,0.0,0,1,0,UNCALIBRATED,PREPARATION,UNKNOWN,STRAIGHT,0.0,0,0.0,nan,nan,nan,nan,False,0.0,0.0,0.0,0.0,0,0,0,0,0,0.0,0.0,0.0,0.0,0.0,0.0,0.0,0.0,0.0,0.0,0.0,0.0,0.0,0.0,0.0,0.0,0.0,0.0,0.0,0.0,0.0,0.0,0.0,0.0,0.0,0.0,0.0,0.0,False,CLOCK_REFERENCE_READY,0,35.352,1791339389.5735276,nan,nan,nan,nan,nan,nan,nan,nan,nan,nan,nan,nan,nan,nan,nan,nan,nan,nan,nan,nan,nan,nan,nan,nan,nan,nan,nan,nan,nan,nan,nan,nan,nan,nan,nan,nan,nan,nan,nan,nan,nan,nan,nan,nan,nan,nan,nan,True,GEOMETRY_DISABLED,none,MODEL_ORIGIN_FRAME_NOT_ESTABLISHED,nan,nan,nan,nan,nan,nan,nan,nan,nan,nan,nan,nan,nan,NOT_EVALUATED,nan,nan,nan,0.0,BEFORE_HISTORY,nan,nan,nan,nan,nan,nan
0.0,1791339389.658127,1791339389.6922631,1791339389.6922631,front_rgbd_red_sphere,False,False,False,DEPTH_FRAME_UNMATCHED,35.052,34.952,1791339389.3114977,1791339389.658127,1791339373.039771,1791339373.039771,1791339373.039771,0.10000000000000142,1791339372.4717689,1791339373.467773,1791339373.3106868,1791339373.467773,1791339373.314687,1791339373.471771,1791339372.4677722,1791339373.467773,1791339372.4717689,1791339373.471771,1791339354.187771,GAZEBO_CLOCK_SYSTEM_INTERPOLATION,MAPPED_EXACT,0,18.852,1791339373.039771,0.01342320442199707,0.0,RGB,0.0,0,1,0,UNCALIBRATED,PREPARATION,UNKNOWN,STRAIGHT,0.0,0,0.0,nan,nan,nan,nan,False,0.0,0.0,0.0,0.0,0,0,0,0,0,0.0,0.0,0.0,0.0,0.0,0.0,0.0,0.0,0.0,0.0,0.0,0.0,0.0,0.0,0.0,0.0,0.0,0.0,0.0,0.0,0.0,0.0,0.0,0.0,0.0,0.0,0.0,0.0,False,CLOCK_REFERENCE_READY,0,35.452,1791339389.673521,nan,nan,nan,nan,nan,nan,nan,nan,nan,nan,nan,nan,nan,nan,nan,nan,nan,nan,nan,nan,nan,nan,nan,nan,nan,nan,nan,nan,nan,nan,nan,nan,nan,nan,nan,nan,nan,nan,nan,nan,nan,nan,nan,nan,nan,nan,nan,True,GEOMETRY_DISABLED,none,MODEL_ORIGIN_FRAME_NOT_ESTABLISHED,nan,nan,nan,nan,nan,nan,nan,nan,nan,nan,nan,nan,nan,NOT_EVALUATED,nan,nan,nan,0.0,BEFORE_HISTORY,nan,nan,nan,nan,nan,nan
0.0,1791339389.757856,1791339389.7922757,1791339389.7922757,front_rgbd_red_sphere,False,False,False,DEPTH_FRAME_UNMATCHED,35.152,35.052,1791339389.403955,1791339389.757856,1791339373.039771,1791339373.039771,1791339373.039771,0.10000000000000142,1791339372.4717689,1791339373.467773,1791339373.3106868,1791339373.467773,1791339373.314687,1791339373.471771,1791339372.4677722,1791339373.467773,1791339372.4717689,1791339373.471771,1791339354.187771,GAZEBO_CLOCK_SYSTEM_INTERPOLATION,MAPPED_EXACT,0,18.852,1791339373.039771,0.01342320442199707,0.0,RGB,0.0,0,1,0,UNCALIBRATED,PREPARATION,UNKNOWN,STRAIGHT,0.0,0,0.0,nan,nan,nan,nan,False,0.0,0.0,0.0,0.0,0,0,0,0,0,0.0,0.0,0.0,0.0,0.0,0.0,0.0,0.0,0.0,0.0,0.0,0.0,0.0,0.0,0.0,0.0,0.0,0.0,0.0,0.0,0.0,0.0,0.0,0.0,0.0,0.0,0.0,0.0,False,CLOCK_REFERENCE_READY,0,35.552,1791339389.7735217,nan,nan,nan,nan,nan,nan,nan,nan,nan,nan,nan,nan,nan,nan,nan,nan,nan,nan,nan,nan,nan,nan,nan,nan,nan,nan,nan,nan,nan,nan,nan,nan,nan,nan,nan,nan,nan,nan,nan,nan,nan,nan,nan,nan,nan,nan,nan,True,GEOMETRY_DISABLED,none,MODEL_ORIGIN_FRAME_NOT_ESTABLISHED,nan,nan,nan,nan,nan,nan,nan,nan,nan,nan,nan,nan,nan,NOT_EVALUATED,nan,nan,nan,0.0,BEFORE_HISTORY,nan,nan,nan,nan,nan,nan
0.0,1791339390.3827612,1791339390.3924975,1791339390.3924975,front_rgbd_red_sphere,False,False,False,DEPTH_FRAME_UNMATCHED,35.752,35.652,1791339390.0032938,1791339390.3827612,1791339373.039771,1791339373.039771,1791339373.039771,0.10000000000000142,1791339372.4717689,1791339373.467773,1791339373.3106868,1791339373.467773,1791339373.314687,1791339373.471771,1791339372.4677722,1791339373.467773,1791339372.4717689,1791339373.471771,1791339354.187771,GAZEBO_CLOCK_SYSTEM_INTERPOLATION,MAPPED_EXACT,0,18.852,1791339373.039771,0.01342320442199707,0.0,RGB,0.0,0,1,0,UNCALIBRATED,PREPARATION,UNKNOWN,STRAIGHT,0.0,0,0.0,nan,nan,nan,nan,False,0.0,0.0,0.0,0.0,0,0,0,0,0,0.0,0.0,0.0,0.0,0.0,0.0,0.0,0.0,0.0,0.0,0.0,0.0,0.0,0.0,0.0,0.0,0.0,0.0,0.0,0.0,0.0,0.0,0.0,0.0,0.0,0.0,0.0,0.0,False,CLOCK_REFERENCE_READY,0,36.152,1791339390.373536,nan,nan,nan,nan,nan,nan,nan,nan,nan,nan,nan,nan,nan,nan,nan,nan,nan,nan,nan,nan,nan,nan,nan,nan,nan,nan,nan,nan,nan,nan,nan,nan,nan,nan,nan,nan,nan,nan,nan,nan,nan,nan,nan,nan,nan,nan,nan,True,GEOMETRY_DISABLED,none,MODEL_ORIGIN_FRAME_NOT_ESTABLISHED,nan,nan,nan,nan,nan,nan,nan,nan,nan,nan,nan,nan,nan,NOT_EVALUATED,nan,nan,nan,0.0,BEFORE_HISTORY,nan,nan,nan,nan,nan,nan
0.0,1791339390.46083,1791339390.4924302,1791339390.4924302,front_rgbd_red_sphere,False,False,False,DEPTH_FRAME_UNMATCHED,35.852,35.752,1791339390.102732,1791339390.46083,1791339373.039771,1791339373.039771,1791339373.039771,0.09999999999999432,1791339372.4717689,1791339373.467773,1791339373.3106868,1791339373.467773,1791339373.314687,1791339373.471771,1791339372.4677722,1791339373.467773,1791339372.4717689,1791339373.471771,1791339354.187771,GAZEBO_CLOCK_SYSTEM_INTERPOLATION,MAPPED_EXACT,0,18.852,1791339373.039771,0.01342320442199707,0.0,RGB,0.0,0,1,0,UNCALIBRATED,PREPARATION,UNKNOWN,STRAIGHT,0.0,0,0.0,nan,nan,nan,nan,False,0.0,0.0,0.0,0.0,0,0,0,0,0,0.0,0.0,0.0,0.0,0.0,0.0,0.0,0.0,0.0,0.0,0.0,0.0,0.0,0.0,0.0,0.0,0.0,0.0,0.0,0.0,0.0,0.0,0.0,0.0,0.0,0.0,0.0,0.0,False,CLOCK_REFERENCE_READY,0,36.252,1791339390.473521,nan,nan,nan,nan,nan,nan,nan,nan,nan,nan,nan,nan,nan,nan,nan,nan,nan,nan,nan,nan,nan,nan,nan,nan,nan,nan,nan,nan,nan,nan,nan,nan,nan,nan,nan,nan,nan,nan,nan,nan,nan,nan,nan,nan,nan,nan,nan,True,GEOMETRY_DISABLED,none,MODEL_ORIGIN_FRAME_NOT_ESTABLISHED,nan,nan,nan,nan,nan,nan,nan,nan,nan,nan,nan,nan,nan,NOT_EVALUATED,nan,nan,nan,0.0,BEFORE_HISTORY,nan,nan,nan,nan,nan,nan
0.0,1791339390.557175,1791339390.5923715,1791339390.5923715,front_rgbd_red_sphere,False,False,False,DEPTH_FRAME_UNMATCHED,35.952,35.852,1791339390.197431,1791339390.557175,1791339373.039771,1791339373.039771,1791339373.039771,0.10000000000000142,1791339372.4717689,1791339373.467773,1791339373.3106868,1791339373.467773,1791339373.314687,1791339373.471771,1791339372.4677722,1791339373.467773,1791339372.4717689,1791339373.471771,1791339354.187771,GAZEBO_CLOCK_SYSTEM_INTERPOLATION,MAPPED_EXACT,0,18.852,1791339373.039771,0.01342320442199707,0.0,RGB,0.0,0,1,0,UNCALIBRATED,PREPARATION,UNKNOWN,STRAIGHT,0.0,0,0.0,nan,nan,nan,nan,False,0.0,0.0,0.0,0.0,0,0,0,0,0,0.0,0.0,0.0,0.0,0.0,0.0,0.0,0.0,0.0,0.0,0.0,0.0,0.0,0.0,0.0,0.0,0.0,0.0,0.0,0.0,0.0,0.0,0.0,0.0,0.0,0.0,0.0,0.0,False,CLOCK_REFERENCE_READY,0,36.352,1791339390.5735235,nan,nan,nan,nan,nan,nan,nan,nan,nan,nan,nan,nan,nan,nan,nan,nan,nan,nan,nan,nan,nan,nan,nan,nan,nan,nan,nan,nan,nan,nan,nan,nan,nan,nan,nan,nan,nan,nan,nan,nan,nan,nan,nan,nan,nan,nan,nan,True,GEOMETRY_DISABLED,none,MODEL_ORIGIN_FRAME_NOT_ESTABLISHED,nan,nan,nan,nan,nan,nan,nan,nan,nan,nan,nan,nan,nan,NOT_EVALUATED,nan,nan,nan,0.0,BEFORE_HISTORY,nan,nan,nan,nan,nan,nan
0.0,1791339390.6415255,1791339390.6923594,1791339390.6923594,front_rgbd_red_sphere,False,False,False,DEPTH_FRAME_UNMATCHED,36.052,35.952,1791339390.296793,1791339390.6415255,1791339373.039771,1791339373.039771,1791339373.039771,0.10000000000000142,1791339372.4717689,1791339373.467773,1791339373.3106868,1791339373.467773,1791339373.314687,1791339373.471771,1791339372.4677722,1791339373.467773,1791339372.4717689,1791339373.471771,1791339354.187771,GAZEBO_CLOCK_SYSTEM_INTERPOLATION,MAPPED_EXACT,0,18.852,1791339373.039771,0.01342320442199707,0.0,RGB,0.0,0,1,0,UNCALIBRATED,PREPARATION,UNKNOWN,STRAIGHT,0.0,0,0.0,nan,nan,nan,nan,False,0.0,0.0,0.0,0.0,0,0,0,0,0,0.0,0.0,0.0,0.0,0.0,0.0,0.0,0.0,0.0,0.0,0.0,0.0,0.0,0.0,0.0,0.0,0.0,0.0,0.0,0.0,0.0,0.0,0.0,0.0,0.0,0.0,0.0,0.0,False,CLOCK_REFERENCE_READY,0,36.452,1791339390.6735203,nan,nan,nan,nan,nan,nan,nan,nan,nan,nan,nan,nan,nan,nan,nan,nan,nan,nan,nan,nan,nan,nan,nan,nan,nan,nan,nan,nan,nan,nan,nan,nan,nan,nan,nan,nan,nan,nan,nan,nan,nan,nan,nan,nan,nan,nan,nan,True,GEOMETRY_DISABLED,none,MODEL_ORIGIN_FRAME_NOT_ESTABLISHED,nan,nan,nan,nan,nan,nan,nan,nan,nan,nan,nan,nan,nan,NOT_EVALUATED,nan,nan,nan,0.0,BEFORE_HISTORY,nan,nan,nan,nan,nan,nan
0.0,1791339390.9838111,1791339390.9923687,1791339390.9923687,front_rgbd_red_sphere,False,False,False,DEPTH_FRAME_UNMATCHED,36.352,36.252,1791339390.5950198,1791339390.9838111,1791339373.039771,1791339373.039771,1791339373.039771,0.09999999999999432,1791339372.4717689,1791339373.467773,1791339373.3106868,1791339373.467773,1791339373.314687,1791339373.471771,1791339372.4677722,1791339373.467773,1791339372.4717689,1791339373.471771,1791339354.187771,GAZEBO_CLOCK_SYSTEM_INTERPOLATION,MAPPED_EXACT,0,18.852,1791339373.039771,0.01342320442199707,0.0,RGB,0.0,0,1,0,UNCALIBRATED,PREPARATION,UNKNOWN,TURNING,0.0,0,0.0,nan,nan,nan,nan,False,0.0,0.0,0.0,0.0,0,0,0,0,0,0.0,0.0,0.0,0.0,0.0,0.0,0.0,0.0,0.0,0.0,0.0,0.0,0.0,0.0,0.0,0.0,0.0,0.0,0.0,0.0,0.0,0.0,0.0,0.0,0.0,0.0,0.0,0.0,False,CLOCK_REFERENCE_READY,0,36.752,1791339390.9735317,nan,nan,nan,nan,nan,nan,nan,nan,nan,nan,nan,nan,nan,nan,nan,nan,nan,nan,nan,nan,nan,nan,nan,nan,nan,nan,nan,nan,nan,nan,nan,nan,nan,nan,nan,nan,nan,nan,nan,nan,nan,nan,nan,nan,nan,nan,nan,True,GEOMETRY_DISABLED,none,MODEL_ORIGIN_FRAME_NOT_ESTABLISHED,nan,nan,nan,nan,nan,nan,nan,nan,nan,nan,nan,nan,nan,NOT_EVALUATED,nan,nan,nan,0.0,BEFORE_HISTORY,nan,nan,nan,nan,nan,nan
0.0,1791339391.056753,1791339391.0923343,1791339391.0923343,front_rgbd_red_sphere,False,False,False,DEPTH_FRAME_UNMATCHED,36.452,36.352,1791339390.6971705,1791339391.056753,1791339373.039771,1791339373.039771,1791339373.039771,0.10000000000000142,1791339372.4717689,1791339373.467773,1791339373.3106868,1791339373.467773,1791339373.314687,1791339373.471771,1791339372.4677722,1791339373.467773,1791339372.4717689,1791339373.471771,1791339354.187771,GAZEBO_CLOCK_SYSTEM_INTERPOLATION,MAPPED_EXACT,0,18.852,1791339373.039771,0.01342320442199707,0.0,RGB,0.0,0,1,0,UNCALIBRATED,PREPARATION,UNKNOWN,TURNING,0.0,0,0.0,nan,nan,nan,nan,False,0.0,0.0,0.0,0.0,0,0,0,0,0,0.0,0.0,0.0,0.0,0.0,0.0,0.0,0.0,0.0,0.0,0.0,0.0,0.0,0.0,0.0,0.0,0.0,0.0,0.0,0.0,0.0,0.0,0.0,0.0,0.0,0.0,0.0,0.0,False,CLOCK_REFERENCE_READY,0,36.852,1791339391.0735228,nan,nan,nan,nan,nan,nan,nan,nan,nan,nan,nan,nan,nan,nan,nan,nan,nan,nan,nan,nan,nan,nan,nan,nan,nan,nan,nan,nan,nan,nan,nan,nan,nan,nan,nan,nan,nan,nan,nan,nan,nan,nan,nan,nan,nan,nan,nan,True,GEOMETRY_DISABLED,none,MODEL_ORIGIN_FRAME_NOT_ESTABLISHED,nan,nan,nan,nan,nan,nan,nan,nan,nan,nan,nan,nan,nan,NOT_EVALUATED,nan,nan,nan,0.0,BEFORE_HISTORY,nan,nan,nan,nan,nan,nan
0.0,1791339391.2447116,1791339391.292311,1791339391.292311,front_rgbd_red_sphere,False,False,False,DEPTH_FRAME_UNMATCHED,36.652,36.5,1791339390.8955574,1791339391.2447116,1791339373.039771,1791339373.039771,1791339373.039771,0.15200000000000102,1791339372.4717689,1791339373.467773,1791339373.3106868,1791339373.467773,1791339373.314687,1791339373.471771,1791339372.4677722,1791339373.467773,1791339372.4717689,1791339373.471771,1791339354.187771,GAZEBO_CLOCK_SYSTEM_INTERPOLATION,MAPPED_EXACT,0,18.852,1791339373.039771,0.01342320442199707,0.0,RGB,0.0,0,1,0,UNCALIBRATED,PREPARATION,UNKNOWN,TURNING,0.0,0,0.0,nan,nan,nan,nan,False,0.0,0.0,0.0,0.0,0,0,0,0,0,0.0,0.0,0.0,0.0,0.0,0.0,0.0,0.0,0.0,0.0,0.0,0.0,0.0,0.0,0.0,0.0,0.0,0.0,0.0,0.0,0.0,0.0,0.0,0.0,0.0,0.0,0.0,0.0,False,CLOCK_REFERENCE_READY,0,37.052,1791339391.273523,nan,nan,nan,nan,nan,nan,nan,nan,nan,nan,nan,nan,nan,nan,nan,nan,nan,nan,nan,nan,nan,nan,nan,nan,nan,nan,nan,nan,nan,nan,nan,nan,nan,nan,nan,nan,nan,nan,nan,nan,nan,nan,nan,nan,nan,nan,nan,True,GEOMETRY_DISABLED,none,MODEL_ORIGIN_FRAME_NOT_ESTABLISHED,nan,nan,nan,nan,nan,nan,nan,nan,nan,nan,nan,nan,nan,NOT_EVALUATED,nan,nan,nan,0.0,BEFORE_HISTORY,nan,nan,nan,nan,nan,nan
0.0,1791339391.359061,1791339391.3923976,1791339391.3923976,front_rgbd_red_sphere,False,False,False,DEPTH_FRAME_UNMATCHED,36.752,36.652,1791339390.9976387,1791339391.359061,1791339373.039771,1791339373.039771,1791339373.039771,0.10000000000000142,1791339372.4717689,1791339373.467773,1791339373.3106868,1791339373.467773,1791339373.314687,1791339373.471771,1791339372.4677722,1791339373.467773,1791339372.4717689,1791339373.471771,1791339354.187771,GAZEBO_CLOCK_SYSTEM_INTERPOLATION,MAPPED_EXACT,0,18.852,1791339373.039771,0.01342320442199707,0.0,RGB,0.0,0,1,0,UNCALIBRATED,PREPARATION,UNKNOWN,TURNING,0.0,0,0.0,nan,nan,nan,nan,False,0.0,0.0,0.0,0.0,0,0,0,0,0,0.0,0.0,0.0,0.0,0.0,0.0,0.0,0.0,0.0,0.0,0.0,0.0,0.0,0.0,0.0,0.0,0.0,0.0,0.0,0.0,0.0,0.0,0.0,0.0,0.0,0.0,0.0,0.0,False,CLOCK_REFERENCE_READY,0,37.152,1791339391.3735178,nan,nan,nan,nan,nan,nan,nan,nan,nan,nan,nan,nan,nan,nan,nan,nan,nan,nan,nan,nan,nan,nan,nan,nan,nan,nan,nan,nan,nan,nan,nan,nan,nan,nan,nan,nan,nan,nan,nan,nan,nan,nan,nan,nan,nan,nan,nan,True,GEOMETRY_DISABLED,none,MODEL_ORIGIN_FRAME_NOT_ESTABLISHED,nan,nan,nan,nan,nan,nan,nan,nan,nan,nan,nan,nan,nan,NOT_EVALUATED,nan,nan,nan,0.0,BEFORE_HISTORY,nan,nan,nan,nan,nan,nan
0.0,1791339391.4624395,1791339391.4923818,1791339391.4923818,front_rgbd_red_sphere,False,False,False,DEPTH_FRAME_UNMATCHED,36.852,36.752,1791339391.0968454,1791339391.4624395,1791339373.039771,1791339373.039771,1791339373.039771,0.09999999999999432,1791339372.4717689,1791339373.467773,1791339373.3106868,1791339373.467773,1791339373.314687,1791339373.471771,1791339372.4677722,1791339373.467773,1791339372.4717689,1791339373.471771,1791339354.187771,GAZEBO_CLOCK_SYSTEM_INTERPOLATION,MAPPED_EXACT,0,18.852,1791339373.039771,0.01342320442199707,0.0,RGB,0.0,0,1,0,UNCALIBRATED,PREPARATION,UNKNOWN,TURNING,0.0,0,0.0,nan,nan,nan,nan,False,0.0,0.0,0.0,0.0,0,0,0,0,0,0.0,0.0,0.0,0.0,0.0,0.0,0.0,0.0,0.0,0.0,0.0,0.0,0.0,0.0,0.0,0.0,0.0,0.0,0.0,0.0,0.0,0.0,0.0,0.0,0.0,0.0,0.0,0.0,False,CLOCK_REFERENCE_READY,0,37.252,1791339391.4735348,nan,nan,nan,nan,nan,nan,nan,nan,nan,nan,nan,nan,nan,nan,nan,nan,nan,nan,nan,nan,nan,nan,nan,nan,nan,nan,nan,nan,nan,nan,nan,nan,nan,nan,nan,nan,nan,nan,nan,nan,nan,nan,nan,nan,nan,nan,nan,True,GEOMETRY_DISABLED,none,MODEL_ORIGIN_FRAME_NOT_ESTABLISHED,nan,nan,nan,nan,nan,nan,nan,nan,nan,nan,nan,nan,nan,NOT_EVALUATED,nan,nan,nan,0.0,BEFORE_HISTORY,nan,nan,nan,nan,nan,nan
0.0,1791339392.1706665,1791339392.1923833,1791339392.1923833,front_rgbd_red_sphere,False,False,False,DEPTH_FRAME_UNMATCHED,37.552,37.452,1791339391.7979956,1791339392.1706665,1791339373.039771,1791339373.039771,1791339373.039771,0.10000000000000142,1791339372.4717689,1791339373.467773,1791339373.3106868,1791339373.467773,1791339373.314687,1791339373.471771,1791339372.4677722,1791339373.467773,1791339372.4717689,1791339373.471771,1791339354.187771,GAZEBO_CLOCK_SYSTEM_INTERPOLATION,MAPPED_EXACT,0,18.852,1791339373.039771,0.01342320442199707,0.0,RGB,0.0,0,1,0,UNCALIBRATED,PREPARATION,UNKNOWN,TURNING,0.0,0,0.0,nan,nan,nan,nan,False,0.0,0.0,0.0,0.0,0,0,0,0,0,0.0,0.0,0.0,0.0,0.0,0.0,0.0,0.0,0.0,0.0,0.0,0.0,0.0,0.0,0.0,0.0,0.0,0.0,0.0,0.0,0.0,0.0,0.0,0.0,0.0,0.0,0.0,0.0,False,CLOCK_REFERENCE_READY,0,37.952,1791339392.17353,nan,nan,nan,nan,nan,nan,nan,nan,nan,nan,nan,nan,nan,nan,nan,nan,nan,nan,nan,nan,nan,nan,nan,nan,nan,nan,nan,nan,nan,nan,nan,nan,nan,nan,nan,nan,nan,nan,nan,nan,nan,nan,nan,nan,nan,nan,nan,True,GEOMETRY_DISABLED,none,MODEL_ORIGIN_FRAME_NOT_ESTABLISHED,nan,nan,nan,nan,nan,nan,nan,nan,nan,nan,nan,nan,nan,NOT_EVALUATED,nan,nan,nan,0.0,BEFORE_HISTORY,nan,nan,nan,nan,nan,nan
0.0,1791339392.2636228,1791339392.2923253,1791339392.2923253,front_rgbd_red_sphere,False,False,False,DEPTH_FRAME_UNMATCHED,37.652,37.552,1791339391.897268,1791339392.2636228,1791339373.039771,1791339373.039771,1791339373.039771,0.10000000000000142,1791339372.4717689,1791339373.467773,1791339373.3106868,1791339373.467773,1791339373.314687,1791339373.471771,1791339372.4677722,1791339373.467773,1791339372.4717689,1791339373.471771,1791339354.187771,GAZEBO_CLOCK_SYSTEM_INTERPOLATION,MAPPED_EXACT,0,18.852,1791339373.039771,0.01342320442199707,0.0,RGB,0.0,0,1,0,UNCALIBRATED,PREPARATION,UNKNOWN,TURNING,0.0,0,0.0,nan,nan,nan,nan,False,0.0,0.0,0.0,0.0,0,0,0,0,0,0.0,0.0,0.0,0.0,0.0,0.0,0.0,0.0,0.0,0.0,0.0,0.0,0.0,0.0,0.0,0.0,0.0,0.0,0.0,0.0,0.0,0.0,0.0,0.0,0.0,0.0,0.0,0.0,False,CLOCK_REFERENCE_READY,0,38.052,1791339392.27352,nan,nan,nan,nan,nan,nan,nan,nan,nan,nan,nan,nan,nan,nan,nan,nan,nan,nan,nan,nan,nan,nan,nan,nan,nan,nan,nan,nan,nan,nan,nan,nan,nan,nan,nan,nan,nan,nan,nan,nan,nan,nan,nan,nan,nan,nan,nan,True,GEOMETRY_DISABLED,none,MODEL_ORIGIN_FRAME_NOT_ESTABLISHED,nan,nan,nan,nan,nan,nan,nan,nan,nan,nan,nan,nan,nan,NOT_EVALUATED,nan,nan,nan,0.0,BEFORE_HISTORY,nan,nan,nan,nan,nan,nan
0.0,1791339392.3581164,1791339392.3923404,1791339392.3923404,front_rgbd_red_sphere,False,False,False,DEPTH_FRAME_UNMATCHED,37.752,37.652,1791339391.9970713,1791339392.3581164,1791339373.039771,1791339373.039771,1791339373.039771,0.10000000000000142,1791339372.4717689,1791339373.467773,1791339373.3106868,1791339373.467773,1791339373.314687,1791339373.471771,1791339372.4677722,1791339373.467773,1791339372.4717689,1791339373.471771,1791339354.187771,GAZEBO_CLOCK_SYSTEM_INTERPOLATION,MAPPED_EXACT,0,18.852,1791339373.039771,0.01342320442199707,0.0,RGB,0.0,0,1,0,UNCALIBRATED,PREPARATION,UNKNOWN,TURNING,0.0,0,0.0,nan,nan,nan,nan,False,0.0,0.0,0.0,0.0,0,0,0,0,0,0.0,0.0,0.0,0.0,0.0,0.0,0.0,0.0,0.0,0.0,0.0,0.0,0.0,0.0,0.0,0.0,0.0,0.0,0.0,0.0,0.0,0.0,0.0,0.0,0.0,0.0,0.0,0.0,False,CLOCK_REFERENCE_READY,0,38.152,1791339392.3735213,nan,nan,nan,nan,nan,nan,nan,nan,nan,nan,nan,nan,nan,nan,nan,nan,nan,nan,nan,nan,nan,nan,nan,nan,nan,nan,nan,nan,nan,nan,nan,nan,nan,nan,nan,nan,nan,nan,nan,nan,nan,nan,nan,nan,nan,nan,nan,True,GEOMETRY_DISABLED,none,MODEL_ORIGIN_FRAME_NOT_ESTABLISHED,nan,nan,nan,nan,nan,nan,nan,nan,nan,nan,nan,nan,nan,NOT_EVALUATED,nan,nan,nan,0.0,BEFORE_HISTORY,nan,nan,nan,nan,nan,nan
0.0,1791339392.8632505,1791339392.8923647,1791339392.8923647,front_rgbd_red_sphere,False,False,False,DEPTH_FRAME_UNMATCHED,38.252,38.1,1791339392.4973302,1791339392.8632505,1791339373.039771,1791339373.039771,1791339373.039771,0.15200000000000102,1791339372.4717689,1791339373.467773,1791339373.3106868,1791339373.467773,1791339373.314687,1791339373.471771,1791339372.4677722,1791339373.467773,1791339372.4717689,1791339373.471771,1791339354.187771,GAZEBO_CLOCK_SYSTEM_INTERPOLATION,MAPPED_EXACT,0,18.852,1791339373.039771,0.01342320442199707,0.0,RGB,0.0,0,1,0,UNCALIBRATED,PREPARATION,UNKNOWN,TURNING,0.0,0,0.0,nan,nan,nan,nan,False,0.0,0.0,0.0,0.0,0,0,0,0,0,0.0,0.0,0.0,0.0,0.0,0.0,0.0,0.0,0.0,0.0,0.0,0.0,0.0,0.0,0.0,0.0,0.0,0.0,0.0,0.0,0.0,0.0,0.0,0.0,0.0,0.0,0.0,0.0,False,CLOCK_REFERENCE_READY,0,38.664,1791339392.8855338,nan,nan,nan,nan,nan,nan,nan,nan,nan,nan,nan,nan,nan,nan,nan,nan,nan,nan,nan,nan,nan,nan,nan,nan,nan,nan,nan,nan,nan,nan,nan,nan,nan,nan,nan,nan,nan,nan,nan,nan,nan,nan,nan,nan,nan,nan,nan,True,GEOMETRY_DISABLED,none,MODEL_ORIGIN_FRAME_NOT_ESTABLISHED,nan,nan,nan,nan,nan,nan,nan,nan,nan,nan,nan,nan,nan,NOT_EVALUATED,nan,nan,nan,0.0,BEFORE_HISTORY,nan,nan,nan,nan,nan,nan
0.0,1791339392.9522932,1791339392.9922838,1791339392.9922838,front_rgbd_red_sphere,False,False,False,DEPTH_FRAME_UNMATCHED,38.352,38.252,1791339392.596957,1791339392.9522932,1791339373.039771,1791339373.039771,1791339373.039771,0.09999999999999432,1791339372.4717689,1791339373.467773,1791339373.3106868,1791339373.467773,1791339373.314687,1791339373.471771,1791339372.4677722,1791339373.467773,1791339372.4717689,1791339373.471771,1791339354.187771,GAZEBO_CLOCK_SYSTEM_INTERPOLATION,MAPPED_EXACT,0,18.852,1791339373.039771,0.01342320442199707,0.0,RGB,0.0,0,1,0,UNCALIBRATED,PREPARATION,UNKNOWN,TURNING,0.0,0,0.0,nan,nan,nan,nan,False,0.0,0.0,0.0,0.0,0,0,0,0,0,0.0,0.0,0.0,0.0,0.0,0.0,0.0,0.0,0.0,0.0,0.0,0.0,0.0,0.0,0.0,0.0,0.0,0.0,0.0,0.0,0.0,0.0,0.0,0.0,0.0,0.0,0.0,0.0,False,CLOCK_REFERENCE_READY,0,38.764,1791339392.9855366,nan,nan,nan,nan,nan,nan,nan,nan,nan,nan,nan,nan,nan,nan,nan,nan,nan,nan,nan,nan,nan,nan,nan,nan,nan,nan,nan,nan,nan,nan,nan,nan,nan,nan,nan,nan,nan,nan,nan,nan,nan,nan,nan,nan,nan,nan,nan,True,GEOMETRY_DISABLED,none,MODEL_ORIGIN_FRAME_NOT_ESTABLISHED,nan,nan,nan,nan,nan,nan,nan,nan,nan,nan,nan,nan,nan,NOT_EVALUATED,nan,nan,nan,0.0,BEFORE_HISTORY,nan,nan,nan,nan,nan,nan
0.0,1791339393.0467708,1791339393.0922863,1791339393.0922863,front_rgbd_red_sphere,False,False,False,DEPTH_FRAME_UNMATCHED,38.452,38.352,1791339392.7209632,1791339393.0467708,1791339373.039771,1791339373.039771,1791339373.039771,0.10000000000000142,1791339372.4717689,1791339373.467773,1791339373.3106868,1791339373.467773,1791339373.314687,1791339373.471771,1791339372.4677722,1791339373.467773,1791339372.4717689,1791339373.471771,1791339354.187771,GAZEBO_CLOCK_SYSTEM_INTERPOLATION,MAPPED_EXACT,0,18.852,1791339373.039771,0.01342320442199707,0.0,RGB,0.0,0,1,0,UNCALIBRATED,PREPARATION,UNKNOWN,TURNING,0.0,0,0.0,nan,nan,nan,nan,False,0.0,0.0,0.0,0.0,0,0,0,0,0,0.0,0.0,0.0,0.0,0.0,0.0,0.0,0.0,0.0,0.0,0.0,0.0,0.0,0.0,0.0,0.0,0.0,0.0,0.0,0.0,0.0,0.0,0.0,0.0,0.0,0.0,0.0,0.0,False,CLOCK_REFERENCE_READY,0,38.864,1791339393.085525,nan,nan,nan,nan,nan,nan,nan,nan,nan,nan,nan,nan,nan,nan,nan,nan,nan,nan,nan,nan,nan,nan,nan,nan,nan,nan,nan,nan,nan,nan,nan,nan,nan,nan,nan,nan,nan,nan,nan,nan,nan,nan,nan,nan,nan,nan,nan,True,GEOMETRY_DISABLED,none,MODEL_ORIGIN_FRAME_NOT_ESTABLISHED,nan,nan,nan,nan,nan,nan,nan,nan,nan,nan,nan,nan,nan,NOT_EVALUATED,nan,nan,nan,0.0,BEFORE_HISTORY,nan,nan,nan,nan,nan,nan
0.0,1791339393.4785194,1791339393.4923408,1791339393.4923408,front_rgbd_red_sphere,False,False,False,DEPTH_FRAME_UNMATCHED,38.852,38.752,1791339393.0986543,1791339393.4785194,1791339373.039771,1791339373.039771,1791339373.039771,0.09999999999999432,1791339372.4717689,1791339373.467773,1791339373.3106868,1791339373.467773,1791339373.314687,1791339373.471771,1791339372.4677722,1791339373.467773,1791339372.4717689,1791339373.471771,1791339354.187771,GAZEBO_CLOCK_SYSTEM_INTERPOLATION,MAPPED_EXACT,0,18.852,1791339373.039771,0.01342320442199707,0.0,RGB,0.0,0,1,0,UNCALIBRATED,PREPARATION,UNKNOWN,TURNING,0.0,0,0.0,nan,nan,nan,nan,False,0.0,0.0,0.0,0.0,0,0,0,0,0,0.0,0.0,0.0,0.0,0.0,0.0,0.0,0.0,0.0,0.0,0.0,0.0,0.0,0.0,0.0,0.0,0.0,0.0,0.0,0.0,0.0,0.0,0.0,0.0,0.0,0.0,0.0,0.0,False,CLOCK_REFERENCE_READY,0,39.264,1791339393.4855337,nan,nan,nan,nan,nan,nan,nan,nan,nan,nan,nan,nan,nan,nan,nan,nan,nan,nan,nan,nan,nan,nan,nan,nan,nan,nan,nan,nan,nan,nan,nan,nan,nan,nan,nan,nan,nan,nan,nan,nan,nan,nan,nan,nan,nan,nan,nan,True,GEOMETRY_DISABLED,none,MODEL_ORIGIN_FRAME_NOT_ESTABLISHED,nan,nan,nan,nan,nan,nan,nan,nan,nan,nan,nan,nan,nan,NOT_EVALUATED,nan,nan,nan,0.0,BEFORE_HISTORY,nan,nan,nan,nan,nan,nan
0.0,1791339393.5659833,1791339393.592332,1791339393.592332,front_rgbd_red_sphere,False,False,False,DEPTH_FRAME_UNMATCHED,38.952,38.852,1791339393.2066846,1791339393.5659833,1791339373.039771,1791339373.039771,1791339373.039771,0.10000000000000142,1791339372.4717689,1791339373.467773,1791339373.3106868,1791339373.467773,1791339373.314687,1791339373.471771,1791339372.4677722,1791339373.467773,1791339372.4717689,1791339373.471771,1791339354.187771,GAZEBO_CLOCK_SYSTEM_INTERPOLATION,MAPPED_EXACT,0,18.852,1791339373.039771,0.01342320442199707,0.0,RGB,0.0,0,1,0,UNCALIBRATED,PREPARATION,UNKNOWN,TURNING,0.0,0,0.0,nan,nan,nan,nan,False,0.0,0.0,0.0,0.0,0,0,0,0,0,0.0,0.0,0.0,0.0,0.0,0.0,0.0,0.0,0.0,0.0,0.0,0.0,0.0,0.0,0.0,0.0,0.0,0.0,0.0,0.0,0.0,0.0,0.0,0.0,0.0,0.0,0.0,0.0,False,CLOCK_REFERENCE_READY,0,39.364,1791339393.5855749,nan,nan,nan,nan,nan,nan,nan,nan,nan,nan,nan,nan,nan,nan,nan,nan,nan,nan,nan,nan,nan,nan,nan,nan,nan,nan,nan,nan,nan,nan,nan,nan,nan,nan,nan,nan,nan,nan,nan,nan,nan,nan,nan,nan,nan,nan,nan,True,GEOMETRY_DISABLED,none,MODEL_ORIGIN_FRAME_NOT_ESTABLISHED,nan,nan,nan,nan,nan,nan,nan,nan,nan,nan,nan,nan,nan,NOT_EVALUATED,nan,nan,nan,0.0,BEFORE_HISTORY,nan,nan,nan,nan,nan,nan
0.0,1791339393.6635447,1791339393.692347,1791339393.692347,front_rgbd_red_sphere,False,False,False,DEPTH_FRAME_UNMATCHED,39.052,38.952,1791339393.2990696,1791339393.6635447,1791339373.039771,1791339373.039771,1791339373.039771,0.10000000000000142,1791339372.4717689,1791339373.467773,1791339373.3106868,1791339373.467773,1791339373.314687,1791339373.471771,1791339372.4677722,1791339373.467773,1791339372.4717689,1791339373.471771,1791339354.187771,GAZEBO_CLOCK_SYSTEM_INTERPOLATION,MAPPED_EXACT,0,18.852,1791339373.039771,0.01342320442199707,0.0,RGB,0.0,0,1,0,UNCALIBRATED,PREPARATION,UNKNOWN,TURNING,0.0,0,0.0,nan,nan,nan,nan,False,0.0,0.0,0.0,0.0,0,0,0,0,0,0.0,0.0,0.0,0.0,0.0,0.0,0.0,0.0,0.0,0.0,0.0,0.0,0.0,0.0,0.0,0.0,0.0,0.0,0.0,0.0,0.0,0.0,0.0,0.0,0.0,0.0,0.0,0.0,False,CLOCK_REFERENCE_READY,0,39.464,1791339393.6855404,nan,nan,nan,nan,nan,nan,nan,nan,nan,nan,nan,nan,nan,nan,nan,nan,nan,nan,nan,nan,nan,nan,nan,nan,nan,nan,nan,nan,nan,nan,nan,nan,nan,nan,nan,nan,nan,nan,nan,nan,nan,nan,nan,nan,nan,nan,nan,True,GEOMETRY_DISABLED,none,MODEL_ORIGIN_FRAME_NOT_ESTABLISHED,nan,nan,nan,nan,nan,nan,nan,nan,nan,nan,nan,nan,nan,NOT_EVALUATED,nan,nan,nan,0.0,BEFORE_HISTORY,nan,nan,nan,nan,nan,nan
0.0,1791339393.8625128,1791339393.8924174,1791339393.8924174,front_rgbd_red_sphere,False,False,False,DEPTH_FRAME_UNMATCHED,39.252,39.1,1791339393.5022135,1791339393.8625128,1791339373.039771,1791339373.039771,1791339373.039771,0.15200000000000102,1791339372.4717689,1791339373.467773,1791339373.3106868,1791339373.467773,1791339373.314687,1791339373.471771,1791339372.4677722,1791339373.467773,1791339372.4717689,1791339373.471771,1791339354.187771,GAZEBO_CLOCK_SYSTEM_INTERPOLATION,MAPPED_EXACT,0,18.852,1791339373.039771,0.01342320442199707,0.0,RGB,0.0,0,1,0,UNCALIBRATED,PREPARATION,UNKNOWN,TURNING,0.0,0,0.0,nan,nan,nan,nan,False,0.0,0.0,0.0,0.0,0,0,0,0,0,0.0,0.0,0.0,0.0,0.0,0.0,0.0,0.0,0.0,0.0,0.0,0.0,0.0,0.0,0.0,0.0,0.0,0.0,0.0,0.0,0.0,0.0,0.0,0.0,0.0,0.0,0.0,0.0,False,CLOCK_REFERENCE_READY,0,39.664,1791339393.8855314,nan,nan,nan,nan,nan,nan,nan,nan,nan,nan,nan,nan,nan,nan,nan,nan,nan,nan,nan,nan,nan,nan,nan,nan,nan,nan,nan,nan,nan,nan,nan,nan,nan,nan,nan,nan,nan,nan,nan,nan,nan,nan,nan,nan,nan,nan,nan,True,GEOMETRY_DISABLED,none,MODEL_ORIGIN_FRAME_NOT_ESTABLISHED,nan,nan,nan,nan,nan,nan,nan,nan,nan,nan,nan,nan,nan,NOT_EVALUATED,nan,nan,nan,0.0,BEFORE_HISTORY,nan,nan,nan,nan,nan,nan
0.0,1791339394.6889253,1791339394.692309,1791339394.692309,front_rgbd_red_sphere,False,False,False,DEPTH_FRAME_UNMATCHED,40.052,40.0,1791339394.2977178,1791339394.6889253,1791339373.039771,1791339373.039771,1791339373.039771,0.0519999999999996,1791339372.4717689,1791339373.467773,1791339373.3106868,1791339373.467773,1791339373.314687,1791339373.471771,1791339372.4677722,1791339373.467773,1791339372.4717689,1791339373.471771,1791339354.187771,GAZEBO_CLOCK_SYSTEM_INTERPOLATION,MAPPED_EXACT,0,18.852,1791339373.039771,0.01342320442199707,0.0,RGB,0.0,0,1,0,UNCALIBRATED,PREPARATION,UNKNOWN,TURNING,0.0,0,0.0,nan,nan,nan,nan,False,0.0,0.0,0.0,0.0,0,0,0,0,0,0.0,0.0,0.0,0.0,0.0,0.0,0.0,0.0,0.0,0.0,0.0,0.0,0.0,0.0,0.0,0.0,0.0,0.0,0.0,0.0,0.0,0.0,0.0,0.0,0.0,0.0,0.0,0.0,False,CLOCK_REFERENCE_READY,0,40.464,1791339394.6855395,nan,nan,nan,nan,nan,nan,nan,nan,nan,nan,nan,nan,nan,nan,nan,nan,nan,nan,nan,nan,nan,nan,nan,nan,nan,nan,nan,nan,nan,nan,nan,nan,nan,nan,nan,nan,nan,nan,nan,nan,nan,nan,nan,nan,nan,nan,nan,True,GEOMETRY_DISABLED,none,MODEL_ORIGIN_FRAME_NOT_ESTABLISHED,nan,nan,nan,nan,nan,nan,nan,nan,nan,nan,nan,nan,nan,NOT_EVALUATED,nan,nan,nan,0.0,BEFORE_HISTORY,nan,nan,nan,nan,nan,nan
0.0,1791339394.789758,1791339394.7921617,1791339394.7921617,front_rgbd_red_sphere,False,False,False,DEPTH_FRAME_UNMATCHED,40.152,40.052,1791339394.3986495,1791339394.789758,1791339373.039771,1791339373.039771,1791339373.039771,0.10000000000000142,1791339372.4717689,1791339373.467773,1791339373.3106868,1791339373.467773,1791339373.314687,1791339373.471771,1791339372.4677722,1791339373.467773,1791339372.4717689,1791339373.471771,1791339354.187771,GAZEBO_CLOCK_SYSTEM_INTERPOLATION,MAPPED_EXACT,0,18.852,1791339373.039771,0.01342320442199707,0.0,RGB,0.0,0,1,0,UNCALIBRATED,PREPARATION,UNKNOWN,TURNING,0.0,0,0.0,nan,nan,nan,nan,False,0.0,0.0,0.0,0.0,0,0,0,0,0,0.0,0.0,0.0,0.0,0.0,0.0,0.0,0.0,0.0,0.0,0.0,0.0,0.0,0.0,0.0,0.0,0.0,0.0,0.0,0.0,0.0,0.0,0.0,0.0,0.0,0.0,0.0,0.0,False,CLOCK_REFERENCE_READY,0,40.564,1791339394.7855349,nan,nan,nan,nan,nan,nan,nan,nan,nan,nan,nan,nan,nan,nan,nan,nan,nan,nan,nan,nan,nan,nan,nan,nan,nan,nan,nan,nan,nan,nan,nan,nan,nan,nan,nan,nan,nan,nan,nan,nan,nan,nan,nan,nan,nan,nan,nan,True,GEOMETRY_DISABLED,none,MODEL_ORIGIN_FRAME_NOT_ESTABLISHED,nan,nan,nan,nan,nan,nan,nan,nan,nan,nan,nan,nan,nan,NOT_EVALUATED,nan,nan,nan,0.0,BEFORE_HISTORY,nan,nan,nan,nan,nan,nan
0.0,1791339394.8837311,1791339394.8927011,1791339394.8927011,front_rgbd_red_sphere,False,False,False,DEPTH_FRAME_UNMATCHED,40.252,40.152,1791339394.4965487,1791339394.8837311,1791339373.039771,1791339373.039771,1791339373.039771,0.10000000000000142,1791339372.4717689,1791339373.467773,1791339373.3106868,1791339373.467773,1791339373.314687,1791339373.471771,1791339372.4677722,1791339373.467773,1791339372.4717689,1791339373.471771,1791339354.187771,GAZEBO_CLOCK_SYSTEM_INTERPOLATION,MAPPED_EXACT,0,18.852,1791339373.039771,0.01342320442199707,0.0,RGB,0.0,0,1,0,UNCALIBRATED,PREPARATION,UNKNOWN,TURNING,0.0,0,0.0,nan,nan,nan,nan,False,0.0,0.0,0.0,0.0,0,0,0,0,0,0.0,0.0,0.0,0.0,0.0,0.0,0.0,0.0,0.0,0.0,0.0,0.0,0.0,0.0,0.0,0.0,0.0,0.0,0.0,0.0,0.0,0.0,0.0,0.0,0.0,0.0,0.0,0.0,False,CLOCK_REFERENCE_READY,0,40.664,1791339394.885538,nan,nan,nan,nan,nan,nan,nan,nan,nan,nan,nan,nan,nan,nan,nan,nan,nan,nan,nan,nan,nan,nan,nan,nan,nan,nan,nan,nan,nan,nan,nan,nan,nan,nan,nan,nan,nan,nan,nan,nan,nan,nan,nan,nan,nan,nan,nan,True,GEOMETRY_DISABLED,none,MODEL_ORIGIN_FRAME_NOT_ESTABLISHED,nan,nan,nan,nan,nan,nan,nan,nan,nan,nan,nan,nan,nan,NOT_EVALUATED,nan,nan,nan,0.0,BEFORE_HISTORY,nan,nan,nan,nan,nan,nan
0.0,1791339394.978411,1791339394.992356,1791339394.992356,front_rgbd_red_sphere,False,False,False,DEPTH_FRAME_UNMATCHED,40.352,40.252,1791339394.5987084,1791339394.978411,1791339373.039771,1791339373.039771,1791339373.039771,0.09999999999999432,1791339372.4717689,1791339373.467773,1791339373.3106868,1791339373.467773,1791339373.314687,1791339373.471771,1791339372.4677722,1791339373.467773,1791339372.4717689,1791339373.471771,1791339354.187771,GAZEBO_CLOCK_SYSTEM_INTERPOLATION,MAPPED_EXACT,0,18.852,1791339373.039771,0.01342320442199707,0.0,RGB,0.0,0,1,0,UNCALIBRATED,PREPARATION,UNKNOWN,TURNING,0.0,0,0.0,nan,nan,nan,nan,False,0.0,0.0,0.0,0.0,0,0,0,0,0,0.0,0.0,0.0,0.0,0.0,0.0,0.0,0.0,0.0,0.0,0.0,0.0,0.0,0.0,0.0,0.0,0.0,0.0,0.0,0.0,0.0,0.0,0.0,0.0,0.0,0.0,0.0,0.0,False,CLOCK_REFERENCE_READY,0,40.764,1791339394.9855318,nan,nan,nan,nan,nan,nan,nan,nan,nan,nan,nan,nan,nan,nan,nan,nan,nan,nan,nan,nan,nan,nan,nan,nan,nan,nan,nan,nan,nan,nan,nan,nan,nan,nan,nan,nan,nan,nan,nan,nan,nan,nan,nan,nan,nan,nan,nan,True,GEOMETRY_DISABLED,none,MODEL_ORIGIN_FRAME_NOT_ESTABLISHED,nan,nan,nan,nan,nan,nan,nan,nan,nan,nan,nan,nan,nan,NOT_EVALUATED,nan,nan,nan,0.0,BEFORE_HISTORY,nan,nan,nan,nan,nan,nan
0.0,1791339395.066501,1791339395.0923467,1791339395.0923467,front_rgbd_red_sphere,False,False,False,DEPTH_FRAME_UNMATCHED,40.452,40.352,1791339394.69836,1791339395.066501,1791339373.039771,1791339373.039771,1791339373.039771,0.10000000000000142,1791339372.4717689,1791339373.467773,1791339373.3106868,1791339373.467773,1791339373.314687,1791339373.471771,1791339372.4677722,1791339373.467773,1791339372.4717689,1791339373.471771,1791339354.187771,GAZEBO_CLOCK_SYSTEM_INTERPOLATION,MAPPED_EXACT,0,18.852,1791339373.039771,0.01342320442199707,0.0,RGB,0.0,0,1,0,UNCALIBRATED,PREPARATION,UNKNOWN,TURNING,0.0,0,0.0,nan,nan,nan,nan,False,0.0,0.0,0.0,0.0,0,0,0,0,0,0.0,0.0,0.0,0.0,0.0,0.0,0.0,0.0,0.0,0.0,0.0,0.0,0.0,0.0,0.0,0.0,0.0,0.0,0.0,0.0,0.0,0.0,0.0,0.0,0.0,0.0,0.0,0.0,False,CLOCK_REFERENCE_READY,0,40.864,1791339395.0855372,nan,nan,nan,nan,nan,nan,nan,nan,nan,nan,nan,nan,nan,nan,nan,nan,nan,nan,nan,nan,nan,nan,nan,nan,nan,nan,nan,nan,nan,nan,nan,nan,nan,nan,nan,nan,nan,nan,nan,nan,nan,nan,nan,nan,nan,nan,nan,True,GEOMETRY_DISABLED,none,MODEL_ORIGIN_FRAME_NOT_ESTABLISHED,nan,nan,nan,nan,nan,nan,nan,nan,nan,nan,nan,nan,nan,NOT_EVALUATED,nan,nan,nan,0.0,BEFORE_HISTORY,nan,nan,nan,nan,nan,nan
0.0,1791339395.1573493,1791339395.1924198,1791339395.1924198,front_rgbd_red_sphere,False,False,False,DEPTH_FRAME_UNMATCHED,40.552,40.452,1791339394.799594,1791339395.1573493,1791339373.039771,1791339373.039771,1791339373.039771,0.10000000000000142,1791339372.4717689,1791339373.467773,1791339373.3106868,1791339373.467773,1791339373.314687,1791339373.471771,1791339372.4677722,1791339373.467773,1791339372.4717689,1791339373.471771,1791339354.187771,GAZEBO_CLOCK_SYSTEM_INTERPOLATION,MAPPED_EXACT,0,18.852,1791339373.039771,0.01342320442199707,0.0,RGB,0.0,0,1,0,UNCALIBRATED,PREPARATION,UNKNOWN,TURNING,0.0,0,0.0,nan,nan,nan,nan,False,0.0,0.0,0.0,0.0,0,0,0,0,0,0.0,0.0,0.0,0.0,0.0,0.0,0.0,0.0,0.0,0.0,0.0,0.0,0.0,0.0,0.0,0.0,0.0,0.0,0.0,0.0,0.0,0.0,0.0,0.0,0.0,0.0,0.0,0.0,False,CLOCK_REFERENCE_READY,0,40.964,1791339395.1855261,nan,nan,nan,nan,nan,nan,nan,nan,nan,nan,nan,nan,nan,nan,nan,nan,nan,nan,nan,nan,nan,nan,nan,nan,nan,nan,nan,nan,nan,nan,nan,nan,nan,nan,nan,nan,nan,nan,nan,nan,nan,nan,nan,nan,nan,nan,nan,True,GEOMETRY_DISABLED,none,MODEL_ORIGIN_FRAME_NOT_ESTABLISHED,nan,nan,nan,nan,nan,nan,nan,nan,nan,nan,nan,nan,nan,NOT_EVALUATED,nan,nan,nan,0.0,BEFORE_HISTORY,nan,nan,nan,nan,nan,nan
0.0,1791339395.269449,1791339395.2924607,1791339395.2924607,front_rgbd_red_sphere,False,False,False,DEPTH_FRAME_UNMATCHED,40.652,40.552,1791339394.8987017,1791339395.269449,1791339373.039771,1791339373.039771,1791339373.039771,0.10000000000000142,1791339372.4717689,1791339373.467773,1791339373.3106868,1791339373.467773,1791339373.314687,1791339373.471771,1791339372.4677722,1791339373.467773,1791339372.4717689,1791339373.471771,1791339354.187771,GAZEBO_CLOCK_SYSTEM_INTERPOLATION,MAPPED_EXACT,0,18.852,1791339373.039771,0.01342320442199707,0.0,RGB,0.0,0,1,0,UNCALIBRATED,PREPARATION,UNKNOWN,TURNING,0.0,0,0.0,nan,nan,nan,nan,False,0.0,0.0,0.0,0.0,0,0,0,0,0,0.0,0.0,0.0,0.0,0.0,0.0,0.0,0.0,0.0,0.0,0.0,0.0,0.0,0.0,0.0,0.0,0.0,0.0,0.0,0.0,0.0,0.0,0.0,0.0,0.0,0.0,0.0,0.0,False,CLOCK_REFERENCE_READY,0,41.064,1791339395.285643,nan,nan,nan,nan,nan,nan,nan,nan,nan,nan,nan,nan,nan,nan,nan,nan,nan,nan,nan,nan,nan,nan,nan,nan,nan,nan,nan,nan,nan,nan,nan,nan,nan,nan,nan,nan,nan,nan,nan,nan,nan,nan,nan,nan,nan,nan,nan,True,GEOMETRY_DISABLED,none,MODEL_ORIGIN_FRAME_NOT_ESTABLISHED,nan,nan,nan,nan,nan,nan,nan,nan,nan,nan,nan,nan,nan,NOT_EVALUATED,nan,nan,nan,0.0,BEFORE_HISTORY,nan,nan,nan,nan,nan,nan
0.0,1791339395.7824957,1791339395.792357,1791339395.792357,front_rgbd_red_sphere,False,False,False,DEPTH_FRAME_UNMATCHED,41.152,41.052,1791339395.40706,1791339395.7824957,1791339373.039771,1791339373.039771,1791339373.039771,0.10000000000000142,1791339372.4717689,1791339373.467773,1791339373.3106868,1791339373.467773,1791339373.314687,1791339373.471771,1791339372.4677722,1791339373.467773,1791339372.4717689,1791339373.471771,1791339354.187771,GAZEBO_CLOCK_SYSTEM_INTERPOLATION,MAPPED_EXACT,0,18.852,1791339373.039771,0.01342320442199707,0.0,RGB,0.0,0,1,0,UNCALIBRATED,PREPARATION,UNKNOWN,TURNING,0.0,0,0.0,nan,nan,nan,nan,False,0.0,0.0,0.0,0.0,0,0,0,0,0,0.0,0.0,0.0,0.0,0.0,0.0,0.0,0.0,0.0,0.0,0.0,0.0,0.0,0.0,0.0,0.0,0.0,0.0,0.0,0.0,0.0,0.0,0.0,0.0,0.0,0.0,0.0,0.0,False,CLOCK_REFERENCE_READY,0,41.56,1791339395.7815444,nan,nan,nan,nan,nan,nan,nan,nan,nan,nan,nan,nan,nan,nan,nan,nan,nan,nan,nan,nan,nan,nan,nan,nan,nan,nan,nan,nan,nan,nan,nan,nan,nan,nan,nan,nan,nan,nan,nan,nan,nan,nan,nan,nan,nan,nan,nan,True,GEOMETRY_DISABLED,none,MODEL_ORIGIN_FRAME_NOT_ESTABLISHED,nan,nan,nan,nan,nan,nan,nan,nan,nan,nan,nan,nan,nan,NOT_EVALUATED,nan,nan,nan,0.0,BEFORE_HISTORY,nan,nan,nan,nan,nan,nan
0.0,1791339395.8716276,1791339395.8923736,1791339395.8923736,front_rgbd_red_sphere,False,False,False,DEPTH_FRAME_UNMATCHED,41.252,41.152,1791339395.5079982,1791339395.8716276,1791339373.039771,1791339373.039771,1791339373.039771,0.10000000000000142,1791339372.4717689,1791339373.467773,1791339373.3106868,1791339373.467773,1791339373.314687,1791339373.471771,1791339372.4677722,1791339373.467773,1791339372.4717689,1791339373.471771,1791339354.187771,GAZEBO_CLOCK_SYSTEM_INTERPOLATION,MAPPED_EXACT,0,18.852,1791339373.039771,0.01342320442199707,0.0,RGB,0.0,0,1,0,UNCALIBRATED,PREPARATION,UNKNOWN,TURNING,0.0,0,0.0,nan,nan,nan,nan,False,0.0,0.0,0.0,0.0,0,0,0,0,0,0.0,0.0,0.0,0.0,0.0,0.0,0.0,0.0,0.0,0.0,0.0,0.0,0.0,0.0,0.0,0.0,0.0,0.0,0.0,0.0,0.0,0.0,0.0,0.0,0.0,0.0,0.0,0.0,False,CLOCK_REFERENCE_READY,0,41.66,1791339395.8815396,nan,nan,nan,nan,nan,nan,nan,nan,nan,nan,nan,nan,nan,nan,nan,nan,nan,nan,nan,nan,nan,nan,nan,nan,nan,nan,nan,nan,nan,nan,nan,nan,nan,nan,nan,nan,nan,nan,nan,nan,nan,nan,nan,nan,nan,nan,nan,True,GEOMETRY_DISABLED,none,MODEL_ORIGIN_FRAME_NOT_ESTABLISHED,nan,nan,nan,nan,nan,nan,nan,nan,nan,nan,nan,nan,nan,NOT_EVALUATED,nan,nan,nan,0.0,BEFORE_HISTORY,nan,nan,nan,nan,nan,nan
0.0,1791339395.9599183,1791339395.9923985,1791339395.9923985,front_rgbd_red_sphere,False,False,False,DEPTH_FRAME_UNMATCHED,41.352,41.252,1791339395.5974917,1791339395.9599183,1791339373.039771,1791339373.039771,1791339373.039771,0.09999999999999432,1791339372.4717689,1791339373.467773,1791339373.3106868,1791339373.467773,1791339373.314687,1791339373.471771,1791339372.4677722,1791339373.467773,1791339372.4717689,1791339373.471771,1791339354.187771,GAZEBO_CLOCK_SYSTEM_INTERPOLATION,MAPPED_EXACT,0,18.852,1791339373.039771,0.01342320442199707,0.0,RGB,0.0,0,1,0,UNCALIBRATED,PREPARATION,UNKNOWN,TURNING,0.0,0,0.0,nan,nan,nan,nan,False,0.0,0.0,0.0,0.0,0,0,0,0,0,0.0,0.0,0.0,0.0,0.0,0.0,0.0,0.0,0.0,0.0,0.0,0.0,0.0,0.0,0.0,0.0,0.0,0.0,0.0,0.0,0.0,0.0,0.0,0.0,0.0,0.0,0.0,0.0,False,CLOCK_REFERENCE_READY,0,41.76,1791339395.9815397,nan,nan,nan,nan,nan,nan,nan,nan,nan,nan,nan,nan,nan,nan,nan,nan,nan,nan,nan,nan,nan,nan,nan,nan,nan,nan,nan,nan,nan,nan,nan,nan,nan,nan,nan,nan,nan,nan,nan,nan,nan,nan,nan,nan,nan,nan,nan,True,GEOMETRY_DISABLED,none,MODEL_ORIGIN_FRAME_NOT_ESTABLISHED,nan,nan,nan,nan,nan,nan,nan,nan,nan,nan,nan,nan,nan,NOT_EVALUATED,nan,nan,nan,0.0,BEFORE_HISTORY,nan,nan,nan,nan,nan,nan
0.0,1791339396.0463529,1791339396.0922594,1791339396.0922594,front_rgbd_red_sphere,False,False,False,DEPTH_FRAME_UNMATCHED,41.452,41.352,1791339395.7052972,1791339396.0463529,1791339373.039771,1791339373.039771,1791339373.039771,0.10000000000000142,1791339372.4717689,1791339373.467773,1791339373.3106868,1791339373.467773,1791339373.314687,1791339373.471771,1791339372.4677722,1791339373.467773,1791339372.4717689,1791339373.471771,1791339354.187771,GAZEBO_CLOCK_SYSTEM_INTERPOLATION,MAPPED_EXACT,0,18.852,1791339373.039771,0.01342320442199707,0.0,RGB,0.0,0,1,0,UNCALIBRATED,PREPARATION,UNKNOWN,TURNING,0.0,0,0.0,nan,nan,nan,nan,False,0.0,0.0,0.0,0.0,0,0,0,0,0,0.0,0.0,0.0,0.0,0.0,0.0,0.0,0.0,0.0,0.0,0.0,0.0,0.0,0.0,0.0,0.0,0.0,0.0,0.0,0.0,0.0,0.0,0.0,0.0,0.0,0.0,0.0,0.0,False,CLOCK_REFERENCE_READY,0,41.86,1791339396.0815365,nan,nan,nan,nan,nan,nan,nan,nan,nan,nan,nan,nan,nan,nan,nan,nan,nan,nan,nan,nan,nan,nan,nan,nan,nan,nan,nan,nan,nan,nan,nan,nan,nan,nan,nan,nan,nan,nan,nan,nan,nan,nan,nan,nan,nan,nan,nan,True,GEOMETRY_DISABLED,none,MODEL_ORIGIN_FRAME_NOT_ESTABLISHED,nan,nan,nan,nan,nan,nan,nan,nan,nan,nan,nan,nan,nan,NOT_EVALUATED,nan,nan,nan,0.0,BEFORE_HISTORY,nan,nan,nan,nan,nan,nan
0.0,1791339396.4866538,1791339396.4924326,1791339396.4924326,front_rgbd_red_sphere,False,False,False,DEPTH_FRAME_UNMATCHED,41.852,41.752,1791339396.0962782,1791339396.4866538,1791339373.039771,1791339373.039771,1791339373.039771,0.09999999999999432,1791339372.4717689,1791339373.467773,1791339373.3106868,1791339373.467773,1791339373.314687,1791339373.471771,1791339372.4677722,1791339373.467773,1791339372.4717689,1791339373.471771,1791339354.187771,GAZEBO_CLOCK_SYSTEM_INTERPOLATION,MAPPED_EXACT,0,18.852,1791339373.039771,0.01342320442199707,0.0,RGB,0.0,0,1,0,UNCALIBRATED,PREPARATION,UNKNOWN,TURNING,0.0,0,0.0,nan,nan,nan,nan,False,0.0,0.0,0.0,0.0,0,0,0,0,0,0.0,0.0,0.0,0.0,0.0,0.0,0.0,0.0,0.0,0.0,0.0,0.0,0.0,0.0,0.0,0.0,0.0,0.0,0.0,0.0,0.0,0.0,0.0,0.0,0.0,0.0,0.0,0.0,False,CLOCK_REFERENCE_READY,0,42.26,1791339396.4815388,nan,nan,nan,nan,nan,nan,nan,nan,nan,nan,nan,nan,nan,nan,nan,nan,nan,nan,nan,nan,nan,nan,nan,nan,nan,nan,nan,nan,nan,nan,nan,nan,nan,nan,nan,nan,nan,nan,nan,nan,nan,nan,nan,nan,nan,nan,nan,True,GEOMETRY_DISABLED,none,MODEL_ORIGIN_FRAME_NOT_ESTABLISHED,nan,nan,nan,nan,nan,nan,nan,nan,nan,nan,nan,nan,nan,NOT_EVALUATED,nan,nan,nan,0.0,BEFORE_HISTORY,nan,nan,nan,nan,nan,nan
0.0,1791339396.572451,1791339396.592282,1791339396.592282,front_rgbd_red_sphere,False,False,False,DEPTH_FRAME_UNMATCHED,41.952,41.852,1791339396.1946456,1791339396.572451,1791339373.039771,1791339373.039771,1791339373.039771,0.10000000000000142,1791339372.4717689,1791339373.467773,1791339373.3106868,1791339373.467773,1791339373.314687,1791339373.471771,1791339372.4677722,1791339373.467773,1791339372.4717689,1791339373.471771,1791339354.187771,GAZEBO_CLOCK_SYSTEM_INTERPOLATION,MAPPED_EXACT,0,18.852,1791339373.039771,0.01342320442199707,0.0,RGB,0.0,0,1,0,UNCALIBRATED,PREPARATION,UNKNOWN,TURNING,0.0,0,0.0,nan,nan,nan,nan,False,0.0,0.0,0.0,0.0,0,0,0,0,0,0.0,0.0,0.0,0.0,0.0,0.0,0.0,0.0,0.0,0.0,0.0,0.0,0.0,0.0,0.0,0.0,0.0,0.0,0.0,0.0,0.0,0.0,0.0,0.0,0.0,0.0,0.0,0.0,False,CLOCK_REFERENCE_READY,0,42.36,1791339396.581531,nan,nan,nan,nan,nan,nan,nan,nan,nan,nan,nan,nan,nan,nan,nan,nan,nan,nan,nan,nan,nan,nan,nan,nan,nan,nan,nan,nan,nan,nan,nan,nan,nan,nan,nan,nan,nan,nan,nan,nan,nan,nan,nan,nan,nan,nan,nan,True,GEOMETRY_DISABLED,none,MODEL_ORIGIN_FRAME_NOT_ESTABLISHED,nan,nan,nan,nan,nan,nan,nan,nan,nan,nan,nan,nan,nan,NOT_EVALUATED,nan,nan,nan,0.0,BEFORE_HISTORY,nan,nan,nan,nan,nan,nan
0.0,1791339396.6479712,1791339396.6924262,1791339396.6924262,front_rgbd_red_sphere,False,False,False,DEPTH_FRAME_UNMATCHED,42.052,41.952,1791339396.2967582,1791339396.6479712,1791339373.039771,1791339373.039771,1791339373.039771,0.10000000000000142,1791339372.4717689,1791339373.467773,1791339373.3106868,1791339373.467773,1791339373.314687,1791339373.471771,1791339372.4677722,1791339373.467773,1791339372.4717689,1791339373.471771,1791339354.187771,GAZEBO_CLOCK_SYSTEM_INTERPOLATION,MAPPED_EXACT,0,18.852,1791339373.039771,0.01342320442199707,0.0,RGB,0.0,0,1,0,UNCALIBRATED,PREPARATION,UNKNOWN,TURNING,0.0,0,0.0,nan,nan,nan,nan,False,0.0,0.0,0.0,0.0,0,0,0,0,0,0.0,0.0,0.0,0.0,0.0,0.0,0.0,0.0,0.0,0.0,0.0,0.0,0.0,0.0,0.0,0.0,0.0,0.0,0.0,0.0,0.0,0.0,0.0,0.0,0.0,0.0,0.0,0.0,False,CLOCK_REFERENCE_READY,0,42.46,1791339396.6815426,nan,nan,nan,nan,nan,nan,nan,nan,nan,nan,nan,nan,nan,nan,nan,nan,nan,nan,nan,nan,nan,nan,nan,nan,nan,nan,nan,nan,nan,nan,nan,nan,nan,nan,nan,nan,nan,nan,nan,nan,nan,nan,nan,nan,nan,nan,nan,True,GEOMETRY_DISABLED,none,MODEL_ORIGIN_FRAME_NOT_ESTABLISHED,nan,nan,nan,nan,nan,nan,nan,nan,nan,nan,nan,nan,nan,NOT_EVALUATED,nan,nan,nan,0.0,BEFORE_HISTORY,nan,nan,nan,nan,nan,nan
0.0,1791339397.3808532,1791339397.392247,1791339397.392247,front_rgbd_red_sphere,False,False,False,DEPTH_FRAME_UNMATCHED,42.752,42.652,1791339397.0044084,1791339397.3808532,1791339373.039771,1791339373.039771,1791339373.039771,0.10000000000000142,1791339372.4717689,1791339373.467773,1791339373.3106868,1791339373.467773,1791339373.314687,1791339373.471771,1791339372.4677722,1791339373.467773,1791339372.4717689,1791339373.471771,1791339354.187771,GAZEBO_CLOCK_SYSTEM_INTERPOLATION,MAPPED_EXACT,0,18.852,1791339373.039771,0.01342320442199707,0.0,RGB,0.0,0,1,0,UNCALIBRATED,PREPARATION,UNKNOWN,TURNING,0.0,0,0.0,nan,nan,nan,nan,False,0.0,0.0,0.0,0.0,0,0,0,0,0,0.0,0.0,0.0,0.0,0.0,0.0,0.0,0.0,0.0,0.0,0.0,0.0,0.0,0.0,0.0,0.0,0.0,0.0,0.0,0.0,0.0,0.0,0.0,0.0,0.0,0.0,0.0,0.0,False,CLOCK_REFERENCE_READY,0,43.16,1791339397.3815405,nan,nan,nan,nan,nan,nan,nan,nan,nan,nan,nan,nan,nan,nan,nan,nan,nan,nan,nan,nan,nan,nan,nan,nan,nan,nan,nan,nan,nan,nan,nan,nan,nan,nan,nan,nan,nan,nan,nan,nan,nan,nan,nan,nan,nan,nan,nan,True,GEOMETRY_DISABLED,none,MODEL_ORIGIN_FRAME_NOT_ESTABLISHED,nan,nan,nan,nan,nan,nan,nan,nan,nan,nan,nan,nan,nan,NOT_EVALUATED,nan,nan,nan,0.0,BEFORE_HISTORY,nan,nan,nan,nan,nan,nan
0.0,1791339397.4569836,1791339397.4924216,1791339397.4924216,front_rgbd_red_sphere,False,False,False,DEPTH_FRAME_UNMATCHED,42.852,42.752,1791339397.098925,1791339397.4569836,1791339373.039771,1791339373.039771,1791339373.039771,0.09999999999999432,1791339372.4717689,1791339373.467773,1791339373.3106868,1791339373.467773,1791339373.314687,1791339373.471771,1791339372.4677722,1791339373.467773,1791339372.4717689,1791339373.471771,1791339354.187771,GAZEBO_CLOCK_SYSTEM_INTERPOLATION,MAPPED_EXACT,0,18.852,1791339373.039771,0.01342320442199707,0.0,RGB,0.0,0,1,0,UNCALIBRATED,PREPARATION,UNKNOWN,TURNING,0.0,0,0.0,nan,nan,nan,nan,False,0.0,0.0,0.0,0.0,0,0,0,0,0,0.0,0.0,0.0,0.0,0.0,0.0,0.0,0.0,0.0,0.0,0.0,0.0,0.0,0.0,0.0,0.0,0.0,0.0,0.0,0.0,0.0,0.0,0.0,0.0,0.0,0.0,0.0,0.0,False,CLOCK_REFERENCE_READY,0,43.26,1791339397.4815388,nan,nan,nan,nan,nan,nan,nan,nan,nan,nan,nan,nan,nan,nan,nan,nan,nan,nan,nan,nan,nan,nan,nan,nan,nan,nan,nan,nan,nan,nan,nan,nan,nan,nan,nan,nan,nan,nan,nan,nan,nan,nan,nan,nan,nan,nan,nan,True,GEOMETRY_DISABLED,none,MODEL_ORIGIN_FRAME_NOT_ESTABLISHED,nan,nan,nan,nan,nan,nan,nan,nan,nan,nan,nan,nan,nan,NOT_EVALUATED,nan,nan,nan,0.0,BEFORE_HISTORY,nan,nan,nan,nan,nan,nan
0.0,1791339398.7597013,1791339398.7923934,1791339398.7923934,front_rgbd_red_sphere,False,False,False,DEPTH_FRAME_UNMATCHED,44.152,44.0,1791339398.3989456,1791339398.7597013,1791339373.039771,1791339373.039771,1791339373.039771,0.15200000000000102,1791339372.4717689,1791339373.467773,1791339373.3106868,1791339373.467773,1791339373.314687,1791339373.471771,1791339372.4677722,1791339373.467773,1791339372.4717689,1791339373.471771,1791339354.187771,GAZEBO_CLOCK_SYSTEM_INTERPOLATION,MAPPED_EXACT,0,18.852,1791339373.039771,0.01342320442199707,0.0,RGB,0.0,0,1,0,UNCALIBRATED,PREPARATION,UNKNOWN,TURNING,0.0,0,0.0,nan,nan,nan,nan,False,0.0,0.0,0.0,0.0,0,0,0,0,0,0.0,0.0,0.0,0.0,0.0,0.0,0.0,0.0,0.0,0.0,0.0,0.0,0.0,0.0,0.0,0.0,0.0,0.0,0.0,0.0,0.0,0.0,0.0,0.0,0.0,0.0,0.0,0.0,False,CLOCK_REFERENCE_READY,0,44.556,1791339398.7775378,nan,nan,nan,nan,nan,nan,nan,nan,nan,nan,nan,nan,nan,nan,nan,nan,nan,nan,nan,nan,nan,nan,nan,nan,nan,nan,nan,nan,nan,nan,nan,nan,nan,nan,nan,nan,nan,nan,nan,nan,nan,nan,nan,nan,nan,nan,nan,True,GEOMETRY_DISABLED,none,MODEL_ORIGIN_FRAME_NOT_ESTABLISHED,nan,nan,nan,nan,nan,nan,nan,nan,nan,nan,nan,nan,nan,NOT_EVALUATED,nan,nan,nan,0.0,BEFORE_HISTORY,nan,nan,nan,nan,nan,nan
0.0,1791339398.851275,1791339398.8924568,1791339398.8924568,front_rgbd_red_sphere,False,False,False,DEPTH_FRAME_UNMATCHED,44.252,44.152,1791339398.5026062,1791339398.851275,1791339373.039771,1791339373.039771,1791339373.039771,0.10000000000000142,1791339372.4717689,1791339373.467773,1791339373.3106868,1791339373.467773,1791339373.314687,1791339373.471771,1791339372.4677722,1791339373.467773,1791339372.4717689,1791339373.471771,1791339354.187771,GAZEBO_CLOCK_SYSTEM_INTERPOLATION,MAPPED_EXACT,0,18.852,1791339373.039771,0.01342320442199707,0.0,RGB,0.0,0,1,0,UNCALIBRATED,PREPARATION,UNKNOWN,TURNING,0.0,0,0.0,nan,nan,nan,nan,False,0.0,0.0,0.0,0.0,0,0,0,0,0,0.0,0.0,0.0,0.0,0.0,0.0,0.0,0.0,0.0,0.0,0.0,0.0,0.0,0.0,0.0,0.0,0.0,0.0,0.0,0.0,0.0,0.0,0.0,0.0,0.0,0.0,0.0,0.0,False,CLOCK_REFERENCE_READY,0,44.656,1791339398.8775375,nan,nan,nan,nan,nan,nan,nan,nan,nan,nan,nan,nan,nan,nan,nan,nan,nan,nan,nan,nan,nan,nan,nan,nan,nan,nan,nan,nan,nan,nan,nan,nan,nan,nan,nan,nan,nan,nan,nan,nan,nan,nan,nan,nan,nan,nan,nan,True,GEOMETRY_DISABLED,none,MODEL_ORIGIN_FRAME_NOT_ESTABLISHED,nan,nan,nan,nan,nan,nan,nan,nan,nan,nan,nan,nan,nan,NOT_EVALUATED,nan,nan,nan,0.0,BEFORE_HISTORY,nan,nan,nan,nan,nan,nan
0.0,1791339398.9532094,1791339398.9922879,1791339398.9922879,front_rgbd_red_sphere,False,False,False,DEPTH_FRAME_UNMATCHED,44.352,44.252,1791339398.5992696,1791339398.9532094,1791339373.039771,1791339373.039771,1791339373.039771,0.09999999999999432,1791339372.4717689,1791339373.467773,1791339373.3106868,1791339373.467773,1791339373.314687,1791339373.471771,1791339372.4677722,1791339373.467773,1791339372.4717689,1791339373.471771,1791339354.187771,GAZEBO_CLOCK_SYSTEM_INTERPOLATION,MAPPED_EXACT,0,18.852,1791339373.039771,0.01342320442199707,0.0,RGB,0.0,0,1,0,UNCALIBRATED,PREPARATION,UNKNOWN,TURNING,0.0,0,0.0,nan,nan,nan,nan,False,0.0,0.0,0.0,0.0,0,0,0,0,0,0.0,0.0,0.0,0.0,0.0,0.0,0.0,0.0,0.0,0.0,0.0,0.0,0.0,0.0,0.0,0.0,0.0,0.0,0.0,0.0,0.0,0.0,0.0,0.0,0.0,0.0,0.0,0.0,False,CLOCK_REFERENCE_READY,0,44.756,1791339398.9775364,nan,nan,nan,nan,nan,nan,nan,nan,nan,nan,nan,nan,nan,nan,nan,nan,nan,nan,nan,nan,nan,nan,nan,nan,nan,nan,nan,nan,nan,nan,nan,nan,nan,nan,nan,nan,nan,nan,nan,nan,nan,nan,nan,nan,nan,nan,nan,True,GEOMETRY_DISABLED,none,MODEL_ORIGIN_FRAME_NOT_ESTABLISHED,nan,nan,nan,nan,nan,nan,nan,nan,nan,nan,nan,nan,nan,NOT_EVALUATED,nan,nan,nan,0.0,BEFORE_HISTORY,nan,nan,nan,nan,nan,nan
0.0,1791339399.0472925,1791339399.0923784,1791339399.0923784,front_rgbd_red_sphere,False,False,False,DEPTH_FRAME_UNMATCHED,44.452,44.352,1791339398.7219846,1791339399.0472925,1791339373.039771,1791339373.039771,1791339373.039771,0.10000000000000142,1791339372.4717689,1791339373.467773,1791339373.3106868,1791339373.467773,1791339373.314687,1791339373.471771,1791339372.4677722,1791339373.467773,1791339372.4717689,1791339373.471771,1791339354.187771,GAZEBO_CLOCK_SYSTEM_INTERPOLATION,MAPPED_EXACT,0,18.852,1791339373.039771,0.01342320442199707,0.0,RGB,0.0,0,1,0,UNCALIBRATED,PREPARATION,UNKNOWN,TURNING,0.0,0,0.0,nan,nan,nan,nan,False,0.0,0.0,0.0,0.0,0,0,0,0,0,0.0,0.0,0.0,0.0,0.0,0.0,0.0,0.0,0.0,0.0,0.0,0.0,0.0,0.0,0.0,0.0,0.0,0.0,0.0,0.0,0.0,0.0,0.0,0.0,0.0,0.0,0.0,0.0,False,CLOCK_REFERENCE_READY,0,44.856,1791339399.0775285,nan,nan,nan,nan,nan,nan,nan,nan,nan,nan,nan,nan,nan,nan,nan,nan,nan,nan,nan,nan,nan,nan,nan,nan,nan,nan,nan,nan,nan,nan,nan,nan,nan,nan,nan,nan,nan,nan,nan,nan,nan,nan,nan,nan,nan,nan,nan,True,GEOMETRY_DISABLED,none,MODEL_ORIGIN_FRAME_NOT_ESTABLISHED,nan,nan,nan,nan,nan,nan,nan,nan,nan,nan,nan,nan,nan,NOT_EVALUATED,nan,nan,nan,0.0,BEFORE_HISTORY,nan,nan,nan,nan,nan,nan
0.0,1791339400.049136,1791339400.092332,1791339400.092332,front_rgbd_red_sphere,False,False,False,DEPTH_FRAME_UNMATCHED,45.452,45.3,1791339399.6985228,1791339400.049136,1791339373.039771,1791339373.039771,1791339373.039771,0.15200000000000102,1791339372.4717689,1791339373.467773,1791339373.3106868,1791339373.467773,1791339373.314687,1791339373.471771,1791339372.4677722,1791339373.467773,1791339372.4717689,1791339373.471771,1791339354.187771,GAZEBO_CLOCK_SYSTEM_INTERPOLATION,MAPPED_EXACT,0,18.852,1791339373.039771,0.01342320442199707,0.0,RGB,0.0,0,1,0,UNCALIBRATED,PREPARATION,UNKNOWN,TURNING,0.0,0,0.0,nan,nan,nan,nan,False,0.0,0.0,0.0,0.0,0,0,0,0,0,0.0,0.0,0.0,0.0,0.0,0.0,0.0,0.0,0.0,0.0,0.0,0.0,0.0,0.0,0.0,0.0,0.0,0.0,0.0,0.0,0.0,0.0,0.0,0.0,0.0,0.0,0.0,0.0,False,CLOCK_REFERENCE_READY,0,45.852,1791339400.0735228,nan,nan,nan,nan,nan,nan,nan,nan,nan,nan,nan,nan,nan,nan,nan,nan,nan,nan,nan,nan,nan,nan,nan,nan,nan,nan,nan,nan,nan,nan,nan,nan,nan,nan,nan,nan,nan,nan,nan,nan,nan,nan,nan,nan,nan,nan,nan,True,GEOMETRY_DISABLED,none,MODEL_ORIGIN_FRAME_NOT_ESTABLISHED,nan,nan,nan,nan,nan,nan,nan,nan,nan,nan,nan,nan,nan,NOT_EVALUATED,nan,nan,nan,0.0,BEFORE_HISTORY,nan,nan,nan,nan,nan,nan
0.0,1791339401.0453224,1791339401.0923762,1791339401.0923762,front_rgbd_red_sphere,False,False,False,DEPTH_FRAME_UNMATCHED,46.452,46.3,1791339400.7028873,1791339401.0453224,1791339373.039771,1791339373.039771,1791339373.039771,0.15200000000000102,1791339372.4717689,1791339373.467773,1791339373.3106868,1791339373.467773,1791339373.314687,1791339373.471771,1791339372.4677722,1791339373.467773,1791339372.4717689,1791339373.471771,1791339354.187771,GAZEBO_CLOCK_SYSTEM_INTERPOLATION,MAPPED_EXACT,0,18.852,1791339373.039771,0.01342320442199707,0.0,RGB,0.0,0,1,0,UNCALIBRATED,PREPARATION,UNKNOWN,TURNING,0.0,0,0.0,nan,nan,nan,nan,False,0.0,0.0,0.0,0.0,0,0,0,0,0,0.0,0.0,0.0,0.0,0.0,0.0,0.0,0.0,0.0,0.0,0.0,0.0,0.0,0.0,0.0,0.0,0.0,0.0,0.0,0.0,0.0,0.0,0.0,0.0,0.0,0.0,0.0,0.0,False,CLOCK_REFERENCE_READY,0,46.852,1791339401.0735412,nan,nan,nan,nan,nan,nan,nan,nan,nan,nan,nan,nan,nan,nan,nan,nan,nan,nan,nan,nan,nan,nan,nan,nan,nan,nan,nan,nan,nan,nan,nan,nan,nan,nan,nan,nan,nan,nan,nan,nan,nan,nan,nan,nan,nan,nan,nan,True,GEOMETRY_DISABLED,none,MODEL_ORIGIN_FRAME_NOT_ESTABLISHED,nan,nan,nan,nan,nan,nan,nan,nan,nan,nan,nan,nan,nan,NOT_EVALUATED,nan,nan,nan,0.0,BEFORE_HISTORY,nan,nan,nan,nan,nan,nan
0.0,1791339401.1442583,1791339401.1922946,1791339401.1922946,front_rgbd_red_sphere,False,False,False,DEPTH_FRAME_UNMATCHED,46.552,46.4,1791339400.793422,1791339401.1442583,1791339373.039771,1791339373.039771,1791339373.039771,0.15200000000000102,1791339372.4717689,1791339373.467773,1791339373.3106868,1791339373.467773,1791339373.314687,1791339373.471771,1791339372.4677722,1791339373.467773,1791339372.4717689,1791339373.471771,1791339354.187771,GAZEBO_CLOCK_SYSTEM_INTERPOLATION,MAPPED_EXACT,0,18.852,1791339373.039771,0.01342320442199707,0.0,RGB,0.0,0,1,0,UNCALIBRATED,PREPARATION,UNKNOWN,TURNING,0.0,0,0.0,nan,nan,nan,nan,False,0.0,0.0,0.0,0.0,0,0,0,0,0,0.0,0.0,0.0,0.0,0.0,0.0,0.0,0.0,0.0,0.0,0.0,0.0,0.0,0.0,0.0,0.0,0.0,0.0,0.0,0.0,0.0,0.0,0.0,0.0,0.0,0.0,0.0,0.0,False,CLOCK_REFERENCE_READY,0,46.952,1791339401.173544,nan,nan,nan,nan,nan,nan,nan,nan,nan,nan,nan,nan,nan,nan,nan,nan,nan,nan,nan,nan,nan,nan,nan,nan,nan,nan,nan,nan,nan,nan,nan,nan,nan,nan,nan,nan,nan,nan,nan,nan,nan,nan,nan,nan,nan,nan,nan,True,GEOMETRY_DISABLED,none,MODEL_ORIGIN_FRAME_NOT_ESTABLISHED,nan,nan,nan,nan,nan,nan,nan,nan,nan,nan,nan,nan,nan,NOT_EVALUATED,nan,nan,nan,0.0,BEFORE_HISTORY,nan,nan,nan,nan,nan,nan
0.0,1791339401.285758,1791339401.292514,1791339401.292514,front_rgbd_red_sphere,False,False,False,DEPTH_FRAME_UNMATCHED,46.652,46.5,1791339400.8965685,1791339401.285758,1791339373.039771,1791339373.039771,1791339373.039771,0.15200000000000102,1791339372.4717689,1791339373.467773,1791339373.3106868,1791339373.467773,1791339373.314687,1791339373.471771,1791339372.4677722,1791339373.467773,1791339372.4717689,1791339373.471771,1791339354.187771,GAZEBO_CLOCK_SYSTEM_INTERPOLATION,MAPPED_EXACT,0,18.852,1791339373.039771,0.01342320442199707,0.0,RGB,0.0,0,1,0,UNCALIBRATED,PREPARATION,UNKNOWN,TURNING,0.0,0,0.0,nan,nan,nan,nan,False,0.0,0.0,0.0,0.0,0,0,0,0,0,0.0,0.0,0.0,0.0,0.0,0.0,0.0,0.0,0.0,0.0,0.0,0.0,0.0,0.0,0.0,0.0,0.0,0.0,0.0,0.0,0.0,0.0,0.0,0.0,0.0,0.0,0.0,0.0,False,CLOCK_REFERENCE_READY,0,47.052,1791339401.2736723,nan,nan,nan,nan,nan,nan,nan,nan,nan,nan,nan,nan,nan,nan,nan,nan,nan,nan,nan,nan,nan,nan,nan,nan,nan,nan,nan,nan,nan,nan,nan,nan,nan,nan,nan,nan,nan,nan,nan,nan,nan,nan,nan,nan,nan,nan,nan,True,GEOMETRY_DISABLED,none,MODEL_ORIGIN_FRAME_NOT_ESTABLISHED,nan,nan,nan,nan,nan,nan,nan,nan,nan,nan,nan,nan,nan,NOT_EVALUATED,nan,nan,nan,0.0,BEFORE_HISTORY,nan,nan,nan,nan,nan,nan
0.0,1791339401.9892972,1791339401.9922416,1791339401.9922416,front_rgbd_red_sphere,False,False,False,DEPTH_FRAME_UNMATCHED,47.352,47.3,1791339401.6028435,1791339401.9892972,1791339373.039771,1791339373.039771,1791339373.039771,0.0519999999999996,1791339372.4717689,1791339373.467773,1791339373.3106868,1791339373.467773,1791339373.314687,1791339373.471771,1791339372.4677722,1791339373.467773,1791339372.4717689,1791339373.471771,1791339354.187771,GAZEBO_CLOCK_SYSTEM_INTERPOLATION,MAPPED_EXACT,0,18.852,1791339373.039771,0.01342320442199707,0.0,RGB,0.0,0,1,0,UNCALIBRATED,PREPARATION,UNKNOWN,TURNING,0.0,0,0.0,nan,nan,nan,nan,False,0.0,0.0,0.0,0.0,0,0,0,0,0,0.0,0.0,0.0,0.0,0.0,0.0,0.0,0.0,0.0,0.0,0.0,0.0,0.0,0.0,0.0,0.0,0.0,0.0,0.0,0.0,0.0,0.0,0.0,0.0,0.0,0.0,0.0,0.0,False,CLOCK_REFERENCE_READY,0,47.752,1791339401.973521,nan,nan,nan,nan,nan,nan,nan,nan,nan,nan,nan,nan,nan,nan,nan,nan,nan,nan,nan,nan,nan,nan,nan,nan,nan,nan,nan,nan,nan,nan,nan,nan,nan,nan,nan,nan,nan,nan,nan,nan,nan,nan,nan,nan,nan,nan,nan,True,GEOMETRY_DISABLED,none,MODEL_ORIGIN_FRAME_NOT_ESTABLISHED,nan,nan,nan,nan,nan,nan,nan,nan,nan,nan,nan,nan,nan,NOT_EVALUATED,nan,nan,nan,0.0,BEFORE_HISTORY,nan,nan,nan,nan,nan,nan
0.0,1791339402.283085,1791339402.2924147,1791339402.2924147,front_rgbd_red_sphere,False,False,False,DEPTH_FRAME_UNMATCHED,47.652,47.6,1791339401.8933437,1791339402.283085,1791339373.039771,1791339373.039771,1791339373.039771,0.0519999999999996,1791339372.4717689,1791339373.467773,1791339373.3106868,1791339373.467773,1791339373.314687,1791339373.471771,1791339372.4677722,1791339373.467773,1791339372.4717689,1791339373.471771,1791339354.187771,GAZEBO_CLOCK_SYSTEM_INTERPOLATION,MAPPED_EXACT,0,18.852,1791339373.039771,0.01342320442199707,0.0,RGB,0.0,0,1,0,UNCALIBRATED,PREPARATION,UNKNOWN,TURNING,0.0,0,0.0,nan,nan,nan,nan,False,0.0,0.0,0.0,0.0,0,0,0,0,0,0.0,0.0,0.0,0.0,0.0,0.0,0.0,0.0,0.0,0.0,0.0,0.0,0.0,0.0,0.0,0.0,0.0,0.0,0.0,0.0,0.0,0.0,0.0,0.0,0.0,0.0,0.0,0.0,False,CLOCK_REFERENCE_READY,0,48.052,1791339402.273517,nan,nan,nan,nan,nan,nan,nan,nan,nan,nan,nan,nan,nan,nan,nan,nan,nan,nan,nan,nan,nan,nan,nan,nan,nan,nan,nan,nan,nan,nan,nan,nan,nan,nan,nan,nan,nan,nan,nan,nan,nan,nan,nan,nan,nan,nan,nan,True,GEOMETRY_DISABLED,none,MODEL_ORIGIN_FRAME_NOT_ESTABLISHED,nan,nan,nan,nan,nan,nan,nan,nan,nan,nan,nan,nan,nan,NOT_EVALUATED,nan,nan,nan,0.0,BEFORE_HISTORY,nan,nan,nan,nan,nan,nan
0.0,1791339402.3774643,1791339402.3924422,1791339402.3924422,front_rgbd_red_sphere,False,False,False,DEPTH_FRAME_UNMATCHED,47.752,47.652,1791339401.99705,1791339402.3774643,1791339373.039771,1791339373.039771,1791339373.039771,0.10000000000000142,1791339372.4717689,1791339373.467773,1791339373.3106868,1791339373.467773,1791339373.314687,1791339373.471771,1791339372.4677722,1791339373.467773,1791339372.4717689,1791339373.471771,1791339354.187771,GAZEBO_CLOCK_SYSTEM_INTERPOLATION,MAPPED_EXACT,0,18.852,1791339373.039771,0.01342320442199707,0.0,RGB,0.0,0,1,0,UNCALIBRATED,PREPARATION,UNKNOWN,TURNING,0.0,0,0.0,nan,nan,nan,nan,False,0.0,0.0,0.0,0.0,0,0,0,0,0,0.0,0.0,0.0,0.0,0.0,0.0,0.0,0.0,0.0,0.0,0.0,0.0,0.0,0.0,0.0,0.0,0.0,0.0,0.0,0.0,0.0,0.0,0.0,0.0,0.0,0.0,0.0,0.0,False,CLOCK_REFERENCE_READY,0,48.152,1791339402.3735275,nan,nan,nan,nan,nan,nan,nan,nan,nan,nan,nan,nan,nan,nan,nan,nan,nan,nan,nan,nan,nan,nan,nan,nan,nan,nan,nan,nan,nan,nan,nan,nan,nan,nan,nan,nan,nan,nan,nan,nan,nan,nan,nan,nan,nan,nan,nan,True,GEOMETRY_DISABLED,none,MODEL_ORIGIN_FRAME_NOT_ESTABLISHED,nan,nan,nan,nan,nan,nan,nan,nan,nan,nan,nan,nan,nan,NOT_EVALUATED,nan,nan,nan,0.0,BEFORE_HISTORY,nan,nan,nan,nan,nan,nan
0.0,1791339402.4632428,1791339402.4922578,1791339402.4922578,front_rgbd_red_sphere,False,False,False,DEPTH_FRAME_UNMATCHED,47.852,47.752,1791339402.102728,1791339402.4632428,1791339373.039771,1791339373.039771,1791339373.039771,0.09999999999999432,1791339372.4717689,1791339373.467773,1791339373.3106868,1791339373.467773,1791339373.314687,1791339373.471771,1791339372.4677722,1791339373.467773,1791339372.4717689,1791339373.471771,1791339354.187771,GAZEBO_CLOCK_SYSTEM_INTERPOLATION,MAPPED_EXACT,0,18.852,1791339373.039771,0.01342320442199707,0.0,RGB,0.0,0,1,0,UNCALIBRATED,PREPARATION,UNKNOWN,TURNING,0.0,0,0.0,nan,nan,nan,nan,False,0.0,0.0,0.0,0.0,0,0,0,0,0,0.0,0.0,0.0,0.0,0.0,0.0,0.0,0.0,0.0,0.0,0.0,0.0,0.0,0.0,0.0,0.0,0.0,0.0,0.0,0.0,0.0,0.0,0.0,0.0,0.0,0.0,0.0,0.0,False,CLOCK_REFERENCE_READY,0,48.252,1791339402.4735227,nan,nan,nan,nan,nan,nan,nan,nan,nan,nan,nan,nan,nan,nan,nan,nan,nan,nan,nan,nan,nan,nan,nan,nan,nan,nan,nan,nan,nan,nan,nan,nan,nan,nan,nan,nan,nan,nan,nan,nan,nan,nan,nan,nan,nan,nan,nan,True,GEOMETRY_DISABLED,none,MODEL_ORIGIN_FRAME_NOT_ESTABLISHED,nan,nan,nan,nan,nan,nan,nan,nan,nan,nan,nan,nan,nan,NOT_EVALUATED,nan,nan,nan,0.0,BEFORE_HISTORY,nan,nan,nan,nan,nan,nan
0.0,1791339402.5465848,1791339402.5922942,1791339402.5922942,front_rgbd_red_sphere,False,False,False,DEPTH_FRAME_UNMATCHED,47.952,47.852,1791339402.1942804,1791339402.5465848,1791339373.039771,1791339373.039771,1791339373.039771,0.10000000000000142,1791339372.4717689,1791339373.467773,1791339373.3106868,1791339373.467773,1791339373.314687,1791339373.471771,1791339372.4677722,1791339373.467773,1791339372.4717689,1791339373.471771,1791339354.187771,GAZEBO_CLOCK_SYSTEM_INTERPOLATION,MAPPED_EXACT,0,18.852,1791339373.039771,0.01342320442199707,0.0,RGB,0.0,0,1,0,UNCALIBRATED,PREPARATION,UNKNOWN,TURNING,0.0,0,0.0,nan,nan,nan,nan,False,0.0,0.0,0.0,0.0,0,0,0,0,0,0.0,0.0,0.0,0.0,0.0,0.0,0.0,0.0,0.0,0.0,0.0,0.0,0.0,0.0,0.0,0.0,0.0,0.0,0.0,0.0,0.0,0.0,0.0,0.0,0.0,0.0,0.0,0.0,False,CLOCK_REFERENCE_READY,0,48.352,1791339402.573531,nan,nan,nan,nan,nan,nan,nan,nan,nan,nan,nan,nan,nan,nan,nan,nan,nan,nan,nan,nan,nan,nan,nan,nan,nan,nan,nan,nan,nan,nan,nan,nan,nan,nan,nan,nan,nan,nan,nan,nan,nan,nan,nan,nan,nan,nan,nan,True,GEOMETRY_DISABLED,none,MODEL_ORIGIN_FRAME_NOT_ESTABLISHED,nan,nan,nan,nan,nan,nan,nan,nan,nan,nan,nan,nan,nan,NOT_EVALUATED,nan,nan,nan,0.0,BEFORE_HISTORY,nan,nan,nan,nan,nan,nan
0.0,1791339402.7848783,1791339402.7925003,1791339402.7925003,front_rgbd_red_sphere,False,False,False,DEPTH_FRAME_UNMATCHED,48.152,48.1,1791339402.4053295,1791339402.7848783,1791339373.039771,1791339373.039771,1791339373.039771,0.0519999999999996,1791339372.4717689,1791339373.467773,1791339373.3106868,1791339373.467773,1791339373.314687,1791339373.471771,1791339372.4677722,1791339373.467773,1791339372.4717689,1791339373.471771,1791339354.187771,GAZEBO_CLOCK_SYSTEM_INTERPOLATION,MAPPED_EXACT,0,18.852,1791339373.039771,0.01342320442199707,0.0,RGB,0.0,0,1,0,UNCALIBRATED,PREPARATION,UNKNOWN,TURNING,0.0,0,0.0,nan,nan,nan,nan,False,0.0,0.0,0.0,0.0,0,0,0,0,0,0.0,0.0,0.0,0.0,0.0,0.0,0.0,0.0,0.0,0.0,0.0,0.0,0.0,0.0,0.0,0.0,0.0,0.0,0.0,0.0,0.0,0.0,0.0,0.0,0.0,0.0,0.0,0.0,False,CLOCK_REFERENCE_READY,0,48.552,1791339402.7735186,nan,nan,nan,nan,nan,nan,nan,nan,nan,nan,nan,nan,nan,nan,nan,nan,nan,nan,nan,nan,nan,nan,nan,nan,nan,nan,nan,nan,nan,nan,nan,nan,nan,nan,nan,nan,nan,nan,nan,nan,nan,nan,nan,nan,nan,nan,nan,True,GEOMETRY_DISABLED,none,MODEL_ORIGIN_FRAME_NOT_ESTABLISHED,nan,nan,nan,nan,nan,nan,nan,nan,nan,nan,nan,nan,nan,NOT_EVALUATED,nan,nan,nan,0.0,BEFORE_HISTORY,nan,nan,nan,nan,nan,nan
0.0,1791339402.8685586,1791339402.892299,1791339402.892299,front_rgbd_red_sphere,False,False,False,DEPTH_FRAME_UNMATCHED,48.252,48.152,1791339402.493324,1791339402.8685586,1791339373.039771,1791339373.039771,1791339373.039771,0.10000000000000142,1791339372.4717689,1791339373.467773,1791339373.3106868,1791339373.467773,1791339373.314687,1791339373.471771,1791339372.4677722,1791339373.467773,1791339372.4717689,1791339373.471771,1791339354.187771,GAZEBO_CLOCK_SYSTEM_INTERPOLATION,MAPPED_EXACT,0,18.852,1791339373.039771,0.01342320442199707,0.0,RGB,0.0,0,1,0,UNCALIBRATED,PREPARATION,UNKNOWN,TURNING,0.0,0,0.0,nan,nan,nan,nan,False,0.0,0.0,0.0,0.0,0,0,0,0,0,0.0,0.0,0.0,0.0,0.0,0.0,0.0,0.0,0.0,0.0,0.0,0.0,0.0,0.0,0.0,0.0,0.0,0.0,0.0,0.0,0.0,0.0,0.0,0.0,0.0,0.0,0.0,0.0,False,CLOCK_REFERENCE_READY,0,48.652,1791339402.8735242,nan,nan,nan,nan,nan,nan,nan,nan,nan,nan,nan,nan,nan,nan,nan,nan,nan,nan,nan,nan,nan,nan,nan,nan,nan,nan,nan,nan,nan,nan,nan,nan,nan,nan,nan,nan,nan,nan,nan,nan,nan,nan,nan,nan,nan,nan,nan,True,GEOMETRY_DISABLED,none,MODEL_ORIGIN_FRAME_NOT_ESTABLISHED,nan,nan,nan,nan,nan,nan,nan,nan,nan,nan,nan,nan,nan,NOT_EVALUATED,nan,nan,nan,0.0,BEFORE_HISTORY,nan,nan,nan,nan,nan,nan
0.0,1791339403.0455225,1791339403.0922484,1791339403.0922484,front_rgbd_red_sphere,False,False,False,DEPTH_FRAME_UNMATCHED,48.452,48.352,1791339402.6928453,1791339403.0455225,1791339373.039771,1791339373.039771,1791339373.039771,0.10000000000000142,1791339372.4717689,1791339373.467773,1791339373.3106868,1791339373.467773,1791339373.314687,1791339373.471771,1791339372.4677722,1791339373.467773,1791339372.4717689,1791339373.471771,1791339354.187771,GAZEBO_CLOCK_SYSTEM_INTERPOLATION,MAPPED_EXACT,0,18.852,1791339373.039771,0.01342320442199707,0.0,RGB,0.0,0,1,0,UNCALIBRATED,PREPARATION,UNKNOWN,TURNING,0.0,0,0.0,nan,nan,nan,nan,False,0.0,0.0,0.0,0.0,0,0,0,0,0,0.0,0.0,0.0,0.0,0.0,0.0,0.0,0.0,0.0,0.0,0.0,0.0,0.0,0.0,0.0,0.0,0.0,0.0,0.0,0.0,0.0,0.0,0.0,0.0,0.0,0.0,0.0,0.0,False,CLOCK_REFERENCE_READY,0,48.852,1791339403.0735252,nan,nan,nan,nan,nan,nan,nan,nan,nan,nan,nan,nan,nan,nan,nan,nan,nan,nan,nan,nan,nan,nan,nan,nan,nan,nan,nan,nan,nan,nan,nan,nan,nan,nan,nan,nan,nan,nan,nan,nan,nan,nan,nan,nan,nan,nan,nan,True,GEOMETRY_DISABLED,none,MODEL_ORIGIN_FRAME_NOT_ESTABLISHED,nan,nan,nan,nan,nan,nan,nan,nan,nan,nan,nan,nan,nan,NOT_EVALUATED,nan,nan,nan,0.0,BEFORE_HISTORY,nan,nan,nan,nan,nan,nan
0.0,1791339403.1447375,1791339403.192289,1791339403.192289,front_rgbd_red_sphere,False,False,False,DEPTH_FRAME_UNMATCHED,48.552,48.452,1791339402.7944524,1791339403.1447375,1791339373.039771,1791339373.039771,1791339373.039771,0.10000000000000142,1791339372.4717689,1791339373.467773,1791339373.3106868,1791339373.467773,1791339373.314687,1791339373.471771,1791339372.4677722,1791339373.467773,1791339372.4717689,1791339373.471771,1791339354.187771,GAZEBO_CLOCK_SYSTEM_INTERPOLATION,MAPPED_EXACT,0,18.852,1791339373.039771,0.01342320442199707,0.0,RGB,0.0,0,1,0,UNCALIBRATED,PREPARATION,UNKNOWN,TURNING,0.0,0,0.0,nan,nan,nan,nan,False,0.0,0.0,0.0,0.0,0,0,0,0,0,0.0,0.0,0.0,0.0,0.0,0.0,0.0,0.0,0.0,0.0,0.0,0.0,0.0,0.0,0.0,0.0,0.0,0.0,0.0,0.0,0.0,0.0,0.0,0.0,0.0,0.0,0.0,0.0,False,CLOCK_REFERENCE_READY,0,48.952,1791339403.1735222,nan,nan,nan,nan,nan,nan,nan,nan,nan,nan,nan,nan,nan,nan,nan,nan,nan,nan,nan,nan,nan,nan,nan,nan,nan,nan,nan,nan,nan,nan,nan,nan,nan,nan,nan,nan,nan,nan,nan,nan,nan,nan,nan,nan,nan,nan,nan,True,GEOMETRY_DISABLED,none,MODEL_ORIGIN_FRAME_NOT_ESTABLISHED,nan,nan,nan,nan,nan,nan,nan,nan,nan,nan,nan,nan,nan,NOT_EVALUATED,nan,nan,nan,0.0,BEFORE_HISTORY,nan,nan,nan,nan,nan,nan
0.0,1791339403.5868099,1791339403.5922692,1791339403.5922692,front_rgbd_red_sphere,False,False,False,DEPTH_FRAME_UNMATCHED,48.952,48.9,1791339403.1940696,1791339403.5868099,1791339373.039771,1791339373.039771,1791339373.039771,0.0519999999999996,1791339372.4717689,1791339373.467773,1791339373.3106868,1791339373.467773,1791339373.314687,1791339373.471771,1791339372.4677722,1791339373.467773,1791339372.4717689,1791339373.471771,1791339354.187771,GAZEBO_CLOCK_SYSTEM_INTERPOLATION,MAPPED_EXACT,0,18.852,1791339373.039771,0.01342320442199707,0.0,RGB,0.0,0,1,0,UNCALIBRATED,PREPARATION,UNKNOWN,TURNING,0.0,0,0.0,nan,nan,nan,nan,False,0.0,0.0,0.0,0.0,0,0,0,0,0,0.0,0.0,0.0,0.0,0.0,0.0,0.0,0.0,0.0,0.0,0.0,0.0,0.0,0.0,0.0,0.0,0.0,0.0,0.0,0.0,0.0,0.0,0.0,0.0,0.0,0.0,0.0,0.0,False,CLOCK_REFERENCE_READY,0,49.352,1791339403.5735214,nan,nan,nan,nan,nan,nan,nan,nan,nan,nan,nan,nan,nan,nan,nan,nan,nan,nan,nan,nan,nan,nan,nan,nan,nan,nan,nan,nan,nan,nan,nan,nan,nan,nan,nan,nan,nan,nan,nan,nan,nan,nan,nan,nan,nan,nan,nan,True,GEOMETRY_DISABLED,none,MODEL_ORIGIN_FRAME_NOT_ESTABLISHED,nan,nan,nan,nan,nan,nan,nan,nan,nan,nan,nan,nan,nan,NOT_EVALUATED,nan,nan,nan,0.0,BEFORE_HISTORY,nan,nan,nan,nan,nan,nan
0.0,1791339403.6880844,1791339403.6922514,1791339403.6922514,front_rgbd_red_sphere,False,False,False,DEPTH_FRAME_UNMATCHED,49.052,48.952,1791339403.2893374,1791339403.6880844,1791339373.039771,1791339373.039771,1791339373.039771,0.10000000000000142,1791339372.4717689,1791339373.467773,1791339373.3106868,1791339373.467773,1791339373.314687,1791339373.471771,1791339372.4677722,1791339373.467773,1791339372.4717689,1791339373.471771,1791339354.187771,GAZEBO_CLOCK_SYSTEM_INTERPOLATION,MAPPED_EXACT,0,18.852,1791339373.039771,0.01342320442199707,0.0,RGB,0.0,0,1,0,UNCALIBRATED,PREPARATION,UNKNOWN,TURNING,0.0,0,0.0,nan,nan,nan,nan,False,0.0,0.0,0.0,0.0,0,0,0,0,0,0.0,0.0,0.0,0.0,0.0,0.0,0.0,0.0,0.0,0.0,0.0,0.0,0.0,0.0,0.0,0.0,0.0,0.0,0.0,0.0,0.0,0.0,0.0,0.0,0.0,0.0,0.0,0.0,False,CLOCK_REFERENCE_READY,0,49.452,1791339403.6735198,nan,nan,nan,nan,nan,nan,nan,nan,nan,nan,nan,nan,nan,nan,nan,nan,nan,nan,nan,nan,nan,nan,nan,nan,nan,nan,nan,nan,nan,nan,nan,nan,nan,nan,nan,nan,nan,nan,nan,nan,nan,nan,nan,nan,nan,nan,nan,True,GEOMETRY_DISABLED,none,MODEL_ORIGIN_FRAME_NOT_ESTABLISHED,nan,nan,nan,nan,nan,nan,nan,nan,nan,nan,nan,nan,nan,NOT_EVALUATED,nan,nan,nan,0.0,BEFORE_HISTORY,nan,nan,nan,nan,nan,nan
0.0,1791339403.7799833,1791339403.7925034,1791339403.7925034,front_rgbd_red_sphere,False,False,False,DEPTH_FRAME_UNMATCHED,49.152,49.052,1791339403.3900588,1791339403.7799833,1791339373.039771,1791339373.039771,1791339373.039771,0.10000000000000142,1791339372.4717689,1791339373.467773,1791339373.3106868,1791339373.467773,1791339373.314687,1791339373.471771,1791339372.4677722,1791339373.467773,1791339372.4717689,1791339373.471771,1791339354.187771,GAZEBO_CLOCK_SYSTEM_INTERPOLATION,MAPPED_EXACT,0,18.852,1791339373.039771,0.01342320442199707,0.0,RGB,0.0,0,1,0,UNCALIBRATED,PREPARATION,UNKNOWN,TURNING,0.0,0,0.0,nan,nan,nan,nan,False,0.0,0.0,0.0,0.0,0,0,0,0,0,0.0,0.0,0.0,0.0,0.0,0.0,0.0,0.0,0.0,0.0,0.0,0.0,0.0,0.0,0.0,0.0,0.0,0.0,0.0,0.0,0.0,0.0,0.0,0.0,0.0,0.0,0.0,0.0,False,CLOCK_REFERENCE_READY,0,49.552,1791339403.7735353,nan,nan,nan,nan,nan,nan,nan,nan,nan,nan,nan,nan,nan,nan,nan,nan,nan,nan,nan,nan,nan,nan,nan,nan,nan,nan,nan,nan,nan,nan,nan,nan,nan,nan,nan,nan,nan,nan,nan,nan,nan,nan,nan,nan,nan,nan,nan,True,GEOMETRY_DISABLED,none,MODEL_ORIGIN_FRAME_NOT_ESTABLISHED,nan,nan,nan,nan,nan,nan,nan,nan,nan,nan,nan,nan,nan,NOT_EVALUATED,nan,nan,nan,0.0,BEFORE_HISTORY,nan,nan,nan,nan,nan,nan
0.0,1791339403.8767145,1791339403.8923557,1791339403.8923557,front_rgbd_red_sphere,False,False,False,DEPTH_FRAME_UNMATCHED,49.252,49.152,1791339403.495804,1791339403.8767145,1791339373.039771,1791339373.039771,1791339373.039771,0.10000000000000142,1791339372.4717689,1791339373.467773,1791339373.3106868,1791339373.467773,1791339373.314687,1791339373.471771,1791339372.4677722,1791339373.467773,1791339372.4717689,1791339373.471771,1791339354.187771,GAZEBO_CLOCK_SYSTEM_INTERPOLATION,MAPPED_EXACT,0,18.852,1791339373.039771,0.01342320442199707,0.0,RGB,0.0,0,1,0,UNCALIBRATED,PREPARATION,UNKNOWN,TURNING,0.0,0,0.0,nan,nan,nan,nan,False,0.0,0.0,0.0,0.0,0,0,0,0,0,0.0,0.0,0.0,0.0,0.0,0.0,0.0,0.0,0.0,0.0,0.0,0.0,0.0,0.0,0.0,0.0,0.0,0.0,0.0,0.0,0.0,0.0,0.0,0.0,0.0,0.0,0.0,0.0,False,CLOCK_REFERENCE_READY,0,49.652,1791339403.873537,nan,nan,nan,nan,nan,nan,nan,nan,nan,nan,nan,nan,nan,nan,nan,nan,nan,nan,nan,nan,nan,nan,nan,nan,nan,nan,nan,nan,nan,nan,nan,nan,nan,nan,nan,nan,nan,nan,nan,nan,nan,nan,nan,nan,nan,nan,nan,True,GEOMETRY_DISABLED,none,MODEL_ORIGIN_FRAME_NOT_ESTABLISHED,nan,nan,nan,nan,nan,nan,nan,nan,nan,nan,nan,nan,nan,NOT_EVALUATED,nan,nan,nan,0.0,BEFORE_HISTORY,nan,nan,nan,nan,nan,nan
0.0,1791339404.4794009,1791339404.4923992,1791339404.4923992,front_rgbd_red_sphere,False,False,False,DEPTH_FRAME_UNMATCHED,49.852,49.752,1791339404.101894,1791339404.4794009,1791339373.039771,1791339373.039771,1791339373.039771,0.09999999999999432,1791339372.4717689,1791339373.467773,1791339373.3106868,1791339373.467773,1791339373.314687,1791339373.471771,1791339372.4677722,1791339373.467773,1791339372.4717689,1791339373.471771,1791339354.187771,GAZEBO_CLOCK_SYSTEM_INTERPOLATION,MAPPED_EXACT,0,18.852,1791339373.039771,0.01342320442199707,0.0,RGB,0.0,0,1,0,UNCALIBRATED,PREPARATION,UNKNOWN,TURNING,0.0,0,0.0,nan,nan,nan,nan,False,0.0,0.0,0.0,0.0,0,0,0,0,0,0.0,0.0,0.0,0.0,0.0,0.0,0.0,0.0,0.0,0.0,0.0,0.0,0.0,0.0,0.0,0.0,0.0,0.0,0.0,0.0,0.0,0.0,0.0,0.0,0.0,0.0,0.0,0.0,False,MAPPED_EXACT,0,50.264,1791339404.4908853,nan,nan,nan,nan,nan,nan,nan,nan,nan,nan,nan,nan,nan,nan,nan,nan,nan,nan,nan,nan,nan,nan,nan,nan,nan,nan,nan,nan,nan,nan,nan,nan,nan,nan,nan,nan,nan,nan,nan,nan,nan,nan,nan,nan,nan,nan,nan,True,GEOMETRY_DISABLED,none,MODEL_ORIGIN_FRAME_NOT_ESTABLISHED,nan,nan,nan,nan,nan,nan,nan,nan,nan,nan,nan,nan,nan,NOT_EVALUATED,nan,nan,nan,0.0,BEFORE_HISTORY,nan,nan,nan,nan,nan,nan
0.0,1791339404.5711002,1791339404.5923755,1791339404.5923755,front_rgbd_red_sphere,False,False,False,DEPTH_FRAME_UNMATCHED,49.952,49.852,1791339404.1966805,1791339404.5711002,1791339373.039771,1791339373.039771,1791339373.039771,0.10000000000000142,1791339372.4717689,1791339373.467773,1791339373.3106868,1791339373.467773,1791339373.314687,1791339373.471771,1791339372.4677722,1791339373.467773,1791339372.4717689,1791339373.471771,1791339354.187771,GAZEBO_CLOCK_SYSTEM_INTERPOLATION,MAPPED_EXACT,0,18.852,1791339373.039771,0.01342320442199707,0.0,RGB,0.0,0,1,0,UNCALIBRATED,PREPARATION,UNKNOWN,TURNING,0.0,0,0.0,nan,nan,nan,nan,False,0.0,0.0,0.0,0.0,0,0,0,0,0,0.0,0.0,0.0,0.0,0.0,0.0,0.0,0.0,0.0,0.0,0.0,0.0,0.0,0.0,0.0,0.0,0.0,0.0,0.0,0.0,0.0,0.0,0.0,0.0,0.0,0.0,0.0,0.0,False,MAPPED_EXACT,0,50.364,1791339404.5908825,nan,nan,nan,nan,nan,nan,nan,nan,nan,nan,nan,nan,nan,nan,nan,nan,nan,nan,nan,nan,nan,nan,nan,nan,nan,nan,nan,nan,nan,nan,nan,nan,nan,nan,nan,nan,nan,nan,nan,nan,nan,nan,nan,nan,nan,nan,nan,True,GEOMETRY_DISABLED,none,MODEL_ORIGIN_FRAME_NOT_ESTABLISHED,nan,nan,nan,nan,nan,nan,nan,nan,nan,nan,nan,nan,nan,NOT_EVALUATED,nan,nan,nan,0.0,BEFORE_HISTORY,nan,nan,nan,nan,nan,nan
0.0,1791339404.6720383,1791339404.692336,1791339404.692336,front_rgbd_red_sphere,False,False,False,DEPTH_FRAME_UNMATCHED,50.052,49.952,1791339404.2973745,1791339404.6720383,1791339373.039771,1791339373.039771,1791339373.039771,0.10000000000000142,1791339372.4717689,1791339373.467773,1791339373.3106868,1791339373.467773,1791339373.314687,1791339373.471771,1791339372.4677722,1791339373.467773,1791339372.4717689,1791339373.471771,1791339354.187771,GAZEBO_CLOCK_SYSTEM_INTERPOLATION,MAPPED_EXACT,0,18.852,1791339373.039771,0.01342320442199707,0.0,RGB,0.0,0,1,0,UNCALIBRATED,PREPARATION,UNKNOWN,TURNING,0.0,0,0.0,nan,nan,nan,nan,False,0.0,0.0,0.0,0.0,0,0,0,0,0,0.0,0.0,0.0,0.0,0.0,0.0,0.0,0.0,0.0,0.0,0.0,0.0,0.0,0.0,0.0,0.0,0.0,0.0,0.0,0.0,0.0,0.0,0.0,0.0,0.0,0.0,0.0,0.0,False,MAPPED_EXACT,0,50.464,1791339404.690884,nan,nan,nan,nan,nan,nan,nan,nan,nan,nan,nan,nan,nan,nan,nan,nan,nan,nan,nan,nan,nan,nan,nan,nan,nan,nan,nan,nan,nan,nan,nan,nan,nan,nan,nan,nan,nan,nan,nan,nan,nan,nan,nan,nan,nan,nan,nan,True,GEOMETRY_DISABLED,none,MODEL_ORIGIN_FRAME_NOT_ESTABLISHED,nan,nan,nan,nan,nan,nan,nan,nan,nan,nan,nan,nan,nan,NOT_EVALUATED,nan,nan,nan,0.0,BEFORE_HISTORY,nan,nan,nan,nan,nan,nan
0.0,1791339404.769619,1791339404.7923408,1791339404.7923408,front_rgbd_red_sphere,False,False,False,DEPTH_FRAME_UNMATCHED,50.152,50.052,1791339404.4024885,1791339404.769619,1791339373.039771,1791339373.039771,1791339373.039771,0.10000000000000142,1791339372.4717689,1791339373.467773,1791339373.3106868,1791339373.467773,1791339373.314687,1791339373.471771,1791339372.4677722,1791339373.467773,1791339372.4717689,1791339373.471771,1791339354.187771,GAZEBO_CLOCK_SYSTEM_INTERPOLATION,MAPPED_EXACT,0,18.852,1791339373.039771,0.01342320442199707,0.0,RGB,0.0,0,1,0,UNCALIBRATED,PREPARATION,UNKNOWN,TURNING,0.0,0,0.0,nan,nan,nan,nan,False,0.0,0.0,0.0,0.0,0,0,0,0,0,0.0,0.0,0.0,0.0,0.0,0.0,0.0,0.0,0.0,0.0,0.0,0.0,0.0,0.0,0.0,0.0,0.0,0.0,0.0,0.0,0.0,0.0,0.0,0.0,0.0,0.0,0.0,0.0,False,MAPPED_EXACT,0,50.564,1791339404.790872,nan,nan,nan,nan,nan,nan,nan,nan,nan,nan,nan,nan,nan,nan,nan,nan,nan,nan,nan,nan,nan,nan,nan,nan,nan,nan,nan,nan,nan,nan,nan,nan,nan,nan,nan,nan,nan,nan,nan,nan,nan,nan,nan,nan,nan,nan,nan,True,GEOMETRY_DISABLED,none,MODEL_ORIGIN_FRAME_NOT_ESTABLISHED,nan,nan,nan,nan,nan,nan,nan,nan,nan,nan,nan,nan,nan,NOT_EVALUATED,nan,nan,nan,0.0,BEFORE_HISTORY,nan,nan,nan,nan,nan,nan
0.0,1791339405.0564425,1791339405.0923905,1791339405.0923905,front_rgbd_red_sphere,False,False,False,DEPTH_FRAME_UNMATCHED,50.452,50.3,1791339404.7047384,1791339405.0564425,1791339373.039771,1791339373.039771,1791339373.039771,0.15200000000000102,1791339372.4717689,1791339373.467773,1791339373.3106868,1791339373.467773,1791339373.314687,1791339373.471771,1791339372.4677722,1791339373.467773,1791339372.4717689,1791339373.471771,1791339354.187771,GAZEBO_CLOCK_SYSTEM_INTERPOLATION,MAPPED_EXACT,0,18.852,1791339373.039771,0.01342320442199707,0.0,RGB,0.0,0,1,0,UNCALIBRATED,PREPARATION,UNKNOWN,TURNING,0.0,0,0.0,nan,nan,nan,nan,False,0.0,0.0,0.0,0.0,0,0,0,0,0,0.0,0.0,0.0,0.0,0.0,0.0,0.0,0.0,0.0,0.0,0.0,0.0,0.0,0.0,0.0,0.0,0.0,0.0,0.0,0.0,0.0,0.0,0.0,0.0,0.0,0.0,0.0,0.0,False,MAPPED_EXACT,0,50.864,1791339405.0908878,nan,nan,nan,nan,nan,nan,nan,nan,nan,nan,nan,nan,nan,nan,nan,nan,nan,nan,nan,nan,nan,nan,nan,nan,nan,nan,nan,nan,nan,nan,nan,nan,nan,nan,nan,nan,nan,nan,nan,nan,nan,nan,nan,nan,nan,nan,nan,True,GEOMETRY_DISABLED,none,MODEL_ORIGIN_FRAME_NOT_ESTABLISHED,nan,nan,nan,nan,nan,nan,nan,nan,nan,nan,nan,nan,nan,NOT_EVALUATED,nan,nan,nan,0.0,BEFORE_HISTORY,nan,nan,nan,nan,nan,nan
0.0,1791339405.1533573,1791339405.1923525,1791339405.1923525,front_rgbd_red_sphere,False,False,False,DEPTH_FRAME_UNMATCHED,50.552,50.452,1791339404.8107219,1791339405.1533573,1791339373.039771,1791339373.039771,1791339373.039771,0.10000000000000142,1791339372.4717689,1791339373.467773,1791339373.3106868,1791339373.467773,1791339373.314687,1791339373.471771,1791339372.4677722,1791339373.467773,1791339372.4717689,1791339373.471771,1791339354.187771,GAZEBO_CLOCK_SYSTEM_INTERPOLATION,MAPPED_EXACT,0,18.852,1791339373.039771,0.01342320442199707,0.0,RGB,0.0,0,1,0,UNCALIBRATED,PREPARATION,UNKNOWN,TURNING,0.0,0,0.0,nan,nan,nan,nan,False,0.0,0.0,0.0,0.0,0,0,0,0,0,0.0,0.0,0.0,0.0,0.0,0.0,0.0,0.0,0.0,0.0,0.0,0.0,0.0,0.0,0.0,0.0,0.0,0.0,0.0,0.0,0.0,0.0,0.0,0.0,0.0,0.0,0.0,0.0,False,MAPPED_EXACT,0,50.964,1791339405.1908805,nan,nan,nan,nan,nan,nan,nan,nan,nan,nan,nan,nan,nan,nan,nan,nan,nan,nan,nan,nan,nan,nan,nan,nan,nan,nan,nan,nan,nan,nan,nan,nan,nan,nan,nan,nan,nan,nan,nan,nan,nan,nan,nan,nan,nan,nan,nan,True,GEOMETRY_DISABLED,none,MODEL_ORIGIN_FRAME_NOT_ESTABLISHED,nan,nan,nan,nan,nan,nan,nan,nan,nan,nan,nan,nan,nan,NOT_EVALUATED,nan,nan,nan,0.0,BEFORE_HISTORY,nan,nan,nan,nan,nan,nan
0.0,1791339405.260874,1791339405.2923512,1791339405.2923512,front_rgbd_red_sphere,False,False,False,DEPTH_FRAME_UNMATCHED,50.652,50.552,1791339404.8999836,1791339405.260874,1791339373.039771,1791339373.039771,1791339373.039771,0.10000000000000142,1791339372.4717689,1791339373.467773,1791339373.3106868,1791339373.467773,1791339373.314687,1791339373.471771,1791339372.4677722,1791339373.467773,1791339372.4717689,1791339373.471771,1791339354.187771,GAZEBO_CLOCK_SYSTEM_INTERPOLATION,MAPPED_EXACT,0,18.852,1791339373.039771,0.01342320442199707,0.0,RGB,0.0,0,1,0,UNCALIBRATED,PREPARATION,UNKNOWN,TURNING,0.0,0,0.0,nan,nan,nan,nan,False,0.0,0.0,0.0,0.0,0,0,0,0,0,0.0,0.0,0.0,0.0,0.0,0.0,0.0,0.0,0.0,0.0,0.0,0.0,0.0,0.0,0.0,0.0,0.0,0.0,0.0,0.0,0.0,0.0,0.0,0.0,0.0,0.0,0.0,0.0,False,MAPPED_EXACT,0,51.064,1791339405.2908812,nan,nan,nan,nan,nan,nan,nan,nan,nan,nan,nan,nan,nan,nan,nan,nan,nan,nan,nan,nan,nan,nan,nan,nan,nan,nan,nan,nan,nan,nan,nan,nan,nan,nan,nan,nan,nan,nan,nan,nan,nan,nan,nan,nan,nan,nan,nan,True,GEOMETRY_DISABLED,none,MODEL_ORIGIN_FRAME_NOT_ESTABLISHED,nan,nan,nan,nan,nan,nan,nan,nan,nan,nan,nan,nan,nan,NOT_EVALUATED,nan,nan,nan,0.0,BEFORE_HISTORY,nan,nan,nan,nan,nan,nan
0.0,1791339405.3744328,1791339405.3922725,1791339405.3922725,front_rgbd_red_sphere,False,False,False,DEPTH_FRAME_UNMATCHED,50.752,50.652,1791339405.0001514,1791339405.3744328,1791339373.039771,1791339373.039771,1791339373.039771,0.10000000000000142,1791339372.4717689,1791339373.467773,1791339373.3106868,1791339373.467773,1791339373.314687,1791339373.471771,1791339372.4677722,1791339373.467773,1791339372.4717689,1791339373.471771,1791339354.187771,GAZEBO_CLOCK_SYSTEM_INTERPOLATION,MAPPED_EXACT,0,18.852,1791339373.039771,0.01342320442199707,0.0,RGB,0.0,0,1,0,UNCALIBRATED,PREPARATION,UNKNOWN,TURNING,0.0,0,0.0,nan,nan,nan,nan,False,0.0,0.0,0.0,0.0,0,0,0,0,0,0.0,0.0,0.0,0.0,0.0,0.0,0.0,0.0,0.0,0.0,0.0,0.0,0.0,0.0,0.0,0.0,0.0,0.0,0.0,0.0,0.0,0.0,0.0,0.0,0.0,0.0,0.0,0.0,False,MAPPED_EXACT,0,51.164,1791339405.3908823,nan,nan,nan,nan,nan,nan,nan,nan,nan,nan,nan,nan,nan,nan,nan,nan,nan,nan,nan,nan,nan,nan,nan,nan,nan,nan,nan,nan,nan,nan,nan,nan,nan,nan,nan,nan,nan,nan,nan,nan,nan,nan,nan,nan,nan,nan,nan,True,GEOMETRY_DISABLED,none,MODEL_ORIGIN_FRAME_NOT_ESTABLISHED,nan,nan,nan,nan,nan,nan,nan,nan,nan,nan,nan,nan,nan,NOT_EVALUATED,nan,nan,nan,0.0,BEFORE_HISTORY,nan,nan,nan,nan,nan,nan
0.0,1791339405.4566305,1791339405.4923046,1791339405.4923046,front_rgbd_red_sphere,False,False,False,DEPTH_FRAME_UNMATCHED,50.852,50.752,1791339405.1049855,1791339405.4566305,1791339373.039771,1791339373.039771,1791339373.039771,0.09999999999999432,1791339372.4717689,1791339373.467773,1791339373.3106868,1791339373.467773,1791339373.314687,1791339373.471771,1791339372.4677722,1791339373.467773,1791339372.4717689,1791339373.471771,1791339354.187771,GAZEBO_CLOCK_SYSTEM_INTERPOLATION,MAPPED_EXACT,0,18.852,1791339373.039771,0.01342320442199707,0.0,RGB,0.0,0,1,0,UNCALIBRATED,PREPARATION,UNKNOWN,TURNING,0.0,0,0.0,nan,nan,nan,nan,False,0.0,0.0,0.0,0.0,0,0,0,0,0,0.0,0.0,0.0,0.0,0.0,0.0,0.0,0.0,0.0,0.0,0.0,0.0,0.0,0.0,0.0,0.0,0.0,0.0,0.0,0.0,0.0,0.0,0.0,0.0,0.0,0.0,0.0,0.0,False,MAPPED_EXACT,0,51.264,1791339405.4908826,nan,nan,nan,nan,nan,nan,nan,nan,nan,nan,nan,nan,nan,nan,nan,nan,nan,nan,nan,nan,nan,nan,nan,nan,nan,nan,nan,nan,nan,nan,nan,nan,nan,nan,nan,nan,nan,nan,nan,nan,nan,nan,nan,nan,nan,nan,nan,True,GEOMETRY_DISABLED,none,MODEL_ORIGIN_FRAME_NOT_ESTABLISHED,nan,nan,nan,nan,nan,nan,nan,nan,nan,nan,nan,nan,nan,NOT_EVALUATED,nan,nan,nan,0.0,BEFORE_HISTORY,nan,nan,nan,nan,nan,nan
0.0,1791339405.5581956,1791339405.5923057,1791339405.5923057,front_rgbd_red_sphere,False,False,False,DEPTH_FRAME_UNMATCHED,50.952,50.852,1791339405.2025743,1791339405.5581956,1791339373.039771,1791339373.039771,1791339373.039771,0.10000000000000142,1791339372.4717689,1791339373.467773,1791339373.3106868,1791339373.467773,1791339373.314687,1791339373.471771,1791339372.4677722,1791339373.467773,1791339372.4717689,1791339373.471771,1791339354.187771,GAZEBO_CLOCK_SYSTEM_INTERPOLATION,MAPPED_EXACT,0,18.852,1791339373.039771,0.01342320442199707,0.0,RGB,0.0,0,1,0,UNCALIBRATED,PREPARATION,UNKNOWN,TURNING,0.0,0,0.0,nan,nan,nan,nan,False,0.0,0.0,0.0,0.0,0,0,0,0,0,0.0,0.0,0.0,0.0,0.0,0.0,0.0,0.0,0.0,0.0,0.0,0.0,0.0,0.0,0.0,0.0,0.0,0.0,0.0,0.0,0.0,0.0,0.0,0.0,0.0,0.0,0.0,0.0,False,MAPPED_EXACT,0,51.364,1791339405.5908852,nan,nan,nan,nan,nan,nan,nan,nan,nan,nan,nan,nan,nan,nan,nan,nan,nan,nan,nan,nan,nan,nan,nan,nan,nan,nan,nan,nan,nan,nan,nan,nan,nan,nan,nan,nan,nan,nan,nan,nan,nan,nan,nan,nan,nan,nan,nan,True,GEOMETRY_DISABLED,none,MODEL_ORIGIN_FRAME_NOT_ESTABLISHED,nan,nan,nan,nan,nan,nan,nan,nan,nan,nan,nan,nan,nan,NOT_EVALUATED,nan,nan,nan,0.0,BEFORE_HISTORY,nan,nan,nan,nan,nan,nan
0.0,1791339405.6545677,1791339405.69232,1791339405.69232,front_rgbd_red_sphere,False,False,False,DEPTH_FRAME_UNMATCHED,51.052,50.952,1791339405.3123112,1791339405.6545677,1791339373.039771,1791339373.039771,1791339373.039771,0.10000000000000142,1791339372.4717689,1791339373.467773,1791339373.3106868,1791339373.467773,1791339373.314687,1791339373.471771,1791339372.4677722,1791339373.467773,1791339372.4717689,1791339373.471771,1791339354.187771,GAZEBO_CLOCK_SYSTEM_INTERPOLATION,MAPPED_EXACT,0,18.852,1791339373.039771,0.01342320442199707,0.0,RGB,0.0,0,1,0,UNCALIBRATED,PREPARATION,UNKNOWN,TURNING,0.0,0,0.0,nan,nan,nan,nan,False,0.0,0.0,0.0,0.0,0,0,0,0,0,0.0,0.0,0.0,0.0,0.0,0.0,0.0,0.0,0.0,0.0,0.0,0.0,0.0,0.0,0.0,0.0,0.0,0.0,0.0,0.0,0.0,0.0,0.0,0.0,0.0,0.0,0.0,0.0,False,MAPPED_EXACT,0,51.464,1791339405.6908836,nan,nan,nan,nan,nan,nan,nan,nan,nan,nan,nan,nan,nan,nan,nan,nan,nan,nan,nan,nan,nan,nan,nan,nan,nan,nan,nan,nan,nan,nan,nan,nan,nan,nan,nan,nan,nan,nan,nan,nan,nan,nan,nan,nan,nan,nan,nan,True,GEOMETRY_DISABLED,none,MODEL_ORIGIN_FRAME_NOT_ESTABLISHED,nan,nan,nan,nan,nan,nan,nan,nan,nan,nan,nan,nan,nan,NOT_EVALUATED,nan,nan,nan,0.0,BEFORE_HISTORY,nan,nan,nan,nan,nan,nan
0.0,1791339405.8728244,1791339405.8922918,1791339405.8922918,front_rgbd_red_sphere,False,False,False,DEPTH_FRAME_UNMATCHED,51.252,51.152,1791339405.5027885,1791339405.8728244,1791339373.039771,1791339373.039771,1791339373.039771,0.10000000000000142,1791339372.4717689,1791339373.467773,1791339373.3106868,1791339373.467773,1791339373.314687,1791339373.471771,1791339372.4677722,1791339373.467773,1791339372.4717689,1791339373.471771,1791339354.187771,GAZEBO_CLOCK_SYSTEM_INTERPOLATION,MAPPED_EXACT,0,18.852,1791339373.039771,0.01342320442199707,0.0,RGB,0.0,0,1,0,UNCALIBRATED,PREPARATION,UNKNOWN,TURNING,0.0,0,0.0,nan,nan,nan,nan,False,0.0,0.0,0.0,0.0,0,0,0,0,0,0.0,0.0,0.0,0.0,0.0,0.0,0.0,0.0,0.0,0.0,0.0,0.0,0.0,0.0,0.0,0.0,0.0,0.0,0.0,0.0,0.0,0.0,0.0,0.0,0.0,0.0,0.0,0.0,False,MAPPED_EXACT,0,51.664,1791339405.8908796,nan,nan,nan,nan,nan,nan,nan,nan,nan,nan,nan,nan,nan,nan,nan,nan,nan,nan,nan,nan,nan,nan,nan,nan,nan,nan,nan,nan,nan,nan,nan,nan,nan,nan,nan,nan,nan,nan,nan,nan,nan,nan,nan,nan,nan,nan,nan,True,GEOMETRY_DISABLED,none,MODEL_ORIGIN_FRAME_NOT_ESTABLISHED,nan,nan,nan,nan,nan,nan,nan,nan,nan,nan,nan,nan,nan,NOT_EVALUATED,nan,nan,nan,0.0,BEFORE_HISTORY,nan,nan,nan,nan,nan,nan
0.0,1791339406.667415,1791339406.6923487,1791339406.6923487,front_rgbd_red_sphere,False,False,False,DEPTH_FRAME_UNMATCHED,52.052,51.9,1791339406.304587,1791339406.667415,1791339373.039771,1791339373.039771,1791339373.039771,0.15200000000000102,1791339372.4717689,1791339373.467773,1791339373.3106868,1791339373.467773,1791339373.314687,1791339373.471771,1791339372.4677722,1791339373.467773,1791339372.4717689,1791339373.471771,1791339354.187771,GAZEBO_CLOCK_SYSTEM_INTERPOLATION,MAPPED_EXACT,0,18.852,1791339373.039771,0.01342320442199707,0.0,RGB,0.0,0,1,0,UNCALIBRATED,PREPARATION,UNKNOWN,TURNING,0.0,0,0.0,nan,nan,nan,nan,False,0.0,0.0,0.0,0.0,0,0,0,0,0,0.0,0.0,0.0,0.0,0.0,0.0,0.0,0.0,0.0,0.0,0.0,0.0,0.0,0.0,0.0,0.0,0.0,0.0,0.0,0.0,0.0,0.0,0.0,0.0,0.0,0.0,0.0,0.0,False,MAPPED_EXACT,0,52.464,1791339406.6908875,nan,nan,nan,nan,nan,nan,nan,nan,nan,nan,nan,nan,nan,nan,nan,nan,nan,nan,nan,nan,nan,nan,nan,nan,nan,nan,nan,nan,nan,nan,nan,nan,nan,nan,nan,nan,nan,nan,nan,nan,nan,nan,nan,nan,nan,nan,nan,True,GEOMETRY_DISABLED,none,MODEL_ORIGIN_FRAME_NOT_ESTABLISHED,nan,nan,nan,nan,nan,nan,nan,nan,nan,nan,nan,nan,nan,NOT_EVALUATED,nan,nan,nan,0.0,BEFORE_HISTORY,nan,nan,nan,nan,nan,nan
0.0,1791339406.7718732,1791339406.7922964,1791339406.7922964,front_rgbd_red_sphere,False,False,False,DEPTH_FRAME_UNMATCHED,52.152,52.052,1791339406.402198,1791339406.7718732,1791339373.039771,1791339373.039771,1791339373.039771,0.10000000000000142,1791339372.4717689,1791339373.467773,1791339373.3106868,1791339373.467773,1791339373.314687,1791339373.471771,1791339372.4677722,1791339373.467773,1791339372.4717689,1791339373.471771,1791339354.187771,GAZEBO_CLOCK_SYSTEM_INTERPOLATION,MAPPED_EXACT,0,18.852,1791339373.039771,0.01342320442199707,0.0,RGB,0.0,0,1,0,UNCALIBRATED,PREPARATION,UNKNOWN,TURNING,0.0,0,0.0,nan,nan,nan,nan,False,0.0,0.0,0.0,0.0,0,0,0,0,0,0.0,0.0,0.0,0.0,0.0,0.0,0.0,0.0,0.0,0.0,0.0,0.0,0.0,0.0,0.0,0.0,0.0,0.0,0.0,0.0,0.0,0.0,0.0,0.0,0.0,0.0,0.0,0.0,False,MAPPED_EXACT,0,52.564,1791339406.7908843,nan,nan,nan,nan,nan,nan,nan,nan,nan,nan,nan,nan,nan,nan,nan,nan,nan,nan,nan,nan,nan,nan,nan,nan,nan,nan,nan,nan,nan,nan,nan,nan,nan,nan,nan,nan,nan,nan,nan,nan,nan,nan,nan,nan,nan,nan,nan,True,GEOMETRY_DISABLED,none,MODEL_ORIGIN_FRAME_NOT_ESTABLISHED,nan,nan,nan,nan,nan,nan,nan,nan,nan,nan,nan,nan,nan,NOT_EVALUATED,nan,nan,nan,0.0,BEFORE_HISTORY,nan,nan,nan,nan,nan,nan
0.0,1791339406.8693871,1791339406.8923984,1791339406.8923984,front_rgbd_red_sphere,False,False,False,DEPTH_FRAME_UNMATCHED,52.252,52.152,1791339406.5106883,1791339406.8693871,1791339373.039771,1791339373.039771,1791339373.039771,0.10000000000000142,1791339372.4717689,1791339373.467773,1791339373.3106868,1791339373.467773,1791339373.314687,1791339373.471771,1791339372.4677722,1791339373.467773,1791339372.4717689,1791339373.471771,1791339354.187771,GAZEBO_CLOCK_SYSTEM_INTERPOLATION,MAPPED_EXACT,0,18.852,1791339373.039771,0.01342320442199707,0.0,RGB,0.0,0,1,0,UNCALIBRATED,PREPARATION,UNKNOWN,TURNING,0.0,0,0.0,nan,nan,nan,nan,False,0.0,0.0,0.0,0.0,0,0,0,0,0,0.0,0.0,0.0,0.0,0.0,0.0,0.0,0.0,0.0,0.0,0.0,0.0,0.0,0.0,0.0,0.0,0.0,0.0,0.0,0.0,0.0,0.0,0.0,0.0,0.0,0.0,0.0,0.0,False,MAPPED_EXACT,0,52.664,1791339406.8908758,nan,nan,nan,nan,nan,nan,nan,nan,nan,nan,nan,nan,nan,nan,nan,nan,nan,nan,nan,nan,nan,nan,nan,nan,nan,nan,nan,nan,nan,nan,nan,nan,nan,nan,nan,nan,nan,nan,nan,nan,nan,nan,nan,nan,nan,nan,nan,True,GEOMETRY_DISABLED,none,MODEL_ORIGIN_FRAME_NOT_ESTABLISHED,nan,nan,nan,nan,nan,nan,nan,nan,nan,nan,nan,nan,nan,NOT_EVALUATED,nan,nan,nan,0.0,BEFORE_HISTORY,nan,nan,nan,nan,nan,nan
0.0,1791339406.955504,1791339406.9922237,1791339406.9922237,front_rgbd_red_sphere,False,False,False,DEPTH_FRAME_UNMATCHED,52.352,52.252,1791339406.6026053,1791339406.955504,1791339373.039771,1791339373.039771,1791339373.039771,0.09999999999999432,1791339372.4717689,1791339373.467773,1791339373.3106868,1791339373.467773,1791339373.314687,1791339373.471771,1791339372.4677722,1791339373.467773,1791339372.4717689,1791339373.471771,1791339354.187771,GAZEBO_CLOCK_SYSTEM_INTERPOLATION,MAPPED_EXACT,0,18.852,1791339373.039771,0.01342320442199707,0.0,RGB,0.0,0,1,0,UNCALIBRATED,PREPARATION,UNKNOWN,TURNING,0.0,0,0.0,nan,nan,nan,nan,False,0.0,0.0,0.0,0.0,0,0,0,0,0,0.0,0.0,0.0,0.0,0.0,0.0,0.0,0.0,0.0,0.0,0.0,0.0,0.0,0.0,0.0,0.0,0.0,0.0,0.0,0.0,0.0,0.0,0.0,0.0,0.0,0.0,0.0,0.0,False,MAPPED_EXACT,0,52.764,1791339406.990888,nan,nan,nan,nan,nan,nan,nan,nan,nan,nan,nan,nan,nan,nan,nan,nan,nan,nan,nan,nan,nan,nan,nan,nan,nan,nan,nan,nan,nan,nan,nan,nan,nan,nan,nan,nan,nan,nan,nan,nan,nan,nan,nan,nan,nan,nan,nan,True,GEOMETRY_DISABLED,none,MODEL_ORIGIN_FRAME_NOT_ESTABLISHED,nan,nan,nan,nan,nan,nan,nan,nan,nan,nan,nan,nan,nan,NOT_EVALUATED,nan,nan,nan,0.0,BEFORE_HISTORY,nan,nan,nan,nan,nan,nan
0.0,1791339407.381446,1791339407.3922656,1791339407.3922656,front_rgbd_red_sphere,False,False,False,DEPTH_FRAME_UNMATCHED,52.752,52.652,1791339406.998935,1791339407.381446,1791339373.039771,1791339373.039771,1791339373.039771,0.10000000000000142,1791339372.4717689,1791339373.467773,1791339373.3106868,1791339373.467773,1791339373.314687,1791339373.471771,1791339372.4677722,1791339373.467773,1791339372.4717689,1791339373.471771,1791339354.187771,GAZEBO_CLOCK_SYSTEM_INTERPOLATION,MAPPED_EXACT,0,18.852,1791339373.039771,0.01342320442199707,0.0,RGB,0.0,0,1,0,UNCALIBRATED,PREPARATION,UNKNOWN,TURNING,0.0,0,0.0,nan,nan,nan,nan,False,0.0,0.0,0.0,0.0,0,0,0,0,0,0.0,0.0,0.0,0.0,0.0,0.0,0.0,0.0,0.0,0.0,0.0,0.0,0.0,0.0,0.0,0.0,0.0,0.0,0.0,0.0,0.0,0.0,0.0,0.0,0.0,0.0,0.0,0.0,False,MAPPED_EXACT,0,53.164,1791339407.390883,nan,nan,nan,nan,nan,nan,nan,nan,nan,nan,nan,nan,nan,nan,nan,nan,nan,nan,nan,nan,nan,nan,nan,nan,nan,nan,nan,nan,nan,nan,nan,nan,nan,nan,nan,nan,nan,nan,nan,nan,nan,nan,nan,nan,nan,nan,nan,True,GEOMETRY_DISABLED,none,MODEL_ORIGIN_FRAME_NOT_ESTABLISHED,nan,nan,nan,nan,nan,nan,nan,nan,nan,nan,nan,nan,nan,NOT_EVALUATED,nan,nan,nan,0.0,BEFORE_HISTORY,nan,nan,nan,nan,nan,nan
0.0,1791339407.4888763,1791339407.4923232,1791339407.4923232,front_rgbd_red_sphere,False,False,False,DEPTH_FRAME_UNMATCHED,52.852,52.752,1791339407.1068897,1791339407.4888763,1791339373.039771,1791339373.039771,1791339373.039771,0.09999999999999432,1791339372.4717689,1791339373.467773,1791339373.3106868,1791339373.467773,1791339373.314687,1791339373.471771,1791339372.4677722,1791339373.467773,1791339372.4717689,1791339373.471771,1791339354.187771,GAZEBO_CLOCK_SYSTEM_INTERPOLATION,MAPPED_EXACT,0,18.852,1791339373.039771,0.01342320442199707,0.0,RGB,0.0,0,1,0,UNCALIBRATED,PREPARATION,UNKNOWN,TURNING,0.0,0,0.0,nan,nan,nan,nan,False,0.0,0.0,0.0,0.0,0,0,0,0,0,0.0,0.0,0.0,0.0,0.0,0.0,0.0,0.0,0.0,0.0,0.0,0.0,0.0,0.0,0.0,0.0,0.0,0.0,0.0,0.0,0.0,0.0,0.0,0.0,0.0,0.0,0.0,0.0,False,MAPPED_EXACT,0,53.264,1791339407.4908862,nan,nan,nan,nan,nan,nan,nan,nan,nan,nan,nan,nan,nan,nan,nan,nan,nan,nan,nan,nan,nan,nan,nan,nan,nan,nan,nan,nan,nan,nan,nan,nan,nan,nan,nan,nan,nan,nan,nan,nan,nan,nan,nan,nan,nan,nan,nan,True,GEOMETRY_DISABLED,none,MODEL_ORIGIN_FRAME_NOT_ESTABLISHED,nan,nan,nan,nan,nan,nan,nan,nan,nan,nan,nan,nan,nan,NOT_EVALUATED,nan,nan,nan,0.0,BEFORE_HISTORY,nan,nan,nan,nan,nan,nan
0.0,1791339407.8811224,1791339407.8923078,1791339407.8923078,front_rgbd_red_sphere,False,False,False,DEPTH_FRAME_UNMATCHED,53.252,53.152,1791339407.5058296,1791339407.8811224,1791339373.039771,1791339373.039771,1791339373.039771,0.10000000000000142,1791339372.4717689,1791339373.467773,1791339373.3106868,1791339373.467773,1791339373.314687,1791339373.471771,1791339372.4677722,1791339373.467773,1791339372.4717689,1791339373.471771,1791339354.187771,GAZEBO_CLOCK_SYSTEM_INTERPOLATION,MAPPED_EXACT,0,18.852,1791339373.039771,0.01342320442199707,0.0,RGB,0.0,0,1,0,UNCALIBRATED,PREPARATION,UNKNOWN,TURNING,0.0,0,0.0,nan,nan,nan,nan,False,0.0,0.0,0.0,0.0,0,0,0,0,0,0.0,0.0,0.0,0.0,0.0,0.0,0.0,0.0,0.0,0.0,0.0,0.0,0.0,0.0,0.0,0.0,0.0,0.0,0.0,0.0,0.0,0.0,0.0,0.0,0.0,0.0,0.0,0.0,False,CLOCK_REFERENCE_READY,0,53.636,1791339407.8839645,nan,nan,nan,nan,nan,nan,nan,nan,nan,nan,nan,nan,nan,nan,nan,nan,nan,nan,nan,nan,nan,nan,nan,nan,nan,nan,nan,nan,nan,nan,nan,nan,nan,nan,nan,nan,nan,nan,nan,nan,nan,nan,nan,nan,nan,nan,nan,True,GEOMETRY_DISABLED,none,MODEL_ORIGIN_FRAME_NOT_ESTABLISHED,nan,nan,nan,nan,nan,nan,nan,nan,nan,nan,nan,nan,nan,NOT_EVALUATED,nan,nan,nan,0.0,BEFORE_HISTORY,nan,nan,nan,nan,nan,nan
0.0,1791339408.0866244,1791339408.0923991,1791339408.0923991,front_rgbd_red_sphere,False,False,False,DEPTH_FRAME_UNMATCHED,53.452,53.352,1791339407.7132318,1791339408.0866244,1791339373.039771,1791339373.039771,1791339373.039771,0.10000000000000142,1791339372.4717689,1791339373.467773,1791339373.3106868,1791339373.467773,1791339373.314687,1791339373.471771,1791339372.4677722,1791339373.467773,1791339372.4717689,1791339373.471771,1791339354.187771,GAZEBO_CLOCK_SYSTEM_INTERPOLATION,MAPPED_EXACT,0,18.852,1791339373.039771,0.01342320442199707,0.0,RGB,0.0,0,1,0,UNCALIBRATED,PREPARATION,UNKNOWN,TURNING,0.0,0,0.0,nan,nan,nan,nan,False,0.0,0.0,0.0,0.0,0,0,0,0,0,0.0,0.0,0.0,0.0,0.0,0.0,0.0,0.0,0.0,0.0,0.0,0.0,0.0,0.0,0.0,0.0,0.0,0.0,0.0,0.0,0.0,0.0,0.0,0.0,0.0,0.0,0.0,0.0,False,CLOCK_REFERENCE_READY,0,53.836,1791339408.083973,nan,nan,nan,nan,nan,nan,nan,nan,nan,nan,nan,nan,nan,nan,nan,nan,nan,nan,nan,nan,nan,nan,nan,nan,nan,nan,nan,nan,nan,nan,nan,nan,nan,nan,nan,nan,nan,nan,nan,nan,nan,nan,nan,nan,nan,nan,nan,True,GEOMETRY_DISABLED,none,MODEL_ORIGIN_FRAME_NOT_ESTABLISHED,nan,nan,nan,nan,nan,nan,nan,nan,nan,nan,nan,nan,nan,NOT_EVALUATED,nan,nan,nan,0.0,BEFORE_HISTORY,nan,nan,nan,nan,nan,nan
0.0,1791339408.1789992,1791339408.1922657,1791339408.1922657,front_rgbd_red_sphere,False,False,False,DEPTH_FRAME_UNMATCHED,53.552,53.452,1791339407.7964602,1791339408.1789992,1791339373.039771,1791339373.039771,1791339373.039771,0.10000000000000142,1791339372.4717689,1791339373.467773,1791339373.3106868,1791339373.467773,1791339373.314687,1791339373.471771,1791339372.4677722,1791339373.467773,1791339372.4717689,1791339373.471771,1791339354.187771,GAZEBO_CLOCK_SYSTEM_INTERPOLATION,MAPPED_EXACT,0,18.852,1791339373.039771,0.01342320442199707,0.0,RGB,0.0,0,1,0,UNCALIBRATED,PREPARATION,UNKNOWN,TURNING,0.0,0,0.0,nan,nan,nan,nan,False,0.0,0.0,0.0,0.0,0,0,0,0,0,0.0,0.0,0.0,0.0,0.0,0.0,0.0,0.0,0.0,0.0,0.0,0.0,0.0,0.0,0.0,0.0,0.0,0.0,0.0,0.0,0.0,0.0,0.0,0.0,0.0,0.0,0.0,0.0,False,CLOCK_REFERENCE_READY,0,53.936,1791339408.1839767,nan,nan,nan,nan,nan,nan,nan,nan,nan,nan,nan,nan,nan,nan,nan,nan,nan,nan,nan,nan,nan,nan,nan,nan,nan,nan,nan,nan,nan,nan,nan,nan,nan,nan,nan,nan,nan,nan,nan,nan,nan,nan,nan,nan,nan,nan,nan,True,GEOMETRY_DISABLED,none,MODEL_ORIGIN_FRAME_NOT_ESTABLISHED,nan,nan,nan,nan,nan,nan,nan,nan,nan,nan,nan,nan,nan,NOT_EVALUATED,nan,nan,nan,0.0,BEFORE_HISTORY,nan,nan,nan,nan,nan,nan
0.0,1791339408.278501,1791339408.2922947,1791339408.2922947,front_rgbd_red_sphere,False,False,False,DEPTH_FRAME_UNMATCHED,53.652,53.552,1791339407.912839,1791339408.278501,1791339373.039771,1791339373.039771,1791339373.039771,0.10000000000000142,1791339372.4717689,1791339373.467773,1791339373.3106868,1791339373.467773,1791339373.314687,1791339373.471771,1791339372.4677722,1791339373.467773,1791339372.4717689,1791339373.471771,1791339354.187771,GAZEBO_CLOCK_SYSTEM_INTERPOLATION,MAPPED_EXACT,0,18.852,1791339373.039771,0.01342320442199707,0.0,RGB,0.0,0,1,0,UNCALIBRATED,PREPARATION,UNKNOWN,TURNING,0.0,0,0.0,nan,nan,nan,nan,False,0.0,0.0,0.0,0.0,0,0,0,0,0,0.0,0.0,0.0,0.0,0.0,0.0,0.0,0.0,0.0,0.0,0.0,0.0,0.0,0.0,0.0,0.0,0.0,0.0,0.0,0.0,0.0,0.0,0.0,0.0,0.0,0.0,0.0,0.0,False,CLOCK_REFERENCE_READY,0,54.036,1791339408.2839758,nan,nan,nan,nan,nan,nan,nan,nan,nan,nan,nan,nan,nan,nan,nan,nan,nan,nan,nan,nan,nan,nan,nan,nan,nan,nan,nan,nan,nan,nan,nan,nan,nan,nan,nan,nan,nan,nan,nan,nan,nan,nan,nan,nan,nan,nan,nan,True,GEOMETRY_DISABLED,none,MODEL_ORIGIN_FRAME_NOT_ESTABLISHED,nan,nan,nan,nan,nan,nan,nan,nan,nan,nan,nan,nan,nan,NOT_EVALUATED,nan,nan,nan,0.0,BEFORE_HISTORY,nan,nan,nan,nan,nan,nan
0.0,1791339409.689745,1791339409.6921914,1791339409.6921914,front_rgbd_red_sphere,False,False,False,DEPTH_FRAME_UNMATCHED,55.052,54.952,1791339409.315998,1791339409.689745,1791339373.039771,1791339373.039771,1791339373.039771,0.10000000000000142,1791339372.4717689,1791339373.467773,1791339373.3106868,1791339373.467773,1791339373.314687,1791339373.471771,1791339372.4677722,1791339373.467773,1791339372.4717689,1791339373.471771,1791339354.187771,GAZEBO_CLOCK_SYSTEM_INTERPOLATION,MAPPED_EXACT,0,18.852,1791339373.039771,0.01342320442199707,0.0,RGB,0.0,0,1,0,UNCALIBRATED,PREPARATION,UNKNOWN,STRAIGHT,0.0,0,0.0,nan,nan,nan,nan,False,0.0,0.0,0.0,0.0,0,0,0,0,0,0.0,0.0,0.0,0.0,0.0,0.0,0.0,0.0,0.0,0.0,0.0,0.0,0.0,0.0,0.0,0.0,0.0,0.0,0.0,0.0,0.0,0.0,0.0,0.0,0.0,0.0,0.0,0.0,False,CLOCK_REFERENCE_READY,0,55.436,1791339409.6839776,nan,nan,nan,nan,nan,nan,nan,nan,nan,nan,nan,nan,nan,nan,nan,nan,nan,nan,nan,nan,nan,nan,nan,nan,nan,nan,nan,nan,nan,nan,nan,nan,nan,nan,nan,nan,nan,nan,nan,nan,nan,nan,nan,nan,nan,nan,nan,True,GEOMETRY_DISABLED,none,MODEL_ORIGIN_FRAME_NOT_ESTABLISHED,nan,nan,nan,nan,nan,nan,nan,nan,nan,nan,nan,nan,nan,NOT_EVALUATED,nan,nan,nan,0.0,BEFORE_HISTORY,nan,nan,nan,nan,nan,nan
0.0,1791339409.7760088,1791339409.7924128,1791339409.7924128,front_rgbd_red_sphere,False,False,False,DEPTH_FRAME_UNMATCHED,55.152,55.052,1791339409.4261155,1791339409.7760088,1791339373.039771,1791339373.039771,1791339373.039771,0.10000000000000142,1791339372.4717689,1791339373.467773,1791339373.3106868,1791339373.467773,1791339373.314687,1791339373.471771,1791339372.4677722,1791339373.467773,1791339372.4717689,1791339373.471771,1791339354.187771,GAZEBO_CLOCK_SYSTEM_INTERPOLATION,MAPPED_EXACT,0,18.852,1791339373.039771,0.01342320442199707,0.0,RGB,0.0,0,1,0,UNCALIBRATED,PREPARATION,UNKNOWN,STRAIGHT,0.0,0,0.0,nan,nan,nan,nan,False,0.0,0.0,0.0,0.0,0,0,0,0,0,0.0,0.0,0.0,0.0,0.0,0.0,0.0,0.0,0.0,0.0,0.0,0.0,0.0,0.0,0.0,0.0,0.0,0.0,0.0,0.0,0.0,0.0,0.0,0.0,0.0,0.0,0.0,0.0,False,CLOCK_REFERENCE_READY,0,55.536,1791339409.7839777,nan,nan,nan,nan,nan,nan,nan,nan,nan,nan,nan,nan,nan,nan,nan,nan,nan,nan,nan,nan,nan,nan,nan,nan,nan,nan,nan,nan,nan,nan,nan,nan,nan,nan,nan,nan,nan,nan,nan,nan,nan,nan,nan,nan,nan,nan,nan,True,GEOMETRY_DISABLED,none,MODEL_ORIGIN_FRAME_NOT_ESTABLISHED,nan,nan,nan,nan,nan,nan,nan,nan,nan,nan,nan,nan,nan,NOT_EVALUATED,nan,nan,nan,0.0,BEFORE_HISTORY,nan,nan,nan,nan,nan,nan
0.0,1791339410.686461,1791339410.6921835,1791339410.6921835,front_rgbd_red_sphere,False,False,False,DEPTH_FRAME_UNMATCHED,56.052,55.952,1791339410.347375,1791339410.686461,1791339373.039771,1791339373.039771,1791339373.039771,0.10000000000000142,1791339372.4717689,1791339373.467773,1791339373.3106868,1791339373.467773,1791339373.314687,1791339373.471771,1791339372.4677722,1791339373.467773,1791339372.4717689,1791339373.471771,1791339354.187771,GAZEBO_CLOCK_SYSTEM_INTERPOLATION,MAPPED_EXACT,0,18.852,1791339373.039771,0.01342320442199707,0.0,RGB,0.0,0,1,0,UNCALIBRATED,PREPARATION,UNKNOWN,STRAIGHT,0.0,0,0.0,nan,nan,nan,nan,False,0.0,0.0,0.0,0.0,0,0,0,0,0,0.0,0.0,0.0,0.0,0.0,0.0,0.0,0.0,0.0,0.0,0.0,0.0,0.0,0.0,0.0,0.0,0.0,0.0,0.0,0.0,0.0,0.0,0.0,0.0,0.0,0.0,0.0,0.0,False,MAPPED_EXACT,0,56.424,1791339410.6910498,nan,nan,nan,nan,nan,nan,nan,nan,nan,nan,nan,nan,nan,nan,nan,nan,nan,nan,nan,nan,nan,nan,nan,nan,nan,nan,nan,nan,nan,nan,nan,nan,nan,nan,nan,nan,nan,nan,nan,nan,nan,nan,nan,nan,nan,nan,nan,True,GEOMETRY_DISABLED,none,MODEL_ORIGIN_FRAME_NOT_ESTABLISHED,nan,nan,nan,nan,nan,nan,nan,nan,nan,nan,nan,nan,nan,NOT_EVALUATED,nan,nan,nan,0.0,BEFORE_HISTORY,nan,nan,nan,nan,nan,nan
0.0,1791339410.7751617,1791339410.7924323,1791339410.7924323,front_rgbd_red_sphere,False,False,False,DEPTH_FRAME_UNMATCHED,56.1,56.0,1791339410.3825862,1791339410.7751617,1791339373.039771,1791339373.039771,1791339373.039771,0.10000000000000142,1791339372.4717689,1791339373.467773,1791339373.3106868,1791339373.467773,1791339373.314687,1791339373.471771,1791339372.4677722,1791339373.467773,1791339372.4717689,1791339373.471771,1791339354.187771,GAZEBO_CLOCK_SYSTEM_INTERPOLATION,MAPPED_EXACT,0,18.852,1791339373.039771,0.01342320442199707,0.0,RGB,0.0,0,1,0,UNCALIBRATED,PREPARATION,UNKNOWN,STRAIGHT,0.0,0,0.0,nan,nan,nan,nan,False,0.0,0.0,0.0,0.0,0,0,0,0,0,0.0,0.0,0.0,0.0,0.0,0.0,0.0,0.0,0.0,0.0,0.0,0.0,0.0,0.0,0.0,0.0,0.0,0.0,0.0,0.0,0.0,0.0,0.0,0.0,0.0,0.0,0.0,0.0,False,MAPPED_EXACT,0,56.524,1791339410.7910602,nan,nan,nan,nan,nan,nan,nan,nan,nan,nan,nan,nan,nan,nan,nan,nan,nan,nan,nan,nan,nan,nan,nan,nan,nan,nan,nan,nan,nan,nan,nan,nan,nan,nan,nan,nan,nan,nan,nan,nan,nan,nan,nan,nan,nan,nan,nan,True,GEOMETRY_DISABLED,none,MODEL_ORIGIN_FRAME_NOT_ESTABLISHED,nan,nan,nan,nan,nan,nan,nan,nan,nan,nan,nan,nan,nan,NOT_EVALUATED,nan,nan,nan,0.0,BEFORE_HISTORY,nan,nan,nan,nan,nan,nan
0.0,1791339410.86126,1791339410.8922508,1791339410.8922508,front_rgbd_red_sphere,False,False,False,DEPTH_FRAME_UNMATCHED,56.2,56.1,1791339410.4956856,1791339410.86126,1791339373.039771,1791339373.039771,1791339373.039771,0.10000000000000142,1791339372.4717689,1791339373.467773,1791339373.3106868,1791339373.467773,1791339373.314687,1791339373.471771,1791339372.4677722,1791339373.467773,1791339372.4717689,1791339373.471771,1791339354.187771,GAZEBO_CLOCK_SYSTEM_INTERPOLATION,MAPPED_EXACT,0,18.852,1791339373.039771,0.01342320442199707,0.0,RGB,0.0,0,1,0,UNCALIBRATED,PREPARATION,UNKNOWN,STRAIGHT,0.0,0,0.0,nan,nan,nan,nan,False,0.0,0.0,0.0,0.0,0,0,0,0,0,0.0,0.0,0.0,0.0,0.0,0.0,0.0,0.0,0.0,0.0,0.0,0.0,0.0,0.0,0.0,0.0,0.0,0.0,0.0,0.0,0.0,0.0,0.0,0.0,0.0,0.0,0.0,0.0,False,MAPPED_EXACT,0,56.624,1791339410.891067,nan,nan,nan,nan,nan,nan,nan,nan,nan,nan,nan,nan,nan,nan,nan,nan,nan,nan,nan,nan,nan,nan,nan,nan,nan,nan,nan,nan,nan,nan,nan,nan,nan,nan,nan,nan,nan,nan,nan,nan,nan,nan,nan,nan,nan,nan,nan,True,GEOMETRY_DISABLED,none,MODEL_ORIGIN_FRAME_NOT_ESTABLISHED,nan,nan,nan,nan,nan,nan,nan,nan,nan,nan,nan,nan,nan,NOT_EVALUATED,nan,nan,nan,0.0,BEFORE_HISTORY,nan,nan,nan,nan,nan,nan
0.0,1791339411.4762793,1791339411.4923863,1791339411.4923863,front_rgbd_red_sphere,False,False,False,DEPTH_FRAME_UNMATCHED,56.8,56.7,1791339411.0821736,1791339411.4762793,1791339373.039771,1791339373.039771,1791339373.039771,0.09999999999999432,1791339372.4717689,1791339373.467773,1791339373.3106868,1791339373.467773,1791339373.314687,1791339373.471771,1791339372.4677722,1791339373.467773,1791339372.4717689,1791339373.471771,1791339354.187771,GAZEBO_CLOCK_SYSTEM_INTERPOLATION,MAPPED_EXACT,0,18.852,1791339373.039771,0.01342320442199707,0.0,RGB,0.0,0,1,0,UNCALIBRATED,PREPARATION,UNKNOWN,STRAIGHT,0.0,0,0.0,nan,nan,nan,nan,False,0.0,0.0,0.0,0.0,0,0,0,0,0,0.0,0.0,0.0,0.0,0.0,0.0,0.0,0.0,0.0,0.0,0.0,0.0,0.0,0.0,0.0,0.0,0.0,0.0,0.0,0.0,0.0,0.0,0.0,0.0,0.0,0.0,0.0,0.0,False,MAPPED_EXACT,0,57.224,1791339411.4910715,nan,nan,nan,nan,nan,nan,nan,nan,nan,nan,nan,nan,nan,nan,nan,nan,nan,nan,nan,nan,nan,nan,nan,nan,nan,nan,nan,nan,nan,nan,nan,nan,nan,nan,nan,nan,nan,nan,nan,nan,nan,nan,nan,nan,nan,nan,nan,True,GEOMETRY_DISABLED,none,MODEL_ORIGIN_FRAME_NOT_ESTABLISHED,nan,nan,nan,nan,nan,nan,nan,nan,nan,nan,nan,nan,nan,NOT_EVALUATED,nan,nan,nan,0.0,BEFORE_HISTORY,nan,nan,nan,nan,nan,nan
0.0,1791339411.6629088,1791339411.6923742,1791339411.6923742,front_rgbd_red_sphere,False,False,False,DEPTH_FRAME_UNMATCHED,57.0,56.9,1791339411.2956061,1791339411.6629088,1791339373.039771,1791339373.039771,1791339373.039771,0.10000000000000142,1791339372.4717689,1791339373.467773,1791339373.3106868,1791339373.467773,1791339373.314687,1791339373.471771,1791339372.4677722,1791339373.467773,1791339372.4717689,1791339373.471771,1791339354.187771,GAZEBO_CLOCK_SYSTEM_INTERPOLATION,MAPPED_EXACT,0,18.852,1791339373.039771,0.01342320442199707,0.0,RGB,0.0,0,1,0,UNCALIBRATED,PREPARATION,UNKNOWN,STRAIGHT,0.0,0,0.0,nan,nan,nan,nan,False,0.0,0.0,0.0,0.0,0,0,0,0,0,0.0,0.0,0.0,0.0,0.0,0.0,0.0,0.0,0.0,0.0,0.0,0.0,0.0,0.0,0.0,0.0,0.0,0.0,0.0,0.0,0.0,0.0,0.0,0.0,0.0,0.0,0.0,0.0,False,MAPPED_EXACT,0,57.424,1791339411.6910548,nan,nan,nan,nan,nan,nan,nan,nan,nan,nan,nan,nan,nan,nan,nan,nan,nan,nan,nan,nan,nan,nan,nan,nan,nan,nan,nan,nan,nan,nan,nan,nan,nan,nan,nan,nan,nan,nan,nan,nan,nan,nan,nan,nan,nan,nan,nan,True,GEOMETRY_DISABLED,none,MODEL_ORIGIN_FRAME_NOT_ESTABLISHED,nan,nan,nan,nan,nan,nan,nan,nan,nan,nan,nan,nan,nan,NOT_EVALUATED,nan,nan,nan,0.0,BEFORE_HISTORY,nan,nan,nan,nan,nan,nan
0.0,1791339411.7925756,1791339411.793383,1791339411.793383,front_rgbd_red_sphere,False,False,False,DEPTH_FRAME_UNMATCHED,57.1,57.0,1791339411.3857155,1791339411.7925756,1791339373.039771,1791339373.039771,1791339373.039771,0.10000000000000142,1791339372.4717689,1791339373.467773,1791339373.3106868,1791339373.467773,1791339373.314687,1791339373.471771,1791339372.4677722,1791339373.467773,1791339372.4717689,1791339373.471771,1791339354.187771,GAZEBO_CLOCK_SYSTEM_INTERPOLATION,MAPPED_EXACT,0,18.852,1791339373.039771,0.01342320442199707,0.0,RGB,0.0,0,1,0,UNCALIBRATED,PREPARATION,UNKNOWN,STRAIGHT,0.0,0,0.0,nan,nan,nan,nan,False,0.0,0.0,0.0,0.0,0,0,0,0,0,0.0,0.0,0.0,0.0,0.0,0.0,0.0,0.0,0.0,0.0,0.0,0.0,0.0,0.0,0.0,0.0,0.0,0.0,0.0,0.0,0.0,0.0,0.0,0.0,0.0,0.0,0.0,0.0,False,CLOCK_REFERENCE_READY,0,57.52,1791339411.7870586,nan,nan,nan,nan,nan,nan,nan,nan,nan,nan,nan,nan,nan,nan,nan,nan,nan,nan,nan,nan,nan,nan,nan,nan,nan,nan,nan,nan,nan,nan,nan,nan,nan,nan,nan,nan,nan,nan,nan,nan,nan,nan,nan,nan,nan,nan,nan,True,GEOMETRY_DISABLED,none,MODEL_ORIGIN_FRAME_NOT_ESTABLISHED,nan,nan,nan,nan,nan,nan,nan,nan,nan,nan,nan,nan,nan,NOT_EVALUATED,nan,nan,nan,0.0,BEFORE_HISTORY,nan,nan,nan,nan,nan,nan
0.0,1791339412.0880282,1791339412.0922909,1791339412.0922909,front_rgbd_red_sphere,False,False,False,DEPTH_FRAME_UNMATCHED,57.452,57.352,1791339411.7614713,1791339412.0880282,1791339373.039771,1791339373.039771,1791339373.039771,0.10000000000000142,1791339372.4717689,1791339373.467773,1791339373.3106868,1791339373.467773,1791339373.314687,1791339373.471771,1791339372.4677722,1791339373.467773,1791339372.4717689,1791339373.471771,1791339354.187771,GAZEBO_CLOCK_SYSTEM_INTERPOLATION,MAPPED_EXACT,0,18.852,1791339373.039771,0.01342320442199707,0.0,RGB,0.0,0,1,0,UNCALIBRATED,PREPARATION,UNKNOWN,STRAIGHT,0.0,0,0.0,nan,nan,nan,nan,False,0.0,0.0,0.0,0.0,0,0,0,0,0,0.0,0.0,0.0,0.0,0.0,0.0,0.0,0.0,0.0,0.0,0.0,0.0,0.0,0.0,0.0,0.0,0.0,0.0,0.0,0.0,0.0,0.0,0.0,0.0,0.0,0.0,0.0,0.0,False,CLOCK_REFERENCE_READY,0,57.82,1791339412.0870614,nan,nan,nan,nan,nan,nan,nan,nan,nan,nan,nan,nan,nan,nan,nan,nan,nan,nan,nan,nan,nan,nan,nan,nan,nan,nan,nan,nan,nan,nan,nan,nan,nan,nan,nan,nan,nan,nan,nan,nan,nan,nan,nan,nan,nan,nan,nan,True,GEOMETRY_DISABLED,none,MODEL_ORIGIN_FRAME_NOT_ESTABLISHED,nan,nan,nan,nan,nan,nan,nan,nan,nan,nan,nan,nan,nan,NOT_EVALUATED,nan,nan,nan,0.0,BEFORE_HISTORY,nan,nan,nan,nan,nan,nan
0.0,1791339412.68842,1791339412.6921494,1791339412.6921494,front_rgbd_red_sphere,False,False,False,DEPTH_FRAME_UNMATCHED,58.052,57.952,1791339412.3377218,1791339412.68842,1791339373.039771,1791339373.039771,1791339373.039771,0.10000000000000142,1791339372.4717689,1791339373.467773,1791339373.3106868,1791339373.467773,1791339373.314687,1791339373.471771,1791339372.4677722,1791339373.467773,1791339372.4717689,1791339373.471771,1791339354.187771,GAZEBO_CLOCK_SYSTEM_INTERPOLATION,MAPPED_EXACT,0,18.852,1791339373.039771,0.01342320442199707,0.0,RGB,0.0,0,1,0,UNCALIBRATED,PREPARATION,UNKNOWN,STRAIGHT,0.0,0,0.0,nan,nan,nan,nan,False,0.0,0.0,0.0,0.0,0,0,0,0,0,0.0,0.0,0.0,0.0,0.0,0.0,0.0,0.0,0.0,0.0,0.0,0.0,0.0,0.0,0.0,0.0,0.0,0.0,0.0,0.0,0.0,0.0,0.0,0.0,0.0,0.0,0.0,0.0,False,CLOCK_REFERENCE_READY,0,58.42,1791339412.687053,nan,nan,nan,nan,nan,nan,nan,nan,nan,nan,nan,nan,nan,nan,nan,nan,nan,nan,nan,nan,nan,nan,nan,nan,nan,nan,nan,nan,nan,nan,nan,nan,nan,nan,nan,nan,nan,nan,nan,nan,nan,nan,nan,nan,nan,nan,nan,True,GEOMETRY_DISABLED,none,MODEL_ORIGIN_FRAME_NOT_ESTABLISHED,nan,nan,nan,nan,nan,nan,nan,nan,nan,nan,nan,nan,nan,NOT_EVALUATED,nan,nan,nan,0.0,BEFORE_HISTORY,nan,nan,nan,nan,nan,nan
0.0,1791339413.2676802,1791339413.2922351,1791339413.2922351,front_rgbd_red_sphere,False,False,False,DEPTH_FRAME_UNMATCHED,58.6,58.552,1791339412.8835294,1791339413.2676802,1791339373.039771,1791339373.039771,1791339373.039771,0.04800000000000182,1791339372.4717689,1791339373.467773,1791339373.3106868,1791339373.467773,1791339373.314687,1791339373.471771,1791339372.4677722,1791339373.467773,1791339372.4717689,1791339373.471771,1791339354.187771,GAZEBO_CLOCK_SYSTEM_INTERPOLATION,MAPPED_EXACT,0,18.852,1791339373.039771,0.01342320442199707,0.0,RGB,0.0,0,1,0,UNCALIBRATED,PREPARATION,UNKNOWN,STRAIGHT,0.0,0,0.0,nan,nan,nan,nan,False,0.0,0.0,0.0,0.0,0,0,0,0,0,0.0,0.0,0.0,0.0,0.0,0.0,0.0,0.0,0.0,0.0,0.0,0.0,0.0,0.0,0.0,0.0,0.0,0.0,0.0,0.0,0.0,0.0,0.0,0.0,0.0,0.0,0.0,0.0,False,CLOCK_REFERENCE_READY,0,59.02,1791339413.2870376,nan,nan,nan,nan,nan,nan,nan,nan,nan,nan,nan,nan,nan,nan,nan,nan,nan,nan,nan,nan,nan,nan,nan,nan,nan,nan,nan,nan,nan,nan,nan,nan,nan,nan,nan,nan,nan,nan,nan,nan,nan,nan,nan,nan,nan,nan,nan,True,GEOMETRY_DISABLED,none,MODEL_ORIGIN_FRAME_NOT_ESTABLISHED,nan,nan,nan,nan,nan,nan,nan,nan,nan,nan,nan,nan,nan,NOT_EVALUATED,nan,nan,nan,0.0,BEFORE_HISTORY,nan,nan,nan,nan,nan,nan
0.0,1791339413.3617663,1791339413.392401,1791339413.392401,front_rgbd_red_sphere,False,False,False,DEPTH_FRAME_UNMATCHED,58.7,58.6,1791339412.9944227,1791339413.3617663,1791339373.039771,1791339373.039771,1791339373.039771,0.10000000000000142,1791339372.4717689,1791339373.467773,1791339373.3106868,1791339373.467773,1791339373.314687,1791339373.471771,1791339372.4677722,1791339373.467773,1791339372.4717689,1791339373.471771,1791339354.187771,GAZEBO_CLOCK_SYSTEM_INTERPOLATION,MAPPED_EXACT,0,18.852,1791339373.039771,0.01342320442199707,0.0,RGB,0.0,0,1,0,UNCALIBRATED,PREPARATION,UNKNOWN,STRAIGHT,0.0,0,0.0,nan,nan,nan,nan,False,0.0,0.0,0.0,0.0,0,0,0,0,0,0.0,0.0,0.0,0.0,0.0,0.0,0.0,0.0,0.0,0.0,0.0,0.0,0.0,0.0,0.0,0.0,0.0,0.0,0.0,0.0,0.0,0.0,0.0,0.0,0.0,0.0,0.0,0.0,False,CLOCK_REFERENCE_READY,0,59.12,1791339413.3870409,nan,nan,nan,nan,nan,nan,nan,nan,nan,nan,nan,nan,nan,nan,nan,nan,nan,nan,nan,nan,nan,nan,nan,nan,nan,nan,nan,nan,nan,nan,nan,nan,nan,nan,nan,nan,nan,nan,nan,nan,nan,nan,nan,nan,nan,nan,nan,True,GEOMETRY_DISABLED,none,MODEL_ORIGIN_FRAME_NOT_ESTABLISHED,nan,nan,nan,nan,nan,nan,nan,nan,nan,nan,nan,nan,nan,NOT_EVALUATED,nan,nan,nan,0.0,BEFORE_HISTORY,nan,nan,nan,nan,nan,nan
0.0,1791339414.9604607,1791339414.9922185,1791339414.9922185,front_rgbd_red_sphere,False,False,False,DEPTH_FRAME_UNMATCHED,60.3,60.2,1791339414.5830498,1791339414.9604607,1791339373.039771,1791339373.039771,1791339373.039771,0.09999999999999432,1791339372.4717689,1791339373.467773,1791339373.3106868,1791339373.467773,1791339373.314687,1791339373.471771,1791339372.4677722,1791339373.467773,1791339372.4717689,1791339373.471771,1791339354.187771,GAZEBO_CLOCK_SYSTEM_INTERPOLATION,MAPPED_EXACT,0,18.852,1791339373.039771,0.01342320442199707,0.0,RGB,0.0,0,1,0,UNCALIBRATED,PREPARATION,UNKNOWN,STRAIGHT,0.0,0,0.0,nan,nan,nan,nan,False,0.0,0.0,0.0,0.0,0,0,0,0,0,0.0,0.0,0.0,0.0,0.0,0.0,0.0,0.0,0.0,0.0,0.0,0.0,0.0,0.0,0.0,0.0,0.0,0.0,0.0,0.0,0.0,0.0,0.0,0.0,0.0,0.0,0.0,0.0,False,CLOCK_REFERENCE_READY,0,60.716,1791339414.9830573,nan,nan,nan,nan,nan,nan,nan,nan,nan,nan,nan,nan,nan,nan,nan,nan,nan,nan,nan,nan,nan,nan,nan,nan,nan,nan,nan,nan,nan,nan,nan,nan,nan,nan,nan,nan,nan,nan,nan,nan,nan,nan,nan,nan,nan,nan,nan,True,GEOMETRY_DISABLED,none,MODEL_ORIGIN_FRAME_NOT_ESTABLISHED,nan,nan,nan,nan,nan,nan,nan,nan,nan,nan,nan,nan,nan,NOT_EVALUATED,nan,nan,nan,0.0,BEFORE_HISTORY,nan,nan,nan,nan,nan,nan
0.0,1791339416.5885758,1791339416.592194,1791339416.592194,front_rgbd_red_sphere,False,False,False,DEPTH_FRAME_UNMATCHED,61.952,61.852,1791339416.2417228,1791339416.5885758,1791339373.039771,1791339373.039771,1791339373.039771,0.10000000000000142,1791339372.4717689,1791339373.467773,1791339373.3106868,1791339373.467773,1791339373.314687,1791339373.471771,1791339372.4677722,1791339373.467773,1791339372.4717689,1791339373.471771,1791339354.187771,GAZEBO_CLOCK_SYSTEM_INTERPOLATION,MAPPED_EXACT,0,18.852,1791339373.039771,0.01342320442199707,0.0,RGB,0.0,0,1,0,UNCALIBRATED,PREPARATION,UNKNOWN,STRAIGHT,0.0,0,0.0,nan,nan,nan,nan,False,0.0,0.0,0.0,0.0,0,0,0,0,0,0.0,0.0,0.0,0.0,0.0,0.0,0.0,0.0,0.0,0.0,0.0,0.0,0.0,0.0,0.0,0.0,0.0,0.0,0.0,0.0,0.0,0.0,0.0,0.0,0.0,0.0,0.0,0.0,False,CLOCK_REFERENCE_READY,0,62.312,1791339416.5790503,nan,nan,nan,nan,nan,nan,nan,nan,nan,nan,nan,nan,nan,nan,nan,nan,nan,nan,nan,nan,nan,nan,nan,nan,nan,nan,nan,nan,nan,nan,nan,nan,nan,nan,nan,nan,nan,nan,nan,nan,nan,nan,nan,nan,nan,nan,nan,True,GEOMETRY_DISABLED,none,MODEL_ORIGIN_FRAME_NOT_ESTABLISHED,nan,nan,nan,nan,nan,nan,nan,nan,nan,nan,nan,nan,nan,NOT_EVALUATED,nan,nan,nan,0.0,BEFORE_HISTORY,nan,nan,nan,nan,nan,nan
0.0,1791339416.8898516,1791339416.8923028,1791339416.8923028,front_rgbd_red_sphere,False,False,False,DEPTH_FRAME_UNMATCHED,62.252,62.152,1791339416.5449312,1791339416.8898516,1791339373.039771,1791339373.039771,1791339373.039771,0.10000000000000142,1791339372.4717689,1791339373.467773,1791339373.3106868,1791339373.467773,1791339373.314687,1791339373.471771,1791339372.4677722,1791339373.467773,1791339372.4717689,1791339373.471771,1791339354.187771,GAZEBO_CLOCK_SYSTEM_INTERPOLATION,MAPPED_EXACT,0,18.852,1791339373.039771,0.01342320442199707,0.0,RGB,0.0,0,1,0,UNCALIBRATED,PREPARATION,UNKNOWN,STRAIGHT,0.0,0,0.0,nan,nan,nan,nan,False,0.0,0.0,0.0,0.0,0,0,0,0,0,0.0,0.0,0.0,0.0,0.0,0.0,0.0,0.0,0.0,0.0,0.0,0.0,0.0,0.0,0.0,0.0,0.0,0.0,0.0,0.0,0.0,0.0,0.0,0.0,0.0,0.0,0.0,0.0,False,CLOCK_REFERENCE_READY,0,62.612,1791339416.8790545,nan,nan,nan,nan,nan,nan,nan,nan,nan,nan,nan,nan,nan,nan,nan,nan,nan,nan,nan,nan,nan,nan,nan,nan,nan,nan,nan,nan,nan,nan,nan,nan,nan,nan,nan,nan,nan,nan,nan,nan,nan,nan,nan,nan,nan,nan,nan,True,GEOMETRY_DISABLED,none,MODEL_ORIGIN_FRAME_NOT_ESTABLISHED,nan,nan,nan,nan,nan,nan,nan,nan,nan,nan,nan,nan,nan,NOT_EVALUATED,nan,nan,nan,0.0,BEFORE_HISTORY,nan,nan,nan,nan,nan,nan
0.0,1791339417.3912961,1791339417.3921213,1791339417.3921213,front_rgbd_red_sphere,False,False,False,DEPTH_FRAME_UNMATCHED,62.752,62.652,1791339417.0392663,1791339417.3912961,1791339373.039771,1791339373.039771,1791339373.039771,0.10000000000000142,1791339372.4717689,1791339373.467773,1791339373.3106868,1791339373.467773,1791339373.314687,1791339373.471771,1791339372.4677722,1791339373.467773,1791339372.4717689,1791339373.471771,1791339354.187771,GAZEBO_CLOCK_SYSTEM_INTERPOLATION,MAPPED_EXACT,0,18.852,1791339373.039771,0.01342320442199707,0.0,RGB,0.0,0,1,0,UNCALIBRATED,PREPARATION,UNKNOWN,STRAIGHT,0.0,0,0.0,nan,nan,nan,nan,False,0.0,0.0,0.0,0.0,0,0,0,0,0,0.0,0.0,0.0,0.0,0.0,0.0,0.0,0.0,0.0,0.0,0.0,0.0,0.0,0.0,0.0,0.0,0.0,0.0,0.0,0.0,0.0,0.0,0.0,0.0,0.0,0.0,0.0,0.0,False,CLOCK_REFERENCE_READY,0,63.108,1791339417.3750572,nan,nan,nan,nan,nan,nan,nan,nan,nan,nan,nan,nan,nan,nan,nan,nan,nan,nan,nan,nan,nan,nan,nan,nan,nan,nan,nan,nan,nan,nan,nan,nan,nan,nan,nan,nan,nan,nan,nan,nan,nan,nan,nan,nan,nan,nan,nan,True,GEOMETRY_DISABLED,none,MODEL_ORIGIN_FRAME_NOT_ESTABLISHED,nan,nan,nan,nan,nan,nan,nan,nan,nan,nan,nan,nan,nan,NOT_EVALUATED,nan,nan,nan,0.0,BEFORE_HISTORY,nan,nan,nan,nan,nan,nan
0.0,1791339417.4920287,1791339417.4924083,1791339417.4924083,front_rgbd_red_sphere,False,False,False,DEPTH_FRAME_UNMATCHED,62.852,62.752,1791339417.1383052,1791339417.4920287,1791339373.039771,1791339373.039771,1791339373.039771,0.09999999999999432,1791339372.4717689,1791339373.467773,1791339373.3106868,1791339373.467773,1791339373.314687,1791339373.471771,1791339372.4677722,1791339373.467773,1791339372.4717689,1791339373.471771,1791339354.187771,GAZEBO_CLOCK_SYSTEM_INTERPOLATION,MAPPED_EXACT,0,18.852,1791339373.039771,0.01342320442199707,0.0,RGB,0.0,0,1,0,UNCALIBRATED,PREPARATION,UNKNOWN,STRAIGHT,0.0,0,0.0,nan,nan,nan,nan,False,0.0,0.0,0.0,0.0,0,0,0,0,0,0.0,0.0,0.0,0.0,0.0,0.0,0.0,0.0,0.0,0.0,0.0,0.0,0.0,0.0,0.0,0.0,0.0,0.0,0.0,0.0,0.0,0.0,0.0,0.0,0.0,0.0,0.0,0.0,False,CLOCK_REFERENCE_READY,0,63.208,1791339417.475049,nan,nan,nan,nan,nan,nan,nan,nan,nan,nan,nan,nan,nan,nan,nan,nan,nan,nan,nan,nan,nan,nan,nan,nan,nan,nan,nan,nan,nan,nan,nan,nan,nan,nan,nan,nan,nan,nan,nan,nan,nan,nan,nan,nan,nan,nan,nan,True,GEOMETRY_DISABLED,none,MODEL_ORIGIN_FRAME_NOT_ESTABLISHED,nan,nan,nan,nan,nan,nan,nan,nan,nan,nan,nan,nan,nan,NOT_EVALUATED,nan,nan,nan,0.0,BEFORE_HISTORY,nan,nan,nan,nan,nan,nan
0.0,1791339417.6865458,1791339417.692255,1791339417.692255,front_rgbd_red_sphere,False,False,False,DEPTH_FRAME_UNMATCHED,63.0,62.952,1791339417.2944098,1791339417.6865458,1791339373.039771,1791339373.039771,1791339373.039771,0.04800000000000182,1791339372.4717689,1791339373.467773,1791339373.3106868,1791339373.467773,1791339373.314687,1791339373.471771,1791339372.4677722,1791339373.467773,1791339372.4717689,1791339373.471771,1791339354.187771,GAZEBO_CLOCK_SYSTEM_INTERPOLATION,MAPPED_EXACT,0,18.852,1791339373.039771,0.01342320442199707,0.0,RGB,0.0,0,1,0,UNCALIBRATED,PREPARATION,UNKNOWN,STRAIGHT,0.0,0,0.0,nan,nan,nan,nan,False,0.0,0.0,0.0,0.0,0,0,0,0,0,0.0,0.0,0.0,0.0,0.0,0.0,0.0,0.0,0.0,0.0,0.0,0.0,0.0,0.0,0.0,0.0,0.0,0.0,0.0,0.0,0.0,0.0,0.0,0.0,0.0,0.0,0.0,0.0,False,CLOCK_REFERENCE_READY,0,63.408,1791339417.6750526,nan,nan,nan,nan,nan,nan,nan,nan,nan,nan,nan,nan,nan,nan,nan,nan,nan,nan,nan,nan,nan,nan,nan,nan,nan,nan,nan,nan,nan,nan,nan,nan,nan,nan,nan,nan,nan,nan,nan,nan,nan,nan,nan,nan,nan,nan,nan,True,GEOMETRY_DISABLED,none,MODEL_ORIGIN_FRAME_NOT_ESTABLISHED,nan,nan,nan,nan,nan,nan,nan,nan,nan,nan,nan,nan,nan,NOT_EVALUATED,nan,nan,nan,0.0,BEFORE_HISTORY,nan,nan,nan,nan,nan,nan
0.0,1791339417.8668208,1791339417.8922591,1791339417.8922591,front_rgbd_red_sphere,False,False,False,DEPTH_FRAME_UNMATCHED,63.2,63.1,1791339417.4870489,1791339417.8668208,1791339373.039771,1791339373.039771,1791339373.039771,0.10000000000000142,1791339372.4717689,1791339373.467773,1791339373.3106868,1791339373.467773,1791339373.314687,1791339373.471771,1791339372.4677722,1791339373.467773,1791339372.4717689,1791339373.471771,1791339354.187771,GAZEBO_CLOCK_SYSTEM_INTERPOLATION,MAPPED_EXACT,0,18.852,1791339373.039771,0.01342320442199707,0.0,RGB,0.0,0,1,0,UNCALIBRATED,PREPARATION,UNKNOWN,STRAIGHT,0.0,0,0.0,nan,nan,nan,nan,False,0.0,0.0,0.0,0.0,0,0,0,0,0,0.0,0.0,0.0,0.0,0.0,0.0,0.0,0.0,0.0,0.0,0.0,0.0,0.0,0.0,0.0,0.0,0.0,0.0,0.0,0.0,0.0,0.0,0.0,0.0,0.0,0.0,0.0,0.0,False,CLOCK_REFERENCE_READY,0,63.608,1791339417.8750525,nan,nan,nan,nan,nan,nan,nan,nan,nan,nan,nan,nan,nan,nan,nan,nan,nan,nan,nan,nan,nan,nan,nan,nan,nan,nan,nan,nan,nan,nan,nan,nan,nan,nan,nan,nan,nan,nan,nan,nan,nan,nan,nan,nan,nan,nan,nan,True,GEOMETRY_DISABLED,none,MODEL_ORIGIN_FRAME_NOT_ESTABLISHED,nan,nan,nan,nan,nan,nan,nan,nan,nan,nan,nan,nan,nan,NOT_EVALUATED,nan,nan,nan,0.0,BEFORE_HISTORY,nan,nan,nan,nan,nan,nan
0.0,1791339418.5426855,1791339418.5922346,1791339418.5922346,front_rgbd_red_sphere,False,False,False,DEPTH_FRAME_UNMATCHED,63.9,63.752,1791339418.1853285,1791339418.5426855,1791339373.039771,1791339373.039771,1791339373.039771,0.14799999999999613,1791339372.4717689,1791339373.467773,1791339373.3106868,1791339373.467773,1791339373.314687,1791339373.471771,1791339372.4677722,1791339373.467773,1791339372.4717689,1791339373.471771,1791339354.187771,GAZEBO_CLOCK_SYSTEM_INTERPOLATION,MAPPED_EXACT,0,18.852,1791339373.039771,0.01342320442199707,0.0,RGB,0.0,0,1,0,UNCALIBRATED,PREPARATION,UNKNOWN,STRAIGHT,0.0,0,0.0,nan,nan,nan,nan,False,0.0,0.0,0.0,0.0,0,0,0,0,0,0.0,0.0,0.0,0.0,0.0,0.0,0.0,0.0,0.0,0.0,0.0,0.0,0.0,0.0,0.0,0.0,0.0,0.0,0.0,0.0,0.0,0.0,0.0,0.0,0.0,0.0,0.0,0.0,False,CLOCK_REFERENCE_READY,0,64.308,1791339418.5750525,nan,nan,nan,nan,nan,nan,nan,nan,nan,nan,nan,nan,nan,nan,nan,nan,nan,nan,nan,nan,nan,nan,nan,nan,nan,nan,nan,nan,nan,nan,nan,nan,nan,nan,nan,nan,nan,nan,nan,nan,nan,nan,nan,nan,nan,nan,nan,True,GEOMETRY_DISABLED,none,MODEL_ORIGIN_FRAME_NOT_ESTABLISHED,nan,nan,nan,nan,nan,nan,nan,nan,nan,nan,nan,nan,nan,NOT_EVALUATED,nan,nan,nan,0.0,BEFORE_HISTORY,nan,nan,nan,nan,nan,nan
0.0,1791339418.7526116,1791339418.7922866,1791339418.7922866,front_rgbd_red_sphere,False,False,False,DEPTH_FRAME_UNMATCHED,64.1,63.952,1791339418.388282,1791339418.7526116,1791339373.039771,1791339373.039771,1791339373.039771,0.14799999999999613,1791339372.4717689,1791339373.467773,1791339373.3106868,1791339373.467773,1791339373.314687,1791339373.471771,1791339372.4677722,1791339373.467773,1791339372.4717689,1791339373.471771,1791339354.187771,GAZEBO_CLOCK_SYSTEM_INTERPOLATION,MAPPED_EXACT,0,18.852,1791339373.039771,0.01342320442199707,0.0,RGB,0.0,0,1,0,UNCALIBRATED,PREPARATION,UNKNOWN,STRAIGHT,0.0,0,0.0,nan,nan,nan,nan,False,0.0,0.0,0.0,0.0,0,0,0,0,0,0.0,0.0,0.0,0.0,0.0,0.0,0.0,0.0,0.0,0.0,0.0,0.0,0.0,0.0,0.0,0.0,0.0,0.0,0.0,0.0,0.0,0.0,0.0,0.0,0.0,0.0,0.0,0.0,False,CLOCK_REFERENCE_READY,0,64.508,1791339418.7750468,nan,nan,nan,nan,nan,nan,nan,nan,nan,nan,nan,nan,nan,nan,nan,nan,nan,nan,nan,nan,nan,nan,nan,nan,nan,nan,nan,nan,nan,nan,nan,nan,nan,nan,nan,nan,nan,nan,nan,nan,nan,nan,nan,nan,nan,nan,nan,True,GEOMETRY_DISABLED,none,MODEL_ORIGIN_FRAME_NOT_ESTABLISHED,nan,nan,nan,nan,nan,nan,nan,nan,nan,nan,nan,nan,nan,NOT_EVALUATED,nan,nan,nan,0.0,BEFORE_HISTORY,nan,nan,nan,nan,nan,nan
0.0,1791339418.944857,1791339418.9923158,1791339418.9923158,front_rgbd_red_sphere,False,False,False,DEPTH_FRAME_UNMATCHED,64.3,64.2,1791339418.5955946,1791339418.944857,1791339373.039771,1791339373.039771,1791339373.039771,0.09999999999999432,1791339372.4717689,1791339373.467773,1791339373.3106868,1791339373.467773,1791339373.314687,1791339373.471771,1791339372.4677722,1791339373.467773,1791339372.4717689,1791339373.471771,1791339354.187771,GAZEBO_CLOCK_SYSTEM_INTERPOLATION,MAPPED_EXACT,0,18.852,1791339373.039771,0.01342320442199707,0.0,RGB,0.0,0,1,0,UNCALIBRATED,PREPARATION,UNKNOWN,STRAIGHT,0.0,0,0.0,nan,nan,nan,nan,False,0.0,0.0,0.0,0.0,0,0,0,0,0,0.0,0.0,0.0,0.0,0.0,0.0,0.0,0.0,0.0,0.0,0.0,0.0,0.0,0.0,0.0,0.0,0.0,0.0,0.0,0.0,0.0,0.0,0.0,0.0,0.0,0.0,0.0,0.0,False,CLOCK_REFERENCE_READY,0,64.708,1791339418.9750514,nan,nan,nan,nan,nan,nan,nan,nan,nan,nan,nan,nan,nan,nan,nan,nan,nan,nan,nan,nan,nan,nan,nan,nan,nan,nan,nan,nan,nan,nan,nan,nan,nan,nan,nan,nan,nan,nan,nan,nan,nan,nan,nan,nan,nan,nan,nan,True,GEOMETRY_DISABLED,none,MODEL_ORIGIN_FRAME_NOT_ESTABLISHED,nan,nan,nan,nan,nan,nan,nan,nan,nan,nan,nan,nan,nan,NOT_EVALUATED,nan,nan,nan,0.0,BEFORE_HISTORY,nan,nan,nan,nan,nan,nan
0.0,1791339419.4413486,1791339419.4923673,1791339419.4923673,front_rgbd_red_sphere,False,False,False,DEPTH_FRAME_UNMATCHED,64.8,64.7,1791339419.086869,1791339419.4413486,1791339373.039771,1791339373.039771,1791339373.039771,0.09999999999999432,1791339372.4717689,1791339373.467773,1791339373.3106868,1791339373.467773,1791339373.314687,1791339373.471771,1791339372.4677722,1791339373.467773,1791339372.4717689,1791339373.471771,1791339354.187771,GAZEBO_CLOCK_SYSTEM_INTERPOLATION,MAPPED_EXACT,0,18.852,1791339373.039771,0.01342320442199707,0.0,RGB,0.0,0,1,0,UNCALIBRATED,PREPARATION,UNKNOWN,STRAIGHT,0.0,0,0.0,nan,nan,nan,nan,False,0.0,0.0,0.0,0.0,0,0,0,0,0,0.0,0.0,0.0,0.0,0.0,0.0,0.0,0.0,0.0,0.0,0.0,0.0,0.0,0.0,0.0,0.0,0.0,0.0,0.0,0.0,0.0,0.0,0.0,0.0,0.0,0.0,0.0,0.0,False,CLOCK_REFERENCE_READY,0,65.208,1791339419.4750538,nan,nan,nan,nan,nan,nan,nan,nan,nan,nan,nan,nan,nan,nan,nan,nan,nan,nan,nan,nan,nan,nan,nan,nan,nan,nan,nan,nan,nan,nan,nan,nan,nan,nan,nan,nan,nan,nan,nan,nan,nan,nan,nan,nan,nan,nan,nan,True,GEOMETRY_DISABLED,none,MODEL_ORIGIN_FRAME_NOT_ESTABLISHED,nan,nan,nan,nan,nan,nan,nan,nan,nan,nan,nan,nan,nan,NOT_EVALUATED,nan,nan,nan,0.0,BEFORE_HISTORY,nan,nan,nan,nan,nan,nan
0.0,1791339419.649556,1791339419.6923993,1791339419.6923993,front_rgbd_red_sphere,False,False,False,DEPTH_FRAME_UNMATCHED,65.0,64.852,1791339419.2840781,1791339419.649556,1791339373.039771,1791339373.039771,1791339373.039771,0.14799999999999613,1791339372.4717689,1791339373.467773,1791339373.3106868,1791339373.467773,1791339373.314687,1791339373.471771,1791339372.4677722,1791339373.467773,1791339372.4717689,1791339373.471771,1791339354.187771,GAZEBO_CLOCK_SYSTEM_INTERPOLATION,MAPPED_EXACT,0,18.852,1791339373.039771,0.01342320442199707,0.0,RGB,0.0,0,1,0,UNCALIBRATED,PREPARATION,UNKNOWN,STRAIGHT,0.0,0,0.0,nan,nan,nan,nan,False,0.0,0.0,0.0,0.0,0,0,0,0,0,0.0,0.0,0.0,0.0,0.0,0.0,0.0,0.0,0.0,0.0,0.0,0.0,0.0,0.0,0.0,0.0,0.0,0.0,0.0,0.0,0.0,0.0,0.0,0.0,0.0,0.0,0.0,0.0,False,MAPPED_EXACT,0,65.424,1791339419.6910632,nan,nan,nan,nan,nan,nan,nan,nan,nan,nan,nan,nan,nan,nan,nan,nan,nan,nan,nan,nan,nan,nan,nan,nan,nan,nan,nan,nan,nan,nan,nan,nan,nan,nan,nan,nan,nan,nan,nan,nan,nan,nan,nan,nan,nan,nan,nan,True,GEOMETRY_DISABLED,none,MODEL_ORIGIN_FRAME_NOT_ESTABLISHED,nan,nan,nan,nan,nan,nan,nan,nan,nan,nan,nan,nan,nan,NOT_EVALUATED,nan,nan,nan,0.0,BEFORE_HISTORY,nan,nan,nan,nan,nan,nan
0.0,1791339420.8584604,1791339420.892278,1791339420.892278,front_rgbd_red_sphere,False,False,False,DEPTH_FRAME_UNMATCHED,66.2,66.1,1791339420.4887345,1791339420.8584604,1791339373.039771,1791339373.039771,1791339373.039771,0.10000000000000853,1791339372.4717689,1791339373.467773,1791339373.3106868,1791339373.467773,1791339373.314687,1791339373.471771,1791339372.4677722,1791339373.467773,1791339372.4717689,1791339373.471771,1791339354.187771,GAZEBO_CLOCK_SYSTEM_INTERPOLATION,MAPPED_EXACT,0,18.852,1791339373.039771,0.01342320442199707,0.0,RGB,0.0,0,1,0,UNCALIBRATED,PREPARATION,UNKNOWN,STRAIGHT,0.0,0,0.0,nan,nan,nan,nan,False,0.0,0.0,0.0,0.0,0,0,0,0,0,0.0,0.0,0.0,0.0,0.0,0.0,0.0,0.0,0.0,0.0,0.0,0.0,0.0,0.0,0.0,0.0,0.0,0.0,0.0,0.0,0.0,0.0,0.0,0.0,0.0,0.0,0.0,0.0,False,MAPPED_EXACT,0,66.624,1791339420.8910463,nan,nan,nan,nan,nan,nan,nan,nan,nan,nan,nan,nan,nan,nan,nan,nan,nan,nan,nan,nan,nan,nan,nan,nan,nan,nan,nan,nan,nan,nan,nan,nan,nan,nan,nan,nan,nan,nan,nan,nan,nan,nan,nan,nan,nan,nan,nan,True,GEOMETRY_DISABLED,none,MODEL_ORIGIN_FRAME_NOT_ESTABLISHED,nan,nan,nan,nan,nan,nan,nan,nan,nan,nan,nan,nan,nan,NOT_EVALUATED,nan,nan,nan,0.0,BEFORE_HISTORY,nan,nan,nan,nan,nan,nan
0.0,1791339420.9409547,1791339420.992258,1791339420.992258,front_rgbd_red_sphere,False,False,False,DEPTH_FRAME_UNMATCHED,66.3,66.2,1791339420.584255,1791339420.9409547,1791339373.039771,1791339373.039771,1791339373.039771,0.09999999999999432,1791339372.4717689,1791339373.467773,1791339373.3106868,1791339373.467773,1791339373.314687,1791339373.471771,1791339372.4677722,1791339373.467773,1791339372.4717689,1791339373.471771,1791339354.187771,GAZEBO_CLOCK_SYSTEM_INTERPOLATION,MAPPED_EXACT,0,18.852,1791339373.039771,0.01342320442199707,0.0,RGB,0.0,0,1,0,UNCALIBRATED,PREPARATION,UNKNOWN,STRAIGHT,0.0,0,0.0,nan,nan,nan,nan,False,0.0,0.0,0.0,0.0,0,0,0,0,0,0.0,0.0,0.0,0.0,0.0,0.0,0.0,0.0,0.0,0.0,0.0,0.0,0.0,0.0,0.0,0.0,0.0,0.0,0.0,0.0,0.0,0.0,0.0,0.0,0.0,0.0,0.0,0.0,False,MAPPED_EXACT,0,66.724,1791339420.9910455,nan,nan,nan,nan,nan,nan,nan,nan,nan,nan,nan,nan,nan,nan,nan,nan,nan,nan,nan,nan,nan,nan,nan,nan,nan,nan,nan,nan,nan,nan,nan,nan,nan,nan,nan,nan,nan,nan,nan,nan,nan,nan,nan,nan,nan,nan,nan,True,GEOMETRY_DISABLED,none,MODEL_ORIGIN_FRAME_NOT_ESTABLISHED,nan,nan,nan,nan,nan,nan,nan,nan,nan,nan,nan,nan,nan,NOT_EVALUATED,nan,nan,nan,0.0,BEFORE_HISTORY,nan,nan,nan,nan,nan,nan
0.0,1791339421.1902673,1791339421.1922114,1791339421.1922114,front_rgbd_red_sphere,False,False,False,DEPTH_FRAME_UNMATCHED,66.5,66.452,1791339420.7826447,1791339421.1902673,1791339373.039771,1791339373.039771,1791339373.039771,0.04800000000000182,1791339372.4717689,1791339373.467773,1791339373.3106868,1791339373.467773,1791339373.314687,1791339373.471771,1791339372.4677722,1791339373.467773,1791339372.4717689,1791339373.471771,1791339354.187771,GAZEBO_CLOCK_SYSTEM_INTERPOLATION,MAPPED_EXACT,0,18.852,1791339373.039771,0.01342320442199707,0.0,RGB,0.0,0,1,0,UNCALIBRATED,PREPARATION,UNKNOWN,STRAIGHT,0.0,0,0.0,nan,nan,nan,nan,False,0.0,0.0,0.0,0.0,0,0,0,0,0,0.0,0.0,0.0,0.0,0.0,0.0,0.0,0.0,0.0,0.0,0.0,0.0,0.0,0.0,0.0,0.0,0.0,0.0,0.0,0.0,0.0,0.0,0.0,0.0,0.0,0.0,0.0,0.0,False,MAPPED_EXACT,0,66.924,1791339421.1910489,nan,nan,nan,nan,nan,nan,nan,nan,nan,nan,nan,nan,nan,nan,nan,nan,nan,nan,nan,nan,nan,nan,nan,nan,nan,nan,nan,nan,nan,nan,nan,nan,nan,nan,nan,nan,nan,nan,nan,nan,nan,nan,nan,nan,nan,nan,nan,True,GEOMETRY_DISABLED,none,MODEL_ORIGIN_FRAME_NOT_ESTABLISHED,nan,nan,nan,nan,nan,nan,nan,nan,nan,nan,nan,nan,nan,NOT_EVALUATED,nan,nan,nan,0.0,BEFORE_HISTORY,nan,nan,nan,nan,nan,nan
0.0,1791339421.6889522,1791339421.6922584,1791339421.6922584,front_rgbd_red_sphere,False,False,False,DEPTH_FRAME_UNMATCHED,67.052,66.952,1791339421.3375857,1791339421.6889522,1791339373.039771,1791339373.039771,1791339373.039771,0.10000000000000853,1791339372.4717689,1791339373.467773,1791339373.3106868,1791339373.467773,1791339373.314687,1791339373.471771,1791339372.4677722,1791339373.467773,1791339372.4717689,1791339373.471771,1791339354.187771,GAZEBO_CLOCK_SYSTEM_INTERPOLATION,MAPPED_EXACT,0,18.852,1791339373.039771,0.01342320442199707,0.0,RGB,0.0,0,1,0,UNCALIBRATED,PREPARATION,UNKNOWN,TURNING,0.0,0,0.0,nan,nan,nan,nan,False,0.0,0.0,0.0,0.0,0,0,0,0,0,0.0,0.0,0.0,0.0,0.0,0.0,0.0,0.0,0.0,0.0,0.0,0.0,0.0,0.0,0.0,0.0,0.0,0.0,0.0,0.0,0.0,0.0,0.0,0.0,0.0,0.0,0.0,0.0,False,MAPPED_EXACT,0,67.424,1791339421.691055,nan,nan,nan,nan,nan,nan,nan,nan,nan,nan,nan,nan,nan,nan,nan,nan,nan,nan,nan,nan,nan,nan,nan,nan,nan,nan,nan,nan,nan,nan,nan,nan,nan,nan,nan,nan,nan,nan,nan,nan,nan,nan,nan,nan,nan,nan,nan,True,GEOMETRY_DISABLED,none,MODEL_ORIGIN_FRAME_NOT_ESTABLISHED,nan,nan,nan,nan,nan,nan,nan,nan,nan,nan,nan,nan,nan,NOT_EVALUATED,nan,nan,nan,0.0,BEFORE_HISTORY,nan,nan,nan,nan,nan,nan
0.0,1791339422.7830622,1791339422.792289,1791339422.792289,front_rgbd_red_sphere,False,False,False,DEPTH_FRAME_UNMATCHED,68.152,68.052,1791339422.4369214,1791339422.7830622,1791339373.039771,1791339373.039771,1791339373.039771,0.09999999999999432,1791339372.4717689,1791339373.467773,1791339373.3106868,1791339373.467773,1791339373.314687,1791339373.471771,1791339372.4677722,1791339373.467773,1791339372.4717689,1791339373.471771,1791339354.187771,GAZEBO_CLOCK_SYSTEM_INTERPOLATION,MAPPED_EXACT,0,18.852,1791339373.039771,0.01342320442199707,0.0,RGB,0.0,0,1,0,UNCALIBRATED,PREPARATION,UNKNOWN,TURNING,0.0,0,0.0,nan,nan,nan,nan,False,0.0,0.0,0.0,0.0,0,0,0,0,0,0.0,0.0,0.0,0.0,0.0,0.0,0.0,0.0,0.0,0.0,0.0,0.0,0.0,0.0,0.0,0.0,0.0,0.0,0.0,0.0,0.0,0.0,0.0,0.0,0.0,0.0,0.0,0.0,False,MAPPED_EXACT,0,68.524,1791339422.791054,nan,nan,nan,nan,nan,nan,nan,nan,nan,nan,nan,nan,nan,nan,nan,nan,nan,nan,nan,nan,nan,nan,nan,nan,nan,nan,nan,nan,nan,nan,nan,nan,nan,nan,nan,nan,nan,nan,nan,nan,nan,nan,nan,nan,nan,nan,nan,True,GEOMETRY_DISABLED,none,MODEL_ORIGIN_FRAME_NOT_ESTABLISHED,nan,nan,nan,nan,nan,nan,nan,nan,nan,nan,nan,nan,nan,NOT_EVALUATED,nan,nan,nan,0.0,BEFORE_HISTORY,nan,nan,nan,nan,nan,nan
0.0,1791339423.037531,1791339423.092203,1791339423.092203,front_rgbd_red_sphere,False,False,False,DEPTH_FRAME_UNMATCHED,68.4,68.3,1791339422.682558,1791339423.037531,1791339373.039771,1791339373.039771,1791339373.039771,0.10000000000000853,1791339372.4717689,1791339373.467773,1791339373.3106868,1791339373.467773,1791339373.314687,1791339373.471771,1791339372.4677722,1791339373.467773,1791339372.4717689,1791339373.471771,1791339354.187771,GAZEBO_CLOCK_SYSTEM_INTERPOLATION,MAPPED_EXACT,0,18.852,1791339373.039771,0.01342320442199707,0.0,RGB,0.0,0,1,0,UNCALIBRATED,PREPARATION,UNKNOWN,TURNING,0.0,0,0.0,nan,nan,nan,nan,False,0.0,0.0,0.0,0.0,0,0,0,0,0,0.0,0.0,0.0,0.0,0.0,0.0,0.0,0.0,0.0,0.0,0.0,0.0,0.0,0.0,0.0,0.0,0.0,0.0,0.0,0.0,0.0,0.0,0.0,0.0,0.0,0.0,0.0,0.0,False,MAPPED_EXACT,0,68.824,1791339423.0910425,nan,nan,nan,nan,nan,nan,nan,nan,nan,nan,nan,nan,nan,nan,nan,nan,nan,nan,nan,nan,nan,nan,nan,nan,nan,nan,nan,nan,nan,nan,nan,nan,nan,nan,nan,nan,nan,nan,nan,nan,nan,nan,nan,nan,nan,nan,nan,True,GEOMETRY_DISABLED,none,MODEL_ORIGIN_FRAME_NOT_ESTABLISHED,nan,nan,nan,nan,nan,nan,nan,nan,nan,nan,nan,nan,nan,NOT_EVALUATED,nan,nan,nan,0.0,BEFORE_HISTORY,nan,nan,nan,nan,nan,nan
0.0,1791339423.2925124,1791339423.2930052,1791339423.2930052,front_rgbd_red_sphere,False,False,False,DEPTH_FRAME_UNMATCHED,68.652,68.552,1791339422.9371586,1791339423.2925124,1791339373.039771,1791339373.039771,1791339373.039771,0.09999999999999432,1791339372.4717689,1791339373.467773,1791339373.3106868,1791339373.467773,1791339373.314687,1791339373.471771,1791339372.4677722,1791339373.467773,1791339372.4717689,1791339373.471771,1791339354.187771,GAZEBO_CLOCK_SYSTEM_INTERPOLATION,MAPPED_EXACT,0,18.852,1791339373.039771,0.01342320442199707,0.0,RGB,0.0,0,1,0,UNCALIBRATED,PREPARATION,UNKNOWN,TURNING,0.0,0,0.0,nan,nan,nan,nan,False,0.0,0.0,0.0,0.0,0,0,0,0,0,0.0,0.0,0.0,0.0,0.0,0.0,0.0,0.0,0.0,0.0,0.0,0.0,0.0,0.0,0.0,0.0,0.0,0.0,0.0,0.0,0.0,0.0,0.0,0.0,0.0,0.0,0.0,0.0,False,MAPPED_EXACT,0,69.024,1791339423.2910488,nan,nan,nan,nan,nan,nan,nan,nan,nan,nan,nan,nan,nan,nan,nan,nan,nan,nan,nan,nan,nan,nan,nan,nan,nan,nan,nan,nan,nan,nan,nan,nan,nan,nan,nan,nan,nan,nan,nan,nan,nan,nan,nan,nan,nan,nan,nan,True,GEOMETRY_DISABLED,none,MODEL_ORIGIN_FRAME_NOT_ESTABLISHED,nan,nan,nan,nan,nan,nan,nan,nan,nan,nan,nan,nan,nan,NOT_EVALUATED,nan,nan,nan,0.0,BEFORE_HISTORY,nan,nan,nan,nan,nan,nan
0.0,1791339425.8585422,1791339425.8921998,1791339425.8921998,front_rgbd_red_sphere,False,False,False,DEPTH_FRAME_UNMATCHED,71.2,71.1,1791339425.483614,1791339425.8585422,1791339373.039771,1791339373.039771,1791339373.039771,0.10000000000000853,1791339372.4717689,1791339373.467773,1791339373.3106868,1791339373.467773,1791339373.314687,1791339373.471771,1791339372.4677722,1791339373.467773,1791339372.4717689,1791339373.471771,1791339354.187771,GAZEBO_CLOCK_SYSTEM_INTERPOLATION,MAPPED_EXACT,0,18.852,1791339373.039771,0.01342320442199707,0.0,RGB,0.0,0,1,0,UNCALIBRATED,PREPARATION,UNKNOWN,TURNING,0.0,0,0.0,nan,nan,nan,nan,False,0.0,0.0,0.0,0.0,0,0,0,0,0,0.0,0.0,0.0,0.0,0.0,0.0,0.0,0.0,0.0,0.0,0.0,0.0,0.0,0.0,0.0,0.0,0.0,0.0,0.0,0.0,0.0,0.0,0.0,0.0,0.0,0.0,0.0,0.0,False,MAPPED_EXACT,0,71.624,1791339425.8910375,nan,nan,nan,nan,nan,nan,nan,nan,nan,nan,nan,nan,nan,nan,nan,nan,nan,nan,nan,nan,nan,nan,nan,nan,nan,nan,nan,nan,nan,nan,nan,nan,nan,nan,nan,nan,nan,nan,nan,nan,nan,nan,nan,nan,nan,nan,nan,True,GEOMETRY_DISABLED,none,MODEL_ORIGIN_FRAME_NOT_ESTABLISHED,nan,nan,nan,nan,nan,nan,nan,nan,nan,nan,nan,nan,nan,NOT_EVALUATED,nan,nan,nan,0.0,BEFORE_HISTORY,nan,nan,nan,nan,nan,nan
0.0,1791339426.490073,1791339426.4922435,1791339426.4922435,front_rgbd_red_sphere,False,False,False,DEPTH_FRAME_UNMATCHED,71.852,71.752,1791339426.146171,1791339426.490073,1791339373.039771,1791339373.039771,1791339373.039771,0.10000000000000853,1791339372.4717689,1791339373.467773,1791339373.3106868,1791339373.467773,1791339373.314687,1791339373.471771,1791339372.4677722,1791339373.467773,1791339372.4717689,1791339373.471771,1791339354.187771,GAZEBO_CLOCK_SYSTEM_INTERPOLATION,MAPPED_EXACT,0,18.852,1791339373.039771,0.01342320442199707,0.0,RGB,0.0,0,1,0,UNCALIBRATED,PREPARATION,UNKNOWN,TURNING,0.0,0,0.0,nan,nan,nan,nan,False,0.0,0.0,0.0,0.0,0,0,0,0,0,0.0,0.0,0.0,0.0,0.0,0.0,0.0,0.0,0.0,0.0,0.0,0.0,0.0,0.0,0.0,0.0,0.0,0.0,0.0,0.0,0.0,0.0,0.0,0.0,0.0,0.0,0.0,0.0,False,MAPPED_EXACT,0,72.224,1791339426.4910553,nan,nan,nan,nan,nan,nan,nan,nan,nan,nan,nan,nan,nan,nan,nan,nan,nan,nan,nan,nan,nan,nan,nan,nan,nan,nan,nan,nan,nan,nan,nan,nan,nan,nan,nan,nan,nan,nan,nan,nan,nan,nan,nan,nan,nan,nan,nan,True,GEOMETRY_DISABLED,none,MODEL_ORIGIN_FRAME_NOT_ESTABLISHED,nan,nan,nan,nan,nan,nan,nan,nan,nan,nan,nan,nan,nan,NOT_EVALUATED,nan,nan,nan,0.0,BEFORE_HISTORY,nan,nan,nan,nan,nan,nan
0.0,1791339426.574081,1791339426.5921993,1791339426.5921993,front_rgbd_red_sphere,False,False,False,DEPTH_FRAME_UNMATCHED,71.9,71.8,1791339426.1949627,1791339426.574081,1791339373.039771,1791339373.039771,1791339373.039771,0.10000000000000853,1791339372.4717689,1791339373.467773,1791339373.3106868,1791339373.467773,1791339373.314687,1791339373.471771,1791339372.4677722,1791339373.467773,1791339372.4717689,1791339373.471771,1791339354.187771,GAZEBO_CLOCK_SYSTEM_INTERPOLATION,MAPPED_EXACT,0,18.852,1791339373.039771,0.01342320442199707,0.0,RGB,0.0,0,1,0,UNCALIBRATED,PREPARATION,UNKNOWN,TURNING,0.0,0,0.0,nan,nan,nan,nan,False,0.0,0.0,0.0,0.0,0,0,0,0,0,0.0,0.0,0.0,0.0,0.0,0.0,0.0,0.0,0.0,0.0,0.0,0.0,0.0,0.0,0.0,0.0,0.0,0.0,0.0,0.0,0.0,0.0,0.0,0.0,0.0,0.0,0.0,0.0,False,MAPPED_EXACT,0,72.324,1791339426.5910525,nan,nan,nan,nan,nan,nan,nan,nan,nan,nan,nan,nan,nan,nan,nan,nan,nan,nan,nan,nan,nan,nan,nan,nan,nan,nan,nan,nan,nan,nan,nan,nan,nan,nan,nan,nan,nan,nan,nan,nan,nan,nan,nan,nan,nan,nan,nan,True,GEOMETRY_DISABLED,none,MODEL_ORIGIN_FRAME_NOT_ESTABLISHED,nan,nan,nan,nan,nan,nan,nan,nan,nan,nan,nan,nan,nan,NOT_EVALUATED,nan,nan,nan,0.0,BEFORE_HISTORY,nan,nan,nan,nan,nan,nan
0.0,1791339427.1890795,1791339427.1923707,1791339427.1923707,front_rgbd_red_sphere,False,False,False,DEPTH_FRAME_UNMATCHED,72.552,72.452,1791339426.8363357,1791339427.1890795,1791339373.039771,1791339373.039771,1791339373.039771,0.10000000000000853,1791339372.4717689,1791339373.467773,1791339373.3106868,1791339373.467773,1791339373.314687,1791339373.471771,1791339372.4677722,1791339373.467773,1791339372.4717689,1791339373.471771,1791339354.187771,GAZEBO_CLOCK_SYSTEM_INTERPOLATION,MAPPED_EXACT,0,18.852,1791339373.039771,0.01342320442199707,0.0,RGB,0.0,0,1,0,UNCALIBRATED,PREPARATION,UNKNOWN,TURNING,0.0,0,0.0,nan,nan,nan,nan,False,0.0,0.0,0.0,0.0,0,0,0,0,0,0.0,0.0,0.0,0.0,0.0,0.0,0.0,0.0,0.0,0.0,0.0,0.0,0.0,0.0,0.0,0.0,0.0,0.0,0.0,0.0,0.0,0.0,0.0,0.0,0.0,0.0,0.0,0.0,False,MAPPED_EXACT,0,72.924,1791339427.191054,nan,nan,nan,nan,nan,nan,nan,nan,nan,nan,nan,nan,nan,nan,nan,nan,nan,nan,nan,nan,nan,nan,nan,nan,nan,nan,nan,nan,nan,nan,nan,nan,nan,nan,nan,nan,nan,nan,nan,nan,nan,nan,nan,nan,nan,nan,nan,True,GEOMETRY_DISABLED,none,MODEL_ORIGIN_FRAME_NOT_ESTABLISHED,nan,nan,nan,nan,nan,nan,nan,nan,nan,nan,nan,nan,nan,NOT_EVALUATED,nan,nan,nan,0.0,BEFORE_HISTORY,nan,nan,nan,nan,nan,nan
0.0,1791339427.45261,1791339427.4923067,1791339427.4923067,front_rgbd_red_sphere,False,False,False,DEPTH_FRAME_UNMATCHED,72.8,72.7,1791339427.0839345,1791339427.45261,1791339373.039771,1791339373.039771,1791339373.039771,0.09999999999999432,1791339372.4717689,1791339373.467773,1791339373.3106868,1791339373.467773,1791339373.314687,1791339373.471771,1791339372.4677722,1791339373.467773,1791339372.4717689,1791339373.471771,1791339354.187771,GAZEBO_CLOCK_SYSTEM_INTERPOLATION,MAPPED_EXACT,0,18.852,1791339373.039771,0.01342320442199707,0.0,RGB,0.0,0,1,0,UNCALIBRATED,PREPARATION,UNKNOWN,TURNING,0.0,0,0.0,nan,nan,nan,nan,False,0.0,0.0,0.0,0.0,0,0,0,0,0,0.0,0.0,0.0,0.0,0.0,0.0,0.0,0.0,0.0,0.0,0.0,0.0,0.0,0.0,0.0,0.0,0.0,0.0,0.0,0.0,0.0,0.0,0.0,0.0,0.0,0.0,0.0,0.0,False,MAPPED_EXACT,0,73.224,1791339427.4910407,nan,nan,nan,nan,nan,nan,nan,nan,nan,nan,nan,nan,nan,nan,nan,nan,nan,nan,nan,nan,nan,nan,nan,nan,nan,nan,nan,nan,nan,nan,nan,nan,nan,nan,nan,nan,nan,nan,nan,nan,nan,nan,nan,nan,nan,nan,nan,True,GEOMETRY_DISABLED,none,MODEL_ORIGIN_FRAME_NOT_ESTABLISHED,nan,nan,nan,nan,nan,nan,nan,nan,nan,nan,nan,nan,nan,NOT_EVALUATED,nan,nan,nan,0.0,BEFORE_HISTORY,nan,nan,nan,nan,nan,nan
0.0,1791339428.4730248,1791339428.4922323,1791339428.4922323,front_rgbd_red_sphere,False,False,False,DEPTH_FRAME_UNMATCHED,73.8,73.7,1791339428.094373,1791339428.4730248,1791339373.039771,1791339373.039771,1791339373.039771,0.09999999999999432,1791339372.4717689,1791339373.467773,1791339373.3106868,1791339373.467773,1791339373.314687,1791339373.471771,1791339372.4677722,1791339373.467773,1791339372.4717689,1791339373.471771,1791339354.187771,GAZEBO_CLOCK_SYSTEM_INTERPOLATION,MAPPED_EXACT,0,18.852,1791339373.039771,0.01342320442199707,0.0,RGB,0.0,0,1,0,UNCALIBRATED,PREPARATION,UNKNOWN,TURNING,0.0,0,0.0,nan,nan,nan,nan,False,0.0,0.0,0.0,0.0,0,0,0,0,0,0.0,0.0,0.0,0.0,0.0,0.0,0.0,0.0,0.0,0.0,0.0,0.0,0.0,0.0,0.0,0.0,0.0,0.0,0.0,0.0,0.0,0.0,0.0,0.0,0.0,0.0,0.0,0.0,False,MAPPED_EXACT,0,74.224,1791339428.4910548,nan,nan,nan,nan,nan,nan,nan,nan,nan,nan,nan,nan,nan,nan,nan,nan,nan,nan,nan,nan,nan,nan,nan,nan,nan,nan,nan,nan,nan,nan,nan,nan,nan,nan,nan,nan,nan,nan,nan,nan,nan,nan,nan,nan,nan,nan,nan,True,GEOMETRY_DISABLED,none,MODEL_ORIGIN_FRAME_NOT_ESTABLISHED,nan,nan,nan,nan,nan,nan,nan,nan,nan,nan,nan,nan,nan,NOT_EVALUATED,nan,nan,nan,0.0,BEFORE_HISTORY,nan,nan,nan,nan,nan,nan
0.0,1791339428.7613487,1791339428.7923782,1791339428.7923782,front_rgbd_red_sphere,False,False,False,DEPTH_FRAME_UNMATCHED,74.1,74.0,1791339428.3865228,1791339428.7613487,1791339373.039771,1791339373.039771,1791339373.039771,0.09999999999999432,1791339372.4717689,1791339373.467773,1791339373.3106868,1791339373.467773,1791339373.314687,1791339373.471771,1791339372.4677722,1791339373.467773,1791339372.4717689,1791339373.471771,1791339354.187771,GAZEBO_CLOCK_SYSTEM_INTERPOLATION,MAPPED_EXACT,0,18.852,1791339373.039771,0.01342320442199707,0.0,RGB,0.0,0,1,0,UNCALIBRATED,PREPARATION,UNKNOWN,TURNING,0.0,0,0.0,nan,nan,nan,nan,False,0.0,0.0,0.0,0.0,0,0,0,0,0,0.0,0.0,0.0,0.0,0.0,0.0,0.0,0.0,0.0,0.0,0.0,0.0,0.0,0.0,0.0,0.0,0.0,0.0,0.0,0.0,0.0,0.0,0.0,0.0,0.0,0.0,0.0,0.0,False,MAPPED_EXACT,0,74.524,1791339428.7910469,nan,nan,nan,nan,nan,nan,nan,nan,nan,nan,nan,nan,nan,nan,nan,nan,nan,nan,nan,nan,nan,nan,nan,nan,nan,nan,nan,nan,nan,nan,nan,nan,nan,nan,nan,nan,nan,nan,nan,nan,nan,nan,nan,nan,nan,nan,nan,True,GEOMETRY_DISABLED,none,MODEL_ORIGIN_FRAME_NOT_ESTABLISHED,nan,nan,nan,nan,nan,nan,nan,nan,nan,nan,nan,nan,nan,NOT_EVALUATED,nan,nan,nan,0.0,BEFORE_HISTORY,nan,nan,nan,nan,nan,nan
0.0,1791339428.8644392,1791339428.8922517,1791339428.8922517,front_rgbd_red_sphere,False,False,False,DEPTH_FRAME_UNMATCHED,74.2,74.1,1791339428.493424,1791339428.8644392,1791339373.039771,1791339373.039771,1791339373.039771,0.10000000000000853,1791339372.4717689,1791339373.467773,1791339373.3106868,1791339373.467773,1791339373.314687,1791339373.471771,1791339372.4677722,1791339373.467773,1791339372.4717689,1791339373.471771,1791339354.187771,GAZEBO_CLOCK_SYSTEM_INTERPOLATION,MAPPED_EXACT,0,18.852,1791339373.039771,0.01342320442199707,0.0,RGB,0.0,0,1,0,UNCALIBRATED,PREPARATION,UNKNOWN,TURNING,0.0,0,0.0,nan,nan,nan,nan,False,0.0,0.0,0.0,0.0,0,0,0,0,0,0.0,0.0,0.0,0.0,0.0,0.0,0.0,0.0,0.0,0.0,0.0,0.0,0.0,0.0,0.0,0.0,0.0,0.0,0.0,0.0,0.0,0.0,0.0,0.0,0.0,0.0,0.0,0.0,False,MAPPED_EXACT,0,74.624,1791339428.8910384,nan,nan,nan,nan,nan,nan,nan,nan,nan,nan,nan,nan,nan,nan,nan,nan,nan,nan,nan,nan,nan,nan,nan,nan,nan,nan,nan,nan,nan,nan,nan,nan,nan,nan,nan,nan,nan,nan,nan,nan,nan,nan,nan,nan,nan,nan,nan,True,GEOMETRY_DISABLED,none,MODEL_ORIGIN_FRAME_NOT_ESTABLISHED,nan,nan,nan,nan,nan,nan,nan,nan,nan,nan,nan,nan,nan,NOT_EVALUATED,nan,nan,nan,0.0,BEFORE_HISTORY,nan,nan,nan,nan,nan,nan
0.0,1791339428.956303,1791339428.992251,1791339428.992251,front_rgbd_red_sphere,False,False,False,DEPTH_FRAME_UNMATCHED,74.3,74.2,1791339428.5838828,1791339428.956303,1791339373.039771,1791339373.039771,1791339373.039771,0.09999999999999432,1791339372.4717689,1791339373.467773,1791339373.3106868,1791339373.467773,1791339373.314687,1791339373.471771,1791339372.4677722,1791339373.467773,1791339372.4717689,1791339373.471771,1791339354.187771,GAZEBO_CLOCK_SYSTEM_INTERPOLATION,MAPPED_EXACT,0,18.852,1791339373.039771,0.01342320442199707,0.0,RGB,0.0,0,1,0,UNCALIBRATED,PREPARATION,UNKNOWN,TURNING,0.0,0,0.0,nan,nan,nan,nan,False,0.0,0.0,0.0,0.0,0,0,0,0,0,0.0,0.0,0.0,0.0,0.0,0.0,0.0,0.0,0.0,0.0,0.0,0.0,0.0,0.0,0.0,0.0,0.0,0.0,0.0,0.0,0.0,0.0,0.0,0.0,0.0,0.0,0.0,0.0,False,MAPPED_EXACT,0,74.724,1791339428.9910765,nan,nan,nan,nan,nan,nan,nan,nan,nan,nan,nan,nan,nan,nan,nan,nan,nan,nan,nan,nan,nan,nan,nan,nan,nan,nan,nan,nan,nan,nan,nan,nan,nan,nan,nan,nan,nan,nan,nan,nan,nan,nan,nan,nan,nan,nan,nan,True,GEOMETRY_DISABLED,none,MODEL_ORIGIN_FRAME_NOT_ESTABLISHED,nan,nan,nan,nan,nan,nan,nan,nan,nan,nan,nan,nan,nan,NOT_EVALUATED,nan,nan,nan,0.0,BEFORE_HISTORY,nan,nan,nan,nan,nan,nan
0.0,1791339429.2699776,1791339429.292311,1791339429.292311,front_rgbd_red_sphere,False,False,False,DEPTH_FRAME_UNMATCHED,74.6,74.5,1791339428.8940828,1791339429.2699776,1791339373.039771,1791339373.039771,1791339373.039771,0.09999999999999432,1791339372.4717689,1791339373.467773,1791339373.3106868,1791339373.467773,1791339373.314687,1791339373.471771,1791339372.4677722,1791339373.467773,1791339372.4717689,1791339373.471771,1791339354.187771,GAZEBO_CLOCK_SYSTEM_INTERPOLATION,MAPPED_EXACT,0,18.852,1791339373.039771,0.01342320442199707,0.0,RGB,0.0,0,1,0,UNCALIBRATED,PREPARATION,UNKNOWN,TURNING,0.0,0,0.0,nan,nan,nan,nan,False,0.0,0.0,0.0,0.0,0,0,0,0,0,0.0,0.0,0.0,0.0,0.0,0.0,0.0,0.0,0.0,0.0,0.0,0.0,0.0,0.0,0.0,0.0,0.0,0.0,0.0,0.0,0.0,0.0,0.0,0.0,0.0,0.0,0.0,0.0,False,MAPPED_EXACT,0,75.024,1791339429.291039,nan,nan,nan,nan,nan,nan,nan,nan,nan,nan,nan,nan,nan,nan,nan,nan,nan,nan,nan,nan,nan,nan,nan,nan,nan,nan,nan,nan,nan,nan,nan,nan,nan,nan,nan,nan,nan,nan,nan,nan,nan,nan,nan,nan,nan,nan,nan,True,GEOMETRY_DISABLED,none,MODEL_ORIGIN_FRAME_NOT_ESTABLISHED,nan,nan,nan,nan,nan,nan,nan,nan,nan,nan,nan,nan,nan,NOT_EVALUATED,nan,nan,nan,0.0,BEFORE_HISTORY,nan,nan,nan,nan,nan,nan
0.0,1791339430.0408957,1791339430.092275,1791339430.092275,front_rgbd_red_sphere,False,False,False,DEPTH_FRAME_UNMATCHED,75.4,75.252,1791339429.6944306,1791339430.0408957,1791339373.039771,1791339373.039771,1791339373.039771,0.14800000000001035,1791339372.4717689,1791339373.467773,1791339373.3106868,1791339373.467773,1791339373.314687,1791339373.471771,1791339372.4677722,1791339373.467773,1791339372.4717689,1791339373.471771,1791339354.187771,GAZEBO_CLOCK_SYSTEM_INTERPOLATION,MAPPED_EXACT,0,18.852,1791339373.039771,0.01342320442199707,0.0,RGB,0.0,0,1,0,UNCALIBRATED,PREPARATION,UNKNOWN,TURNING,0.0,0,0.0,nan,nan,nan,nan,False,0.0,0.0,0.0,0.0,0,0,0,0,0,0.0,0.0,0.0,0.0,0.0,0.0,0.0,0.0,0.0,0.0,0.0,0.0,0.0,0.0,0.0,0.0,0.0,0.0,0.0,0.0,0.0,0.0,0.0,0.0,0.0,0.0,0.0,0.0,False,CLOCK_REFERENCE_READY,0,75.82,1791339430.0870485,nan,nan,nan,nan,nan,nan,nan,nan,nan,nan,nan,nan,nan,nan,nan,nan,nan,nan,nan,nan,nan,nan,nan,nan,nan,nan,nan,nan,nan,nan,nan,nan,nan,nan,nan,nan,nan,nan,nan,nan,nan,nan,nan,nan,nan,nan,nan,True,GEOMETRY_DISABLED,none,MODEL_ORIGIN_FRAME_NOT_ESTABLISHED,nan,nan,nan,nan,nan,nan,nan,nan,nan,nan,nan,nan,nan,NOT_EVALUATED,nan,nan,nan,0.0,BEFORE_HISTORY,nan,nan,nan,nan,nan,nan
0.0,1791339431.3832064,1791339431.3922074,1791339431.3922074,front_rgbd_red_sphere,False,False,False,DEPTH_FRAME_UNMATCHED,76.7,76.6,1791339430.997905,1791339431.3832064,1791339373.039771,1791339373.039771,1791339373.039771,0.10000000000000853,1791339372.4717689,1791339373.467773,1791339373.3106868,1791339373.467773,1791339373.314687,1791339373.471771,1791339372.4677722,1791339373.467773,1791339372.4717689,1791339373.471771,1791339354.187771,GAZEBO_CLOCK_SYSTEM_INTERPOLATION,MAPPED_EXACT,0,18.852,1791339373.039771,0.01342320442199707,0.0,RGB,0.0,0,1,0,UNCALIBRATED,PREPARATION,UNKNOWN,TURNING,0.0,0,0.0,nan,nan,nan,nan,False,0.0,0.0,0.0,0.0,0,0,0,0,0,0.0,0.0,0.0,0.0,0.0,0.0,0.0,0.0,0.0,0.0,0.0,0.0,0.0,0.0,0.0,0.0,0.0,0.0,0.0,0.0,0.0,0.0,0.0,0.0,0.0,0.0,0.0,0.0,False,CLOCK_REFERENCE_READY,0,77.12,1791339431.3870492,nan,nan,nan,nan,nan,nan,nan,nan,nan,nan,nan,nan,nan,nan,nan,nan,nan,nan,nan,nan,nan,nan,nan,nan,nan,nan,nan,nan,nan,nan,nan,nan,nan,nan,nan,nan,nan,nan,nan,nan,nan,nan,nan,nan,nan,nan,nan,True,GEOMETRY_DISABLED,none,MODEL_ORIGIN_FRAME_NOT_ESTABLISHED,nan,nan,nan,nan,nan,nan,nan,nan,nan,nan,nan,nan,nan,NOT_EVALUATED,nan,nan,nan,0.0,BEFORE_HISTORY,nan,nan,nan,nan,nan,nan
0.0,1791339431.492704,1791339431.4933507,1791339431.4933507,front_rgbd_red_sphere,False,False,False,DEPTH_FRAME_UNMATCHED,76.8,76.752,1791339431.0849187,1791339431.492704,1791339373.039771,1791339373.039771,1791339373.039771,0.04800000000000182,1791339372.4717689,1791339373.467773,1791339373.3106868,1791339373.467773,1791339373.314687,1791339373.471771,1791339372.4677722,1791339373.467773,1791339372.4717689,1791339373.471771,1791339354.187771,GAZEBO_CLOCK_SYSTEM_INTERPOLATION,MAPPED_EXACT,0,18.852,1791339373.039771,0.01342320442199707,0.0,RGB,0.0,0,1,0,UNCALIBRATED,PREPARATION,UNKNOWN,TURNING,0.0,0,0.0,nan,nan,nan,nan,False,0.0,0.0,0.0,0.0,0,0,0,0,0,0.0,0.0,0.0,0.0,0.0,0.0,0.0,0.0,0.0,0.0,0.0,0.0,0.0,0.0,0.0,0.0,0.0,0.0,0.0,0.0,0.0,0.0,0.0,0.0,0.0,0.0,0.0,0.0,False,CLOCK_REFERENCE_READY,0,77.22,1791339431.4870517,nan,nan,nan,nan,nan,nan,nan,nan,nan,nan,nan,nan,nan,nan,nan,nan,nan,nan,nan,nan,nan,nan,nan,nan,nan,nan,nan,nan,nan,nan,nan,nan,nan,nan,nan,nan,nan,nan,nan,nan,nan,nan,nan,nan,nan,nan,nan,True,GEOMETRY_DISABLED,none,MODEL_ORIGIN_FRAME_NOT_ESTABLISHED,nan,nan,nan,nan,nan,nan,nan,nan,nan,nan,nan,nan,nan,NOT_EVALUATED,nan,nan,nan,0.0,BEFORE_HISTORY,nan,nan,nan,nan,nan,nan
0.0,1791339431.8894944,1791339431.892359,1791339431.892359,front_rgbd_red_sphere,False,False,False,DEPTH_FRAME_UNMATCHED,77.2,77.152,1791339431.4961512,1791339431.8894944,1791339373.039771,1791339373.039771,1791339373.039771,0.04800000000000182,1791339372.4717689,1791339373.467773,1791339373.3106868,1791339373.467773,1791339373.314687,1791339373.471771,1791339372.4677722,1791339373.467773,1791339372.4717689,1791339373.471771,1791339354.187771,GAZEBO_CLOCK_SYSTEM_INTERPOLATION,MAPPED_EXACT,0,18.852,1791339373.039771,0.01342320442199707,0.0,RGB,0.0,0,1,0,UNCALIBRATED,PREPARATION,UNKNOWN,TURNING,0.0,0,0.0,nan,nan,nan,nan,False,0.0,0.0,0.0,0.0,0,0,0,0,0,0.0,0.0,0.0,0.0,0.0,0.0,0.0,0.0,0.0,0.0,0.0,0.0,0.0,0.0,0.0,0.0,0.0,0.0,0.0,0.0,0.0,0.0,0.0,0.0,0.0,0.0,0.0,0.0,False,CLOCK_REFERENCE_READY,0,77.62,1791339431.8870718,nan,nan,nan,nan,nan,nan,nan,nan,nan,nan,nan,nan,nan,nan,nan,nan,nan,nan,nan,nan,nan,nan,nan,nan,nan,nan,nan,nan,nan,nan,nan,nan,nan,nan,nan,nan,nan,nan,nan,nan,nan,nan,nan,nan,nan,nan,nan,True,GEOMETRY_DISABLED,none,MODEL_ORIGIN_FRAME_NOT_ESTABLISHED,nan,nan,nan,nan,nan,nan,nan,nan,nan,nan,nan,nan,nan,NOT_EVALUATED,nan,nan,nan,0.0,BEFORE_HISTORY,nan,nan,nan,nan,nan,nan
0.0,1791339431.9617507,1791339431.9923227,1791339431.9923227,front_rgbd_red_sphere,False,False,False,DEPTH_FRAME_UNMATCHED,77.3,77.2,1791339431.586112,1791339431.9617507,1791339373.039771,1791339373.039771,1791339373.039771,0.09999999999999432,1791339372.4717689,1791339373.467773,1791339373.3106868,1791339373.467773,1791339373.314687,1791339373.471771,1791339372.4677722,1791339373.467773,1791339372.4717689,1791339373.471771,1791339354.187771,GAZEBO_CLOCK_SYSTEM_INTERPOLATION,MAPPED_EXACT,0,18.852,1791339373.039771,0.01342320442199707,0.0,RGB,0.0,0,1,0,UNCALIBRATED,PREPARATION,UNKNOWN,TURNING,0.0,0,0.0,nan,nan,nan,nan,False,0.0,0.0,0.0,0.0,0,0,0,0,0,0.0,0.0,0.0,0.0,0.0,0.0,0.0,0.0,0.0,0.0,0.0,0.0,0.0,0.0,0.0,0.0,0.0,0.0,0.0,0.0,0.0,0.0,0.0,0.0,0.0,0.0,0.0,0.0,False,CLOCK_REFERENCE_READY,0,77.72,1791339431.9870417,nan,nan,nan,nan,nan,nan,nan,nan,nan,nan,nan,nan,nan,nan,nan,nan,nan,nan,nan,nan,nan,nan,nan,nan,nan,nan,nan,nan,nan,nan,nan,nan,nan,nan,nan,nan,nan,nan,nan,nan,nan,nan,nan,nan,nan,nan,nan,True,GEOMETRY_DISABLED,none,MODEL_ORIGIN_FRAME_NOT_ESTABLISHED,nan,nan,nan,nan,nan,nan,nan,nan,nan,nan,nan,nan,nan,NOT_EVALUATED,nan,nan,nan,0.0,BEFORE_HISTORY,nan,nan,nan,nan,nan,nan
0.0,1791339432.4887998,1791339432.4923174,1791339432.4923174,front_rgbd_red_sphere,False,False,False,DEPTH_FRAME_UNMATCHED,77.852,77.752,1791339432.1360843,1791339432.4887998,1791339373.039771,1791339373.039771,1791339373.039771,0.10000000000000853,1791339372.4717689,1791339373.467773,1791339373.3106868,1791339373.467773,1791339373.314687,1791339373.471771,1791339372.4677722,1791339373.467773,1791339372.4717689,1791339373.471771,1791339354.187771,GAZEBO_CLOCK_SYSTEM_INTERPOLATION,MAPPED_EXACT,0,18.852,1791339373.039771,0.01342320442199707,0.0,RGB,0.0,0,1,0,UNCALIBRATED,PREPARATION,UNKNOWN,TURNING,0.0,0,0.0,nan,nan,nan,nan,False,0.0,0.0,0.0,0.0,0,0,0,0,0,0.0,0.0,0.0,0.0,0.0,0.0,0.0,0.0,0.0,0.0,0.0,0.0,0.0,0.0,0.0,0.0,0.0,0.0,0.0,0.0,0.0,0.0,0.0,0.0,0.0,0.0,0.0,0.0,False,CLOCK_REFERENCE_READY,0,78.22,1791339432.487052,nan,nan,nan,nan,nan,nan,nan,nan,nan,nan,nan,nan,nan,nan,nan,nan,nan,nan,nan,nan,nan,nan,nan,nan,nan,nan,nan,nan,nan,nan,nan,nan,nan,nan,nan,nan,nan,nan,nan,nan,nan,nan,nan,nan,nan,nan,nan,True,GEOMETRY_DISABLED,none,MODEL_ORIGIN_FRAME_NOT_ESTABLISHED,nan,nan,nan,nan,nan,nan,nan,nan,nan,nan,nan,nan,nan,NOT_EVALUATED,nan,nan,nan,0.0,BEFORE_HISTORY,nan,nan,nan,nan,nan,nan
0.0,1791339433.0541997,1791339433.0922358,1791339433.0922358,front_rgbd_red_sphere,False,False,False,DEPTH_FRAME_UNMATCHED,78.4,78.3,1791339432.684993,1791339433.0541997,1791339373.039771,1791339373.039771,1791339373.039771,0.10000000000000853,1791339372.4717689,1791339373.467773,1791339373.3106868,1791339373.467773,1791339373.314687,1791339373.471771,1791339372.4677722,1791339373.467773,1791339372.4717689,1791339373.471771,1791339354.187771,GAZEBO_CLOCK_SYSTEM_INTERPOLATION,MAPPED_EXACT,0,18.852,1791339373.039771,0.01342320442199707,0.0,RGB,0.0,0,1,0,UNCALIBRATED,PREPARATION,UNKNOWN,TURNING,0.0,0,0.0,nan,nan,nan,nan,False,0.0,0.0,0.0,0.0,0,0,0,0,0,0.0,0.0,0.0,0.0,0.0,0.0,0.0,0.0,0.0,0.0,0.0,0.0,0.0,0.0,0.0,0.0,0.0,0.0,0.0,0.0,0.0,0.0,0.0,0.0,0.0,0.0,0.0,0.0,False,CLOCK_REFERENCE_READY,0,78.82,1791339433.0870452,nan,nan,nan,nan,nan,nan,nan,nan,nan,nan,nan,nan,nan,nan,nan,nan,nan,nan,nan,nan,nan,nan,nan,nan,nan,nan,nan,nan,nan,nan,nan,nan,nan,nan,nan,nan,nan,nan,nan,nan,nan,nan,nan,nan,nan,nan,nan,True,GEOMETRY_DISABLED,none,MODEL_ORIGIN_FRAME_NOT_ESTABLISHED,nan,nan,nan,nan,nan,nan,nan,nan,nan,nan,nan,nan,nan,NOT_EVALUATED,nan,nan,nan,0.0,BEFORE_HISTORY,nan,nan,nan,nan,nan,nan
0.0,1791339433.1483552,1791339433.1922572,1791339433.1922572,front_rgbd_red_sphere,False,False,False,DEPTH_FRAME_UNMATCHED,78.5,78.4,1791339432.7851949,1791339433.1483552,1791339373.039771,1791339373.039771,1791339373.039771,0.09999999999999432,1791339372.4717689,1791339373.467773,1791339373.3106868,1791339373.467773,1791339373.314687,1791339373.471771,1791339372.4677722,1791339373.467773,1791339372.4717689,1791339373.471771,1791339354.187771,GAZEBO_CLOCK_SYSTEM_INTERPOLATION,MAPPED_EXACT,0,18.852,1791339373.039771,0.01342320442199707,0.0,RGB,0.0,0,1,0,UNCALIBRATED,PREPARATION,UNKNOWN,TURNING,0.0,0,0.0,nan,nan,nan,nan,False,0.0,0.0,0.0,0.0,0,0,0,0,0,0.0,0.0,0.0,0.0,0.0,0.0,0.0,0.0,0.0,0.0,0.0,0.0,0.0,0.0,0.0,0.0,0.0,0.0,0.0,0.0,0.0,0.0,0.0,0.0,0.0,0.0,0.0,0.0,False,CLOCK_REFERENCE_READY,0,78.92,1791339433.18704,nan,nan,nan,nan,nan,nan,nan,nan,nan,nan,nan,nan,nan,nan,nan,nan,nan,nan,nan,nan,nan,nan,nan,nan,nan,nan,nan,nan,nan,nan,nan,nan,nan,nan,nan,nan,nan,nan,nan,nan,nan,nan,nan,nan,nan,nan,nan,True,GEOMETRY_DISABLED,none,MODEL_ORIGIN_FRAME_NOT_ESTABLISHED,nan,nan,nan,nan,nan,nan,nan,nan,nan,nan,nan,nan,nan,NOT_EVALUATED,nan,nan,nan,0.0,BEFORE_HISTORY,nan,nan,nan,nan,nan,nan
0.0,1791339434.0845883,1791339434.0922692,1791339434.0922692,front_rgbd_red_sphere,False,False,False,DEPTH_FRAME_UNMATCHED,79.452,79.352,1791339433.7401063,1791339434.0845883,1791339373.039771,1791339373.039771,1791339373.039771,0.09999999999999432,1791339372.4717689,1791339373.467773,1791339373.3106868,1791339373.467773,1791339373.314687,1791339373.471771,1791339372.4677722,1791339373.467773,1791339372.4717689,1791339373.471771,1791339354.187771,GAZEBO_CLOCK_SYSTEM_INTERPOLATION,MAPPED_EXACT,0,18.852,1791339373.039771,0.01342320442199707,0.0,RGB,0.0,0,1,0,UNCALIBRATED,PREPARATION,UNKNOWN,TURNING,0.0,0,0.0,nan,nan,nan,nan,False,0.0,0.0,0.0,0.0,0,0,0,0,0,0.0,0.0,0.0,0.0,0.0,0.0,0.0,0.0,0.0,0.0,0.0,0.0,0.0,0.0,0.0,0.0,0.0,0.0,0.0,0.0,0.0,0.0,0.0,0.0,0.0,0.0,0.0,0.0,False,CLOCK_REFERENCE_READY,0,79.82,1791339434.0870543,nan,nan,nan,nan,nan,nan,nan,nan,nan,nan,nan,nan,nan,nan,nan,nan,nan,nan,nan,nan,nan,nan,nan,nan,nan,nan,nan,nan,nan,nan,nan,nan,nan,nan,nan,nan,nan,nan,nan,nan,nan,nan,nan,nan,nan,nan,nan,True,GEOMETRY_DISABLED,none,MODEL_ORIGIN_FRAME_NOT_ESTABLISHED,nan,nan,nan,nan,nan,nan,nan,nan,nan,nan,nan,nan,nan,NOT_EVALUATED,nan,nan,nan,0.0,BEFORE_HISTORY,nan,nan,nan,nan,nan,nan
0.0,1791339434.5872982,1791339434.5923214,1791339434.5923214,front_rgbd_red_sphere,False,False,False,DEPTH_FRAME_UNMATCHED,79.952,79.852,1791339434.2384665,1791339434.5872982,1791339373.039771,1791339373.039771,1791339373.039771,0.09999999999999432,1791339372.4717689,1791339373.467773,1791339373.3106868,1791339373.467773,1791339373.314687,1791339373.471771,1791339372.4677722,1791339373.467773,1791339372.4717689,1791339373.471771,1791339354.187771,GAZEBO_CLOCK_SYSTEM_INTERPOLATION,MAPPED_EXACT,0,18.852,1791339373.039771,0.01342320442199707,0.0,RGB,0.0,0,1,0,UNCALIBRATED,PREPARATION,UNKNOWN,TURNING,0.0,0,0.0,nan,nan,nan,nan,False,0.0,0.0,0.0,0.0,0,0,0,0,0,0.0,0.0,0.0,0.0,0.0,0.0,0.0,0.0,0.0,0.0,0.0,0.0,0.0,0.0,0.0,0.0,0.0,0.0,0.0,0.0,0.0,0.0,0.0,0.0,0.0,0.0,0.0,0.0,False,CLOCK_REFERENCE_READY,0,80.32,1791339434.5870519,nan,nan,nan,nan,nan,nan,nan,nan,nan,nan,nan,nan,nan,nan,nan,nan,nan,nan,nan,nan,nan,nan,nan,nan,nan,nan,nan,nan,nan,nan,nan,nan,nan,nan,nan,nan,nan,nan,nan,nan,nan,nan,nan,nan,nan,nan,nan,True,GEOMETRY_DISABLED,none,MODEL_ORIGIN_FRAME_NOT_ESTABLISHED,nan,nan,nan,nan,nan,nan,nan,nan,nan,nan,nan,nan,nan,NOT_EVALUATED,nan,nan,nan,0.0,BEFORE_HISTORY,nan,nan,nan,nan,nan,nan
0.0,1791339435.4924717,1791339435.4932156,1791339435.4932156,front_rgbd_red_sphere,False,False,False,DEPTH_FRAME_UNMATCHED,80.8,80.7,1791339435.0845919,1791339435.4924717,1791339373.039771,1791339373.039771,1791339373.039771,0.09999999999999432,1791339372.4717689,1791339373.467773,1791339373.3106868,1791339373.467773,1791339373.314687,1791339373.471771,1791339372.4677722,1791339373.467773,1791339372.4717689,1791339373.471771,1791339354.187771,GAZEBO_CLOCK_SYSTEM_INTERPOLATION,MAPPED_EXACT,0,18.852,1791339373.039771,0.01342320442199707,0.0,RGB,0.0,0,1,0,UNCALIBRATED,PREPARATION,UNKNOWN,TURNING,0.0,0,0.0,nan,nan,nan,nan,False,0.0,0.0,0.0,0.0,0,0,0,0,0,0.0,0.0,0.0,0.0,0.0,0.0,0.0,0.0,0.0,0.0,0.0,0.0,0.0,0.0,0.0,0.0,0.0,0.0,0.0,0.0,0.0,0.0,0.0,0.0,0.0,0.0,0.0,0.0,False,CLOCK_REFERENCE_READY,0,81.22,1791339435.4870532,nan,nan,nan,nan,nan,nan,nan,nan,nan,nan,nan,nan,nan,nan,nan,nan,nan,nan,nan,nan,nan,nan,nan,nan,nan,nan,nan,nan,nan,nan,nan,nan,nan,nan,nan,nan,nan,nan,nan,nan,nan,nan,nan,nan,nan,nan,nan,True,GEOMETRY_DISABLED,none,MODEL_ORIGIN_FRAME_NOT_ESTABLISHED,nan,nan,nan,nan,nan,nan,nan,nan,nan,nan,nan,nan,nan,NOT_EVALUATED,nan,nan,nan,0.0,BEFORE_HISTORY,nan,nan,nan,nan,nan,nan
0.0,1791339435.8902373,1791339435.8923023,1791339435.8923023,front_rgbd_red_sphere,False,False,False,DEPTH_FRAME_UNMATCHED,81.252,81.152,1791339435.5372574,1791339435.8902373,1791339373.039771,1791339373.039771,1791339373.039771,0.09999999999999432,1791339372.4717689,1791339373.467773,1791339373.3106868,1791339373.467773,1791339373.314687,1791339373.471771,1791339372.4677722,1791339373.467773,1791339372.4717689,1791339373.471771,1791339354.187771,GAZEBO_CLOCK_SYSTEM_INTERPOLATION,MAPPED_EXACT,0,18.852,1791339373.039771,0.01342320442199707,0.0,RGB,0.0,0,1,0,UNCALIBRATED,PREPARATION,UNKNOWN,TURNING,0.0,0,0.0,nan,nan,nan,nan,False,0.0,0.0,0.0,0.0,0,0,0,0,0,0.0,0.0,0.0,0.0,0.0,0.0,0.0,0.0,0.0,0.0,0.0,0.0,0.0,0.0,0.0,0.0,0.0,0.0,0.0,0.0,0.0,0.0,0.0,0.0,0.0,0.0,0.0,0.0,False,CLOCK_REFERENCE_READY,0,81.62,1791339435.8870523,nan,nan,nan,nan,nan,nan,nan,nan,nan,nan,nan,nan,nan,nan,nan,nan,nan,nan,nan,nan,nan,nan,nan,nan,nan,nan,nan,nan,nan,nan,nan,nan,nan,nan,nan,nan,nan,nan,nan,nan,nan,nan,nan,nan,nan,nan,nan,True,GEOMETRY_DISABLED,none,MODEL_ORIGIN_FRAME_NOT_ESTABLISHED,nan,nan,nan,nan,nan,nan,nan,nan,nan,nan,nan,nan,nan,NOT_EVALUATED,nan,nan,nan,0.0,BEFORE_HISTORY,nan,nan,nan,nan,nan,nan
0.0,1791339435.9786475,1791339435.992305,1791339435.992305,front_rgbd_red_sphere,False,False,False,DEPTH_FRAME_UNMATCHED,81.3,81.2,1791339435.5946586,1791339435.9786475,1791339373.039771,1791339373.039771,1791339373.039771,0.09999999999999432,1791339372.4717689,1791339373.467773,1791339373.3106868,1791339373.467773,1791339373.314687,1791339373.471771,1791339372.4677722,1791339373.467773,1791339372.4717689,1791339373.471771,1791339354.187771,GAZEBO_CLOCK_SYSTEM_INTERPOLATION,MAPPED_EXACT,0,18.852,1791339373.039771,0.01342320442199707,0.0,RGB,0.0,0,1,0,UNCALIBRATED,PREPARATION,UNKNOWN,TURNING,0.0,0,0.0,nan,nan,nan,nan,False,0.0,0.0,0.0,0.0,0,0,0,0,0,0.0,0.0,0.0,0.0,0.0,0.0,0.0,0.0,0.0,0.0,0.0,0.0,0.0,0.0,0.0,0.0,0.0,0.0,0.0,0.0,0.0,0.0,0.0,0.0,0.0,0.0,0.0,0.0,False,CLOCK_REFERENCE_READY,0,81.72,1791339435.9870505,nan,nan,nan,nan,nan,nan,nan,nan,nan,nan,nan,nan,nan,nan,nan,nan,nan,nan,nan,nan,nan,nan,nan,nan,nan,nan,nan,nan,nan,nan,nan,nan,nan,nan,nan,nan,nan,nan,nan,nan,nan,nan,nan,nan,nan,nan,nan,True,GEOMETRY_DISABLED,none,MODEL_ORIGIN_FRAME_NOT_ESTABLISHED,nan,nan,nan,nan,nan,nan,nan,nan,nan,nan,nan,nan,nan,NOT_EVALUATED,nan,nan,nan,0.0,BEFORE_HISTORY,nan,nan,nan,nan,nan,nan
0.0,1791339436.1898453,1791339436.1922457,1791339436.1922457,front_rgbd_red_sphere,False,False,False,DEPTH_FRAME_UNMATCHED,81.5,81.4,1791339435.7869906,1791339436.1898453,1791339373.039771,1791339373.039771,1791339373.039771,0.09999999999999432,1791339372.4717689,1791339373.467773,1791339373.3106868,1791339373.467773,1791339373.314687,1791339373.471771,1791339372.4677722,1791339373.467773,1791339372.4717689,1791339373.471771,1791339354.187771,GAZEBO_CLOCK_SYSTEM_INTERPOLATION,MAPPED_EXACT,0,18.852,1791339373.039771,0.01342320442199707,0.0,RGB,0.0,0,1,0,UNCALIBRATED,PREPARATION,UNKNOWN,TURNING,0.0,0,0.0,nan,nan,nan,nan,False,0.0,0.0,0.0,0.0,0,0,0,0,0,0.0,0.0,0.0,0.0,0.0,0.0,0.0,0.0,0.0,0.0,0.0,0.0,0.0,0.0,0.0,0.0,0.0,0.0,0.0,0.0,0.0,0.0,0.0,0.0,0.0,0.0,0.0,0.0,False,CLOCK_REFERENCE_READY,0,81.92,1791339436.1870565,nan,nan,nan,nan,nan,nan,nan,nan,nan,nan,nan,nan,nan,nan,nan,nan,nan,nan,nan,nan,nan,nan,nan,nan,nan,nan,nan,nan,nan,nan,nan,nan,nan,nan,nan,nan,nan,nan,nan,nan,nan,nan,nan,nan,nan,nan,nan,True,GEOMETRY_DISABLED,none,MODEL_ORIGIN_FRAME_NOT_ESTABLISHED,nan,nan,nan,nan,nan,nan,nan,nan,nan,nan,nan,nan,nan,NOT_EVALUATED,nan,nan,nan,0.0,BEFORE_HISTORY,nan,nan,nan,nan,nan,nan
0.0,1791339436.9780762,1791339436.9923494,1791339436.9923494,front_rgbd_red_sphere,False,False,False,DEPTH_FRAME_UNMATCHED,82.3,82.252,1791339436.5877333,1791339436.9780762,1791339373.039771,1791339373.039771,1791339373.039771,0.04800000000000182,1791339372.4717689,1791339373.467773,1791339373.3106868,1791339373.467773,1791339373.314687,1791339373.471771,1791339372.4677722,1791339373.467773,1791339372.4717689,1791339373.471771,1791339354.187771,GAZEBO_CLOCK_SYSTEM_INTERPOLATION,MAPPED_EXACT,0,18.852,1791339373.039771,0.01342320442199707,0.0,RGB,0.0,0,1,0,UNCALIBRATED,PREPARATION,UNKNOWN,TURNING,0.0,0,0.0,nan,nan,nan,nan,False,0.0,0.0,0.0,0.0,0,0,0,0,0,0.0,0.0,0.0,0.0,0.0,0.0,0.0,0.0,0.0,0.0,0.0,0.0,0.0,0.0,0.0,0.0,0.0,0.0,0.0,0.0,0.0,0.0,0.0,0.0,0.0,0.0,0.0,0.0,False,CLOCK_REFERENCE_READY,0,82.72,1791339436.9870422,nan,nan,nan,nan,nan,nan,nan,nan,nan,nan,nan,nan,nan,nan,nan,nan,nan,nan,nan,nan,nan,nan,nan,nan,nan,nan,nan,nan,nan,nan,nan,nan,nan,nan,nan,nan,nan,nan,nan,nan,nan,nan,nan,nan,nan,nan,nan,True,GEOMETRY_DISABLED,none,MODEL_ORIGIN_FRAME_NOT_ESTABLISHED,nan,nan,nan,nan,nan,nan,nan,nan,nan,nan,nan,nan,nan,NOT_EVALUATED,nan,nan,nan,0.0,BEFORE_HISTORY,nan,nan,nan,nan,nan,nan
0.0,1791339438.1422195,1791339438.192243,1791339438.192243,front_rgbd_red_sphere,False,False,False,DEPTH_FRAME_UNMATCHED,83.5,83.4,1791339437.7869284,1791339438.1422195,1791339373.039771,1791339373.039771,1791339373.039771,0.09999999999999432,1791339372.4717689,1791339373.467773,1791339373.3106868,1791339373.467773,1791339373.314687,1791339373.471771,1791339372.4677722,1791339373.467773,1791339372.4717689,1791339373.471771,1791339354.187771,GAZEBO_CLOCK_SYSTEM_INTERPOLATION,MAPPED_EXACT,0,18.852,1791339373.039771,0.01342320442199707,0.0,RGB,0.0,0,1,0,UNCALIBRATED,PREPARATION,UNKNOWN,TURNING,0.0,0,0.0,nan,nan,nan,nan,False,0.0,0.0,0.0,0.0,0,0,0,0,0,0.0,0.0,0.0,0.0,0.0,0.0,0.0,0.0,0.0,0.0,0.0,0.0,0.0,0.0,0.0,0.0,0.0,0.0,0.0,0.0,0.0,0.0,0.0,0.0,0.0,0.0,0.0,0.0,False,CLOCK_REFERENCE_READY,0,83.92,1791339438.1870437,nan,nan,nan,nan,nan,nan,nan,nan,nan,nan,nan,nan,nan,nan,nan,nan,nan,nan,nan,nan,nan,nan,nan,nan,nan,nan,nan,nan,nan,nan,nan,nan,nan,nan,nan,nan,nan,nan,nan,nan,nan,nan,nan,nan,nan,nan,nan,True,GEOMETRY_DISABLED,none,MODEL_ORIGIN_FRAME_NOT_ESTABLISHED,nan,nan,nan,nan,nan,nan,nan,nan,nan,nan,nan,nan,nan,NOT_EVALUATED,nan,nan,nan,0.0,BEFORE_HISTORY,nan,nan,nan,nan,nan,nan
0.0,1791339438.489946,1791339438.4923377,1791339438.4923377,front_rgbd_red_sphere,False,False,False,DEPTH_FRAME_UNMATCHED,83.852,83.752,1791339438.1379023,1791339438.489946,1791339373.039771,1791339373.039771,1791339373.039771,0.10000000000000853,1791339372.4717689,1791339373.467773,1791339373.3106868,1791339373.467773,1791339373.314687,1791339373.471771,1791339372.4677722,1791339373.467773,1791339372.4717689,1791339373.471771,1791339354.187771,GAZEBO_CLOCK_SYSTEM_INTERPOLATION,MAPPED_EXACT,0,18.852,1791339373.039771,0.01342320442199707,0.0,RGB,0.0,0,1,0,UNCALIBRATED,PREPARATION,UNKNOWN,TURNING,0.0,0,0.0,nan,nan,nan,nan,False,0.0,0.0,0.0,0.0,0,0,0,0,0,0.0,0.0,0.0,0.0,0.0,0.0,0.0,0.0,0.0,0.0,0.0,0.0,0.0,0.0,0.0,0.0,0.0,0.0,0.0,0.0,0.0,0.0,0.0,0.0,0.0,0.0,0.0,0.0,False,CLOCK_REFERENCE_READY,0,84.22,1791339438.4870512,nan,nan,nan,nan,nan,nan,nan,nan,nan,nan,nan,nan,nan,nan,nan,nan,nan,nan,nan,nan,nan,nan,nan,nan,nan,nan,nan,nan,nan,nan,nan,nan,nan,nan,nan,nan,nan,nan,nan,nan,nan,nan,nan,nan,nan,nan,nan,True,GEOMETRY_DISABLED,none,MODEL_ORIGIN_FRAME_NOT_ESTABLISHED,nan,nan,nan,nan,nan,nan,nan,nan,nan,nan,nan,nan,nan,NOT_EVALUATED,nan,nan,nan,0.0,BEFORE_HISTORY,nan,nan,nan,nan,nan,nan
0.0,1791339438.5847816,1791339438.5923097,1791339438.5923097,front_rgbd_red_sphere,False,False,False,DEPTH_FRAME_UNMATCHED,83.9,83.852,1791339438.1948776,1791339438.5847816,1791339373.039771,1791339373.039771,1791339373.039771,0.04800000000000182,1791339372.4717689,1791339373.467773,1791339373.3106868,1791339373.467773,1791339373.314687,1791339373.471771,1791339372.4677722,1791339373.467773,1791339372.4717689,1791339373.471771,1791339354.187771,GAZEBO_CLOCK_SYSTEM_INTERPOLATION,MAPPED_EXACT,0,18.852,1791339373.039771,0.01342320442199707,0.0,RGB,0.0,0,1,0,UNCALIBRATED,PREPARATION,UNKNOWN,TURNING,0.0,0,0.0,nan,nan,nan,nan,False,0.0,0.0,0.0,0.0,0,0,0,0,0,0.0,0.0,0.0,0.0,0.0,0.0,0.0,0.0,0.0,0.0,0.0,0.0,0.0,0.0,0.0,0.0,0.0,0.0,0.0,0.0,0.0,0.0,0.0,0.0,0.0,0.0,0.0,0.0,False,CLOCK_REFERENCE_READY,0,84.32,1791339438.5870433,nan,nan,nan,nan,nan,nan,nan,nan,nan,nan,nan,nan,nan,nan,nan,nan,nan,nan,nan,nan,nan,nan,nan,nan,nan,nan,nan,nan,nan,nan,nan,nan,nan,nan,nan,nan,nan,nan,nan,nan,nan,nan,nan,nan,nan,nan,nan,True,GEOMETRY_DISABLED,none,MODEL_ORIGIN_FRAME_NOT_ESTABLISHED,nan,nan,nan,nan,nan,nan,nan,nan,nan,nan,nan,nan,nan,NOT_EVALUATED,nan,nan,nan,0.0,BEFORE_HISTORY,nan,nan,nan,nan,nan,nan
0.0,1791339438.66746,1791339438.6922345,1791339438.6922345,front_rgbd_red_sphere,False,False,False,DEPTH_FRAME_UNMATCHED,84.0,83.9,1791339438.2936375,1791339438.66746,1791339373.039771,1791339373.039771,1791339373.039771,0.09999999999999432,1791339372.4717689,1791339373.467773,1791339373.3106868,1791339373.467773,1791339373.314687,1791339373.471771,1791339372.4677722,1791339373.467773,1791339372.4717689,1791339373.471771,1791339354.187771,GAZEBO_CLOCK_SYSTEM_INTERPOLATION,MAPPED_EXACT,0,18.852,1791339373.039771,0.01342320442199707,0.0,RGB,0.0,0,1,0,UNCALIBRATED,PREPARATION,UNKNOWN,TURNING,0.0,0,0.0,nan,nan,nan,nan,False,0.0,0.0,0.0,0.0,0,0,0,0,0,0.0,0.0,0.0,0.0,0.0,0.0,0.0,0.0,0.0,0.0,0.0,0.0,0.0,0.0,0.0,0.0,0.0,0.0,0.0,0.0,0.0,0.0,0.0,0.0,0.0,0.0,0.0,0.0,False,CLOCK_REFERENCE_READY,0,84.42,1791339438.687052,nan,nan,nan,nan,nan,nan,nan,nan,nan,nan,nan,nan,nan,nan,nan,nan,nan,nan,nan,nan,nan,nan,nan,nan,nan,nan,nan,nan,nan,nan,nan,nan,nan,nan,nan,nan,nan,nan,nan,nan,nan,nan,nan,nan,nan,nan,nan,True,GEOMETRY_DISABLED,none,MODEL_ORIGIN_FRAME_NOT_ESTABLISHED,nan,nan,nan,nan,nan,nan,nan,nan,nan,nan,nan,nan,nan,NOT_EVALUATED,nan,nan,nan,0.0,BEFORE_HISTORY,nan,nan,nan,nan,nan,nan
0.0,1791339439.1542358,1791339439.1922195,1791339439.1922195,front_rgbd_red_sphere,False,False,False,DEPTH_FRAME_UNMATCHED,84.5,84.4,1791339438.787051,1791339439.1542358,1791339373.039771,1791339373.039771,1791339373.039771,0.09999999999999432,1791339372.4717689,1791339373.467773,1791339373.3106868,1791339373.467773,1791339373.314687,1791339373.471771,1791339372.4677722,1791339373.467773,1791339372.4717689,1791339373.471771,1791339354.187771,GAZEBO_CLOCK_SYSTEM_INTERPOLATION,MAPPED_EXACT,0,18.852,1791339373.039771,0.01342320442199707,0.0,RGB,0.0,0,1,0,UNCALIBRATED,PREPARATION,UNKNOWN,TURNING,0.0,0,0.0,nan,nan,nan,nan,False,0.0,0.0,0.0,0.0,0,0,0,0,0,0.0,0.0,0.0,0.0,0.0,0.0,0.0,0.0,0.0,0.0,0.0,0.0,0.0,0.0,0.0,0.0,0.0,0.0,0.0,0.0,0.0,0.0,0.0,0.0,0.0,0.0,0.0,0.0,False,CLOCK_REFERENCE_READY,0,84.92,1791339439.1870537,nan,nan,nan,nan,nan,nan,nan,nan,nan,nan,nan,nan,nan,nan,nan,nan,nan,nan,nan,nan,nan,nan,nan,nan,nan,nan,nan,nan,nan,nan,nan,nan,nan,nan,nan,nan,nan,nan,nan,nan,nan,nan,nan,nan,nan,nan,nan,True,GEOMETRY_DISABLED,none,MODEL_ORIGIN_FRAME_NOT_ESTABLISHED,nan,nan,nan,nan,nan,nan,nan,nan,nan,nan,nan,nan,nan,NOT_EVALUATED,nan,nan,nan,0.0,BEFORE_HISTORY,nan,nan,nan,nan,nan,nan
0.0,1791339439.4897914,1791339439.492222,1791339439.492222,front_rgbd_red_sphere,False,False,False,DEPTH_FRAME_UNMATCHED,84.852,84.752,1791339439.148874,1791339439.4897914,1791339373.039771,1791339373.039771,1791339373.039771,0.10000000000000853,1791339372.4717689,1791339373.467773,1791339373.3106868,1791339373.467773,1791339373.314687,1791339373.471771,1791339372.4677722,1791339373.467773,1791339372.4717689,1791339373.471771,1791339354.187771,GAZEBO_CLOCK_SYSTEM_INTERPOLATION,MAPPED_EXACT,0,18.852,1791339373.039771,0.01342320442199707,0.0,RGB,0.0,0,1,0,UNCALIBRATED,PREPARATION,UNKNOWN,TURNING,0.0,0,0.0,nan,nan,nan,nan,False,0.0,0.0,0.0,0.0,0,0,0,0,0,0.0,0.0,0.0,0.0,0.0,0.0,0.0,0.0,0.0,0.0,0.0,0.0,0.0,0.0,0.0,0.0,0.0,0.0,0.0,0.0,0.0,0.0,0.0,0.0,0.0,0.0,0.0,0.0,False,CLOCK_REFERENCE_READY,0,85.22,1791339439.4870534,nan,nan,nan,nan,nan,nan,nan,nan,nan,nan,nan,nan,nan,nan,nan,nan,nan,nan,nan,nan,nan,nan,nan,nan,nan,nan,nan,nan,nan,nan,nan,nan,nan,nan,nan,nan,nan,nan,nan,nan,nan,nan,nan,nan,nan,nan,nan,True,GEOMETRY_DISABLED,none,MODEL_ORIGIN_FRAME_NOT_ESTABLISHED,nan,nan,nan,nan,nan,nan,nan,nan,nan,nan,nan,nan,nan,NOT_EVALUATED,nan,nan,nan,0.0,BEFORE_HISTORY,nan,nan,nan,nan,nan,nan
0.0,1791339440.0922554,1791339440.0930328,1791339440.0930328,front_rgbd_red_sphere,False,False,False,DEPTH_FRAME_UNMATCHED,85.452,85.352,1791339439.7401369,1791339440.0922554,1791339373.039771,1791339373.039771,1791339373.039771,0.09999999999999432,1791339372.4717689,1791339373.467773,1791339373.3106868,1791339373.467773,1791339373.314687,1791339373.471771,1791339372.4677722,1791339373.467773,1791339372.4717689,1791339373.471771,1791339354.187771,GAZEBO_CLOCK_SYSTEM_INTERPOLATION,MAPPED_EXACT,0,18.852,1791339373.039771,0.01342320442199707,0.0,RGB,0.0,0,1,0,UNCALIBRATED,PREPARATION,UNKNOWN,STRAIGHT,0.0,0,0.0,nan,nan,nan,nan,False,0.0,0.0,0.0,0.0,0,0,0,0,0,0.0,0.0,0.0,0.0,0.0,0.0,0.0,0.0,0.0,0.0,0.0,0.0,0.0,0.0,0.0,0.0,0.0,0.0,0.0,0.0,0.0,0.0,0.0,0.0,0.0,0.0,0.0,0.0,False,CLOCK_REFERENCE_READY,0,85.82,1791339440.0870562,nan,nan,nan,nan,nan,nan,nan,nan,nan,nan,nan,nan,nan,nan,nan,nan,nan,nan,nan,nan,nan,nan,nan,nan,nan,nan,nan,nan,nan,nan,nan,nan,nan,nan,nan,nan,nan,nan,nan,nan,nan,nan,nan,nan,nan,nan,nan,True,GEOMETRY_DISABLED,none,MODEL_ORIGIN_FRAME_NOT_ESTABLISHED,nan,nan,nan,nan,nan,nan,nan,nan,nan,nan,nan,nan,nan,NOT_EVALUATED,nan,nan,nan,0.0,BEFORE_HISTORY,nan,nan,nan,nan,nan,nan
0.0,1791339440.7684026,1791339440.792372,1791339440.792372,front_rgbd_red_sphere,False,False,False,DEPTH_FRAME_UNMATCHED,86.1,86.0,1791339440.3856604,1791339440.7684026,1791339373.039771,1791339373.039771,1791339373.039771,0.09999999999999432,1791339372.4717689,1791339373.467773,1791339373.3106868,1791339373.467773,1791339373.314687,1791339373.471771,1791339372.4677722,1791339373.467773,1791339372.4717689,1791339373.471771,1791339354.187771,GAZEBO_CLOCK_SYSTEM_INTERPOLATION,MAPPED_EXACT,0,18.852,1791339373.039771,0.01342320442199707,0.0,RGB,0.0,0,1,0,UNCALIBRATED,PREPARATION,UNKNOWN,STRAIGHT,0.0,0,0.0,nan,nan,nan,nan,False,0.0,0.0,0.0,0.0,0,0,0,0,0,0.0,0.0,0.0,0.0,0.0,0.0,0.0,0.0,0.0,0.0,0.0,0.0,0.0,0.0,0.0,0.0,0.0,0.0,0.0,0.0,0.0,0.0,0.0,0.0,0.0,0.0,0.0,0.0,False,CLOCK_REFERENCE_READY,0,86.52,1791339440.787057,nan,nan,nan,nan,nan,nan,nan,nan,nan,nan,nan,nan,nan,nan,nan,nan,nan,nan,nan,nan,nan,nan,nan,nan,nan,nan,nan,nan,nan,nan,nan,nan,nan,nan,nan,nan,nan,nan,nan,nan,nan,nan,nan,nan,nan,nan,nan,True,GEOMETRY_DISABLED,none,MODEL_ORIGIN_FRAME_NOT_ESTABLISHED,nan,nan,nan,nan,nan,nan,nan,nan,nan,nan,nan,nan,nan,NOT_EVALUATED,nan,nan,nan,0.0,BEFORE_HISTORY,nan,nan,nan,nan,nan,nan
0.0,1791339440.8736782,1791339440.8928075,1791339440.8928075,front_rgbd_red_sphere,False,False,False,DEPTH_FRAME_UNMATCHED,86.2,86.1,1791339440.4832895,1791339440.8736782,1791339373.039771,1791339373.039771,1791339373.039771,0.10000000000000853,1791339372.4717689,1791339373.467773,1791339373.3106868,1791339373.467773,1791339373.314687,1791339373.471771,1791339372.4677722,1791339373.467773,1791339372.4717689,1791339373.471771,1791339354.187771,GAZEBO_CLOCK_SYSTEM_INTERPOLATION,MAPPED_EXACT,0,18.852,1791339373.039771,0.01342320442199707,0.0,RGB,0.0,0,1,0,UNCALIBRATED,PREPARATION,UNKNOWN,STRAIGHT,0.0,0,0.0,nan,nan,nan,nan,False,0.0,0.0,0.0,0.0,0,0,0,0,0,0.0,0.0,0.0,0.0,0.0,0.0,0.0,0.0,0.0,0.0,0.0,0.0,0.0,0.0,0.0,0.0,0.0,0.0,0.0,0.0,0.0,0.0,0.0,0.0,0.0,0.0,0.0,0.0,False,CLOCK_REFERENCE_READY,0,86.616,1791339440.88306,nan,nan,nan,nan,nan,nan,nan,nan,nan,nan,nan,nan,nan,nan,nan,nan,nan,nan,nan,nan,nan,nan,nan,nan,nan,nan,nan,nan,nan,nan,nan,nan,nan,nan,nan,nan,nan,nan,nan,nan,nan,nan,nan,nan,nan,nan,nan,True,GEOMETRY_DISABLED,none,MODEL_ORIGIN_FRAME_NOT_ESTABLISHED,nan,nan,nan,nan,nan,nan,nan,nan,nan,nan,nan,nan,nan,NOT_EVALUATED,nan,nan,nan,0.0,BEFORE_HISTORY,nan,nan,nan,nan,nan,nan
0.0,1791339441.4889956,1791339441.4922345,1791339441.4922345,front_rgbd_red_sphere,False,False,False,DEPTH_FRAME_UNMATCHED,86.852,86.752,1791339441.144956,1791339441.4889956,1791339373.039771,1791339373.039771,1791339373.039771,0.10000000000000853,1791339372.4717689,1791339373.467773,1791339373.3106868,1791339373.467773,1791339373.314687,1791339373.471771,1791339372.4677722,1791339373.467773,1791339372.4717689,1791339373.471771,1791339354.187771,GAZEBO_CLOCK_SYSTEM_INTERPOLATION,MAPPED_EXACT,0,18.852,1791339373.039771,0.01342320442199707,0.0,RGB,0.0,0,1,0,UNCALIBRATED,PREPARATION,UNKNOWN,STRAIGHT,0.0,0,0.0,nan,nan,nan,nan,False,0.0,0.0,0.0,0.0,0,0,0,0,0,0.0,0.0,0.0,0.0,0.0,0.0,0.0,0.0,0.0,0.0,0.0,0.0,0.0,0.0,0.0,0.0,0.0,0.0,0.0,0.0,0.0,0.0,0.0,0.0,0.0,0.0,0.0,0.0,False,CLOCK_REFERENCE_READY,0,87.216,1791339441.4830525,nan,nan,nan,nan,nan,nan,nan,nan,nan,nan,nan,nan,nan,nan,nan,nan,nan,nan,nan,nan,nan,nan,nan,nan,nan,nan,nan,nan,nan,nan,nan,nan,nan,nan,nan,nan,nan,nan,nan,nan,nan,nan,nan,nan,nan,nan,nan,True,GEOMETRY_DISABLED,none,MODEL_ORIGIN_FRAME_NOT_ESTABLISHED,nan,nan,nan,nan,nan,nan,nan,nan,nan,nan,nan,nan,nan,NOT_EVALUATED,nan,nan,nan,0.0,BEFORE_HISTORY,nan,nan,nan,nan,nan,nan
0.0,1791339441.5820124,1791339441.5922074,1791339441.5922074,front_rgbd_red_sphere,False,False,False,DEPTH_FRAME_UNMATCHED,86.9,86.852,1791339441.1825428,1791339441.5820124,1791339373.039771,1791339373.039771,1791339373.039771,0.04800000000000182,1791339372.4717689,1791339373.467773,1791339373.3106868,1791339373.467773,1791339373.314687,1791339373.471771,1791339372.4677722,1791339373.467773,1791339372.4717689,1791339373.471771,1791339354.187771,GAZEBO_CLOCK_SYSTEM_INTERPOLATION,MAPPED_EXACT,0,18.852,1791339373.039771,0.01342320442199707,0.0,RGB,0.0,0,1,0,UNCALIBRATED,PREPARATION,UNKNOWN,STRAIGHT,0.0,0,0.0,nan,nan,nan,nan,False,0.0,0.0,0.0,0.0,0,0,0,0,0,0.0,0.0,0.0,0.0,0.0,0.0,0.0,0.0,0.0,0.0,0.0,0.0,0.0,0.0,0.0,0.0,0.0,0.0,0.0,0.0,0.0,0.0,0.0,0.0,0.0,0.0,0.0,0.0,False,CLOCK_REFERENCE_READY,0,87.316,1791339441.5830834,nan,nan,nan,nan,nan,nan,nan,nan,nan,nan,nan,nan,nan,nan,nan,nan,nan,nan,nan,nan,nan,nan,nan,nan,nan,nan,nan,nan,nan,nan,nan,nan,nan,nan,nan,nan,nan,nan,nan,nan,nan,nan,nan,nan,nan,nan,nan,True,GEOMETRY_DISABLED,none,MODEL_ORIGIN_FRAME_NOT_ESTABLISHED,nan,nan,nan,nan,nan,nan,nan,nan,nan,nan,nan,nan,nan,NOT_EVALUATED,nan,nan,nan,0.0,BEFORE_HISTORY,nan,nan,nan,nan,nan,nan
0.0,1791339442.3535948,1791339442.3922994,1791339442.3922994,front_rgbd_red_sphere,False,False,False,DEPTH_FRAME_UNMATCHED,87.7,87.6,1791339441.9888604,1791339442.3535948,1791339373.039771,1791339373.039771,1791339373.039771,0.10000000000000853,1791339372.4717689,1791339373.467773,1791339373.3106868,1791339373.467773,1791339373.314687,1791339373.471771,1791339372.4677722,1791339373.467773,1791339372.4717689,1791339373.471771,1791339354.187771,GAZEBO_CLOCK_SYSTEM_INTERPOLATION,MAPPED_EXACT,0,18.852,1791339373.039771,0.01342320442199707,0.0,RGB,0.0,0,1,0,UNCALIBRATED,PREPARATION,UNKNOWN,STRAIGHT,0.0,0,0.0,nan,nan,nan,nan,False,0.0,0.0,0.0,0.0,0,0,0,0,0,0.0,0.0,0.0,0.0,0.0,0.0,0.0,0.0,0.0,0.0,0.0,0.0,0.0,0.0,0.0,0.0,0.0,0.0,0.0,0.0,0.0,0.0,0.0,0.0,0.0,0.0,0.0,0.0,False,CLOCK_REFERENCE_READY,0,88.116,1791339442.383055,nan,nan,nan,nan,nan,nan,nan,nan,nan,nan,nan,nan,nan,nan,nan,nan,nan,nan,nan,nan,nan,nan,nan,nan,nan,nan,nan,nan,nan,nan,nan,nan,nan,nan,nan,nan,nan,nan,nan,nan,nan,nan,nan,nan,nan,nan,nan,True,GEOMETRY_DISABLED,none,MODEL_ORIGIN_FRAME_NOT_ESTABLISHED,nan,nan,nan,nan,nan,nan,nan,nan,nan,nan,nan,nan,nan,NOT_EVALUATED,nan,nan,nan,0.0,BEFORE_HISTORY,nan,nan,nan,nan,nan,nan
0.0,1791339442.8892586,1791339442.8923125,1791339442.8923125,front_rgbd_red_sphere,False,False,False,DEPTH_FRAME_UNMATCHED,88.252,88.152,1791339442.5428123,1791339442.8892586,1791339373.039771,1791339373.039771,1791339373.039771,0.09999999999999432,1791339372.4717689,1791339373.467773,1791339373.3106868,1791339373.467773,1791339373.314687,1791339373.471771,1791339372.4677722,1791339373.467773,1791339372.4717689,1791339373.471771,1791339354.187771,GAZEBO_CLOCK_SYSTEM_INTERPOLATION,MAPPED_EXACT,0,18.852,1791339373.039771,0.01342320442199707,0.0,RGB,0.0,0,1,0,UNCALIBRATED,PREPARATION,UNKNOWN,STRAIGHT,0.0,0,0.0,nan,nan,nan,nan,False,0.0,0.0,0.0,0.0,0,0,0,0,0,0.0,0.0,0.0,0.0,0.0,0.0,0.0,0.0,0.0,0.0,0.0,0.0,0.0,0.0,0.0,0.0,0.0,0.0,0.0,0.0,0.0,0.0,0.0,0.0,0.0,0.0,0.0,0.0,False,CLOCK_REFERENCE_READY,0,88.616,1791339442.8830512,nan,nan,nan,nan,nan,nan,nan,nan,nan,nan,nan,nan,nan,nan,nan,nan,nan,nan,nan,nan,nan,nan,nan,nan,nan,nan,nan,nan,nan,nan,nan,nan,nan,nan,nan,nan,nan,nan,nan,nan,nan,nan,nan,nan,nan,nan,nan,True,GEOMETRY_DISABLED,none,MODEL_ORIGIN_FRAME_NOT_ESTABLISHED,nan,nan,nan,nan,nan,nan,nan,nan,nan,nan,nan,nan,nan,NOT_EVALUATED,nan,nan,nan,0.0,BEFORE_HISTORY,nan,nan,nan,nan,nan,nan
0.0,1791339442.992809,1791339442.9934165,1791339442.9934165,front_rgbd_red_sphere,False,False,False,DEPTH_FRAME_UNMATCHED,88.352,88.2,1791339442.6442559,1791339442.992809,1791339373.039771,1791339373.039771,1791339373.039771,0.15200000000000102,1791339372.4717689,1791339373.467773,1791339373.3106868,1791339373.467773,1791339373.314687,1791339373.471771,1791339372.4677722,1791339373.467773,1791339372.4717689,1791339373.471771,1791339354.187771,GAZEBO_CLOCK_SYSTEM_INTERPOLATION,MAPPED_EXACT,0,18.852,1791339373.039771,0.01342320442199707,0.0,RGB,0.0,0,1,0,UNCALIBRATED,PREPARATION,UNKNOWN,STRAIGHT,0.0,0,0.0,nan,nan,nan,nan,False,0.0,0.0,0.0,0.0,0,0,0,0,0,0.0,0.0,0.0,0.0,0.0,0.0,0.0,0.0,0.0,0.0,0.0,0.0,0.0,0.0,0.0,0.0,0.0,0.0,0.0,0.0,0.0,0.0,0.0,0.0,0.0,0.0,0.0,0.0,False,CLOCK_REFERENCE_READY,0,88.716,1791339442.983055,nan,nan,nan,nan,nan,nan,nan,nan,nan,nan,nan,nan,nan,nan,nan,nan,nan,nan,nan,nan,nan,nan,nan,nan,nan,nan,nan,nan,nan,nan,nan,nan,nan,nan,nan,nan,nan,nan,nan,nan,nan,nan,nan,nan,nan,nan,nan,True,GEOMETRY_DISABLED,none,MODEL_ORIGIN_FRAME_NOT_ESTABLISHED,nan,nan,nan,nan,nan,nan,nan,nan,nan,nan,nan,nan,nan,NOT_EVALUATED,nan,nan,nan,0.0,BEFORE_HISTORY,nan,nan,nan,nan,nan,nan
0.0,1791339443.1900337,1791339443.1922922,1791339443.1922922,front_rgbd_red_sphere,False,False,False,DEPTH_FRAME_UNMATCHED,88.552,88.452,1791339442.8396127,1791339443.1900337,1791339373.039771,1791339373.039771,1791339373.039771,0.10000000000000853,1791339372.4717689,1791339373.467773,1791339373.3106868,1791339373.467773,1791339373.314687,1791339373.471771,1791339372.4677722,1791339373.467773,1791339372.4717689,1791339373.471771,1791339354.187771,GAZEBO_CLOCK_SYSTEM_INTERPOLATION,MAPPED_EXACT,0,18.852,1791339373.039771,0.01342320442199707,0.0,RGB,0.0,0,1,0,UNCALIBRATED,PREPARATION,UNKNOWN,STRAIGHT,0.0,0,0.0,nan,nan,nan,nan,False,0.0,0.0,0.0,0.0,0,0,0,0,0,0.0,0.0,0.0,0.0,0.0,0.0,0.0,0.0,0.0,0.0,0.0,0.0,0.0,0.0,0.0,0.0,0.0,0.0,0.0,0.0,0.0,0.0,0.0,0.0,0.0,0.0,0.0,0.0,False,CLOCK_REFERENCE_READY,0,88.916,1791339443.183056,nan,nan,nan,nan,nan,nan,nan,nan,nan,nan,nan,nan,nan,nan,nan,nan,nan,nan,nan,nan,nan,nan,nan,nan,nan,nan,nan,nan,nan,nan,nan,nan,nan,nan,nan,nan,nan,nan,nan,nan,nan,nan,nan,nan,nan,nan,nan,True,GEOMETRY_DISABLED,none,MODEL_ORIGIN_FRAME_NOT_ESTABLISHED,nan,nan,nan,nan,nan,nan,nan,nan,nan,nan,nan,nan,nan,NOT_EVALUATED,nan,nan,nan,0.0,BEFORE_HISTORY,nan,nan,nan,nan,nan,nan
0.0,1791339443.3633296,1791339443.39225,1791339443.39225,front_rgbd_red_sphere,False,False,False,DEPTH_FRAME_UNMATCHED,88.7,88.6,1791339442.9864004,1791339443.3633296,1791339373.039771,1791339373.039771,1791339373.039771,0.10000000000000853,1791339372.4717689,1791339373.467773,1791339373.3106868,1791339373.467773,1791339373.314687,1791339373.471771,1791339372.4677722,1791339373.467773,1791339372.4717689,1791339373.471771,1791339354.187771,GAZEBO_CLOCK_SYSTEM_INTERPOLATION,MAPPED_EXACT,0,18.852,1791339373.039771,0.01342320442199707,0.0,RGB,0.0,0,1,0,UNCALIBRATED,PREPARATION,UNKNOWN,STRAIGHT,0.0,0,0.0,nan,nan,nan,nan,False,0.0,0.0,0.0,0.0,0,0,0,0,0,0.0,0.0,0.0,0.0,0.0,0.0,0.0,0.0,0.0,0.0,0.0,0.0,0.0,0.0,0.0,0.0,0.0,0.0,0.0,0.0,0.0,0.0,0.0,0.0,0.0,0.0,0.0,0.0,False,CLOCK_REFERENCE_READY,0,89.112,1791339443.379053,nan,nan,nan,nan,nan,nan,nan,nan,nan,nan,nan,nan,nan,nan,nan,nan,nan,nan,nan,nan,nan,nan,nan,nan,nan,nan,nan,nan,nan,nan,nan,nan,nan,nan,nan,nan,nan,nan,nan,nan,nan,nan,nan,nan,nan,nan,nan,True,GEOMETRY_DISABLED,none,MODEL_ORIGIN_FRAME_NOT_ESTABLISHED,nan,nan,nan,nan,nan,nan,nan,nan,nan,nan,nan,nan,nan,NOT_EVALUATED,nan,nan,nan,0.0,BEFORE_HISTORY,nan,nan,nan,nan,nan,nan
0.0,1791339444.2831383,1791339444.292337,1791339444.292337,front_rgbd_red_sphere,False,False,False,DEPTH_FRAME_UNMATCHED,89.6,89.5,1791339443.887429,1791339444.2831383,1791339373.039771,1791339373.039771,1791339373.039771,0.09999999999999432,1791339372.4717689,1791339373.467773,1791339373.3106868,1791339373.467773,1791339373.314687,1791339373.471771,1791339372.4677722,1791339373.467773,1791339372.4717689,1791339373.471771,1791339354.187771,GAZEBO_CLOCK_SYSTEM_INTERPOLATION,MAPPED_EXACT,0,18.852,1791339373.039771,0.01342320442199707,0.0,RGB,0.0,0,1,0,UNCALIBRATED,PREPARATION,UNKNOWN,STRAIGHT,0.0,0,0.0,nan,nan,nan,nan,False,0.0,0.0,0.0,0.0,0,0,0,0,0,0.0,0.0,0.0,0.0,0.0,0.0,0.0,0.0,0.0,0.0,0.0,0.0,0.0,0.0,0.0,0.0,0.0,0.0,0.0,0.0,0.0,0.0,0.0,0.0,0.0,0.0,0.0,0.0,False,CLOCK_REFERENCE_READY,0,90.012,1791339444.2790573,nan,nan,nan,nan,nan,nan,nan,nan,nan,nan,nan,nan,nan,nan,nan,nan,nan,nan,nan,nan,nan,nan,nan,nan,nan,nan,nan,nan,nan,nan,nan,nan,nan,nan,nan,nan,nan,nan,nan,nan,nan,nan,nan,nan,nan,nan,nan,True,GEOMETRY_DISABLED,none,MODEL_ORIGIN_FRAME_NOT_ESTABLISHED,nan,nan,nan,nan,nan,nan,nan,nan,nan,nan,nan,nan,nan,NOT_EVALUATED,nan,nan,nan,0.0,BEFORE_HISTORY,nan,nan,nan,nan,nan,nan
0.0,1791339444.387905,1791339444.3923664,1791339444.3923664,front_rgbd_red_sphere,False,False,False,DEPTH_FRAME_UNMATCHED,89.7,89.6,1791339443.9962473,1791339444.387905,1791339373.039771,1791339373.039771,1791339373.039771,0.10000000000000853,1791339372.4717689,1791339373.467773,1791339373.3106868,1791339373.467773,1791339373.314687,1791339373.471771,1791339372.4677722,1791339373.467773,1791339372.4717689,1791339373.471771,1791339354.187771,GAZEBO_CLOCK_SYSTEM_INTERPOLATION,MAPPED_EXACT,0,18.852,1791339373.039771,0.01342320442199707,0.0,RGB,0.0,0,1,0,UNCALIBRATED,PREPARATION,UNKNOWN,STRAIGHT,0.0,0,0.0,nan,nan,nan,nan,False,0.0,0.0,0.0,0.0,0,0,0,0,0,0.0,0.0,0.0,0.0,0.0,0.0,0.0,0.0,0.0,0.0,0.0,0.0,0.0,0.0,0.0,0.0,0.0,0.0,0.0,0.0,0.0,0.0,0.0,0.0,0.0,0.0,0.0,0.0,False,CLOCK_REFERENCE_READY,0,90.112,1791339444.3790607,nan,nan,nan,nan,nan,nan,nan,nan,nan,nan,nan,nan,nan,nan,nan,nan,nan,nan,nan,nan,nan,nan,nan,nan,nan,nan,nan,nan,nan,nan,nan,nan,nan,nan,nan,nan,nan,nan,nan,nan,nan,nan,nan,nan,nan,nan,nan,True,GEOMETRY_DISABLED,none,MODEL_ORIGIN_FRAME_NOT_ESTABLISHED,nan,nan,nan,nan,nan,nan,nan,nan,nan,nan,nan,nan,nan,NOT_EVALUATED,nan,nan,nan,0.0,BEFORE_HISTORY,nan,nan,nan,nan,nan,nan
0.0,1791339444.962718,1791339444.9922674,1791339444.9922674,front_rgbd_red_sphere,False,False,False,DEPTH_FRAME_UNMATCHED,90.3,90.2,1791339444.585353,1791339444.962718,1791339373.039771,1791339373.039771,1791339373.039771,0.09999999999999432,1791339372.4717689,1791339373.467773,1791339373.3106868,1791339373.467773,1791339373.314687,1791339373.471771,1791339372.4677722,1791339373.467773,1791339372.4717689,1791339373.471771,1791339354.187771,GAZEBO_CLOCK_SYSTEM_INTERPOLATION,MAPPED_EXACT,0,18.852,1791339373.039771,0.01342320442199707,0.0,RGB,0.0,0,1,0,UNCALIBRATED,PREPARATION,UNKNOWN,STRAIGHT,0.0,0,0.0,nan,nan,nan,nan,False,0.0,0.0,0.0,0.0,0,0,0,0,0,0.0,0.0,0.0,0.0,0.0,0.0,0.0,0.0,0.0,0.0,0.0,0.0,0.0,0.0,0.0,0.0,0.0,0.0,0.0,0.0,0.0,0.0,0.0,0.0,0.0,0.0,0.0,0.0,False,CLOCK_REFERENCE_READY,0,90.712,1791339444.9790606,nan,nan,nan,nan,nan,nan,nan,nan,nan,nan,nan,nan,nan,nan,nan,nan,nan,nan,nan,nan,nan,nan,nan,nan,nan,nan,nan,nan,nan,nan,nan,nan,nan,nan,nan,nan,nan,nan,nan,nan,nan,nan,nan,nan,nan,nan,nan,True,GEOMETRY_DISABLED,none,MODEL_ORIGIN_FRAME_NOT_ESTABLISHED,nan,nan,nan,nan,nan,nan,nan,nan,nan,nan,nan,nan,nan,NOT_EVALUATED,nan,nan,nan,0.0,BEFORE_HISTORY,nan,nan,nan,nan,nan,nan
0.0,1791339446.0919237,1791339446.0925195,1791339446.0925195,front_rgbd_red_sphere,False,False,False,DEPTH_FRAME_UNMATCHED,91.452,91.352,1791339445.7397792,1791339446.0919237,1791339373.039771,1791339373.039771,1791339373.039771,0.09999999999999432,1791339372.4717689,1791339373.467773,1791339373.3106868,1791339373.467773,1791339373.314687,1791339373.471771,1791339372.4677722,1791339373.467773,1791339372.4717689,1791339373.471771,1791339354.187771,GAZEBO_CLOCK_SYSTEM_INTERPOLATION,MAPPED_EXACT,0,18.852,1791339373.039771,0.01342320442199707,0.0,RGB,0.0,0,1,0,UNCALIBRATED,PREPARATION,UNKNOWN,STRAIGHT,0.0,0,0.0,nan,nan,nan,nan,False,0.0,0.0,0.0,0.0,0,0,0,0,0,0.0,0.0,0.0,0.0,0.0,0.0,0.0,0.0,0.0,0.0,0.0,0.0,0.0,0.0,0.0,0.0,0.0,0.0,0.0,0.0,0.0,0.0,0.0,0.0,0.0,0.0,0.0,0.0,False,CLOCK_REFERENCE_READY,0,91.812,1791339446.0790532,nan,nan,nan,nan,nan,nan,nan,nan,nan,nan,nan,nan,nan,nan,nan,nan,nan,nan,nan,nan,nan,nan,nan,nan,nan,nan,nan,nan,nan,nan,nan,nan,nan,nan,nan,nan,nan,nan,nan,nan,nan,nan,nan,nan,nan,nan,nan,True,GEOMETRY_DISABLED,none,MODEL_ORIGIN_FRAME_NOT_ESTABLISHED,nan,nan,nan,nan,nan,nan,nan,nan,nan,nan,nan,nan,nan,NOT_EVALUATED,nan,nan,nan,0.0,BEFORE_HISTORY,nan,nan,nan,nan,nan,nan
0.0,1791339446.5921304,1791339446.592759,1791339446.592759,front_rgbd_red_sphere,False,False,False,DEPTH_FRAME_UNMATCHED,91.952,91.8,1791339446.2400098,1791339446.5921304,1791339373.039771,1791339373.039771,1791339373.039771,0.15200000000000102,1791339372.4717689,1791339373.467773,1791339373.3106868,1791339373.467773,1791339373.314687,1791339373.471771,1791339372.4677722,1791339373.467773,1791339372.4717689,1791339373.471771,1791339354.187771,GAZEBO_CLOCK_SYSTEM_INTERPOLATION,MAPPED_EXACT,0,18.852,1791339373.039771,0.01342320442199707,0.0,RGB,0.0,0,1,0,UNCALIBRATED,PREPARATION,UNKNOWN,STRAIGHT,0.0,0,0.0,nan,nan,nan,nan,False,0.0,0.0,0.0,0.0,0,0,0,0,0,0.0,0.0,0.0,0.0,0.0,0.0,0.0,0.0,0.0,0.0,0.0,0.0,0.0,0.0,0.0,0.0,0.0,0.0,0.0,0.0,0.0,0.0,0.0,0.0,0.0,0.0,0.0,0.0,False,CLOCK_REFERENCE_READY,0,92.312,1791339446.5790591,nan,nan,nan,nan,nan,nan,nan,nan,nan,nan,nan,nan,nan,nan,nan,nan,nan,nan,nan,nan,nan,nan,nan,nan,nan,nan,nan,nan,nan,nan,nan,nan,nan,nan,nan,nan,nan,nan,nan,nan,nan,nan,nan,nan,nan,nan,nan,True,GEOMETRY_DISABLED,none,MODEL_ORIGIN_FRAME_NOT_ESTABLISHED,nan,nan,nan,nan,nan,nan,nan,nan,nan,nan,nan,nan,nan,NOT_EVALUATED,nan,nan,nan,0.0,BEFORE_HISTORY,nan,nan,nan,nan,nan,nan
0.0,1791339446.7567344,1791339446.792302,1791339446.792302,front_rgbd_red_sphere,False,False,False,DEPTH_FRAME_UNMATCHED,92.1,92.0,1791339446.3972387,1791339446.7567344,1791339373.039771,1791339373.039771,1791339373.039771,0.09999999999999432,1791339372.4717689,1791339373.467773,1791339373.3106868,1791339373.467773,1791339373.314687,1791339373.471771,1791339372.4677722,1791339373.467773,1791339372.4717689,1791339373.471771,1791339354.187771,GAZEBO_CLOCK_SYSTEM_INTERPOLATION,MAPPED_EXACT,0,18.852,1791339373.039771,0.01342320442199707,0.0,RGB,0.0,0,1,0,UNCALIBRATED,PREPARATION,UNKNOWN,STRAIGHT,0.0,0,0.0,nan,nan,nan,nan,False,0.0,0.0,0.0,0.0,0,0,0,0,0,0.0,0.0,0.0,0.0,0.0,0.0,0.0,0.0,0.0,0.0,0.0,0.0,0.0,0.0,0.0,0.0,0.0,0.0,0.0,0.0,0.0,0.0,0.0,0.0,0.0,0.0,0.0,0.0,False,CLOCK_REFERENCE_READY,0,92.512,1791339446.7790577,nan,nan,nan,nan,nan,nan,nan,nan,nan,nan,nan,nan,nan,nan,nan,nan,nan,nan,nan,nan,nan,nan,nan,nan,nan,nan,nan,nan,nan,nan,nan,nan,nan,nan,nan,nan,nan,nan,nan,nan,nan,nan,nan,nan,nan,nan,nan,True,GEOMETRY_DISABLED,none,MODEL_ORIGIN_FRAME_NOT_ESTABLISHED,nan,nan,nan,nan,nan,nan,nan,nan,nan,nan,nan,nan,nan,NOT_EVALUATED,nan,nan,nan,0.0,BEFORE_HISTORY,nan,nan,nan,nan,nan,nan
0.0,1791339447.291764,1791339447.2924154,1791339447.2924154,front_rgbd_red_sphere,False,False,False,DEPTH_FRAME_UNMATCHED,92.652,92.552,1791339446.9424644,1791339447.291764,1791339373.039771,1791339373.039771,1791339373.039771,0.09999999999999432,1791339372.4717689,1791339373.467773,1791339373.3106868,1791339373.467773,1791339373.314687,1791339373.471771,1791339372.4677722,1791339373.467773,1791339372.4717689,1791339373.471771,1791339354.187771,GAZEBO_CLOCK_SYSTEM_INTERPOLATION,MAPPED_EXACT,0,18.852,1791339373.039771,0.01342320442199707,0.0,RGB,0.0,0,1,0,UNCALIBRATED,PREPARATION,UNKNOWN,STRAIGHT,0.0,0,0.0,nan,nan,nan,nan,False,0.0,0.0,0.0,0.0,0,0,0,0,0,0.0,0.0,0.0,0.0,0.0,0.0,0.0,0.0,0.0,0.0,0.0,0.0,0.0,0.0,0.0,0.0,0.0,0.0,0.0,0.0,0.0,0.0,0.0,0.0,0.0,0.0,0.0,0.0,False,CLOCK_REFERENCE_READY,0,93.012,1791339447.2790601,nan,nan,nan,nan,nan,nan,nan,nan,nan,nan,nan,nan,nan,nan,nan,nan,nan,nan,nan,nan,nan,nan,nan,nan,nan,nan,nan,nan,nan,nan,nan,nan,nan,nan,nan,nan,nan,nan,nan,nan,nan,nan,nan,nan,nan,nan,nan,True,GEOMETRY_DISABLED,none,MODEL_ORIGIN_FRAME_NOT_ESTABLISHED,nan,nan,nan,nan,nan,nan,nan,nan,nan,nan,nan,nan,nan,NOT_EVALUATED,nan,nan,nan,0.0,BEFORE_HISTORY,nan,nan,nan,nan,nan,nan
0.0,1791339447.3876662,1791339447.3923132,1791339447.3923132,front_rgbd_red_sphere,False,False,False,DEPTH_FRAME_UNMATCHED,92.752,92.6,1791339447.0421333,1791339447.3876662,1791339373.039771,1791339373.039771,1791339373.039771,0.15200000000000102,1791339372.4717689,1791339373.467773,1791339373.3106868,1791339373.467773,1791339373.314687,1791339373.471771,1791339372.4677722,1791339373.467773,1791339372.4717689,1791339373.471771,1791339354.187771,GAZEBO_CLOCK_SYSTEM_INTERPOLATION,MAPPED_EXACT,0,18.852,1791339373.039771,0.01342320442199707,0.0,RGB,0.0,0,1,0,UNCALIBRATED,PREPARATION,UNKNOWN,STRAIGHT,0.0,0,0.0,nan,nan,nan,nan,False,0.0,0.0,0.0,0.0,0,0,0,0,0,0.0,0.0,0.0,0.0,0.0,0.0,0.0,0.0,0.0,0.0,0.0,0.0,0.0,0.0,0.0,0.0,0.0,0.0,0.0,0.0,0.0,0.0,0.0,0.0,0.0,0.0,0.0,0.0,False,CLOCK_REFERENCE_READY,0,93.112,1791339447.3790638,nan,nan,nan,nan,nan,nan,nan,nan,nan,nan,nan,nan,nan,nan,nan,nan,nan,nan,nan,nan,nan,nan,nan,nan,nan,nan,nan,nan,nan,nan,nan,nan,nan,nan,nan,nan,nan,nan,nan,nan,nan,nan,nan,nan,nan,nan,nan,True,GEOMETRY_DISABLED,none,MODEL_ORIGIN_FRAME_NOT_ESTABLISHED,nan,nan,nan,nan,nan,nan,nan,nan,nan,nan,nan,nan,nan,NOT_EVALUATED,nan,nan,nan,0.0,BEFORE_HISTORY,nan,nan,nan,nan,nan,nan
0.0,1791339448.4904914,1791339448.4921904,1791339448.4921904,front_rgbd_red_sphere,False,False,False,DEPTH_FRAME_UNMATCHED,93.852,93.7,1791339448.1427588,1791339448.4904914,1791339373.039771,1791339373.039771,1791339373.039771,0.15200000000000102,1791339372.4717689,1791339373.467773,1791339373.3106868,1791339373.467773,1791339373.314687,1791339373.471771,1791339372.4677722,1791339373.467773,1791339372.4717689,1791339373.471771,1791339354.187771,GAZEBO_CLOCK_SYSTEM_INTERPOLATION,MAPPED_EXACT,0,18.852,1791339373.039771,0.01342320442199707,0.0,RGB,0.0,0,1,0,UNCALIBRATED,PREPARATION,UNKNOWN,STRAIGHT,0.0,0,0.0,nan,nan,nan,nan,False,0.0,0.0,0.0,0.0,0,0,0,0,0,0.0,0.0,0.0,0.0,0.0,0.0,0.0,0.0,0.0,0.0,0.0,0.0,0.0,0.0,0.0,0.0,0.0,0.0,0.0,0.0,0.0,0.0,0.0,0.0,0.0,0.0,0.0,0.0,False,CLOCK_REFERENCE_READY,0,94.212,1791339448.479063,nan,nan,nan,nan,nan,nan,nan,nan,nan,nan,nan,nan,nan,nan,nan,nan,nan,nan,nan,nan,nan,nan,nan,nan,nan,nan,nan,nan,nan,nan,nan,nan,nan,nan,nan,nan,nan,nan,nan,nan,nan,nan,nan,nan,nan,nan,nan,True,GEOMETRY_DISABLED,none,MODEL_ORIGIN_FRAME_NOT_ESTABLISHED,nan,nan,nan,nan,nan,nan,nan,nan,nan,nan,nan,nan,nan,NOT_EVALUATED,nan,nan,nan,0.0,BEFORE_HISTORY,nan,nan,nan,nan,nan,nan
0.0,1791339448.6601188,1791339448.6923475,1791339448.6923475,front_rgbd_red_sphere,False,False,False,DEPTH_FRAME_UNMATCHED,94.0,93.9,1791339448.2918682,1791339448.6601188,1791339373.039771,1791339373.039771,1791339373.039771,0.09999999999999432,1791339372.4717689,1791339373.467773,1791339373.3106868,1791339373.467773,1791339373.314687,1791339373.471771,1791339372.4677722,1791339373.467773,1791339372.4717689,1791339373.471771,1791339354.187771,GAZEBO_CLOCK_SYSTEM_INTERPOLATION,MAPPED_EXACT,0,18.852,1791339373.039771,0.01342320442199707,0.0,RGB,0.0,0,1,0,UNCALIBRATED,PREPARATION,UNKNOWN,STRAIGHT,0.0,0,0.0,nan,nan,nan,nan,False,0.0,0.0,0.0,0.0,0,0,0,0,0,0.0,0.0,0.0,0.0,0.0,0.0,0.0,0.0,0.0,0.0,0.0,0.0,0.0,0.0,0.0,0.0,0.0,0.0,0.0,0.0,0.0,0.0,0.0,0.0,0.0,0.0,0.0,0.0,False,CLOCK_REFERENCE_READY,0,94.412,1791339448.6790524,nan,nan,nan,nan,nan,nan,nan,nan,nan,nan,nan,nan,nan,nan,nan,nan,nan,nan,nan,nan,nan,nan,nan,nan,nan,nan,nan,nan,nan,nan,nan,nan,nan,nan,nan,nan,nan,nan,nan,nan,nan,nan,nan,nan,nan,nan,nan,True,GEOMETRY_DISABLED,none,MODEL_ORIGIN_FRAME_NOT_ESTABLISHED,nan,nan,nan,nan,nan,nan,nan,nan,nan,nan,nan,nan,nan,NOT_EVALUATED,nan,nan,nan,0.0,BEFORE_HISTORY,nan,nan,nan,nan,nan,nan
0.0,1791339449.1450293,1791339449.192304,1791339449.192304,front_rgbd_red_sphere,False,False,False,DEPTH_FRAME_UNMATCHED,94.5,94.352,1791339448.7901137,1791339449.1450293,1791339373.039771,1791339373.039771,1791339373.039771,0.14799999999999613,1791339372.4717689,1791339373.467773,1791339373.3106868,1791339373.467773,1791339373.314687,1791339373.471771,1791339372.4677722,1791339373.467773,1791339372.4717689,1791339373.471771,1791339354.187771,GAZEBO_CLOCK_SYSTEM_INTERPOLATION,MAPPED_EXACT,0,18.852,1791339373.039771,0.01342320442199707,0.0,RGB,0.0,0,1,0,UNCALIBRATED,PREPARATION,UNKNOWN,STRAIGHT,0.0,0,0.0,nan,nan,nan,nan,False,0.0,0.0,0.0,0.0,0,0,0,0,0,0.0,0.0,0.0,0.0,0.0,0.0,0.0,0.0,0.0,0.0,0.0,0.0,0.0,0.0,0.0,0.0,0.0,0.0,0.0,0.0,0.0,0.0,0.0,0.0,0.0,0.0,0.0,0.0,False,CLOCK_REFERENCE_READY,0,94.912,1791339449.179058,nan,nan,nan,nan,nan,nan,nan,nan,nan,nan,nan,nan,nan,nan,nan,nan,nan,nan,nan,nan,nan,nan,nan,nan,nan,nan,nan,nan,nan,nan,nan,nan,nan,nan,nan,nan,nan,nan,nan,nan,nan,nan,nan,nan,nan,nan,nan,True,GEOMETRY_DISABLED,none,MODEL_ORIGIN_FRAME_NOT_ESTABLISHED,nan,nan,nan,nan,nan,nan,nan,nan,nan,nan,nan,nan,nan,NOT_EVALUATED,nan,nan,nan,0.0,BEFORE_HISTORY,nan,nan,nan,nan,nan,nan
0.0,1791339449.245456,1791339449.2924078,1791339449.2924078,front_rgbd_red_sphere,False,False,False,DEPTH_FRAME_UNMATCHED,94.6,94.452,1791339448.8880475,1791339449.245456,1791339373.039771,1791339373.039771,1791339373.039771,0.14799999999999613,1791339372.4717689,1791339373.467773,1791339373.3106868,1791339373.467773,1791339373.314687,1791339373.471771,1791339372.4677722,1791339373.467773,1791339372.4717689,1791339373.471771,1791339354.187771,GAZEBO_CLOCK_SYSTEM_INTERPOLATION,MAPPED_EXACT,0,18.852,1791339373.039771,0.01342320442199707,0.0,RGB,0.0,0,1,0,UNCALIBRATED,PREPARATION,UNKNOWN,STRAIGHT,0.0,0,0.0,nan,nan,nan,nan,False,0.0,0.0,0.0,0.0,0,0,0,0,0,0.0,0.0,0.0,0.0,0.0,0.0,0.0,0.0,0.0,0.0,0.0,0.0,0.0,0.0,0.0,0.0,0.0,0.0,0.0,0.0,0.0,0.0,0.0,0.0,0.0,0.0,0.0,0.0,False,CLOCK_REFERENCE_READY,0,95.012,1791339449.279058,nan,nan,nan,nan,nan,nan,nan,nan,nan,nan,nan,nan,nan,nan,nan,nan,nan,nan,nan,nan,nan,nan,nan,nan,nan,nan,nan,nan,nan,nan,nan,nan,nan,nan,nan,nan,nan,nan,nan,nan,nan,nan,nan,nan,nan,nan,nan,True,GEOMETRY_DISABLED,none,MODEL_ORIGIN_FRAME_NOT_ESTABLISHED,nan,nan,nan,nan,nan,nan,nan,nan,nan,nan,nan,nan,nan,NOT_EVALUATED,nan,nan,nan,0.0,BEFORE_HISTORY,nan,nan,nan,nan,nan,nan
0.0,1791339449.6924703,1791339449.693265,1791339449.693265,front_rgbd_red_sphere,False,False,False,DEPTH_FRAME_UNMATCHED,95.0,94.9,1791339449.2998075,1791339449.6924703,1791339373.039771,1791339373.039771,1791339373.039771,0.09999999999999432,1791339372.4717689,1791339373.467773,1791339373.3106868,1791339373.467773,1791339373.314687,1791339373.471771,1791339372.4677722,1791339373.467773,1791339372.4717689,1791339373.471771,1791339354.187771,GAZEBO_CLOCK_SYSTEM_INTERPOLATION,MAPPED_EXACT,0,18.852,1791339373.039771,0.01342320442199707,0.0,RGB,0.0,0,1,0,UNCALIBRATED,PREPARATION,UNKNOWN,STRAIGHT,0.0,0,0.0,nan,nan,nan,nan,False,0.0,0.0,0.0,0.0,0,0,0,0,0,0.0,0.0,0.0,0.0,0.0,0.0,0.0,0.0,0.0,0.0,0.0,0.0,0.0,0.0,0.0,0.0,0.0,0.0,0.0,0.0,0.0,0.0,0.0,0.0,0.0,0.0,0.0,0.0,False,CLOCK_REFERENCE_READY,0,95.412,1791339449.6790586,nan,nan,nan,nan,nan,nan,nan,nan,nan,nan,nan,nan,nan,nan,nan,nan,nan,nan,nan,nan,nan,nan,nan,nan,nan,nan,nan,nan,nan,nan,nan,nan,nan,nan,nan,nan,nan,nan,nan,nan,nan,nan,nan,nan,nan,nan,nan,True,GEOMETRY_DISABLED,none,MODEL_ORIGIN_FRAME_NOT_ESTABLISHED,nan,nan,nan,nan,nan,nan,nan,nan,nan,nan,nan,nan,nan,NOT_EVALUATED,nan,nan,nan,0.0,BEFORE_HISTORY,nan,nan,nan,nan,nan,nan
0.0,1791339450.4723864,1791339450.49244,1791339450.49244,front_rgbd_red_sphere,False,False,False,DEPTH_FRAME_UNMATCHED,95.8,95.7,1791339450.0872514,1791339450.4723864,1791339373.039771,1791339373.039771,1791339373.039771,0.09999999999999432,1791339372.4717689,1791339373.467773,1791339373.3106868,1791339373.467773,1791339373.314687,1791339373.471771,1791339372.4677722,1791339373.467773,1791339372.4717689,1791339373.471771,1791339354.187771,GAZEBO_CLOCK_SYSTEM_INTERPOLATION,MAPPED_EXACT,0,18.852,1791339373.039771,0.01342320442199707,0.0,RGB,0.0,0,1,0,UNCALIBRATED,PREPARATION,UNKNOWN,STRAIGHT,0.0,0,0.0,nan,nan,nan,nan,False,0.0,0.0,0.0,0.0,0,0,0,0,0,0.0,0.0,0.0,0.0,0.0,0.0,0.0,0.0,0.0,0.0,0.0,0.0,0.0,0.0,0.0,0.0,0.0,0.0,0.0,0.0,0.0,0.0,0.0,0.0,0.0,0.0,0.0,0.0,False,CLOCK_REFERENCE_READY,0,96.212,1791339450.4790597,nan,nan,nan,nan,nan,nan,nan,nan,nan,nan,nan,nan,nan,nan,nan,nan,nan,nan,nan,nan,nan,nan,nan,nan,nan,nan,nan,nan,nan,nan,nan,nan,nan,nan,nan,nan,nan,nan,nan,nan,nan,nan,nan,nan,nan,nan,nan,True,GEOMETRY_DISABLED,none,MODEL_ORIGIN_FRAME_NOT_ESTABLISHED,nan,nan,nan,nan,nan,nan,nan,nan,nan,nan,nan,nan,nan,NOT_EVALUATED,nan,nan,nan,0.0,BEFORE_HISTORY,nan,nan,nan,nan,nan,nan
0.0,1791339450.7754767,1791339450.7923753,1791339450.7923753,front_rgbd_red_sphere,False,False,False,DEPTH_FRAME_UNMATCHED,96.1,96.0,1791339450.3898203,1791339450.7754767,1791339373.039771,1791339373.039771,1791339373.039771,0.09999999999999432,1791339372.4717689,1791339373.467773,1791339373.3106868,1791339373.467773,1791339373.314687,1791339373.471771,1791339372.4677722,1791339373.467773,1791339372.4717689,1791339373.471771,1791339354.187771,GAZEBO_CLOCK_SYSTEM_INTERPOLATION,MAPPED_EXACT,0,18.852,1791339373.039771,0.01342320442199707,0.0,RGB,0.0,0,1,0,UNCALIBRATED,PREPARATION,UNKNOWN,STRAIGHT,0.0,0,0.0,nan,nan,nan,nan,False,0.0,0.0,0.0,0.0,0,0,0,0,0,0.0,0.0,0.0,0.0,0.0,0.0,0.0,0.0,0.0,0.0,0.0,0.0,0.0,0.0,0.0,0.0,0.0,0.0,0.0,0.0,0.0,0.0,0.0,0.0,0.0,0.0,0.0,0.0,False,CLOCK_REFERENCE_READY,0,96.512,1791339450.7790513,nan,nan,nan,nan,nan,nan,nan,nan,nan,nan,nan,nan,nan,nan,nan,nan,nan,nan,nan,nan,nan,nan,nan,nan,nan,nan,nan,nan,nan,nan,nan,nan,nan,nan,nan,nan,nan,nan,nan,nan,nan,nan,nan,nan,nan,nan,nan,True,GEOMETRY_DISABLED,none,MODEL_ORIGIN_FRAME_NOT_ESTABLISHED,nan,nan,nan,nan,nan,nan,nan,nan,nan,nan,nan,nan,nan,NOT_EVALUATED,nan,nan,nan,0.0,BEFORE_HISTORY,nan,nan,nan,nan,nan,nan
0.0,1791339450.8703327,1791339450.892445,1791339450.892445,front_rgbd_red_sphere,False,False,False,DEPTH_FRAME_UNMATCHED,96.2,96.1,1791339450.4942071,1791339450.8703327,1791339373.039771,1791339373.039771,1791339373.039771,0.10000000000000853,1791339372.4717689,1791339373.467773,1791339373.3106868,1791339373.467773,1791339373.314687,1791339373.471771,1791339372.4677722,1791339373.467773,1791339372.4717689,1791339373.471771,1791339354.187771,GAZEBO_CLOCK_SYSTEM_INTERPOLATION,MAPPED_EXACT,0,18.852,1791339373.039771,0.01342320442199707,0.0,RGB,0.0,0,1,0,UNCALIBRATED,PREPARATION,UNKNOWN,STRAIGHT,0.0,0,0.0,nan,nan,nan,nan,False,0.0,0.0,0.0,0.0,0,0,0,0,0,0.0,0.0,0.0,0.0,0.0,0.0,0.0,0.0,0.0,0.0,0.0,0.0,0.0,0.0,0.0,0.0,0.0,0.0,0.0,0.0,0.0,0.0,0.0,0.0,0.0,0.0,0.0,0.0,False,CLOCK_REFERENCE_READY,0,96.612,1791339450.8790576,nan,nan,nan,nan,nan,nan,nan,nan,nan,nan,nan,nan,nan,nan,nan,nan,nan,nan,nan,nan,nan,nan,nan,nan,nan,nan,nan,nan,nan,nan,nan,nan,nan,nan,nan,nan,nan,nan,nan,nan,nan,nan,nan,nan,nan,nan,nan,True,GEOMETRY_DISABLED,none,MODEL_ORIGIN_FRAME_NOT_ESTABLISHED,nan,nan,nan,nan,nan,nan,nan,nan,nan,nan,nan,nan,nan,NOT_EVALUATED,nan,nan,nan,0.0,BEFORE_HISTORY,nan,nan,nan,nan,nan,nan
0.0,1791339450.9841392,1791339450.992739,1791339450.992739,front_rgbd_red_sphere,False,False,False,DEPTH_FRAME_UNMATCHED,96.3,96.2,1791339450.5920026,1791339450.9841392,1791339373.039771,1791339373.039771,1791339373.039771,0.09999999999999432,1791339372.4717689,1791339373.467773,1791339373.3106868,1791339373.467773,1791339373.314687,1791339373.471771,1791339372.4677722,1791339373.467773,1791339372.4717689,1791339373.471771,1791339354.187771,GAZEBO_CLOCK_SYSTEM_INTERPOLATION,MAPPED_EXACT,0,18.852,1791339373.039771,0.01342320442199707,0.0,RGB,0.0,0,1,0,UNCALIBRATED,PREPARATION,UNKNOWN,STRAIGHT,0.0,0,0.0,nan,nan,nan,nan,False,0.0,0.0,0.0,0.0,0,0,0,0,0,0.0,0.0,0.0,0.0,0.0,0.0,0.0,0.0,0.0,0.0,0.0,0.0,0.0,0.0,0.0,0.0,0.0,0.0,0.0,0.0,0.0,0.0,0.0,0.0,0.0,0.0,0.0,0.0,False,CLOCK_REFERENCE_READY,0,96.712,1791339450.9790874,nan,nan,nan,nan,nan,nan,nan,nan,nan,nan,nan,nan,nan,nan,nan,nan,nan,nan,nan,nan,nan,nan,nan,nan,nan,nan,nan,nan,nan,nan,nan,nan,nan,nan,nan,nan,nan,nan,nan,nan,nan,nan,nan,nan,nan,nan,nan,True,GEOMETRY_DISABLED,none,MODEL_ORIGIN_FRAME_NOT_ESTABLISHED,nan,nan,nan,nan,nan,nan,nan,nan,nan,nan,nan,nan,nan,NOT_EVALUATED,nan,nan,nan,0.0,BEFORE_HISTORY,nan,nan,nan,nan,nan,nan
0.0,1791339451.7427154,1791339451.7931192,1791339451.7931192,front_rgbd_red_sphere,False,False,False,DEPTH_FRAME_UNMATCHED,97.1,96.952,1791339451.402094,1791339451.7427154,1791339373.039771,1791339373.039771,1791339373.039771,0.14799999999999613,1791339372.4717689,1791339373.467773,1791339373.3106868,1791339373.467773,1791339373.314687,1791339373.471771,1791339372.4677722,1791339373.467773,1791339372.4717689,1791339373.471771,1791339354.187771,GAZEBO_CLOCK_SYSTEM_INTERPOLATION,MAPPED_EXACT,0,18.852,1791339373.039771,0.01342320442199707,0.0,RGB,0.0,0,1,0,UNCALIBRATED,PREPARATION,UNKNOWN,STRAIGHT,0.0,0,0.0,nan,nan,nan,nan,False,0.0,0.0,0.0,0.0,0,0,0,0,0,0.0,0.0,0.0,0.0,0.0,0.0,0.0,0.0,0.0,0.0,0.0,0.0,0.0,0.0,0.0,0.0,0.0,0.0,0.0,0.0,0.0,0.0,0.0,0.0,0.0,0.0,0.0,0.0,False,CLOCK_REFERENCE_READY,0,97.512,1791339451.779069,nan,nan,nan,nan,nan,nan,nan,nan,nan,nan,nan,nan,nan,nan,nan,nan,nan,nan,nan,nan,nan,nan,nan,nan,nan,nan,nan,nan,nan,nan,nan,nan,nan,nan,nan,nan,nan,nan,nan,nan,nan,nan,nan,nan,nan,nan,nan,True,GEOMETRY_DISABLED,none,MODEL_ORIGIN_FRAME_NOT_ESTABLISHED,nan,nan,nan,nan,nan,nan,nan,nan,nan,nan,nan,nan,nan,NOT_EVALUATED,nan,nan,nan,0.0,BEFORE_HISTORY,nan,nan,nan,nan,nan,nan
0.0,1791339451.8830342,1791339451.8923507,1791339451.8923507,front_rgbd_red_sphere,False,False,False,DEPTH_FRAME_UNMATCHED,97.2,97.052,1791339451.490011,1791339451.8830342,1791339373.039771,1791339373.039771,1791339373.039771,0.14799999999999613,1791339372.4717689,1791339373.467773,1791339373.3106868,1791339373.467773,1791339373.314687,1791339373.471771,1791339372.4677722,1791339373.467773,1791339372.4717689,1791339373.471771,1791339354.187771,GAZEBO_CLOCK_SYSTEM_INTERPOLATION,MAPPED_EXACT,0,18.852,1791339373.039771,0.01342320442199707,0.0,RGB,0.0,0,1,0,UNCALIBRATED,PREPARATION,UNKNOWN,TURNING,0.0,0,0.0,nan,nan,nan,nan,False,0.0,0.0,0.0,0.0,0,0,0,0,0,0.0,0.0,0.0,0.0,0.0,0.0,0.0,0.0,0.0,0.0,0.0,0.0,0.0,0.0,0.0,0.0,0.0,0.0,0.0,0.0,0.0,0.0,0.0,0.0,0.0,0.0,0.0,0.0,False,CLOCK_REFERENCE_READY,0,97.608,1791339451.875061,nan,nan,nan,nan,nan,nan,nan,nan,nan,nan,nan,nan,nan,nan,nan,nan,nan,nan,nan,nan,nan,nan,nan,nan,nan,nan,nan,nan,nan,nan,nan,nan,nan,nan,nan,nan,nan,nan,nan,nan,nan,nan,nan,nan,nan,nan,nan,True,GEOMETRY_DISABLED,none,MODEL_ORIGIN_FRAME_NOT_ESTABLISHED,nan,nan,nan,nan,nan,nan,nan,nan,nan,nan,nan,nan,nan,NOT_EVALUATED,nan,nan,nan,0.0,BEFORE_HISTORY,nan,nan,nan,nan,nan,nan
0.0,1791339452.1529522,1791339452.192335,1791339452.192335,front_rgbd_red_sphere,False,False,False,DEPTH_FRAME_UNMATCHED,97.5,97.3,1791339451.7956338,1791339452.1529522,1791339373.039771,1791339373.039771,1791339373.039771,0.20000000000000284,1791339372.4717689,1791339373.467773,1791339373.3106868,1791339373.467773,1791339373.314687,1791339373.471771,1791339372.4677722,1791339373.467773,1791339372.4717689,1791339373.471771,1791339354.187771,GAZEBO_CLOCK_SYSTEM_INTERPOLATION,MAPPED_EXACT,0,18.852,1791339373.039771,0.01342320442199707,0.0,RGB,0.0,0,1,0,UNCALIBRATED,PREPARATION,UNKNOWN,TURNING,0.0,0,0.0,nan,nan,nan,nan,False,0.0,0.0,0.0,0.0,0,0,0,0,0,0.0,0.0,0.0,0.0,0.0,0.0,0.0,0.0,0.0,0.0,0.0,0.0,0.0,0.0,0.0,0.0,0.0,0.0,0.0,0.0,0.0,0.0,0.0,0.0,0.0,0.0,0.0,0.0,False,CLOCK_REFERENCE_READY,0,97.908,1791339452.1750593,nan,nan,nan,nan,nan,nan,nan,nan,nan,nan,nan,nan,nan,nan,nan,nan,nan,nan,nan,nan,nan,nan,nan,nan,nan,nan,nan,nan,nan,nan,nan,nan,nan,nan,nan,nan,nan,nan,nan,nan,nan,nan,nan,nan,nan,nan,nan,True,GEOMETRY_DISABLED,none,MODEL_ORIGIN_FRAME_NOT_ESTABLISHED,nan,nan,nan,nan,nan,nan,nan,nan,nan,nan,nan,nan,nan,NOT_EVALUATED,nan,nan,nan,0.0,BEFORE_HISTORY,nan,nan,nan,nan,nan,nan
0.0,1791339452.250269,1791339452.2923384,1791339452.2923384,front_rgbd_red_sphere,False,False,False,DEPTH_FRAME_UNMATCHED,97.6,97.4,1791339451.8996804,1791339452.250269,1791339373.039771,1791339373.039771,1791339373.039771,0.19999999999998863,1791339372.4717689,1791339373.467773,1791339373.3106868,1791339373.467773,1791339373.314687,1791339373.471771,1791339372.4677722,1791339373.467773,1791339372.4717689,1791339373.471771,1791339354.187771,GAZEBO_CLOCK_SYSTEM_INTERPOLATION,MAPPED_EXACT,0,18.852,1791339373.039771,0.01342320442199707,0.0,RGB,0.0,0,1,0,UNCALIBRATED,PREPARATION,UNKNOWN,TURNING,0.0,0,0.0,nan,nan,nan,nan,False,0.0,0.0,0.0,0.0,0,0,0,0,0,0.0,0.0,0.0,0.0,0.0,0.0,0.0,0.0,0.0,0.0,0.0,0.0,0.0,0.0,0.0,0.0,0.0,0.0,0.0,0.0,0.0,0.0,0.0,0.0,0.0,0.0,0.0,0.0,False,CLOCK_REFERENCE_READY,0,98.008,1791339452.2750537,nan,nan,nan,nan,nan,nan,nan,nan,nan,nan,nan,nan,nan,nan,nan,nan,nan,nan,nan,nan,nan,nan,nan,nan,nan,nan,nan,nan,nan,nan,nan,nan,nan,nan,nan,nan,nan,nan,nan,nan,nan,nan,nan,nan,nan,nan,nan,True,GEOMETRY_DISABLED,none,MODEL_ORIGIN_FRAME_NOT_ESTABLISHED,nan,nan,nan,nan,nan,nan,nan,nan,nan,nan,nan,nan,nan,NOT_EVALUATED,nan,nan,nan,0.0,BEFORE_HISTORY,nan,nan,nan,nan,nan,nan
0.0,1791339452.489786,1791339452.4922392,1791339452.4922392,front_rgbd_red_sphere,False,False,False,DEPTH_FRAME_UNMATCHED,97.8,97.7,1791339452.0881732,1791339452.489786,1791339373.039771,1791339373.039771,1791339373.039771,0.09999999999999432,1791339372.4717689,1791339373.467773,1791339373.3106868,1791339373.467773,1791339373.314687,1791339373.471771,1791339372.4677722,1791339373.467773,1791339372.4717689,1791339373.471771,1791339354.187771,GAZEBO_CLOCK_SYSTEM_INTERPOLATION,MAPPED_EXACT,0,18.852,1791339373.039771,0.01342320442199707,0.0,RGB,0.0,0,1,0,UNCALIBRATED,PREPARATION,UNKNOWN,TURNING,0.0,0,0.0,nan,nan,nan,nan,False,0.0,0.0,0.0,0.0,0,0,0,0,0,0.0,0.0,0.0,0.0,0.0,0.0,0.0,0.0,0.0,0.0,0.0,0.0,0.0,0.0,0.0,0.0,0.0,0.0,0.0,0.0,0.0,0.0,0.0,0.0,0.0,0.0,0.0,0.0,False,CLOCK_REFERENCE_READY,0,98.208,1791339452.4750504,nan,nan,nan,nan,nan,nan,nan,nan,nan,nan,nan,nan,nan,nan,nan,nan,nan,nan,nan,nan,nan,nan,nan,nan,nan,nan,nan,nan,nan,nan,nan,nan,nan,nan,nan,nan,nan,nan,nan,nan,nan,nan,nan,nan,nan,nan,nan,True,GEOMETRY_DISABLED,none,MODEL_ORIGIN_FRAME_NOT_ESTABLISHED,nan,nan,nan,nan,nan,nan,nan,nan,nan,nan,nan,nan,nan,NOT_EVALUATED,nan,nan,nan,0.0,BEFORE_HISTORY,nan,nan,nan,nan,nan,nan
0.0,1791339452.9814007,1791339452.992374,1791339452.992374,front_rgbd_red_sphere,False,False,False,DEPTH_FRAME_UNMATCHED,98.3,98.2,1791339452.5900347,1791339452.9814007,1791339373.039771,1791339373.039771,1791339373.039771,0.09999999999999432,1791339372.4717689,1791339373.467773,1791339373.3106868,1791339373.467773,1791339373.314687,1791339373.471771,1791339372.4677722,1791339373.467773,1791339372.4717689,1791339373.471771,1791339354.187771,GAZEBO_CLOCK_SYSTEM_INTERPOLATION,MAPPED_EXACT,0,18.852,1791339373.039771,0.01342320442199707,0.0,RGB,0.0,0,1,0,UNCALIBRATED,PREPARATION,UNKNOWN,TURNING,0.0,0,0.0,nan,nan,nan,nan,False,0.0,0.0,0.0,0.0,0,0,0,0,0,0.0,0.0,0.0,0.0,0.0,0.0,0.0,0.0,0.0,0.0,0.0,0.0,0.0,0.0,0.0,0.0,0.0,0.0,0.0,0.0,0.0,0.0,0.0,0.0,0.0,0.0,0.0,0.0,False,CLOCK_REFERENCE_READY,0,98.708,1791339452.9750602,nan,nan,nan,nan,nan,nan,nan,nan,nan,nan,nan,nan,nan,nan,nan,nan,nan,nan,nan,nan,nan,nan,nan,nan,nan,nan,nan,nan,nan,nan,nan,nan,nan,nan,nan,nan,nan,nan,nan,nan,nan,nan,nan,nan,nan,nan,nan,True,GEOMETRY_DISABLED,none,MODEL_ORIGIN_FRAME_NOT_ESTABLISHED,nan,nan,nan,nan,nan,nan,nan,nan,nan,nan,nan,nan,nan,NOT_EVALUATED,nan,nan,nan,0.0,BEFORE_HISTORY,nan,nan,nan,nan,nan,nan
0.0,1791339453.1905222,1791339453.1922083,1791339453.1922083,front_rgbd_red_sphere,False,False,False,DEPTH_FRAME_UNMATCHED,98.5,98.452,1791339452.8012693,1791339453.1905222,1791339373.039771,1791339373.039771,1791339373.039771,0.04800000000000182,1791339372.4717689,1791339373.467773,1791339373.3106868,1791339373.467773,1791339373.314687,1791339373.471771,1791339372.4677722,1791339373.467773,1791339372.4717689,1791339373.471771,1791339354.187771,GAZEBO_CLOCK_SYSTEM_INTERPOLATION,MAPPED_EXACT,0,18.852,1791339373.039771,0.01342320442199707,0.0,RGB,0.0,0,1,0,UNCALIBRATED,PREPARATION,UNKNOWN,TURNING,0.0,0,0.0,nan,nan,nan,nan,False,0.0,0.0,0.0,0.0,0,0,0,0,0,0.0,0.0,0.0,0.0,0.0,0.0,0.0,0.0,0.0,0.0,0.0,0.0,0.0,0.0,0.0,0.0,0.0,0.0,0.0,0.0,0.0,0.0,0.0,0.0,0.0,0.0,0.0,0.0,False,CLOCK_REFERENCE_READY,0,98.908,1791339453.17505,nan,nan,nan,nan,nan,nan,nan,nan,nan,nan,nan,nan,nan,nan,nan,nan,nan,nan,nan,nan,nan,nan,nan,nan,nan,nan,nan,nan,nan,nan,nan,nan,nan,nan,nan,nan,nan,nan,nan,nan,nan,nan,nan,nan,nan,nan,nan,True,GEOMETRY_DISABLED,none,MODEL_ORIGIN_FRAME_NOT_ESTABLISHED,nan,nan,nan,nan,nan,nan,nan,nan,nan,nan,nan,nan,nan,NOT_EVALUATED,nan,nan,nan,0.0,BEFORE_HISTORY,nan,nan,nan,nan,nan,nan
0.0,1791339453.490761,1791339453.492222,1791339453.492222,front_rgbd_red_sphere,False,False,False,DEPTH_FRAME_UNMATCHED,98.852,98.752,1791339453.1383047,1791339453.490761,1791339373.039771,1791339373.039771,1791339373.039771,0.10000000000000853,1791339372.4717689,1791339373.467773,1791339373.3106868,1791339373.467773,1791339373.314687,1791339373.471771,1791339372.4677722,1791339373.467773,1791339372.4717689,1791339373.471771,1791339354.187771,GAZEBO_CLOCK_SYSTEM_INTERPOLATION,MAPPED_EXACT,0,18.852,1791339373.039771,0.01342320442199707,0.0,RGB,0.0,0,1,0,UNCALIBRATED,PREPARATION,UNKNOWN,TURNING,0.0,0,0.0,nan,nan,nan,nan,False,0.0,0.0,0.0,0.0,0,0,0,0,0,0.0,0.0,0.0,0.0,0.0,0.0,0.0,0.0,0.0,0.0,0.0,0.0,0.0,0.0,0.0,0.0,0.0,0.0,0.0,0.0,0.0,0.0,0.0,0.0,0.0,0.0,0.0,0.0,False,CLOCK_REFERENCE_READY,0,99.208,1791339453.4750595,nan,nan,nan,nan,nan,nan,nan,nan,nan,nan,nan,nan,nan,nan,nan,nan,nan,nan,nan,nan,nan,nan,nan,nan,nan,nan,nan,nan,nan,nan,nan,nan,nan,nan,nan,nan,nan,nan,nan,nan,nan,nan,nan,nan,nan,nan,nan,True,GEOMETRY_DISABLED,none,MODEL_ORIGIN_FRAME_NOT_ESTABLISHED,nan,nan,nan,nan,nan,nan,nan,nan,nan,nan,nan,nan,nan,NOT_EVALUATED,nan,nan,nan,0.0,BEFORE_HISTORY,nan,nan,nan,nan,nan,nan
0.0,1791339453.776943,1791339453.792247,1791339453.792247,front_rgbd_red_sphere,False,False,False,DEPTH_FRAME_UNMATCHED,99.1,99.0,1791339453.3976667,1791339453.776943,1791339373.039771,1791339373.039771,1791339373.039771,0.09999999999999432,1791339372.4717689,1791339373.467773,1791339373.3106868,1791339373.467773,1791339373.314687,1791339373.471771,1791339372.4677722,1791339373.467773,1791339372.4717689,1791339373.471771,1791339354.187771,GAZEBO_CLOCK_SYSTEM_INTERPOLATION,MAPPED_EXACT,0,18.852,1791339373.039771,0.01342320442199707,0.0,RGB,0.0,0,1,0,UNCALIBRATED,PREPARATION,UNKNOWN,TURNING,0.0,0,0.0,nan,nan,nan,nan,False,0.0,0.0,0.0,0.0,0,0,0,0,0,0.0,0.0,0.0,0.0,0.0,0.0,0.0,0.0,0.0,0.0,0.0,0.0,0.0,0.0,0.0,0.0,0.0,0.0,0.0,0.0,0.0,0.0,0.0,0.0,0.0,0.0,0.0,0.0,False,CLOCK_REFERENCE_READY,0,99.508,1791339453.775054,nan,nan,nan,nan,nan,nan,nan,nan,nan,nan,nan,nan,nan,nan,nan,nan,nan,nan,nan,nan,nan,nan,nan,nan,nan,nan,nan,nan,nan,nan,nan,nan,nan,nan,nan,nan,nan,nan,nan,nan,nan,nan,nan,nan,nan,nan,nan,True,GEOMETRY_DISABLED,none,MODEL_ORIGIN_FRAME_NOT_ESTABLISHED,nan,nan,nan,nan,nan,nan,nan,nan,nan,nan,nan,nan,nan,NOT_EVALUATED,nan,nan,nan,0.0,BEFORE_HISTORY,nan,nan,nan,nan,nan,nan
0.0,1791339453.8534431,1791339453.8921988,1791339453.8921988,front_rgbd_red_sphere,False,False,False,DEPTH_FRAME_UNMATCHED,99.2,99.1,1791339453.489623,1791339453.8534431,1791339373.039771,1791339373.039771,1791339373.039771,0.10000000000000853,1791339372.4717689,1791339373.467773,1791339373.3106868,1791339373.467773,1791339373.314687,1791339373.471771,1791339372.4677722,1791339373.467773,1791339372.4717689,1791339373.471771,1791339354.187771,GAZEBO_CLOCK_SYSTEM_INTERPOLATION,MAPPED_EXACT,0,18.852,1791339373.039771,0.01342320442199707,0.0,RGB,0.0,0,1,0,UNCALIBRATED,PREPARATION,UNKNOWN,TURNING,0.0,0,0.0,nan,nan,nan,nan,False,0.0,0.0,0.0,0.0,0,0,0,0,0,0.0,0.0,0.0,0.0,0.0,0.0,0.0,0.0,0.0,0.0,0.0,0.0,0.0,0.0,0.0,0.0,0.0,0.0,0.0,0.0,0.0,0.0,0.0,0.0,0.0,0.0,0.0,0.0,False,CLOCK_REFERENCE_READY,0,99.608,1791339453.8750591,nan,nan,nan,nan,nan,nan,nan,nan,nan,nan,nan,nan,nan,nan,nan,nan,nan,nan,nan,nan,nan,nan,nan,nan,nan,nan,nan,nan,nan,nan,nan,nan,nan,nan,nan,nan,nan,nan,nan,nan,nan,nan,nan,nan,nan,nan,nan,True,GEOMETRY_DISABLED,none,MODEL_ORIGIN_FRAME_NOT_ESTABLISHED,nan,nan,nan,nan,nan,nan,nan,nan,nan,nan,nan,nan,nan,NOT_EVALUATED,nan,nan,nan,0.0,BEFORE_HISTORY,nan,nan,nan,nan,nan,nan
0.0,1791339454.137049,1791339454.1923513,1791339454.1923513,front_rgbd_red_sphere,False,False,False,DEPTH_FRAME_UNMATCHED,99.5,99.4,1791339453.801236,1791339454.137049,1791339373.039771,1791339373.039771,1791339373.039771,0.09999999999999432,1791339372.4717689,1791339373.467773,1791339373.3106868,1791339373.467773,1791339373.314687,1791339373.471771,1791339372.4677722,1791339373.467773,1791339372.4717689,1791339373.471771,1791339354.187771,GAZEBO_CLOCK_SYSTEM_INTERPOLATION,MAPPED_EXACT,0,18.852,1791339373.039771,0.01342320442199707,0.0,RGB,0.0,0,1,0,UNCALIBRATED,PREPARATION,UNKNOWN,TURNING,0.0,0,0.0,nan,nan,nan,nan,False,0.0,0.0,0.0,0.0,0,0,0,0,0,0.0,0.0,0.0,0.0,0.0,0.0,0.0,0.0,0.0,0.0,0.0,0.0,0.0,0.0,0.0,0.0,0.0,0.0,0.0,0.0,0.0,0.0,0.0,0.0,0.0,0.0,0.0,0.0,False,CLOCK_REFERENCE_READY,0,99.908,1791339454.1750546,nan,nan,nan,nan,nan,nan,nan,nan,nan,nan,nan,nan,nan,nan,nan,nan,nan,nan,nan,nan,nan,nan,nan,nan,nan,nan,nan,nan,nan,nan,nan,nan,nan,nan,nan,nan,nan,nan,nan,nan,nan,nan,nan,nan,nan,nan,nan,True,GEOMETRY_DISABLED,none,MODEL_ORIGIN_FRAME_NOT_ESTABLISHED,nan,nan,nan,nan,nan,nan,nan,nan,nan,nan,nan,nan,nan,NOT_EVALUATED,nan,nan,nan,0.0,BEFORE_HISTORY,nan,nan,nan,nan,nan,nan
0.0,1791339455.791283,1791339455.7923155,1791339455.7923155,front_rgbd_red_sphere,False,False,False,DEPTH_FRAME_UNMATCHED,101.152,101.052,1791339455.447257,1791339455.791283,1791339373.039771,1791339373.039771,1791339373.039771,0.09999999999999432,1791339372.4717689,1791339373.467773,1791339373.3106868,1791339373.467773,1791339373.314687,1791339373.471771,1791339372.4677722,1791339373.467773,1791339372.4717689,1791339373.471771,1791339354.187771,GAZEBO_CLOCK_SYSTEM_INTERPOLATION,MAPPED_EXACT,0,18.852,1791339373.039771,0.01342320442199707,0.0,RGB,0.0,0,1,0,UNCALIBRATED,PREPARATION,UNKNOWN,TURNING,0.0,0,0.0,nan,nan,nan,nan,False,0.0,0.0,0.0,0.0,0,0,0,0,0,0.0,0.0,0.0,0.0,0.0,0.0,0.0,0.0,0.0,0.0,0.0,0.0,0.0,0.0,0.0,0.0,0.0,0.0,0.0,0.0,0.0,0.0,0.0,0.0,0.0,0.0,0.0,0.0,False,CLOCK_REFERENCE_READY,0,101.508,1791339455.7750525,nan,nan,nan,nan,nan,nan,nan,nan,nan,nan,nan,nan,nan,nan,nan,nan,nan,nan,nan,nan,nan,nan,nan,nan,nan,nan,nan,nan,nan,nan,nan,nan,nan,nan,nan,nan,nan,nan,nan,nan,nan,nan,nan,nan,nan,nan,nan,True,GEOMETRY_DISABLED,none,MODEL_ORIGIN_FRAME_NOT_ESTABLISHED,nan,nan,nan,nan,nan,nan,nan,nan,nan,nan,nan,nan,nan,NOT_EVALUATED,nan,nan,nan,0.0,BEFORE_HISTORY,nan,nan,nan,nan,nan,nan
0.0,1791339456.059932,1791339456.0925221,1791339456.0925221,front_rgbd_red_sphere,False,False,False,DEPTH_FRAME_UNMATCHED,101.4,101.3,1791339455.6897833,1791339456.059932,1791339373.039771,1791339373.039771,1791339373.039771,0.10000000000000853,1791339372.4717689,1791339373.467773,1791339373.3106868,1791339373.467773,1791339373.314687,1791339373.471771,1791339372.4677722,1791339373.467773,1791339372.4717689,1791339373.471771,1791339354.187771,GAZEBO_CLOCK_SYSTEM_INTERPOLATION,MAPPED_EXACT,0,18.852,1791339373.039771,0.01342320442199707,0.0,RGB,0.0,0,1,0,UNCALIBRATED,PREPARATION,UNKNOWN,TURNING,0.0,0,0.0,nan,nan,nan,nan,False,0.0,0.0,0.0,0.0,0,0,0,0,0,0.0,0.0,0.0,0.0,0.0,0.0,0.0,0.0,0.0,0.0,0.0,0.0,0.0,0.0,0.0,0.0,0.0,0.0,0.0,0.0,0.0,0.0,0.0,0.0,0.0,0.0,0.0,0.0,False,CLOCK_REFERENCE_READY,0,101.808,1791339456.07506,nan,nan,nan,nan,nan,nan,nan,nan,nan,nan,nan,nan,nan,nan,nan,nan,nan,nan,nan,nan,nan,nan,nan,nan,nan,nan,nan,nan,nan,nan,nan,nan,nan,nan,nan,nan,nan,nan,nan,nan,nan,nan,nan,nan,nan,nan,nan,True,GEOMETRY_DISABLED,none,MODEL_ORIGIN_FRAME_NOT_ESTABLISHED,nan,nan,nan,nan,nan,nan,nan,nan,nan,nan,nan,nan,nan,NOT_EVALUATED,nan,nan,nan,0.0,BEFORE_HISTORY,nan,nan,nan,nan,nan,nan
0.0,1791339456.453456,1791339456.4922297,1791339456.4922297,front_rgbd_red_sphere,False,False,False,DEPTH_FRAME_UNMATCHED,101.8,101.652,1791339456.0945714,1791339456.453456,1791339373.039771,1791339373.039771,1791339373.039771,0.14799999999999613,1791339372.4717689,1791339373.467773,1791339373.3106868,1791339373.467773,1791339373.314687,1791339373.471771,1791339372.4677722,1791339373.467773,1791339372.4717689,1791339373.471771,1791339354.187771,GAZEBO_CLOCK_SYSTEM_INTERPOLATION,MAPPED_EXACT,0,18.852,1791339373.039771,0.01342320442199707,0.0,RGB,0.0,0,1,0,UNCALIBRATED,PREPARATION,UNKNOWN,TURNING,0.0,0,0.0,nan,nan,nan,nan,False,0.0,0.0,0.0,0.0,0,0,0,0,0,0.0,0.0,0.0,0.0,0.0,0.0,0.0,0.0,0.0,0.0,0.0,0.0,0.0,0.0,0.0,0.0,0.0,0.0,0.0,0.0,0.0,0.0,0.0,0.0,0.0,0.0,0.0,0.0,False,CLOCK_REFERENCE_READY,0,102.208,1791339456.4750528,nan,nan,nan,nan,nan,nan,nan,nan,nan,nan,nan,nan,nan,nan,nan,nan,nan,nan,nan,nan,nan,nan,nan,nan,nan,nan,nan,nan,nan,nan,nan,nan,nan,nan,nan,nan,nan,nan,nan,nan,nan,nan,nan,nan,nan,nan,nan,True,GEOMETRY_DISABLED,none,MODEL_ORIGIN_FRAME_NOT_ESTABLISHED,nan,nan,nan,nan,nan,nan,nan,nan,nan,nan,nan,nan,nan,NOT_EVALUATED,nan,nan,nan,0.0,BEFORE_HISTORY,nan,nan,nan,nan,nan,nan
0.0,1791339457.2695973,1791339457.2923174,1791339457.2923174,front_rgbd_red_sphere,False,False,False,DEPTH_FRAME_UNMATCHED,102.6,102.5,1791339456.901868,1791339457.2695973,1791339373.039771,1791339373.039771,1791339373.039771,0.09999999999999432,1791339372.4717689,1791339373.467773,1791339373.3106868,1791339373.467773,1791339373.314687,1791339373.471771,1791339372.4677722,1791339373.467773,1791339372.4717689,1791339373.471771,1791339354.187771,GAZEBO_CLOCK_SYSTEM_INTERPOLATION,MAPPED_EXACT,0,18.852,1791339373.039771,0.01342320442199707,0.0,RGB,0.0,0,1,0,UNCALIBRATED,PREPARATION,UNKNOWN,TURNING,0.0,0,0.0,nan,nan,nan,nan,False,0.0,0.0,0.0,0.0,0,0,0,0,0,0.0,0.0,0.0,0.0,0.0,0.0,0.0,0.0,0.0,0.0,0.0,0.0,0.0,0.0,0.0,0.0,0.0,0.0,0.0,0.0,0.0,0.0,0.0,0.0,0.0,0.0,0.0,0.0,False,CLOCK_REFERENCE_READY,0,103.008,1791339457.2750537,nan,nan,nan,nan,nan,nan,nan,nan,nan,nan,nan,nan,nan,nan,nan,nan,nan,nan,nan,nan,nan,nan,nan,nan,nan,nan,nan,nan,nan,nan,nan,nan,nan,nan,nan,nan,nan,nan,nan,nan,nan,nan,nan,nan,nan,nan,nan,True,GEOMETRY_DISABLED,none,MODEL_ORIGIN_FRAME_NOT_ESTABLISHED,nan,nan,nan,nan,nan,nan,nan,nan,nan,nan,nan,nan,nan,NOT_EVALUATED,nan,nan,nan,0.0,BEFORE_HISTORY,nan,nan,nan,nan,nan,nan
0.0,1791339457.9771516,1791339457.9921982,1791339457.9921982,front_rgbd_red_sphere,False,False,False,DEPTH_FRAME_UNMATCHED,103.3,103.2,1791339457.5918057,1791339457.9771516,1791339373.039771,1791339373.039771,1791339373.039771,0.09999999999999432,1791339372.4717689,1791339373.467773,1791339373.3106868,1791339373.467773,1791339373.314687,1791339373.471771,1791339372.4677722,1791339373.467773,1791339372.4717689,1791339373.471771,1791339354.187771,GAZEBO_CLOCK_SYSTEM_INTERPOLATION,MAPPED_EXACT,0,18.852,1791339373.039771,0.01342320442199707,0.0,RGB,0.0,0,1,0,UNCALIBRATED,PREPARATION,UNKNOWN,TURNING,0.0,0,0.0,nan,nan,nan,nan,False,0.0,0.0,0.0,0.0,0,0,0,0,0,0.0,0.0,0.0,0.0,0.0,0.0,0.0,0.0,0.0,0.0,0.0,0.0,0.0,0.0,0.0,0.0,0.0,0.0,0.0,0.0,0.0,0.0,0.0,0.0,0.0,0.0,0.0,0.0,False,CLOCK_REFERENCE_READY,0,103.708,1791339457.9750528,nan,nan,nan,nan,nan,nan,nan,nan,nan,nan,nan,nan,nan,nan,nan,nan,nan,nan,nan,nan,nan,nan,nan,nan,nan,nan,nan,nan,nan,nan,nan,nan,nan,nan,nan,nan,nan,nan,nan,nan,nan,nan,nan,nan,nan,nan,nan,True,GEOMETRY_DISABLED,none,MODEL_ORIGIN_FRAME_NOT_ESTABLISHED,nan,nan,nan,nan,nan,nan,nan,nan,nan,nan,nan,nan,nan,NOT_EVALUATED,nan,nan,nan,0.0,BEFORE_HISTORY,nan,nan,nan,nan,nan,nan
0.0,1791339458.1552873,1791339458.192226,1791339458.192226,front_rgbd_red_sphere,False,False,False,DEPTH_FRAME_UNMATCHED,103.5,103.4,1791339457.7892973,1791339458.1552873,1791339373.039771,1791339373.039771,1791339373.039771,0.09999999999999432,1791339372.4717689,1791339373.467773,1791339373.3106868,1791339373.467773,1791339373.314687,1791339373.471771,1791339372.4677722,1791339373.467773,1791339372.4717689,1791339373.471771,1791339354.187771,GAZEBO_CLOCK_SYSTEM_INTERPOLATION,MAPPED_EXACT,0,18.852,1791339373.039771,0.01342320442199707,0.0,RGB,0.0,0,1,0,UNCALIBRATED,PREPARATION,UNKNOWN,TURNING,0.0,0,0.0,nan,nan,nan,nan,False,0.0,0.0,0.0,0.0,0,0,0,0,0,0.0,0.0,0.0,0.0,0.0,0.0,0.0,0.0,0.0,0.0,0.0,0.0,0.0,0.0,0.0,0.0,0.0,0.0,0.0,0.0,0.0,0.0,0.0,0.0,0.0,0.0,0.0,0.0,False,CLOCK_REFERENCE_READY,0,103.908,1791339458.1750586,nan,nan,nan,nan,nan,nan,nan,nan,nan,nan,nan,nan,nan,nan,nan,nan,nan,nan,nan,nan,nan,nan,nan,nan,nan,nan,nan,nan,nan,nan,nan,nan,nan,nan,nan,nan,nan,nan,nan,nan,nan,nan,nan,nan,nan,nan,nan,True,GEOMETRY_DISABLED,none,MODEL_ORIGIN_FRAME_NOT_ESTABLISHED,nan,nan,nan,nan,nan,nan,nan,nan,nan,nan,nan,nan,nan,NOT_EVALUATED,nan,nan,nan,0.0,BEFORE_HISTORY,nan,nan,nan,nan,nan,nan
0.0,1791339458.3638084,1791339458.392223,1791339458.392223,front_rgbd_red_sphere,False,False,False,DEPTH_FRAME_UNMATCHED,103.7,103.6,1791339457.9995575,1791339458.3638084,1791339373.039771,1791339373.039771,1791339373.039771,0.10000000000000853,1791339372.4717689,1791339373.467773,1791339373.3106868,1791339373.467773,1791339373.314687,1791339373.471771,1791339372.4677722,1791339373.467773,1791339372.4717689,1791339373.471771,1791339354.187771,GAZEBO_CLOCK_SYSTEM_INTERPOLATION,MAPPED_EXACT,0,18.852,1791339373.039771,0.01342320442199707,0.0,RGB,0.0,0,1,0,UNCALIBRATED,PREPARATION,UNKNOWN,TURNING,0.0,0,0.0,nan,nan,nan,nan,False,0.0,0.0,0.0,0.0,0,0,0,0,0,0.0,0.0,0.0,0.0,0.0,0.0,0.0,0.0,0.0,0.0,0.0,0.0,0.0,0.0,0.0,0.0,0.0,0.0,0.0,0.0,0.0,0.0,0.0,0.0,0.0,0.0,0.0,0.0,False,CLOCK_REFERENCE_READY,0,104.108,1791339458.3750556,nan,nan,nan,nan,nan,nan,nan,nan,nan,nan,nan,nan,nan,nan,nan,nan,nan,nan,nan,nan,nan,nan,nan,nan,nan,nan,nan,nan,nan,nan,nan,nan,nan,nan,nan,nan,nan,nan,nan,nan,nan,nan,nan,nan,nan,nan,nan,True,GEOMETRY_DISABLED,none,MODEL_ORIGIN_FRAME_NOT_ESTABLISHED,nan,nan,nan,nan,nan,nan,nan,nan,nan,nan,nan,nan,nan,NOT_EVALUATED,nan,nan,nan,0.0,BEFORE_HISTORY,nan,nan,nan,nan,nan,nan
0.0,1791339458.9930453,1791339458.9937477,1791339458.9937477,front_rgbd_red_sphere,False,False,False,DEPTH_FRAME_UNMATCHED,104.3,104.252,1791339458.5967264,1791339458.9930453,1791339373.039771,1791339373.039771,1791339373.039771,0.04800000000000182,1791339372.4717689,1791339373.467773,1791339373.3106868,1791339373.467773,1791339373.314687,1791339373.471771,1791339372.4677722,1791339373.467773,1791339372.4717689,1791339373.471771,1791339354.187771,GAZEBO_CLOCK_SYSTEM_INTERPOLATION,MAPPED_EXACT,0,18.852,1791339373.039771,0.01342320442199707,0.0,RGB,0.0,0,1,0,UNCALIBRATED,PREPARATION,UNKNOWN,TURNING,0.0,0,0.0,nan,nan,nan,nan,False,0.0,0.0,0.0,0.0,0,0,0,0,0,0.0,0.0,0.0,0.0,0.0,0.0,0.0,0.0,0.0,0.0,0.0,0.0,0.0,0.0,0.0,0.0,0.0,0.0,0.0,0.0,0.0,0.0,0.0,0.0,0.0,0.0,0.0,0.0,False,CLOCK_REFERENCE_READY,0,104.708,1791339458.975057,nan,nan,nan,nan,nan,nan,nan,nan,nan,nan,nan,nan,nan,nan,nan,nan,nan,nan,nan,nan,nan,nan,nan,nan,nan,nan,nan,nan,nan,nan,nan,nan,nan,nan,nan,nan,nan,nan,nan,nan,nan,nan,nan,nan,nan,nan,nan,True,GEOMETRY_DISABLED,none,MODEL_ORIGIN_FRAME_NOT_ESTABLISHED,nan,nan,nan,nan,nan,nan,nan,nan,nan,nan,nan,nan,nan,NOT_EVALUATED,nan,nan,nan,0.0,BEFORE_HISTORY,nan,nan,nan,nan,nan,nan
0.0,1791339459.089292,1791339459.0922842,1791339459.0922842,front_rgbd_red_sphere,False,False,False,DEPTH_FRAME_UNMATCHED,104.4,104.3,1791339458.7016008,1791339459.089292,1791339373.039771,1791339373.039771,1791339373.039771,0.10000000000000853,1791339372.4717689,1791339373.467773,1791339373.3106868,1791339373.467773,1791339373.314687,1791339373.471771,1791339372.4677722,1791339373.467773,1791339372.4717689,1791339373.471771,1791339354.187771,GAZEBO_CLOCK_SYSTEM_INTERPOLATION,MAPPED_EXACT,0,18.852,1791339373.039771,0.01342320442199707,0.0,RGB,0.0,0,1,0,UNCALIBRATED,PREPARATION,UNKNOWN,TURNING,0.0,0,0.0,nan,nan,nan,nan,False,0.0,0.0,0.0,0.0,0,0,0,0,0,0.0,0.0,0.0,0.0,0.0,0.0,0.0,0.0,0.0,0.0,0.0,0.0,0.0,0.0,0.0,0.0,0.0,0.0,0.0,0.0,0.0,0.0,0.0,0.0,0.0,0.0,0.0,0.0,False,CLOCK_REFERENCE_READY,0,104.808,1791339459.075056,nan,nan,nan,nan,nan,nan,nan,nan,nan,nan,nan,nan,nan,nan,nan,nan,nan,nan,nan,nan,nan,nan,nan,nan,nan,nan,nan,nan,nan,nan,nan,nan,nan,nan,nan,nan,nan,nan,nan,nan,nan,nan,nan,nan,nan,nan,nan,True,GEOMETRY_DISABLED,none,MODEL_ORIGIN_FRAME_NOT_ESTABLISHED,nan,nan,nan,nan,nan,nan,nan,nan,nan,nan,nan,nan,nan,NOT_EVALUATED,nan,nan,nan,0.0,BEFORE_HISTORY,nan,nan,nan,nan,nan,nan
0.0,1791339459.9905283,1791339459.9923508,1791339459.9923508,front_rgbd_red_sphere,False,False,False,DEPTH_FRAME_UNMATCHED,105.3,105.2,1791339459.5898807,1791339459.9905283,1791339373.039771,1791339373.039771,1791339373.039771,0.09999999999999432,1791339372.4717689,1791339373.467773,1791339373.3106868,1791339373.467773,1791339373.314687,1791339373.471771,1791339372.4677722,1791339373.467773,1791339372.4717689,1791339373.471771,1791339354.187771,GAZEBO_CLOCK_SYSTEM_INTERPOLATION,MAPPED_EXACT,0,18.852,1791339373.039771,0.01342320442199707,0.0,RGB,0.0,0,1,0,UNCALIBRATED,PREPARATION,UNKNOWN,TURNING,0.0,0,0.0,nan,nan,nan,nan,False,0.0,0.0,0.0,0.0,0,0,0,0,0,0.0,0.0,0.0,0.0,0.0,0.0,0.0,0.0,0.0,0.0,0.0,0.0,0.0,0.0,0.0,0.0,0.0,0.0,0.0,0.0,0.0,0.0,0.0,0.0,0.0,0.0,0.0,0.0,False,CLOCK_REFERENCE_READY,0,105.708,1791339459.9750564,nan,nan,nan,nan,nan,nan,nan,nan,nan,nan,nan,nan,nan,nan,nan,nan,nan,nan,nan,nan,nan,nan,nan,nan,nan,nan,nan,nan,nan,nan,nan,nan,nan,nan,nan,nan,nan,nan,nan,nan,nan,nan,nan,nan,nan,nan,nan,True,GEOMETRY_DISABLED,none,MODEL_ORIGIN_FRAME_NOT_ESTABLISHED,nan,nan,nan,nan,nan,nan,nan,nan,nan,nan,nan,nan,nan,NOT_EVALUATED,nan,nan,nan,0.0,BEFORE_HISTORY,nan,nan,nan,nan,nan,nan
0.0,1791339460.1662889,1791339460.1923857,1791339460.1923857,front_rgbd_red_sphere,False,False,False,DEPTH_FRAME_UNMATCHED,105.5,105.4,1791339459.7919457,1791339460.1662889,1791339373.039771,1791339373.039771,1791339373.039771,0.09999999999999432,1791339372.4717689,1791339373.467773,1791339373.3106868,1791339373.467773,1791339373.314687,1791339373.471771,1791339372.4677722,1791339373.467773,1791339372.4717689,1791339373.471771,1791339354.187771,GAZEBO_CLOCK_SYSTEM_INTERPOLATION,MAPPED_EXACT,0,18.852,1791339373.039771,0.01342320442199707,0.0,RGB,0.0,0,1,0,UNCALIBRATED,PREPARATION,UNKNOWN,TURNING,0.0,0,0.0,nan,nan,nan,nan,False,0.0,0.0,0.0,0.0,0,0,0,0,0,0.0,0.0,0.0,0.0,0.0,0.0,0.0,0.0,0.0,0.0,0.0,0.0,0.0,0.0,0.0,0.0,0.0,0.0,0.0,0.0,0.0,0.0,0.0,0.0,0.0,0.0,0.0,0.0,False,CLOCK_REFERENCE_READY,0,105.908,1791339460.1750617,nan,nan,nan,nan,nan,nan,nan,nan,nan,nan,nan,nan,nan,nan,nan,nan,nan,nan,nan,nan,nan,nan,nan,nan,nan,nan,nan,nan,nan,nan,nan,nan,nan,nan,nan,nan,nan,nan,nan,nan,nan,nan,nan,nan,nan,nan,nan,True,GEOMETRY_DISABLED,none,MODEL_ORIGIN_FRAME_NOT_ESTABLISHED,nan,nan,nan,nan,nan,nan,nan,nan,nan,nan,nan,nan,nan,NOT_EVALUATED,nan,nan,nan,0.0,BEFORE_HISTORY,nan,nan,nan,nan,nan,nan
0.0,1791339460.349974,1791339460.392419,1791339460.392419,front_rgbd_red_sphere,False,False,False,DEPTH_FRAME_UNMATCHED,105.7,105.6,1791339460.0015566,1791339460.349974,1791339373.039771,1791339373.039771,1791339373.039771,0.10000000000000853,1791339372.4717689,1791339373.467773,1791339373.3106868,1791339373.467773,1791339373.314687,1791339373.471771,1791339372.4677722,1791339373.467773,1791339372.4717689,1791339373.471771,1791339354.187771,GAZEBO_CLOCK_SYSTEM_INTERPOLATION,MAPPED_EXACT,0,18.852,1791339373.039771,0.01342320442199707,0.0,RGB,0.0,0,1,0,UNCALIBRATED,PREPARATION,UNKNOWN,TURNING,0.0,0,0.0,nan,nan,nan,nan,False,0.0,0.0,0.0,0.0,0,0,0,0,0,0.0,0.0,0.0,0.0,0.0,0.0,0.0,0.0,0.0,0.0,0.0,0.0,0.0,0.0,0.0,0.0,0.0,0.0,0.0,0.0,0.0,0.0,0.0,0.0,0.0,0.0,0.0,0.0,False,CLOCK_REFERENCE_READY,0,106.108,1791339460.3750567,nan,nan,nan,nan,nan,nan,nan,nan,nan,nan,nan,nan,nan,nan,nan,nan,nan,nan,nan,nan,nan,nan,nan,nan,nan,nan,nan,nan,nan,nan,nan,nan,nan,nan,nan,nan,nan,nan,nan,nan,nan,nan,nan,nan,nan,nan,nan,True,GEOMETRY_DISABLED,none,MODEL_ORIGIN_FRAME_NOT_ESTABLISHED,nan,nan,nan,nan,nan,nan,nan,nan,nan,nan,nan,nan,nan,NOT_EVALUATED,nan,nan,nan,0.0,BEFORE_HISTORY,nan,nan,nan,nan,nan,nan
0.0,1791339460.5641286,1791339460.5923626,1791339460.5923626,front_rgbd_red_sphere,False,False,False,DEPTH_FRAME_UNMATCHED,105.9,105.8,1791339460.193622,1791339460.5641286,1791339373.039771,1791339373.039771,1791339373.039771,0.10000000000000853,1791339372.4717689,1791339373.467773,1791339373.3106868,1791339373.467773,1791339373.314687,1791339373.471771,1791339372.4677722,1791339373.467773,1791339372.4717689,1791339373.471771,1791339354.187771,GAZEBO_CLOCK_SYSTEM_INTERPOLATION,MAPPED_EXACT,0,18.852,1791339373.039771,0.01342320442199707,0.0,RGB,0.0,0,1,0,UNCALIBRATED,PREPARATION,UNKNOWN,TURNING,0.0,0,0.0,nan,nan,nan,nan,False,0.0,0.0,0.0,0.0,0,0,0,0,0,0.0,0.0,0.0,0.0,0.0,0.0,0.0,0.0,0.0,0.0,0.0,0.0,0.0,0.0,0.0,0.0,0.0,0.0,0.0,0.0,0.0,0.0,0.0,0.0,0.0,0.0,0.0,0.0,False,CLOCK_REFERENCE_READY,0,106.308,1791339460.5750601,nan,nan,nan,nan,nan,nan,nan,nan,nan,nan,nan,nan,nan,nan,nan,nan,nan,nan,nan,nan,nan,nan,nan,nan,nan,nan,nan,nan,nan,nan,nan,nan,nan,nan,nan,nan,nan,nan,nan,nan,nan,nan,nan,nan,nan,nan,nan,True,GEOMETRY_DISABLED,none,MODEL_ORIGIN_FRAME_NOT_ESTABLISHED,nan,nan,nan,nan,nan,nan,nan,nan,nan,nan,nan,nan,nan,NOT_EVALUATED,nan,nan,nan,0.0,BEFORE_HISTORY,nan,nan,nan,nan,nan,nan
0.0,1791339460.9580631,1791339460.9923933,1791339460.9923933,front_rgbd_red_sphere,False,False,False,DEPTH_FRAME_UNMATCHED,106.3,106.152,1791339460.5980003,1791339460.9580631,1791339373.039771,1791339373.039771,1791339373.039771,0.14799999999999613,1791339372.4717689,1791339373.467773,1791339373.3106868,1791339373.467773,1791339373.314687,1791339373.471771,1791339372.4677722,1791339373.467773,1791339372.4717689,1791339373.471771,1791339354.187771,GAZEBO_CLOCK_SYSTEM_INTERPOLATION,MAPPED_EXACT,0,18.852,1791339373.039771,0.01342320442199707,0.0,RGB,0.0,0,1,0,UNCALIBRATED,PREPARATION,UNKNOWN,TURNING,0.0,0,0.0,nan,nan,nan,nan,False,0.0,0.0,0.0,0.0,0,0,0,0,0,0.0,0.0,0.0,0.0,0.0,0.0,0.0,0.0,0.0,0.0,0.0,0.0,0.0,0.0,0.0,0.0,0.0,0.0,0.0,0.0,0.0,0.0,0.0,0.0,0.0,0.0,0.0,0.0,False,MAPPED_EXACT,0,106.724,1791339460.9910495,nan,nan,nan,nan,nan,nan,nan,nan,nan,nan,nan,nan,nan,nan,nan,nan,nan,nan,nan,nan,nan,nan,nan,nan,nan,nan,nan,nan,nan,nan,nan,nan,nan,nan,nan,nan,nan,nan,nan,nan,nan,nan,nan,nan,nan,nan,nan,True,GEOMETRY_DISABLED,none,MODEL_ORIGIN_FRAME_NOT_ESTABLISHED,nan,nan,nan,nan,nan,nan,nan,nan,nan,nan,nan,nan,nan,NOT_EVALUATED,nan,nan,nan,0.0,BEFORE_HISTORY,nan,nan,nan,nan,nan,nan
0.0,1791339461.972121,1791339461.9923542,1791339461.9923542,front_rgbd_red_sphere,False,False,False,DEPTH_FRAME_UNMATCHED,107.3,107.152,1791339461.5899823,1791339461.972121,1791339373.039771,1791339373.039771,1791339373.039771,0.14799999999999613,1791339372.4717689,1791339373.467773,1791339373.3106868,1791339373.467773,1791339373.314687,1791339373.471771,1791339372.4677722,1791339373.467773,1791339372.4717689,1791339373.471771,1791339354.187771,GAZEBO_CLOCK_SYSTEM_INTERPOLATION,MAPPED_EXACT,0,18.852,1791339373.039771,0.01342320442199707,0.0,RGB,0.0,0,1,0,UNCALIBRATED,PREPARATION,UNKNOWN,TURNING,0.0,0,0.0,nan,nan,nan,nan,False,0.0,0.0,0.0,0.0,0,0,0,0,0,0.0,0.0,0.0,0.0,0.0,0.0,0.0,0.0,0.0,0.0,0.0,0.0,0.0,0.0,0.0,0.0,0.0,0.0,0.0,0.0,0.0,0.0,0.0,0.0,0.0,0.0,0.0,0.0,False,MAPPED_EXACT,0,107.724,1791339461.9910505,nan,nan,nan,nan,nan,nan,nan,nan,nan,nan,nan,nan,nan,nan,nan,nan,nan,nan,nan,nan,nan,nan,nan,nan,nan,nan,nan,nan,nan,nan,nan,nan,nan,nan,nan,nan,nan,nan,nan,nan,nan,nan,nan,nan,nan,nan,nan,True,GEOMETRY_DISABLED,none,MODEL_ORIGIN_FRAME_NOT_ESTABLISHED,nan,nan,nan,nan,nan,nan,nan,nan,nan,nan,nan,nan,nan,NOT_EVALUATED,nan,nan,nan,0.0,BEFORE_HISTORY,nan,nan,nan,nan,nan,nan
0.0,1791339462.7881553,1791339462.792357,1791339462.792357,front_rgbd_red_sphere,False,False,False,DEPTH_FRAME_UNMATCHED,108.1,107.952,1791339462.3994083,1791339462.7881553,1791339373.039771,1791339373.039771,1791339373.039771,0.14799999999999613,1791339372.4717689,1791339373.467773,1791339373.3106868,1791339373.467773,1791339373.314687,1791339373.471771,1791339372.4677722,1791339373.467773,1791339372.4717689,1791339373.471771,1791339354.187771,GAZEBO_CLOCK_SYSTEM_INTERPOLATION,MAPPED_EXACT,0,18.852,1791339373.039771,0.01342320442199707,0.0,RGB,0.0,0,1,0,UNCALIBRATED,PREPARATION,UNKNOWN,TURNING,0.0,0,0.0,nan,nan,nan,nan,False,0.0,0.0,0.0,0.0,0,0,0,0,0,0.0,0.0,0.0,0.0,0.0,0.0,0.0,0.0,0.0,0.0,0.0,0.0,0.0,0.0,0.0,0.0,0.0,0.0,0.0,0.0,0.0,0.0,0.0,0.0,0.0,0.0,0.0,0.0,False,MAPPED_EXACT,0,108.524,1791339462.7910545,nan,nan,nan,nan,nan,nan,nan,nan,nan,nan,nan,nan,nan,nan,nan,nan,nan,nan,nan,nan,nan,nan,nan,nan,nan,nan,nan,nan,nan,nan,nan,nan,nan,nan,nan,nan,nan,nan,nan,nan,nan,nan,nan,nan,nan,nan,nan,True,GEOMETRY_DISABLED,none,MODEL_ORIGIN_FRAME_NOT_ESTABLISHED,nan,nan,nan,nan,nan,nan,nan,nan,nan,nan,nan,nan,nan,NOT_EVALUATED,nan,nan,nan,0.0,BEFORE_HISTORY,nan,nan,nan,nan,nan,nan
0.0,1791339464.354609,1791339464.392409,1791339464.392409,front_rgbd_red_sphere,False,False,False,DEPTH_FRAME_UNMATCHED,109.7,109.6,1791339463.989948,1791339464.354609,1791339373.039771,1791339373.039771,1791339373.039771,0.10000000000000853,1791339372.4717689,1791339373.467773,1791339373.3106868,1791339373.467773,1791339373.314687,1791339373.471771,1791339372.4677722,1791339373.467773,1791339372.4717689,1791339373.471771,1791339354.187771,GAZEBO_CLOCK_SYSTEM_INTERPOLATION,MAPPED_EXACT,0,18.852,1791339373.039771,0.01342320442199707,0.0,RGB,0.0,0,1,0,UNCALIBRATED,PREPARATION,UNKNOWN,TURNING,0.0,0,0.0,nan,nan,nan,nan,False,0.0,0.0,0.0,0.0,0,0,0,0,0,0.0,0.0,0.0,0.0,0.0,0.0,0.0,0.0,0.0,0.0,0.0,0.0,0.0,0.0,0.0,0.0,0.0,0.0,0.0,0.0,0.0,0.0,0.0,0.0,0.0,0.0,0.0,0.0,False,MAPPED_EXACT,0,110.124,1791339464.391056,nan,nan,nan,nan,nan,nan,nan,nan,nan,nan,nan,nan,nan,nan,nan,nan,nan,nan,nan,nan,nan,nan,nan,nan,nan,nan,nan,nan,nan,nan,nan,nan,nan,nan,nan,nan,nan,nan,nan,nan,nan,nan,nan,nan,nan,nan,nan,True,GEOMETRY_DISABLED,none,MODEL_ORIGIN_FRAME_NOT_ESTABLISHED,nan,nan,nan,nan,nan,nan,nan,nan,nan,nan,nan,nan,nan,NOT_EVALUATED,nan,nan,nan,0.0,BEFORE_HISTORY,nan,nan,nan,nan,nan,nan
0.0,1791339465.4862053,1791339465.4923604,1791339465.4923604,front_rgbd_red_sphere,False,False,False,DEPTH_FRAME_UNMATCHED,110.8,110.7,1791339465.0910661,1791339465.4862053,1791339373.039771,1791339373.039771,1791339373.039771,0.09999999999999432,1791339372.4717689,1791339373.467773,1791339373.3106868,1791339373.467773,1791339373.314687,1791339373.471771,1791339372.4677722,1791339373.467773,1791339372.4717689,1791339373.471771,1791339354.187771,GAZEBO_CLOCK_SYSTEM_INTERPOLATION,MAPPED_EXACT,0,18.852,1791339373.039771,0.01342320442199707,0.0,RGB,0.0,0,1,0,UNCALIBRATED,PREPARATION,UNKNOWN,TURNING,0.0,0,0.0,nan,nan,nan,nan,False,0.0,0.0,0.0,0.0,0,0,0,0,0,0.0,0.0,0.0,0.0,0.0,0.0,0.0,0.0,0.0,0.0,0.0,0.0,0.0,0.0,0.0,0.0,0.0,0.0,0.0,0.0,0.0,0.0,0.0,0.0,0.0,0.0,0.0,0.0,False,CLOCK_REFERENCE_READY,0,111.196,1791339465.4834852,nan,nan,nan,nan,nan,nan,nan,nan,nan,nan,nan,nan,nan,nan,nan,nan,nan,nan,nan,nan,nan,nan,nan,nan,nan,nan,nan,nan,nan,nan,nan,nan,nan,nan,nan,nan,nan,nan,nan,nan,nan,nan,nan,nan,nan,nan,nan,True,GEOMETRY_DISABLED,none,MODEL_ORIGIN_FRAME_NOT_ESTABLISHED,nan,nan,nan,nan,nan,nan,nan,nan,nan,nan,nan,nan,nan,NOT_EVALUATED,nan,nan,nan,0.0,BEFORE_HISTORY,nan,nan,nan,nan,nan,nan
0.0,1791339465.5702157,1791339465.5922937,1791339465.5922937,front_rgbd_red_sphere,False,False,False,DEPTH_FRAME_UNMATCHED,110.9,110.8,1791339465.2023954,1791339465.5702157,1791339373.039771,1791339373.039771,1791339373.039771,0.10000000000000853,1791339372.4717689,1791339373.467773,1791339373.3106868,1791339373.467773,1791339373.314687,1791339373.471771,1791339372.4677722,1791339373.467773,1791339372.4717689,1791339373.471771,1791339354.187771,GAZEBO_CLOCK_SYSTEM_INTERPOLATION,MAPPED_EXACT,0,18.852,1791339373.039771,0.01342320442199707,0.0,RGB,0.0,0,1,0,UNCALIBRATED,PREPARATION,UNKNOWN,TURNING,0.0,0,0.0,nan,nan,nan,nan,False,0.0,0.0,0.0,0.0,0,0,0,0,0,0.0,0.0,0.0,0.0,0.0,0.0,0.0,0.0,0.0,0.0,0.0,0.0,0.0,0.0,0.0,0.0,0.0,0.0,0.0,0.0,0.0,0.0,0.0,0.0,0.0,0.0,0.0,0.0,False,CLOCK_REFERENCE_READY,0,111.296,1791339465.5834754,nan,nan,nan,nan,nan,nan,nan,nan,nan,nan,nan,nan,nan,nan,nan,nan,nan,nan,nan,nan,nan,nan,nan,nan,nan,nan,nan,nan,nan,nan,nan,nan,nan,nan,nan,nan,nan,nan,nan,nan,nan,nan,nan,nan,nan,nan,nan,True,GEOMETRY_DISABLED,none,MODEL_ORIGIN_FRAME_NOT_ESTABLISHED,nan,nan,nan,nan,nan,nan,nan,nan,nan,nan,nan,nan,nan,NOT_EVALUATED,nan,nan,nan,0.0,BEFORE_HISTORY,nan,nan,nan,nan,nan,nan
0.0,1791339465.6825764,1791339465.6923602,1791339465.6923602,front_rgbd_red_sphere,False,False,False,DEPTH_FRAME_UNMATCHED,111.0,110.9,1791339465.2924495,1791339465.6825764,1791339373.039771,1791339373.039771,1791339373.039771,0.09999999999999432,1791339372.4717689,1791339373.467773,1791339373.3106868,1791339373.467773,1791339373.314687,1791339373.471771,1791339372.4677722,1791339373.467773,1791339372.4717689,1791339373.471771,1791339354.187771,GAZEBO_CLOCK_SYSTEM_INTERPOLATION,MAPPED_EXACT,0,18.852,1791339373.039771,0.01342320442199707,0.0,RGB,0.0,0,1,0,UNCALIBRATED,PREPARATION,UNKNOWN,TURNING,0.0,0,0.0,nan,nan,nan,nan,False,0.0,0.0,0.0,0.0,0,0,0,0,0,0.0,0.0,0.0,0.0,0.0,0.0,0.0,0.0,0.0,0.0,0.0,0.0,0.0,0.0,0.0,0.0,0.0,0.0,0.0,0.0,0.0,0.0,0.0,0.0,0.0,0.0,0.0,0.0,False,CLOCK_REFERENCE_READY,0,111.396,1791339465.6834803,nan,nan,nan,nan,nan,nan,nan,nan,nan,nan,nan,nan,nan,nan,nan,nan,nan,nan,nan,nan,nan,nan,nan,nan,nan,nan,nan,nan,nan,nan,nan,nan,nan,nan,nan,nan,nan,nan,nan,nan,nan,nan,nan,nan,nan,nan,nan,True,GEOMETRY_DISABLED,none,MODEL_ORIGIN_FRAME_NOT_ESTABLISHED,nan,nan,nan,nan,nan,nan,nan,nan,nan,nan,nan,nan,nan,NOT_EVALUATED,nan,nan,nan,0.0,BEFORE_HISTORY,nan,nan,nan,nan,nan,nan
0.0,1791339467.1624718,1791339467.1923501,1791339467.1923501,front_rgbd_red_sphere,False,False,False,DEPTH_FRAME_UNMATCHED,112.5,112.352,1791339466.812916,1791339467.1624718,1791339373.039771,1791339373.039771,1791339373.039771,0.14799999999999613,1791339372.4717689,1791339373.467773,1791339373.3106868,1791339373.467773,1791339373.314687,1791339373.471771,1791339372.4677722,1791339373.467773,1791339372.4717689,1791339373.471771,1791339354.187771,GAZEBO_CLOCK_SYSTEM_INTERPOLATION,MAPPED_EXACT,0,18.852,1791339373.039771,0.01342320442199707,0.0,RGB,0.0,0,1,0,UNCALIBRATED,PREPARATION,UNKNOWN,TURNING,0.0,0,0.0,nan,nan,nan,nan,False,0.0,0.0,0.0,0.0,0,0,0,0,0,0.0,0.0,0.0,0.0,0.0,0.0,0.0,0.0,0.0,0.0,0.0,0.0,0.0,0.0,0.0,0.0,0.0,0.0,0.0,0.0,0.0,0.0,0.0,0.0,0.0,0.0,0.0,0.0,False,CLOCK_REFERENCE_READY,0,112.896,1791339467.1834729,nan,nan,nan,nan,nan,nan,nan,nan,nan,nan,nan,nan,nan,nan,nan,nan,nan,nan,nan,nan,nan,nan,nan,nan,nan,nan,nan,nan,nan,nan,nan,nan,nan,nan,nan,nan,nan,nan,nan,nan,nan,nan,nan,nan,nan,nan,nan,True,GEOMETRY_DISABLED,none,MODEL_ORIGIN_FRAME_NOT_ESTABLISHED,nan,nan,nan,nan,nan,nan,nan,nan,nan,nan,nan,nan,nan,NOT_EVALUATED,nan,nan,nan,0.0,BEFORE_HISTORY,nan,nan,nan,nan,nan,nan
0.0,1791339467.2902281,1791339467.2922804,1791339467.2922804,front_rgbd_red_sphere,False,False,False,DEPTH_FRAME_UNMATCHED,112.6,112.5,1791339466.908731,1791339467.2902281,1791339373.039771,1791339373.039771,1791339373.039771,0.09999999999999432,1791339372.4717689,1791339373.467773,1791339373.3106868,1791339373.467773,1791339373.314687,1791339373.471771,1791339372.4677722,1791339373.467773,1791339372.4717689,1791339373.471771,1791339354.187771,GAZEBO_CLOCK_SYSTEM_INTERPOLATION,MAPPED_EXACT,0,18.852,1791339373.039771,0.01342320442199707,0.0,RGB,0.0,0,1,0,UNCALIBRATED,PREPARATION,UNKNOWN,TURNING,0.0,0,0.0,nan,nan,nan,nan,False,0.0,0.0,0.0,0.0,0,0,0,0,0,0.0,0.0,0.0,0.0,0.0,0.0,0.0,0.0,0.0,0.0,0.0,0.0,0.0,0.0,0.0,0.0,0.0,0.0,0.0,0.0,0.0,0.0,0.0,0.0,0.0,0.0,0.0,0.0,False,CLOCK_REFERENCE_READY,0,112.996,1791339467.2834802,nan,nan,nan,nan,nan,nan,nan,nan,nan,nan,nan,nan,nan,nan,nan,nan,nan,nan,nan,nan,nan,nan,nan,nan,nan,nan,nan,nan,nan,nan,nan,nan,nan,nan,nan,nan,nan,nan,nan,nan,nan,nan,nan,nan,nan,nan,nan,True,GEOMETRY_DISABLED,none,MODEL_ORIGIN_FRAME_NOT_ESTABLISHED,nan,nan,nan,nan,nan,nan,nan,nan,nan,nan,nan,nan,nan,NOT_EVALUATED,nan,nan,nan,0.0,BEFORE_HISTORY,nan,nan,nan,nan,nan,nan
0.0,1791339467.7639153,1791339467.7922513,1791339467.7922513,front_rgbd_red_sphere,False,False,False,DEPTH_FRAME_UNMATCHED,113.1,112.952,1791339467.4222088,1791339467.7639153,1791339373.039771,1791339373.039771,1791339373.039771,0.14799999999999613,1791339372.4717689,1791339373.467773,1791339373.3106868,1791339373.467773,1791339373.314687,1791339373.471771,1791339372.4677722,1791339373.467773,1791339372.4717689,1791339373.471771,1791339354.187771,GAZEBO_CLOCK_SYSTEM_INTERPOLATION,MAPPED_EXACT,0,18.852,1791339373.039771,0.01342320442199707,0.0,RGB,0.0,0,1,0,UNCALIBRATED,PREPARATION,UNKNOWN,TURNING,0.0,0,0.0,nan,nan,nan,nan,False,0.0,0.0,0.0,0.0,0,0,0,0,0,0.0,0.0,0.0,0.0,0.0,0.0,0.0,0.0,0.0,0.0,0.0,0.0,0.0,0.0,0.0,0.0,0.0,0.0,0.0,0.0,0.0,0.0,0.0,0.0,0.0,0.0,0.0,0.0,False,CLOCK_REFERENCE_READY,0,113.496,1791339467.7834687,nan,nan,nan,nan,nan,nan,nan,nan,nan,nan,nan,nan,nan,nan,nan,nan,nan,nan,nan,nan,nan,nan,nan,nan,nan,nan,nan,nan,nan,nan,nan,nan,nan,nan,nan,nan,nan,nan,nan,nan,nan,nan,nan,nan,nan,nan,nan,True,GEOMETRY_DISABLED,none,MODEL_ORIGIN_FRAME_NOT_ESTABLISHED,nan,nan,nan,nan,nan,nan,nan,nan,nan,nan,nan,nan,nan,NOT_EVALUATED,nan,nan,nan,0.0,BEFORE_HISTORY,nan,nan,nan,nan,nan,nan
0.0,1791339467.881316,1791339467.8923314,1791339467.8923314,front_rgbd_red_sphere,False,False,False,DEPTH_FRAME_UNMATCHED,113.2,113.1,1791339467.5134766,1791339467.881316,1791339373.039771,1791339373.039771,1791339373.039771,0.10000000000000853,1791339372.4717689,1791339373.467773,1791339373.3106868,1791339373.467773,1791339373.314687,1791339373.471771,1791339372.4677722,1791339373.467773,1791339372.4717689,1791339373.471771,1791339354.187771,GAZEBO_CLOCK_SYSTEM_INTERPOLATION,MAPPED_EXACT,0,18.852,1791339373.039771,0.01342320442199707,0.0,RGB,0.0,0,1,0,UNCALIBRATED,PREPARATION,UNKNOWN,TURNING,0.0,0,0.0,nan,nan,nan,nan,False,0.0,0.0,0.0,0.0,0,0,0,0,0,0.0,0.0,0.0,0.0,0.0,0.0,0.0,0.0,0.0,0.0,0.0,0.0,0.0,0.0,0.0,0.0,0.0,0.0,0.0,0.0,0.0,0.0,0.0,0.0,0.0,0.0,0.0,0.0,False,CLOCK_REFERENCE_READY,0,113.596,1791339467.883481,nan,nan,nan,nan,nan,nan,nan,nan,nan,nan,nan,nan,nan,nan,nan,nan,nan,nan,nan,nan,nan,nan,nan,nan,nan,nan,nan,nan,nan,nan,nan,nan,nan,nan,nan,nan,nan,nan,nan,nan,nan,nan,nan,nan,nan,nan,nan,True,GEOMETRY_DISABLED,none,MODEL_ORIGIN_FRAME_NOT_ESTABLISHED,nan,nan,nan,nan,nan,nan,nan,nan,nan,nan,nan,nan,nan,NOT_EVALUATED,nan,nan,nan,0.0,BEFORE_HISTORY,nan,nan,nan,nan,nan,nan
0.0,1791339467.973064,1791339467.9922612,1791339467.9922612,front_rgbd_red_sphere,False,False,False,DEPTH_FRAME_UNMATCHED,113.3,113.2,1791339467.6221406,1791339467.973064,1791339373.039771,1791339373.039771,1791339373.039771,0.09999999999999432,1791339372.4717689,1791339373.467773,1791339373.3106868,1791339373.467773,1791339373.314687,1791339373.471771,1791339372.4677722,1791339373.467773,1791339372.4717689,1791339373.471771,1791339354.187771,GAZEBO_CLOCK_SYSTEM_INTERPOLATION,MAPPED_EXACT,0,18.852,1791339373.039771,0.01342320442199707,0.0,RGB,0.0,0,1,0,UNCALIBRATED,PREPARATION,UNKNOWN,TURNING,0.0,0,0.0,nan,nan,nan,nan,False,0.0,0.0,0.0,0.0,0,0,0,0,0,0.0,0.0,0.0,0.0,0.0,0.0,0.0,0.0,0.0,0.0,0.0,0.0,0.0,0.0,0.0,0.0,0.0,0.0,0.0,0.0,0.0,0.0,0.0,0.0,0.0,0.0,0.0,0.0,False,CLOCK_REFERENCE_READY,0,113.696,1791339467.9834707,nan,nan,nan,nan,nan,nan,nan,nan,nan,nan,nan,nan,nan,nan,nan,nan,nan,nan,nan,nan,nan,nan,nan,nan,nan,nan,nan,nan,nan,nan,nan,nan,nan,nan,nan,nan,nan,nan,nan,nan,nan,nan,nan,nan,nan,nan,nan,True,GEOMETRY_DISABLED,none,MODEL_ORIGIN_FRAME_NOT_ESTABLISHED,nan,nan,nan,nan,nan,nan,nan,nan,nan,nan,nan,nan,nan,NOT_EVALUATED,nan,nan,nan,0.0,BEFORE_HISTORY,nan,nan,nan,nan,nan,nan
0.0,1791339468.0725453,1791339468.0922997,1791339468.0922997,front_rgbd_red_sphere,False,False,False,DEPTH_FRAME_UNMATCHED,113.4,113.3,1791339467.7100723,1791339468.0725453,1791339373.039771,1791339373.039771,1791339373.039771,0.10000000000000853,1791339372.4717689,1791339373.467773,1791339373.3106868,1791339373.467773,1791339373.314687,1791339373.471771,1791339372.4677722,1791339373.467773,1791339372.4717689,1791339373.471771,1791339354.187771,GAZEBO_CLOCK_SYSTEM_INTERPOLATION,MAPPED_EXACT,0,18.852,1791339373.039771,0.01342320442199707,0.0,RGB,0.0,0,1,0,UNCALIBRATED,PREPARATION,UNKNOWN,TURNING,0.0,0,0.0,nan,nan,nan,nan,False,0.0,0.0,0.0,0.0,0,0,0,0,0,0.0,0.0,0.0,0.0,0.0,0.0,0.0,0.0,0.0,0.0,0.0,0.0,0.0,0.0,0.0,0.0,0.0,0.0,0.0,0.0,0.0,0.0,0.0,0.0,0.0,0.0,0.0,0.0,False,CLOCK_REFERENCE_READY,0,113.796,1791339468.0834684,nan,nan,nan,nan,nan,nan,nan,nan,nan,nan,nan,nan,nan,nan,nan,nan,nan,nan,nan,nan,nan,nan,nan,nan,nan,nan,nan,nan,nan,nan,nan,nan,nan,nan,nan,nan,nan,nan,nan,nan,nan,nan,nan,nan,nan,nan,nan,True,GEOMETRY_DISABLED,none,MODEL_ORIGIN_FRAME_NOT_ESTABLISHED,nan,nan,nan,nan,nan,nan,nan,nan,nan,nan,nan,nan,nan,NOT_EVALUATED,nan,nan,nan,0.0,BEFORE_HISTORY,nan,nan,nan,nan,nan,nan
0.0,1791339468.18406,1791339468.192303,1791339468.192303,front_rgbd_red_sphere,False,False,False,DEPTH_FRAME_UNMATCHED,113.5,113.4,1791339467.811122,1791339468.18406,1791339373.039771,1791339373.039771,1791339373.039771,0.09999999999999432,1791339372.4717689,1791339373.467773,1791339373.3106868,1791339373.467773,1791339373.314687,1791339373.471771,1791339372.4677722,1791339373.467773,1791339372.4717689,1791339373.471771,1791339354.187771,GAZEBO_CLOCK_SYSTEM_INTERPOLATION,MAPPED_EXACT,0,18.852,1791339373.039771,0.01342320442199707,0.0,RGB,0.0,0,1,0,UNCALIBRATED,PREPARATION,UNKNOWN,TURNING,0.0,0,0.0,nan,nan,nan,nan,False,0.0,0.0,0.0,0.0,0,0,0,0,0,0.0,0.0,0.0,0.0,0.0,0.0,0.0,0.0,0.0,0.0,0.0,0.0,0.0,0.0,0.0,0.0,0.0,0.0,0.0,0.0,0.0,0.0,0.0,0.0,0.0,0.0,0.0,0.0,False,CLOCK_REFERENCE_READY,0,113.896,1791339468.183481,nan,nan,nan,nan,nan,nan,nan,nan,nan,nan,nan,nan,nan,nan,nan,nan,nan,nan,nan,nan,nan,nan,nan,nan,nan,nan,nan,nan,nan,nan,nan,nan,nan,nan,nan,nan,nan,nan,nan,nan,nan,nan,nan,nan,nan,nan,nan,True,GEOMETRY_DISABLED,none,MODEL_ORIGIN_FRAME_NOT_ESTABLISHED,nan,nan,nan,nan,nan,nan,nan,nan,nan,nan,nan,nan,nan,NOT_EVALUATED,nan,nan,nan,0.0,BEFORE_HISTORY,nan,nan,nan,nan,nan,nan
0.0,1791339469.6800542,1791339469.692333,1791339469.692333,front_rgbd_red_sphere,False,False,False,DEPTH_FRAME_UNMATCHED,115.0,114.9,1791339469.3149214,1791339469.6800542,1791339373.039771,1791339373.039771,1791339373.039771,0.09999999999999432,1791339372.4717689,1791339373.467773,1791339373.3106868,1791339373.467773,1791339373.314687,1791339373.471771,1791339372.4677722,1791339373.467773,1791339372.4717689,1791339373.471771,1791339354.187771,GAZEBO_CLOCK_SYSTEM_INTERPOLATION,MAPPED_EXACT,0,18.852,1791339373.039771,0.01342320442199707,0.0,RGB,0.0,0,1,0,UNCALIBRATED,PREPARATION,UNKNOWN,TURNING,0.0,0,0.0,nan,nan,nan,nan,False,0.0,0.0,0.0,0.0,0,0,0,0,0,0.0,0.0,0.0,0.0,0.0,0.0,0.0,0.0,0.0,0.0,0.0,0.0,0.0,0.0,0.0,0.0,0.0,0.0,0.0,0.0,0.0,0.0,0.0,0.0,0.0,0.0,0.0,0.0,False,CLOCK_REFERENCE_READY,0,115.392,1791339469.6794796,nan,nan,nan,nan,nan,nan,nan,nan,nan,nan,nan,nan,nan,nan,nan,nan,nan,nan,nan,nan,nan,nan,nan,nan,nan,nan,nan,nan,nan,nan,nan,nan,nan,nan,nan,nan,nan,nan,nan,nan,nan,nan,nan,nan,nan,nan,nan,True,GEOMETRY_DISABLED,none,MODEL_ORIGIN_FRAME_NOT_ESTABLISHED,nan,nan,nan,nan,nan,nan,nan,nan,nan,nan,nan,nan,nan,NOT_EVALUATED,nan,nan,nan,0.0,BEFORE_HISTORY,nan,nan,nan,nan,nan,nan
0.0,1791339469.7811258,1791339469.7922568,1791339469.7922568,front_rgbd_red_sphere,False,False,False,DEPTH_FRAME_UNMATCHED,115.1,115.0,1791339469.4141843,1791339469.7811258,1791339373.039771,1791339373.039771,1791339373.039771,0.09999999999999432,1791339372.4717689,1791339373.467773,1791339373.3106868,1791339373.467773,1791339373.314687,1791339373.471771,1791339372.4677722,1791339373.467773,1791339372.4717689,1791339373.471771,1791339354.187771,GAZEBO_CLOCK_SYSTEM_INTERPOLATION,MAPPED_EXACT,0,18.852,1791339373.039771,0.01342320442199707,0.0,RGB,0.0,0,1,0,UNCALIBRATED,PREPARATION,UNKNOWN,TURNING,0.0,0,0.0,nan,nan,nan,nan,False,0.0,0.0,0.0,0.0,0,0,0,0,0,0.0,0.0,0.0,0.0,0.0,0.0,0.0,0.0,0.0,0.0,0.0,0.0,0.0,0.0,0.0,0.0,0.0,0.0,0.0,0.0,0.0,0.0,0.0,0.0,0.0,0.0,0.0,0.0,False,CLOCK_REFERENCE_READY,0,115.492,1791339469.779475,nan,nan,nan,nan,nan,nan,nan,nan,nan,nan,nan,nan,nan,nan,nan,nan,nan,nan,nan,nan,nan,nan,nan,nan,nan,nan,nan,nan,nan,nan,nan,nan,nan,nan,nan,nan,nan,nan,nan,nan,nan,nan,nan,nan,nan,nan,nan,True,GEOMETRY_DISABLED,none,MODEL_ORIGIN_FRAME_NOT_ESTABLISHED,nan,nan,nan,nan,nan,nan,nan,nan,nan,nan,nan,nan,nan,NOT_EVALUATED,nan,nan,nan,0.0,BEFORE_HISTORY,nan,nan,nan,nan,nan,nan
0.0,1791339469.8852499,1791339469.892278,1791339469.892278,front_rgbd_red_sphere,False,False,False,DEPTH_FRAME_UNMATCHED,115.2,115.1,1791339469.515492,1791339469.8852499,1791339373.039771,1791339373.039771,1791339373.039771,0.10000000000000853,1791339372.4717689,1791339373.467773,1791339373.3106868,1791339373.467773,1791339373.314687,1791339373.471771,1791339372.4677722,1791339373.467773,1791339372.4717689,1791339373.471771,1791339354.187771,GAZEBO_CLOCK_SYSTEM_INTERPOLATION,MAPPED_EXACT,0,18.852,1791339373.039771,0.01342320442199707,0.0,RGB,0.0,0,1,0,UNCALIBRATED,PREPARATION,UNKNOWN,TURNING,0.0,0,0.0,nan,nan,nan,nan,False,0.0,0.0,0.0,0.0,0,0,0,0,0,0.0,0.0,0.0,0.0,0.0,0.0,0.0,0.0,0.0,0.0,0.0,0.0,0.0,0.0,0.0,0.0,0.0,0.0,0.0,0.0,0.0,0.0,0.0,0.0,0.0,0.0,0.0,0.0,False,CLOCK_REFERENCE_READY,0,115.592,1791339469.8794837,nan,nan,nan,nan,nan,nan,nan,nan,nan,nan,nan,nan,nan,nan,nan,nan,nan,nan,nan,nan,nan,nan,nan,nan,nan,nan,nan,nan,nan,nan,nan,nan,nan,nan,nan,nan,nan,nan,nan,nan,nan,nan,nan,nan,nan,nan,nan,True,GEOMETRY_DISABLED,none,MODEL_ORIGIN_FRAME_NOT_ESTABLISHED,nan,nan,nan,nan,nan,nan,nan,nan,nan,nan,nan,nan,nan,NOT_EVALUATED,nan,nan,nan,0.0,BEFORE_HISTORY,nan,nan,nan,nan,nan,nan
0.0,1791339469.980651,1791339469.9923182,1791339469.9923182,front_rgbd_red_sphere,False,False,False,DEPTH_FRAME_UNMATCHED,115.3,115.2,1791339469.6095347,1791339469.980651,1791339373.039771,1791339373.039771,1791339373.039771,0.09999999999999432,1791339372.4717689,1791339373.467773,1791339373.3106868,1791339373.467773,1791339373.314687,1791339373.471771,1791339372.4677722,1791339373.467773,1791339372.4717689,1791339373.471771,1791339354.187771,GAZEBO_CLOCK_SYSTEM_INTERPOLATION,MAPPED_EXACT,0,18.852,1791339373.039771,0.01342320442199707,0.0,RGB,0.0,0,1,0,UNCALIBRATED,PREPARATION,UNKNOWN,TURNING,0.0,0,0.0,nan,nan,nan,nan,False,0.0,0.0,0.0,0.0,0,0,0,0,0,0.0,0.0,0.0,0.0,0.0,0.0,0.0,0.0,0.0,0.0,0.0,0.0,0.0,0.0,0.0,0.0,0.0,0.0,0.0,0.0,0.0,0.0,0.0,0.0,0.0,0.0,0.0,0.0,False,CLOCK_REFERENCE_READY,0,115.692,1791339469.97948,nan,nan,nan,nan,nan,nan,nan,nan,nan,nan,nan,nan,nan,nan,nan,nan,nan,nan,nan,nan,nan,nan,nan,nan,nan,nan,nan,nan,nan,nan,nan,nan,nan,nan,nan,nan,nan,nan,nan,nan,nan,nan,nan,nan,nan,nan,nan,True,GEOMETRY_DISABLED,none,MODEL_ORIGIN_FRAME_NOT_ESTABLISHED,nan,nan,nan,nan,nan,nan,nan,nan,nan,nan,nan,nan,nan,NOT_EVALUATED,nan,nan,nan,0.0,BEFORE_HISTORY,nan,nan,nan,nan,nan,nan
0.0,1791339470.074745,1791339470.092322,1791339470.092322,front_rgbd_red_sphere,False,False,False,DEPTH_FRAME_UNMATCHED,115.4,115.3,1791339469.7213595,1791339470.074745,1791339373.039771,1791339373.039771,1791339373.039771,0.10000000000000853,1791339372.4717689,1791339373.467773,1791339373.3106868,1791339373.467773,1791339373.314687,1791339373.471771,1791339372.4677722,1791339373.467773,1791339372.4717689,1791339373.471771,1791339354.187771,GAZEBO_CLOCK_SYSTEM_INTERPOLATION,MAPPED_EXACT,0,18.852,1791339373.039771,0.01342320442199707,0.0,RGB,0.0,0,1,0,UNCALIBRATED,PREPARATION,UNKNOWN,STRAIGHT,0.0,0,0.0,nan,nan,nan,nan,False,0.0,0.0,0.0,0.0,0,0,0,0,0,0.0,0.0,0.0,0.0,0.0,0.0,0.0,0.0,0.0,0.0,0.0,0.0,0.0,0.0,0.0,0.0,0.0,0.0,0.0,0.0,0.0,0.0,0.0,0.0,0.0,0.0,0.0,0.0,False,CLOCK_REFERENCE_READY,0,115.792,1791339470.0794744,nan,nan,nan,nan,nan,nan,nan,nan,nan,nan,nan,nan,nan,nan,nan,nan,nan,nan,nan,nan,nan,nan,nan,nan,nan,nan,nan,nan,nan,nan,nan,nan,nan,nan,nan,nan,nan,nan,nan,nan,nan,nan,nan,nan,nan,nan,nan,True,GEOMETRY_DISABLED,none,MODEL_ORIGIN_FRAME_NOT_ESTABLISHED,nan,nan,nan,nan,nan,nan,nan,nan,nan,nan,nan,nan,nan,NOT_EVALUATED,nan,nan,nan,0.0,BEFORE_HISTORY,nan,nan,nan,nan,nan,nan
0.0,1791339470.4723094,1791339470.4922707,1791339470.4922707,front_rgbd_red_sphere,False,False,False,DEPTH_FRAME_UNMATCHED,115.8,115.652,1791339470.1201837,1791339470.4723094,1791339373.039771,1791339373.039771,1791339373.039771,0.14799999999999613,1791339372.4717689,1791339373.467773,1791339373.3106868,1791339373.467773,1791339373.314687,1791339373.471771,1791339372.4677722,1791339373.467773,1791339372.4717689,1791339373.471771,1791339354.187771,GAZEBO_CLOCK_SYSTEM_INTERPOLATION,MAPPED_EXACT,0,18.852,1791339373.039771,0.01342320442199707,0.0,RGB,0.0,0,1,0,UNCALIBRATED,PREPARATION,UNKNOWN,STRAIGHT,0.0,0,0.0,nan,nan,nan,nan,False,0.0,0.0,0.0,0.0,0,0,0,0,0,0.0,0.0,0.0,0.0,0.0,0.0,0.0,0.0,0.0,0.0,0.0,0.0,0.0,0.0,0.0,0.0,0.0,0.0,0.0,0.0,0.0,0.0,0.0,0.0,0.0,0.0,0.0,0.0,False,CLOCK_REFERENCE_READY,0,116.192,1791339470.4794836,nan,nan,nan,nan,nan,nan,nan,nan,nan,nan,nan,nan,nan,nan,nan,nan,nan,nan,nan,nan,nan,nan,nan,nan,nan,nan,nan,nan,nan,nan,nan,nan,nan,nan,nan,nan,nan,nan,nan,nan,nan,nan,nan,nan,nan,nan,nan,True,GEOMETRY_DISABLED,none,MODEL_ORIGIN_FRAME_NOT_ESTABLISHED,nan,nan,nan,nan,nan,nan,nan,nan,nan,nan,nan,nan,nan,NOT_EVALUATED,nan,nan,nan,0.0,BEFORE_HISTORY,nan,nan,nan,nan,nan,nan
0.0,1791339470.56533,1791339470.592258,1791339470.592258,front_rgbd_red_sphere,False,False,False,DEPTH_FRAME_UNMATCHED,115.9,115.8,1791339470.2112927,1791339470.56533,1791339373.039771,1791339373.039771,1791339373.039771,0.10000000000000853,1791339372.4717689,1791339373.467773,1791339373.3106868,1791339373.467773,1791339373.314687,1791339373.471771,1791339372.4677722,1791339373.467773,1791339372.4717689,1791339373.471771,1791339354.187771,GAZEBO_CLOCK_SYSTEM_INTERPOLATION,MAPPED_EXACT,0,18.852,1791339373.039771,0.01342320442199707,0.0,RGB,0.0,0,1,0,UNCALIBRATED,PREPARATION,UNKNOWN,STRAIGHT,0.0,0,0.0,nan,nan,nan,nan,False,0.0,0.0,0.0,0.0,0,0,0,0,0,0.0,0.0,0.0,0.0,0.0,0.0,0.0,0.0,0.0,0.0,0.0,0.0,0.0,0.0,0.0,0.0,0.0,0.0,0.0,0.0,0.0,0.0,0.0,0.0,0.0,0.0,0.0,0.0,False,CLOCK_REFERENCE_READY,0,116.292,1791339470.5794835,nan,nan,nan,nan,nan,nan,nan,nan,nan,nan,nan,nan,nan,nan,nan,nan,nan,nan,nan,nan,nan,nan,nan,nan,nan,nan,nan,nan,nan,nan,nan,nan,nan,nan,nan,nan,nan,nan,nan,nan,nan,nan,nan,nan,nan,nan,nan,True,GEOMETRY_DISABLED,none,MODEL_ORIGIN_FRAME_NOT_ESTABLISHED,nan,nan,nan,nan,nan,nan,nan,nan,nan,nan,nan,nan,nan,NOT_EVALUATED,nan,nan,nan,0.0,BEFORE_HISTORY,nan,nan,nan,nan,nan,nan
0.0,1791339470.6891396,1791339470.6922932,1791339470.6922932,front_rgbd_red_sphere,False,False,False,DEPTH_FRAME_UNMATCHED,116.0,115.9,1791339470.3194714,1791339470.6891396,1791339373.039771,1791339373.039771,1791339373.039771,0.09999999999999432,1791339372.4717689,1791339373.467773,1791339373.3106868,1791339373.467773,1791339373.314687,1791339373.471771,1791339372.4677722,1791339373.467773,1791339372.4717689,1791339373.471771,1791339354.187771,GAZEBO_CLOCK_SYSTEM_INTERPOLATION,MAPPED_EXACT,0,18.852,1791339373.039771,0.01342320442199707,0.0,RGB,0.0,0,1,0,UNCALIBRATED,PREPARATION,UNKNOWN,STRAIGHT,0.0,0,0.0,nan,nan,nan,nan,False,0.0,0.0,0.0,0.0,0,0,0,0,0,0.0,0.0,0.0,0.0,0.0,0.0,0.0,0.0,0.0,0.0,0.0,0.0,0.0,0.0,0.0,0.0,0.0,0.0,0.0,0.0,0.0,0.0,0.0,0.0,0.0,0.0,0.0,0.0,False,CLOCK_REFERENCE_READY,0,116.392,1791339470.6794722,nan,nan,nan,nan,nan,nan,nan,nan,nan,nan,nan,nan,nan,nan,nan,nan,nan,nan,nan,nan,nan,nan,nan,nan,nan,nan,nan,nan,nan,nan,nan,nan,nan,nan,nan,nan,nan,nan,nan,nan,nan,nan,nan,nan,nan,nan,nan,True,GEOMETRY_DISABLED,none,MODEL_ORIGIN_FRAME_NOT_ESTABLISHED,nan,nan,nan,nan,nan,nan,nan,nan,nan,nan,nan,nan,nan,NOT_EVALUATED,nan,nan,nan,0.0,BEFORE_HISTORY,nan,nan,nan,nan,nan,nan
0.0,1791339470.7807167,1791339470.7923245,1791339470.7923245,front_rgbd_red_sphere,False,False,False,DEPTH_FRAME_UNMATCHED,116.1,116.0,1791339470.4116511,1791339470.7807167,1791339373.039771,1791339373.039771,1791339373.039771,0.09999999999999432,1791339372.4717689,1791339373.467773,1791339373.3106868,1791339373.467773,1791339373.314687,1791339373.471771,1791339372.4677722,1791339373.467773,1791339372.4717689,1791339373.471771,1791339354.187771,GAZEBO_CLOCK_SYSTEM_INTERPOLATION,MAPPED_EXACT,0,18.852,1791339373.039771,0.01342320442199707,0.0,RGB,0.0,0,1,0,UNCALIBRATED,PREPARATION,UNKNOWN,STRAIGHT,0.0,0,0.0,nan,nan,nan,nan,False,0.0,0.0,0.0,0.0,0,0,0,0,0,0.0,0.0,0.0,0.0,0.0,0.0,0.0,0.0,0.0,0.0,0.0,0.0,0.0,0.0,0.0,0.0,0.0,0.0,0.0,0.0,0.0,0.0,0.0,0.0,0.0,0.0,0.0,0.0,False,CLOCK_REFERENCE_READY,0,116.492,1791339470.779484,nan,nan,nan,nan,nan,nan,nan,nan,nan,nan,nan,nan,nan,nan,nan,nan,nan,nan,nan,nan,nan,nan,nan,nan,nan,nan,nan,nan,nan,nan,nan,nan,nan,nan,nan,nan,nan,nan,nan,nan,nan,nan,nan,nan,nan,nan,nan,True,GEOMETRY_DISABLED,none,MODEL_ORIGIN_FRAME_NOT_ESTABLISHED,nan,nan,nan,nan,nan,nan,nan,nan,nan,nan,nan,nan,nan,NOT_EVALUATED,nan,nan,nan,0.0,BEFORE_HISTORY,nan,nan,nan,nan,nan,nan
0.0,1791339470.9749005,1791339470.992332,1791339470.992332,front_rgbd_red_sphere,False,False,False,DEPTH_FRAME_UNMATCHED,116.3,116.2,1791339470.6205113,1791339470.9749005,1791339373.039771,1791339373.039771,1791339373.039771,0.09999999999999432,1791339372.4717689,1791339373.467773,1791339373.3106868,1791339373.467773,1791339373.314687,1791339373.471771,1791339372.4677722,1791339373.467773,1791339372.4717689,1791339373.471771,1791339354.187771,GAZEBO_CLOCK_SYSTEM_INTERPOLATION,MAPPED_EXACT,0,18.852,1791339373.039771,0.01342320442199707,0.0,RGB,0.0,0,1,0,UNCALIBRATED,PREPARATION,UNKNOWN,STRAIGHT,0.0,0,0.0,nan,nan,nan,nan,False,0.0,0.0,0.0,0.0,0,0,0,0,0,0.0,0.0,0.0,0.0,0.0,0.0,0.0,0.0,0.0,0.0,0.0,0.0,0.0,0.0,0.0,0.0,0.0,0.0,0.0,0.0,0.0,0.0,0.0,0.0,0.0,0.0,0.0,0.0,False,CLOCK_REFERENCE_READY,0,116.692,1791339470.9794836,nan,nan,nan,nan,nan,nan,nan,nan,nan,nan,nan,nan,nan,nan,nan,nan,nan,nan,nan,nan,nan,nan,nan,nan,nan,nan,nan,nan,nan,nan,nan,nan,nan,nan,nan,nan,nan,nan,nan,nan,nan,nan,nan,nan,nan,nan,nan,True,GEOMETRY_DISABLED,none,MODEL_ORIGIN_FRAME_NOT_ESTABLISHED,nan,nan,nan,nan,nan,nan,nan,nan,nan,nan,nan,nan,nan,NOT_EVALUATED,nan,nan,nan,0.0,BEFORE_HISTORY,nan,nan,nan,nan,nan,nan
0.0,1791339471.0927315,1791339471.0932868,1791339471.0932868,front_rgbd_red_sphere,False,False,False,DEPTH_FRAME_UNMATCHED,116.4,116.3,1791339470.7200494,1791339471.0927315,1791339373.039771,1791339373.039771,1791339373.039771,0.10000000000000853,1791339372.4717689,1791339373.467773,1791339373.3106868,1791339373.467773,1791339373.314687,1791339373.471771,1791339372.4677722,1791339373.467773,1791339372.4717689,1791339373.471771,1791339354.187771,GAZEBO_CLOCK_SYSTEM_INTERPOLATION,MAPPED_EXACT,0,18.852,1791339373.039771,0.01342320442199707,0.0,RGB,0.0,0,1,0,UNCALIBRATED,PREPARATION,UNKNOWN,STRAIGHT,0.0,0,0.0,nan,nan,nan,nan,False,0.0,0.0,0.0,0.0,0,0,0,0,0,0.0,0.0,0.0,0.0,0.0,0.0,0.0,0.0,0.0,0.0,0.0,0.0,0.0,0.0,0.0,0.0,0.0,0.0,0.0,0.0,0.0,0.0,0.0,0.0,0.0,0.0,0.0,0.0,False,CLOCK_REFERENCE_READY,0,116.792,1791339471.079475,nan,nan,nan,nan,nan,nan,nan,nan,nan,nan,nan,nan,nan,nan,nan,nan,nan,nan,nan,nan,nan,nan,nan,nan,nan,nan,nan,nan,nan,nan,nan,nan,nan,nan,nan,nan,nan,nan,nan,nan,nan,nan,nan,nan,nan,nan,nan,True,GEOMETRY_DISABLED,none,MODEL_ORIGIN_FRAME_NOT_ESTABLISHED,nan,nan,nan,nan,nan,nan,nan,nan,nan,nan,nan,nan,nan,NOT_EVALUATED,nan,nan,nan,0.0,BEFORE_HISTORY,nan,nan,nan,nan,nan,nan
0.0,1791339471.7713594,1791339471.7922523,1791339471.7922523,front_rgbd_red_sphere,False,False,False,DEPTH_FRAME_UNMATCHED,117.1,116.952,1791339471.4182668,1791339471.7713594,1791339373.039771,1791339373.039771,1791339373.039771,0.14799999999999613,1791339372.4717689,1791339373.467773,1791339373.3106868,1791339373.467773,1791339373.314687,1791339373.471771,1791339372.4677722,1791339373.467773,1791339372.4717689,1791339373.471771,1791339354.187771,GAZEBO_CLOCK_SYSTEM_INTERPOLATION,MAPPED_EXACT,0,18.852,1791339373.039771,0.01342320442199707,0.0,RGB,0.0,0,1,0,UNCALIBRATED,PREPARATION,UNKNOWN,STRAIGHT,0.0,0,0.0,nan,nan,nan,nan,False,0.0,0.0,0.0,0.0,0,0,0,0,0,0.0,0.0,0.0,0.0,0.0,0.0,0.0,0.0,0.0,0.0,0.0,0.0,0.0,0.0,0.0,0.0,0.0,0.0,0.0,0.0,0.0,0.0,0.0,0.0,0.0,0.0,0.0,0.0,False,CLOCK_REFERENCE_READY,0,117.492,1791339471.7794695,nan,nan,nan,nan,nan,nan,nan,nan,nan,nan,nan,nan,nan,nan,nan,nan,nan,nan,nan,nan,nan,nan,nan,nan,nan,nan,nan,nan,nan,nan,nan,nan,nan,nan,nan,nan,nan,nan,nan,nan,nan,nan,nan,nan,nan,nan,nan,True,GEOMETRY_DISABLED,none,MODEL_ORIGIN_FRAME_NOT_ESTABLISHED,nan,nan,nan,nan,nan,nan,nan,nan,nan,nan,nan,nan,nan,NOT_EVALUATED,nan,nan,nan,0.0,BEFORE_HISTORY,nan,nan,nan,nan,nan,nan
0.0,1791339471.886558,1791339471.8922389,1791339471.8922389,front_rgbd_red_sphere,False,False,False,DEPTH_FRAME_UNMATCHED,117.2,117.1,1791339471.5143442,1791339471.886558,1791339373.039771,1791339373.039771,1791339373.039771,0.10000000000000853,1791339372.4717689,1791339373.467773,1791339373.3106868,1791339373.467773,1791339373.314687,1791339373.471771,1791339372.4677722,1791339373.467773,1791339372.4717689,1791339373.471771,1791339354.187771,GAZEBO_CLOCK_SYSTEM_INTERPOLATION,MAPPED_EXACT,0,18.852,1791339373.039771,0.01342320442199707,0.0,RGB,0.0,0,1,0,UNCALIBRATED,PREPARATION,UNKNOWN,STRAIGHT,0.0,0,0.0,nan,nan,nan,nan,False,0.0,0.0,0.0,0.0,0,0,0,0,0,0.0,0.0,0.0,0.0,0.0,0.0,0.0,0.0,0.0,0.0,0.0,0.0,0.0,0.0,0.0,0.0,0.0,0.0,0.0,0.0,0.0,0.0,0.0,0.0,0.0,0.0,0.0,0.0,False,CLOCK_REFERENCE_READY,0,117.592,1791339471.8794801,nan,nan,nan,nan,nan,nan,nan,nan,nan,nan,nan,nan,nan,nan,nan,nan,nan,nan,nan,nan,nan,nan,nan,nan,nan,nan,nan,nan,nan,nan,nan,nan,nan,nan,nan,nan,nan,nan,nan,nan,nan,nan,nan,nan,nan,nan,nan,True,GEOMETRY_DISABLED,none,MODEL_ORIGIN_FRAME_NOT_ESTABLISHED,nan,nan,nan,nan,nan,nan,nan,nan,nan,nan,nan,nan,nan,NOT_EVALUATED,nan,nan,nan,0.0,BEFORE_HISTORY,nan,nan,nan,nan,nan,nan
0.0,1791339471.980988,1791339471.9922197,1791339471.9922197,front_rgbd_red_sphere,False,False,False,DEPTH_FRAME_UNMATCHED,117.3,117.2,1791339471.6185765,1791339471.980988,1791339373.039771,1791339373.039771,1791339373.039771,0.09999999999999432,1791339372.4717689,1791339373.467773,1791339373.3106868,1791339373.467773,1791339373.314687,1791339373.471771,1791339372.4677722,1791339373.467773,1791339372.4717689,1791339373.471771,1791339354.187771,GAZEBO_CLOCK_SYSTEM_INTERPOLATION,MAPPED_EXACT,0,18.852,1791339373.039771,0.01342320442199707,0.0,RGB,0.0,0,1,0,UNCALIBRATED,PREPARATION,UNKNOWN,STRAIGHT,0.0,0,0.0,nan,nan,nan,nan,False,0.0,0.0,0.0,0.0,0,0,0,0,0,0.0,0.0,0.0,0.0,0.0,0.0,0.0,0.0,0.0,0.0,0.0,0.0,0.0,0.0,0.0,0.0,0.0,0.0,0.0,0.0,0.0,0.0,0.0,0.0,0.0,0.0,0.0,0.0,False,CLOCK_REFERENCE_READY,0,117.692,1791339471.9794755,nan,nan,nan,nan,nan,nan,nan,nan,nan,nan,nan,nan,nan,nan,nan,nan,nan,nan,nan,nan,nan,nan,nan,nan,nan,nan,nan,nan,nan,nan,nan,nan,nan,nan,nan,nan,nan,nan,nan,nan,nan,nan,nan,nan,nan,nan,nan,True,GEOMETRY_DISABLED,none,MODEL_ORIGIN_FRAME_NOT_ESTABLISHED,nan,nan,nan,nan,nan,nan,nan,nan,nan,nan,nan,nan,nan,NOT_EVALUATED,nan,nan,nan,0.0,BEFORE_HISTORY,nan,nan,nan,nan,nan,nan
0.0,1791339472.180182,1791339472.192309,1791339472.192309,front_rgbd_red_sphere,False,False,False,DEPTH_FRAME_UNMATCHED,117.5,117.4,1791339471.8062503,1791339472.180182,1791339373.039771,1791339373.039771,1791339373.039771,0.09999999999999432,1791339372.4717689,1791339373.467773,1791339373.3106868,1791339373.467773,1791339373.314687,1791339373.471771,1791339372.4677722,1791339373.467773,1791339372.4717689,1791339373.471771,1791339354.187771,GAZEBO_CLOCK_SYSTEM_INTERPOLATION,MAPPED_EXACT,0,18.852,1791339373.039771,0.01342320442199707,0.0,RGB,0.0,0,1,0,UNCALIBRATED,PREPARATION,UNKNOWN,STRAIGHT,0.0,0,0.0,nan,nan,nan,nan,False,0.0,0.0,0.0,0.0,0,0,0,0,0,0.0,0.0,0.0,0.0,0.0,0.0,0.0,0.0,0.0,0.0,0.0,0.0,0.0,0.0,0.0,0.0,0.0,0.0,0.0,0.0,0.0,0.0,0.0,0.0,0.0,0.0,0.0,0.0,False,CLOCK_REFERENCE_READY,0,117.892,1791339472.1794794,nan,nan,nan,nan,nan,nan,nan,nan,nan,nan,nan,nan,nan,nan,nan,nan,nan,nan,nan,nan,nan,nan,nan,nan,nan,nan,nan,nan,nan,nan,nan,nan,nan,nan,nan,nan,nan,nan,nan,nan,nan,nan,nan,nan,nan,nan,nan,True,GEOMETRY_DISABLED,none,MODEL_ORIGIN_FRAME_NOT_ESTABLISHED,nan,nan,nan,nan,nan,nan,nan,nan,nan,nan,nan,nan,nan,NOT_EVALUATED,nan,nan,nan,0.0,BEFORE_HISTORY,nan,nan,nan,nan,nan,nan
0.0,1791339472.381368,1791339472.39232,1791339472.39232,front_rgbd_red_sphere,False,False,False,DEPTH_FRAME_UNMATCHED,117.7,117.6,1791339472.0090418,1791339472.381368,1791339373.039771,1791339373.039771,1791339373.039771,0.10000000000000853,1791339372.4717689,1791339373.467773,1791339373.3106868,1791339373.467773,1791339373.314687,1791339373.471771,1791339372.4677722,1791339373.467773,1791339372.4717689,1791339373.471771,1791339354.187771,GAZEBO_CLOCK_SYSTEM_INTERPOLATION,MAPPED_EXACT,0,18.852,1791339373.039771,0.01342320442199707,0.0,RGB,0.0,0,1,0,UNCALIBRATED,PREPARATION,UNKNOWN,STRAIGHT,0.0,0,0.0,nan,nan,nan,nan,False,0.0,0.0,0.0,0.0,0,0,0,0,0,0.0,0.0,0.0,0.0,0.0,0.0,0.0,0.0,0.0,0.0,0.0,0.0,0.0,0.0,0.0,0.0,0.0,0.0,0.0,0.0,0.0,0.0,0.0,0.0,0.0,0.0,0.0,0.0,False,CLOCK_REFERENCE_READY,0,118.092,1791339472.3794866,nan,nan,nan,nan,nan,nan,nan,nan,nan,nan,nan,nan,nan,nan,nan,nan,nan,nan,nan,nan,nan,nan,nan,nan,nan,nan,nan,nan,nan,nan,nan,nan,nan,nan,nan,nan,nan,nan,nan,nan,nan,nan,nan,nan,nan,nan,nan,True,GEOMETRY_DISABLED,none,MODEL_ORIGIN_FRAME_NOT_ESTABLISHED,nan,nan,nan,nan,nan,nan,nan,nan,nan,nan,nan,nan,nan,NOT_EVALUATED,nan,nan,nan,0.0,BEFORE_HISTORY,nan,nan,nan,nan,nan,nan
0.0,1791339472.4620845,1791339472.492426,1791339472.492426,front_rgbd_red_sphere,False,False,False,DEPTH_FRAME_UNMATCHED,117.8,117.7,1791339472.112033,1791339472.4620845,1791339373.039771,1791339373.039771,1791339373.039771,0.09999999999999432,1791339372.4717689,1791339373.467773,1791339373.3106868,1791339373.467773,1791339373.314687,1791339373.471771,1791339372.4677722,1791339373.467773,1791339372.4717689,1791339373.471771,1791339354.187771,GAZEBO_CLOCK_SYSTEM_INTERPOLATION,MAPPED_EXACT,0,18.852,1791339373.039771,0.01342320442199707,0.0,RGB,0.0,0,1,0,UNCALIBRATED,PREPARATION,UNKNOWN,STRAIGHT,0.0,0,0.0,nan,nan,nan,nan,False,0.0,0.0,0.0,0.0,0,0,0,0,0,0.0,0.0,0.0,0.0,0.0,0.0,0.0,0.0,0.0,0.0,0.0,0.0,0.0,0.0,0.0,0.0,0.0,0.0,0.0,0.0,0.0,0.0,0.0,0.0,0.0,0.0,0.0,0.0,False,CLOCK_REFERENCE_READY,0,118.192,1791339472.4794831,nan,nan,nan,nan,nan,nan,nan,nan,nan,nan,nan,nan,nan,nan,nan,nan,nan,nan,nan,nan,nan,nan,nan,nan,nan,nan,nan,nan,nan,nan,nan,nan,nan,nan,nan,nan,nan,nan,nan,nan,nan,nan,nan,nan,nan,nan,nan,True,GEOMETRY_DISABLED,none,MODEL_ORIGIN_FRAME_NOT_ESTABLISHED,nan,nan,nan,nan,nan,nan,nan,nan,nan,nan,nan,nan,nan,NOT_EVALUATED,nan,nan,nan,0.0,BEFORE_HISTORY,nan,nan,nan,nan,nan,nan
0.0,1791339473.3911161,1791339473.3921504,1791339473.3921504,front_rgbd_red_sphere,False,False,False,DEPTH_FRAME_UNMATCHED,118.7,118.6,1791339473.007602,1791339473.3911161,1791339373.039771,1791339373.039771,1791339373.039771,0.10000000000000853,1791339372.4717689,1791339373.467773,1791339373.3106868,1791339373.467773,1791339373.314687,1791339373.471771,1791339372.4677722,1791339373.467773,1791339372.4717689,1791339373.471771,1791339354.187771,GAZEBO_CLOCK_SYSTEM_INTERPOLATION,MAPPED_EXACT,0,18.852,1791339373.039771,0.01342320442199707,0.0,RGB,0.0,0,1,0,UNCALIBRATED,PREPARATION,UNKNOWN,STRAIGHT,0.0,0,0.0,nan,nan,nan,nan,False,0.0,0.0,0.0,0.0,0,0,0,0,0,0.0,0.0,0.0,0.0,0.0,0.0,0.0,0.0,0.0,0.0,0.0,0.0,0.0,0.0,0.0,0.0,0.0,0.0,0.0,0.0,0.0,0.0,0.0,0.0,0.0,0.0,0.0,0.0,False,CLOCK_REFERENCE_READY,0,119.092,1791339473.3794775,nan,nan,nan,nan,nan,nan,nan,nan,nan,nan,nan,nan,nan,nan,nan,nan,nan,nan,nan,nan,nan,nan,nan,nan,nan,nan,nan,nan,nan,nan,nan,nan,nan,nan,nan,nan,nan,nan,nan,nan,nan,nan,nan,nan,nan,nan,nan,True,GEOMETRY_DISABLED,none,MODEL_ORIGIN_FRAME_NOT_ESTABLISHED,nan,nan,nan,nan,nan,nan,nan,nan,nan,nan,nan,nan,nan,NOT_EVALUATED,nan,nan,nan,0.0,BEFORE_HISTORY,nan,nan,nan,nan,nan,nan
0.0,1791339473.4736528,1791339473.492318,1791339473.492318,front_rgbd_red_sphere,False,False,False,DEPTH_FRAME_UNMATCHED,118.8,118.7,1791339473.1221437,1791339473.4736528,1791339373.039771,1791339373.039771,1791339373.039771,0.09999999999999432,1791339372.4717689,1791339373.467773,1791339373.3106868,1791339373.467773,1791339373.314687,1791339373.471771,1791339372.4677722,1791339373.467773,1791339372.4717689,1791339373.471771,1791339354.187771,GAZEBO_CLOCK_SYSTEM_INTERPOLATION,MAPPED_EXACT,0,18.852,1791339373.039771,0.01342320442199707,0.0,RGB,0.0,0,1,0,UNCALIBRATED,PREPARATION,UNKNOWN,STRAIGHT,0.0,0,0.0,nan,nan,nan,nan,False,0.0,0.0,0.0,0.0,0,0,0,0,0,0.0,0.0,0.0,0.0,0.0,0.0,0.0,0.0,0.0,0.0,0.0,0.0,0.0,0.0,0.0,0.0,0.0,0.0,0.0,0.0,0.0,0.0,0.0,0.0,0.0,0.0,0.0,0.0,False,CLOCK_REFERENCE_READY,0,119.192,1791339473.4794803,nan,nan,nan,nan,nan,nan,nan,nan,nan,nan,nan,nan,nan,nan,nan,nan,nan,nan,nan,nan,nan,nan,nan,nan,nan,nan,nan,nan,nan,nan,nan,nan,nan,nan,nan,nan,nan,nan,nan,nan,nan,nan,nan,nan,nan,nan,nan,True,GEOMETRY_DISABLED,none,MODEL_ORIGIN_FRAME_NOT_ESTABLISHED,nan,nan,nan,nan,nan,nan,nan,nan,nan,nan,nan,nan,nan,NOT_EVALUATED,nan,nan,nan,0.0,BEFORE_HISTORY,nan,nan,nan,nan,nan,nan
0.0,1791339473.5750656,1791339473.5923467,1791339473.5923467,front_rgbd_red_sphere,False,False,False,DEPTH_FRAME_UNMATCHED,118.9,118.8,1791339473.2199564,1791339473.5750656,1791339373.039771,1791339373.039771,1791339373.039771,0.10000000000000853,1791339372.4717689,1791339373.467773,1791339373.3106868,1791339373.467773,1791339373.314687,1791339373.471771,1791339372.4677722,1791339373.467773,1791339372.4717689,1791339373.471771,1791339354.187771,GAZEBO_CLOCK_SYSTEM_INTERPOLATION,MAPPED_EXACT,0,18.852,1791339373.039771,0.01342320442199707,0.0,RGB,0.0,0,1,0,UNCALIBRATED,PREPARATION,UNKNOWN,STRAIGHT,0.0,0,0.0,nan,nan,nan,nan,False,0.0,0.0,0.0,0.0,0,0,0,0,0,0.0,0.0,0.0,0.0,0.0,0.0,0.0,0.0,0.0,0.0,0.0,0.0,0.0,0.0,0.0,0.0,0.0,0.0,0.0,0.0,0.0,0.0,0.0,0.0,0.0,0.0,0.0,0.0,False,CLOCK_REFERENCE_READY,0,119.292,1791339473.5794718,nan,nan,nan,nan,nan,nan,nan,nan,nan,nan,nan,nan,nan,nan,nan,nan,nan,nan,nan,nan,nan,nan,nan,nan,nan,nan,nan,nan,nan,nan,nan,nan,nan,nan,nan,nan,nan,nan,nan,nan,nan,nan,nan,nan,nan,nan,nan,True,GEOMETRY_DISABLED,none,MODEL_ORIGIN_FRAME_NOT_ESTABLISHED,nan,nan,nan,nan,nan,nan,nan,nan,nan,nan,nan,nan,nan,NOT_EVALUATED,nan,nan,nan,0.0,BEFORE_HISTORY,nan,nan,nan,nan,nan,nan
0.0,1791339473.6875687,1791339473.692241,1791339473.692241,front_rgbd_red_sphere,False,False,False,DEPTH_FRAME_UNMATCHED,119.0,118.9,1791339473.3056347,1791339473.6875687,1791339373.039771,1791339373.039771,1791339373.039771,0.09999999999999432,1791339372.4717689,1791339373.467773,1791339373.3106868,1791339373.467773,1791339373.314687,1791339373.471771,1791339372.4677722,1791339373.467773,1791339372.4717689,1791339373.471771,1791339354.187771,GAZEBO_CLOCK_SYSTEM_INTERPOLATION,MAPPED_EXACT,0,18.852,1791339373.039771,0.01342320442199707,0.0,RGB,0.0,0,1,0,UNCALIBRATED,PREPARATION,UNKNOWN,STRAIGHT,0.0,0,0.0,nan,nan,nan,nan,False,0.0,0.0,0.0,0.0,0,0,0,0,0,0.0,0.0,0.0,0.0,0.0,0.0,0.0,0.0,0.0,0.0,0.0,0.0,0.0,0.0,0.0,0.0,0.0,0.0,0.0,0.0,0.0,0.0,0.0,0.0,0.0,0.0,0.0,0.0,False,CLOCK_REFERENCE_READY,0,119.392,1791339473.6794736,nan,nan,nan,nan,nan,nan,nan,nan,nan,nan,nan,nan,nan,nan,nan,nan,nan,nan,nan,nan,nan,nan,nan,nan,nan,nan,nan,nan,nan,nan,nan,nan,nan,nan,nan,nan,nan,nan,nan,nan,nan,nan,nan,nan,nan,nan,nan,True,GEOMETRY_DISABLED,none,MODEL_ORIGIN_FRAME_NOT_ESTABLISHED,nan,nan,nan,nan,nan,nan,nan,nan,nan,nan,nan,nan,nan,NOT_EVALUATED,nan,nan,nan,0.0,BEFORE_HISTORY,nan,nan,nan,nan,nan,nan
0.0,1791339473.7763252,1791339473.7923503,1791339473.7923503,front_rgbd_red_sphere,False,False,False,DEPTH_FRAME_UNMATCHED,119.1,119.0,1791339473.419128,1791339473.7763252,1791339373.039771,1791339373.039771,1791339373.039771,0.09999999999999432,1791339372.4717689,1791339373.467773,1791339373.3106868,1791339373.467773,1791339373.314687,1791339373.471771,1791339372.4677722,1791339373.467773,1791339372.4717689,1791339373.471771,1791339354.187771,GAZEBO_CLOCK_SYSTEM_INTERPOLATION,MAPPED_EXACT,0,18.852,1791339373.039771,0.01342320442199707,0.0,RGB,0.0,0,1,0,UNCALIBRATED,PREPARATION,UNKNOWN,STRAIGHT,0.0,0,0.0,nan,nan,nan,nan,False,0.0,0.0,0.0,0.0,0,0,0,0,0,0.0,0.0,0.0,0.0,0.0,0.0,0.0,0.0,0.0,0.0,0.0,0.0,0.0,0.0,0.0,0.0,0.0,0.0,0.0,0.0,0.0,0.0,0.0,0.0,0.0,0.0,0.0,0.0,False,CLOCK_REFERENCE_READY,0,119.492,1791339473.7794816,nan,nan,nan,nan,nan,nan,nan,nan,nan,nan,nan,nan,nan,nan,nan,nan,nan,nan,nan,nan,nan,nan,nan,nan,nan,nan,nan,nan,nan,nan,nan,nan,nan,nan,nan,nan,nan,nan,nan,nan,nan,nan,nan,nan,nan,nan,nan,True,GEOMETRY_DISABLED,none,MODEL_ORIGIN_FRAME_NOT_ESTABLISHED,nan,nan,nan,nan,nan,nan,nan,nan,nan,nan,nan,nan,nan,NOT_EVALUATED,nan,nan,nan,0.0,BEFORE_HISTORY,nan,nan,nan,nan,nan,nan
0.0,1791339473.874209,1791339473.8921845,1791339473.8921845,front_rgbd_red_sphere,False,False,False,DEPTH_FRAME_UNMATCHED,119.2,119.1,1791339473.5105886,1791339473.874209,1791339373.039771,1791339373.039771,1791339373.039771,0.10000000000000853,1791339372.4717689,1791339373.467773,1791339373.3106868,1791339373.467773,1791339373.314687,1791339373.471771,1791339372.4677722,1791339373.467773,1791339372.4717689,1791339373.471771,1791339354.187771,GAZEBO_CLOCK_SYSTEM_INTERPOLATION,MAPPED_EXACT,0,18.852,1791339373.039771,0.01342320442199707,0.0,RGB,0.0,0,1,0,UNCALIBRATED,PREPARATION,UNKNOWN,STRAIGHT,0.0,0,0.0,nan,nan,nan,nan,False,0.0,0.0,0.0,0.0,0,0,0,0,0,0.0,0.0,0.0,0.0,0.0,0.0,0.0,0.0,0.0,0.0,0.0,0.0,0.0,0.0,0.0,0.0,0.0,0.0,0.0,0.0,0.0,0.0,0.0,0.0,0.0,0.0,0.0,0.0,False,CLOCK_REFERENCE_READY,0,119.592,1791339473.8794663,nan,nan,nan,nan,nan,nan,nan,nan,nan,nan,nan,nan,nan,nan,nan,nan,nan,nan,nan,nan,nan,nan,nan,nan,nan,nan,nan,nan,nan,nan,nan,nan,nan,nan,nan,nan,nan,nan,nan,nan,nan,nan,nan,nan,nan,nan,nan,True,GEOMETRY_DISABLED,none,MODEL_ORIGIN_FRAME_NOT_ESTABLISHED,nan,nan,nan,nan,nan,nan,nan,nan,nan,nan,nan,nan,nan,NOT_EVALUATED,nan,nan,nan,0.0,BEFORE_HISTORY,nan,nan,nan,nan,nan,nan
0.0,1791339474.4851856,1791339474.4922814,1791339474.4922814,front_rgbd_red_sphere,False,False,False,DEPTH_FRAME_UNMATCHED,119.8,119.7,1791339474.103559,1791339474.4851856,1791339373.039771,1791339373.039771,1791339373.039771,0.09999999999999432,1791339372.4717689,1791339373.467773,1791339373.3106868,1791339373.467773,1791339373.314687,1791339373.471771,1791339372.4677722,1791339373.467773,1791339372.4717689,1791339373.471771,1791339354.187771,GAZEBO_CLOCK_SYSTEM_INTERPOLATION,MAPPED_EXACT,0,18.852,1791339373.039771,0.01342320442199707,0.0,RGB,0.0,0,1,0,UNCALIBRATED,PREPARATION,UNKNOWN,STRAIGHT,0.0,0,0.0,nan,nan,nan,nan,False,0.0,0.0,0.0,0.0,0,0,0,0,0,0.0,0.0,0.0,0.0,0.0,0.0,0.0,0.0,0.0,0.0,0.0,0.0,0.0,0.0,0.0,0.0,0.0,0.0,0.0,0.0,0.0,0.0,0.0,0.0,0.0,0.0,0.0,0.0,False,CLOCK_REFERENCE_READY,0,120.192,1791339474.4794648,nan,nan,nan,nan,nan,nan,nan,nan,nan,nan,nan,nan,nan,nan,nan,nan,nan,nan,nan,nan,nan,nan,nan,nan,nan,nan,nan,nan,nan,nan,nan,nan,nan,nan,nan,nan,nan,nan,nan,nan,nan,nan,nan,nan,nan,nan,nan,True,GEOMETRY_DISABLED,none,MODEL_ORIGIN_FRAME_NOT_ESTABLISHED,nan,nan,nan,nan,nan,nan,nan,nan,nan,nan,nan,nan,nan,NOT_EVALUATED,nan,nan,nan,0.0,BEFORE_HISTORY,nan,nan,nan,nan,nan,nan
0.0,1791339474.5797524,1791339474.592186,1791339474.592186,front_rgbd_red_sphere,False,False,False,DEPTH_FRAME_UNMATCHED,119.9,119.8,1791339474.203805,1791339474.5797524,1791339373.039771,1791339373.039771,1791339373.039771,0.10000000000000853,1791339372.4717689,1791339373.467773,1791339373.3106868,1791339373.467773,1791339373.314687,1791339373.471771,1791339372.4677722,1791339373.467773,1791339372.4717689,1791339373.471771,1791339354.187771,GAZEBO_CLOCK_SYSTEM_INTERPOLATION,MAPPED_EXACT,0,18.852,1791339373.039771,0.01342320442199707,0.0,RGB,0.0,0,1,0,UNCALIBRATED,PREPARATION,UNKNOWN,STRAIGHT,0.0,0,0.0,nan,nan,nan,nan,False,0.0,0.0,0.0,0.0,0,0,0,0,0,0.0,0.0,0.0,0.0,0.0,0.0,0.0,0.0,0.0,0.0,0.0,0.0,0.0,0.0,0.0,0.0,0.0,0.0,0.0,0.0,0.0,0.0,0.0,0.0,0.0,0.0,0.0,0.0,False,CLOCK_REFERENCE_READY,0,120.292,1791339474.579468,nan,nan,nan,nan,nan,nan,nan,nan,nan,nan,nan,nan,nan,nan,nan,nan,nan,nan,nan,nan,nan,nan,nan,nan,nan,nan,nan,nan,nan,nan,nan,nan,nan,nan,nan,nan,nan,nan,nan,nan,nan,nan,nan,nan,nan,nan,nan,True,GEOMETRY_DISABLED,none,MODEL_ORIGIN_FRAME_NOT_ESTABLISHED,nan,nan,nan,nan,nan,nan,nan,nan,nan,nan,nan,nan,nan,NOT_EVALUATED,nan,nan,nan,0.0,BEFORE_HISTORY,nan,nan,nan,nan,nan,nan
0.0,1791339474.659139,1791339474.6922534,1791339474.6922534,front_rgbd_red_sphere,False,False,False,DEPTH_FRAME_UNMATCHED,120.0,119.9,1791339474.304636,1791339474.659139,1791339373.039771,1791339373.039771,1791339373.039771,0.09999999999999432,1791339372.4717689,1791339373.467773,1791339373.3106868,1791339373.467773,1791339373.314687,1791339373.471771,1791339372.4677722,1791339373.467773,1791339372.4717689,1791339373.471771,1791339354.187771,GAZEBO_CLOCK_SYSTEM_INTERPOLATION,MAPPED_EXACT,0,18.852,1791339373.039771,0.01342320442199707,0.0,RGB,0.0,0,1,0,UNCALIBRATED,PREPARATION,UNKNOWN,STRAIGHT,0.0,0,0.0,nan,nan,nan,nan,False,0.0,0.0,0.0,0.0,0,0,0,0,0,0.0,0.0,0.0,0.0,0.0,0.0,0.0,0.0,0.0,0.0,0.0,0.0,0.0,0.0,0.0,0.0,0.0,0.0,0.0,0.0,0.0,0.0,0.0,0.0,0.0,0.0,0.0,0.0,False,CLOCK_REFERENCE_READY,0,120.392,1791339474.679465,nan,nan,nan,nan,nan,nan,nan,nan,nan,nan,nan,nan,nan,nan,nan,nan,nan,nan,nan,nan,nan,nan,nan,nan,nan,nan,nan,nan,nan,nan,nan,nan,nan,nan,nan,nan,nan,nan,nan,nan,nan,nan,nan,nan,nan,nan,nan,True,GEOMETRY_DISABLED,none,MODEL_ORIGIN_FRAME_NOT_ESTABLISHED,nan,nan,nan,nan,nan,nan,nan,nan,nan,nan,nan,nan,nan,NOT_EVALUATED,nan,nan,nan,0.0,BEFORE_HISTORY,nan,nan,nan,nan,nan,nan
0.0,1791339474.8881848,1791339474.8921943,1791339474.8921943,front_rgbd_red_sphere,False,False,False,DEPTH_FRAME_UNMATCHED,120.2,120.152,1791339474.5051517,1791339474.8881848,1791339373.039771,1791339373.039771,1791339373.039771,0.04800000000000182,1791339372.4717689,1791339373.467773,1791339373.3106868,1791339373.467773,1791339373.314687,1791339373.471771,1791339372.4677722,1791339373.467773,1791339372.4717689,1791339373.471771,1791339354.187771,GAZEBO_CLOCK_SYSTEM_INTERPOLATION,MAPPED_EXACT,0,18.852,1791339373.039771,0.01342320442199707,0.0,RGB,0.0,0,1,0,UNCALIBRATED,PREPARATION,UNKNOWN,STRAIGHT,0.0,0,0.0,nan,nan,nan,nan,False,0.0,0.0,0.0,0.0,0,0,0,0,0,0.0,0.0,0.0,0.0,0.0,0.0,0.0,0.0,0.0,0.0,0.0,0.0,0.0,0.0,0.0,0.0,0.0,0.0,0.0,0.0,0.0,0.0,0.0,0.0,0.0,0.0,0.0,0.0,False,CLOCK_REFERENCE_READY,0,120.592,1791339474.8794646,nan,nan,nan,nan,nan,nan,nan,nan,nan,nan,nan,nan,nan,nan,nan,nan,nan,nan,nan,nan,nan,nan,nan,nan,nan,nan,nan,nan,nan,nan,nan,nan,nan,nan,nan,nan,nan,nan,nan,nan,nan,nan,nan,nan,nan,nan,nan,True,GEOMETRY_DISABLED,none,MODEL_ORIGIN_FRAME_NOT_ESTABLISHED,nan,nan,nan,nan,nan,nan,nan,nan,nan,nan,nan,nan,nan,NOT_EVALUATED,nan,nan,nan,0.0,BEFORE_HISTORY,nan,nan,nan,nan,nan,nan
0.0,1791339474.9866724,1791339474.9921343,1791339474.9921343,front_rgbd_red_sphere,False,False,False,DEPTH_FRAME_UNMATCHED,120.3,120.2,1791339474.6003,1791339474.9866724,1791339373.039771,1791339373.039771,1791339373.039771,0.09999999999999432,1791339372.4717689,1791339373.467773,1791339373.3106868,1791339373.467773,1791339373.314687,1791339373.471771,1791339372.4677722,1791339373.467773,1791339372.4717689,1791339373.471771,1791339354.187771,GAZEBO_CLOCK_SYSTEM_INTERPOLATION,MAPPED_EXACT,0,18.852,1791339373.039771,0.01342320442199707,0.0,RGB,0.0,0,1,0,UNCALIBRATED,PREPARATION,UNKNOWN,STRAIGHT,0.0,0,0.0,nan,nan,nan,nan,False,0.0,0.0,0.0,0.0,0,0,0,0,0,0.0,0.0,0.0,0.0,0.0,0.0,0.0,0.0,0.0,0.0,0.0,0.0,0.0,0.0,0.0,0.0,0.0,0.0,0.0,0.0,0.0,0.0,0.0,0.0,0.0,0.0,0.0,0.0,False,CLOCK_REFERENCE_READY,0,120.692,1791339474.9794662,nan,nan,nan,nan,nan,nan,nan,nan,nan,nan,nan,nan,nan,nan,nan,nan,nan,nan,nan,nan,nan,nan,nan,nan,nan,nan,nan,nan,nan,nan,nan,nan,nan,nan,nan,nan,nan,nan,nan,nan,nan,nan,nan,nan,nan,nan,nan,True,GEOMETRY_DISABLED,none,MODEL_ORIGIN_FRAME_NOT_ESTABLISHED,nan,nan,nan,nan,nan,nan,nan,nan,nan,nan,nan,nan,nan,NOT_EVALUATED,nan,nan,nan,0.0,BEFORE_HISTORY,nan,nan,nan,nan,nan,nan
0.0,1791339475.069623,1791339475.0922656,1791339475.0922656,front_rgbd_red_sphere,False,False,False,DEPTH_FRAME_UNMATCHED,120.4,120.3,1791339474.713541,1791339475.069623,1791339373.039771,1791339373.039771,1791339373.039771,0.10000000000000853,1791339372.4717689,1791339373.467773,1791339373.3106868,1791339373.467773,1791339373.314687,1791339373.471771,1791339372.4677722,1791339373.467773,1791339372.4717689,1791339373.471771,1791339354.187771,GAZEBO_CLOCK_SYSTEM_INTERPOLATION,MAPPED_EXACT,0,18.852,1791339373.039771,0.01342320442199707,0.0,RGB,0.0,0,1,0,UNCALIBRATED,PREPARATION,UNKNOWN,STRAIGHT,0.0,0,0.0,nan,nan,nan,nan,False,0.0,0.0,0.0,0.0,0,0,0,0,0,0.0,0.0,0.0,0.0,0.0,0.0,0.0,0.0,0.0,0.0,0.0,0.0,0.0,0.0,0.0,0.0,0.0,0.0,0.0,0.0,0.0,0.0,0.0,0.0,0.0,0.0,0.0,0.0,False,CLOCK_REFERENCE_READY,0,120.792,1791339475.0794673,nan,nan,nan,nan,nan,nan,nan,nan,nan,nan,nan,nan,nan,nan,nan,nan,nan,nan,nan,nan,nan,nan,nan,nan,nan,nan,nan,nan,nan,nan,nan,nan,nan,nan,nan,nan,nan,nan,nan,nan,nan,nan,nan,nan,nan,nan,nan,True,GEOMETRY_DISABLED,none,MODEL_ORIGIN_FRAME_NOT_ESTABLISHED,nan,nan,nan,nan,nan,nan,nan,nan,nan,nan,nan,nan,nan,NOT_EVALUATED,nan,nan,nan,0.0,BEFORE_HISTORY,nan,nan,nan,nan,nan,nan
0.0,1791339475.3811705,1791339475.3921638,1791339475.3921638,front_rgbd_red_sphere,False,False,False,DEPTH_FRAME_UNMATCHED,120.7,120.6,1791339475.0025663,1791339475.3811705,1791339373.039771,1791339373.039771,1791339373.039771,0.10000000000000853,1791339372.4717689,1791339373.467773,1791339373.3106868,1791339373.467773,1791339373.314687,1791339373.471771,1791339372.4677722,1791339373.467773,1791339372.4717689,1791339373.471771,1791339354.187771,GAZEBO_CLOCK_SYSTEM_INTERPOLATION,MAPPED_EXACT,0,18.852,1791339373.039771,0.01342320442199707,0.0,RGB,0.0,0,1,0,UNCALIBRATED,PREPARATION,UNKNOWN,STRAIGHT,0.0,0,0.0,nan,nan,nan,nan,False,0.0,0.0,0.0,0.0,0,0,0,0,0,0.0,0.0,0.0,0.0,0.0,0.0,0.0,0.0,0.0,0.0,0.0,0.0,0.0,0.0,0.0,0.0,0.0,0.0,0.0,0.0,0.0,0.0,0.0,0.0,0.0,0.0,0.0,0.0,False,CLOCK_REFERENCE_READY,0,121.092,1791339475.3794742,nan,nan,nan,nan,nan,nan,nan,nan,nan,nan,nan,nan,nan,nan,nan,nan,nan,nan,nan,nan,nan,nan,nan,nan,nan,nan,nan,nan,nan,nan,nan,nan,nan,nan,nan,nan,nan,nan,nan,nan,nan,nan,nan,nan,nan,nan,nan,True,GEOMETRY_DISABLED,none,MODEL_ORIGIN_FRAME_NOT_ESTABLISHED,nan,nan,nan,nan,nan,nan,nan,nan,nan,nan,nan,nan,nan,NOT_EVALUATED,nan,nan,nan,0.0,BEFORE_HISTORY,nan,nan,nan,nan,nan,nan
0.0,1791339475.4638164,1791339475.492207,1791339475.492207,front_rgbd_red_sphere,False,False,False,DEPTH_FRAME_UNMATCHED,120.8,120.7,1791339475.1041028,1791339475.4638164,1791339373.039771,1791339373.039771,1791339373.039771,0.09999999999999432,1791339372.4717689,1791339373.467773,1791339373.3106868,1791339373.467773,1791339373.314687,1791339373.471771,1791339372.4677722,1791339373.467773,1791339372.4717689,1791339373.471771,1791339354.187771,GAZEBO_CLOCK_SYSTEM_INTERPOLATION,MAPPED_EXACT,0,18.852,1791339373.039771,0.01342320442199707,0.0,RGB,0.0,0,1,0,UNCALIBRATED,PREPARATION,UNKNOWN,STRAIGHT,0.0,0,0.0,nan,nan,nan,nan,False,0.0,0.0,0.0,0.0,0,0,0,0,0,0.0,0.0,0.0,0.0,0.0,0.0,0.0,0.0,0.0,0.0,0.0,0.0,0.0,0.0,0.0,0.0,0.0,0.0,0.0,0.0,0.0,0.0,0.0,0.0,0.0,0.0,0.0,0.0,False,CLOCK_REFERENCE_READY,0,121.192,1791339475.4794633,nan,nan,nan,nan,nan,nan,nan,nan,nan,nan,nan,nan,nan,nan,nan,nan,nan,nan,nan,nan,nan,nan,nan,nan,nan,nan,nan,nan,nan,nan,nan,nan,nan,nan,nan,nan,nan,nan,nan,nan,nan,nan,nan,nan,nan,nan,nan,True,GEOMETRY_DISABLED,none,MODEL_ORIGIN_FRAME_NOT_ESTABLISHED,nan,nan,nan,nan,nan,nan,nan,nan,nan,nan,nan,nan,nan,NOT_EVALUATED,nan,nan,nan,0.0,BEFORE_HISTORY,nan,nan,nan,nan,nan,nan
0.0,1791339475.690781,1791339475.6921616,1791339475.6921616,front_rgbd_red_sphere,False,False,False,DEPTH_FRAME_UNMATCHED,121.0,120.952,1791339475.3140516,1791339475.690781,1791339373.039771,1791339373.039771,1791339373.039771,0.04800000000000182,1791339372.4717689,1791339373.467773,1791339373.3106868,1791339373.467773,1791339373.314687,1791339373.471771,1791339372.4677722,1791339373.467773,1791339372.4717689,1791339373.471771,1791339354.187771,GAZEBO_CLOCK_SYSTEM_INTERPOLATION,MAPPED_EXACT,0,18.852,1791339373.039771,0.01342320442199707,0.0,RGB,0.0,0,1,0,UNCALIBRATED,PREPARATION,UNKNOWN,STRAIGHT,0.0,0,0.0,nan,nan,nan,nan,False,0.0,0.0,0.0,0.0,0,0,0,0,0,0.0,0.0,0.0,0.0,0.0,0.0,0.0,0.0,0.0,0.0,0.0,0.0,0.0,0.0,0.0,0.0,0.0,0.0,0.0,0.0,0.0,0.0,0.0,0.0,0.0,0.0,0.0,0.0,False,CLOCK_REFERENCE_READY,0,121.392,1791339475.6794648,nan,nan,nan,nan,nan,nan,nan,nan,nan,nan,nan,nan,nan,nan,nan,nan,nan,nan,nan,nan,nan,nan,nan,nan,nan,nan,nan,nan,nan,nan,nan,nan,nan,nan,nan,nan,nan,nan,nan,nan,nan,nan,nan,nan,nan,nan,nan,True,GEOMETRY_DISABLED,none,MODEL_ORIGIN_FRAME_NOT_ESTABLISHED,nan,nan,nan,nan,nan,nan,nan,nan,nan,nan,nan,nan,nan,NOT_EVALUATED,nan,nan,nan,0.0,BEFORE_HISTORY,nan,nan,nan,nan,nan,nan
0.0,1791339475.770184,1791339475.7921665,1791339475.7921665,front_rgbd_red_sphere,False,False,False,DEPTH_FRAME_UNMATCHED,121.1,121.0,1791339475.4064193,1791339475.770184,1791339373.039771,1791339373.039771,1791339373.039771,0.09999999999999432,1791339372.4717689,1791339373.467773,1791339373.3106868,1791339373.467773,1791339373.314687,1791339373.471771,1791339372.4677722,1791339373.467773,1791339372.4717689,1791339373.471771,1791339354.187771,GAZEBO_CLOCK_SYSTEM_INTERPOLATION,MAPPED_EXACT,0,18.852,1791339373.039771,0.01342320442199707,0.0,RGB,0.0,0,1,0,UNCALIBRATED,PREPARATION,UNKNOWN,STRAIGHT,0.0,0,0.0,nan,nan,nan,nan,False,0.0,0.0,0.0,0.0,0,0,0,0,0,0.0,0.0,0.0,0.0,0.0,0.0,0.0,0.0,0.0,0.0,0.0,0.0,0.0,0.0,0.0,0.0,0.0,0.0,0.0,0.0,0.0,0.0,0.0,0.0,0.0,0.0,0.0,0.0,False,CLOCK_REFERENCE_READY,0,121.492,1791339475.7794657,nan,nan,nan,nan,nan,nan,nan,nan,nan,nan,nan,nan,nan,nan,nan,nan,nan,nan,nan,nan,nan,nan,nan,nan,nan,nan,nan,nan,nan,nan,nan,nan,nan,nan,nan,nan,nan,nan,nan,nan,nan,nan,nan,nan,nan,nan,nan,True,GEOMETRY_DISABLED,none,MODEL_ORIGIN_FRAME_NOT_ESTABLISHED,nan,nan,nan,nan,nan,nan,nan,nan,nan,nan,nan,nan,nan,NOT_EVALUATED,nan,nan,nan,0.0,BEFORE_HISTORY,nan,nan,nan,nan,nan,nan
0.0,1791339475.870293,1791339475.892253,1791339475.892253,front_rgbd_red_sphere,False,False,False,DEPTH_FRAME_UNMATCHED,121.2,121.052,1791339475.505477,1791339475.870293,1791339373.039771,1791339373.039771,1791339373.039771,0.14799999999999613,1791339372.4717689,1791339373.467773,1791339373.3106868,1791339373.467773,1791339373.314687,1791339373.471771,1791339372.4677722,1791339373.467773,1791339372.4717689,1791339373.471771,1791339354.187771,GAZEBO_CLOCK_SYSTEM_INTERPOLATION,MAPPED_EXACT,0,18.852,1791339373.039771,0.01342320442199707,0.0,RGB,0.0,0,1,0,UNCALIBRATED,PREPARATION,UNKNOWN,STRAIGHT,0.0,0,0.0,nan,nan,nan,nan,False,0.0,0.0,0.0,0.0,0,0,0,0,0,0.0,0.0,0.0,0.0,0.0,0.0,0.0,0.0,0.0,0.0,0.0,0.0,0.0,0.0,0.0,0.0,0.0,0.0,0.0,0.0,0.0,0.0,0.0,0.0,0.0,0.0,0.0,0.0,False,CLOCK_REFERENCE_READY,0,121.592,1791339475.879464,nan,nan,nan,nan,nan,nan,nan,nan,nan,nan,nan,nan,nan,nan,nan,nan,nan,nan,nan,nan,nan,nan,nan,nan,nan,nan,nan,nan,nan,nan,nan,nan,nan,nan,nan,nan,nan,nan,nan,nan,nan,nan,nan,nan,nan,nan,nan,True,GEOMETRY_DISABLED,none,MODEL_ORIGIN_FRAME_NOT_ESTABLISHED,nan,nan,nan,nan,nan,nan,nan,nan,nan,nan,nan,nan,nan,NOT_EVALUATED,nan,nan,nan,0.0,BEFORE_HISTORY,nan,nan,nan,nan,nan,nan
0.0,1791339476.189921,1791339476.192267,1791339476.192267,front_rgbd_red_sphere,False,False,False,DEPTH_FRAME_UNMATCHED,121.5,121.452,1791339475.806035,1791339476.189921,1791339373.039771,1791339373.039771,1791339373.039771,0.04800000000000182,1791339372.4717689,1791339373.467773,1791339373.3106868,1791339373.467773,1791339373.314687,1791339373.471771,1791339372.4677722,1791339373.467773,1791339372.4717689,1791339373.471771,1791339354.187771,GAZEBO_CLOCK_SYSTEM_INTERPOLATION,MAPPED_EXACT,0,18.852,1791339373.039771,0.01342320442199707,0.0,RGB,0.0,0,1,0,UNCALIBRATED,PREPARATION,UNKNOWN,STRAIGHT,0.0,0,0.0,nan,nan,nan,nan,False,0.0,0.0,0.0,0.0,0,0,0,0,0,0.0,0.0,0.0,0.0,0.0,0.0,0.0,0.0,0.0,0.0,0.0,0.0,0.0,0.0,0.0,0.0,0.0,0.0,0.0,0.0,0.0,0.0,0.0,0.0,0.0,0.0,0.0,0.0,False,CLOCK_REFERENCE_READY,0,121.892,1791339476.179461,nan,nan,nan,nan,nan,nan,nan,nan,nan,nan,nan,nan,nan,nan,nan,nan,nan,nan,nan,nan,nan,nan,nan,nan,nan,nan,nan,nan,nan,nan,nan,nan,nan,nan,nan,nan,nan,nan,nan,nan,nan,nan,nan,nan,nan,nan,nan,True,GEOMETRY_DISABLED,none,MODEL_ORIGIN_FRAME_NOT_ESTABLISHED,nan,nan,nan,nan,nan,nan,nan,nan,nan,nan,nan,nan,nan,NOT_EVALUATED,nan,nan,nan,0.0,BEFORE_HISTORY,nan,nan,nan,nan,nan,nan
0.0,1791339476.281402,1791339476.2921824,1791339476.2921824,front_rgbd_red_sphere,False,False,False,DEPTH_FRAME_UNMATCHED,121.6,121.5,1791339475.9033692,1791339476.281402,1791339373.039771,1791339373.039771,1791339373.039771,0.09999999999999432,1791339372.4717689,1791339373.467773,1791339373.3106868,1791339373.467773,1791339373.314687,1791339373.471771,1791339372.4677722,1791339373.467773,1791339372.4717689,1791339373.471771,1791339354.187771,GAZEBO_CLOCK_SYSTEM_INTERPOLATION,MAPPED_EXACT,0,18.852,1791339373.039771,0.01342320442199707,0.0,RGB,0.0,0,1,0,UNCALIBRATED,PREPARATION,UNKNOWN,STRAIGHT,0.0,0,0.0,nan,nan,nan,nan,False,0.0,0.0,0.0,0.0,0,0,0,0,0,0.0,0.0,0.0,0.0,0.0,0.0,0.0,0.0,0.0,0.0,0.0,0.0,0.0,0.0,0.0,0.0,0.0,0.0,0.0,0.0,0.0,0.0,0.0,0.0,0.0,0.0,0.0,0.0,False,CLOCK_REFERENCE_READY,0,121.992,1791339476.2794666,nan,nan,nan,nan,nan,nan,nan,nan,nan,nan,nan,nan,nan,nan,nan,nan,nan,nan,nan,nan,nan,nan,nan,nan,nan,nan,nan,nan,nan,nan,nan,nan,nan,nan,nan,nan,nan,nan,nan,nan,nan,nan,nan,nan,nan,nan,nan,True,GEOMETRY_DISABLED,none,MODEL_ORIGIN_FRAME_NOT_ESTABLISHED,nan,nan,nan,nan,nan,nan,nan,nan,nan,nan,nan,nan,nan,NOT_EVALUATED,nan,nan,nan,0.0,BEFORE_HISTORY,nan,nan,nan,nan,nan,nan
0.0,1791339476.585575,1791339476.5922782,1791339476.5922782,front_rgbd_red_sphere,False,False,False,DEPTH_FRAME_UNMATCHED,121.9,121.8,1791339476.2039587,1791339476.585575,1791339373.039771,1791339373.039771,1791339373.039771,0.10000000000000853,1791339372.4717689,1791339373.467773,1791339373.3106868,1791339373.467773,1791339373.314687,1791339373.471771,1791339372.4677722,1791339373.467773,1791339372.4717689,1791339373.471771,1791339354.187771,GAZEBO_CLOCK_SYSTEM_INTERPOLATION,MAPPED_EXACT,0,18.852,1791339373.039771,0.01342320442199707,0.0,RGB,0.0,0,1,0,UNCALIBRATED,PREPARATION,UNKNOWN,STRAIGHT,0.0,0,0.0,nan,nan,nan,nan,False,0.0,0.0,0.0,0.0,0,0,0,0,0,0.0,0.0,0.0,0.0,0.0,0.0,0.0,0.0,0.0,0.0,0.0,0.0,0.0,0.0,0.0,0.0,0.0,0.0,0.0,0.0,0.0,0.0,0.0,0.0,0.0,0.0,0.0,0.0,False,CLOCK_REFERENCE_READY,0,122.292,1791339476.579471,nan,nan,nan,nan,nan,nan,nan,nan,nan,nan,nan,nan,nan,nan,nan,nan,nan,nan,nan,nan,nan,nan,nan,nan,nan,nan,nan,nan,nan,nan,nan,nan,nan,nan,nan,nan,nan,nan,nan,nan,nan,nan,nan,nan,nan,nan,nan,True,GEOMETRY_DISABLED,none,MODEL_ORIGIN_FRAME_NOT_ESTABLISHED,nan,nan,nan,nan,nan,nan,nan,nan,nan,nan,nan,nan,nan,NOT_EVALUATED,nan,nan,nan,0.0,BEFORE_HISTORY,nan,nan,nan,nan,nan,nan
0.0,1791339476.6643927,1791339476.6921842,1791339476.6921842,front_rgbd_red_sphere,False,False,False,DEPTH_FRAME_UNMATCHED,122.0,121.9,1791339476.3118355,1791339476.6643927,1791339373.039771,1791339373.039771,1791339373.039771,0.09999999999999432,1791339372.4717689,1791339373.467773,1791339373.3106868,1791339373.467773,1791339373.314687,1791339373.471771,1791339372.4677722,1791339373.467773,1791339372.4717689,1791339373.471771,1791339354.187771,GAZEBO_CLOCK_SYSTEM_INTERPOLATION,MAPPED_EXACT,0,18.852,1791339373.039771,0.01342320442199707,0.0,RGB,0.0,0,1,0,UNCALIBRATED,PREPARATION,UNKNOWN,STRAIGHT,0.0,0,0.0,nan,nan,nan,nan,False,0.0,0.0,0.0,0.0,0,0,0,0,0,0.0,0.0,0.0,0.0,0.0,0.0,0.0,0.0,0.0,0.0,0.0,0.0,0.0,0.0,0.0,0.0,0.0,0.0,0.0,0.0,0.0,0.0,0.0,0.0,0.0,0.0,0.0,0.0,False,CLOCK_REFERENCE_READY,0,122.392,1791339476.6794825,nan,nan,nan,nan,nan,nan,nan,nan,nan,nan,nan,nan,nan,nan,nan,nan,nan,nan,nan,nan,nan,nan,nan,nan,nan,nan,nan,nan,nan,nan,nan,nan,nan,nan,nan,nan,nan,nan,nan,nan,nan,nan,nan,nan,nan,nan,nan,True,GEOMETRY_DISABLED,none,MODEL_ORIGIN_FRAME_NOT_ESTABLISHED,nan,nan,nan,nan,nan,nan,nan,nan,nan,nan,nan,nan,nan,NOT_EVALUATED,nan,nan,nan,0.0,BEFORE_HISTORY,nan,nan,nan,nan,nan,nan
0.0,1791339477.175099,1791339477.192304,1791339477.192304,front_rgbd_red_sphere,False,False,False,DEPTH_FRAME_UNMATCHED,122.5,122.4,1791339476.8135576,1791339477.175099,1791339373.039771,1791339373.039771,1791339373.039771,0.09999999999999432,1791339372.4717689,1791339373.467773,1791339373.3106868,1791339373.467773,1791339373.314687,1791339373.471771,1791339372.4677722,1791339373.467773,1791339372.4717689,1791339373.471771,1791339354.187771,GAZEBO_CLOCK_SYSTEM_INTERPOLATION,MAPPED_EXACT,0,18.852,1791339373.039771,0.01342320442199707,0.0,RGB,0.0,0,1,0,UNCALIBRATED,PREPARATION,UNKNOWN,STRAIGHT,0.0,0,0.0,nan,nan,nan,nan,False,0.0,0.0,0.0,0.0,0,0,0,0,0,0.0,0.0,0.0,0.0,0.0,0.0,0.0,0.0,0.0,0.0,0.0,0.0,0.0,0.0,0.0,0.0,0.0,0.0,0.0,0.0,0.0,0.0,0.0,0.0,0.0,0.0,0.0,0.0,False,CLOCK_REFERENCE_READY,0,122.892,1791339477.1794624,nan,nan,nan,nan,nan,nan,nan,nan,nan,nan,nan,nan,nan,nan,nan,nan,nan,nan,nan,nan,nan,nan,nan,nan,nan,nan,nan,nan,nan,nan,nan,nan,nan,nan,nan,nan,nan,nan,nan,nan,nan,nan,nan,nan,nan,nan,nan,True,GEOMETRY_DISABLED,none,MODEL_ORIGIN_FRAME_NOT_ESTABLISHED,nan,nan,nan,nan,nan,nan,nan,nan,nan,nan,nan,nan,nan,NOT_EVALUATED,nan,nan,nan,0.0,BEFORE_HISTORY,nan,nan,nan,nan,nan,nan
0.0,1791339477.4868548,1791339477.492249,1791339477.492249,front_rgbd_red_sphere,False,False,False,DEPTH_FRAME_UNMATCHED,122.8,122.7,1791339477.1052089,1791339477.4868548,1791339373.039771,1791339373.039771,1791339373.039771,0.09999999999999432,1791339372.4717689,1791339373.467773,1791339373.3106868,1791339373.467773,1791339373.314687,1791339373.471771,1791339372.4677722,1791339373.467773,1791339372.4717689,1791339373.471771,1791339354.187771,GAZEBO_CLOCK_SYSTEM_INTERPOLATION,MAPPED_EXACT,0,18.852,1791339373.039771,0.01342320442199707,0.0,RGB,0.0,0,1,0,UNCALIBRATED,PREPARATION,UNKNOWN,STRAIGHT,0.0,0,0.0,nan,nan,nan,nan,False,0.0,0.0,0.0,0.0,0,0,0,0,0,0.0,0.0,0.0,0.0,0.0,0.0,0.0,0.0,0.0,0.0,0.0,0.0,0.0,0.0,0.0,0.0,0.0,0.0,0.0,0.0,0.0,0.0,0.0,0.0,0.0,0.0,0.0,0.0,False,CLOCK_REFERENCE_READY,0,123.192,1791339477.4794755,nan,nan,nan,nan,nan,nan,nan,nan,nan,nan,nan,nan,nan,nan,nan,nan,nan,nan,nan,nan,nan,nan,nan,nan,nan,nan,nan,nan,nan,nan,nan,nan,nan,nan,nan,nan,nan,nan,nan,nan,nan,nan,nan,nan,nan,nan,nan,True,GEOMETRY_DISABLED,none,MODEL_ORIGIN_FRAME_NOT_ESTABLISHED,nan,nan,nan,nan,nan,nan,nan,nan,nan,nan,nan,nan,nan,NOT_EVALUATED,nan,nan,nan,0.0,BEFORE_HISTORY,nan,nan,nan,nan,nan,nan
0.0,1791339477.7820814,1791339477.7922513,1791339477.7922513,front_rgbd_red_sphere,False,False,False,DEPTH_FRAME_UNMATCHED,123.1,123.052,1791339477.4038737,1791339477.7820814,1791339373.039771,1791339373.039771,1791339373.039771,0.04799999999998761,1791339372.4717689,1791339373.467773,1791339373.3106868,1791339373.467773,1791339373.314687,1791339373.471771,1791339372.4677722,1791339373.467773,1791339372.4717689,1791339373.471771,1791339354.187771,GAZEBO_CLOCK_SYSTEM_INTERPOLATION,MAPPED_EXACT,0,18.852,1791339373.039771,0.01342320442199707,0.0,RGB,0.0,0,1,0,UNCALIBRATED,PREPARATION,UNKNOWN,STRAIGHT,0.0,0,0.0,nan,nan,nan,nan,False,0.0,0.0,0.0,0.0,0,0,0,0,0,0.0,0.0,0.0,0.0,0.0,0.0,0.0,0.0,0.0,0.0,0.0,0.0,0.0,0.0,0.0,0.0,0.0,0.0,0.0,0.0,0.0,0.0,0.0,0.0,0.0,0.0,0.0,0.0,False,CLOCK_REFERENCE_READY,0,123.492,1791339477.7794626,nan,nan,nan,nan,nan,nan,nan,nan,nan,nan,nan,nan,nan,nan,nan,nan,nan,nan,nan,nan,nan,nan,nan,nan,nan,nan,nan,nan,nan,nan,nan,nan,nan,nan,nan,nan,nan,nan,nan,nan,nan,nan,nan,nan,nan,nan,nan,True,GEOMETRY_DISABLED,none,MODEL_ORIGIN_FRAME_NOT_ESTABLISHED,nan,nan,nan,nan,nan,nan,nan,nan,nan,nan,nan,nan,nan,NOT_EVALUATED,nan,nan,nan,0.0,BEFORE_HISTORY,nan,nan,nan,nan,nan,nan
0.0,1791339477.8732507,1791339477.8921828,1791339477.8921828,front_rgbd_red_sphere,False,False,False,DEPTH_FRAME_UNMATCHED,123.2,123.1,1791339477.5025938,1791339477.8732507,1791339373.039771,1791339373.039771,1791339373.039771,0.10000000000000853,1791339372.4717689,1791339373.467773,1791339373.3106868,1791339373.467773,1791339373.314687,1791339373.471771,1791339372.4677722,1791339373.467773,1791339372.4717689,1791339373.471771,1791339354.187771,GAZEBO_CLOCK_SYSTEM_INTERPOLATION,MAPPED_EXACT,0,18.852,1791339373.039771,0.01342320442199707,0.0,RGB,0.0,0,1,0,UNCALIBRATED,PREPARATION,UNKNOWN,STRAIGHT,0.0,0,0.0,nan,nan,nan,nan,False,0.0,0.0,0.0,0.0,0,0,0,0,0,0.0,0.0,0.0,0.0,0.0,0.0,0.0,0.0,0.0,0.0,0.0,0.0,0.0,0.0,0.0,0.0,0.0,0.0,0.0,0.0,0.0,0.0,0.0,0.0,0.0,0.0,0.0,0.0,False,CLOCK_REFERENCE_READY,0,123.592,1791339477.8794656,nan,nan,nan,nan,nan,nan,nan,nan,nan,nan,nan,nan,nan,nan,nan,nan,nan,nan,nan,nan,nan,nan,nan,nan,nan,nan,nan,nan,nan,nan,nan,nan,nan,nan,nan,nan,nan,nan,nan,nan,nan,nan,nan,nan,nan,nan,nan,True,GEOMETRY_DISABLED,none,MODEL_ORIGIN_FRAME_NOT_ESTABLISHED,nan,nan,nan,nan,nan,nan,nan,nan,nan,nan,nan,nan,nan,NOT_EVALUATED,nan,nan,nan,0.0,BEFORE_HISTORY,nan,nan,nan,nan,nan,nan
0.0,1791339478.2897763,1791339478.2922215,1791339478.2922215,front_rgbd_red_sphere,False,False,False,DEPTH_FRAME_UNMATCHED,123.6,123.5,1791339477.9044793,1791339478.2897763,1791339373.039771,1791339373.039771,1791339373.039771,0.09999999999999432,1791339372.4717689,1791339373.467773,1791339373.3106868,1791339373.467773,1791339373.314687,1791339373.471771,1791339372.4677722,1791339373.467773,1791339372.4717689,1791339373.471771,1791339354.187771,GAZEBO_CLOCK_SYSTEM_INTERPOLATION,MAPPED_EXACT,0,18.852,1791339373.039771,0.01342320442199707,0.0,RGB,0.0,0,1,0,UNCALIBRATED,PREPARATION,UNKNOWN,STRAIGHT,0.0,0,0.0,nan,nan,nan,nan,False,0.0,0.0,0.0,0.0,0,0,0,0,0,0.0,0.0,0.0,0.0,0.0,0.0,0.0,0.0,0.0,0.0,0.0,0.0,0.0,0.0,0.0,0.0,0.0,0.0,0.0,0.0,0.0,0.0,0.0,0.0,0.0,0.0,0.0,0.0,False,CLOCK_REFERENCE_READY,0,123.992,1791339478.2794697,nan,nan,nan,nan,nan,nan,nan,nan,nan,nan,nan,nan,nan,nan,nan,nan,nan,nan,nan,nan,nan,nan,nan,nan,nan,nan,nan,nan,nan,nan,nan,nan,nan,nan,nan,nan,nan,nan,nan,nan,nan,nan,nan,nan,nan,nan,nan,True,GEOMETRY_DISABLED,none,MODEL_ORIGIN_FRAME_NOT_ESTABLISHED,nan,nan,nan,nan,nan,nan,nan,nan,nan,nan,nan,nan,nan,NOT_EVALUATED,nan,nan,nan,0.0,BEFORE_HISTORY,nan,nan,nan,nan,nan,nan
0.0,1791339478.3713534,1791339478.392261,1791339478.392261,front_rgbd_red_sphere,False,False,False,DEPTH_FRAME_UNMATCHED,123.7,123.6,1791339478.005114,1791339478.3713534,1791339373.039771,1791339373.039771,1791339373.039771,0.10000000000000853,1791339372.4717689,1791339373.467773,1791339373.3106868,1791339373.467773,1791339373.314687,1791339373.471771,1791339372.4677722,1791339373.467773,1791339372.4717689,1791339373.471771,1791339354.187771,GAZEBO_CLOCK_SYSTEM_INTERPOLATION,MAPPED_EXACT,0,18.852,1791339373.039771,0.01342320442199707,0.0,RGB,0.0,0,1,0,UNCALIBRATED,PREPARATION,UNKNOWN,STRAIGHT,0.0,0,0.0,nan,nan,nan,nan,False,0.0,0.0,0.0,0.0,0,0,0,0,0,0.0,0.0,0.0,0.0,0.0,0.0,0.0,0.0,0.0,0.0,0.0,0.0,0.0,0.0,0.0,0.0,0.0,0.0,0.0,0.0,0.0,0.0,0.0,0.0,0.0,0.0,0.0,0.0,False,CLOCK_REFERENCE_READY,0,124.092,1791339478.379467,nan,nan,nan,nan,nan,nan,nan,nan,nan,nan,nan,nan,nan,nan,nan,nan,nan,nan,nan,nan,nan,nan,nan,nan,nan,nan,nan,nan,nan,nan,nan,nan,nan,nan,nan,nan,nan,nan,nan,nan,nan,nan,nan,nan,nan,nan,nan,True,GEOMETRY_DISABLED,none,MODEL_ORIGIN_FRAME_NOT_ESTABLISHED,nan,nan,nan,nan,nan,nan,nan,nan,nan,nan,nan,nan,nan,NOT_EVALUATED,nan,nan,nan,0.0,BEFORE_HISTORY,nan,nan,nan,nan,nan,nan
0.0,1791339478.6844215,1791339478.692306,1791339478.692306,front_rgbd_red_sphere,False,False,False,DEPTH_FRAME_UNMATCHED,124.0,123.952,1791339478.3048916,1791339478.6844215,1791339373.039771,1791339373.039771,1791339373.039771,0.04800000000000182,1791339372.4717689,1791339373.467773,1791339373.3106868,1791339373.467773,1791339373.314687,1791339373.471771,1791339372.4677722,1791339373.467773,1791339372.4717689,1791339373.471771,1791339354.187771,GAZEBO_CLOCK_SYSTEM_INTERPOLATION,MAPPED_EXACT,0,18.852,1791339373.039771,0.01342320442199707,0.0,RGB,0.0,0,1,0,UNCALIBRATED,PREPARATION,UNKNOWN,STRAIGHT,0.0,0,0.0,nan,nan,nan,nan,False,0.0,0.0,0.0,0.0,0,0,0,0,0,0.0,0.0,0.0,0.0,0.0,0.0,0.0,0.0,0.0,0.0,0.0,0.0,0.0,0.0,0.0,0.0,0.0,0.0,0.0,0.0,0.0,0.0,0.0,0.0,0.0,0.0,0.0,0.0,False,CLOCK_REFERENCE_READY,0,124.392,1791339478.679465,nan,nan,nan,nan,nan,nan,nan,nan,nan,nan,nan,nan,nan,nan,nan,nan,nan,nan,nan,nan,nan,nan,nan,nan,nan,nan,nan,nan,nan,nan,nan,nan,nan,nan,nan,nan,nan,nan,nan,nan,nan,nan,nan,nan,nan,nan,nan,True,GEOMETRY_DISABLED,none,MODEL_ORIGIN_FRAME_NOT_ESTABLISHED,nan,nan,nan,nan,nan,nan,nan,nan,nan,nan,nan,nan,nan,NOT_EVALUATED,nan,nan,nan,0.0,BEFORE_HISTORY,nan,nan,nan,nan,nan,nan
0.0,1791339478.7736058,1791339478.7922008,1791339478.7922008,front_rgbd_red_sphere,False,False,False,DEPTH_FRAME_UNMATCHED,124.1,124.0,1791339478.402097,1791339478.7736058,1791339373.039771,1791339373.039771,1791339373.039771,0.09999999999999432,1791339372.4717689,1791339373.467773,1791339373.3106868,1791339373.467773,1791339373.314687,1791339373.471771,1791339372.4677722,1791339373.467773,1791339372.4717689,1791339373.471771,1791339354.187771,GAZEBO_CLOCK_SYSTEM_INTERPOLATION,MAPPED_EXACT,0,18.852,1791339373.039771,0.01342320442199707,0.0,RGB,0.0,0,1,0,UNCALIBRATED,PREPARATION,UNKNOWN,STRAIGHT,0.0,0,0.0,nan,nan,nan,nan,False,0.0,0.0,0.0,0.0,0,0,0,0,0,0.0,0.0,0.0,0.0,0.0,0.0,0.0,0.0,0.0,0.0,0.0,0.0,0.0,0.0,0.0,0.0,0.0,0.0,0.0,0.0,0.0,0.0,0.0,0.0,0.0,0.0,0.0,0.0,False,CLOCK_REFERENCE_READY,0,124.492,1791339478.7794657,nan,nan,nan,nan,nan,nan,nan,nan,nan,nan,nan,nan,nan,nan,nan,nan,nan,nan,nan,nan,nan,nan,nan,nan,nan,nan,nan,nan,nan,nan,nan,nan,nan,nan,nan,nan,nan,nan,nan,nan,nan,nan,nan,nan,nan,nan,nan,True,GEOMETRY_DISABLED,none,MODEL_ORIGIN_FRAME_NOT_ESTABLISHED,nan,nan,nan,nan,nan,nan,nan,nan,nan,nan,nan,nan,nan,NOT_EVALUATED,nan,nan,nan,0.0,BEFORE_HISTORY,nan,nan,nan,nan,nan,nan
0.0,1791339479.0737796,1791339479.092302,1791339479.092302,front_rgbd_red_sphere,False,False,False,DEPTH_FRAME_UNMATCHED,124.4,124.3,1791339478.7026815,1791339479.0737796,1791339373.039771,1791339373.039771,1791339373.039771,0.10000000000000853,1791339372.4717689,1791339373.467773,1791339373.3106868,1791339373.467773,1791339373.314687,1791339373.471771,1791339372.4677722,1791339373.467773,1791339372.4717689,1791339373.471771,1791339354.187771,GAZEBO_CLOCK_SYSTEM_INTERPOLATION,MAPPED_EXACT,0,18.852,1791339373.039771,0.01342320442199707,0.0,RGB,0.0,0,1,0,UNCALIBRATED,PREPARATION,UNKNOWN,STRAIGHT,0.0,0,0.0,nan,nan,nan,nan,False,0.0,0.0,0.0,0.0,0,0,0,0,0,0.0,0.0,0.0,0.0,0.0,0.0,0.0,0.0,0.0,0.0,0.0,0.0,0.0,0.0,0.0,0.0,0.0,0.0,0.0,0.0,0.0,0.0,0.0,0.0,0.0,0.0,0.0,0.0,False,CLOCK_REFERENCE_READY,0,124.792,1791339479.0794709,nan,nan,nan,nan,nan,nan,nan,nan,nan,nan,nan,nan,nan,nan,nan,nan,nan,nan,nan,nan,nan,nan,nan,nan,nan,nan,nan,nan,nan,nan,nan,nan,nan,nan,nan,nan,nan,nan,nan,nan,nan,nan,nan,nan,nan,nan,nan,True,GEOMETRY_DISABLED,none,MODEL_ORIGIN_FRAME_NOT_ESTABLISHED,nan,nan,nan,nan,nan,nan,nan,nan,nan,nan,nan,nan,nan,NOT_EVALUATED,nan,nan,nan,0.0,BEFORE_HISTORY,nan,nan,nan,nan,nan,nan
0.0,1791339479.4779832,1791339479.4922433,1791339479.4922433,front_rgbd_red_sphere,False,False,False,DEPTH_FRAME_UNMATCHED,124.8,124.7,1791339479.1032195,1791339479.4779832,1791339373.039771,1791339373.039771,1791339373.039771,0.09999999999999432,1791339372.4717689,1791339373.467773,1791339373.3106868,1791339373.467773,1791339373.314687,1791339373.471771,1791339372.4677722,1791339373.467773,1791339372.4717689,1791339373.471771,1791339354.187771,GAZEBO_CLOCK_SYSTEM_INTERPOLATION,MAPPED_EXACT,0,18.852,1791339373.039771,0.01342320442199707,0.0,RGB,0.0,0,1,0,UNCALIBRATED,PREPARATION,UNKNOWN,STRAIGHT,0.0,0,0.0,nan,nan,nan,nan,False,0.0,0.0,0.0,0.0,0,0,0,0,0,0.0,0.0,0.0,0.0,0.0,0.0,0.0,0.0,0.0,0.0,0.0,0.0,0.0,0.0,0.0,0.0,0.0,0.0,0.0,0.0,0.0,0.0,0.0,0.0,0.0,0.0,0.0,0.0,False,CLOCK_REFERENCE_READY,0,125.192,1791339479.479471,nan,nan,nan,nan,nan,nan,nan,nan,nan,nan,nan,nan,nan,nan,nan,nan,nan,nan,nan,nan,nan,nan,nan,nan,nan,nan,nan,nan,nan,nan,nan,nan,nan,nan,nan,nan,nan,nan,nan,nan,nan,nan,nan,nan,nan,nan,nan,True,GEOMETRY_DISABLED,none,MODEL_ORIGIN_FRAME_NOT_ESTABLISHED,nan,nan,nan,nan,nan,nan,nan,nan,nan,nan,nan,nan,nan,NOT_EVALUATED,nan,nan,nan,0.0,BEFORE_HISTORY,nan,nan,nan,nan,nan,nan
0.0,1791339479.556888,1791339479.5923452,1791339479.5923452,front_rgbd_red_sphere,False,False,False,DEPTH_FRAME_UNMATCHED,124.9,124.8,1791339479.2031355,1791339479.556888,1791339373.039771,1791339373.039771,1791339373.039771,0.10000000000000853,1791339372.4717689,1791339373.467773,1791339373.3106868,1791339373.467773,1791339373.314687,1791339373.471771,1791339372.4677722,1791339373.467773,1791339372.4717689,1791339373.471771,1791339354.187771,GAZEBO_CLOCK_SYSTEM_INTERPOLATION,MAPPED_EXACT,0,18.852,1791339373.039771,0.01342320442199707,0.0,RGB,0.0,0,1,0,UNCALIBRATED,PREPARATION,UNKNOWN,STRAIGHT,0.0,0,0.0,nan,nan,nan,nan,False,0.0,0.0,0.0,0.0,0,0,0,0,0,0.0,0.0,0.0,0.0,0.0,0.0,0.0,0.0,0.0,0.0,0.0,0.0,0.0,0.0,0.0,0.0,0.0,0.0,0.0,0.0,0.0,0.0,0.0,0.0,0.0,0.0,0.0,0.0,False,CLOCK_REFERENCE_READY,0,125.292,1791339479.5794678,nan,nan,nan,nan,nan,nan,nan,nan,nan,nan,nan,nan,nan,nan,nan,nan,nan,nan,nan,nan,nan,nan,nan,nan,nan,nan,nan,nan,nan,nan,nan,nan,nan,nan,nan,nan,nan,nan,nan,nan,nan,nan,nan,nan,nan,nan,nan,True,GEOMETRY_DISABLED,none,MODEL_ORIGIN_FRAME_NOT_ESTABLISHED,nan,nan,nan,nan,nan,nan,nan,nan,nan,nan,nan,nan,nan,NOT_EVALUATED,nan,nan,nan,0.0,BEFORE_HISTORY,nan,nan,nan,nan,nan,nan
0.0,1791339479.784785,1791339479.7923768,1791339479.7923768,front_rgbd_red_sphere,False,False,False,DEPTH_FRAME_UNMATCHED,125.1,125.052,1791339479.4050834,1791339479.784785,1791339373.039771,1791339373.039771,1791339373.039771,0.04799999999998761,1791339372.4717689,1791339373.467773,1791339373.3106868,1791339373.467773,1791339373.314687,1791339373.471771,1791339372.4677722,1791339373.467773,1791339372.4717689,1791339373.471771,1791339354.187771,GAZEBO_CLOCK_SYSTEM_INTERPOLATION,MAPPED_EXACT,0,18.852,1791339373.039771,0.01342320442199707,0.0,RGB,0.0,0,1,0,UNCALIBRATED,PREPARATION,UNKNOWN,STRAIGHT,0.0,0,0.0,nan,nan,nan,nan,False,0.0,0.0,0.0,0.0,0,0,0,0,0,0.0,0.0,0.0,0.0,0.0,0.0,0.0,0.0,0.0,0.0,0.0,0.0,0.0,0.0,0.0,0.0,0.0,0.0,0.0,0.0,0.0,0.0,0.0,0.0,0.0,0.0,0.0,0.0,False,CLOCK_REFERENCE_READY,0,125.492,1791339479.7794652,nan,nan,nan,nan,nan,nan,nan,nan,nan,nan,nan,nan,nan,nan,nan,nan,nan,nan,nan,nan,nan,nan,nan,nan,nan,nan,nan,nan,nan,nan,nan,nan,nan,nan,nan,nan,nan,nan,nan,nan,nan,nan,nan,nan,nan,nan,nan,True,GEOMETRY_DISABLED,none,MODEL_ORIGIN_FRAME_NOT_ESTABLISHED,nan,nan,nan,nan,nan,nan,nan,nan,nan,nan,nan,nan,nan,NOT_EVALUATED,nan,nan,nan,0.0,BEFORE_HISTORY,nan,nan,nan,nan,nan,nan
0.0,1791339479.876852,1791339479.8923404,1791339479.8923404,front_rgbd_red_sphere,False,False,False,DEPTH_FRAME_UNMATCHED,125.2,125.1,1791339479.5037267,1791339479.876852,1791339373.039771,1791339373.039771,1791339373.039771,0.10000000000000853,1791339372.4717689,1791339373.467773,1791339373.3106868,1791339373.467773,1791339373.314687,1791339373.471771,1791339372.4677722,1791339373.467773,1791339372.4717689,1791339373.471771,1791339354.187771,GAZEBO_CLOCK_SYSTEM_INTERPOLATION,MAPPED_EXACT,0,18.852,1791339373.039771,0.01342320442199707,0.0,RGB,0.0,0,1,0,UNCALIBRATED,PREPARATION,UNKNOWN,STRAIGHT,0.0,0,0.0,nan,nan,nan,nan,False,0.0,0.0,0.0,0.0,0,0,0,0,0,0.0,0.0,0.0,0.0,0.0,0.0,0.0,0.0,0.0,0.0,0.0,0.0,0.0,0.0,0.0,0.0,0.0,0.0,0.0,0.0,0.0,0.0,0.0,0.0,0.0,0.0,0.0,0.0,False,CLOCK_REFERENCE_READY,0,125.592,1791339479.8794804,nan,nan,nan,nan,nan,nan,nan,nan,nan,nan,nan,nan,nan,nan,nan,nan,nan,nan,nan,nan,nan,nan,nan,nan,nan,nan,nan,nan,nan,nan,nan,nan,nan,nan,nan,nan,nan,nan,nan,nan,nan,nan,nan,nan,nan,nan,nan,True,GEOMETRY_DISABLED,none,MODEL_ORIGIN_FRAME_NOT_ESTABLISHED,nan,nan,nan,nan,nan,nan,nan,nan,nan,nan,nan,nan,nan,NOT_EVALUATED,nan,nan,nan,0.0,BEFORE_HISTORY,nan,nan,nan,nan,nan,nan
0.0,1791339480.271819,1791339480.292201,1791339480.292201,front_rgbd_red_sphere,False,False,False,DEPTH_FRAME_UNMATCHED,125.6,125.5,1791339479.9063964,1791339480.271819,1791339373.039771,1791339373.039771,1791339373.039771,0.09999999999999432,1791339372.4717689,1791339373.467773,1791339373.3106868,1791339373.467773,1791339373.314687,1791339373.471771,1791339372.4677722,1791339373.467773,1791339372.4717689,1791339373.471771,1791339354.187771,GAZEBO_CLOCK_SYSTEM_INTERPOLATION,MAPPED_EXACT,0,18.852,1791339373.039771,0.01342320442199707,0.0,RGB,0.0,0,1,0,UNCALIBRATED,PREPARATION,UNKNOWN,STRAIGHT,0.0,0,0.0,nan,nan,nan,nan,False,0.0,0.0,0.0,0.0,0,0,0,0,0,0.0,0.0,0.0,0.0,0.0,0.0,0.0,0.0,0.0,0.0,0.0,0.0,0.0,0.0,0.0,0.0,0.0,0.0,0.0,0.0,0.0,0.0,0.0,0.0,0.0,0.0,0.0,0.0,False,CLOCK_REFERENCE_READY,0,125.992,1791339480.279465,nan,nan,nan,nan,nan,nan,nan,nan,nan,nan,nan,nan,nan,nan,nan,nan,nan,nan,nan,nan,nan,nan,nan,nan,nan,nan,nan,nan,nan,nan,nan,nan,nan,nan,nan,nan,nan,nan,nan,nan,nan,nan,nan,nan,nan,nan,nan,True,GEOMETRY_DISABLED,none,MODEL_ORIGIN_FRAME_NOT_ESTABLISHED,nan,nan,nan,nan,nan,nan,nan,nan,nan,nan,nan,nan,nan,NOT_EVALUATED,nan,nan,nan,0.0,BEFORE_HISTORY,nan,nan,nan,nan,nan,nan
0.0,1791339480.3620589,1791339480.3921916,1791339480.3921916,front_rgbd_red_sphere,False,False,False,DEPTH_FRAME_UNMATCHED,125.7,125.6,1791339480.01545,1791339480.3620589,1791339373.039771,1791339373.039771,1791339373.039771,0.10000000000000853,1791339372.4717689,1791339373.467773,1791339373.3106868,1791339373.467773,1791339373.314687,1791339373.471771,1791339372.4677722,1791339373.467773,1791339372.4717689,1791339373.471771,1791339354.187771,GAZEBO_CLOCK_SYSTEM_INTERPOLATION,MAPPED_EXACT,0,18.852,1791339373.039771,0.01342320442199707,0.0,RGB,0.0,0,1,0,UNCALIBRATED,PREPARATION,UNKNOWN,STRAIGHT,0.0,0,0.0,nan,nan,nan,nan,False,0.0,0.0,0.0,0.0,0,0,0,0,0,0.0,0.0,0.0,0.0,0.0,0.0,0.0,0.0,0.0,0.0,0.0,0.0,0.0,0.0,0.0,0.0,0.0,0.0,0.0,0.0,0.0,0.0,0.0,0.0,0.0,0.0,0.0,0.0,False,CLOCK_REFERENCE_READY,0,126.092,1791339480.3794656,nan,nan,nan,nan,nan,nan,nan,nan,nan,nan,nan,nan,nan,nan,nan,nan,nan,nan,nan,nan,nan,nan,nan,nan,nan,nan,nan,nan,nan,nan,nan,nan,nan,nan,nan,nan,nan,nan,nan,nan,nan,nan,nan,nan,nan,nan,nan,True,GEOMETRY_DISABLED,none,MODEL_ORIGIN_FRAME_NOT_ESTABLISHED,nan,nan,nan,nan,nan,nan,nan,nan,nan,nan,nan,nan,nan,NOT_EVALUATED,nan,nan,nan,0.0,BEFORE_HISTORY,nan,nan,nan,nan,nan,nan
0.0,1791339480.6875515,1791339480.6922379,1791339480.6922379,front_rgbd_red_sphere,False,False,False,DEPTH_FRAME_UNMATCHED,126.0,125.9,1791339480.3021638,1791339480.6875515,1791339373.039771,1791339373.039771,1791339373.039771,0.09999999999999432,1791339372.4717689,1791339373.467773,1791339373.3106868,1791339373.467773,1791339373.314687,1791339373.471771,1791339372.4677722,1791339373.467773,1791339372.4717689,1791339373.471771,1791339354.187771,GAZEBO_CLOCK_SYSTEM_INTERPOLATION,MAPPED_EXACT,0,18.852,1791339373.039771,0.01342320442199707,0.0,RGB,0.0,0,1,0,UNCALIBRATED,PREPARATION,UNKNOWN,STRAIGHT,0.0,0,0.0,nan,nan,nan,nan,False,0.0,0.0,0.0,0.0,0,0,0,0,0,0.0,0.0,0.0,0.0,0.0,0.0,0.0,0.0,0.0,0.0,0.0,0.0,0.0,0.0,0.0,0.0,0.0,0.0,0.0,0.0,0.0,0.0,0.0,0.0,0.0,0.0,0.0,0.0,False,CLOCK_REFERENCE_READY,0,126.392,1791339480.6794672,nan,nan,nan,nan,nan,nan,nan,nan,nan,nan,nan,nan,nan,nan,nan,nan,nan,nan,nan,nan,nan,nan,nan,nan,nan,nan,nan,nan,nan,nan,nan,nan,nan,nan,nan,nan,nan,nan,nan,nan,nan,nan,nan,nan,nan,nan,nan,True,GEOMETRY_DISABLED,none,MODEL_ORIGIN_FRAME_NOT_ESTABLISHED,nan,nan,nan,nan,nan,nan,nan,nan,nan,nan,nan,nan,nan,NOT_EVALUATED,nan,nan,nan,0.0,BEFORE_HISTORY,nan,nan,nan,nan,nan,nan
0.0,1791339480.7669399,1791339480.7922642,1791339480.7922642,front_rgbd_red_sphere,False,False,False,DEPTH_FRAME_UNMATCHED,126.1,126.0,1791339480.4029748,1791339480.7669399,1791339373.039771,1791339373.039771,1791339373.039771,0.09999999999999432,1791339372.4717689,1791339373.467773,1791339373.3106868,1791339373.467773,1791339373.314687,1791339373.471771,1791339372.4677722,1791339373.467773,1791339372.4717689,1791339373.471771,1791339354.187771,GAZEBO_CLOCK_SYSTEM_INTERPOLATION,MAPPED_EXACT,0,18.852,1791339373.039771,0.01342320442199707,0.0,RGB,0.0,0,1,0,UNCALIBRATED,PREPARATION,UNKNOWN,STRAIGHT,0.0,0,0.0,nan,nan,nan,nan,False,0.0,0.0,0.0,0.0,0,0,0,0,0,0.0,0.0,0.0,0.0,0.0,0.0,0.0,0.0,0.0,0.0,0.0,0.0,0.0,0.0,0.0,0.0,0.0,0.0,0.0,0.0,0.0,0.0,0.0,0.0,0.0,0.0,0.0,0.0,False,CLOCK_REFERENCE_READY,0,126.492,1791339480.7794645,nan,nan,nan,nan,nan,nan,nan,nan,nan,nan,nan,nan,nan,nan,nan,nan,nan,nan,nan,nan,nan,nan,nan,nan,nan,nan,nan,nan,nan,nan,nan,nan,nan,nan,nan,nan,nan,nan,nan,nan,nan,nan,nan,nan,nan,nan,nan,True,GEOMETRY_DISABLED,none,MODEL_ORIGIN_FRAME_NOT_ESTABLISHED,nan,nan,nan,nan,nan,nan,nan,nan,nan,nan,nan,nan,nan,NOT_EVALUATED,nan,nan,nan,0.0,BEFORE_HISTORY,nan,nan,nan,nan,nan,nan
0.0,1791339480.9825037,1791339480.9921882,1791339480.9921882,front_rgbd_red_sphere,False,False,False,DEPTH_FRAME_UNMATCHED,126.3,126.252,1791339480.6034753,1791339480.9825037,1791339373.039771,1791339373.039771,1791339373.039771,0.04800000000000182,1791339372.4717689,1791339373.467773,1791339373.3106868,1791339373.467773,1791339373.314687,1791339373.471771,1791339372.4677722,1791339373.467773,1791339372.4717689,1791339373.471771,1791339354.187771,GAZEBO_CLOCK_SYSTEM_INTERPOLATION,MAPPED_EXACT,0,18.852,1791339373.039771,0.01342320442199707,0.0,RGB,0.0,0,1,0,UNCALIBRATED,PREPARATION,UNKNOWN,STRAIGHT,0.0,0,0.0,nan,nan,nan,nan,False,0.0,0.0,0.0,0.0,0,0,0,0,0,0.0,0.0,0.0,0.0,0.0,0.0,0.0,0.0,0.0,0.0,0.0,0.0,0.0,0.0,0.0,0.0,0.0,0.0,0.0,0.0,0.0,0.0,0.0,0.0,0.0,0.0,0.0,0.0,False,CLOCK_REFERENCE_READY,0,126.692,1791339480.979465,nan,nan,nan,nan,nan,nan,nan,nan,nan,nan,nan,nan,nan,nan,nan,nan,nan,nan,nan,nan,nan,nan,nan,nan,nan,nan,nan,nan,nan,nan,nan,nan,nan,nan,nan,nan,nan,nan,nan,nan,nan,nan,nan,nan,nan,nan,nan,True,GEOMETRY_DISABLED,none,MODEL_ORIGIN_FRAME_NOT_ESTABLISHED,nan,nan,nan,nan,nan,nan,nan,nan,nan,nan,nan,nan,nan,NOT_EVALUATED,nan,nan,nan,0.0,BEFORE_HISTORY,nan,nan,nan,nan,nan,nan
0.0,1791339481.1587832,1791339481.1921892,1791339481.1921892,front_rgbd_red_sphere,False,False,False,DEPTH_FRAME_UNMATCHED,126.5,126.4,1791339480.8035293,1791339481.1587832,1791339373.039771,1791339373.039771,1791339373.039771,0.09999999999999432,1791339372.4717689,1791339373.467773,1791339373.3106868,1791339373.467773,1791339373.314687,1791339373.471771,1791339372.4677722,1791339373.467773,1791339372.4717689,1791339373.471771,1791339354.187771,GAZEBO_CLOCK_SYSTEM_INTERPOLATION,MAPPED_EXACT,0,18.852,1791339373.039771,0.01342320442199707,0.0,RGB,0.0,0,1,0,UNCALIBRATED,PREPARATION,UNKNOWN,STRAIGHT,0.0,0,0.0,nan,nan,nan,nan,False,0.0,0.0,0.0,0.0,0,0,0,0,0,0.0,0.0,0.0,0.0,0.0,0.0,0.0,0.0,0.0,0.0,0.0,0.0,0.0,0.0,0.0,0.0,0.0,0.0,0.0,0.0,0.0,0.0,0.0,0.0,0.0,0.0,0.0,0.0,False,CLOCK_REFERENCE_READY,0,126.892,1791339481.179462,nan,nan,nan,nan,nan,nan,nan,nan,nan,nan,nan,nan,nan,nan,nan,nan,nan,nan,nan,nan,nan,nan,nan,nan,nan,nan,nan,nan,nan,nan,nan,nan,nan,nan,nan,nan,nan,nan,nan,nan,nan,nan,nan,nan,nan,nan,nan,True,GEOMETRY_DISABLED,none,MODEL_ORIGIN_FRAME_NOT_ESTABLISHED,nan,nan,nan,nan,nan,nan,nan,nan,nan,nan,nan,nan,nan,NOT_EVALUATED,nan,nan,nan,0.0,BEFORE_HISTORY,nan,nan,nan,nan,nan,nan
0.0,1791339481.5838134,1791339481.5922432,1791339481.5922432,front_rgbd_red_sphere,False,False,False,DEPTH_FRAME_UNMATCHED,126.9,126.8,1791339481.2037904,1791339481.5838134,1791339373.039771,1791339373.039771,1791339373.039771,0.10000000000000853,1791339372.4717689,1791339373.467773,1791339373.3106868,1791339373.467773,1791339373.314687,1791339373.471771,1791339372.4677722,1791339373.467773,1791339372.4717689,1791339373.471771,1791339354.187771,GAZEBO_CLOCK_SYSTEM_INTERPOLATION,MAPPED_EXACT,0,18.852,1791339373.039771,0.01342320442199707,0.0,RGB,0.0,0,1,0,UNCALIBRATED,PREPARATION,UNKNOWN,STRAIGHT,0.0,0,0.0,nan,nan,nan,nan,False,0.0,0.0,0.0,0.0,0,0,0,0,0,0.0,0.0,0.0,0.0,0.0,0.0,0.0,0.0,0.0,0.0,0.0,0.0,0.0,0.0,0.0,0.0,0.0,0.0,0.0,0.0,0.0,0.0,0.0,0.0,0.0,0.0,0.0,0.0,False,CLOCK_REFERENCE_READY,0,127.292,1791339481.579468,nan,nan,nan,nan,nan,nan,nan,nan,nan,nan,nan,nan,nan,nan,nan,nan,nan,nan,nan,nan,nan,nan,nan,nan,nan,nan,nan,nan,nan,nan,nan,nan,nan,nan,nan,nan,nan,nan,nan,nan,nan,nan,nan,nan,nan,nan,nan,True,GEOMETRY_DISABLED,none,MODEL_ORIGIN_FRAME_NOT_ESTABLISHED,nan,nan,nan,nan,nan,nan,nan,nan,nan,nan,nan,nan,nan,NOT_EVALUATED,nan,nan,nan,0.0,BEFORE_HISTORY,nan,nan,nan,nan,nan,nan
0.0,1791339481.8898232,1791339481.8922157,1791339481.8922157,front_rgbd_red_sphere,False,False,False,DEPTH_FRAME_UNMATCHED,127.2,127.1,1791339481.5133219,1791339481.8898232,1791339373.039771,1791339373.039771,1791339373.039771,0.10000000000000853,1791339372.4717689,1791339373.467773,1791339373.3106868,1791339373.467773,1791339373.314687,1791339373.471771,1791339372.4677722,1791339373.467773,1791339372.4717689,1791339373.471771,1791339354.187771,GAZEBO_CLOCK_SYSTEM_INTERPOLATION,MAPPED_EXACT,0,18.852,1791339373.039771,0.01342320442199707,0.0,RGB,0.0,0,1,0,UNCALIBRATED,PREPARATION,UNKNOWN,STRAIGHT,0.0,0,0.0,nan,nan,nan,nan,False,0.0,0.0,0.0,0.0,0,0,0,0,0,0.0,0.0,0.0,0.0,0.0,0.0,0.0,0.0,0.0,0.0,0.0,0.0,0.0,0.0,0.0,0.0,0.0,0.0,0.0,0.0,0.0,0.0,0.0,0.0,0.0,0.0,0.0,0.0,False,CLOCK_REFERENCE_READY,0,127.592,1791339481.879473,nan,nan,nan,nan,nan,nan,nan,nan,nan,nan,nan,nan,nan,nan,nan,nan,nan,nan,nan,nan,nan,nan,nan,nan,nan,nan,nan,nan,nan,nan,nan,nan,nan,nan,nan,nan,nan,nan,nan,nan,nan,nan,nan,nan,nan,nan,nan,True,GEOMETRY_DISABLED,none,MODEL_ORIGIN_FRAME_NOT_ESTABLISHED,nan,nan,nan,nan,nan,nan,nan,nan,nan,nan,nan,nan,nan,NOT_EVALUATED,nan,nan,nan,0.0,BEFORE_HISTORY,nan,nan,nan,nan,nan,nan
0.0,1791339481.9650593,1791339481.992171,1791339481.992171,front_rgbd_red_sphere,False,False,False,DEPTH_FRAME_UNMATCHED,127.3,127.2,1791339481.612303,1791339481.9650593,1791339373.039771,1791339373.039771,1791339373.039771,0.09999999999999432,1791339372.4717689,1791339373.467773,1791339373.3106868,1791339373.467773,1791339373.314687,1791339373.471771,1791339372.4677722,1791339373.467773,1791339372.4717689,1791339373.471771,1791339354.187771,GAZEBO_CLOCK_SYSTEM_INTERPOLATION,MAPPED_EXACT,0,18.852,1791339373.039771,0.01342320442199707,0.0,RGB,0.0,0,1,0,UNCALIBRATED,PREPARATION,UNKNOWN,STRAIGHT,0.0,0,0.0,nan,nan,nan,nan,False,0.0,0.0,0.0,0.0,0,0,0,0,0,0.0,0.0,0.0,0.0,0.0,0.0,0.0,0.0,0.0,0.0,0.0,0.0,0.0,0.0,0.0,0.0,0.0,0.0,0.0,0.0,0.0,0.0,0.0,0.0,0.0,0.0,0.0,0.0,False,CLOCK_REFERENCE_READY,0,127.692,1791339481.9794612,nan,nan,nan,nan,nan,nan,nan,nan,nan,nan,nan,nan,nan,nan,nan,nan,nan,nan,nan,nan,nan,nan,nan,nan,nan,nan,nan,nan,nan,nan,nan,nan,nan,nan,nan,nan,nan,nan,nan,nan,nan,nan,nan,nan,nan,nan,nan,True,GEOMETRY_DISABLED,none,MODEL_ORIGIN_FRAME_NOT_ESTABLISHED,nan,nan,nan,nan,nan,nan,nan,nan,nan,nan,nan,nan,nan,NOT_EVALUATED,nan,nan,nan,0.0,BEFORE_HISTORY,nan,nan,nan,nan,nan,nan
0.0,1791339482.392396,1791339482.3927412,1791339482.3927412,front_rgbd_red_sphere,False,False,False,DEPTH_FRAME_UNMATCHED,127.7,127.652,1791339482.004399,1791339482.392396,1791339373.039771,1791339373.039771,1791339373.039771,0.04800000000000182,1791339372.4717689,1791339373.467773,1791339373.3106868,1791339373.467773,1791339373.314687,1791339373.471771,1791339372.4677722,1791339373.467773,1791339372.4717689,1791339373.471771,1791339354.187771,GAZEBO_CLOCK_SYSTEM_INTERPOLATION,MAPPED_EXACT,0,18.852,1791339373.039771,0.01342320442199707,0.0,RGB,0.0,0,1,0,UNCALIBRATED,PREPARATION,UNKNOWN,TURNING,0.0,0,0.0,nan,nan,nan,nan,False,0.0,0.0,0.0,0.0,0,0,0,0,0,0.0,0.0,0.0,0.0,0.0,0.0,0.0,0.0,0.0,0.0,0.0,0.0,0.0,0.0,0.0,0.0,0.0,0.0,0.0,0.0,0.0,0.0,0.0,0.0,0.0,0.0,0.0,0.0,False,CLOCK_REFERENCE_READY,0,128.092,1791339482.3794608,nan,nan,nan,nan,nan,nan,nan,nan,nan,nan,nan,nan,nan,nan,nan,nan,nan,nan,nan,nan,nan,nan,nan,nan,nan,nan,nan,nan,nan,nan,nan,nan,nan,nan,nan,nan,nan,nan,nan,nan,nan,nan,nan,nan,nan,nan,nan,True,GEOMETRY_DISABLED,none,MODEL_ORIGIN_FRAME_NOT_ESTABLISHED,nan,nan,nan,nan,nan,nan,nan,nan,nan,nan,nan,nan,nan,NOT_EVALUATED,nan,nan,nan,0.0,BEFORE_HISTORY,nan,nan,nan,nan,nan,nan
0.0,1791339482.4590619,1791339482.4922426,1791339482.4922426,front_rgbd_red_sphere,False,False,False,DEPTH_FRAME_UNMATCHED,127.8,127.7,1791339482.1042633,1791339482.4590619,1791339373.039771,1791339373.039771,1791339373.039771,0.09999999999999432,1791339372.4717689,1791339373.467773,1791339373.3106868,1791339373.467773,1791339373.314687,1791339373.471771,1791339372.4677722,1791339373.467773,1791339372.4717689,1791339373.471771,1791339354.187771,GAZEBO_CLOCK_SYSTEM_INTERPOLATION,MAPPED_EXACT,0,18.852,1791339373.039771,0.01342320442199707,0.0,RGB,0.0,0,1,0,UNCALIBRATED,PREPARATION,UNKNOWN,TURNING,0.0,0,0.0,nan,nan,nan,nan,False,0.0,0.0,0.0,0.0,0,0,0,0,0,0.0,0.0,0.0,0.0,0.0,0.0,0.0,0.0,0.0,0.0,0.0,0.0,0.0,0.0,0.0,0.0,0.0,0.0,0.0,0.0,0.0,0.0,0.0,0.0,0.0,0.0,0.0,0.0,False,CLOCK_REFERENCE_READY,0,128.192,1791339482.4794672,nan,nan,nan,nan,nan,nan,nan,nan,nan,nan,nan,nan,nan,nan,nan,nan,nan,nan,nan,nan,nan,nan,nan,nan,nan,nan,nan,nan,nan,nan,nan,nan,nan,nan,nan,nan,nan,nan,nan,nan,nan,nan,nan,nan,nan,nan,nan,True,GEOMETRY_DISABLED,none,MODEL_ORIGIN_FRAME_NOT_ESTABLISHED,nan,nan,nan,nan,nan,nan,nan,nan,nan,nan,nan,nan,nan,NOT_EVALUATED,nan,nan,nan,0.0,BEFORE_HISTORY,nan,nan,nan,nan,nan,nan
0.0,1791339482.687152,1791339482.6922379,1791339482.6922379,front_rgbd_red_sphere,False,False,False,DEPTH_FRAME_UNMATCHED,128.0,127.952,1791339482.3039112,1791339482.687152,1791339373.039771,1791339373.039771,1791339373.039771,0.04800000000000182,1791339372.4717689,1791339373.467773,1791339373.3106868,1791339373.467773,1791339373.314687,1791339373.471771,1791339372.4677722,1791339373.467773,1791339372.4717689,1791339373.471771,1791339354.187771,GAZEBO_CLOCK_SYSTEM_INTERPOLATION,MAPPED_EXACT,0,18.852,1791339373.039771,0.01342320442199707,0.0,RGB,0.0,0,1,0,UNCALIBRATED,PREPARATION,UNKNOWN,TURNING,0.0,0,0.0,nan,nan,nan,nan,False,0.0,0.0,0.0,0.0,0,0,0,0,0,0.0,0.0,0.0,0.0,0.0,0.0,0.0,0.0,0.0,0.0,0.0,0.0,0.0,0.0,0.0,0.0,0.0,0.0,0.0,0.0,0.0,0.0,0.0,0.0,0.0,0.0,0.0,0.0,False,CLOCK_REFERENCE_READY,0,128.392,1791339482.6794622,nan,nan,nan,nan,nan,nan,nan,nan,nan,nan,nan,nan,nan,nan,nan,nan,nan,nan,nan,nan,nan,nan,nan,nan,nan,nan,nan,nan,nan,nan,nan,nan,nan,nan,nan,nan,nan,nan,nan,nan,nan,nan,nan,nan,nan,nan,nan,True,GEOMETRY_DISABLED,none,MODEL_ORIGIN_FRAME_NOT_ESTABLISHED,nan,nan,nan,nan,nan,nan,nan,nan,nan,nan,nan,nan,nan,NOT_EVALUATED,nan,nan,nan,0.0,BEFORE_HISTORY,nan,nan,nan,nan,nan,nan
0.0,1791339482.773708,1791339482.792256,1791339482.792256,front_rgbd_red_sphere,False,False,False,DEPTH_FRAME_UNMATCHED,128.1,128.0,1791339482.4130208,1791339482.773708,1791339373.039771,1791339373.039771,1791339373.039771,0.09999999999999432,1791339372.4717689,1791339373.467773,1791339373.3106868,1791339373.467773,1791339373.314687,1791339373.471771,1791339372.4677722,1791339373.467773,1791339372.4717689,1791339373.471771,1791339354.187771,GAZEBO_CLOCK_SYSTEM_INTERPOLATION,MAPPED_EXACT,0,18.852,1791339373.039771,0.01342320442199707,0.0,RGB,0.0,0,1,0,UNCALIBRATED,PREPARATION,UNKNOWN,TURNING,0.0,0,0.0,nan,nan,nan,nan,False,0.0,0.0,0.0,0.0,0,0,0,0,0,0.0,0.0,0.0,0.0,0.0,0.0,0.0,0.0,0.0,0.0,0.0,0.0,0.0,0.0,0.0,0.0,0.0,0.0,0.0,0.0,0.0,0.0,0.0,0.0,0.0,0.0,0.0,0.0,False,CLOCK_REFERENCE_READY,0,128.492,1791339482.779462,nan,nan,nan,nan,nan,nan,nan,nan,nan,nan,nan,nan,nan,nan,nan,nan,nan,nan,nan,nan,nan,nan,nan,nan,nan,nan,nan,nan,nan,nan,nan,nan,nan,nan,nan,nan,nan,nan,nan,nan,nan,nan,nan,nan,nan,nan,nan,True,GEOMETRY_DISABLED,none,MODEL_ORIGIN_FRAME_NOT_ESTABLISHED,nan,nan,nan,nan,nan,nan,nan,nan,nan,nan,nan,nan,nan,NOT_EVALUATED,nan,nan,nan,0.0,BEFORE_HISTORY,nan,nan,nan,nan,nan,nan
0.0,1791339483.0845819,1791339483.0922322,1791339483.0922322,front_rgbd_red_sphere,False,False,False,DEPTH_FRAME_UNMATCHED,128.4,128.3,1791339482.7028837,1791339483.0845819,1791339373.039771,1791339373.039771,1791339373.039771,0.09999999999999432,1791339372.4717689,1791339373.467773,1791339373.3106868,1791339373.467773,1791339373.314687,1791339373.471771,1791339372.4677722,1791339373.467773,1791339372.4717689,1791339373.471771,1791339354.187771,GAZEBO_CLOCK_SYSTEM_INTERPOLATION,MAPPED_EXACT,0,18.852,1791339373.039771,0.01342320442199707,0.0,RGB,0.0,0,1,0,UNCALIBRATED,PREPARATION,UNKNOWN,TURNING,0.0,0,0.0,nan,nan,nan,nan,False,0.0,0.0,0.0,0.0,0,0,0,0,0,0.0,0.0,0.0,0.0,0.0,0.0,0.0,0.0,0.0,0.0,0.0,0.0,0.0,0.0,0.0,0.0,0.0,0.0,0.0,0.0,0.0,0.0,0.0,0.0,0.0,0.0,0.0,0.0,False,CLOCK_REFERENCE_READY,0,128.792,1791339483.0794668,nan,nan,nan,nan,nan,nan,nan,nan,nan,nan,nan,nan,nan,nan,nan,nan,nan,nan,nan,nan,nan,nan,nan,nan,nan,nan,nan,nan,nan,nan,nan,nan,nan,nan,nan,nan,nan,nan,nan,nan,nan,nan,nan,nan,nan,nan,nan,True,GEOMETRY_DISABLED,none,MODEL_ORIGIN_FRAME_NOT_ESTABLISHED,nan,nan,nan,nan,nan,nan,nan,nan,nan,nan,nan,nan,nan,NOT_EVALUATED,nan,nan,nan,0.0,BEFORE_HISTORY,nan,nan,nan,nan,nan,nan
0.0,1791339483.1623995,1791339483.192197,1791339483.192197,front_rgbd_red_sphere,False,False,False,DEPTH_FRAME_UNMATCHED,128.5,128.4,1791339482.8062632,1791339483.1623995,1791339373.039771,1791339373.039771,1791339373.039771,0.09999999999999432,1791339372.4717689,1791339373.467773,1791339373.3106868,1791339373.467773,1791339373.314687,1791339373.471771,1791339372.4677722,1791339373.467773,1791339372.4717689,1791339373.471771,1791339354.187771,GAZEBO_CLOCK_SYSTEM_INTERPOLATION,MAPPED_EXACT,0,18.852,1791339373.039771,0.01342320442199707,0.0,RGB,0.0,0,1,0,UNCALIBRATED,PREPARATION,UNKNOWN,TURNING,0.0,0,0.0,nan,nan,nan,nan,False,0.0,0.0,0.0,0.0,0,0,0,0,0,0.0,0.0,0.0,0.0,0.0,0.0,0.0,0.0,0.0,0.0,0.0,0.0,0.0,0.0,0.0,0.0,0.0,0.0,0.0,0.0,0.0,0.0,0.0,0.0,0.0,0.0,0.0,0.0,False,CLOCK_REFERENCE_READY,0,128.892,1791339483.179462,nan,nan,nan,nan,nan,nan,nan,nan,nan,nan,nan,nan,nan,nan,nan,nan,nan,nan,nan,nan,nan,nan,nan,nan,nan,nan,nan,nan,nan,nan,nan,nan,nan,nan,nan,nan,nan,nan,nan,nan,nan,nan,nan,nan,nan,nan,nan,True,GEOMETRY_DISABLED,none,MODEL_ORIGIN_FRAME_NOT_ESTABLISHED,nan,nan,nan,nan,nan,nan,nan,nan,nan,nan,nan,nan,nan,NOT_EVALUATED,nan,nan,nan,0.0,BEFORE_HISTORY,nan,nan,nan,nan,nan,nan
0.0,1791339483.388961,1791339483.3921328,1791339483.3921328,front_rgbd_red_sphere,False,False,False,DEPTH_FRAME_UNMATCHED,128.7,128.652,1791339483.0138888,1791339483.388961,1791339373.039771,1791339373.039771,1791339373.039771,0.04800000000000182,1791339372.4717689,1791339373.467773,1791339373.3106868,1791339373.467773,1791339373.314687,1791339373.471771,1791339372.4677722,1791339373.467773,1791339372.4717689,1791339373.471771,1791339354.187771,GAZEBO_CLOCK_SYSTEM_INTERPOLATION,MAPPED_EXACT,0,18.852,1791339373.039771,0.01342320442199707,0.0,RGB,0.0,0,1,0,UNCALIBRATED,PREPARATION,UNKNOWN,TURNING,0.0,0,0.0,nan,nan,nan,nan,False,0.0,0.0,0.0,0.0,0,0,0,0,0,0.0,0.0,0.0,0.0,0.0,0.0,0.0,0.0,0.0,0.0,0.0,0.0,0.0,0.0,0.0,0.0,0.0,0.0,0.0,0.0,0.0,0.0,0.0,0.0,0.0,0.0,0.0,0.0,False,CLOCK_REFERENCE_READY,0,129.092,1791339483.3794634,nan,nan,nan,nan,nan,nan,nan,nan,nan,nan,nan,nan,nan,nan,nan,nan,nan,nan,nan,nan,nan,nan,nan,nan,nan,nan,nan,nan,nan,nan,nan,nan,nan,nan,nan,nan,nan,nan,nan,nan,nan,nan,nan,nan,nan,nan,nan,True,GEOMETRY_DISABLED,none,MODEL_ORIGIN_FRAME_NOT_ESTABLISHED,nan,nan,nan,nan,nan,nan,nan,nan,nan,nan,nan,nan,nan,NOT_EVALUATED,nan,nan,nan,0.0,BEFORE_HISTORY,nan,nan,nan,nan,nan,nan
0.0,1791339483.4680035,1791339483.492175,1791339483.492175,front_rgbd_red_sphere,False,False,False,DEPTH_FRAME_UNMATCHED,128.8,128.7,1791339483.104788,1791339483.4680035,1791339373.039771,1791339373.039771,1791339373.039771,0.10000000000002274,1791339372.4717689,1791339373.467773,1791339373.3106868,1791339373.467773,1791339373.314687,1791339373.471771,1791339372.4677722,1791339373.467773,1791339372.4717689,1791339373.471771,1791339354.187771,GAZEBO_CLOCK_SYSTEM_INTERPOLATION,MAPPED_EXACT,0,18.852,1791339373.039771,0.01342320442199707,0.0,RGB,0.0,0,1,0,UNCALIBRATED,PREPARATION,UNKNOWN,TURNING,0.0,0,0.0,nan,nan,nan,nan,False,0.0,0.0,0.0,0.0,0,0,0,0,0,0.0,0.0,0.0,0.0,0.0,0.0,0.0,0.0,0.0,0.0,0.0,0.0,0.0,0.0,0.0,0.0,0.0,0.0,0.0,0.0,0.0,0.0,0.0,0.0,0.0,0.0,0.0,0.0,False,CLOCK_REFERENCE_READY,0,129.192,1791339483.4794676,nan,nan,nan,nan,nan,nan,nan,nan,nan,nan,nan,nan,nan,nan,nan,nan,nan,nan,nan,nan,nan,nan,nan,nan,nan,nan,nan,nan,nan,nan,nan,nan,nan,nan,nan,nan,nan,nan,nan,nan,nan,nan,nan,nan,nan,nan,nan,True,GEOMETRY_DISABLED,none,MODEL_ORIGIN_FRAME_NOT_ESTABLISHED,nan,nan,nan,nan,nan,nan,nan,nan,nan,nan,nan,nan,nan,NOT_EVALUATED,nan,nan,nan,0.0,BEFORE_HISTORY,nan,nan,nan,nan,nan,nan
0.0,1791339483.8870077,1791339483.8922417,1791339483.8922417,front_rgbd_red_sphere,False,False,False,DEPTH_FRAME_UNMATCHED,129.2,129.1,1791339483.5138474,1791339483.8870077,1791339373.039771,1791339373.039771,1791339373.039771,0.09999999999999432,1791339372.4717689,1791339373.467773,1791339373.3106868,1791339373.467773,1791339373.314687,1791339373.471771,1791339372.4677722,1791339373.467773,1791339372.4717689,1791339373.471771,1791339354.187771,GAZEBO_CLOCK_SYSTEM_INTERPOLATION,MAPPED_EXACT,0,18.852,1791339373.039771,0.01342320442199707,0.0,RGB,0.0,0,1,0,UNCALIBRATED,PREPARATION,UNKNOWN,TURNING,0.0,0,0.0,nan,nan,nan,nan,False,0.0,0.0,0.0,0.0,0,0,0,0,0,0.0,0.0,0.0,0.0,0.0,0.0,0.0,0.0,0.0,0.0,0.0,0.0,0.0,0.0,0.0,0.0,0.0,0.0,0.0,0.0,0.0,0.0,0.0,0.0,0.0,0.0,0.0,0.0,False,CLOCK_REFERENCE_READY,0,129.592,1791339483.879473,nan,nan,nan,nan,nan,nan,nan,nan,nan,nan,nan,nan,nan,nan,nan,nan,nan,nan,nan,nan,nan,nan,nan,nan,nan,nan,nan,nan,nan,nan,nan,nan,nan,nan,nan,nan,nan,nan,nan,nan,nan,nan,nan,nan,nan,nan,nan,True,GEOMETRY_DISABLED,none,MODEL_ORIGIN_FRAME_NOT_ESTABLISHED,nan,nan,nan,nan,nan,nan,nan,nan,nan,nan,nan,nan,nan,NOT_EVALUATED,nan,nan,nan,0.0,BEFORE_HISTORY,nan,nan,nan,nan,nan,nan
0.0,1791339484.4903374,1791339484.4922404,1791339484.4922404,front_rgbd_red_sphere,False,False,False,DEPTH_FRAME_UNMATCHED,129.8,129.7,1791339484.1147366,1791339484.4903374,1791339373.039771,1791339373.039771,1791339373.039771,0.10000000000002274,1791339372.4717689,1791339373.467773,1791339373.3106868,1791339373.467773,1791339373.314687,1791339373.471771,1791339372.4677722,1791339373.467773,1791339372.4717689,1791339373.471771,1791339354.187771,GAZEBO_CLOCK_SYSTEM_INTERPOLATION,MAPPED_EXACT,0,18.852,1791339373.039771,0.01342320442199707,0.0,RGB,0.0,0,1,0,UNCALIBRATED,PREPARATION,UNKNOWN,TURNING,0.0,0,0.0,nan,nan,nan,nan,False,0.0,0.0,0.0,0.0,0,0,0,0,0,0.0,0.0,0.0,0.0,0.0,0.0,0.0,0.0,0.0,0.0,0.0,0.0,0.0,0.0,0.0,0.0,0.0,0.0,0.0,0.0,0.0,0.0,0.0,0.0,0.0,0.0,0.0,0.0,False,CLOCK_REFERENCE_READY,0,130.192,1791339484.479477,nan,nan,nan,nan,nan,nan,nan,nan,nan,nan,nan,nan,nan,nan,nan,nan,nan,nan,nan,nan,nan,nan,nan,nan,nan,nan,nan,nan,nan,nan,nan,nan,nan,nan,nan,nan,nan,nan,nan,nan,nan,nan,nan,nan,nan,nan,nan,True,GEOMETRY_DISABLED,none,MODEL_ORIGIN_FRAME_NOT_ESTABLISHED,nan,nan,nan,nan,nan,nan,nan,nan,nan,nan,nan,nan,nan,NOT_EVALUATED,nan,nan,nan,0.0,BEFORE_HISTORY,nan,nan,nan,nan,nan,nan
0.0,1791339484.5670197,1791339484.5922585,1791339484.5922585,front_rgbd_red_sphere,False,False,False,DEPTH_FRAME_UNMATCHED,129.9,129.8,1791339484.2044497,1791339484.5670197,1791339373.039771,1791339373.039771,1791339373.039771,0.09999999999999432,1791339372.4717689,1791339373.467773,1791339373.3106868,1791339373.467773,1791339373.314687,1791339373.471771,1791339372.4677722,1791339373.467773,1791339372.4717689,1791339373.471771,1791339354.187771,GAZEBO_CLOCK_SYSTEM_INTERPOLATION,MAPPED_EXACT,0,18.852,1791339373.039771,0.01342320442199707,0.0,RGB,0.0,0,1,0,UNCALIBRATED,PREPARATION,UNKNOWN,TURNING,0.0,0,0.0,nan,nan,nan,nan,False,0.0,0.0,0.0,0.0,0,0,0,0,0,0.0,0.0,0.0,0.0,0.0,0.0,0.0,0.0,0.0,0.0,0.0,0.0,0.0,0.0,0.0,0.0,0.0,0.0,0.0,0.0,0.0,0.0,0.0,0.0,0.0,0.0,0.0,0.0,False,CLOCK_REFERENCE_READY,0,130.292,1791339484.5794673,nan,nan,nan,nan,nan,nan,nan,nan,nan,nan,nan,nan,nan,nan,nan,nan,nan,nan,nan,nan,nan,nan,nan,nan,nan,nan,nan,nan,nan,nan,nan,nan,nan,nan,nan,nan,nan,nan,nan,nan,nan,nan,nan,nan,nan,nan,nan,True,GEOMETRY_DISABLED,none,MODEL_ORIGIN_FRAME_NOT_ESTABLISHED,nan,nan,nan,nan,nan,nan,nan,nan,nan,nan,nan,nan,nan,NOT_EVALUATED,nan,nan,nan,0.0,BEFORE_HISTORY,nan,nan,nan,nan,nan,nan
0.0,1791339484.8780212,1791339484.8922315,1791339484.8922315,front_rgbd_red_sphere,False,False,False,DEPTH_FRAME_UNMATCHED,130.2,130.1,1791339484.5066955,1791339484.8780212,1791339373.039771,1791339373.039771,1791339373.039771,0.09999999999999432,1791339372.4717689,1791339373.467773,1791339373.3106868,1791339373.467773,1791339373.314687,1791339373.471771,1791339372.4677722,1791339373.467773,1791339372.4717689,1791339373.471771,1791339354.187771,GAZEBO_CLOCK_SYSTEM_INTERPOLATION,MAPPED_EXACT,0,18.852,1791339373.039771,0.01342320442199707,0.0,RGB,0.0,0,1,0,UNCALIBRATED,PREPARATION,UNKNOWN,TURNING,0.0,0,0.0,nan,nan,nan,nan,False,0.0,0.0,0.0,0.0,0,0,0,0,0,0.0,0.0,0.0,0.0,0.0,0.0,0.0,0.0,0.0,0.0,0.0,0.0,0.0,0.0,0.0,0.0,0.0,0.0,0.0,0.0,0.0,0.0,0.0,0.0,0.0,0.0,0.0,0.0,False,CLOCK_REFERENCE_READY,0,130.592,1791339484.8794663,nan,nan,nan,nan,nan,nan,nan,nan,nan,nan,nan,nan,nan,nan,nan,nan,nan,nan,nan,nan,nan,nan,nan,nan,nan,nan,nan,nan,nan,nan,nan,nan,nan,nan,nan,nan,nan,nan,nan,nan,nan,nan,nan,nan,nan,nan,nan,True,GEOMETRY_DISABLED,none,MODEL_ORIGIN_FRAME_NOT_ESTABLISHED,nan,nan,nan,nan,nan,nan,nan,nan,nan,nan,nan,nan,nan,NOT_EVALUATED,nan,nan,nan,0.0,BEFORE_HISTORY,nan,nan,nan,nan,nan,nan
0.0,1791339484.9646406,1791339484.9922013,1791339484.9922013,front_rgbd_red_sphere,False,False,False,DEPTH_FRAME_UNMATCHED,130.3,130.2,1791339484.6032963,1791339484.9646406,1791339373.039771,1791339373.039771,1791339373.039771,0.10000000000002274,1791339372.4717689,1791339373.467773,1791339373.3106868,1791339373.467773,1791339373.314687,1791339373.471771,1791339372.4677722,1791339373.467773,1791339372.4717689,1791339373.471771,1791339354.187771,GAZEBO_CLOCK_SYSTEM_INTERPOLATION,MAPPED_EXACT,0,18.852,1791339373.039771,0.01342320442199707,0.0,RGB,0.0,0,1,0,UNCALIBRATED,PREPARATION,UNKNOWN,TURNING,0.0,0,0.0,nan,nan,nan,nan,False,0.0,0.0,0.0,0.0,0,0,0,0,0,0.0,0.0,0.0,0.0,0.0,0.0,0.0,0.0,0.0,0.0,0.0,0.0,0.0,0.0,0.0,0.0,0.0,0.0,0.0,0.0,0.0,0.0,0.0,0.0,0.0,0.0,0.0,0.0,False,CLOCK_REFERENCE_READY,0,130.692,1791339484.9794743,nan,nan,nan,nan,nan,nan,nan,nan,nan,nan,nan,nan,nan,nan,nan,nan,nan,nan,nan,nan,nan,nan,nan,nan,nan,nan,nan,nan,nan,nan,nan,nan,nan,nan,nan,nan,nan,nan,nan,nan,nan,nan,nan,nan,nan,nan,nan,True,GEOMETRY_DISABLED,none,MODEL_ORIGIN_FRAME_NOT_ESTABLISHED,nan,nan,nan,nan,nan,nan,nan,nan,nan,nan,nan,nan,nan,NOT_EVALUATED,nan,nan,nan,0.0,BEFORE_HISTORY,nan,nan,nan,nan,nan,nan
0.0,1791339485.4617162,1791339485.4922,1791339485.4922,front_rgbd_red_sphere,False,False,False,DEPTH_FRAME_UNMATCHED,130.8,130.7,1791339485.1144521,1791339485.4617162,1791339373.039771,1791339373.039771,1791339373.039771,0.10000000000002274,1791339372.4717689,1791339373.467773,1791339373.3106868,1791339373.467773,1791339373.314687,1791339373.471771,1791339372.4677722,1791339373.467773,1791339372.4717689,1791339373.471771,1791339354.187771,GAZEBO_CLOCK_SYSTEM_INTERPOLATION,MAPPED_EXACT,0,18.852,1791339373.039771,0.01342320442199707,0.0,RGB,0.0,0,1,0,UNCALIBRATED,PREPARATION,UNKNOWN,TURNING,0.0,0,0.0,nan,nan,nan,nan,False,0.0,0.0,0.0,0.0,0,0,0,0,0,0.0,0.0,0.0,0.0,0.0,0.0,0.0,0.0,0.0,0.0,0.0,0.0,0.0,0.0,0.0,0.0,0.0,0.0,0.0,0.0,0.0,0.0,0.0,0.0,0.0,0.0,0.0,0.0,False,CLOCK_REFERENCE_READY,0,131.192,1791339485.4794657,nan,nan,nan,nan,nan,nan,nan,nan,nan,nan,nan,nan,nan,nan,nan,nan,nan,nan,nan,nan,nan,nan,nan,nan,nan,nan,nan,nan,nan,nan,nan,nan,nan,nan,nan,nan,nan,nan,nan,nan,nan,nan,nan,nan,nan,nan,nan,True,GEOMETRY_DISABLED,none,MODEL_ORIGIN_FRAME_NOT_ESTABLISHED,nan,nan,nan,nan,nan,nan,nan,nan,nan,nan,nan,nan,nan,NOT_EVALUATED,nan,nan,nan,0.0,BEFORE_HISTORY,nan,nan,nan,nan,nan,nan
0.0,1791339486.190847,1791339486.192145,1791339486.192145,front_rgbd_red_sphere,False,False,False,DEPTH_FRAME_UNMATCHED,131.5,131.4,1791339485.8069339,1791339486.190847,1791339373.039771,1791339373.039771,1791339373.039771,0.09999999999999432,1791339372.4717689,1791339373.467773,1791339373.3106868,1791339373.467773,1791339373.314687,1791339373.471771,1791339372.4677722,1791339373.467773,1791339372.4717689,1791339373.471771,1791339354.187771,GAZEBO_CLOCK_SYSTEM_INTERPOLATION,MAPPED_EXACT,0,18.852,1791339373.039771,0.01342320442199707,0.0,RGB,0.0,0,1,0,UNCALIBRATED,PREPARATION,UNKNOWN,TURNING,0.0,0,0.0,nan,nan,nan,nan,False,0.0,0.0,0.0,0.0,0,0,0,0,0,0.0,0.0,0.0,0.0,0.0,0.0,0.0,0.0,0.0,0.0,0.0,0.0,0.0,0.0,0.0,0.0,0.0,0.0,0.0,0.0,0.0,0.0,0.0,0.0,0.0,0.0,0.0,0.0,False,CLOCK_REFERENCE_READY,0,131.892,1791339486.1794674,nan,nan,nan,nan,nan,nan,nan,nan,nan,nan,nan,nan,nan,nan,nan,nan,nan,nan,nan,nan,nan,nan,nan,nan,nan,nan,nan,nan,nan,nan,nan,nan,nan,nan,nan,nan,nan,nan,nan,nan,nan,nan,nan,nan,nan,nan,nan,True,GEOMETRY_DISABLED,none,MODEL_ORIGIN_FRAME_NOT_ESTABLISHED,nan,nan,nan,nan,nan,nan,nan,nan,nan,nan,nan,nan,nan,NOT_EVALUATED,nan,nan,nan,0.0,BEFORE_HISTORY,nan,nan,nan,nan,nan,nan
0.0,1791339486.2778533,1791339486.2922425,1791339486.2922425,front_rgbd_red_sphere,False,False,False,DEPTH_FRAME_UNMATCHED,131.6,131.5,1791339485.902833,1791339486.2778533,1791339373.039771,1791339373.039771,1791339373.039771,0.09999999999999432,1791339372.4717689,1791339373.467773,1791339373.3106868,1791339373.467773,1791339373.314687,1791339373.471771,1791339372.4677722,1791339373.467773,1791339372.4717689,1791339373.471771,1791339354.187771,GAZEBO_CLOCK_SYSTEM_INTERPOLATION,MAPPED_EXACT,0,18.852,1791339373.039771,0.01342320442199707,0.0,RGB,0.0,0,1,0,UNCALIBRATED,PREPARATION,UNKNOWN,TURNING,0.0,0,0.0,nan,nan,nan,nan,False,0.0,0.0,0.0,0.0,0,0,0,0,0,0.0,0.0,0.0,0.0,0.0,0.0,0.0,0.0,0.0,0.0,0.0,0.0,0.0,0.0,0.0,0.0,0.0,0.0,0.0,0.0,0.0,0.0,0.0,0.0,0.0,0.0,0.0,0.0,False,CLOCK_REFERENCE_READY,0,131.992,1791339486.2794666,nan,nan,nan,nan,nan,nan,nan,nan,nan,nan,nan,nan,nan,nan,nan,nan,nan,nan,nan,nan,nan,nan,nan,nan,nan,nan,nan,nan,nan,nan,nan,nan,nan,nan,nan,nan,nan,nan,nan,nan,nan,nan,nan,nan,nan,nan,nan,True,GEOMETRY_DISABLED,none,MODEL_ORIGIN_FRAME_NOT_ESTABLISHED,nan,nan,nan,nan,nan,nan,nan,nan,nan,nan,nan,nan,nan,NOT_EVALUATED,nan,nan,nan,0.0,BEFORE_HISTORY,nan,nan,nan,nan,nan,nan
0.0,1791339486.3567088,1791339486.3921866,1791339486.3921866,front_rgbd_red_sphere,False,False,False,DEPTH_FRAME_UNMATCHED,131.7,131.6,1791339486.0036197,1791339486.3567088,1791339373.039771,1791339373.039771,1791339373.039771,0.09999999999999432,1791339372.4717689,1791339373.467773,1791339373.3106868,1791339373.467773,1791339373.314687,1791339373.471771,1791339372.4677722,1791339373.467773,1791339372.4717689,1791339373.471771,1791339354.187771,GAZEBO_CLOCK_SYSTEM_INTERPOLATION,MAPPED_EXACT,0,18.852,1791339373.039771,0.01342320442199707,0.0,RGB,0.0,0,1,0,UNCALIBRATED,PREPARATION,UNKNOWN,TURNING,0.0,0,0.0,nan,nan,nan,nan,False,0.0,0.0,0.0,0.0,0,0,0,0,0,0.0,0.0,0.0,0.0,0.0,0.0,0.0,0.0,0.0,0.0,0.0,0.0,0.0,0.0,0.0,0.0,0.0,0.0,0.0,0.0,0.0,0.0,0.0,0.0,0.0,0.0,0.0,0.0,False,CLOCK_REFERENCE_READY,0,132.092,1791339486.379468,nan,nan,nan,nan,nan,nan,nan,nan,nan,nan,nan,nan,nan,nan,nan,nan,nan,nan,nan,nan,nan,nan,nan,nan,nan,nan,nan,nan,nan,nan,nan,nan,nan,nan,nan,nan,nan,nan,nan,nan,nan,nan,nan,nan,nan,nan,nan,True,GEOMETRY_DISABLED,none,MODEL_ORIGIN_FRAME_NOT_ESTABLISHED,nan,nan,nan,nan,nan,nan,nan,nan,nan,nan,nan,nan,nan,NOT_EVALUATED,nan,nan,nan,0.0,BEFORE_HISTORY,nan,nan,nan,nan,nan,nan
0.0,1791339486.7732701,1791339486.7922678,1791339486.7922678,front_rgbd_red_sphere,False,False,False,DEPTH_FRAME_UNMATCHED,132.1,132.0,1791339486.4034956,1791339486.7732701,1791339373.039771,1791339373.039771,1791339373.039771,0.09999999999999432,1791339372.4717689,1791339373.467773,1791339373.3106868,1791339373.467773,1791339373.314687,1791339373.471771,1791339372.4677722,1791339373.467773,1791339372.4717689,1791339373.471771,1791339354.187771,GAZEBO_CLOCK_SYSTEM_INTERPOLATION,MAPPED_EXACT,0,18.852,1791339373.039771,0.01342320442199707,0.0,RGB,0.0,0,1,0,UNCALIBRATED,PREPARATION,UNKNOWN,TURNING,0.0,0,0.0,nan,nan,nan,nan,False,0.0,0.0,0.0,0.0,0,0,0,0,0,0.0,0.0,0.0,0.0,0.0,0.0,0.0,0.0,0.0,0.0,0.0,0.0,0.0,0.0,0.0,0.0,0.0,0.0,0.0,0.0,0.0,0.0,0.0,0.0,0.0,0.0,0.0,0.0,False,CLOCK_REFERENCE_READY,0,132.492,1791339486.7794628,nan,nan,nan,nan,nan,nan,nan,nan,nan,nan,nan,nan,nan,nan,nan,nan,nan,nan,nan,nan,nan,nan,nan,nan,nan,nan,nan,nan,nan,nan,nan,nan,nan,nan,nan,nan,nan,nan,nan,nan,nan,nan,nan,nan,nan,nan,nan,True,GEOMETRY_DISABLED,none,MODEL_ORIGIN_FRAME_NOT_ESTABLISHED,nan,nan,nan,nan,nan,nan,nan,nan,nan,nan,nan,nan,nan,NOT_EVALUATED,nan,nan,nan,0.0,BEFORE_HISTORY,nan,nan,nan,nan,nan,nan
0.0,1791339487.0874257,1791339487.0922241,1791339487.0922241,front_rgbd_red_sphere,False,False,False,DEPTH_FRAME_UNMATCHED,132.4,132.3,1791339486.7040374,1791339487.0874257,1791339373.039771,1791339373.039771,1791339373.039771,0.09999999999999432,1791339372.4717689,1791339373.467773,1791339373.3106868,1791339373.467773,1791339373.314687,1791339373.471771,1791339372.4677722,1791339373.467773,1791339372.4717689,1791339373.471771,1791339354.187771,GAZEBO_CLOCK_SYSTEM_INTERPOLATION,MAPPED_EXACT,0,18.852,1791339373.039771,0.01342320442199707,0.0,RGB,0.0,0,1,0,UNCALIBRATED,PREPARATION,UNKNOWN,TURNING,0.0,0,0.0,nan,nan,nan,nan,False,0.0,0.0,0.0,0.0,0,0,0,0,0,0.0,0.0,0.0,0.0,0.0,0.0,0.0,0.0,0.0,0.0,0.0,0.0,0.0,0.0,0.0,0.0,0.0,0.0,0.0,0.0,0.0,0.0,0.0,0.0,0.0,0.0,0.0,0.0,False,CLOCK_REFERENCE_READY,0,132.792,1791339487.0794747,nan,nan,nan,nan,nan,nan,nan,nan,nan,nan,nan,nan,nan,nan,nan,nan,nan,nan,nan,nan,nan,nan,nan,nan,nan,nan,nan,nan,nan,nan,nan,nan,nan,nan,nan,nan,nan,nan,nan,nan,nan,nan,nan,nan,nan,nan,nan,True,GEOMETRY_DISABLED,none,MODEL_ORIGIN_FRAME_NOT_ESTABLISHED,nan,nan,nan,nan,nan,nan,nan,nan,nan,nan,nan,nan,nan,NOT_EVALUATED,nan,nan,nan,0.0,BEFORE_HISTORY,nan,nan,nan,nan,nan,nan
0.0,1791339487.1636996,1791339487.192206,1791339487.192206,front_rgbd_red_sphere,False,False,False,DEPTH_FRAME_UNMATCHED,132.5,132.4,1791339486.8077426,1791339487.1636996,1791339373.039771,1791339373.039771,1791339373.039771,0.09999999999999432,1791339372.4717689,1791339373.467773,1791339373.3106868,1791339373.467773,1791339373.314687,1791339373.471771,1791339372.4677722,1791339373.467773,1791339372.4717689,1791339373.471771,1791339354.187771,GAZEBO_CLOCK_SYSTEM_INTERPOLATION,MAPPED_EXACT,0,18.852,1791339373.039771,0.01342320442199707,0.0,RGB,0.0,0,1,0,UNCALIBRATED,PREPARATION,UNKNOWN,TURNING,0.0,0,0.0,nan,nan,nan,nan,False,0.0,0.0,0.0,0.0,0,0,0,0,0,0.0,0.0,0.0,0.0,0.0,0.0,0.0,0.0,0.0,0.0,0.0,0.0,0.0,0.0,0.0,0.0,0.0,0.0,0.0,0.0,0.0,0.0,0.0,0.0,0.0,0.0,0.0,0.0,False,CLOCK_REFERENCE_READY,0,132.892,1791339487.179467,nan,nan,nan,nan,nan,nan,nan,nan,nan,nan,nan,nan,nan,nan,nan,nan,nan,nan,nan,nan,nan,nan,nan,nan,nan,nan,nan,nan,nan,nan,nan,nan,nan,nan,nan,nan,nan,nan,nan,nan,nan,nan,nan,nan,nan,nan,nan,True,GEOMETRY_DISABLED,none,MODEL_ORIGIN_FRAME_NOT_ESTABLISHED,nan,nan,nan,nan,nan,nan,nan,nan,nan,nan,nan,nan,nan,NOT_EVALUATED,nan,nan,nan,0.0,BEFORE_HISTORY,nan,nan,nan,nan,nan,nan
0.0,1791339487.3916848,1791339487.3923235,1791339487.3923235,front_rgbd_red_sphere,False,False,False,DEPTH_FRAME_UNMATCHED,132.7,132.652,1791339487.0057704,1791339487.3916848,1791339373.039771,1791339373.039771,1791339373.039771,0.04800000000000182,1791339372.4717689,1791339373.467773,1791339373.3106868,1791339373.467773,1791339373.314687,1791339373.471771,1791339372.4677722,1791339373.467773,1791339372.4717689,1791339373.471771,1791339354.187771,GAZEBO_CLOCK_SYSTEM_INTERPOLATION,MAPPED_EXACT,0,18.852,1791339373.039771,0.01342320442199707,0.0,RGB,0.0,0,1,0,UNCALIBRATED,PREPARATION,UNKNOWN,TURNING,0.0,0,0.0,nan,nan,nan,nan,False,0.0,0.0,0.0,0.0,0,0,0,0,0,0.0,0.0,0.0,0.0,0.0,0.0,0.0,0.0,0.0,0.0,0.0,0.0,0.0,0.0,0.0,0.0,0.0,0.0,0.0,0.0,0.0,0.0,0.0,0.0,0.0,0.0,0.0,0.0,False,CLOCK_REFERENCE_READY,0,133.092,1791339487.3794615,nan,nan,nan,nan,nan,nan,nan,nan,nan,nan,nan,nan,nan,nan,nan,nan,nan,nan,nan,nan,nan,nan,nan,nan,nan,nan,nan,nan,nan,nan,nan,nan,nan,nan,nan,nan,nan,nan,nan,nan,nan,nan,nan,nan,nan,nan,nan,True,GEOMETRY_DISABLED,none,MODEL_ORIGIN_FRAME_NOT_ESTABLISHED,nan,nan,nan,nan,nan,nan,nan,nan,nan,nan,nan,nan,nan,NOT_EVALUATED,nan,nan,nan,0.0,BEFORE_HISTORY,nan,nan,nan,nan,nan,nan
0.0,1791339487.4677067,1791339487.4922407,1791339487.4922407,front_rgbd_red_sphere,False,False,False,DEPTH_FRAME_UNMATCHED,132.8,132.7,1791339487.102312,1791339487.4677067,1791339373.039771,1791339373.039771,1791339373.039771,0.10000000000002274,1791339372.4717689,1791339373.467773,1791339373.3106868,1791339373.467773,1791339373.314687,1791339373.471771,1791339372.4677722,1791339373.467773,1791339372.4717689,1791339373.471771,1791339354.187771,GAZEBO_CLOCK_SYSTEM_INTERPOLATION,MAPPED_EXACT,0,18.852,1791339373.039771,0.01342320442199707,0.0,RGB,0.0,0,1,0,UNCALIBRATED,PREPARATION,UNKNOWN,TURNING,0.0,0,0.0,nan,nan,nan,nan,False,0.0,0.0,0.0,0.0,0,0,0,0,0,0.0,0.0,0.0,0.0,0.0,0.0,0.0,0.0,0.0,0.0,0.0,0.0,0.0,0.0,0.0,0.0,0.0,0.0,0.0,0.0,0.0,0.0,0.0,0.0,0.0,0.0,0.0,0.0,False,CLOCK_REFERENCE_READY,0,133.192,1791339487.4794652,nan,nan,nan,nan,nan,nan,nan,nan,nan,nan,nan,nan,nan,nan,nan,nan,nan,nan,nan,nan,nan,nan,nan,nan,nan,nan,nan,nan,nan,nan,nan,nan,nan,nan,nan,nan,nan,nan,nan,nan,nan,nan,nan,nan,nan,nan,nan,True,GEOMETRY_DISABLED,none,MODEL_ORIGIN_FRAME_NOT_ESTABLISHED,nan,nan,nan,nan,nan,nan,nan,nan,nan,nan,nan,nan,nan,NOT_EVALUATED,nan,nan,nan,0.0,BEFORE_HISTORY,nan,nan,nan,nan,nan,nan
0.0,1791339487.77855,1791339487.7923553,1791339487.7923553,front_rgbd_red_sphere,False,False,False,DEPTH_FRAME_UNMATCHED,133.1,133.0,1791339487.404629,1791339487.77855,1791339373.039771,1791339373.039771,1791339373.039771,0.09999999999999432,1791339372.4717689,1791339373.467773,1791339373.3106868,1791339373.467773,1791339373.314687,1791339373.471771,1791339372.4677722,1791339373.467773,1791339372.4717689,1791339373.471771,1791339354.187771,GAZEBO_CLOCK_SYSTEM_INTERPOLATION,MAPPED_EXACT,0,18.852,1791339373.039771,0.01342320442199707,0.0,RGB,0.0,0,1,0,UNCALIBRATED,PREPARATION,UNKNOWN,TURNING,0.0,0,0.0,nan,nan,nan,nan,False,0.0,0.0,0.0,0.0,0,0,0,0,0,0.0,0.0,0.0,0.0,0.0,0.0,0.0,0.0,0.0,0.0,0.0,0.0,0.0,0.0,0.0,0.0,0.0,0.0,0.0,0.0,0.0,0.0,0.0,0.0,0.0,0.0,0.0,0.0,False,CLOCK_REFERENCE_READY,0,133.492,1791339487.7794816,nan,nan,nan,nan,nan,nan,nan,nan,nan,nan,nan,nan,nan,nan,nan,nan,nan,nan,nan,nan,nan,nan,nan,nan,nan,nan,nan,nan,nan,nan,nan,nan,nan,nan,nan,nan,nan,nan,nan,nan,nan,nan,nan,nan,nan,nan,nan,True,GEOMETRY_DISABLED,none,MODEL_ORIGIN_FRAME_NOT_ESTABLISHED,nan,nan,nan,nan,nan,nan,nan,nan,nan,nan,nan,nan,nan,NOT_EVALUATED,nan,nan,nan,0.0,BEFORE_HISTORY,nan,nan,nan,nan,nan,nan
0.0,1791339487.8583312,1791339487.8922493,1791339487.8922493,front_rgbd_red_sphere,False,False,False,DEPTH_FRAME_UNMATCHED,133.2,133.1,1791339487.51374,1791339487.8583312,1791339373.039771,1791339373.039771,1791339373.039771,0.09999999999999432,1791339372.4717689,1791339373.467773,1791339373.3106868,1791339373.467773,1791339373.314687,1791339373.471771,1791339372.4677722,1791339373.467773,1791339372.4717689,1791339373.471771,1791339354.187771,GAZEBO_CLOCK_SYSTEM_INTERPOLATION,MAPPED_EXACT,0,18.852,1791339373.039771,0.01342320442199707,0.0,RGB,0.0,0,1,0,UNCALIBRATED,PREPARATION,UNKNOWN,TURNING,0.0,0,0.0,nan,nan,nan,nan,False,0.0,0.0,0.0,0.0,0,0,0,0,0,0.0,0.0,0.0,0.0,0.0,0.0,0.0,0.0,0.0,0.0,0.0,0.0,0.0,0.0,0.0,0.0,0.0,0.0,0.0,0.0,0.0,0.0,0.0,0.0,0.0,0.0,0.0,0.0,False,CLOCK_REFERENCE_READY,0,133.592,1791339487.879467,nan,nan,nan,nan,nan,nan,nan,nan,nan,nan,nan,nan,nan,nan,nan,nan,nan,nan,nan,nan,nan,nan,nan,nan,nan,nan,nan,nan,nan,nan,nan,nan,nan,nan,nan,nan,nan,nan,nan,nan,nan,nan,nan,nan,nan,nan,nan,True,GEOMETRY_DISABLED,none,MODEL_ORIGIN_FRAME_NOT_ESTABLISHED,nan,nan,nan,nan,nan,nan,nan,nan,nan,nan,nan,nan,nan,NOT_EVALUATED,nan,nan,nan,0.0,BEFORE_HISTORY,nan,nan,nan,nan,nan,nan
0.0,1791339488.0815964,1791339488.0921667,1791339488.0921667,front_rgbd_red_sphere,False,False,False,DEPTH_FRAME_UNMATCHED,133.4,133.352,1791339487.71283,1791339488.0815964,1791339373.039771,1791339373.039771,1791339373.039771,0.04800000000000182,1791339372.4717689,1791339373.467773,1791339373.3106868,1791339373.467773,1791339373.314687,1791339373.471771,1791339372.4677722,1791339373.467773,1791339372.4717689,1791339373.471771,1791339354.187771,GAZEBO_CLOCK_SYSTEM_INTERPOLATION,MAPPED_EXACT,0,18.852,1791339373.039771,0.01342320442199707,0.0,RGB,0.0,0,1,0,UNCALIBRATED,PREPARATION,UNKNOWN,TURNING,0.0,0,0.0,nan,nan,nan,nan,False,0.0,0.0,0.0,0.0,0,0,0,0,0,0.0,0.0,0.0,0.0,0.0,0.0,0.0,0.0,0.0,0.0,0.0,0.0,0.0,0.0,0.0,0.0,0.0,0.0,0.0,0.0,0.0,0.0,0.0,0.0,0.0,0.0,0.0,0.0,False,CLOCK_REFERENCE_READY,0,133.792,1791339488.079465,nan,nan,nan,nan,nan,nan,nan,nan,nan,nan,nan,nan,nan,nan,nan,nan,nan,nan,nan,nan,nan,nan,nan,nan,nan,nan,nan,nan,nan,nan,nan,nan,nan,nan,nan,nan,nan,nan,nan,nan,nan,nan,nan,nan,nan,nan,nan,True,GEOMETRY_DISABLED,none,MODEL_ORIGIN_FRAME_NOT_ESTABLISHED,nan,nan,nan,nan,nan,nan,nan,nan,nan,nan,nan,nan,nan,NOT_EVALUATED,nan,nan,nan,0.0,BEFORE_HISTORY,nan,nan,nan,nan,nan,nan
0.0,1791339488.481096,1791339488.492177,1791339488.492177,front_rgbd_red_sphere,False,False,False,DEPTH_FRAME_UNMATCHED,133.8,133.7,1791339488.1029372,1791339488.481096,1791339373.039771,1791339373.039771,1791339373.039771,0.10000000000002274,1791339372.4717689,1791339373.467773,1791339373.3106868,1791339373.467773,1791339373.314687,1791339373.471771,1791339372.4677722,1791339373.467773,1791339372.4717689,1791339373.471771,1791339354.187771,GAZEBO_CLOCK_SYSTEM_INTERPOLATION,MAPPED_EXACT,0,18.852,1791339373.039771,0.01342320442199707,0.0,RGB,0.0,0,1,0,UNCALIBRATED,PREPARATION,UNKNOWN,TURNING,0.0,0,0.0,nan,nan,nan,nan,False,0.0,0.0,0.0,0.0,0,0,0,0,0,0.0,0.0,0.0,0.0,0.0,0.0,0.0,0.0,0.0,0.0,0.0,0.0,0.0,0.0,0.0,0.0,0.0,0.0,0.0,0.0,0.0,0.0,0.0,0.0,0.0,0.0,0.0,0.0,False,CLOCK_REFERENCE_READY,0,134.192,1791339488.4794667,nan,nan,nan,nan,nan,nan,nan,nan,nan,nan,nan,nan,nan,nan,nan,nan,nan,nan,nan,nan,nan,nan,nan,nan,nan,nan,nan,nan,nan,nan,nan,nan,nan,nan,nan,nan,nan,nan,nan,nan,nan,nan,nan,nan,nan,nan,nan,True,GEOMETRY_DISABLED,none,MODEL_ORIGIN_FRAME_NOT_ESTABLISHED,nan,nan,nan,nan,nan,nan,nan,nan,nan,nan,nan,nan,nan,NOT_EVALUATED,nan,nan,nan,0.0,BEFORE_HISTORY,nan,nan,nan,nan,nan,nan
0.0,1791339488.985612,1791339488.9922855,1791339488.9922855,front_rgbd_red_sphere,False,False,False,DEPTH_FRAME_UNMATCHED,134.3,134.2,1791339488.603667,1791339488.985612,1791339373.039771,1791339373.039771,1791339373.039771,0.10000000000002274,1791339372.4717689,1791339373.467773,1791339373.3106868,1791339373.467773,1791339373.314687,1791339373.471771,1791339372.4677722,1791339373.467773,1791339372.4717689,1791339373.471771,1791339354.187771,GAZEBO_CLOCK_SYSTEM_INTERPOLATION,MAPPED_EXACT,0,18.852,1791339373.039771,0.01342320442199707,0.0,RGB,0.0,0,1,0,UNCALIBRATED,PREPARATION,UNKNOWN,TURNING,0.0,0,0.0,nan,nan,nan,nan,False,0.0,0.0,0.0,0.0,0,0,0,0,0,0.0,0.0,0.0,0.0,0.0,0.0,0.0,0.0,0.0,0.0,0.0,0.0,0.0,0.0,0.0,0.0,0.0,0.0,0.0,0.0,0.0,0.0,0.0,0.0,0.0,0.0,0.0,0.0,False,CLOCK_REFERENCE_READY,0,134.692,1791339488.9794686,nan,nan,nan,nan,nan,nan,nan,nan,nan,nan,nan,nan,nan,nan,nan,nan,nan,nan,nan,nan,nan,nan,nan,nan,nan,nan,nan,nan,nan,nan,nan,nan,nan,nan,nan,nan,nan,nan,nan,nan,nan,nan,nan,nan,nan,nan,nan,True,GEOMETRY_DISABLED,none,MODEL_ORIGIN_FRAME_NOT_ESTABLISHED,nan,nan,nan,nan,nan,nan,nan,nan,nan,nan,nan,nan,nan,NOT_EVALUATED,nan,nan,nan,0.0,BEFORE_HISTORY,nan,nan,nan,nan,nan,nan
0.0,1791339489.0762784,1791339489.0922515,1791339489.0922515,front_rgbd_red_sphere,False,False,False,DEPTH_FRAME_UNMATCHED,134.4,134.3,1791339488.7036276,1791339489.0762784,1791339373.039771,1791339373.039771,1791339373.039771,0.09999999999999432,1791339372.4717689,1791339373.467773,1791339373.3106868,1791339373.467773,1791339373.314687,1791339373.471771,1791339372.4677722,1791339373.467773,1791339372.4717689,1791339373.471771,1791339354.187771,GAZEBO_CLOCK_SYSTEM_INTERPOLATION,MAPPED_EXACT,0,18.852,1791339373.039771,0.01342320442199707,0.0,RGB,0.0,0,1,0,UNCALIBRATED,PREPARATION,UNKNOWN,TURNING,0.0,0,0.0,nan,nan,nan,nan,False,0.0,0.0,0.0,0.0,0,0,0,0,0,0.0,0.0,0.0,0.0,0.0,0.0,0.0,0.0,0.0,0.0,0.0,0.0,0.0,0.0,0.0,0.0,0.0,0.0,0.0,0.0,0.0,0.0,0.0,0.0,0.0,0.0,0.0,0.0,False,CLOCK_REFERENCE_READY,0,134.792,1791339489.079479,nan,nan,nan,nan,nan,nan,nan,nan,nan,nan,nan,nan,nan,nan,nan,nan,nan,nan,nan,nan,nan,nan,nan,nan,nan,nan,nan,nan,nan,nan,nan,nan,nan,nan,nan,nan,nan,nan,nan,nan,nan,nan,nan,nan,nan,nan,nan,True,GEOMETRY_DISABLED,none,MODEL_ORIGIN_FRAME_NOT_ESTABLISHED,nan,nan,nan,nan,nan,nan,nan,nan,nan,nan,nan,nan,nan,NOT_EVALUATED,nan,nan,nan,0.0,BEFORE_HISTORY,nan,nan,nan,nan,nan,nan
0.0,1791339489.1759806,1791339489.1922882,1791339489.1922882,front_rgbd_red_sphere,False,False,False,DEPTH_FRAME_UNMATCHED,134.5,134.4,1791339488.804178,1791339489.1759806,1791339373.039771,1791339373.039771,1791339373.039771,0.09999999999999432,1791339372.4717689,1791339373.467773,1791339373.3106868,1791339373.467773,1791339373.314687,1791339373.471771,1791339372.4677722,1791339373.467773,1791339372.4717689,1791339373.471771,1791339354.187771,GAZEBO_CLOCK_SYSTEM_INTERPOLATION,MAPPED_EXACT,0,18.852,1791339373.039771,0.01342320442199707,0.0,RGB,0.0,0,1,0,UNCALIBRATED,PREPARATION,UNKNOWN,TURNING,0.0,0,0.0,nan,nan,nan,nan,False,0.0,0.0,0.0,0.0,0,0,0,0,0,0.0,0.0,0.0,0.0,0.0,0.0,0.0,0.0,0.0,0.0,0.0,0.0,0.0,0.0,0.0,0.0,0.0,0.0,0.0,0.0,0.0,0.0,0.0,0.0,0.0,0.0,0.0,0.0,False,CLOCK_REFERENCE_READY,0,134.892,1791339489.1794667,nan,nan,nan,nan,nan,nan,nan,nan,nan,nan,nan,nan,nan,nan,nan,nan,nan,nan,nan,nan,nan,nan,nan,nan,nan,nan,nan,nan,nan,nan,nan,nan,nan,nan,nan,nan,nan,nan,nan,nan,nan,nan,nan,nan,nan,nan,nan,True,GEOMETRY_DISABLED,none,MODEL_ORIGIN_FRAME_NOT_ESTABLISHED,nan,nan,nan,nan,nan,nan,nan,nan,nan,nan,nan,nan,nan,NOT_EVALUATED,nan,nan,nan,0.0,BEFORE_HISTORY,nan,nan,nan,nan,nan,nan
0.0,1791339489.3674152,1791339489.392276,1791339489.392276,front_rgbd_red_sphere,False,False,False,DEPTH_FRAME_UNMATCHED,134.7,134.552,1791339489.0158815,1791339489.3674152,1791339373.039771,1791339373.039771,1791339373.039771,0.14799999999999613,1791339372.4717689,1791339373.467773,1791339373.3106868,1791339373.467773,1791339373.314687,1791339373.471771,1791339372.4677722,1791339373.467773,1791339372.4717689,1791339373.471771,1791339354.187771,GAZEBO_CLOCK_SYSTEM_INTERPOLATION,MAPPED_EXACT,0,18.852,1791339373.039771,0.01342320442199707,0.0,RGB,0.0,0,1,0,UNCALIBRATED,PREPARATION,UNKNOWN,TURNING,0.0,0,0.0,nan,nan,nan,nan,False,0.0,0.0,0.0,0.0,0,0,0,0,0,0.0,0.0,0.0,0.0,0.0,0.0,0.0,0.0,0.0,0.0,0.0,0.0,0.0,0.0,0.0,0.0,0.0,0.0,0.0,0.0,0.0,0.0,0.0,0.0,0.0,0.0,0.0,0.0,False,CLOCK_REFERENCE_READY,0,135.092,1791339489.3794675,nan,nan,nan,nan,nan,nan,nan,nan,nan,nan,nan,nan,nan,nan,nan,nan,nan,nan,nan,nan,nan,nan,nan,nan,nan,nan,nan,nan,nan,nan,nan,nan,nan,nan,nan,nan,nan,nan,nan,nan,nan,nan,nan,nan,nan,nan,nan,True,GEOMETRY_DISABLED,none,MODEL_ORIGIN_FRAME_NOT_ESTABLISHED,nan,nan,nan,nan,nan,nan,nan,nan,nan,nan,nan,nan,nan,NOT_EVALUATED,nan,nan,nan,0.0,BEFORE_HISTORY,nan,nan,nan,nan,nan,nan
0.0,1791339489.6727123,1791339489.6922436,1791339489.6922436,front_rgbd_red_sphere,False,False,False,DEPTH_FRAME_UNMATCHED,135.0,134.9,1791339489.3044276,1791339489.6727123,1791339373.039771,1791339373.039771,1791339373.039771,0.09999999999999432,1791339372.4717689,1791339373.467773,1791339373.3106868,1791339373.467773,1791339373.314687,1791339373.471771,1791339372.4677722,1791339373.467773,1791339372.4717689,1791339373.471771,1791339354.187771,GAZEBO_CLOCK_SYSTEM_INTERPOLATION,MAPPED_EXACT,0,18.852,1791339373.039771,0.01342320442199707,0.0,RGB,0.0,0,1,0,UNCALIBRATED,PREPARATION,UNKNOWN,TURNING,0.0,0,0.0,nan,nan,nan,nan,False,0.0,0.0,0.0,0.0,0,0,0,0,0,0.0,0.0,0.0,0.0,0.0,0.0,0.0,0.0,0.0,0.0,0.0,0.0,0.0,0.0,0.0,0.0,0.0,0.0,0.0,0.0,0.0,0.0,0.0,0.0,0.0,0.0,0.0,0.0,False,CLOCK_REFERENCE_READY,0,135.392,1791339489.6794636,nan,nan,nan,nan,nan,nan,nan,nan,nan,nan,nan,nan,nan,nan,nan,nan,nan,nan,nan,nan,nan,nan,nan,nan,nan,nan,nan,nan,nan,nan,nan,nan,nan,nan,nan,nan,nan,nan,nan,nan,nan,nan,nan,nan,nan,nan,nan,True,GEOMETRY_DISABLED,none,MODEL_ORIGIN_FRAME_NOT_ESTABLISHED,nan,nan,nan,nan,nan,nan,nan,nan,nan,nan,nan,nan,nan,NOT_EVALUATED,nan,nan,nan,0.0,BEFORE_HISTORY,nan,nan,nan,nan,nan,nan
0.0,1791339489.7844932,1791339489.792267,1791339489.792267,front_rgbd_red_sphere,False,False,False,DEPTH_FRAME_UNMATCHED,135.1,135.0,1791339489.413793,1791339489.7844932,1791339373.039771,1791339373.039771,1791339373.039771,0.09999999999999432,1791339372.4717689,1791339373.467773,1791339373.3106868,1791339373.467773,1791339373.314687,1791339373.471771,1791339372.4677722,1791339373.467773,1791339372.4717689,1791339373.471771,1791339354.187771,GAZEBO_CLOCK_SYSTEM_INTERPOLATION,MAPPED_EXACT,0,18.852,1791339373.039771,0.01342320442199707,0.0,RGB,0.0,0,1,0,UNCALIBRATED,PREPARATION,UNKNOWN,TURNING,0.0,0,0.0,nan,nan,nan,nan,False,0.0,0.0,0.0,0.0,0,0,0,0,0,0.0,0.0,0.0,0.0,0.0,0.0,0.0,0.0,0.0,0.0,0.0,0.0,0.0,0.0,0.0,0.0,0.0,0.0,0.0,0.0,0.0,0.0,0.0,0.0,0.0,0.0,0.0,0.0,False,CLOCK_REFERENCE_READY,0,135.492,1791339489.7794647,nan,nan,nan,nan,nan,nan,nan,nan,nan,nan,nan,nan,nan,nan,nan,nan,nan,nan,nan,nan,nan,nan,nan,nan,nan,nan,nan,nan,nan,nan,nan,nan,nan,nan,nan,nan,nan,nan,nan,nan,nan,nan,nan,nan,nan,nan,nan,True,GEOMETRY_DISABLED,none,MODEL_ORIGIN_FRAME_NOT_ESTABLISHED,nan,nan,nan,nan,nan,nan,nan,nan,nan,nan,nan,nan,nan,NOT_EVALUATED,nan,nan,nan,0.0,BEFORE_HISTORY,nan,nan,nan,nan,nan,nan
0.0,1791339489.8822079,1791339489.8922145,1791339489.8922145,front_rgbd_red_sphere,False,False,False,DEPTH_FRAME_UNMATCHED,135.2,135.1,1791339489.5050387,1791339489.8822079,1791339373.039771,1791339373.039771,1791339373.039771,0.09999999999999432,1791339372.4717689,1791339373.467773,1791339373.3106868,1791339373.467773,1791339373.314687,1791339373.471771,1791339372.4677722,1791339373.467773,1791339372.4717689,1791339373.471771,1791339354.187771,GAZEBO_CLOCK_SYSTEM_INTERPOLATION,MAPPED_EXACT,0,18.852,1791339373.039771,0.01342320442199707,0.0,RGB,0.0,0,1,0,UNCALIBRATED,PREPARATION,UNKNOWN,TURNING,0.0,0,0.0,nan,nan,nan,nan,False,0.0,0.0,0.0,0.0,0,0,0,0,0,0.0,0.0,0.0,0.0,0.0,0.0,0.0,0.0,0.0,0.0,0.0,0.0,0.0,0.0,0.0,0.0,0.0,0.0,0.0,0.0,0.0,0.0,0.0,0.0,0.0,0.0,0.0,0.0,False,CLOCK_REFERENCE_READY,0,135.592,1791339489.8794653,nan,nan,nan,nan,nan,nan,nan,nan,nan,nan,nan,nan,nan,nan,nan,nan,nan,nan,nan,nan,nan,nan,nan,nan,nan,nan,nan,nan,nan,nan,nan,nan,nan,nan,nan,nan,nan,nan,nan,nan,nan,nan,nan,nan,nan,nan,nan,True,GEOMETRY_DISABLED,none,MODEL_ORIGIN_FRAME_NOT_ESTABLISHED,nan,nan,nan,nan,nan,nan,nan,nan,nan,nan,nan,nan,nan,NOT_EVALUATED,nan,nan,nan,0.0,BEFORE_HISTORY,nan,nan,nan,nan,nan,nan
0.0,1791339489.961013,1791339489.992292,1791339489.992292,front_rgbd_red_sphere,False,False,False,DEPTH_FRAME_UNMATCHED,135.3,135.2,1791339489.6039553,1791339489.961013,1791339373.039771,1791339373.039771,1791339373.039771,0.10000000000002274,1791339372.4717689,1791339373.467773,1791339373.3106868,1791339373.467773,1791339373.314687,1791339373.471771,1791339372.4677722,1791339373.467773,1791339372.4717689,1791339373.471771,1791339354.187771,GAZEBO_CLOCK_SYSTEM_INTERPOLATION,MAPPED_EXACT,0,18.852,1791339373.039771,0.01342320442199707,0.0,RGB,0.0,0,1,0,UNCALIBRATED,PREPARATION,UNKNOWN,TURNING,0.0,0,0.0,nan,nan,nan,nan,False,0.0,0.0,0.0,0.0,0,0,0,0,0,0.0,0.0,0.0,0.0,0.0,0.0,0.0,0.0,0.0,0.0,0.0,0.0,0.0,0.0,0.0,0.0,0.0,0.0,0.0,0.0,0.0,0.0,0.0,0.0,0.0,0.0,0.0,0.0,False,CLOCK_REFERENCE_READY,0,135.692,1791339489.9794638,nan,nan,nan,nan,nan,nan,nan,nan,nan,nan,nan,nan,nan,nan,nan,nan,nan,nan,nan,nan,nan,nan,nan,nan,nan,nan,nan,nan,nan,nan,nan,nan,nan,nan,nan,nan,nan,nan,nan,nan,nan,nan,nan,nan,nan,nan,nan,True,GEOMETRY_DISABLED,none,MODEL_ORIGIN_FRAME_NOT_ESTABLISHED,nan,nan,nan,nan,nan,nan,nan,nan,nan,nan,nan,nan,nan,NOT_EVALUATED,nan,nan,nan,0.0,BEFORE_HISTORY,nan,nan,nan,nan,nan,nan
0.0,1791339490.3919501,1791339490.3926554,1791339490.3926554,front_rgbd_red_sphere,False,False,False,DEPTH_FRAME_UNMATCHED,135.7,135.6,1791339490.0027833,1791339490.3919501,1791339373.039771,1791339373.039771,1791339373.039771,0.09999999999999432,1791339372.4717689,1791339373.467773,1791339373.3106868,1791339373.467773,1791339373.314687,1791339373.471771,1791339372.4677722,1791339373.467773,1791339372.4717689,1791339373.471771,1791339354.187771,GAZEBO_CLOCK_SYSTEM_INTERPOLATION,MAPPED_EXACT,0,18.852,1791339373.039771,0.01342320442199707,0.0,RGB,0.0,0,1,0,UNCALIBRATED,PREPARATION,UNKNOWN,TURNING,0.0,0,0.0,nan,nan,nan,nan,False,0.0,0.0,0.0,0.0,0,0,0,0,0,0.0,0.0,0.0,0.0,0.0,0.0,0.0,0.0,0.0,0.0,0.0,0.0,0.0,0.0,0.0,0.0,0.0,0.0,0.0,0.0,0.0,0.0,0.0,0.0,0.0,0.0,0.0,0.0,False,CLOCK_REFERENCE_READY,0,136.092,1791339490.379469,nan,nan,nan,nan,nan,nan,nan,nan,nan,nan,nan,nan,nan,nan,nan,nan,nan,nan,nan,nan,nan,nan,nan,nan,nan,nan,nan,nan,nan,nan,nan,nan,nan,nan,nan,nan,nan,nan,nan,nan,nan,nan,nan,nan,nan,nan,nan,True,GEOMETRY_DISABLED,none,MODEL_ORIGIN_FRAME_NOT_ESTABLISHED,nan,nan,nan,nan,nan,nan,nan,nan,nan,nan,nan,nan,nan,NOT_EVALUATED,nan,nan,nan,0.0,BEFORE_HISTORY,nan,nan,nan,nan,nan,nan
0.0,1791339490.491001,1791339490.4922717,1791339490.4922717,front_rgbd_red_sphere,False,False,False,DEPTH_FRAME_UNMATCHED,135.8,135.7,1791339490.1037912,1791339490.491001,1791339373.039771,1791339373.039771,1791339373.039771,0.10000000000002274,1791339372.4717689,1791339373.467773,1791339373.3106868,1791339373.467773,1791339373.314687,1791339373.471771,1791339372.4677722,1791339373.467773,1791339372.4717689,1791339373.471771,1791339354.187771,GAZEBO_CLOCK_SYSTEM_INTERPOLATION,MAPPED_EXACT,0,18.852,1791339373.039771,0.01342320442199707,0.0,RGB,0.0,0,1,0,UNCALIBRATED,PREPARATION,UNKNOWN,TURNING,0.0,0,0.0,nan,nan,nan,nan,False,0.0,0.0,0.0,0.0,0,0,0,0,0,0.0,0.0,0.0,0.0,0.0,0.0,0.0,0.0,0.0,0.0,0.0,0.0,0.0,0.0,0.0,0.0,0.0,0.0,0.0,0.0,0.0,0.0,0.0,0.0,0.0,0.0,0.0,0.0,False,CLOCK_REFERENCE_READY,0,136.192,1791339490.4794624,nan,nan,nan,nan,nan,nan,nan,nan,nan,nan,nan,nan,nan,nan,nan,nan,nan,nan,nan,nan,nan,nan,nan,nan,nan,nan,nan,nan,nan,nan,nan,nan,nan,nan,nan,nan,nan,nan,nan,nan,nan,nan,nan,nan,nan,nan,nan,True,GEOMETRY_DISABLED,none,MODEL_ORIGIN_FRAME_NOT_ESTABLISHED,nan,nan,nan,nan,nan,nan,nan,nan,nan,nan,nan,nan,nan,NOT_EVALUATED,nan,nan,nan,0.0,BEFORE_HISTORY,nan,nan,nan,nan,nan,nan
0.0,1791339490.6796508,1791339490.6921859,1791339490.6921859,front_rgbd_red_sphere,False,False,False,DEPTH_FRAME_UNMATCHED,136.0,135.9,1791339490.3044832,1791339490.6796508,1791339373.039771,1791339373.039771,1791339373.039771,0.09999999999999432,1791339372.4717689,1791339373.467773,1791339373.3106868,1791339373.467773,1791339373.314687,1791339373.471771,1791339372.4677722,1791339373.467773,1791339372.4717689,1791339373.471771,1791339354.187771,GAZEBO_CLOCK_SYSTEM_INTERPOLATION,MAPPED_EXACT,0,18.852,1791339373.039771,0.01342320442199707,0.0,RGB,0.0,0,1,0,UNCALIBRATED,PREPARATION,UNKNOWN,TURNING,0.0,0,0.0,nan,nan,nan,nan,False,0.0,0.0,0.0,0.0,0,0,0,0,0,0.0,0.0,0.0,0.0,0.0,0.0,0.0,0.0,0.0,0.0,0.0,0.0,0.0,0.0,0.0,0.0,0.0,0.0,0.0,0.0,0.0,0.0,0.0,0.0,0.0,0.0,0.0,0.0,False,CLOCK_REFERENCE_READY,0,136.392,1791339490.67947,nan,nan,nan,nan,nan,nan,nan,nan,nan,nan,nan,nan,nan,nan,nan,nan,nan,nan,nan,nan,nan,nan,nan,nan,nan,nan,nan,nan,nan,nan,nan,nan,nan,nan,nan,nan,nan,nan,nan,nan,nan,nan,nan,nan,nan,nan,nan,True,GEOMETRY_DISABLED,none,MODEL_ORIGIN_FRAME_NOT_ESTABLISHED,nan,nan,nan,nan,nan,nan,nan,nan,nan,nan,nan,nan,nan,NOT_EVALUATED,nan,nan,nan,0.0,BEFORE_HISTORY,nan,nan,nan,nan,nan,nan
0.0,1791339490.782785,1791339490.7922623,1791339490.7922623,front_rgbd_red_sphere,False,False,False,DEPTH_FRAME_UNMATCHED,136.1,136.0,1791339490.40655,1791339490.782785,1791339373.039771,1791339373.039771,1791339373.039771,0.09999999999999432,1791339372.4717689,1791339373.467773,1791339373.3106868,1791339373.467773,1791339373.314687,1791339373.471771,1791339372.4677722,1791339373.467773,1791339372.4717689,1791339373.471771,1791339354.187771,GAZEBO_CLOCK_SYSTEM_INTERPOLATION,MAPPED_EXACT,0,18.852,1791339373.039771,0.01342320442199707,0.0,RGB,0.0,0,1,0,UNCALIBRATED,PREPARATION,UNKNOWN,TURNING,0.0,0,0.0,nan,nan,nan,nan,False,0.0,0.0,0.0,0.0,0,0,0,0,0,0.0,0.0,0.0,0.0,0.0,0.0,0.0,0.0,0.0,0.0,0.0,0.0,0.0,0.0,0.0,0.0,0.0,0.0,0.0,0.0,0.0,0.0,0.0,0.0,0.0,0.0,0.0,0.0,False,CLOCK_REFERENCE_READY,0,136.492,1791339490.7794683,nan,nan,nan,nan,nan,nan,nan,nan,nan,nan,nan,nan,nan,nan,nan,nan,nan,nan,nan,nan,nan,nan,nan,nan,nan,nan,nan,nan,nan,nan,nan,nan,nan,nan,nan,nan,nan,nan,nan,nan,nan,nan,nan,nan,nan,nan,nan,True,GEOMETRY_DISABLED,none,MODEL_ORIGIN_FRAME_NOT_ESTABLISHED,nan,nan,nan,nan,nan,nan,nan,nan,nan,nan,nan,nan,nan,NOT_EVALUATED,nan,nan,nan,0.0,BEFORE_HISTORY,nan,nan,nan,nan,nan,nan
0.0,1791339491.5794246,1791339491.5922015,1791339491.5922015,front_rgbd_red_sphere,False,False,False,DEPTH_FRAME_UNMATCHED,136.9,136.8,1791339491.203901,1791339491.5794246,1791339373.039771,1791339373.039771,1791339373.039771,0.09999999999999432,1791339372.4717689,1791339373.467773,1791339373.3106868,1791339373.467773,1791339373.314687,1791339373.471771,1791339372.4677722,1791339373.467773,1791339372.4717689,1791339373.471771,1791339354.187771,GAZEBO_CLOCK_SYSTEM_INTERPOLATION,MAPPED_EXACT,0,18.852,1791339373.039771,0.01342320442199707,0.0,RGB,0.0,0,1,0,UNCALIBRATED,PREPARATION,UNKNOWN,TURNING,0.0,0,0.0,nan,nan,nan,nan,False,0.0,0.0,0.0,0.0,0,0,0,0,0,0.0,0.0,0.0,0.0,0.0,0.0,0.0,0.0,0.0,0.0,0.0,0.0,0.0,0.0,0.0,0.0,0.0,0.0,0.0,0.0,0.0,0.0,0.0,0.0,0.0,0.0,0.0,0.0,False,CLOCK_REFERENCE_READY,0,137.292,1791339491.57947,nan,nan,nan,nan,nan,nan,nan,nan,nan,nan,nan,nan,nan,nan,nan,nan,nan,nan,nan,nan,nan,nan,nan,nan,nan,nan,nan,nan,nan,nan,nan,nan,nan,nan,nan,nan,nan,nan,nan,nan,nan,nan,nan,nan,nan,nan,nan,True,GEOMETRY_DISABLED,none,MODEL_ORIGIN_FRAME_NOT_ESTABLISHED,nan,nan,nan,nan,nan,nan,nan,nan,nan,nan,nan,nan,nan,NOT_EVALUATED,nan,nan,nan,0.0,BEFORE_HISTORY,nan,nan,nan,nan,nan,nan
0.0,1791339491.6672769,1791339491.6921782,1791339491.6921782,front_rgbd_red_sphere,False,False,False,DEPTH_FRAME_UNMATCHED,137.0,136.9,1791339491.3171403,1791339491.6672769,1791339373.039771,1791339373.039771,1791339373.039771,0.09999999999999432,1791339372.4717689,1791339373.467773,1791339373.3106868,1791339373.467773,1791339373.314687,1791339373.471771,1791339372.4677722,1791339373.467773,1791339372.4717689,1791339373.471771,1791339354.187771,GAZEBO_CLOCK_SYSTEM_INTERPOLATION,MAPPED_EXACT,0,18.852,1791339373.039771,0.01342320442199707,0.0,RGB,0.0,0,1,0,UNCALIBRATED,PREPARATION,UNKNOWN,TURNING,0.0,0,0.0,nan,nan,nan,nan,False,0.0,0.0,0.0,0.0,0,0,0,0,0,0.0,0.0,0.0,0.0,0.0,0.0,0.0,0.0,0.0,0.0,0.0,0.0,0.0,0.0,0.0,0.0,0.0,0.0,0.0,0.0,0.0,0.0,0.0,0.0,0.0,0.0,0.0,0.0,False,CLOCK_REFERENCE_READY,0,137.392,1791339491.6794627,nan,nan,nan,nan,nan,nan,nan,nan,nan,nan,nan,nan,nan,nan,nan,nan,nan,nan,nan,nan,nan,nan,nan,nan,nan,nan,nan,nan,nan,nan,nan,nan,nan,nan,nan,nan,nan,nan,nan,nan,nan,nan,nan,nan,nan,nan,nan,True,GEOMETRY_DISABLED,none,MODEL_ORIGIN_FRAME_NOT_ESTABLISHED,nan,nan,nan,nan,nan,nan,nan,nan,nan,nan,nan,nan,nan,NOT_EVALUATED,nan,nan,nan,0.0,BEFORE_HISTORY,nan,nan,nan,nan,nan,nan
0.0,1791339491.764792,1791339491.7922168,1791339491.7922168,front_rgbd_red_sphere,False,False,False,DEPTH_FRAME_UNMATCHED,137.1,137.0,1791339491.4057558,1791339491.764792,1791339373.039771,1791339373.039771,1791339373.039771,0.09999999999999432,1791339372.4717689,1791339373.467773,1791339373.3106868,1791339373.467773,1791339373.314687,1791339373.471771,1791339372.4677722,1791339373.467773,1791339372.4717689,1791339373.471771,1791339354.187771,GAZEBO_CLOCK_SYSTEM_INTERPOLATION,MAPPED_EXACT,0,18.852,1791339373.039771,0.01342320442199707,0.0,RGB,0.0,0,1,0,UNCALIBRATED,PREPARATION,UNKNOWN,TURNING,0.0,0,0.0,nan,nan,nan,nan,False,0.0,0.0,0.0,0.0,0,0,0,0,0,0.0,0.0,0.0,0.0,0.0,0.0,0.0,0.0,0.0,0.0,0.0,0.0,0.0,0.0,0.0,0.0,0.0,0.0,0.0,0.0,0.0,0.0,0.0,0.0,0.0,0.0,0.0,0.0,False,CLOCK_REFERENCE_READY,0,137.492,1791339491.7794642,nan,nan,nan,nan,nan,nan,nan,nan,nan,nan,nan,nan,nan,nan,nan,nan,nan,nan,nan,nan,nan,nan,nan,nan,nan,nan,nan,nan,nan,nan,nan,nan,nan,nan,nan,nan,nan,nan,nan,nan,nan,nan,nan,nan,nan,nan,nan,True,GEOMETRY_DISABLED,none,MODEL_ORIGIN_FRAME_NOT_ESTABLISHED,nan,nan,nan,nan,nan,nan,nan,nan,nan,nan,nan,nan,nan,NOT_EVALUATED,nan,nan,nan,0.0,BEFORE_HISTORY,nan,nan,nan,nan,nan,nan
0.0,1791339492.8636692,1791339492.8922908,1791339492.8922908,front_rgbd_red_sphere,False,False,False,DEPTH_FRAME_UNMATCHED,138.2,138.052,1791339492.5049531,1791339492.8636692,1791339373.039771,1791339373.039771,1791339373.039771,0.14799999999999613,1791339372.4717689,1791339373.467773,1791339373.3106868,1791339373.467773,1791339373.314687,1791339373.471771,1791339372.4677722,1791339373.467773,1791339372.4717689,1791339373.471771,1791339354.187771,GAZEBO_CLOCK_SYSTEM_INTERPOLATION,MAPPED_EXACT,0,18.852,1791339373.039771,0.01342320442199707,0.0,RGB,0.0,0,1,0,UNCALIBRATED,PREPARATION,UNKNOWN,TURNING,0.0,0,0.0,nan,nan,nan,nan,False,0.0,0.0,0.0,0.0,0,0,0,0,0,0.0,0.0,0.0,0.0,0.0,0.0,0.0,0.0,0.0,0.0,0.0,0.0,0.0,0.0,0.0,0.0,0.0,0.0,0.0,0.0,0.0,0.0,0.0,0.0,0.0,0.0,0.0,0.0,False,CLOCK_REFERENCE_READY,0,138.592,1791339492.8794627,nan,nan,nan,nan,nan,nan,nan,nan,nan,nan,nan,nan,nan,nan,nan,nan,nan,nan,nan,nan,nan,nan,nan,nan,nan,nan,nan,nan,nan,nan,nan,nan,nan,nan,nan,nan,nan,nan,nan,nan,nan,nan,nan,nan,nan,nan,nan,True,GEOMETRY_DISABLED,none,MODEL_ORIGIN_FRAME_NOT_ESTABLISHED,nan,nan,nan,nan,nan,nan,nan,nan,nan,nan,nan,nan,nan,NOT_EVALUATED,nan,nan,nan,0.0,BEFORE_HISTORY,nan,nan,nan,nan,nan,nan
0.0,1791339492.9640155,1791339492.9921944,1791339492.9921944,front_rgbd_red_sphere,False,False,False,DEPTH_FRAME_UNMATCHED,138.3,138.152,1791339492.613233,1791339492.9640155,1791339373.039771,1791339373.039771,1791339373.039771,0.14800000000002456,1791339372.4717689,1791339373.467773,1791339373.3106868,1791339373.467773,1791339373.314687,1791339373.471771,1791339372.4677722,1791339373.467773,1791339372.4717689,1791339373.471771,1791339354.187771,GAZEBO_CLOCK_SYSTEM_INTERPOLATION,MAPPED_EXACT,0,18.852,1791339373.039771,0.01342320442199707,0.0,RGB,0.0,0,1,0,UNCALIBRATED,PREPARATION,UNKNOWN,TURNING,0.0,0,0.0,nan,nan,nan,nan,False,0.0,0.0,0.0,0.0,0,0,0,0,0,0.0,0.0,0.0,0.0,0.0,0.0,0.0,0.0,0.0,0.0,0.0,0.0,0.0,0.0,0.0,0.0,0.0,0.0,0.0,0.0,0.0,0.0,0.0,0.0,0.0,0.0,0.0,0.0,False,CLOCK_REFERENCE_READY,0,138.692,1791339492.9794676,nan,nan,nan,nan,nan,nan,nan,nan,nan,nan,nan,nan,nan,nan,nan,nan,nan,nan,nan,nan,nan,nan,nan,nan,nan,nan,nan,nan,nan,nan,nan,nan,nan,nan,nan,nan,nan,nan,nan,nan,nan,nan,nan,nan,nan,nan,nan,True,GEOMETRY_DISABLED,none,MODEL_ORIGIN_FRAME_NOT_ESTABLISHED,nan,nan,nan,nan,nan,nan,nan,nan,nan,nan,nan,nan,nan,NOT_EVALUATED,nan,nan,nan,0.0,BEFORE_HISTORY,nan,nan,nan,nan,nan,nan
0.0,1791339493.7802753,1791339493.7921822,1791339493.7921822,front_rgbd_red_sphere,False,False,False,DEPTH_FRAME_UNMATCHED,139.1,139.0,1791339493.4059987,1791339493.7802753,1791339373.039771,1791339373.039771,1791339373.039771,0.09999999999999432,1791339372.4717689,1791339373.467773,1791339373.3106868,1791339373.467773,1791339373.314687,1791339373.471771,1791339372.4677722,1791339373.467773,1791339372.4717689,1791339373.471771,1791339354.187771,GAZEBO_CLOCK_SYSTEM_INTERPOLATION,MAPPED_EXACT,0,18.852,1791339373.039771,0.01342320442199707,0.0,RGB,0.0,0,1,0,UNCALIBRATED,PREPARATION,UNKNOWN,TURNING,0.0,0,0.0,nan,nan,nan,nan,False,0.0,0.0,0.0,0.0,0,0,0,0,0,0.0,0.0,0.0,0.0,0.0,0.0,0.0,0.0,0.0,0.0,0.0,0.0,0.0,0.0,0.0,0.0,0.0,0.0,0.0,0.0,0.0,0.0,0.0,0.0,0.0,0.0,0.0,0.0,False,CLOCK_REFERENCE_READY,0,139.492,1791339493.7794783,nan,nan,nan,nan,nan,nan,nan,nan,nan,nan,nan,nan,nan,nan,nan,nan,nan,nan,nan,nan,nan,nan,nan,nan,nan,nan,nan,nan,nan,nan,nan,nan,nan,nan,nan,nan,nan,nan,nan,nan,nan,nan,nan,nan,nan,nan,nan,True,GEOMETRY_DISABLED,none,MODEL_ORIGIN_FRAME_NOT_ESTABLISHED,nan,nan,nan,nan,nan,nan,nan,nan,nan,nan,nan,nan,nan,NOT_EVALUATED,nan,nan,nan,0.0,BEFORE_HISTORY,nan,nan,nan,nan,nan,nan
0.0,1791339493.877442,1791339493.8922637,1791339493.8922637,front_rgbd_red_sphere,False,False,False,DEPTH_FRAME_UNMATCHED,139.2,139.1,1791339493.5044172,1791339493.877442,1791339373.039771,1791339373.039771,1791339373.039771,0.09999999999999432,1791339372.4717689,1791339373.467773,1791339373.3106868,1791339373.467773,1791339373.314687,1791339373.471771,1791339372.4677722,1791339373.467773,1791339372.4717689,1791339373.471771,1791339354.187771,GAZEBO_CLOCK_SYSTEM_INTERPOLATION,MAPPED_EXACT,0,18.852,1791339373.039771,0.01342320442199707,0.0,RGB,0.0,0,1,0,UNCALIBRATED,PREPARATION,UNKNOWN,TURNING,0.0,0,0.0,nan,nan,nan,nan,False,0.0,0.0,0.0,0.0,0,0,0,0,0,0.0,0.0,0.0,0.0,0.0,0.0,0.0,0.0,0.0,0.0,0.0,0.0,0.0,0.0,0.0,0.0,0.0,0.0,0.0,0.0,0.0,0.0,0.0,0.0,0.0,0.0,0.0,0.0,False,CLOCK_REFERENCE_READY,0,139.592,1791339493.8794677,nan,nan,nan,nan,nan,nan,nan,nan,nan,nan,nan,nan,nan,nan,nan,nan,nan,nan,nan,nan,nan,nan,nan,nan,nan,nan,nan,nan,nan,nan,nan,nan,nan,nan,nan,nan,nan,nan,nan,nan,nan,nan,nan,nan,nan,nan,nan,True,GEOMETRY_DISABLED,none,MODEL_ORIGIN_FRAME_NOT_ESTABLISHED,nan,nan,nan,nan,nan,nan,nan,nan,nan,nan,nan,nan,nan,NOT_EVALUATED,nan,nan,nan,0.0,BEFORE_HISTORY,nan,nan,nan,nan,nan,nan
0.0,1791339493.9636152,1791339493.9922593,1791339493.9922593,front_rgbd_red_sphere,False,False,False,DEPTH_FRAME_UNMATCHED,139.3,139.2,1791339493.6139083,1791339493.9636152,1791339373.039771,1791339373.039771,1791339373.039771,0.10000000000002274,1791339372.4717689,1791339373.467773,1791339373.3106868,1791339373.467773,1791339373.314687,1791339373.471771,1791339372.4677722,1791339373.467773,1791339372.4717689,1791339373.471771,1791339354.187771,GAZEBO_CLOCK_SYSTEM_INTERPOLATION,MAPPED_EXACT,0,18.852,1791339373.039771,0.01342320442199707,0.0,RGB,0.0,0,1,0,UNCALIBRATED,PREPARATION,UNKNOWN,TURNING,0.0,0,0.0,nan,nan,nan,nan,False,0.0,0.0,0.0,0.0,0,0,0,0,0,0.0,0.0,0.0,0.0,0.0,0.0,0.0,0.0,0.0,0.0,0.0,0.0,0.0,0.0,0.0,0.0,0.0,0.0,0.0,0.0,0.0,0.0,0.0,0.0,0.0,0.0,0.0,0.0,False,CLOCK_REFERENCE_READY,0,139.692,1791339493.9794614,nan,nan,nan,nan,nan,nan,nan,nan,nan,nan,nan,nan,nan,nan,nan,nan,nan,nan,nan,nan,nan,nan,nan,nan,nan,nan,nan,nan,nan,nan,nan,nan,nan,nan,nan,nan,nan,nan,nan,nan,nan,nan,nan,nan,nan,nan,nan,True,GEOMETRY_DISABLED,none,MODEL_ORIGIN_FRAME_NOT_ESTABLISHED,nan,nan,nan,nan,nan,nan,nan,nan,nan,nan,nan,nan,nan,NOT_EVALUATED,nan,nan,nan,0.0,BEFORE_HISTORY,nan,nan,nan,nan,nan,nan
0.0,1791339494.1690235,1791339494.1922982,1791339494.1922982,front_rgbd_red_sphere,False,False,False,DEPTH_FRAME_UNMATCHED,139.5,139.4,1791339493.8044198,1791339494.1690235,1791339373.039771,1791339373.039771,1791339373.039771,0.09999999999999432,1791339372.4717689,1791339373.467773,1791339373.3106868,1791339373.467773,1791339373.314687,1791339373.471771,1791339372.4677722,1791339373.467773,1791339372.4717689,1791339373.471771,1791339354.187771,GAZEBO_CLOCK_SYSTEM_INTERPOLATION,MAPPED_EXACT,0,18.852,1791339373.039771,0.01342320442199707,0.0,RGB,0.0,0,1,0,UNCALIBRATED,PREPARATION,UNKNOWN,TURNING,0.0,0,0.0,nan,nan,nan,nan,False,0.0,0.0,0.0,0.0,0,0,0,0,0,0.0,0.0,0.0,0.0,0.0,0.0,0.0,0.0,0.0,0.0,0.0,0.0,0.0,0.0,0.0,0.0,0.0,0.0,0.0,0.0,0.0,0.0,0.0,0.0,0.0,0.0,0.0,0.0,False,CLOCK_REFERENCE_READY,0,139.892,1791339494.1794782,nan,nan,nan,nan,nan,nan,nan,nan,nan,nan,nan,nan,nan,nan,nan,nan,nan,nan,nan,nan,nan,nan,nan,nan,nan,nan,nan,nan,nan,nan,nan,nan,nan,nan,nan,nan,nan,nan,nan,nan,nan,nan,nan,nan,nan,nan,nan,True,GEOMETRY_DISABLED,none,MODEL_ORIGIN_FRAME_NOT_ESTABLISHED,nan,nan,nan,nan,nan,nan,nan,nan,nan,nan,nan,nan,nan,NOT_EVALUATED,nan,nan,nan,0.0,BEFORE_HISTORY,nan,nan,nan,nan,nan,nan
