[INFO] [1791340800.514968494] [front_tof_monitor]: FRONT TOF READY | RGB=/uav/camera/front/image | depth=/camera/front/depth/image_raw | ROS RGB=/camera/front/image_raw | RGB clip=0.1-60.0 m | ToF range=0.1-25.0 m
[INFO] [1791340800.515353517] [front_tof_monitor]: Image diagnostics only; target truth is not subscribed; ToF output is diagnostic only.
[WARN] [1791340800.587933634] [front_tof_monitor]: USV RGB=False | TOF=False | active=none | range=nan m | depth ratio=0.00 | window rates RGB/ToF=0.00/0.00 | frame change=0.0000 | truth angle FOV=False | RGB render volume=False | H/V angles=nan/nan deg | truth distance=inf m
[WARN] [1791340801.088558421] [front_tof_monitor]: USV RGB=True | TOF=False | active=front_rgb_only | range=nan m | depth ratio=0.00 | window rates RGB/ToF=0.17/0.00 | frame change=0.0031 | truth angle FOV=False | RGB render volume=False | H/V angles=nan/nan deg | truth distance=inf m
[INFO] [1791340801.388784982] [front_tof_monitor]: USV RGB=True | TOF=True | active=front_tof | range=6.71 m | depth ratio=0.98 | window rates RGB/ToF=0.44/0.11 | frame change=0.0000 | truth angle FOV=False | RGB render volume=False | H/V angles=nan/nan deg | truth distance=inf m
[WARN] [1791340801.788700384] [front_tof_monitor]: USV RGB=True | TOF=False | active=front_rgb_only | range=nan m | depth ratio=0.00 | window rates RGB/ToF=0.62/0.31 | frame change=0.0000 | truth angle FOV=False | RGB render volume=False | H/V angles=nan/nan deg | truth distance=inf m
[INFO] [1791340801.988962684] [front_tof_monitor]: USV RGB=True | TOF=True | active=front_tof | range=6.71 m | depth ratio=1.00 | window rates RGB/ToF=0.67/0.33 | frame change=0.0000 | truth angle FOV=False | RGB render volume=False | H/V angles=nan/nan deg | truth distance=inf m
[WARN] [1791340802.088321022] [front_tof_monitor]: USV RGB=True | TOF=False | active=front_rgb_only | range=nan m | depth ratio=0.00 | window rates RGB/ToF=0.69/0.31 | frame change=0.0000 | truth angle FOV=False | RGB render volume=False | H/V angles=nan/nan deg | truth distance=inf m
[INFO] [1791340802.488379283] [front_tof_monitor]: USV RGB=True | TOF=True | active=front_tof | range=6.72 m | depth ratio=0.99 | window rates RGB/ToF=0.75/0.30 | frame change=0.0000 | truth angle FOV=False | RGB render volume=False | H/V angles=nan/nan deg | truth distance=inf m
[WARN] [1791340802.688632304] [front_tof_monitor]: USV RGB=True | TOF=False | active=front_rgb_only | range=nan m | depth ratio=0.00 | window rates RGB/ToF=0.77/0.32 | frame change=0.0000 | truth angle FOV=False | RGB render volume=False | H/V angles=nan/nan deg | truth distance=inf m
[INFO] [1791340803.188065668] [front_tof_monitor]: USV RGB=True | TOF=True | active=front_tof | range=6.72 m | depth ratio=0.99 | window rates RGB/ToF=0.81/0.30 | frame change=0.0000 | truth angle FOV=False | RGB render volume=False | H/V angles=nan/nan deg | truth distance=inf m
[WARN] [1791340803.788594847] [front_tof_monitor]: USV RGB=True | TOF=False | active=front_rgb_only | range=nan m | depth ratio=0.00 | window rates RGB/ToF=0.85/0.39 | frame change=0.0000 | truth angle FOV=False | RGB render volume=False | H/V angles=nan/nan deg | truth distance=inf m
[INFO] [1791340804.189140175] [front_tof_monitor]: USV RGB=True | TOF=True | active=front_tof | range=6.72 m | depth ratio=0.99 | window rates RGB/ToF=0.86/0.38 | frame change=0.0000 | truth angle FOV=False | RGB render volume=False | H/V angles=nan/nan deg | truth distance=inf m
[WARN] [1791340804.388701996] [front_tof_monitor]: USV RGB=True | TOF=False | active=front_rgb_only | range=nan m | depth ratio=0.00 | window rates RGB/ToF=0.87/0.38 | frame change=0.0000 | truth angle FOV=False | RGB render volume=False | H/V angles=nan/nan deg | truth distance=inf m
[INFO] [1791340804.488844404] [front_tof_monitor]: USV RGB=True | TOF=True | active=front_tof | range=6.71 m | depth ratio=0.99 | window rates RGB/ToF=0.88/0.40 | frame change=0.0000 | truth angle FOV=False | RGB render volume=False | H/V angles=nan/nan deg | truth distance=inf m
[WARN] [1791340804.588477953] [front_tof_monitor]: USV RGB=True | TOF=False | active=front_rgb_only | range=nan m | depth ratio=0.00 | window rates RGB/ToF=0.88/0.39 | frame change=0.0000 | truth angle FOV=False | RGB render volume=False | H/V angles=nan/nan deg | truth distance=inf m
[INFO] [1791340804.689022949] [front_tof_monitor]: USV RGB=True | TOF=True | active=front_tof | range=6.72 m | depth ratio=0.99 | window rates RGB/ToF=0.88/0.40 | frame change=0.0000 | truth angle FOV=False | RGB render volume=False | H/V angles=nan/nan deg | truth distance=inf m
[WARN] [1791340804.788323675] [front_tof_monitor]: USV RGB=True | TOF=False | active=front_rgb_only | range=nan m | depth ratio=0.00 | window rates RGB/ToF=0.88/0.40 | frame change=0.0000 | truth angle FOV=False | RGB render volume=False | H/V angles=nan/nan deg | truth distance=inf m
[INFO] [1791340805.188823225] [front_tof_monitor]: USV RGB=True | TOF=True | active=front_tof | range=6.71 m | depth ratio=0.99 | window rates RGB/ToF=0.89/0.38 | frame change=0.0000 | truth angle FOV=False | RGB render volume=False | H/V angles=nan/nan deg | truth distance=inf m
[WARN] [1791340805.387948660] [front_tof_monitor]: USV RGB=True | TOF=False | active=front_rgb_only | range=nan m | depth ratio=0.00 | window rates RGB/ToF=0.90/0.39 | frame change=0.0000 | truth angle FOV=False | RGB render volume=False | H/V angles=nan/nan deg | truth distance=inf m
[INFO] [1791340805.788243690] [front_tof_monitor]: USV RGB=True | TOF=True | active=front_tof | range=6.72 m | depth ratio=0.99 | window rates RGB/ToF=0.96/0.40 | frame change=0.0000 | truth angle FOV=False | RGB render volume=False | H/V angles=nan/nan deg | truth distance=inf m
[WARN] [1791340805.988468046] [front_tof_monitor]: USV RGB=True | TOF=False | active=front_rgb_only | range=nan m | depth ratio=0.00 | window rates RGB/ToF=0.98/0.41 | frame change=0.0000 | truth angle FOV=False | RGB render volume=False | H/V angles=nan/nan deg | truth distance=inf m
[INFO] [1791340806.288904156] [front_tof_monitor]: USV RGB=True | TOF=True | active=front_tof | range=6.71 m | depth ratio=0.99 | window rates RGB/ToF=1.00/0.44 | frame change=0.0000 | truth angle FOV=False | RGB render volume=False | H/V angles=nan/nan deg | truth distance=inf m
[WARN] [1791340806.489073037] [front_tof_monitor]: USV RGB=True | TOF=False | active=front_rgb_only | range=nan m | depth ratio=0.00 | window rates RGB/ToF=1.00/0.42 | frame change=0.0000 | truth angle FOV=False | RGB render volume=False | H/V angles=nan/nan deg | truth distance=inf m
[INFO] [1791340807.289758217] [front_tof_monitor]: USV RGB=True | TOF=True | active=front_tof | range=6.72 m | depth ratio=0.98 | window rates RGB/ToF=1.00/0.37 | frame change=0.0000 | truth angle FOV=False | RGB render volume=False | H/V angles=nan/nan deg | truth distance=inf m
[WARN] [1791340807.489116914] [front_tof_monitor]: USV RGB=True | TOF=False | active=front_rgb_only | range=nan m | depth ratio=0.00 | window rates RGB/ToF=1.00/0.38 | frame change=0.0000 | truth angle FOV=False | RGB render volume=False | H/V angles=nan/nan deg | truth distance=inf m
[INFO] [1791340807.690115687] [front_tof_monitor]: USV RGB=True | TOF=True | active=front_tof | range=6.71 m | depth ratio=0.99 | window rates RGB/ToF=1.00/0.38 | frame change=0.0000 | truth angle FOV=False | RGB render volume=False | H/V angles=nan/nan deg | truth distance=inf m
[WARN] [1791340807.888110602] [front_tof_monitor]: USV RGB=True | TOF=False | active=front_rgb_only | range=nan m | depth ratio=0.00 | window rates RGB/ToF=1.00/0.40 | frame change=0.0000 | truth angle FOV=False | RGB render volume=False | H/V angles=nan/nan deg | truth distance=inf m
[INFO] [1791340808.188928167] [front_tof_monitor]: USV RGB=True | TOF=True | active=front_tof | range=6.72 m | depth ratio=0.99 | window rates RGB/ToF=1.00/0.40 | frame change=0.0000 | truth angle FOV=False | RGB render volume=False | H/V angles=nan/nan deg | truth distance=inf m
[WARN] [1791340808.389698873] [front_tof_monitor]: USV RGB=True | TOF=False | active=front_rgb_only | range=nan m | depth ratio=0.00 | window rates RGB/ToF=1.00/0.38 | frame change=0.0000 | truth angle FOV=False | RGB render volume=False | H/V angles=nan/nan deg | truth distance=inf m
[INFO] [1791340808.588717945] [front_tof_monitor]: USV RGB=True | TOF=True | active=front_tof | range=6.71 m | depth ratio=0.99 | window rates RGB/ToF=1.00/0.36 | frame change=0.0000 | truth angle FOV=False | RGB render volume=False | H/V angles=nan/nan deg | truth distance=inf m
[WARN] [1791340808.788297373] [front_tof_monitor]: USV RGB=True | TOF=False | active=front_rgb_only | range=nan m | depth ratio=0.00 | window rates RGB/ToF=1.00/0.35 | frame change=0.0000 | truth angle FOV=False | RGB render volume=False | H/V angles=nan/nan deg | truth distance=inf m
[INFO] [1791340808.889368968] [front_tof_monitor]: USV RGB=True | TOF=True | active=front_tof | range=6.72 m | depth ratio=0.99 | window rates RGB/ToF=1.00/0.38 | frame change=0.0000 | truth angle FOV=False | RGB render volume=False | H/V angles=nan/nan deg | truth distance=inf m
[WARN] [1791340809.088536753] [front_tof_monitor]: USV RGB=True | TOF=False | active=front_rgb_only | range=nan m | depth ratio=0.00 | window rates RGB/ToF=1.00/0.39 | frame change=0.0000 | truth angle FOV=False | RGB render volume=False | H/V angles=nan/nan deg | truth distance=inf m
[INFO] [1791340809.389040397] [front_tof_monitor]: USV RGB=True | TOF=True | active=front_tof | range=6.72 m | depth ratio=0.99 | window rates RGB/ToF=1.00/0.37 | frame change=0.0000 | truth angle FOV=False | RGB render volume=False | H/V angles=nan/nan deg | truth distance=inf m
[WARN] [1791340809.788429125] [front_tof_monitor]: USV RGB=True | TOF=False | active=front_rgb_only | range=nan m | depth ratio=0.00 | window rates RGB/ToF=1.00/0.40 | frame change=0.0000 | truth angle FOV=False | RGB render volume=False | H/V angles=nan/nan deg | truth distance=inf m
[INFO] [1791340810.089812052] [front_tof_monitor]: USV RGB=True | TOF=True | active=front_tof | range=6.72 m | depth ratio=0.99 | window rates RGB/ToF=1.00/0.42 | frame change=0.0000 | truth angle FOV=False | RGB render volume=False | H/V angles=nan/nan deg | truth distance=inf m
[WARN] [1791340810.287981831] [front_tof_monitor]: USV RGB=True | TOF=False | active=front_rgb_only | range=nan m | depth ratio=0.00 | window rates RGB/ToF=1.00/0.40 | frame change=0.0000 | truth angle FOV=False | RGB render volume=False | H/V angles=nan/nan deg | truth distance=inf m
[INFO] [1791340810.489039309] [front_tof_monitor]: USV RGB=True | TOF=True | active=front_tof | range=6.71 m | depth ratio=0.99 | window rates RGB/ToF=1.00/0.41 | frame change=0.0000 | truth angle FOV=False | RGB render volume=False | H/V angles=nan/nan deg | truth distance=inf m
[WARN] [1791340810.588049887] [front_tof_monitor]: USV RGB=True | TOF=False | active=front_rgb_only | range=nan m | depth ratio=0.00 | window rates RGB/ToF=1.00/0.41 | frame change=0.0000 | truth angle FOV=False | RGB render volume=False | H/V angles=nan/nan deg | truth distance=inf m
[INFO] [1791340810.988489984] [front_tof_monitor]: USV RGB=True | TOF=True | active=front_tof | range=6.72 m | depth ratio=0.99 | window rates RGB/ToF=1.00/0.40 | frame change=0.0000 | truth angle FOV=False | RGB render volume=False | H/V angles=nan/nan deg | truth distance=inf m
[WARN] [1791340811.388505528] [front_tof_monitor]: USV RGB=True | TOF=False | active=front_rgb_only | range=nan m | depth ratio=0.00 | window rates RGB/ToF=1.00/0.42 | frame change=0.0000 | truth angle FOV=False | RGB render volume=False | H/V angles=nan/nan deg | truth distance=inf m
[INFO] [1791340811.488388752] [front_tof_monitor]: USV RGB=True | TOF=True | active=front_tof | range=6.72 m | depth ratio=0.99 | window rates RGB/ToF=1.00/0.43 | frame change=0.0000 | truth angle FOV=False | RGB render volume=False | H/V angles=nan/nan deg | truth distance=inf m
[WARN] [1791340811.588597475] [front_tof_monitor]: USV RGB=True | TOF=False | active=front_rgb_only | range=nan m | depth ratio=0.00 | window rates RGB/ToF=1.00/0.43 | frame change=0.0000 | truth angle FOV=False | RGB render volume=False | H/V angles=nan/nan deg | truth distance=inf m
[INFO] [1791340811.688932353] [front_tof_monitor]: USV RGB=True | TOF=True | active=front_tof | range=6.72 m | depth ratio=0.98 | window rates RGB/ToF=1.00/0.45 | frame change=0.0000 | truth angle FOV=False | RGB render volume=False | H/V angles=nan/nan deg | truth distance=inf m
[WARN] [1791340811.888261256] [front_tof_monitor]: USV RGB=True | TOF=False | active=front_rgb_only | range=nan m | depth ratio=0.00 | window rates RGB/ToF=1.00/0.48 | frame change=0.0000 | truth angle FOV=False | RGB render volume=False | H/V angles=nan/nan deg | truth distance=inf m
[INFO] [1791340812.288651320] [front_tof_monitor]: USV RGB=True | TOF=True | active=front_tof | range=6.72 m | depth ratio=0.99 | window rates RGB/ToF=1.00/0.49 | frame change=0.0000 | truth angle FOV=False | RGB render volume=False | H/V angles=nan/nan deg | truth distance=inf m
[WARN] [1791340812.788379568] [front_tof_monitor]: USV RGB=True | TOF=False | active=front_rgb_only | range=nan m | depth ratio=0.00 | window rates RGB/ToF=1.00/0.51 | frame change=0.0000 | truth angle FOV=False | RGB render volume=False | H/V angles=nan/nan deg | truth distance=inf m
[INFO] [1791340813.088606633] [front_tof_monitor]: USV RGB=True | TOF=True | active=front_tof | range=6.72 m | depth ratio=0.99 | window rates RGB/ToF=1.00/0.51 | frame change=0.0000 | truth angle FOV=False | RGB render volume=False | H/V angles=nan/nan deg | truth distance=inf m
[WARN] [1791340813.488385718] [front_tof_monitor]: USV RGB=True | TOF=False | active=front_rgb_only | range=nan m | depth ratio=0.00 | window rates RGB/ToF=1.00/0.53 | frame change=0.0025 | truth angle FOV=False | RGB render volume=False | H/V angles=nan/nan deg | truth distance=inf m
[INFO] [1791340813.888052828] [front_tof_monitor]: USV RGB=True | TOF=True | active=front_tof | range=6.78 m | depth ratio=0.93 | window rates RGB/ToF=1.00/0.51 | frame change=0.0025 | truth angle FOV=False | RGB render volume=False | H/V angles=nan/nan deg | truth distance=inf m
[WARN] [1791340814.087843693] [front_tof_monitor]: USV RGB=True | TOF=False | active=front_rgb_only | range=nan m | depth ratio=0.00 | window rates RGB/ToF=1.00/0.49 | frame change=0.0094 | truth angle FOV=False | RGB render volume=False | H/V angles=nan/nan deg | truth distance=inf m
[INFO] [1791340814.388033078] [front_tof_monitor]: USV RGB=True | TOF=True | active=front_tof | range=6.79 m | depth ratio=1.00 | window rates RGB/ToF=1.00/0.51 | frame change=0.0104 | truth angle FOV=False | RGB render volume=False | H/V angles=nan/nan deg | truth distance=inf m
[WARN] [1791340814.788399161] [front_tof_monitor]: USV RGB=True | TOF=False | active=front_rgb_only | range=nan m | depth ratio=0.00 | window rates RGB/ToF=1.00/0.49 | frame change=0.0062 | truth angle FOV=False | RGB render volume=False | H/V angles=nan/nan deg | truth distance=inf m
[INFO] [1791340814.989654779] [front_tof_monitor]: USV RGB=True | TOF=True | active=front_tof | range=6.75 m | depth ratio=0.61 | window rates RGB/ToF=1.00/0.52 | frame change=0.0036 | truth angle FOV=False | RGB render volume=False | H/V angles=nan/nan deg | truth distance=inf m
[WARN] [1791340815.188492770] [front_tof_monitor]: USV RGB=True | TOF=False | active=front_rgb_only | range=nan m | depth ratio=0.00 | window rates RGB/ToF=1.00/0.51 | frame change=0.0036 | truth angle FOV=False | RGB render volume=False | H/V angles=nan/nan deg | truth distance=inf m
[INFO] [1791340815.789781378] [front_tof_monitor]: USV RGB=True | TOF=True | active=front_tof | range=6.77 m | depth ratio=0.71 | window rates RGB/ToF=1.00/0.50 | frame change=0.0082 | truth angle FOV=False | RGB render volume=False | H/V angles=nan/nan deg | truth distance=inf m
[WARN] [1791340815.987969283] [front_tof_monitor]: USV RGB=True | TOF=False | active=front_rgb_only | range=nan m | depth ratio=0.00 | window rates RGB/ToF=1.00/0.51 | frame change=0.0097 | truth angle FOV=False | RGB render volume=False | H/V angles=nan/nan deg | truth distance=inf m
[INFO] [1791340816.088163270] [front_tof_monitor]: USV RGB=True | TOF=True | active=front_tof | range=6.90 m | depth ratio=0.68 | window rates RGB/ToF=1.00/0.51 | frame change=0.0097 | truth angle FOV=False | RGB render volume=False | H/V angles=nan/nan deg | truth distance=inf m
[WARN] [1791340816.288320972] [front_tof_monitor]: USV RGB=True | TOF=False | active=front_rgb_only | range=nan m | depth ratio=0.00 | window rates RGB/ToF=1.00/0.48 | frame change=0.0091 | truth angle FOV=False | RGB render volume=False | H/V angles=nan/nan deg | truth distance=inf m
[INFO] [1791340816.487959648] [front_tof_monitor]: USV RGB=True | TOF=True | active=front_tof | range=6.98 m | depth ratio=0.67 | window rates RGB/ToF=1.00/0.49 | frame change=0.0074 | truth angle FOV=False | RGB render volume=False | H/V angles=nan/nan deg | truth distance=inf m
[WARN] [1791340816.888413588] [front_tof_monitor]: USV RGB=True | TOF=False | active=front_rgb_only | range=nan m | depth ratio=0.00 | window rates RGB/ToF=1.00/0.49 | frame change=0.0292 | truth angle FOV=False | RGB render volume=False | H/V angles=nan/nan deg | truth distance=inf m
[INFO] [1791340817.087999716] [front_tof_monitor]: USV RGB=True | TOF=True | active=front_tof | range=7.41 m | depth ratio=0.76 | window rates RGB/ToF=1.00/0.51 | frame change=0.0216 | truth angle FOV=False | RGB render volume=False | H/V angles=nan/nan deg | truth distance=inf m
[WARN] [1791340817.688230055] [front_tof_monitor]: USV RGB=True | TOF=False | active=front_rgb_only | range=nan m | depth ratio=0.00 | window rates RGB/ToF=1.00/0.53 | frame change=0.0136 | truth angle FOV=False | RGB render volume=False | H/V angles=nan/nan deg | truth distance=inf m
[WARN] [1791340817.787658246] [front_tof_monitor]: USV RGB=False | TOF=False | active=none | range=nan m | depth ratio=0.00 | window rates RGB/ToF=0.98/0.51 | frame change=0.0146 | truth angle FOV=False | RGB render volume=False | H/V angles=nan/nan deg | truth distance=inf m
[INFO] [1791340819.388960572] [front_tof_monitor]: USV RGB=True | TOF=True | active=front_tof | range=13.57 m | depth ratio=1.00 | window rates RGB/ToF=0.68/0.40 | frame change=0.0095 | truth angle FOV=False | RGB render volume=False | H/V angles=nan/nan deg | truth distance=inf m
[WARN] [1791340819.588942734] [front_tof_monitor]: USV RGB=True | TOF=False | active=front_rgb_only | range=nan m | depth ratio=0.00 | window rates RGB/ToF=0.69/0.39 | frame change=0.0079 | truth angle FOV=False | RGB render volume=False | H/V angles=nan/nan deg | truth distance=inf m
[INFO] [1791340820.289699020] [front_tof_monitor]: USV RGB=True | TOF=True | active=front_tof | range=21.90 m | depth ratio=1.00 | window rates RGB/ToF=0.68/0.34 | frame change=0.0080 | truth angle FOV=False | RGB render volume=False | H/V angles=nan/nan deg | truth distance=inf m
[WARN] [1791340820.488876909] [front_tof_monitor]: USV RGB=True | TOF=False | active=front_rgb_only | range=nan m | depth ratio=0.00 | window rates RGB/ToF=0.68/0.36 | frame change=0.0073 | truth angle FOV=False | RGB render volume=False | H/V angles=nan/nan deg | truth distance=inf m
[INFO] [1791340826.588019455] [front_tof_monitor]: USV RGB=True | TOF=True | active=front_tof | range=22.64 m | depth ratio=0.88 | window rates RGB/ToF=1.00/0.02 | frame change=0.0029 | truth angle FOV=False | RGB render volume=False | H/V angles=nan/nan deg | truth distance=inf m
[WARN] [1791340826.787817711] [front_tof_monitor]: USV RGB=True | TOF=False | active=front_rgb_only | range=nan m | depth ratio=0.00 | window rates RGB/ToF=1.00/0.04 | frame change=0.0029 | truth angle FOV=False | RGB render volume=False | H/V angles=nan/nan deg | truth distance=inf m
[INFO] [1791340828.188124125] [front_tof_monitor]: USV RGB=True | TOF=True | active=front_tof | range=16.79 m | depth ratio=0.90 | window rates RGB/ToF=1.00/0.06 | frame change=0.0050 | truth angle FOV=False | RGB render volume=False | H/V angles=nan/nan deg | truth distance=inf m
[WARN] [1791340828.988282850] [front_tof_monitor]: USV RGB=True | TOF=False | active=front_rgb_only | range=nan m | depth ratio=0.00 | window rates RGB/ToF=1.00/0.20 | frame change=0.0080 | truth angle FOV=False | RGB render volume=False | H/V angles=nan/nan deg | truth distance=inf m
[INFO] [1791340829.489337139] [front_tof_monitor]: USV RGB=True | TOF=True | active=front_tof | range=13.34 m | depth ratio=1.00 | window rates RGB/ToF=1.00/0.22 | frame change=0.0046 | truth angle FOV=False | RGB render volume=False | H/V angles=nan/nan deg | truth distance=inf m
[WARN] [1791340829.588334173] [front_tof_monitor]: USV RGB=True | TOF=False | active=front_rgb_only | range=nan m | depth ratio=0.00 | window rates RGB/ToF=1.00/0.22 | frame change=0.0046 | truth angle FOV=False | RGB render volume=False | H/V angles=nan/nan deg | truth distance=inf m
[INFO] [1791340829.688179857] [front_tof_monitor]: USV RGB=True | TOF=True | active=front_tof | range=12.73 m | depth ratio=0.98 | window rates RGB/ToF=1.00/0.24 | frame change=0.0012 | truth angle FOV=False | RGB render volume=False | H/V angles=nan/nan deg | truth distance=inf m
[WARN] [1791340829.788342687] [front_tof_monitor]: USV RGB=True | TOF=False | active=front_rgb_only | range=nan m | depth ratio=0.00 | window rates RGB/ToF=1.00/0.24 | frame change=0.0012 | truth angle FOV=False | RGB render volume=False | H/V angles=nan/nan deg | truth distance=inf m
[INFO] [1791340829.890653497] [front_tof_monitor]: USV RGB=True | TOF=True | active=front_tof | range=12.26 m | depth ratio=0.98 | window rates RGB/ToF=1.00/0.26 | frame change=0.0016 | truth angle FOV=False | RGB render volume=False | H/V angles=nan/nan deg | truth distance=inf m
[WARN] [1791340830.388267156] [front_tof_monitor]: USV RGB=True | TOF=False | active=front_rgb_only | range=nan m | depth ratio=0.00 | window rates RGB/ToF=1.00/0.34 | frame change=0.0091 | truth angle FOV=False | RGB render volume=False | H/V angles=nan/nan deg | truth distance=inf m
[INFO] [1791340830.589662617] [front_tof_monitor]: USV RGB=True | TOF=True | active=front_tof | range=10.72 m | depth ratio=1.00 | window rates RGB/ToF=1.00/0.35 | frame change=0.0075 | truth angle FOV=False | RGB render volume=False | H/V angles=nan/nan deg | truth distance=inf m
[WARN] [1791340830.688395298] [front_tof_monitor]: USV RGB=True | TOF=False | active=front_rgb_only | range=nan m | depth ratio=0.00 | window rates RGB/ToF=1.00/0.35 | frame change=0.0075 | truth angle FOV=False | RGB render volume=False | H/V angles=nan/nan deg | truth distance=inf m
[INFO] [1791340830.790166322] [front_tof_monitor]: USV RGB=True | TOF=True | active=front_tof | range=10.15 m | depth ratio=1.00 | window rates RGB/ToF=1.00/0.38 | frame change=0.0056 | truth angle FOV=False | RGB render volume=False | H/V angles=nan/nan deg | truth distance=inf m
[WARN] [1791340831.689772926] [front_tof_monitor]: USV RGB=True | TOF=False | active=front_rgb_only | range=nan m | depth ratio=0.00 | window rates RGB/ToF=1.00/0.51 | frame change=0.0025 | truth angle FOV=False | RGB render volume=False | H/V angles=nan/nan deg | truth distance=inf m
[INFO] [1791340831.889261455] [front_tof_monitor]: USV RGB=True | TOF=True | active=front_tof | range=7.44 m | depth ratio=0.99 | window rates RGB/ToF=1.00/0.52 | frame change=0.0023 | truth angle FOV=False | RGB render volume=False | H/V angles=nan/nan deg | truth distance=inf m
[WARN] [1791340832.188007612] [front_tof_monitor]: USV RGB=True | TOF=False | active=front_rgb_only | range=nan m | depth ratio=0.00 | window rates RGB/ToF=1.00/0.55 | frame change=0.0054 | truth angle FOV=False | RGB render volume=False | H/V angles=nan/nan deg | truth distance=inf m
[INFO] [1791340832.388913126] [front_tof_monitor]: USV RGB=True | TOF=True | active=front_tof | range=6.71 m | depth ratio=0.99 | window rates RGB/ToF=1.00/0.58 | frame change=0.0063 | truth angle FOV=False | RGB render volume=False | H/V angles=nan/nan deg | truth distance=inf m
[WARN] [1791340832.788817694] [front_tof_monitor]: USV RGB=True | TOF=False | active=front_rgb_only | range=nan m | depth ratio=0.00 | window rates RGB/ToF=1.00/0.63 | frame change=0.0084 | truth angle FOV=False | RGB render volume=False | H/V angles=nan/nan deg | truth distance=inf m
[INFO] [1791340833.589291600] [front_tof_monitor]: USV RGB=True | TOF=True | active=front_tof | range=4.88 m | depth ratio=0.99 | window rates RGB/ToF=1.00/0.57 | frame change=0.0273 | truth angle FOV=False | RGB render volume=False | H/V angles=nan/nan deg | truth distance=inf m
[WARN] [1791340833.688871370] [front_tof_monitor]: USV RGB=True | TOF=False | active=front_rgb_only | range=nan m | depth ratio=0.00 | window rates RGB/ToF=1.00/0.54 | frame change=0.0286 | truth angle FOV=False | RGB render volume=False | H/V angles=nan/nan deg | truth distance=inf m
[INFO] [1791340833.791129252] [front_tof_monitor]: USV RGB=True | TOF=True | active=front_tof | range=4.56 m | depth ratio=0.98 | window rates RGB/ToF=1.00/0.54 | frame change=0.0286 | truth angle FOV=False | RGB render volume=False | H/V angles=nan/nan deg | truth distance=inf m
[WARN] [1791340834.189649437] [front_tof_monitor]: USV RGB=True | TOF=False | active=front_rgb_only | range=nan m | depth ratio=0.00 | window rates RGB/ToF=1.00/0.58 | frame change=0.0535 | truth angle FOV=False | RGB render volume=False | H/V angles=nan/nan deg | truth distance=inf m
[INFO] [1791340834.488473991] [front_tof_monitor]: USV RGB=True | TOF=True | active=front_tof | range=3.49 m | depth ratio=0.99 | window rates RGB/ToF=1.00/0.59 | frame change=0.0160 | truth angle FOV=False | RGB render volume=False | H/V angles=nan/nan deg | truth distance=inf m
[WARN] [1791340834.589890002] [front_tof_monitor]: USV RGB=True | TOF=False | active=front_rgb_only | range=nan m | depth ratio=0.00 | window rates RGB/ToF=1.00/0.58 | frame change=0.0139 | truth angle FOV=False | RGB render volume=False | H/V angles=nan/nan deg | truth distance=inf m
[INFO] [1791340835.089635899] [front_tof_monitor]: USV RGB=True | TOF=True | active=front_tof | range=2.98 m | depth ratio=0.99 | window rates RGB/ToF=1.00/0.52 | frame change=0.0379 | truth angle FOV=False | RGB render volume=False | H/V angles=nan/nan deg | truth distance=inf m
[WARN] [1791340835.188515459] [front_tof_monitor]: USV RGB=True | TOF=False | active=front_rgb_only | range=nan m | depth ratio=0.00 | window rates RGB/ToF=1.00/0.51 | frame change=0.0379 | truth angle FOV=False | RGB render volume=False | H/V angles=nan/nan deg | truth distance=inf m
[INFO] [1791340835.790730972] [front_tof_monitor]: USV RGB=True | TOF=True | active=front_tof | range=1.82 m | depth ratio=0.99 | window rates RGB/ToF=1.00/0.46 | frame change=0.0111 | truth angle FOV=False | RGB render volume=False | H/V angles=nan/nan deg | truth distance=inf m
[WARN] [1791340835.988917669] [front_tof_monitor]: USV RGB=True | TOF=False | active=front_rgb_only | range=nan m | depth ratio=0.00 | window rates RGB/ToF=1.00/0.44 | frame change=0.0183 | truth angle FOV=False | RGB render volume=False | H/V angles=nan/nan deg | truth distance=inf m
[INFO] [1791340836.488269317] [front_tof_monitor]: USV RGB=True | TOF=True | active=front_tof | range=1.40 m | depth ratio=0.99 | window rates RGB/ToF=1.00/0.37 | frame change=0.0883 | truth angle FOV=False | RGB render volume=False | H/V angles=nan/nan deg | truth distance=inf m
[WARN] [1791340837.188514213] [front_tof_monitor]: USV RGB=True | TOF=False | active=front_rgb_only | range=nan m | depth ratio=0.00 | window rates RGB/ToF=1.00/0.40 | frame change=0.3094 | truth angle FOV=False | RGB render volume=False | H/V angles=nan/nan deg | truth distance=inf m
[WARN] [1791340837.391128663] [front_tof_monitor]: USV RGB=False | TOF=False | active=none | range=nan m | depth ratio=0.00 | window rates RGB/ToF=0.98/0.38 | frame change=0.2515 | truth angle FOV=False | RGB render volume=False | H/V angles=nan/nan deg | truth distance=inf m
[WARN] [1791340839.288474583] [front_tof_monitor]: USV RGB=True | TOF=False | active=front_rgb_only | range=nan m | depth ratio=0.00 | window rates RGB/ToF=0.62/0.22 | frame change=0.0384 | truth angle FOV=False | RGB render volume=False | H/V angles=nan/nan deg | truth distance=inf m
[INFO] [1791340839.688312282] [front_tof_monitor]: USV RGB=True | TOF=True | active=front_tof | range=4.03 m | depth ratio=0.99 | window rates RGB/ToF=0.63/0.22 | frame change=0.0112 | truth angle FOV=False | RGB render volume=False | H/V angles=nan/nan deg | truth distance=inf m
[WARN] [1791340839.888256803] [front_tof_monitor]: USV RGB=True | TOF=False | active=front_rgb_only | range=nan m | depth ratio=0.00 | window rates RGB/ToF=0.63/0.24 | frame change=0.0112 | truth angle FOV=False | RGB render volume=False | H/V angles=nan/nan deg | truth distance=inf m
[INFO] [1791340839.988410498] [front_tof_monitor]: USV RGB=True | TOF=True | active=front_tof | range=5.52 m | depth ratio=0.99 | window rates RGB/ToF=0.63/0.25 | frame change=0.0071 | truth angle FOV=False | RGB render volume=False | H/V angles=nan/nan deg | truth distance=inf m
[WARN] [1791340840.188821234] [front_tof_monitor]: USV RGB=True | TOF=False | active=front_rgb_only | range=nan m | depth ratio=0.00 | window rates RGB/ToF=0.62/0.26 | frame change=0.0064 | truth angle FOV=False | RGB render volume=False | H/V angles=nan/nan deg | truth distance=inf m
[INFO] [1791340840.390530406] [front_tof_monitor]: USV RGB=True | TOF=True | active=front_tof | range=6.51 m | depth ratio=0.98 | window rates RGB/ToF=0.63/0.27 | frame change=0.0065 | truth angle FOV=False | RGB render volume=False | H/V angles=nan/nan deg | truth distance=inf m
[WARN] [1791340840.789085442] [front_tof_monitor]: USV RGB=True | TOF=False | active=front_rgb_only | range=nan m | depth ratio=0.00 | window rates RGB/ToF=0.63/0.33 | frame change=0.0026 | truth angle FOV=False | RGB render volume=False | H/V angles=nan/nan deg | truth distance=inf m
[INFO] [1791340840.889135094] [front_tof_monitor]: USV RGB=True | TOF=True | active=front_tof | range=10.02 m | depth ratio=0.99 | window rates RGB/ToF=0.62/0.32 | frame change=0.0214 | truth angle FOV=False | RGB render volume=False | H/V angles=nan/nan deg | truth distance=inf m
[WARN] [1791340841.389660021] [front_tof_monitor]: USV RGB=True | TOF=False | active=front_rgb_only | range=nan m | depth ratio=0.00 | window rates RGB/ToF=0.62/0.40 | frame change=0.0333 | truth angle FOV=False | RGB render volume=False | H/V angles=nan/nan deg | truth distance=inf m
[INFO] [1791340841.590132295] [front_tof_monitor]: USV RGB=True | TOF=True | active=front_tof | range=11.96 m | depth ratio=0.99 | window rates RGB/ToF=0.62/0.38 | frame change=0.0243 | truth angle FOV=False | RGB render volume=False | H/V angles=nan/nan deg | truth distance=inf m
[WARN] [1791340841.689661675] [front_tof_monitor]: USV RGB=True | TOF=False | active=front_rgb_only | range=nan m | depth ratio=0.00 | window rates RGB/ToF=0.62/0.36 | frame change=0.0243 | truth angle FOV=False | RGB render volume=False | H/V angles=nan/nan deg | truth distance=inf m
[INFO] [1791340842.088292658] [front_tof_monitor]: USV RGB=True | TOF=True | active=front_tof | range=9.20 m | depth ratio=1.00 | window rates RGB/ToF=0.63/0.31 | frame change=0.0003 | truth angle FOV=False | RGB render volume=False | H/V angles=nan/nan deg | truth distance=inf m
[WARN] [1791340842.288927064] [front_tof_monitor]: USV RGB=True | TOF=False | active=front_rgb_only | range=nan m | depth ratio=0.00 | window rates RGB/ToF=0.62/0.32 | frame change=0.0011 | truth angle FOV=False | RGB render volume=False | H/V angles=nan/nan deg | truth distance=inf m
[INFO] [1791340842.789361547] [front_tof_monitor]: USV RGB=True | TOF=True | active=front_tof | range=8.97 m | depth ratio=1.00 | window rates RGB/ToF=0.71/0.33 | frame change=0.0102 | truth angle FOV=False | RGB render volume=False | H/V angles=nan/nan deg | truth distance=inf m
[WARN] [1791340842.888491145] [front_tof_monitor]: USV RGB=True | TOF=False | active=front_rgb_only | range=nan m | depth ratio=0.00 | window rates RGB/ToF=0.73/0.33 | frame change=0.0102 | truth angle FOV=False | RGB render volume=False | H/V angles=nan/nan deg | truth distance=inf m
[INFO] [1791340842.988576838] [front_tof_monitor]: USV RGB=True | TOF=True | active=front_tof | range=8.77 m | depth ratio=0.99 | window rates RGB/ToF=0.75/0.35 | frame change=0.0160 | truth angle FOV=False | RGB render volume=False | H/V angles=nan/nan deg | truth distance=inf m
[WARN] [1791340843.188284598] [front_tof_monitor]: USV RGB=True | TOF=False | active=front_rgb_only | range=nan m | depth ratio=0.00 | window rates RGB/ToF=0.78/0.37 | frame change=0.0215 | truth angle FOV=False | RGB render volume=False | H/V angles=nan/nan deg | truth distance=inf m
[INFO] [1791340843.389477120] [front_tof_monitor]: USV RGB=True | TOF=True | active=front_tof | range=8.57 m | depth ratio=0.99 | window rates RGB/ToF=0.84/0.40 | frame change=0.0255 | truth angle FOV=False | RGB render volume=False | H/V angles=nan/nan deg | truth distance=inf m
[WARN] [1791340844.089468538] [front_tof_monitor]: USV RGB=True | TOF=False | active=front_rgb_only | range=nan m | depth ratio=0.00 | window rates RGB/ToF=0.96/0.51 | frame change=0.0090 | truth angle FOV=False | RGB render volume=False | H/V angles=nan/nan deg | truth distance=inf m
[INFO] [1791340844.290593498] [front_tof_monitor]: USV RGB=True | TOF=True | active=front_tof | range=7.05 m | depth ratio=0.99 | window rates RGB/ToF=1.00/0.54 | frame change=0.0067 | truth angle FOV=False | RGB render volume=False | H/V angles=nan/nan deg | truth distance=inf m
[WARN] [1791340844.489648882] [front_tof_monitor]: USV RGB=True | TOF=False | active=front_rgb_only | range=nan m | depth ratio=0.00 | window rates RGB/ToF=1.00/0.56 | frame change=0.0067 | truth angle FOV=False | RGB render volume=False | H/V angles=nan/nan deg | truth distance=inf m
[INFO] [1791340844.588443842] [front_tof_monitor]: USV RGB=True | TOF=True | active=front_tof | range=6.55 m | depth ratio=0.99 | window rates RGB/ToF=1.00/0.58 | frame change=0.0043 | truth angle FOV=False | RGB render volume=False | H/V angles=nan/nan deg | truth distance=inf m
[WARN] [1791340844.689051686] [front_tof_monitor]: USV RGB=True | TOF=False | active=front_rgb_only | range=nan m | depth ratio=0.00 | window rates RGB/ToF=1.00/0.56 | frame change=0.0043 | truth angle FOV=False | RGB render volume=False | H/V angles=nan/nan deg | truth distance=inf m
[INFO] [1791340844.789746372] [front_tof_monitor]: USV RGB=True | TOF=True | active=front_tof | range=6.04 m | depth ratio=1.00 | window rates RGB/ToF=1.00/0.56 | frame change=0.0016 | truth angle FOV=False | RGB render volume=False | H/V angles=nan/nan deg | truth distance=inf m
[WARN] [1791340845.188501310] [front_tof_monitor]: USV RGB=True | TOF=False | active=front_rgb_only | range=nan m | depth ratio=0.00 | window rates RGB/ToF=1.00/0.57 | frame change=0.0026 | truth angle FOV=False | RGB render volume=False | H/V angles=nan/nan deg | truth distance=inf m
[INFO] [1791340845.288984307] [front_tof_monitor]: USV RGB=True | TOF=True | active=front_tof | range=4.94 m | depth ratio=0.98 | window rates RGB/ToF=1.00/0.60 | frame change=0.0026 | truth angle FOV=False | RGB render volume=False | H/V angles=nan/nan deg | truth distance=inf m
[WARN] [1791340846.090994155] [front_tof_monitor]: USV RGB=True | TOF=False | active=front_rgb_only | range=nan m | depth ratio=0.00 | window rates RGB/ToF=1.00/0.60 | frame change=0.0143 | truth angle FOV=False | RGB render volume=False | H/V angles=nan/nan deg | truth distance=inf m
[INFO] [1791340846.188791306] [front_tof_monitor]: USV RGB=True | TOF=True | active=front_tof | range=3.25 m | depth ratio=0.99 | window rates RGB/ToF=1.00/0.61 | frame change=0.0143 | truth angle FOV=False | RGB render volume=False | H/V angles=nan/nan deg | truth distance=inf m
[WARN] [1791340846.288389441] [front_tof_monitor]: USV RGB=True | TOF=False | active=front_rgb_only | range=nan m | depth ratio=0.00 | window rates RGB/ToF=1.00/0.59 | frame change=0.0232 | truth angle FOV=False | RGB render volume=False | H/V angles=nan/nan deg | truth distance=inf m
[INFO] [1791340846.388493224] [front_tof_monitor]: USV RGB=True | TOF=True | active=front_tof | range=2.90 m | depth ratio=0.99 | window rates RGB/ToF=1.00/0.59 | frame change=0.0232 | truth angle FOV=False | RGB render volume=False | H/V angles=nan/nan deg | truth distance=inf m
[WARN] [1791340846.588497380] [front_tof_monitor]: USV RGB=True | TOF=False | active=front_rgb_only | range=nan m | depth ratio=0.00 | window rates RGB/ToF=1.00/0.60 | frame change=0.0264 | truth angle FOV=False | RGB render volume=False | H/V angles=nan/nan deg | truth distance=inf m
[INFO] [1791340846.888714821] [front_tof_monitor]: USV RGB=True | TOF=True | active=front_tof | range=2.11 m | depth ratio=0.99 | window rates RGB/ToF=1.00/0.62 | frame change=0.0189 | truth angle FOV=False | RGB render volume=False | H/V angles=nan/nan deg | truth distance=inf m
[WARN] [1791340846.989197424] [front_tof_monitor]: USV RGB=True | TOF=False | active=front_rgb_only | range=nan m | depth ratio=0.00 | window rates RGB/ToF=1.00/0.62 | frame change=0.0050 | truth angle FOV=False | RGB render volume=False | H/V angles=nan/nan deg | truth distance=inf m
[INFO] [1791340847.289629616] [front_tof_monitor]: USV RGB=True | TOF=True | active=front_tof | range=1.71 m | depth ratio=0.99 | window rates RGB/ToF=1.00/0.59 | frame change=0.0154 | truth angle FOV=False | RGB render volume=False | H/V angles=nan/nan deg | truth distance=inf m
[WARN] [1791340847.488506620] [front_tof_monitor]: USV RGB=True | TOF=False | active=front_rgb_only | range=nan m | depth ratio=0.00 | window rates RGB/ToF=1.00/0.62 | frame change=0.0210 | truth angle FOV=False | RGB render volume=False | H/V angles=nan/nan deg | truth distance=inf m
[INFO] [1791340847.788363153] [front_tof_monitor]: USV RGB=True | TOF=True | active=front_tof | range=1.57 m | depth ratio=0.99 | window rates RGB/ToF=1.00/0.62 | frame change=0.0744 | truth angle FOV=False | RGB render volume=False | H/V angles=nan/nan deg | truth distance=inf m
[WARN] [1791340848.190724891] [front_tof_monitor]: USV RGB=True | TOF=False | active=front_rgb_only | range=nan m | depth ratio=0.00 | window rates RGB/ToF=1.00/0.64 | frame change=0.0242 | truth angle FOV=False | RGB render volume=False | H/V angles=nan/nan deg | truth distance=inf m
[INFO] [1791340848.689030803] [front_tof_monitor]: USV RGB=True | TOF=True | active=front_tof | range=6.50 m | depth ratio=0.99 | window rates RGB/ToF=1.00/0.58 | frame change=0.0283 | truth angle FOV=False | RGB render volume=False | H/V angles=nan/nan deg | truth distance=inf m
[WARN] [1791340849.088110783] [front_tof_monitor]: USV RGB=True | TOF=False | active=front_rgb_only | range=nan m | depth ratio=0.00 | window rates RGB/ToF=1.00/0.57 | frame change=0.0959 | truth angle FOV=False | RGB render volume=False | H/V angles=nan/nan deg | truth distance=inf m
[INFO] [1791340849.188082574] [front_tof_monitor]: USV RGB=True | TOF=True | active=front_tof | range=7.71 m | depth ratio=0.98 | window rates RGB/ToF=1.00/0.59 | frame change=0.0817 | truth angle FOV=False | RGB render volume=False | H/V angles=nan/nan deg | truth distance=inf m
[WARN] [1791340849.588675285] [front_tof_monitor]: USV RGB=True | TOF=False | active=front_rgb_only | range=nan m | depth ratio=0.00 | window rates RGB/ToF=1.00/0.61 | frame change=0.0395 | truth angle FOV=False | RGB render volume=False | H/V angles=nan/nan deg | truth distance=inf m
[INFO] [1791340849.689027302] [front_tof_monitor]: USV RGB=True | TOF=True | active=front_tof | range=5.28 m | depth ratio=1.00 | window rates RGB/ToF=1.00/0.61 | frame change=0.0064 | truth angle FOV=False | RGB render volume=False | H/V angles=nan/nan deg | truth distance=inf m
[WARN] [1791340849.788812019] [front_tof_monitor]: USV RGB=True | TOF=False | active=front_rgb_only | range=nan m | depth ratio=0.00 | window rates RGB/ToF=1.00/0.61 | frame change=0.0064 | truth angle FOV=False | RGB render volume=False | H/V angles=nan/nan deg | truth distance=inf m
[INFO] [1791340849.888817875] [front_tof_monitor]: USV RGB=True | TOF=True | active=front_tof | range=5.47 m | depth ratio=0.99 | window rates RGB/ToF=1.00/0.61 | frame change=0.0018 | truth angle FOV=False | RGB render volume=False | H/V angles=nan/nan deg | truth distance=inf m
[WARN] [1791340850.089324612] [front_tof_monitor]: USV RGB=True | TOF=False | active=front_rgb_only | range=nan m | depth ratio=0.00 | window rates RGB/ToF=1.00/0.59 | frame change=0.0017 | truth angle FOV=False | RGB render volume=False | H/V angles=nan/nan deg | truth distance=inf m
[INFO] [1791340850.188453570] [front_tof_monitor]: USV RGB=True | TOF=True | active=front_tof | range=5.70 m | depth ratio=0.99 | window rates RGB/ToF=1.00/0.60 | frame change=0.0017 | truth angle FOV=False | RGB render volume=False | H/V angles=nan/nan deg | truth distance=inf m
[WARN] [1791340850.588019418] [front_tof_monitor]: USV RGB=True | TOF=False | active=front_rgb_only | range=nan m | depth ratio=0.00 | window rates RGB/ToF=1.00/0.59 | frame change=0.0037 | truth angle FOV=False | RGB render volume=False | H/V angles=nan/nan deg | truth distance=inf m
[INFO] [1791340850.988506353] [front_tof_monitor]: USV RGB=True | TOF=True | active=front_tof | range=5.50 m | depth ratio=0.99 | window rates RGB/ToF=1.00/0.53 | frame change=0.0241 | truth angle FOV=False | RGB render volume=False | H/V angles=nan/nan deg | truth distance=inf m
[WARN] [1791340851.188714453] [front_tof_monitor]: USV RGB=True | TOF=False | active=front_rgb_only | range=nan m | depth ratio=0.00 | window rates RGB/ToF=1.00/0.53 | frame change=0.0241 | truth angle FOV=False | RGB render volume=False | H/V angles=nan/nan deg | truth distance=inf m
[INFO] [1791340851.288337710] [front_tof_monitor]: USV RGB=True | TOF=True | active=front_tof | range=5.26 m | depth ratio=0.99 | window rates RGB/ToF=1.00/0.54 | frame change=0.0291 | truth angle FOV=False | RGB render volume=False | H/V angles=nan/nan deg | truth distance=inf m
[WARN] [1791340851.689590731] [front_tof_monitor]: USV RGB=True | TOF=False | active=front_rgb_only | range=nan m | depth ratio=0.00 | window rates RGB/ToF=1.00/0.55 | frame change=0.0143 | truth angle FOV=False | RGB render volume=False | H/V angles=nan/nan deg | truth distance=inf m
[INFO] [1791340852.189188084] [front_tof_monitor]: USV RGB=True | TOF=True | active=front_tof | range=3.58 m | depth ratio=0.99 | window rates RGB/ToF=1.00/0.55 | frame change=0.0099 | truth angle FOV=False | RGB render volume=False | H/V angles=nan/nan deg | truth distance=inf m
[WARN] [1791340852.588610375] [front_tof_monitor]: USV RGB=True | TOF=False | active=front_rgb_only | range=nan m | depth ratio=0.00 | window rates RGB/ToF=1.00/0.57 | frame change=0.0054 | truth angle FOV=False | RGB render volume=False | H/V angles=nan/nan deg | truth distance=inf m
[INFO] [1791340852.689136456] [front_tof_monitor]: USV RGB=True | TOF=True | active=front_tof | range=3.01 m | depth ratio=0.99 | window rates RGB/ToF=1.00/0.59 | frame change=0.0054 | truth angle FOV=False | RGB render volume=False | H/V angles=nan/nan deg | truth distance=inf m
[WARN] [1791340852.788243224] [front_tof_monitor]: USV RGB=True | TOF=False | active=front_rgb_only | range=nan m | depth ratio=0.00 | window rates RGB/ToF=1.00/0.58 | frame change=0.0107 | truth angle FOV=False | RGB render volume=False | H/V angles=nan/nan deg | truth distance=inf m
[INFO] [1791340853.289258110] [front_tof_monitor]: USV RGB=True | TOF=True | active=front_tof | range=2.84 m | depth ratio=0.99 | window rates RGB/ToF=1.00/0.54 | frame change=0.0193 | truth angle FOV=False | RGB render volume=False | H/V angles=nan/nan deg | truth distance=inf m
[WARN] [1791340853.488477407] [front_tof_monitor]: USV RGB=True | TOF=False | active=front_rgb_only | range=nan m | depth ratio=0.00 | window rates RGB/ToF=1.00/0.56 | frame change=0.0181 | truth angle FOV=False | RGB render volume=False | H/V angles=nan/nan deg | truth distance=inf m
[INFO] [1791340853.889353833] [front_tof_monitor]: USV RGB=True | TOF=True | active=front_tof | range=2.82 m | depth ratio=0.99 | window rates RGB/ToF=1.00/0.52 | frame change=0.0140 | truth angle FOV=False | RGB render volume=False | H/V angles=nan/nan deg | truth distance=inf m
[WARN] [1791340854.288738132] [front_tof_monitor]: USV RGB=True | TOF=False | active=front_rgb_only | range=nan m | depth ratio=0.00 | window rates RGB/ToF=1.00/0.52 | frame change=0.0149 | truth angle FOV=False | RGB render volume=False | H/V angles=nan/nan deg | truth distance=inf m
[INFO] [1791340854.488768722] [front_tof_monitor]: USV RGB=True | TOF=True | active=front_tof | range=2.64 m | depth ratio=0.99 | window rates RGB/ToF=1.00/0.50 | frame change=0.0212 | truth angle FOV=False | RGB render volume=False | H/V angles=nan/nan deg | truth distance=inf m
[WARN] [1791340854.587923465] [front_tof_monitor]: USV RGB=True | TOF=False | active=front_rgb_only | range=nan m | depth ratio=0.00 | window rates RGB/ToF=1.00/0.49 | frame change=0.0212 | truth angle FOV=False | RGB render volume=False | H/V angles=nan/nan deg | truth distance=inf m
[INFO] [1791340854.988903345] [front_tof_monitor]: USV RGB=True | TOF=True | active=front_tof | range=2.25 m | depth ratio=0.99 | window rates RGB/ToF=1.00/0.47 | frame change=0.0250 | truth angle FOV=False | RGB render volume=False | H/V angles=nan/nan deg | truth distance=inf m
[WARN] [1791340855.087847223] [front_tof_monitor]: USV RGB=True | TOF=False | active=front_rgb_only | range=nan m | depth ratio=0.00 | window rates RGB/ToF=1.00/0.45 | frame change=0.0250 | truth angle FOV=False | RGB render volume=False | H/V angles=nan/nan deg | truth distance=inf m
[INFO] [1791340855.388958926] [front_tof_monitor]: USV RGB=True | TOF=True | active=front_tof | range=1.74 m | depth ratio=0.99 | window rates RGB/ToF=1.00/0.42 | frame change=0.0184 | truth angle FOV=False | RGB render volume=False | H/V angles=nan/nan deg | truth distance=inf m
[WARN] [1791340855.588811146] [front_tof_monitor]: USV RGB=True | TOF=False | active=front_rgb_only | range=nan m | depth ratio=0.00 | window rates RGB/ToF=1.00/0.42 | frame change=0.0184 | truth angle FOV=False | RGB render volume=False | H/V angles=nan/nan deg | truth distance=inf m
[INFO] [1791340855.688419364] [front_tof_monitor]: USV RGB=True | TOF=True | active=front_tof | range=1.60 m | depth ratio=0.99 | window rates RGB/ToF=1.00/0.43 | frame change=0.0225 | truth angle FOV=False | RGB render volume=False | H/V angles=nan/nan deg | truth distance=inf m
[WARN] [1791340855.888123748] [front_tof_monitor]: USV RGB=True | TOF=False | active=front_rgb_only | range=nan m | depth ratio=0.00 | window rates RGB/ToF=1.00/0.45 | frame change=0.0101 | truth angle FOV=False | RGB render volume=False | H/V angles=nan/nan deg | truth distance=inf m
[INFO] [1791340855.989142469] [front_tof_monitor]: USV RGB=True | TOF=True | active=front_tof | range=1.45 m | depth ratio=0.99 | window rates RGB/ToF=1.00/0.47 | frame change=0.0101 | truth angle FOV=False | RGB render volume=False | H/V angles=nan/nan deg | truth distance=inf m
[WARN] [1791340856.088781686] [front_tof_monitor]: USV RGB=True | TOF=False | active=front_rgb_only | range=nan m | depth ratio=0.00 | window rates RGB/ToF=1.00/0.45 | frame change=0.0132 | truth angle FOV=False | RGB render volume=False | H/V angles=nan/nan deg | truth distance=inf m
[INFO] [1791340856.188624685] [front_tof_monitor]: USV RGB=True | TOF=True | active=front_tof | range=1.44 m | depth ratio=0.99 | window rates RGB/ToF=1.00/0.46 | frame change=0.0132 | truth angle FOV=False | RGB render volume=False | H/V angles=nan/nan deg | truth distance=inf m
[WARN] [1791340856.288713143] [front_tof_monitor]: USV RGB=True | TOF=False | active=front_rgb_only | range=nan m | depth ratio=0.00 | window rates RGB/ToF=1.00/0.44 | frame change=0.0457 | truth angle FOV=False | RGB render volume=False | H/V angles=nan/nan deg | truth distance=inf m
[INFO] [1791340856.789165969] [front_tof_monitor]: USV RGB=True | TOF=True | active=front_tof | range=1.49 m | depth ratio=0.99 | window rates RGB/ToF=1.00/0.39 | frame change=0.0767 | truth angle FOV=False | RGB render volume=False | H/V angles=nan/nan deg | truth distance=inf m
[WARN] [1791340856.988626453] [front_tof_monitor]: USV RGB=True | TOF=False | active=front_rgb_only | range=nan m | depth ratio=0.00 | window rates RGB/ToF=1.00/0.41 | frame change=0.0698 | truth angle FOV=False | RGB render volume=False | H/V angles=nan/nan deg | truth distance=inf m
[INFO] [1791340857.089400967] [front_tof_monitor]: USV RGB=True | TOF=True | active=front_tof | range=1.39 m | depth ratio=0.99 | window rates RGB/ToF=1.00/0.44 | frame change=0.0698 | truth angle FOV=False | RGB render volume=False | H/V angles=nan/nan deg | truth distance=inf m
[WARN] [1791340857.188877260] [front_tof_monitor]: USV RGB=True | TOF=False | active=front_rgb_only | range=nan m | depth ratio=0.00 | window rates RGB/ToF=1.00/0.43 | frame change=0.0438 | truth angle FOV=False | RGB render volume=False | H/V angles=nan/nan deg | truth distance=inf m
[INFO] [1791340857.389396917] [front_tof_monitor]: USV RGB=True | TOF=True | active=front_tof | range=1.25 m | depth ratio=0.99 | window rates RGB/ToF=1.00/0.41 | frame change=0.0284 | truth angle FOV=False | RGB render volume=False | H/V angles=nan/nan deg | truth distance=inf m
[WARN] [1791340858.088591527] [front_tof_monitor]: USV RGB=True | TOF=False | active=front_rgb_only | range=nan m | depth ratio=0.00 | window rates RGB/ToF=1.00/0.48 | frame change=0.1311 | truth angle FOV=False | RGB render volume=False | H/V angles=nan/nan deg | truth distance=inf m
[INFO] [1791340858.488394929] [front_tof_monitor]: USV RGB=True | TOF=True | active=front_tof | range=0.90 m | depth ratio=0.99 | window rates RGB/ToF=1.00/0.46 | frame change=0.0478 | truth angle FOV=False | RGB render volume=False | H/V angles=nan/nan deg | truth distance=inf m
[WARN] [1791340858.589302627] [front_tof_monitor]: USV RGB=True | TOF=False | active=front_rgb_only | range=nan m | depth ratio=0.00 | window rates RGB/ToF=1.00/0.45 | frame change=0.0478 | truth angle FOV=False | RGB render volume=False | H/V angles=nan/nan deg | truth distance=inf m
[INFO] [1791340858.688395837] [front_tof_monitor]: USV RGB=True | TOF=True | active=front_tof | range=1.15 m | depth ratio=0.99 | window rates RGB/ToF=1.00/0.47 | frame change=0.0367 | truth angle FOV=False | RGB render volume=False | H/V angles=nan/nan deg | truth distance=inf m
[WARN] [1791340858.789038132] [front_tof_monitor]: USV RGB=True | TOF=False | active=front_rgb_only | range=nan m | depth ratio=0.00 | window rates RGB/ToF=1.00/0.47 | frame change=0.0367 | truth angle FOV=False | RGB render volume=False | H/V angles=nan/nan deg | truth distance=inf m
[INFO] [1791340858.989022692] [front_tof_monitor]: USV RGB=True | TOF=True | active=front_tof | range=2.03 m | depth ratio=0.99 | window rates RGB/ToF=1.00/0.46 | frame change=0.0304 | truth angle FOV=False | RGB render volume=False | H/V angles=nan/nan deg | truth distance=inf m
[WARN] [1791340859.388157816] [front_tof_monitor]: USV RGB=True | TOF=False | active=front_rgb_only | range=nan m | depth ratio=0.00 | window rates RGB/ToF=1.00/0.48 | frame change=0.0709 | truth angle FOV=False | RGB render volume=False | H/V angles=nan/nan deg | truth distance=inf m
[INFO] [1791340859.488474098] [front_tof_monitor]: USV RGB=True | TOF=True | active=front_tof | range=4.04 m | depth ratio=0.99 | window rates RGB/ToF=1.00/0.49 | frame change=0.0709 | truth angle FOV=False | RGB render volume=False | H/V angles=nan/nan deg | truth distance=inf m
[WARN] [1791340859.588100025] [front_tof_monitor]: USV RGB=True | TOF=False | active=front_rgb_only | range=nan m | depth ratio=0.00 | window rates RGB/ToF=1.00/0.48 | frame change=0.0324 | truth angle FOV=False | RGB render volume=False | H/V angles=nan/nan deg | truth distance=inf m
[INFO] [1791340859.889857111] [front_tof_monitor]: USV RGB=True | TOF=True | active=front_tof | range=8.55 m | depth ratio=0.99 | window rates RGB/ToF=1.00/0.50 | frame change=0.0339 | truth angle FOV=False | RGB render volume=False | H/V angles=nan/nan deg | truth distance=inf m
[WARN] [1791340859.988483889] [front_tof_monitor]: USV RGB=True | TOF=False | active=front_rgb_only | range=nan m | depth ratio=0.00 | window rates RGB/ToF=1.00/0.48 | frame change=0.0339 | truth angle FOV=False | RGB render volume=False | H/V angles=nan/nan deg | truth distance=inf m
[INFO] [1791340860.088251355] [front_tof_monitor]: USV RGB=True | TOF=True | active=front_tof | range=10.16 m | depth ratio=0.99 | window rates RGB/ToF=1.00/0.50 | frame change=0.0438 | truth angle FOV=False | RGB render volume=False | H/V angles=nan/nan deg | truth distance=inf m
[WARN] [1791340860.189351825] [front_tof_monitor]: USV RGB=True | TOF=False | active=front_rgb_only | range=nan m | depth ratio=0.00 | window rates RGB/ToF=1.00/0.50 | frame change=0.0438 | truth angle FOV=False | RGB render volume=False | H/V angles=nan/nan deg | truth distance=inf m
[INFO] [1791340860.588269095] [front_tof_monitor]: USV RGB=True | TOF=True | active=front_tof | range=5.79 m | depth ratio=1.00 | window rates RGB/ToF=1.00/0.47 | frame change=0.0277 | truth angle FOV=False | RGB render volume=False | H/V angles=nan/nan deg | truth distance=inf m
[WARN] [1791340861.288029282] [front_tof_monitor]: USV RGB=True | TOF=False | active=front_rgb_only | range=nan m | depth ratio=0.00 | window rates RGB/ToF=1.00/0.52 | frame change=0.0006 | truth angle FOV=False | RGB render volume=False | H/V angles=nan/nan deg | truth distance=inf m
[INFO] [1791340861.488423509] [front_tof_monitor]: USV RGB=True | TOF=True | active=front_tof | range=6.37 m | depth ratio=0.98 | window rates RGB/ToF=1.00/0.53 | frame change=0.0012 | truth angle FOV=False | RGB render volume=False | H/V angles=nan/nan deg | truth distance=inf m
[WARN] [1791340863.988619397] [front_tof_monitor]: USV RGB=True | TOF=False | active=front_rgb_only | range=nan m | depth ratio=0.00 | window rates RGB/ToF=1.00/0.76 | frame change=0.0271 | truth angle FOV=False | RGB render volume=False | H/V angles=nan/nan deg | truth distance=inf m
[INFO] [1791340864.189661284] [front_tof_monitor]: USV RGB=True | TOF=True | active=front_tof | range=2.64 m | depth ratio=0.99 | window rates RGB/ToF=1.00/0.74 | frame change=0.0294 | truth angle FOV=False | RGB render volume=False | H/V angles=nan/nan deg | truth distance=inf m
[WARN] [1791340864.388233969] [front_tof_monitor]: USV RGB=True | TOF=False | active=front_rgb_only | range=nan m | depth ratio=0.00 | window rates RGB/ToF=1.00/0.73 | frame change=0.0113 | truth angle FOV=False | RGB render volume=False | H/V angles=nan/nan deg | truth distance=inf m
[INFO] [1791340864.888670726] [front_tof_monitor]: USV RGB=True | TOF=True | active=front_tof | range=1.84 m | depth ratio=0.99 | window rates RGB/ToF=1.00/0.73 | frame change=0.0139 | truth angle FOV=False | RGB render volume=False | H/V angles=nan/nan deg | truth distance=inf m
[WARN] [1791340864.988536961] [front_tof_monitor]: USV RGB=True | TOF=False | active=front_rgb_only | range=nan m | depth ratio=0.00 | window rates RGB/ToF=1.00/0.71 | frame change=0.0139 | truth angle FOV=False | RGB render volume=False | H/V angles=nan/nan deg | truth distance=inf m
[INFO] [1791340865.189783793] [front_tof_monitor]: USV RGB=True | TOF=True | active=front_tof | range=1.54 m | depth ratio=0.99 | window rates RGB/ToF=1.00/0.72 | frame change=0.0152 | truth angle FOV=False | RGB render volume=False | H/V angles=nan/nan deg | truth distance=inf m
[WARN] [1791340866.088339304] [front_tof_monitor]: USV RGB=True | TOF=False | active=front_rgb_only | range=nan m | depth ratio=0.00 | window rates RGB/ToF=1.00/0.76 | frame change=0.0737 | truth angle FOV=False | RGB render volume=False | H/V angles=nan/nan deg | truth distance=inf m
[INFO] [1791340866.988764707] [front_tof_monitor]: USV RGB=True | TOF=True | active=front_tof | range=1.00 m | depth ratio=0.99 | window rates RGB/ToF=1.00/0.65 | frame change=0.1537 | truth angle FOV=False | RGB render volume=False | H/V angles=nan/nan deg | truth distance=inf m
[WARN] [1791340867.488237089] [front_tof_monitor]: USV RGB=True | TOF=False | active=front_rgb_only | range=nan m | depth ratio=0.00 | window rates RGB/ToF=1.00/0.63 | frame change=0.0144 | truth angle FOV=False | RGB render volume=False | H/V angles=nan/nan deg | truth distance=inf m
[INFO] [1791340867.689101004] [front_tof_monitor]: USV RGB=True | TOF=True | active=front_tof | range=0.81 m | depth ratio=0.99 | window rates RGB/ToF=1.00/0.60 | frame change=0.0491 | truth angle FOV=False | RGB render volume=False | H/V angles=nan/nan deg | truth distance=inf m
[WARN] [1791340867.788927308] [front_tof_monitor]: USV RGB=True | TOF=False | active=front_rgb_only | range=nan m | depth ratio=0.00 | window rates RGB/ToF=1.00/0.58 | frame change=0.0491 | truth angle FOV=False | RGB render volume=False | H/V angles=nan/nan deg | truth distance=inf m
[INFO] [1791340867.889203466] [front_tof_monitor]: USV RGB=True | TOF=True | active=front_tof | range=1.23 m | depth ratio=0.99 | window rates RGB/ToF=1.00/0.59 | frame change=0.0360 | truth angle FOV=False | RGB render volume=False | H/V angles=nan/nan deg | truth distance=inf m
[WARN] [1791340868.088861700] [front_tof_monitor]: USV RGB=True | TOF=False | active=front_rgb_only | range=nan m | depth ratio=0.00 | window rates RGB/ToF=1.00/0.57 | frame change=0.0360 | truth angle FOV=False | RGB render volume=False | H/V angles=nan/nan deg | truth distance=inf m
[INFO] [1791340868.190127682] [front_tof_monitor]: USV RGB=True | TOF=True | active=front_tof | range=1.83 m | depth ratio=0.99 | window rates RGB/ToF=1.00/0.57 | frame change=0.0254 | truth angle FOV=False | RGB render volume=False | H/V angles=nan/nan deg | truth distance=inf m
[WARN] [1791340868.288115694] [front_tof_monitor]: USV RGB=True | TOF=False | active=front_rgb_only | range=nan m | depth ratio=0.00 | window rates RGB/ToF=1.00/0.55 | frame change=0.0254 | truth angle FOV=False | RGB render volume=False | H/V angles=nan/nan deg | truth distance=inf m
[INFO] [1791340868.889666947] [front_tof_monitor]: USV RGB=True | TOF=True | active=front_tof | range=7.63 m | depth ratio=1.00 | window rates RGB/ToF=1.00/0.44 | frame change=0.0338 | truth angle FOV=False | RGB render volume=False | H/V angles=nan/nan deg | truth distance=inf m
[WARN] [1791340869.091324613] [front_tof_monitor]: USV RGB=True | TOF=False | active=front_rgb_only | range=nan m | depth ratio=0.00 | window rates RGB/ToF=1.00/0.46 | frame change=0.0338 | truth angle FOV=False | RGB render volume=False | H/V angles=nan/nan deg | truth distance=inf m
[INFO] [1791340869.189272612] [front_tof_monitor]: USV RGB=True | TOF=True | active=front_tof | range=5.30 m | depth ratio=0.99 | window rates RGB/ToF=1.00/0.46 | frame change=0.0464 | truth angle FOV=False | RGB render volume=False | H/V angles=nan/nan deg | truth distance=inf m
[WARN] [1791340870.089594418] [front_tof_monitor]: USV RGB=True | TOF=False | active=front_rgb_only | range=nan m | depth ratio=0.00 | window rates RGB/ToF=1.00/0.58 | frame change=0.0055 | truth angle FOV=False | RGB render volume=False | H/V angles=nan/nan deg | truth distance=inf m
[INFO] [1791340870.289617651] [front_tof_monitor]: USV RGB=True | TOF=True | active=front_tof | range=6.45 m | depth ratio=0.99 | window rates RGB/ToF=1.00/0.56 | frame change=0.0031 | truth angle FOV=False | RGB render volume=False | H/V angles=nan/nan deg | truth distance=inf m
[WARN] [1791340870.389264326] [front_tof_monitor]: USV RGB=True | TOF=False | active=front_rgb_only | range=nan m | depth ratio=0.00 | window rates RGB/ToF=1.00/0.54 | frame change=0.0031 | truth angle FOV=False | RGB render volume=False | H/V angles=nan/nan deg | truth distance=inf m
[INFO] [1791340870.489244156] [front_tof_monitor]: USV RGB=True | TOF=True | active=front_tof | range=6.42 m | depth ratio=0.98 | window rates RGB/ToF=1.00/0.54 | frame change=0.0037 | truth angle FOV=False | RGB render volume=False | H/V angles=nan/nan deg | truth distance=inf m
[WARN] [1791340870.589578100] [front_tof_monitor]: USV RGB=True | TOF=False | active=front_rgb_only | range=nan m | depth ratio=0.00 | window rates RGB/ToF=1.00/0.52 | frame change=0.0037 | truth angle FOV=False | RGB render volume=False | H/V angles=nan/nan deg | truth distance=inf m
[INFO] [1791340870.689262806] [front_tof_monitor]: USV RGB=True | TOF=True | active=front_tof | range=6.32 m | depth ratio=0.99 | window rates RGB/ToF=1.00/0.52 | frame change=0.0039 | truth angle FOV=False | RGB render volume=False | H/V angles=nan/nan deg | truth distance=inf m
[WARN] [1791340870.889124420] [front_tof_monitor]: USV RGB=True | TOF=False | active=front_rgb_only | range=nan m | depth ratio=0.00 | window rates RGB/ToF=1.00/0.50 | frame change=0.0039 | truth angle FOV=False | RGB render volume=False | H/V angles=nan/nan deg | truth distance=inf m
[INFO] [1791340870.988428376] [front_tof_monitor]: USV RGB=True | TOF=True | active=front_tof | range=6.27 m | depth ratio=0.98 | window rates RGB/ToF=1.00/0.51 | frame change=0.0136 | truth angle FOV=False | RGB render volume=False | H/V angles=nan/nan deg | truth distance=inf m
[WARN] [1791340871.088520934] [front_tof_monitor]: USV RGB=True | TOF=False | active=front_rgb_only | range=nan m | depth ratio=0.00 | window rates RGB/ToF=1.00/0.49 | frame change=0.0136 | truth angle FOV=False | RGB render volume=False | H/V angles=nan/nan deg | truth distance=inf m
[INFO] [1791340871.188431467] [front_tof_monitor]: USV RGB=True | TOF=True | active=front_tof | range=6.26 m | depth ratio=0.98 | window rates RGB/ToF=1.00/0.51 | frame change=0.0232 | truth angle FOV=False | RGB render volume=False | H/V angles=nan/nan deg | truth distance=inf m
[WARN] [1791340871.289237484] [front_tof_monitor]: USV RGB=True | TOF=False | active=front_rgb_only | range=nan m | depth ratio=0.00 | window rates RGB/ToF=1.00/0.52 | frame change=0.0232 | truth angle FOV=False | RGB render volume=False | H/V angles=nan/nan deg | truth distance=inf m
[INFO] [1791340871.390713204] [front_tof_monitor]: USV RGB=True | TOF=True | active=front_tof | range=6.04 m | depth ratio=0.99 | window rates RGB/ToF=1.00/0.54 | frame change=0.0293 | truth angle FOV=False | RGB render volume=False | H/V angles=nan/nan deg | truth distance=inf m
[WARN] [1791340871.989543679] [front_tof_monitor]: USV RGB=True | TOF=False | active=front_rgb_only | range=nan m | depth ratio=0.00 | window rates RGB/ToF=1.00/0.62 | frame change=0.0109 | truth angle FOV=False | RGB render volume=False | H/V angles=nan/nan deg | truth distance=inf m
[INFO] [1791340872.088723863] [front_tof_monitor]: USV RGB=True | TOF=True | active=front_tof | range=4.70 m | depth ratio=0.98 | window rates RGB/ToF=1.00/0.62 | frame change=0.0109 | truth angle FOV=False | RGB render volume=False | H/V angles=nan/nan deg | truth distance=inf m
[WARN] [1791340873.888252933] [front_tof_monitor]: USV RGB=True | TOF=False | active=front_rgb_only | range=nan m | depth ratio=0.00 | window rates RGB/ToF=1.00/0.80 | frame change=0.0084 | truth angle FOV=False | RGB render volume=False | H/V angles=nan/nan deg | truth distance=inf m
[INFO] [1791340874.089354791] [front_tof_monitor]: USV RGB=True | TOF=True | active=front_tof | range=2.42 m | depth ratio=0.99 | window rates RGB/ToF=1.00/0.78 | frame change=0.0111 | truth angle FOV=False | RGB render volume=False | H/V angles=nan/nan deg | truth distance=inf m
[WARN] [1791340874.189264036] [front_tof_monitor]: USV RGB=True | TOF=False | active=front_rgb_only | range=nan m | depth ratio=0.00 | window rates RGB/ToF=1.00/0.78 | frame change=0.0111 | truth angle FOV=False | RGB render volume=False | H/V angles=nan/nan deg | truth distance=inf m
[INFO] [1791340874.288466969] [front_tof_monitor]: USV RGB=True | TOF=True | active=front_tof | range=2.27 m | depth ratio=0.99 | window rates RGB/ToF=1.00/0.78 | frame change=0.0150 | truth angle FOV=False | RGB render volume=False | H/V angles=nan/nan deg | truth distance=inf m
[WARN] [1791340874.488173743] [front_tof_monitor]: USV RGB=True | TOF=False | active=front_rgb_only | range=nan m | depth ratio=0.00 | window rates RGB/ToF=1.00/0.76 | frame change=0.0112 | truth angle FOV=False | RGB render volume=False | H/V angles=nan/nan deg | truth distance=inf m
[INFO] [1791340874.588436278] [front_tof_monitor]: USV RGB=True | TOF=True | active=front_tof | range=2.03 m | depth ratio=0.99 | window rates RGB/ToF=1.00/0.76 | frame change=0.0112 | truth angle FOV=False | RGB render volume=False | H/V angles=nan/nan deg | truth distance=inf m
[WARN] [1791340874.788757960] [front_tof_monitor]: USV RGB=True | TOF=False | active=front_rgb_only | range=nan m | depth ratio=0.00 | window rates RGB/ToF=1.00/0.74 | frame change=0.0153 | truth angle FOV=False | RGB render volume=False | H/V angles=nan/nan deg | truth distance=inf m
[INFO] [1791340874.988356020] [front_tof_monitor]: USV RGB=True | TOF=True | active=front_tof | range=1.83 m | depth ratio=0.99 | window rates RGB/ToF=1.00/0.73 | frame change=0.0109 | truth angle FOV=False | RGB render volume=False | H/V angles=nan/nan deg | truth distance=inf m
[WARN] [1791340875.088903985] [front_tof_monitor]: USV RGB=True | TOF=False | active=front_rgb_only | range=nan m | depth ratio=0.00 | window rates RGB/ToF=1.00/0.71 | frame change=0.0109 | truth angle FOV=False | RGB render volume=False | H/V angles=nan/nan deg | truth distance=inf m
[INFO] [1791340875.689035652] [front_tof_monitor]: USV RGB=True | TOF=True | active=front_tof | range=1.50 m | depth ratio=0.99 | window rates RGB/ToF=1.00/0.68 | frame change=0.0031 | truth angle FOV=False | RGB render volume=False | H/V angles=nan/nan deg | truth distance=inf m
[WARN] [1791340875.788596958] [front_tof_monitor]: USV RGB=True | TOF=False | active=front_rgb_only | range=nan m | depth ratio=0.00 | window rates RGB/ToF=1.00/0.67 | frame change=0.0031 | truth angle FOV=False | RGB render volume=False | H/V angles=nan/nan deg | truth distance=inf m
[INFO] [1791340875.889108483] [front_tof_monitor]: USV RGB=True | TOF=True | active=front_tof | range=1.45 m | depth ratio=0.99 | window rates RGB/ToF=1.00/0.67 | frame change=0.0069 | truth angle FOV=False | RGB render volume=False | H/V angles=nan/nan deg | truth distance=inf m
[WARN] [1791340875.988609019] [front_tof_monitor]: USV RGB=True | TOF=False | active=front_rgb_only | range=nan m | depth ratio=0.00 | window rates RGB/ToF=1.00/0.66 | frame change=0.0069 | truth angle FOV=False | RGB render volume=False | H/V angles=nan/nan deg | truth distance=inf m
[INFO] [1791340876.690255305] [front_tof_monitor]: USV RGB=True | TOF=True | active=front_tof | range=1.52 m | depth ratio=0.99 | window rates RGB/ToF=1.00/0.59 | frame change=0.0081 | truth angle FOV=False | RGB render volume=False | H/V angles=nan/nan deg | truth distance=inf m
[WARN] [1791340877.088628868] [front_tof_monitor]: USV RGB=True | TOF=False | active=front_rgb_only | range=nan m | depth ratio=0.00 | window rates RGB/ToF=1.00/0.59 | frame change=0.0025 | truth angle FOV=False | RGB render volume=False | H/V angles=nan/nan deg | truth distance=inf m
[INFO] [1791340877.188214536] [front_tof_monitor]: USV RGB=True | TOF=True | active=front_tof | range=1.64 m | depth ratio=0.99 | window rates RGB/ToF=1.00/0.59 | frame change=0.0049 | truth angle FOV=False | RGB render volume=False | H/V angles=nan/nan deg | truth distance=inf m
[WARN] [1791340877.987940132] [front_tof_monitor]: USV RGB=True | TOF=False | active=front_rgb_only | range=nan m | depth ratio=0.00 | window rates RGB/ToF=1.00/0.57 | frame change=0.0053 | truth angle FOV=False | RGB render volume=False | H/V angles=nan/nan deg | truth distance=inf m
[INFO] [1791340878.088705543] [front_tof_monitor]: USV RGB=True | TOF=True | active=front_tof | range=1.74 m | depth ratio=0.99 | window rates RGB/ToF=1.00/0.57 | frame change=0.0053 | truth angle FOV=False | RGB render volume=False | H/V angles=nan/nan deg | truth distance=inf m
[WARN] [1791340878.288600047] [front_tof_monitor]: USV RGB=True | TOF=False | active=front_rgb_only | range=nan m | depth ratio=0.00 | window rates RGB/ToF=1.00/0.55 | frame change=0.0084 | truth angle FOV=False | RGB render volume=False | H/V angles=nan/nan deg | truth distance=inf m
[INFO] [1791340878.488944095] [front_tof_monitor]: USV RGB=True | TOF=True | active=front_tof | range=1.71 m | depth ratio=0.99 | window rates RGB/ToF=1.00/0.53 | frame change=0.0045 | truth angle FOV=False | RGB render volume=False | H/V angles=nan/nan deg | truth distance=inf m
[WARN] [1791340878.789123438] [front_tof_monitor]: USV RGB=True | TOF=False | active=front_rgb_only | range=nan m | depth ratio=0.00 | window rates RGB/ToF=1.00/0.50 | frame change=0.0058 | truth angle FOV=False | RGB render volume=False | H/V angles=nan/nan deg | truth distance=inf m
[INFO] [1791340878.989087910] [front_tof_monitor]: USV RGB=True | TOF=True | active=front_tof | range=1.67 m | depth ratio=0.99 | window rates RGB/ToF=1.00/0.52 | frame change=0.0071 | truth angle FOV=False | RGB render volume=False | H/V angles=nan/nan deg | truth distance=inf m
[WARN] [1791340879.188789775] [front_tof_monitor]: USV RGB=True | TOF=False | active=front_rgb_only | range=nan m | depth ratio=0.00 | window rates RGB/ToF=1.00/0.51 | frame change=0.0065 | truth angle FOV=False | RGB render volume=False | H/V angles=nan/nan deg | truth distance=inf m
[INFO] [1791340879.389574863] [front_tof_monitor]: USV RGB=True | TOF=True | active=front_tof | range=1.66 m | depth ratio=0.99 | window rates RGB/ToF=1.00/0.50 | frame change=0.0036 | truth angle FOV=False | RGB render volume=False | H/V angles=nan/nan deg | truth distance=inf m
[WARN] [1791340879.488724879] [front_tof_monitor]: USV RGB=True | TOF=False | active=front_rgb_only | range=nan m | depth ratio=0.00 | window rates RGB/ToF=1.00/0.50 | frame change=0.0036 | truth angle FOV=False | RGB render volume=False | H/V angles=nan/nan deg | truth distance=inf m
[INFO] [1791340879.588880571] [front_tof_monitor]: USV RGB=True | TOF=True | active=front_tof | range=1.67 m | depth ratio=0.99 | window rates RGB/ToF=1.00/0.50 | frame change=0.0063 | truth angle FOV=False | RGB render volume=False | H/V angles=nan/nan deg | truth distance=inf m
[WARN] [1791340879.788377843] [front_tof_monitor]: USV RGB=True | TOF=False | active=front_rgb_only | range=nan m | depth ratio=0.00 | window rates RGB/ToF=1.00/0.49 | frame change=0.0058 | truth angle FOV=False | RGB render volume=False | H/V angles=nan/nan deg | truth distance=inf m
[INFO] [1791340879.989940772] [front_tof_monitor]: USV RGB=True | TOF=True | active=front_tof | range=1.71 m | depth ratio=0.99 | window rates RGB/ToF=1.00/0.50 | frame change=0.0115 | truth angle FOV=False | RGB render volume=False | H/V angles=nan/nan deg | truth distance=inf m
[WARN] [1791340880.189001432] [front_tof_monitor]: USV RGB=True | TOF=False | active=front_rgb_only | range=nan m | depth ratio=0.00 | window rates RGB/ToF=1.00/0.51 | frame change=0.0110 | truth angle FOV=False | RGB render volume=False | H/V angles=nan/nan deg | truth distance=inf m
[INFO] [1791340880.888045637] [front_tof_monitor]: USV RGB=True | TOF=True | active=front_tof | range=1.89 m | depth ratio=0.99 | window rates RGB/ToF=1.00/0.51 | frame change=0.0117 | truth angle FOV=False | RGB render volume=False | H/V angles=nan/nan deg | truth distance=inf m
[WARN] [1791340881.088310415] [front_tof_monitor]: USV RGB=True | TOF=False | active=front_rgb_only | range=nan m | depth ratio=0.00 | window rates RGB/ToF=1.00/0.51 | frame change=0.0110 | truth angle FOV=False | RGB render volume=False | H/V angles=nan/nan deg | truth distance=inf m
[INFO] [1791340881.388241165] [front_tof_monitor]: USV RGB=True | TOF=True | active=front_tof | range=1.99 m | depth ratio=0.99 | window rates RGB/ToF=1.00/0.54 | frame change=0.0070 | truth angle FOV=False | RGB render volume=False | H/V angles=nan/nan deg | truth distance=inf m
[WARN] [1791340881.588623509] [front_tof_monitor]: USV RGB=True | TOF=False | active=front_rgb_only | range=nan m | depth ratio=0.00 | window rates RGB/ToF=1.00/0.55 | frame change=0.0099 | truth angle FOV=False | RGB render volume=False | H/V angles=nan/nan deg | truth distance=inf m
[INFO] [1791340881.788768133] [front_tof_monitor]: USV RGB=True | TOF=True | active=front_tof | range=2.05 m | depth ratio=0.99 | window rates RGB/ToF=1.00/0.55 | frame change=0.0102 | truth angle FOV=False | RGB render volume=False | H/V angles=nan/nan deg | truth distance=inf m
[WARN] [1791340881.888019816] [front_tof_monitor]: USV RGB=True | TOF=False | active=front_rgb_only | range=nan m | depth ratio=0.00 | window rates RGB/ToF=1.00/0.53 | frame change=0.0102 | truth angle FOV=False | RGB render volume=False | H/V angles=nan/nan deg | truth distance=inf m
[INFO] [1791340882.289035140] [front_tof_monitor]: USV RGB=True | TOF=True | active=front_tof | range=2.16 m | depth ratio=0.99 | window rates RGB/ToF=1.00/0.48 | frame change=0.0123 | truth angle FOV=False | RGB render volume=False | H/V angles=nan/nan deg | truth distance=inf m
[WARN] [1791340882.589345592] [front_tof_monitor]: USV RGB=True | TOF=False | active=front_rgb_only | range=nan m | depth ratio=0.00 | window rates RGB/ToF=1.00/0.46 | frame change=0.0149 | truth angle FOV=False | RGB render volume=False | H/V angles=nan/nan deg | truth distance=inf m
[INFO] [1791340883.089356555] [front_tof_monitor]: USV RGB=True | TOF=True | active=front_tof | range=2.31 m | depth ratio=0.99 | window rates RGB/ToF=1.00/0.40 | frame change=0.0124 | truth angle FOV=False | RGB render volume=False | H/V angles=nan/nan deg | truth distance=inf m
[WARN] [1791340883.188467483] [front_tof_monitor]: USV RGB=True | TOF=False | active=front_rgb_only | range=nan m | depth ratio=0.00 | window rates RGB/ToF=1.00/0.39 | frame change=0.0124 | truth angle FOV=False | RGB render volume=False | H/V angles=nan/nan deg | truth distance=inf m
[INFO] [1791340883.288356822] [front_tof_monitor]: USV RGB=True | TOF=True | active=front_tof | range=2.31 m | depth ratio=0.99 | window rates RGB/ToF=1.00/0.39 | frame change=0.0132 | truth angle FOV=False | RGB render volume=False | H/V angles=nan/nan deg | truth distance=inf m
[WARN] [1791340883.488426425] [front_tof_monitor]: USV RGB=True | TOF=False | active=front_rgb_only | range=nan m | depth ratio=0.00 | window rates RGB/ToF=1.00/0.40 | frame change=0.0145 | truth angle FOV=False | RGB render volume=False | H/V angles=nan/nan deg | truth distance=inf m
[INFO] [1791340883.688339979] [front_tof_monitor]: USV RGB=True | TOF=True | active=front_tof | range=2.24 m | depth ratio=0.99 | window rates RGB/ToF=1.00/0.39 | frame change=0.0071 | truth angle FOV=False | RGB render volume=False | H/V angles=nan/nan deg | truth distance=inf m
[WARN] [1791340883.890354955] [front_tof_monitor]: USV RGB=True | TOF=False | active=front_rgb_only | range=nan m | depth ratio=0.00 | window rates RGB/ToF=1.00/0.39 | frame change=0.0071 | truth angle FOV=False | RGB render volume=False | H/V angles=nan/nan deg | truth distance=inf m
[INFO] [1791340883.988165450] [front_tof_monitor]: USV RGB=True | TOF=True | active=front_tof | range=2.19 m | depth ratio=0.99 | window rates RGB/ToF=1.00/0.41 | frame change=0.0131 | truth angle FOV=False | RGB render volume=False | H/V angles=nan/nan deg | truth distance=inf m
[WARN] [1791340884.588903977] [front_tof_monitor]: USV RGB=True | TOF=False | active=front_rgb_only | range=nan m | depth ratio=0.00 | window rates RGB/ToF=1.00/0.45 | frame change=0.0105 | truth angle FOV=False | RGB render volume=False | H/V angles=nan/nan deg | truth distance=inf m
[INFO] [1791340885.088334465] [front_tof_monitor]: USV RGB=True | TOF=True | active=front_tof | range=1.80 m | depth ratio=0.99 | window rates RGB/ToF=1.00/0.41 | frame change=0.0139 | truth angle FOV=False | RGB render volume=False | H/V angles=nan/nan deg | truth distance=inf m
[WARN] [1791340885.289787851] [front_tof_monitor]: USV RGB=True | TOF=False | active=front_rgb_only | range=nan m | depth ratio=0.00 | window rates RGB/ToF=1.00/0.42 | frame change=0.0100 | truth angle FOV=False | RGB render volume=False | H/V angles=nan/nan deg | truth distance=inf m
[INFO] [1791340885.489125307] [front_tof_monitor]: USV RGB=True | TOF=True | active=front_tof | range=1.70 m | depth ratio=0.99 | window rates RGB/ToF=1.00/0.44 | frame change=0.0119 | truth angle FOV=False | RGB render volume=False | H/V angles=nan/nan deg | truth distance=inf m
[WARN] [1791340885.988956192] [front_tof_monitor]: USV RGB=True | TOF=False | active=front_rgb_only | range=nan m | depth ratio=0.00 | window rates RGB/ToF=1.00/0.48 | frame change=0.0161 | truth angle FOV=False | RGB render volume=False | H/V angles=nan/nan deg | truth distance=inf m
[INFO] [1791340886.188145296] [front_tof_monitor]: USV RGB=True | TOF=True | active=front_tof | range=1.56 m | depth ratio=0.99 | window rates RGB/ToF=1.00/0.49 | frame change=0.0097 | truth angle FOV=False | RGB render volume=False | H/V angles=nan/nan deg | truth distance=inf m
[WARN] [1791340886.688941273] [front_tof_monitor]: USV RGB=True | TOF=False | active=front_rgb_only | range=nan m | depth ratio=0.00 | window rates RGB/ToF=1.00/0.54 | frame change=0.0013 | truth angle FOV=False | RGB render volume=False | H/V angles=nan/nan deg | truth distance=inf m
[INFO] [1791340887.389926361] [front_tof_monitor]: USV RGB=True | TOF=True | active=front_tof | range=1.50 m | depth ratio=0.99 | window rates RGB/ToF=1.00/0.50 | frame change=0.0130 | truth angle FOV=False | RGB render volume=False | H/V angles=nan/nan deg | truth distance=inf m
[WARN] [1791340887.488060143] [front_tof_monitor]: USV RGB=True | TOF=False | active=front_rgb_only | range=nan m | depth ratio=0.00 | window rates RGB/ToF=1.00/0.49 | frame change=0.0130 | truth angle FOV=False | RGB render volume=False | H/V angles=nan/nan deg | truth distance=inf m
[INFO] [1791340888.091546185] [front_tof_monitor]: USV RGB=True | TOF=True | active=front_tof | range=1.60 m | depth ratio=0.99 | window rates RGB/ToF=1.00/0.48 | frame change=0.0077 | truth angle FOV=False | RGB render volume=False | H/V angles=nan/nan deg | truth distance=inf m
[WARN] [1791340888.288470230] [front_tof_monitor]: USV RGB=True | TOF=False | active=front_rgb_only | range=nan m | depth ratio=0.00 | window rates RGB/ToF=1.00/0.48 | frame change=0.0077 | truth angle FOV=False | RGB render volume=False | H/V angles=nan/nan deg | truth distance=inf m
[INFO] [1791340888.389135569] [front_tof_monitor]: USV RGB=True | TOF=True | active=front_tof | range=1.63 m | depth ratio=0.99 | window rates RGB/ToF=1.00/0.48 | frame change=0.0038 | truth angle FOV=False | RGB render volume=False | H/V angles=nan/nan deg | truth distance=inf m
[WARN] [1791340888.489341733] [front_tof_monitor]: USV RGB=True | TOF=False | active=front_rgb_only | range=nan m | depth ratio=0.00 | window rates RGB/ToF=1.00/0.48 | frame change=0.0038 | truth angle FOV=False | RGB render volume=False | H/V angles=nan/nan deg | truth distance=inf m
[INFO] [1791340888.588956233] [front_tof_monitor]: USV RGB=True | TOF=True | active=front_tof | range=1.68 m | depth ratio=0.99 | window rates RGB/ToF=1.00/0.49 | frame change=0.0028 | truth angle FOV=False | RGB render volume=False | H/V angles=nan/nan deg | truth distance=inf m
[WARN] [1791340888.788194436] [front_tof_monitor]: USV RGB=True | TOF=False | active=front_rgb_only | range=nan m | depth ratio=0.00 | window rates RGB/ToF=1.00/0.49 | frame change=0.0029 | truth angle FOV=False | RGB render volume=False | H/V angles=nan/nan deg | truth distance=inf m
[INFO] [1791340889.388177727] [front_tof_monitor]: USV RGB=True | TOF=True | active=front_tof | range=1.81 m | depth ratio=0.99 | window rates RGB/ToF=1.00/0.41 | frame change=0.0033 | truth angle FOV=False | RGB render volume=False | H/V angles=nan/nan deg | truth distance=inf m
[WARN] [1791340889.590839310] [front_tof_monitor]: USV RGB=True | TOF=False | active=front_rgb_only | range=nan m | depth ratio=0.00 | window rates RGB/ToF=1.00/0.40 | frame change=0.0033 | truth angle FOV=False | RGB render volume=False | H/V angles=nan/nan deg | truth distance=inf m
[INFO] [1791340889.688698364] [front_tof_monitor]: USV RGB=True | TOF=True | active=front_tof | range=1.81 m | depth ratio=0.99 | window rates RGB/ToF=1.00/0.42 | frame change=0.0071 | truth angle FOV=False | RGB render volume=False | H/V angles=nan/nan deg | truth distance=inf m
[WARN] [1791340890.089302360] [front_tof_monitor]: USV RGB=True | TOF=False | active=front_rgb_only | range=nan m | depth ratio=0.00 | window rates RGB/ToF=1.00/0.46 | frame change=0.0072 | truth angle FOV=False | RGB render volume=False | H/V angles=nan/nan deg | truth distance=inf m
[INFO] [1791340890.488768366] [front_tof_monitor]: USV RGB=True | TOF=True | active=front_tof | range=1.72 m | depth ratio=0.99 | window rates RGB/ToF=1.00/0.45 | frame change=0.0107 | truth angle FOV=False | RGB render volume=False | H/V angles=nan/nan deg | truth distance=inf m
[WARN] [1791340891.188206805] [front_tof_monitor]: USV RGB=True | TOF=False | active=front_rgb_only | range=nan m | depth ratio=0.00 | window rates RGB/ToF=1.00/0.46 | frame change=0.0057 | truth angle FOV=False | RGB render volume=False | H/V angles=nan/nan deg | truth distance=inf m
[INFO] [1791340891.690586722] [front_tof_monitor]: USV RGB=True | TOF=True | active=front_tof | range=1.61 m | depth ratio=0.99 | window rates RGB/ToF=1.00/0.40 | frame change=0.0222 | truth angle FOV=False | RGB render volume=False | H/V angles=nan/nan deg | truth distance=inf m
[WARN] [1791340892.088735235] [front_tof_monitor]: USV RGB=True | TOF=False | active=front_rgb_only | range=nan m | depth ratio=0.00 | window rates RGB/ToF=1.00/0.45 | frame change=0.0101 | truth angle FOV=False | RGB render volume=False | H/V angles=nan/nan deg | truth distance=inf m
[INFO] [1791340892.188498637] [front_tof_monitor]: USV RGB=True | TOF=True | active=front_tof | range=1.66 m | depth ratio=0.99 | window rates RGB/ToF=1.00/0.47 | frame change=0.0059 | truth angle FOV=False | RGB render volume=False | H/V angles=nan/nan deg | truth distance=inf m
[WARN] [1791340892.289099148] [front_tof_monitor]: USV RGB=True | TOF=False | active=front_rgb_only | range=nan m | depth ratio=0.00 | window rates RGB/ToF=1.00/0.47 | frame change=0.0059 | truth angle FOV=False | RGB render volume=False | H/V angles=nan/nan deg | truth distance=inf m
[INFO] [1791340892.390386497] [front_tof_monitor]: USV RGB=True | TOF=True | active=front_tof | range=1.70 m | depth ratio=0.99 | window rates RGB/ToF=1.00/0.49 | frame change=0.0064 | truth angle FOV=False | RGB render volume=False | H/V angles=nan/nan deg | truth distance=inf m
[WARN] [1791340892.488993845] [front_tof_monitor]: USV RGB=True | TOF=False | active=front_rgb_only | range=nan m | depth ratio=0.00 | window rates RGB/ToF=1.00/0.48 | frame change=0.0064 | truth angle FOV=False | RGB render volume=False | H/V angles=nan/nan deg | truth distance=inf m
[INFO] [1791340892.888516316] [front_tof_monitor]: USV RGB=True | TOF=True | active=front_tof | range=1.79 m | depth ratio=0.99 | window rates RGB/ToF=1.00/0.49 | frame change=0.0049 | truth angle FOV=False | RGB render volume=False | H/V angles=nan/nan deg | truth distance=inf m
[WARN] [1791340893.188770748] [front_tof_monitor]: USV RGB=True | TOF=False | active=front_rgb_only | range=nan m | depth ratio=0.00 | window rates RGB/ToF=1.00/0.51 | frame change=0.0064 | truth angle FOV=False | RGB render volume=False | H/V angles=nan/nan deg | truth distance=inf m
[INFO] [1791340893.688687047] [front_tof_monitor]: USV RGB=True | TOF=True | active=front_tof | range=1.87 m | depth ratio=0.99 | window rates RGB/ToF=1.00/0.47 | frame change=0.0040 | truth angle FOV=False | RGB render volume=False | H/V angles=nan/nan deg | truth distance=inf m
[WARN] [1791340893.888658441] [front_tof_monitor]: USV RGB=True | TOF=False | active=front_rgb_only | range=nan m | depth ratio=0.00 | window rates RGB/ToF=1.00/0.48 | frame change=0.0063 | truth angle FOV=False | RGB render volume=False | H/V angles=nan/nan deg | truth distance=inf m
[INFO] [1791340893.988345603] [front_tof_monitor]: USV RGB=True | TOF=True | active=front_tof | range=1.85 m | depth ratio=0.99 | window rates RGB/ToF=1.00/0.50 | frame change=0.0063 | truth angle FOV=False | RGB render volume=False | H/V angles=nan/nan deg | truth distance=inf m
[WARN] [1791340894.589220598] [front_tof_monitor]: USV RGB=True | TOF=False | active=front_rgb_only | range=nan m | depth ratio=0.00 | window rates RGB/ToF=1.00/0.55 | frame change=0.0070 | truth angle FOV=False | RGB render volume=False | H/V angles=nan/nan deg | truth distance=inf m
[INFO] [1791340894.688299775] [front_tof_monitor]: USV RGB=True | TOF=True | active=front_tof | range=1.76 m | depth ratio=0.99 | window rates RGB/ToF=1.00/0.57 | frame change=0.0080 | truth angle FOV=False | RGB render volume=False | H/V angles=nan/nan deg | truth distance=inf m
[WARN] [1791340895.788946076] [front_tof_monitor]: USV RGB=True | TOF=False | active=front_rgb_only | range=nan m | depth ratio=0.00 | window rates RGB/ToF=1.00/0.62 | frame change=0.0098 | truth angle FOV=False | RGB render volume=False | H/V angles=nan/nan deg | truth distance=inf m
[INFO] [1791340896.388679329] [front_tof_monitor]: USV RGB=True | TOF=True | active=front_tof | range=1.77 m | depth ratio=0.99 | window rates RGB/ToF=1.00/0.57 | frame change=0.0056 | truth angle FOV=False | RGB render volume=False | H/V angles=nan/nan deg | truth distance=inf m
[WARN] [1791340896.487936098] [front_tof_monitor]: USV RGB=True | TOF=False | active=front_rgb_only | range=nan m | depth ratio=0.00 | window rates RGB/ToF=1.00/0.57 | frame change=0.0056 | truth angle FOV=False | RGB render volume=False | H/V angles=nan/nan deg | truth distance=inf m
[INFO] [1791340896.588277721] [front_tof_monitor]: USV RGB=True | TOF=True | active=front_tof | range=1.80 m | depth ratio=0.99 | window rates RGB/ToF=1.00/0.59 | frame change=0.0059 | truth angle FOV=False | RGB render volume=False | H/V angles=nan/nan deg | truth distance=inf m
[WARN] [1791340896.689520477] [front_tof_monitor]: USV RGB=True | TOF=False | active=front_rgb_only | range=nan m | depth ratio=0.00 | window rates RGB/ToF=1.00/0.59 | frame change=0.0059 | truth angle FOV=False | RGB render volume=False | H/V angles=nan/nan deg | truth distance=inf m
[INFO] [1791340897.089746289] [front_tof_monitor]: USV RGB=True | TOF=True | active=front_tof | range=1.88 m | depth ratio=0.99 | window rates RGB/ToF=1.00/0.53 | frame change=0.0033 | truth angle FOV=False | RGB render volume=False | H/V angles=nan/nan deg | truth distance=inf m
[WARN] [1791340897.289989282] [front_tof_monitor]: USV RGB=True | TOF=False | active=front_rgb_only | range=nan m | depth ratio=0.00 | window rates RGB/ToF=1.00/0.54 | frame change=0.0061 | truth angle FOV=False | RGB render volume=False | H/V angles=nan/nan deg | truth distance=inf m
[INFO] [1791340897.588403947] [front_tof_monitor]: USV RGB=True | TOF=True | active=front_tof | range=1.94 m | depth ratio=0.99 | window rates RGB/ToF=1.00/0.53 | frame change=0.0046 | truth angle FOV=False | RGB render volume=False | H/V angles=nan/nan deg | truth distance=inf m
[WARN] [1791340897.789802361] [front_tof_monitor]: USV RGB=True | TOF=False | active=front_rgb_only | range=nan m | depth ratio=0.00 | window rates RGB/ToF=1.00/0.56 | frame change=0.0077 | truth angle FOV=False | RGB render volume=False | H/V angles=nan/nan deg | truth distance=inf m
[INFO] [1791340897.988508351] [front_tof_monitor]: USV RGB=True | TOF=True | active=front_tof | range=1.91 m | depth ratio=0.99 | window rates RGB/ToF=1.00/0.55 | frame change=0.0060 | truth angle FOV=False | RGB render volume=False | H/V angles=nan/nan deg | truth distance=inf m
[WARN] [1791340898.688045696] [front_tof_monitor]: USV RGB=True | TOF=False | active=front_rgb_only | range=nan m | depth ratio=0.00 | window rates RGB/ToF=1.00/0.63 | frame change=0.0057 | truth angle FOV=False | RGB render volume=False | H/V angles=nan/nan deg | truth distance=inf m
[INFO] [1791340898.989998790] [front_tof_monitor]: USV RGB=True | TOF=True | active=front_tof | range=1.79 m | depth ratio=0.99 | window rates RGB/ToF=1.00/0.60 | frame change=0.0038 | truth angle FOV=False | RGB render volume=False | H/V angles=nan/nan deg | truth distance=inf m
[WARN] [1791340899.088352305] [front_tof_monitor]: USV RGB=True | TOF=False | active=front_rgb_only | range=nan m | depth ratio=0.00 | window rates RGB/ToF=1.00/0.58 | frame change=0.0083 | truth angle FOV=False | RGB render volume=False | H/V angles=nan/nan deg | truth distance=inf m
[INFO] [1791340899.288954852] [front_tof_monitor]: USV RGB=True | TOF=True | active=front_tof | range=1.77 m | depth ratio=0.99 | window rates RGB/ToF=1.00/0.56 | frame change=0.0087 | truth angle FOV=False | RGB render volume=False | H/V angles=nan/nan deg | truth distance=inf m
[WARN] [1791340899.488003349] [front_tof_monitor]: USV RGB=True | TOF=False | active=front_rgb_only | range=nan m | depth ratio=0.00 | window rates RGB/ToF=1.00/0.55 | frame change=0.0115 | truth angle FOV=False | RGB render volume=False | H/V angles=nan/nan deg | truth distance=inf m
[INFO] [1791340899.791783484] [front_tof_monitor]: USV RGB=True | TOF=True | active=front_tof | range=1.79 m | depth ratio=0.99 | window rates RGB/ToF=1.00/0.53 | frame change=0.0140 | truth angle FOV=False | RGB render volume=False | H/V angles=nan/nan deg | truth distance=inf m
[WARN] [1791340899.987958255] [front_tof_monitor]: USV RGB=True | TOF=False | active=front_rgb_only | range=nan m | depth ratio=0.00 | window rates RGB/ToF=1.00/0.50 | frame change=0.0132 | truth angle FOV=False | RGB render volume=False | H/V angles=nan/nan deg | truth distance=inf m
[INFO] [1791340900.089100240] [front_tof_monitor]: USV RGB=True | TOF=True | active=front_tof | range=1.86 m | depth ratio=0.99 | window rates RGB/ToF=1.00/0.51 | frame change=0.0132 | truth angle FOV=False | RGB render volume=False | H/V angles=nan/nan deg | truth distance=inf m
[WARN] [1791340900.187957513] [front_tof_monitor]: USV RGB=True | TOF=False | active=front_rgb_only | range=nan m | depth ratio=0.00 | window rates RGB/ToF=1.00/0.49 | frame change=0.0102 | truth angle FOV=False | RGB render volume=False | H/V angles=nan/nan deg | truth distance=inf m
[INFO] [1791340900.290845185] [front_tof_monitor]: USV RGB=True | TOF=True | active=front_tof | range=1.90 m | depth ratio=0.99 | window rates RGB/ToF=1.00/0.48 | frame change=0.0102 | truth angle FOV=False | RGB render volume=False | H/V angles=nan/nan deg | truth distance=inf m
[WARN] [1791340900.688619946] [front_tof_monitor]: USV RGB=True | TOF=False | active=front_rgb_only | range=nan m | depth ratio=0.00 | window rates RGB/ToF=1.00/0.47 | frame change=0.0122 | truth angle FOV=False | RGB render volume=False | H/V angles=nan/nan deg | truth distance=inf m
[INFO] [1791340900.788801002] [front_tof_monitor]: USV RGB=True | TOF=True | active=front_tof | range=2.03 m | depth ratio=0.99 | window rates RGB/ToF=1.00/0.47 | frame change=0.0122 | truth angle FOV=False | RGB render volume=False | H/V angles=nan/nan deg | truth distance=inf m
[WARN] [1791340900.888823580] [front_tof_monitor]: USV RGB=True | TOF=False | active=front_rgb_only | range=nan m | depth ratio=0.00 | window rates RGB/ToF=1.00/0.47 | frame change=0.0059 | truth angle FOV=False | RGB render volume=False | H/V angles=nan/nan deg | truth distance=inf m
[INFO] [1791340901.690051116] [front_tof_monitor]: USV RGB=True | TOF=True | active=front_tof | range=2.30 m | depth ratio=0.99 | window rates RGB/ToF=1.00/0.46 | frame change=0.0099 | truth angle FOV=False | RGB render volume=False | H/V angles=nan/nan deg | truth distance=inf m
[WARN] [1791340901.888268468] [front_tof_monitor]: USV RGB=True | TOF=False | active=front_rgb_only | range=nan m | depth ratio=0.00 | window rates RGB/ToF=1.00/0.47 | frame change=0.0083 | truth angle FOV=False | RGB render volume=False | H/V angles=nan/nan deg | truth distance=inf m
[INFO] [1791340902.389380018] [front_tof_monitor]: USV RGB=True | TOF=True | active=front_tof | range=2.41 m | depth ratio=0.99 | window rates RGB/ToF=1.00/0.46 | frame change=0.0051 | truth angle FOV=False | RGB render volume=False | H/V angles=nan/nan deg | truth distance=inf m
[WARN] [1791340902.488842334] [front_tof_monitor]: USV RGB=True | TOF=False | active=front_rgb_only | range=nan m | depth ratio=0.00 | window rates RGB/ToF=1.00/0.46 | frame change=0.0051 | truth angle FOV=False | RGB render volume=False | H/V angles=nan/nan deg | truth distance=inf m
[INFO] [1791340902.788728126] [front_tof_monitor]: USV RGB=True | TOF=True | active=front_tof | range=2.37 m | depth ratio=0.99 | window rates RGB/ToF=1.00/0.43 | frame change=0.0079 | truth angle FOV=False | RGB render volume=False | H/V angles=nan/nan deg | truth distance=inf m
[WARN] [1791340903.288750023] [front_tof_monitor]: USV RGB=True | TOF=False | active=front_rgb_only | range=nan m | depth ratio=0.00 | window rates RGB/ToF=1.00/0.45 | frame change=0.0106 | truth angle FOV=False | RGB render volume=False | H/V angles=nan/nan deg | truth distance=inf m
[INFO] [1791340903.588853549] [front_tof_monitor]: USV RGB=True | TOF=True | active=front_tof | range=2.07 m | depth ratio=0.99 | window rates RGB/ToF=1.00/0.41 | frame change=0.0117 | truth angle FOV=False | RGB render volume=False | H/V angles=nan/nan deg | truth distance=inf m
[WARN] [1791340903.988366512] [front_tof_monitor]: USV RGB=True | TOF=False | active=front_rgb_only | range=nan m | depth ratio=0.00 | window rates RGB/ToF=1.00/0.44 | frame change=0.0122 | truth angle FOV=False | RGB render volume=False | H/V angles=nan/nan deg | truth distance=inf m
[INFO] [1791340904.089526535] [front_tof_monitor]: USV RGB=True | TOF=True | active=front_tof | range=1.87 m | depth ratio=0.99 | window rates RGB/ToF=1.00/0.46 | frame change=0.0122 | truth angle FOV=False | RGB render volume=False | H/V angles=nan/nan deg | truth distance=inf m
[WARN] [1791340904.188473522] [front_tof_monitor]: USV RGB=True | TOF=False | active=front_rgb_only | range=nan m | depth ratio=0.00 | window rates RGB/ToF=1.00/0.46 | frame change=0.0082 | truth angle FOV=False | RGB render volume=False | H/V angles=nan/nan deg | truth distance=inf m
[INFO] [1791340904.488226226] [front_tof_monitor]: USV RGB=True | TOF=True | active=front_tof | range=1.77 m | depth ratio=0.99 | window rates RGB/ToF=1.00/0.44 | frame change=0.0048 | truth angle FOV=False | RGB render volume=False | H/V angles=nan/nan deg | truth distance=inf m
[WARN] [1791340904.588149300] [front_tof_monitor]: USV RGB=True | TOF=False | active=front_rgb_only | range=nan m | depth ratio=0.00 | window rates RGB/ToF=1.00/0.43 | frame change=0.0048 | truth angle FOV=False | RGB render volume=False | H/V angles=nan/nan deg | truth distance=inf m
[INFO] [1791340904.688756453] [front_tof_monitor]: USV RGB=True | TOF=True | active=front_tof | range=1.73 m | depth ratio=0.99 | window rates RGB/ToF=1.00/0.45 | frame change=0.0058 | truth angle FOV=False | RGB render volume=False | H/V angles=nan/nan deg | truth distance=inf m
[WARN] [1791340904.888828694] [front_tof_monitor]: USV RGB=True | TOF=False | active=front_rgb_only | range=nan m | depth ratio=0.00 | window rates RGB/ToF=1.00/0.45 | frame change=0.0095 | truth angle FOV=False | RGB render volume=False | H/V angles=nan/nan deg | truth distance=inf m
[INFO] [1791340904.988282855] [front_tof_monitor]: USV RGB=True | TOF=True | active=front_tof | range=1.70 m | depth ratio=0.99 | window rates RGB/ToF=1.00/0.45 | frame change=0.0095 | truth angle FOV=False | RGB render volume=False | H/V angles=nan/nan deg | truth distance=inf m
[WARN] [1791340905.389352298] [front_tof_monitor]: USV RGB=True | TOF=False | active=front_rgb_only | range=nan m | depth ratio=0.00 | window rates RGB/ToF=1.00/0.46 | frame change=0.0034 | truth angle FOV=False | RGB render volume=False | H/V angles=nan/nan deg | truth distance=inf m
[INFO] [1791340905.689404939] [front_tof_monitor]: USV RGB=True | TOF=True | active=front_tof | range=1.65 m | depth ratio=0.99 | window rates RGB/ToF=1.00/0.44 | frame change=0.0066 | truth angle FOV=False | RGB render volume=False | H/V angles=nan/nan deg | truth distance=inf m
[WARN] [1791340906.088679054] [front_tof_monitor]: USV RGB=True | TOF=False | active=front_rgb_only | range=nan m | depth ratio=0.00 | window rates RGB/ToF=1.00/0.47 | frame change=0.0132 | truth angle FOV=False | RGB render volume=False | H/V angles=nan/nan deg | truth distance=inf m
[INFO] [1791340906.391485899] [front_tof_monitor]: USV RGB=True | TOF=True | active=front_tof | range=1.58 m | depth ratio=0.99 | window rates RGB/ToF=1.00/0.50 | frame change=0.0054 | truth angle FOV=False | RGB render volume=False | H/V angles=nan/nan deg | truth distance=inf m
[WARN] [1791340906.589037407] [front_tof_monitor]: USV RGB=True | TOF=False | active=front_rgb_only | range=nan m | depth ratio=0.00 | window rates RGB/ToF=1.00/0.52 | frame change=0.0013 | truth angle FOV=False | RGB render volume=False | H/V angles=nan/nan deg | truth distance=inf m
[INFO] [1791340906.688254057] [front_tof_monitor]: USV RGB=True | TOF=True | active=front_tof | range=1.56 m | depth ratio=0.99 | window rates RGB/ToF=1.00/0.53 | frame change=0.0013 | truth angle FOV=False | RGB render volume=False | H/V angles=nan/nan deg | truth distance=inf m
[WARN] [1791340906.789908143] [front_tof_monitor]: USV RGB=True | TOF=False | active=front_rgb_only | range=nan m | depth ratio=0.00 | window rates RGB/ToF=1.00/0.51 | frame change=0.0014 | truth angle FOV=False | RGB render volume=False | H/V angles=nan/nan deg | truth distance=inf m
[INFO] [1791340907.088580842] [front_tof_monitor]: USV RGB=True | TOF=True | active=front_tof | range=1.55 m | depth ratio=0.99 | window rates RGB/ToF=1.00/0.51 | frame change=0.0054 | truth angle FOV=False | RGB render volume=False | H/V angles=nan/nan deg | truth distance=inf m
[WARN] [1791340907.188350701] [front_tof_monitor]: USV RGB=True | TOF=False | active=front_rgb_only | range=nan m | depth ratio=0.00 | window rates RGB/ToF=1.00/0.51 | frame change=0.0039 | truth angle FOV=False | RGB render volume=False | H/V angles=nan/nan deg | truth distance=inf m
[INFO] [1791340907.689131629] [front_tof_monitor]: USV RGB=True | TOF=True | active=front_tof | range=1.57 m | depth ratio=0.99 | window rates RGB/ToF=1.00/0.52 | frame change=0.0124 | truth angle FOV=False | RGB render volume=False | H/V angles=nan/nan deg | truth distance=inf m
[WARN] [1791340907.788749802] [front_tof_monitor]: USV RGB=True | TOF=False | active=front_rgb_only | range=nan m | depth ratio=0.00 | window rates RGB/ToF=1.00/0.50 | frame change=0.0124 | truth angle FOV=False | RGB render volume=False | H/V angles=nan/nan deg | truth distance=inf m
[INFO] [1791340907.889106065] [front_tof_monitor]: USV RGB=True | TOF=True | active=front_tof | range=1.59 m | depth ratio=0.99 | window rates RGB/ToF=1.00/0.51 | frame change=0.0147 | truth angle FOV=False | RGB render volume=False | H/V angles=nan/nan deg | truth distance=inf m
[WARN] [1791340908.088893596] [front_tof_monitor]: USV RGB=True | TOF=False | active=front_rgb_only | range=nan m | depth ratio=0.00 | window rates RGB/ToF=1.00/0.48 | frame change=0.0147 | truth angle FOV=False | RGB render volume=False | H/V angles=nan/nan deg | truth distance=inf m
[INFO] [1791340908.188909421] [front_tof_monitor]: USV RGB=True | TOF=True | active=front_tof | range=1.64 m | depth ratio=0.99 | window rates RGB/ToF=1.00/0.48 | frame change=0.0057 | truth angle FOV=False | RGB render volume=False | H/V angles=nan/nan deg | truth distance=inf m
[WARN] [1791340908.389909480] [front_tof_monitor]: USV RGB=True | TOF=False | active=front_rgb_only | range=nan m | depth ratio=0.00 | window rates RGB/ToF=1.00/0.50 | frame change=0.0047 | truth angle FOV=False | RGB render volume=False | H/V angles=nan/nan deg | truth distance=inf m
[INFO] [1791340908.788677313] [front_tof_monitor]: USV RGB=True | TOF=True | active=front_tof | range=1.78 m | depth ratio=0.99 | window rates RGB/ToF=1.00/0.47 | frame change=0.0069 | truth angle FOV=False | RGB render volume=False | H/V angles=nan/nan deg | truth distance=inf m
[WARN] [1791340909.688422801] [front_tof_monitor]: USV RGB=True | TOF=False | active=front_rgb_only | range=nan m | depth ratio=0.00 | window rates RGB/ToF=1.00/0.55 | frame change=0.0075 | truth angle FOV=False | RGB render volume=False | H/V angles=nan/nan deg | truth distance=inf m
[INFO] [1791340909.789022044] [front_tof_monitor]: USV RGB=True | TOF=True | active=front_tof | range=1.85 m | depth ratio=0.99 | window rates RGB/ToF=1.00/0.54 | frame change=0.0075 | truth angle FOV=False | RGB render volume=False | H/V angles=nan/nan deg | truth distance=inf m
[WARN] [1791340909.887885037] [front_tof_monitor]: USV RGB=True | TOF=False | active=front_rgb_only | range=nan m | depth ratio=0.00 | window rates RGB/ToF=1.00/0.54 | frame change=0.0062 | truth angle FOV=False | RGB render volume=False | H/V angles=nan/nan deg | truth distance=inf m
[INFO] [1791340909.989219234] [front_tof_monitor]: USV RGB=True | TOF=True | active=front_tof | range=1.84 m | depth ratio=0.99 | window rates RGB/ToF=1.00/0.54 | frame change=0.0062 | truth angle FOV=False | RGB render volume=False | H/V angles=nan/nan deg | truth distance=inf m
[WARN] [1791340910.388661197] [front_tof_monitor]: USV RGB=True | TOF=False | active=front_rgb_only | range=nan m | depth ratio=0.00 | window rates RGB/ToF=1.00/0.53 | frame change=0.0093 | truth angle FOV=False | RGB render volume=False | H/V angles=nan/nan deg | truth distance=inf m
[INFO] [1791340910.489818555] [front_tof_monitor]: USV RGB=True | TOF=True | active=front_tof | range=1.78 m | depth ratio=0.99 | window rates RGB/ToF=1.00/0.55 | frame change=0.0093 | truth angle FOV=False | RGB render volume=False | H/V angles=nan/nan deg | truth distance=inf m
[WARN] [1791340910.589427085] [front_tof_monitor]: USV RGB=True | TOF=False | active=front_rgb_only | range=nan m | depth ratio=0.00 | window rates RGB/ToF=1.00/0.56 | frame change=0.0094 | truth angle FOV=False | RGB render volume=False | H/V angles=nan/nan deg | truth distance=inf m
[INFO] [1791340910.890766769] [front_tof_monitor]: USV RGB=True | TOF=True | active=front_tof | range=1.75 m | depth ratio=0.99 | window rates RGB/ToF=1.00/0.52 | frame change=0.0097 | truth angle FOV=False | RGB render volume=False | H/V angles=nan/nan deg | truth distance=inf m
[WARN] [1791340911.288750666] [front_tof_monitor]: USV RGB=True | TOF=False | active=front_rgb_only | range=nan m | depth ratio=0.00 | window rates RGB/ToF=1.00/0.55 | frame change=0.0074 | truth angle FOV=False | RGB render volume=False | H/V angles=nan/nan deg | truth distance=inf m
[INFO] [1791340911.589075608] [front_tof_monitor]: USV RGB=True | TOF=True | active=front_tof | range=1.76 m | depth ratio=0.99 | window rates RGB/ToF=1.00/0.53 | frame change=0.0112 | truth angle FOV=False | RGB render volume=False | H/V angles=nan/nan deg | truth distance=inf m
[WARN] [1791340911.688052184] [front_tof_monitor]: USV RGB=True | TOF=False | active=front_rgb_only | range=nan m | depth ratio=0.00 | window rates RGB/ToF=1.00/0.53 | frame change=0.0112 | truth angle FOV=False | RGB render volume=False | H/V angles=nan/nan deg | truth distance=inf m
[INFO] [1791340911.789481380] [front_tof_monitor]: USV RGB=True | TOF=True | active=front_tof | range=1.80 m | depth ratio=0.99 | window rates RGB/ToF=1.00/0.53 | frame change=0.0141 | truth angle FOV=False | RGB render volume=False | H/V angles=nan/nan deg | truth distance=inf m
[WARN] [1791340911.888131064] [front_tof_monitor]: USV RGB=True | TOF=False | active=front_rgb_only | range=nan m | depth ratio=0.00 | window rates RGB/ToF=1.00/0.54 | frame change=0.0141 | truth angle FOV=False | RGB render volume=False | H/V angles=nan/nan deg | truth distance=inf m
[INFO] [1791340912.289872852] [front_tof_monitor]: USV RGB=True | TOF=True | active=front_tof | range=1.94 m | depth ratio=0.99 | window rates RGB/ToF=1.00/0.53 | frame change=0.0194 | truth angle FOV=False | RGB render volume=False | H/V angles=nan/nan deg | truth distance=inf m
[WARN] [1791340912.388434271] [front_tof_monitor]: USV RGB=True | TOF=False | active=front_rgb_only | range=nan m | depth ratio=0.00 | window rates RGB/ToF=1.00/0.53 | frame change=0.0194 | truth angle FOV=False | RGB render volume=False | H/V angles=nan/nan deg | truth distance=inf m
[INFO] [1791340912.488589573] [front_tof_monitor]: USV RGB=True | TOF=True | active=front_tof | range=2.02 m | depth ratio=0.99 | window rates RGB/ToF=1.00/0.56 | frame change=0.0149 | truth angle FOV=False | RGB render volume=False | H/V angles=nan/nan deg | truth distance=inf m
[WARN] [1791340912.691178719] [front_tof_monitor]: USV RGB=True | TOF=False | active=front_rgb_only | range=nan m | depth ratio=0.00 | window rates RGB/ToF=1.00/0.56 | frame change=0.0149 | truth angle FOV=False | RGB render volume=False | H/V angles=nan/nan deg | truth distance=inf m
[INFO] [1791340912.789676844] [front_tof_monitor]: USV RGB=True | TOF=True | active=front_tof | range=2.12 m | depth ratio=0.99 | window rates RGB/ToF=1.00/0.58 | frame change=0.0129 | truth angle FOV=False | RGB render volume=False | H/V angles=nan/nan deg | truth distance=inf m
[WARN] [1791340912.888195881] [front_tof_monitor]: USV RGB=True | TOF=False | active=front_rgb_only | range=nan m | depth ratio=0.00 | window rates RGB/ToF=1.00/0.57 | frame change=0.0129 | truth angle FOV=False | RGB render volume=False | H/V angles=nan/nan deg | truth distance=inf m
[INFO] [1791340912.989114155] [front_tof_monitor]: USV RGB=True | TOF=True | active=front_tof | range=2.20 m | depth ratio=0.99 | window rates RGB/ToF=1.00/0.57 | frame change=0.0109 | truth angle FOV=False | RGB render volume=False | H/V angles=nan/nan deg | truth distance=inf m
[WARN] [1791340913.188440752] [front_tof_monitor]: USV RGB=True | TOF=False | active=front_rgb_only | range=nan m | depth ratio=0.00 | window rates RGB/ToF=1.00/0.56 | frame change=0.0109 | truth angle FOV=False | RGB render volume=False | H/V angles=nan/nan deg | truth distance=inf m
[INFO] [1791340913.289040598] [front_tof_monitor]: USV RGB=True | TOF=True | active=front_tof | range=2.29 m | depth ratio=0.99 | window rates RGB/ToF=1.00/0.57 | frame change=0.0096 | truth angle FOV=False | RGB render volume=False | H/V angles=nan/nan deg | truth distance=inf m
[WARN] [1791340913.389727245] [front_tof_monitor]: USV RGB=True | TOF=False | active=front_rgb_only | range=nan m | depth ratio=0.00 | window rates RGB/ToF=1.00/0.56 | frame change=0.0096 | truth angle FOV=False | RGB render volume=False | H/V angles=nan/nan deg | truth distance=inf m
[INFO] [1791340913.490286352] [front_tof_monitor]: USV RGB=True | TOF=True | active=front_tof | range=2.33 m | depth ratio=0.99 | window rates RGB/ToF=1.00/0.58 | frame change=0.0068 | truth angle FOV=False | RGB render volume=False | H/V angles=nan/nan deg | truth distance=inf m
[WARN] [1791340913.690173985] [front_tof_monitor]: USV RGB=True | TOF=False | active=front_rgb_only | range=nan m | depth ratio=0.00 | window rates RGB/ToF=1.00/0.59 | frame change=0.0058 | truth angle FOV=False | RGB render volume=False | H/V angles=nan/nan deg | truth distance=inf m
[INFO] [1791340913.789886063] [front_tof_monitor]: USV RGB=True | TOF=True | active=front_tof | range=2.38 m | depth ratio=0.99 | window rates RGB/ToF=1.00/0.60 | frame change=0.0058 | truth angle FOV=False | RGB render volume=False | H/V angles=nan/nan deg | truth distance=inf m
[WARN] [1791340913.988508041] [front_tof_monitor]: USV RGB=True | TOF=False | active=front_rgb_only | range=nan m | depth ratio=0.00 | window rates RGB/ToF=1.00/0.59 | frame change=0.0146 | truth angle FOV=False | RGB render volume=False | H/V angles=nan/nan deg | truth distance=inf m
[INFO] [1791340914.191872918] [front_tof_monitor]: USV RGB=True | TOF=True | active=front_tof | range=2.31 m | depth ratio=0.99 | window rates RGB/ToF=1.00/0.56 | frame change=0.0157 | truth angle FOV=False | RGB render volume=False | H/V angles=nan/nan deg | truth distance=inf m
[WARN] [1791340914.588457067] [front_tof_monitor]: USV RGB=True | TOF=False | active=front_rgb_only | range=nan m | depth ratio=0.00 | window rates RGB/ToF=1.00/0.55 | frame change=0.0155 | truth angle FOV=False | RGB render volume=False | H/V angles=nan/nan deg | truth distance=inf m
[INFO] [1791340914.688621903] [front_tof_monitor]: USV RGB=True | TOF=True | active=front_tof | range=2.15 m | depth ratio=0.99 | window rates RGB/ToF=1.00/0.56 | frame change=0.0155 | truth angle FOV=False | RGB render volume=False | H/V angles=nan/nan deg | truth distance=inf m
[WARN] [1791340914.788160918] [front_tof_monitor]: USV RGB=True | TOF=False | active=front_rgb_only | range=nan m | depth ratio=0.00 | window rates RGB/ToF=1.00/0.54 | frame change=0.0129 | truth angle FOV=False | RGB render volume=False | H/V angles=nan/nan deg | truth distance=inf m
[INFO] [1791340914.889227044] [front_tof_monitor]: USV RGB=True | TOF=True | active=front_tof | range=2.05 m | depth ratio=0.99 | window rates RGB/ToF=1.00/0.56 | frame change=0.0129 | truth angle FOV=False | RGB render volume=False | H/V angles=nan/nan deg | truth distance=inf m
[WARN] [1791340915.089665075] [front_tof_monitor]: USV RGB=True | TOF=False | active=front_rgb_only | range=nan m | depth ratio=0.00 | window rates RGB/ToF=1.00/0.54 | frame change=0.0142 | truth angle FOV=False | RGB render volume=False | H/V angles=nan/nan deg | truth distance=inf m
[INFO] [1791340915.988390448] [front_tof_monitor]: USV RGB=True | TOF=True | active=front_tof | range=1.59 m | depth ratio=0.99 | window rates RGB/ToF=1.00/0.46 | frame change=0.0078 | truth angle FOV=False | RGB render volume=False | H/V angles=nan/nan deg | truth distance=inf m
[WARN] [1791340916.189538879] [front_tof_monitor]: USV RGB=True | TOF=False | active=front_rgb_only | range=nan m | depth ratio=0.00 | window rates RGB/ToF=1.00/0.44 | frame change=0.0078 | truth angle FOV=False | RGB render volume=False | H/V angles=nan/nan deg | truth distance=inf m
[INFO] [1791340916.288410408] [front_tof_monitor]: USV RGB=True | TOF=True | active=front_tof | range=1.55 m | depth ratio=0.99 | window rates RGB/ToF=1.00/0.45 | frame change=0.0064 | truth angle FOV=False | RGB render volume=False | H/V angles=nan/nan deg | truth distance=inf m
[WARN] [1791340916.488468973] [front_tof_monitor]: USV RGB=True | TOF=False | active=front_rgb_only | range=nan m | depth ratio=0.00 | window rates RGB/ToF=1.00/0.47 | frame change=0.0090 | truth angle FOV=False | RGB render volume=False | H/V angles=nan/nan deg | truth distance=inf m
[INFO] [1791340916.688336177] [front_tof_monitor]: USV RGB=True | TOF=True | active=front_tof | range=1.55 m | depth ratio=0.99 | window rates RGB/ToF=1.00/0.48 | frame change=0.0070 | truth angle FOV=False | RGB render volume=False | H/V angles=nan/nan deg | truth distance=inf m
[WARN] [1791340917.888862357] [front_tof_monitor]: USV RGB=True | TOF=False | active=front_rgb_only | range=nan m | depth ratio=0.00 | window rates RGB/ToF=1.00/0.60 | frame change=0.0088 | truth angle FOV=False | RGB render volume=False | H/V angles=nan/nan deg | truth distance=inf m
[INFO] [1791340918.089816949] [front_tof_monitor]: USV RGB=True | TOF=True | active=front_tof | range=1.65 m | depth ratio=0.99 | window rates RGB/ToF=1.00/0.58 | frame change=0.0107 | truth angle FOV=False | RGB render volume=False | H/V angles=nan/nan deg | truth distance=inf m
[WARN] [1791340918.289655979] [front_tof_monitor]: USV RGB=True | TOF=False | active=front_rgb_only | range=nan m | depth ratio=0.00 | window rates RGB/ToF=1.00/0.58 | frame change=0.0107 | truth angle FOV=False | RGB render volume=False | H/V angles=nan/nan deg | truth distance=inf m
[INFO] [1791340918.388182239] [front_tof_monitor]: USV RGB=True | TOF=True | active=front_tof | range=1.63 m | depth ratio=0.99 | window rates RGB/ToF=1.00/0.59 | frame change=0.0052 | truth angle FOV=False | RGB render volume=False | H/V angles=nan/nan deg | truth distance=inf m
[WARN] [1791340918.788124794] [front_tof_monitor]: USV RGB=True | TOF=False | active=front_rgb_only | range=nan m | depth ratio=0.00 | window rates RGB/ToF=1.00/0.61 | frame change=0.0107 | truth angle FOV=False | RGB render volume=False | H/V angles=nan/nan deg | truth distance=inf m
[INFO] [1791340919.288439631] [front_tof_monitor]: USV RGB=True | TOF=True | active=front_tof | range=1.58 m | depth ratio=0.99 | window rates RGB/ToF=1.00/0.56 | frame change=0.0024 | truth angle FOV=False | RGB render volume=False | H/V angles=nan/nan deg | truth distance=inf m
[WARN] [1791340919.488171994] [front_tof_monitor]: USV RGB=True | TOF=False | active=front_rgb_only | range=nan m | depth ratio=0.00 | window rates RGB/ToF=1.00/0.54 | frame change=0.0038 | truth angle FOV=False | RGB render volume=False | H/V angles=nan/nan deg | truth distance=inf m
[INFO] [1791340919.688718914] [front_tof_monitor]: USV RGB=True | TOF=True | active=front_tof | range=1.60 m | depth ratio=0.99 | window rates RGB/ToF=1.00/0.55 | frame change=0.0087 | truth angle FOV=False | RGB render volume=False | H/V angles=nan/nan deg | truth distance=inf m
[WARN] [1791340920.587915769] [front_tof_monitor]: USV RGB=True | TOF=False | active=front_rgb_only | range=nan m | depth ratio=0.00 | window rates RGB/ToF=1.00/0.65 | frame change=0.0029 | truth angle FOV=False | RGB render volume=False | H/V angles=nan/nan deg | truth distance=inf m
[INFO] [1791340921.289597313] [front_tof_monitor]: USV RGB=True | TOF=True | active=front_tof | range=1.82 m | depth ratio=0.99 | window rates RGB/ToF=1.00/0.63 | frame change=0.0077 | truth angle FOV=False | RGB render volume=False | H/V angles=nan/nan deg | truth distance=inf m
[WARN] [1791340921.688420537] [front_tof_monitor]: USV RGB=True | TOF=False | active=front_rgb_only | range=nan m | depth ratio=0.00 | window rates RGB/ToF=1.00/0.64 | frame change=0.0074 | truth angle FOV=False | RGB render volume=False | H/V angles=nan/nan deg | truth distance=inf m
[INFO] [1791340921.790478630] [front_tof_monitor]: USV RGB=True | TOF=True | active=front_tof | range=1.82 m | depth ratio=0.99 | window rates RGB/ToF=1.00/0.65 | frame change=0.0039 | truth angle FOV=False | RGB render volume=False | H/V angles=nan/nan deg | truth distance=inf m
[WARN] [1791340921.988883857] [front_tof_monitor]: USV RGB=True | TOF=False | active=front_rgb_only | range=nan m | depth ratio=0.00 | window rates RGB/ToF=1.00/0.62 | frame change=0.0028 | truth angle FOV=False | RGB render volume=False | H/V angles=nan/nan deg | truth distance=inf m
[INFO] [1791340922.189213845] [front_tof_monitor]: USV RGB=True | TOF=True | active=front_tof | range=1.81 m | depth ratio=0.99 | window rates RGB/ToF=1.00/0.60 | frame change=0.0027 | truth angle FOV=False | RGB render volume=False | H/V angles=nan/nan deg | truth distance=inf m
[WARN] [1791340922.390235344] [front_tof_monitor]: USV RGB=True | TOF=False | active=front_rgb_only | range=nan m | depth ratio=0.00 | window rates RGB/ToF=1.00/0.59 | frame change=0.0039 | truth angle FOV=False | RGB render volume=False | H/V angles=nan/nan deg | truth distance=inf m
[INFO] [1791340922.888758304] [front_tof_monitor]: USV RGB=True | TOF=True | active=front_tof | range=1.70 m | depth ratio=0.99 | window rates RGB/ToF=1.00/0.52 | frame change=0.0141 | truth angle FOV=False | RGB render volume=False | H/V angles=nan/nan deg | truth distance=inf m
[WARN] [1791340923.088133444] [front_tof_monitor]: USV RGB=True | TOF=False | active=front_rgb_only | range=nan m | depth ratio=0.00 | window rates RGB/ToF=1.00/0.53 | frame change=0.0159 | truth angle FOV=False | RGB render volume=False | H/V angles=nan/nan deg | truth distance=inf m
[INFO] [1791340923.589985155] [front_tof_monitor]: USV RGB=True | TOF=True | active=front_tof | range=1.66 m | depth ratio=0.99 | window rates RGB/ToF=1.00/0.46 | frame change=0.0121 | truth angle FOV=False | RGB render volume=False | H/V angles=nan/nan deg | truth distance=inf m
[WARN] [1791340923.788680149] [front_tof_monitor]: USV RGB=True | TOF=False | active=front_rgb_only | range=nan m | depth ratio=0.00 | window rates RGB/ToF=1.00/0.45 | frame change=0.0141 | truth angle FOV=False | RGB render volume=False | H/V angles=nan/nan deg | truth distance=inf m
[INFO] [1791340923.988220970] [front_tof_monitor]: USV RGB=True | TOF=True | active=front_tof | range=1.68 m | depth ratio=0.99 | window rates RGB/ToF=1.00/0.48 | frame change=0.0019 | truth angle FOV=False | RGB render volume=False | H/V angles=nan/nan deg | truth distance=inf m
[WARN] [1791340924.390067148] [front_tof_monitor]: USV RGB=True | TOF=False | active=front_rgb_only | range=nan m | depth ratio=0.00 | window rates RGB/ToF=1.00/0.50 | frame change=0.0037 | truth angle FOV=False | RGB render volume=False | H/V angles=nan/nan deg | truth distance=inf m
[INFO] [1791340924.490191504] [front_tof_monitor]: USV RGB=True | TOF=True | active=front_tof | range=1.73 m | depth ratio=0.99 | window rates RGB/ToF=1.00/0.52 | frame change=0.0054 | truth angle FOV=False | RGB render volume=False | H/V angles=nan/nan deg | truth distance=inf m
[WARN] [1791340924.889454608] [front_tof_monitor]: USV RGB=True | TOF=False | active=front_rgb_only | range=nan m | depth ratio=0.00 | window rates RGB/ToF=1.00/0.52 | frame change=0.0012 | truth angle FOV=False | RGB render volume=False | H/V angles=nan/nan deg | truth distance=inf m
[INFO] [1791340925.189818855] [front_tof_monitor]: USV RGB=True | TOF=True | active=front_tof | range=1.84 m | depth ratio=0.99 | window rates RGB/ToF=1.00/0.49 | frame change=0.0039 | truth angle FOV=False | RGB render volume=False | H/V angles=nan/nan deg | truth distance=inf m
[WARN] [1791340925.289178713] [front_tof_monitor]: USV RGB=True | TOF=False | active=front_rgb_only | range=nan m | depth ratio=0.00 | window rates RGB/ToF=1.00/0.47 | frame change=0.0039 | truth angle FOV=False | RGB render volume=False | H/V angles=nan/nan deg | truth distance=inf m
[INFO] [1791340925.388568300] [front_tof_monitor]: USV RGB=True | TOF=True | active=front_tof | range=1.86 m | depth ratio=0.99 | window rates RGB/ToF=1.00/0.46 | frame change=0.0066 | truth angle FOV=False | RGB render volume=False | H/V angles=nan/nan deg | truth distance=inf m
[WARN] [1791340926.289189738] [front_tof_monitor]: USV RGB=True | TOF=False | active=front_rgb_only | range=nan m | depth ratio=0.00 | window rates RGB/ToF=1.00/0.58 | frame change=0.0080 | truth angle FOV=False | RGB render volume=False | H/V angles=nan/nan deg | truth distance=inf m
[INFO] [1791340926.789347488] [front_tof_monitor]: USV RGB=True | TOF=True | active=front_tof | range=1.77 m | depth ratio=0.99 | window rates RGB/ToF=1.00/0.53 | frame change=0.0092 | truth angle FOV=False | RGB render volume=False | H/V angles=nan/nan deg | truth distance=inf m
[WARN] [1791340926.988381912] [front_tof_monitor]: USV RGB=True | TOF=False | active=front_rgb_only | range=nan m | depth ratio=0.00 | window rates RGB/ToF=1.00/0.51 | frame change=0.0058 | truth angle FOV=False | RGB render volume=False | H/V angles=nan/nan deg | truth distance=inf m
[INFO] [1791340927.689291844] [front_tof_monitor]: USV RGB=True | TOF=True | active=front_tof | range=1.68 m | depth ratio=0.99 | window rates RGB/ToF=1.00/0.50 | frame change=0.0079 | truth angle FOV=False | RGB render volume=False | H/V angles=nan/nan deg | truth distance=inf m
[WARN] [1791340927.888656368] [front_tof_monitor]: USV RGB=True | TOF=False | active=front_rgb_only | range=nan m | depth ratio=0.00 | window rates RGB/ToF=1.00/0.50 | frame change=0.0074 | truth angle FOV=False | RGB render volume=False | H/V angles=nan/nan deg | truth distance=inf m
[INFO] [1791340928.089996018] [front_tof_monitor]: USV RGB=True | TOF=True | active=front_tof | range=1.73 m | depth ratio=0.99 | window rates RGB/ToF=1.00/0.49 | frame change=0.0101 | truth angle FOV=False | RGB render volume=False | H/V angles=nan/nan deg | truth distance=inf m
[WARN] [1791340928.489940490] [front_tof_monitor]: USV RGB=True | TOF=False | active=front_rgb_only | range=nan m | depth ratio=0.00 | window rates RGB/ToF=1.00/0.56 | frame change=0.0038 | truth angle FOV=False | RGB render volume=False | H/V angles=nan/nan deg | truth distance=inf m
[INFO] [1791340928.590331053] [front_tof_monitor]: USV RGB=True | TOF=True | active=front_tof | range=1.81 m | depth ratio=0.99 | window rates RGB/ToF=1.00/0.56 | frame change=0.0038 | truth angle FOV=False | RGB render volume=False | H/V angles=nan/nan deg | truth distance=inf m
[WARN] [1791340928.689314566] [front_tof_monitor]: USV RGB=True | TOF=False | active=front_rgb_only | range=nan m | depth ratio=0.00 | window rates RGB/ToF=1.00/0.55 | frame change=0.0077 | truth angle FOV=False | RGB render volume=False | H/V angles=nan/nan deg | truth distance=inf m
[INFO] [1791340928.989301695] [front_tof_monitor]: USV RGB=True | TOF=True | active=front_tof | range=1.85 m | depth ratio=0.99 | window rates RGB/ToF=1.00/0.54 | frame change=0.0081 | truth angle FOV=False | RGB render volume=False | H/V angles=nan/nan deg | truth distance=inf m
[WARN] [1791340929.789366115] [front_tof_monitor]: USV RGB=True | TOF=False | active=front_rgb_only | range=nan m | depth ratio=0.00 | window rates RGB/ToF=1.00/0.55 | frame change=0.0049 | truth angle FOV=False | RGB render volume=False | H/V angles=nan/nan deg | truth distance=inf m
[INFO] [1791340929.887971749] [front_tof_monitor]: USV RGB=True | TOF=True | active=front_tof | range=1.91 m | depth ratio=0.99 | window rates RGB/ToF=1.00/0.55 | frame change=0.0062 | truth angle FOV=False | RGB render volume=False | H/V angles=nan/nan deg | truth distance=inf m
[WARN] [1791340930.488966248] [front_tof_monitor]: USV RGB=True | TOF=False | active=front_rgb_only | range=nan m | depth ratio=0.00 | window rates RGB/ToF=1.00/0.60 | frame change=0.0127 | truth angle FOV=False | RGB render volume=False | H/V angles=nan/nan deg | truth distance=inf m
[INFO] [1791340930.591257351] [front_tof_monitor]: USV RGB=True | TOF=True | active=front_tof | range=1.89 m | depth ratio=0.99 | window rates RGB/ToF=1.00/0.61 | frame change=0.0127 | truth angle FOV=False | RGB render volume=False | H/V angles=nan/nan deg | truth distance=inf m
[WARN] [1791340931.189799353] [front_tof_monitor]: USV RGB=True | TOF=False | active=front_rgb_only | range=nan m | depth ratio=0.00 | window rates RGB/ToF=1.00/0.58 | frame change=0.0159 | truth angle FOV=False | RGB render volume=False | H/V angles=nan/nan deg | truth distance=inf m
[INFO] [1791340931.590494295] [front_tof_monitor]: USV RGB=True | TOF=True | active=front_tof | range=1.99 m | depth ratio=0.99 | window rates RGB/ToF=1.00/0.60 | frame change=0.0193 | truth angle FOV=False | RGB render volume=False | H/V angles=nan/nan deg | truth distance=inf m
[WARN] [1791340932.287918189] [front_tof_monitor]: USV RGB=True | TOF=False | active=front_rgb_only | range=nan m | depth ratio=0.00 | window rates RGB/ToF=1.00/0.67 | frame change=0.0123 | truth angle FOV=False | RGB render volume=False | H/V angles=nan/nan deg | truth distance=inf m
[INFO] [1791340932.488575092] [front_tof_monitor]: USV RGB=True | TOF=True | active=front_tof | range=2.25 m | depth ratio=0.99 | window rates RGB/ToF=1.00/0.69 | frame change=0.0069 | truth angle FOV=False | RGB render volume=False | H/V angles=nan/nan deg | truth distance=inf m
[WARN] [1791340932.687756372] [front_tof_monitor]: USV RGB=True | TOF=False | active=front_rgb_only | range=nan m | depth ratio=0.00 | window rates RGB/ToF=1.00/0.71 | frame change=0.0109 | truth angle FOV=False | RGB render volume=False | H/V angles=nan/nan deg | truth distance=inf m
[INFO] [1791340932.788318027] [front_tof_monitor]: USV RGB=True | TOF=True | active=front_tof | range=2.34 m | depth ratio=0.99 | window rates RGB/ToF=1.00/0.71 | frame change=0.0109 | truth angle FOV=False | RGB render volume=False | H/V angles=nan/nan deg | truth distance=inf m
[WARN] [1791340932.988578979] [front_tof_monitor]: USV RGB=True | TOF=False | active=front_rgb_only | range=nan m | depth ratio=0.00 | window rates RGB/ToF=1.00/0.72 | frame change=0.0128 | truth angle FOV=False | RGB render volume=False | H/V angles=nan/nan deg | truth distance=inf m
[INFO] [1791340933.188639861] [front_tof_monitor]: USV RGB=True | TOF=True | active=front_tof | range=2.36 m | depth ratio=0.99 | window rates RGB/ToF=1.00/0.71 | frame change=0.0108 | truth angle FOV=False | RGB render volume=False | H/V angles=nan/nan deg | truth distance=inf m
[WARN] [1791340933.587930276] [front_tof_monitor]: USV RGB=True | TOF=False | active=front_rgb_only | range=nan m | depth ratio=0.00 | window rates RGB/ToF=1.00/0.71 | frame change=0.0139 | truth angle FOV=False | RGB render volume=False | H/V angles=nan/nan deg | truth distance=inf m
[INFO] [1791340934.090162434] [front_tof_monitor]: USV RGB=True | TOF=True | active=front_tof | range=2.17 m | depth ratio=0.99 | window rates RGB/ToF=1.00/0.69 | frame change=0.0138 | truth angle FOV=False | RGB render volume=False | H/V angles=nan/nan deg | truth distance=inf m
[WARN] [1791340934.193301318] [front_tof_monitor]: USV RGB=True | TOF=False | active=front_rgb_only | range=nan m | depth ratio=0.00 | window rates RGB/ToF=1.00/0.66 | frame change=0.0138 | truth angle FOV=False | RGB render volume=False | H/V angles=nan/nan deg | truth distance=inf m
[INFO] [1791340934.289889432] [front_tof_monitor]: USV RGB=True | TOF=True | active=front_tof | range=2.09 m | depth ratio=0.99 | window rates RGB/ToF=1.00/0.66 | frame change=0.0141 | truth angle FOV=False | RGB render volume=False | H/V angles=nan/nan deg | truth distance=inf m
[WARN] [1791340934.388199154] [front_tof_monitor]: USV RGB=True | TOF=False | active=front_rgb_only | range=nan m | depth ratio=0.00 | window rates RGB/ToF=1.00/0.65 | frame change=0.0141 | truth angle FOV=False | RGB render volume=False | H/V angles=nan/nan deg | truth distance=inf m
[INFO] [1791340934.490068755] [front_tof_monitor]: USV RGB=True | TOF=True | active=front_tof | range=1.96 m | depth ratio=0.99 | window rates RGB/ToF=1.00/0.64 | frame change=0.0105 | truth angle FOV=False | RGB render volume=False | H/V angles=nan/nan deg | truth distance=inf m
[WARN] [1791340934.688694369] [front_tof_monitor]: USV RGB=True | TOF=False | active=front_rgb_only | range=nan m | depth ratio=0.00 | window rates RGB/ToF=1.00/0.62 | frame change=0.0102 | truth angle FOV=False | RGB render volume=False | H/V angles=nan/nan deg | truth distance=inf m
[INFO] [1791340934.988645457] [front_tof_monitor]: USV RGB=True | TOF=True | active=front_tof | range=1.68 m | depth ratio=0.99 | window rates RGB/ToF=1.00/0.60 | frame change=0.0129 | truth angle FOV=False | RGB render volume=False | H/V angles=nan/nan deg | truth distance=inf m
[WARN] [1791340935.188981164] [front_tof_monitor]: USV RGB=True | TOF=False | active=front_rgb_only | range=nan m | depth ratio=0.00 | window rates RGB/ToF=1.00/0.59 | frame change=0.0110 | truth angle FOV=False | RGB render volume=False | H/V angles=nan/nan deg | truth distance=inf m
[INFO] [1791340935.389211403] [front_tof_monitor]: USV RGB=True | TOF=True | active=front_tof | range=1.59 m | depth ratio=0.99 | window rates RGB/ToF=1.00/0.56 | frame change=0.0071 | truth angle FOV=False | RGB render volume=False | H/V angles=nan/nan deg | truth distance=inf m
[WARN] [1791340935.488589189] [front_tof_monitor]: USV RGB=True | TOF=False | active=front_rgb_only | range=nan m | depth ratio=0.00 | window rates RGB/ToF=1.00/0.55 | frame change=0.0071 | truth angle FOV=False | RGB render volume=False | H/V angles=nan/nan deg | truth distance=inf m
[INFO] [1791340935.688982117] [front_tof_monitor]: USV RGB=True | TOF=True | active=front_tof | range=1.52 m | depth ratio=0.99 | window rates RGB/ToF=1.00/0.54 | frame change=0.0061 | truth angle FOV=False | RGB render volume=False | H/V angles=nan/nan deg | truth distance=inf m
[WARN] [1791340935.888017038] [front_tof_monitor]: USV RGB=True | TOF=False | active=front_rgb_only | range=nan m | depth ratio=0.00 | window rates RGB/ToF=1.00/0.52 | frame change=0.0066 | truth angle FOV=False | RGB render volume=False | H/V angles=nan/nan deg | truth distance=inf m
[INFO] [1791340936.188918868] [front_tof_monitor]: USV RGB=True | TOF=True | active=front_tof | range=1.54 m | depth ratio=0.99 | window rates RGB/ToF=1.00/0.49 | frame change=0.0105 | truth angle FOV=False | RGB render volume=False | H/V angles=nan/nan deg | truth distance=inf m
[WARN] [1791340936.388081072] [front_tof_monitor]: USV RGB=True | TOF=False | active=front_rgb_only | range=nan m | depth ratio=0.00 | window rates RGB/ToF=1.00/0.52 | frame change=0.0067 | truth angle FOV=False | RGB render volume=False | H/V angles=nan/nan deg | truth distance=inf m
[INFO] [1791340936.591340769] [front_tof_monitor]: USV RGB=True | TOF=True | active=front_tof | range=1.57 m | depth ratio=0.99 | window rates RGB/ToF=1.00/0.52 | frame change=0.0066 | truth angle FOV=False | RGB render volume=False | H/V angles=nan/nan deg | truth distance=inf m
[WARN] [1791340936.789345258] [front_tof_monitor]: USV RGB=True | TOF=False | active=front_rgb_only | range=nan m | depth ratio=0.00 | window rates RGB/ToF=1.00/0.51 | frame change=0.0066 | truth angle FOV=False | RGB render volume=False | H/V angles=nan/nan deg | truth distance=inf m
[INFO] [1791340936.890816422] [front_tof_monitor]: USV RGB=True | TOF=True | active=front_tof | range=1.62 m | depth ratio=0.99 | window rates RGB/ToF=1.00/0.51 | frame change=0.0072 | truth angle FOV=False | RGB render volume=False | H/V angles=nan/nan deg | truth distance=inf m
[WARN] [1791340937.088415905] [front_tof_monitor]: USV RGB=True | TOF=False | active=front_rgb_only | range=nan m | depth ratio=0.00 | window rates RGB/ToF=1.00/0.49 | frame change=0.0061 | truth angle FOV=False | RGB render volume=False | H/V angles=nan/nan deg | truth distance=inf m
[INFO] [1791340937.589100121] [front_tof_monitor]: USV RGB=True | TOF=True | active=front_tof | range=1.71 m | depth ratio=0.99 | window rates RGB/ToF=1.00/0.45 | frame change=0.0049 | truth angle FOV=False | RGB render volume=False | H/V angles=nan/nan deg | truth distance=inf m
[WARN] [1791340937.789412266] [front_tof_monitor]: USV RGB=True | TOF=False | active=front_rgb_only | range=nan m | depth ratio=0.00 | window rates RGB/ToF=1.00/0.44 | frame change=0.0092 | truth angle FOV=False | RGB render volume=False | H/V angles=nan/nan deg | truth distance=inf m
[INFO] [1791340937.988438601] [front_tof_monitor]: USV RGB=True | TOF=True | active=front_tof | range=1.72 m | depth ratio=0.99 | window rates RGB/ToF=1.00/0.43 | frame change=0.0072 | truth angle FOV=False | RGB render volume=False | H/V angles=nan/nan deg | truth distance=inf m
[WARN] [1791340939.088104533] [front_tof_monitor]: USV RGB=True | TOF=False | active=front_rgb_only | range=nan m | depth ratio=0.00 | window rates RGB/ToF=1.00/0.55 | frame change=0.0022 | truth angle FOV=False | RGB render volume=False | H/V angles=nan/nan deg | truth distance=inf m
[INFO] [1791340939.290293948] [front_tof_monitor]: USV RGB=True | TOF=True | active=front_tof | range=1.62 m | depth ratio=0.99 | window rates RGB/ToF=1.00/0.55 | frame change=0.0054 | truth angle FOV=False | RGB render volume=False | H/V angles=nan/nan deg | truth distance=inf m
[WARN] [1791340939.489880575] [front_tof_monitor]: USV RGB=True | TOF=False | active=front_rgb_only | range=nan m | depth ratio=0.00 | window rates RGB/ToF=1.00/0.54 | frame change=0.0054 | truth angle FOV=False | RGB render volume=False | H/V angles=nan/nan deg | truth distance=inf m
[INFO] [1791340939.589092720] [front_tof_monitor]: USV RGB=True | TOF=True | active=front_tof | range=1.62 m | depth ratio=0.99 | window rates RGB/ToF=1.00/0.55 | frame change=0.0038 | truth angle FOV=False | RGB render volume=False | H/V angles=nan/nan deg | truth distance=inf m
[WARN] [1791340939.688500024] [front_tof_monitor]: USV RGB=True | TOF=False | active=front_rgb_only | range=nan m | depth ratio=0.00 | window rates RGB/ToF=1.00/0.53 | frame change=0.0038 | truth angle FOV=False | RGB render volume=False | H/V angles=nan/nan deg | truth distance=inf m
[INFO] [1791340939.790199541] [front_tof_monitor]: USV RGB=True | TOF=True | active=front_tof | range=1.63 m | depth ratio=0.99 | window rates RGB/ToF=1.00/0.56 | frame change=0.0064 | truth angle FOV=False | RGB render volume=False | H/V angles=nan/nan deg | truth distance=inf m
[WARN] [1791340939.988429357] [front_tof_monitor]: USV RGB=True | TOF=False | active=front_rgb_only | range=nan m | depth ratio=0.00 | window rates RGB/ToF=1.00/0.57 | frame change=0.0064 | truth angle FOV=False | RGB render volume=False | H/V angles=nan/nan deg | truth distance=inf m
[INFO] [1791340940.089949574] [front_tof_monitor]: USV RGB=True | TOF=True | active=front_tof | range=1.66 m | depth ratio=0.99 | window rates RGB/ToF=1.00/0.57 | frame change=0.0086 | truth angle FOV=False | RGB render volume=False | H/V angles=nan/nan deg | truth distance=inf m
[WARN] [1791340940.189228766] [front_tof_monitor]: USV RGB=True | TOF=False | active=front_rgb_only | range=nan m | depth ratio=0.00 | window rates RGB/ToF=1.00/0.56 | frame change=0.0086 | truth angle FOV=False | RGB render volume=False | H/V angles=nan/nan deg | truth distance=inf m
[INFO] [1791340940.288991810] [front_tof_monitor]: USV RGB=True | TOF=True | active=front_tof | range=1.69 m | depth ratio=0.99 | window rates RGB/ToF=1.00/0.57 | frame change=0.0054 | truth angle FOV=False | RGB render volume=False | H/V angles=nan/nan deg | truth distance=inf m
[WARN] [1791340940.688797688] [front_tof_monitor]: USV RGB=True | TOF=False | active=front_rgb_only | range=nan m | depth ratio=0.00 | window rates RGB/ToF=1.00/0.60 | frame change=0.0098 | truth angle FOV=False | RGB render volume=False | H/V angles=nan/nan deg | truth distance=inf m
[INFO] [1791340940.788949019] [front_tof_monitor]: USV RGB=True | TOF=True | active=front_tof | range=1.78 m | depth ratio=0.99 | window rates RGB/ToF=1.00/0.60 | frame change=0.0079 | truth angle FOV=False | RGB render volume=False | H/V angles=nan/nan deg | truth distance=inf m
[WARN] [1791340941.487808817] [front_tof_monitor]: USV RGB=True | TOF=False | active=front_rgb_only | range=nan m | depth ratio=0.00 | window rates RGB/ToF=1.00/0.68 | frame change=0.0059 | truth angle FOV=False | RGB render volume=False | H/V angles=nan/nan deg | truth distance=inf m
[INFO] [1791340941.688532532] [front_tof_monitor]: USV RGB=True | TOF=True | active=front_tof | range=1.91 m | depth ratio=0.99 | window rates RGB/ToF=1.00/0.67 | frame change=0.0067 | truth angle FOV=False | RGB render volume=False | H/V angles=nan/nan deg | truth distance=inf m
[WARN] [1791340941.788323254] [front_tof_monitor]: USV RGB=True | TOF=False | active=front_rgb_only | range=nan m | depth ratio=0.00 | window rates RGB/ToF=1.00/0.65 | frame change=0.0067 | truth angle FOV=False | RGB render volume=False | H/V angles=nan/nan deg | truth distance=inf m
[INFO] [1791340941.889625371] [front_tof_monitor]: USV RGB=True | TOF=True | active=front_tof | range=1.92 m | depth ratio=0.99 | window rates RGB/ToF=1.00/0.66 | frame change=0.0125 | truth angle FOV=False | RGB render volume=False | H/V angles=nan/nan deg | truth distance=inf m
[WARN] [1791340942.087899739] [front_tof_monitor]: USV RGB=True | TOF=False | active=front_rgb_only | range=nan m | depth ratio=0.00 | window rates RGB/ToF=1.00/0.65 | frame change=0.0125 | truth angle FOV=False | RGB render volume=False | H/V angles=nan/nan deg | truth distance=inf m
[INFO] [1791340942.190385152] [front_tof_monitor]: USV RGB=True | TOF=True | active=front_tof | range=1.94 m | depth ratio=0.99 | window rates RGB/ToF=1.00/0.68 | frame change=0.0111 | truth angle FOV=False | RGB render volume=False | H/V angles=nan/nan deg | truth distance=inf m
[WARN] [1791340942.588618456] [front_tof_monitor]: USV RGB=True | TOF=False | active=front_rgb_only | range=nan m | depth ratio=0.00 | window rates RGB/ToF=1.00/0.72 | frame change=0.0104 | truth angle FOV=False | RGB render volume=False | H/V angles=nan/nan deg | truth distance=inf m
[INFO] [1791340942.890147239] [front_tof_monitor]: USV RGB=True | TOF=True | active=front_tof | range=2.03 m | depth ratio=0.99 | window rates RGB/ToF=1.00/0.72 | frame change=0.0138 | truth angle FOV=False | RGB render volume=False | H/V angles=nan/nan deg | truth distance=inf m
[WARN] [1791340943.288363990] [front_tof_monitor]: USV RGB=True | TOF=False | active=front_rgb_only | range=nan m | depth ratio=0.00 | window rates RGB/ToF=1.00/0.71 | frame change=0.0165 | truth angle FOV=False | RGB render volume=False | H/V angles=nan/nan deg | truth distance=inf m
[INFO] [1791340943.688732531] [front_tof_monitor]: USV RGB=True | TOF=True | active=front_tof | range=2.20 m | depth ratio=0.98 | window rates RGB/ToF=1.00/0.65 | frame change=0.0148 | truth angle FOV=False | RGB render volume=False | H/V angles=nan/nan deg | truth distance=inf m
[WARN] [1791340943.987775026] [front_tof_monitor]: USV RGB=True | TOF=False | active=front_rgb_only | range=nan m | depth ratio=0.00 | window rates RGB/ToF=1.00/0.63 | frame change=0.0080 | truth angle FOV=False | RGB render volume=False | H/V angles=nan/nan deg | truth distance=inf m
[INFO] [1791340944.189379873] [front_tof_monitor]: USV RGB=True | TOF=True | active=front_tof | range=2.28 m | depth ratio=0.99 | window rates RGB/ToF=1.00/0.64 | frame change=0.0144 | truth angle FOV=False | RGB render volume=False | H/V angles=nan/nan deg | truth distance=inf m
[WARN] [1791340944.289700507] [front_tof_monitor]: USV RGB=True | TOF=False | active=front_rgb_only | range=nan m | depth ratio=0.00 | window rates RGB/ToF=1.00/0.63 | frame change=0.0144 | truth angle FOV=False | RGB render volume=False | H/V angles=nan/nan deg | truth distance=inf m
[INFO] [1791340944.389345536] [front_tof_monitor]: USV RGB=True | TOF=True | active=front_tof | range=2.29 m | depth ratio=0.99 | window rates RGB/ToF=1.00/0.62 | frame change=0.0095 | truth angle FOV=False | RGB render volume=False | H/V angles=nan/nan deg | truth distance=inf m
[WARN] [1791340944.587981399] [front_tof_monitor]: USV RGB=True | TOF=False | active=front_rgb_only | range=nan m | depth ratio=0.00 | window rates RGB/ToF=1.00/0.63 | frame change=0.0095 | truth angle FOV=False | RGB render volume=False | H/V angles=nan/nan deg | truth distance=inf m
[INFO] [1791340944.690077084] [front_tof_monitor]: USV RGB=True | TOF=True | active=front_tof | range=2.30 m | depth ratio=0.99 | window rates RGB/ToF=1.00/0.64 | frame change=0.0143 | truth angle FOV=False | RGB render volume=False | H/V angles=nan/nan deg | truth distance=inf m
[WARN] [1791340944.788355474] [front_tof_monitor]: USV RGB=True | TOF=False | active=front_rgb_only | range=nan m | depth ratio=0.00 | window rates RGB/ToF=1.00/0.62 | frame change=0.0143 | truth angle FOV=False | RGB render volume=False | H/V angles=nan/nan deg | truth distance=inf m
[INFO] [1791340944.890463515] [front_tof_monitor]: USV RGB=True | TOF=True | active=front_tof | range=2.29 m | depth ratio=0.99 | window rates RGB/ToF=1.00/0.62 | frame change=0.0126 | truth angle FOV=False | RGB render volume=False | H/V angles=nan/nan deg | truth distance=inf m
[WARN] [1791340944.988505631] [front_tof_monitor]: USV RGB=True | TOF=False | active=front_rgb_only | range=nan m | depth ratio=0.00 | window rates RGB/ToF=1.00/0.61 | frame change=0.0126 | truth angle FOV=False | RGB render volume=False | H/V angles=nan/nan deg | truth distance=inf m
[INFO] [1791340945.088528517] [front_tof_monitor]: USV RGB=True | TOF=True | active=front_tof | range=2.24 m | depth ratio=0.99 | window rates RGB/ToF=1.00/0.62 | frame change=0.0185 | truth angle FOV=False | RGB render volume=False | H/V angles=nan/nan deg | truth distance=inf m
[WARN] [1791340945.188271679] [front_tof_monitor]: USV RGB=True | TOF=False | active=front_rgb_only | range=nan m | depth ratio=0.00 | window rates RGB/ToF=1.00/0.61 | frame change=0.0185 | truth angle FOV=False | RGB render volume=False | H/V angles=nan/nan deg | truth distance=inf m
[INFO] [1791340945.588178387] [front_tof_monitor]: USV RGB=True | TOF=True | active=front_tof | range=2.07 m | depth ratio=0.99 | window rates RGB/ToF=1.00/0.57 | frame change=0.0202 | truth angle FOV=False | RGB render volume=False | H/V angles=nan/nan deg | truth distance=inf m
[WARN] [1791340945.888110646] [front_tof_monitor]: USV RGB=True | TOF=False | active=front_rgb_only | range=nan m | depth ratio=0.00 | window rates RGB/ToF=1.00/0.57 | frame change=0.0145 | truth angle FOV=False | RGB render volume=False | H/V angles=nan/nan deg | truth distance=inf m
[INFO] [1791340946.288672459] [front_tof_monitor]: USV RGB=True | TOF=True | active=front_tof | range=1.76 m | depth ratio=0.99 | window rates RGB/ToF=1.00/0.50 | frame change=0.0052 | truth angle FOV=False | RGB render volume=False | H/V angles=nan/nan deg | truth distance=inf m
[WARN] [1791340946.588359211] [front_tof_monitor]: USV RGB=True | TOF=False | active=front_rgb_only | range=nan m | depth ratio=0.00 | window rates RGB/ToF=1.00/0.51 | frame change=0.0098 | truth angle FOV=False | RGB render volume=False | H/V angles=nan/nan deg | truth distance=inf m
[INFO] [1791340946.788910128] [front_tof_monitor]: USV RGB=True | TOF=True | active=front_tof | range=1.58 m | depth ratio=0.99 | window rates RGB/ToF=1.00/0.52 | frame change=0.0157 | truth angle FOV=False | RGB render volume=False | H/V angles=nan/nan deg | truth distance=inf m
[WARN] [1791340946.988207944] [front_tof_monitor]: USV RGB=True | TOF=False | active=front_rgb_only | range=nan m | depth ratio=0.00 | window rates RGB/ToF=1.00/0.51 | frame change=0.0071 | truth angle FOV=False | RGB render volume=False | H/V angles=nan/nan deg | truth distance=inf m
[INFO] [1791340947.288879762] [front_tof_monitor]: USV RGB=True | TOF=True | active=front_tof | range=1.47 m | depth ratio=0.99 | window rates RGB/ToF=1.00/0.49 | frame change=0.0077 | truth angle FOV=False | RGB render volume=False | H/V angles=nan/nan deg | truth distance=inf m
[WARN] [1791340947.389796639] [front_tof_monitor]: USV RGB=True | TOF=False | active=front_rgb_only | range=nan m | depth ratio=0.00 | window rates RGB/ToF=1.00/0.46 | frame change=0.0046 | truth angle FOV=False | RGB render volume=False | H/V angles=nan/nan deg | truth distance=inf m
[INFO] [1791340947.888856297] [front_tof_monitor]: USV RGB=True | TOF=True | active=front_tof | range=1.48 m | depth ratio=0.99 | window rates RGB/ToF=1.00/0.45 | frame change=0.0053 | truth angle FOV=False | RGB render volume=False | H/V angles=nan/nan deg | truth distance=inf m
[WARN] [1791340947.988351165] [front_tof_monitor]: USV RGB=True | TOF=False | active=front_rgb_only | range=nan m | depth ratio=0.00 | window rates RGB/ToF=1.00/0.43 | frame change=0.0053 | truth angle FOV=False | RGB render volume=False | H/V angles=nan/nan deg | truth distance=inf m
[INFO] [1791340948.090053424] [front_tof_monitor]: USV RGB=True | TOF=True | active=front_tof | range=1.52 m | depth ratio=0.99 | window rates RGB/ToF=1.00/0.42 | frame change=0.0249 | truth angle FOV=False | RGB render volume=False | H/V angles=nan/nan deg | truth distance=inf m
[WARN] [1791340948.188643735] [front_tof_monitor]: USV RGB=True | TOF=False | active=front_rgb_only | range=nan m | depth ratio=0.00 | window rates RGB/ToF=1.00/0.41 | frame change=0.0249 | truth angle FOV=False | RGB render volume=False | H/V angles=nan/nan deg | truth distance=inf m
[INFO] [1791340948.589847434] [front_tof_monitor]: USV RGB=True | TOF=True | active=front_tof | range=1.65 m | depth ratio=0.99 | window rates RGB/ToF=1.00/0.41 | frame change=0.0097 | truth angle FOV=False | RGB render volume=False | H/V angles=nan/nan deg | truth distance=inf m
[WARN] [1791340948.688104499] [front_tof_monitor]: USV RGB=True | TOF=False | active=front_rgb_only | range=nan m | depth ratio=0.00 | window rates RGB/ToF=1.00/0.41 | frame change=0.0097 | truth angle FOV=False | RGB render volume=False | H/V angles=nan/nan deg | truth distance=inf m
[INFO] [1791340948.788572795] [front_tof_monitor]: USV RGB=True | TOF=True | active=front_tof | range=1.70 m | depth ratio=0.99 | window rates RGB/ToF=1.00/0.41 | frame change=0.0051 | truth angle FOV=False | RGB render volume=False | H/V angles=nan/nan deg | truth distance=inf m
[WARN] [1791340948.888191803] [front_tof_monitor]: USV RGB=True | TOF=False | active=front_rgb_only | range=nan m | depth ratio=0.00 | window rates RGB/ToF=1.00/0.39 | frame change=0.0051 | truth angle FOV=False | RGB render volume=False | H/V angles=nan/nan deg | truth distance=inf m
[INFO] [1791340948.988814548] [front_tof_monitor]: USV RGB=True | TOF=True | active=front_tof | range=1.75 m | depth ratio=0.99 | window rates RGB/ToF=1.00/0.40 | frame change=0.0110 | truth angle FOV=False | RGB render volume=False | H/V angles=nan/nan deg | truth distance=inf m
[WARN] [1791340949.290053190] [front_tof_monitor]: USV RGB=True | TOF=False | active=front_rgb_only | range=nan m | depth ratio=0.00 | window rates RGB/ToF=1.00/0.42 | frame change=0.0133 | truth angle FOV=False | RGB render volume=False | H/V angles=nan/nan deg | truth distance=inf m
[INFO] [1791340949.488405418] [front_tof_monitor]: USV RGB=True | TOF=True | active=front_tof | range=1.81 m | depth ratio=0.99 | window rates RGB/ToF=1.00/0.41 | frame change=0.0043 | truth angle FOV=False | RGB render volume=False | H/V angles=nan/nan deg | truth distance=inf m
[WARN] [1791340949.689393483] [front_tof_monitor]: USV RGB=True | TOF=False | active=front_rgb_only | range=nan m | depth ratio=0.00 | window rates RGB/ToF=1.00/0.40 | frame change=0.0023 | truth angle FOV=False | RGB render volume=False | H/V angles=nan/nan deg | truth distance=inf m
[INFO] [1791340949.788842254] [front_tof_monitor]: USV RGB=True | TOF=True | active=front_tof | range=1.80 m | depth ratio=0.99 | window rates RGB/ToF=1.00/0.41 | frame change=0.0023 | truth angle FOV=False | RGB render volume=False | H/V angles=nan/nan deg | truth distance=inf m
[WARN] [1791340949.887971526] [front_tof_monitor]: USV RGB=True | TOF=False | active=front_rgb_only | range=nan m | depth ratio=0.00 | window rates RGB/ToF=1.00/0.41 | frame change=0.0389 | truth angle FOV=False | RGB render volume=False | H/V angles=nan/nan deg | truth distance=inf m
[WARN] [1791340950.088649481] [front_tof_monitor]: USV RGB=False | TOF=False | active=none | range=nan m | depth ratio=0.00 | window rates RGB/ToF=0.98/0.38 | frame change=0.0407 | truth angle FOV=False | RGB render volume=False | H/V angles=nan/nan deg | truth distance=inf m
[INFO] [1791340950.789809638] [front_tof_monitor]: USV RGB=True | TOF=True | active=front_tof | range=2.13 m | depth ratio=0.99 | window rates RGB/ToF=0.86/0.35 | frame change=0.0307 | truth angle FOV=False | RGB render volume=False | H/V angles=nan/nan deg | truth distance=inf m
[WARN] [1791340950.988458489] [front_tof_monitor]: USV RGB=True | TOF=False | active=front_rgb_only | range=nan m | depth ratio=0.00 | window rates RGB/ToF=0.86/0.35 | frame change=0.0438 | truth angle FOV=False | RGB render volume=False | H/V angles=nan/nan deg | truth distance=inf m
[INFO] [1791340951.289204643] [front_tof_monitor]: USV RGB=True | TOF=True | active=front_tof | range=4.94 m | depth ratio=0.99 | window rates RGB/ToF=0.86/0.37 | frame change=0.1310 | truth angle FOV=False | RGB render volume=False | H/V angles=nan/nan deg | truth distance=inf m
[WARN] [1791340952.189923982] [front_tof_monitor]: USV RGB=True | TOF=False | active=front_rgb_only | range=nan m | depth ratio=0.00 | window rates RGB/ToF=0.86/0.44 | frame change=0.0081 | truth angle FOV=False | RGB render volume=False | H/V angles=nan/nan deg | truth distance=inf m
[INFO] [1791340952.288531769] [front_tof_monitor]: USV RGB=True | TOF=True | active=front_tof | range=7.19 m | depth ratio=1.00 | window rates RGB/ToF=0.86/0.45 | frame change=0.0081 | truth angle FOV=False | RGB render volume=False | H/V angles=nan/nan deg | truth distance=inf m
[WARN] [1791340952.388217431] [front_tof_monitor]: USV RGB=True | TOF=False | active=front_rgb_only | range=nan m | depth ratio=0.00 | window rates RGB/ToF=0.86/0.43 | frame change=0.0100 | truth angle FOV=False | RGB render volume=False | H/V angles=nan/nan deg | truth distance=inf m
[INFO] [1791340952.488689776] [front_tof_monitor]: USV RGB=True | TOF=True | active=front_tof | range=8.02 m | depth ratio=0.99 | window rates RGB/ToF=0.86/0.46 | frame change=0.0100 | truth angle FOV=False | RGB render volume=False | H/V angles=nan/nan deg | truth distance=inf m
[WARN] [1791340952.888273705] [front_tof_monitor]: USV RGB=True | TOF=False | active=front_rgb_only | range=nan m | depth ratio=0.00 | window rates RGB/ToF=0.86/0.51 | frame change=0.0169 | truth angle FOV=False | RGB render volume=False | H/V angles=nan/nan deg | truth distance=inf m
[INFO] [1791340952.988595268] [front_tof_monitor]: USV RGB=True | TOF=True | active=front_tof | range=9.57 m | depth ratio=0.99 | window rates RGB/ToF=0.86/0.52 | frame change=0.0169 | truth angle FOV=False | RGB render volume=False | H/V angles=nan/nan deg | truth distance=inf m
[WARN] [1791340953.089946675] [front_tof_monitor]: USV RGB=True | TOF=False | active=front_rgb_only | range=nan m | depth ratio=0.00 | window rates RGB/ToF=0.86/0.50 | frame change=0.0153 | truth angle FOV=False | RGB render volume=False | H/V angles=nan/nan deg | truth distance=inf m
[INFO] [1791340953.290384958] [front_tof_monitor]: USV RGB=True | TOF=True | active=front_tof | range=11.61 m | depth ratio=0.99 | window rates RGB/ToF=0.86/0.52 | frame change=0.0184 | truth angle FOV=False | RGB render volume=False | H/V angles=nan/nan deg | truth distance=inf m
[WARN] [1791340953.388405832] [front_tof_monitor]: USV RGB=True | TOF=False | active=front_rgb_only | range=nan m | depth ratio=0.00 | window rates RGB/ToF=0.86/0.51 | frame change=0.0184 | truth angle FOV=False | RGB render volume=False | H/V angles=nan/nan deg | truth distance=inf m
[INFO] [1791340953.789405143] [front_tof_monitor]: USV RGB=True | TOF=True | active=front_tof | range=12.23 m | depth ratio=0.99 | window rates RGB/ToF=0.86/0.50 | frame change=0.0252 | truth angle FOV=False | RGB render volume=False | H/V angles=nan/nan deg | truth distance=inf m
[WARN] [1791340954.188725431] [front_tof_monitor]: USV RGB=True | TOF=False | active=front_rgb_only | range=nan m | depth ratio=0.00 | window rates RGB/ToF=0.86/0.51 | frame change=0.0085 | truth angle FOV=False | RGB render volume=False | H/V angles=nan/nan deg | truth distance=inf m
[INFO] [1791340954.290020486] [front_tof_monitor]: USV RGB=True | TOF=True | active=front_tof | range=9.63 m | depth ratio=0.99 | window rates RGB/ToF=0.86/0.51 | frame change=0.0085 | truth angle FOV=False | RGB render volume=False | H/V angles=nan/nan deg | truth distance=inf m
[WARN] [1791340954.487799872] [front_tof_monitor]: USV RGB=True | TOF=False | active=front_rgb_only | range=nan m | depth ratio=0.00 | window rates RGB/ToF=0.86/0.53 | frame change=0.0045 | truth angle FOV=False | RGB render volume=False | H/V angles=nan/nan deg | truth distance=inf m
[INFO] [1791340954.688233447] [front_tof_monitor]: USV RGB=True | TOF=True | active=front_tof | range=9.38 m | depth ratio=0.97 | window rates RGB/ToF=0.86/0.51 | frame change=0.0040 | truth angle FOV=False | RGB render volume=False | H/V angles=nan/nan deg | truth distance=inf m
[WARN] [1791340955.088842066] [front_tof_monitor]: USV RGB=True | TOF=False | active=front_rgb_only | range=nan m | depth ratio=0.00 | window rates RGB/ToF=0.86/0.55 | frame change=0.0053 | truth angle FOV=False | RGB render volume=False | H/V angles=nan/nan deg | truth distance=inf m
[INFO] [1791340955.188248994] [front_tof_monitor]: USV RGB=True | TOF=True | active=front_tof | range=8.85 m | depth ratio=0.99 | window rates RGB/ToF=0.90/0.58 | frame change=0.0053 | truth angle FOV=False | RGB render volume=False | H/V angles=nan/nan deg | truth distance=inf m
[WARN] [1791340955.388635658] [front_tof_monitor]: USV RGB=True | TOF=False | active=front_rgb_only | range=nan m | depth ratio=0.00 | window rates RGB/ToF=0.92/0.59 | frame change=0.0163 | truth angle FOV=False | RGB render volume=False | H/V angles=nan/nan deg | truth distance=inf m
[INFO] [1791340955.588832519] [front_tof_monitor]: USV RGB=True | TOF=True | active=front_tof | range=8.97 m | depth ratio=0.99 | window rates RGB/ToF=0.96/0.61 | frame change=0.0321 | truth angle FOV=False | RGB render volume=False | H/V angles=nan/nan deg | truth distance=inf m
[WARN] [1791340955.689822711] [front_tof_monitor]: USV RGB=True | TOF=False | active=front_rgb_only | range=nan m | depth ratio=0.00 | window rates RGB/ToF=1.00/0.62 | frame change=0.0321 | truth angle FOV=False | RGB render volume=False | H/V angles=nan/nan deg | truth distance=inf m
[INFO] [1791340955.790136514] [front_tof_monitor]: USV RGB=True | TOF=True | active=front_tof | range=8.90 m | depth ratio=1.00 | window rates RGB/ToF=1.00/0.62 | frame change=0.0267 | truth angle FOV=False | RGB render volume=False | H/V angles=nan/nan deg | truth distance=inf m
[WARN] [1791340955.987720509] [front_tof_monitor]: USV RGB=True | TOF=False | active=front_rgb_only | range=nan m | depth ratio=0.00 | window rates RGB/ToF=1.00/0.61 | frame change=0.0128 | truth angle FOV=False | RGB render volume=False | H/V angles=nan/nan deg | truth distance=inf m
[INFO] [1791340956.190644301] [front_tof_monitor]: USV RGB=True | TOF=True | active=front_tof | range=8.04 m | depth ratio=1.00 | window rates RGB/ToF=1.00/0.64 | frame change=0.0073 | truth angle FOV=False | RGB render volume=False | H/V angles=nan/nan deg | truth distance=inf m
[WARN] [1791340956.388402907] [front_tof_monitor]: USV RGB=True | TOF=False | active=front_rgb_only | range=nan m | depth ratio=0.00 | window rates RGB/ToF=1.00/0.63 | frame change=0.0039 | truth angle FOV=False | RGB render volume=False | H/V angles=nan/nan deg | truth distance=inf m
[INFO] [1791340956.488810927] [front_tof_monitor]: USV RGB=True | TOF=True | active=front_tof | range=7.56 m | depth ratio=1.00 | window rates RGB/ToF=1.00/0.63 | frame change=0.0039 | truth angle FOV=False | RGB render volume=False | H/V angles=nan/nan deg | truth distance=inf m
[WARN] [1791340956.687825050] [front_tof_monitor]: USV RGB=True | TOF=False | active=front_rgb_only | range=nan m | depth ratio=0.00 | window rates RGB/ToF=1.00/0.61 | frame change=0.0065 | truth angle FOV=False | RGB render volume=False | H/V angles=nan/nan deg | truth distance=inf m
[INFO] [1791340957.188898955] [front_tof_monitor]: USV RGB=True | TOF=True | active=front_tof | range=6.23 m | depth ratio=0.99 | window rates RGB/ToF=1.00/0.53 | frame change=0.0069 | truth angle FOV=False | RGB render volume=False | H/V angles=nan/nan deg | truth distance=inf m
[WARN] [1791340957.388272192] [front_tof_monitor]: USV RGB=True | TOF=False | active=front_rgb_only | range=nan m | depth ratio=0.00 | window rates RGB/ToF=1.00/0.54 | frame change=0.0075 | truth angle FOV=False | RGB render volume=False | H/V angles=nan/nan deg | truth distance=inf m
[INFO] [1791340957.789119261] [front_tof_monitor]: USV RGB=True | TOF=True | active=front_tof | range=5.09 m | depth ratio=0.99 | window rates RGB/ToF=1.00/0.49 | frame change=0.0094 | truth angle FOV=False | RGB render volume=False | H/V angles=nan/nan deg | truth distance=inf m
[WARN] [1791340957.987546904] [front_tof_monitor]: USV RGB=True | TOF=False | active=front_rgb_only | range=nan m | depth ratio=0.00 | window rates RGB/ToF=1.00/0.49 | frame change=0.0082 | truth angle FOV=False | RGB render volume=False | H/V angles=nan/nan deg | truth distance=inf m
[INFO] [1791340958.488668757] [front_tof_monitor]: USV RGB=True | TOF=True | active=front_tof | range=3.58 m | depth ratio=0.99 | window rates RGB/ToF=1.00/0.47 | frame change=0.0020 | truth angle FOV=False | RGB render volume=False | H/V angles=nan/nan deg | truth distance=inf m
[WARN] [1791340958.688402537] [front_tof_monitor]: USV RGB=True | TOF=False | active=front_rgb_only | range=nan m | depth ratio=0.00 | window rates RGB/ToF=1.00/0.50 | frame change=0.0182 | truth angle FOV=False | RGB render volume=False | H/V angles=nan/nan deg | truth distance=inf m
[INFO] [1791340958.888054127] [front_tof_monitor]: USV RGB=True | TOF=True | active=front_tof | range=3.02 m | depth ratio=0.99 | window rates RGB/ToF=1.00/0.49 | frame change=0.0218 | truth angle FOV=False | RGB render volume=False | H/V angles=nan/nan deg | truth distance=inf m
[WARN] [1791340959.088526874] [front_tof_monitor]: USV RGB=True | TOF=False | active=front_rgb_only | range=nan m | depth ratio=0.00 | window rates RGB/ToF=1.00/0.47 | frame change=0.0257 | truth angle FOV=False | RGB render volume=False | H/V angles=nan/nan deg | truth distance=inf m
[INFO] [1791340959.387897523] [front_tof_monitor]: USV RGB=True | TOF=True | active=front_tof | range=2.20 m | depth ratio=0.99 | window rates RGB/ToF=1.00/0.45 | frame change=0.0147 | truth angle FOV=False | RGB render volume=False | H/V angles=nan/nan deg | truth distance=inf m
[WARN] [1791340959.788536843] [front_tof_monitor]: USV RGB=True | TOF=False | active=front_rgb_only | range=nan m | depth ratio=0.00 | window rates RGB/ToF=1.00/0.47 | frame change=0.0337 | truth angle FOV=False | RGB render volume=False | H/V angles=nan/nan deg | truth distance=inf m
[WARN] [1791340959.988542959] [front_tof_monitor]: USV RGB=False | TOF=False | active=none | range=nan m | depth ratio=0.00 | window rates RGB/ToF=0.98/0.43 | frame change=0.0240 | truth angle FOV=False | RGB render volume=False | H/V angles=nan/nan deg | truth distance=inf m
[WARN] [1791340960.588362018] [front_tof_monitor]: USV RGB=True | TOF=False | active=front_rgb_only | range=nan m | depth ratio=0.00 | window rates RGB/ToF=0.88/0.36 | frame change=0.0439 | truth angle FOV=False | RGB render volume=False | H/V angles=nan/nan deg | truth distance=inf m
[INFO] [1791340961.088690786] [front_tof_monitor]: USV RGB=True | TOF=True | active=front_tof | range=15.91 m | depth ratio=0.82 | window rates RGB/ToF=0.88/0.34 | frame change=0.2018 | truth angle FOV=False | RGB render volume=False | H/V angles=nan/nan deg | truth distance=inf m
[WARN] [1791340961.187766855] [front_tof_monitor]: USV RGB=True | TOF=False | active=front_rgb_only | range=nan m | depth ratio=0.00 | window rates RGB/ToF=0.88/0.33 | frame change=0.2018 | truth angle FOV=False | RGB render volume=False | H/V angles=nan/nan deg | truth distance=inf m
[INFO] [1791340961.288709994] [front_tof_monitor]: USV RGB=True | TOF=True | active=front_tof | range=7.12 m | depth ratio=0.99 | window rates RGB/ToF=0.88/0.33 | frame change=0.0572 | truth angle FOV=False | RGB render volume=False | H/V angles=nan/nan deg | truth distance=inf m
[WARN] [1791340961.889984533] [front_tof_monitor]: USV RGB=True | TOF=False | active=front_rgb_only | range=nan m | depth ratio=0.00 | window rates RGB/ToF=0.88/0.38 | frame change=0.0034 | truth angle FOV=False | RGB render volume=False | H/V angles=nan/nan deg | truth distance=inf m
[INFO] [1791340961.988615288] [front_tof_monitor]: USV RGB=True | TOF=True | active=front_tof | range=5.29 m | depth ratio=0.99 | window rates RGB/ToF=0.88/0.39 | frame change=0.0034 | truth angle FOV=False | RGB render volume=False | H/V angles=nan/nan deg | truth distance=inf m
[WARN] [1791340962.088033098] [front_tof_monitor]: USV RGB=True | TOF=False | active=front_rgb_only | range=nan m | depth ratio=0.00 | window rates RGB/ToF=0.88/0.39 | frame change=0.0035 | truth angle FOV=False | RGB render volume=False | H/V angles=nan/nan deg | truth distance=inf m
[INFO] [1791340962.388254587] [front_tof_monitor]: USV RGB=True | TOF=True | active=front_tof | range=5.59 m | depth ratio=0.98 | window rates RGB/ToF=0.88/0.37 | frame change=0.0027 | truth angle FOV=False | RGB render volume=False | H/V angles=nan/nan deg | truth distance=inf m
[WARN] [1791340962.487773890] [front_tof_monitor]: USV RGB=True | TOF=False | active=front_rgb_only | range=nan m | depth ratio=0.00 | window rates RGB/ToF=0.88/0.37 | frame change=0.0027 | truth angle FOV=False | RGB render volume=False | H/V angles=nan/nan deg | truth distance=inf m
[INFO] [1791340962.888530530] [front_tof_monitor]: USV RGB=True | TOF=True | active=front_tof | range=5.51 m | depth ratio=0.99 | window rates RGB/ToF=0.88/0.36 | frame change=0.0146 | truth angle FOV=False | RGB render volume=False | H/V angles=nan/nan deg | truth distance=inf m
[WARN] [1791340963.288000559] [front_tof_monitor]: USV RGB=True | TOF=False | active=front_rgb_only | range=nan m | depth ratio=0.00 | window rates RGB/ToF=0.88/0.42 | frame change=0.0115 | truth angle FOV=False | RGB render volume=False | H/V angles=nan/nan deg | truth distance=inf m
[INFO] [1791340963.988036474] [front_tof_monitor]: USV RGB=True | TOF=True | active=front_tof | range=4.48 m | depth ratio=0.99 | window rates RGB/ToF=0.88/0.36 | frame change=0.0094 | truth angle FOV=False | RGB render volume=False | H/V angles=nan/nan deg | truth distance=inf m
[WARN] [1791340964.487631713] [front_tof_monitor]: USV RGB=True | TOF=False | active=front_rgb_only | range=nan m | depth ratio=0.00 | window rates RGB/ToF=0.88/0.41 | frame change=0.0074 | truth angle FOV=False | RGB render volume=False | H/V angles=nan/nan deg | truth distance=inf m
[INFO] [1791340964.689369863] [front_tof_monitor]: USV RGB=True | TOF=True | active=front_tof | range=3.75 m | depth ratio=0.99 | window rates RGB/ToF=0.88/0.38 | frame change=0.0092 | truth angle FOV=False | RGB render volume=False | H/V angles=nan/nan deg | truth distance=inf m
[WARN] [1791340964.887758729] [front_tof_monitor]: USV RGB=True | TOF=False | active=front_rgb_only | range=nan m | depth ratio=0.00 | window rates RGB/ToF=0.88/0.39 | frame change=0.0109 | truth angle FOV=False | RGB render volume=False | H/V angles=nan/nan deg | truth distance=inf m
[INFO] [1791340964.988624916] [front_tof_monitor]: USV RGB=True | TOF=True | active=front_tof | range=3.49 m | depth ratio=0.99 | window rates RGB/ToF=0.88/0.41 | frame change=0.0109 | truth angle FOV=False | RGB render volume=False | H/V angles=nan/nan deg | truth distance=inf m
[WARN] [1791340965.087650230] [front_tof_monitor]: USV RGB=True | TOF=False | active=front_rgb_only | range=nan m | depth ratio=0.00 | window rates RGB/ToF=0.90/0.41 | frame change=0.0054 | truth angle FOV=False | RGB render volume=False | H/V angles=nan/nan deg | truth distance=inf m
[INFO] [1791340965.588895286] [front_tof_monitor]: USV RGB=True | TOF=True | active=front_tof | range=3.17 m | depth ratio=0.99 | window rates RGB/ToF=1.00/0.43 | frame change=0.0180 | truth angle FOV=False | RGB render volume=False | H/V angles=nan/nan deg | truth distance=inf m
[WARN] [1791340965.687653936] [front_tof_monitor]: USV RGB=True | TOF=False | active=front_rgb_only | range=nan m | depth ratio=0.00 | window rates RGB/ToF=1.00/0.43 | frame change=0.0180 | truth angle FOV=False | RGB render volume=False | H/V angles=nan/nan deg | truth distance=inf m
[INFO] [1791340966.288566565] [front_tof_monitor]: USV RGB=True | TOF=True | active=front_tof | range=2.45 m | depth ratio=0.99 | window rates RGB/ToF=1.00/0.43 | frame change=0.0193 | truth angle FOV=False | RGB render volume=False | H/V angles=nan/nan deg | truth distance=inf m
[WARN] [1791340966.988275673] [front_tof_monitor]: USV RGB=True | TOF=False | active=front_rgb_only | range=nan m | depth ratio=0.00 | window rates RGB/ToF=1.00/0.43 | frame change=0.0130 | truth angle FOV=False | RGB render volume=False | H/V angles=nan/nan deg | truth distance=inf m
[INFO] [1791340967.188787299] [front_tof_monitor]: USV RGB=True | TOF=True | active=front_tof | range=1.57 m | depth ratio=0.99 | window rates RGB/ToF=1.00/0.43 | frame change=0.0073 | truth angle FOV=False | RGB render volume=False | H/V angles=nan/nan deg | truth distance=inf m
[WARN] [1791340968.588537381] [front_tof_monitor]: USV RGB=True | TOF=False | active=front_rgb_only | range=nan m | depth ratio=0.00 | window rates RGB/ToF=1.00/0.60 | frame change=0.0049 | truth angle FOV=False | RGB render volume=False | H/V angles=nan/nan deg | truth distance=inf m
[INFO] [1791340968.689220561] [front_tof_monitor]: USV RGB=True | TOF=True | active=front_tof | range=1.61 m | depth ratio=0.99 | window rates RGB/ToF=1.00/0.62 | frame change=0.0049 | truth angle FOV=False | RGB render volume=False | H/V angles=nan/nan deg | truth distance=inf m
[WARN] [1791340968.887936870] [front_tof_monitor]: USV RGB=True | TOF=False | active=front_rgb_only | range=nan m | depth ratio=0.00 | window rates RGB/ToF=1.00/0.64 | frame change=0.0036 | truth angle FOV=False | RGB render volume=False | H/V angles=nan/nan deg | truth distance=inf m
[INFO] [1791340969.088419245] [front_tof_monitor]: USV RGB=True | TOF=True | active=front_tof | range=1.73 m | depth ratio=0.99 | window rates RGB/ToF=1.00/0.62 | frame change=0.0040 | truth angle FOV=False | RGB render volume=False | H/V angles=nan/nan deg | truth distance=inf m
[WARN] [1791340969.688004034] [front_tof_monitor]: USV RGB=True | TOF=False | active=front_rgb_only | range=nan m | depth ratio=0.00 | window rates RGB/ToF=1.00/0.65 | frame change=0.0078 | truth angle FOV=False | RGB render volume=False | H/V angles=nan/nan deg | truth distance=inf m
[INFO] [1791340969.788172449] [front_tof_monitor]: USV RGB=True | TOF=True | active=front_tof | range=1.88 m | depth ratio=0.99 | window rates RGB/ToF=1.00/0.65 | frame change=0.0065 | truth angle FOV=False | RGB render volume=False | H/V angles=nan/nan deg | truth distance=inf m
[WARN] [1791340970.487955029] [front_tof_monitor]: USV RGB=True | TOF=False | active=front_rgb_only | range=nan m | depth ratio=0.00 | window rates RGB/ToF=1.00/0.74 | frame change=0.0056 | truth angle FOV=False | RGB render volume=False | H/V angles=nan/nan deg | truth distance=inf m
[INFO] [1791340970.588961753] [front_tof_monitor]: USV RGB=True | TOF=True | active=front_tof | range=1.86 m | depth ratio=0.99 | window rates RGB/ToF=1.00/0.74 | frame change=0.0056 | truth angle FOV=False | RGB render volume=False | H/V angles=nan/nan deg | truth distance=inf m
[WARN] [1791340970.988152170] [front_tof_monitor]: USV RGB=True | TOF=False | active=front_rgb_only | range=nan m | depth ratio=0.00 | window rates RGB/ToF=1.00/0.80 | frame change=0.1007 | truth angle FOV=False | RGB render volume=False | H/V angles=nan/nan deg | truth distance=inf m
[INFO] [1791340971.388354726] [front_tof_monitor]: USV RGB=True | TOF=True | active=front_tof | range=5.70 m | depth ratio=0.99 | window rates RGB/ToF=1.00/0.78 | frame change=0.1389 | truth angle FOV=False | RGB render volume=False | H/V angles=nan/nan deg | truth distance=inf m
[WARN] [1791340971.587863701] [front_tof_monitor]: USV RGB=True | TOF=False | active=front_rgb_only | range=nan m | depth ratio=0.00 | window rates RGB/ToF=1.00/0.76 | frame change=0.0937 | truth angle FOV=False | RGB render volume=False | H/V angles=nan/nan deg | truth distance=inf m
[INFO] [1791340972.088772053] [front_tof_monitor]: USV RGB=True | TOF=True | active=front_tof | range=4.96 m | depth ratio=0.98 | window rates RGB/ToF=1.00/0.72 | frame change=0.0625 | truth angle FOV=False | RGB render volume=False | H/V angles=nan/nan deg | truth distance=inf m
[WARN] [1791340972.288689235] [front_tof_monitor]: USV RGB=True | TOF=False | active=front_rgb_only | range=nan m | depth ratio=0.00 | window rates RGB/ToF=1.00/0.70 | frame change=0.0236 | truth angle FOV=False | RGB render volume=False | H/V angles=nan/nan deg | truth distance=inf m
[INFO] [1791340972.388407708] [front_tof_monitor]: USV RGB=True | TOF=True | active=front_tof | range=2.74 m | depth ratio=0.99 | window rates RGB/ToF=1.00/0.71 | frame change=0.0236 | truth angle FOV=False | RGB render volume=False | H/V angles=nan/nan deg | truth distance=inf m
[WARN] [1791340972.489236221] [front_tof_monitor]: USV RGB=True | TOF=False | active=front_rgb_only | range=nan m | depth ratio=0.00 | window rates RGB/ToF=1.00/0.68 | frame change=0.0136 | truth angle FOV=False | RGB render volume=False | H/V angles=nan/nan deg | truth distance=inf m
[INFO] [1791340972.590737478] [front_tof_monitor]: USV RGB=True | TOF=True | active=front_tof | range=2.53 m | depth ratio=0.99 | window rates RGB/ToF=1.00/0.69 | frame change=0.0136 | truth angle FOV=False | RGB render volume=False | H/V angles=nan/nan deg | truth distance=inf m
[WARN] [1791340972.688419379] [front_tof_monitor]: USV RGB=True | TOF=False | active=front_rgb_only | range=nan m | depth ratio=0.00 | window rates RGB/ToF=1.00/0.66 | frame change=0.0255 | truth angle FOV=False | RGB render volume=False | H/V angles=nan/nan deg | truth distance=inf m
[INFO] [1791340973.188214382] [front_tof_monitor]: USV RGB=True | TOF=True | active=front_tof | range=2.12 m | depth ratio=0.99 | window rates RGB/ToF=1.00/0.59 | frame change=0.0407 | truth angle FOV=False | RGB render volume=False | H/V angles=nan/nan deg | truth distance=inf m
[WARN] [1791340973.987765691] [front_tof_monitor]: USV RGB=True | TOF=False | active=front_rgb_only | range=nan m | depth ratio=0.00 | window rates RGB/ToF=1.00/0.61 | frame change=0.0254 | truth angle FOV=False | RGB render volume=False | H/V angles=nan/nan deg | truth distance=inf m
[INFO] [1791340974.689547776] [front_tof_monitor]: USV RGB=True | TOF=True | active=front_tof | range=3.70 m | depth ratio=0.99 | window rates RGB/ToF=1.00/0.52 | frame change=0.0353 | truth angle FOV=False | RGB render volume=False | H/V angles=nan/nan deg | truth distance=inf m
[WARN] [1791340974.987838641] [front_tof_monitor]: USV RGB=True | TOF=False | active=front_rgb_only | range=nan m | depth ratio=0.00 | window rates RGB/ToF=1.00/0.51 | frame change=0.0357 | truth angle FOV=False | RGB render volume=False | H/V angles=nan/nan deg | truth distance=inf m
[INFO] [1791340975.888314633] [front_tof_monitor]: USV RGB=True | TOF=True | active=front_tof | range=4.31 m | depth ratio=0.99 | window rates RGB/ToF=1.00/0.37 | frame change=0.0142 | truth angle FOV=False | RGB render volume=False | H/V angles=nan/nan deg | truth distance=inf m
[WARN] [1791340976.087981051] [front_tof_monitor]: USV RGB=True | TOF=False | active=front_rgb_only | range=nan m | depth ratio=0.00 | window rates RGB/ToF=1.00/0.38 | frame change=0.0150 | truth angle FOV=False | RGB render volume=False | H/V angles=nan/nan deg | truth distance=inf m
[INFO] [1791340976.188321694] [front_tof_monitor]: USV RGB=True | TOF=True | active=front_tof | range=4.10 m | depth ratio=0.99 | window rates RGB/ToF=1.00/0.40 | frame change=0.0150 | truth angle FOV=False | RGB render volume=False | H/V angles=nan/nan deg | truth distance=inf m
[WARN] [1791340976.588274039] [front_tof_monitor]: USV RGB=True | TOF=False | active=front_rgb_only | range=nan m | depth ratio=0.00 | window rates RGB/ToF=1.00/0.41 | frame change=0.0238 | truth angle FOV=False | RGB render volume=False | H/V angles=nan/nan deg | truth distance=inf m
[INFO] [1791340976.889045788] [front_tof_monitor]: USV RGB=True | TOF=True | active=front_tof | range=4.25 m | depth ratio=0.99 | window rates RGB/ToF=1.00/0.44 | frame change=0.0423 | truth angle FOV=False | RGB render volume=False | H/V angles=nan/nan deg | truth distance=inf m
[WARN] [1791340976.987858698] [front_tof_monitor]: USV RGB=True | TOF=False | active=front_rgb_only | range=nan m | depth ratio=0.00 | window rates RGB/ToF=1.00/0.44 | frame change=0.0423 | truth angle FOV=False | RGB render volume=False | H/V angles=nan/nan deg | truth distance=inf m
[INFO] [1791340977.089721723] [front_tof_monitor]: USV RGB=True | TOF=True | active=front_tof | range=3.35 m | depth ratio=0.99 | window rates RGB/ToF=1.00/0.45 | frame change=0.0343 | truth angle FOV=False | RGB render volume=False | H/V angles=nan/nan deg | truth distance=inf m
[WARN] [1791340977.487883100] [front_tof_monitor]: USV RGB=True | TOF=False | active=front_rgb_only | range=nan m | depth ratio=0.00 | window rates RGB/ToF=1.00/0.45 | frame change=0.0263 | truth angle FOV=False | RGB render volume=False | H/V angles=nan/nan deg | truth distance=inf m
[INFO] [1791340977.588873692] [front_tof_monitor]: USV RGB=True | TOF=True | active=front_tof | range=2.51 m | depth ratio=0.99 | window rates RGB/ToF=1.00/0.47 | frame change=0.0263 | truth angle FOV=False | RGB render volume=False | H/V angles=nan/nan deg | truth distance=inf m
[WARN] [1791340977.688609761] [front_tof_monitor]: USV RGB=True | TOF=False | active=front_rgb_only | range=nan m | depth ratio=0.00 | window rates RGB/ToF=1.00/0.45 | frame change=0.0070 | truth angle FOV=False | RGB render volume=False | H/V angles=nan/nan deg | truth distance=inf m
[INFO] [1791340977.789661745] [front_tof_monitor]: USV RGB=True | TOF=True | active=front_tof | range=2.17 m | depth ratio=0.99 | window rates RGB/ToF=1.00/0.48 | frame change=0.0070 | truth angle FOV=False | RGB render volume=False | H/V angles=nan/nan deg | truth distance=inf m
[WARN] [1791340977.888102886] [front_tof_monitor]: USV RGB=True | TOF=False | active=front_rgb_only | range=nan m | depth ratio=0.00 | window rates RGB/ToF=1.00/0.48 | frame change=0.0066 | truth angle FOV=False | RGB render volume=False | H/V angles=nan/nan deg | truth distance=inf m
[INFO] [1791340978.188198025] [front_tof_monitor]: USV RGB=True | TOF=True | active=front_tof | range=1.83 m | depth ratio=0.99 | window rates RGB/ToF=1.00/0.49 | frame change=0.0146 | truth angle FOV=False | RGB render volume=False | H/V angles=nan/nan deg | truth distance=inf m
[WARN] [1791340978.388495587] [front_tof_monitor]: USV RGB=True | TOF=False | active=front_rgb_only | range=nan m | depth ratio=0.00 | window rates RGB/ToF=1.00/0.47 | frame change=0.0111 | truth angle FOV=False | RGB render volume=False | H/V angles=nan/nan deg | truth distance=inf m
[INFO] [1791340978.488379059] [front_tof_monitor]: USV RGB=True | TOF=True | active=front_tof | range=1.72 m | depth ratio=0.99 | window rates RGB/ToF=1.00/0.47 | frame change=0.0111 | truth angle FOV=False | RGB render volume=False | H/V angles=nan/nan deg | truth distance=inf m
[WARN] [1791340978.588520304] [front_tof_monitor]: USV RGB=True | TOF=False | active=front_rgb_only | range=nan m | depth ratio=0.00 | window rates RGB/ToF=1.00/0.45 | frame change=0.0121 | truth angle FOV=False | RGB render volume=False | H/V angles=nan/nan deg | truth distance=inf m
[INFO] [1791340978.988008635] [front_tof_monitor]: USV RGB=True | TOF=True | active=front_tof | range=1.63 m | depth ratio=0.99 | window rates RGB/ToF=1.00/0.40 | frame change=0.1397 | truth angle FOV=False | RGB render volume=False | H/V angles=nan/nan deg | truth distance=inf m
[WARN] [1791340979.088771969] [front_tof_monitor]: USV RGB=True | TOF=False | active=front_rgb_only | range=nan m | depth ratio=0.00 | window rates RGB/ToF=1.00/0.40 | frame change=0.0306 | truth angle FOV=False | RGB render volume=False | H/V angles=nan/nan deg | truth distance=inf m
[INFO] [1791340979.288732870] [front_tof_monitor]: USV RGB=True | TOF=True | active=front_tof | range=1.26 m | depth ratio=0.99 | window rates RGB/ToF=1.00/0.41 | frame change=0.0194 | truth angle FOV=False | RGB render volume=False | H/V angles=nan/nan deg | truth distance=inf m
[WARN] [1791340979.489742938] [front_tof_monitor]: USV RGB=True | TOF=False | active=front_rgb_only | range=nan m | depth ratio=0.00 | window rates RGB/ToF=1.00/0.44 | frame change=0.0555 | truth angle FOV=False | RGB render volume=False | H/V angles=nan/nan deg | truth distance=inf m
[INFO] [1791340979.588881965] [front_tof_monitor]: USV RGB=True | TOF=True | active=front_tof | range=0.94 m | depth ratio=0.99 | window rates RGB/ToF=1.00/0.45 | frame change=0.0555 | truth angle FOV=False | RGB render volume=False | H/V angles=nan/nan deg | truth distance=inf m
[WARN] [1791340979.788490930] [front_tof_monitor]: USV RGB=False | TOF=False | active=none | range=nan m | depth ratio=0.00 | window rates RGB/ToF=0.98/0.44 | frame change=0.1774 | truth angle FOV=False | RGB render volume=False | H/V angles=nan/nan deg | truth distance=inf m
[INFO] [1791340982.488935333] [front_tof_monitor]: USV RGB=True | TOF=True | active=front_tof | range=4.28 m | depth ratio=0.99 | window rates RGB/ToF=0.46/0.22 | frame change=0.0187 | truth angle FOV=False | RGB render volume=False | H/V angles=nan/nan deg | truth distance=inf m
[WARN] [1791340982.889261298] [front_tof_monitor]: USV RGB=True | TOF=False | active=front_rgb_only | range=nan m | depth ratio=0.00 | window rates RGB/ToF=0.46/0.24 | frame change=0.0083 | truth angle FOV=False | RGB render volume=False | H/V angles=nan/nan deg | truth distance=inf m
[INFO] [1791340982.989690292] [front_tof_monitor]: USV RGB=True | TOF=True | active=front_tof | range=5.62 m | depth ratio=0.99 | window rates RGB/ToF=0.46/0.26 | frame change=0.0083 | truth angle FOV=False | RGB render volume=False | H/V angles=nan/nan deg | truth distance=inf m
[WARN] [1791340983.087860357] [front_tof_monitor]: USV RGB=True | TOF=False | active=front_rgb_only | range=nan m | depth ratio=0.00 | window rates RGB/ToF=0.47/0.25 | frame change=0.0403 | truth angle FOV=False | RGB render volume=False | H/V angles=nan/nan deg | truth distance=inf m
[INFO] [1791340983.188049394] [front_tof_monitor]: USV RGB=True | TOF=True | active=front_tof | range=6.65 m | depth ratio=0.99 | window rates RGB/ToF=0.47/0.27 | frame change=0.0403 | truth angle FOV=False | RGB render volume=False | H/V angles=nan/nan deg | truth distance=inf m
[WARN] [1791340983.787986590] [front_tof_monitor]: USV RGB=True | TOF=False | active=front_rgb_only | range=nan m | depth ratio=0.00 | window rates RGB/ToF=0.46/0.32 | frame change=0.0331 | truth angle FOV=False | RGB render volume=False | H/V angles=nan/nan deg | truth distance=inf m
[INFO] [1791340983.889387571] [front_tof_monitor]: USV RGB=True | TOF=True | active=front_tof | range=7.02 m | depth ratio=1.00 | window rates RGB/ToF=0.46/0.34 | frame change=0.0331 | truth angle FOV=False | RGB render volume=False | H/V angles=nan/nan deg | truth distance=inf m
[WARN] [1791340984.089302131] [front_tof_monitor]: USV RGB=True | TOF=False | active=front_rgb_only | range=nan m | depth ratio=0.00 | window rates RGB/ToF=0.47/0.33 | frame change=0.0057 | truth angle FOV=False | RGB render volume=False | H/V angles=nan/nan deg | truth distance=inf m
[INFO] [1791340984.188824736] [front_tof_monitor]: USV RGB=True | TOF=True | active=front_tof | range=7.09 m | depth ratio=0.99 | window rates RGB/ToF=0.46/0.36 | frame change=0.0057 | truth angle FOV=False | RGB render volume=False | H/V angles=nan/nan deg | truth distance=inf m
[WARN] [1791340984.288601967] [front_tof_monitor]: USV RGB=True | TOF=False | active=front_rgb_only | range=nan m | depth ratio=0.00 | window rates RGB/ToF=0.46/0.34 | frame change=0.0035 | truth angle FOV=False | RGB render volume=False | H/V angles=nan/nan deg | truth distance=inf m
[INFO] [1791340984.690366141] [front_tof_monitor]: USV RGB=True | TOF=True | active=front_tof | range=7.01 m | depth ratio=0.99 | window rates RGB/ToF=0.46/0.30 | frame change=0.0032 | truth angle FOV=False | RGB render volume=False | H/V angles=nan/nan deg | truth distance=inf m
[WARN] [1791340985.388346346] [front_tof_monitor]: USV RGB=True | TOF=False | active=front_rgb_only | range=nan m | depth ratio=0.00 | window rates RGB/ToF=0.60/0.42 | frame change=0.0302 | truth angle FOV=False | RGB render volume=False | H/V angles=nan/nan deg | truth distance=inf m
[INFO] [1791340985.687980945] [front_tof_monitor]: USV RGB=True | TOF=True | active=front_tof | range=6.66 m | depth ratio=0.99 | window rates RGB/ToF=0.65/0.43 | frame change=0.0261 | truth angle FOV=False | RGB render volume=False | H/V angles=nan/nan deg | truth distance=inf m
[WARN] [1791340985.888410131] [front_tof_monitor]: USV RGB=True | TOF=False | active=front_rgb_only | range=nan m | depth ratio=0.00 | window rates RGB/ToF=0.70/0.46 | frame change=0.0075 | truth angle FOV=False | RGB render volume=False | H/V angles=nan/nan deg | truth distance=inf m
[INFO] [1791340986.188548329] [front_tof_monitor]: USV RGB=True | TOF=True | active=front_tof | range=5.87 m | depth ratio=1.00 | window rates RGB/ToF=0.75/0.47 | frame change=0.0119 | truth angle FOV=False | RGB render volume=False | H/V angles=nan/nan deg | truth distance=inf m
[WARN] [1791340986.588154676] [front_tof_monitor]: USV RGB=True | TOF=False | active=front_rgb_only | range=nan m | depth ratio=0.00 | window rates RGB/ToF=0.82/0.53 | frame change=0.0002 | truth angle FOV=False | RGB render volume=False | H/V angles=nan/nan deg | truth distance=inf m
[INFO] [1791340986.788848005] [front_tof_monitor]: USV RGB=True | TOF=True | active=front_tof | range=4.84 m | depth ratio=0.99 | window rates RGB/ToF=0.88/0.56 | frame change=0.0022 | truth angle FOV=False | RGB render volume=False | H/V angles=nan/nan deg | truth distance=inf m
[WARN] [1791340986.989405954] [front_tof_monitor]: USV RGB=True | TOF=False | active=front_rgb_only | range=nan m | depth ratio=0.00 | window rates RGB/ToF=0.92/0.58 | frame change=0.0022 | truth angle FOV=False | RGB render volume=False | H/V angles=nan/nan deg | truth distance=inf m
[INFO] [1791340987.388229342] [front_tof_monitor]: USV RGB=True | TOF=True | active=front_tof | range=3.54 m | depth ratio=0.98 | window rates RGB/ToF=1.00/0.60 | frame change=0.0080 | truth angle FOV=False | RGB render volume=False | H/V angles=nan/nan deg | truth distance=inf m
[WARN] [1791340987.587728320] [front_tof_monitor]: USV RGB=True | TOF=False | active=front_rgb_only | range=nan m | depth ratio=0.00 | window rates RGB/ToF=1.00/0.59 | frame change=0.0285 | truth angle FOV=False | RGB render volume=False | H/V angles=nan/nan deg | truth distance=inf m
[INFO] [1791340987.788017193] [front_tof_monitor]: USV RGB=True | TOF=True | active=front_tof | range=2.97 m | depth ratio=0.99 | window rates RGB/ToF=1.00/0.57 | frame change=0.0249 | truth angle FOV=False | RGB render volume=False | H/V angles=nan/nan deg | truth distance=inf m
[WARN] [1791340987.988342967] [front_tof_monitor]: USV RGB=True | TOF=False | active=front_rgb_only | range=nan m | depth ratio=0.00 | window rates RGB/ToF=1.00/0.57 | frame change=0.0117 | truth angle FOV=False | RGB render volume=False | H/V angles=nan/nan deg | truth distance=inf m
[INFO] [1791340988.088762180] [front_tof_monitor]: USV RGB=True | TOF=True | active=front_tof | range=2.46 m | depth ratio=0.99 | window rates RGB/ToF=1.00/0.58 | frame change=0.0117 | truth angle FOV=False | RGB render volume=False | H/V angles=nan/nan deg | truth distance=inf m
[WARN] [1791340988.488217779] [front_tof_monitor]: USV RGB=True | TOF=False | active=front_rgb_only | range=nan m | depth ratio=0.00 | window rates RGB/ToF=1.00/0.57 | frame change=0.0130 | truth angle FOV=False | RGB render volume=False | H/V angles=nan/nan deg | truth distance=inf m
[INFO] [1791340988.588020756] [front_tof_monitor]: USV RGB=True | TOF=True | active=front_tof | range=1.91 m | depth ratio=0.99 | window rates RGB/ToF=1.00/0.57 | frame change=0.0130 | truth angle FOV=False | RGB render volume=False | H/V angles=nan/nan deg | truth distance=inf m
[WARN] [1791340988.988395730] [front_tof_monitor]: USV RGB=True | TOF=False | active=front_rgb_only | range=nan m | depth ratio=0.00 | window rates RGB/ToF=1.00/0.57 | frame change=0.0116 | truth angle FOV=False | RGB render volume=False | H/V angles=nan/nan deg | truth distance=inf m
[INFO] [1791340989.291258474] [front_tof_monitor]: USV RGB=True | TOF=True | active=front_tof | range=1.77 m | depth ratio=0.99 | window rates RGB/ToF=1.00/0.56 | frame change=0.0196 | truth angle FOV=False | RGB render volume=False | H/V angles=nan/nan deg | truth distance=inf m
